,dia,hora,AOD,n,null,tipo
3,1/1/2015,20:30:00,NA,3,3,MYD
1,1/1/2015,17:20:00,0.6885,4,2,MOD
5,2/1/2015,19:35:00,NA,1,1,MYD
8,3/1/2015,20:15:00,NA,3,3,MYD
6,3/1/2015,17:10:00,NA,4,4,MOD
10,4/1/2015,19:20:00,NA,2,2,MYD
9,4/1/2015,17:50:00,NA,2,2,MOD
14,5/1/2015,20:05:00,NA,4,4,MYD
11,5/1/2015,16:55:00,NA,4,4,MOD
16,6/1/2015,17:40:00,NA,2,2,MOD
19,7/1/2015,19:50:00,0.171,3,2,MYD
18,7/1/2015,16:45:00,NA,2,2,MOD
23,8/1/2015,20:35:00,NA,1,1,MYD
21,8/1/2015,17:25:00,NA,3,3,MOD
25,9/1/2015,19:40:00,NA,3,3,MYD
23,9/1/2015,16:30:00,NA,3,3,MOD
28,10/1/2015,20:20:00,NA,2,2,MYD
27,10/1/2015,17:15:00,0.379,4,2,MOD
30,11/1/2015,19:25:00,0.3325,2,0,MYD
33,12/1/2015,20:10:00,0.53467,3,0,MYD
33,12/1/2015,17:05:00,0.286,5,3,MOD
37,13/1/2015,17:45:00,0.211,3,1,MOD
39,14/1/2015,20:00:00,0.375,4,1,MYD
39,14/1/2015,16:50:00,0.377,2,1,MOD
42,15/1/2015,20:40:00,NA,2,2,MYD
44,15/1/2015,17:35:00,0.472,2,1,MOD
44,16/1/2015,19:45:00,NA,2,2,MYD
46,16/1/2015,16:40:00,NA,2,2,MOD
48,17/1/2015,20:30:00,NA,1,1,MYD
49,17/1/2015,17:20:00,0.56567,3,0,MOD
50,18/1/2015,19:35:00,0.5355,2,0,MYD
53,19/1/2015,20:15:00,NA,2,2,MYD
55,19/1/2015,17:10:00,0.4795,4,2,MOD
54,20/1/2015,19:20:00,NA,2,2,MYD
58,21/1/2015,20:05:00,NA,4,4,MYD
60,21/1/2015,16:55:00,0.439,2,1,MOD
65,22/1/2015,17:40:00,0.168,1,0,MOD
63,23/1/2015,19:50:00,0.196,4,2,MYD
66,24/1/2015,20:35:00,NA,2,2,MYD
70,24/1/2015,17:25:00,0.2475,4,2,MOD
68,25/1/2015,19:40:00,NA,3,3,MYD
72,25/1/2015,16:30:00,NA,1,1,MOD
71,26/1/2015,20:20:00,NA,1,1,MYD
76,26/1/2015,17:15:00,NA,4,4,MOD
73,27/1/2015,19:25:00,0.225,2,1,MYD
77,28/1/2015,20:10:00,0.21433,4,1,MYD
82,28/1/2015,17:05:00,0.265,3,2,MOD
86,29/1/2015,17:45:00,0.064,1,0,MOD
83,30/1/2015,20:00:00,0.43767,4,1,MYD
88,30/1/2015,16:50:00,NA,2,2,MOD
86,31/1/2015,20:40:00,NA,2,2,MYD
93,31/1/2015,17:35:00,NA,1,1,MOD
87,1/2/2015,19:45:00,NA,4,4,MYD
95,1/2/2015,16:40:00,NA,2,2,MOD
98,2/2/2015,17:20:00,NA,4,4,MOD
93,3/2/2015,19:35:00,NA,2,2,MYD
96,4/2/2015,20:15:00,NA,2,2,MYD
104,4/2/2015,17:10:00,0.22,4,3,MOD
97,5/2/2015,19:20:00,NA,1,1,MYD
101,6/2/2015,20:05:00,0.3385,4,2,MYD
109,6/2/2015,16:55:00,NA,3,3,MOD
114,7/2/2015,17:40:00,0.1005,2,0,MOD
106,8/2/2015,19:50:00,0.4075,3,1,MYD
110,9/2/2015,20:35:00,0.1895,3,1,MYD
119,9/2/2015,17:25:00,0.10233,4,1,MOD
112,10/2/2015,19:40:00,0.391,2,0,MYD
121,10/2/2015,16:30:00,0.247,1,0,MOD
116,11/2/2015,20:25:00,NA,2,2,MYD
125,11/2/2015,17:15:00,0.348,4,1,MOD
117,12/2/2015,19:25:00,NA,3,3,MYD
121,13/2/2015,20:10:00,NA,2,2,MYD
130,13/2/2015,17:05:00,NA,1,1,MOD
134,14/2/2015,17:45:00,NA,2,2,MOD
127,15/2/2015,20:00:00,NA,5,5,MYD
136,15/2/2015,16:50:00,NA,3,3,MOD
130,16/2/2015,20:40:00,NA,2,2,MYD
141,16/2/2015,17:35:00,0.179,1,0,MOD
131,17/2/2015,19:45:00,NA,3,3,MYD
135,18/2/2015,20:30:00,NA,2,2,MYD
146,18/2/2015,17:20:00,0.28,4,1,MOD
137,19/2/2015,19:35:00,0.479,2,0,MYD
140,20/2/2015,20:15:00,NA,2,2,MYD
149,20/2/2015,17:10:00,0.456,3,2,MOD
141,21/2/2015,19:20:00,NA,1,1,MYD
152,21/2/2015,17:50:00,0.314,1,0,MOD
145,22/2/2015,20:05:00,0.526,4,3,MYD
154,22/2/2015,16:55:00,NA,2,2,MOD
159,23/2/2015,17:40:00,0.103,3,0,MOD
150,24/2/2015,19:50:00,0.298,4,1,MYD
161,24/2/2015,16:45:00,0.278,3,2,MOD
153,25/2/2015,20:35:00,NA,2,2,MYD
155,26/2/2015,19:40:00,0.212,2,1,MYD
164,26/2/2015,16:30:00,NA,1,1,MOD
158,27/2/2015,20:20:00,NA,3,3,MYD
168,27/2/2015,17:15:00,0.297,4,2,MOD
160,28/2/2015,19:25:00,0.217,1,0,MYD
171,28/2/2015,18:00:00,0.127,2,0,MOD
164,1/3/2015,20:10:00,NA,3,3,MYD
173,1/3/2015,17:05:00,0.476,4,3,MOD
166,2/3/2015,19:15:00,NA,1,1,MYD
177,2/3/2015,17:45:00,0.104,2,0,MOD
170,3/3/2015,20:00:00,0.55167,4,1,MYD
179,3/3/2015,16:50:00,NA,1,1,MOD
183,4/3/2015,17:35:00,0.3515,2,0,MOD
174,5/3/2015,19:45:00,NA,5,5,MYD
178,6/3/2015,20:30:00,NA,2,2,MYD
188,6/3/2015,17:20:00,0.45033,4,1,MOD
180,7/3/2015,19:35:00,NA,3,3,MYD
183,8/3/2015,20:15:00,NA,3,3,MYD
193,8/3/2015,17:10:00,0.492,3,2,MOD
184,9/3/2015,19:20:00,NA,2,2,MYD
197,9/3/2015,17:50:00,0.304,2,0,MOD
188,10/3/2015,20:05:00,NA,4,4,MYD
199,10/3/2015,16:55:00,NA,2,2,MOD
204,11/3/2015,17:40:00,NA,1,1,MOD
193,12/3/2015,19:50:00,NA,4,4,MYD
206,12/3/2015,16:45:00,NA,2,2,MOD
196,13/3/2015,20:35:00,NA,3,3,MYD
209,13/3/2015,17:25:00,NA,5,5,MOD
198,14/3/2015,19:40:00,NA,4,4,MYD
211,14/3/2015,16:30:00,NA,2,2,MOD
201,15/3/2015,20:20:00,NA,2,2,MYD
215,15/3/2015,17:15:00,NA,4,4,MOD
203,16/3/2015,19:25:00,NA,1,1,MYD
207,17/3/2015,20:10:00,NA,3,3,MYD
220,17/3/2015,17:05:00,NA,3,3,MOD
224,18/3/2015,17:45:00,NA,3,3,MOD
213,19/3/2015,20:00:00,NA,4,4,MYD
226,19/3/2015,16:50:00,0.6855,3,1,MOD
216,20/3/2015,20:40:00,NA,2,2,MYD
231,20/3/2015,17:35:00,NA,3,3,MOD
217,21/3/2015,19:45:00,NA,4,4,MYD
233,21/3/2015,16:40:00,0.635,2,1,MOD
221,22/3/2015,20:30:00,NA,1,1,MYD
236,22/3/2015,17:20:00,NA,4,4,MOD
223,23/3/2015,19:35:00,NA,3,3,MYD
226,24/3/2015,20:15:00,NA,2,2,MYD
242,24/3/2015,17:10:00,NA,4,4,MOD
245,25/3/2015,17:50:00,NA,1,1,MOD
231,26/3/2015,20:05:00,NA,3,3,MYD
247,26/3/2015,16:55:00,NA,2,2,MOD
252,27/3/2015,17:40:00,NA,1,1,MOD
236,28/3/2015,19:50:00,NA,4,4,MYD
254,28/3/2015,16:45:00,NA,1,1,MOD
257,29/3/2015,17:25:00,NA,3,3,MOD
241,30/3/2015,19:40:00,0.161,2,1,MYD
259,30/3/2015,16:30:00,0.258,3,2,MOD
244,31/3/2015,20:20:00,0.62,3,2,MYD
263,31/3/2015,17:15:00,NA,4,4,MOD
250,2/4/2015,20:10:00,NA,3,3,MYD
269,2/4/2015,17:05:00,NA,4,4,MOD
252,3/4/2015,19:15:00,NA,2,2,MYD
273,3/4/2015,17:45:00,0.667,2,1,MOD
256,4/4/2015,20:00:00,NA,3,3,MYD
275,4/4/2015,16:50:00,NA,1,1,MOD
280,5/4/2015,17:35:00,0.39633,4,1,MOD
260,6/4/2015,19:45:00,0.457,4,3,MYD
282,6/4/2015,16:40:00,0.4,2,0,MOD
285,7/4/2015,17:20:00,0.667,3,1,MOD
266,8/4/2015,19:35:00,NA,2,2,MYD
269,9/4/2015,20:15:00,0.524,3,2,MYD
291,9/4/2015,17:10:00,0.715,4,3,MOD
270,10/4/2015,19:20:00,0.227,2,1,MYD
294,10/4/2015,17:50:00,NA,3,3,MOD
274,11/4/2015,20:05:00,NA,4,4,MYD
296,11/4/2015,16:55:00,NA,4,4,MOD
301,12/4/2015,17:40:00,NA,3,3,MOD
279,13/4/2015,19:50:00,NA,4,4,MYD
303,13/4/2015,16:45:00,NA,3,3,MOD
306,14/4/2015,17:25:00,NA,2,2,MOD
285,15/4/2015,19:40:00,NA,3,3,MYD
289,16/4/2015,20:25:00,NA,3,3,MYD
312,16/4/2015,17:15:00,0.49525,4,0,MOD
315,17/4/2015,18:00:00,NA,2,2,MOD
294,18/4/2015,20:10:00,NA,4,4,MYD
317,18/4/2015,17:05:00,0.649,3,2,MOD
321,19/4/2015,17:45:00,NA,2,2,MOD
300,20/4/2015,20:00:00,0.513,4,3,MYD
323,20/4/2015,16:50:00,0.491,1,0,MOD
303,21/4/2015,20:40:00,NA,3,3,MYD
328,21/4/2015,17:35:00,0.3795,2,0,MOD
304,22/4/2015,19:45:00,NA,2,2,MYD
308,23/4/2015,20:30:00,NA,1,1,MYD
333,23/4/2015,17:20:00,NA,2,2,MOD
310,24/4/2015,19:35:00,0.253,3,1,MYD
313,25/4/2015,20:15:00,NA,3,3,MYD
338,25/4/2015,17:10:00,0.939,4,3,MOD
319,27/4/2015,20:05:00,NA,4,4,MYD
343,27/4/2015,16:55:00,NA,1,1,MOD
348,28/4/2015,17:40:00,NA,3,3,MOD
324,29/4/2015,19:50:00,NA,4,4,MYD
350,29/4/2015,16:45:00,NA,1,1,MOD
328,30/4/2015,20:35:00,NA,2,2,MYD
353,30/4/2015,17:25:00,NA,3,3,MOD
330,1/5/2015,19:40:00,NA,2,2,MYD
355,1/5/2015,16:30:00,NA,2,2,MOD
334,2/5/2015,20:25:00,NA,1,1,MYD
359,2/5/2015,17:15:00,NA,4,4,MOD
336,3/5/2015,19:30:00,NA,3,3,MYD
363,3/5/2015,18:00:00,NA,1,1,MOD
339,4/5/2015,20:10:00,NA,4,4,MYD
365,4/5/2015,17:05:00,0.85,3,2,MOD
369,5/5/2015,17:45:00,NA,1,1,MOD
345,6/5/2015,20:00:00,NA,4,4,MYD
371,6/5/2015,16:50:00,0.6185,3,1,MOD
348,7/5/2015,20:40:00,NA,2,2,MYD
3,7/5/2015,20:40:00,NA,2,2,MYD
375,7/5/2015,17:35:00,0.4595,3,1,MOD
349,8/5/2015,19:45:00,NA,3,3,MYD
4,8/5/2015,19:45:00,NA,3,3,MYD
376,8/5/2015,16:40:00,0.266,2,1,MOD
379,9/5/2015,17:20:00,NA,4,4,MOD
355,10/5/2015,19:35:00,NA,1,1,MYD
10,10/5/2015,19:35:00,NA,1,1,MYD
358,11/5/2015,20:15:00,0.8145,3,1,MYD
13,11/5/2015,20:15:00,0.8145,3,1,MYD
385,11/5/2015,17:10:00,NA,3,3,MOD
363,13/5/2015,20:05:00,NA,4,4,MYD
18,13/5/2015,20:05:00,NA,4,4,MYD
390,13/5/2015,16:55:00,NA,3,3,MOD
395,14/5/2015,17:40:00,NA,1,1,MOD
368,15/5/2015,19:50:00,NA,3,3,MYD
23,15/5/2015,19:50:00,NA,3,3,MYD
397,15/5/2015,16:45:00,0.718,1,0,MOD
401,16/5/2015,17:30:00,0.842,2,1,MOD
374,17/5/2015,19:40:00,NA,1,1,MYD
29,17/5/2015,19:40:00,NA,1,1,MYD
403,17/5/2015,16:35:00,0.419,1,0,MOD
377,18/5/2015,20:20:00,NA,3,3,MYD
32,18/5/2015,20:20:00,NA,3,3,MYD
406,18/5/2015,17:15:00,0.5185,4,2,MOD
379,19/5/2015,19:25:00,NA,2,2,MYD
34,19/5/2015,19:25:00,NA,2,2,MYD
383,20/5/2015,20:10:00,NA,3,3,MYD
38,20/5/2015,20:10:00,NA,3,3,MYD
412,20/5/2015,17:05:00,NA,5,5,MOD
385,21/5/2015,19:15:00,NA,3,3,MYD
40,21/5/2015,19:15:00,NA,3,3,MYD
389,22/5/2015,20:00:00,NA,4,4,MYD
44,22/5/2015,20:00:00,NA,4,4,MYD
418,22/5/2015,16:50:00,NA,2,2,MOD
422,23/5/2015,17:35:00,NA,3,3,MOD
394,24/5/2015,19:45:00,NA,3,3,MYD
49,24/5/2015,19:45:00,NA,3,3,MYD
426,25/5/2015,17:20:00,NA,3,3,MOD
400,26/5/2015,19:35:00,NA,2,2,MYD
55,26/5/2015,19:35:00,NA,2,2,MYD
403,27/5/2015,20:15:00,NA,2,2,MYD
58,27/5/2015,20:15:00,NA,2,2,MYD
432,27/5/2015,17:10:00,0.65067,4,1,MOD
404,28/5/2015,19:20:00,NA,2,2,MYD
59,28/5/2015,19:20:00,NA,2,2,MYD
434,28/5/2015,17:50:00,NA,2,2,MOD
408,29/5/2015,20:05:00,NA,4,4,MYD
63,29/5/2015,20:05:00,NA,4,4,MYD
436,29/5/2015,16:55:00,NA,3,3,MOD
441,30/5/2015,17:40:00,NA,1,1,MOD
413,31/5/2015,19:50:00,NA,3,3,MYD
68,31/5/2015,19:50:00,NA,3,3,MYD
443,31/5/2015,16:45:00,NA,1,1,MOD
447,1/6/2015,17:30:00,NA,4,4,MOD
418,2/6/2015,19:40:00,NA,2,2,MYD
73,2/6/2015,19:40:00,NA,2,2,MYD
421,3/6/2015,20:20:00,NA,1,1,MYD
422,3/6/2015,20:25:00,NA,1,1,MYD
76,3/6/2015,20:20:00,NA,1,1,MYD
77,3/6/2015,20:25:00,NA,1,1,MYD
452,3/6/2015,17:15:00,NA,4,4,MOD
423,4/6/2015,19:25:00,NA,2,2,MYD
78,4/6/2015,19:25:00,NA,2,2,MYD
456,4/6/2015,18:00:00,NA,1,1,MOD
427,5/6/2015,20:10:00,NA,2,2,MYD
82,5/6/2015,20:10:00,NA,2,2,MYD
457,5/6/2015,17:05:00,NA,3,3,MOD
461,6/6/2015,17:45:00,NA,1,1,MOD
433,7/6/2015,20:00:00,NA,4,4,MYD
88,7/6/2015,20:00:00,NA,4,4,MYD
463,7/6/2015,16:50:00,NA,3,3,MOD
436,8/6/2015,20:40:00,0.186,2,0,MYD
91,8/6/2015,20:40:00,0.186,2,0,MYD
467,8/6/2015,17:35:00,0.253,4,1,MOD
437,9/6/2015,19:45:00,0.35267,4,1,MYD
92,9/6/2015,19:45:00,0.35267,4,1,MYD
468,9/6/2015,16:40:00,0.423,1,0,MOD
471,10/6/2015,17:20:00,0.505,4,3,MOD
443,11/6/2015,19:35:00,NA,2,2,MYD
98,11/6/2015,19:35:00,NA,2,2,MYD
446,12/6/2015,20:15:00,NA,2,2,MYD
101,12/6/2015,20:15:00,NA,2,2,MYD
477,12/6/2015,17:10:00,NA,4,4,MOD
447,13/6/2015,19:20:00,NA,3,3,MYD
102,13/6/2015,19:20:00,NA,3,3,MYD
480,13/6/2015,17:50:00,NA,2,2,MOD
451,14/6/2015,20:05:00,NA,4,4,MYD
106,14/6/2015,20:05:00,NA,4,4,MYD
482,14/6/2015,16:55:00,NA,3,3,MOD
487,15/6/2015,17:40:00,NA,3,3,MOD
456,16/6/2015,19:50:00,NA,4,4,MYD
111,16/6/2015,19:50:00,NA,4,4,MYD
489,16/6/2015,16:45:00,0.675,1,0,MOD
460,17/6/2015,20:35:00,NA,2,2,MYD
115,17/6/2015,20:35:00,NA,2,2,MYD
493,17/6/2015,17:30:00,NA,4,4,MOD
462,18/6/2015,19:40:00,NA,3,3,MYD
117,18/6/2015,19:40:00,NA,3,3,MYD
465,19/6/2015,20:20:00,NA,1,1,MYD
466,19/6/2015,20:25:00,NA,1,1,MYD
120,19/6/2015,20:20:00,NA,1,1,MYD
121,19/6/2015,20:25:00,NA,1,1,MYD
498,19/6/2015,17:15:00,0.564,4,3,MOD
467,20/6/2015,19:25:00,NA,3,3,MYD
122,20/6/2015,19:25:00,NA,3,3,MYD
502,20/6/2015,18:00:00,NA,2,2,MOD
471,21/6/2015,20:10:00,NA,4,4,MYD
126,21/6/2015,20:10:00,NA,4,4,MYD
503,21/6/2015,17:05:00,0.671,3,2,MOD
507,22/6/2015,17:45:00,NA,1,1,MOD
477,23/6/2015,20:00:00,NA,4,4,MYD
132,23/6/2015,20:00:00,NA,4,4,MYD
509,23/6/2015,16:50:00,0.415,1,0,MOD
480,24/6/2015,20:40:00,NA,2,2,MYD
135,24/6/2015,20:40:00,NA,2,2,MYD
513,24/6/2015,17:35:00,NA,1,1,MOD
481,25/6/2015,19:45:00,NA,4,4,MYD
136,25/6/2015,19:45:00,NA,4,4,MYD
514,25/6/2015,16:40:00,0.61,3,2,MOD
485,26/6/2015,20:30:00,NA,3,3,MYD
140,26/6/2015,20:30:00,NA,3,3,MYD
516,26/6/2015,17:20:00,NA,4,4,MOD
487,27/6/2015,19:35:00,NA,3,3,MYD
142,27/6/2015,19:35:00,NA,3,3,MYD
490,28/6/2015,20:15:00,NA,3,3,MYD
145,28/6/2015,20:15:00,NA,3,3,MYD
522,28/6/2015,17:10:00,NA,4,4,MOD
495,30/6/2015,20:05:00,NA,3,3,MYD
150,30/6/2015,20:05:00,NA,3,3,MYD
528,30/6/2015,17:00:00,NA,3,3,MOD
3,1/7/2015,17:40:00,NA,1,1,MOD
500,2/7/2015,19:50:00,NA,4,4,MYD
5,2/7/2015,16:45:00,NA,1,1,MOD
8,3/7/2015,17:30:00,NA,2,2,MOD
506,4/7/2015,19:40:00,NA,1,1,MYD
10,4/7/2015,16:35:00,NA,2,2,MOD
509,5/7/2015,20:20:00,NA,1,1,MYD
13,5/7/2015,17:15:00,NA,4,4,MOD
515,7/7/2015,20:10:00,NA,4,4,MYD
18,7/7/2015,17:05:00,0.7895,4,2,MOD
22,8/7/2015,17:45:00,NA,1,1,MOD
521,9/7/2015,20:00:00,NA,3,3,MYD
24,9/7/2015,16:50:00,NA,2,2,MOD
524,10/7/2015,20:40:00,NA,1,1,MYD
28,10/7/2015,17:35:00,NA,2,2,MOD
526,11/7/2015,19:45:00,NA,3,3,MYD
530,12/7/2015,20:30:00,NA,1,1,MYD
33,12/7/2015,17:20:00,NA,4,4,MOD
532,13/7/2015,19:35:00,0.584,1,0,MYD
535,14/7/2015,20:15:00,NA,2,2,MYD
39,14/7/2015,17:10:00,NA,4,4,MOD
43,15/7/2015,17:55:00,0.617,2,0,MOD
540,16/7/2015,20:05:00,NA,3,3,MYD
45,16/7/2015,17:00:00,NA,2,2,MOD
49,17/7/2015,17:40:00,NA,2,2,MOD
545,18/7/2015,19:50:00,NA,4,4,MYD
51,18/7/2015,16:45:00,NA,1,1,MOD
55,19/7/2015,17:30:00,NA,3,3,MOD
551,20/7/2015,19:40:00,NA,2,2,MYD
57,20/7/2015,16:35:00,NA,3,3,MOD
554,21/7/2015,20:20:00,NA,1,1,MYD
60,21/7/2015,17:15:00,NA,4,4,MOD
556,22/7/2015,19:25:00,NA,2,2,MYD
559,23/7/2015,20:10:00,NA,4,4,MYD
65,23/7/2015,17:05:00,NA,3,3,MOD
561,24/7/2015,19:15:00,NA,2,2,MYD
69,24/7/2015,17:45:00,0.458,3,0,MOD
564,25/7/2015,19:55:00,NA,4,4,MYD
71,25/7/2015,16:50:00,NA,2,2,MOD
75,26/7/2015,17:35:00,NA,3,3,MOD
570,27/7/2015,19:45:00,NA,2,2,MYD
574,28/7/2015,20:30:00,NA,1,1,MYD
80,28/7/2015,17:20:00,NA,4,4,MOD
576,29/7/2015,19:35:00,NA,1,1,MYD
579,30/7/2015,20:15:00,NA,2,2,MYD
86,30/7/2015,17:10:00,0.548,4,3,MOD
581,31/7/2015,19:20:00,0.643,2,1,MYD
90,31/7/2015,17:55:00,NA,1,1,MOD
585,1/8/2015,20:05:00,NA,4,4,MYD
92,1/8/2015,17:00:00,NA,2,2,MOD
96,2/8/2015,17:40:00,NA,1,1,MOD
590,3/8/2015,19:50:00,NA,4,4,MYD
98,3/8/2015,16:45:00,NA,2,2,MOD
594,4/8/2015,20:35:00,NA,2,2,MYD
101,4/8/2015,17:30:00,NA,3,3,MOD
596,5/8/2015,19:40:00,NA,1,1,MYD
103,5/8/2015,16:35:00,NA,3,3,MOD
599,6/8/2015,20:20:00,NA,3,3,MYD
106,6/8/2015,17:15:00,0.4385,4,2,MOD
601,7/8/2015,19:25:00,NA,1,1,MYD
605,8/8/2015,20:10:00,NA,3,3,MYD
111,8/8/2015,17:05:00,NA,2,2,MOD
607,9/8/2015,19:15:00,NA,2,2,MYD
610,10/8/2015,19:55:00,NA,4,4,MYD
117,10/8/2015,16:50:00,0.563,1,0,MOD
121,11/8/2015,17:35:00,NA,3,3,MOD
615,12/8/2015,19:45:00,NA,3,3,MYD
122,12/8/2015,16:40:00,NA,1,1,MOD
619,13/8/2015,20:30:00,NA,3,3,MYD
125,13/8/2015,17:20:00,NA,4,4,MOD
621,14/8/2015,19:35:00,NA,2,2,MYD
624,15/8/2015,20:15:00,NA,4,4,MYD
131,15/8/2015,17:10:00,NA,3,3,MOD
626,16/8/2015,19:20:00,NA,2,2,MYD
630,17/8/2015,20:05:00,NA,4,4,MYD
137,17/8/2015,17:00:00,NA,3,3,MOD
141,18/8/2015,17:40:00,NA,2,2,MOD
634,19/8/2015,19:50:00,NA,4,4,MYD
638,20/8/2015,20:35:00,NA,1,1,MYD
147,20/8/2015,17:30:00,0.67,3,2,MOD
640,21/8/2015,19:40:00,NA,1,1,MYD
643,22/8/2015,20:20:00,NA,2,2,MYD
152,22/8/2015,17:15:00,NA,3,3,MOD
645,23/8/2015,19:25:00,NA,3,3,MYD
156,23/8/2015,18:00:00,NA,2,2,MOD
649,24/8/2015,20:10:00,NA,4,4,MYD
157,24/8/2015,17:05:00,NA,4,4,MOD
651,25/8/2015,19:15:00,NA,2,2,MYD
161,25/8/2015,17:45:00,NA,3,3,MOD
654,26/8/2015,19:55:00,NA,4,4,MYD
163,26/8/2015,16:50:00,NA,2,2,MOD
167,27/8/2015,17:35:00,NA,4,4,MOD
659,28/8/2015,19:45:00,NA,4,4,MYD
168,28/8/2015,16:40:00,NA,2,2,MOD
171,29/8/2015,17:20:00,NA,4,4,MOD
665,30/8/2015,19:35:00,NA,1,1,MYD
668,31/8/2015,20:15:00,NA,2,2,MYD
177,31/8/2015,17:10:00,NA,4,4,MOD
670,1/9/2015,19:20:00,NA,1,1,MYD
180,1/9/2015,17:50:00,NA,3,3,MOD
674,2/9/2015,20:05:00,NA,4,4,MYD
182,2/9/2015,16:55:00,NA,2,2,MOD
187,3/9/2015,17:40:00,NA,2,2,MOD
678,4/9/2015,19:50:00,NA,4,4,MYD
189,4/9/2015,16:45:00,NA,2,2,MOD
683,5/9/2015,20:35:00,NA,3,3,MYD
193,5/9/2015,17:30:00,NA,3,3,MOD
685,6/9/2015,19:40:00,NA,4,4,MYD
195,6/9/2015,16:35:00,NA,2,2,MOD
688,7/9/2015,20:20:00,NA,1,1,MYD
198,7/9/2015,17:15:00,0.798,4,3,MOD
690,8/9/2015,19:25:00,NA,3,3,MYD
694,9/9/2015,20:10:00,NA,2,2,MYD
204,9/9/2015,17:05:00,NA,3,3,MOD
696,10/9/2015,19:15:00,NA,2,2,MYD
208,10/9/2015,17:45:00,NA,2,2,MOD
699,11/9/2015,19:55:00,NA,3,3,MYD
210,11/9/2015,16:50:00,NA,3,3,MOD
214,12/9/2015,17:35:00,NA,3,3,MOD
215,13/9/2015,16:40:00,NA,2,2,MOD
707,14/9/2015,20:30:00,NA,1,1,MYD
218,14/9/2015,17:20:00,NA,3,3,MOD
709,15/9/2015,19:35:00,NA,1,1,MYD
712,16/9/2015,20:15:00,NA,2,2,MYD
224,16/9/2015,17:10:00,NA,4,4,MOD
714,17/9/2015,19:20:00,NA,3,3,MYD
227,17/9/2015,17:50:00,NA,2,2,MOD
718,18/9/2015,20:05:00,NA,3,3,MYD
229,18/9/2015,16:55:00,NA,2,2,MOD
234,19/9/2015,17:40:00,NA,1,1,MOD
722,20/9/2015,19:50:00,NA,4,4,MYD
236,20/9/2015,16:45:00,NA,3,3,MOD
727,21/9/2015,20:35:00,NA,2,2,MYD
239,21/9/2015,17:30:00,NA,2,2,MOD
729,22/9/2015,19:40:00,NA,3,3,MYD
732,23/9/2015,20:20:00,0.393,2,1,MYD
244,23/9/2015,17:15:00,0.3565,4,2,MOD
734,24/9/2015,19:25:00,NA,2,2,MYD
248,24/9/2015,18:00:00,NA,2,2,MOD
738,25/9/2015,20:10:00,NA,4,4,MYD
250,25/9/2015,17:05:00,NA,5,5,MOD
740,26/9/2015,19:15:00,NA,2,2,MYD
254,26/9/2015,17:45:00,NA,2,2,MOD
743,27/9/2015,19:55:00,NA,4,4,MYD
256,27/9/2015,16:50:00,NA,3,3,MOD
261,28/9/2015,17:35:00,NA,3,3,MOD
749,29/9/2015,19:45:00,NA,4,4,MYD
263,29/9/2015,16:40:00,NA,1,1,MOD
753,30/9/2015,20:30:00,NA,1,1,MYD
266,30/9/2015,17:20:00,NA,3,3,MOD
755,1/10/2015,19:35:00,NA,2,2,MYD
757,2/10/2015,20:15:00,NA,2,2,MYD
271,2/10/2015,17:10:00,NA,3,3,MOD
759,3/10/2015,19:20:00,0.29233,3,0,MYD
275,3/10/2015,17:50:00,0.205,2,0,MOD
763,4/10/2015,20:05:00,0.8085,4,0,MYD
277,4/10/2015,16:55:00,0.722,2,1,MOD
282,5/10/2015,17:40:00,NA,1,1,MOD
767,6/10/2015,19:50:00,0.34433,4,1,MYD
284,6/10/2015,16:45:00,0.332,2,1,MOD
772,7/10/2015,20:35:00,NA,3,3,MYD
287,7/10/2015,17:25:00,0.4495,3,1,MOD
774,8/10/2015,19:40:00,0.451,3,2,MYD
777,9/10/2015,20:20:00,NA,2,2,MYD
293,9/10/2015,17:15:00,NA,4,4,MOD
779,10/10/2015,19:25:00,0.152,1,0,MYD
296,10/10/2015,18:00:00,0.158,1,0,MOD
783,11/10/2015,20:10:00,NA,2,2,MYD
298,11/10/2015,17:05:00,NA,2,2,MOD
785,12/10/2015,19:15:00,NA,1,1,MYD
302,12/10/2015,17:45:00,NA,2,2,MOD
788,13/10/2015,19:55:00,NA,4,4,MYD
303,13/10/2015,16:50:00,NA,1,1,MOD
308,14/10/2015,17:35:00,NA,4,4,MOD
794,15/10/2015,19:45:00,NA,4,4,MYD
90,15/10/2015,16:40:00,NA,2,2,MOD
798,16/10/2015,20:30:00,NA,2,2,MYD
92,16/10/2015,17:20:00,NA,4,4,MOD
800,17/10/2015,19:35:00,NA,2,2,MYD
802,18/10/2015,20:15:00,NA,5,5,MYD
315,18/10/2015,17:10:00,NA,4,4,MOD
804,19/10/2015,19:20:00,NA,2,2,MYD
318,19/10/2015,17:50:00,NA,1,1,MOD
808,20/10/2015,20:05:00,0.384,4,3,MYD
320,20/10/2015,16:55:00,0.5645,3,1,MOD
325,21/10/2015,17:40:00,NA,2,2,MOD
812,22/10/2015,19:50:00,NA,3,3,MYD
327,22/10/2015,16:45:00,NA,3,3,MOD
330,23/10/2015,17:30:00,NA,2,2,MOD
819,24/10/2015,19:40:00,NA,4,4,MYD
331,24/10/2015,16:30:00,NA,1,1,MOD
822,25/10/2015,20:20:00,NA,2,2,MYD
335,25/10/2015,17:15:00,NA,4,4,MOD
828,27/10/2015,20:10:00,NA,4,4,MYD
341,27/10/2015,17:05:00,NA,4,4,MOD
833,29/10/2015,19:55:00,NA,4,4,MYD
343,29/10/2015,16:50:00,NA,3,3,MOD
347,30/10/2015,17:35:00,NA,3,3,MOD
839,31/10/2015,19:45:00,NA,3,3,MYD
348,31/10/2015,16:40:00,NA,2,2,MOD
843,1/11/2015,20:30:00,NA,2,2,MYD
351,1/11/2015,17:20:00,NA,2,2,MOD
845,2/11/2015,19:35:00,NA,2,2,MYD
848,3/11/2015,20:15:00,NA,2,2,MYD
357,3/11/2015,17:10:00,NA,4,4,MOD
854,5/11/2015,20:05:00,0.1555,4,2,MYD
362,5/11/2015,16:55:00,NA,1,1,MOD
367,6/11/2015,17:40:00,0.388,2,1,MOD
858,7/11/2015,19:50:00,NA,4,4,MYD
373,8/11/2015,17:30:00,NA,4,4,MOD
865,9/11/2015,19:40:00,0.177,3,1,MYD
375,9/11/2015,16:35:00,0.19,1,0,MOD
868,10/11/2015,20:20:00,NA,1,1,MYD
378,10/11/2015,17:15:00,0.275,4,1,MOD
870,11/11/2015,19:25:00,NA,2,2,MYD
874,12/11/2015,20:10:00,NA,2,2,MYD
384,12/11/2015,17:05:00,0.394,2,1,MOD
876,13/11/2015,19:15:00,NA,1,1,MYD
388,13/11/2015,17:45:00,NA,1,1,MOD
879,14/11/2015,19:55:00,NA,3,3,MYD
390,14/11/2015,16:50:00,NA,3,3,MOD
394,15/11/2015,17:35:00,NA,1,1,MOD
885,16/11/2015,19:45:00,0.3415,3,1,MYD
395,16/11/2015,16:40:00,0.327,2,1,MOD
398,17/11/2015,17:20:00,NA,3,3,MOD
891,18/11/2015,19:35:00,NA,2,2,MYD
893,19/11/2015,20:15:00,NA,1,1,MYD
404,19/11/2015,17:10:00,NA,4,4,MOD
895,20/11/2015,19:20:00,NA,2,2,MYD
899,21/11/2015,20:05:00,NA,4,4,MYD
409,21/11/2015,16:55:00,0.514,2,1,MOD
414,22/11/2015,17:40:00,NA,1,1,MOD
903,23/11/2015,19:50:00,0.614,2,1,MYD
416,23/11/2015,16:45:00,NA,1,1,MOD
908,24/11/2015,20:35:00,NA,2,2,MYD
419,24/11/2015,17:30:00,0.5,3,1,MOD
910,25/11/2015,19:40:00,NA,3,3,MYD
420,25/11/2015,16:30:00,0.387,2,0,MOD
913,26/11/2015,20:20:00,NA,1,1,MYD
424,26/11/2015,17:15:00,NA,4,4,MOD
915,27/11/2015,19:25:00,NA,2,2,MYD
919,28/11/2015,20:10:00,0.466,4,2,MYD
430,28/11/2015,17:05:00,NA,4,4,MOD
921,29/11/2015,19:15:00,0.09,2,1,MYD
434,29/11/2015,17:45:00,0.266,1,0,MOD
924,30/11/2015,19:55:00,0.29933,3,0,MYD
436,30/11/2015,16:50:00,0.312,3,2,MOD
440,1/12/2015,17:35:00,0.32133,3,0,MOD
930,2/12/2015,19:45:00,NA,2,2,MYD
442,2/12/2015,16:40:00,0.394,2,0,MOD
934,3/12/2015,20:30:00,NA,2,2,MYD
445,3/12/2015,17:20:00,NA,4,4,MOD
936,4/12/2015,19:35:00,NA,1,1,MYD
939,5/12/2015,20:15:00,NA,1,1,MYD
451,5/12/2015,17:10:00,NA,4,4,MOD
941,6/12/2015,19:20:00,NA,3,3,MYD
454,6/12/2015,17:50:00,NA,2,2,MOD
945,7/12/2015,20:05:00,0.729,4,1,MYD
151,7/12/2015,20:05:00,0.729,4,1,MYD
456,7/12/2015,16:55:00,0.614,2,1,MOD
461,8/12/2015,17:40:00,NA,1,1,MOD
949,9/12/2015,19:50:00,NA,4,4,MYD
155,9/12/2015,19:50:00,NA,4,4,MYD
463,9/12/2015,16:45:00,NA,2,2,MOD
466,10/12/2015,17:25:00,0.598,4,3,MOD
956,11/12/2015,19:40:00,NA,2,2,MYD
162,11/12/2015,19:40:00,NA,2,2,MYD
959,12/12/2015,20:20:00,NA,2,2,MYD
165,12/12/2015,20:20:00,NA,2,2,MYD
472,12/12/2015,17:15:00,NA,4,4,MOD
961,13/12/2015,19:25:00,NA,3,3,MYD
167,13/12/2015,19:25:00,NA,3,3,MYD
476,13/12/2015,18:00:00,NA,1,1,MOD
965,14/12/2015,20:10:00,NA,4,4,MYD
171,14/12/2015,20:10:00,NA,4,4,MYD
478,14/12/2015,17:05:00,0.382,3,2,MOD
967,15/12/2015,19:15:00,0.068,2,1,MYD
173,15/12/2015,19:15:00,0.068,2,1,MYD
482,15/12/2015,17:45:00,0.08433,3,0,MOD
970,16/12/2015,19:55:00,0.09733,4,1,MYD
176,16/12/2015,19:55:00,0.09733,4,1,MYD
484,16/12/2015,16:50:00,NA,1,1,MOD
976,18/12/2015,19:45:00,NA,2,2,MYD
182,18/12/2015,19:45:00,NA,2,2,MYD
980,19/12/2015,20:30:00,NA,2,2,MYD
186,19/12/2015,20:30:00,NA,2,2,MYD
491,19/12/2015,17:20:00,0.333,4,2,MOD
982,20/12/2015,19:35:00,NA,3,3,MYD
188,20/12/2015,19:35:00,NA,3,3,MYD
985,21/12/2015,20:15:00,NA,3,3,MYD
191,21/12/2015,20:15:00,NA,3,3,MYD
497,21/12/2015,17:10:00,NA,4,4,MOD
987,22/12/2015,19:20:00,NA,2,2,MYD
193,22/12/2015,19:20:00,NA,2,2,MYD
500,22/12/2015,17:50:00,NA,1,1,MOD
991,23/12/2015,20:05:00,NA,3,3,MYD
197,23/12/2015,20:05:00,NA,3,3,MYD
502,23/12/2015,16:55:00,NA,1,1,MOD
507,24/12/2015,17:40:00,NA,2,2,MOD
995,25/12/2015,19:50:00,NA,4,4,MYD
201,25/12/2015,19:50:00,NA,4,4,MYD
509,25/12/2015,16:45:00,NA,3,3,MOD
512,26/12/2015,17:25:00,NA,3,3,MOD
1002,27/12/2015,19:40:00,0.0845,2,0,MYD
208,27/12/2015,19:40:00,0.0845,2,0,MYD
1005,28/12/2015,20:20:00,NA,1,1,MYD
211,28/12/2015,20:20:00,NA,1,1,MYD
518,28/12/2015,17:15:00,0.178,4,3,MOD
1007,29/12/2015,19:25:00,NA,2,2,MYD
213,29/12/2015,19:25:00,NA,2,2,MYD
522,29/12/2015,18:00:00,0.062,2,0,MOD
1011,30/12/2015,20:10:00,0.612,4,2,MYD
217,30/12/2015,20:10:00,0.612,4,2,MYD
524,30/12/2015,17:05:00,0.282,4,3,MOD
1013,31/12/2015,19:15:00,NA,1,1,MYD
219,31/12/2015,19:15:00,NA,1,1,MYD
528,31/12/2015,17:45:00,NA,1,1,MOD
1,1/1/2016,19:55:00,0.76667,5,2,MYD
1,1/1/2016,16:50:00,0.577,1,0,MOD
6,2/1/2016,17:35:00,0.3655,2,0,MOD
7,3/1/2016,19:45:00,NA,3,3,MYD
8,3/1/2016,16:40:00,NA,3,3,MOD
11,4/1/2016,17:20:00,NA,3,3,MOD
13,5/1/2016,19:35:00,NA,2,2,MYD
15,6/1/2016,20:15:00,NA,3,3,MYD
17,6/1/2016,17:10:00,0.27,3,2,MOD
17,7/1/2016,19:20:00,NA,2,2,MYD
20,7/1/2016,17:50:00,NA,1,1,MOD
21,8/1/2016,20:05:00,0.151,3,2,MYD
22,8/1/2016,16:55:00,NA,3,3,MOD
27,9/1/2016,17:40:00,NA,3,3,MOD
25,10/1/2016,19:50:00,NA,3,3,MYD
29,10/1/2016,16:45:00,NA,2,2,MOD
30,11/1/2016,20:35:00,NA,2,2,MYD
32,11/1/2016,17:30:00,0.113,2,1,MOD
32,12/1/2016,19:40:00,NA,1,1,MYD
33,12/1/2016,16:30:00,NA,2,2,MOD
35,13/1/2016,20:20:00,NA,2,2,MYD
37,13/1/2016,17:15:00,NA,3,3,MOD
37,14/1/2016,19:25:00,NA,2,2,MYD
41,15/1/2016,20:10:00,0.104,4,3,MYD
43,15/1/2016,17:05:00,0.214,4,3,MOD
43,16/1/2016,19:15:00,NA,1,1,MYD
47,16/1/2016,17:45:00,NA,3,3,MOD
46,17/1/2016,19:55:00,0.1755,4,2,MYD
49,17/1/2016,16:50:00,NA,2,2,MOD
54,18/1/2016,17:35:00,NA,2,2,MOD
52,19/1/2016,19:45:00,NA,2,2,MYD
55,19/1/2016,16:40:00,NA,2,2,MOD
56,20/1/2016,20:30:00,NA,2,2,MYD
58,20/1/2016,17:20:00,NA,3,3,MOD
58,21/1/2016,19:35:00,0.228,3,0,MYD
61,22/1/2016,20:15:00,0.35867,4,1,MYD
64,22/1/2016,17:10:00,0.284,4,2,MOD
63,23/1/2016,19:20:00,0.1225,2,0,MYD
67,23/1/2016,17:50:00,0.118,1,0,MOD
67,24/1/2016,20:05:00,NA,4,4,MYD
69,24/1/2016,16:55:00,NA,1,1,MOD
74,25/1/2016,17:40:00,NA,2,2,MOD
71,26/1/2016,19:50:00,NA,4,4,MYD
76,26/1/2016,16:45:00,NA,1,1,MOD
76,27/1/2016,20:35:00,NA,3,3,MYD
79,27/1/2016,17:30:00,0.104,4,2,MOD
78,28/1/2016,19:40:00,NA,2,2,MYD
80,28/1/2016,16:30:00,NA,2,2,MOD
81,29/1/2016,20:20:00,NA,1,1,MYD
84,29/1/2016,17:15:00,NA,4,4,MOD
83,30/1/2016,19:25:00,NA,3,3,MYD
87,31/1/2016,20:10:00,NA,3,3,MYD
90,31/1/2016,17:05:00,NA,3,3,MOD
89,1/2/2016,19:15:00,NA,2,2,MYD
94,1/2/2016,17:45:00,0.246,1,0,MOD
92,2/2/2016,19:55:00,NA,4,4,MYD
96,2/2/2016,16:50:00,NA,3,3,MOD
101,3/2/2016,17:35:00,NA,2,2,MOD
98,4/2/2016,19:45:00,0.7325,4,2,MYD
103,4/2/2016,16:40:00,NA,2,2,MOD
102,5/2/2016,20:30:00,0.443,1,0,MYD
106,5/2/2016,17:20:00,0.2675,3,1,MOD
104,6/2/2016,19:35:00,0.4665,2,0,MYD
107,7/2/2016,20:15:00,NA,1,1,MYD
112,7/2/2016,17:10:00,0.604,4,3,MOD
109,8/2/2016,19:20:00,NA,2,2,MYD
113,9/2/2016,20:05:00,NA,4,4,MYD
117,9/2/2016,16:55:00,NA,1,1,MOD
128,10/2/2016,17:40:00,NA,3,3,MOD
117,11/2/2016,19:50:00,0.319,3,1,MYD
123,11/2/2016,16:45:00,0.292,2,0,MOD
122,12/2/2016,20:35:00,0.251,2,1,MYD
126,12/2/2016,17:25:00,0.1835,2,0,MOD
124,13/2/2016,19:40:00,0.127,4,1,MYD
128,13/2/2016,16:30:00,NA,2,2,MOD
127,14/2/2016,20:20:00,0.72,2,1,MYD
132,14/2/2016,17:15:00,0.5165,3,1,MOD
129,15/2/2016,19:25:00,NA,1,1,MYD
133,16/2/2016,20:10:00,NA,2,2,MYD
138,16/2/2016,17:05:00,0.519,3,2,MOD
135,17/2/2016,19:15:00,0.0915,2,0,MYD
142,17/2/2016,17:45:00,0.084,2,0,MOD
138,18/2/2016,19:55:00,0.32033,4,1,MYD
143,20/2/2016,19:45:00,0.423,2,1,MYD
149,22/2/2016,19:35:00,0.398,3,1,MYD
152,23/2/2016,20:15:00,0.368,3,2,MYD
154,24/2/2016,19:20:00,NA,1,1,MYD
158,25/2/2016,20:05:00,NA,4,4,MYD
163,27/2/2016,19:50:00,NA,3,3,MYD
144,28/2/2016,17:25:00,NA,4,4,MOD
169,29/2/2016,19:40:00,NA,4,4,MYD
172,1/3/2016,20:20:00,NA,2,2,MYD
150,1/3/2016,17:15:00,NA,4,4,MOD
154,2/3/2016,18:00:00,NA,2,2,MOD
177,3/3/2016,20:10:00,NA,3,3,MYD
158,4/3/2016,17:45:00,NA,3,3,MOD
183,5/3/2016,20:00:00,0.192,4,3,MYD
160,5/3/2016,16:50:00,NA,1,1,MOD
164,6/3/2016,17:35:00,0.255,3,2,MOD
188,7/3/2016,19:45:00,NA,4,4,MYD
166,7/3/2016,16:40:00,NA,1,1,MOD
192,8/3/2016,20:30:00,NA,3,3,MYD
169,8/3/2016,17:20:00,0.2325,4,2,MOD
194,9/3/2016,19:35:00,NA,1,1,MYD
197,10/3/2016,20:15:00,NA,3,3,MYD
174,10/3/2016,17:10:00,NA,3,3,MOD
176,11/3/2016,17:50:00,0.0215,2,0,MOD
202,12/3/2016,20:05:00,0.2865,4,2,MYD
178,12/3/2016,16:55:00,NA,3,3,MOD
183,13/3/2016,17:40:00,0.192,1,0,MOD
207,14/3/2016,19:50:00,0.471,4,2,MYD
184,14/3/2016,16:45:00,0.372,1,0,MOD
187,15/3/2016,17:25:00,0.3465,3,1,MOD
213,16/3/2016,19:40:00,NA,2,2,MYD
216,17/3/2016,20:20:00,NA,1,1,MYD
193,17/3/2016,17:15:00,NA,4,4,MOD
218,18/3/2016,19:25:00,NA,2,2,MYD
222,19/3/2016,20:10:00,NA,3,3,MYD
199,19/3/2016,17:05:00,NA,2,2,MOD
228,21/3/2016,20:00:00,NA,3,3,MYD
205,21/3/2016,16:50:00,NA,3,3,MOD
231,22/3/2016,20:40:00,NA,2,2,MYD
209,22/3/2016,17:35:00,NA,3,3,MOD
233,23/3/2016,19:45:00,NA,1,1,MYD
211,23/3/2016,16:40:00,0.355,2,1,MOD
237,24/3/2016,20:30:00,NA,2,2,MYD
214,24/3/2016,17:20:00,0.152,4,3,MOD
239,25/3/2016,19:35:00,NA,2,2,MYD
242,26/3/2016,20:15:00,NA,3,3,MYD
219,26/3/2016,17:10:00,NA,4,4,MOD
243,27/3/2016,19:20:00,NA,2,2,MYD
223,27/3/2016,17:50:00,NA,1,1,MOD
247,28/3/2016,20:05:00,NA,4,4,MYD
225,28/3/2016,16:55:00,NA,2,2,MOD
230,29/3/2016,17:40:00,0.08867,3,0,MOD
252,30/3/2016,19:50:00,NA,3,3,MYD
232,30/3/2016,16:45:00,NA,1,1,MOD
235,31/3/2016,17:25:00,0.3025,4,2,MOD
258,1/4/2016,19:40:00,NA,3,3,MYD
262,2/4/2016,20:25:00,NA,2,2,MYD
241,2/4/2016,17:15:00,0.343,4,2,MOD
263,3/4/2016,19:25:00,NA,1,1,MYD
267,4/4/2016,20:10:00,0.6075,4,2,MYD
247,4/4/2016,17:05:00,NA,2,2,MOD
269,5/4/2016,19:15:00,0.411,2,1,MYD
251,5/4/2016,17:45:00,0.243,1,0,MOD
273,6/4/2016,20:00:00,1.039,4,3,MYD
253,6/4/2016,16:50:00,NA,3,3,MOD
276,7/4/2016,20:40:00,NA,1,1,MYD
258,7/4/2016,17:35:00,0.655,4,3,MOD
277,8/4/2016,19:45:00,0.94233,3,0,MYD
260,8/4/2016,16:40:00,0.597,1,0,MOD
281,9/4/2016,20:30:00,NA,3,3,MYD
263,9/4/2016,17:20:00,0.76975,4,0,MOD
283,10/4/2016,19:35:00,NA,1,1,MYD
286,11/4/2016,20:15:00,NA,2,2,MYD
268,11/4/2016,17:10:00,0.475,4,1,MOD
272,12/4/2016,17:50:00,NA,2,2,MOD
291,13/4/2016,20:05:00,NA,4,4,MYD
274,13/4/2016,16:55:00,0.564,2,0,MOD
277,14/4/2016,17:40:00,NA,1,1,MOD
296,15/4/2016,19:50:00,0.492,4,3,MYD
279,15/4/2016,16:45:00,NA,3,3,MOD
300,16/4/2016,20:35:00,NA,2,2,MYD
282,16/4/2016,17:25:00,0.525,4,2,MOD
302,17/4/2016,19:40:00,NA,1,1,MYD
306,18/4/2016,20:25:00,NA,2,2,MYD
149,18/4/2016,17:15:00,NA,4,4,MOD
308,19/4/2016,19:30:00,NA,2,2,MYD
290,19/4/2016,18:00:00,NA,1,1,MOD
310,20/4/2016,20:10:00,NA,4,4,MYD
292,20/4/2016,17:05:00,NA,4,4,MOD
296,21/4/2016,17:45:00,NA,2,2,MOD
316,22/4/2016,20:00:00,NA,4,4,MYD
298,22/4/2016,16:50:00,NA,2,2,MOD
319,23/4/2016,20:40:00,NA,2,2,MYD
303,23/4/2016,17:35:00,NA,2,2,MOD
320,24/4/2016,19:45:00,NA,4,4,MYD
305,24/4/2016,16:40:00,NA,1,1,MOD
324,25/4/2016,20:30:00,NA,2,2,MYD
308,25/4/2016,17:20:00,NA,3,3,MOD
326,26/4/2016,19:35:00,NA,2,2,MYD
329,27/4/2016,20:15:00,NA,2,2,MYD
314,27/4/2016,17:10:00,NA,3,3,MOD
317,28/4/2016,17:50:00,NA,2,2,MOD
334,29/4/2016,20:05:00,NA,4,4,MYD
319,29/4/2016,16:55:00,0.663,4,3,MOD
324,30/4/2016,17:40:00,NA,3,3,MOD
339,1/5/2016,19:50:00,NA,3,3,MYD
326,1/5/2016,16:45:00,0.62,2,1,MOD
343,2/5/2016,20:35:00,NA,2,2,MYD
329,2/5/2016,17:30:00,0.381,3,2,MOD
345,3/5/2016,19:40:00,NA,2,2,MYD
330,3/5/2016,16:30:00,NA,2,2,MOD
348,4/5/2016,20:20:00,NA,3,3,MYD
334,4/5/2016,17:15:00,0.8185,3,1,MOD
350,5/5/2016,19:25:00,NA,2,2,MYD
354,6/5/2016,20:10:00,NA,2,2,MYD
340,6/5/2016,17:05:00,0.432,4,1,MOD
356,7/5/2016,19:15:00,0.205,2,0,MYD
344,7/5/2016,17:45:00,0.188,2,0,MOD
360,8/5/2016,20:00:00,0.671,4,3,MYD
346,8/5/2016,16:50:00,0.286,3,2,MOD
350,9/5/2016,17:35:00,0.878,2,1,MOD
365,10/5/2016,19:45:00,NA,4,4,MYD
369,11/5/2016,20:30:00,NA,1,1,MYD
354,11/5/2016,17:20:00,NA,4,4,MOD
371,12/5/2016,19:35:00,NA,1,1,MYD
374,13/5/2016,20:15:00,0.472,4,3,MYD
360,13/5/2016,17:10:00,0.747,3,2,MOD
375,14/5/2016,19:20:00,NA,2,2,MYD
379,15/5/2016,20:05:00,NA,3,3,MYD
365,15/5/2016,16:55:00,NA,2,2,MOD
370,16/5/2016,17:40:00,NA,3,3,MOD
384,17/5/2016,19:50:00,NA,4,4,MYD
372,17/5/2016,16:45:00,0.73733,3,0,MOD
388,18/5/2016,20:35:00,NA,2,2,MYD
376,18/5/2016,17:30:00,NA,4,4,MOD
390,19/5/2016,19:40:00,NA,3,3,MYD
378,19/5/2016,16:35:00,0.748,1,0,MOD
393,20/5/2016,20:20:00,NA,3,3,MYD
381,20/5/2016,17:15:00,0.55267,4,1,MOD
385,21/5/2016,18:00:00,NA,1,1,MOD
399,22/5/2016,20:10:00,NA,4,4,MYD
387,22/5/2016,17:05:00,0.748,2,1,MOD
401,23/5/2016,19:15:00,NA,1,1,MYD
391,23/5/2016,17:45:00,NA,2,2,MOD
404,24/5/2016,19:55:00,NA,4,4,MYD
393,24/5/2016,16:50:00,0.775,1,0,MOD
397,25/5/2016,17:35:00,0.256,2,0,MOD
409,26/5/2016,19:45:00,NA,3,3,MYD
398,26/5/2016,16:40:00,0.898,1,0,MOD
413,27/5/2016,20:30:00,NA,1,1,MYD
401,27/5/2016,17:20:00,0.5735,4,2,MOD
415,28/5/2016,19:35:00,NA,1,1,MYD
418,29/5/2016,20:15:00,NA,3,3,MYD
407,29/5/2016,17:10:00,0.773,4,3,MOD
420,30/5/2016,19:20:00,NA,1,1,MYD
409,30/5/2016,17:50:00,NA,2,2,MOD
424,31/5/2016,20:05:00,NA,4,4,MYD
411,31/5/2016,16:55:00,0.631,4,0,MOD
416,1/6/2016,17:40:00,NA,2,2,MOD
428,2/6/2016,19:50:00,NA,4,4,MYD
418,2/6/2016,16:45:00,NA,3,3,MOD
433,3/6/2016,20:35:00,NA,1,1,MYD
422,3/6/2016,17:30:00,NA,3,3,MOD
435,4/6/2016,19:40:00,NA,3,3,MYD
438,5/6/2016,20:20:00,NA,2,2,MYD
427,5/6/2016,17:15:00,NA,4,4,MOD
440,6/6/2016,19:25:00,NA,2,2,MYD
431,6/6/2016,18:00:00,NA,2,2,MOD
444,7/6/2016,20:10:00,NA,4,4,MYD
432,7/6/2016,17:05:00,NA,4,4,MOD
436,8/6/2016,17:45:00,NA,2,2,MOD
449,9/6/2016,19:55:00,NA,3,3,MYD
438,9/6/2016,16:50:00,0.915,2,1,MOD
442,10/6/2016,17:35:00,NA,3,3,MOD
455,11/6/2016,19:45:00,NA,3,3,MYD
443,11/6/2016,16:40:00,NA,2,2,MOD
459,12/6/2016,20:30:00,NA,2,2,MYD
446,12/6/2016,17:20:00,NA,5,5,MOD
461,13/6/2016,19:35:00,NA,2,2,MYD
464,14/6/2016,20:15:00,NA,4,4,MYD
452,14/6/2016,17:10:00,NA,4,4,MOD
466,15/6/2016,19:20:00,NA,1,1,MYD
455,15/6/2016,17:50:00,NA,2,2,MOD
470,16/6/2016,20:05:00,NA,5,5,MYD
457,16/6/2016,16:55:00,NA,2,2,MOD
462,17/6/2016,17:40:00,NA,3,3,MOD
474,18/6/2016,19:50:00,NA,4,4,MYD
479,19/6/2016,20:35:00,NA,2,2,MYD
468,19/6/2016,17:30:00,NA,3,3,MOD
481,20/6/2016,19:40:00,NA,3,3,MYD
484,21/6/2016,20:20:00,NA,3,3,MYD
473,21/6/2016,17:15:00,NA,4,4,MOD
486,22/6/2016,19:25:00,NA,2,2,MYD
477,22/6/2016,18:00:00,NA,2,2,MOD
490,23/6/2016,20:10:00,NA,3,3,MYD
478,23/6/2016,17:05:00,NA,2,2,MOD
492,24/6/2016,19:15:00,NA,2,2,MYD
482,24/6/2016,17:45:00,NA,3,3,MOD
495,25/6/2016,19:55:00,NA,4,4,MYD
484,25/6/2016,16:50:00,NA,3,3,MOD
488,26/6/2016,17:35:00,NA,3,3,MOD
501,27/6/2016,19:45:00,NA,4,4,MYD
489,27/6/2016,16:40:00,NA,1,1,MOD
505,28/6/2016,20:30:00,NA,2,2,MYD
492,28/6/2016,17:20:00,NA,4,4,MOD
507,29/6/2016,19:35:00,NA,2,2,MYD
509,30/6/2016,20:15:00,NA,3,3,MYD
498,30/6/2016,17:10:00,NA,4,4,MOD
511,1/7/2016,19:20:00,NA,2,2,MYD
2,1/7/2016,17:50:00,NA,1,1,MOD
515,2/7/2016,20:05:00,NA,4,4,MYD
4,2/7/2016,16:55:00,NA,2,2,MOD
9,3/7/2016,17:40:00,NA,1,1,MOD
519,4/7/2016,19:50:00,NA,4,4,MYD
524,5/7/2016,20:35:00,NA,3,3,MYD
15,5/7/2016,17:30:00,0.303,4,3,MOD
526,6/7/2016,19:40:00,NA,4,4,MYD
529,7/7/2016,20:20:00,NA,1,1,MYD
20,7/7/2016,17:15:00,0.553,5,4,MOD
530,8/7/2016,19:25:00,NA,2,2,MYD
24,8/7/2016,18:00:00,0.331,3,1,MOD
534,9/7/2016,20:10:00,NA,4,4,MYD
25,9/7/2016,17:05:00,NA,4,4,MOD
536,10/7/2016,19:15:00,NA,2,2,MYD
29,10/7/2016,17:45:00,NA,2,2,MOD
539,11/7/2016,19:55:00,NA,4,4,MYD
31,11/7/2016,16:50:00,NA,3,3,MOD
35,12/7/2016,17:35:00,NA,4,4,MOD
545,13/7/2016,19:45:00,NA,3,3,MYD
36,13/7/2016,16:40:00,NA,2,2,MOD
549,14/7/2016,20:30:00,NA,3,3,MYD
39,14/7/2016,17:20:00,NA,3,3,MOD
550,15/7/2016,19:30:00,NA,2,2,MYD
554,16/7/2016,20:15:00,NA,2,2,MYD
45,16/7/2016,17:10:00,NA,4,4,MOD
556,17/7/2016,19:20:00,NA,1,1,MYD
48,17/7/2016,17:50:00,NA,3,3,MOD
560,18/7/2016,20:05:00,NA,4,4,MYD
50,18/7/2016,16:55:00,NA,4,4,MOD
55,19/7/2016,17:40:00,NA,2,2,MOD
564,20/7/2016,19:50:00,NA,2,2,MYD
57,20/7/2016,16:45:00,NA,3,3,MOD
569,21/7/2016,20:35:00,NA,3,3,MYD
61,21/7/2016,17:30:00,NA,2,2,MOD
571,22/7/2016,19:40:00,NA,1,1,MYD
574,23/7/2016,20:20:00,NA,3,3,MYD
66,23/7/2016,17:15:00,NA,4,4,MOD
70,24/7/2016,18:00:00,0.413,3,2,MOD
579,25/7/2016,20:10:00,NA,4,4,MYD
71,25/7/2016,17:05:00,NA,2,2,MOD
75,26/7/2016,17:45:00,NA,2,2,MOD
584,27/7/2016,19:55:00,NA,4,4,MYD
77,27/7/2016,16:50:00,NA,2,2,MOD
81,28/7/2016,17:35:00,NA,3,3,MOD
590,29/7/2016,19:45:00,NA,2,2,MYD
593,30/7/2016,20:25:00,NA,2,2,MYD
85,30/7/2016,17:20:00,NA,5,5,MOD
595,31/7/2016,19:30:00,NA,3,3,MYD
599,1/8/2016,20:15:00,NA,2,2,MYD
91,1/8/2016,17:10:00,NA,3,3,MOD
601,2/8/2016,19:20:00,NA,2,2,MYD
93,2/8/2016,17:50:00,NA,1,1,MOD
605,3/8/2016,20:05:00,NA,4,4,MYD
95,3/8/2016,16:55:00,NA,3,3,MOD
100,4/8/2016,17:40:00,0.181,1,0,MOD
609,5/8/2016,19:50:00,NA,4,4,MYD
102,5/8/2016,16:45:00,NA,2,2,MOD
614,6/8/2016,20:35:00,NA,3,3,MYD
106,6/8/2016,17:30:00,NA,4,4,MOD
616,7/8/2016,19:40:00,NA,2,2,MYD
619,8/8/2016,20:20:00,NA,1,1,MYD
111,8/8/2016,17:15:00,NA,4,4,MOD
620,9/8/2016,19:25:00,NA,2,2,MYD
624,10/8/2016,20:10:00,NA,2,2,MYD
117,10/8/2016,17:05:00,NA,4,4,MOD
626,11/8/2016,19:15:00,NA,2,2,MYD
121,11/8/2016,17:45:00,NA,2,2,MOD
629,12/8/2016,19:55:00,NA,3,3,MYD
123,12/8/2016,16:50:00,NA,3,3,MOD
127,13/8/2016,17:35:00,0.593,2,0,MOD
635,14/8/2016,19:45:00,NA,3,3,MYD
638,15/8/2016,20:25:00,NA,2,2,MYD
131,15/8/2016,17:20:00,0.496,4,3,MOD
640,16/8/2016,19:30:00,NA,1,1,MYD
644,17/8/2016,20:15:00,NA,3,3,MYD
137,17/8/2016,17:10:00,NA,4,4,MOD
646,18/8/2016,19:20:00,NA,2,2,MYD
140,18/8/2016,17:50:00,NA,1,1,MOD
650,19/8/2016,20:05:00,NA,4,4,MYD
142,19/8/2016,16:55:00,NA,2,2,MOD
147,20/8/2016,17:40:00,NA,2,2,MOD
654,21/8/2016,19:50:00,NA,4,4,MYD
149,21/8/2016,16:45:00,0.484,1,0,MOD
659,22/8/2016,20:35:00,NA,3,3,MYD
153,22/8/2016,17:30:00,NA,3,3,MOD
661,23/8/2016,19:40:00,NA,3,3,MYD
154,23/8/2016,16:30:00,NA,2,2,MOD
664,24/8/2016,20:20:00,NA,2,2,MYD
158,24/8/2016,17:15:00,NA,4,4,MOD
669,26/8/2016,20:10:00,NA,4,4,MYD
164,26/8/2016,17:05:00,NA,2,2,MOD
671,27/8/2016,19:15:00,NA,2,2,MYD
168,27/8/2016,17:45:00,NA,2,2,MOD
674,28/8/2016,19:55:00,NA,4,4,MYD
170,28/8/2016,16:50:00,NA,2,2,MOD
174,29/8/2016,17:35:00,NA,1,1,MOD
679,30/8/2016,19:45:00,NA,2,2,MYD
176,30/8/2016,16:40:00,NA,3,3,MOD
683,31/8/2016,20:25:00,0.4795,3,1,MYD
179,31/8/2016,17:20:00,0.352,4,3,MOD
685,1/9/2016,19:30:00,NA,3,3,MYD
689,2/9/2016,20:15:00,NA,2,2,MYD
185,2/9/2016,17:10:00,NA,3,3,MOD
691,3/9/2016,19:20:00,NA,2,2,MYD
188,3/9/2016,17:50:00,NA,3,3,MOD
695,4/9/2016,20:05:00,NA,4,4,MYD
190,4/9/2016,16:55:00,NA,2,2,MOD
195,5/9/2016,17:40:00,NA,1,1,MOD
699,6/9/2016,19:50:00,NA,3,3,MYD
197,6/9/2016,16:45:00,NA,1,1,MOD
704,7/9/2016,20:35:00,NA,2,2,MYD
200,7/9/2016,17:25:00,0.408,3,2,MOD
706,8/9/2016,19:40:00,NA,2,2,MYD
709,9/9/2016,20:20:00,NA,1,1,MYD
206,9/9/2016,17:15:00,0.445,5,3,MOD
710,10/9/2016,19:25:00,NA,1,1,MYD
209,10/9/2016,18:00:00,0.336,2,0,MOD
714,11/9/2016,20:10:00,NA,3,3,MYD
211,11/9/2016,17:05:00,NA,4,4,MOD
716,12/9/2016,19:15:00,NA,1,1,MYD
215,12/9/2016,17:45:00,NA,3,3,MOD
719,13/9/2016,19:55:00,NA,4,4,MYD
217,13/9/2016,16:50:00,NA,2,2,MOD
222,14/9/2016,17:35:00,0.459,3,1,MOD
724,15/9/2016,19:45:00,NA,4,4,MYD
224,15/9/2016,16:40:00,NA,2,2,MOD
728,16/9/2016,20:25:00,NA,3,3,MYD
227,16/9/2016,17:20:00,NA,4,4,MOD
730,17/9/2016,19:30:00,NA,3,3,MYD
734,18/9/2016,20:15:00,NA,2,2,MYD
232,18/9/2016,17:10:00,NA,4,4,MOD
736,19/9/2016,19:20:00,NA,2,2,MYD
740,20/9/2016,20:05:00,NA,4,4,MYD
238,20/9/2016,16:55:00,NA,1,1,MOD
243,21/9/2016,17:40:00,NA,2,2,MOD
745,22/9/2016,19:50:00,NA,3,3,MYD
245,22/9/2016,16:45:00,NA,2,2,MOD
750,23/9/2016,20:35:00,NA,2,2,MYD
248,23/9/2016,17:25:00,NA,2,2,MOD
752,24/9/2016,19:40:00,NA,4,4,MYD
755,25/9/2016,20:20:00,NA,1,1,MYD
254,25/9/2016,17:15:00,NA,4,4,MOD
756,26/9/2016,19:25:00,NA,1,1,MYD
257,26/9/2016,18:00:00,NA,1,1,MOD
760,27/9/2016,20:10:00,NA,3,3,MYD
259,27/9/2016,17:05:00,NA,4,4,MOD
762,28/9/2016,19:15:00,NA,2,2,MYD
263,28/9/2016,17:45:00,NA,3,3,MOD
765,29/9/2016,19:55:00,NA,5,5,MYD
265,29/9/2016,16:50:00,NA,1,1,MOD
270,30/9/2016,17:35:00,NA,2,2,MOD
770,1/10/2016,19:45:00,NA,4,4,MYD
774,2/10/2016,20:25:00,NA,1,1,MYD
275,2/10/2016,17:20:00,NA,3,3,MOD
776,3/10/2016,19:30:00,NA,1,1,MYD
780,4/10/2016,20:15:00,NA,3,3,MYD
280,4/10/2016,17:10:00,NA,2,2,MOD
782,5/10/2016,19:20:00,NA,2,2,MYD
786,6/10/2016,20:05:00,NA,4,4,MYD
285,6/10/2016,16:55:00,0.37533,3,0,MOD
290,7/10/2016,17:40:00,NA,1,1,MOD
790,8/10/2016,19:50:00,NA,4,4,MYD
795,9/10/2016,20:35:00,NA,2,2,MYD
295,9/10/2016,17:25:00,NA,2,2,MOD
797,10/10/2016,19:40:00,0.382,2,1,MYD
800,11/10/2016,20:20:00,NA,2,2,MYD
301,11/10/2016,17:15:00,NA,4,4,MOD
801,12/10/2016,19:25:00,NA,3,3,MYD
304,12/10/2016,18:00:00,0.294,2,1,MOD
805,13/10/2016,20:10:00,NA,3,3,MYD
306,13/10/2016,17:05:00,NA,4,4,MOD
807,14/10/2016,19:15:00,NA,1,1,MYD
310,14/10/2016,17:45:00,0.08333,3,0,MOD
810,15/10/2016,19:55:00,NA,5,5,MYD
312,15/10/2016,16:50:00,0.626,2,1,MOD
317,16/10/2016,17:35:00,NA,3,3,MOD
815,17/10/2016,19:45:00,NA,4,4,MYD
819,18/10/2016,20:25:00,NA,2,2,MYD
322,18/10/2016,17:20:00,0.497,4,3,MOD
821,19/10/2016,19:30:00,0.254,2,1,MYD
825,20/10/2016,20:15:00,NA,1,1,MYD
327,20/10/2016,17:10:00,NA,3,3,MOD
827,21/10/2016,19:20:00,NA,2,2,MYD
831,22/10/2016,20:05:00,NA,3,3,MYD
333,22/10/2016,16:55:00,NA,3,3,MOD
338,23/10/2016,17:40:00,NA,3,3,MOD
835,24/10/2016,19:50:00,NA,4,4,MYD
340,24/10/2016,16:45:00,NA,2,2,MOD
840,25/10/2016,20:35:00,NA,2,2,MYD
343,25/10/2016,17:25:00,NA,3,3,MOD
842,26/10/2016,19:40:00,NA,2,2,MYD
845,27/10/2016,20:20:00,NA,3,3,MYD
349,27/10/2016,17:15:00,NA,4,4,MOD
846,28/10/2016,19:25:00,NA,3,3,MYD
352,28/10/2016,18:00:00,NA,1,1,MOD
850,29/10/2016,20:10:00,NA,4,4,MYD
354,29/10/2016,17:05:00,0.341,4,3,MOD
852,30/10/2016,19:15:00,NA,2,2,MYD
358,30/10/2016,17:45:00,NA,3,3,MOD
855,31/10/2016,19:55:00,NA,4,4,MYD
360,31/10/2016,16:50:00,NA,1,1,MOD
365,1/11/2016,17:35:00,0.175,2,0,MOD
860,2/11/2016,19:45:00,NA,2,2,MYD
367,2/11/2016,16:40:00,0.327,1,0,MOD
864,3/11/2016,20:25:00,NA,1,1,MYD
370,3/11/2016,17:20:00,NA,4,4,MOD
866,4/11/2016,19:30:00,NA,1,1,MYD
870,5/11/2016,20:15:00,NA,3,3,MYD
375,5/11/2016,17:10:00,NA,4,4,MOD
872,6/11/2016,19:20:00,NA,2,2,MYD
876,7/11/2016,20:05:00,0.411,4,2,MYD
381,7/11/2016,16:55:00,NA,2,2,MOD
386,8/11/2016,17:40:00,NA,3,3,MOD
880,9/11/2016,19:50:00,NA,2,2,MYD
388,9/11/2016,16:45:00,NA,2,2,MOD
885,10/11/2016,20:35:00,NA,1,1,MYD
391,10/11/2016,17:25:00,NA,3,3,MOD
887,11/11/2016,19:40:00,NA,2,2,MYD
890,12/11/2016,20:20:00,NA,2,2,MYD
397,12/11/2016,17:15:00,NA,3,3,MOD
891,13/11/2016,19:25:00,NA,1,1,MYD
895,14/11/2016,20:10:00,NA,4,4,MYD
403,14/11/2016,17:05:00,NA,3,3,MOD
897,15/11/2016,19:15:00,NA,2,2,MYD
407,15/11/2016,17:45:00,NA,3,3,MOD
900,16/11/2016,19:55:00,NA,4,4,MYD
409,16/11/2016,16:50:00,NA,1,1,MOD
414,17/11/2016,17:35:00,NA,2,2,MOD
905,18/11/2016,19:45:00,NA,2,2,MYD
908,19/11/2016,20:25:00,NA,1,1,MYD
419,19/11/2016,17:20:00,NA,4,4,MOD
910,20/11/2016,19:30:00,NA,3,3,MYD
914,21/11/2016,20:15:00,0.227,4,3,MYD
424,21/11/2016,17:10:00,NA,3,3,MOD
916,22/11/2016,19:20:00,NA,1,1,MYD
920,23/11/2016,20:05:00,0.2805,4,2,MYD
430,23/11/2016,16:55:00,0.332,5,2,MOD
435,24/11/2016,17:40:00,NA,2,2,MOD
924,25/11/2016,19:50:00,0.395,3,1,MYD
437,25/11/2016,16:45:00,0.547,1,0,MOD
440,26/11/2016,17:25:00,NA,3,3,MOD
931,27/11/2016,19:40:00,NA,3,3,MYD
934,28/11/2016,20:20:00,NA,1,1,MYD
446,28/11/2016,17:15:00,0.2,4,2,MOD
935,29/11/2016,19:25:00,0.095,2,1,MYD
449,29/11/2016,18:00:00,0.073,2,1,MOD
939,30/11/2016,20:10:00,NA,4,4,MYD
451,30/11/2016,17:05:00,0.258,4,3,MOD
941,1/12/2016,19:15:00,NA,2,2,MYD
455,1/12/2016,17:45:00,0.10167,3,0,MOD
944,2/12/2016,19:55:00,NA,4,4,MYD
457,2/12/2016,16:50:00,NA,1,1,MOD
462,3/12/2016,17:35:00,0.127,1,0,MOD
950,4/12/2016,19:45:00,NA,3,3,MYD
953,5/12/2016,20:25:00,NA,1,1,MYD
467,5/12/2016,17:20:00,0.1605,4,2,MOD
955,6/12/2016,19:30:00,0.098,3,1,MYD
959,7/12/2016,20:15:00,NA,4,4,MYD
472,7/12/2016,17:10:00,0.183,3,2,MOD
961,8/12/2016,19:20:00,NA,3,3,MYD
965,9/12/2016,20:05:00,NA,4,4,MYD
478,9/12/2016,16:55:00,NA,3,3,MOD
483,10/12/2016,17:40:00,NA,3,3,MOD
969,11/12/2016,19:50:00,0.424,4,2,MYD
974,12/12/2016,20:35:00,0.411,1,0,MYD
488,12/12/2016,17:25:00,0.3425,4,2,MOD
976,13/12/2016,19:40:00,0.3095,3,1,MYD
979,14/12/2016,20:20:00,0.299,2,1,MYD
494,14/12/2016,17:15:00,0.22033,4,1,MOD
980,15/12/2016,19:25:00,NA,1,1,MYD
497,15/12/2016,18:00:00,NA,2,2,MOD
984,16/12/2016,20:10:00,NA,3,3,MYD
499,16/12/2016,17:05:00,0.4495,3,1,MOD
986,17/12/2016,19:15:00,NA,2,2,MYD
503,17/12/2016,17:45:00,NA,2,2,MOD
989,18/12/2016,19:55:00,NA,4,4,MYD
505,18/12/2016,16:50:00,NA,2,2,MOD
510,19/12/2016,17:35:00,NA,2,2,MOD
995,20/12/2016,19:45:00,0.2425,5,3,MYD
998,21/12/2016,20:25:00,0.256,1,0,MYD
515,21/12/2016,17:20:00,0.1455,4,2,MOD
1000,22/12/2016,19:30:00,0.2605,3,1,MYD
1004,23/12/2016,20:15:00,0.385,2,1,MYD
520,23/12/2016,17:10:00,0.343,3,1,MOD
1006,24/12/2016,19:20:00,NA,2,2,MYD
1010,25/12/2016,20:05:00,0.34733,4,1,MYD
257,25/12/2016,16:55:00,0.38625,4,0,MOD
258,26/12/2016,17:40:00,0.23367,4,1,MOD
1013,27/12/2016,19:50:00,0.441,4,3,MYD
259,27/12/2016,16:45:00,NA,1,1,MOD
1018,28/12/2016,20:35:00,0.3475,3,1,MYD
1020,29/12/2016,19:40:00,0.155,1,0,MYD
1023,30/12/2016,20:20:00,NA,2,2,MYD
264,30/12/2016,17:15:00,NA,4,4,MOD
1024,31/12/2016,19:25:00,NA,1,1,MYD
266,31/12/2016,18:00:00,NA,2,2,MOD
223,1/1/2017,20:10:00,NA,2,2,MYD
2,1/1/2017,17:05:00,0.55633,4,1,MOD
225,2/1/2017,19:15:00,0.08,2,1,MYD
6,2/1/2017,17:45:00,0.076,1,0,MOD
228,3/1/2017,19:55:00,0.3735,4,0,MYD
8,3/1/2017,16:50:00,0.458,3,2,MOD
13,4/1/2017,17:35:00,0.142,2,1,MOD
234,5/1/2017,19:45:00,0.077,4,2,MYD
237,6/1/2017,20:25:00,0.487,1,0,MYD
18,6/1/2017,17:20:00,0.26167,4,1,MOD
239,7/1/2017,19:30:00,NA,2,2,MYD
243,8/1/2017,20:15:00,0.573,3,1,MYD
23,8/1/2017,17:10:00,NA,4,4,MOD
245,9/1/2017,19:20:00,NA,3,3,MYD
249,10/1/2017,20:05:00,0.26067,4,1,MYD
29,10/1/2017,16:55:00,NA,2,2,MOD
34,11/1/2017,17:40:00,0.244,1,0,MOD
253,12/1/2017,19:50:00,0.228,4,2,MYD
36,12/1/2017,16:45:00,NA,2,2,MOD
258,13/1/2017,20:35:00,NA,2,2,MYD
39,13/1/2017,17:25:00,0.1775,4,2,MOD
260,14/1/2017,19:40:00,0.37833,3,0,MYD
263,15/1/2017,20:20:00,0.491,3,1,MYD
45,15/1/2017,17:15:00,0.263,4,2,MOD
264,16/1/2017,19:25:00,NA,2,2,MYD
268,17/1/2017,20:10:00,NA,3,3,MYD
51,17/1/2017,17:05:00,NA,3,3,MOD
270,18/1/2017,19:15:00,NA,2,2,MYD
273,19/1/2017,19:55:00,NA,3,3,MYD
57,19/1/2017,16:50:00,NA,3,3,MOD
277,20/1/2017,20:40:00,NA,1,1,MYD
61,20/1/2017,17:35:00,0.0825,2,0,MOD
279,21/1/2017,19:45:00,0.09833,4,1,MYD
63,21/1/2017,16:40:00,NA,2,2,MOD
283,22/1/2017,20:30:00,0.278,2,0,MYD
66,22/1/2017,17:20:00,0.12567,4,1,MOD
285,23/1/2017,19:35:00,0.1935,3,1,MYD
287,24/1/2017,20:15:00,0.352,1,0,MYD
71,24/1/2017,17:10:00,0.2965,4,2,MOD
289,25/1/2017,19:20:00,0.134,2,0,MYD
75,25/1/2017,17:50:00,0.107,1,0,MOD
293,26/1/2017,20:05:00,0.45167,4,1,MYD
77,26/1/2017,16:55:00,NA,2,2,MOD
82,27/1/2017,17:40:00,0.15,3,1,MOD
297,28/1/2017,19:50:00,0.412,4,1,MYD
83,28/1/2017,16:45:00,NA,3,3,MOD
302,29/1/2017,20:35:00,NA,2,2,MYD
86,29/1/2017,17:25:00,NA,4,4,MOD
304,30/1/2017,19:40:00,NA,2,2,MYD
307,31/1/2017,20:20:00,NA,2,2,MYD
92,31/1/2017,17:15:00,0.43933,4,1,MOD
308,1/2/2017,19:25:00,NA,2,2,MYD
312,2/2/2017,20:10:00,0.67,3,2,MYD
98,2/2/2017,17:05:00,0.463,2,1,MOD
314,3/2/2017,19:15:00,NA,1,1,MYD
102,3/2/2017,17:45:00,NA,1,1,MOD
317,4/2/2017,19:55:00,NA,4,4,MYD
104,4/2/2017,16:50:00,0.57,3,0,MOD
107,5/2/2017,17:35:00,0.433,4,2,MOD
323,6/2/2017,19:45:00,NA,4,4,MYD
109,6/2/2017,16:40:00,NA,1,1,MOD
327,7/2/2017,20:30:00,0.375,1,0,MYD
112,7/2/2017,17:20:00,0.245,4,1,MOD
329,8/2/2017,19:35:00,NA,2,2,MYD
331,9/2/2017,20:15:00,0.235,2,1,MYD
117,9/2/2017,17:10:00,0.218,4,2,MOD
333,10/2/2017,19:20:00,NA,2,2,MYD
337,11/2/2017,20:05:00,0.19333,3,0,MYD
123,11/2/2017,16:55:00,NA,2,2,MOD
128,12/2/2017,17:40:00,0.1575,4,0,MOD
341,13/2/2017,19:50:00,0.859,2,1,MYD
129,13/2/2017,16:45:00,0.347,2,0,MOD
346,14/2/2017,20:35:00,NA,2,2,MYD
132,14/2/2017,17:25:00,0.3395,3,1,MOD
348,15/2/2017,19:40:00,0.175,2,1,MYD
351,16/2/2017,20:20:00,NA,2,2,MYD
138,16/2/2017,17:15:00,NA,4,4,MOD
353,17/2/2017,19:25:00,NA,1,1,MYD
142,17/2/2017,18:00:00,NA,1,1,MOD
357,18/2/2017,20:10:00,0.44367,4,1,MYD
144,18/2/2017,17:05:00,0.517,3,1,MOD
359,19/2/2017,19:15:00,0.1345,2,0,MYD
148,19/2/2017,17:45:00,0.102,2,1,MOD
362,20/2/2017,19:55:00,0.1595,4,2,MYD
150,20/2/2017,16:50:00,NA,3,3,MOD
154,21/2/2017,17:35:00,NA,3,3,MOD
368,22/2/2017,19:45:00,0.3615,3,1,MYD
159,23/2/2017,17:20:00,0.324,4,1,MOD
374,24/2/2017,19:35:00,0.215,1,0,MYD
377,25/2/2017,20:15:00,0.68133,4,1,MYD
164,25/2/2017,17:10:00,0.422,4,2,MOD
379,26/2/2017,19:20:00,0.1485,2,0,MYD
383,27/2/2017,20:05:00,0.3635,4,2,MYD
170,27/2/2017,16:55:00,0.421,4,2,MOD
175,28/2/2017,17:40:00,0.2205,2,0,MOD
387,1/3/2017,19:50:00,0.334,3,1,MYD
177,1/3/2017,16:45:00,0.306,3,1,MOD
391,2/3/2017,20:35:00,0.389,2,1,MYD
180,2/3/2017,17:25:00,0.252,3,1,MOD
393,3/3/2017,19:40:00,0.374,2,1,MYD
396,4/3/2017,20:20:00,NA,3,3,MYD
187,4/3/2017,17:15:00,0.5135,3,1,MOD
398,5/3/2017,19:25:00,NA,2,2,MYD
402,6/3/2017,20:10:00,NA,4,4,MYD
194,6/3/2017,17:05:00,NA,2,2,MOD
404,7/3/2017,19:15:00,NA,3,3,MYD
197,7/3/2017,17:45:00,NA,3,3,MOD
407,8/3/2017,19:55:00,NA,4,4,MYD
200,8/3/2017,16:50:00,0.5935,2,0,MOD
204,9/3/2017,17:35:00,0.554,3,2,MOD
412,10/3/2017,19:45:00,NA,3,3,MYD
416,11/3/2017,20:30:00,NA,1,1,MYD
210,11/3/2017,17:20:00,NA,4,4,MOD
418,12/3/2017,19:35:00,NA,2,2,MYD
421,13/3/2017,20:15:00,NA,3,3,MYD
218,13/3/2017,17:10:00,NA,4,4,MOD
427,15/3/2017,20:05:00,NA,4,4,MYD
224,15/3/2017,16:55:00,NA,4,4,MOD
228,16/3/2017,17:40:00,0.46767,3,0,MOD
432,17/3/2017,19:50:00,NA,4,4,MYD
231,17/3/2017,16:45:00,0.397,2,1,MOD
436,18/3/2017,20:35:00,NA,2,2,MYD
234,18/3/2017,17:25:00,0.217,4,2,MOD
438,19/3/2017,19:40:00,0.434,1,0,MYD
441,20/3/2017,20:20:00,NA,2,2,MYD
241,20/3/2017,17:15:00,0.469,4,3,MOD
443,21/3/2017,19:25:00,0.2035,2,0,MYD
446,22/3/2017,20:10:00,NA,4,4,MYD
248,22/3/2017,17:05:00,NA,2,2,MOD
452,24/3/2017,20:00:00,NA,4,4,MYD
254,24/3/2017,16:50:00,0.329,2,1,MOD
258,25/3/2017,17:35:00,0.216,4,1,MOD
457,26/3/2017,19:45:00,NA,2,2,MYD
261,26/3/2017,16:40:00,0.349,1,0,MOD
461,27/3/2017,20:30:00,NA,3,3,MYD
264,27/3/2017,17:20:00,0.249,4,2,MOD
463,28/3/2017,19:35:00,NA,3,3,MYD
466,29/3/2017,20:15:00,NA,2,2,MYD
272,29/3/2017,17:10:00,NA,4,4,MOD
467,30/3/2017,19:20:00,NA,2,2,MYD
276,30/3/2017,17:50:00,0.198,1,0,MOD
471,31/3/2017,20:05:00,NA,3,3,MYD
278,31/3/2017,16:55:00,NA,3,3,MOD
282,1/4/2017,17:40:00,0.067,2,0,MOD
476,2/4/2017,19:50:00,NA,4,4,MYD
285,2/4/2017,16:45:00,NA,2,2,MOD
480,3/4/2017,20:35:00,NA,1,1,MYD
288,3/4/2017,17:25:00,NA,3,3,MOD
482,4/4/2017,19:40:00,0.3775,2,0,MYD
291,4/4/2017,16:30:00,NA,1,1,MOD
485,5/4/2017,20:20:00,0.7445,2,0,MYD
295,5/4/2017,17:15:00,0.5755,4,2,MOD
487,6/4/2017,19:25:00,NA,1,1,MYD
490,7/4/2017,20:10:00,NA,3,3,MYD
302,7/4/2017,17:05:00,0.57,4,1,MOD
495,9/4/2017,19:55:00,NA,3,3,MYD
308,9/4/2017,16:50:00,0.575,2,1,MOD
499,10/4/2017,20:40:00,NA,1,1,MYD
312,10/4/2017,17:35:00,0.436,4,1,MOD
501,11/4/2017,19:45:00,NA,5,5,MYD
315,11/4/2017,16:40:00,0.54067,3,0,MOD
505,12/4/2017,20:30:00,0.412,2,0,MYD
318,12/4/2017,17:20:00,NA,4,4,MOD
507,13/4/2017,19:35:00,NA,2,2,MYD
510,14/4/2017,20:15:00,NA,2,2,MYD
326,14/4/2017,17:10:00,0.6295,4,2,MOD
512,15/4/2017,19:20:00,NA,2,2,MYD
317,15/4/2017,17:50:00,NA,2,2,MOD
516,16/4/2017,20:05:00,NA,4,4,MYD
331,16/4/2017,16:55:00,0.542,2,0,MOD
335,17/4/2017,17:40:00,NA,2,2,MOD
520,18/4/2017,19:50:00,NA,4,4,MYD
338,18/4/2017,16:45:00,NA,2,2,MOD
341,19/4/2017,17:25:00,NA,2,2,MOD
526,20/4/2017,19:40:00,0.283,1,0,MYD
344,20/4/2017,16:30:00,0.2775,2,0,MOD
529,21/4/2017,20:20:00,NA,1,1,MYD
348,21/4/2017,17:15:00,0.52267,4,1,MOD
531,22/4/2017,19:25:00,0.239,1,0,MYD
535,23/4/2017,20:10:00,NA,3,3,MYD
355,23/4/2017,17:05:00,0.569,3,2,MOD
537,24/4/2017,19:15:00,NA,1,1,MYD
540,25/4/2017,19:55:00,NA,4,4,MYD
358,25/4/2017,16:50:00,0.773,1,0,MOD
362,26/4/2017,17:35:00,0.14633,3,0,MOD
545,27/4/2017,19:45:00,NA,3,3,MYD
365,27/4/2017,16:40:00,NA,2,2,MOD
549,28/4/2017,20:30:00,NA,2,2,MYD
368,28/4/2017,17:20:00,NA,4,4,MOD
551,29/4/2017,19:35:00,NA,1,1,MYD
554,30/4/2017,20:15:00,NA,1,1,MYD
376,30/4/2017,17:10:00,0.601,2,1,MOD
556,1/5/2017,19:20:00,NA,2,2,MYD
381,1/5/2017,17:50:00,0.659,1,0,MOD
560,2/5/2017,20:05:00,NA,5,5,MYD
383,2/5/2017,16:55:00,0.957,2,0,MOD
388,3/5/2017,17:40:00,NA,2,2,MOD
564,4/5/2017,19:50:00,NA,4,4,MYD
390,4/5/2017,16:45:00,1.904,1,0,MOD
569,5/5/2017,20:35:00,NA,3,3,MYD
393,5/5/2017,17:25:00,0.6705,3,1,MOD
571,6/5/2017,19:40:00,NA,1,1,MYD
395,6/5/2017,16:30:00,NA,1,1,MOD
574,7/5/2017,20:20:00,NA,2,2,MYD
399,7/5/2017,17:15:00,0.71725,4,0,MOD
576,8/5/2017,19:25:00,NA,2,2,MYD
580,9/5/2017,20:10:00,NA,3,3,MYD
405,9/5/2017,17:05:00,NA,1,1,MOD
582,10/5/2017,19:15:00,NA,2,2,MYD
585,11/5/2017,19:55:00,NA,4,4,MYD
411,11/5/2017,16:50:00,0.641,1,0,MOD
416,12/5/2017,17:35:00,0.8655,3,1,MOD
591,13/5/2017,19:45:00,0.62,2,1,MYD
418,13/5/2017,16:40:00,0.671,2,0,MOD
595,14/5/2017,20:30:00,NA,1,1,MYD
421,14/5/2017,17:20:00,1.3635,4,2,MOD
597,15/5/2017,19:35:00,NA,1,1,MYD
600,16/5/2017,20:15:00,NA,4,4,MYD
426,16/5/2017,17:10:00,1.095,3,2,MOD
602,17/5/2017,19:20:00,NA,1,1,MYD
430,17/5/2017,17:50:00,NA,2,2,MOD
606,18/5/2017,20:05:00,1.385,4,3,MYD
432,18/5/2017,16:55:00,0.65133,3,0,MOD
437,19/5/2017,17:40:00,0.631,2,0,MOD
610,20/5/2017,19:50:00,NA,4,4,MYD
439,20/5/2017,16:45:00,0.55533,3,0,MOD
615,21/5/2017,20:35:00,NA,3,3,MYD
442,21/5/2017,17:25:00,0.568,3,1,MOD
617,22/5/2017,19:40:00,0.668,3,2,MYD
444,22/5/2017,16:30:00,0.765,1,0,MOD
620,23/5/2017,20:20:00,0.769,2,0,MYD
448,23/5/2017,17:15:00,0.562,4,2,MOD
622,24/5/2017,19:25:00,NA,1,1,MYD
626,25/5/2017,20:10:00,NA,5,5,MYD
628,26/5/2017,19:15:00,NA,1,1,MYD
631,27/5/2017,19:55:00,NA,3,3,MYD
458,27/5/2017,16:50:00,NA,1,1,MOD
463,28/5/2017,17:35:00,0.697,3,2,MOD
637,29/5/2017,19:45:00,NA,4,4,MYD
465,29/5/2017,16:40:00,NA,2,2,MOD
468,30/5/2017,17:20:00,NA,4,4,MOD
643,31/5/2017,19:35:00,NA,1,1,MYD
646,1/6/2017,20:15:00,NA,4,4,MYD
473,1/6/2017,17:10:00,NA,4,4,MOD
648,2/6/2017,19:20:00,NA,1,1,MYD
477,2/6/2017,17:50:00,NA,1,1,MOD
652,3/6/2017,20:05:00,0.458,4,3,MYD
479,3/6/2017,16:55:00,0.5345,2,0,MOD
484,4/6/2017,17:40:00,0.478,2,0,MOD
656,5/6/2017,19:50:00,NA,4,4,MYD
486,5/6/2017,16:45:00,NA,1,1,MOD
661,6/6/2017,20:35:00,NA,3,3,MYD
489,6/6/2017,17:25:00,NA,5,5,MOD
663,7/6/2017,19:40:00,NA,2,2,MYD
491,7/6/2017,16:30:00,NA,1,1,MOD
666,8/6/2017,20:20:00,NA,1,1,MYD
495,8/6/2017,17:15:00,NA,4,4,MOD
668,9/6/2017,19:25:00,NA,2,2,MYD
672,10/6/2017,20:10:00,NA,4,4,MYD
501,10/6/2017,17:05:00,NA,4,4,MOD
674,11/6/2017,19:15:00,NA,2,2,MYD
505,11/6/2017,17:45:00,0.478,1,0,MOD
677,12/6/2017,19:55:00,NA,4,4,MYD
507,12/6/2017,16:50:00,NA,1,1,MOD
512,13/6/2017,17:35:00,0.31225,4,0,MOD
683,14/6/2017,19:45:00,NA,2,2,MYD
514,14/6/2017,16:40:00,NA,2,2,MOD
517,15/6/2017,17:20:00,NA,5,5,MOD
689,16/6/2017,19:35:00,NA,1,1,MYD
691,17/6/2017,20:15:00,NA,2,2,MYD
522,17/6/2017,17:10:00,0.438,4,3,MOD
693,18/6/2017,19:20:00,NA,2,2,MYD
526,18/6/2017,17:50:00,NA,2,2,MOD
697,19/6/2017,20:05:00,0.292,3,2,MYD
528,19/6/2017,16:55:00,1.086,2,1,MOD
533,20/6/2017,17:40:00,0.214,2,0,MOD
701,21/6/2017,19:50:00,NA,4,4,MYD
535,21/6/2017,16:45:00,NA,1,1,MOD
706,22/6/2017,20:35:00,NA,2,2,MYD
538,22/6/2017,17:25:00,NA,3,3,MOD
708,23/6/2017,19:40:00,0.201,3,2,MYD
540,23/6/2017,16:30:00,0.203,1,0,MOD
711,24/6/2017,20:20:00,NA,3,3,MYD
544,24/6/2017,17:15:00,NA,4,4,MOD
712,25/6/2017,19:25:00,NA,1,1,MYD
716,26/6/2017,20:10:00,NA,4,4,MYD
550,26/6/2017,17:05:00,NA,3,3,MOD
718,27/6/2017,19:15:00,NA,2,2,MYD
554,27/6/2017,17:45:00,NA,1,1,MOD
721,28/6/2017,19:55:00,NA,4,4,MYD
556,28/6/2017,16:50:00,NA,2,2,MOD
561,29/6/2017,17:35:00,NA,2,2,MOD
727,30/6/2017,19:45:00,NA,2,2,MYD
563,30/6/2017,16:40:00,NA,2,2,MOD
731,1/7/2017,20:30:00,NA,3,3,MYD
1,1/7/2017,17:20:00,NA,4,4,MOD
732,2/7/2017,19:30:00,NA,1,1,MYD
736,3/7/2017,20:15:00,NA,2,2,MYD
6,3/7/2017,17:10:00,NA,2,2,MOD
738,4/7/2017,19:20:00,NA,2,2,MYD
10,4/7/2017,17:50:00,NA,1,1,MOD
742,5/7/2017,20:05:00,NA,4,4,MYD
15,6/7/2017,17:40:00,NA,3,3,MOD
746,7/7/2017,19:50:00,NA,4,4,MYD
17,7/7/2017,16:45:00,NA,2,2,MOD
751,8/7/2017,20:35:00,NA,3,3,MYD
20,8/7/2017,17:25:00,NA,3,3,MOD
753,9/7/2017,19:40:00,NA,3,3,MYD
756,10/7/2017,20:20:00,NA,2,2,MYD
26,10/7/2017,17:15:00,NA,4,4,MOD
761,12/7/2017,20:10:00,NA,3,3,MYD
31,12/7/2017,17:05:00,NA,4,4,MOD
763,13/7/2017,19:15:00,NA,1,1,MYD
35,13/7/2017,17:45:00,NA,3,3,MOD
766,14/7/2017,19:55:00,NA,5,5,MYD
37,14/7/2017,16:50:00,0.646,2,1,MOD
42,15/7/2017,17:35:00,NA,2,2,MOD
772,16/7/2017,19:45:00,NA,2,2,MYD
776,17/7/2017,20:30:00,NA,2,2,MYD
47,17/7/2017,17:20:00,NA,4,4,MOD
777,18/7/2017,19:30:00,NA,1,1,MYD
781,19/7/2017,20:15:00,NA,1,1,MYD
53,19/7/2017,17:10:00,NA,3,3,MOD
56,20/7/2017,17:50:00,0.533,1,0,MOD
787,21/7/2017,20:05:00,NA,4,4,MYD
58,21/7/2017,16:55:00,NA,1,1,MOD
63,22/7/2017,17:40:00,NA,3,3,MOD
791,23/7/2017,19:50:00,NA,3,3,MYD
65,23/7/2017,16:45:00,NA,1,1,MOD
796,24/7/2017,20:35:00,NA,2,2,MYD
68,24/7/2017,17:25:00,NA,4,4,MOD
798,25/7/2017,19:40:00,NA,2,2,MYD
801,26/7/2017,20:20:00,NA,1,1,MYD
74,26/7/2017,17:15:00,NA,4,4,MOD
78,27/7/2017,18:00:00,NA,3,3,MOD
806,28/7/2017,20:10:00,0.752,4,3,MYD
80,28/7/2017,17:05:00,0.495,4,3,MOD
808,29/7/2017,19:15:00,NA,1,1,MYD
84,29/7/2017,17:45:00,0.288,2,0,MOD
811,30/7/2017,19:55:00,0.407,4,3,MYD
86,30/7/2017,16:50:00,NA,1,1,MOD
91,31/7/2017,17:35:00,NA,2,2,MOD
817,1/8/2017,19:45:00,NA,3,3,MYD
93,1/8/2017,16:40:00,0.6495,2,0,MOD
820,2/8/2017,20:25:00,NA,2,2,MYD
96,2/8/2017,17:20:00,NA,5,5,MOD
822,3/8/2017,19:30:00,NA,2,2,MYD
826,4/8/2017,20:15:00,NA,2,2,MYD
102,4/8/2017,17:10:00,NA,4,4,MOD
828,5/8/2017,19:20:00,NA,1,1,MYD
105,5/8/2017,17:50:00,NA,1,1,MOD
832,6/8/2017,20:05:00,NA,4,4,MYD
107,6/8/2017,16:55:00,NA,4,4,MOD
112,7/8/2017,17:40:00,NA,2,2,MOD
836,8/8/2017,19:50:00,NA,4,4,MYD
114,8/8/2017,16:45:00,NA,1,1,MOD
841,9/8/2017,20:35:00,NA,1,1,MYD
117,9/8/2017,17:25:00,NA,1,1,MOD
118,9/8/2017,17:30:00,NA,2,2,MOD
843,10/8/2017,19:40:00,NA,3,3,MYD
119,10/8/2017,16:30:00,NA,2,2,MOD
846,11/8/2017,20:20:00,NA,3,3,MYD
123,11/8/2017,17:15:00,NA,4,4,MOD
847,12/8/2017,19:25:00,NA,1,1,MYD
127,12/8/2017,18:00:00,NA,1,1,MOD
851,13/8/2017,20:10:00,NA,4,4,MYD
129,13/8/2017,17:05:00,NA,3,3,MOD
853,14/8/2017,19:15:00,NA,2,2,MYD
133,14/8/2017,17:45:00,0.2985,2,0,MOD
856,15/8/2017,19:55:00,NA,4,4,MYD
135,15/8/2017,16:50:00,NA,2,2,MOD
140,16/8/2017,17:35:00,NA,3,3,MOD
862,17/8/2017,19:45:00,NA,3,3,MYD
142,17/8/2017,16:40:00,NA,2,2,MOD
865,18/8/2017,20:25:00,NA,2,2,MYD
145,18/8/2017,17:20:00,NA,4,4,MOD
867,19/8/2017,19:30:00,NA,3,3,MYD
871,20/8/2017,20:15:00,NA,2,2,MYD
151,20/8/2017,17:10:00,NA,4,4,MOD
873,21/8/2017,19:20:00,NA,3,3,MYD
154,21/8/2017,17:50:00,NA,1,1,MOD
877,22/8/2017,20:05:00,NA,4,4,MYD
156,22/8/2017,16:55:00,NA,2,2,MOD
161,23/8/2017,17:40:00,NA,1,1,MOD
881,24/8/2017,19:50:00,NA,3,3,MYD
163,24/8/2017,16:45:00,NA,1,1,MOD
886,25/8/2017,20:35:00,NA,3,3,MYD
166,25/8/2017,17:30:00,NA,4,4,MOD
888,26/8/2017,19:40:00,NA,3,3,MYD
167,26/8/2017,16:30:00,NA,1,1,MOD
891,27/8/2017,20:20:00,NA,2,2,MYD
171,27/8/2017,17:15:00,NA,4,4,MOD
892,28/8/2017,19:25:00,NA,2,2,MYD
896,29/8/2017,20:10:00,NA,3,3,MYD
177,29/8/2017,17:05:00,NA,4,4,MOD
898,30/8/2017,19:15:00,NA,2,2,MYD
181,30/8/2017,17:45:00,NA,3,3,MOD
901,31/8/2017,19:55:00,NA,4,4,MYD
183,31/8/2017,16:50:00,NA,1,1,MOD
905,1/9/2017,20:40:00,NA,2,2,MYD
188,1/9/2017,17:35:00,NA,1,1,MOD
907,2/9/2017,19:45:00,NA,4,4,MYD
190,2/9/2017,16:40:00,NA,2,2,MOD
910,3/9/2017,20:25:00,NA,2,2,MYD
193,3/9/2017,17:20:00,NA,3,3,MOD
912,4/9/2017,19:30:00,NA,2,2,MYD
916,5/9/2017,20:15:00,NA,2,2,MYD
199,5/9/2017,17:10:00,NA,4,4,MOD
918,6/9/2017,19:20:00,NA,1,1,MYD
922,7/9/2017,20:05:00,NA,4,4,MYD
204,7/9/2017,16:55:00,NA,3,3,MOD
209,8/9/2017,17:40:00,NA,3,3,MOD
926,9/9/2017,19:50:00,NA,4,4,MYD
931,10/9/2017,20:35:00,NA,2,2,MYD
214,10/9/2017,17:30:00,NA,4,4,MOD
933,11/9/2017,19:40:00,0.41,4,2,MYD
215,11/9/2017,16:30:00,0.2655,2,0,MOD
936,12/9/2017,20:20:00,NA,3,3,MYD
219,12/9/2017,17:15:00,0.2985,4,2,MOD
937,13/9/2017,19:25:00,NA,3,3,MYD
941,14/9/2017,20:10:00,NA,4,4,MYD
225,14/9/2017,17:05:00,NA,3,3,MOD
943,15/9/2017,19:15:00,NA,2,2,MYD
229,15/9/2017,17:45:00,0.1225,3,1,MOD
946,16/9/2017,19:55:00,0.655,3,2,MYD
231,16/9/2017,16:50:00,NA,1,1,MOD
950,17/9/2017,20:40:00,NA,1,1,MYD
236,17/9/2017,17:35:00,0.31,3,2,MOD
952,18/9/2017,19:45:00,NA,4,4,MYD
238,18/9/2017,16:40:00,NA,2,2,MOD
956,19/9/2017,20:30:00,NA,3,3,MYD
241,19/9/2017,17:20:00,NA,4,4,MOD
957,20/9/2017,19:30:00,NA,3,3,MYD
961,21/9/2017,20:15:00,NA,2,2,MYD
247,21/9/2017,17:10:00,NA,4,4,MOD
963,22/9/2017,19:20:00,NA,3,3,MYD
967,23/9/2017,20:05:00,NA,2,2,MYD
252,23/9/2017,16:55:00,NA,3,3,MOD
257,24/9/2017,17:40:00,NA,3,3,MOD
971,25/9/2017,19:50:00,NA,4,4,MYD
976,26/9/2017,20:35:00,NA,3,3,MYD
261,26/9/2017,17:25:00,NA,4,4,MOD
978,27/9/2017,19:40:00,NA,2,2,MYD
263,27/9/2017,16:30:00,NA,1,1,MOD
981,28/9/2017,20:20:00,NA,2,2,MYD
267,28/9/2017,17:15:00,NA,4,4,MOD
982,29/9/2017,19:25:00,NA,2,2,MYD
986,30/9/2017,20:10:00,NA,5,5,MYD
273,30/9/2017,17:05:00,NA,3,3,MOD
988,1/10/2017,19:15:00,NA,1,1,MYD
277,1/10/2017,17:45:00,NA,1,1,MOD
991,2/10/2017,19:55:00,NA,4,4,MYD
279,2/10/2017,16:50:00,NA,1,1,MOD
284,3/10/2017,17:35:00,NA,2,2,MOD
997,4/10/2017,19:45:00,NA,2,2,MYD
286,4/10/2017,16:40:00,NA,3,3,MOD
1001,5/10/2017,20:30:00,NA,1,1,MYD
289,5/10/2017,17:20:00,NA,3,3,MOD
1003,6/10/2017,19:35:00,NA,3,3,MYD
1005,7/10/2017,20:15:00,NA,4,4,MYD
295,7/10/2017,17:10:00,0.408,4,2,MOD
1007,8/10/2017,19:20:00,NA,2,2,MYD
298,8/10/2017,17:50:00,NA,2,2,MOD
1011,9/10/2017,20:05:00,NA,4,4,MYD
304,10/10/2017,17:40:00,NA,2,2,MOD
1015,11/10/2017,19:50:00,NA,4,4,MYD
306,11/10/2017,16:45:00,NA,1,1,MOD
1020,12/10/2017,20:35:00,NA,2,2,MYD
309,12/10/2017,17:25:00,NA,3,3,MOD
1022,13/10/2017,19:40:00,NA,3,3,MYD
311,13/10/2017,16:30:00,NA,3,3,MOD
1025,14/10/2017,20:20:00,NA,3,3,MYD
315,14/10/2017,17:15:00,0.3455,4,2,MOD
1026,15/10/2017,19:25:00,NA,3,3,MYD
1030,16/10/2017,20:10:00,NA,4,4,MYD
320,16/10/2017,17:05:00,NA,4,4,MOD
1032,17/10/2017,19:15:00,NA,3,3,MYD
324,17/10/2017,17:45:00,NA,2,2,MOD
1035,18/10/2017,19:55:00,NA,4,4,MYD
326,18/10/2017,16:50:00,NA,1,1,MOD
328,19/10/2017,17:35:00,0.40867,3,0,MOD
1041,20/10/2017,19:45:00,NA,3,3,MYD
330,20/10/2017,16:40:00,0.39,1,0,MOD
1045,21/10/2017,20:30:00,NA,1,1,MYD
333,21/10/2017,17:20:00,0.434,3,1,MOD
1047,22/10/2017,19:35:00,NA,2,2,MYD
1049,23/10/2017,20:15:00,NA,2,2,MYD
338,23/10/2017,17:10:00,NA,4,4,MOD
1051,24/10/2017,19:20:00,NA,2,2,MYD
342,24/10/2017,17:50:00,NA,2,2,MOD
1055,25/10/2017,20:05:00,0.434,5,4,MYD
344,25/10/2017,16:55:00,NA,3,3,MOD
349,26/10/2017,17:40:00,0.241,2,0,MOD
1059,27/10/2017,19:50:00,0.267,3,1,MYD
351,27/10/2017,16:45:00,NA,1,1,MOD
1064,28/10/2017,20:35:00,NA,1,1,MYD
354,28/10/2017,17:25:00,0.419,3,2,MOD
1066,29/10/2017,19:40:00,NA,2,2,MYD
356,29/10/2017,16:30:00,NA,1,1,MOD
1069,30/10/2017,20:20:00,NA,1,1,MYD
360,30/10/2017,17:15:00,NA,3,3,MOD
1070,31/10/2017,19:25:00,NA,3,3,MYD
363,31/10/2017,18:00:00,NA,2,2,MOD
1074,1/11/2017,20:10:00,NA,3,3,MYD
365,1/11/2017,17:05:00,NA,5,5,MOD
1076,2/11/2017,19:15:00,NA,2,2,MYD
369,2/11/2017,17:45:00,NA,2,2,MOD
1079,3/11/2017,19:55:00,0.223,4,2,MYD
371,3/11/2017,16:50:00,NA,2,2,MOD
376,4/11/2017,17:35:00,0.059,2,1,MOD
1085,5/11/2017,19:45:00,0.173,3,1,MYD
378,5/11/2017,16:40:00,NA,2,2,MOD
381,6/11/2017,17:20:00,0.211,4,2,MOD
1091,7/11/2017,19:35:00,0.109,3,1,MYD
1093,8/11/2017,20:15:00,0.265,3,2,MYD
386,8/11/2017,17:10:00,NA,2,2,MOD
1095,9/11/2017,19:20:00,NA,2,2,MYD
389,9/11/2017,17:50:00,NA,2,2,MOD
1099,10/11/2017,20:05:00,0.527,3,2,MYD
391,10/11/2017,16:55:00,NA,2,2,MOD
396,11/11/2017,17:40:00,NA,1,1,MOD
1103,12/11/2017,19:50:00,0.1995,4,2,MYD
398,12/11/2017,16:45:00,NA,2,2,MOD
1108,13/11/2017,20:35:00,NA,2,2,MYD
401,13/11/2017,17:25:00,0.1345,4,2,MOD
1110,14/11/2017,19:40:00,NA,2,2,MYD
1113,15/11/2017,20:20:00,0.208,2,1,MYD
407,15/11/2017,17:15:00,0.337,4,3,MOD
1114,16/11/2017,19:25:00,0.148,3,2,MYD
410,16/11/2017,18:00:00,0.095,2,0,MOD
1118,17/11/2017,20:10:00,0.312,5,3,MYD
412,17/11/2017,17:05:00,0.325,2,1,MOD
1120,18/11/2017,19:15:00,0.109,1,0,MYD
416,18/11/2017,17:45:00,0.083,1,0,MOD
1123,19/11/2017,19:55:00,NA,4,4,MYD
418,19/11/2017,16:50:00,NA,2,2,MOD
423,20/11/2017,17:35:00,0.18967,3,0,MOD
1129,21/11/2017,19:45:00,0.386,3,1,MYD
1133,22/11/2017,20:30:00,0.388,1,0,MYD
428,22/11/2017,17:20:00,0.236,4,1,MOD
1135,23/11/2017,19:35:00,0.3435,2,0,MYD
1137,24/11/2017,20:15:00,0.513,2,0,MYD
433,24/11/2017,17:10:00,0.388,3,2,MOD
1139,25/11/2017,19:20:00,NA,1,1,MYD
1143,26/11/2017,20:05:00,0.118,4,3,MYD
439,26/11/2017,16:55:00,NA,4,4,MOD
444,27/11/2017,17:40:00,0.11967,3,0,MOD
1147,28/11/2017,19:50:00,0.2445,3,1,MYD
446,28/11/2017,16:45:00,0.245,1,0,MOD
1152,29/11/2017,20:35:00,0.199,3,2,MYD
449,29/11/2017,17:25:00,0.1815,3,1,MOD
1154,30/11/2017,19:40:00,0.1715,3,1,MYD
1156,1/12/2017,20:20:00,0.341,2,0,MYD
455,1/12/2017,17:15:00,0.304,3,2,MOD
1158,2/12/2017,19:25:00,NA,2,2,MYD
1162,3/12/2017,20:10:00,0.615,3,1,MYD
461,3/12/2017,17:05:00,0.489,3,2,MOD
1164,4/12/2017,19:15:00,NA,2,2,MYD
1167,5/12/2017,19:55:00,0.31733,4,1,MYD
467,5/12/2017,16:50:00,NA,2,2,MOD
471,6/12/2017,17:35:00,0.20267,4,1,MOD
1173,7/12/2017,19:45:00,0.326,5,4,MYD
473,7/12/2017,16:40:00,0.271,2,1,MOD
1177,8/12/2017,20:30:00,NA,3,3,MYD
476,8/12/2017,17:20:00,NA,4,4,MOD
1179,9/12/2017,19:35:00,NA,3,3,MYD
1181,10/12/2017,20:15:00,NA,2,2,MYD
481,10/12/2017,17:10:00,0.2305,4,2,MOD
1183,11/12/2017,19:20:00,NA,2,2,MYD
485,11/12/2017,17:50:00,0.1665,2,0,MOD
1187,12/12/2017,20:05:00,0.135,4,2,MYD
487,12/12/2017,16:55:00,NA,3,3,MOD
492,13/12/2017,17:40:00,0.264,2,1,MOD
1191,14/12/2017,19:50:00,0.619,4,3,MYD
494,14/12/2017,16:45:00,NA,1,1,MOD
1196,15/12/2017,20:35:00,NA,2,2,MYD
497,15/12/2017,17:25:00,0.2135,3,1,MOD
1198,16/12/2017,19:40:00,NA,3,3,MYD
499,16/12/2017,16:30:00,NA,2,2,MOD
1201,17/12/2017,20:20:00,NA,3,3,MYD
503,17/12/2017,17:15:00,NA,4,4,MOD
1203,18/12/2017,19:25:00,NA,3,3,MYD
1207,19/12/2017,20:10:00,0.702,4,2,MYD
509,19/12/2017,17:05:00,NA,3,3,MOD
1209,20/12/2017,19:15:00,NA,3,3,MYD
513,20/12/2017,17:45:00,NA,3,3,MOD
1212,21/12/2017,19:55:00,0.31,3,0,MYD
515,21/12/2017,16:50:00,0.371,1,0,MOD
520,22/12/2017,17:35:00,NA,2,2,MOD
1218,23/12/2017,19:45:00,NA,4,4,MYD
522,23/12/2017,16:40:00,NA,2,2,MOD
1222,24/12/2017,20:30:00,0.335,1,0,MYD
525,24/12/2017,17:20:00,0.131,4,3,MOD
1224,25/12/2017,19:35:00,0.253,1,0,MYD
1227,26/12/2017,20:15:00,0.309,2,0,MYD
530,26/12/2017,17:10:00,0.41667,4,1,MOD
1229,27/12/2017,19:20:00,NA,2,2,MYD
534,27/12/2017,17:50:00,0.137,2,1,MOD
1233,28/12/2017,20:05:00,0.3115,4,2,MYD
536,28/12/2017,16:55:00,0.424,6,3,MOD
541,29/12/2017,17:40:00,NA,3,3,MOD
1237,30/12/2017,19:50:00,0.34,3,1,MYD
543,30/12/2017,16:45:00,NA,1,1,MOD
1242,31/12/2017,20:35:00,NA,2,2,MYD
546,31/12/2017,17:25:00,NA,4,4,MOD
2,1/1/2018,19:40:00,NA,2,2,MYD
1,1/1/2018,16:30:00,NA,2,2,MOD
5,2/1/2018,20:20:00,0.751,3,2,MYD
5,2/1/2018,17:15:00,0.563,3,1,MOD
7,3/1/2018,19:25:00,NA,2,2,MYD
11,4/1/2018,20:10:00,0.8445,3,1,MYD
11,4/1/2018,17:05:00,0.5755,3,1,MOD
13,5/1/2018,19:15:00,NA,2,2,MYD
15,5/1/2018,17:45:00,NA,2,2,MOD
16,6/1/2018,19:55:00,0.716,4,3,MYD
17,6/1/2018,16:50:00,0.449,3,2,MOD
22,7/1/2018,17:35:00,0.13,3,2,MOD
21,8/1/2018,19:45:00,0.22733,4,1,MYD
24,8/1/2018,16:40:00,0.325,2,1,MOD
25,9/1/2018,20:30:00,NA,2,2,MYD
27,9/1/2018,17:20:00,0.1545,4,2,MOD
27,10/1/2018,19:35:00,0.3055,2,0,MYD
30,11/1/2018,20:15:00,0.55,2,0,MYD
32,11/1/2018,17:10:00,0.37067,4,1,MOD
32,12/1/2018,19:20:00,0.116,2,1,MYD
36,12/1/2018,17:50:00,NA,3,3,MOD
36,13/1/2018,20:05:00,0.27733,3,0,MYD
38,13/1/2018,16:55:00,0.286,3,2,MOD
43,14/1/2018,17:40:00,0.236,3,2,MOD
41,15/1/2018,19:50:00,0.23933,4,1,MYD
45,15/1/2018,16:45:00,NA,2,2,MOD
45,16/1/2018,20:35:00,0.333,2,1,MYD
48,16/1/2018,17:25:00,0.27967,4,1,MOD
47,17/1/2018,19:40:00,NA,3,3,MYD
50,17/1/2018,16:30:00,NA,1,1,MOD
50,18/1/2018,20:20:00,NA,2,2,MYD
54,18/1/2018,17:15:00,0.486,4,3,MOD
52,19/1/2018,19:25:00,NA,1,1,MYD
56,20/1/2018,20:10:00,NA,3,3,MYD
60,20/1/2018,17:05:00,NA,2,2,MOD
58,21/1/2018,19:15:00,NA,2,2,MYD
64,21/1/2018,17:45:00,0.148,2,0,MOD
61,22/1/2018,19:55:00,0.63567,4,1,MYD
66,22/1/2018,16:50:00,NA,1,1,MOD
398,23/1/2018,17:35:00,NA,1,1,MOD
67,24/1/2018,19:45:00,NA,3,3,MYD
72,24/1/2018,16:40:00,NA,3,3,MOD
71,25/1/2018,20:30:00,NA,2,2,MYD
75,25/1/2018,17:20:00,NA,4,4,MOD
73,26/1/2018,19:35:00,NA,3,3,MYD
76,27/1/2018,20:15:00,NA,2,2,MYD
80,27/1/2018,17:10:00,NA,3,3,MOD
78,28/1/2018,19:20:00,NA,2,2,MYD
84,28/1/2018,17:50:00,NA,3,3,MOD
82,29/1/2018,20:05:00,NA,3,3,MYD
86,29/1/2018,16:55:00,NA,2,2,MOD
91,30/1/2018,17:40:00,NA,3,3,MOD
87,31/1/2018,19:50:00,NA,3,3,MYD
93,31/1/2018,16:45:00,NA,2,2,MOD
91,1/2/2018,20:35:00,NA,2,2,MYD
96,1/2/2018,17:25:00,NA,4,4,MOD
93,2/2/2018,19:40:00,0.345,2,0,MYD
98,2/2/2018,16:30:00,NA,3,3,MOD
96,3/2/2018,20:20:00,NA,1,1,MYD
102,3/2/2018,17:15:00,NA,4,4,MOD
98,4/2/2018,19:25:00,NA,3,3,MYD
101,5/2/2018,20:10:00,0.58,3,2,MYD
108,5/2/2018,17:05:00,NA,2,2,MOD
103,6/2/2018,19:15:00,NA,3,3,MYD
112,6/2/2018,17:45:00,0.3155,3,1,MOD
107,7/2/2018,20:00:00,NA,4,4,MYD
114,7/2/2018,16:50:00,NA,3,3,MOD
119,8/2/2018,17:35:00,NA,2,2,MOD
112,9/2/2018,19:45:00,NA,4,4,MYD
121,9/2/2018,16:40:00,NA,2,2,MOD
124,10/2/2018,17:20:00,NA,4,4,MOD
118,11/2/2018,19:35:00,NA,3,3,MYD
121,12/2/2018,20:15:00,NA,3,3,MYD
129,12/2/2018,17:10:00,0.556,3,1,MOD
122,13/2/2018,19:20:00,NA,2,2,MYD
133,13/2/2018,17:50:00,NA,2,2,MOD
126,14/2/2018,20:05:00,0.781,4,2,MYD
135,14/2/2018,16:55:00,NA,3,3,MOD
140,15/2/2018,17:40:00,0.261,2,1,MOD
131,16/2/2018,19:50:00,0.277,4,1,MYD
142,16/2/2018,16:45:00,NA,1,1,MOD
135,17/2/2018,20:35:00,0.2475,3,1,MYD
145,17/2/2018,17:25:00,0.26267,4,1,MOD
137,18/2/2018,19:40:00,0.4105,3,1,MYD
147,18/2/2018,16:30:00,0.3335,2,0,MOD
140,19/2/2018,20:20:00,NA,3,3,MYD
151,19/2/2018,17:15:00,0.621,4,1,MOD
142,20/2/2018,19:25:00,NA,1,1,MYD
146,21/2/2018,20:10:00,NA,4,4,MYD
157,21/2/2018,17:05:00,0.48,3,2,MOD
148,22/2/2018,19:15:00,NA,2,2,MYD
159,22/2/2018,17:45:00,0.279,2,0,MOD
152,23/2/2018,20:00:00,0.5685,4,2,MYD
161,23/2/2018,16:50:00,NA,3,3,MOD
166,24/2/2018,17:35:00,0.5235,3,1,MOD
157,25/2/2018,19:45:00,0.624,4,1,MYD
168,25/2/2018,16:40:00,0.436,2,0,MOD
171,26/2/2018,17:20:00,0.45967,4,1,MOD
163,27/2/2018,19:35:00,0.536,1,0,MYD
166,28/2/2018,20:15:00,0.7155,2,0,MYD
409,28/2/2018,17:10:00,0.47025,4,0,MOD
167,1/3/2018,19:20:00,NA,2,2,MYD
175,1/3/2018,17:50:00,NA,2,2,MOD
171,2/3/2018,20:05:00,0.66733,3,0,MYD
177,2/3/2018,16:55:00,0.548,2,1,MOD
182,3/3/2018,17:40:00,NA,2,2,MOD
176,4/3/2018,19:50:00,0.27967,5,2,MYD
184,4/3/2018,16:45:00,NA,3,3,MOD
179,5/3/2018,20:35:00,0.568,1,0,MYD
187,5/3/2018,17:25:00,0.28867,4,1,MOD
181,6/3/2018,19:40:00,NA,3,3,MYD
189,6/3/2018,16:30:00,0.488,2,0,MOD
184,7/3/2018,20:20:00,NA,1,1,MYD
193,7/3/2018,17:15:00,NA,4,4,MOD
186,8/3/2018,19:25:00,NA,2,2,MYD
190,9/3/2018,20:10:00,NA,2,2,MYD
198,9/3/2018,17:05:00,0.417,2,0,MOD
192,10/3/2018,19:15:00,NA,1,1,MYD
202,10/3/2018,17:45:00,0.171,1,0,MOD
196,11/3/2018,20:00:00,0.275,4,2,MYD
204,11/3/2018,16:50:00,NA,3,3,MOD
209,12/3/2018,17:35:00,0.517,2,0,MOD
200,13/3/2018,19:45:00,NA,4,4,MYD
211,13/3/2018,16:40:00,0.343,2,0,MOD
204,14/3/2018,20:30:00,NA,2,2,MYD
214,14/3/2018,17:20:00,0.64733,4,1,MOD
206,15/3/2018,19:35:00,NA,2,2,MYD
209,16/3/2018,20:15:00,NA,4,4,MYD
219,16/3/2018,17:10:00,0.391,4,1,MOD
210,17/3/2018,19:20:00,NA,2,2,MYD
222,17/3/2018,17:50:00,NA,3,3,MOD
214,18/3/2018,20:05:00,NA,4,4,MYD
224,18/3/2018,16:55:00,NA,1,1,MOD
229,19/3/2018,17:40:00,NA,1,1,MOD
219,20/3/2018,19:50:00,0.60333,3,0,MYD
231,20/3/2018,16:45:00,0.392,2,1,MOD
222,21/3/2018,20:35:00,NA,1,1,MYD
234,21/3/2018,17:25:00,0.5745,4,2,MOD
224,22/3/2018,19:40:00,NA,1,1,MYD
227,23/3/2018,20:20:00,0.373,3,1,MYD
240,23/3/2018,17:15:00,0.481,4,3,MOD
229,24/3/2018,19:25:00,0.166,1,0,MYD
233,25/3/2018,20:10:00,NA,4,4,MYD
246,25/3/2018,17:05:00,0.354,4,3,MOD
235,26/3/2018,19:15:00,0.451,2,1,MYD
250,26/3/2018,17:45:00,0.255,2,0,MOD
239,27/3/2018,20:00:00,0.883,4,3,MYD
252,27/3/2018,16:50:00,0.5465,2,0,MOD
256,28/3/2018,17:35:00,0.231,1,0,MOD
243,29/3/2018,19:45:00,NA,4,4,MYD
261,30/3/2018,17:20:00,NA,4,4,MOD
249,31/3/2018,19:35:00,NA,2,2,MYD
252,1/4/2018,20:15:00,NA,4,4,MYD
267,1/4/2018,17:10:00,NA,3,3,MOD
253,2/4/2018,19:20:00,NA,3,3,MYD
270,2/4/2018,17:50:00,0.394,3,2,MOD
257,3/4/2018,20:05:00,NA,4,4,MYD
272,3/4/2018,16:55:00,NA,2,2,MOD
277,4/4/2018,17:40:00,0.561,1,0,MOD
262,5/4/2018,19:50:00,NA,4,4,MYD
278,5/4/2018,16:45:00,0.567,1,0,MOD
266,6/4/2018,20:35:00,NA,1,1,MYD
282,6/4/2018,17:30:00,NA,4,4,MOD
268,7/4/2018,19:40:00,NA,2,2,MYD
284,7/4/2018,16:35:00,0.3945,2,0,MOD
271,8/4/2018,20:20:00,NA,2,2,MYD
287,8/4/2018,17:15:00,0.4495,4,2,MOD
273,9/4/2018,19:25:00,NA,3,3,MYD
291,9/4/2018,18:00:00,NA,1,1,MOD
277,10/4/2018,20:10:00,NA,3,3,MYD
293,10/4/2018,17:05:00,0.879,2,1,MOD
297,11/4/2018,17:45:00,NA,2,2,MOD
283,12/4/2018,20:00:00,NA,4,4,MYD
299,12/4/2018,16:50:00,NA,1,1,MOD
303,13/4/2018,17:35:00,NA,2,2,MOD
287,14/4/2018,19:45:00,NA,4,4,MYD
304,14/4/2018,16:40:00,0.293,1,0,MOD
291,15/4/2018,20:30:00,NA,1,1,MYD
307,15/4/2018,17:20:00,0.385,3,2,MOD
293,16/4/2018,19:35:00,NA,2,2,MYD
296,17/4/2018,20:15:00,NA,1,1,MYD
313,17/4/2018,17:10:00,0.615,3,2,MOD
301,19/4/2018,20:05:00,NA,4,4,MYD
317,19/4/2018,16:55:00,0.485,3,2,MOD
322,20/4/2018,17:40:00,0.24867,3,0,MOD
306,21/4/2018,19:50:00,NA,3,3,MYD
324,21/4/2018,16:45:00,0.4715,2,0,MOD
310,22/4/2018,20:35:00,NA,1,1,MYD
328,22/4/2018,17:30:00,NA,4,4,MOD
312,23/4/2018,19:40:00,NA,4,4,MYD
315,24/4/2018,20:20:00,NA,1,1,MYD
333,24/4/2018,17:15:00,0.73,4,1,MOD
317,25/4/2018,19:25:00,NA,2,2,MYD
337,25/4/2018,18:00:00,NA,3,3,MOD
321,26/4/2018,20:10:00,NA,4,4,MYD
338,26/4/2018,17:05:00,0.791,2,1,MOD
323,27/4/2018,19:15:00,NA,1,1,MYD
429,27/4/2018,17:45:00,0.693,2,1,MOD
327,28/4/2018,20:00:00,NA,4,4,MYD
343,28/4/2018,16:50:00,0.94067,3,0,MOD
347,29/4/2018,17:35:00,0.8905,3,1,MOD
332,30/4/2018,19:45:00,NA,4,4,MYD
348,30/4/2018,16:40:00,NA,3,3,MOD
336,1/5/2018,20:30:00,NA,2,2,MYD
351,1/5/2018,17:20:00,NA,2,2,MOD
338,2/5/2018,19:35:00,NA,3,3,MYD
341,3/5/2018,20:15:00,NA,2,2,MYD
357,3/5/2018,17:10:00,0.839,3,2,MOD
342,4/5/2018,19:20:00,NA,2,2,MYD
361,4/5/2018,17:55:00,0.58533,3,0,MOD
346,5/5/2018,20:05:00,1.3485,4,2,MYD
363,5/5/2018,17:00:00,NA,3,3,MOD
367,6/5/2018,17:40:00,NA,2,2,MOD
351,7/5/2018,19:50:00,NA,3,3,MYD
355,8/5/2018,20:35:00,NA,3,3,MYD
372,8/5/2018,17:30:00,NA,3,3,MOD
357,9/5/2018,19:40:00,NA,3,3,MYD
360,10/5/2018,20:20:00,NA,2,2,MYD
377,10/5/2018,17:15:00,0.19,4,3,MOD
362,11/5/2018,19:25:00,NA,1,1,MYD
381,11/5/2018,18:00:00,NA,1,1,MOD
366,12/5/2018,20:10:00,NA,1,1,MYD
382,12/5/2018,17:05:00,0.635,5,2,MOD
368,13/5/2018,19:15:00,NA,1,1,MYD
386,13/5/2018,17:45:00,NA,1,1,MOD
372,14/5/2018,20:00:00,0.5,3,1,MYD
388,14/5/2018,16:50:00,0.758,1,0,MOD
375,15/5/2018,20:40:00,NA,1,1,MYD
392,15/5/2018,17:35:00,0.182,3,0,MOD
377,16/5/2018,19:45:00,0.364,5,4,MYD
394,16/5/2018,16:40:00,0.356,2,0,MOD
381,17/5/2018,20:30:00,NA,3,3,MYD
397,17/5/2018,17:20:00,NA,5,5,MOD
383,18/5/2018,19:35:00,0.2825,2,0,MYD
386,19/5/2018,20:15:00,NA,2,2,MYD
403,19/5/2018,17:10:00,NA,4,4,MOD
387,20/5/2018,19:20:00,NA,1,1,MYD
391,21/5/2018,20:05:00,NA,5,5,MYD
409,21/5/2018,17:00:00,NA,3,3,MOD
413,22/5/2018,17:40:00,NA,3,3,MOD
396,23/5/2018,19:50:00,0.48,4,3,MYD
415,23/5/2018,16:45:00,0.5055,2,0,MOD
400,24/5/2018,20:35:00,0.52,2,1,MYD
419,24/5/2018,17:30:00,NA,1,1,MOD
402,25/5/2018,19:40:00,0.2875,3,1,MYD
421,25/5/2018,16:35:00,0.327,2,0,MOD
405,26/5/2018,20:20:00,NA,1,1,MYD
424,26/5/2018,17:15:00,NA,3,3,MOD
407,27/5/2018,19:25:00,0.211,3,1,MYD
410,28/5/2018,20:10:00,NA,4,4,MYD
429,28/5/2018,17:05:00,0.457,4,2,MOD
412,29/5/2018,19:15:00,0.247,2,0,MYD
433,29/5/2018,17:45:00,0.115,2,0,MOD
416,30/5/2018,20:00:00,0.286,4,3,MYD
435,30/5/2018,16:50:00,0.389,3,1,MOD
439,31/5/2018,17:35:00,0.071,2,1,MOD
421,1/6/2018,19:45:00,0.28667,3,0,MYD
425,2/6/2018,20:30:00,NA,1,1,MYD
444,2/6/2018,17:20:00,NA,4,4,MOD
427,3/6/2018,19:35:00,NA,3,3,MYD
430,4/6/2018,20:15:00,NA,2,2,MYD
450,4/6/2018,17:10:00,0.193,4,3,MOD
431,5/6/2018,19:20:00,NA,2,2,MYD
453,5/6/2018,17:55:00,0.285,1,0,MOD
435,6/6/2018,20:05:00,1.143,4,3,MYD
455,6/6/2018,17:00:00,NA,5,5,MOD
459,7/6/2018,17:40:00,NA,2,2,MOD
440,8/6/2018,19:50:00,NA,4,4,MYD
444,9/6/2018,20:35:00,NA,2,2,MYD
465,9/6/2018,17:30:00,NA,1,1,MOD
446,10/6/2018,19:40:00,0.57,4,3,MYD
467,10/6/2018,16:35:00,NA,1,1,MOD
449,11/6/2018,20:20:00,NA,2,2,MYD
470,11/6/2018,17:15:00,NA,4,4,MOD
451,12/6/2018,19:25:00,NA,1,1,MYD
474,12/6/2018,18:00:00,NA,1,1,MOD
454,13/6/2018,20:10:00,NA,3,3,MYD
476,13/6/2018,17:05:00,NA,4,4,MOD
456,14/6/2018,19:15:00,NA,1,1,MYD
479,14/6/2018,17:45:00,NA,2,2,MOD
460,15/6/2018,20:00:00,NA,4,4,MYD
481,15/6/2018,16:50:00,NA,2,2,MOD
485,16/6/2018,17:35:00,NA,4,4,MOD
465,17/6/2018,19:45:00,NA,2,2,MYD
487,17/6/2018,16:40:00,NA,1,1,MOD
469,18/6/2018,20:30:00,NA,2,2,MYD
490,18/6/2018,17:20:00,NA,5,5,MOD
471,19/6/2018,19:35:00,NA,2,2,MYD
474,20/6/2018,20:15:00,NA,2,2,MYD
496,20/6/2018,17:10:00,NA,4,4,MOD
476,21/6/2018,19:20:00,NA,1,1,MYD
499,21/6/2018,17:55:00,NA,2,2,MOD
480,22/6/2018,20:05:00,NA,4,4,MYD
501,22/6/2018,17:00:00,NA,1,1,MOD
505,23/6/2018,17:40:00,NA,1,1,MOD
485,24/6/2018,19:50:00,NA,4,4,MYD
507,24/6/2018,16:45:00,NA,2,2,MOD
489,25/6/2018,20:35:00,NA,2,2,MYD
511,25/6/2018,17:30:00,NA,5,5,MOD
491,26/6/2018,19:40:00,NA,2,2,MYD
494,27/6/2018,20:20:00,NA,1,1,MYD
516,27/6/2018,17:15:00,NA,4,4,MOD
520,28/6/2018,18:00:00,NA,2,2,MOD
499,29/6/2018,20:10:00,NA,3,3,MYD
522,29/6/2018,17:05:00,NA,4,4,MOD
505,1/7/2018,20:00:00,0.947,4,3,MYD
1,1/7/2018,16:50:00,NA,3,3,MOD
5,2/7/2018,17:35:00,NA,2,2,MOD
510,3/7/2018,19:45:00,NA,2,2,MYD
7,3/7/2018,16:40:00,NA,2,2,MOD
10,4/7/2018,17:20:00,NA,3,3,MOD
516,5/7/2018,19:35:00,NA,2,2,MYD
519,6/7/2018,20:15:00,NA,3,3,MYD
16,6/7/2018,17:10:00,NA,4,4,MOD
521,7/7/2018,19:20:00,NA,1,1,MYD
20,7/7/2018,17:55:00,0.147,2,1,MOD
525,8/7/2018,20:05:00,NA,5,5,MYD
22,8/7/2018,17:00:00,NA,4,4,MOD
26,9/7/2018,17:40:00,NA,3,3,MOD
530,10/7/2018,19:50:00,NA,4,4,MYD
28,10/7/2018,16:45:00,NA,1,1,MOD
534,11/7/2018,20:35:00,NA,3,3,MYD
32,11/7/2018,17:30:00,NA,4,4,MOD
536,12/7/2018,19:40:00,NA,2,2,MYD
539,13/7/2018,20:20:00,NA,1,1,MYD
37,13/7/2018,17:15:00,NA,4,4,MOD
541,14/7/2018,19:25:00,NA,3,3,MYD
41,14/7/2018,18:00:00,NA,2,2,MOD
544,15/7/2018,20:10:00,NA,4,4,MYD
43,15/7/2018,17:05:00,NA,2,2,MOD
546,16/7/2018,19:15:00,NA,2,2,MYD
550,17/7/2018,20:00:00,NA,4,4,MYD
48,17/7/2018,16:50:00,NA,2,2,MOD
553,18/7/2018,20:40:00,NA,3,3,MYD
52,18/7/2018,17:35:00,0.2025,2,0,MOD
555,19/7/2018,19:45:00,NA,1,1,MYD
54,19/7/2018,16:40:00,NA,3,3,MOD
57,20/7/2018,17:20:00,NA,4,4,MOD
561,21/7/2018,19:35:00,NA,2,2,MYD
564,22/7/2018,20:15:00,NA,2,2,MYD
63,22/7/2018,17:10:00,NA,4,4,MOD
565,23/7/2018,19:20:00,NA,2,2,MYD
67,23/7/2018,17:55:00,NA,1,1,MOD
569,24/7/2018,20:05:00,NA,4,4,MYD
69,24/7/2018,17:00:00,0.43,4,3,MOD
73,25/7/2018,17:40:00,0.235,2,0,MOD
574,26/7/2018,19:50:00,NA,4,4,MYD
75,26/7/2018,16:45:00,NA,2,2,MOD
79,27/7/2018,17:30:00,0.387,4,2,MOD
579,28/7/2018,19:40:00,NA,2,2,MYD
583,29/7/2018,20:25:00,NA,2,2,MYD
84,29/7/2018,17:15:00,NA,5,5,MOD
585,30/7/2018,19:30:00,NA,2,2,MYD
88,30/7/2018,18:00:00,NA,2,2,MOD
588,31/7/2018,20:10:00,NA,4,4,MYD
90,31/7/2018,17:05:00,NA,3,3,MOD
594,2/8/2018,20:00:00,NA,4,4,MYD
95,2/8/2018,16:50:00,NA,3,3,MOD
597,3/8/2018,20:40:00,NA,2,2,MYD
99,3/8/2018,17:35:00,NA,2,2,MOD
598,4/8/2018,19:45:00,NA,3,3,MYD
101,4/8/2018,16:40:00,NA,2,2,MOD
602,5/8/2018,20:30:00,NA,2,2,MYD
104,5/8/2018,17:20:00,NA,4,4,MOD
604,6/8/2018,19:35:00,NA,2,2,MYD
607,7/8/2018,20:15:00,NA,2,2,MYD
110,7/8/2018,17:10:00,NA,4,4,MOD
113,8/8/2018,17:55:00,NA,3,3,MOD
612,9/8/2018,20:05:00,NA,4,4,MYD
115,9/8/2018,17:00:00,NA,1,1,MOD
119,10/8/2018,17:40:00,NA,3,3,MOD
617,11/8/2018,19:50:00,NA,3,3,MYD
121,11/8/2018,16:45:00,0.79,1,0,MOD
125,12/8/2018,17:30:00,NA,4,4,MOD
623,13/8/2018,19:40:00,NA,2,2,MYD
627,14/8/2018,20:25:00,NA,3,3,MYD
130,14/8/2018,17:15:00,0.8375,4,2,MOD
628,15/8/2018,19:25:00,NA,3,3,MYD
134,15/8/2018,18:00:00,NA,2,2,MOD
632,16/8/2018,20:10:00,NA,2,2,MYD
136,16/8/2018,17:05:00,NA,4,4,MOD
634,17/8/2018,19:15:00,NA,2,2,MYD
139,17/8/2018,17:45:00,0.185,1,0,MOD
638,18/8/2018,20:00:00,NA,4,4,MYD
141,18/8/2018,16:50:00,NA,1,1,MOD
145,19/8/2018,17:35:00,NA,2,2,MOD
642,20/8/2018,19:45:00,NA,5,5,MYD
147,20/8/2018,16:40:00,NA,2,2,MOD
646,21/8/2018,20:30:00,NA,1,1,MYD
150,21/8/2018,17:20:00,NA,4,4,MOD
648,22/8/2018,19:35:00,NA,2,2,MYD
651,23/8/2018,20:15:00,NA,2,2,MYD
156,23/8/2018,17:10:00,NA,4,4,MOD
159,24/8/2018,17:55:00,NA,2,2,MOD
656,25/8/2018,20:05:00,NA,4,4,MYD
161,25/8/2018,17:00:00,NA,2,2,MOD
165,26/8/2018,17:40:00,NA,2,2,MOD
661,27/8/2018,19:50:00,NA,4,4,MYD
167,27/8/2018,16:45:00,NA,2,2,MOD
664,28/8/2018,20:35:00,NA,3,3,MYD
171,28/8/2018,17:30:00,NA,4,4,MOD
666,29/8/2018,19:40:00,NA,2,2,MYD
669,30/8/2018,20:20:00,NA,2,2,MYD
176,30/8/2018,17:15:00,NA,4,4,MOD
180,31/8/2018,18:00:00,NA,1,1,MOD
675,1/9/2018,20:10:00,NA,2,2,MYD
181,1/9/2018,17:05:00,NA,3,3,MOD
677,2/9/2018,19:15:00,NA,2,2,MYD
185,2/9/2018,17:45:00,NA,1,1,MOD
681,3/9/2018,20:00:00,NA,4,4,MYD
187,3/9/2018,16:50:00,NA,2,2,MOD
684,4/9/2018,20:40:00,NA,2,2,MYD
191,4/9/2018,17:35:00,NA,2,2,MOD
686,5/9/2018,19:45:00,NA,4,4,MYD
193,5/9/2018,16:40:00,NA,1,1,MOD
196,6/9/2018,17:20:00,NA,4,4,MOD
692,7/9/2018,19:35:00,NA,1,1,MYD
695,8/9/2018,20:15:00,NA,2,2,MYD
202,8/9/2018,17:10:00,NA,3,3,MOD
696,9/9/2018,19:20:00,NA,1,1,MYD
206,9/9/2018,17:55:00,NA,3,3,MOD
700,10/9/2018,20:05:00,NA,4,4,MYD
208,10/9/2018,17:00:00,NA,1,1,MOD
212,11/9/2018,17:40:00,NA,2,2,MOD
705,12/9/2018,19:50:00,NA,4,4,MYD
218,13/9/2018,17:30:00,NA,3,3,MOD
711,14/9/2018,19:40:00,NA,2,2,MYD
220,14/9/2018,16:35:00,NA,1,1,MOD
714,15/9/2018,20:20:00,NA,3,3,MYD
223,15/9/2018,17:15:00,NA,5,5,MOD
716,16/9/2018,19:25:00,NA,2,2,MYD
227,16/9/2018,18:00:00,NA,1,1,MOD
720,17/9/2018,20:10:00,NA,3,3,MYD
228,17/9/2018,17:05:00,NA,3,3,MOD
232,18/9/2018,17:45:00,NA,2,2,MOD
725,19/9/2018,19:55:00,NA,4,4,MYD
234,19/9/2018,16:50:00,0.68,2,0,MOD
238,20/9/2018,17:35:00,NA,4,4,MOD
730,21/9/2018,19:45:00,NA,4,4,MYD
240,21/9/2018,16:40:00,NA,1,1,MOD
734,22/9/2018,20:30:00,NA,1,1,MYD
243,22/9/2018,17:20:00,NA,3,3,MOD
736,23/9/2018,19:35:00,NA,2,2,MYD
739,24/9/2018,20:15:00,NA,3,3,MYD
249,24/9/2018,17:10:00,NA,4,4,MOD
741,25/9/2018,19:20:00,NA,2,2,MYD
253,25/9/2018,17:55:00,NA,3,3,MOD
745,26/9/2018,20:05:00,NA,4,4,MYD
255,26/9/2018,17:00:00,NA,5,5,MOD
259,27/9/2018,17:40:00,NA,2,2,MOD
749,28/9/2018,19:50:00,NA,5,5,MYD
261,28/9/2018,16:45:00,NA,2,2,MOD
754,29/9/2018,20:35:00,NA,2,2,MYD
264,29/9/2018,17:30:00,NA,4,4,MOD
756,30/9/2018,19:40:00,NA,2,2,MYD
266,30/9/2018,16:35:00,NA,2,2,MOD
759,1/10/2018,20:20:00,NA,1,1,MYD
269,1/10/2018,17:15:00,NA,4,4,MOD
761,2/10/2018,19:25:00,NA,2,2,MYD
765,3/10/2018,20:10:00,NA,4,4,MYD
274,3/10/2018,17:05:00,NA,5,5,MOD
767,4/10/2018,19:15:00,NA,1,1,MYD
278,4/10/2018,17:45:00,NA,1,1,MOD
770,5/10/2018,19:55:00,0.307,4,2,MYD
280,5/10/2018,16:50:00,NA,2,2,MOD
284,6/10/2018,17:35:00,NA,2,2,MOD
775,7/10/2018,19:45:00,NA,4,4,MYD
779,8/10/2018,20:30:00,NA,1,1,MYD
288,8/10/2018,17:20:00,NA,4,4,MOD
781,9/10/2018,19:35:00,NA,2,2,MYD
784,10/10/2018,20:15:00,NA,3,3,MYD
294,10/10/2018,17:10:00,NA,4,4,MOD
786,11/10/2018,19:20:00,NA,2,2,MYD
297,11/10/2018,17:50:00,NA,1,1,MOD
298,11/10/2018,17:55:00,NA,1,1,MOD
790,12/10/2018,20:05:00,NA,4,4,MYD
299,12/10/2018,16:55:00,NA,2,2,MOD
304,13/10/2018,17:40:00,NA,3,3,MOD
794,14/10/2018,19:50:00,NA,4,4,MYD
306,14/10/2018,16:45:00,NA,1,1,MOD
310,15/10/2018,17:30:00,NA,3,3,MOD
801,16/10/2018,19:40:00,NA,2,2,MYD
312,16/10/2018,16:35:00,NA,2,2,MOD
804,17/10/2018,20:20:00,NA,2,2,MYD
315,17/10/2018,17:15:00,NA,4,4,MOD
806,18/10/2018,19:25:00,NA,2,2,MYD
810,19/10/2018,20:10:00,NA,2,2,MYD
320,19/10/2018,17:05:00,NA,3,3,MOD
812,20/10/2018,19:15:00,NA,2,2,MYD
815,21/10/2018,19:55:00,NA,4,4,MYD
326,21/10/2018,16:50:00,NA,1,1,MOD
818,22/10/2018,20:40:00,NA,1,1,MYD
330,22/10/2018,17:35:00,NA,1,1,MOD
820,23/10/2018,19:45:00,0.179,3,2,MYD
331,23/10/2018,16:40:00,0.43,3,1,MOD
824,24/10/2018,20:30:00,NA,2,2,MYD
334,24/10/2018,17:20:00,0.31667,3,0,MOD
826,25/10/2018,19:35:00,NA,2,2,MYD
829,26/10/2018,20:15:00,NA,1,1,MYD
338,26/10/2018,17:10:00,0.425,4,3,MOD
831,27/10/2018,19:20:00,NA,3,3,MYD
835,28/10/2018,20:05:00,NA,4,4,MYD
342,28/10/2018,16:55:00,NA,2,2,MOD
347,29/10/2018,17:40:00,NA,2,2,MOD
839,30/10/2018,19:50:00,NA,4,4,MYD
353,31/10/2018,17:30:00,0.754,5,4,MOD
846,1/11/2018,19:40:00,NA,2,2,MYD
849,2/11/2018,20:20:00,NA,1,1,MYD
356,2/11/2018,17:15:00,NA,4,4,MOD
851,3/11/2018,19:25:00,NA,1,1,MYD
360,3/11/2018,18:00:00,NA,2,2,MOD
855,4/11/2018,20:10:00,NA,4,4,MYD
362,4/11/2018,17:05:00,NA,3,3,MOD
857,5/11/2018,19:15:00,NA,2,2,MYD
366,5/11/2018,17:45:00,NA,1,1,MOD
860,6/11/2018,19:55:00,0.305,4,2,MYD
368,6/11/2018,16:50:00,NA,1,1,MOD
372,7/11/2018,17:35:00,0.408,2,1,MOD
866,8/11/2018,19:45:00,0.253,4,2,MYD
376,9/11/2018,17:20:00,NA,4,4,MOD
872,10/11/2018,19:35:00,NA,3,3,MYD
874,11/11/2018,20:15:00,NA,3,3,MYD
382,11/11/2018,17:10:00,0.795,4,3,MOD
876,12/11/2018,19:20:00,NA,2,2,MYD
880,13/11/2018,20:05:00,NA,4,4,MYD
387,13/11/2018,16:55:00,NA,2,2,MOD
392,14/11/2018,17:40:00,NA,3,3,MOD
884,15/11/2018,19:50:00,0.234,4,2,MYD
889,16/11/2018,20:35:00,0.39,2,1,MYD
397,16/11/2018,17:30:00,0.183,3,0,MOD
891,17/11/2018,19:40:00,0.236,3,1,MYD
398,17/11/2018,16:30:00,NA,2,2,MOD
894,18/11/2018,20:20:00,NA,2,2,MYD
402,18/11/2018,17:15:00,NA,4,4,MOD
896,19/11/2018,19:25:00,0.101,2,1,MYD
406,19/11/2018,18:00:00,0.1,1,0,MOD
900,20/11/2018,20:10:00,0.487,3,1,MYD
408,20/11/2018,17:05:00,0.265,2,1,MOD
902,21/11/2018,19:15:00,NA,1,1,MYD
905,22/11/2018,19:55:00,0.27933,4,1,MYD
414,22/11/2018,16:50:00,0.402,1,0,MOD
419,23/11/2018,17:35:00,NA,2,2,MOD
911,24/11/2018,19:45:00,NA,4,4,MYD
421,24/11/2018,16:40:00,0.384,2,1,MOD
915,25/11/2018,20:30:00,NA,2,2,MYD
424,25/11/2018,17:20:00,0.3125,4,2,MOD
917,26/11/2018,19:35:00,NA,2,2,MYD
919,27/11/2018,20:15:00,NA,2,2,MYD
430,27/11/2018,17:10:00,0.389,4,3,MOD
921,28/11/2018,19:20:00,NA,2,2,MYD
925,29/11/2018,20:05:00,NA,4,4,MYD
435,29/11/2018,16:55:00,NA,3,3,MOD
440,30/11/2018,17:40:00,NA,2,2,MOD
929,1/12/2018,19:50:00,0.11,4,2,MYD
442,1/12/2018,16:45:00,NA,2,2,MOD
934,2/12/2018,20:35:00,NA,2,2,MYD
445,2/12/2018,17:25:00,0.103,3,0,MOD
936,3/12/2018,19:40:00,0.339,5,4,MYD
939,4/12/2018,20:20:00,NA,3,3,MYD
451,4/12/2018,17:15:00,0.5565,4,2,MOD
941,5/12/2018,19:25:00,NA,2,2,MYD
945,6/12/2018,20:10:00,0.463,4,3,MYD
454,6/12/2018,17:05:00,0.349,3,2,MOD
947,7/12/2018,19:15:00,NA,2,2,MYD
950,8/12/2018,19:55:00,0.216,3,2,MYD
460,8/12/2018,16:50:00,NA,2,2,MOD
954,9/12/2018,20:40:00,NA,2,2,MYD
465,9/12/2018,17:35:00,0.268,4,0,MOD
956,10/12/2018,19:45:00,NA,4,4,MYD
467,10/12/2018,16:40:00,NA,1,1,MOD
960,11/12/2018,20:30:00,NA,2,2,MYD
470,11/12/2018,17:20:00,NA,4,4,MOD
962,12/12/2018,19:35:00,NA,2,2,MYD
964,13/12/2018,20:15:00,NA,2,2,MYD
475,13/12/2018,17:10:00,NA,4,4,MOD
966,14/12/2018,19:20:00,NA,2,2,MYD
479,14/12/2018,17:50:00,0.1325,2,0,MOD
970,15/12/2018,20:05:00,0.504,4,2,MYD
481,15/12/2018,16:55:00,NA,3,3,MOD
486,16/12/2018,17:40:00,0.211,2,1,MOD
974,17/12/2018,19:50:00,NA,4,4,MYD
488,17/12/2018,16:45:00,NA,3,3,MOD
979,18/12/2018,20:35:00,0.444,3,2,MYD
491,18/12/2018,17:25:00,0.3735,5,3,MOD
981,19/12/2018,19:40:00,0.189,3,1,MYD
984,20/12/2018,20:20:00,0.159,3,2,MYD
497,20/12/2018,17:15:00,0.098,4,3,MOD
986,21/12/2018,19:25:00,0.1065,2,0,MYD
990,22/12/2018,20:10:00,0.2925,4,2,MYD
503,22/12/2018,17:05:00,NA,3,3,MOD
992,23/12/2018,19:15:00,NA,2,2,MYD
507,23/12/2018,17:45:00,NA,1,1,MOD
995,24/12/2018,19:55:00,0.396,4,3,MYD
509,24/12/2018,16:50:00,NA,1,1,MOD
999,25/12/2018,20:40:00,NA,1,1,MYD
514,25/12/2018,17:35:00,0.711,3,2,MOD
1001,26/12/2018,19:45:00,NA,4,4,MYD
516,26/12/2018,16:40:00,NA,2,2,MOD
1005,27/12/2018,20:30:00,NA,1,1,MYD
519,27/12/2018,17:20:00,0.172,4,3,MOD
1007,28/12/2018,19:35:00,NA,1,1,MYD
1010,29/12/2018,20:15:00,NA,2,2,MYD
524,29/12/2018,17:10:00,0.2055,4,2,MOD
1012,30/12/2018,19:20:00,NA,3,3,MYD
528,30/12/2018,17:50:00,0.148,1,0,MOD
1016,31/12/2018,20:05:00,NA,4,4,MYD
530,31/12/2018,16:55:00,NA,2,2,MOD
3,1/1/2019,17:40:00,NA,3,3,MOD
4,2/1/2019,19:50:00,NA,4,4,MYD
5,2/1/2019,16:45:00,NA,1,1,MOD
9,3/1/2019,20:35:00,NA,1,1,MYD
8,3/1/2019,17:25:00,NA,4,4,MOD
11,4/1/2019,19:40:00,NA,1,1,MYD
10,4/1/2019,16:30:00,0.203,2,1,MOD
14,5/1/2019,20:20:00,NA,2,2,MYD
14,5/1/2019,17:15:00,0.449,4,1,MOD
16,6/1/2019,19:25:00,NA,1,1,MYD
20,7/1/2019,20:10:00,0.542,3,2,MYD
20,7/1/2019,17:05:00,0.3085,4,2,MOD
22,8/1/2019,19:15:00,NA,3,3,MYD
25,9/1/2019,19:55:00,0.30325,5,1,MYD
26,9/1/2019,16:50:00,NA,1,1,MOD
29,10/1/2019,20:40:00,NA,1,1,MYD
31,10/1/2019,17:35:00,0.272,1,0,MOD
31,11/1/2019,19:45:00,0.48067,4,1,MYD
33,11/1/2019,16:40:00,0.37,1,0,MOD
35,12/1/2019,20:30:00,NA,2,2,MYD
36,12/1/2019,17:20:00,0.73367,4,1,MOD
37,13/1/2019,19:35:00,NA,3,3,MYD
40,14/1/2019,20:15:00,0.487,2,1,MYD
41,14/1/2019,17:10:00,NA,4,4,MOD
42,15/1/2019,19:20:00,NA,1,1,MYD
45,15/1/2019,17:50:00,NA,3,3,MOD
46,16/1/2019,20:05:00,NA,4,4,MYD
47,16/1/2019,16:55:00,NA,3,3,MOD
52,17/1/2019,17:40:00,NA,2,2,MOD
50,18/1/2019,19:50:00,NA,4,4,MYD
54,18/1/2019,16:45:00,0.559,2,1,MOD
55,19/1/2019,20:35:00,NA,2,2,MYD
57,19/1/2019,17:25:00,0.277,3,2,MOD
57,20/1/2019,19:40:00,0.174,3,1,MYD
59,20/1/2019,16:30:00,NA,2,2,MOD
60,21/1/2019,20:20:00,NA,1,1,MYD
63,21/1/2019,17:15:00,NA,3,3,MOD
62,22/1/2019,19:25:00,0.11867,3,0,MYD
66,23/1/2019,20:10:00,0.169,3,2,MYD
69,23/1/2019,17:05:00,NA,4,4,MOD
68,24/1/2019,19:15:00,0.098,2,1,MYD
73,24/1/2019,17:45:00,0.076,2,1,MOD
71,25/1/2019,19:55:00,NA,3,3,MYD
75,25/1/2019,16:50:00,NA,2,2,MOD
80,26/1/2019,17:35:00,0.158,1,0,MOD
76,27/1/2019,19:45:00,0.1675,3,1,MYD
82,27/1/2019,16:40:00,NA,2,2,MOD
80,28/1/2019,20:30:00,0.172,3,2,MYD
85,28/1/2019,17:20:00,0.16567,4,1,MOD
82,29/1/2019,19:35:00,0.366,1,0,MYD
85,30/1/2019,20:15:00,NA,2,2,MYD
90,30/1/2019,17:10:00,NA,3,3,MOD
87,31/1/2019,19:20:00,NA,2,2,MYD
91,1/2/2019,20:05:00,0.276,4,1,MYD
94,1/2/2019,16:55:00,NA,1,1,MOD
99,2/2/2019,17:40:00,0.22,3,2,MOD
95,3/2/2019,19:50:00,0.47,4,1,MYD
101,3/2/2019,16:45:00,NA,2,2,MOD
99,4/2/2019,20:35:00,NA,3,3,MYD
104,4/2/2019,17:25:00,0.24233,4,1,MOD
101,5/2/2019,19:40:00,0.38133,4,1,MYD
106,5/2/2019,16:30:00,0.245,2,1,MOD
104,6/2/2019,20:20:00,0.603,3,0,MYD
110,6/2/2019,17:15:00,0.309,4,2,MOD
106,7/2/2019,19:25:00,0.394,2,1,MYD
110,8/2/2019,20:10:00,NA,3,3,MYD
116,8/2/2019,17:05:00,NA,2,2,MOD
112,9/2/2019,19:15:00,NA,1,1,MYD
120,9/2/2019,17:45:00,NA,1,1,MOD
115,10/2/2019,19:55:00,0.233,4,1,MYD
122,10/2/2019,16:50:00,NA,3,3,MOD
127,11/2/2019,17:35:00,0.2805,3,1,MOD
120,12/2/2019,19:45:00,NA,3,3,MYD
129,12/2/2019,16:40:00,0.396,2,0,MOD
124,13/2/2019,20:30:00,NA,1,1,MYD
132,13/2/2019,17:20:00,0.59433,4,1,MOD
126,14/2/2019,19:35:00,NA,2,2,MYD
129,15/2/2019,20:15:00,0.325,2,1,MYD
137,15/2/2019,17:10:00,NA,4,4,MOD
131,16/2/2019,19:20:00,0.148,2,1,MYD
141,16/2/2019,17:50:00,0.2085,2,0,MOD
135,17/2/2019,20:05:00,0.426,4,3,MYD
143,17/2/2019,16:55:00,NA,3,3,MOD
148,18/2/2019,17:40:00,0.146,1,0,MOD
140,19/2/2019,19:50:00,0.0685,4,2,MYD
150,19/2/2019,16:45:00,NA,2,2,MOD
144,20/2/2019,20:35:00,NA,2,2,MYD
153,20/2/2019,17:25:00,0.093,4,3,MOD
146,21/2/2019,19:40:00,0.139,3,1,MYD
155,21/2/2019,16:30:00,NA,1,1,MOD
149,22/2/2019,20:20:00,NA,3,3,MYD
159,22/2/2019,17:15:00,NA,4,4,MOD
155,24/2/2019,20:10:00,NA,3,3,MYD
165,24/2/2019,17:05:00,0.5665,4,2,MOD
157,25/2/2019,19:15:00,NA,1,1,MYD
169,25/2/2019,17:45:00,NA,1,1,MOD
160,26/2/2019,19:55:00,0.3485,5,3,MYD
171,26/2/2019,16:50:00,NA,3,3,MOD
176,27/2/2019,17:35:00,0.085,2,0,MOD
166,28/2/2019,19:45:00,0.18,3,1,MYD
178,28/2/2019,16:40:00,0.234,3,2,MOD
181,1/3/2019,17:20:00,0.222,4,2,MOD
172,2/3/2019,19:35:00,0.3555,2,0,MYD
175,3/3/2019,20:15:00,NA,2,2,MYD
186,3/3/2019,17:10:00,0.402,4,3,MOD
177,4/3/2019,19:20:00,NA,2,2,MYD
181,5/3/2019,20:05:00,0.6,4,3,MYD
192,5/3/2019,16:55:00,0.433,2,1,MOD
195,6/3/2019,17:40:00,0.28633,3,0,MOD
186,7/3/2019,19:50:00,0.575,3,1,MYD
197,7/3/2019,16:45:00,0.348,2,1,MOD
190,8/3/2019,20:35:00,NA,2,2,MYD
200,8/3/2019,17:25:00,NA,2,2,MOD
192,9/3/2019,19:40:00,0.807,3,2,MYD
195,10/3/2019,20:20:00,NA,1,1,MYD
206,10/3/2019,17:15:00,0.566,4,2,MOD
209,11/3/2019,18:00:00,0.121,1,0,MOD
201,12/3/2019,20:10:00,NA,2,2,MYD
211,12/3/2019,17:05:00,0.39,4,3,MOD
203,13/3/2019,19:15:00,0.369,2,1,MYD
215,13/3/2019,17:45:00,0.211,1,0,MOD
206,14/3/2019,19:55:00,0.49833,3,0,MYD
217,14/3/2019,16:50:00,0.538,1,0,MOD
222,15/3/2019,17:35:00,NA,1,1,MOD
212,16/3/2019,19:45:00,NA,4,4,MYD
227,17/3/2019,17:20:00,NA,3,3,MOD
218,18/3/2019,19:35:00,NA,2,2,MYD
221,19/3/2019,20:15:00,NA,5,5,MYD
232,19/3/2019,17:10:00,NA,3,3,MOD
223,20/3/2019,19:20:00,0.30367,3,0,MYD
227,21/3/2019,20:05:00,NA,4,4,MYD
237,21/3/2019,16:55:00,0.61467,3,0,MOD
242,22/3/2019,17:40:00,NA,1,1,MOD
232,23/3/2019,19:50:00,NA,3,3,MYD
244,23/3/2019,16:45:00,NA,1,1,MOD
247,24/3/2019,17:25:00,0.2525,3,1,MOD
238,25/3/2019,19:40:00,0.1755,3,1,MYD
241,26/3/2019,20:20:00,NA,3,3,MYD
253,26/3/2019,17:15:00,0.2405,4,2,MOD
243,27/3/2019,19:25:00,0.13433,3,0,MYD
256,27/3/2019,18:00:00,0.049,1,0,MOD
246,28/3/2019,20:10:00,0.27,3,2,MYD
258,28/3/2019,17:05:00,0.443,6,5,MOD
248,29/3/2019,19:15:00,0.371,1,0,MYD
262,29/3/2019,17:45:00,0.15,3,0,MOD
252,30/3/2019,20:00:00,NA,4,4,MYD
264,30/3/2019,16:50:00,0.543,2,0,MOD
269,31/3/2019,17:35:00,NA,2,2,MOD
257,1/4/2019,19:45:00,NA,3,3,MYD
261,2/4/2019,20:30:00,NA,3,3,MYD
274,2/4/2019,17:20:00,0.6795,4,2,MOD
263,3/4/2019,19:35:00,NA,1,1,MYD
266,4/4/2019,20:15:00,NA,2,2,MYD
279,4/4/2019,17:10:00,0.673,3,1,MOD
271,6/4/2019,20:05:00,NA,4,4,MYD
284,6/4/2019,16:55:00,1.035,4,3,MOD
289,7/4/2019,17:40:00,0.463,1,0,MOD
276,8/4/2019,19:50:00,NA,4,4,MYD
291,8/4/2019,16:45:00,NA,1,1,MOD
294,9/4/2019,17:25:00,NA,3,3,MOD
282,10/4/2019,19:40:00,0.4655,2,0,MYD
285,11/4/2019,20:20:00,0.414,2,1,MYD
300,11/4/2019,17:15:00,NA,5,5,MOD
287,12/4/2019,19:25:00,0.269,1,0,MYD
303,12/4/2019,18:00:00,0.096,1,0,MOD
290,13/4/2019,20:10:00,0.589,3,1,MYD
305,13/4/2019,17:05:00,0.5445,5,3,MOD
309,14/4/2019,17:45:00,0.698,2,1,MOD
296,15/4/2019,20:00:00,1.1465,4,2,MYD
311,15/4/2019,16:50:00,0.815,2,0,MOD
316,16/4/2019,17:35:00,0.577,2,0,MOD
301,17/4/2019,19:45:00,1.03167,4,1,MYD
321,18/4/2019,17:20:00,NA,4,4,MOD
307,19/4/2019,19:35:00,NA,3,3,MYD
310,20/4/2019,20:15:00,0.59133,5,2,MYD
327,20/4/2019,17:10:00,0.514,4,3,MOD
312,21/4/2019,19:20:00,0.341,1,0,MYD
316,22/4/2019,20:05:00,0.88867,4,1,MYD
332,22/4/2019,16:55:00,0.777,1,0,MOD
337,23/4/2019,17:40:00,0.761,1,0,MOD
321,24/4/2019,19:50:00,NA,4,4,MYD
325,25/4/2019,20:35:00,0.652,1,0,MYD
342,25/4/2019,17:25:00,0.5955,4,2,MOD
327,26/4/2019,19:40:00,NA,2,2,MYD
330,27/4/2019,20:20:00,NA,2,2,MYD
348,27/4/2019,17:15:00,0.69675,4,0,MOD
332,28/4/2019,19:25:00,NA,3,3,MYD
351,28/4/2019,18:00:00,NA,2,2,MOD
336,29/4/2019,20:10:00,NA,3,3,MYD
353,29/4/2019,17:05:00,NA,2,2,MOD
338,30/4/2019,19:15:00,NA,1,1,MYD
357,30/4/2019,17:45:00,0.64767,3,0,MOD
341,1/5/2019,19:55:00,NA,4,4,MYD
359,1/5/2019,16:50:00,0.477,2,1,MOD
364,2/5/2019,17:35:00,0.29167,3,0,MOD
347,3/5/2019,19:45:00,NA,3,3,MYD
351,4/5/2019,20:30:00,NA,2,2,MYD
369,4/5/2019,17:20:00,NA,4,4,MOD
353,5/5/2019,19:35:00,NA,3,3,MYD
356,6/5/2019,20:15:00,NA,2,2,MYD
375,6/5/2019,17:10:00,NA,4,4,MOD
358,7/5/2019,19:20:00,NA,2,2,MYD
378,7/5/2019,17:50:00,NA,1,1,MOD
362,8/5/2019,20:05:00,0.4565,3,1,MYD
380,8/5/2019,16:55:00,NA,2,2,MOD
385,9/5/2019,17:40:00,0.469,1,0,MOD
367,10/5/2019,19:50:00,0.6485,4,2,MYD
387,10/5/2019,16:45:00,0.38,1,0,MOD
371,11/5/2019,20:35:00,NA,3,3,MYD
390,11/5/2019,17:25:00,0.547,4,1,MOD
373,12/5/2019,19:40:00,NA,2,2,MYD
376,13/5/2019,20:20:00,NA,2,2,MYD
396,13/5/2019,17:15:00,1.4735,4,0,MOD
378,14/5/2019,19:25:00,NA,3,3,MYD
399,14/5/2019,18:00:00,NA,2,2,MOD
382,15/5/2019,20:10:00,NA,2,2,MYD
384,16/5/2019,19:15:00,NA,2,2,MYD
403,16/5/2019,17:45:00,NA,2,2,MOD
387,17/5/2019,19:55:00,NA,4,4,MYD
561,17/5/2019,16:50:00,1.1885,2,0,MOD
562,18/5/2019,17:35:00,0.631,3,2,MOD
392,19/5/2019,19:45:00,0.40033,5,2,MYD
396,20/5/2019,20:30:00,NA,2,2,MYD
566,20/5/2019,17:20:00,0.403,4,2,MOD
398,21/5/2019,19:35:00,NA,2,2,MYD
401,22/5/2019,20:15:00,0.762,2,0,MYD
569,22/5/2019,17:10:00,0.55267,4,1,MOD
403,23/5/2019,19:20:00,NA,2,2,MYD
407,24/5/2019,20:05:00,NA,4,4,MYD
572,24/5/2019,16:55:00,NA,1,1,MOD
573,25/5/2019,17:40:00,NA,3,3,MOD
411,26/5/2019,19:50:00,NA,4,4,MYD
416,27/5/2019,20:35:00,NA,2,2,MYD
576,27/5/2019,17:25:00,NA,4,4,MOD
418,28/5/2019,19:40:00,0.379,2,1,MYD
421,29/5/2019,20:20:00,NA,1,1,MYD
580,29/5/2019,17:15:00,NA,4,4,MOD
423,30/5/2019,19:25:00,NA,2,2,MYD
581,30/5/2019,18:00:00,0.439,1,0,MOD
427,31/5/2019,20:10:00,NA,3,3,MYD
583,31/5/2019,17:05:00,NA,4,4,MOD
429,1/6/2019,19:15:00,NA,2,2,MYD
584,1/6/2019,17:45:00,NA,1,1,MOD
432,2/6/2019,19:55:00,NA,4,4,MYD
585,2/6/2019,16:50:00,NA,2,2,MOD
586,3/6/2019,17:35:00,NA,3,3,MOD
437,4/6/2019,19:45:00,NA,4,4,MYD
441,5/6/2019,20:30:00,NA,1,1,MYD
590,5/6/2019,17:20:00,NA,4,4,MOD
443,6/6/2019,19:35:00,NA,1,1,MYD
446,7/6/2019,20:15:00,NA,2,2,MYD
593,7/6/2019,17:10:00,NA,3,3,MOD
448,8/6/2019,19:20:00,NA,2,2,MYD
452,9/6/2019,20:05:00,NA,4,4,MYD
596,9/6/2019,16:55:00,0.484,4,2,MOD
597,10/6/2019,17:40:00,0.385,2,0,MOD
456,11/6/2019,19:50:00,NA,4,4,MYD
598,11/6/2019,16:45:00,NA,2,2,MOD
461,12/6/2019,20:35:00,NA,2,2,MYD
600,12/6/2019,17:25:00,NA,2,2,MOD
463,13/6/2019,19:40:00,NA,4,4,MYD
466,14/6/2019,20:20:00,NA,2,2,MYD
604,14/6/2019,17:15:00,NA,4,4,MOD
606,15/6/2019,18:00:00,NA,1,1,MOD
472,16/6/2019,20:10:00,NA,2,2,MYD
608,16/6/2019,17:05:00,NA,4,4,MOD
474,17/6/2019,19:15:00,0.462,1,0,MYD
609,17/6/2019,17:45:00,0.325,3,0,MOD
477,18/6/2019,19:55:00,NA,4,4,MYD
610,18/6/2019,16:50:00,NA,2,2,MOD
611,19/6/2019,17:35:00,0.86,4,3,MOD
483,20/6/2019,19:45:00,NA,3,3,MYD
613,20/6/2019,16:40:00,0.796,1,0,MOD
487,21/6/2019,20:30:00,NA,2,2,MYD
615,21/6/2019,17:20:00,NA,4,4,MOD
489,22/6/2019,19:35:00,NA,3,3,MYD
492,23/6/2019,20:15:00,NA,1,1,MYD
618,23/6/2019,17:10:00,0.875,4,3,MOD
619,24/6/2019,17:50:00,NA,2,2,MOD
498,25/6/2019,20:05:00,NA,4,4,MYD
620,25/6/2019,16:55:00,NA,1,1,MOD
621,26/6/2019,17:40:00,NA,2,2,MOD
502,27/6/2019,19:50:00,NA,3,3,MYD
507,28/6/2019,20:35:00,NA,3,3,MYD
623,28/6/2019,17:25:00,0.421,3,2,MOD
509,29/6/2019,19:40:00,NA,3,3,MYD
625,29/6/2019,16:30:00,NA,1,1,MOD
512,30/6/2019,20:20:00,NA,2,2,MYD
627,30/6/2019,17:15:00,NA,4,4,MOD
518,2/7/2019,20:10:00,NA,3,3,MYD
408,2/7/2019,17:05:00,NA,4,4,MOD
412,3/7/2019,17:45:00,NA,1,1,MOD
523,4/7/2019,19:55:00,NA,4,4,MYD
414,4/7/2019,16:50:00,NA,2,2,MOD
418,5/7/2019,17:35:00,NA,2,2,MOD
529,6/7/2019,19:45:00,NA,2,2,MYD
420,6/7/2019,16:40:00,NA,1,1,MOD
533,7/7/2019,20:30:00,NA,1,1,MYD
423,7/7/2019,17:20:00,NA,4,4,MOD
535,8/7/2019,19:35:00,NA,1,1,MYD
537,9/7/2019,20:15:00,NA,3,3,MYD
428,9/7/2019,17:10:00,NA,3,3,MOD
432,10/7/2019,17:50:00,NA,2,2,MOD
543,11/7/2019,20:05:00,NA,4,4,MYD
434,11/7/2019,16:55:00,NA,2,2,MOD
439,12/7/2019,17:40:00,NA,3,3,MOD
547,13/7/2019,19:50:00,NA,3,3,MYD
440,13/7/2019,16:45:00,0.876,1,0,MOD
552,14/7/2019,20:35:00,NA,2,2,MYD
443,14/7/2019,17:25:00,NA,2,2,MOD
554,15/7/2019,19:40:00,NA,1,1,MYD
445,15/7/2019,16:30:00,NA,2,2,MOD
557,16/7/2019,20:20:00,NA,1,1,MYD
449,16/7/2019,17:15:00,NA,4,4,MOD
562,18/7/2019,20:10:00,NA,4,4,MYD
455,18/7/2019,17:05:00,NA,4,4,MOD
564,19/7/2019,19:15:00,NA,1,1,MYD
459,19/7/2019,17:45:00,NA,1,1,MOD
567,20/7/2019,19:55:00,NA,4,4,MYD
461,20/7/2019,16:50:00,NA,3,3,MOD
465,21/7/2019,17:35:00,0.449,2,1,MOD
573,22/7/2019,19:45:00,NA,4,4,MYD
467,22/7/2019,16:40:00,NA,2,2,MOD
577,23/7/2019,20:30:00,NA,2,2,MYD
470,23/7/2019,17:20:00,NA,3,3,MOD
579,24/7/2019,19:35:00,NA,1,1,MYD
581,25/7/2019,20:15:00,NA,3,3,MYD
475,25/7/2019,17:10:00,NA,4,4,MOD
583,26/7/2019,19:20:00,NA,1,1,MYD
479,26/7/2019,17:50:00,NA,2,2,MOD
587,27/7/2019,20:05:00,NA,4,4,MYD
481,27/7/2019,16:55:00,NA,2,2,MOD
486,28/7/2019,17:40:00,0.293,1,0,MOD
591,29/7/2019,19:50:00,NA,3,3,MYD
487,29/7/2019,16:45:00,0.543,2,1,MOD
596,30/7/2019,20:35:00,NA,3,3,MYD
490,30/7/2019,17:25:00,NA,3,3,MOD
598,31/7/2019,19:40:00,NA,2,2,MYD
492,31/7/2019,16:30:00,NA,1,1,MOD
601,1/8/2019,20:20:00,NA,1,1,MYD
496,1/8/2019,17:15:00,0.34,4,3,MOD
602,2/8/2019,19:25:00,NA,1,1,MYD
606,3/8/2019,20:10:00,NA,4,4,MYD
502,3/8/2019,17:05:00,NA,3,3,MOD
608,4/8/2019,19:15:00,NA,3,3,MYD
611,5/8/2019,19:55:00,NA,4,4,MYD
508,5/8/2019,16:50:00,NA,3,3,MOD
615,6/8/2019,20:40:00,NA,3,3,MYD
512,6/8/2019,17:35:00,NA,3,3,MOD
617,7/8/2019,19:45:00,NA,2,2,MYD
514,7/8/2019,16:40:00,NA,1,1,MOD
621,8/8/2019,20:30:00,NA,1,1,MYD
517,8/8/2019,17:20:00,NA,3,3,MOD
623,9/8/2019,19:35:00,NA,1,1,MYD
625,10/8/2019,20:15:00,NA,4,4,MYD
522,10/8/2019,17:10:00,NA,3,3,MOD
627,11/8/2019,19:20:00,NA,2,2,MYD
526,11/8/2019,17:50:00,NA,2,2,MOD
631,12/8/2019,20:05:00,NA,3,3,MYD
528,12/8/2019,16:55:00,NA,1,1,MOD
533,13/8/2019,17:40:00,0.489,2,1,MOD
635,14/8/2019,19:50:00,NA,3,3,MYD
534,14/8/2019,16:45:00,NA,2,2,MOD
640,15/8/2019,20:35:00,NA,1,1,MYD
537,15/8/2019,17:25:00,NA,3,3,MOD
642,16/8/2019,19:40:00,0.424,3,2,MYD
539,16/8/2019,16:30:00,0.241,1,0,MOD
645,17/8/2019,20:20:00,NA,2,2,MYD
543,17/8/2019,17:15:00,NA,4,4,MOD
646,18/8/2019,19:25:00,NA,2,2,MYD
650,19/8/2019,20:10:00,NA,4,4,MYD
548,19/8/2019,17:00:00,NA,4,4,MOD
652,20/8/2019,19:15:00,NA,1,1,MYD
655,21/8/2019,19:55:00,NA,4,4,MYD
555,21/8/2019,16:50:00,NA,1,1,MOD
659,22/8/2019,20:40:00,NA,2,2,MYD
560,22/8/2019,17:35:00,NA,1,1,MOD
661,23/8/2019,19:45:00,NA,2,2,MYD
562,23/8/2019,16:40:00,NA,2,2,MOD
665,24/8/2019,20:30:00,NA,2,2,MYD
565,24/8/2019,17:20:00,NA,3,3,MOD
667,25/8/2019,19:35:00,NA,2,2,MYD
669,26/8/2019,20:15:00,NA,5,5,MYD
570,26/8/2019,17:10:00,NA,3,3,MOD
671,27/8/2019,19:20:00,NA,2,2,MYD
574,27/8/2019,17:50:00,NA,3,3,MOD
675,28/8/2019,20:05:00,NA,4,4,MYD
576,28/8/2019,16:55:00,NA,1,1,MOD
581,29/8/2019,17:40:00,0.34,1,0,MOD
679,30/8/2019,19:50:00,NA,4,4,MYD
582,30/8/2019,16:45:00,NA,1,1,MOD
684,31/8/2019,20:35:00,NA,2,2,MYD
585,31/8/2019,17:25:00,NA,2,2,MOD
686,1/9/2019,19:40:00,0.298,3,2,MYD
587,1/9/2019,16:30:00,0.225,2,1,MOD
689,2/9/2019,20:20:00,NA,3,3,MYD
591,2/9/2019,17:15:00,NA,5,5,MOD
690,3/9/2019,19:25:00,NA,2,2,MYD
694,4/9/2019,20:10:00,NA,4,4,MYD
596,4/9/2019,17:00:00,NA,4,4,MOD
696,5/9/2019,19:15:00,NA,1,1,MYD
601,5/9/2019,17:45:00,NA,2,2,MOD
699,6/9/2019,19:55:00,NA,4,4,MYD
603,6/9/2019,16:50:00,NA,1,1,MOD
703,7/9/2019,20:40:00,NA,2,2,MYD
608,7/9/2019,17:35:00,NA,2,2,MOD
705,8/9/2019,19:45:00,NA,3,3,MYD
610,8/9/2019,16:40:00,NA,2,2,MOD
709,9/9/2019,20:30:00,NA,2,2,MYD
613,9/9/2019,17:20:00,NA,4,4,MOD
711,10/9/2019,19:35:00,NA,1,1,MYD
713,11/9/2019,20:15:00,NA,4,4,MYD
618,11/9/2019,17:10:00,NA,4,4,MOD
715,12/9/2019,19:20:00,NA,3,3,MYD
620,12/9/2019,17:50:00,NA,1,1,MOD
719,13/9/2019,20:05:00,NA,4,4,MYD
622,13/9/2019,16:55:00,NA,3,3,MOD
627,14/9/2019,17:40:00,NA,2,2,MOD
723,15/9/2019,19:50:00,NA,5,5,MYD
628,15/9/2019,16:45:00,NA,2,2,MOD
728,16/9/2019,20:35:00,NA,1,1,MYD
631,16/9/2019,17:25:00,0.602,2,1,MOD
730,17/9/2019,19:40:00,NA,4,4,MYD
633,17/9/2019,16:30:00,NA,3,3,MOD
733,18/9/2019,20:20:00,NA,2,2,MYD
637,18/9/2019,17:15:00,NA,5,5,MOD
734,19/9/2019,19:25:00,NA,3,3,MYD
738,20/9/2019,20:10:00,NA,3,3,MYD
642,20/9/2019,17:00:00,NA,4,4,MOD
740,21/9/2019,19:15:00,NA,2,2,MYD
743,22/9/2019,19:55:00,NA,4,4,MYD
649,22/9/2019,16:50:00,NA,3,3,MOD
654,23/9/2019,17:35:00,0.349,4,0,MOD
749,24/9/2019,19:45:00,NA,3,3,MYD
656,24/9/2019,16:40:00,NA,3,3,MOD
659,25/9/2019,17:20:00,NA,4,4,MOD
755,26/9/2019,19:35:00,NA,1,1,MYD
757,27/9/2019,20:15:00,NA,5,5,MYD
664,27/9/2019,17:10:00,0.732,4,3,MOD
759,28/9/2019,19:20:00,NA,2,2,MYD
763,29/9/2019,20:05:00,NA,4,4,MYD
670,29/9/2019,16:55:00,NA,2,2,MOD
675,30/9/2019,17:40:00,NA,3,3,MOD
767,1/10/2019,19:50:00,NA,3,3,MYD
676,1/10/2019,16:45:00,NA,1,1,MOD
679,2/10/2019,17:25:00,NA,3,3,MOD
774,3/10/2019,19:40:00,NA,3,3,MYD
777,4/10/2019,20:20:00,NA,1,1,MYD
685,4/10/2019,17:15:00,NA,3,3,MOD
779,5/10/2019,19:25:00,NA,3,3,MYD
688,5/10/2019,17:55:00,NA,1,1,MOD
783,6/10/2019,20:10:00,NA,4,4,MYD
690,6/10/2019,17:00:00,0.656,3,1,MOD
785,7/10/2019,19:15:00,NA,3,3,MYD
695,7/10/2019,17:45:00,NA,2,2,MOD
788,8/10/2019,19:55:00,NA,4,4,MYD
697,8/10/2019,16:50:00,NA,1,1,MOD
702,9/10/2019,17:35:00,0.401,1,0,MOD
794,10/10/2019,19:45:00,NA,3,3,MYD
798,11/10/2019,20:30:00,NA,2,2,MYD
707,11/10/2019,17:20:00,NA,4,4,MOD
800,12/10/2019,19:35:00,NA,1,1,MYD
802,13/10/2019,20:15:00,NA,3,3,MYD
712,13/10/2019,17:10:00,NA,3,3,MOD
804,14/10/2019,19:20:00,NA,1,1,MYD
808,15/10/2019,20:05:00,0.575,4,3,MYD
718,15/10/2019,16:55:00,0.788,4,3,MOD
723,16/10/2019,17:40:00,NA,2,2,MOD
812,17/10/2019,19:50:00,NA,4,4,MYD
726,18/10/2019,17:25:00,NA,3,3,MOD
819,19/10/2019,19:40:00,NA,1,1,MYD
822,20/10/2019,20:20:00,NA,2,2,MYD
732,20/10/2019,17:15:00,NA,4,4,MOD
824,21/10/2019,19:25:00,NA,1,1,MYD
735,21/10/2019,17:55:00,NA,2,2,MOD
828,22/10/2019,20:10:00,NA,4,4,MYD
737,22/10/2019,17:00:00,NA,4,4,MOD
830,23/10/2019,19:15:00,NA,2,2,MYD
742,23/10/2019,17:45:00,NA,1,1,MOD
833,24/10/2019,19:55:00,NA,4,4,MYD
744,24/10/2019,16:50:00,0.602,1,0,MOD
749,25/10/2019,17:35:00,NA,2,2,MOD
839,26/10/2019,19:45:00,NA,1,1,MYD
843,27/10/2019,20:30:00,NA,3,3,MYD
754,27/10/2019,17:20:00,NA,4,4,MOD
845,28/10/2019,19:35:00,NA,3,3,MYD
847,29/10/2019,20:15:00,NA,1,1,MYD
759,29/10/2019,17:10:00,NA,4,4,MOD
849,30/10/2019,19:20:00,NA,2,2,MYD
853,31/10/2019,20:05:00,NA,4,4,MYD
765,31/10/2019,16:55:00,NA,2,2,MOD
770,1/11/2019,17:40:00,NA,1,1,MOD
855,2/11/2019,19:50:00,NA,3,3,MYD
771,2/11/2019,16:45:00,NA,1,1,MOD
857,3/11/2019,20:35:00,NA,1,1,MYD
774,3/11/2019,17:25:00,NA,3,3,MOD
432,4/11/2019,19:40:00,NA,2,2,MYD
432,4/11/2019,19:40:00,NA,2,2,MYD
859,5/11/2019,20:20:00,NA,1,1,MYD
780,5/11/2019,17:15:00,0.502,4,3,MOD
860,6/11/2019,19:25:00,NA,2,2,MYD
863,7/11/2019,20:10:00,0.37933,3,0,MYD
784,7/11/2019,17:00:00,0.499,3,2,MOD
789,8/11/2019,17:45:00,0.229,2,1,MOD
433,8/11/2019,19:15:00,NA,2,2,MYD
791,9/11/2019,16:50:00,NA,3,3,MOD
435,9/11/2019,19:55:00,NA,4,4,MYD
796,10/11/2019,17:35:00,0.327,4,2,MOD
798,11/11/2019,16:40:00,NA,1,1,MOD
438,11/11/2019,19:45:00,NA,3,3,MYD
801,12/11/2019,17:20:00,NA,4,4,MOD
872,13/11/2019,19:35:00,NA,1,1,MYD
806,14/11/2019,17:10:00,0.501,4,3,MOD
441,14/11/2019,20:15:00,NA,2,2,MYD
874,15/11/2019,19:20:00,NA,1,1,MYD
810,15/11/2019,17:50:00,NA,1,1,MOD
812,16/11/2019,16:55:00,NA,1,1,MOD
442,16/11/2019,20:05:00,NA,3,3,MYD
817,17/11/2019,17:40:00,0.329,2,0,MOD
818,18/11/2019,16:45:00,NA,1,1,MOD
445,18/11/2019,19:50:00,NA,4,4,MYD
884,19/11/2019,20:35:00,NA,2,2,MYD
821,19/11/2019,17:25:00,0.5235,4,2,MOD
823,20/11/2019,16:30:00,NA,1,1,MOD
446,20/11/2019,19:40:00,NA,2,2,MYD
827,21/11/2019,17:15:00,NA,4,4,MOD
447,21/11/2019,20:20:00,NA,3,3,MYD
886,22/11/2019,19:25:00,0.307,2,1,MYD
831,23/11/2019,17:00:00,0.3535,3,1,MOD
448,23/11/2019,20:10:00,NA,2,2,MYD
449,24/11/2019,19:15:00,NA,2,2,MYD
838,25/11/2019,16:50:00,NA,2,2,MOD
451,25/11/2019,19:55:00,0.3295,4,2,MYD
843,26/11/2019,17:35:00,0.33233,3,0,MOD
895,27/11/2019,19:45:00,0.3085,4,2,MYD
845,27/11/2019,16:40:00,0.298,3,1,MOD
898,28/11/2019,20:30:00,NA,1,1,MYD
848,28/11/2019,17:20:00,0.1965,4,2,MOD
455,29/11/2019,19:35:00,0.53,3,2,MYD
901,30/11/2019,20:15:00,NA,2,2,MYD
853,30/11/2019,17:10:00,NA,3,3,MOD
903,1/12/2019,19:20:00,0.121,2,1,MYD
857,1/12/2019,17:50:00,0.082,2,0,MOD
859,2/12/2019,16:55:00,NA,3,3,MOD
456,2/12/2019,20:05:00,0.256,4,2,MYD
864,3/12/2019,17:40:00,0.163,1,0,MOD
865,4/12/2019,16:45:00,0.227,3,2,MOD
459,4/12/2019,19:50:00,0.252,4,2,MYD
910,5/12/2019,20:35:00,0.324,2,1,MYD
868,5/12/2019,17:25:00,0.201,3,0,MOD
870,6/12/2019,16:30:00,NA,1,1,MOD
460,6/12/2019,19:40:00,0.098,3,0,MYD
911,7/12/2019,20:20:00,0.274,3,1,MYD
684,7/12/2019,17:15:00,0.247,4,3,MOD
912,8/12/2019,19:25:00,0.268,2,1,MYD
687,9/12/2019,17:00:00,NA,4,4,MOD
461,9/12/2019,20:10:00,0.3,4,3,MYD
462,10/12/2019,19:15:00,NA,2,2,MYD
915,11/12/2019,19:55:00,0.7985,3,1,MYD
690,11/12/2019,16:50:00,NA,2,2,MOD
692,12/12/2019,17:35:00,0.2405,2,0,MOD
464,12/12/2019,20:40:00,NA,2,2,MYD
918,13/12/2019,19:45:00,0.26267,4,1,MYD
694,13/12/2019,16:40:00,0.236,2,1,MOD
920,14/12/2019,20:30:00,0.226,2,1,MYD
695,14/12/2019,17:20:00,0.19,4,2,MOD
921,15/12/2019,19:35:00,0.3035,3,1,MYD
923,16/12/2019,20:15:00,NA,1,1,MYD
698,16/12/2019,17:10:00,0.323,4,2,MOD
924,17/12/2019,19:20:00,NA,2,2,MYD
699,17/12/2019,17:50:00,NA,2,2,MOD
927,18/12/2019,20:05:00,0.65367,4,1,MYD
700,18/12/2019,16:55:00,NA,1,1,MOD
701,18/12/2019,16:55:00,NA,1,1,MOD
702,19/12/2019,17:40:00,NA,1,1,MOD
931,20/12/2019,19:50:00,NA,3,3,MYD
703,20/12/2019,16:45:00,NA,3,3,MOD
705,21/12/2019,17:25:00,NA,3,3,MOD
467,21/12/2019,20:35:00,NA,2,2,MYD
933,22/12/2019,19:40:00,NA,2,2,MYD
706,22/12/2019,16:30:00,NA,2,2,MOD
935,23/12/2019,20:20:00,NA,3,3,MYD
708,23/12/2019,17:15:00,0.36,5,4,MOD
468,24/12/2019,19:25:00,0.111,2,1,MYD
937,25/12/2019,20:10:00,0.30433,4,1,MYD
711,25/12/2019,17:00:00,0.3185,5,3,MOD
939,26/12/2019,19:15:00,NA,3,3,MYD
713,26/12/2019,17:45:00,0.129,1,0,MOD
714,27/12/2019,16:50:00,0.42,2,0,MOD
469,27/12/2019,19:55:00,0.63,5,3,MYD
943,28/12/2019,20:40:00,NA,2,2,MYD
716,28/12/2019,17:35:00,0.419,2,1,MOD
945,29/12/2019,19:45:00,NA,4,4,MYD
718,29/12/2019,16:40:00,NA,2,2,MOD
948,30/12/2019,20:30:00,NA,1,1,MYD
720,30/12/2019,17:20:00,0.175,4,3,MOD
950,31/12/2019,19:35:00,0.133,2,0,MYD
1,1/1/2020,20:15:00,NA,2,2,MYD
1,1/1/2020,17:10:00,0.2385,4,2,MOD
3,2/1/2020,19:20:00,NA,1,1,MYD
5,2/1/2020,17:50:00,NA,3,3,MOD
7,3/1/2020,20:05:00,NA,4,4,MYD
7,3/1/2020,16:55:00,NA,5,5,MOD
12,4/1/2020,17:40:00,NA,2,2,MOD
11,5/1/2020,19:50:00,0.135,4,1,MYD
13,5/1/2020,16:45:00,NA,2,2,MOD
16,6/1/2020,20:35:00,0.307,2,1,MYD
16,6/1/2020,17:25:00,0.2025,4,2,MOD
18,7/1/2020,19:40:00,NA,4,4,MYD
18,7/1/2020,16:30:00,0.209,1,0,MOD
21,8/1/2020,20:20:00,NA,1,1,MYD
22,8/1/2020,17:15:00,0.292,3,2,MOD
22,9/1/2020,19:25:00,0.123,2,1,MYD
26,10/1/2020,20:10:00,0.23967,4,1,MYD
26,10/1/2020,17:00:00,0.273,3,1,MOD
28,11/1/2020,19:15:00,NA,2,2,MYD
31,11/1/2020,17:45:00,0.13,1,0,MOD
31,12/1/2020,19:55:00,0.28225,5,1,MYD
33,12/1/2020,16:50:00,NA,1,1,MOD
38,13/1/2020,17:35:00,0.2315,3,1,MOD
37,14/1/2020,19:45:00,0.19167,3,0,MYD
40,14/1/2020,16:40:00,0.268,2,1,MOD
41,15/1/2020,20:30:00,0.383,3,2,MYD
43,15/1/2020,17:20:00,0.2865,4,2,MOD
43,16/1/2020,19:35:00,NA,2,2,MYD
45,17/1/2020,20:15:00,NA,2,2,MYD
48,17/1/2020,17:10:00,0.3395,3,1,MOD
47,18/1/2020,19:20:00,NA,1,1,MYD
51,19/1/2020,20:05:00,NA,4,4,MYD
54,19/1/2020,16:55:00,NA,4,4,MOD
59,20/1/2020,17:40:00,NA,3,3,MOD
55,21/1/2020,19:50:00,0.259,4,3,MYD
60,21/1/2020,16:45:00,NA,1,1,MOD
60,22/1/2020,20:35:00,NA,1,1,MYD
63,22/1/2020,17:25:00,NA,2,2,MOD
62,23/1/2020,19:40:00,NA,4,4,MYD
65,24/1/2020,20:20:00,NA,1,1,MYD
69,24/1/2020,17:15:00,NA,4,4,MOD
67,25/1/2020,19:25:00,NA,2,2,MYD
73,25/1/2020,18:00:00,NA,2,2,MOD
71,26/1/2020,20:10:00,NA,2,2,MYD
75,26/1/2020,17:05:00,NA,2,2,MOD
73,27/1/2020,19:15:00,NA,3,3,MYD
79,27/1/2020,17:45:00,0.1125,3,1,MOD
76,28/1/2020,19:55:00,NA,5,5,MYD
81,28/1/2020,16:50:00,NA,1,1,MOD
86,29/1/2020,17:35:00,0.124,1,0,MOD
82,30/1/2020,19:45:00,NA,3,3,MYD
88,30/1/2020,16:40:00,NA,1,1,MOD
86,31/1/2020,20:30:00,NA,1,1,MYD
91,31/1/2020,17:20:00,0.185,4,3,MOD
88,1/2/2020,19:35:00,NA,1,1,MYD
91,2/2/2020,20:15:00,NA,2,2,MYD
96,2/2/2020,17:10:00,1.284,3,2,MOD
93,3/2/2020,19:20:00,NA,1,1,MYD
97,4/2/2020,20:05:00,NA,4,4,MYD
102,4/2/2020,16:55:00,NA,1,1,MOD
107,5/2/2020,17:40:00,NA,3,3,MOD
101,6/2/2020,19:50:00,NA,4,4,MYD
109,6/2/2020,16:45:00,NA,2,2,MOD
106,7/2/2020,20:35:00,NA,1,1,MYD
112,7/2/2020,17:25:00,NA,2,2,MOD
108,8/2/2020,19:40:00,0.58833,3,0,MYD
111,9/2/2020,20:20:00,0.301,3,2,MYD
118,9/2/2020,17:15:00,0.17267,4,1,MOD
113,10/2/2020,19:25:00,0.24,1,0,MYD
122,10/2/2020,18:00:00,0.085,1,0,MOD
117,11/2/2020,20:10:00,0.544,3,1,MYD
124,11/2/2020,17:05:00,0.335,4,2,MOD
119,12/2/2020,19:15:00,0.145,2,1,MYD
128,12/2/2020,17:45:00,0.162,2,0,MOD
122,13/2/2020,19:55:00,NA,4,4,MYD
130,13/2/2020,16:50:00,0.3655,2,0,MOD
135,14/2/2020,17:35:00,0.49,2,1,MOD
127,15/2/2020,19:45:00,0.54,4,1,MYD
137,15/2/2020,16:40:00,0.491,2,1,MOD
131,16/2/2020,20:30:00,NA,1,1,MYD
140,16/2/2020,17:20:00,0.174,4,3,MOD
133,17/2/2020,19:35:00,0.1195,2,0,MYD
136,18/2/2020,20:15:00,0.356,4,3,MYD
146,18/2/2020,17:10:00,NA,4,4,MOD
138,19/2/2020,19:20:00,0.183,3,2,MYD
142,20/2/2020,20:05:00,0.193,4,3,MYD
151,20/2/2020,16:55:00,NA,4,4,MOD
156,21/2/2020,17:40:00,NA,1,1,MOD
147,22/2/2020,19:50:00,0.274,4,2,MYD
158,22/2/2020,16:45:00,NA,1,1,MOD
161,23/2/2020,17:30:00,0.329,1,0,MOD
153,24/2/2020,19:40:00,0.198,1,0,MYD
162,24/2/2020,16:30:00,NA,2,2,MOD
156,25/2/2020,20:20:00,NA,1,1,MYD
166,25/2/2020,17:15:00,0.233,4,3,MOD
158,26/2/2020,19:25:00,0.606,1,0,MYD
162,27/2/2020,20:10:00,0.5165,3,1,MYD
172,27/2/2020,17:05:00,NA,2,2,MOD
164,28/2/2020,19:15:00,NA,2,2,MYD
176,28/2/2020,17:45:00,0.218,2,0,MOD
167,29/2/2020,19:55:00,NA,4,4,MYD
178,29/2/2020,16:50:00,NA,2,2,MOD
183,1/3/2020,17:35:00,0.181,2,0,MOD
173,2/3/2020,19:45:00,NA,2,2,MYD
177,3/3/2020,20:30:00,NA,3,3,MYD
187,3/3/2020,17:20:00,0.165,4,3,MOD
179,4/3/2020,19:35:00,0.145,2,0,MYD
182,5/3/2020,20:15:00,NA,1,1,MYD
193,5/3/2020,17:10:00,0.566,3,2,MOD
184,6/3/2020,19:20:00,NA,1,1,MYD
188,7/3/2020,20:05:00,NA,4,4,MYD
198,7/3/2020,16:55:00,0.73533,4,1,MOD
203,8/3/2020,17:40:00,0.176,2,1,MOD
193,9/3/2020,19:50:00,0.37,4,3,MYD
205,9/3/2020,16:45:00,0.398,2,1,MOD
197,10/3/2020,20:35:00,NA,2,2,MYD
208,10/3/2020,17:30:00,NA,1,1,MOD
199,11/3/2020,19:40:00,NA,3,3,MYD
202,12/3/2020,20:20:00,NA,2,2,MYD
213,12/3/2020,17:15:00,NA,4,4,MOD
204,13/3/2020,19:25:00,NA,3,3,MYD
217,13/3/2020,18:00:00,0.175,2,1,MOD
208,14/3/2020,20:10:00,NA,2,2,MYD
219,14/3/2020,17:05:00,NA,2,2,MOD
210,15/3/2020,19:15:00,0.231,3,1,MYD
223,15/3/2020,17:45:00,0.109,2,0,MOD
213,16/3/2020,19:55:00,NA,4,4,MYD
225,16/3/2020,16:50:00,NA,1,1,MOD
230,17/3/2020,17:35:00,0.23233,4,1,MOD
219,18/3/2020,19:45:00,0.36,3,2,MYD
232,18/3/2020,16:40:00,0.5,2,1,MOD
223,19/3/2020,20:30:00,NA,1,1,MYD
235,19/3/2020,17:20:00,0.429,4,3,MOD
225,20/3/2020,19:35:00,NA,1,1,MYD
228,21/3/2020,20:15:00,0.666,3,1,MYD
241,21/3/2020,17:10:00,0.5375,4,2,MOD
230,22/3/2020,19:20:00,0.318,1,0,MYD
244,22/3/2020,17:50:00,0.13733,3,0,MOD
234,23/3/2020,20:05:00,0.4,4,2,MYD
246,23/3/2020,16:55:00,0.515,3,2,MOD
251,24/3/2020,17:40:00,0.142,1,0,MOD
239,25/3/2020,19:50:00,0.30067,3,0,MYD
253,25/3/2020,16:45:00,NA,1,1,MOD
243,26/3/2020,20:35:00,0.4125,2,0,MYD
256,26/3/2020,17:25:00,0.2605,4,2,MOD
245,27/3/2020,19:40:00,0.333,2,1,MYD
248,28/3/2020,20:20:00,0.458,2,1,MYD
262,28/3/2020,17:15:00,0.486,4,3,MOD
250,29/3/2020,19:25:00,0.598,3,1,MYD
254,30/3/2020,20:10:00,0.544,2,0,MYD
268,30/3/2020,17:05:00,NA,4,4,MOD
256,31/3/2020,19:15:00,0.323,2,1,MYD
272,31/3/2020,17:45:00,0.193,1,0,MOD
259,1/4/2020,19:55:00,0.488,4,3,MYD
274,1/4/2020,16:50:00,0.504,1,0,MOD
279,2/4/2020,17:35:00,0.53167,3,0,MOD
265,3/4/2020,19:45:00,0.864,2,1,MYD
284,4/4/2020,17:20:00,0.59467,4,1,MOD
271,5/4/2020,19:35:00,NA,2,2,MYD
274,6/4/2020,20:15:00,NA,4,4,MYD
290,6/4/2020,17:10:00,NA,4,4,MOD
276,7/4/2020,19:20:00,NA,2,2,MYD
280,8/4/2020,20:05:00,NA,4,4,MYD
295,8/4/2020,16:55:00,NA,2,2,MOD
300,9/4/2020,17:40:00,0.54,1,0,MOD
285,10/4/2020,19:50:00,NA,4,4,MYD
302,10/4/2020,16:45:00,0.4265,2,0,MOD
289,11/4/2020,20:35:00,NA,2,2,MYD
305,11/4/2020,17:25:00,0.409,2,1,MOD
291,12/4/2020,19:40:00,0.2825,3,1,MYD
307,12/4/2020,16:30:00,NA,3,3,MOD
294,13/4/2020,20:20:00,NA,2,2,MYD
311,13/4/2020,17:15:00,0.4365,4,2,MOD
296,14/4/2020,19:25:00,0.4635,2,0,MYD
314,14/4/2020,18:00:00,0.166,1,0,MOD
300,15/4/2020,20:10:00,NA,4,4,MYD
316,15/4/2020,17:05:00,0.731,2,1,MOD
302,16/4/2020,19:15:00,NA,1,1,MYD
320,16/4/2020,17:45:00,0.585,1,0,MOD
305,17/4/2020,19:55:00,1.0405,5,3,MYD
322,17/4/2020,16:50:00,NA,2,2,MOD
327,18/4/2020,17:35:00,0.567,2,1,MOD
311,19/4/2020,19:45:00,NA,2,2,MYD
329,19/4/2020,16:40:00,0.794,2,0,MOD
332,20/4/2020,17:20:00,0.61,4,3,MOD
317,21/4/2020,19:35:00,NA,1,1,MYD
320,22/4/2020,20:15:00,NA,4,4,MYD
337,22/4/2020,17:10:00,0.6395,4,2,MOD
322,23/4/2020,19:20:00,NA,1,1,MYD
341,23/4/2020,17:50:00,0.51,1,0,MOD
326,24/4/2020,20:05:00,NA,4,4,MYD
343,24/4/2020,16:55:00,NA,2,2,MOD
348,25/4/2020,17:40:00,0.774,2,1,MOD
331,26/4/2020,19:50:00,NA,4,4,MYD
335,27/4/2020,20:35:00,0.346,2,1,MYD
353,27/4/2020,17:25:00,0.344,4,3,MOD
337,28/4/2020,19:40:00,NA,2,2,MYD
340,29/4/2020,20:20:00,NA,1,1,MYD
359,29/4/2020,17:15:00,0.94375,4,0,MOD
342,30/4/2020,19:25:00,NA,2,2,MYD
346,1/5/2020,20:10:00,NA,3,3,MYD
365,1/5/2020,17:05:00,0.6365,3,1,MOD
348,2/5/2020,19:15:00,NA,2,2,MYD
369,2/5/2020,17:45:00,0.38267,3,0,MOD
351,3/5/2020,19:55:00,NA,4,4,MYD
371,3/5/2020,16:50:00,NA,3,3,MOD
375,4/5/2020,17:35:00,NA,3,3,MOD
356,5/5/2020,19:45:00,NA,2,2,MYD
380,6/5/2020,17:20:00,NA,4,4,MOD
362,7/5/2020,19:35:00,NA,1,1,MYD
365,8/5/2020,20:15:00,NA,1,1,MYD
385,8/5/2020,17:10:00,NA,4,4,MOD
367,9/5/2020,19:20:00,NA,2,2,MYD
371,10/5/2020,20:05:00,NA,4,4,MYD
391,10/5/2020,16:55:00,NA,1,1,MOD
396,11/5/2020,17:40:00,NA,3,3,MOD
375,12/5/2020,19:50:00,NA,4,4,MYD
398,12/5/2020,16:45:00,NA,2,2,MOD
379,13/5/2020,20:35:00,NA,2,2,MYD
401,13/5/2020,17:25:00,0.497,4,3,MOD
381,14/5/2020,19:40:00,NA,2,2,MYD
384,15/5/2020,20:20:00,NA,1,1,MYD
407,15/5/2020,17:15:00,0.768,4,3,MOD
386,16/5/2020,19:25:00,NA,1,1,MYD
390,17/5/2020,20:10:00,NA,4,4,MYD
413,17/5/2020,17:05:00,NA,3,3,MOD
392,18/5/2020,19:15:00,NA,2,2,MYD
417,18/5/2020,17:45:00,NA,1,1,MOD
395,19/5/2020,19:55:00,NA,4,4,MYD
419,19/5/2020,16:50:00,0.413,1,0,MOD
423,20/5/2020,17:35:00,0.7595,4,0,MOD
400,21/5/2020,19:45:00,NA,4,4,MYD
425,21/5/2020,16:40:00,1.0935,2,0,MOD
404,22/5/2020,20:30:00,NA,1,1,MYD
428,22/5/2020,17:20:00,0.634,4,1,MOD
406,23/5/2020,19:35:00,NA,2,2,MYD
409,24/5/2020,20:15:00,NA,2,2,MYD
433,24/5/2020,17:10:00,0.831,3,2,MOD
411,25/5/2020,19:20:00,0.431,2,0,MYD
437,25/5/2020,17:50:00,0.191,1,0,MOD
415,26/5/2020,20:05:00,0.506,5,3,MYD
439,26/5/2020,16:55:00,0.584,2,0,MOD
444,27/5/2020,17:40:00,1.10367,3,0,MOD
419,28/5/2020,19:50:00,NA,4,4,MYD
445,28/5/2020,16:45:00,0.88367,3,0,MOD
423,29/5/2020,20:35:00,NA,2,2,MYD
448,29/5/2020,17:25:00,NA,3,3,MOD
425,30/5/2020,19:40:00,NA,3,3,MYD
450,30/5/2020,16:30:00,NA,2,2,MOD
428,31/5/2020,20:20:00,NA,2,2,MYD
454,31/5/2020,17:15:00,0.72933,4,1,MOD
430,1/6/2020,19:25:00,NA,1,1,MYD
434,2/6/2020,20:10:00,NA,2,2,MYD
460,2/6/2020,17:05:00,0.5775,4,2,MOD
436,3/6/2020,19:15:00,NA,1,1,MYD
464,3/6/2020,17:45:00,NA,2,2,MOD
439,4/6/2020,19:55:00,NA,4,4,MYD
466,4/6/2020,16:50:00,NA,1,1,MOD
470,5/6/2020,17:35:00,NA,2,2,MOD
444,6/6/2020,19:45:00,NA,3,3,MYD
472,6/6/2020,16:40:00,0.611,3,2,MOD
448,7/6/2020,20:30:00,NA,1,1,MYD
475,7/6/2020,17:20:00,NA,4,4,MOD
450,8/6/2020,19:35:00,NA,1,1,MYD
453,9/6/2020,20:15:00,NA,2,2,MYD
480,9/6/2020,17:10:00,NA,3,3,MOD
455,10/6/2020,19:20:00,NA,1,1,MYD
484,10/6/2020,17:50:00,NA,2,2,MOD
459,11/6/2020,20:05:00,NA,4,4,MYD
486,11/6/2020,16:55:00,NA,3,3,MOD
491,12/6/2020,17:40:00,NA,2,2,MOD
463,13/6/2020,19:50:00,NA,4,4,MYD
492,13/6/2020,16:45:00,NA,2,2,MOD
467,14/6/2020,20:35:00,NA,2,2,MYD
495,14/6/2020,17:25:00,NA,3,3,MOD
469,15/6/2020,19:40:00,0.22767,3,0,MYD
497,15/6/2020,16:30:00,0.475,2,1,MOD
472,16/6/2020,20:20:00,NA,2,2,MYD
501,16/6/2020,17:15:00,0.5535,4,2,MOD
478,18/6/2020,20:10:00,NA,3,3,MYD
789,18/6/2020,17:05:00,0.58,4,3,MOD
480,19/6/2020,19:15:00,NA,1,1,MYD
510,19/6/2020,17:45:00,0.189,2,1,MOD
483,20/6/2020,19:55:00,NA,3,3,MYD
512,20/6/2020,16:50:00,NA,3,3,MOD
516,21/6/2020,17:35:00,NA,2,2,MOD
488,22/6/2020,19:45:00,NA,3,3,MYD
518,22/6/2020,16:40:00,NA,2,2,MOD
492,23/6/2020,20:30:00,NA,3,3,MYD
521,23/6/2020,17:20:00,NA,4,4,MOD
494,24/6/2020,19:35:00,NA,3,3,MYD
497,25/6/2020,20:15:00,NA,1,1,MYD
526,25/6/2020,17:10:00,NA,4,4,MOD
499,26/6/2020,19:20:00,NA,1,1,MYD
530,26/6/2020,17:50:00,NA,3,3,MOD
503,27/6/2020,20:05:00,NA,4,4,MYD
532,27/6/2020,16:55:00,0.832,2,1,MOD
537,28/6/2020,17:40:00,NA,2,2,MOD
507,29/6/2020,19:50:00,NA,3,3,MYD
538,29/6/2020,16:45:00,NA,3,3,MOD
512,30/6/2020,20:35:00,NA,2,2,MYD
541,30/6/2020,17:25:00,NA,4,4,MOD
514,1/7/2020,19:40:00,NA,2,2,MYD
543,1/7/2020,16:30:00,NA,3,3,MOD
517,2/7/2020,20:20:00,NA,2,2,MYD
547,2/7/2020,17:15:00,NA,4,4,MOD
519,3/7/2020,19:25:00,NA,1,1,MYD
523,4/7/2020,20:10:00,NA,5,5,MYD
553,4/7/2020,17:05:00,NA,2,2,MOD
525,5/7/2020,19:15:00,NA,1,1,MYD
557,5/7/2020,17:45:00,NA,2,2,MOD
528,6/7/2020,19:55:00,NA,4,4,MYD
559,6/7/2020,16:50:00,NA,3,3,MOD
532,7/7/2020,20:40:00,NA,2,2,MYD
563,7/7/2020,17:35:00,NA,3,3,MOD
534,8/7/2020,19:45:00,NA,2,2,MYD
565,8/7/2020,16:40:00,NA,1,1,MOD
538,9/7/2020,20:30:00,NA,3,3,MYD
568,9/7/2020,17:20:00,NA,4,4,MOD
540,10/7/2020,19:35:00,0.384,2,1,MYD
543,11/7/2020,20:15:00,NA,4,4,MYD
573,11/7/2020,17:10:00,NA,3,3,MOD
545,12/7/2020,19:20:00,NA,2,2,MYD
577,12/7/2020,17:50:00,0.192,3,2,MOD
549,13/7/2020,20:05:00,0.699,4,2,MYD
579,13/7/2020,16:55:00,0.496,3,2,MOD
584,14/7/2020,17:40:00,0.341,1,0,MOD
553,15/7/2020,19:50:00,NA,3,3,MYD
585,15/7/2020,16:45:00,NA,3,3,MOD
558,16/7/2020,20:35:00,NA,2,2,MYD
588,16/7/2020,17:25:00,NA,4,4,MOD
560,17/7/2020,19:40:00,NA,3,3,MYD
590,17/7/2020,16:30:00,0.255,3,1,MOD
563,18/7/2020,20:20:00,NA,4,4,MYD
594,18/7/2020,17:15:00,NA,4,4,MOD
565,19/7/2020,19:25:00,NA,2,2,MYD
569,20/7/2020,20:10:00,NA,4,4,MYD
600,20/7/2020,17:05:00,NA,2,2,MOD
571,21/7/2020,19:15:00,NA,2,2,MYD
604,21/7/2020,17:45:00,NA,1,1,MOD
574,22/7/2020,19:55:00,NA,4,4,MYD
606,22/7/2020,16:50:00,NA,3,3,MOD
577,23/7/2020,20:40:00,NA,2,2,MYD
610,23/7/2020,17:35:00,NA,4,4,MOD
579,24/7/2020,19:45:00,NA,3,3,MYD
612,24/7/2020,16:40:00,NA,2,2,MOD
583,25/7/2020,20:30:00,NA,2,2,MYD
615,25/7/2020,17:20:00,NA,4,4,MOD
585,26/7/2020,19:35:00,NA,3,3,MYD
588,27/7/2020,20:15:00,NA,4,4,MYD
620,27/7/2020,17:10:00,NA,4,4,MOD
590,28/7/2020,19:20:00,NA,2,2,MYD
624,28/7/2020,17:50:00,NA,1,1,MOD
594,29/7/2020,20:05:00,NA,4,4,MYD
626,29/7/2020,16:55:00,NA,3,3,MOD
631,30/7/2020,17:40:00,NA,2,2,MOD
598,31/7/2020,19:50:00,NA,5,5,MYD
632,31/7/2020,16:45:00,NA,2,2,MOD
603,1/8/2020,20:35:00,NA,2,2,MYD
635,1/8/2020,17:25:00,NA,5,5,MOD
605,2/8/2020,19:40:00,NA,3,3,MYD
637,2/8/2020,16:30:00,NA,2,2,MOD
608,3/8/2020,20:20:00,NA,1,1,MYD
641,3/8/2020,17:15:00,NA,4,4,MOD
610,4/8/2020,19:25:00,NA,3,3,MYD
614,5/8/2020,20:10:00,NA,4,4,MYD
647,5/8/2020,17:05:00,NA,2,2,MOD
616,6/8/2020,19:15:00,NA,3,3,MYD
651,6/8/2020,17:45:00,NA,2,2,MOD
619,7/8/2020,19:55:00,NA,4,4,MYD
653,7/8/2020,16:50:00,NA,1,1,MOD
622,8/8/2020,20:40:00,NA,2,2,MYD
657,8/8/2020,17:35:00,NA,3,3,MOD
624,9/8/2020,19:45:00,NA,2,2,MYD
659,9/8/2020,16:40:00,NA,3,3,MOD
628,10/8/2020,20:30:00,NA,1,1,MYD
662,10/8/2020,17:20:00,NA,4,4,MOD
630,11/8/2020,19:35:00,NA,1,1,MYD
633,12/8/2020,20:15:00,NA,2,2,MYD
667,12/8/2020,17:10:00,NA,4,4,MOD
635,13/8/2020,19:20:00,NA,2,2,MYD
671,13/8/2020,17:50:00,NA,3,3,MOD
639,14/8/2020,20:05:00,NA,4,4,MYD
673,14/8/2020,16:55:00,NA,2,2,MOD
678,15/8/2020,17:40:00,0.371,2,1,MOD
679,16/8/2020,16:45:00,NA,1,1,MOD
682,17/8/2020,17:25:00,NA,4,4,MOD
684,18/8/2020,16:30:00,NA,3,3,MOD
688,19/8/2020,17:15:00,NA,4,4,MOD
694,21/8/2020,17:05:00,NA,1,1,MOD
648,22/8/2020,19:15:00,NA,2,2,MYD
698,22/8/2020,17:45:00,NA,1,1,MOD
700,23/8/2020,16:50:00,NA,2,2,MOD
704,24/8/2020,17:35:00,NA,3,3,MOD
706,25/8/2020,16:40:00,NA,2,2,MOD
709,26/8/2020,17:20:00,NA,4,4,MOD
714,28/8/2020,17:10:00,NA,3,3,MOD
718,29/8/2020,17:50:00,NA,3,3,MOD
720,30/8/2020,16:55:00,1.034,4,3,MOD
725,31/8/2020,17:40:00,0.211,2,1,MOD
726,1/9/2020,16:45:00,NA,1,1,MOD
662,2/9/2020,20:35:00,NA,2,2,MYD
729,2/9/2020,17:25:00,NA,5,5,MOD
664,3/9/2020,19:40:00,NA,4,4,MYD
731,3/9/2020,16:30:00,0.355,2,1,MOD
667,4/9/2020,20:20:00,NA,1,1,MYD
735,4/9/2020,17:15:00,NA,4,4,MOD
669,5/9/2020,19:25:00,NA,3,3,MYD
673,6/9/2020,20:10:00,NA,2,2,MYD
741,6/9/2020,17:05:00,NA,2,2,MOD
675,7/9/2020,19:15:00,NA,1,1,MYD
745,7/9/2020,17:45:00,NA,1,1,MOD
678,8/9/2020,19:55:00,NA,3,3,MYD
747,8/9/2020,16:50:00,NA,1,1,MOD
751,9/9/2020,17:35:00,NA,2,2,MOD
683,10/9/2020,19:45:00,NA,3,3,MYD
753,10/9/2020,16:40:00,NA,2,2,MOD
687,11/9/2020,20:30:00,NA,1,1,MYD
756,11/9/2020,17:20:00,NA,4,4,MOD
689,12/9/2020,19:35:00,NA,2,2,MYD
692,13/9/2020,20:15:00,NA,2,2,MYD
761,13/9/2020,17:10:00,NA,2,2,MOD
694,14/9/2020,19:20:00,NA,2,2,MYD
765,14/9/2020,17:50:00,NA,2,2,MOD
698,15/9/2020,20:05:00,NA,4,4,MYD
767,15/9/2020,16:55:00,NA,2,2,MOD
772,16/9/2020,17:40:00,NA,2,2,MOD
702,17/9/2020,19:50:00,NA,5,5,MYD
706,18/9/2020,20:35:00,NA,2,2,MYD
776,18/9/2020,17:25:00,NA,4,4,MOD
708,19/9/2020,19:40:00,NA,3,3,MYD
778,19/9/2020,16:30:00,NA,2,2,MOD
711,20/9/2020,20:20:00,NA,3,3,MYD
782,20/9/2020,17:15:00,NA,4,4,MOD
713,21/9/2020,19:25:00,NA,2,2,MYD
717,22/9/2020,20:10:00,NA,3,3,MYD
788,22/9/2020,17:05:00,NA,2,2,MOD
719,23/9/2020,19:15:00,NA,2,2,MYD
792,23/9/2020,17:45:00,0.338,2,1,MOD
722,24/9/2020,19:55:00,NA,4,4,MYD
794,24/9/2020,16:50:00,NA,3,3,MOD
798,25/9/2020,17:35:00,NA,2,2,MOD
727,26/9/2020,19:45:00,NA,4,4,MYD
800,26/9/2020,16:40:00,NA,2,2,MOD
731,27/9/2020,20:30:00,NA,1,1,MYD
803,27/9/2020,17:20:00,0.478,5,4,MOD
733,28/9/2020,19:35:00,NA,2,2,MYD
736,29/9/2020,20:15:00,NA,4,4,MYD
808,29/9/2020,17:10:00,NA,4,4,MOD
738,30/9/2020,19:20:00,NA,3,3,MYD
812,30/9/2020,17:50:00,NA,2,2,MOD
742,1/10/2020,20:05:00,0.671,4,3,MYD
814,1/10/2020,16:55:00,NA,1,1,MOD
819,2/10/2020,17:40:00,0.181,2,1,MOD
746,3/10/2020,19:50:00,0.407,3,1,MYD
820,3/10/2020,16:45:00,NA,3,3,MOD
751,4/10/2020,20:35:00,NA,1,1,MYD
823,4/10/2020,17:25:00,NA,4,4,MOD
753,5/10/2020,19:40:00,0.31,4,1,MYD
825,5/10/2020,16:30:00,NA,1,1,MOD
756,6/10/2020,20:20:00,NA,3,3,MYD
829,6/10/2020,17:15:00,0.263,4,3,MOD
758,7/10/2020,19:25:00,0.222,1,0,MYD
762,8/10/2020,20:10:00,0.304,3,2,MYD
835,8/10/2020,17:05:00,NA,2,2,MOD
764,9/10/2020,19:15:00,NA,3,3,MYD
839,9/10/2020,17:45:00,NA,1,1,MOD
767,10/10/2020,19:55:00,NA,4,4,MYD
841,10/10/2020,16:50:00,NA,2,2,MOD
845,11/10/2020,17:35:00,NA,2,2,MOD
773,12/10/2020,19:45:00,NA,3,3,MYD
847,12/10/2020,16:40:00,0.473,2,1,MOD
850,13/10/2020,17:20:00,NA,4,4,MOD
779,14/10/2020,19:35:00,NA,1,1,MYD
782,15/10/2020,20:15:00,NA,2,2,MYD
855,15/10/2020,17:10:00,NA,4,4,MOD
784,16/10/2020,19:20:00,NA,3,3,MYD
859,16/10/2020,17:50:00,NA,2,2,MOD
788,17/10/2020,20:05:00,NA,4,4,MYD
861,17/10/2020,16:55:00,NA,4,4,MOD
866,18/10/2020,17:40:00,0.371,2,1,MOD
792,19/10/2020,19:50:00,0.278,4,3,MYD
867,19/10/2020,16:45:00,NA,2,2,MOD
797,20/10/2020,20:35:00,NA,3,3,MYD
870,20/10/2020,17:25:00,NA,3,3,MOD
799,21/10/2020,19:40:00,0.164,3,2,MYD
872,21/10/2020,16:30:00,0.281,3,0,MOD
802,22/10/2020,20:20:00,NA,1,1,MYD
876,22/10/2020,17:15:00,0.315,4,3,MOD
804,23/10/2020,19:25:00,0.107,2,1,MYD
808,24/10/2020,20:10:00,NA,4,4,MYD
881,24/10/2020,17:00:00,NA,2,2,MOD
810,25/10/2020,19:15:00,0.092,2,1,MYD
886,25/10/2020,17:45:00,0.071,1,0,MOD
813,26/10/2020,19:55:00,NA,4,4,MYD
888,26/10/2020,16:50:00,NA,2,2,MOD
893,27/10/2020,17:35:00,NA,1,1,MOD
819,28/10/2020,19:45:00,NA,4,4,MYD
895,28/10/2020,16:40:00,0.522,2,1,MOD
823,29/10/2020,20:30:00,NA,1,1,MYD
898,29/10/2020,17:20:00,0.61267,4,1,MOD
825,30/10/2020,19:35:00,0.32,2,1,MYD
827,31/10/2020,20:15:00,0.51,3,2,MYD
903,31/10/2020,17:10:00,NA,4,4,MOD
829,1/11/2020,19:20:00,NA,1,1,MYD
907,1/11/2020,17:50:00,NA,3,3,MOD
833,2/11/2020,20:05:00,0.255,3,2,MYD
909,2/11/2020,16:55:00,NA,4,4,MOD
914,3/11/2020,17:40:00,NA,2,2,MOD
837,4/11/2020,19:50:00,0.123,3,1,MYD
915,4/11/2020,16:45:00,NA,2,2,MOD
842,5/11/2020,20:35:00,0.301,1,0,MYD
918,5/11/2020,17:25:00,0.2775,3,1,MOD
844,6/11/2020,19:40:00,NA,2,2,MYD
920,6/11/2020,16:30:00,NA,2,2,MOD
847,7/11/2020,20:20:00,0.759,2,1,MYD
924,7/11/2020,17:15:00,0.538,4,3,MOD
849,8/11/2020,19:25:00,0.393,2,1,MYD
853,9/11/2020,20:10:00,0.408,2,1,MYD
929,9/11/2020,17:00:00,0.524,4,2,MOD
855,10/11/2020,19:15:00,NA,1,1,MYD
934,10/11/2020,17:45:00,0.14,1,0,MOD
858,11/11/2020,19:55:00,0.62967,4,1,MYD
936,11/11/2020,16:50:00,0.366,3,2,MOD
941,12/11/2020,17:35:00,0.222,3,2,MOD
864,13/11/2020,19:45:00,0.13067,4,1,MYD
943,13/11/2020,16:40:00,NA,2,2,MOD
868,14/11/2020,20:30:00,0.42,1,0,MYD
946,14/11/2020,17:20:00,0.233,3,2,MOD
870,15/11/2020,19:35:00,0.164,1,0,MYD
872,16/11/2020,20:15:00,NA,2,2,MYD
951,16/11/2020,17:10:00,NA,3,3,MOD
874,17/11/2020,19:20:00,NA,2,2,MYD
955,17/11/2020,17:50:00,NA,2,2,MOD
878,18/11/2020,20:05:00,NA,4,4,MYD
957,18/11/2020,16:55:00,NA,3,3,MOD
962,19/11/2020,17:40:00,0.088,1,0,MOD
882,20/11/2020,19:50:00,NA,3,3,MYD
963,20/11/2020,16:45:00,NA,3,3,MOD
887,21/11/2020,20:35:00,NA,2,2,MYD
966,21/11/2020,17:25:00,NA,3,3,MOD
889,22/11/2020,19:40:00,0.204,2,1,MYD
968,22/11/2020,16:30:00,NA,2,2,MOD
892,23/11/2020,20:20:00,NA,2,2,MYD
972,23/11/2020,17:15:00,0.247,4,3,MOD
894,24/11/2020,19:25:00,0.115,2,0,MYD
898,25/11/2020,20:10:00,0.422,4,1,MYD
977,25/11/2020,17:00:00,NA,3,3,MOD
903,27/11/2020,19:55:00,0.089,5,4,MYD
984,27/11/2020,16:50:00,NA,3,3,MOD
989,28/11/2020,17:35:00,0.137,1,0,MOD
909,29/11/2020,19:45:00,0.399,2,1,MYD
991,29/11/2020,16:40:00,NA,3,3,MOD
994,30/11/2020,17:20:00,NA,4,4,MOD
915,1/12/2020,19:35:00,NA,2,2,MYD
917,2/12/2020,20:15:00,NA,4,4,MYD
999,2/12/2020,17:10:00,NA,4,4,MOD
919,3/12/2020,19:20:00,NA,2,2,MYD
1003,3/12/2020,17:50:00,NA,2,2,MOD
923,4/12/2020,20:05:00,NA,3,3,MYD
1005,4/12/2020,16:55:00,NA,3,3,MOD
1010,5/12/2020,17:40:00,NA,1,1,MOD
926,6/12/2020,19:50:00,NA,4,4,MYD
1011,6/12/2020,16:45:00,NA,1,1,MOD
931,7/12/2020,20:35:00,NA,2,2,MYD
1014,7/12/2020,17:25:00,NA,2,2,MOD
933,8/12/2020,19:40:00,NA,2,2,MYD
1016,8/12/2020,16:30:00,0.377,2,1,MOD
936,9/12/2020,20:20:00,NA,1,1,MYD
1020,9/12/2020,17:15:00,0.423,4,1,MOD
938,10/12/2020,19:25:00,NA,2,2,MYD
942,11/12/2020,20:10:00,NA,5,5,MYD
1024,11/12/2020,17:00:00,0.4705,4,2,MOD
944,12/12/2020,19:15:00,NA,1,1,MYD
1029,12/12/2020,17:45:00,0.436,2,0,MOD
947,13/12/2020,19:55:00,0.147,4,2,MYD
1031,13/12/2020,16:50:00,NA,2,2,MOD
1036,14/12/2020,17:35:00,0.346,1,0,MOD
953,15/12/2020,19:45:00,0.116,3,2,MYD
1038,15/12/2020,16:40:00,NA,2,2,MOD
1041,16/12/2020,17:20:00,0.52767,4,1,MOD
959,17/12/2020,19:35:00,NA,3,3,MYD
961,18/12/2020,20:15:00,NA,2,2,MYD
1047,18/12/2020,17:10:00,0.3505,5,3,MOD
963,19/12/2020,19:20:00,NA,3,3,MYD
1051,19/12/2020,17:50:00,NA,2,2,MOD
967,20/12/2020,20:05:00,0.5345,4,2,MYD
1053,20/12/2020,16:55:00,0.4485,4,2,MOD
1058,21/12/2020,17:40:00,NA,2,2,MOD
971,22/12/2020,19:50:00,0.471,3,2,MYD
1059,22/12/2020,16:45:00,0.502,2,1,MOD
976,23/12/2020,20:35:00,NA,2,2,MYD
1062,23/12/2020,17:25:00,0.4455,3,1,MOD
978,24/12/2020,19:40:00,NA,2,2,MYD
1064,24/12/2020,16:30:00,0.273,1,0,MOD
981,25/12/2020,20:20:00,NA,2,2,MYD
1068,25/12/2020,17:15:00,0.68,3,2,MOD
983,26/12/2020,19:25:00,NA,2,2,MYD
987,27/12/2020,20:10:00,0.225,4,2,MYD
1072,27/12/2020,17:00:00,0.281,4,3,MOD
989,28/12/2020,19:15:00,0.077,2,0,MYD
1077,28/12/2020,17:45:00,0.084,2,0,MOD
992,29/12/2020,19:55:00,0.167,4,3,MYD
1079,29/12/2020,16:50:00,NA,1,1,MOD
1084,30/12/2020,17:35:00,0.21,2,0,MOD
998,31/12/2020,19:45:00,NA,2,2,MYD
1086,31/12/2020,16:40:00,NA,2,2,MOD
1,1/1/2021,17:20:00,0.153,4,3,MOD
5,2/1/2021,19:35:00,0.154,3,1,MYD
7,3/1/2021,20:15:00,0.166,4,3,MYD
5,3/1/2021,17:10:00,NA,3,3,MOD
9,4/1/2021,19:20:00,NA,2,2,MYD
6,4/1/2021,17:50:00,0.1505,3,1,MOD
13,5/1/2021,20:05:00,0.426,4,2,MYD
7,6/1/2021,17:40:00,NA,1,1,MOD
17,7/1/2021,19:50:00,NA,4,4,MYD
8,7/1/2021,16:45:00,NA,3,3,MOD
22,8/1/2021,20:35:00,NA,2,2,MYD
10,8/1/2021,17:25:00,0.317,3,1,MOD
24,9/1/2021,19:40:00,NA,2,2,MYD
11,9/1/2021,16:30:00,NA,1,1,MOD
27,10/1/2021,20:20:00,NA,2,2,MYD
13,10/1/2021,17:15:00,NA,5,5,MOD
29,11/1/2021,19:25:00,NA,2,2,MYD
33,12/1/2021,20:10:00,NA,4,4,MYD
17,12/1/2021,17:00:00,NA,4,4,MOD
35,13/1/2021,19:15:00,NA,2,2,MYD
38,14/1/2021,19:55:00,NA,4,4,MYD
19,14/1/2021,16:50:00,NA,3,3,MOD
21,15/1/2021,17:35:00,NA,1,1,MOD
44,16/1/2021,19:45:00,NA,3,3,MYD
22,16/1/2021,16:35:00,NA,2,2,MOD
25,17/1/2021,17:20:00,NA,4,4,MOD
50,18/1/2021,19:35:00,NA,2,2,MYD
52,19/1/2021,20:15:00,NA,3,3,MYD
29,19/1/2021,17:10:00,NA,4,4,MOD
54,20/1/2021,19:20:00,NA,1,1,MYD
30,20/1/2021,17:50:00,0.266,1,0,MOD
58,21/1/2021,20:05:00,0.234,4,3,MYD
31,21/1/2021,16:55:00,NA,2,2,MOD
32,22/1/2021,17:40:00,0.185,1,0,MOD
62,23/1/2021,19:50:00,NA,4,4,MYD
33,23/1/2021,16:45:00,NA,3,3,MOD
67,24/1/2021,20:35:00,NA,2,2,MYD
35,24/1/2021,17:25:00,NA,3,3,MOD
69,25/1/2021,19:40:00,0.207,4,0,MYD
36,25/1/2021,16:30:00,NA,3,3,MOD
72,26/1/2021,20:20:00,NA,3,3,MYD
38,26/1/2021,17:15:00,0.1805,4,2,MOD
73,27/1/2021,19:25:00,0.32,1,0,MYD
77,28/1/2021,20:10:00,0.578,2,1,MYD
42,28/1/2021,17:00:00,NA,4,4,MOD
79,29/1/2021,19:15:00,NA,2,2,MYD
43,29/1/2021,17:45:00,NA,1,1,MOD
82,30/1/2021,19:55:00,0.328,4,3,MYD
44,30/1/2021,16:50:00,NA,3,3,MOD
45,31/1/2021,17:30:00,0.099,3,2,MOD
88,1/2/2021,19:45:00,NA,5,5,MYD
47,1/2/2021,16:35:00,NA,2,2,MOD
92,2/2/2021,20:30:00,NA,1,1,MYD
50,2/2/2021,17:20:00,0.252,3,2,MOD
94,3/2/2021,19:35:00,0.1195,3,1,MYD
96,4/2/2021,20:15:00,0.257,4,3,MYD
54,4/2/2021,17:10:00,0.3235,4,2,MOD
98,5/2/2021,19:20:00,0.279,2,0,MYD
55,5/2/2021,17:50:00,0.147,2,0,MOD
102,6/2/2021,20:05:00,NA,4,4,MYD
56,6/2/2021,16:55:00,NA,3,3,MOD
57,7/2/2021,17:40:00,0.32,2,1,MOD
106,8/2/2021,19:50:00,0.167,3,0,MYD
59,8/2/2021,16:45:00,NA,2,2,MOD
111,9/2/2021,20:35:00,NA,1,1,MYD
61,9/2/2021,17:25:00,0.261,3,1,MOD
113,10/2/2021,19:40:00,NA,3,3,MYD
62,10/2/2021,16:30:00,0.596,2,1,MOD
116,11/2/2021,20:20:00,NA,1,1,MYD
63,11/2/2021,17:15:00,NA,4,4,MOD
118,12/2/2021,19:25:00,NA,3,3,MYD
122,13/2/2021,20:10:00,NA,4,4,MYD
67,13/2/2021,17:00:00,NA,3,3,MOD
124,14/2/2021,19:15:00,0.113,2,0,MYD
68,14/2/2021,17:45:00,0.044,1,0,MOD
127,15/2/2021,19:55:00,0.347,4,2,MYD
69,15/2/2021,16:50:00,NA,1,1,MOD
71,16/2/2021,17:30:00,0.118,2,1,MOD
133,17/2/2021,19:45:00,NA,3,3,MYD
73,17/2/2021,16:35:00,NA,1,1,MOD
74,18/2/2021,17:20:00,NA,3,3,MOD
139,19/2/2021,19:35:00,0.568,2,1,MYD
142,20/2/2021,20:15:00,0.255,2,1,MYD
77,20/2/2021,17:10:00,0.3235,4,2,MOD
144,21/2/2021,19:20:00,NA,1,1,MYD
78,21/2/2021,17:50:00,0.183,2,1,MOD
148,22/2/2021,20:05:00,NA,3,3,MYD
79,22/2/2021,16:55:00,NA,5,5,MOD
80,23/2/2021,17:40:00,0.267,1,0,MOD
152,24/2/2021,19:50:00,0.263,4,3,MYD
82,24/2/2021,16:45:00,NA,2,2,MOD
157,25/2/2021,20:35:00,0.389,2,1,MYD
83,25/2/2021,17:25:00,0.135,2,1,MOD
159,26/2/2021,19:40:00,0.258,2,1,MYD
84,26/2/2021,16:30:00,0.2635,2,0,MOD
162,27/2/2021,20:20:00,0.503,2,0,MYD
85,27/2/2021,17:15:00,0.33467,4,1,MOD
164,28/2/2021,19:25:00,0.413,1,0,MYD
168,1/3/2021,20:10:00,NA,3,3,MYD
89,1/3/2021,17:00:00,0.4495,5,3,MOD
170,2/3/2021,19:15:00,NA,2,2,MYD
90,2/3/2021,17:45:00,0.625,1,0,MOD
173,3/3/2021,19:55:00,0.376,4,2,MYD
91,3/3/2021,16:50:00,0.523,3,2,MOD
177,4/3/2021,20:40:00,0.398,1,0,MYD
93,4/3/2021,17:30:00,0.251,2,1,MOD
179,5/3/2021,19:45:00,0.29067,3,0,MYD
95,5/3/2021,16:35:00,0.3025,2,0,MOD
183,6/3/2021,20:30:00,NA,2,2,MYD
96,6/3/2021,17:20:00,0.64133,4,1,MOD
185,7/3/2021,19:35:00,NA,2,2,MYD
188,8/3/2021,20:15:00,NA,1,1,MYD
100,8/3/2021,17:10:00,0.448,4,3,MOD
190,9/3/2021,19:20:00,0.181,3,0,MYD
101,9/3/2021,17:50:00,0.117,2,0,MOD
193,10/3/2021,20:05:00,0.236,5,4,MYD
102,10/3/2021,16:55:00,NA,3,3,MOD
103,11/3/2021,17:40:00,NA,3,3,MOD
197,12/3/2021,19:50:00,0.427,4,3,MYD
105,12/3/2021,16:45:00,0.384,3,2,MOD
202,13/3/2021,20:35:00,NA,2,2,MYD
106,13/3/2021,17:25:00,0.347,3,2,MOD
204,14/3/2021,19:40:00,0.537,4,0,MYD
107,14/3/2021,16:30:00,0.356,1,0,MOD
207,15/3/2021,20:20:00,NA,2,2,MYD
108,15/3/2021,17:15:00,0.383,4,3,MOD
209,16/3/2021,19:25:00,0.46267,3,0,MYD
213,17/3/2021,20:10:00,NA,5,5,MYD
111,17/3/2021,17:00:00,0.4405,4,2,MOD
215,18/3/2021,19:15:00,NA,1,1,MYD
218,19/3/2021,19:55:00,NA,5,5,MYD
113,19/3/2021,16:50:00,0.506,2,1,MOD
222,20/3/2021,20:40:00,NA,2,2,MYD
114,20/3/2021,17:30:00,0.474,3,2,MOD
224,21/3/2021,19:45:00,NA,4,4,MYD
116,21/3/2021,16:35:00,0.5025,2,0,MOD
228,22/3/2021,20:30:00,NA,2,2,MYD
117,22/3/2021,17:20:00,0.439,4,3,MOD
230,23/3/2021,19:35:00,0.291,2,1,MYD
233,24/3/2021,20:15:00,NA,2,2,MYD
120,24/3/2021,17:05:00,NA,4,4,MOD
235,25/3/2021,19:20:00,0.33267,3,0,MYD
122,25/3/2021,17:50:00,0.1405,2,0,MOD
239,26/3/2021,20:05:00,NA,4,4,MYD
123,26/3/2021,16:55:00,0.541,2,1,MOD
125,27/3/2021,17:40:00,0.346,1,0,MOD
243,28/3/2021,19:50:00,NA,4,4,MYD
127,28/3/2021,16:45:00,0.4755,2,0,MOD
248,29/3/2021,20:35:00,NA,2,2,MYD
128,29/3/2021,17:25:00,NA,3,3,MOD
250,30/3/2021,19:40:00,0.47667,4,1,MYD
129,30/3/2021,16:30:00,0.415,2,0,MOD
253,31/3/2021,20:20:00,NA,3,3,MYD
255,1/4/2021,19:25:00,NA,3,3,MYD
259,2/4/2021,20:10:00,NA,3,3,MYD
132,2/4/2021,17:00:00,NA,4,4,MOD
261,3/4/2021,19:15:00,NA,1,1,MYD
264,4/4/2021,19:55:00,NA,4,4,MYD
134,4/4/2021,16:50:00,NA,1,1,MOD
135,5/4/2021,17:30:00,0.241,2,1,MOD
270,6/4/2021,19:45:00,NA,4,4,MYD
136,6/4/2021,16:35:00,0.3655,2,0,MOD
274,7/4/2021,20:30:00,NA,2,2,MYD
137,7/4/2021,17:20:00,0.292,3,2,MOD
276,8/4/2021,19:35:00,0.512,1,0,MYD
278,9/4/2021,20:15:00,NA,1,1,MYD
140,9/4/2021,17:05:00,0.4725,3,1,MOD
280,10/4/2021,19:20:00,NA,2,2,MYD
142,10/4/2021,17:50:00,0.253,1,0,MOD
284,11/4/2021,20:05:00,NA,4,4,MYD
143,11/4/2021,16:55:00,NA,3,3,MOD
145,12/4/2021,17:40:00,NA,2,2,MOD
288,13/4/2021,19:50:00,NA,4,4,MYD
147,13/4/2021,16:45:00,1.197,1,0,MOD
293,14/4/2021,20:35:00,NA,1,1,MYD
148,14/4/2021,17:25:00,0.752,4,1,MOD
295,15/4/2021,19:40:00,0.705,3,1,MYD
298,16/4/2021,20:20:00,NA,3,3,MYD
150,16/4/2021,17:15:00,0.58667,4,1,MOD
300,17/4/2021,19:25:00,NA,3,3,MYD
304,18/4/2021,20:10:00,0.678,3,1,MYD
153,18/4/2021,17:00:00,NA,2,2,MOD
306,19/4/2021,19:15:00,0.446,2,1,MYD
154,19/4/2021,17:45:00,0.1985,2,0,MOD
309,20/4/2021,19:55:00,0.597,3,2,MYD
155,20/4/2021,16:50:00,0.628,2,1,MOD
156,21/4/2021,17:30:00,1.199,3,1,MOD
315,22/4/2021,19:45:00,NA,4,4,MYD
157,22/4/2021,16:35:00,0.904,2,0,MOD
319,23/4/2021,20:30:00,NA,1,1,MYD
158,23/4/2021,17:20:00,NA,4,4,MOD
321,24/4/2021,19:35:00,NA,1,1,MYD
323,25/4/2021,20:15:00,1.047,2,0,MYD
161,25/4/2021,17:05:00,0.92767,4,1,MOD
325,26/4/2021,19:20:00,NA,2,2,MYD
329,27/4/2021,20:05:00,NA,4,4,MYD
163,27/4/2021,16:55:00,0.737,2,1,MOD
165,28/4/2021,17:40:00,0.914,3,1,MOD
333,29/4/2021,19:50:00,NA,4,4,MYD
166,29/4/2021,16:40:00,0.542,2,0,MOD
338,30/4/2021,20:35:00,NA,2,2,MYD
168,30/4/2021,17:25:00,NA,3,3,MOD
340,1/5/2021,19:40:00,NA,3,3,MYD
343,2/5/2021,20:20:00,NA,1,1,MYD
171,2/5/2021,17:15:00,NA,3,3,MOD
348,4/5/2021,20:10:00,NA,4,4,MYD
174,4/5/2021,17:00:00,NA,2,2,MOD
350,5/5/2021,19:15:00,NA,2,2,MYD
175,5/5/2021,17:45:00,NA,1,1,MOD
353,6/5/2021,19:55:00,0.667,4,3,MYD
176,6/5/2021,16:50:00,NA,1,1,MOD
177,7/5/2021,17:30:00,NA,3,3,MOD
359,8/5/2021,19:45:00,NA,2,2,MYD
178,8/5/2021,16:35:00,0.6255,2,0,MOD
363,9/5/2021,20:30:00,NA,2,2,MYD
179,9/5/2021,17:20:00,NA,4,4,MOD
365,10/5/2021,19:35:00,NA,3,3,MYD
367,11/5/2021,20:15:00,NA,3,3,MYD
182,11/5/2021,17:05:00,NA,4,4,MOD
369,12/5/2021,19:20:00,NA,1,1,MYD
373,13/5/2021,20:05:00,NA,4,4,MYD
184,13/5/2021,16:55:00,NA,3,3,MOD
185,14/5/2021,17:35:00,NA,3,3,MOD
377,15/5/2021,19:50:00,NA,4,4,MYD
187,15/5/2021,16:40:00,0.5855,2,0,MOD
382,16/5/2021,20:35:00,NA,2,2,MYD
188,16/5/2021,17:25:00,NA,4,4,MOD
384,17/5/2021,19:40:00,NA,2,2,MYD
387,18/5/2021,20:20:00,NA,1,1,MYD
191,18/5/2021,17:15:00,NA,4,4,MOD
388,19/5/2021,19:25:00,NA,1,1,MYD
392,20/5/2021,20:10:00,0.581,3,2,MYD
194,20/5/2021,17:00:00,NA,1,1,MOD
195,21/5/2021,17:45:00,NA,1,1,MOD
397,22/5/2021,19:55:00,0.336,4,3,MYD
197,22/5/2021,16:50:00,NA,2,2,MOD
198,23/5/2021,17:30:00,0.746,4,3,MOD
403,24/5/2021,19:45:00,0.641,2,1,MYD
199,24/5/2021,16:35:00,0.519,2,0,MOD
407,25/5/2021,20:30:00,NA,1,1,MYD
200,25/5/2021,17:20:00,NA,3,3,MOD
409,26/5/2021,19:35:00,NA,1,1,MYD
411,27/5/2021,20:15:00,NA,3,3,MYD
203,27/5/2021,17:05:00,NA,4,4,MOD
413,28/5/2021,19:20:00,NA,2,2,MYD
204,28/5/2021,17:50:00,NA,2,2,MOD
417,29/5/2021,20:05:00,0.682,4,3,MYD
205,29/5/2021,16:55:00,0.688,3,2,MOD
206,30/5/2021,17:35:00,0.41,3,2,MOD
421,31/5/2021,19:50:00,1.059,4,3,MYD
208,31/5/2021,16:40:00,NA,2,2,MOD
426,1/6/2021,20:35:00,NA,2,2,MYD
209,1/6/2021,17:25:00,NA,3,3,MOD
428,2/6/2021,19:40:00,NA,4,4,MYD
210,2/6/2021,16:30:00,NA,2,2,MOD
431,3/6/2021,20:20:00,NA,2,2,MYD
432,4/6/2021,19:25:00,NA,2,2,MYD
436,5/6/2021,20:10:00,NA,3,3,MYD
213,5/6/2021,17:00:00,NA,4,4,MOD
438,6/6/2021,19:15:00,NA,1,1,MYD
214,6/6/2021,17:45:00,0.364,1,0,MOD
441,7/6/2021,19:55:00,0.564,5,4,MYD
216,7/6/2021,16:50:00,NA,2,2,MOD
217,8/6/2021,17:30:00,0.411,2,1,MOD
446,9/6/2021,19:45:00,NA,2,2,MYD
218,9/6/2021,16:35:00,NA,3,3,MOD
450,10/6/2021,20:30:00,NA,2,2,MYD
219,10/6/2021,17:20:00,NA,3,3,MOD
452,11/6/2021,19:35:00,NA,1,1,MYD
454,12/6/2021,20:15:00,NA,1,1,MYD
222,12/6/2021,17:05:00,NA,3,3,MOD
456,13/6/2021,19:20:00,NA,2,2,MYD
223,13/6/2021,17:50:00,NA,2,2,MOD
460,14/6/2021,20:05:00,NA,5,5,MYD
224,14/6/2021,16:55:00,NA,2,2,MOD
225,15/6/2021,17:35:00,NA,2,2,MOD
464,16/6/2021,19:50:00,NA,4,4,MYD
227,16/6/2021,16:40:00,NA,3,3,MOD
469,17/6/2021,20:35:00,NA,2,2,MYD
228,17/6/2021,17:25:00,NA,3,3,MOD
471,18/6/2021,19:40:00,NA,4,4,MYD
229,18/6/2021,16:30:00,NA,2,2,MOD
474,19/6/2021,20:20:00,NA,1,1,MYD
231,19/6/2021,17:10:00,NA,4,4,MOD
475,20/6/2021,19:25:00,NA,3,3,MYD
479,21/6/2021,20:10:00,NA,4,4,MYD
234,21/6/2021,17:00:00,NA,3,3,MOD
481,22/6/2021,19:15:00,NA,2,2,MYD
484,23/6/2021,19:55:00,NA,4,4,MYD
238,23/6/2021,16:50:00,NA,1,1,MOD
488,24/6/2021,20:40:00,NA,1,1,MYD
239,24/6/2021,17:30:00,NA,2,2,MOD
490,25/6/2021,19:45:00,NA,2,2,MYD
240,25/6/2021,16:35:00,NA,3,3,MOD
494,26/6/2021,20:30:00,NA,1,1,MYD
241,26/6/2021,17:20:00,NA,4,4,MOD
495,27/6/2021,19:30:00,NA,1,1,MYD
498,28/6/2021,20:15:00,NA,5,5,MYD
244,28/6/2021,17:05:00,NA,2,2,MOD
500,29/6/2021,19:20:00,NA,2,2,MYD
245,29/6/2021,17:50:00,NA,2,2,MOD
504,30/6/2021,20:05:00,NA,4,4,MYD
246,30/6/2021,16:55:00,NA,2,2,MOD
247,1/7/2021,17:35:00,NA,1,1,MOD
508,2/7/2021,19:50:00,NA,3,3,MYD
248,2/7/2021,16:40:00,NA,3,3,MOD
513,3/7/2021,20:35:00,NA,3,3,MYD
249,3/7/2021,17:25:00,NA,3,3,MOD
515,4/7/2021,19:40:00,NA,3,3,MYD
250,4/7/2021,16:30:00,NA,2,2,MOD
518,5/7/2021,20:20:00,NA,2,2,MYD
252,5/7/2021,17:10:00,NA,4,4,MOD
519,6/7/2021,19:25:00,NA,3,3,MYD
523,7/7/2021,20:10:00,NA,4,4,MYD
254,7/7/2021,17:00:00,NA,4,4,MOD
525,8/7/2021,19:15:00,NA,1,1,MYD
528,9/7/2021,19:55:00,NA,4,4,MYD
257,9/7/2021,16:45:00,NA,1,1,MOD
532,10/7/2021,20:40:00,NA,1,1,MYD
259,10/7/2021,17:30:00,NA,1,1,MOD
534,11/7/2021,19:45:00,NA,4,4,MYD
260,11/7/2021,16:35:00,NA,3,3,MOD
538,12/7/2021,20:30:00,NA,2,2,MYD
262,12/7/2021,17:20:00,NA,3,3,MOD
540,13/7/2021,19:35:00,NA,1,1,MYD
542,14/7/2021,20:15:00,NA,2,2,MYD
265,14/7/2021,17:05:00,NA,5,5,MOD
544,15/7/2021,19:20:00,NA,3,3,MYD
266,15/7/2021,17:50:00,NA,2,2,MOD
548,16/7/2021,20:05:00,NA,4,4,MYD
268,16/7/2021,16:55:00,NA,3,3,MOD
269,17/7/2021,17:35:00,NA,1,1,MOD
552,18/7/2021,19:50:00,NA,3,3,MYD
270,18/7/2021,16:40:00,NA,2,2,MOD
557,19/7/2021,20:35:00,NA,2,2,MYD
271,19/7/2021,17:25:00,NA,4,4,MOD
559,20/7/2021,19:40:00,NA,2,2,MYD
272,20/7/2021,16:30:00,0.407,2,1,MOD
562,21/7/2021,20:20:00,NA,3,3,MYD
274,21/7/2021,17:10:00,NA,3,3,MOD
564,22/7/2021,19:25:00,NA,2,2,MYD
568,23/7/2021,20:10:00,NA,3,3,MYD
276,23/7/2021,17:00:00,0.722,3,2,MOD
570,24/7/2021,19:15:00,0.265,3,2,MYD
277,24/7/2021,17:40:00,0.0955,2,0,MOD
573,25/7/2021,19:55:00,NA,4,4,MYD
279,25/7/2021,16:45:00,NA,2,2,MOD
280,26/7/2021,17:30:00,0.387,2,1,MOD
579,27/7/2021,19:45:00,NA,1,1,MYD
281,27/7/2021,16:35:00,NA,2,2,MOD
283,28/7/2021,17:20:00,NA,4,4,MOD
585,29/7/2021,19:35:00,NA,3,3,MYD
587,30/7/2021,20:15:00,NA,5,5,MYD
286,30/7/2021,17:05:00,NA,4,4,MOD
589,31/7/2021,19:20:00,0.424,3,1,MYD
287,31/7/2021,17:50:00,0.262,2,1,MOD
593,1/8/2021,20:05:00,NA,4,4,MYD
289,1/8/2021,16:55:00,NA,5,5,MOD
290,2/8/2021,17:35:00,0.703,2,1,MOD
597,3/8/2021,19:50:00,NA,3,3,MYD
291,3/8/2021,16:40:00,NA,3,3,MOD
602,4/8/2021,20:35:00,NA,3,3,MYD
292,4/8/2021,17:25:00,NA,3,3,MOD
604,5/8/2021,19:40:00,NA,3,3,MYD
294,5/8/2021,16:30:00,NA,2,2,MOD
607,6/8/2021,20:20:00,NA,2,2,MYD
296,6/8/2021,17:10:00,NA,4,4,MOD
609,7/8/2021,19:25:00,NA,2,2,MYD
613,8/8/2021,20:10:00,NA,4,4,MYD
298,8/8/2021,17:00:00,NA,4,4,MOD
615,9/8/2021,19:15:00,NA,2,2,MYD
299,9/8/2021,17:40:00,0.27,1,0,MOD
618,10/8/2021,19:55:00,NA,4,4,MYD
301,10/8/2021,16:45:00,NA,2,2,MOD
302,11/8/2021,17:30:00,0.315,2,1,MOD
624,12/8/2021,19:45:00,NA,3,3,MYD
303,12/8/2021,16:35:00,NA,2,2,MOD
305,13/8/2021,17:15:00,NA,4,4,MOD
630,14/8/2021,19:35:00,NA,2,2,MYD
632,15/8/2021,20:15:00,NA,4,4,MYD
308,15/8/2021,17:05:00,NA,4,4,MOD
634,16/8/2021,19:20:00,NA,2,2,MYD
309,16/8/2021,17:50:00,NA,1,1,MOD
638,17/8/2021,20:05:00,NA,4,4,MYD
311,17/8/2021,16:55:00,NA,4,4,MOD
312,18/8/2021,17:35:00,NA,2,2,MOD
642,19/8/2021,19:50:00,NA,4,4,MYD
313,19/8/2021,16:40:00,NA,2,2,MOD
647,20/8/2021,20:35:00,NA,3,3,MYD
314,20/8/2021,17:25:00,NA,3,3,MOD
649,21/8/2021,19:40:00,NA,2,2,MYD
316,21/8/2021,16:30:00,NA,3,3,MOD
652,22/8/2021,20:20:00,NA,2,2,MYD
318,22/8/2021,17:10:00,NA,3,3,MOD
653,23/8/2021,19:25:00,NA,3,3,MYD
657,24/8/2021,20:10:00,NA,2,2,MYD
320,24/8/2021,17:00:00,NA,4,4,MOD
659,25/8/2021,19:15:00,NA,3,3,MYD
321,25/8/2021,17:40:00,NA,2,2,MOD
662,26/8/2021,19:55:00,NA,4,4,MYD
322,26/8/2021,16:45:00,NA,3,3,MOD
323,27/8/2021,17:30:00,NA,2,2,MOD
668,28/8/2021,19:45:00,NA,3,3,MYD
324,28/8/2021,16:35:00,NA,2,2,MOD
672,29/8/2021,20:30:00,NA,1,1,MYD
326,29/8/2021,17:15:00,NA,4,4,MOD
674,30/8/2021,19:35:00,NA,3,3,MYD
676,31/8/2021,20:15:00,NA,1,1,MYD
329,31/8/2021,17:05:00,NA,4,4,MOD
678,1/9/2021,19:20:00,NA,2,2,MYD
331,1/9/2021,17:50:00,NA,2,2,MOD
682,2/9/2021,20:05:00,NA,3,3,MYD
333,2/9/2021,16:55:00,NA,3,3,MOD
334,3/9/2021,17:35:00,NA,3,3,MOD
686,4/9/2021,19:50:00,NA,4,4,MYD
335,4/9/2021,16:40:00,NA,3,3,MOD
691,5/9/2021,20:35:00,NA,2,2,MYD
337,5/9/2021,17:25:00,NA,4,4,MOD
693,6/9/2021,19:40:00,NA,4,4,MYD
339,6/9/2021,16:30:00,NA,2,2,MOD
696,7/9/2021,20:20:00,NA,2,2,MYD
341,7/9/2021,17:10:00,NA,4,4,MOD
698,8/9/2021,19:25:00,NA,3,3,MYD
702,9/9/2021,20:10:00,NA,3,3,MYD
343,9/9/2021,17:00:00,NA,5,5,MOD
704,10/9/2021,19:15:00,NA,2,2,MYD
707,11/9/2021,19:55:00,NA,4,4,MYD
345,11/9/2021,16:45:00,NA,1,1,MOD
346,12/9/2021,17:30:00,NA,3,3,MOD
713,13/9/2021,19:45:00,NA,4,4,MYD
347,13/9/2021,16:35:00,NA,2,2,MOD
349,14/9/2021,17:15:00,NA,4,4,MOD
719,15/9/2021,19:35:00,NA,1,1,MYD
721,16/9/2021,20:15:00,NA,3,3,MYD
351,16/9/2021,17:05:00,NA,4,4,MOD
723,17/9/2021,19:20:00,NA,2,2,MYD
352,17/9/2021,17:45:00,NA,2,2,MOD
727,18/9/2021,20:05:00,NA,4,4,MYD
354,18/9/2021,16:50:00,NA,2,2,MOD
356,19/9/2021,17:35:00,NA,2,2,MOD
731,20/9/2021,19:50:00,NA,4,4,MYD
357,20/9/2021,16:40:00,NA,1,1,MOD
736,21/9/2021,20:35:00,NA,1,1,MYD
359,21/9/2021,17:25:00,NA,4,4,MOD
738,22/9/2021,19:40:00,NA,2,2,MYD
360,23/9/2021,17:10:00,NA,4,4,MOD
740,24/9/2021,19:25:00,NA,1,1,MYD
744,25/9/2021,20:10:00,NA,4,4,MYD
363,25/9/2021,17:00:00,NA,3,3,MOD
746,26/9/2021,19:15:00,NA,2,2,MYD
364,26/9/2021,17:40:00,NA,1,1,MOD
749,27/9/2021,19:55:00,NA,4,4,MYD
365,27/9/2021,16:45:00,NA,2,2,MOD
366,28/9/2021,17:30:00,0.505,4,2,MOD
755,29/9/2021,19:45:00,NA,4,4,MYD
367,29/9/2021,16:35:00,NA,2,2,MOD
759,30/9/2021,20:30:00,NA,1,1,MYD
369,30/9/2021,17:15:00,NA,4,4,MOD
761,1/10/2021,19:35:00,NA,1,1,MYD
764,2/10/2021,20:15:00,NA,4,4,MYD
766,3/10/2021,19:20:00,NA,2,2,MYD
372,3/10/2021,17:45:00,NA,2,2,MOD
770,4/10/2021,20:05:00,NA,4,4,MYD
374,4/10/2021,16:50:00,NA,3,3,MOD
375,5/10/2021,17:35:00,NA,2,2,MOD
774,6/10/2021,19:50:00,NA,4,4,MYD
376,6/10/2021,16:40:00,NA,2,2,MOD
779,7/10/2021,20:35:00,NA,3,3,MYD
378,7/10/2021,17:25:00,NA,4,4,MOD
781,8/10/2021,19:40:00,NA,3,3,MYD
784,9/10/2021,20:20:00,NA,3,3,MYD
382,9/10/2021,17:10:00,NA,4,4,MOD
786,10/10/2021,19:25:00,0.135,2,1,MYD
790,11/10/2021,20:10:00,NA,3,3,MYD
385,11/10/2021,17:00:00,NA,2,2,MOD
792,12/10/2021,19:15:00,0.17,2,1,MYD
386,12/10/2021,17:40:00,NA,1,1,MOD
795,13/10/2021,19:55:00,NA,3,3,MYD
387,13/10/2021,16:45:00,NA,3,3,MOD
388,14/10/2021,17:30:00,0.306,5,2,MOD
801,15/10/2021,19:45:00,0.213,2,0,MYD
390,15/10/2021,16:35:00,0.287,2,1,MOD
805,16/10/2021,20:30:00,NA,2,2,MYD
391,16/10/2021,17:15:00,NA,4,4,MOD
807,17/10/2021,19:35:00,NA,3,3,MYD
810,18/10/2021,20:15:00,NA,3,3,MYD
394,18/10/2021,17:05:00,NA,3,3,MOD
812,19/10/2021,19:20:00,NA,2,2,MYD
395,19/10/2021,17:45:00,NA,2,2,MOD
816,20/10/2021,20:05:00,NA,3,3,MYD
397,20/10/2021,16:50:00,NA,2,2,MOD
398,21/10/2021,17:35:00,NA,2,2,MOD
820,22/10/2021,19:50:00,NA,3,3,MYD
399,22/10/2021,16:40:00,NA,3,3,MOD
825,23/10/2021,20:35:00,NA,2,2,MYD
401,23/10/2021,17:20:00,0.489,3,1,MOD
827,24/10/2021,19:40:00,NA,3,3,MYD
403,24/10/2021,16:25:00,NA,2,2,MOD
830,25/10/2021,20:20:00,NA,2,2,MYD
405,25/10/2021,17:10:00,NA,4,4,MOD
832,26/10/2021,19:25:00,NA,3,3,MYD
836,27/10/2021,20:10:00,NA,3,3,MYD
838,28/10/2021,19:15:00,NA,2,2,MYD
408,28/10/2021,17:40:00,NA,1,1,MOD
841,29/10/2021,19:55:00,NA,4,4,MYD
409,29/10/2021,16:45:00,NA,2,2,MOD
410,30/10/2021,17:30:00,0.267,2,0,MOD
846,31/10/2021,19:45:00,0.383,3,2,MYD
412,31/10/2021,16:35:00,0.299,3,2,MOD
850,1/11/2021,20:30:00,NA,1,1,MYD
414,1/11/2021,17:15:00,NA,4,4,MOD
852,2/11/2021,19:35:00,0.2295,3,1,MYD
855,3/11/2021,20:15:00,0.294,3,2,MYD
417,3/11/2021,17:05:00,0.36,3,2,MOD
857,4/11/2021,19:20:00,NA,2,2,MYD
418,4/11/2021,17:45:00,NA,1,1,MOD
861,5/11/2021,20:05:00,NA,4,4,MYD
419,5/11/2021,16:50:00,NA,2,2,MOD
420,6/11/2021,17:35:00,0.352,3,2,MOD
866,7/11/2021,19:50:00,0.391,4,3,MYD
421,7/11/2021,16:40:00,NA,2,2,MOD
870,8/11/2021,20:35:00,NA,1,1,MYD
423,8/11/2021,17:20:00,0.2,3,2,MOD
872,9/11/2021,19:40:00,0.314,2,1,MYD
875,10/11/2021,20:20:00,0.474,1,0,MYD
427,10/11/2021,17:10:00,0.3165,4,2,MOD
877,11/11/2021,19:25:00,0.295,3,1,MYD
428,11/11/2021,17:50:00,NA,1,1,MOD
881,12/11/2021,20:10:00,0.273,4,3,MYD
430,12/11/2021,16:55:00,0.365,3,2,MOD
883,13/11/2021,19:15:00,0.158,2,1,MYD
432,13/11/2021,17:40:00,NA,2,2,MOD
886,14/11/2021,19:55:00,0.332,4,2,MYD
433,14/11/2021,16:45:00,NA,3,3,MOD
435,15/11/2021,17:30:00,NA,2,2,MOD
892,16/11/2021,19:45:00,NA,3,3,MYD
437,16/11/2021,16:35:00,0.226,1,0,MOD
439,17/11/2021,17:15:00,0.286,4,2,MOD
898,18/11/2021,19:35:00,NA,2,2,MYD
901,19/11/2021,20:15:00,NA,3,3,MYD
443,19/11/2021,17:05:00,NA,4,4,MOD
903,20/11/2021,19:20:00,NA,3,3,MYD
907,21/11/2021,20:05:00,NA,4,4,MYD
445,21/11/2021,16:50:00,0.429,2,1,MOD
446,22/11/2021,17:35:00,NA,3,3,MOD
912,23/11/2021,19:50:00,NA,3,3,MYD
447,23/11/2021,16:40:00,NA,3,3,MOD
916,24/11/2021,20:35:00,NA,2,2,MYD
449,24/11/2021,17:20:00,NA,3,3,MOD
918,25/11/2021,19:40:00,NA,1,1,MYD
921,26/11/2021,20:20:00,NA,2,2,MYD
452,26/11/2021,17:10:00,NA,4,4,MOD
923,27/11/2021,19:25:00,NA,3,3,MYD
454,27/11/2021,17:50:00,NA,1,1,MOD
927,28/11/2021,20:10:00,0.604,4,1,MYD
456,28/11/2021,16:55:00,0.761,4,3,MOD
929,29/11/2021,19:15:00,NA,2,2,MYD
457,29/11/2021,17:40:00,0.42,1,0,MOD
932,30/11/2021,19:55:00,0.33367,4,1,MYD
458,30/11/2021,16:45:00,0.367,2,1,MOD
936,1/12/2021,20:40:00,NA,1,1,MYD
459,1/12/2021,17:25:00,NA,1,1,MOD
460,1/12/2021,17:30:00,NA,1,1,MOD
938,2/12/2021,19:45:00,0.11067,3,0,MYD
461,2/12/2021,16:30:00,NA,1,1,MOD
942,3/12/2021,20:30:00,NA,1,1,MYD
464,3/12/2021,17:15:00,0.2775,4,2,MOD
944,4/12/2021,19:35:00,0.152,3,2,MYD
947,5/12/2021,20:15:00,0.55,2,1,MYD
468,5/12/2021,17:05:00,0.327,4,3,MOD
949,6/12/2021,19:20:00,NA,2,2,MYD
953,7/12/2021,20:05:00,0.2115,4,2,MYD
470,7/12/2021,16:50:00,NA,2,2,MOD
471,8/12/2021,17:35:00,0.22,3,0,MOD
958,9/12/2021,19:50:00,0.4735,3,1,MYD
473,9/12/2021,16:40:00,0.388,2,1,MOD
962,10/12/2021,20:35:00,NA,2,2,MYD
474,10/12/2021,17:20:00,0.334,4,3,MOD
964,11/12/2021,19:40:00,0.3905,3,1,MYD
967,12/12/2021,20:20:00,NA,3,3,MYD
476,12/12/2021,17:10:00,0.37,3,2,MOD
969,13/12/2021,19:25:00,0.305,2,1,MYD
973,14/12/2021,20:10:00,0.329,2,1,MYD
480,14/12/2021,16:55:00,NA,2,2,MOD
975,15/12/2021,19:15:00,NA,1,1,MYD
481,15/12/2021,17:40:00,NA,1,1,MOD
979,16/12/2021,20:00:00,0.288,4,2,MYD
482,17/12/2021,17:25:00,0.3665,3,1,MOD
984,18/12/2021,19:45:00,NA,4,4,MYD
484,18/12/2021,16:30:00,NA,1,1,MOD
988,19/12/2021,20:30:00,NA,1,1,MYD
485,19/12/2021,17:15:00,NA,4,4,MOD
990,20/12/2021,19:35:00,NA,1,1,MYD
993,21/12/2021,20:15:00,NA,1,1,MYD
489,21/12/2021,17:05:00,NA,4,4,MOD
998,23/12/2021,20:05:00,NA,4,4,MYD
491,23/12/2021,16:50:00,NA,1,1,MOD
492,24/12/2021,17:35:00,0.1065,3,1,MOD
1003,25/12/2021,19:50:00,0.156,4,2,MYD
494,25/12/2021,16:40:00,NA,2,2,MOD
495,26/12/2021,17:20:00,0.15833,4,1,MOD
1006,27/12/2021,19:40:00,0.28,2,1,MYD
496,27/12/2021,16:25:00,0.196,1,0,MOD
1009,28/12/2021,20:20:00,0.4935,2,0,MYD
497,28/12/2021,17:10:00,0.335,5,2,MOD
1011,29/12/2021,19:25:00,0.116,1,0,MYD
1015,30/12/2021,20:10:00,0.35967,4,1,MYD
500,30/12/2021,16:55:00,0.271,3,2,MOD
501,31/12/2021,17:40:00,NA,2,2,MOD
2,1/1/2022,20:00:00,0.53633,4,1,MYD
1,1/1/2022,16:45:00,0.434,3,2,MOD
5,2/1/2022,20:40:00,0.212,2,1,MYD
4,2/1/2022,17:25:00,0.17567,4,1,MOD
6,3/1/2022,19:45:00,0.3015,4,2,MYD
6,3/1/2022,16:30:00,NA,2,2,MOD
10,4/1/2022,20:30:00,0.238,2,1,MYD
11,4/1/2022,17:15:00,0.207,4,1,MOD
12,5/1/2022,19:35:00,0.167,1,0,MYD
15,6/1/2022,20:15:00,NA,1,1,MYD
15,6/1/2022,17:00:00,0.302,3,2,MOD
16,7/1/2022,19:20:00,NA,2,2,MYD
19,7/1/2022,17:45:00,NA,2,2,MOD
20,8/1/2022,20:05:00,0.448,3,2,MYD
21,8/1/2022,16:50:00,0.359,2,1,MOD
25,9/1/2022,17:35:00,0.2275,3,1,MOD
25,10/1/2022,19:50:00,NA,4,4,MYD
26,10/1/2022,16:35:00,NA,2,2,MOD
30,11/1/2022,17:20:00,NA,3,3,MOD
30,12/1/2022,19:40:00,0.221,3,1,MYD
32,12/1/2022,16:25:00,NA,3,3,MOD
33,13/1/2022,20:20:00,0.448,3,2,MYD
35,14/1/2022,19:25:00,0.336,2,1,MYD
39,15/1/2022,20:10:00,NA,3,3,MYD
39,15/1/2022,16:55:00,NA,4,4,MOD
41,16/1/2022,19:15:00,NA,3,3,MYD
45,17/1/2022,20:00:00,NA,4,4,MYD
45,17/1/2022,16:45:00,0.469,3,2,MOD
48,18/1/2022,17:25:00,0.231,4,1,MOD
49,19/1/2022,19:45:00,0.6685,4,2,MYD
50,19/1/2022,16:30:00,NA,1,1,MOD
53,20/1/2022,20:30:00,NA,2,2,MYD
55,20/1/2022,17:15:00,NA,4,4,MOD
55,21/1/2022,19:35:00,NA,3,3,MYD
58,22/1/2022,20:15:00,NA,3,3,MYD
59,22/1/2022,17:00:00,NA,4,4,MOD
59,23/1/2022,19:20:00,NA,1,1,MYD
63,24/1/2022,20:05:00,NA,4,4,MYD
65,24/1/2022,16:50:00,NA,2,2,MOD
68,25/1/2022,17:30:00,0.114,2,0,MOD
68,26/1/2022,19:50:00,0.2255,5,3,MYD
70,26/1/2022,16:35:00,NA,3,3,MOD
74,27/1/2022,17:20:00,0.193,4,2,MOD
73,28/1/2022,19:40:00,NA,2,2,MYD
76,29/1/2022,20:20:00,NA,3,3,MYD
79,29/1/2022,17:10:00,0.295,4,2,MOD
78,30/1/2022,19:25:00,NA,2,2,MYD
82,30/1/2022,17:50:00,NA,1,1,MOD
82,31/1/2022,20:10:00,NA,3,3,MYD
84,31/1/2022,16:55:00,0.367,3,2,MOD
88,1/2/2022,17:40:00,0.076,1,0,MOD
88,2/2/2022,20:00:00,0.1755,5,3,MYD
90,2/2/2022,16:45:00,NA,1,1,MOD
93,3/2/2022,17:25:00,0.112,2,0,MOD
93,4/2/2022,19:45:00,NA,3,3,MYD
95,4/2/2022,16:30:00,NA,1,1,MOD
97,5/2/2022,20:30:00,NA,1,1,MYD
99,5/2/2022,17:15:00,NA,4,4,MOD
99,6/2/2022,19:35:00,NA,2,2,MYD
102,7/2/2022,20:15:00,NA,4,4,MYD
104,7/2/2022,17:00:00,0.4715,4,2,MOD
103,8/2/2022,19:20:00,NA,1,1,MYD
107,9/2/2022,20:05:00,NA,4,4,MYD
109,9/2/2022,16:50:00,0.364,3,2,MOD
112,10/2/2022,17:30:00,NA,3,3,MOD
112,11/2/2022,19:50:00,NA,4,4,MYD
114,11/2/2022,16:35:00,NA,2,2,MOD
116,12/2/2022,20:35:00,NA,1,1,MYD
118,12/2/2022,17:20:00,NA,3,3,MOD
118,13/2/2022,19:40:00,NA,1,1,MYD
121,14/2/2022,20:20:00,NA,1,1,MYD
123,14/2/2022,17:05:00,0.319,4,3,MOD
127,16/2/2022,20:10:00,NA,2,2,MYD
129,16/2/2022,16:55:00,NA,2,2,MOD
133,17/2/2022,17:40:00,0.20767,3,0,MOD
132,18/2/2022,19:55:00,0.552,4,1,MYD
135,18/2/2022,16:45:00,0.313,2,1,MOD
138,19/2/2022,17:25:00,0.3465,4,2,MOD
137,20/2/2022,19:45:00,NA,1,1,MYD
140,20/2/2022,16:30:00,0.326,2,1,MOD
144,21/2/2022,17:15:00,0.265,4,1,MOD
143,22/2/2022,19:35:00,0.349,1,0,MYD
146,23/2/2022,20:15:00,0.2715,3,1,MYD
148,24/2/2022,19:20:00,0.2565,2,0,MYD
152,25/2/2022,20:05:00,0.4915,4,2,MYD
153,25/2/2022,16:50:00,NA,2,2,MOD
156,26/2/2022,17:30:00,0.33667,3,0,MOD
156,27/2/2022,19:50:00,0.148,4,3,MYD
158,27/2/2022,16:35:00,NA,2,2,MOD
160,28/2/2022,20:35:00,0.208,2,1,MYD
162,28/2/2022,17:20:00,0.1475,3,1,MOD
162,1/3/2022,19:40:00,0.142,1,0,MYD
165,2/3/2022,20:20:00,0.335,3,2,MYD
166,2/3/2022,17:05:00,NA,4,4,MOD
166,3/3/2022,19:25:00,0.333,3,2,MYD
170,3/3/2022,17:50:00,NA,1,1,MOD
170,4/3/2022,20:10:00,0.4255,2,0,MYD
172,4/3/2022,16:55:00,0.471,4,3,MOD
175,5/3/2022,17:35:00,NA,3,3,MOD
175,6/3/2022,19:55:00,0.614,4,3,MYD
177,6/3/2022,16:40:00,NA,1,1,MOD
859,7/3/2022,17:25:00,0.418,2,1,MOD
180,8/3/2022,19:45:00,NA,4,4,MYD
183,9/3/2022,20:25:00,NA,1,1,MYD
185,9/3/2022,17:15:00,0.176,4,3,MOD
185,10/3/2022,19:30:00,0.151,1,0,MYD
189,11/3/2022,20:15:00,0.361,3,1,MYD
190,11/3/2022,17:00:00,NA,3,3,MOD
191,12/3/2022,19:20:00,NA,2,2,MYD
195,13/3/2022,20:05:00,0.4965,4,2,MYD
196,13/3/2022,16:50:00,NA,3,3,MOD
200,14/3/2022,17:30:00,0.245,1,0,MOD
200,15/3/2022,19:50:00,1.114,2,1,MYD
202,15/3/2022,16:35:00,0.468,1,0,MOD
206,16/3/2022,17:20:00,0.448,2,0,MOD
207,17/3/2022,19:40:00,NA,3,3,MYD
210,18/3/2022,20:20:00,NA,1,1,MYD
211,18/3/2022,17:05:00,0.467,4,3,MOD
212,19/3/2022,19:25:00,NA,2,2,MYD
215,19/3/2022,17:50:00,NA,2,2,MOD
216,20/3/2022,20:10:00,NA,3,3,MYD
217,20/3/2022,16:55:00,0.514,4,3,MOD
221,21/3/2022,17:35:00,NA,2,2,MOD
221,22/3/2022,19:55:00,NA,4,4,MYD
223,22/3/2022,16:40:00,NA,1,1,MOD
227,23/3/2022,17:25:00,0.225,3,2,MOD
223,24/3/2022,19:45:00,0.4105,2,0,MYD
227,25/3/2022,20:25:00,0.667,2,0,MYD
232,25/3/2022,17:10:00,0.311,4,2,MOD
228,26/3/2022,19:30:00,0.4395,2,0,MYD
233,27/3/2022,20:15:00,NA,4,4,MYD
238,27/3/2022,17:00:00,NA,4,4,MOD
239,29/3/2022,20:00:00,0.58267,4,1,MYD
244,29/3/2022,16:50:00,NA,1,1,MOD
248,30/3/2022,17:30:00,0.1835,3,1,MOD
250,31/3/2022,16:35:00,0.488,2,1,MOD
254,1/4/2022,17:20:00,NA,3,3,MOD
259,3/4/2022,17:05:00,0.4535,4,2,MOD
263,4/4/2022,17:50:00,NA,2,2,MOD
264,5/4/2022,16:55:00,0.445,3,2,MOD
268,6/4/2022,17:35:00,0.409,2,0,MOD
270,7/4/2022,16:40:00,0.7675,2,0,MOD
274,8/4/2022,17:25:00,1.264,3,1,MOD
278,10/4/2022,17:10:00,0.378,4,3,MOD
284,12/4/2022,17:00:00,0.803,4,3,MOD
286,13/4/2022,17:40:00,NA,2,2,MOD
288,14/4/2022,16:45:00,0.6395,4,2,MOD
293,15/4/2022,17:30:00,0.792,2,1,MOD
295,16/4/2022,16:35:00,0.53,1,0,MOD
244,17/4/2022,20:30:00,0.324,3,1,MYD
299,17/4/2022,17:20:00,NA,2,2,MOD
246,18/4/2022,19:35:00,0.38,2,1,MYD
301,18/4/2022,16:25:00,0.315,2,0,MOD
251,19/4/2022,20:20:00,NA,4,4,MYD
304,19/4/2022,17:05:00,NA,4,4,MOD
253,20/4/2022,19:25:00,NA,3,3,MYD
256,21/4/2022,20:05:00,NA,4,4,MYD
310,21/4/2022,16:55:00,0.38,3,1,MOD
314,22/4/2022,17:35:00,0.24267,3,0,MOD
262,23/4/2022,19:55:00,NA,4,4,MYD
316,23/4/2022,16:40:00,0.643,3,2,MOD
265,24/4/2022,20:35:00,NA,1,1,MYD
320,24/4/2022,17:25:00,NA,1,1,MOD
266,25/4/2022,19:40:00,0.466,3,2,MYD
321,25/4/2022,16:30:00,0.321,1,0,MOD
270,26/4/2022,20:25:00,NA,1,1,MYD
324,26/4/2022,17:10:00,NA,3,3,MOD
272,27/4/2022,19:30:00,NA,1,1,MYD
275,28/4/2022,20:10:00,NA,3,3,MYD
330,28/4/2022,17:00:00,NA,3,3,MOD
281,30/4/2022,20:00:00,NA,4,4,MYD
335,30/4/2022,16:45:00,0.62933,4,1,MOD
340,1/5/2022,17:30:00,0.8985,2,0,MOD
285,2/5/2022,19:45:00,0.75533,3,0,MYD
289,3/5/2022,20:30:00,0.87,3,2,MYD
345,3/5/2022,17:15:00,NA,2,2,MOD
291,4/5/2022,19:35:00,NA,3,3,MYD
347,4/5/2022,16:20:00,0.4545,3,1,MOD
294,5/5/2022,20:15:00,0.8895,4,0,MYD
351,5/5/2022,17:05:00,0.4665,4,2,MOD
295,6/5/2022,19:20:00,NA,2,2,MYD
299,7/5/2022,20:05:00,0.395,4,3,MYD
356,7/5/2022,16:55:00,NA,2,2,MOD
360,8/5/2022,17:35:00,0.669,2,0,MOD
304,9/5/2022,19:50:00,NA,4,4,MYD
362,9/5/2022,16:40:00,0.397,2,1,MOD
367,10/5/2022,17:25:00,0.2245,2,0,MOD
310,11/5/2022,19:40:00,NA,2,2,MYD
369,11/5/2022,16:30:00,NA,2,2,MOD
313,12/5/2022,20:20:00,0.381,1,0,MYD
372,12/5/2022,17:10:00,NA,4,4,MOD
314,13/5/2022,19:25:00,NA,1,1,MYD
318,14/5/2022,20:10:00,0.673,4,3,MYD
377,14/5/2022,17:00:00,0.342,4,3,MOD
323,16/5/2022,19:55:00,NA,4,4,MYD
383,16/5/2022,16:45:00,NA,2,2,MOD
327,17/5/2022,20:40:00,0.46,2,0,MYD
388,17/5/2022,17:30:00,0.413,1,0,MOD
329,18/5/2022,19:45:00,0.383,3,0,MYD
389,18/5/2022,16:35:00,0.352,2,0,MOD
332,19/5/2022,20:25:00,NA,3,3,MYD
392,19/5/2022,17:15:00,0.334,4,2,MOD
333,20/5/2022,19:30:00,0.752,2,1,MYD
394,20/5/2022,16:20:00,0.4345,2,0,MOD
337,21/5/2022,20:15:00,0.766,3,1,MYD
398,21/5/2022,17:05:00,0.5895,3,1,MOD
343,23/5/2022,20:00:00,NA,4,4,MYD
402,23/5/2022,16:50:00,0.73,3,0,MOD
407,24/5/2022,17:35:00,0.709,1,0,MOD
348,25/5/2022,19:50:00,0.639,1,0,MYD
409,25/5/2022,16:40:00,NA,3,3,MOD
351,26/5/2022,20:30:00,NA,3,3,MYD
414,26/5/2022,17:25:00,0.407,2,1,MOD
352,27/5/2022,19:35:00,0.325,1,0,MYD
415,27/5/2022,16:25:00,NA,2,2,MOD
357,28/5/2022,20:20:00,0.526,3,2,MYD
419,28/5/2022,17:10:00,NA,4,4,MOD
359,29/5/2022,19:25:00,NA,2,2,MYD
363,30/5/2022,20:05:00,NA,4,4,MYD
424,30/5/2022,17:00:00,0.6995,4,2,MOD
428,31/5/2022,17:40:00,NA,2,2,MOD
368,1/6/2022,19:55:00,NA,4,4,MYD
430,1/6/2022,16:45:00,NA,2,2,MOD
372,3/6/2022,19:40:00,0.272,3,1,MYD
377,4/6/2022,20:25:00,NA,1,1,MYD
440,4/6/2022,17:15:00,0.4015,4,2,MOD
379,5/6/2022,19:30:00,NA,1,1,MYD
383,6/6/2022,20:10:00,0.7035,4,2,MYD
445,6/6/2022,17:05:00,NA,4,4,MOD
449,7/6/2022,17:45:00,0.125,3,2,MOD
388,8/6/2022,20:00:00,NA,3,3,MYD
451,8/6/2022,16:50:00,NA,4,4,MOD
391,9/6/2022,20:40:00,NA,3,3,MYD
455,9/6/2022,17:35:00,NA,1,1,MOD
392,10/6/2022,19:45:00,NA,5,5,MYD
457,10/6/2022,16:40:00,NA,3,3,MOD
396,11/6/2022,20:30:00,NA,3,3,MYD
461,11/6/2022,17:20:00,NA,2,2,MOD
398,12/6/2022,19:35:00,NA,1,1,MYD
463,12/6/2022,16:25:00,NA,3,3,MOD
402,13/6/2022,20:15:00,NA,3,3,MYD
467,13/6/2022,17:10:00,0.89,4,3,MOD
404,14/6/2022,19:20:00,NA,3,3,MYD
408,15/6/2022,20:05:00,NA,4,4,MYD
472,15/6/2022,16:55:00,NA,4,4,MOD
476,16/6/2022,17:40:00,NA,2,2,MOD
412,17/6/2022,19:50:00,NA,2,2,MYD
478,17/6/2022,16:45:00,NA,4,4,MOD
416,18/6/2022,20:35:00,NA,2,2,MYD
482,18/6/2022,17:30:00,NA,2,2,MOD
418,19/6/2022,19:40:00,NA,1,1,MYD
484,19/6/2022,16:35:00,NA,3,3,MOD
421,20/6/2022,20:20:00,NA,2,2,MYD
488,20/6/2022,17:15:00,NA,4,4,MOD
423,21/6/2022,19:25:00,NA,2,2,MYD
427,22/6/2022,20:10:00,NA,3,3,MYD
493,22/6/2022,17:05:00,NA,4,4,MOD
431,24/6/2022,19:55:00,NA,4,4,MYD
498,24/6/2022,16:50:00,NA,2,2,MOD
435,25/6/2022,20:40:00,NA,2,2,MYD
502,25/6/2022,17:35:00,NA,1,1,MOD
437,26/6/2022,19:45:00,NA,3,3,MYD
503,26/6/2022,16:40:00,NA,1,1,MOD
441,27/6/2022,20:25:00,NA,3,3,MYD
506,27/6/2022,17:20:00,NA,5,5,MOD
443,28/6/2022,19:30:00,NA,1,1,MYD
508,28/6/2022,16:25:00,NA,2,2,MOD
448,29/6/2022,20:15:00,NA,4,4,MYD
513,29/6/2022,17:10:00,NA,3,3,MOD
450,30/6/2022,19:20:00,NA,1,1,MYD
453,1/7/2022,20:00:00,NA,4,4,MYD
517,1/7/2022,16:55:00,NA,4,4,MOD
457,2/7/2022,20:45:00,NA,1,1,MYD
521,2/7/2022,17:40:00,NA,2,2,MOD
459,3/7/2022,19:50:00,0.669,2,1,MYD
523,3/7/2022,16:45:00,NA,4,4,MOD
462,4/7/2022,20:30:00,NA,1,1,MYD
525,4/7/2022,17:25:00,NA,3,3,MOD
464,5/7/2022,19:35:00,NA,3,3,MYD
527,5/7/2022,16:30:00,NA,2,2,MOD
469,6/7/2022,20:20:00,NA,2,2,MYD
531,6/7/2022,17:15:00,NA,4,4,MOD
533,7/7/2022,16:20:00,NA,1,1,MOD
474,8/7/2022,20:05:00,NA,4,4,MYD
536,8/7/2022,17:05:00,NA,4,4,MOD
539,9/7/2022,17:45:00,NA,1,1,MOD
479,10/7/2022,19:50:00,NA,4,4,MYD
541,10/7/2022,16:50:00,NA,3,3,MOD
485,12/7/2022,19:40:00,NA,3,3,MYD
547,12/7/2022,16:40:00,NA,3,3,MOD
488,13/7/2022,20:20:00,NA,3,3,MYD
550,13/7/2022,17:20:00,NA,2,2,MOD
490,14/7/2022,19:25:00,NA,2,2,MYD
552,14/7/2022,16:25:00,NA,1,1,MOD
494,15/7/2022,20:10:00,NA,4,4,MYD
556,15/7/2022,17:10:00,NA,4,4,MOD
499,17/7/2022,19:55:00,NA,4,4,MYD
561,17/7/2022,16:55:00,0.71,4,3,MOD
565,18/7/2022,17:40:00,NA,2,2,MOD
505,19/7/2022,19:45:00,0.512,3,2,MYD
566,19/7/2022,16:45:00,NA,3,3,MOD
508,20/7/2022,20:25:00,NA,1,1,MYD
569,20/7/2022,17:25:00,NA,3,3,MOD
514,22/7/2022,20:15:00,NA,4,4,MYD
575,22/7/2022,17:15:00,NA,5,5,MOD
516,23/7/2022,19:20:00,NA,2,2,MYD
519,24/7/2022,20:00:00,NA,4,4,MYD
579,24/7/2022,17:00:00,NA,4,4,MOD
583,25/7/2022,17:45:00,NA,1,1,MOD
22,26/7/2022,19:50:00,NA,2,2,MYD
585,26/7/2022,16:50:00,NA,3,3,MOD
588,27/7/2022,17:30:00,NA,2,2,MOD
527,28/7/2022,19:35:00,NA,3,3,MYD
532,29/7/2022,20:20:00,NA,3,3,MYD
591,29/7/2022,17:20:00,NA,2,2,MOD
534,30/7/2022,19:25:00,NA,2,2,MYD
538,31/7/2022,20:05:00,NA,4,4,MYD
597,31/7/2022,17:10:00,NA,4,4,MOD
544,2/8/2022,19:55:00,NA,4,4,MYD
602,2/8/2022,16:55:00,NA,4,4,MOD
606,3/8/2022,17:40:00,0.18133,3,0,MOD
548,4/8/2022,19:40:00,NA,4,4,MYD
608,4/8/2022,16:45:00,NA,2,2,MOD
553,5/8/2022,20:25:00,NA,4,4,MYD
611,5/8/2022,17:25:00,NA,1,1,MOD
613,6/8/2022,16:30:00,NA,3,3,MOD
558,7/8/2022,20:10:00,NA,4,4,MYD
617,7/8/2022,17:15:00,NA,4,4,MOD
564,9/8/2022,20:00:00,NA,4,4,MYD
621,9/8/2022,17:00:00,NA,4,4,MOD
567,10/8/2022,20:40:00,NA,2,2,MYD
625,10/8/2022,17:45:00,NA,1,1,MOD
569,11/8/2022,19:45:00,NA,3,3,MYD
627,11/8/2022,16:50:00,NA,3,3,MOD
573,12/8/2022,20:30:00,NA,3,3,MYD
630,12/8/2022,17:30:00,NA,2,2,MOD
575,13/8/2022,19:35:00,NA,3,3,MYD
632,13/8/2022,16:35:00,NA,2,2,MOD
578,14/8/2022,20:15:00,NA,4,4,MYD
636,14/8/2022,17:20:00,NA,3,3,MOD
638,15/8/2022,16:25:00,NA,2,2,MOD
583,16/8/2022,20:00:00,NA,4,4,MYD
641,16/8/2022,17:10:00,NA,5,5,MOD
586,17/8/2022,20:45:00,NA,1,1,MYD
588,18/8/2022,19:50:00,NA,3,3,MYD
646,18/8/2022,16:55:00,NA,4,4,MOD
592,19/8/2022,20:30:00,NA,1,1,MYD
594,20/8/2022,19:35:00,NA,1,1,MYD
652,20/8/2022,16:45:00,NA,2,2,MOD
598,21/8/2022,20:20:00,NA,2,2,MYD
656,21/8/2022,17:25:00,NA,1,1,MOD
604,23/8/2022,20:05:00,NA,4,4,MYD
662,23/8/2022,17:15:00,NA,3,3,MOD
664,24/8/2022,16:20:00,NA,1,1,MOD
610,25/8/2022,19:55:00,NA,5,5,MYD
667,25/8/2022,17:00:00,NA,4,4,MOD
613,26/8/2022,20:35:00,NA,3,3,MYD
615,27/8/2022,19:40:00,NA,2,2,MYD
672,27/8/2022,16:50:00,0.632,4,3,MOD
620,28/8/2022,20:25:00,NA,2,2,MYD
676,28/8/2022,17:30:00,NA,2,2,MOD
622,29/8/2022,19:30:00,NA,2,2,MYD
678,29/8/2022,16:35:00,NA,1,1,MOD
626,30/8/2022,20:10:00,NA,4,4,MYD
682,30/8/2022,17:20:00,NA,2,2,MOD
631,1/9/2022,20:00:00,NA,3,3,MYD
687,1/9/2022,17:05:00,NA,4,4,MOD
634,2/9/2022,20:40:00,NA,1,1,MYD
635,3/9/2022,19:45:00,NA,1,1,MYD
693,3/9/2022,16:55:00,NA,4,4,MOD
639,4/9/2022,20:30:00,NA,3,3,MYD
697,4/9/2022,17:40:00,NA,2,2,MOD
641,5/9/2022,19:35:00,NA,1,1,MYD
699,5/9/2022,16:45:00,NA,2,2,MOD
644,6/9/2022,20:15:00,NA,4,4,MYD
703,6/9/2022,17:25:00,NA,3,3,MOD
705,7/9/2022,16:30:00,NA,2,2,MOD
650,8/9/2022,20:05:00,NA,3,3,MYD
709,8/9/2022,17:15:00,NA,4,4,MOD
653,9/9/2022,20:45:00,NA,1,1,MYD
655,10/9/2022,19:50:00,NA,4,4,MYD
714,10/9/2022,17:00:00,0.386,4,3,MOD
659,11/9/2022,20:35:00,NA,1,1,MYD
718,11/9/2022,17:45:00,NA,1,1,MOD
660,12/9/2022,19:35:00,NA,2,2,MYD
719,12/9/2022,16:50:00,NA,3,3,MOD
664,13/9/2022,20:20:00,NA,2,2,MYD
723,13/9/2022,17:30:00,NA,2,2,MOD
666,14/9/2022,19:25:00,NA,1,1,MYD
725,14/9/2022,16:35:00,NA,1,1,MOD
669,15/9/2022,20:05:00,NA,4,4,MYD
729,15/9/2022,17:20:00,NA,2,2,MOD
675,17/9/2022,19:55:00,NA,4,4,MYD
733,17/9/2022,17:05:00,NA,4,4,MOD
678,18/9/2022,20:35:00,NA,1,1,MYD
680,19/9/2022,19:40:00,NA,1,1,MYD
739,19/9/2022,16:55:00,NA,3,3,MOD
685,20/9/2022,20:25:00,NA,2,2,MYD
742,20/9/2022,17:35:00,NA,2,2,MOD
687,21/9/2022,19:30:00,NA,1,1,MYD
744,21/9/2022,16:40:00,NA,3,3,MOD
691,22/9/2022,20:10:00,NA,4,4,MYD
749,22/9/2022,17:25:00,NA,2,2,MOD
751,23/9/2022,16:30:00,NA,2,2,MOD
696,24/9/2022,20:00:00,NA,4,4,MYD
754,24/9/2022,17:10:00,NA,4,4,MOD
699,25/9/2022,20:40:00,NA,2,2,MYD
700,26/9/2022,19:45:00,NA,2,2,MYD
760,26/9/2022,17:00:00,NA,4,4,MOD
704,27/9/2022,20:30:00,NA,1,1,MYD
706,28/9/2022,19:35:00,NA,3,3,MYD
765,28/9/2022,16:50:00,NA,3,3,MOD
709,29/9/2022,20:15:00,NA,3,3,MYD
711,30/9/2022,19:20:00,0.409,2,1,MYD
771,30/9/2022,16:35:00,NA,3,3,MOD
715,1/10/2022,20:05:00,0.432,4,2,MYD
775,1/10/2022,17:20:00,0.286,4,1,MOD
720,3/10/2022,19:50:00,0.694,3,2,MYD
780,3/10/2022,17:05:00,0.4365,4,2,MOD
724,4/10/2022,20:35:00,NA,1,1,MYD
725,5/10/2022,19:35:00,NA,2,2,MYD
785,5/10/2022,16:55:00,NA,4,4,MOD
729,6/10/2022,20:20:00,NA,2,2,MYD
731,7/10/2022,19:25:00,NA,1,1,MYD
791,7/10/2022,16:40:00,NA,1,1,MOD
735,8/10/2022,20:05:00,NA,4,4,MYD
796,8/10/2022,17:25:00,NA,2,2,MOD
797,9/10/2022,16:30:00,NA,1,1,MOD
741,10/10/2022,19:55:00,NA,4,4,MYD
743,11/10/2022,20:35:00,NA,1,1,MYD
745,12/10/2022,19:40:00,0.243,3,2,MYD
750,13/10/2022,20:25:00,0.427,2,1,MYD
755,15/10/2022,20:10:00,0.5615,4,2,MYD
761,17/10/2022,20:00:00,NA,4,4,MYD
764,18/10/2022,20:40:00,NA,1,1,MYD
766,19/10/2022,19:45:00,NA,1,1,MYD
769,20/10/2022,20:25:00,NA,2,2,MYD
771,21/10/2022,19:30:00,NA,2,2,MYD
774,22/10/2022,20:15:00,NA,4,4,MYD
779,24/10/2022,20:00:00,NA,4,4,MYD
801,24/10/2022,17:10:00,NA,4,4,MOD
782,25/10/2022,20:45:00,NA,2,2,MYD
784,26/10/2022,19:50:00,NA,1,1,MYD
807,26/10/2022,16:55:00,NA,4,4,MOD
788,27/10/2022,20:30:00,NA,1,1,MYD
789,28/10/2022,19:35:00,NA,3,3,MYD
812,28/10/2022,16:35:00,0.658,3,2,MOD
794,29/10/2022,20:20:00,0.878,4,3,MYD
817,29/10/2022,17:20:00,NA,3,3,MOD
796,30/10/2022,19:25:00,NA,2,2,MYD
799,31/10/2022,20:05:00,NA,4,4,MYD
823,31/10/2022,17:05:00,0.614,4,3,MOD
803,1/11/2022,20:50:00,NA,2,2,MYD
804,2/11/2022,19:50:00,0.249,4,1,MYD
827,2/11/2022,16:45:00,0.47,3,2,MOD
808,3/11/2022,20:35:00,NA,2,2,MYD
832,3/11/2022,17:30:00,NA,2,2,MOD
810,4/11/2022,19:40:00,NA,2,2,MYD
833,4/11/2022,16:30:00,0.477,3,2,MOD
814,5/11/2022,20:20:00,NA,2,2,MYD
836,5/11/2022,17:10:00,0.361,3,1,MOD
838,6/11/2022,16:15:00,0.421,2,1,MOD
820,7/11/2022,20:10:00,NA,4,4,MYD
841,7/11/2022,16:55:00,NA,3,3,MOD
825,9/11/2022,19:55:00,0.2155,3,1,MYD
846,9/11/2022,16:40:00,NA,2,2,MOD
850,10/11/2022,17:20:00,0.167,1,0,MOD
832,11/11/2022,19:45:00,0.359,2,0,MYD
852,11/11/2022,16:25:00,NA,1,1,MOD
835,12/11/2022,20:25:00,1.3715,2,0,MYD
855,12/11/2022,17:05:00,NA,4,4,MOD
842,14/11/2022,20:15:00,NA,3,3,MYD
860,14/11/2022,16:50:00,0.397,4,2,MOD
864,15/11/2022,17:30:00,NA,1,1,MOD
846,16/11/2022,20:00:00,0.433,4,2,MYD
866,16/11/2022,16:35:00,0.397,3,2,MOD
849,17/11/2022,20:40:00,NA,2,2,MYD
869,17/11/2022,17:15:00,0.5865,2,0,MOD
851,18/11/2022,19:45:00,NA,1,1,MYD
871,18/11/2022,16:20:00,0.66,1,0,MOD
855,19/11/2022,20:30:00,NA,2,2,MYD
874,19/11/2022,17:00:00,NA,4,4,MOD
857,20/11/2022,19:35:00,NA,2,2,MYD
861,21/11/2022,20:15:00,NA,3,3,MYD
880,21/11/2022,16:45:00,0.5115,4,2,MOD
884,22/11/2022,17:25:00,0.432,1,0,MOD
867,23/11/2022,20:05:00,NA,4,4,MYD
887,23/11/2022,16:30:00,0.539,2,1,MOD
891,24/11/2022,17:10:00,0.596,2,1,MOD
872,25/11/2022,19:50:00,NA,3,3,MYD
876,26/11/2022,20:35:00,NA,1,1,MYD
897,26/11/2022,16:55:00,0.237,4,3,MOD
881,28/11/2022,20:20:00,NA,2,2,MYD
904,28/11/2022,16:40:00,0.5185,4,2,MOD
883,29/11/2022,19:25:00,NA,1,1,MYD
908,29/11/2022,17:20:00,NA,2,2,MOD
886,30/11/2022,20:05:00,NA,4,4,MYD
914,1/12/2022,17:05:00,0.275,4,3,MOD
892,2/12/2022,19:55:00,0.33325,5,1,MYD
895,3/12/2022,20:35:00,NA,2,2,MYD
919,3/12/2022,16:45:00,0.238,4,2,MOD
896,4/12/2022,19:40:00,0.102,2,1,MYD
924,4/12/2022,17:30:00,0.106,1,0,MOD
901,5/12/2022,20:25:00,0.3855,2,0,MYD
925,5/12/2022,16:30:00,NA,1,1,MOD
903,6/12/2022,19:30:00,NA,1,1,MYD
929,6/12/2022,17:15:00,0.213,2,1,MOD
906,7/12/2022,20:10:00,NA,3,3,MYD
933,8/12/2022,16:55:00,0.22,4,2,MOD
911,9/12/2022,19:55:00,0.374,4,2,MYD
937,9/12/2022,17:40:00,NA,2,2,MOD
915,10/12/2022,20:40:00,NA,2,2,MYD
938,10/12/2022,16:40:00,0.325,2,1,MOD
917,11/12/2022,19:45:00,0.276,2,1,MYD
942,11/12/2022,17:20:00,0.187,3,2,MOD
920,12/12/2022,20:25:00,0.507,3,1,MYD
944,12/12/2022,16:25:00,NA,1,1,MOD
922,13/12/2022,19:30:00,NA,2,2,MYD
947,13/12/2022,17:05:00,0.266,4,3,MOD
926,14/12/2022,20:15:00,NA,3,3,MYD
952,15/12/2022,16:50:00,0.187,4,3,MOD
931,16/12/2022,20:00:00,0.32933,4,1,MYD
956,16/12/2022,17:30:00,NA,1,1,MOD
935,17/12/2022,20:45:00,NA,2,2,MYD
958,17/12/2022,16:35:00,NA,1,1,MOD
937,18/12/2022,19:50:00,NA,3,3,MYD
962,18/12/2022,17:15:00,NA,1,1,MOD
941,19/12/2022,20:30:00,0.411,1,0,MYD
964,19/12/2022,16:20:00,0.305,1,0,MOD
943,20/12/2022,19:35:00,NA,1,1,MYD
967,20/12/2022,17:00:00,0.35733,4,1,MOD
947,21/12/2022,20:15:00,NA,3,3,MYD
973,22/12/2022,16:45:00,0.332,4,2,MOD
953,23/12/2022,20:05:00,NA,4,4,MYD
977,23/12/2022,17:25:00,NA,2,2,MOD
980,24/12/2022,16:30:00,NA,1,1,MOD
958,25/12/2022,19:50:00,NA,2,2,MYD
984,25/12/2022,17:10:00,NA,4,4,MOD
962,26/12/2022,20:35:00,NA,3,3,MYD
964,27/12/2022,19:40:00,NA,3,3,MYD
989,27/12/2022,16:55:00,0.343,4,1,MOD
967,28/12/2022,20:20:00,NA,3,3,MYD
993,28/12/2022,17:35:00,0.1695,2,0,MOD
969,29/12/2022,19:25:00,NA,1,1,MYD
996,29/12/2022,16:40:00,NA,4,4,MOD
972,30/12/2022,20:05:00,NA,4,4,MYD
1000,30/12/2022,17:20:00,NA,2,2,MOD
976,31/12/2022,20:50:00,NA,1,1,MYD
1001,31/12/2022,16:20:00,NA,2,2,MOD
2,1/1/2023,17:05:00,NA,3,3,MOD
4,3/1/2023,16:45:00,NA,2,2,MOD
6,4/1/2023,17:30:00,0.1305,2,0,MOD
7,5/1/2023,16:30:00,NA,2,2,MOD
8,6/1/2023,17:10:00,0.198,4,1,MOD
11,8/1/2023,16:55:00,0.192,4,3,MOD
14,10/1/2023,16:40:00,0.5665,3,1,MOD
15,11/1/2023,17:20:00,NA,1,1,MOD
16,12/1/2023,16:25:00,NA,3,3,MOD
18,13/1/2023,17:05:00,0.31333,4,1,MOD
21,15/1/2023,16:50:00,NA,3,3,MOD
23,17/1/2023,16:35:00,0.399,4,3,MOD
24,18/1/2023,17:15:00,0.198,2,1,MOD
26,19/1/2023,16:20:00,NA,2,2,MOD
28,20/1/2023,17:00:00,0.215,4,1,MOD
31,22/1/2023,16:45:00,0.389,2,1,MOD
32,23/1/2023,17:25:00,0.093,2,0,MOD
33,24/1/2023,16:25:00,NA,2,2,MOD
34,25/1/2023,17:10:00,0.179,2,0,MOD
37,27/1/2023,16:50:00,0.2105,3,1,MOD
39,28/1/2023,17:35:00,0.11367,3,0,MOD
40,29/1/2023,16:35:00,NA,2,2,MOD
41,30/1/2023,17:15:00,0.178,2,0,MOD
44,1/2/2023,17:00:00,0.284,4,1,MOD
47,3/2/2023,16:45:00,NA,2,2,MOD
48,4/2/2023,17:25:00,0.24,1,0,MOD
49,5/2/2023,16:30:00,NA,3,3,MOD
51,6/2/2023,17:10:00,0.12467,4,1,MOD
53,7/2/2023,16:15:00,NA,1,1,MOD
55,8/2/2023,16:55:00,0.39125,4,0,MOD
57,10/2/2023,16:40:00,0.521,4,2,MOD
58,11/2/2023,17:20:00,0.354,2,1,MOD
59,12/2/2023,16:20:00,0.463,1,0,MOD
61,13/2/2023,17:05:00,0.25667,4,1,MOD
64,15/2/2023,16:45:00,0.207,4,3,MOD
66,16/2/2023,17:30:00,0.069,1,0,MOD
67,17/2/2023,16:30:00,0.428,2,0,MOD
68,18/2/2023,17:10:00,0.226,3,1,MOD
70,19/2/2023,16:15:00,NA,1,1,MOD
71,20/2/2023,16:55:00,0.115,4,3,MOD
74,22/2/2023,16:40:00,NA,3,3,MOD
75,23/2/2023,17:20:00,0.187,2,0,MOD
76,24/2/2023,16:25:00,NA,2,2,MOD
78,25/2/2023,17:05:00,0.191,3,1,MOD
81,27/2/2023,16:50:00,0.249,4,3,MOD
82,28/2/2023,17:30:00,0.1525,2,0,MOD
84,1/3/2023,16:35:00,NA,3,3,MOD
85,2/3/2023,17:15:00,0.2055,2,0,MOD
88,4/3/2023,17:00:00,0.197,4,2,MOD
90,6/3/2023,16:40:00,0.402,3,2,MOD
92,7/3/2023,17:25:00,NA,2,2,MOD
93,8/3/2023,16:25:00,0.317,1,0,MOD
94,9/3/2023,17:05:00,0.20867,4,1,MOD
97,11/3/2023,16:50:00,0.439,4,3,MOD
98,12/3/2023,17:30:00,0.435,1,0,MOD
99,13/3/2023,16:35:00,NA,1,1,MOD
100,14/3/2023,17:15:00,0.36,2,0,MOD
102,15/3/2023,16:20:00,0.5575,2,0,MOD
104,16/3/2023,17:00:00,0.169,4,3,MOD
107,18/3/2023,16:45:00,NA,2,2,MOD
108,19/3/2023,17:25:00,NA,1,1,MOD
109,20/3/2023,16:25:00,NA,1,1,MOD
111,21/3/2023,17:10:00,0.076,4,3,MOD
112,22/3/2023,16:10:00,0.293,1,0,MOD
113,23/3/2023,16:50:00,NA,4,4,MOD
116,25/3/2023,16:35:00,NA,3,3,MOD
117,26/3/2023,17:15:00,NA,2,2,MOD
118,27/3/2023,16:20:00,0.407,2,1,MOD
120,28/3/2023,17:00:00,0.3215,4,2,MOD
123,30/3/2023,16:45:00,0.658,3,2,MOD
124,31/3/2023,17:25:00,0.37567,3,0,MOD
126,1/4/2023,16:30:00,NA,2,2,MOD
127,2/4/2023,17:10:00,0.335,2,1,MOD
131,4/4/2023,16:55:00,NA,4,4,MOD
133,6/4/2023,16:35:00,0.739,3,2,MOD
134,7/4/2023,17:15:00,0.459,3,2,MOD
136,8/4/2023,16:20:00,0.708,2,0,MOD
137,9/4/2023,17:00:00,NA,4,4,MOD
140,11/4/2023,16:45:00,NA,4,4,MOD
141,12/4/2023,17:25:00,NA,3,3,MOD
142,13/4/2023,16:30:00,NA,2,2,MOD
143,14/4/2023,17:10:00,0.198,3,2,MOD
147,16/4/2023,16:55:00,NA,3,3,MOD
149,18/4/2023,16:35:00,NA,2,2,MOD
151,19/4/2023,17:20:00,0.319,1,0,MOD
152,20/4/2023,16:20:00,0.443,1,0,MOD
153,21/4/2023,17:00:00,NA,3,3,MOD
156,23/4/2023,16:45:00,NA,3,3,MOD
157,24/4/2023,17:25:00,NA,2,2,MOD
158,25/4/2023,16:30:00,NA,1,1,MOD
159,26/4/2023,17:10:00,NA,4,4,MOD
160,27/4/2023,16:10:00,0.5495,2,0,MOD
163,28/4/2023,16:55:00,0.447,4,1,MOD
164,29/4/2023,17:35:00,0.522,1,0,MOD
165,30/4/2023,16:35:00,NA,1,1,MOD
167,1/5/2023,17:20:00,NA,1,1,MOD
168,2/5/2023,16:20:00,NA,1,1,MOD
169,3/5/2023,17:00:00,0.536,4,2,MOD
172,5/5/2023,16:45:00,1.31775,4,0,MOD
173,6/5/2023,17:25:00,0.339,1,0,MOD
174,7/5/2023,16:30:00,0.542,3,0,MOD
175,8/5/2023,17:10:00,0.77,1,0,MOD
176,9/5/2023,16:10:00,0.453,1,0,MOD
177,9/5/2023,16:15:00,0.468,1,0,MOD
179,10/5/2023,16:55:00,NA,4,4,MOD
181,12/5/2023,16:35:00,NA,4,4,MOD
183,13/5/2023,17:20:00,0.364,1,0,MOD
184,14/5/2023,16:20:00,NA,1,1,MOD
185,15/5/2023,17:00:00,NA,4,4,MOD
188,17/5/2023,16:45:00,NA,4,4,MOD
189,18/5/2023,17:25:00,NA,2,2,MOD
190,19/5/2023,16:30:00,NA,2,2,MOD
191,20/5/2023,17:10:00,NA,3,3,MOD
195,22/5/2023,16:55:00,0.66525,5,1,MOD
196,23/5/2023,17:35:00,NA,2,2,MOD
197,24/5/2023,16:35:00,0.9515,3,1,MOD
198,25/5/2023,17:15:00,NA,3,3,MOD
200,26/5/2023,16:20:00,0.498,2,0,MOD
201,27/5/2023,17:00:00,NA,2,2,MOD
204,29/5/2023,16:45:00,NA,3,3,MOD
205,30/5/2023,17:25:00,NA,2,2,MOD
207,31/5/2023,16:30:00,NA,1,1,MOD
208,1/6/2023,17:10:00,0.342,4,2,MOD
209,2/6/2023,16:10:00,0.504,2,0,MOD
211,3/6/2023,16:55:00,0.35,4,2,MOD
212,4/6/2023,17:35:00,0.076,2,1,MOD
213,5/6/2023,16:35:00,0.522,3,1,MOD
214,6/6/2023,17:15:00,NA,1,1,MOD
217,8/6/2023,17:00:00,0.479,3,2,MOD
220,10/6/2023,16:45:00,0.376,3,2,MOD
221,11/6/2023,17:25:00,0.423,2,0,MOD
223,12/6/2023,16:30:00,0.405,2,1,MOD
224,13/6/2023,17:10:00,0.14733,3,0,MOD
225,14/6/2023,16:10:00,NA,2,2,MOD
226,15/6/2023,16:50:00,0.262,4,2,MOD
229,17/6/2023,16:35:00,0.473,3,2,MOD
230,18/6/2023,17:15:00,0.193,3,1,MOD
231,19/6/2023,16:20:00,NA,1,1,MOD
233,20/6/2023,17:00:00,0.331,3,2,MOD
236,22/6/2023,16:45:00,0.334,4,3,MOD
238,24/6/2023,16:25:00,NA,1,1,MOD
240,25/6/2023,17:10:00,NA,1,1,MOD
242,27/6/2023,16:50:00,NA,4,4,MOD
243,28/6/2023,17:30:00,NA,3,3,MOD
245,29/6/2023,16:35:00,NA,3,3,MOD
246,30/6/2023,17:15:00,NA,1,1,MOD
250,2/7/2023,17:00:00,NA,4,4,MOD
253,4/7/2023,16:45:00,NA,3,3,MOD
254,5/7/2023,17:25:00,NA,1,1,MOD
255,6/7/2023,16:25:00,NA,2,2,MOD
256,7/7/2023,17:05:00,0.259,4,3,MOD
260,9/7/2023,16:50:00,NA,4,4,MOD
262,10/7/2023,17:30:00,NA,2,2,MOD
263,11/7/2023,16:35:00,NA,1,1,MOD
264,12/7/2023,17:15:00,0.146,2,1,MOD
266,13/7/2023,16:20:00,NA,3,3,MOD
267,14/7/2023,17:00:00,NA,3,3,MOD
270,16/7/2023,16:40:00,NA,3,3,MOD
271,17/7/2023,17:20:00,NA,1,1,MOD
273,18/7/2023,16:25:00,NA,1,1,MOD
274,19/7/2023,17:05:00,NA,2,2,MOD
277,21/7/2023,16:50:00,NA,4,4,MOD
278,22/7/2023,17:30:00,NA,2,2,MOD
280,23/7/2023,16:35:00,NA,3,3,MOD
281,24/7/2023,17:15:00,NA,2,2,MOD
282,25/7/2023,16:15:00,NA,2,2,MOD
283,26/7/2023,16:55:00,NA,4,4,MOD
287,28/7/2023,16:40:00,0.672,4,3,MOD
288,29/7/2023,17:20:00,0.0855,3,1,MOD
289,30/7/2023,16:25:00,NA,2,2,MOD
290,31/7/2023,17:05:00,NA,4,4,MOD
294,2/8/2023,16:50:00,NA,5,5,MOD
296,4/8/2023,16:30:00,NA,3,3,MOD
298,5/8/2023,17:15:00,NA,2,2,MOD
300,7/8/2023,16:55:00,NA,4,4,MOD
303,9/8/2023,16:40:00,NA,2,2,MOD
304,10/8/2023,17:20:00,0.364,2,1,MOD
305,11/8/2023,16:25:00,NA,3,3,MOD
306,12/8/2023,17:05:00,NA,4,4,MOD
307,13/8/2023,16:05:00,NA,3,3,MOD
310,14/8/2023,16:50:00,NA,4,4,MOD
311,15/8/2023,17:30:00,NA,3,3,MOD
312,16/8/2023,16:30:00,NA,2,2,MOD
313,17/8/2023,17:10:00,NA,3,3,MOD
316,19/8/2023,16:55:00,NA,4,4,MOD
319,21/8/2023,16:40:00,NA,4,4,MOD
320,22/8/2023,17:20:00,NA,2,2,MOD
322,23/8/2023,16:25:00,NA,3,3,MOD
323,24/8/2023,17:05:00,NA,3,3,MOD
324,25/8/2023,16:05:00,NA,2,2,MOD
325,26/8/2023,16:45:00,NA,4,4,MOD
326,27/8/2023,17:25:00,NA,1,1,MOD
328,28/8/2023,16:30:00,NA,3,3,MOD
329,29/8/2023,17:10:00,0.349,2,0,MOD
330,30/8/2023,16:15:00,NA,2,2,MOD
332,31/8/2023,16:55:00,0.815,4,3,MOD
335,2/9/2023,16:40:00,NA,4,4,MOD
336,3/9/2023,17:20:00,NA,1,1,MOD
337,4/9/2023,16:20:00,0.7,2,1,MOD
338,5/9/2023,17:00:00,NA,2,2,MOD
340,6/9/2023,16:05:00,NA,2,2,MOD
341,7/9/2023,16:45:00,NA,4,4,MOD
342,8/9/2023,17:25:00,NA,2,2,MOD
343,9/9/2023,16:30:00,NA,2,2,MOD
344,10/9/2023,17:10:00,NA,3,3,MOD
347,12/9/2023,16:55:00,0.57467,4,1,MOD
349,14/9/2023,16:35:00,NA,2,2,MOD
351,15/9/2023,17:20:00,NA,2,2,MOD
352,16/9/2023,16:20:00,NA,1,1,MOD
353,17/9/2023,17:00:00,NA,4,4,MOD
356,19/9/2023,16:45:00,0.592,4,3,MOD
357,20/9/2023,17:25:00,0.082,1,0,MOD
359,21/9/2023,16:30:00,NA,2,2,MOD
360,22/9/2023,17:10:00,NA,2,2,MOD
362,24/9/2023,16:50:00,NA,3,3,MOD
367,26/9/2023,16:35:00,NA,4,4,MOD
368,27/9/2023,17:15:00,0.096,3,1,MOD
369,28/9/2023,16:20:00,NA,2,2,MOD
370,29/9/2023,17:00:00,0.341,3,2,MOD
375,1/10/2023,16:45:00,NA,4,4,MOD
376,2/10/2023,17:25:00,NA,2,2,MOD
377,3/10/2023,16:25:00,NA,2,2,MOD
378,4/10/2023,17:05:00,NA,2,2,MOD
380,5/10/2023,16:10:00,NA,2,2,MOD
381,6/10/2023,16:50:00,NA,4,4,MOD
384,8/10/2023,16:35:00,NA,4,4,MOD
385,9/10/2023,17:15:00,NA,3,3,MOD
386,10/10/2023,16:15:00,NA,3,3,MOD
388,11/10/2023,17:00:00,NA,3,3,MOD
390,13/10/2023,16:40:00,0.514,4,3,MOD
393,15/10/2023,16:25:00,NA,3,3,MOD
394,16/10/2023,17:05:00,NA,2,2,MOD
398,18/10/2023,16:50:00,0.491,4,3,MOD
399,19/10/2023,17:30:00,0.1565,2,0,MOD
400,20/10/2023,16:30:00,NA,3,3,MOD
401,21/10/2023,17:10:00,0.3325,2,0,MOD
403,22/10/2023,16:15:00,NA,1,1,MOD
404,23/10/2023,16:55:00,0.49867,4,1,MOD
407,25/10/2023,16:40:00,NA,3,3,MOD
408,26/10/2023,17:20:00,NA,2,2,MOD
409,27/10/2023,16:20:00,NA,3,3,MOD
412,28/10/2023,17:05:00,NA,3,3,MOD
413,29/10/2023,16:05:00,NA,1,1,MOD
414,30/10/2023,16:45:00,NA,4,4,MOD
416,31/10/2023,17:25:00,NA,1,1,MOD
418,1/11/2023,16:30:00,NA,1,1,MOD
419,2/11/2023,17:10:00,NA,2,2,MOD
421,3/11/2023,16:15:00,NA,2,2,MOD
422,4/11/2023,16:55:00,0.22,3,1,MOD
425,6/11/2023,16:35:00,0.28,4,2,MOD
426,7/11/2023,17:15:00,0.268,1,0,MOD
428,8/11/2023,16:20:00,NA,2,2,MOD
429,9/11/2023,17:00:00,0.3615,3,1,MOD
433,11/11/2023,16:45:00,NA,4,4,MOD
435,13/11/2023,16:25:00,NA,2,2,MOD
437,14/11/2023,17:10:00,NA,3,3,MOD
438,15/11/2023,16:10:00,NA,2,2,MOD
439,16/11/2023,16:50:00,0.116,4,2,MOD
442,18/11/2023,16:35:00,NA,4,4,MOD
443,19/11/2023,17:15:00,0.0745,2,0,MOD
444,20/11/2023,16:15:00,NA,2,2,MOD
446,21/11/2023,17:00:00,0.4345,3,1,MOD
448,23/11/2023,16:40:00,NA,4,4,MOD
450,25/11/2023,16:25:00,0.368,4,3,MOD
451,26/11/2023,17:05:00,0.133,1,0,MOD
452,27/11/2023,16:05:00,NA,2,2,MOD
455,28/11/2023,16:50:00,NA,4,4,MOD
457,30/11/2023,16:30:00,NA,3,3,MOD
458,1/12/2023,17:10:00,NA,1,1,MOD
459,2/12/2023,16:15:00,NA,1,1,MOD
461,3/12/2023,16:55:00,NA,3,3,MOD
466,5/12/2023,16:40:00,NA,3,3,MOD
468,7/12/2023,16:20:00,NA,2,2,MOD
469,8/12/2023,17:00:00,0.16867,3,0,MOD
472,10/12/2023,16:45:00,NA,5,5,MOD
473,11/12/2023,17:25:00,NA,1,1,MOD
475,12/12/2023,16:30:00,0.447,5,4,MOD
476,13/12/2023,17:10:00,NA,3,3,MOD
478,15/12/2023,16:50:00,NA,3,3,MOD
481,17/12/2023,16:35:00,0.358,2,1,MOD
482,18/12/2023,17:15:00,0.109,1,0,MOD
484,19/12/2023,16:20:00,NA,1,1,MOD
485,20/12/2023,17:00:00,0.226,4,1,MOD
487,22/12/2023,16:40:00,0.279,4,2,MOD
488,23/12/2023,17:20:00,NA,2,2,MOD
490,24/12/2023,16:25:00,NA,4,4,MOD
491,25/12/2023,17:05:00,NA,2,2,MOD
493,26/12/2023,16:10:00,NA,2,2,MOD
495,27/12/2023,16:50:00,NA,4,4,MOD
498,29/12/2023,16:30:00,NA,3,3,MOD
499,30/12/2023,17:10:00,0.1395,2,0,MOD
500,31/12/2023,16:15:00,NA,3,3,MOD
502,1/1/2024,16:55:00,0.259,3,2,MOD
505,3/1/2024,16:40:00,NA,4,4,MOD
506,4/1/2024,17:20:00,0.058,2,0,MOD
507,5/1/2024,16:20:00,NA,2,2,MOD
508,6/1/2024,17:00:00,0.063,1,0,MOD
509,7/1/2024,16:05:00,NA,3,3,MOD
511,8/1/2024,16:45:00,0.1465,4,2,MOD
512,9/1/2024,17:25:00,NA,2,2,MOD
513,10/1/2024,16:25:00,NA,2,2,MOD
516,11/1/2024,17:10:00,NA,2,2,MOD
517,12/1/2024,16:10:00,NA,1,1,MOD
518,13/1/2024,16:50:00,NA,3,3,MOD
521,15/1/2024,16:35:00,NA,4,4,MOD
522,16/1/2024,17:15:00,0.072,3,1,MOD
523,17/1/2024,16:15:00,NA,2,2,MOD
524,18/1/2024,16:55:00,NA,3,3,MOD
526,19/1/2024,16:00:00,NA,2,2,MOD
527,20/1/2024,16:40:00,NA,4,4,MOD
529,21/1/2024,17:20:00,NA,3,3,MOD
530,22/1/2024,16:25:00,NA,3,3,MOD
531,23/1/2024,17:05:00,0.118,1,0,MOD
532,24/1/2024,16:05:00,NA,2,2,MOD
533,25/1/2024,16:45:00,0.11833,5,2,MOD
536,27/1/2024,16:30:00,NA,5,5,MOD
537,28/1/2024,17:10:00,NA,2,2,MOD
539,29/1/2024,16:15:00,NA,2,2,MOD
540,30/1/2024,16:55:00,0.15833,4,1,MOD
542,1/2/2024,16:35:00,NA,4,4,MOD
544,3/2/2024,16:20:00,NA,2,2,MOD
545,4/2/2024,17:00:00,0.0395,2,0,MOD
546,5/2/2024,16:00:00,NA,2,2,MOD
548,6/2/2024,16:45:00,0.07,4,2,MOD
549,8/2/2024,16:25:00,NA,2,2,MOD
550,9/2/2024,17:05:00,0.057,1,0,MOD
552,10/2/2024,16:10:00,NA,2,2,MOD
553,11/2/2024,16:50:00,0.056,4,2,MOD
556,13/2/2024,16:30:00,NA,4,4,MOD
557,14/2/2024,17:10:00,NA,2,2,MOD
559,15/2/2024,16:15:00,NA,1,1,MOD
560,16/2/2024,16:55:00,NA,2,2,MOD
565,18/2/2024,16:40:00,0.244,5,4,MOD
566,19/2/2024,17:20:00,0.052,2,0,MOD
567,20/2/2024,16:20:00,NA,4,4,MOD
568,21/2/2024,17:00:00,0.104,2,1,MOD
569,22/2/2024,16:05:00,NA,1,1,MOD
571,23/2/2024,16:45:00,0.224,4,2,MOD
573,25/2/2024,16:25:00,0.334,3,2,MOD
576,26/2/2024,17:10:00,0.001,1,0,MOD
577,27/2/2024,16:10:00,NA,1,1,MOD
578,28/2/2024,16:50:00,0.302,4,1,MOD
581,1/3/2024,16:35:00,0.2945,4,2,MOD
582,2/3/2024,17:15:00,NA,1,1,MOD
583,3/3/2024,16:15:00,NA,1,1,MOD
584,4/3/2024,16:55:00,0.156,2,0,MOD
588,6/3/2024,16:40:00,0.2675,4,2,MOD
589,7/3/2024,17:20:00,0.038,2,0,MOD
591,8/3/2024,16:25:00,NA,4,4,MOD
592,9/3/2024,17:05:00,0.0725,2,0,MOD
593,10/3/2024,16:05:00,NA,1,1,MOD
594,11/3/2024,16:45:00,0.2865,4,2,MOD
597,13/3/2024,16:30:00,0.481,4,3,MOD
598,14/3/2024,17:10:00,0.151,1,0,MOD
599,15/3/2024,16:10:00,NA,1,1,MOD
600,16/3/2024,16:50:00,NA,1,1,MOD
603,18/3/2024,16:35:00,0.3365,4,2,MOD
606,20/3/2024,16:20:00,NA,3,3,MOD
607,21/3/2024,17:00:00,0.198,2,1,MOD
609,23/3/2024,16:40:00,0.34833,5,2,MOD
612,25/3/2024,16:25:00,NA,3,3,MOD
613,26/3/2024,17:05:00,0.17767,3,0,MOD
614,27/3/2024,16:05:00,NA,1,1,MOD
616,28/3/2024,16:50:00,0.55833,3,0,MOD
618,30/3/2024,16:30:00,0.585,4,1,MOD
621,1/4/2024,16:15:00,NA,1,1,MOD
622,2/4/2024,16:55:00,0.346,4,3,MOD
624,4/4/2024,16:35:00,0.362,4,3,MOD
627,6/4/2024,16:20:00,NA,2,2,MOD
628,7/4/2024,17:00:00,0.356,1,0,MOD
630,9/4/2024,16:40:00,NA,3,3,MOD
635,11/4/2024,16:25:00,0.61825,4,0,MOD
636,12/4/2024,17:05:00,0.153,2,0,MOD
638,13/4/2024,16:10:00,NA,2,2,MOD
639,14/4/2024,16:50:00,NA,3,3,MOD
641,16/4/2024,16:30:00,0.521,4,3,MOD
643,18/4/2024,16:15:00,NA,1,1,MOD
644,19/4/2024,16:55:00,0.92467,3,0,MOD
645,20/4/2024,15:55:00,0.65233,3,0,MOD
646,21/4/2024,16:35:00,0.405,4,2,MOD
648,22/4/2024,17:15:00,NA,2,2,MOD
650,23/4/2024,16:20:00,0.563,5,3,MOD
651,24/4/2024,17:00:00,0.61033,3,0,MOD
653,25/4/2024,16:05:00,0.575,2,0,MOD
655,26/4/2024,16:45:00,NA,4,4,MOD
658,28/4/2024,16:25:00,0.679,3,2,MOD
659,29/4/2024,17:05:00,NA,1,1,MOD
661,30/4/2024,16:10:00,0.55433,3,0,MOD
662,1/5/2024,16:50:00,0.4515,3,1,MOD
664,3/5/2024,16:30:00,0.465,3,1,MOD
665,4/5/2024,17:10:00,NA,2,2,MOD
666,5/5/2024,16:15:00,0.60733,3,0,MOD
667,6/5/2024,16:55:00,NA,3,3,MOD
668,7/5/2024,15:55:00,0.6175,2,0,MOD
669,8/5/2024,16:35:00,0.6115,4,0,MOD
672,10/5/2024,16:20:00,NA,3,3,MOD
673,13/5/2024,16:40:00,NA,4,4,MOD
677,15/5/2024,16:25:00,0.82375,4,0,MOD
678,16/5/2024,17:05:00,0.472,1,0,MOD
680,17/5/2024,16:10:00,0.472,2,0,MOD
682,18/5/2024,16:50:00,0.3735,3,1,MOD
684,20/5/2024,16:30:00,0.3105,4,2,MOD
685,21/5/2024,17:10:00,0.182,1,0,MOD
687,22/5/2024,16:15:00,NA,3,3,MOD
688,23/5/2024,16:55:00,0.311,2,1,MOD
689,24/5/2024,15:55:00,0.453,1,0,MOD
690,25/5/2024,16:35:00,0.36567,5,2,MOD
692,26/5/2024,17:15:00,0.341,1,0,MOD
693,27/5/2024,16:20:00,NA,2,2,MOD
694,28/5/2024,17:00:00,NA,1,1,MOD
696,30/5/2024,16:40:00,0.491,4,1,MOD
699,1/6/2024,16:25:00,0.525,4,3,MOD
700,2/6/2024,17:05:00,NA,2,2,MOD
701,3/6/2024,16:05:00,NA,2,2,MOD
702,4/6/2024,16:45:00,0.534,2,1,MOD
705,6/6/2024,16:30:00,0.4145,3,1,MOD
706,7/6/2024,17:10:00,NA,2,2,MOD
707,8/6/2024,16:10:00,0.5625,2,0,MOD
708,9/6/2024,16:50:00,0.817,1,0,MOD
709,10/6/2024,15:55:00,0.67,2,1,MOD
711,11/6/2024,16:35:00,0.48,3,2,MOD
712,12/6/2024,17:15:00,NA,1,1,MOD
713,13/6/2024,16:15:00,0.713,2,1,MOD
714,14/6/2024,16:55:00,NA,3,3,MOD
718,16/6/2024,16:40:00,0.202,5,4,MOD
720,18/6/2024,16:20:00,0.572,3,2,MOD
721,19/6/2024,17:00:00,NA,2,2,MOD
723,20/6/2024,16:05:00,NA,2,2,MOD
725,21/6/2024,16:45:00,NA,2,2,MOD
728,23/6/2024,16:25:00,NA,4,4,MOD
732,25/6/2024,16:10:00,NA,3,3,MOD
733,26/6/2024,16:50:00,NA,3,3,MOD
734,27/6/2024,15:50:00,NA,1,1,MOD
735,28/6/2024,16:30:00,NA,4,4,MOD
739,30/6/2024,16:15:00,NA,2,2,MOD
740,1/7/2024,16:55:00,NA,2,2,MOD
741,2/7/2024,15:55:00,NA,2,2,MOD
742,3/7/2024,16:35:00,NA,4,4,MOD
746,5/7/2024,16:20:00,NA,3,3,MOD
747,6/7/2024,17:00:00,NA,1,1,MOD
748,7/7/2024,16:00:00,NA,2,2,MOD
749,8/7/2024,16:40:00,NA,4,4,MOD
753,10/7/2024,16:25:00,NA,4,4,MOD
754,11/7/2024,17:05:00,NA,2,2,MOD
755,12/7/2024,16:05:00,NA,4,4,MOD
756,13/7/2024,16:45:00,NA,2,2,MOD
760,15/7/2024,16:30:00,NA,4,4,MOD
761,16/7/2024,17:10:00,NA,2,2,MOD
762,17/7/2024,16:10:00,NA,3,3,MOD
763,18/7/2024,16:50:00,NA,3,3,MOD
767,20/7/2024,16:35:00,NA,4,4,MOD
769,22/7/2024,16:15:00,NA,5,5,MOD
771,25/7/2024,16:40:00,NA,4,4,MOD
774,27/7/2024,16:20:00,NA,3,3,MOD
775,28/7/2024,17:00:00,NA,2,2,MOD
777,29/7/2024,16:05:00,NA,3,3,MOD
778,30/7/2024,16:45:00,NA,3,3,MOD
779,31/7/2024,15:45:00,NA,2,2,MOD
780,1/8/2024,16:25:00,NA,4,4,MOD
781,2/8/2024,17:05:00,NA,3,3,MOD
782,3/8/2024,16:10:00,NA,2,2,MOD
783,4/8/2024,16:50:00,NA,2,2,MOD
785,6/8/2024,16:30:00,NA,4,4,MOD
788,8/8/2024,16:15:00,NA,2,2,MOD
789,9/8/2024,16:55:00,NA,2,2,MOD
790,10/8/2024,15:55:00,NA,1,1,MOD
791,11/8/2024,16:35:00,NA,4,4,MOD
795,13/8/2024,16:20:00,NA,4,4,MOD
796,14/8/2024,17:00:00,NA,1,1,MOD
797,15/8/2024,16:00:00,NA,2,2,MOD
798,16/8/2024,16:40:00,NA,3,3,MOD
803,18/8/2024,16:25:00,NA,4,4,MOD
806,20/8/2024,16:05:00,NA,3,3,MOD
807,21/8/2024,16:45:00,NA,3,3,MOD
808,22/8/2024,15:45:00,NA,1,1,MOD
810,23/8/2024,16:25:00,NA,4,4,MOD
813,25/8/2024,16:10:00,NA,3,3,MOD
814,26/8/2024,16:50:00,NA,1,1,MOD
816,28/8/2024,16:30:00,NA,4,4,MOD
819,30/8/2024,16:15:00,NA,4,4,MOD
820,31/8/2024,16:55:00,0.344,3,0,MOD
821,1/9/2024,15:55:00,NA,2,2,MOD
822,2/9/2024,16:35:00,NA,4,4,MOD
826,4/9/2024,16:20:00,NA,4,4,MOD
829,6/9/2024,16:00:00,NA,2,2,MOD
830,7/9/2024,16:40:00,NA,4,4,MOD
833,9/9/2024,16:20:00,NA,4,4,MOD
834,10/9/2024,17:00:00,NA,2,2,MOD
836,11/9/2024,16:05:00,NA,3,3,MOD
837,12/9/2024,16:45:00,NA,2,2,MOD
839,14/9/2024,16:25:00,NA,4,4,MOD
841,15/9/2024,17:05:00,NA,2,2,MOD
843,16/9/2024,16:10:00,NA,3,3,MOD
845,17/9/2024,16:50:00,NA,2,2,MOD
846,18/9/2024,15:50:00,NA,1,1,MOD
847,19/9/2024,16:30:00,NA,4,4,MOD
849,21/9/2024,16:10:00,NA,4,4,MOD
851,22/9/2024,16:50:00,NA,2,2,MOD
853,23/9/2024,15:55:00,NA,2,2,MOD
855,24/9/2024,16:35:00,NA,4,4,MOD
857,26/9/2024,16:15:00,NA,3,3,MOD
858,27/9/2024,16:55:00,NA,1,1,MOD
859,28/9/2024,16:00:00,NA,2,2,MOD
860,29/9/2024,16:40:00,NA,3,3,MOD
862,1/10/2024,16:20:00,NA,4,4,MOD
863,2/10/2024,17:00:00,NA,3,3,MOD
865,3/10/2024,16:05:00,NA,3,3,MOD
867,4/10/2024,16:45:00,NA,3,3,MOD
868,5/10/2024,15:45:00,NA,2,2,MOD
870,6/10/2024,16:25:00,NA,4,4,MOD
871,7/10/2024,17:05:00,NA,2,2,MOD
872,8/10/2024,16:05:00,NA,3,3,MOD
873,9/10/2024,16:45:00,NA,3,3,MOD
874,10/10/2024,15:50:00,NA,2,2,MOD
876,11/10/2024,16:30:00,0.251,4,2,MOD
878,13/10/2024,16:10:00,NA,3,3,MOD
879,14/10/2024,16:50:00,0.477,2,0,MOD
880,15/10/2024,15:50:00,NA,2,2,MOD
882,16/10/2024,16:30:00,0.311,4,3,MOD
886,18/10/2024,16:15:00,NA,4,4,MOD
887,19/10/2024,16:55:00,NA,1,1,MOD
888,20/10/2024,15:55:00,NA,1,1,MOD
889,21/10/2024,16:35:00,NA,4,4,MOD
893,23/10/2024,16:20:00,NA,4,4,MOD
895,24/10/2024,17:00:00,NA,2,2,MOD
896,25/10/2024,16:00:00,NA,2,2,MOD
898,26/10/2024,16:40:00,NA,3,3,MOD
899,27/10/2024,15:40:00,NA,1,1,MOD
900,28/10/2024,16:20:00,NA,4,4,MOD
901,29/10/2024,17:00:00,NA,2,2,MOD
903,30/10/2024,16:05:00,NA,2,2,MOD
904,31/10/2024,16:45:00,NA,3,3,MOD
905,1/11/2024,15:45:00,NA,2,2,MOD
906,2/11/2024,16:25:00,0.5685,4,2,MOD
908,4/11/2024,16:05:00,NA,2,2,MOD
909,5/11/2024,16:45:00,0.309,2,1,MOD
911,6/11/2024,15:50:00,NA,2,2,MOD
913,7/11/2024,16:30:00,0.441,4,1,MOD
915,9/11/2024,16:10:00,NA,3,3,MOD
916,10/11/2024,16:50:00,NA,3,3,MOD
917,11/11/2024,15:50:00,NA,1,1,MOD
919,15/11/2024,16:55:00,0.13467,3,0,MOD
920,16/11/2024,15:55:00,0.417,2,1,MOD
922,17/11/2024,16:35:00,0.35933,4,1,MOD
925,19/11/2024,16:15:00,0.452,4,3,MOD
926,20/11/2024,16:55:00,NA,2,2,MOD
928,21/11/2024,16:00:00,NA,3,3,MOD
930,22/11/2024,16:40:00,0.279,3,2,MOD
931,23/11/2024,15:40:00,NA,1,1,MOD
933,24/11/2024,16:20:00,0.251,4,3,MOD
934,25/11/2024,17:00:00,0.04,2,0,MOD
935,26/11/2024,16:00:00,NA,2,2,MOD
936,27/11/2024,16:40:00,0.144,2,1,MOD
937,28/11/2024,15:40:00,NA,2,2,MOD
940,29/11/2024,16:20:00,0.1425,4,2,MOD
942,30/11/2024,17:00:00,NA,1,1,MOD
944,1/12/2024,16:05:00,NA,2,2,MOD
945,2/12/2024,16:45:00,0.152,3,2,MOD
947,4/12/2024,16:25:00,0.157,4,2,MOD
949,6/12/2024,16:05:00,0.503,3,2,MOD
950,7/12/2024,16:45:00,0.111,1,0,MOD
952,8/12/2024,15:50:00,NA,2,2,MOD
954,9/12/2024,16:30:00,0.19167,4,1,MOD
957,11/12/2024,16:10:00,0.28,4,3,MOD
958,12/12/2024,16:50:00,NA,1,1,MOD
959,13/12/2024,15:50:00,NA,1,1,MOD
960,14/12/2024,16:30:00,0.069,2,1,MOD
963,16/12/2024,16:10:00,NA,3,3,MOD
965,17/12/2024,16:50:00,NA,2,2,MOD
967,18/12/2024,15:55:00,0.441,3,2,MOD
968,19/12/2024,16:35:00,NA,3,3,MOD
970,21/12/2024,16:15:00,NA,4,4,MOD
972,23/12/2024,15:55:00,NA,3,3,MOD
973,24/12/2024,16:35:00,NA,2,2,MOD
975,25/12/2024,15:40:00,NA,2,2,MOD
978,26/12/2024,16:20:00,0.084,4,3,MOD
979,27/12/2024,16:55:00,0.06,2,0,MOD
981,28/12/2024,16:00:00,NA,1,1,MOD
982,29/12/2024,16:40:00,0.113,2,1,MOD
983,30/12/2024,15:40:00,NA,1,1,MOD
984,31/12/2024,16:20:00,0.20133,4,1,MOD
1,1/1/2023,19:55:00,NA,2,2,MYD
3,2/1/2023,20:35:00,NA,3,3,MYD
5,3/1/2023,19:40:00,0.135,1,0,MYD
6,4/1/2023,20:25:00,0.492,4,2,MYD
9,6/1/2023,20:10:00,0.297,4,2,MYD
12,8/1/2023,19:55:00,0.28533,3,0,MYD
14,9/1/2023,20:40:00,NA,1,1,MYD
15,10/1/2023,19:45:00,NA,2,2,MYD
16,11/1/2023,20:25:00,NA,3,3,MYD
17,12/1/2023,19:30:00,NA,1,1,MYD
18,13/1/2023,20:15:00,0.45633,3,0,MYD
21,15/1/2023,20:00:00,0.3435,4,2,MYD
24,16/1/2023,20:45:00,0.366,1,0,MYD
25,17/1/2023,19:45:00,0.338,4,3,MYD
26,18/1/2023,20:30:00,NA,2,2,MYD
27,19/1/2023,19:35:00,NA,3,3,MYD
28,20/1/2023,20:15:00,0.3405,4,2,MYD
31,22/1/2023,20:05:00,NA,4,4,MYD
33,24/1/2023,19:50:00,0.166,4,1,MYD
34,25/1/2023,20:30:00,0.609,1,0,MYD
36,26/1/2023,19:35:00,0.402,1,0,MYD
37,27/1/2023,20:20:00,0.415,1,0,MYD
39,28/1/2023,19:25:00,0.1645,2,0,MYD
41,29/1/2023,20:05:00,0.29767,4,1,MYD
44,31/1/2023,19:50:00,0.2,3,1,MYD
46,1/2/2023,20:35:00,0.518,2,0,MYD
47,2/2/2023,19:40:00,0.283,2,0,MYD
48,3/2/2023,20:20:00,0.519,3,2,MYD
51,5/2/2023,20:10:00,0.174,4,2,MYD
53,6/2/2023,20:50:00,0.196,2,1,MYD
54,7/2/2023,19:55:00,0.2245,3,1,MYD
55,8/2/2023,20:35:00,0.829,2,1,MYD
57,9/2/2023,19:40:00,NA,1,1,MYD
58,10/2/2023,20:25:00,NA,3,3,MYD
60,11/2/2023,19:30:00,NA,2,2,MYD
61,12/2/2023,20:10:00,0.58325,5,1,MYD
65,14/2/2023,19:55:00,0.2075,4,2,MYD
67,16/2/2023,19:45:00,0.154,2,0,MYD
68,17/2/2023,20:25:00,0.74667,4,1,MYD
70,19/2/2023,20:10:00,0.245,3,2,MYD
74,21/2/2023,20:00:00,0.33033,3,0,MYD
76,22/2/2023,20:40:00,0.39,2,1,MYD
77,23/2/2023,19:45:00,0.506,1,0,MYD
79,24/2/2023,20:30:00,0.5375,2,0,MYD
80,25/2/2023,19:30:00,0.116,2,1,MYD
81,26/2/2023,20:15:00,NA,4,4,MYD
84,28/2/2023,20:00:00,0.45033,4,1,MYD
86,2/3/2023,19:45:00,0.248,2,1,MYD
88,3/3/2023,20:30:00,NA,2,2,MYD
89,4/3/2023,19:35:00,0.3095,2,0,MYD
90,5/3/2023,20:15:00,0.956,3,2,MYD
92,7/3/2023,20:00:00,0.18133,3,0,MYD
94,8/3/2023,20:45:00,0.221,1,0,MYD
95,9/3/2023,19:50:00,0.297,2,0,MYD
96,10/3/2023,20:30:00,NA,1,1,MYD
97,11/3/2023,19:35:00,0.388,2,0,MYD
98,12/3/2023,20:15:00,NA,4,4,MYD
102,14/3/2023,20:05:00,0.738,4,3,MYD
104,15/3/2023,20:45:00,NA,3,3,MYD
105,16/3/2023,19:50:00,NA,1,1,MYD
106,17/3/2023,20:30:00,NA,1,1,MYD
108,18/3/2023,19:35:00,NA,2,2,MYD
109,19/3/2023,20:20:00,NA,3,3,MYD
113,21/3/2023,20:05:00,0.33367,4,1,MYD
115,22/3/2023,20:45:00,0.543,2,1,MYD
117,23/3/2023,19:50:00,NA,1,1,MYD
118,24/3/2023,20:35:00,NA,1,1,MYD
120,25/3/2023,19:40:00,NA,1,1,MYD
121,26/3/2023,20:20:00,1.202,3,2,MYD
124,28/3/2023,20:05:00,0.7628,5,0,MYD
127,30/3/2023,19:50:00,0.905,4,3,MYD
129,31/3/2023,20:35:00,0.73067,3,0,MYD
131,2/4/2023,20:20:00,0.607,3,2,MYD
134,4/4/2023,20:05:00,NA,4,4,MYD
137,6/4/2023,19:55:00,0.266,3,2,MYD
138,7/4/2023,20:35:00,NA,1,1,MYD
139,8/4/2023,19:40:00,NA,1,1,MYD
140,9/4/2023,20:20:00,NA,3,3,MYD
141,10/4/2023,19:25:00,NA,2,2,MYD
142,11/4/2023,20:05:00,NA,4,4,MYD
145,13/4/2023,19:55:00,NA,4,4,MYD
146,14/4/2023,20:35:00,NA,1,1,MYD
147,15/4/2023,19:40:00,NA,1,1,MYD
148,16/4/2023,20:20:00,NA,2,2,MYD
149,17/4/2023,19:25:00,NA,1,1,MYD
151,18/4/2023,20:10:00,NA,4,4,MYD
153,20/4/2023,19:55:00,NA,2,2,MYD
155,21/4/2023,20:35:00,NA,1,1,MYD
156,22/4/2023,19:40:00,NA,2,2,MYD
157,23/4/2023,20:20:00,NA,3,3,MYD
159,24/4/2023,19:25:00,NA,2,2,MYD
161,25/4/2023,20:10:00,NA,4,4,MYD
163,27/4/2023,19:55:00,NA,3,3,MYD
165,28/4/2023,20:35:00,NA,2,2,MYD
166,29/4/2023,19:40:00,NA,3,3,MYD
167,30/4/2023,20:20:00,NA,5,5,MYD
171,2/5/2023,20:10:00,NA,4,4,MYD
172,3/5/2023,20:50:00,NA,2,2,MYD
173,4/5/2023,19:55:00,NA,2,2,MYD
175,5/5/2023,20:35:00,NA,1,1,MYD
176,6/5/2023,19:40:00,0.991,1,0,MYD
177,7/5/2023,20:20:00,NA,3,3,MYD
181,9/5/2023,20:10:00,NA,4,4,MYD
182,10/5/2023,20:50:00,NA,2,2,MYD
183,11/5/2023,19:55:00,NA,5,5,MYD
185,12/5/2023,20:35:00,NA,3,3,MYD
186,13/5/2023,19:40:00,NA,1,1,MYD
187,14/5/2023,20:20:00,NA,3,3,MYD
191,16/5/2023,20:10:00,NA,4,4,MYD
192,17/5/2023,20:50:00,NA,1,1,MYD
193,18/5/2023,19:55:00,NA,2,2,MYD
195,19/5/2023,20:35:00,NA,1,1,MYD
196,20/5/2023,19:40:00,NA,3,3,MYD
197,21/5/2023,20:20:00,NA,3,3,MYD
199,23/5/2023,20:05:00,NA,4,4,MYD
202,25/5/2023,19:55:00,NA,2,2,MYD
203,26/5/2023,20:35:00,NA,2,2,MYD
204,27/5/2023,19:40:00,NA,2,2,MYD
205,28/5/2023,20:20:00,NA,3,3,MYD
207,30/5/2023,20:05:00,NA,4,4,MYD
211,1/6/2023,19:55:00,NA,2,2,MYD
212,2/6/2023,20:35:00,NA,1,1,MYD
214,4/6/2023,20:20:00,NA,3,3,MYD
217,6/6/2023,20:05:00,NA,4,4,MYD
219,8/6/2023,19:50:00,NA,3,3,MYD
221,9/6/2023,20:35:00,0.338,3,2,MYD
223,10/6/2023,19:40:00,NA,2,2,MYD
224,11/6/2023,20:20:00,NA,4,4,MYD
227,13/6/2023,20:05:00,0.392,4,3,MYD
228,14/6/2023,20:50:00,0.314,3,1,MYD
229,15/6/2023,19:50:00,NA,1,1,MYD
230,16/6/2023,20:35:00,NA,3,3,MYD
232,17/6/2023,19:40:00,0.2665,2,0,MYD
233,18/6/2023,20:20:00,0.4685,4,2,MYD
236,20/6/2023,20:05:00,0.271,2,1,MYD
240,22/6/2023,19:50:00,0.325,2,0,MYD
242,23/6/2023,20:35:00,NA,2,2,MYD
244,25/6/2023,20:20:00,NA,4,4,MYD
247,27/6/2023,20:05:00,NA,3,3,MYD
249,28/6/2023,20:45:00,NA,2,2,MYD
250,29/6/2023,19:50:00,NA,1,1,MYD
251,30/6/2023,20:30:00,NA,3,3,MYD
255,2/7/2023,20:20:00,NA,4,4,MYD
258,4/7/2023,20:05:00,NA,4,4,MYD
260,6/7/2023,19:50:00,NA,2,2,MYD
261,7/7/2023,20:30:00,NA,3,3,MYD
262,8/7/2023,19:35:00,NA,1,1,MYD
263,9/7/2023,20:15:00,NA,4,4,MYD
266,11/7/2023,20:00:00,0.454,3,2,MYD
268,12/7/2023,20:45:00,NA,2,2,MYD
270,13/7/2023,19:50:00,NA,2,2,MYD
271,14/7/2023,20:30:00,NA,3,3,MYD
272,15/7/2023,19:35:00,NA,2,2,MYD
273,16/7/2023,20:15:00,NA,4,4,MYD
275,17/7/2023,20:55:00,NA,1,1,MYD
276,17/7/2023,21:00:00,NA,1,1,MYD
277,18/7/2023,20:00:00,0.262,3,2,MYD
279,20/7/2023,19:45:00,NA,2,2,MYD
280,21/7/2023,20:30:00,NA,4,4,MYD
282,22/7/2023,19:35:00,NA,2,2,MYD
283,23/7/2023,20:15:00,NA,4,4,MYD
285,24/7/2023,20:55:00,NA,3,3,MYD
286,25/7/2023,20:00:00,NA,3,3,MYD
287,26/7/2023,20:40:00,NA,3,3,MYD
289,27/7/2023,19:45:00,NA,1,1,MYD
291,28/7/2023,20:30:00,NA,4,4,MYD
292,29/7/2023,19:30:00,NA,2,2,MYD
293,30/7/2023,20:15:00,NA,4,4,MYD
295,1/8/2023,20:00:00,NA,2,2,MYD
297,2/8/2023,20:40:00,NA,2,2,MYD
298,3/8/2023,19:45:00,NA,1,1,MYD
299,4/8/2023,20:25:00,NA,4,4,MYD
301,6/8/2023,20:10:00,NA,4,4,MYD
302,7/8/2023,20:55:00,NA,2,2,MYD
303,8/8/2023,19:55:00,NA,4,4,MYD
305,9/8/2023,20:40:00,NA,1,1,MYD
307,10/8/2023,19:45:00,NA,2,2,MYD
308,11/8/2023,20:25:00,NA,3,3,MYD
311,13/8/2023,20:10:00,NA,3,3,MYD
315,15/8/2023,19:55:00,NA,2,2,MYD
317,16/8/2023,20:40:00,NA,1,1,MYD
319,18/8/2023,20:25:00,NA,4,4,MYD
322,20/8/2023,20:10:00,NA,3,3,MYD
324,21/8/2023,20:50:00,NA,2,2,MYD
325,22/8/2023,19:55:00,NA,4,4,MYD
326,23/8/2023,20:35:00,NA,3,3,MYD
327,24/8/2023,19:40:00,NA,2,2,MYD
328,25/8/2023,20:20:00,NA,4,4,MYD
330,27/8/2023,20:05:00,NA,4,4,MYD
331,28/8/2023,20:50:00,NA,3,3,MYD
332,29/8/2023,19:50:00,0.44833,3,0,MYD
334,30/8/2023,20:35:00,0.396,3,2,MYD
337,1/9/2023,20:20:00,NA,4,4,MYD
340,3/9/2023,20:05:00,NA,2,2,MYD
342,4/9/2023,20:45:00,NA,2,2,MYD
344,5/9/2023,19:50:00,NA,2,2,MYD
345,6/9/2023,20:30:00,NA,2,2,MYD
349,8/9/2023,20:20:00,NA,3,3,MYD
352,10/9/2023,20:05:00,NA,4,4,MYD
353,11/9/2023,20:45:00,NA,1,1,MYD
354,12/9/2023,19:50:00,0.325,1,0,MYD
355,13/9/2023,20:30:00,NA,3,3,MYD
358,15/9/2023,20:15:00,NA,4,4,MYD
360,16/9/2023,20:55:00,NA,1,1,MYD
362,17/9/2023,20:00:00,NA,2,2,MYD
364,18/9/2023,20:45:00,NA,3,3,MYD
365,19/9/2023,19:45:00,NA,1,1,MYD
366,20/9/2023,20:30:00,NA,3,3,MYD
368,22/9/2023,20:15:00,0.435,4,3,MYD
369,23/9/2023,20:55:00,NA,2,2,MYD
370,24/9/2023,20:00:00,0.11,2,1,MYD
371,25/9/2023,20:40:00,NA,2,2,MYD
372,26/9/2023,19:45:00,0.13267,3,0,MYD
373,27/9/2023,20:25:00,NA,3,3,MYD
376,29/9/2023,20:10:00,NA,4,4,MYD
378,30/9/2023,20:55:00,NA,2,2,MYD
379,1/10/2023,19:55:00,NA,2,2,MYD
381,2/10/2023,20:40:00,NA,3,3,MYD
382,3/10/2023,19:40:00,NA,2,2,MYD
383,4/10/2023,20:25:00,NA,4,4,MYD
386,6/10/2023,20:10:00,0.291,4,2,MYD
387,7/10/2023,20:50:00,NA,1,1,MYD
388,8/10/2023,19:55:00,NA,2,2,MYD
389,9/10/2023,20:35:00,NA,2,2,MYD
390,10/10/2023,19:40:00,NA,1,1,MYD
391,11/10/2023,20:20:00,NA,4,4,MYD
395,13/10/2023,20:05:00,NA,2,2,MYD
396,14/10/2023,20:45:00,NA,2,2,MYD
398,15/10/2023,19:50:00,NA,3,3,MYD
399,16/10/2023,20:30:00,NA,4,4,MYD
401,17/10/2023,19:35:00,0.351,2,1,MYD
402,18/10/2023,20:15:00,NA,4,4,MYD
404,19/10/2023,21:00:00,NA,2,2,MYD
406,20/10/2023,20:05:00,0.499,2,1,MYD
407,21/10/2023,20:45:00,NA,1,1,MYD
409,22/10/2023,19:50:00,0.389,2,1,MYD
410,23/10/2023,20:30:00,NA,4,4,MYD
414,25/10/2023,20:15:00,NA,4,4,MYD
416,26/10/2023,20:55:00,NA,2,2,MYD
417,27/10/2023,20:00:00,NA,1,1,MYD
418,28/10/2023,20:40:00,NA,3,3,MYD
419,29/10/2023,19:45:00,0.107,2,0,MYD
420,30/10/2023,20:25:00,0.353,4,3,MYD
423,1/11/2023,20:10:00,0.6145,3,1,MYD
424,2/11/2023,20:50:00,NA,3,3,MYD
426,3/11/2023,19:55:00,NA,3,3,MYD
427,4/11/2023,20:35:00,NA,3,3,MYD
429,5/11/2023,19:40:00,0.176,1,0,MYD
430,6/11/2023,20:20:00,0.294,4,2,MYD
434,8/11/2023,20:05:00,NA,1,1,MYD
437,10/11/2023,19:50:00,NA,1,1,MYD
439,11/11/2023,20:35:00,NA,4,4,MYD
440,12/11/2023,19:35:00,NA,2,2,MYD
442,13/11/2023,20:20:00,NA,4,4,MYD
443,14/11/2023,21:00:00,NA,1,1,MYD
444,15/11/2023,20:05:00,0.121,3,1,MYD
445,16/11/2023,20:45:00,NA,2,2,MYD
446,17/11/2023,19:50:00,0.077,1,0,MYD
447,18/11/2023,20:30:00,NA,4,4,MYD
450,20/11/2023,20:15:00,0.403,4,2,MYD
452,21/11/2023,20:55:00,NA,2,2,MYD
453,22/11/2023,20:00:00,NA,3,3,MYD
454,23/11/2023,20:40:00,NA,1,1,MYD
456,25/11/2023,20:25:00,NA,4,4,MYD
459,27/11/2023,20:10:00,NA,4,4,MYD
462,29/11/2023,19:55:00,NA,2,2,MYD
463,30/11/2023,20:35:00,NA,3,3,MYD
466,2/12/2023,20:20:00,NA,4,4,MYD
469,3/12/2023,21:05:00,NA,2,2,MYD
470,4/12/2023,20:05:00,NA,3,3,MYD
472,6/12/2023,19:50:00,NA,1,1,MYD
474,7/12/2023,20:35:00,NA,3,3,MYD
476,9/12/2023,20:15:00,NA,4,4,MYD
478,10/12/2023,21:00:00,NA,2,2,MYD
479,11/12/2023,20:00:00,NA,4,4,MYD
481,12/12/2023,20:45:00,NA,1,1,MYD
482,13/12/2023,19:45:00,NA,2,2,MYD
483,14/12/2023,20:30:00,NA,5,5,MYD
487,16/12/2023,20:15:00,NA,3,3,MYD
488,17/12/2023,20:55:00,NA,2,2,MYD
490,18/12/2023,20:00:00,0.1345,3,1,MYD
491,19/12/2023,20:40:00,0.5025,3,1,MYD
493,20/12/2023,19:45:00,NA,2,2,MYD
494,21/12/2023,20:25:00,NA,4,4,MYD
496,23/12/2023,20:10:00,NA,4,4,MYD
497,24/12/2023,20:50:00,NA,1,1,MYD
499,25/12/2023,19:55:00,NA,2,2,MYD
500,26/12/2023,20:35:00,NA,4,4,MYD
502,27/12/2023,19:40:00,NA,1,1,MYD
504,28/12/2023,20:20:00,0.1085,4,2,MYD
506,29/12/2023,21:00:00,NA,1,1,MYD
507,30/12/2023,20:05:00,NA,4,4,MYD
508,31/12/2023,20:45:00,0.355,2,1,MYD
509,1/1/2024,19:50:00,NA,1,1,MYD
510,2/1/2024,20:30:00,NA,3,3,MYD
513,4/1/2024,20:15:00,0.0745,4,2,MYD
515,5/1/2024,20:55:00,NA,3,3,MYD
516,6/1/2024,20:00:00,0.123,2,1,MYD
517,7/1/2024,20:40:00,NA,2,2,MYD
519,9/1/2024,20:25:00,NA,4,4,MYD
521,10/1/2024,21:05:00,NA,2,2,MYD
522,11/1/2024,20:10:00,NA,4,4,MYD
524,12/1/2024,20:50:00,NA,1,1,MYD
525,13/1/2024,19:55:00,NA,3,3,MYD
526,14/1/2024,20:35:00,NA,2,2,MYD
529,16/1/2024,20:20:00,0.274,5,2,MYD
531,17/1/2024,21:00:00,NA,2,2,MYD
532,18/1/2024,20:05:00,NA,4,4,MYD
533,19/1/2024,20:45:00,NA,3,3,MYD
534,20/1/2024,19:50:00,NA,1,1,MYD
535,21/1/2024,20:30:00,NA,3,3,MYD
538,23/1/2024,20:15:00,NA,4,4,MYD
540,24/1/2024,20:55:00,NA,1,1,MYD
541,25/1/2024,20:00:00,0.09,1,0,MYD
542,26/1/2024,20:40:00,NA,5,5,MYD
545,28/1/2024,20:25:00,NA,4,4,MYD
547,29/1/2024,21:05:00,NA,3,3,MYD
548,30/1/2024,20:10:00,NA,3,3,MYD
549,31/1/2024,20:50:00,NA,1,1,MYD
551,1/2/2024,19:55:00,NA,1,1,MYD
552,2/2/2024,20:35:00,NA,3,3,MYD
556,4/2/2024,20:20:00,0.0405,4,2,MYD
557,5/2/2024,21:00:00,NA,1,1,MYD
558,6/2/2024,20:05:00,0.068,3,1,MYD
559,7/2/2024,20:45:00,0.38367,3,0,MYD
561,8/2/2024,19:50:00,NA,2,2,MYD
562,9/2/2024,20:30:00,0.227,4,2,MYD
565,11/2/2024,20:15:00,0.0705,3,1,MYD
567,13/2/2024,19:55:00,NA,2,2,MYD
569,14/2/2024,20:40:00,NA,4,4,MYD
570,15/2/2024,19:40:00,NA,3,3,MYD
572,16/2/2024,20:25:00,NA,5,5,MYD
573,17/2/2024,21:05:00,NA,2,2,MYD
574,18/2/2024,20:05:00,0.452,1,0,MYD
576,19/2/2024,20:50:00,NA,3,3,MYD
577,20/2/2024,19:50:00,0.2295,2,0,MYD
578,21/2/2024,20:30:00,0.171,2,1,MYD
582,23/2/2024,20:15:00,0.235,3,2,MYD
583,24/2/2024,21:00:00,NA,2,2,MYD
584,25/2/2024,20:00:00,0.241,2,0,MYD
585,26/2/2024,20:40:00,NA,2,2,MYD
588,28/2/2024,20:25:00,0.52567,4,1,MYD
590,29/2/2024,21:05:00,0.233,2,1,MYD
592,1/3/2024,20:10:00,NA,3,3,MYD
593,2/3/2024,20:50:00,0.438,1,0,MYD
595,3/3/2024,19:55:00,0.231,1,0,MYD
596,4/3/2024,20:35:00,0.3385,4,2,MYD
599,6/3/2024,20:20:00,0.2255,3,1,MYD
601,7/3/2024,21:00:00,0.224,2,1,MYD
602,8/3/2024,20:05:00,0.206,3,1,MYD
603,9/3/2024,20:45:00,NA,3,3,MYD
605,10/3/2024,19:50:00,0.2645,2,0,MYD
606,11/3/2024,20:30:00,NA,3,3,MYD
609,13/3/2024,20:15:00,NA,2,2,MYD
610,14/3/2024,20:55:00,NA,1,1,MYD
612,15/3/2024,20:00:00,0.347,3,1,MYD
613,16/3/2024,20:40:00,NA,4,4,MYD
616,18/3/2024,20:25:00,0.2505,4,2,MYD
617,19/3/2024,21:05:00,NA,2,2,MYD
618,20/3/2024,20:05:00,NA,4,4,MYD
619,21/3/2024,20:50:00,NA,3,3,MYD
621,23/3/2024,20:30:00,0.573,4,2,MYD
625,25/3/2024,20:15:00,NA,3,3,MYD
626,26/3/2024,20:55:00,NA,2,2,MYD
628,27/3/2024,20:00:00,NA,1,1,MYD
629,28/3/2024,20:40:00,1.405,3,0,MYD
630,29/3/2024,19:45:00,NA,2,2,MYD
632,30/3/2024,20:25:00,0.62933,4,1,MYD
635,1/4/2024,20:10:00,0.4885,3,1,MYD
636,2/4/2024,20:50:00,NA,2,2,MYD
639,4/4/2024,20:35:00,NA,4,4,MYD
642,6/4/2024,20:20:00,NA,3,3,MYD
643,7/4/2024,21:00:00,NA,2,2,MYD
644,8/4/2024,20:00:00,0.366,2,0,MYD
646,9/4/2024,20:45:00,NA,4,4,MYD
648,11/4/2024,20:25:00,NA,4,4,MYD
652,13/4/2024,20:10:00,0.3285,3,1,MYD
653,14/4/2024,20:50:00,0.419,1,0,MYD
655,16/4/2024,20:35:00,NA,4,4,MYD
658,18/4/2024,20:20:00,NA,3,3,MYD
659,19/4/2024,21:00:00,NA,2,2,MYD
661,20/4/2024,20:05:00,NA,2,2,MYD
662,21/4/2024,20:45:00,NA,2,2,MYD
665,23/4/2024,20:30:00,NA,4,4,MYD
666,24/4/2024,21:10:00,NA,2,2,MYD
667,25/4/2024,20:10:00,0.597,5,4,MYD
668,26/4/2024,20:50:00,NA,2,2,MYD
670,27/4/2024,19:55:00,NA,1,1,MYD
671,28/4/2024,20:35:00,NA,4,4,MYD
674,30/4/2024,20:20:00,NA,3,3,MYD
677,2/5/2024,20:05:00,NA,3,3,MYD
678,3/5/2024,20:45:00,NA,3,3,MYD
681,5/5/2024,20:30:00,NA,4,4,MYD
682,6/5/2024,21:10:00,NA,1,1,MYD
683,7/5/2024,20:10:00,0.354,3,1,MYD
684,8/5/2024,20:50:00,NA,2,2,MYD
686,9/5/2024,19:55:00,NA,1,1,MYD
687,10/5/2024,20:35:00,NA,4,4,MYD
690,12/5/2024,20:20:00,NA,3,3,MYD
692,13/5/2024,21:00:00,NA,2,2,MYD
694,14/5/2024,20:05:00,NA,2,2,MYD
695,15/5/2024,20:45:00,NA,4,4,MYD
696,16/5/2024,19:45:00,NA,2,2,MYD
697,17/5/2024,20:25:00,NA,4,4,MYD
699,18/5/2024,21:10:00,NA,3,3,MYD
700,19/5/2024,20:10:00,0.42,1,0,MYD
701,20/5/2024,20:50:00,NA,4,4,MYD
703,21/5/2024,19:55:00,0.289,2,0,MYD
704,22/5/2024,20:35:00,0.812,4,3,MYD
707,24/5/2024,20:20:00,0.621,3,2,MYD
708,25/5/2024,21:00:00,NA,1,1,MYD
709,26/5/2024,20:00:00,NA,2,2,MYD
712,27/5/2024,20:45:00,0.376,3,1,MYD
714,29/5/2024,20:25:00,NA,4,4,MYD
718,31/5/2024,20:10:00,0.254,3,2,MYD
719,1/6/2024,20:50:00,0.45367,3,0,MYD
722,3/6/2024,20:35:00,0.322,4,2,MYD
723,4/6/2024,21:15:00,NA,2,2,MYD
724,5/6/2024,20:15:00,NA,5,5,MYD
727,6/6/2024,21:00:00,NA,1,1,MYD
729,8/6/2024,20:40:00,NA,4,4,MYD
732,10/6/2024,20:25:00,NA,4,4,MYD
733,11/6/2024,21:05:00,0.478,1,0,MYD
735,12/6/2024,20:10:00,0.427,3,2,MYD
736,13/6/2024,20:50:00,NA,3,3,MYD
738,15/6/2024,20:30:00,NA,4,4,MYD
740,16/6/2024,21:10:00,NA,2,2,MYD
742,17/6/2024,20:15:00,0.2065,3,1,MYD
743,18/6/2024,20:55:00,NA,3,3,MYD
744,19/6/2024,20:00:00,NA,1,1,MYD
745,20/6/2024,20:40:00,NA,3,3,MYD
747,22/6/2024,20:20:00,NA,3,3,MYD
749,23/6/2024,21:05:00,NA,3,3,MYD
750,24/6/2024,20:05:00,NA,1,1,MYD
751,25/6/2024,20:45:00,NA,4,4,MYD
754,27/6/2024,20:30:00,NA,4,4,MYD
757,29/6/2024,20:15:00,NA,3,3,MYD
758,30/6/2024,20:55:00,NA,2,2,MYD
759,1/7/2024,19:55:00,NA,3,3,MYD
760,2/7/2024,20:35:00,NA,4,4,MYD
764,4/7/2024,20:20:00,NA,2,2,MYD
767,6/7/2024,20:05:00,NA,2,2,MYD
768,7/7/2024,20:45:00,NA,4,4,MYD
771,9/7/2024,20:25:00,NA,4,4,MYD
772,10/7/2024,21:05:00,NA,1,1,MYD
774,11/7/2024,20:10:00,NA,2,2,MYD
775,12/7/2024,20:50:00,NA,3,3,MYD
778,14/7/2024,20:35:00,NA,4,4,MYD
779,15/7/2024,21:15:00,NA,2,2,MYD
780,16/7/2024,20:15:00,NA,2,2,MYD
781,17/7/2024,20:55:00,NA,4,4,MYD
783,18/7/2024,20:00:00,NA,1,1,MYD
784,19/7/2024,20:40:00,NA,4,4,MYD
787,21/7/2024,20:25:00,NA,3,3,MYD
788,22/7/2024,21:05:00,NA,1,1,MYD
789,23/7/2024,20:05:00,NA,2,2,MYD
790,24/7/2024,20:45:00,NA,4,4,MYD
793,26/7/2024,20:30:00,NA,4,4,MYD
797,28/7/2024,20:15:00,NA,1,1,MYD
798,29/7/2024,20:55:00,NA,4,4,MYD
799,30/7/2024,19:55:00,NA,2,2,MYD
802,2/8/2024,20:20:00,NA,3,3,MYD
803,3/8/2024,21:00:00,NA,2,2,MYD
804,4/8/2024,20:00:00,NA,2,2,MYD
807,5/8/2024,20:45:00,NA,4,4,MYD
810,9/8/2024,20:10:00,NA,3,3,MYD
811,10/8/2024,20:50:00,NA,4,4,MYD
813,12/8/2024,20:30:00,NA,3,3,MYD
817,14/8/2024,20:15:00,NA,1,1,MYD
818,15/8/2024,20:55:00,NA,3,3,MYD
820,16/8/2024,20:00:00,NA,3,3,MYD
822,17/8/2024,20:40:00,NA,4,4,MYD
824,18/8/2024,21:20:00,NA,1,1,MYD
825,19/8/2024,20:20:00,NA,2,2,MYD
826,20/8/2024,21:00:00,NA,2,2,MYD
828,22/8/2024,20:45:00,NA,3,3,MYD
831,24/8/2024,20:25:00,NA,5,5,MYD
832,25/8/2024,21:05:00,NA,3,3,MYD
834,26/8/2024,20:10:00,NA,3,3,MYD
835,27/8/2024,20:50:00,NA,4,4,MYD
837,29/8/2024,20:30:00,NA,4,4,MYD
841,31/8/2024,20:15:00,NA,3,3,MYD
842,1/9/2024,20:55:00,NA,2,2,MYD
845,3/9/2024,20:35:00,NA,4,4,MYD
850,5/9/2024,20:20:00,NA,2,2,MYD
851,6/9/2024,21:00:00,NA,3,3,MYD
855,8/9/2024,20:45:00,NA,4,4,MYD
858,10/9/2024,20:25:00,NA,3,3,MYD
859,11/9/2024,21:05:00,NA,3,3,MYD
863,13/9/2024,20:50:00,NA,4,4,MYD
865,15/9/2024,20:30:00,NA,5,5,MYD
866,16/9/2024,21:10:00,NA,3,3,MYD
867,17/9/2024,20:10:00,NA,2,2,MYD
869,18/9/2024,20:50:00,NA,3,3,MYD
873,20/9/2024,20:35:00,NA,3,3,MYD
874,21/9/2024,21:15:00,NA,2,2,MYD
875,22/9/2024,20:15:00,NA,1,1,MYD
877,23/9/2024,20:55:00,NA,3,3,MYD
879,24/9/2024,20:00:00,NA,2,2,MYD
881,25/9/2024,20:40:00,NA,4,4,MYD
882,26/9/2024,21:20:00,NA,1,1,MYD
883,27/9/2024,20:20:00,NA,2,2,MYD
884,28/9/2024,21:00:00,NA,1,1,MYD
887,30/9/2024,20:45:00,NA,4,4,MYD
889,2/10/2024,20:25:00,NA,3,3,MYD
890,3/10/2024,21:05:00,NA,3,3,MYD
892,4/10/2024,20:10:00,NA,2,2,MYD
894,7/10/2024,20:30:00,NA,2,2,MYD
895,8/10/2024,21:10:00,NA,1,1,MYD
896,9/10/2024,20:10:00,NA,1,1,MYD
898,10/10/2024,20:50:00,0.453,4,3,MYD
900,12/10/2024,20:35:00,0.205,4,3,MYD
901,13/10/2024,21:15:00,NA,1,1,MYD
902,14/10/2024,20:15:00,NA,2,2,MYD
903,15/10/2024,20:55:00,NA,4,4,MYD
908,17/10/2024,20:40:00,0.4105,4,2,MYD
910,18/10/2024,21:20:00,NA,1,1,MYD
911,19/10/2024,20:20:00,NA,3,3,MYD
912,20/10/2024,21:00:00,NA,3,3,MYD
913,21/10/2024,20:00:00,NA,1,1,MYD
914,22/10/2024,20:40:00,NA,4,4,MYD
917,24/10/2024,20:25:00,0.5455,2,0,MYD
918,25/10/2024,21:05:00,NA,2,2,MYD
919,26/10/2024,20:05:00,NA,1,1,MYD
920,27/10/2024,20:45:00,NA,4,4,MYD
922,29/10/2024,20:25:00,NA,4,4,MYD
923,30/10/2024,21:05:00,NA,3,3,MYD
925,31/10/2024,20:10:00,NA,2,2,MYD
926,1/11/2024,20:50:00,NA,4,4,MYD
929,3/11/2024,20:30:00,NA,2,2,MYD
930,4/11/2024,21:10:00,NA,2,2,MYD
931,5/11/2024,20:10:00,NA,1,1,MYD
932,6/11/2024,20:50:00,NA,3,3,MYD
936,8/11/2024,20:35:00,0.2545,3,1,MYD
938,9/11/2024,21:15:00,NA,1,1,MYD
939,10/11/2024,20:15:00,0.16,3,2,MYD
940,11/11/2024,20:55:00,0.169,3,2,MYD
942,13/11/2024,20:35:00,NA,4,4,MYD
944,14/11/2024,21:15:00,NA,3,3,MYD
945,15/11/2024,20:15:00,NA,1,1,MYD
947,16/11/2024,20:55:00,0.495,4,3,MYD
951,18/11/2024,20:40:00,NA,4,4,MYD
952,19/11/2024,21:20:00,NA,2,2,MYD
953,20/11/2024,20:20:00,NA,1,1,MYD
954,21/11/2024,21:00:00,NA,3,3,MYD
956,23/11/2024,20:40:00,0.08933,4,1,MYD
959,25/11/2024,20:20:00,0.105,2,0,MYD
960,26/11/2024,21:00:00,0.207,3,2,MYD
962,27/11/2024,20:05:00,NA,2,2,MYD
965,28/11/2024,20:45:00,0.22867,4,1,MYD
967,29/11/2024,21:20:00,0.225,2,0,MYD
969,30/11/2024,20:25:00,0.127,2,1,MYD
970,1/12/2024,21:05:00,NA,2,2,MYD
972,3/12/2024,20:45:00,0.312,4,1,MYD
973,4/12/2024,21:25:00,NA,1,1,MYD
974,5/12/2024,20:25:00,0.264,2,1,MYD
975,6/12/2024,21:05:00,NA,2,2,MYD
978,8/12/2024,20:45:00,0.17167,3,0,MYD
983,10/12/2024,20:30:00,0.46,2,1,MYD
985,11/12/2024,21:10:00,NA,2,2,MYD
986,12/12/2024,20:10:00,NA,2,2,MYD
987,13/12/2024,20:50:00,0.33733,4,1,MYD
989,15/12/2024,20:30:00,0.2195,4,2,MYD
990,16/12/2024,21:10:00,NA,2,2,MYD
991,17/12/2024,20:10:00,NA,2,2,MYD
992,18/12/2024,20:50:00,NA,3,3,MYD
993,19/12/2024,21:30:00,NA,2,2,MYD
994,20/12/2024,20:30:00,NA,3,3,MYD
995,21/12/2024,21:10:00,NA,2,2,MYD
997,22/12/2024,20:15:00,NA,3,3,MYD
998,23/12/2024,20:50:00,NA,3,3,MYD
1003,25/12/2024,20:35:00,NA,4,4,MYD
1004,26/12/2024,21:10:00,NA,3,3,MYD
1006,27/12/2024,20:15:00,0.093,1,0,MYD
1007,28/12/2024,20:55:00,0.105,4,3,MYD
1010,30/12/2024,20:35:00,0.3955,5,3,MYD
1011,31/12/2024,21:15:00,0.461,1,0,MYD
