,date,hora,Year,DOY,Hour,Minute,Lat,Lon,AOD_Type,AOD_047,AOD_055,AOD_Uncertainty,QA_AOD,timestamp
1,2015001,1400,2015,1,14,0,NA,NA,T,NA,NA,NA,NA,20150011400
2,2015001,1540,2015,1,15,40,39.0375,-76.88712039,T,0.07228,0.05166,0.0101,0,20150011540
3,2015001,1715,2015,1,17,15,NA,NA,A,NA,NA,NA,NA,20150011715
4,2015001,1855,2015,1,18,55,39.0375,-76.88712039,A,0.01096,0.00767,0.0062,0,20150011855
5,2015002,1445,2015,2,14,45,NA,NA,T,NA,NA,NA,NA,20150021445
6,2015002,1620,2015,2,16,20,NA,NA,A,NA,NA,NA,NA,20150021620
7,2015002,1620,2015,2,16,20,NA,NA,T,NA,NA,NA,NA,20150021620
8,2015002,1800,2015,2,18,0,NA,NA,A,NA,NA,NA,NA,20150021800
9,2015003,1525,2015,3,15,25,NA,NA,T,NA,NA,NA,NA,20150031525
10,2015003,1700,2015,3,17,0,NA,NA,T,NA,NA,NA,NA,20150031700
11,2015003,1705,2015,3,17,5,NA,NA,A,NA,NA,NA,NA,20150031705
12,2015003,1845,2015,3,18,45,NA,NA,A,NA,NA,NA,NA,20150031845
13,2015004,1430,2015,4,14,30,NA,NA,T,NA,NA,NA,NA,20150041430
14,2015004,1610,2015,4,16,10,NA,NA,T,NA,NA,NA,NA,20150041610
15,2015004,1750,2015,4,17,50,NA,NA,A,NA,NA,NA,NA,20150041750
16,2015005,1515,2015,5,15,15,38.97083333,-76.78254291,T,0.199,0.143,0.005,0,20150051515
17,2015005,1650,2015,5,16,50,NA,NA,A,NA,NA,NA,NA,20150051650
18,2015005,1650,2015,5,16,50,39.0375,-76.88712039,T,0.02564,0.01833,0.0038,0,20150051650
19,2015005,1830,2015,5,18,30,39.0375,-76.88712039,A,0.03403,0.02425,0.0129,0,20150051830
20,2015006,1420,2015,6,14,20,NA,NA,T,NA,NA,NA,NA,20150061420
21,2015006,1600,2015,6,16,0,NA,NA,T,NA,NA,NA,NA,20150061600
22,2015006,1735,2015,6,17,35,NA,NA,A,NA,NA,NA,NA,20150061735
23,2015006,1915,2015,6,19,15,NA,NA,A,NA,NA,NA,NA,20150061915
24,2015007,1505,2015,7,15,5,NA,NA,T,NA,NA,NA,NA,20150071505
25,2015007,1640,2015,7,16,40,NA,NA,A,NA,NA,NA,NA,20150071640
26,2015007,1640,2015,7,16,40,NA,NA,T,NA,NA,NA,NA,20150071640
27,2015007,1820,2015,7,18,20,NA,NA,A,NA,NA,NA,NA,20150071820
28,2015008,1405,2015,8,14,5,NA,NA,T,NA,NA,NA,NA,20150081405
29,2015008,1545,2015,8,15,45,NA,NA,T,NA,NA,NA,NA,20150081545
30,2015008,1725,2015,8,17,25,NA,NA,A,NA,NA,NA,NA,20150081725
31,2015008,1900,2015,8,19,0,NA,NA,A,NA,NA,NA,NA,20150081900
32,2015009,1450,2015,9,14,50,NA,NA,T,NA,NA,NA,NA,20150091450
33,2015009,1625,2015,9,16,25,NA,NA,A,NA,NA,NA,NA,20150091625
34,2015009,1625,2015,9,16,25,NA,NA,T,NA,NA,NA,NA,20150091625
35,2015009,1805,2015,9,18,5,NA,NA,A,NA,NA,NA,NA,20150091805
36,2015010,1355,2015,10,13,55,NA,NA,T,NA,NA,NA,NA,20150101355
37,2015010,1535,2015,10,15,35,NA,NA,T,NA,NA,NA,NA,20150101535
38,2015010,1710,2015,10,17,10,NA,NA,A,NA,NA,NA,NA,20150101710
39,2015010,1850,2015,10,18,50,NA,NA,A,NA,NA,NA,NA,20150101850
40,2015011,1440,2015,11,14,40,NA,NA,T,NA,NA,NA,NA,20150111440
41,2015011,1615,2015,11,16,15,NA,NA,T,NA,NA,NA,NA,20150111615
42,2015011,1755,2015,11,17,55,NA,NA,A,NA,NA,NA,NA,20150111755
43,2015012,1520,2015,12,15,20,NA,NA,T,NA,NA,NA,NA,20150121520
44,2015012,1655,2015,12,16,55,NA,NA,T,NA,NA,NA,NA,20150121655
45,2015012,1700,2015,12,17,0,NA,NA,A,NA,NA,NA,NA,20150121700
46,2015012,1835,2015,12,18,35,NA,NA,A,NA,NA,NA,NA,20150121835
47,2015013,1425,2015,13,14,25,NA,NA,T,NA,NA,NA,NA,20150131425
48,2015013,1605,2015,13,16,5,39.0375,-76.8763917,T,0.1422,0.10201,NA,0,20150131605
49,2015013,1740,2015,13,17,40,39.0375,-76.88712039,A,0.136,0.098,0.0065,0,20150131740
50,2015014,1510,2015,14,15,10,NA,NA,T,NA,NA,NA,NA,20150141510
51,2015014,1645,2015,14,16,45,NA,NA,A,NA,NA,NA,NA,20150141645
52,2015014,1645,2015,14,16,45,NA,NA,T,NA,NA,NA,NA,20150141645
53,2015014,1825,2015,14,18,25,NA,NA,A,NA,NA,NA,NA,20150141825
54,2015015,1415,2015,15,14,15,NA,NA,T,NA,NA,NA,NA,20150151415
55,2015015,1550,2015,15,15,50,NA,NA,T,NA,NA,NA,NA,20150151550
56,2015015,1730,2015,15,17,30,39.0375,-76.88712039,A,0.13219,0.09483,0.0046,0,20150151730
57,2015015,1910,2015,15,19,10,39.0375,-76.88712039,A,0.14714,0.10561,0.0048,0,20150151910
58,2015016,1455,2015,16,14,55,NA,NA,T,NA,NA,NA,NA,20150161455
59,2015016,1635,2015,16,16,35,NA,NA,A,NA,NA,NA,NA,20150161635
60,2015016,1635,2015,16,16,35,NA,NA,T,NA,NA,NA,NA,20150161635
61,2015016,1810,2015,16,18,10,NA,NA,A,NA,NA,NA,NA,20150161810
62,2015017,1400,2015,17,14,0,NA,NA,T,NA,NA,NA,NA,20150171400
63,2015017,1540,2015,17,15,40,39.0375,-76.88712039,T,0.10864,0.07783,0.0106,0,20150171540
64,2015017,1715,2015,17,17,15,NA,NA,A,NA,NA,NA,NA,20150171715
65,2015017,1855,2015,17,18,55,NA,NA,A,NA,NA,NA,NA,20150171855
66,2015018,1445,2015,18,14,45,NA,NA,T,NA,NA,NA,NA,20150181445
67,2015018,1620,2015,18,16,20,NA,NA,A,NA,NA,NA,NA,20150181620
68,2015018,1620,2015,18,16,20,NA,NA,T,NA,NA,NA,NA,20150181620
69,2015018,1800,2015,18,18,0,NA,NA,A,NA,NA,NA,NA,20150181800
70,2015019,1525,2015,19,15,25,NA,NA,T,NA,NA,NA,NA,20150191525
71,2015019,1705,2015,19,17,5,NA,NA,A,NA,NA,NA,NA,20150191705
72,2015019,1705,2015,19,17,5,NA,NA,T,NA,NA,NA,NA,20150191705
73,2015019,1845,2015,19,18,45,NA,NA,A,NA,NA,NA,NA,20150191845
74,2015020,1430,2015,20,14,30,NA,NA,T,NA,NA,NA,NA,20150201430
75,2015020,1610,2015,20,16,10,NA,NA,T,NA,NA,NA,NA,20150201610
76,2015020,1750,2015,20,17,50,NA,NA,A,NA,NA,NA,NA,20150201750
77,2015021,1515,2015,21,15,15,NA,NA,T,NA,NA,NA,NA,20150211515
78,2015021,1650,2015,21,16,50,NA,NA,T,NA,NA,NA,NA,20150211650
79,2015021,1655,2015,21,16,55,NA,NA,A,NA,NA,NA,NA,20150211655
80,2015021,1830,2015,21,18,30,NA,NA,A,NA,NA,NA,NA,20150211830
81,2015022,1420,2015,22,14,20,NA,NA,T,NA,NA,NA,NA,20150221420
82,2015022,1600,2015,22,16,0,39.02916666,-76.80296257,T,0.27847,0.20073,0.0147,0,20150221600
83,2015022,1735,2015,22,17,35,39.0375,-76.86566302,A,0.14786,0.10614,0.0059,0,20150221735
84,2015022,1915,2015,22,19,15,NA,NA,A,NA,NA,NA,NA,20150221915
85,2015023,1505,2015,23,15,5,NA,NA,T,NA,NA,NA,NA,20150231505
86,2015023,1640,2015,23,16,40,NA,NA,A,NA,NA,NA,NA,20150231640
87,2015023,1640,2015,23,16,40,NA,NA,T,NA,NA,NA,NA,20150231640
88,2015023,1820,2015,23,18,20,NA,NA,A,NA,NA,NA,NA,20150231820
89,2015024,1405,2015,24,14,5,NA,NA,T,NA,NA,NA,NA,20150241405
90,2015024,1545,2015,24,15,45,NA,NA,T,NA,NA,NA,NA,20150241545
91,2015024,1725,2015,24,17,25,NA,NA,A,NA,NA,NA,NA,20150241725
92,2015024,1900,2015,24,19,0,NA,NA,A,NA,NA,NA,NA,20150241900
93,2015025,1450,2015,25,14,50,NA,NA,T,NA,NA,NA,NA,20150251450
94,2015025,1625,2015,25,16,25,NA,NA,T,NA,NA,NA,NA,20150251625
95,2015025,1630,2015,25,16,30,NA,NA,A,NA,NA,NA,NA,20150251630
96,2015025,1805,2015,25,18,5,NA,NA,A,NA,NA,NA,NA,20150251805
97,2015026,1355,2015,26,13,55,NA,NA,T,NA,NA,NA,NA,20150261355
98,2015026,1535,2015,26,15,35,NA,NA,T,NA,NA,NA,NA,20150261535
99,2015026,1710,2015,26,17,10,NA,NA,A,NA,NA,NA,NA,20150261710
100,2015026,1850,2015,26,18,50,NA,NA,A,NA,NA,NA,NA,20150261850
101,2015027,1440,2015,27,14,40,NA,NA,T,NA,NA,NA,NA,20150271440
102,2015027,1615,2015,27,16,15,NA,NA,T,NA,NA,NA,NA,20150271615
103,2015027,1755,2015,27,17,55,NA,NA,A,NA,NA,NA,NA,20150271755
104,2015028,1520,2015,28,15,20,39.02916666,-76.80296257,T,0.19091,0.13716,0.0064,0,20150281520
105,2015028,1655,2015,28,16,55,39.02916666,-76.88878193,T,0.09036,0.06471,0.0037,0,20150281655
106,2015028,1700,2015,28,17,0,NA,NA,A,NA,NA,NA,NA,20150281700
107,2015028,1835,2015,28,18,35,38.99583333,-76.79893916,A,0.19632,0.14096,0.0126,0,20150281835
108,2015029,1425,2015,29,14,25,NA,NA,T,NA,NA,NA,NA,20150291425
109,2015029,1605,2015,29,16,5,NA,NA,T,NA,NA,NA,NA,20150291605
110,2015029,1740,2015,29,17,40,NA,NA,A,NA,NA,NA,NA,20150291740
111,2015030,1510,2015,30,15,10,NA,NA,T,NA,NA,NA,NA,20150301510
112,2015030,1645,2015,30,16,45,NA,NA,A,NA,NA,NA,NA,20150301645
113,2015030,1645,2015,30,16,45,NA,NA,T,NA,NA,NA,NA,20150301645
114,2015030,1825,2015,30,18,25,NA,NA,A,NA,NA,NA,NA,20150301825
115,2015031,1415,2015,31,14,15,NA,NA,T,NA,NA,NA,NA,20150311415
116,2015031,1550,2015,31,15,50,39.0375,-76.88712039,T,0.13425,0.09629,0.0164,0,20150311550
117,2015031,1730,2015,31,17,30,39.0375,-76.88712039,A,0.05822,0.0416,0.0055,0,20150311730
118,2015031,1910,2015,31,19,10,39.0375,-76.88712039,A,0.05469,0.03904,0.0056,0,20150311910
119,2015032,1455,2015,32,14,55,NA,NA,T,NA,NA,NA,NA,20150321455
120,2015032,1635,2015,32,16,35,NA,NA,A,NA,NA,NA,NA,20150321635
121,2015032,1635,2015,32,16,35,NA,NA,T,NA,NA,NA,NA,20150321635
122,2015032,1815,2015,32,18,15,NA,NA,A,NA,NA,NA,NA,20150321815
123,2015033,1400,2015,33,14,0,NA,NA,T,NA,NA,NA,NA,20150331400
124,2015033,1540,2015,33,15,40,NA,NA,T,NA,NA,NA,NA,20150331540
125,2015033,1720,2015,33,17,20,NA,NA,A,NA,NA,NA,NA,20150331720
126,2015033,1855,2015,33,18,55,NA,NA,A,NA,NA,NA,NA,20150331855
127,2015034,1445,2015,34,14,45,NA,NA,T,NA,NA,NA,NA,20150341445
128,2015034,1620,2015,34,16,20,NA,NA,A,NA,NA,NA,NA,20150341620
129,2015034,1620,2015,34,16,20,39.0375,-76.88712039,T,0.03049,0.02176,0.0125,0,20150341620
130,2015034,1800,2015,34,18,0,39.0375,-76.88712039,A,0.02458,0.01753,0.0154,0,20150341800
131,2015035,1525,2015,35,15,25,39.0375,-76.88712039,T,0.11883,0.08526,0.0083,0,20150351525
132,2015035,1705,2015,35,17,5,NA,NA,A,NA,NA,NA,NA,20150351705
133,2015035,1705,2015,35,17,5,NA,NA,T,NA,NA,NA,NA,20150351705
134,2015035,1845,2015,35,18,45,39.0375,-76.88712039,A,0.08149,0.05833,0.0114,0,20150351845
135,2015036,1430,2015,36,14,30,NA,NA,T,NA,NA,NA,NA,20150361430
136,2015036,1610,2015,36,16,10,NA,NA,T,NA,NA,NA,NA,20150361610
137,2015036,1750,2015,36,17,50,39.0375,-76.84420565,A,0.06428,0.04606,0.0103,0,20150361750
138,2015037,1515,2015,37,15,15,NA,NA,T,NA,NA,NA,NA,20150371515
139,2015037,1650,2015,37,16,50,NA,NA,T,NA,NA,NA,NA,20150371650
140,2015037,1655,2015,37,16,55,NA,NA,A,NA,NA,NA,NA,20150371655
141,2015037,1830,2015,37,18,30,NA,NA,A,NA,NA,NA,NA,20150371830
142,2015038,1420,2015,38,14,20,NA,NA,T,NA,NA,NA,NA,20150381420
143,2015038,1600,2015,38,16,0,NA,NA,T,NA,NA,NA,NA,20150381600
144,2015038,1735,2015,38,17,35,NA,NA,A,NA,NA,NA,NA,20150381735
145,2015038,1915,2015,38,19,15,NA,NA,A,NA,NA,NA,NA,20150381915
146,2015039,1505,2015,39,15,5,NA,NA,T,NA,NA,NA,NA,20150391505
147,2015039,1640,2015,39,16,40,NA,NA,A,NA,NA,NA,NA,20150391640
148,2015039,1640,2015,39,16,40,NA,NA,T,NA,NA,NA,NA,20150391640
149,2015039,1820,2015,39,18,20,NA,NA,A,NA,NA,NA,NA,20150391820
150,2015040,1405,2015,40,14,5,NA,NA,T,NA,NA,NA,NA,20150401405
151,2015040,1545,2015,40,15,45,NA,NA,T,NA,NA,NA,NA,20150401545
152,2015040,1725,2015,40,17,25,NA,NA,A,NA,NA,NA,NA,20150401725
153,2015040,1900,2015,40,19,0,NA,NA,A,NA,NA,NA,NA,20150401900
154,2015041,1450,2015,41,14,50,NA,NA,T,NA,NA,NA,NA,20150411450
155,2015041,1625,2015,41,16,25,NA,NA,T,NA,NA,NA,NA,20150411625
156,2015041,1630,2015,41,16,30,NA,NA,A,NA,NA,NA,NA,20150411630
157,2015041,1805,2015,41,18,5,NA,NA,A,NA,NA,NA,NA,20150411805
158,2015042,1355,2015,42,13,55,NA,NA,T,NA,NA,NA,NA,20150421355
159,2015042,1535,2015,42,15,35,39.0375,-76.88712039,T,0.08663,0.06196,0.0111,0,20150421535
160,2015042,1710,2015,42,17,10,NA,NA,A,NA,NA,NA,NA,20150421710
161,2015042,1850,2015,42,18,50,39.0375,-76.83347696,A,0.06673,0.04774,0.0097,0,20150421850
162,2015043,1440,2015,43,14,40,NA,NA,T,NA,NA,NA,NA,20150431440
163,2015043,1615,2015,43,16,15,NA,NA,T,NA,NA,NA,NA,20150431615
164,2015043,1755,2015,43,17,55,NA,NA,A,NA,NA,NA,NA,20150431755
165,2015044,1520,2015,44,15,20,39.0375,-76.88712039,T,0.04322,0.03086,0.0078,0,20150441520
166,2015044,1655,2015,44,16,55,39.0375,-76.88712039,T,0.01574,0.01116,0.0048,0,20150441655
167,2015044,1700,2015,44,17,0,NA,NA,A,NA,NA,NA,NA,20150441700
168,2015044,1835,2015,44,18,35,39.0375,-76.88712039,A,0.03275,0.02331,0.0155,0,20150441835
169,2015045,1425,2015,45,14,25,NA,NA,T,NA,NA,NA,NA,20150451425
170,2015045,1605,2015,45,16,5,NA,NA,T,NA,NA,NA,NA,20150451605
171,2015045,1740,2015,45,17,40,NA,NA,A,NA,NA,NA,NA,20150451740
172,2015046,1510,2015,46,15,10,NA,NA,T,NA,NA,NA,NA,20150461510
173,2015046,1645,2015,46,16,45,NA,NA,A,NA,NA,NA,NA,20150461645
174,2015046,1645,2015,46,16,45,NA,NA,T,NA,NA,NA,NA,20150461645
175,2015046,1825,2015,46,18,25,NA,NA,A,NA,NA,NA,NA,20150461825
176,2015047,1415,2015,47,14,15,NA,NA,T,NA,NA,NA,NA,20150471415
177,2015047,1550,2015,47,15,50,NA,NA,T,NA,NA,NA,NA,20150471550
178,2015047,1730,2015,47,17,30,NA,NA,A,NA,NA,NA,NA,20150471730
179,2015047,1910,2015,47,19,10,NA,NA,A,NA,NA,NA,NA,20150471910
180,2015048,1455,2015,48,14,55,NA,NA,T,NA,NA,NA,NA,20150481455
181,2015048,1635,2015,48,16,35,NA,NA,A,NA,NA,NA,NA,20150481635
182,2015048,1635,2015,48,16,35,NA,NA,T,NA,NA,NA,NA,20150481635
183,2015048,1810,2015,48,18,10,NA,NA,A,NA,NA,NA,NA,20150481810
184,2015049,1400,2015,49,14,0,NA,NA,T,NA,NA,NA,NA,20150491400
185,2015049,1540,2015,49,15,40,NA,NA,T,NA,NA,NA,NA,20150491540
186,2015049,1720,2015,49,17,20,NA,NA,A,NA,NA,NA,NA,20150491720
187,2015049,1855,2015,49,18,55,NA,NA,A,NA,NA,NA,NA,20150491855
188,2015050,1620,2015,50,16,20,NA,NA,A,NA,NA,NA,NA,20150501620
189,2015050,1800,2015,50,18,0,NA,NA,A,NA,NA,NA,NA,20150501800
190,2015051,1525,2015,51,15,25,NA,NA,T,NA,NA,NA,NA,20150511525
191,2015051,1700,2015,51,17,0,NA,NA,T,NA,NA,NA,NA,20150511700
192,2015051,1705,2015,51,17,5,NA,NA,A,NA,NA,NA,NA,20150511705
193,2015051,1845,2015,51,18,45,NA,NA,A,NA,NA,NA,NA,20150511845
194,2015052,1430,2015,52,14,30,NA,NA,T,NA,NA,NA,NA,20150521430
195,2015052,1610,2015,52,16,10,NA,NA,T,NA,NA,NA,NA,20150521610
196,2015052,1750,2015,52,17,50,NA,NA,A,NA,NA,NA,NA,20150521750
197,2015053,1515,2015,53,15,15,NA,NA,T,NA,NA,NA,NA,20150531515
198,2015053,1650,2015,53,16,50,NA,NA,T,NA,NA,NA,NA,20150531650
199,2015053,1655,2015,53,16,55,NA,NA,A,NA,NA,NA,NA,20150531655
200,2015053,1830,2015,53,18,30,NA,NA,A,NA,NA,NA,NA,20150531830
201,2015054,1420,2015,54,14,20,NA,NA,T,NA,NA,NA,NA,20150541420
202,2015054,1555,2015,54,15,55,NA,NA,T,NA,NA,NA,NA,20150541555
203,2015054,1735,2015,54,17,35,NA,NA,A,NA,NA,NA,NA,20150541735
204,2015054,1915,2015,54,19,15,NA,NA,A,NA,NA,NA,NA,20150541915
205,2015055,1500,2015,55,15,0,NA,NA,T,NA,NA,NA,NA,20150551500
206,2015055,1640,2015,55,16,40,NA,NA,A,NA,NA,NA,NA,20150551640
207,2015055,1640,2015,55,16,40,NA,NA,T,NA,NA,NA,NA,20150551640
208,2015055,1820,2015,55,18,20,NA,NA,A,NA,NA,NA,NA,20150551820
209,2015056,1725,2015,56,17,25,NA,NA,A,NA,NA,NA,NA,20150561725
210,2015056,1900,2015,56,19,0,NA,NA,A,NA,NA,NA,NA,20150561900
211,2015057,1450,2015,57,14,50,NA,NA,T,NA,NA,NA,NA,20150571450
212,2015057,1625,2015,57,16,25,NA,NA,T,NA,NA,NA,NA,20150571625
213,2015057,1630,2015,57,16,30,NA,NA,A,NA,NA,NA,NA,20150571630
214,2015057,1805,2015,57,18,5,NA,NA,A,NA,NA,NA,NA,20150571805
215,2015058,1355,2015,58,13,55,NA,NA,T,NA,NA,NA,NA,20150581355
216,2015058,1535,2015,58,15,35,NA,NA,T,NA,NA,NA,NA,20150581535
217,2015058,1710,2015,58,17,10,NA,NA,A,NA,NA,NA,NA,20150581710
218,2015058,1850,2015,58,18,50,NA,NA,A,NA,NA,NA,NA,20150581850
219,2015059,1440,2015,59,14,40,NA,NA,T,NA,NA,NA,NA,20150591440
220,2015059,1615,2015,59,16,15,NA,NA,T,NA,NA,NA,NA,20150591615
221,2015059,1755,2015,59,17,55,NA,NA,A,NA,NA,NA,NA,20150591755
222,2015060,1520,2015,60,15,20,NA,NA,T,NA,NA,NA,NA,20150601520
223,2015060,1655,2015,60,16,55,NA,NA,T,NA,NA,NA,NA,20150601655
224,2015060,1700,2015,60,17,0,NA,NA,A,NA,NA,NA,NA,20150601700
225,2015060,1835,2015,60,18,35,NA,NA,A,NA,NA,NA,NA,20150601835
226,2015061,1425,2015,61,14,25,NA,NA,T,NA,NA,NA,NA,20150611425
227,2015061,1605,2015,61,16,5,NA,NA,T,NA,NA,NA,NA,20150611605
228,2015061,1740,2015,61,17,40,NA,NA,A,NA,NA,NA,NA,20150611740
229,2015062,1510,2015,62,15,10,NA,NA,T,NA,NA,NA,NA,20150621510
230,2015062,1645,2015,62,16,45,NA,NA,A,NA,NA,NA,NA,20150621645
231,2015062,1645,2015,62,16,45,NA,NA,T,NA,NA,NA,NA,20150621645
232,2015062,1825,2015,62,18,25,NA,NA,A,NA,NA,NA,NA,20150621825
233,2015063,1730,2015,63,17,30,NA,NA,A,NA,NA,NA,NA,20150631730
234,2015063,1910,2015,63,19,10,NA,NA,A,NA,NA,NA,NA,20150631910
235,2015064,1455,2015,64,14,55,NA,NA,T,NA,NA,NA,NA,20150641455
236,2015064,1635,2015,64,16,35,NA,NA,A,NA,NA,NA,NA,20150641635
237,2015064,1635,2015,64,16,35,NA,NA,T,NA,NA,NA,NA,20150641635
238,2015064,1810,2015,64,18,10,NA,NA,A,NA,NA,NA,NA,20150641810
239,2015065,1400,2015,65,14,0,NA,NA,T,NA,NA,NA,NA,20150651400
240,2015065,1540,2015,65,15,40,NA,NA,T,NA,NA,NA,NA,20150651540
241,2015065,1720,2015,65,17,20,NA,NA,A,NA,NA,NA,NA,20150651720
242,2015065,1855,2015,65,18,55,NA,NA,A,NA,NA,NA,NA,20150651855
243,2015066,1445,2015,66,14,45,NA,NA,T,NA,NA,NA,NA,20150661445
244,2015066,1620,2015,66,16,20,NA,NA,A,NA,NA,NA,NA,20150661620
245,2015066,1620,2015,66,16,20,NA,NA,T,NA,NA,NA,NA,20150661620
246,2015066,1800,2015,66,18,0,NA,NA,A,NA,NA,NA,NA,20150661800
247,2015067,1525,2015,67,15,25,NA,NA,T,NA,NA,NA,NA,20150671525
248,2015067,1700,2015,67,17,0,NA,NA,T,NA,NA,NA,NA,20150671700
249,2015067,1705,2015,67,17,5,NA,NA,A,NA,NA,NA,NA,20150671705
250,2015067,1845,2015,67,18,45,NA,NA,A,NA,NA,NA,NA,20150671845
251,2015068,1430,2015,68,14,30,NA,NA,T,NA,NA,NA,NA,20150681430
252,2015068,1610,2015,68,16,10,NA,NA,T,NA,NA,NA,NA,20150681610
253,2015068,1750,2015,68,17,50,NA,NA,A,NA,NA,NA,NA,20150681750
254,2015069,1515,2015,69,15,15,NA,NA,T,NA,NA,NA,NA,20150691515
255,2015069,1650,2015,69,16,50,NA,NA,T,NA,NA,NA,NA,20150691650
256,2015069,1655,2015,69,16,55,NA,NA,A,NA,NA,NA,NA,20150691655
257,2015069,1830,2015,69,18,30,NA,NA,A,NA,NA,NA,NA,20150691830
258,2015070,1420,2015,70,14,20,NA,NA,T,NA,NA,NA,NA,20150701420
259,2015070,1555,2015,70,15,55,NA,NA,T,NA,NA,NA,NA,20150701555
260,2015070,1735,2015,70,17,35,NA,NA,A,NA,NA,NA,NA,20150701735
261,2015070,1915,2015,70,19,15,NA,NA,A,NA,NA,NA,NA,20150701915
262,2015071,1500,2015,71,15,0,NA,NA,T,NA,NA,NA,NA,20150711500
263,2015071,1640,2015,71,16,40,NA,NA,A,NA,NA,NA,NA,20150711640
264,2015071,1640,2015,71,16,40,39.0375,-76.88712039,T,0.03425,0.02439,0.0112,0,20150711640
265,2015071,1820,2015,71,18,20,39.00416666,-76.78653768,A,0.0852,0.06096,0.0294,0,20150711820
266,2015072,1405,2015,72,14,5,NA,NA,T,NA,NA,NA,NA,20150721405
267,2015072,1545,2015,72,15,45,NA,NA,T,NA,NA,NA,NA,20150721545
268,2015072,1725,2015,72,17,25,NA,NA,A,NA,NA,NA,NA,20150721725
269,2015072,1900,2015,72,19,0,NA,NA,A,NA,NA,NA,NA,20150721900
270,2015073,1450,2015,73,14,50,NA,NA,T,NA,NA,NA,NA,20150731450
271,2015073,1625,2015,73,16,25,NA,NA,T,NA,NA,NA,NA,20150731625
272,2015073,1630,2015,73,16,30,NA,NA,A,NA,NA,NA,NA,20150731630
273,2015073,1805,2015,73,18,5,NA,NA,A,NA,NA,NA,NA,20150731805
274,2015074,1355,2015,74,13,55,NA,NA,T,NA,NA,NA,NA,20150741355
275,2015074,1535,2015,74,15,35,NA,NA,T,NA,NA,NA,NA,20150741535
276,2015074,1710,2015,74,17,10,NA,NA,A,NA,NA,NA,NA,20150741710
277,2015074,1850,2015,74,18,50,39.02916666,-76.84587225,A,0.15429,0.11074,0.0136,0,20150741850
278,2015075,1440,2015,75,14,40,NA,NA,T,NA,NA,NA,NA,20150751440
279,2015075,1615,2015,75,16,15,NA,NA,T,NA,NA,NA,NA,20150751615
280,2015075,1755,2015,75,17,55,38.99583333,-76.89544044,A,0.19333,0.13883,0.0205,0,20150751755
281,2015076,1520,2015,76,15,20,NA,NA,T,NA,NA,NA,NA,20150761520
282,2015076,1655,2015,76,16,55,NA,NA,T,NA,NA,NA,NA,20150761655
283,2015076,1700,2015,76,17,0,NA,NA,A,NA,NA,NA,NA,20150761700
284,2015076,1835,2015,76,18,35,NA,NA,A,NA,NA,NA,NA,20150761835
285,2015077,1425,2015,77,14,25,NA,NA,T,NA,NA,NA,NA,20150771425
286,2015077,1605,2015,77,16,5,39.0375,-76.88712039,T,0.1456,0.10459,0.0319,0,20150771605
287,2015078,1510,2015,78,15,10,NA,NA,T,NA,NA,NA,NA,20150781510
288,2015078,1645,2015,78,16,45,NA,NA,A,NA,NA,NA,NA,20150781645
289,2015078,1645,2015,78,16,45,NA,NA,T,NA,NA,NA,NA,20150781645
290,2015078,1825,2015,78,18,25,NA,NA,A,NA,NA,NA,NA,20150781825
291,2015079,1415,2015,79,14,15,NA,NA,T,NA,NA,NA,NA,20150791415
292,2015079,1550,2015,79,15,50,NA,NA,T,NA,NA,NA,NA,20150791550
293,2015079,1730,2015,79,17,30,NA,NA,A,NA,NA,NA,NA,20150791730
294,2015079,1910,2015,79,19,10,NA,NA,A,NA,NA,NA,NA,20150791910
295,2015080,1455,2015,80,14,55,NA,NA,T,NA,NA,NA,NA,20150801455
296,2015080,1635,2015,80,16,35,NA,NA,A,NA,NA,NA,NA,20150801635
297,2015080,1635,2015,80,16,35,NA,NA,T,NA,NA,NA,NA,20150801635
298,2015080,1810,2015,80,18,10,38.97083333,-76.8897287,A,0.382,0.277,0.0329,0,20150801810
299,2015081,1400,2015,81,14,0,NA,NA,T,NA,NA,NA,NA,20150811400
300,2015081,1540,2015,81,15,40,NA,NA,T,NA,NA,NA,NA,20150811540
301,2015081,1720,2015,81,17,20,NA,NA,A,NA,NA,NA,NA,20150811720
302,2015081,1855,2015,81,18,55,NA,NA,A,NA,NA,NA,NA,20150811855
303,2015082,1445,2015,82,14,45,NA,NA,T,NA,NA,NA,NA,20150821445
304,2015082,1620,2015,82,16,20,NA,NA,A,NA,NA,NA,NA,20150821620
305,2015082,1620,2015,82,16,20,39.0375,-76.88712039,T,0.067,0.04791,0.0246,0,20150821620
306,2015082,1800,2015,82,18,0,38.9875,-76.78989713,A,0.115,0.082,0.0268,0,20150821800
307,2015083,1525,2015,83,15,25,NA,NA,T,NA,NA,NA,NA,20150831525
308,2015083,1705,2015,83,17,5,NA,NA,A,NA,NA,NA,NA,20150831705
309,2015083,1705,2015,83,17,5,NA,NA,T,NA,NA,NA,NA,20150831705
310,2015083,1845,2015,83,18,45,NA,NA,A,NA,NA,NA,NA,20150831845
311,2015084,1430,2015,84,14,30,NA,NA,T,NA,NA,NA,NA,20150841430
312,2015084,1610,2015,84,16,10,NA,NA,T,NA,NA,NA,NA,20150841610
313,2015084,1750,2015,84,17,50,NA,NA,A,NA,NA,NA,NA,20150841750
314,2015085,1515,2015,85,15,15,NA,NA,T,NA,NA,NA,NA,20150851515
315,2015085,1650,2015,85,16,50,NA,NA,T,NA,NA,NA,NA,20150851650
316,2015085,1655,2015,85,16,55,NA,NA,A,NA,NA,NA,NA,20150851655
317,2015085,1830,2015,85,18,30,39.0375,-76.85493433,A,0.371,0.26833,0.0265,0,20150851830
318,2015086,1420,2015,86,14,20,NA,NA,T,NA,NA,NA,NA,20150861420
319,2015086,1600,2015,86,16,0,NA,NA,T,NA,NA,NA,NA,20150861600
320,2015086,1735,2015,86,17,35,NA,NA,A,NA,NA,NA,NA,20150861735
321,2015086,1915,2015,86,19,15,NA,NA,A,NA,NA,NA,NA,20150861915
322,2015087,1505,2015,87,15,5,NA,NA,T,NA,NA,NA,NA,20150871505
323,2015087,1640,2015,87,16,40,NA,NA,A,NA,NA,NA,NA,20150871640
324,2015087,1640,2015,87,16,40,NA,NA,T,NA,NA,NA,NA,20150871640
325,2015087,1820,2015,87,18,20,NA,NA,A,NA,NA,NA,NA,20150871820
326,2015088,1405,2015,88,14,5,NA,NA,T,NA,NA,NA,NA,20150881405
327,2015088,1545,2015,88,15,45,39.0375,-76.88712039,T,0.07529,0.05381,0.0261,0,20150881545
328,2015088,1725,2015,88,17,25,39.0375,-76.88712039,A,0.05575,0.03986,0.0088,0,20150881725
329,2015088,1900,2015,88,19,0,39.0375,-76.88712039,A,0.06234,0.04458,0.0113,0,20150881900
330,2015089,1450,2015,89,14,50,NA,NA,T,NA,NA,NA,NA,20150891450
331,2015089,1625,2015,89,16,25,NA,NA,T,NA,NA,NA,NA,20150891625
332,2015089,1630,2015,89,16,30,NA,NA,A,NA,NA,NA,NA,20150891630
333,2015089,1805,2015,89,18,5,NA,NA,A,NA,NA,NA,NA,20150891805
334,2015090,1355,2015,90,13,55,NA,NA,T,NA,NA,NA,NA,20150901355
335,2015090,1535,2015,90,15,35,39.0375,-76.88712039,T,0.14482,0.10389,0.0184,0,20150901535
336,2015090,1710,2015,90,17,10,NA,NA,A,NA,NA,NA,NA,20150901710
337,2015090,1850,2015,90,18,50,38.99583333,-76.78821679,A,0.3845,0.27875,0.0161,0,20150901850
338,2015091,1440,2015,91,14,40,NA,NA,T,NA,NA,NA,NA,20150911440
339,2015091,1615,2015,91,16,15,39.0375,-76.88712039,T,0.09462,0.06775,0.0318,0,20150911615
340,2015091,1755,2015,91,17,55,39.0375,-76.88712039,A,0.05191,0.03708,0.0244,0,20150911755
1,2015092,1520,2015,92,15,20,39.0375,-76.88712039,T,0.13355,0.09586,0.0128,0,20150921520
2,2015092,1655,2015,92,16,55,NA,NA,T,NA,NA,NA,NA,20150921655
3,2015092,1700,2015,92,17,0,NA,NA,A,NA,NA,NA,NA,20150921700
4,2015092,1835,2015,92,18,35,NA,NA,A,NA,NA,NA,NA,20150921835
5,2015093,1425,2015,93,14,25,NA,NA,T,NA,NA,NA,NA,20150931425
6,2015093,1605,2015,93,16,5,NA,NA,T,NA,NA,NA,NA,20150931605
7,2015093,1740,2015,93,17,40,NA,NA,A,NA,NA,NA,NA,20150931740
8,2015094,1510,2015,94,15,10,NA,NA,T,NA,NA,NA,NA,20150941510
9,2015094,1645,2015,94,16,45,NA,NA,A,NA,NA,NA,NA,20150941645
10,2015094,1645,2015,94,16,45,39.0375,-76.88712039,T,0.04684,0.03345,0.0119,0,20150941645
11,2015094,1825,2015,94,18,25,39.0375,-76.88712039,A,0.04982,0.03561,0.0332,0,20150941825
12,2015095,1415,2015,95,14,15,NA,NA,T,NA,NA,NA,NA,20150951415
13,2015095,1550,2015,95,15,50,NA,NA,T,NA,NA,NA,NA,20150951550
14,2015095,1730,2015,95,17,30,NA,NA,A,NA,NA,NA,NA,20150951730
15,2015095,1910,2015,95,19,10,39.0375,-76.88712039,A,0.11968,0.08576,0.0105,0,20150951910
16,2015096,1455,2015,96,14,55,NA,NA,T,NA,NA,NA,NA,20150961455
17,2015096,1635,2015,96,16,35,NA,NA,A,NA,NA,NA,NA,20150961635
18,2015096,1635,2015,96,16,35,39.0375,-76.88712039,T,0.08287,0.05924,0.0187,0,20150961635
19,2015096,1815,2015,96,18,15,39.0375,-76.88712039,A,0.07903,0.05657,0.04,0,20150961815
20,2015097,1400,2015,97,14,0,NA,NA,T,NA,NA,NA,NA,20150971400
21,2015097,1540,2015,97,15,40,NA,NA,T,NA,NA,NA,NA,20150971540
22,2015097,1720,2015,97,17,20,NA,NA,A,NA,NA,NA,NA,20150971720
23,2015097,1855,2015,97,18,55,NA,NA,A,NA,NA,NA,NA,20150971855
24,2015098,1445,2015,98,14,45,NA,NA,T,NA,NA,NA,NA,20150981445
25,2015098,1620,2015,98,16,20,NA,NA,A,NA,NA,NA,NA,20150981620
26,2015098,1620,2015,98,16,20,NA,NA,T,NA,NA,NA,NA,20150981620
27,2015098,1800,2015,98,18,0,NA,NA,A,NA,NA,NA,NA,20150981800
28,2015099,1525,2015,99,15,25,NA,NA,T,NA,NA,NA,NA,20150991525
29,2015099,1705,2015,99,17,5,NA,NA,A,NA,NA,NA,NA,20150991705
30,2015099,1705,2015,99,17,5,NA,NA,T,NA,NA,NA,NA,20150991705
31,2015099,1845,2015,99,18,45,NA,NA,A,NA,NA,NA,NA,20150991845
32,2015100,1430,2015,100,14,30,NA,NA,T,NA,NA,NA,NA,20151001430
33,2015100,1610,2015,100,16,10,NA,NA,T,NA,NA,NA,NA,20151001610
34,2015100,1750,2015,100,17,50,NA,NA,A,NA,NA,NA,NA,20151001750
35,2015101,1515,2015,101,15,15,39.0375,-76.88712039,T,0.12026,0.08621,0.0117,0,20151011515
36,2015101,1650,2015,101,16,50,39.0375,-76.88712039,T,0.08207,0.05868,0.0108,0,20151011650
37,2015101,1655,2015,101,16,55,NA,NA,A,NA,NA,NA,NA,20151011655
38,2015101,1830,2015,101,18,30,39.0375,-76.88712039,A,0.08124,0.05811,0.0289,0,20151011830
39,2015102,1420,2015,102,14,20,NA,NA,T,NA,NA,NA,NA,20151021420
40,2015102,1600,2015,102,16,0,39.00416666,-76.89377396,T,0.25414,0.18329,0.0376,0,20151021600
41,2015102,1735,2015,102,17,35,NA,NA,A,NA,NA,NA,NA,20151021735
42,2015102,1915,2015,102,19,15,NA,NA,A,NA,NA,NA,NA,20151021915
43,2015103,1505,2015,103,15,5,NA,NA,T,NA,NA,NA,NA,20151031505
44,2015103,1640,2015,103,16,40,NA,NA,A,NA,NA,NA,NA,20151031640
45,2015103,1640,2015,103,16,40,39.0375,-76.88712039,T,0.14919,0.10697,0.0156,0,20151031640
46,2015103,1820,2015,103,18,20,NA,NA,A,NA,NA,NA,NA,20151031820
47,2015104,1405,2015,104,14,5,NA,NA,T,NA,NA,NA,NA,20151041405
48,2015104,1545,2015,104,15,45,NA,NA,T,NA,NA,NA,NA,20151041545
49,2015104,1725,2015,104,17,25,NA,NA,A,NA,NA,NA,NA,20151041725
50,2015104,1900,2015,104,19,0,NA,NA,A,NA,NA,NA,NA,20151041900
51,2015105,1450,2015,105,14,50,NA,NA,T,NA,NA,NA,NA,20151051450
52,2015105,1625,2015,105,16,25,NA,NA,T,NA,NA,NA,NA,20151051625
53,2015105,1805,2015,105,18,5,NA,NA,A,NA,NA,NA,NA,20151051805
54,2015106,1355,2015,106,13,55,NA,NA,T,NA,NA,NA,NA,20151061355
55,2015106,1535,2015,106,15,35,39.0375,-76.88712039,T,0.13769,0.09882,0.02,0,20151061535
56,2015106,1710,2015,106,17,10,NA,NA,A,NA,NA,NA,NA,20151061710
57,2015106,1850,2015,106,18,50,39.0375,-76.88712039,A,0.3345,0.24183,0.0178,0,20151061850
58,2015107,1440,2015,107,14,40,NA,NA,T,NA,NA,NA,NA,20151071440
59,2015107,1615,2015,107,16,15,38.97083333,-76.83613581,T,0.21358,0.15375,0.0351,0,20151071615
60,2015107,1755,2015,107,17,55,NA,NA,A,NA,NA,NA,NA,20151071755
61,2015108,1520,2015,108,15,20,39.0375,-76.88712039,T,0.16148,0.11583,0.0143,0,20151081520
62,2015108,1655,2015,108,16,55,39.0375,-76.88712039,T,0.16982,0.12187,0.0096,0,20151081655
63,2015108,1700,2015,108,17,0,NA,NA,A,NA,NA,NA,NA,20151081700
64,2015108,1835,2015,108,18,35,39.0375,-76.88712039,A,0.15901,0.11412,0.0245,0,20151081835
65,2015109,1425,2015,109,14,25,NA,NA,T,NA,NA,NA,NA,20151091425
66,2015109,1605,2015,109,16,5,NA,NA,T,NA,NA,NA,NA,20151091605
67,2015109,1740,2015,109,17,40,NA,NA,A,NA,NA,NA,NA,20151091740
68,2015110,1510,2015,110,15,10,NA,NA,T,NA,NA,NA,NA,20151101510
69,2015110,1645,2015,110,16,45,NA,NA,A,NA,NA,NA,NA,20151101645
70,2015110,1645,2015,110,16,45,NA,NA,T,NA,NA,NA,NA,20151101645
71,2015110,1825,2015,110,18,25,NA,NA,A,NA,NA,NA,NA,20151101825
72,2015111,1415,2015,111,14,15,NA,NA,T,NA,NA,NA,NA,20151111415
73,2015111,1550,2015,111,15,50,39.0375,-76.85493433,T,0.44445,0.32279,0.0313,0,20151111550
74,2015111,1730,2015,111,17,30,39.0375,-76.88712039,A,0.37654,0.27256,0.0119,0,20151111730
75,2015111,1910,2015,111,19,10,39.0375,-76.88712039,A,0.26363,0.18998,0.0104,0,20151111910
76,2015112,1635,2015,112,16,35,NA,NA,A,NA,NA,NA,NA,20151121635
77,2015112,1635,2015,112,16,35,NA,NA,T,NA,NA,NA,NA,20151121635
78,2015112,1815,2015,112,18,15,NA,NA,A,NA,NA,NA,NA,20151121815
79,2015113,1400,2015,113,14,0,NA,NA,T,NA,NA,NA,NA,20151131400
80,2015113,1540,2015,113,15,40,NA,NA,T,NA,NA,NA,NA,20151131540
81,2015113,1720,2015,113,17,20,NA,NA,A,NA,NA,NA,NA,20151131720
82,2015113,1855,2015,113,18,55,NA,NA,A,NA,NA,NA,NA,20151131855
83,2015114,1445,2015,114,14,45,NA,NA,T,NA,NA,NA,NA,20151141445
84,2015114,1620,2015,114,16,20,NA,NA,A,NA,NA,NA,NA,20151141620
85,2015114,1620,2015,114,16,20,39.0375,-76.88712039,T,0.12373,0.08873,0.0297,0,20151141620
86,2015114,1800,2015,114,18,0,39.0375,-76.88712039,A,0.09686,0.06938,0.0325,0,20151141800
87,2015115,1525,2015,115,15,25,NA,NA,T,NA,NA,NA,NA,20151151525
88,2015115,1705,2015,115,17,5,NA,NA,A,NA,NA,NA,NA,20151151705
89,2015115,1705,2015,115,17,5,NA,NA,T,NA,NA,NA,NA,20151151705
90,2015115,1845,2015,115,18,45,NA,NA,A,NA,NA,NA,NA,20151151845
91,2015116,1430,2015,116,14,30,NA,NA,T,NA,NA,NA,NA,20151161430
92,2015116,1610,2015,116,16,10,39.0375,-76.81201959,T,0.13911,0.1,0.0339,0,20151161610
93,2015116,1750,2015,116,17,50,NA,NA,A,NA,NA,NA,NA,20151161750
94,2015117,1515,2015,117,15,15,NA,NA,T,NA,NA,NA,NA,20151171515
95,2015117,1650,2015,117,16,50,NA,NA,T,NA,NA,NA,NA,20151171650
96,2015117,1655,2015,117,16,55,NA,NA,A,NA,NA,NA,NA,20151171655
97,2015117,1830,2015,117,18,30,NA,NA,A,NA,NA,NA,NA,20151171830
98,2015118,1420,2015,118,14,20,NA,NA,T,NA,NA,NA,NA,20151181420
99,2015118,1600,2015,118,16,0,NA,NA,T,NA,NA,NA,NA,20151181600
100,2015118,1735,2015,118,17,35,NA,NA,A,NA,NA,NA,NA,20151181735
101,2015118,1915,2015,118,19,15,NA,NA,A,NA,NA,NA,NA,20151181915
102,2015119,1505,2015,119,15,5,NA,NA,T,NA,NA,NA,NA,20151191505
103,2015119,1640,2015,119,16,40,NA,NA,A,NA,NA,NA,NA,20151191640
104,2015119,1640,2015,119,16,40,39.0375,-76.88712039,T,0.11319,0.08114,0.0173,0,20151191640
105,2015119,1820,2015,119,18,20,39.0375,-76.88712039,A,0.19785,0.14222,0.0372,0,20151191820
106,2015120,1405,2015,120,14,5,NA,NA,T,NA,NA,NA,NA,20151201405
107,2015120,1545,2015,120,15,45,NA,NA,T,NA,NA,NA,NA,20151201545
108,2015120,1725,2015,120,17,25,NA,NA,A,NA,NA,NA,NA,20151201725
109,2015120,1900,2015,120,19,0,NA,NA,A,NA,NA,NA,NA,20151201900
110,2015121,1450,2015,121,14,50,NA,NA,T,NA,NA,NA,NA,20151211450
111,2015121,1625,2015,121,16,25,NA,NA,T,NA,NA,NA,NA,20151211625
112,2015121,1630,2015,121,16,30,NA,NA,A,NA,NA,NA,NA,20151211630
113,2015121,1805,2015,121,18,5,NA,NA,A,NA,NA,NA,NA,20151211805
114,2015122,1355,2015,122,13,55,NA,NA,T,NA,NA,NA,NA,20151221355
115,2015122,1535,2015,122,15,35,39.0375,-76.85493433,T,0.20596,0.14808,0.0193,0,20151221535
116,2015122,1710,2015,122,17,10,NA,NA,A,NA,NA,NA,NA,20151221710
117,2015122,1850,2015,122,18,50,NA,NA,A,NA,NA,NA,NA,20151221850
118,2015123,1440,2015,123,14,40,NA,NA,T,NA,NA,NA,NA,20151231440
119,2015123,1615,2015,123,16,15,39.0375,-76.84420565,T,0.29089,0.20987,0.0334,0,20151231615
120,2015123,1755,2015,123,17,55,39.0125,-76.85993404,A,0.41367,0.3,0.0255,0,20151231755
121,2015124,1520,2015,124,15,20,39.0375,-76.88712039,T,0.25284,0.1821,0.0149,0,20151241520
122,2015124,1655,2015,124,16,55,39.0375,-76.88712039,T,0.25672,0.18498,0.0105,0,20151241655
123,2015124,1700,2015,124,17,0,NA,NA,A,NA,NA,NA,NA,20151241700
124,2015124,1835,2015,124,18,35,39.0375,-76.88712039,A,0.2826,0.20383,0.0245,0,20151241835
125,2015125,1425,2015,125,14,25,NA,NA,T,NA,NA,NA,NA,20151251425
126,2015125,1605,2015,125,16,5,NA,NA,T,NA,NA,NA,NA,20151251605
127,2015125,1740,2015,125,17,40,NA,NA,A,NA,NA,NA,NA,20151251740
128,2015126,1510,2015,126,15,10,NA,NA,T,NA,NA,NA,NA,20151261510
129,2015126,1645,2015,126,16,45,NA,NA,A,NA,NA,NA,NA,20151261645
130,2015126,1645,2015,126,16,45,39.0375,-76.88712039,T,0.55057,0.40104,0.0147,0,20151261645
131,2015126,1825,2015,126,18,25,NA,NA,A,NA,NA,NA,NA,20151261825
132,2015127,1415,2015,127,14,15,NA,NA,T,NA,NA,NA,NA,20151271415
133,2015127,1550,2015,127,15,50,39.0375,-76.88712039,T,0.35804,0.25894,0.0314,0,20151271550
134,2015127,1730,2015,127,17,30,39.0375,-76.88712039,A,0.32759,0.23698,0.0127,0,20151271730
135,2015127,1910,2015,127,19,10,NA,NA,A,NA,NA,NA,NA,20151271910
136,2015128,1455,2015,128,14,55,NA,NA,T,NA,NA,NA,NA,20151281455
137,2015128,1635,2015,128,16,35,NA,NA,A,NA,NA,NA,NA,20151281635
138,2015128,1635,2015,128,16,35,NA,NA,T,NA,NA,NA,NA,20151281635
139,2015128,1815,2015,128,18,15,NA,NA,A,NA,NA,NA,NA,20151281815
140,2015129,1400,2015,129,14,0,NA,NA,T,NA,NA,NA,NA,20151291400
141,2015129,1540,2015,129,15,40,NA,NA,T,NA,NA,NA,NA,20151291540
142,2015129,1720,2015,129,17,20,NA,NA,A,NA,NA,NA,NA,20151291720
143,2015129,1855,2015,129,18,55,NA,NA,A,NA,NA,NA,NA,20151291855
144,2015130,1445,2015,130,14,45,NA,NA,T,NA,NA,NA,NA,20151301445
145,2015130,1620,2015,130,16,20,NA,NA,A,NA,NA,NA,NA,20151301620
146,2015130,1620,2015,130,16,20,NA,NA,T,NA,NA,NA,NA,20151301620
147,2015130,1800,2015,130,18,0,NA,NA,A,NA,NA,NA,NA,20151301800
148,2015131,1525,2015,131,15,25,NA,NA,T,NA,NA,NA,NA,20151311525
149,2015131,1705,2015,131,17,5,NA,NA,A,NA,NA,NA,NA,20151311705
150,2015131,1705,2015,131,17,5,NA,NA,T,NA,NA,NA,NA,20151311705
151,2015131,1845,2015,131,18,45,NA,NA,A,NA,NA,NA,NA,20151311845
152,2015132,1430,2015,132,14,30,NA,NA,T,NA,NA,NA,NA,20151321430
153,2015132,1610,2015,132,16,10,NA,NA,T,NA,NA,NA,NA,20151321610
154,2015132,1750,2015,132,17,50,NA,NA,A,NA,NA,NA,NA,20151321750
155,2015133,1515,2015,133,15,15,NA,NA,T,NA,NA,NA,NA,20151331515
156,2015133,1650,2015,133,16,50,NA,NA,T,NA,NA,NA,NA,20151331650
157,2015133,1655,2015,133,16,55,NA,NA,A,NA,NA,NA,NA,20151331655
158,2015133,1830,2015,133,18,30,NA,NA,A,NA,NA,NA,NA,20151331830
159,2015134,1420,2015,134,14,20,NA,NA,T,NA,NA,NA,NA,20151341420
160,2015134,1600,2015,134,16,0,39.0375,-76.88712039,T,0.24863,0.17916,0.0366,0,20151341600
161,2015134,1735,2015,134,17,35,39.0375,-76.88712039,A,0.16314,0.11701,0.0157,0,20151341735
162,2015134,1915,2015,134,19,15,NA,NA,A,NA,NA,NA,NA,20151341915
163,2015135,1505,2015,135,15,5,NA,NA,T,NA,NA,NA,NA,20151351505
164,2015135,1640,2015,135,16,40,NA,NA,A,NA,NA,NA,NA,20151351640
165,2015135,1640,2015,135,16,40,39.0375,-76.88712039,T,0.20082,0.14444,0.0178,0,20151351640
166,2015135,1820,2015,135,18,20,39.0375,-76.88712039,A,0.27742,0.19998,0.0376,0,20151351820
167,2015136,1405,2015,136,14,5,NA,NA,T,NA,NA,NA,NA,20151361405
168,2015136,1545,2015,136,15,45,38.95416666,-76.89307529,T,0.581,0.424,0.0291,0,20151361545
169,2015136,1725,2015,136,17,25,NA,NA,A,NA,NA,NA,NA,20151361725
170,2015136,1900,2015,136,19,0,NA,NA,A,NA,NA,NA,NA,20151361900
171,2015137,1450,2015,137,14,50,NA,NA,T,NA,NA,NA,NA,20151371450
172,2015137,1630,2015,137,16,30,NA,NA,A,NA,NA,NA,NA,20151371630
173,2015137,1630,2015,137,16,30,NA,NA,T,NA,NA,NA,NA,20151371630
174,2015137,1805,2015,137,18,5,NA,NA,A,NA,NA,NA,NA,20151371805
175,2015138,1355,2015,138,13,55,NA,NA,T,NA,NA,NA,NA,20151381355
176,2015138,1535,2015,138,15,35,NA,NA,T,NA,NA,NA,NA,20151381535
177,2015138,1710,2015,138,17,10,NA,NA,A,NA,NA,NA,NA,20151381710
178,2015138,1850,2015,138,18,50,NA,NA,A,NA,NA,NA,NA,20151381850
179,2015139,1440,2015,139,14,40,NA,NA,T,NA,NA,NA,NA,20151391440
180,2015139,1615,2015,139,16,15,NA,NA,T,NA,NA,NA,NA,20151391615
181,2015139,1755,2015,139,17,55,39.02083333,-76.84754009,A,0.31033,0.22433,0.0268,0,20151391755
182,2015140,1520,2015,140,15,20,NA,NA,T,NA,NA,NA,NA,20151401520
183,2015140,1655,2015,140,16,55,39.02916666,-76.81368999,T,0.26745,0.1927,0.0105,0,20151401655
184,2015140,1700,2015,140,17,0,NA,NA,A,NA,NA,NA,NA,20151401700
185,2015140,1835,2015,140,18,35,NA,NA,A,NA,NA,NA,NA,20151401835
186,2015141,1425,2015,141,14,25,NA,NA,T,NA,NA,NA,NA,20151411425
187,2015141,1605,2015,141,16,5,NA,NA,T,NA,NA,NA,NA,20151411605
188,2015141,1740,2015,141,17,40,NA,NA,A,NA,NA,NA,NA,20151411740
189,2015142,1510,2015,142,15,10,NA,NA,T,NA,NA,NA,NA,20151421510
190,2015142,1645,2015,142,16,45,NA,NA,A,NA,NA,NA,NA,20151421645
191,2015142,1645,2015,142,16,45,39.0375,-76.88712039,T,0.16103,0.11558,0.0151,0,20151421645
192,2015142,1825,2015,142,18,25,39.0375,-76.86566302,A,0.21874,0.15745,0.0303,0,20151421825
193,2015143,1415,2015,143,14,15,NA,NA,T,NA,NA,NA,NA,20151431415
194,2015143,1550,2015,143,15,50,39.0375,-76.88712039,T,0.14625,0.10493,0.0304,0,20151431550
195,2015143,1730,2015,143,17,30,39.0375,-76.88712039,A,0.10329,0.07408,0.0131,0,20151431730
196,2015143,1910,2015,143,19,10,39.0375,-76.88712039,A,0.0855,0.06119,0.0109,0,20151431910
197,2015144,1455,2015,144,14,55,NA,NA,T,NA,NA,NA,NA,20151441455
198,2015144,1635,2015,144,16,35,NA,NA,A,NA,NA,NA,NA,20151441635
199,2015144,1635,2015,144,16,35,NA,NA,T,NA,NA,NA,NA,20151441635
200,2015144,1810,2015,144,18,10,39.0375,-76.88712039,A,0.19161,0.13759,0.0371,0,20151441810
201,2015145,1400,2015,145,14,0,NA,NA,T,NA,NA,NA,NA,20151451400
202,2015145,1540,2015,145,15,40,39.0375,-76.88712039,T,0.30453,0.2199,0.0239,0,20151451540
203,2015145,1720,2015,145,17,20,NA,NA,A,NA,NA,NA,NA,20151451720
204,2015145,1855,2015,145,18,55,NA,NA,A,NA,NA,NA,NA,20151451855
205,2015146,1445,2015,146,14,45,NA,NA,T,NA,NA,NA,NA,20151461445
206,2015146,1620,2015,146,16,20,NA,NA,A,NA,NA,NA,NA,20151461620
207,2015146,1620,2015,146,16,20,39.0375,-76.88712039,T,0.33931,0.24533,0.0321,0,20151461620
208,2015146,1800,2015,146,18,0,NA,NA,A,NA,NA,NA,NA,20151461800
209,2015147,1530,2015,147,15,30,NA,NA,T,NA,NA,NA,NA,20151471530
210,2015147,1705,2015,147,17,5,NA,NA,A,NA,NA,NA,NA,20151471705
211,2015147,1705,2015,147,17,5,NA,NA,T,NA,NA,NA,NA,20151471705
212,2015147,1845,2015,147,18,45,NA,NA,A,NA,NA,NA,NA,20151471845
213,2015148,1430,2015,148,14,30,NA,NA,T,NA,NA,NA,NA,20151481430
214,2015148,1610,2015,148,16,10,NA,NA,T,NA,NA,NA,NA,20151481610
215,2015148,1750,2015,148,17,50,NA,NA,A,NA,NA,NA,NA,20151481750
216,2015149,1515,2015,149,15,15,NA,NA,T,NA,NA,NA,NA,20151491515
217,2015149,1650,2015,149,16,50,NA,NA,T,NA,NA,NA,NA,20151491650
218,2015149,1655,2015,149,16,55,NA,NA,A,NA,NA,NA,NA,20151491655
219,2015149,1830,2015,149,18,30,NA,NA,A,NA,NA,NA,NA,20151491830
220,2015150,1420,2015,150,14,20,NA,NA,T,NA,NA,NA,NA,20151501420
221,2015150,1600,2015,150,16,0,39.0375,-76.88712039,T,0.34317,0.24825,0.0364,0,20151501600
222,2015150,1735,2015,150,17,35,38.9625,-76.88068406,A,0.36,0.26033,0.0165,0,20151501735
223,2015150,1915,2015,150,19,15,NA,NA,A,NA,NA,NA,NA,20151501915
224,2015151,1505,2015,151,15,5,NA,NA,T,NA,NA,NA,NA,20151511505
225,2015151,1640,2015,151,16,40,NA,NA,A,NA,NA,NA,NA,20151511640
226,2015151,1640,2015,151,16,40,39.0375,-76.88712039,T,0.20638,0.14873,0.0189,0,20151511640
227,2015151,1820,2015,151,18,20,NA,NA,A,NA,NA,NA,NA,20151511820
228,2015152,1410,2015,152,14,10,NA,NA,T,NA,NA,NA,NA,20151521410
229,2015152,1545,2015,152,15,45,NA,NA,T,NA,NA,NA,NA,20151521545
230,2015152,1725,2015,152,17,25,NA,NA,A,NA,NA,NA,NA,20151521725
231,2015152,1900,2015,152,19,0,NA,NA,A,NA,NA,NA,NA,20151521900
232,2015153,1450,2015,153,14,50,NA,NA,T,NA,NA,NA,NA,20151531450
233,2015153,1630,2015,153,16,30,NA,NA,A,NA,NA,NA,NA,20151531630
234,2015153,1630,2015,153,16,30,NA,NA,T,NA,NA,NA,NA,20151531630
235,2015153,1805,2015,153,18,5,NA,NA,A,NA,NA,NA,NA,20151531805
236,2015154,1355,2015,154,13,55,NA,NA,T,NA,NA,NA,NA,20151541355
237,2015154,1535,2015,154,15,35,NA,NA,T,NA,NA,NA,NA,20151541535
238,2015154,1710,2015,154,17,10,NA,NA,A,NA,NA,NA,NA,20151541710
239,2015154,1850,2015,154,18,50,NA,NA,A,NA,NA,NA,NA,20151541850
240,2015155,1440,2015,155,14,40,NA,NA,T,NA,NA,NA,NA,20151551440
241,2015155,1615,2015,155,16,15,NA,NA,T,NA,NA,NA,NA,20151551615
242,2015155,1755,2015,155,17,55,NA,NA,A,NA,NA,NA,NA,20151551755
243,2015156,1520,2015,156,15,20,NA,NA,T,NA,NA,NA,NA,20151561520
244,2015156,1655,2015,156,16,55,NA,NA,T,NA,NA,NA,NA,20151561655
245,2015156,1700,2015,156,17,0,NA,NA,A,NA,NA,NA,NA,20151561700
246,2015156,1835,2015,156,18,35,NA,NA,A,NA,NA,NA,NA,20151561835
247,2015157,1425,2015,157,14,25,NA,NA,T,NA,NA,NA,NA,20151571425
248,2015157,1605,2015,157,16,5,NA,NA,T,NA,NA,NA,NA,20151571605
249,2015157,1740,2015,157,17,40,NA,NA,A,NA,NA,NA,NA,20151571740
250,2015158,1510,2015,158,15,10,NA,NA,T,NA,NA,NA,NA,20151581510
251,2015158,1645,2015,158,16,45,NA,NA,A,NA,NA,NA,NA,20151581645
252,2015158,1645,2015,158,16,45,NA,NA,T,NA,NA,NA,NA,20151581645
253,2015158,1825,2015,158,18,25,NA,NA,A,NA,NA,NA,NA,20151581825
254,2015159,1415,2015,159,14,15,NA,NA,T,NA,NA,NA,NA,20151591415
255,2015159,1550,2015,159,15,50,39.0375,-76.88712039,T,0.40821,0.29592,0.0329,0,20151591550
256,2015159,1730,2015,159,17,30,39.0375,-76.88712039,A,0.33098,0.23945,0.0145,0,20151591730
257,2015159,1910,2015,159,19,10,39.0125,-76.82775937,A,0.503,0.3655,0.0112,0,20151591910
258,2015160,1455,2015,160,14,55,NA,NA,T,NA,NA,NA,NA,20151601455
259,2015160,1635,2015,160,16,35,NA,NA,A,NA,NA,NA,NA,20151601635
260,2015160,1635,2015,160,16,35,38.97083333,-76.85757297,T,0.4805,0.349,0.0223,0,20151601635
261,2015160,1815,2015,160,18,15,NA,NA,A,NA,NA,NA,NA,20151601815
262,2015162,1445,2015,162,14,45,NA,NA,T,NA,NA,NA,NA,20151621445
263,2015162,1620,2015,162,16,20,NA,NA,A,NA,NA,NA,NA,20151621620
264,2015162,1620,2015,162,16,20,39.02083333,-76.80463546,T,0.5613,0.4093,0.0304,0,20151621620
265,2015162,1800,2015,162,18,0,NA,NA,A,NA,NA,NA,NA,20151621800
266,2015163,1530,2015,163,15,30,38.9875,-76.85422374,T,0.3342,0.2417,0.0195,0,20151631530
267,2015163,1705,2015,163,17,5,NA,NA,A,NA,NA,NA,NA,20151631705
268,2015163,1705,2015,163,17,5,NA,NA,T,NA,NA,NA,NA,20151631705
269,2015163,1845,2015,163,18,45,39.00416666,-76.89377396,A,0.27009,0.19464,0.0219,0,20151631845
270,2015164,1430,2015,164,14,30,NA,NA,T,NA,NA,NA,NA,20151641430
271,2015164,1610,2015,164,16,10,NA,NA,T,NA,NA,NA,NA,20151641610
272,2015164,1750,2015,164,17,50,NA,NA,A,NA,NA,NA,NA,20151641750
273,2015165,1515,2015,165,15,15,39.0125,-76.89210872,T,0.38757,0.28071,0.0132,0,20151651515
274,2015165,1650,2015,165,16,50,NA,NA,T,NA,NA,NA,NA,20151651650
275,2015165,1655,2015,165,16,55,NA,NA,A,NA,NA,NA,NA,20151651655
276,2015165,1830,2015,165,18,30,NA,NA,A,NA,NA,NA,NA,20151651830
277,2015166,1420,2015,166,14,20,NA,NA,T,NA,NA,NA,NA,20151661420
278,2015166,1600,2015,166,16,0,NA,NA,T,NA,NA,NA,NA,20151661600
279,2015166,1735,2015,166,17,35,NA,NA,A,NA,NA,NA,NA,20151661735
280,2015166,1915,2015,166,19,15,NA,NA,A,NA,NA,NA,NA,20151661915
281,2015167,1505,2015,167,15,5,NA,NA,T,NA,NA,NA,NA,20151671505
282,2015167,1640,2015,167,16,40,NA,NA,A,NA,NA,NA,NA,20151671640
283,2015167,1640,2015,167,16,40,NA,NA,T,NA,NA,NA,NA,20151671640
284,2015167,1820,2015,167,18,20,NA,NA,A,NA,NA,NA,NA,20151671820
285,2015168,1410,2015,168,14,10,NA,NA,T,NA,NA,NA,NA,20151681410
286,2015168,1545,2015,168,15,45,NA,NA,T,NA,NA,NA,NA,20151681545
287,2015168,1725,2015,168,17,25,NA,NA,A,NA,NA,NA,NA,20151681725
288,2015168,1900,2015,168,19,0,NA,NA,A,NA,NA,NA,NA,20151681900
289,2015169,1450,2015,169,14,50,NA,NA,T,NA,NA,NA,NA,20151691450
290,2015169,1630,2015,169,16,30,NA,NA,A,NA,NA,NA,NA,20151691630
291,2015169,1630,2015,169,16,30,NA,NA,T,NA,NA,NA,NA,20151691630
292,2015169,1805,2015,169,18,5,NA,NA,A,NA,NA,NA,NA,20151691805
293,2015170,1355,2015,170,13,55,NA,NA,T,NA,NA,NA,NA,20151701355
294,2015170,1535,2015,170,15,35,NA,NA,T,NA,NA,NA,NA,20151701535
295,2015170,1710,2015,170,17,10,NA,NA,A,NA,NA,NA,NA,20151701710
296,2015170,1850,2015,170,18,50,NA,NA,A,NA,NA,NA,NA,20151701850
297,2015171,1440,2015,171,14,40,NA,NA,T,NA,NA,NA,NA,20151711440
298,2015171,1615,2015,171,16,15,NA,NA,T,NA,NA,NA,NA,20151711615
299,2015171,1755,2015,171,17,55,NA,NA,A,NA,NA,NA,NA,20151711755
300,2015172,1520,2015,172,15,20,39.02916666,-76.81368999,T,0.3175,0.22975,0.0149,0,20151721520
301,2015172,1655,2015,172,16,55,NA,NA,T,NA,NA,NA,NA,20151721655
302,2015172,1700,2015,172,17,0,NA,NA,A,NA,NA,NA,NA,20151721700
303,2015172,1835,2015,172,18,35,NA,NA,A,NA,NA,NA,NA,20151721835
304,2015173,1425,2015,173,14,25,NA,NA,T,NA,NA,NA,NA,20151731425
305,2015173,1605,2015,173,16,5,NA,NA,T,NA,NA,NA,NA,20151731605
306,2015173,1740,2015,173,17,40,NA,NA,A,NA,NA,NA,NA,20151731740
307,2015174,1510,2015,174,15,10,NA,NA,T,NA,NA,NA,NA,20151741510
308,2015174,1645,2015,174,16,45,NA,NA,A,NA,NA,NA,NA,20151741645
309,2015174,1645,2015,174,16,45,39.0375,-76.79056222,T,0.36829,0.26642,0.0144,0,20151741645
310,2015174,1825,2015,174,18,25,NA,NA,A,NA,NA,NA,NA,20151741825
311,2015175,1415,2015,175,14,15,NA,NA,T,NA,NA,NA,NA,20151751415
312,2015175,1550,2015,175,15,50,NA,NA,T,NA,NA,NA,NA,20151751550
313,2015175,1730,2015,175,17,30,NA,NA,A,NA,NA,NA,NA,20151751730
314,2015175,1910,2015,175,19,10,39.0375,-76.88712039,A,0.09881,0.07078,0.012,0,20151751910
315,2015176,1455,2015,176,14,55,NA,NA,T,NA,NA,NA,NA,20151761455
316,2015176,1635,2015,176,16,35,NA,NA,A,NA,NA,NA,NA,20151761635
317,2015176,1635,2015,176,16,35,NA,NA,T,NA,NA,NA,NA,20151761635
318,2015176,1810,2015,176,18,10,NA,NA,A,NA,NA,NA,NA,20151761810
319,2015177,1400,2015,177,14,0,NA,NA,T,NA,NA,NA,NA,20151771400
320,2015177,1540,2015,177,15,40,NA,NA,T,NA,NA,NA,NA,20151771540
321,2015177,1720,2015,177,17,20,NA,NA,A,NA,NA,NA,NA,20151771720
322,2015177,1855,2015,177,18,55,NA,NA,A,NA,NA,NA,NA,20151771855
323,2015178,1445,2015,178,14,45,NA,NA,T,NA,NA,NA,NA,20151781445
324,2015178,1620,2015,178,16,20,NA,NA,A,NA,NA,NA,NA,20151781620
325,2015178,1620,2015,178,16,20,NA,NA,T,NA,NA,NA,NA,20151781620
326,2015178,1800,2015,178,18,0,NA,NA,A,NA,NA,NA,NA,20151781800
327,2015179,1350,2015,179,13,50,NA,NA,T,NA,NA,NA,NA,20151791350
328,2015179,1530,2015,179,15,30,NA,NA,T,NA,NA,NA,NA,20151791530
329,2015179,1705,2015,179,17,5,NA,NA,A,NA,NA,NA,NA,20151791705
330,2015179,1705,2015,179,17,5,NA,NA,T,NA,NA,NA,NA,20151791705
331,2015179,1845,2015,179,18,45,NA,NA,A,NA,NA,NA,NA,20151791845
332,2015180,1435,2015,180,14,35,NA,NA,T,NA,NA,NA,NA,20151801435
333,2015180,1610,2015,180,16,10,38.97916666,-76.82373822,T,0.23933,0.17233,0.037,0,20151801610
334,2015180,1750,2015,180,17,50,38.97916666,-76.83445806,A,0.27517,0.1985,0.0241,0,20151801750
335,2015181,1515,2015,181,15,15,NA,NA,T,NA,NA,NA,NA,20151811515
336,2015181,1650,2015,181,16,50,NA,NA,T,NA,NA,NA,NA,20151811650
337,2015181,1655,2015,181,16,55,NA,NA,A,NA,NA,NA,NA,20151811655
338,2015181,1830,2015,181,18,30,39.0375,-76.8763917,A,0.38893,0.28167,0.0277,0,20151811830
1,2015182,1420,2015,182,14,20,NA,NA,T,NA,NA,NA,NA,20151821420
2,2015182,1600,2015,182,16,0,39.0375,-76.88712039,T,0.63384,0.46286,0.0364,0,20151821600
3,2015182,1735,2015,182,17,35,NA,NA,A,NA,NA,NA,NA,20151821735
4,2015182,1915,2015,182,19,15,NA,NA,A,NA,NA,NA,NA,20151821915
5,2015183,1505,2015,183,15,5,NA,NA,T,NA,NA,NA,NA,20151831505
6,2015183,1640,2015,183,16,40,NA,NA,A,NA,NA,NA,NA,20151831640
7,2015183,1640,2015,183,16,40,NA,NA,T,NA,NA,NA,NA,20151831640
8,2015183,1820,2015,183,18,20,NA,NA,A,NA,NA,NA,NA,20151831820
9,2015184,1410,2015,184,14,10,NA,NA,T,NA,NA,NA,NA,20151841410
10,2015184,1545,2015,184,15,45,NA,NA,T,NA,NA,NA,NA,20151841545
11,2015184,1725,2015,184,17,25,NA,NA,A,NA,NA,NA,NA,20151841725
12,2015184,1900,2015,184,19,0,NA,NA,A,NA,NA,NA,NA,20151841900
13,2015185,1450,2015,185,14,50,NA,NA,T,NA,NA,NA,NA,20151851450
14,2015185,1630,2015,185,16,30,NA,NA,A,NA,NA,NA,NA,20151851630
15,2015185,1630,2015,185,16,30,NA,NA,T,NA,NA,NA,NA,20151851630
16,2015185,1805,2015,185,18,5,NA,NA,A,NA,NA,NA,NA,20151851805
17,2015186,1355,2015,186,13,55,NA,NA,T,NA,NA,NA,NA,20151861355
18,2015186,1535,2015,186,15,35,NA,NA,T,NA,NA,NA,NA,20151861535
19,2015186,1710,2015,186,17,10,NA,NA,A,NA,NA,NA,NA,20151861710
20,2015186,1850,2015,186,18,50,NA,NA,A,NA,NA,NA,NA,20151861850
21,2015187,1440,2015,187,14,40,NA,NA,T,NA,NA,NA,NA,20151871440
22,2015187,1615,2015,187,16,15,NA,NA,T,NA,NA,NA,NA,20151871615
23,2015187,1755,2015,187,17,55,NA,NA,A,NA,NA,NA,NA,20151871755
24,2015188,1520,2015,188,15,20,38.95416666,-76.85021105,T,0.517,0.375,0.0161,0,20151881520
25,2015188,1700,2015,188,17,0,NA,NA,A,NA,NA,NA,NA,20151881700
26,2015188,1700,2015,188,17,0,NA,NA,T,NA,NA,NA,NA,20151881700
27,2015188,1835,2015,188,18,35,NA,NA,A,NA,NA,NA,NA,20151881835
28,2015189,1425,2015,189,14,25,NA,NA,T,NA,NA,NA,NA,20151891425
29,2015189,1605,2015,189,16,5,NA,NA,T,NA,NA,NA,NA,20151891605
30,2015189,1740,2015,189,17,40,NA,NA,A,NA,NA,NA,NA,20151891740
31,2015190,1510,2015,190,15,10,NA,NA,T,NA,NA,NA,NA,20151901510
32,2015190,1645,2015,190,16,45,NA,NA,A,NA,NA,NA,NA,20151901645
33,2015190,1645,2015,190,16,45,NA,NA,T,NA,NA,NA,NA,20151901645
34,2015190,1825,2015,190,18,25,NA,NA,A,NA,NA,NA,NA,20151901825
35,2015191,1415,2015,191,14,15,NA,NA,T,NA,NA,NA,NA,20151911415
36,2015191,1550,2015,191,15,50,39.0375,-76.81201959,T,0.19242,0.13832,0.0284,0,20151911550
37,2015191,1730,2015,191,17,30,NA,NA,A,NA,NA,NA,NA,20151911730
38,2015191,1905,2015,191,19,5,NA,NA,A,NA,NA,NA,NA,20151911905
39,2015192,1455,2015,192,14,55,NA,NA,T,NA,NA,NA,NA,20151921455
40,2015192,1635,2015,192,16,35,NA,NA,A,NA,NA,NA,NA,20151921635
41,2015192,1635,2015,192,16,35,NA,NA,T,NA,NA,NA,NA,20151921635
42,2015192,1810,2015,192,18,10,NA,NA,A,NA,NA,NA,NA,20151921810
43,2015193,1400,2015,193,14,0,NA,NA,T,NA,NA,NA,NA,20151931400
44,2015193,1540,2015,193,15,40,NA,NA,T,NA,NA,NA,NA,20151931540
45,2015193,1715,2015,193,17,15,NA,NA,A,NA,NA,NA,NA,20151931715
46,2015193,1855,2015,193,18,55,NA,NA,A,NA,NA,NA,NA,20151931855
47,2015194,1445,2015,194,14,45,NA,NA,T,NA,NA,NA,NA,20151941445
48,2015194,1620,2015,194,16,20,NA,NA,A,NA,NA,NA,NA,20151941620
49,2015194,1620,2015,194,16,20,NA,NA,T,NA,NA,NA,NA,20151941620
50,2015194,1800,2015,194,18,0,NA,NA,A,NA,NA,NA,NA,20151941800
51,2015195,1350,2015,195,13,50,NA,NA,T,NA,NA,NA,NA,20151951350
52,2015195,1530,2015,195,15,30,NA,NA,T,NA,NA,NA,NA,20151951530
53,2015195,1705,2015,195,17,5,NA,NA,A,NA,NA,NA,NA,20151951705
54,2015195,1705,2015,195,17,5,NA,NA,T,NA,NA,NA,NA,20151951705
55,2015195,1845,2015,195,18,45,39.02083333,-76.78318315,A,0.1646,0.118,0.0205,0,20151951845
56,2015196,1435,2015,196,14,35,NA,NA,T,NA,NA,NA,NA,20151961435
57,2015196,1610,2015,196,16,10,NA,NA,T,NA,NA,NA,NA,20151961610
58,2015196,1750,2015,196,17,50,NA,NA,A,NA,NA,NA,NA,20151961750
59,2015197,1515,2015,197,15,15,39.0375,-76.88712039,T,0.14896,0.10687,0.0132,0,20151971515
60,2015197,1650,2015,197,16,50,39.0375,-76.88712039,T,0.16209,0.11631,0.0126,0,20151971650
61,2015197,1655,2015,197,16,55,NA,NA,A,NA,NA,NA,NA,20151971655
62,2015197,1830,2015,197,18,30,39.0375,-76.88712039,A,0.15618,0.11206,0.0305,0,20151971830
63,2015198,1420,2015,198,14,20,NA,NA,T,NA,NA,NA,NA,20151981420
64,2015198,1600,2015,198,16,0,NA,NA,T,NA,NA,NA,NA,20151981600
65,2015198,1735,2015,198,17,35,NA,NA,A,NA,NA,NA,NA,20151981735
66,2015198,1915,2015,198,19,15,NA,NA,A,NA,NA,NA,NA,20151981915
67,2015199,1505,2015,199,15,5,NA,NA,T,NA,NA,NA,NA,20151991505
68,2015199,1640,2015,199,16,40,NA,NA,A,NA,NA,NA,NA,20151991640
69,2015199,1640,2015,199,16,40,NA,NA,T,NA,NA,NA,NA,20151991640
70,2015199,1820,2015,199,18,20,39.02916666,-76.86732709,A,0.2843,0.2052,0.0342,0,20151991820
71,2015200,1410,2015,200,14,10,NA,NA,T,NA,NA,NA,NA,20152001410
72,2015200,1545,2015,200,15,45,NA,NA,T,NA,NA,NA,NA,20152001545
73,2015200,1725,2015,200,17,25,NA,NA,A,NA,NA,NA,NA,20152001725
74,2015200,1900,2015,200,19,0,NA,NA,A,NA,NA,NA,NA,20152001900
75,2015201,1450,2015,201,14,50,NA,NA,T,NA,NA,NA,NA,20152011450
76,2015201,1625,2015,201,16,25,NA,NA,A,NA,NA,NA,NA,20152011625
77,2015201,1630,2015,201,16,30,39.0375,-76.88712039,T,0.21854,0.15738,0.0256,0,20152011630
78,2015201,1805,2015,201,18,5,39.0375,-76.80129091,A,0.35196,0.25463,0.0336,0,20152011805
79,2015202,1355,2015,202,13,55,NA,NA,T,NA,NA,NA,NA,20152021355
80,2015202,1535,2015,202,15,35,NA,NA,T,NA,NA,NA,NA,20152021535
81,2015202,1710,2015,202,17,10,NA,NA,A,NA,NA,NA,NA,20152021710
82,2015202,1850,2015,202,18,50,NA,NA,A,NA,NA,NA,NA,20152021850
83,2015203,1440,2015,203,14,40,NA,NA,T,NA,NA,NA,NA,20152031440
84,2015203,1615,2015,203,16,15,39.0375,-76.85493433,T,0.09984,0.07153,0.0334,0,20152031615
85,2015203,1755,2015,203,17,55,39.0375,-76.84420565,A,0.14383,0.10317,0.0278,0,20152031755
86,2015204,1520,2015,204,15,20,39.0375,-76.88712039,T,0.12576,0.0902,0.0148,0,20152041520
87,2015204,1700,2015,204,17,0,NA,NA,A,NA,NA,NA,NA,20152041700
88,2015204,1700,2015,204,17,0,39.0375,-76.88712039,T,0.12246,0.08783,0.0105,0,20152041700
89,2015204,1835,2015,204,18,35,NA,NA,A,NA,NA,NA,NA,20152041835
90,2015205,1425,2015,205,14,25,NA,NA,T,NA,NA,NA,NA,20152051425
91,2015205,1605,2015,205,16,5,39.0375,-76.88712039,T,0.14629,0.10499,0.0375,0,20152051605
92,2015205,1740,2015,205,17,40,39.0375,-76.88712039,A,0.12916,0.09259,0.0201,0,20152051740
93,2015206,1510,2015,206,15,10,NA,NA,T,NA,NA,NA,NA,20152061510
94,2015206,1645,2015,206,16,45,NA,NA,A,NA,NA,NA,NA,20152061645
95,2015206,1645,2015,206,16,45,NA,NA,T,NA,NA,NA,NA,20152061645
96,2015206,1825,2015,206,18,25,NA,NA,A,NA,NA,NA,NA,20152061825
97,2015207,1415,2015,207,14,15,NA,NA,T,NA,NA,NA,NA,20152071415
98,2015207,1550,2015,207,15,50,39.0125,-76.82775937,T,0.566,0.414,0.0303,0,20152071550
99,2015207,1730,2015,207,17,30,NA,NA,A,NA,NA,NA,NA,20152071730
100,2015207,1905,2015,207,19,5,NA,NA,A,NA,NA,NA,NA,20152071905
101,2015208,1455,2015,208,14,55,NA,NA,T,NA,NA,NA,NA,20152081455
102,2015208,1635,2015,208,16,35,NA,NA,A,NA,NA,NA,NA,20152081635
103,2015208,1635,2015,208,16,35,NA,NA,T,NA,NA,NA,NA,20152081635
104,2015208,1810,2015,208,18,10,NA,NA,A,NA,NA,NA,NA,20152081810
105,2015209,1400,2015,209,14,0,NA,NA,T,NA,NA,NA,NA,20152091400
106,2015209,1540,2015,209,15,40,NA,NA,T,NA,NA,NA,NA,20152091540
107,2015209,1715,2015,209,17,15,NA,NA,A,NA,NA,NA,NA,20152091715
108,2015209,1855,2015,209,18,55,NA,NA,A,NA,NA,NA,NA,20152091855
109,2015210,1445,2015,210,14,45,NA,NA,T,NA,NA,NA,NA,20152101445
110,2015210,1620,2015,210,16,20,NA,NA,A,NA,NA,NA,NA,20152101620
111,2015210,1620,2015,210,16,20,NA,NA,T,NA,NA,NA,NA,20152101620
112,2015210,1800,2015,210,18,0,NA,NA,A,NA,NA,NA,NA,20152101800
113,2015211,1350,2015,211,13,50,NA,NA,T,NA,NA,NA,NA,20152111350
114,2015211,1530,2015,211,15,30,NA,NA,T,NA,NA,NA,NA,20152111530
115,2015211,1705,2015,211,17,5,NA,NA,A,NA,NA,NA,NA,20152111705
116,2015211,1705,2015,211,17,5,NA,NA,T,NA,NA,NA,NA,20152111705
117,2015211,1845,2015,211,18,45,NA,NA,A,NA,NA,NA,NA,20152111845
118,2015212,1435,2015,212,14,35,NA,NA,T,NA,NA,NA,NA,20152121435
119,2015212,1610,2015,212,16,10,39.02916666,-76.87805451,T,0.19635,0.14112,0.0346,0,20152121610
120,2015212,1745,2015,212,17,45,38.99583333,-76.87399571,A,0.15909,0.11413,0.0233,0,20152121745
121,2015213,1515,2015,213,15,15,NA,NA,T,NA,NA,NA,NA,20152131515
122,2015213,1650,2015,213,16,50,NA,NA,A,NA,NA,NA,NA,20152131650
123,2015213,1650,2015,213,16,50,NA,NA,T,NA,NA,NA,NA,20152131650
124,2015213,1830,2015,213,18,30,NA,NA,A,NA,NA,NA,NA,20152131830
125,2015214,1420,2015,214,14,20,NA,NA,T,NA,NA,NA,NA,20152141420
126,2015214,1600,2015,214,16,0,NA,NA,T,NA,NA,NA,NA,20152141600
127,2015214,1735,2015,214,17,35,39.0375,-76.82274828,A,0.22246,0.16027,0.015,0,20152141735
128,2015214,1915,2015,214,19,15,NA,NA,A,NA,NA,NA,NA,20152141915
129,2015215,1505,2015,215,15,5,NA,NA,T,NA,NA,NA,NA,20152151505
130,2015215,1640,2015,215,16,40,NA,NA,A,NA,NA,NA,NA,20152151640
131,2015215,1640,2015,215,16,40,39.0375,-76.88712039,T,0.12505,0.08971,0.0167,0,20152151640
132,2015215,1820,2015,215,18,20,NA,NA,A,NA,NA,NA,NA,20152151820
133,2015216,1410,2015,216,14,10,NA,NA,T,NA,NA,NA,NA,20152161410
134,2015216,1545,2015,216,15,45,39.0375,-76.88712039,T,0.23862,0.17186,0.0279,0,20152161545
135,2015216,1725,2015,216,17,25,NA,NA,A,NA,NA,NA,NA,20152161725
136,2015216,1900,2015,216,19,0,39.02083333,-76.82608777,A,0.446,0.324,0.0123,0,20152161900
137,2015217,1450,2015,217,14,50,NA,NA,T,NA,NA,NA,NA,20152171450
138,2015217,1625,2015,217,16,25,NA,NA,A,NA,NA,NA,NA,20152171625
139,2015217,1630,2015,217,16,30,39.00416666,-76.89377396,T,0.3013,0.2175,0.0243,0,20152171630
140,2015217,1805,2015,217,18,5,NA,NA,A,NA,NA,NA,NA,20152171805
141,2015218,1355,2015,218,13,55,NA,NA,T,NA,NA,NA,NA,20152181355
142,2015218,1535,2015,218,15,35,NA,NA,T,NA,NA,NA,NA,20152181535
143,2015218,1710,2015,218,17,10,NA,NA,A,NA,NA,NA,NA,20152181710
144,2015218,1850,2015,218,18,50,NA,NA,A,NA,NA,NA,NA,20152181850
145,2015219,1440,2015,219,14,40,NA,NA,T,NA,NA,NA,NA,20152191440
146,2015219,1615,2015,219,16,15,NA,NA,T,NA,NA,NA,NA,20152191615
147,2015219,1755,2015,219,17,55,NA,NA,A,NA,NA,NA,NA,20152191755
148,2015220,1520,2015,220,15,20,39.0375,-76.85493433,T,0.20762,0.14944,0.0136,0,20152201520
149,2015220,1655,2015,220,16,55,39.0375,-76.79056222,T,0.16763,0.12031,0.0094,0,20152201655
150,2015220,1700,2015,220,17,0,NA,NA,A,NA,NA,NA,NA,20152201700
151,2015220,1835,2015,220,18,35,NA,NA,A,NA,NA,NA,NA,20152201835
152,2015221,1425,2015,221,14,25,NA,NA,T,NA,NA,NA,NA,20152211425
153,2015221,1605,2015,221,16,5,39.0375,-76.84420565,T,0.28042,0.20235,0.0349,0,20152211605
154,2015221,1740,2015,221,17,40,NA,NA,A,NA,NA,NA,NA,20152211740
155,2015222,1510,2015,222,15,10,NA,NA,T,NA,NA,NA,NA,20152221510
156,2015222,1645,2015,222,16,45,NA,NA,A,NA,NA,NA,NA,20152221645
157,2015222,1645,2015,222,16,45,NA,NA,T,NA,NA,NA,NA,20152221645
158,2015222,1825,2015,222,18,25,NA,NA,A,NA,NA,NA,NA,20152221825
159,2015223,1415,2015,223,14,15,NA,NA,T,NA,NA,NA,NA,20152231415
160,2015223,1550,2015,223,15,50,NA,NA,T,NA,NA,NA,NA,20152231550
161,2015223,1730,2015,223,17,30,NA,NA,A,NA,NA,NA,NA,20152231730
162,2015223,1905,2015,223,19,5,NA,NA,A,NA,NA,NA,NA,20152231905
163,2015224,1455,2015,224,14,55,NA,NA,T,NA,NA,NA,NA,20152241455
164,2015224,1635,2015,224,16,35,NA,NA,A,NA,NA,NA,NA,20152241635
165,2015224,1635,2015,224,16,35,NA,NA,T,NA,NA,NA,NA,20152241635
166,2015224,1810,2015,224,18,10,39.02083333,-76.83681393,A,0.2695,0.1945,0.0329,0,20152241810
167,2015225,1400,2015,225,14,0,NA,NA,T,NA,NA,NA,NA,20152251400
168,2015225,1540,2015,225,15,40,NA,NA,T,NA,NA,NA,NA,20152251540
169,2015225,1715,2015,225,17,15,NA,NA,A,NA,NA,NA,NA,20152251715
170,2015225,1855,2015,225,18,55,NA,NA,A,NA,NA,NA,NA,20152251855
171,2015226,1445,2015,226,14,45,NA,NA,T,NA,NA,NA,NA,20152261445
172,2015226,1620,2015,226,16,20,NA,NA,A,NA,NA,NA,NA,20152261620
173,2015226,1620,2015,226,16,20,39.0375,-76.88712039,T,0.28811,0.20786,0.03,0,20152261620
174,2015226,1800,2015,226,18,0,39.0375,-76.86566302,A,0.28258,0.20381,0.0301,0,20152261800
175,2015227,1350,2015,227,13,50,NA,NA,T,NA,NA,NA,NA,20152271350
176,2015227,1530,2015,227,15,30,NA,NA,T,NA,NA,NA,NA,20152271530
177,2015227,1705,2015,227,17,5,NA,NA,A,NA,NA,NA,NA,20152271705
178,2015227,1705,2015,227,17,5,NA,NA,T,NA,NA,NA,NA,20152271705
179,2015227,1845,2015,227,18,45,39.0375,-76.88712039,A,0.17156,0.12312,0.0214,0,20152271845
180,2015228,1435,2015,228,14,35,NA,NA,T,NA,NA,NA,NA,20152281435
181,2015228,1610,2015,228,16,10,39.0375,-76.88712039,T,0.20397,0.14667,0.0366,0,20152281610
182,2015228,1745,2015,228,17,45,39.0375,-76.88712039,A,0.26605,0.19168,0.021,0,20152281745
183,2015229,1515,2015,229,15,15,39.0375,-76.88712039,T,0.35041,0.25346,0.0111,0,20152291515
184,2015229,1650,2015,229,16,50,NA,NA,A,NA,NA,NA,NA,20152291650
185,2015229,1650,2015,229,16,50,39.0375,-76.88712039,T,0.37659,0.27251,0.0107,0,20152291650
186,2015229,1830,2015,229,18,30,NA,NA,A,NA,NA,NA,NA,20152291830
187,2015230,1420,2015,230,14,20,NA,NA,T,NA,NA,NA,NA,20152301420
188,2015230,1600,2015,230,16,0,NA,NA,T,NA,NA,NA,NA,20152301600
189,2015230,1735,2015,230,17,35,NA,NA,A,NA,NA,NA,NA,20152301735
190,2015230,1915,2015,230,19,15,NA,NA,A,NA,NA,NA,NA,20152301915
191,2015231,1505,2015,231,15,5,NA,NA,T,NA,NA,NA,NA,20152311505
192,2015231,1640,2015,231,16,40,NA,NA,A,NA,NA,NA,NA,20152311640
193,2015231,1640,2015,231,16,40,NA,NA,T,NA,NA,NA,NA,20152311640
194,2015231,1820,2015,231,18,20,NA,NA,A,NA,NA,NA,NA,20152311820
195,2015232,1410,2015,232,14,10,NA,NA,T,NA,NA,NA,NA,20152321410
196,2015232,1545,2015,232,15,45,NA,NA,T,NA,NA,NA,NA,20152321545
197,2015232,1725,2015,232,17,25,NA,NA,A,NA,NA,NA,NA,20152321725
198,2015232,1900,2015,232,19,0,NA,NA,A,NA,NA,NA,NA,20152321900
199,2015233,1450,2015,233,14,50,NA,NA,T,NA,NA,NA,NA,20152331450
200,2015233,1625,2015,233,16,25,NA,NA,A,NA,NA,NA,NA,20152331625
201,2015233,1630,2015,233,16,30,39.0375,-76.86566302,T,0.19926,0.14332,0.0211,0,20152331630
202,2015233,1805,2015,233,18,5,39.0375,-76.84420565,A,0.20869,0.14997,0.0324,0,20152331805
203,2015234,1355,2015,234,13,55,NA,NA,T,NA,NA,NA,NA,20152341355
204,2015234,1535,2015,234,15,35,39.0375,-76.88712039,T,0.07653,0.05476,0.0188,0,20152341535
205,2015234,1710,2015,234,17,10,NA,NA,A,NA,NA,NA,NA,20152341710
206,2015234,1850,2015,234,18,50,39.0375,-76.88712039,A,0.05764,0.04117,0.0173,0,20152341850
207,2015235,1440,2015,235,14,40,NA,NA,T,NA,NA,NA,NA,20152351440
208,2015235,1615,2015,235,16,15,NA,NA,T,NA,NA,NA,NA,20152351615
209,2015235,1755,2015,235,17,55,38.97083333,-76.80398007,A,0.34275,0.248,0.0241,0,20152351755
210,2015236,1520,2015,236,15,20,39.0375,-76.88712039,T,0.28377,0.20458,0.0136,0,20152361520
211,2015236,1655,2015,236,16,55,38.9875,-76.88638705,T,0.458,0.3325,0.0089,0,20152361655
212,2015236,1700,2015,236,17,0,NA,NA,A,NA,NA,NA,NA,20152361700
213,2015236,1835,2015,236,18,35,NA,NA,A,NA,NA,NA,NA,20152361835
214,2015237,1425,2015,237,14,25,NA,NA,T,NA,NA,NA,NA,20152371425
215,2015237,1605,2015,237,16,5,39.0375,-76.88712039,T,0.18217,0.1309,0.0365,0,20152371605
216,2015237,1740,2015,237,17,40,39.0375,-76.88712039,A,0.13872,0.09956,0.0166,0,20152371740
217,2015238,1510,2015,238,15,10,NA,NA,T,NA,NA,NA,NA,20152381510
218,2015238,1645,2015,238,16,45,NA,NA,A,NA,NA,NA,NA,20152381645
219,2015238,1645,2015,238,16,45,NA,NA,T,NA,NA,NA,NA,20152381645
220,2015238,1825,2015,238,18,25,NA,NA,A,NA,NA,NA,NA,20152381825
221,2015239,1415,2015,239,14,15,NA,NA,T,NA,NA,NA,NA,20152391415
222,2015239,1550,2015,239,15,50,39.0375,-76.88712039,T,0.1671,0.11997,0.0293,0,20152391550
223,2015239,1730,2015,239,17,30,NA,NA,A,NA,NA,NA,NA,20152391730
224,2015239,1905,2015,239,19,5,NA,NA,A,NA,NA,NA,NA,20152391905
225,2015240,1455,2015,240,14,55,NA,NA,T,NA,NA,NA,NA,20152401455
226,2015240,1635,2015,240,16,35,NA,NA,A,NA,NA,NA,NA,20152401635
227,2015240,1635,2015,240,16,35,NA,NA,T,NA,NA,NA,NA,20152401635
228,2015240,1810,2015,240,18,10,NA,NA,A,NA,NA,NA,NA,20152401810
229,2015241,1400,2015,241,14,0,NA,NA,T,NA,NA,NA,NA,20152411400
230,2015241,1540,2015,241,15,40,39.0375,-76.88712039,T,0.31826,0.23,0.0213,0,20152411540
231,2015241,1715,2015,241,17,15,NA,NA,A,NA,NA,NA,NA,20152411715
232,2015241,1855,2015,241,18,55,NA,NA,A,NA,NA,NA,NA,20152411855
233,2015242,1445,2015,242,14,45,NA,NA,T,NA,NA,NA,NA,20152421445
234,2015242,1620,2015,242,16,20,NA,NA,A,NA,NA,NA,NA,20152421620
235,2015242,1620,2015,242,16,20,NA,NA,T,NA,NA,NA,NA,20152421620
236,2015242,1800,2015,242,18,0,NA,NA,A,NA,NA,NA,NA,20152421800
237,2015243,1530,2015,243,15,30,NA,NA,T,NA,NA,NA,NA,20152431530
238,2015243,1705,2015,243,17,5,NA,NA,A,NA,NA,NA,NA,20152431705
239,2015243,1705,2015,243,17,5,NA,NA,T,NA,NA,NA,NA,20152431705
240,2015243,1840,2015,243,18,40,NA,NA,A,NA,NA,NA,NA,20152431840
241,2015244,1430,2015,244,14,30,NA,NA,T,NA,NA,NA,NA,20152441430
242,2015244,1610,2015,244,16,10,39.02916666,-76.81368999,T,0.50448,0.36648,0.0296,0,20152441610
243,2015244,1745,2015,244,17,45,NA,NA,A,NA,NA,NA,NA,20152441745
244,2015245,1650,2015,245,16,50,NA,NA,A,NA,NA,NA,NA,20152451650
245,2015245,1830,2015,245,18,30,NA,NA,A,NA,NA,NA,NA,20152451830
246,2015246,1420,2015,246,14,20,NA,NA,T,NA,NA,NA,NA,20152461420
247,2015246,1600,2015,246,16,0,39.0375,-76.88712039,T,0.54478,0.39667,0.0324,0,20152461600
248,2015246,1735,2015,246,17,35,NA,NA,A,NA,NA,NA,NA,20152461735
249,2015246,1915,2015,246,19,15,NA,NA,A,NA,NA,NA,NA,20152461915
250,2015247,1505,2015,247,15,5,NA,NA,T,NA,NA,NA,NA,20152471505
251,2015247,1640,2015,247,16,40,NA,NA,A,NA,NA,NA,NA,20152471640
252,2015247,1640,2015,247,16,40,NA,NA,T,NA,NA,NA,NA,20152471640
253,2015247,1820,2015,247,18,20,NA,NA,A,NA,NA,NA,NA,20152471820
254,2015248,1410,2015,248,14,10,NA,NA,T,NA,NA,NA,NA,20152481410
255,2015248,1545,2015,248,15,45,NA,NA,T,NA,NA,NA,NA,20152481545
256,2015248,1725,2015,248,17,25,NA,NA,A,NA,NA,NA,NA,20152481725
257,2015248,1900,2015,248,19,0,NA,NA,A,NA,NA,NA,NA,20152481900
258,2015249,1450,2015,249,14,50,NA,NA,T,NA,NA,NA,NA,20152491450
259,2015249,1625,2015,249,16,25,NA,NA,A,NA,NA,NA,NA,20152491625
260,2015249,1630,2015,249,16,30,39.0375,-76.88712039,T,0.11254,0.08068,0.0207,0,20152491630
261,2015249,1805,2015,249,18,5,39.0375,-76.88712039,A,0.08035,0.05746,0.0307,0,20152491805
262,2015250,1355,2015,250,13,55,NA,NA,T,NA,NA,NA,NA,20152501355
263,2015250,1535,2015,250,15,35,39.0375,-76.83347696,T,0.174,0.125,0.0162,0,20152501535
264,2015250,1710,2015,250,17,10,NA,NA,A,NA,NA,NA,NA,20152501710
265,2015250,1850,2015,250,18,50,39.0375,-76.88712039,A,0.10026,0.07185,0.0149,0,20152501850
1,2015251,1440,2015,251,14,40,NA,NA,T,NA,NA,NA,NA,20152511440
2,2015251,1615,2015,251,16,15,39.02916666,-76.88878193,T,0.146,0.10489,0.0293,0,20152511615
3,2015251,1755,2015,251,17,55,38.9625,-76.81638015,A,0.10886,0.07786,0.0212,0,20152511755
4,2015252,1520,2015,252,15,20,39.0375,-76.88712039,T,0.12967,0.09299,0.0119,0,20152521520
5,2015252,1655,2015,252,16,55,39.00416666,-76.78653768,T,0.1472,0.1056,0.0082,0,20152521655
6,2015252,1700,2015,252,17,0,NA,NA,A,NA,NA,NA,NA,20152521700
7,2015252,1835,2015,252,18,35,NA,NA,A,NA,NA,NA,NA,20152521835
8,2015253,1425,2015,253,14,25,NA,NA,T,NA,NA,NA,NA,20152531425
9,2015253,1605,2015,253,16,5,NA,NA,T,NA,NA,NA,NA,20152531605
10,2015253,1740,2015,253,17,40,NA,NA,A,NA,NA,NA,NA,20152531740
11,2015254,1510,2015,254,15,10,NA,NA,T,NA,NA,NA,NA,20152541510
12,2015254,1645,2015,254,16,45,NA,NA,A,NA,NA,NA,NA,20152541645
13,2015254,1645,2015,254,16,45,39.0375,-76.88712039,T,0.04258,0.03036,0.011,0,20152541645
14,2015254,1825,2015,254,18,25,39.0375,-76.88712039,A,0.04959,0.03542,0.0307,0,20152541825
15,2015255,1415,2015,255,14,15,NA,NA,T,NA,NA,NA,NA,20152551415
16,2015255,1550,2015,255,15,50,NA,NA,T,NA,NA,NA,NA,20152551550
17,2015255,1730,2015,255,17,30,NA,NA,A,NA,NA,NA,NA,20152551730
18,2015255,1905,2015,255,19,5,NA,NA,A,NA,NA,NA,NA,20152551905
19,2015256,1455,2015,256,14,55,NA,NA,T,NA,NA,NA,NA,20152561455
20,2015256,1635,2015,256,16,35,NA,NA,A,NA,NA,NA,NA,20152561635
21,2015256,1635,2015,256,16,35,38.95416666,-76.89307529,T,0.26533,0.19133,0.0165,0,20152561635
22,2015257,1400,2015,257,14,0,NA,NA,T,NA,NA,NA,NA,20152571400
23,2015257,1540,2015,257,15,40,39.0375,-76.88712039,T,0.08569,0.06135,0.0221,0,20152571540
24,2015257,1715,2015,257,17,15,NA,NA,A,NA,NA,NA,NA,20152571715
25,2015257,1855,2015,257,18,55,39.0375,-76.88712039,A,0.04032,0.02881,0.0121,0,20152571855
26,2015259,1525,2015,259,15,25,39.0375,-76.88712039,T,0.11746,0.08419,0.0135,0,20152591525
27,2015259,1705,2015,259,17,5,NA,NA,A,NA,NA,NA,NA,20152591705
28,2015259,1705,2015,259,17,5,NA,NA,T,NA,NA,NA,NA,20152591705
29,2015259,1840,2015,259,18,40,39.0375,-76.88712039,A,0.1158,0.08297,0.017,0,20152591840
30,2015260,1430,2015,260,14,30,NA,NA,T,NA,NA,NA,NA,20152601430
31,2015260,1610,2015,260,16,10,39.0375,-76.88712039,T,0.14203,0.10182,0.0304,0,20152601610
32,2015260,1745,2015,260,17,45,39.02916666,-76.88878193,A,0.18607,0.13378,0.0163,0,20152601745
33,2015261,1515,2015,261,15,15,39.0375,-76.88712039,T,0.1377,0.09871,0.0095,0,20152611515
34,2015261,1650,2015,261,16,50,NA,NA,A,NA,NA,NA,NA,20152611650
35,2015261,1650,2015,261,16,50,39.0375,-76.88712039,T,0.2095,0.15067,0.0086,0,20152611650
36,2015261,1830,2015,261,18,30,39.0375,-76.84420565,A,0.17603,0.12639,0.0224,0,20152611830
37,2015262,1420,2015,262,14,20,NA,NA,T,NA,NA,NA,NA,20152621420
38,2015262,1600,2015,262,16,0,NA,NA,T,NA,NA,NA,NA,20152621600
39,2015262,1735,2015,262,17,35,38.9875,-76.82206044,A,0.24144,0.17389,0.0107,0,20152621735
40,2015262,1915,2015,262,19,15,NA,NA,A,NA,NA,NA,NA,20152621915
41,2015263,1505,2015,263,15,5,NA,NA,T,NA,NA,NA,NA,20152631505
42,2015263,1640,2015,263,16,40,NA,NA,A,NA,NA,NA,NA,20152631640
43,2015263,1640,2015,263,16,40,NA,NA,T,NA,NA,NA,NA,20152631640
44,2015263,1820,2015,263,18,20,NA,NA,A,NA,NA,NA,NA,20152631820
45,2015264,1405,2015,264,14,5,NA,NA,T,NA,NA,NA,NA,20152641405
46,2015264,1545,2015,264,15,45,NA,NA,T,NA,NA,NA,NA,20152641545
47,2015264,1725,2015,264,17,25,NA,NA,A,NA,NA,NA,NA,20152641725
48,2015264,1900,2015,264,19,0,NA,NA,A,NA,NA,NA,NA,20152641900
49,2015265,1450,2015,265,14,50,NA,NA,T,NA,NA,NA,NA,20152651450
50,2015265,1625,2015,265,16,25,NA,NA,A,NA,NA,NA,NA,20152651625
51,2015265,1625,2015,265,16,25,NA,NA,T,NA,NA,NA,NA,20152651625
52,2015265,1805,2015,265,18,5,NA,NA,A,NA,NA,NA,NA,20152651805
53,2015266,1355,2015,266,13,55,NA,NA,T,NA,NA,NA,NA,20152661355
54,2015266,1535,2015,266,15,35,39.0375,-76.88712039,T,0.11136,0.0798,0.0162,0,20152661535
55,2015266,1710,2015,266,17,10,NA,NA,A,NA,NA,NA,NA,20152661710
56,2015266,1850,2015,266,18,50,NA,NA,A,NA,NA,NA,NA,20152661850
57,2015267,1440,2015,267,14,40,NA,NA,T,NA,NA,NA,NA,20152671440
58,2015267,1615,2015,267,16,15,NA,NA,T,NA,NA,NA,NA,20152671615
59,2015267,1755,2015,267,17,55,NA,NA,A,NA,NA,NA,NA,20152671755
60,2015268,1520,2015,268,15,20,NA,NA,T,NA,NA,NA,NA,20152681520
61,2015268,1655,2015,268,16,55,NA,NA,T,NA,NA,NA,NA,20152681655
62,2015268,1700,2015,268,17,0,NA,NA,A,NA,NA,NA,NA,20152681700
63,2015268,1835,2015,268,18,35,NA,NA,A,NA,NA,NA,NA,20152681835
64,2015269,1425,2015,269,14,25,NA,NA,T,NA,NA,NA,NA,20152691425
65,2015269,1605,2015,269,16,5,NA,NA,T,NA,NA,NA,NA,20152691605
66,2015269,1740,2015,269,17,40,NA,NA,A,NA,NA,NA,NA,20152691740
67,2015270,1510,2015,270,15,10,NA,NA,T,NA,NA,NA,NA,20152701510
68,2015270,1645,2015,270,16,45,NA,NA,A,NA,NA,NA,NA,20152701645
69,2015270,1645,2015,270,16,45,NA,NA,T,NA,NA,NA,NA,20152701645
70,2015270,1825,2015,270,18,25,NA,NA,A,NA,NA,NA,NA,20152701825
71,2015271,1415,2015,271,14,15,NA,NA,T,NA,NA,NA,NA,20152711415
72,2015271,1550,2015,271,15,50,NA,NA,T,NA,NA,NA,NA,20152711550
73,2015271,1730,2015,271,17,30,NA,NA,A,NA,NA,NA,NA,20152711730
74,2015271,1905,2015,271,19,5,NA,NA,A,NA,NA,NA,NA,20152711905
75,2015272,1455,2015,272,14,55,NA,NA,T,NA,NA,NA,NA,20152721455
76,2015272,1635,2015,272,16,35,NA,NA,A,NA,NA,NA,NA,20152721635
77,2015272,1635,2015,272,16,35,NA,NA,T,NA,NA,NA,NA,20152721635
78,2015272,1810,2015,272,18,10,NA,NA,A,NA,NA,NA,NA,20152721810
79,2015273,1400,2015,273,14,0,NA,NA,T,NA,NA,NA,NA,20152731400
80,2015273,1540,2015,273,15,40,NA,NA,T,NA,NA,NA,NA,20152731540
81,2015273,1715,2015,273,17,15,NA,NA,A,NA,NA,NA,NA,20152731715
82,2015273,1855,2015,273,18,55,NA,NA,A,NA,NA,NA,NA,20152731855
83,2015274,1620,2015,274,16,20,NA,NA,A,NA,NA,NA,NA,20152741620
84,2015274,1800,2015,274,18,0,NA,NA,A,NA,NA,NA,NA,20152741800
85,2015275,1525,2015,275,15,25,NA,NA,T,NA,NA,NA,NA,20152751525
86,2015275,1700,2015,275,17,0,NA,NA,T,NA,NA,NA,NA,20152751700
87,2015275,1705,2015,275,17,5,NA,NA,A,NA,NA,NA,NA,20152751705
88,2015275,1840,2015,275,18,40,NA,NA,A,NA,NA,NA,NA,20152751840
1,2015276,1430,2015,276,14,30,NA,NA,T,NA,NA,NA,NA,20152761430
2,2015276,1610,2015,276,16,10,NA,NA,T,NA,NA,NA,NA,20152761610
3,2015276,1745,2015,276,17,45,NA,NA,A,NA,NA,NA,NA,20152761745
4,2015277,1515,2015,277,15,15,NA,NA,T,NA,NA,NA,NA,20152771515
5,2015277,1650,2015,277,16,50,NA,NA,A,NA,NA,NA,NA,20152771650
6,2015277,1650,2015,277,16,50,NA,NA,T,NA,NA,NA,NA,20152771650
7,2015277,1830,2015,277,18,30,NA,NA,A,NA,NA,NA,NA,20152771830
8,2015278,1420,2015,278,14,20,NA,NA,T,NA,NA,NA,NA,20152781420
9,2015278,1600,2015,278,16,0,NA,NA,T,NA,NA,NA,NA,20152781600
10,2015278,1735,2015,278,17,35,39.0375,-76.88712039,A,0.1335,0.096,0.0085,0,20152781735
11,2015278,1915,2015,278,19,15,NA,NA,A,NA,NA,NA,NA,20152781915
12,2015279,1505,2015,279,15,5,NA,NA,T,NA,NA,NA,NA,20152791505
13,2015279,1640,2015,279,16,40,NA,NA,A,NA,NA,NA,NA,20152791640
14,2015279,1640,2015,279,16,40,39.0375,-76.88712039,T,0.01475,0.01037,0.0107,0,20152791640
15,2015279,1820,2015,279,18,20,39.0375,-76.88712039,A,0.09281,0.06644,0.0239,0,20152791820
16,2015280,1405,2015,280,14,5,NA,NA,T,NA,NA,NA,NA,20152801405
17,2015280,1545,2015,280,15,45,NA,NA,T,NA,NA,NA,NA,20152801545
18,2015280,1725,2015,280,17,25,NA,NA,A,NA,NA,NA,NA,20152801725
19,2015280,1900,2015,280,19,0,NA,NA,A,NA,NA,NA,NA,20152801900
20,2015281,1450,2015,281,14,50,NA,NA,T,NA,NA,NA,NA,20152811450
21,2015281,1625,2015,281,16,25,NA,NA,A,NA,NA,NA,NA,20152811625
22,2015281,1625,2015,281,16,25,39.0375,-76.88712039,T,0.22654,0.16324,0.015,0,20152811625
23,2015281,1805,2015,281,18,5,NA,NA,A,NA,NA,NA,NA,20152811805
24,2015282,1355,2015,282,13,55,NA,NA,T,NA,NA,NA,NA,20152821355
25,2015282,1535,2015,282,15,35,39.0375,-76.79056222,T,0.265,0.191,0.0128,0,20152821535
26,2015282,1710,2015,282,17,10,NA,NA,A,NA,NA,NA,NA,20152821710
27,2015282,1850,2015,282,18,50,NA,NA,A,NA,NA,NA,NA,20152821850
28,2015283,1440,2015,283,14,40,NA,NA,T,NA,NA,NA,NA,20152831440
29,2015283,1615,2015,283,16,15,39.0375,-76.79056222,T,0.15125,0.10825,0.02,0,20152831615
30,2015283,1755,2015,283,17,55,39.0375,-76.88712039,A,0.03949,0.0282,0.0142,0,20152831755
31,2015284,1520,2015,284,15,20,NA,NA,T,NA,NA,NA,NA,20152841520
32,2015284,1655,2015,284,16,55,39.0375,-76.88712039,T,0.01634,0.01152,0.0058,0,20152841655
33,2015284,1700,2015,284,17,0,NA,NA,A,NA,NA,NA,NA,20152841700
34,2015284,1835,2015,284,18,35,39.0375,-76.88712039,A,0.03498,0.02497,0.0155,0,20152841835
35,2015285,1425,2015,285,14,25,NA,NA,T,NA,NA,NA,NA,20152851425
36,2015285,1605,2015,285,16,5,39.0375,-76.88712039,T,0.10629,0.07617,0.0238,0,20152851605
37,2015285,1740,2015,285,17,40,39.0375,-76.88712039,A,0.03319,0.02366,0.0092,0,20152851740
38,2015286,1510,2015,286,15,10,NA,NA,T,NA,NA,NA,NA,20152861510
39,2015286,1645,2015,286,16,45,NA,NA,A,NA,NA,NA,NA,20152861645
40,2015286,1645,2015,286,16,45,39.0375,-76.88712039,T,0.07621,0.0545,0.0081,0,20152861645
41,2015286,1825,2015,286,18,25,39.0375,-76.8763917,A,0.24467,0.17633,0.0203,0,20152861825
42,2015287,1415,2015,287,14,15,NA,NA,T,NA,NA,NA,NA,20152871415
43,2015287,1550,2015,287,15,50,NA,NA,T,NA,NA,NA,NA,20152871550
44,2015287,1730,2015,287,17,30,NA,NA,A,NA,NA,NA,NA,20152871730
45,2015287,1905,2015,287,19,5,NA,NA,A,NA,NA,NA,NA,20152871905
46,2015288,1455,2015,288,14,55,NA,NA,T,NA,NA,NA,NA,20152881455
47,2015288,1635,2015,288,16,35,NA,NA,A,NA,NA,NA,NA,20152881635
48,2015288,1635,2015,288,16,35,39.0375,-76.88712039,T,0.0714,0.05104,0.0113,0,20152881635
49,2015288,1810,2015,288,18,10,39.0375,-76.88712039,A,0.09288,0.06667,0.0215,0,20152881810
50,2015289,1400,2015,289,14,0,NA,NA,T,NA,NA,NA,NA,20152891400
51,2015289,1540,2015,289,15,40,39.0375,-76.88712039,T,0.09664,0.06923,0.0154,0,20152891540
52,2015289,1715,2015,289,17,15,NA,NA,A,NA,NA,NA,NA,20152891715
53,2015289,1855,2015,289,18,55,38.99583333,-76.89544044,A,0.118,0.08467,0.0091,0,20152891855
54,2015290,1445,2015,290,14,45,NA,NA,T,NA,NA,NA,NA,20152901445
55,2015290,1620,2015,290,16,20,NA,NA,A,NA,NA,NA,NA,20152901620
56,2015290,1620,2015,290,16,20,NA,NA,T,NA,NA,NA,NA,20152901620
57,2015290,1800,2015,290,18,0,NA,NA,A,NA,NA,NA,NA,20152901800
58,2015291,1525,2015,291,15,25,38.9625,-76.89140138,T,0.18633,0.13333,0.011,0,20152911525
59,2015291,1705,2015,291,17,5,NA,NA,A,NA,NA,NA,NA,20152911705
60,2015291,1705,2015,291,17,5,NA,NA,T,NA,NA,NA,NA,20152911705
61,2015291,1840,2015,291,18,40,NA,NA,A,NA,NA,NA,NA,20152911840
62,2015292,1430,2015,292,14,30,NA,NA,T,NA,NA,NA,NA,20152921430
63,2015292,1610,2015,292,16,10,39.0375,-76.88712039,T,0.06686,0.0478,0.0217,0,20152921610
64,2015292,1745,2015,292,17,45,39.0375,-76.88712039,A,0.0488,0.03481,0.0105,0,20152921745
65,2015293,1515,2015,293,15,15,39.0375,-76.88712039,T,0.15336,0.11004,0.0074,0,20152931515
66,2015293,1650,2015,293,16,50,NA,NA,A,NA,NA,NA,NA,20152931650
67,2015293,1650,2015,293,16,50,39.0375,-76.88712039,T,0.12568,0.09018,0.0063,0,20152931650
68,2015293,1830,2015,293,18,30,NA,NA,A,NA,NA,NA,NA,20152931830
69,2015294,1420,2015,294,14,20,NA,NA,T,NA,NA,NA,NA,20152941420
70,2015294,1600,2015,294,16,0,39.0375,-76.88712039,T,0.15361,0.11022,0.0218,0,20152941600
71,2015294,1735,2015,294,17,35,39.0375,-76.88712039,A,0.06808,0.04868,0.007,0,20152941735
72,2015294,1915,2015,294,19,15,NA,NA,A,NA,NA,NA,NA,20152941915
73,2015295,1505,2015,295,15,5,NA,NA,T,NA,NA,NA,NA,20152951505
74,2015295,1640,2015,295,16,40,NA,NA,A,NA,NA,NA,NA,20152951640
75,2015295,1640,2015,295,16,40,NA,NA,T,NA,NA,NA,NA,20152951640
76,2015295,1820,2015,295,18,20,NA,NA,A,NA,NA,NA,NA,20152951820
77,2015296,1405,2015,296,14,5,NA,NA,T,NA,NA,NA,NA,20152961405
78,2015296,1545,2015,296,15,45,39.0375,-76.88712039,T,0.10066,0.07219,0.0173,0,20152961545
79,2015296,1725,2015,296,17,25,39.0375,-76.88712039,A,0.04131,0.02947,0.0048,0,20152961725
80,2015296,1900,2015,296,19,0,39.0375,-76.88712039,A,0.01678,0.01194,0.0068,0,20152961900
81,2015297,1450,2015,297,14,50,NA,NA,T,NA,NA,NA,NA,20152971450
82,2015297,1625,2015,297,16,25,NA,NA,A,NA,NA,NA,NA,20152971625
83,2015297,1630,2015,297,16,30,NA,NA,T,NA,NA,NA,NA,20152971630
84,2015297,1805,2015,297,18,5,NA,NA,A,NA,NA,NA,NA,20152971805
85,2015298,1355,2015,298,13,55,NA,NA,T,NA,NA,NA,NA,20152981355
86,2015298,1535,2015,298,15,35,NA,NA,T,NA,NA,NA,NA,20152981535
87,2015298,1710,2015,298,17,10,NA,NA,A,NA,NA,NA,NA,20152981710
88,2015298,1850,2015,298,18,50,NA,NA,A,NA,NA,NA,NA,20152981850
89,2015299,1440,2015,299,14,40,NA,NA,T,NA,NA,NA,NA,20152991440
90,2015299,1615,2015,299,16,15,NA,NA,T,NA,NA,NA,NA,20152991615
91,2015299,1755,2015,299,17,55,NA,NA,A,NA,NA,NA,NA,20152991755
92,2015300,1520,2015,300,15,20,NA,NA,T,NA,NA,NA,NA,20153001520
93,2015300,1655,2015,300,16,55,NA,NA,T,NA,NA,NA,NA,20153001655
94,2015300,1700,2015,300,17,0,NA,NA,A,NA,NA,NA,NA,20153001700
95,2015300,1835,2015,300,18,35,NA,NA,A,NA,NA,NA,NA,20153001835
96,2015301,1740,2015,301,17,40,NA,NA,A,NA,NA,NA,NA,20153011740
97,2015302,1510,2015,302,15,10,NA,NA,T,NA,NA,NA,NA,20153021510
98,2015302,1645,2015,302,16,45,NA,NA,A,NA,NA,NA,NA,20153021645
99,2015302,1645,2015,302,16,45,NA,NA,T,NA,NA,NA,NA,20153021645
100,2015302,1825,2015,302,18,25,NA,NA,A,NA,NA,NA,NA,20153021825
101,2015303,1415,2015,303,14,15,NA,NA,T,NA,NA,NA,NA,20153031415
102,2015303,1550,2015,303,15,50,39.0375,-76.88712039,T,0.07108,0.05086,0.0185,0,20153031550
103,2015303,1730,2015,303,17,30,NA,NA,A,NA,NA,NA,NA,20153031730
104,2015303,1905,2015,303,19,5,NA,NA,A,NA,NA,NA,NA,20153031905
105,2015304,1455,2015,304,14,55,NA,NA,T,NA,NA,NA,NA,20153041455
106,2015304,1635,2015,304,16,35,NA,NA,A,NA,NA,NA,NA,20153041635
107,2015304,1635,2015,304,16,35,NA,NA,T,NA,NA,NA,NA,20153041635
108,2015304,1810,2015,304,18,10,39.0375,-76.88712039,A,0.13747,0.09873,0.0187,0,20153041810
109,2015305,1400,2015,305,14,0,NA,NA,T,NA,NA,NA,NA,20153051400
110,2015305,1540,2015,305,15,40,NA,NA,T,NA,NA,NA,NA,20153051540
111,2015305,1715,2015,305,17,15,NA,NA,A,NA,NA,NA,NA,20153051715
112,2015305,1855,2015,305,18,55,NA,NA,A,NA,NA,NA,NA,20153051855
113,2015306,1445,2015,306,14,45,NA,NA,T,NA,NA,NA,NA,20153061445
114,2015306,1620,2015,306,16,20,NA,NA,A,NA,NA,NA,NA,20153061620
115,2015306,1620,2015,306,16,20,NA,NA,T,NA,NA,NA,NA,20153061620
116,2015306,1800,2015,306,18,0,NA,NA,A,NA,NA,NA,NA,20153061800
117,2015307,1525,2015,307,15,25,39.0375,-76.88712039,T,0.04449,0.03177,0.009,0,20153071525
118,2015307,1705,2015,307,17,5,NA,NA,A,NA,NA,NA,NA,20153071705
119,2015307,1705,2015,307,17,5,NA,NA,T,NA,NA,NA,NA,20153071705
120,2015307,1840,2015,307,18,40,39.0375,-76.88712039,A,0.00438,0.00299,0.0105,0,20153071840
121,2015308,1430,2015,308,14,30,NA,NA,T,NA,NA,NA,NA,20153081430
122,2015308,1610,2015,308,16,10,39.0375,-76.88712039,T,0.052,0.03715,0.0193,0,20153081610
123,2015308,1745,2015,308,17,45,39.0375,-76.88712039,A,0.03146,0.02242,0.0089,0,20153081745
124,2015309,1515,2015,309,15,15,NA,NA,T,NA,NA,NA,NA,20153091515
125,2015309,1650,2015,309,16,50,NA,NA,A,NA,NA,NA,NA,20153091650
126,2015309,1650,2015,309,16,50,NA,NA,T,NA,NA,NA,NA,20153091650
127,2015309,1830,2015,309,18,30,NA,NA,A,NA,NA,NA,NA,20153091830
128,2015310,1420,2015,310,14,20,NA,NA,T,NA,NA,NA,NA,20153101420
129,2015310,1600,2015,310,16,0,NA,NA,T,NA,NA,NA,NA,20153101600
130,2015310,1735,2015,310,17,35,39.0375,-76.88712039,A,0.14806,0.10624,0.0057,0,20153101735
131,2015310,1915,2015,310,19,15,NA,NA,A,NA,NA,NA,NA,20153101915
132,2015311,1505,2015,311,15,5,NA,NA,T,NA,NA,NA,NA,20153111505
133,2015311,1640,2015,311,16,40,NA,NA,A,NA,NA,NA,NA,20153111640
134,2015311,1640,2015,311,16,40,NA,NA,T,NA,NA,NA,NA,20153111640
135,2015311,1820,2015,311,18,20,NA,NA,A,NA,NA,NA,NA,20153111820
136,2015312,1405,2015,312,14,5,NA,NA,T,NA,NA,NA,NA,20153121405
137,2015312,1545,2015,312,15,45,38.9625,-76.89140138,T,0.11067,0.07933,0.0147,0,20153121545
138,2015312,1725,2015,312,17,25,39.0375,-76.88712039,A,0.02367,0.01685,0.004,0,20153121725
139,2015312,1900,2015,312,19,0,39.0375,-76.88712039,A,0.02819,0.02011,0.0058,0,20153121900
140,2015313,1450,2015,313,14,50,NA,NA,T,NA,NA,NA,NA,20153131450
141,2015313,1625,2015,313,16,25,NA,NA,A,NA,NA,NA,NA,20153131625
142,2015313,1630,2015,313,16,30,NA,NA,T,NA,NA,NA,NA,20153131630
143,2015313,1805,2015,313,18,5,NA,NA,A,NA,NA,NA,NA,20153131805
144,2015314,1355,2015,314,13,55,NA,NA,T,NA,NA,NA,NA,20153141355
145,2015314,1535,2015,314,15,35,NA,NA,T,NA,NA,NA,NA,20153141535
146,2015314,1710,2015,314,17,10,NA,NA,A,NA,NA,NA,NA,20153141710
147,2015314,1850,2015,314,18,50,NA,NA,A,NA,NA,NA,NA,20153141850
148,2015315,1440,2015,315,14,40,NA,NA,T,NA,NA,NA,NA,20153151440
149,2015315,1615,2015,315,16,15,NA,NA,T,NA,NA,NA,NA,20153151615
150,2015315,1755,2015,315,17,55,38.97916666,-76.83445806,A,0.094,0.067,0.0101,0,20153151755
151,2015316,1520,2015,316,15,20,NA,NA,T,NA,NA,NA,NA,20153161520
152,2015316,1655,2015,316,16,55,NA,NA,T,NA,NA,NA,NA,20153161655
153,2015316,1700,2015,316,17,0,NA,NA,A,NA,NA,NA,NA,20153161700
154,2015316,1835,2015,316,18,35,NA,NA,A,NA,NA,NA,NA,20153161835
155,2015317,1425,2015,317,14,25,NA,NA,T,NA,NA,NA,NA,20153171425
156,2015317,1605,2015,317,16,5,39.0375,-76.88712039,T,0.10894,0.07807,0.0185,0,20153171605
157,2015317,1740,2015,317,17,40,39.0375,-76.88712039,A,0.05502,0.03932,0.0064,0,20153171740
158,2015318,1510,2015,318,15,10,NA,NA,T,NA,NA,NA,NA,20153181510
159,2015318,1645,2015,318,16,45,NA,NA,A,NA,NA,NA,NA,20153181645
160,2015318,1645,2015,318,16,45,NA,NA,T,NA,NA,NA,NA,20153181645
161,2015318,1825,2015,318,18,25,39.0375,-76.88712039,A,0.06215,0.04442,0.0159,0,20153181825
162,2015319,1415,2015,319,14,15,NA,NA,T,NA,NA,NA,NA,20153191415
163,2015319,1550,2015,319,15,50,39.0375,-76.88712039,T,0.09425,0.06747,0.0165,0,20153191550
164,2015319,1730,2015,319,17,30,39.0375,-76.88712039,A,0.04263,0.03044,0.0043,0,20153191730
165,2015319,1905,2015,319,19,5,39.0375,-76.88712039,A,0.02059,0.01465,0.0047,0,20153191905
166,2015320,1455,2015,320,14,55,NA,NA,T,NA,NA,NA,NA,20153201455
167,2015320,1635,2015,320,16,35,NA,NA,A,NA,NA,NA,NA,20153201635
168,2015320,1635,2015,320,16,35,39.0375,-76.88712039,T,0.02129,0.01509,0.0081,0,20153201635
169,2015320,1810,2015,320,18,10,39.0375,-76.88712039,A,0.029,0.02065,0.0162,0,20153201810
170,2015321,1400,2015,321,14,0,NA,NA,T,NA,NA,NA,NA,20153211400
171,2015321,1540,2015,321,15,40,39.0375,-76.88712039,T,0.14156,0.10148,0.0117,0,20153211540
172,2015321,1715,2015,321,17,15,NA,NA,A,NA,NA,NA,NA,20153211715
173,2015321,1855,2015,321,18,55,NA,NA,A,NA,NA,NA,NA,20153211855
174,2015322,1445,2015,322,14,45,NA,NA,T,NA,NA,NA,NA,20153221445
175,2015322,1620,2015,322,16,20,NA,NA,A,NA,NA,NA,NA,20153221620
176,2015322,1620,2015,322,16,20,NA,NA,T,NA,NA,NA,NA,20153221620
177,2015322,1800,2015,322,18,0,NA,NA,A,NA,NA,NA,NA,20153221800
178,2015323,1525,2015,323,15,25,NA,NA,T,NA,NA,NA,NA,20153231525
179,2015323,1705,2015,323,17,5,NA,NA,A,NA,NA,NA,NA,20153231705
180,2015323,1705,2015,323,17,5,NA,NA,T,NA,NA,NA,NA,20153231705
181,2015323,1840,2015,323,18,40,NA,NA,A,NA,NA,NA,NA,20153231840
182,2015324,1430,2015,324,14,30,NA,NA,T,NA,NA,NA,NA,20153241430
183,2015324,1610,2015,324,16,10,39.0375,-76.88712039,T,0.04912,0.03509,0.0158,0,20153241610
184,2015324,1745,2015,324,17,45,39.0375,-76.88712039,A,0.01579,0.01115,0.0073,0,20153241745
185,2015325,1515,2015,325,15,15,39.0375,-76.88712039,T,0.08314,0.05943,0.0054,0,20153251515
186,2015325,1650,2015,325,16,50,NA,NA,A,NA,NA,NA,NA,20153251650
187,2015325,1650,2015,325,16,50,NA,NA,T,NA,NA,NA,NA,20153251650
188,2015325,1830,2015,325,18,30,NA,NA,A,NA,NA,NA,NA,20153251830
189,2015326,1420,2015,326,14,20,NA,NA,T,NA,NA,NA,NA,20153261420
190,2015326,1600,2015,326,16,0,NA,NA,T,NA,NA,NA,NA,20153261600
191,2015326,1735,2015,326,17,35,NA,NA,A,NA,NA,NA,NA,20153261735
192,2015326,1915,2015,326,19,15,NA,NA,A,NA,NA,NA,NA,20153261915
193,2015327,1505,2015,327,15,5,NA,NA,T,NA,NA,NA,NA,20153271505
194,2015327,1640,2015,327,16,40,NA,NA,A,NA,NA,NA,NA,20153271640
195,2015327,1640,2015,327,16,40,39.0375,-76.88712039,T,0.04671,0.03339,0.0061,0,20153271640
196,2015327,1820,2015,327,18,20,39.0375,-76.88712039,A,0.08232,0.0589,0.0148,0,20153271820
197,2015328,1405,2015,328,14,5,NA,NA,T,NA,NA,NA,NA,20153281405
198,2015328,1545,2015,328,15,45,39.0375,-76.88712039,T,0.11858,0.08504,0.013,0,20153281545
199,2015328,1725,2015,328,17,25,39.0375,-76.88712039,A,0.0996,0.07129,0.0035,0,20153281725
200,2015328,1900,2015,328,19,0,NA,NA,A,NA,NA,NA,NA,20153281900
201,2015329,1450,2015,329,14,50,NA,NA,T,NA,NA,NA,NA,20153291450
202,2015329,1625,2015,329,16,25,NA,NA,A,NA,NA,NA,NA,20153291625
203,2015329,1630,2015,329,16,30,39.0375,-76.88712039,T,0.07925,0.05671,0.0089,0,20153291630
204,2015329,1805,2015,329,18,5,39.0375,-76.88712039,A,0.09179,0.06575,0.0131,0,20153291805
205,2015330,1355,2015,330,13,55,NA,NA,T,NA,NA,NA,NA,20153301355
206,2015330,1535,2015,330,15,35,39.0375,-76.88712039,T,0.10819,0.07752,0.009,0,20153301535
207,2015330,1710,2015,330,17,10,NA,NA,A,NA,NA,NA,NA,20153301710
208,2015330,1850,2015,330,18,50,39.0375,-76.88712039,A,0.05791,0.04139,0.0075,0,20153301850
209,2015331,1440,2015,331,14,40,NA,NA,T,NA,NA,NA,NA,20153311440
210,2015331,1615,2015,331,16,15,38.9625,-76.89140138,T,0.16033,0.11533,0.0134,0,20153311615
211,2015331,1755,2015,331,17,55,NA,NA,A,NA,NA,NA,NA,20153311755
212,2015332,1520,2015,332,15,20,NA,NA,T,NA,NA,NA,NA,20153321520
213,2015332,1655,2015,332,16,55,NA,NA,T,NA,NA,NA,NA,20153321655
214,2015332,1700,2015,332,17,0,NA,NA,A,NA,NA,NA,NA,20153321700
215,2015332,1835,2015,332,18,35,NA,NA,A,NA,NA,NA,NA,20153321835
216,2015333,1425,2015,333,14,25,NA,NA,T,NA,NA,NA,NA,20153331425
217,2015333,1605,2015,333,16,5,NA,NA,T,NA,NA,NA,NA,20153331605
218,2015333,1740,2015,333,17,40,NA,NA,A,NA,NA,NA,NA,20153331740
219,2015334,1510,2015,334,15,10,NA,NA,T,NA,NA,NA,NA,20153341510
220,2015334,1645,2015,334,16,45,NA,NA,A,NA,NA,NA,NA,20153341645
221,2015334,1645,2015,334,16,45,NA,NA,T,NA,NA,NA,NA,20153341645
222,2015334,1825,2015,334,18,25,NA,NA,A,NA,NA,NA,NA,20153341825
223,2015335,1415,2015,335,14,15,NA,NA,T,NA,NA,NA,NA,20153351415
224,2015335,1550,2015,335,15,50,NA,NA,T,NA,NA,NA,NA,20153351550
225,2015335,1730,2015,335,17,30,NA,NA,A,NA,NA,NA,NA,20153351730
226,2015335,1905,2015,335,19,5,NA,NA,A,NA,NA,NA,NA,20153351905
227,2015336,1455,2015,336,14,55,NA,NA,T,NA,NA,NA,NA,20153361455
228,2015336,1635,2015,336,16,35,NA,NA,A,NA,NA,NA,NA,20153361635
229,2015336,1635,2015,336,16,35,NA,NA,T,NA,NA,NA,NA,20153361635
230,2015336,1810,2015,336,18,10,NA,NA,A,NA,NA,NA,NA,20153361810
231,2015337,1400,2015,337,14,0,NA,NA,T,NA,NA,NA,NA,20153371400
232,2015337,1540,2015,337,15,40,39.0375,-76.88712039,T,0.07705,0.05512,0.0104,0,20153371540
233,2015337,1715,2015,337,17,15,NA,NA,A,NA,NA,NA,NA,20153371715
234,2015337,1855,2015,337,18,55,39.0375,-76.88712039,A,0.09222,0.06611,0.0061,0,20153371855
235,2015338,1445,2015,338,14,45,NA,NA,T,NA,NA,NA,NA,20153381445
236,2015338,1620,2015,338,16,20,NA,NA,A,NA,NA,NA,NA,20153381620
237,2015338,1620,2015,338,16,20,39.0375,-76.88712039,T,0.08854,0.06336,0.0103,0,20153381620
238,2015338,1800,2015,338,18,0,39.0375,-76.88712039,A,0.07525,0.05381,0.0104,0,20153381800
239,2015339,1525,2015,339,15,25,39.0375,-76.88712039,T,0.11872,0.08515,0.0072,0,20153391525
240,2015339,1705,2015,339,17,5,NA,NA,A,NA,NA,NA,NA,20153391705
241,2015339,1705,2015,339,17,5,NA,NA,T,NA,NA,NA,NA,20153391705
242,2015339,1840,2015,339,18,40,39.0375,-76.88712039,A,0.08553,0.06119,0.0088,0,20153391840
243,2015340,1430,2015,340,14,30,NA,NA,T,NA,NA,NA,NA,20153401430
244,2015340,1610,2015,340,16,10,39.0375,-76.88712039,T,0.10902,0.07815,0.0144,0,20153401610
245,2015340,1745,2015,340,17,45,39.02916666,-76.88878193,A,0.10732,0.077,0.0067,0,20153401745
246,2015341,1515,2015,341,15,15,39.0375,-76.88712039,T,0.08461,0.06047,0.005,0,20153411515
247,2015341,1650,2015,341,16,50,NA,NA,A,NA,NA,NA,NA,20153411650
248,2015341,1650,2015,341,16,50,39.0375,-76.88712039,T,0.04047,0.02887,0.0039,0,20153411650
249,2015341,1830,2015,341,18,30,39.0375,-76.85493433,A,0.0468,0.0334,0.0117,0,20153411830
250,2015342,1420,2015,342,14,20,NA,NA,T,NA,NA,NA,NA,20153421420
251,2015342,1600,2015,342,16,0,39.0375,-76.88712039,T,0.18184,0.13048,0.0149,0,20153421600
252,2015342,1735,2015,342,17,35,NA,NA,A,NA,NA,NA,NA,20153421735
253,2015342,1915,2015,342,19,15,NA,NA,A,NA,NA,NA,NA,20153421915
254,2015343,1505,2015,343,15,5,NA,NA,T,NA,NA,NA,NA,20153431505
255,2015343,1640,2015,343,16,40,NA,NA,A,NA,NA,NA,NA,20153431640
256,2015343,1640,2015,343,16,40,NA,NA,T,NA,NA,NA,NA,20153431640
257,2015343,1820,2015,343,18,20,NA,NA,A,NA,NA,NA,NA,20153431820
258,2015344,1405,2015,344,14,5,NA,NA,T,NA,NA,NA,NA,20153441405
259,2015344,1545,2015,344,15,45,39.0375,-76.88712039,T,0.15737,0.11291,0.0119,0,20153441545
260,2015344,1725,2015,344,17,25,NA,NA,A,NA,NA,NA,NA,20153441725
261,2015344,1900,2015,344,19,0,NA,NA,A,NA,NA,NA,NA,20153441900
262,2015345,1450,2015,345,14,50,NA,NA,T,NA,NA,NA,NA,20153451450
263,2015345,1625,2015,345,16,25,NA,NA,A,NA,NA,NA,NA,20153451625
264,2015345,1625,2015,345,16,25,NA,NA,T,NA,NA,NA,NA,20153451625
265,2015345,1805,2015,345,18,5,NA,NA,A,NA,NA,NA,NA,20153451805
266,2015346,1355,2015,346,13,55,NA,NA,T,NA,NA,NA,NA,20153461355
267,2015346,1535,2015,346,15,35,NA,NA,T,NA,NA,NA,NA,20153461535
268,2015346,1710,2015,346,17,10,NA,NA,A,NA,NA,NA,NA,20153461710
269,2015346,1850,2015,346,18,50,NA,NA,A,NA,NA,NA,NA,20153461850
270,2015347,1440,2015,347,14,40,NA,NA,T,NA,NA,NA,NA,20153471440
271,2015347,1615,2015,347,16,15,NA,NA,T,NA,NA,NA,NA,20153471615
272,2015347,1755,2015,347,17,55,NA,NA,A,NA,NA,NA,NA,20153471755
273,2015348,1520,2015,348,15,20,NA,NA,T,NA,NA,NA,NA,20153481520
274,2015348,1655,2015,348,16,55,NA,NA,T,NA,NA,NA,NA,20153481655
275,2015348,1700,2015,348,17,0,NA,NA,A,NA,NA,NA,NA,20153481700
276,2015348,1835,2015,348,18,35,NA,NA,A,NA,NA,NA,NA,20153481835
277,2015349,1425,2015,349,14,25,NA,NA,T,NA,NA,NA,NA,20153491425
278,2015349,1605,2015,349,16,5,NA,NA,T,NA,NA,NA,NA,20153491605
279,2015349,1740,2015,349,17,40,39.02083333,-76.83681393,A,0.072,0.051,0.0054,0,20153491740
280,2015350,1510,2015,350,15,10,NA,NA,T,NA,NA,NA,NA,20153501510
281,2015350,1645,2015,350,16,45,NA,NA,A,NA,NA,NA,NA,20153501645
282,2015350,1645,2015,350,16,45,38.95416666,-76.88235923,T,0.076,0.0542,0.0045,0,20153501645
283,2015350,1825,2015,350,18,25,NA,NA,A,NA,NA,NA,NA,20153501825
284,2015351,1415,2015,351,14,15,NA,NA,T,NA,NA,NA,NA,20153511415
285,2015351,1730,2015,351,17,30,NA,NA,A,NA,NA,NA,NA,20153511730
286,2015351,1905,2015,351,19,5,NA,NA,A,NA,NA,NA,NA,20153511905
287,2015352,1455,2015,352,14,55,NA,NA,T,NA,NA,NA,NA,20153521455
288,2015352,1635,2015,352,16,35,NA,NA,A,NA,NA,NA,NA,20153521635
289,2015352,1635,2015,352,16,35,NA,NA,T,NA,NA,NA,NA,20153521635
290,2015352,1810,2015,352,18,10,NA,NA,A,NA,NA,NA,NA,20153521810
291,2015353,1400,2015,353,14,0,NA,NA,T,NA,NA,NA,NA,20153531400
292,2015353,1540,2015,353,15,40,39.0375,-76.79056222,T,0.124,0.089,0.0092,0,20153531540
293,2015353,1715,2015,353,17,15,NA,NA,A,NA,NA,NA,NA,20153531715
294,2015353,1855,2015,353,18,55,39.02083333,-76.89044471,A,0.0853,0.06113,0.0057,0,20153531855
295,2015354,1445,2015,354,14,45,NA,NA,T,NA,NA,NA,NA,20153541445
296,2015354,1620,2015,354,16,20,NA,NA,A,NA,NA,NA,NA,20153541620
297,2015354,1620,2015,354,16,20,39.0375,-76.88712039,T,0.05337,0.03814,0.0096,0,20153541620
298,2015354,1800,2015,354,18,0,39.0375,-76.88712039,A,0.04623,0.03301,0.0103,0,20153541800
299,2015355,1525,2015,355,15,25,NA,NA,T,NA,NA,NA,NA,20153551525
300,2015355,1705,2015,355,17,5,NA,NA,A,NA,NA,NA,NA,20153551705
301,2015355,1705,2015,355,17,5,NA,NA,T,NA,NA,NA,NA,20153551705
302,2015355,1840,2015,355,18,40,NA,NA,A,NA,NA,NA,NA,20153551840
303,2015356,1430,2015,356,14,30,NA,NA,T,NA,NA,NA,NA,20153561430
304,2015356,1610,2015,356,16,10,NA,NA,T,NA,NA,NA,NA,20153561610
305,2015356,1745,2015,356,17,45,NA,NA,A,NA,NA,NA,NA,20153561745
306,2015357,1515,2015,357,15,15,NA,NA,T,NA,NA,NA,NA,20153571515
307,2015357,1650,2015,357,16,50,NA,NA,A,NA,NA,NA,NA,20153571650
308,2015357,1650,2015,357,16,50,NA,NA,T,NA,NA,NA,NA,20153571650
309,2015357,1830,2015,357,18,30,NA,NA,A,NA,NA,NA,NA,20153571830
310,2015358,1420,2015,358,14,20,NA,NA,T,NA,NA,NA,NA,20153581420
311,2015358,1600,2015,358,16,0,NA,NA,T,NA,NA,NA,NA,20153581600
312,2015358,1735,2015,358,17,35,NA,NA,A,NA,NA,NA,NA,20153581735
313,2015358,1915,2015,358,19,15,NA,NA,A,NA,NA,NA,NA,20153581915
314,2015359,1505,2015,359,15,5,NA,NA,T,NA,NA,NA,NA,20153591505
315,2015359,1640,2015,359,16,40,NA,NA,A,NA,NA,NA,NA,20153591640
316,2015359,1640,2015,359,16,40,NA,NA,T,NA,NA,NA,NA,20153591640
317,2015359,1820,2015,359,18,20,NA,NA,A,NA,NA,NA,NA,20153591820
318,2015360,1405,2015,360,14,5,NA,NA,T,NA,NA,NA,NA,20153601405
319,2015360,1545,2015,360,15,45,NA,NA,T,NA,NA,NA,NA,20153601545
320,2015360,1725,2015,360,17,25,NA,NA,A,NA,NA,NA,NA,20153601725
321,2015360,1900,2015,360,19,0,NA,NA,A,NA,NA,NA,NA,20153601900
322,2015361,1450,2015,361,14,50,NA,NA,T,NA,NA,NA,NA,20153611450
323,2015361,1625,2015,361,16,25,NA,NA,A,NA,NA,NA,NA,20153611625
324,2015361,1625,2015,361,16,25,NA,NA,T,NA,NA,NA,NA,20153611625
325,2015361,1805,2015,361,18,5,NA,NA,A,NA,NA,NA,NA,20153611805
326,2015362,1355,2015,362,13,55,NA,NA,T,NA,NA,NA,NA,20153621355
327,2015362,1535,2015,362,15,35,NA,NA,T,NA,NA,NA,NA,20153621535
328,2015362,1710,2015,362,17,10,NA,NA,A,NA,NA,NA,NA,20153621710
329,2015362,1850,2015,362,18,50,NA,NA,A,NA,NA,NA,NA,20153621850
330,2015363,1440,2015,363,14,40,NA,NA,T,NA,NA,NA,NA,20153631440
331,2015363,1615,2015,363,16,15,NA,NA,T,NA,NA,NA,NA,20153631615
332,2015363,1755,2015,363,17,55,NA,NA,A,NA,NA,NA,NA,20153631755
333,2015364,1520,2015,364,15,20,NA,NA,T,NA,NA,NA,NA,20153641520
334,2015364,1655,2015,364,16,55,NA,NA,T,NA,NA,NA,NA,20153641655
335,2015364,1700,2015,364,17,0,NA,NA,A,NA,NA,NA,NA,20153641700
336,2015364,1835,2015,364,18,35,NA,NA,A,NA,NA,NA,NA,20153641835
337,2015365,1425,2015,365,14,25,NA,NA,T,NA,NA,NA,NA,20153651425
338,2015365,1605,2015,365,16,5,NA,NA,T,NA,NA,NA,NA,20153651605
339,2015365,1740,2015,365,17,40,NA,NA,A,NA,NA,NA,NA,20153651740
1,2016001,1510,2016,1,15,10,NA,NA,T,NA,NA,NA,NA,20160011510
2,2016001,1645,2016,1,16,45,NA,NA,A,NA,NA,NA,NA,20160011645
3,2016001,1645,2016,1,16,45,NA,NA,T,NA,NA,NA,NA,20160011645
4,2016001,1825,2016,1,18,25,NA,NA,A,NA,NA,NA,NA,20160011825
5,2016002,1415,2016,2,14,15,NA,NA,T,NA,NA,NA,NA,20160021415
6,2016002,1550,2016,2,15,50,39.0375,-76.8763917,T,0.08969,0.06431,0.0131,0,20160021550
7,2016002,1730,2016,2,17,30,39.0375,-76.8763917,A,0.03569,0.02542,0.0042,0,20160021730
8,2016002,1905,2016,2,19,5,39.0375,-76.8763917,A,0.01578,0.01109,0.0044,0,20160021905
9,2016003,1455,2016,3,14,55,NA,NA,T,NA,NA,NA,NA,20160031455
10,2016003,1635,2016,3,16,35,NA,NA,A,NA,NA,NA,NA,20160031635
11,2016003,1635,2016,3,16,35,39.0375,-76.8763917,T,0.01435,0.01012,0.0063,0,20160031635
12,2016003,1810,2016,3,18,10,39.0375,-76.8763917,A,0.00892,0.00632,0.0143,0,20160031810
13,2016004,1400,2016,4,14,0,NA,NA,T,NA,NA,NA,NA,20160041400
14,2016004,1540,2016,4,15,40,NA,NA,T,NA,NA,NA,NA,20160041540
15,2016004,1715,2016,4,17,15,NA,NA,A,NA,NA,NA,NA,20160041715
16,2016004,1855,2016,4,18,55,38.9625,-76.88068406,A,0.06875,0.049,0.0065,0,20160041855
17,2016005,1445,2016,5,14,45,NA,NA,T,NA,NA,NA,NA,20160051445
18,2016005,1620,2016,5,16,20,NA,NA,A,NA,NA,NA,NA,20160051620
19,2016005,1620,2016,5,16,20,39.0375,-76.88712039,T,0.04335,0.03093,0.0097,0,20160051620
20,2016005,1800,2016,5,18,0,39.0375,-76.88712039,A,0.03155,0.02245,0.011,0,20160051800
21,2016006,1525,2016,6,15,25,39.0375,-76.88712039,T,0.05294,0.03788,0.0068,0,20160061525
22,2016006,1705,2016,6,17,5,NA,NA,A,NA,NA,NA,NA,20160061705
23,2016006,1705,2016,6,17,5,NA,NA,T,NA,NA,NA,NA,20160061705
24,2016006,1840,2016,6,18,40,39.0375,-76.88712039,A,0.0284,0.02022,0.009,0,20160061840
25,2016007,1430,2016,7,14,30,NA,NA,T,NA,NA,NA,NA,20160071430
26,2016007,1610,2016,7,16,10,NA,NA,T,NA,NA,NA,NA,20160071610
27,2016007,1745,2016,7,17,45,NA,NA,A,NA,NA,NA,NA,20160071745
28,2016008,1515,2016,8,15,15,NA,NA,T,NA,NA,NA,NA,20160081515
29,2016008,1650,2016,8,16,50,NA,NA,A,NA,NA,NA,NA,20160081650
30,2016008,1650,2016,8,16,50,NA,NA,T,NA,NA,NA,NA,20160081650
31,2016008,1830,2016,8,18,30,NA,NA,A,NA,NA,NA,NA,20160081830
32,2016009,1420,2016,9,14,20,NA,NA,T,NA,NA,NA,NA,20160091420
33,2016009,1600,2016,9,16,0,NA,NA,T,NA,NA,NA,NA,20160091600
34,2016009,1735,2016,9,17,35,NA,NA,A,NA,NA,NA,NA,20160091735
35,2016009,1915,2016,9,19,15,NA,NA,A,NA,NA,NA,NA,20160091915
36,2016010,1505,2016,10,15,5,NA,NA,T,NA,NA,NA,NA,20160101505
37,2016010,1640,2016,10,16,40,NA,NA,A,NA,NA,NA,NA,20160101640
38,2016010,1640,2016,10,16,40,NA,NA,T,NA,NA,NA,NA,20160101640
39,2016010,1820,2016,10,18,20,NA,NA,A,NA,NA,NA,NA,20160101820
40,2016011,1405,2016,11,14,5,NA,NA,T,NA,NA,NA,NA,20160111405
41,2016011,1545,2016,11,15,45,39.0375,-76.88712039,T,0.04828,0.03448,0.0121,0,20160111545
42,2016011,1725,2016,11,17,25,39.0375,-76.88712039,A,0.02286,0.01617,0.0038,0,20160111725
43,2016011,1900,2016,11,19,0,39.0375,-76.88712039,A,0.00858,0.00603,0.0054,0,20160111900
44,2016012,1450,2016,12,14,50,NA,NA,T,NA,NA,NA,NA,20160121450
45,2016012,1625,2016,12,16,25,NA,NA,A,NA,NA,NA,NA,20160121625
46,2016012,1630,2016,12,16,30,NA,NA,T,NA,NA,NA,NA,20160121630
47,2016012,1805,2016,12,18,5,NA,NA,A,NA,NA,NA,NA,20160121805
48,2016013,1355,2016,13,13,55,NA,NA,T,NA,NA,NA,NA,20160131355
49,2016013,1535,2016,13,15,35,39.0375,-76.88712039,T,0.0605,0.04325,0.0085,0,20160131535
50,2016013,1710,2016,13,17,10,NA,NA,A,NA,NA,NA,NA,20160131710
51,2016013,1850,2016,13,18,50,NA,NA,A,NA,NA,NA,NA,20160131850
52,2016014,1440,2016,14,14,40,NA,NA,T,NA,NA,NA,NA,20160141440
53,2016014,1615,2016,14,16,15,39.0375,-76.88712039,T,0.06633,0.04742,0.0122,0,20160141615
54,2016014,1755,2016,14,17,55,39.0375,-76.88712039,A,0.03435,0.02447,0.0096,0,20160141755
55,2016015,1520,2016,15,15,20,NA,NA,T,NA,NA,NA,NA,20160151520
56,2016015,1655,2016,15,16,55,NA,NA,T,NA,NA,NA,NA,20160151655
57,2016015,1700,2016,15,17,0,NA,NA,A,NA,NA,NA,NA,20160151700
58,2016015,1835,2016,15,18,35,NA,NA,A,NA,NA,NA,NA,20160151835
59,2016016,1425,2016,16,14,25,NA,NA,T,NA,NA,NA,NA,20160161425
60,2016016,1605,2016,16,16,5,39.0375,-76.82274828,T,0.2173,0.1566,0.0146,0,20160161605
61,2016016,1740,2016,16,17,40,NA,NA,A,NA,NA,NA,NA,20160161740
62,2016017,1510,2016,17,15,10,NA,NA,T,NA,NA,NA,NA,20160171510
63,2016017,1645,2016,17,16,45,NA,NA,A,NA,NA,NA,NA,20160171645
64,2016017,1645,2016,17,16,45,NA,NA,T,NA,NA,NA,NA,20160171645
65,2016017,1825,2016,17,18,25,NA,NA,A,NA,NA,NA,NA,20160171825
66,2016018,1415,2016,18,14,15,NA,NA,T,NA,NA,NA,NA,20160181415
67,2016018,1550,2016,18,15,50,39.0375,-76.88712039,T,0.08731,0.06249,0.0145,0,20160181550
68,2016018,1730,2016,18,17,30,39.0375,-76.88712039,A,0.04583,0.03281,0.0046,0,20160181730
69,2016018,1905,2016,18,19,5,39.0375,-76.82274828,A,0.08354,0.05988,0.0047,0,20160181905
70,2016019,1455,2016,19,14,55,NA,NA,T,NA,NA,NA,NA,20160191455
71,2016019,1635,2016,19,16,35,NA,NA,A,NA,NA,NA,NA,20160191635
72,2016019,1635,2016,19,16,35,39.0375,-76.88712039,T,0.045,0.0321,0.0068,0,20160191635
73,2016019,1810,2016,19,18,10,39.0375,-76.79056222,A,0.07496,0.0536,0.0154,0,20160191810
74,2016020,1400,2016,20,14,0,NA,NA,T,NA,NA,NA,NA,20160201400
75,2016020,1540,2016,20,15,40,NA,NA,T,NA,NA,NA,NA,20160201540
76,2016020,1715,2016,20,17,15,NA,NA,A,NA,NA,NA,NA,20160201715
77,2016020,1855,2016,20,18,55,NA,NA,A,NA,NA,NA,NA,20160201855
78,2016021,1445,2016,21,14,45,NA,NA,T,NA,NA,NA,NA,20160211445
79,2016021,1620,2016,21,16,20,NA,NA,A,NA,NA,NA,NA,20160211620
80,2016021,1620,2016,21,16,20,NA,NA,T,NA,NA,NA,NA,20160211620
81,2016021,1800,2016,21,18,0,NA,NA,A,NA,NA,NA,NA,20160211800
82,2016022,1525,2016,22,15,25,NA,NA,T,NA,NA,NA,NA,20160221525
83,2016022,1705,2016,22,17,5,NA,NA,A,NA,NA,NA,NA,20160221705
84,2016022,1705,2016,22,17,5,NA,NA,T,NA,NA,NA,NA,20160221705
85,2016022,1840,2016,22,18,40,NA,NA,A,NA,NA,NA,NA,20160221840
86,2016023,1430,2016,23,14,30,NA,NA,T,NA,NA,NA,NA,20160231430
87,2016023,1610,2016,23,16,10,NA,NA,T,NA,NA,NA,NA,20160231610
88,2016023,1745,2016,23,17,45,NA,NA,A,NA,NA,NA,NA,20160231745
89,2016024,1515,2016,24,15,15,NA,NA,T,NA,NA,NA,NA,20160241515
90,2016024,1650,2016,24,16,50,NA,NA,A,NA,NA,NA,NA,20160241650
91,2016024,1650,2016,24,16,50,NA,NA,T,NA,NA,NA,NA,20160241650
92,2016024,1830,2016,24,18,30,NA,NA,A,NA,NA,NA,NA,20160241830
93,2016025,1420,2016,25,14,20,NA,NA,T,NA,NA,NA,NA,20160251420
94,2016025,1600,2016,25,16,0,NA,NA,T,NA,NA,NA,NA,20160251600
95,2016025,1735,2016,25,17,35,NA,NA,A,NA,NA,NA,NA,20160251735
96,2016025,1915,2016,25,19,15,NA,NA,A,NA,NA,NA,NA,20160251915
97,2016026,1505,2016,26,15,5,NA,NA,T,NA,NA,NA,NA,20160261505
98,2016026,1640,2016,26,16,40,NA,NA,A,NA,NA,NA,NA,20160261640
99,2016026,1640,2016,26,16,40,NA,NA,T,NA,NA,NA,NA,20160261640
100,2016026,1820,2016,26,18,20,NA,NA,A,NA,NA,NA,NA,20160261820
101,2016027,1405,2016,27,14,5,NA,NA,T,NA,NA,NA,NA,20160271405
102,2016027,1545,2016,27,15,45,NA,NA,T,NA,NA,NA,NA,20160271545
103,2016027,1725,2016,27,17,25,NA,NA,A,NA,NA,NA,NA,20160271725
104,2016027,1900,2016,27,19,0,NA,NA,A,NA,NA,NA,NA,20160271900
105,2016028,1450,2016,28,14,50,NA,NA,T,NA,NA,NA,NA,20160281450
106,2016028,1625,2016,28,16,25,NA,NA,A,NA,NA,NA,NA,20160281625
107,2016028,1630,2016,28,16,30,NA,NA,T,NA,NA,NA,NA,20160281630
108,2016028,1805,2016,28,18,5,NA,NA,A,NA,NA,NA,NA,20160281805
109,2016029,1355,2016,29,13,55,NA,NA,T,NA,NA,NA,NA,20160291355
110,2016029,1535,2016,29,15,35,NA,NA,T,NA,NA,NA,NA,20160291535
111,2016029,1710,2016,29,17,10,NA,NA,A,NA,NA,NA,NA,20160291710
112,2016029,1850,2016,29,18,50,NA,NA,A,NA,NA,NA,NA,20160291850
113,2016030,1440,2016,30,14,40,NA,NA,T,NA,NA,NA,NA,20160301440
114,2016030,1615,2016,30,16,15,NA,NA,T,NA,NA,NA,NA,20160301615
115,2016030,1755,2016,30,17,55,NA,NA,A,NA,NA,NA,NA,20160301755
116,2016031,1520,2016,31,15,20,NA,NA,T,NA,NA,NA,NA,20160311520
117,2016031,1655,2016,31,16,55,NA,NA,T,NA,NA,NA,NA,20160311655
118,2016031,1700,2016,31,17,0,NA,NA,A,NA,NA,NA,NA,20160311700
119,2016031,1835,2016,31,18,35,NA,NA,A,NA,NA,NA,NA,20160311835
120,2016032,1425,2016,32,14,25,NA,NA,T,NA,NA,NA,NA,20160321425
121,2016032,1605,2016,32,16,5,NA,NA,T,NA,NA,NA,NA,20160321605
122,2016032,1740,2016,32,17,40,NA,NA,A,NA,NA,NA,NA,20160321740
123,2016033,1510,2016,33,15,10,NA,NA,T,NA,NA,NA,NA,20160331510
124,2016033,1645,2016,33,16,45,NA,NA,A,NA,NA,NA,NA,20160331645
125,2016033,1645,2016,33,16,45,NA,NA,T,NA,NA,NA,NA,20160331645
126,2016033,1825,2016,33,18,25,NA,NA,A,NA,NA,NA,NA,20160331825
127,2016034,1415,2016,34,14,15,NA,NA,T,NA,NA,NA,NA,20160341415
128,2016034,1550,2016,34,15,50,NA,NA,T,NA,NA,NA,NA,20160341550
129,2016034,1730,2016,34,17,30,NA,NA,A,NA,NA,NA,NA,20160341730
130,2016034,1905,2016,34,19,5,NA,NA,A,NA,NA,NA,NA,20160341905
131,2016035,1455,2016,35,14,55,NA,NA,T,NA,NA,NA,NA,20160351455
132,2016035,1635,2016,35,16,35,NA,NA,A,NA,NA,NA,NA,20160351635
133,2016035,1635,2016,35,16,35,NA,NA,T,NA,NA,NA,NA,20160351635
134,2016035,1810,2016,35,18,10,NA,NA,A,NA,NA,NA,NA,20160351810
135,2016036,1400,2016,36,14,0,NA,NA,T,NA,NA,NA,NA,20160361400
136,2016036,1540,2016,36,15,40,NA,NA,T,NA,NA,NA,NA,20160361540
137,2016036,1715,2016,36,17,15,NA,NA,A,NA,NA,NA,NA,20160361715
138,2016036,1855,2016,36,18,55,39.0375,-76.85493433,A,0.11948,0.08566,NA,0,20160361855
139,2016037,1445,2016,37,14,45,NA,NA,T,NA,NA,NA,NA,20160371445
140,2016037,1620,2016,37,16,20,NA,NA,A,NA,NA,NA,NA,20160371620
141,2016037,1620,2016,37,16,20,NA,NA,T,NA,NA,NA,NA,20160371620
142,2016037,1800,2016,37,18,0,NA,NA,A,NA,NA,NA,NA,20160371800
143,2016038,1525,2016,38,15,25,NA,NA,T,NA,NA,NA,NA,20160381525
144,2016038,1705,2016,38,17,5,NA,NA,A,NA,NA,NA,NA,20160381705
145,2016038,1705,2016,38,17,5,NA,NA,T,NA,NA,NA,NA,20160381705
146,2016038,1840,2016,38,18,40,NA,NA,A,NA,NA,NA,NA,20160381840
147,2016039,1430,2016,39,14,30,NA,NA,T,NA,NA,NA,NA,20160391430
148,2016039,1610,2016,39,16,10,NA,NA,T,NA,NA,NA,NA,20160391610
149,2016039,1745,2016,39,17,45,NA,NA,A,NA,NA,NA,NA,20160391745
150,2016040,1515,2016,40,15,15,NA,NA,T,NA,NA,NA,NA,20160401515
151,2016040,1650,2016,40,16,50,NA,NA,A,NA,NA,NA,NA,20160401650
152,2016040,1650,2016,40,16,50,NA,NA,T,NA,NA,NA,NA,20160401650
153,2016040,1830,2016,40,18,30,NA,NA,A,NA,NA,NA,NA,20160401830
154,2016041,1420,2016,41,14,20,NA,NA,T,NA,NA,NA,NA,20160411420
155,2016041,1600,2016,41,16,0,NA,NA,T,NA,NA,NA,NA,20160411600
156,2016041,1735,2016,41,17,35,39.02916666,-76.88878193,A,0.14436,0.10354,0.0072,0,20160411735
157,2016041,1915,2016,41,19,15,NA,NA,A,NA,NA,NA,NA,20160411915
158,2016042,1505,2016,42,15,5,NA,NA,T,NA,NA,NA,NA,20160421505
159,2016042,1640,2016,42,16,40,NA,NA,A,NA,NA,NA,NA,20160421640
160,2016042,1640,2016,42,16,40,NA,NA,T,NA,NA,NA,NA,20160421640
161,2016042,1820,2016,42,18,20,NA,NA,A,NA,NA,NA,NA,20160421820
162,2016043,1405,2016,43,14,5,NA,NA,T,NA,NA,NA,NA,20160431405
163,2016043,1545,2016,43,15,45,NA,NA,T,NA,NA,NA,NA,20160431545
164,2016043,1725,2016,43,17,25,NA,NA,A,NA,NA,NA,NA,20160431725
165,2016043,1900,2016,43,19,0,NA,NA,A,NA,NA,NA,NA,20160431900
166,2016044,1450,2016,44,14,50,NA,NA,T,NA,NA,NA,NA,20160441450
167,2016044,1625,2016,44,16,25,NA,NA,A,NA,NA,NA,NA,20160441625
168,2016044,1625,2016,44,16,25,39.0375,-76.79056222,T,0.11128,0.07978,0.0105,0,20160441625
169,2016044,1805,2016,44,18,5,NA,NA,A,NA,NA,NA,NA,20160441805
170,2016045,1355,2016,45,13,55,NA,NA,T,NA,NA,NA,NA,20160451355
171,2016045,1535,2016,45,15,35,39.0375,-76.88712039,T,0.08502,0.06078,0.0113,0,20160451535
172,2016045,1710,2016,45,17,10,NA,NA,A,NA,NA,NA,NA,20160451710
173,2016045,1850,2016,45,18,50,39.0375,-76.88712039,A,0.07365,0.05273,0.0108,0,20160451850
174,2016046,1440,2016,46,14,40,NA,NA,T,NA,NA,NA,NA,20160461440
175,2016046,1615,2016,46,16,15,NA,NA,T,NA,NA,NA,NA,20160461615
176,2016046,1755,2016,46,17,55,NA,NA,A,NA,NA,NA,NA,20160461755
177,2016047,1520,2016,47,15,20,NA,NA,T,NA,NA,NA,NA,20160471520
178,2016047,1655,2016,47,16,55,NA,NA,T,NA,NA,NA,NA,20160471655
179,2016047,1700,2016,47,17,0,NA,NA,A,NA,NA,NA,NA,20160471700
180,2016047,1835,2016,47,18,35,NA,NA,A,NA,NA,NA,NA,20160471835
181,2016048,1425,2016,48,14,25,NA,NA,T,NA,NA,NA,NA,20160481425
182,2016048,1605,2016,48,16,5,NA,NA,T,NA,NA,NA,NA,20160481605
183,2016048,1740,2016,48,17,40,NA,NA,A,NA,NA,NA,NA,20160481740
184,2016049,1645,2016,49,16,45,NA,NA,A,NA,NA,NA,NA,20160491645
185,2016049,1825,2016,49,18,25,39.0375,-76.88712039,A,0.04942,0.03529,0.0219,0,20160491825
186,2016050,1730,2016,50,17,30,NA,NA,A,NA,NA,NA,NA,20160501730
187,2016050,1905,2016,50,19,5,NA,NA,A,NA,NA,NA,NA,20160501905
188,2016051,1635,2016,51,16,35,NA,NA,A,NA,NA,NA,NA,20160511635
189,2016051,1810,2016,51,18,10,NA,NA,A,NA,NA,NA,NA,20160511810
190,2016052,1715,2016,52,17,15,NA,NA,A,NA,NA,NA,NA,20160521715
191,2016052,1855,2016,52,18,55,NA,NA,A,NA,NA,NA,NA,20160521855
192,2016053,1620,2016,53,16,20,NA,NA,A,NA,NA,NA,NA,20160531620
193,2016053,1800,2016,53,18,0,NA,NA,A,NA,NA,NA,NA,20160531800
194,2016054,1705,2016,54,17,5,NA,NA,A,NA,NA,NA,NA,20160541705
195,2016054,1845,2016,54,18,45,NA,NA,A,NA,NA,NA,NA,20160541845
196,2016055,1750,2016,55,17,50,NA,NA,A,NA,NA,NA,NA,20160551750
197,2016056,1650,2016,56,16,50,NA,NA,A,NA,NA,NA,NA,20160561650
198,2016056,1830,2016,56,18,30,NA,NA,A,NA,NA,NA,NA,20160561830
199,2016057,1735,2016,57,17,35,39.0375,-76.88712039,A,0.05093,0.03641,0.0088,0,20160571735
200,2016057,1915,2016,57,19,15,NA,NA,A,NA,NA,NA,NA,20160571915
201,2016058,1640,2016,58,16,40,NA,NA,A,NA,NA,NA,NA,20160581640
202,2016058,1820,2016,58,18,20,NA,NA,A,NA,NA,NA,NA,20160581820
203,2016059,1405,2016,59,14,5,NA,NA,T,NA,NA,NA,NA,20160591405
204,2016059,1545,2016,59,15,45,39.0375,-76.88712039,T,0.06789,0.04858,0.0198,0,20160591545
205,2016059,1725,2016,59,17,25,39.0375,-76.88712039,A,0.04691,0.03344,0.0065,0,20160591725
206,2016059,1900,2016,59,19,0,39.0375,-76.88712039,A,0.03716,0.02653,0.0091,0,20160591900
207,2016060,1450,2016,60,14,50,NA,NA,T,NA,NA,NA,NA,20160601450
208,2016060,1625,2016,60,16,25,NA,NA,A,NA,NA,NA,NA,20160601625
209,2016060,1625,2016,60,16,25,NA,NA,T,NA,NA,NA,NA,20160601625
210,2016060,1805,2016,60,18,5,38.97083333,-76.8897287,A,0.08076,0.05781,0.0237,0,20160601805
211,2016061,1355,2016,61,13,55,NA,NA,T,NA,NA,NA,NA,20160611355
212,2016061,1535,2016,61,15,35,39.0375,-76.88712039,T,0.06264,0.04476,0.0136,0,20160611535
213,2016061,1710,2016,61,17,10,NA,NA,A,NA,NA,NA,NA,20160611710
214,2016061,1850,2016,61,18,50,39.0375,-76.88712039,A,0.10602,0.07594,0.0129,0,20160611850
215,2016062,1440,2016,62,14,40,NA,NA,T,NA,NA,NA,NA,20160621440
216,2016062,1615,2016,62,16,15,39.0375,-76.8763917,T,0.10372,0.07428,0.021,0,20160621615
217,2016062,1755,2016,62,17,55,39.0375,-76.88712039,A,0.06572,0.04692,0.0175,0,20160621755
218,2016063,1700,2016,63,17,0,NA,NA,A,NA,NA,NA,NA,20160631700
219,2016063,1835,2016,63,18,35,NA,NA,A,NA,NA,NA,NA,20160631835
220,2016064,1425,2016,64,14,25,NA,NA,T,NA,NA,NA,NA,20160641425
221,2016064,1605,2016,64,16,5,NA,NA,T,NA,NA,NA,NA,20160641605
222,2016064,1740,2016,64,17,40,NA,NA,A,NA,NA,NA,NA,20160641740
223,2016065,1510,2016,65,15,10,NA,NA,T,NA,NA,NA,NA,20160651510
224,2016065,1645,2016,65,16,45,NA,NA,A,NA,NA,NA,NA,20160651645
225,2016065,1645,2016,65,16,45,NA,NA,T,NA,NA,NA,NA,20160651645
226,2016065,1825,2016,65,18,25,NA,NA,A,NA,NA,NA,NA,20160651825
227,2016066,1415,2016,66,14,15,NA,NA,T,NA,NA,NA,NA,20160661415
228,2016066,1550,2016,66,15,50,NA,NA,T,NA,NA,NA,NA,20160661550
229,2016066,1730,2016,66,17,30,NA,NA,A,NA,NA,NA,NA,20160661730
230,2016066,1905,2016,66,19,5,NA,NA,A,NA,NA,NA,NA,20160661905
231,2016067,1455,2016,67,14,55,NA,NA,T,NA,NA,NA,NA,20160671455
232,2016067,1635,2016,67,16,35,NA,NA,A,NA,NA,NA,NA,20160671635
233,2016067,1635,2016,67,16,35,39.0375,-76.88712039,T,0.10298,0.07379,0.0125,0,20160671635
234,2016067,1810,2016,67,18,10,39.0375,-76.88712039,A,0.08725,0.06239,0.0298,0,20160671810
235,2016068,1400,2016,68,14,0,NA,NA,T,NA,NA,NA,NA,20160681400
236,2016068,1540,2016,68,15,40,NA,NA,T,NA,NA,NA,NA,20160681540
237,2016068,1715,2016,68,17,15,NA,NA,A,NA,NA,NA,NA,20160681715
238,2016068,1855,2016,68,18,55,NA,NA,A,NA,NA,NA,NA,20160681855
239,2016069,1445,2016,69,14,45,NA,NA,T,NA,NA,NA,NA,20160691445
240,2016069,1620,2016,69,16,20,NA,NA,A,NA,NA,NA,NA,20160691620
241,2016069,1620,2016,69,16,20,39.0375,-76.88712039,T,0.09745,0.06977,0.02,0,20160691620
242,2016069,1800,2016,69,18,0,39.00416666,-76.89377396,A,0.12982,0.093,0.0228,0,20160691800
243,2016070,1525,2016,70,15,25,NA,NA,T,NA,NA,NA,NA,20160701525
244,2016070,1700,2016,70,17,0,NA,NA,T,NA,NA,NA,NA,20160701700
245,2016070,1705,2016,70,17,5,NA,NA,A,NA,NA,NA,NA,20160701705
246,2016070,1845,2016,70,18,45,NA,NA,A,NA,NA,NA,NA,20160701845
247,2016071,1750,2016,71,17,50,NA,NA,A,NA,NA,NA,NA,20160711750
248,2016072,1515,2016,72,15,15,NA,NA,T,NA,NA,NA,NA,20160721515
249,2016072,1650,2016,72,16,50,NA,NA,T,NA,NA,NA,NA,20160721650
250,2016072,1655,2016,72,16,55,NA,NA,A,NA,NA,NA,NA,20160721655
251,2016072,1830,2016,72,18,30,NA,NA,A,NA,NA,NA,NA,20160721830
252,2016073,1420,2016,73,14,20,NA,NA,T,NA,NA,NA,NA,20160731420
253,2016073,1555,2016,73,15,55,NA,NA,T,NA,NA,NA,NA,20160731555
254,2016073,1735,2016,73,17,35,NA,NA,A,NA,NA,NA,NA,20160731735
255,2016073,1915,2016,73,19,15,NA,NA,A,NA,NA,NA,NA,20160731915
256,2016074,1500,2016,74,15,0,NA,NA,T,NA,NA,NA,NA,20160741500
257,2016074,1640,2016,74,16,40,NA,NA,A,NA,NA,NA,NA,20160741640
258,2016074,1640,2016,74,16,40,NA,NA,T,NA,NA,NA,NA,20160741640
259,2016074,1820,2016,74,18,20,NA,NA,A,NA,NA,NA,NA,20160741820
260,2016075,1405,2016,75,14,5,NA,NA,T,NA,NA,NA,NA,20160751405
261,2016075,1545,2016,75,15,45,NA,NA,T,NA,NA,NA,NA,20160751545
262,2016075,1725,2016,75,17,25,NA,NA,A,NA,NA,NA,NA,20160751725
263,2016075,1900,2016,75,19,0,NA,NA,A,NA,NA,NA,NA,20160751900
264,2016076,1450,2016,76,14,50,NA,NA,T,NA,NA,NA,NA,20160761450
265,2016076,1625,2016,76,16,25,NA,NA,A,NA,NA,NA,NA,20160761625
266,2016076,1625,2016,76,16,25,39.0375,-76.88712039,T,0.20369,0.14653,0.0176,0,20160761625
267,2016076,1805,2016,76,18,5,39.0375,-76.88712039,A,0.24695,0.17787,0.0292,0,20160761805
268,2016077,1355,2016,77,13,55,NA,NA,T,NA,NA,NA,NA,20160771355
269,2016077,1535,2016,77,15,35,39.0375,-76.88712039,T,0.15816,0.11346,0.0159,0,20160771535
270,2016077,1710,2016,77,17,10,NA,NA,A,NA,NA,NA,NA,20160771710
271,2016077,1850,2016,77,18,50,NA,NA,A,NA,NA,NA,NA,20160771850
272,2016078,1440,2016,78,14,40,NA,NA,T,NA,NA,NA,NA,20160781440
273,2016078,1615,2016,78,16,15,39.02916666,-76.86732709,T,0.16771,0.12043,0.0258,0,20160781615
274,2016078,1755,2016,78,17,55,NA,NA,A,NA,NA,NA,NA,20160781755
275,2016079,1520,2016,79,15,20,NA,NA,T,NA,NA,NA,NA,20160791520
276,2016079,1655,2016,79,16,55,NA,NA,T,NA,NA,NA,NA,20160791655
277,2016079,1700,2016,79,17,0,NA,NA,A,NA,NA,NA,NA,20160791700
278,2016079,1835,2016,79,18,35,NA,NA,A,NA,NA,NA,NA,20160791835
279,2016080,1425,2016,80,14,25,NA,NA,T,NA,NA,NA,NA,20160801425
280,2016080,1605,2016,80,16,5,NA,NA,T,NA,NA,NA,NA,20160801605
281,2016080,1740,2016,80,17,40,NA,NA,A,NA,NA,NA,NA,20160801740
282,2016081,1510,2016,81,15,10,NA,NA,T,NA,NA,NA,NA,20160811510
283,2016081,1645,2016,81,16,45,NA,NA,A,NA,NA,NA,NA,20160811645
284,2016081,1645,2016,81,16,45,39.0375,-76.88712039,T,0.07358,0.05257,0.0101,0,20160811645
285,2016081,1825,2016,81,18,25,38.9875,-76.86494485,A,0.0968,0.0694,0.0335,0,20160811825
286,2016082,1415,2016,82,14,15,NA,NA,T,NA,NA,NA,NA,20160821415
287,2016082,1550,2016,82,15,50,NA,NA,T,NA,NA,NA,NA,20160821550
288,2016082,1730,2016,82,17,30,39.0375,-76.88712039,A,0.15063,0.10808,0.0096,0,20160821730
289,2016082,1910,2016,82,19,10,39.0375,-76.88712039,A,0.13327,0.09558,0.0091,0,20160821910
290,2016083,1455,2016,83,14,55,NA,NA,T,NA,NA,NA,NA,20160831455
291,2016083,1635,2016,83,16,35,NA,NA,A,NA,NA,NA,NA,20160831635
292,2016083,1635,2016,83,16,35,NA,NA,T,NA,NA,NA,NA,20160831635
293,2016083,1810,2016,83,18,10,NA,NA,A,NA,NA,NA,NA,20160831810
294,2016084,1400,2016,84,14,0,NA,NA,T,NA,NA,NA,NA,20160841400
295,2016084,1540,2016,84,15,40,39.0375,-76.88712039,T,0.19559,0.14061,0.0205,0,20160841540
296,2016084,1715,2016,84,17,15,NA,NA,A,NA,NA,NA,NA,20160841715
297,2016084,1855,2016,84,18,55,39.0375,-76.88712039,A,0.18942,0.13604,0.0127,0,20160841855
298,2016085,1445,2016,85,14,45,NA,NA,T,NA,NA,NA,NA,20160851445
299,2016085,1620,2016,85,16,20,NA,NA,A,NA,NA,NA,NA,20160851620
300,2016085,1620,2016,85,16,20,NA,NA,T,NA,NA,NA,NA,20160851620
301,2016085,1800,2016,85,18,0,NA,NA,A,NA,NA,NA,NA,20160851800
302,2016086,1525,2016,86,15,25,39.0375,-76.88712039,T,0.1668,0.11969,0.0141,0,20160861525
303,2016086,1700,2016,86,17,0,NA,NA,T,NA,NA,NA,NA,20160861700
304,2016086,1705,2016,86,17,5,NA,NA,A,NA,NA,NA,NA,20160861705
305,2016086,1845,2016,86,18,45,39.0375,-76.88712039,A,0.23187,0.16708,0.0187,0,20160861845
306,2016087,1430,2016,87,14,30,NA,NA,T,NA,NA,NA,NA,20160871430
307,2016087,1610,2016,87,16,10,NA,NA,T,NA,NA,NA,NA,20160871610
308,2016087,1750,2016,87,17,50,NA,NA,A,NA,NA,NA,NA,20160871750
309,2016088,1515,2016,88,15,15,NA,NA,T,NA,NA,NA,NA,20160881515
310,2016088,1650,2016,88,16,50,NA,NA,T,NA,NA,NA,NA,20160881650
311,2016088,1655,2016,88,16,55,NA,NA,A,NA,NA,NA,NA,20160881655
312,2016088,1830,2016,88,18,30,39.0375,-76.88712039,A,0.07866,0.05625,0.0265,0,20160881830
313,2016089,1420,2016,89,14,20,NA,NA,T,NA,NA,NA,NA,20160891420
314,2016089,1555,2016,89,15,55,39.0375,-76.88712039,T,0.10198,0.07306,0.0332,0,20160891555
315,2016089,1735,2016,89,17,35,39.0375,-76.88712039,A,0.07287,0.05215,0.0123,0,20160891735
316,2016089,1915,2016,89,19,15,NA,NA,A,NA,NA,NA,NA,20160891915
317,2016090,1500,2016,90,15,0,NA,NA,T,NA,NA,NA,NA,20160901500
318,2016090,1640,2016,90,16,40,NA,NA,A,NA,NA,NA,NA,20160901640
319,2016090,1640,2016,90,16,40,39.0375,-76.88712039,T,0.09481,0.06787,0.0133,0,20160901640
320,2016090,1820,2016,90,18,20,NA,NA,A,NA,NA,NA,NA,20160901820
321,2016091,1405,2016,91,14,5,NA,NA,T,NA,NA,NA,NA,20160911405
322,2016091,1545,2016,91,15,45,NA,NA,T,NA,NA,NA,NA,20160911545
323,2016091,1725,2016,91,17,25,NA,NA,A,NA,NA,NA,NA,20160911725
324,2016091,1900,2016,91,19,0,NA,NA,A,NA,NA,NA,NA,20160911900
1,2016092,1450,2016,92,14,50,NA,NA,T,NA,NA,NA,NA,20160921450
2,2016092,1625,2016,92,16,25,NA,NA,T,NA,NA,NA,NA,20160921625
3,2016092,1630,2016,92,16,30,NA,NA,A,NA,NA,NA,NA,20160921630
4,2016092,1805,2016,92,18,5,39.0375,-76.88712039,A,0.06891,0.04934,0.0331,0,20160921805
5,2016093,1355,2016,93,13,55,NA,NA,T,NA,NA,NA,NA,20160931355
6,2016093,1535,2016,93,15,35,NA,NA,T,NA,NA,NA,NA,20160931535
7,2016093,1710,2016,93,17,10,NA,NA,A,NA,NA,NA,NA,20160931710
8,2016093,1850,2016,93,18,50,39.0375,-76.88712039,A,0.3215,0.2325,0.0153,0,20160931850
9,2016094,1440,2016,94,14,40,NA,NA,T,NA,NA,NA,NA,20160941440
10,2016094,1615,2016,94,16,15,39.0375,-76.88712039,T,0.07097,0.05077,0.0297,0,20160941615
11,2016094,1755,2016,94,17,55,39.0375,-76.88712039,A,0.06723,0.04814,0.0235,0,20160941755
12,2016095,1520,2016,95,15,20,NA,NA,T,NA,NA,NA,NA,20160951520
13,2016095,1655,2016,95,16,55,NA,NA,T,NA,NA,NA,NA,20160951655
14,2016095,1700,2016,95,17,0,NA,NA,A,NA,NA,NA,NA,20160951700
15,2016095,1835,2016,95,18,35,NA,NA,A,NA,NA,NA,NA,20160951835
16,2016096,1425,2016,96,14,25,NA,NA,T,NA,NA,NA,NA,20160961425
17,2016096,1605,2016,96,16,5,39.0375,-76.88712039,T,0.0976,0.06997,0.0367,0,20160961605
18,2016096,1740,2016,96,17,40,39.0375,-76.88712039,A,0.09181,0.06573,0.0158,0,20160961740
19,2016097,1510,2016,97,15,10,NA,NA,T,NA,NA,NA,NA,20160971510
20,2016097,1645,2016,97,16,45,NA,NA,A,NA,NA,NA,NA,20160971645
21,2016097,1645,2016,97,16,45,39.0375,-76.88712039,T,0.17431,0.12508,0.0119,0,20160971645
22,2016097,1825,2016,97,18,25,NA,NA,A,NA,NA,NA,NA,20160971825
23,2016098,1415,2016,98,14,15,NA,NA,T,NA,NA,NA,NA,20160981415
24,2016098,1550,2016,98,15,50,NA,NA,T,NA,NA,NA,NA,20160981550
25,2016098,1730,2016,98,17,30,NA,NA,A,NA,NA,NA,NA,20160981730
26,2016098,1910,2016,98,19,10,NA,NA,A,NA,NA,NA,NA,20160981910
27,2016099,1455,2016,99,14,55,NA,NA,T,NA,NA,NA,NA,20160991455
28,2016099,1635,2016,99,16,35,NA,NA,A,NA,NA,NA,NA,20160991635
29,2016099,1635,2016,99,16,35,NA,NA,T,NA,NA,NA,NA,20160991635
30,2016099,1815,2016,99,18,15,NA,NA,A,NA,NA,NA,NA,20160991815
31,2016100,1400,2016,100,14,0,NA,NA,T,NA,NA,NA,NA,20161001400
32,2016100,1540,2016,100,15,40,NA,NA,T,NA,NA,NA,NA,20161001540
33,2016100,1720,2016,100,17,20,NA,NA,A,NA,NA,NA,NA,20161001720
34,2016100,1855,2016,100,18,55,NA,NA,A,NA,NA,NA,NA,20161001855
35,2016101,1445,2016,101,14,45,NA,NA,T,NA,NA,NA,NA,20161011445
36,2016101,1620,2016,101,16,20,NA,NA,A,NA,NA,NA,NA,20161011620
37,2016101,1620,2016,101,16,20,39.0375,-76.88712039,T,0.13169,0.09443,0.0263,0,20161011620
38,2016101,1800,2016,101,18,0,39.0375,-76.83347696,A,0.2038,0.14658,0.0291,0,20161011800
39,2016102,1525,2016,102,15,25,NA,NA,T,NA,NA,NA,NA,20161021525
40,2016102,1700,2016,102,17,0,NA,NA,T,NA,NA,NA,NA,20161021700
41,2016102,1705,2016,102,17,5,NA,NA,A,NA,NA,NA,NA,20161021705
42,2016102,1845,2016,102,18,45,NA,NA,A,NA,NA,NA,NA,20161021845
43,2016103,1430,2016,103,14,30,NA,NA,T,NA,NA,NA,NA,20161031430
44,2016103,1610,2016,103,16,10,NA,NA,T,NA,NA,NA,NA,20161031610
45,2016103,1750,2016,103,17,50,39.0375,-76.88712039,A,0.1932,0.13878,0.0201,0,20161031750
46,2016104,1515,2016,104,15,15,39.0375,-76.88712039,T,0.1076,0.07714,0.0108,0,20161041515
47,2016104,1650,2016,104,16,50,39.0375,-76.88712039,T,0.1216,0.08717,0.0106,0,20161041650
48,2016104,1655,2016,104,16,55,NA,NA,A,NA,NA,NA,NA,20161041655
49,2016104,1830,2016,104,18,30,39.0375,-76.88712039,A,0.1041,0.07461,0.0275,0,20161041830
50,2016105,1735,2016,105,17,35,39.0375,-76.88712039,A,0.18481,0.13272,0.0139,0,20161051735
51,2016106,1500,2016,106,15,0,NA,NA,T,NA,NA,NA,NA,20161061500
52,2016106,1640,2016,106,16,40,NA,NA,A,NA,NA,NA,NA,20161061640
53,2016106,1640,2016,106,16,40,39.0375,-76.88712039,T,0.15289,0.10964,0.0154,0,20161061640
54,2016106,1820,2016,106,18,20,39.0375,-76.88712039,A,0.15605,0.11205,0.0369,0,20161061820
55,2016107,1405,2016,107,14,5,NA,NA,T,NA,NA,NA,NA,20161071405
56,2016107,1545,2016,107,15,45,39.0375,-76.88712039,T,0.16081,0.11542,0.0271,0,20161071545
57,2016107,1725,2016,107,17,25,39.0375,-76.88712039,A,0.15447,0.11079,0.01,0,20161071725
58,2016107,1900,2016,107,19,0,39.0375,-76.88712039,A,0.14622,0.10488,0.0121,0,20161071900
59,2016108,1450,2016,108,14,50,NA,NA,T,NA,NA,NA,NA,20161081450
60,2016108,1625,2016,108,16,25,39.0375,-76.88712039,T,0.15089,0.1082,0.0233,0,20161081625
61,2016108,1630,2016,108,16,30,NA,NA,A,NA,NA,NA,NA,20161081630
62,2016108,1805,2016,108,18,5,39.0375,-76.88712039,A,0.12151,0.08712,0.0351,0,20161081805
63,2016109,1355,2016,109,13,55,NA,NA,T,NA,NA,NA,NA,20161091355
64,2016109,1535,2016,109,15,35,39.0375,-76.88712039,T,0.12993,0.09318,0.0192,0,20161091535
65,2016109,1710,2016,109,17,10,NA,NA,A,NA,NA,NA,NA,20161091710
66,2016109,1850,2016,109,18,50,39.0375,-76.88712039,A,0.10262,0.07351,0.0167,0,20161091850
67,2016110,1440,2016,110,14,40,NA,NA,T,NA,NA,NA,NA,20161101440
68,2016110,1615,2016,110,16,15,38.97083333,-76.79326149,T,0.443,0.32167,0.0328,0,20161101615
69,2016110,1755,2016,110,17,55,NA,NA,A,NA,NA,NA,NA,20161101755
70,2016111,1520,2016,111,15,20,39.0375,-76.88712039,T,0.08194,0.05858,0.0139,0,20161111520
71,2016111,1655,2016,111,16,55,39.0375,-76.88712039,T,0.06372,0.04552,0.0098,0,20161111655
72,2016111,1700,2016,111,17,0,NA,NA,A,NA,NA,NA,NA,20161111700
73,2016111,1835,2016,111,18,35,39.0375,-76.88712039,A,0.06866,0.04909,0.0227,0,20161111835
74,2016112,1425,2016,112,14,25,NA,NA,T,NA,NA,NA,NA,20161121425
75,2016112,1605,2016,112,16,5,NA,NA,T,NA,NA,NA,NA,20161121605
76,2016112,1740,2016,112,17,40,NA,NA,A,NA,NA,NA,NA,20161121740
77,2016113,1510,2016,113,15,10,NA,NA,T,NA,NA,NA,NA,20161131510
78,2016113,1645,2016,113,16,45,NA,NA,A,NA,NA,NA,NA,20161131645
79,2016113,1645,2016,113,16,45,NA,NA,T,NA,NA,NA,NA,20161131645
80,2016113,1825,2016,113,18,25,NA,NA,A,NA,NA,NA,NA,20161131825
81,2016114,1415,2016,114,14,15,NA,NA,T,NA,NA,NA,NA,20161141415
82,2016114,1550,2016,114,15,50,NA,NA,T,NA,NA,NA,NA,20161141550
83,2016114,1730,2016,114,17,30,NA,NA,A,NA,NA,NA,NA,20161141730
84,2016114,1910,2016,114,19,10,NA,NA,A,NA,NA,NA,NA,20161141910
85,2016115,1455,2016,115,14,55,NA,NA,T,NA,NA,NA,NA,20161151455
86,2016115,1635,2016,115,16,35,NA,NA,A,NA,NA,NA,NA,20161151635
87,2016115,1635,2016,115,16,35,39.0375,-76.88712039,T,0.13564,0.09728,0.0197,0,20161151635
88,2016115,1815,2016,115,18,15,39.0375,-76.88712039,A,0.1368,0.09814,0.0378,0,20161151815
89,2016116,1400,2016,116,14,0,NA,NA,T,NA,NA,NA,NA,20161161400
90,2016116,1540,2016,116,15,40,39.0375,-76.84420565,T,0.25364,0.18276,0.0225,0,20161161540
91,2016116,1720,2016,116,17,20,NA,NA,A,NA,NA,NA,NA,20161161720
92,2016116,1855,2016,116,18,55,NA,NA,A,NA,NA,NA,NA,20161161855
93,2016117,1445,2016,117,14,45,NA,NA,T,NA,NA,NA,NA,20161171445
94,2016117,1620,2016,117,16,20,NA,NA,A,NA,NA,NA,NA,20161171620
95,2016117,1620,2016,117,16,20,NA,NA,T,NA,NA,NA,NA,20161171620
96,2016117,1800,2016,117,18,0,NA,NA,A,NA,NA,NA,NA,20161171800
97,2016118,1525,2016,118,15,25,NA,NA,T,NA,NA,NA,NA,20161181525
98,2016118,1705,2016,118,17,5,NA,NA,A,NA,NA,NA,NA,20161181705
99,2016118,1705,2016,118,17,5,NA,NA,T,NA,NA,NA,NA,20161181705
100,2016118,1845,2016,118,18,45,NA,NA,A,NA,NA,NA,NA,20161181845
101,2016119,1430,2016,119,14,30,NA,NA,T,NA,NA,NA,NA,20161191430
102,2016119,1610,2016,119,16,10,NA,NA,T,NA,NA,NA,NA,20161191610
103,2016119,1750,2016,119,17,50,NA,NA,A,NA,NA,NA,NA,20161191750
104,2016120,1515,2016,120,15,15,NA,NA,T,NA,NA,NA,NA,20161201515
105,2016120,1650,2016,120,16,50,NA,NA,T,NA,NA,NA,NA,20161201650
106,2016120,1655,2016,120,16,55,NA,NA,A,NA,NA,NA,NA,20161201655
107,2016120,1830,2016,120,18,30,NA,NA,A,NA,NA,NA,NA,20161201830
108,2016121,1420,2016,121,14,20,NA,NA,T,NA,NA,NA,NA,20161211420
109,2016121,1600,2016,121,16,0,NA,NA,T,NA,NA,NA,NA,20161211600
110,2016121,1735,2016,121,17,35,NA,NA,A,NA,NA,NA,NA,20161211735
111,2016121,1915,2016,121,19,15,NA,NA,A,NA,NA,NA,NA,20161211915
112,2016122,1505,2016,122,15,5,NA,NA,T,NA,NA,NA,NA,20161221505
113,2016122,1640,2016,122,16,40,NA,NA,A,NA,NA,NA,NA,20161221640
114,2016122,1640,2016,122,16,40,NA,NA,T,NA,NA,NA,NA,20161221640
115,2016122,1820,2016,122,18,20,NA,NA,A,NA,NA,NA,NA,20161221820
116,2016123,1405,2016,123,14,5,NA,NA,T,NA,NA,NA,NA,20161231405
117,2016123,1545,2016,123,15,45,NA,NA,T,NA,NA,NA,NA,20161231545
118,2016123,1725,2016,123,17,25,39.0375,-76.88712039,A,0.36274,0.26259,0.0108,0,20161231725
119,2016123,1900,2016,123,19,0,39.0375,-76.88712039,A,0.16949,0.12162,0.0122,0,20161231900
120,2016124,1450,2016,124,14,50,NA,NA,T,NA,NA,NA,NA,20161241450
121,2016124,1630,2016,124,16,30,NA,NA,A,NA,NA,NA,NA,20161241630
122,2016124,1630,2016,124,16,30,NA,NA,T,NA,NA,NA,NA,20161241630
123,2016124,1805,2016,124,18,5,NA,NA,A,NA,NA,NA,NA,20161241805
124,2016125,1355,2016,125,13,55,NA,NA,T,NA,NA,NA,NA,20161251355
125,2016125,1535,2016,125,15,35,NA,NA,T,NA,NA,NA,NA,20161251535
126,2016125,1710,2016,125,17,10,NA,NA,A,NA,NA,NA,NA,20161251710
127,2016125,1850,2016,125,18,50,NA,NA,A,NA,NA,NA,NA,20161251850
128,2016126,1440,2016,126,14,40,NA,NA,T,NA,NA,NA,NA,20161261440
129,2016126,1615,2016,126,16,15,NA,NA,T,NA,NA,NA,NA,20161261615
130,2016126,1755,2016,126,17,55,NA,NA,A,NA,NA,NA,NA,20161261755
131,2016127,1520,2016,127,15,20,NA,NA,T,NA,NA,NA,NA,20161271520
132,2016127,1655,2016,127,16,55,NA,NA,T,NA,NA,NA,NA,20161271655
133,2016127,1700,2016,127,17,0,NA,NA,A,NA,NA,NA,NA,20161271700
134,2016127,1835,2016,127,18,35,NA,NA,A,NA,NA,NA,NA,20161271835
135,2016128,1425,2016,128,14,25,NA,NA,T,NA,NA,NA,NA,20161281425
136,2016128,1605,2016,128,16,5,NA,NA,T,NA,NA,NA,NA,20161281605
137,2016128,1740,2016,128,17,40,NA,NA,A,NA,NA,NA,NA,20161281740
138,2016129,1510,2016,129,15,10,NA,NA,T,NA,NA,NA,NA,20161291510
139,2016129,1645,2016,129,16,45,NA,NA,A,NA,NA,NA,NA,20161291645
140,2016129,1645,2016,129,16,45,39.0125,-76.89210872,T,0.19932,0.14334,0.0141,0,20161291645
141,2016129,1825,2016,129,18,25,NA,NA,A,NA,NA,NA,NA,20161291825
142,2016130,1415,2016,130,14,15,NA,NA,T,NA,NA,NA,NA,20161301415
143,2016130,1550,2016,130,15,50,NA,NA,T,NA,NA,NA,NA,20161301550
144,2016130,1730,2016,130,17,30,NA,NA,A,NA,NA,NA,NA,20161301730
145,2016130,1910,2016,130,19,10,NA,NA,A,NA,NA,NA,NA,20161301910
146,2016131,1455,2016,131,14,55,NA,NA,T,NA,NA,NA,NA,20161311455
147,2016131,1635,2016,131,16,35,NA,NA,A,NA,NA,NA,NA,20161311635
148,2016131,1635,2016,131,16,35,NA,NA,T,NA,NA,NA,NA,20161311635
149,2016131,1810,2016,131,18,10,NA,NA,A,NA,NA,NA,NA,20161311810
150,2016132,1400,2016,132,14,0,NA,NA,T,NA,NA,NA,NA,20161321400
151,2016132,1540,2016,132,15,40,NA,NA,T,NA,NA,NA,NA,20161321540
152,2016132,1715,2016,132,17,15,NA,NA,A,NA,NA,NA,NA,20161321715
153,2016132,1855,2016,132,18,55,NA,NA,A,NA,NA,NA,NA,20161321855
154,2016133,1445,2016,133,14,45,NA,NA,T,NA,NA,NA,NA,20161331445
155,2016133,1620,2016,133,16,20,NA,NA,A,NA,NA,NA,NA,20161331620
156,2016133,1620,2016,133,16,20,NA,NA,T,NA,NA,NA,NA,20161331620
157,2016133,1800,2016,133,18,0,NA,NA,A,NA,NA,NA,NA,20161331800
158,2016134,1525,2016,134,15,25,NA,NA,T,NA,NA,NA,NA,20161341525
159,2016134,1705,2016,134,17,5,NA,NA,A,NA,NA,NA,NA,20161341705
160,2016134,1705,2016,134,17,5,NA,NA,T,NA,NA,NA,NA,20161341705
161,2016134,1845,2016,134,18,45,NA,NA,A,NA,NA,NA,NA,20161341845
162,2016135,1430,2016,135,14,30,NA,NA,T,NA,NA,NA,NA,20161351430
163,2016135,1610,2016,135,16,10,NA,NA,T,NA,NA,NA,NA,20161351610
164,2016135,1750,2016,135,17,50,NA,NA,A,NA,NA,NA,NA,20161351750
165,2016136,1515,2016,136,15,15,NA,NA,T,NA,NA,NA,NA,20161361515
166,2016136,1650,2016,136,16,50,NA,NA,T,NA,NA,NA,NA,20161361650
167,2016136,1655,2016,136,16,55,NA,NA,A,NA,NA,NA,NA,20161361655
168,2016136,1830,2016,136,18,30,38.97916666,-76.8451779,A,0.442,0.321,0.0299,0,20161361830
169,2016137,1420,2016,137,14,20,NA,NA,T,NA,NA,NA,NA,20161371420
170,2016137,1600,2016,137,16,0,39.0375,-76.8763917,T,0.12056,0.08641,0.0351,0,20161371600
171,2016137,1735,2016,137,17,35,39.0375,-76.88712039,A,0.1245,0.08936,0.0157,0,20161371735
172,2016137,1915,2016,137,19,15,NA,NA,A,NA,NA,NA,NA,20161371915
173,2016138,1505,2016,138,15,5,NA,NA,T,NA,NA,NA,NA,20161381505
174,2016138,1640,2016,138,16,40,NA,NA,A,NA,NA,NA,NA,20161381640
175,2016138,1640,2016,138,16,40,NA,NA,T,NA,NA,NA,NA,20161381640
176,2016138,1820,2016,138,18,20,NA,NA,A,NA,NA,NA,NA,20161381820
177,2016139,1410,2016,139,14,10,NA,NA,T,NA,NA,NA,NA,20161391410
178,2016139,1545,2016,139,15,45,NA,NA,T,NA,NA,NA,NA,20161391545
179,2016139,1725,2016,139,17,25,NA,NA,A,NA,NA,NA,NA,20161391725
180,2016139,1900,2016,139,19,0,NA,NA,A,NA,NA,NA,NA,20161391900
181,2016140,1450,2016,140,14,50,NA,NA,T,NA,NA,NA,NA,20161401450
182,2016140,1625,2016,140,16,25,NA,NA,A,NA,NA,NA,NA,20161401625
183,2016140,1630,2016,140,16,30,NA,NA,T,NA,NA,NA,NA,20161401630
184,2016140,1805,2016,140,18,5,NA,NA,A,NA,NA,NA,NA,20161401805
185,2016141,1355,2016,141,13,55,NA,NA,T,NA,NA,NA,NA,20161411355
186,2016141,1535,2016,141,15,35,39.0375,-76.88712039,T,0.17033,0.12226,0.0207,0,20161411535
187,2016141,1710,2016,141,17,10,NA,NA,A,NA,NA,NA,NA,20161411710
188,2016141,1850,2016,141,18,50,NA,NA,A,NA,NA,NA,NA,20161411850
189,2016142,1440,2016,142,14,40,NA,NA,T,NA,NA,NA,NA,20161421440
190,2016142,1615,2016,142,16,15,NA,NA,T,NA,NA,NA,NA,20161421615
191,2016142,1755,2016,142,17,55,NA,NA,A,NA,NA,NA,NA,20161421755
192,2016143,1520,2016,143,15,20,NA,NA,T,NA,NA,NA,NA,20161431520
193,2016143,1655,2016,143,16,55,NA,NA,T,NA,NA,NA,NA,20161431655
194,2016143,1700,2016,143,17,0,NA,NA,A,NA,NA,NA,NA,20161431700
195,2016143,1835,2016,143,18,35,NA,NA,A,NA,NA,NA,NA,20161431835
196,2016144,1425,2016,144,14,25,NA,NA,T,NA,NA,NA,NA,20161441425
197,2016144,1605,2016,144,16,5,NA,NA,T,NA,NA,NA,NA,20161441605
198,2016144,1740,2016,144,17,40,NA,NA,A,NA,NA,NA,NA,20161441740
199,2016145,1510,2016,145,15,10,NA,NA,T,NA,NA,NA,NA,20161451510
200,2016145,1645,2016,145,16,45,NA,NA,A,NA,NA,NA,NA,20161451645
201,2016145,1645,2016,145,16,45,39.0375,-76.81201959,T,0.29893,0.21579,0.0142,0,20161451645
202,2016145,1825,2016,145,18,25,39.02916666,-76.87805451,A,0.283,0.204,0.0318,0,20161451825
203,2016146,1415,2016,146,14,15,NA,NA,T,NA,NA,NA,NA,20161461415
204,2016146,1550,2016,146,15,50,NA,NA,T,NA,NA,NA,NA,20161461550
205,2016146,1730,2016,146,17,30,39.02916666,-76.88878193,A,0.397,0.28767,0.0135,0,20161461730
206,2016146,1905,2016,146,19,5,NA,NA,A,NA,NA,NA,NA,20161461905
207,2016147,1455,2016,147,14,55,NA,NA,T,NA,NA,NA,NA,20161471455
208,2016147,1635,2016,147,16,35,NA,NA,A,NA,NA,NA,NA,20161471635
209,2016147,1635,2016,147,16,35,NA,NA,T,NA,NA,NA,NA,20161471635
210,2016147,1810,2016,147,18,10,38.97916666,-76.86661758,A,0.3368,0.2434,0.0395,0,20161471810
211,2016148,1400,2016,148,14,0,NA,NA,T,NA,NA,NA,NA,20161481400
212,2016148,1540,2016,148,15,40,39.0375,-76.83347696,T,0.31661,0.22885,0.0234,0,20161481540
213,2016148,1715,2016,148,17,15,NA,NA,A,NA,NA,NA,NA,20161481715
214,2016148,1855,2016,148,18,55,NA,NA,A,NA,NA,NA,NA,20161481855
215,2016149,1445,2016,149,14,45,NA,NA,T,NA,NA,NA,NA,20161491445
216,2016149,1620,2016,149,16,20,NA,NA,A,NA,NA,NA,NA,20161491620
217,2016149,1620,2016,149,16,20,39.0375,-76.88712039,T,0.32946,0.23834,0.0305,0,20161491620
218,2016149,1800,2016,149,18,0,NA,NA,A,NA,NA,NA,NA,20161491800
219,2016150,1530,2016,150,15,30,NA,NA,T,NA,NA,NA,NA,20161501530
220,2016150,1705,2016,150,17,5,NA,NA,A,NA,NA,NA,NA,20161501705
221,2016150,1705,2016,150,17,5,NA,NA,T,NA,NA,NA,NA,20161501705
222,2016150,1840,2016,150,18,40,NA,NA,A,NA,NA,NA,NA,20161501840
223,2016151,1430,2016,151,14,30,NA,NA,T,NA,NA,NA,NA,20161511430
224,2016151,1610,2016,151,16,10,NA,NA,T,NA,NA,NA,NA,20161511610
225,2016151,1745,2016,151,17,45,NA,NA,A,NA,NA,NA,NA,20161511745
226,2016152,1515,2016,152,15,15,NA,NA,T,NA,NA,NA,NA,20161521515
227,2016152,1650,2016,152,16,50,NA,NA,A,NA,NA,NA,NA,20161521650
228,2016152,1650,2016,152,16,50,NA,NA,T,NA,NA,NA,NA,20161521650
229,2016152,1830,2016,152,18,30,NA,NA,A,NA,NA,NA,NA,20161521830
230,2016153,1420,2016,153,14,20,NA,NA,T,NA,NA,NA,NA,20161531420
231,2016153,1600,2016,153,16,0,NA,NA,T,NA,NA,NA,NA,20161531600
232,2016153,1735,2016,153,17,35,NA,NA,A,NA,NA,NA,NA,20161531735
233,2016153,1915,2016,153,19,15,NA,NA,A,NA,NA,NA,NA,20161531915
234,2016154,1505,2016,154,15,5,NA,NA,T,NA,NA,NA,NA,20161541505
235,2016154,1640,2016,154,16,40,NA,NA,A,NA,NA,NA,NA,20161541640
236,2016154,1640,2016,154,16,40,NA,NA,T,NA,NA,NA,NA,20161541640
237,2016154,1820,2016,154,18,20,NA,NA,A,NA,NA,NA,NA,20161541820
238,2016155,1410,2016,155,14,10,NA,NA,T,NA,NA,NA,NA,20161551410
239,2016155,1545,2016,155,15,45,NA,NA,T,NA,NA,NA,NA,20161551545
240,2016155,1725,2016,155,17,25,NA,NA,A,NA,NA,NA,NA,20161551725
241,2016155,1900,2016,155,19,0,NA,NA,A,NA,NA,NA,NA,20161551900
242,2016156,1450,2016,156,14,50,NA,NA,T,NA,NA,NA,NA,20161561450
243,2016156,1625,2016,156,16,25,NA,NA,A,NA,NA,NA,NA,20161561625
244,2016156,1630,2016,156,16,30,NA,NA,T,NA,NA,NA,NA,20161561630
245,2016156,1805,2016,156,18,5,NA,NA,A,NA,NA,NA,NA,20161561805
246,2016157,1355,2016,157,13,55,NA,NA,T,NA,NA,NA,NA,20161571355
247,2016157,1535,2016,157,15,35,NA,NA,T,NA,NA,NA,NA,20161571535
248,2016157,1710,2016,157,17,10,NA,NA,A,NA,NA,NA,NA,20161571710
249,2016157,1850,2016,157,18,50,NA,NA,A,NA,NA,NA,NA,20161571850
250,2016158,1440,2016,158,14,40,NA,NA,T,NA,NA,NA,NA,20161581440
251,2016158,1615,2016,158,16,15,39.02083333,-76.81536162,T,0.19732,0.14184,0.0341,0,20161581615
252,2016158,1755,2016,158,17,55,39.0375,-76.80129091,A,0.2618,0.1888,0.0267,0,20161581755
253,2016159,1520,2016,159,15,20,39.0375,-76.88712039,T,0.17142,0.12299,0.0149,0,20161591520
254,2016159,1655,2016,159,16,55,39.0375,-76.88712039,T,0.33422,0.24178,0.0109,0,20161591655
255,2016159,1700,2016,159,17,0,NA,NA,A,NA,NA,NA,NA,20161591700
256,2016159,1835,2016,159,18,35,38.99583333,-76.88471808,A,0.367,0.2655,0.026,0,20161591835
257,2016160,1425,2016,160,14,25,NA,NA,T,NA,NA,NA,NA,20161601425
258,2016160,1605,2016,160,16,5,39.0375,-76.79056222,T,0.1614,0.11593,0.0351,0,20161601605
259,2016160,1740,2016,160,17,40,39.0125,-76.89210872,A,0.20929,0.15043,0.0197,0,20161601740
260,2016161,1510,2016,161,15,10,NA,NA,T,NA,NA,NA,NA,20161611510
261,2016161,1645,2016,161,16,45,NA,NA,A,NA,NA,NA,NA,20161611645
262,2016161,1645,2016,161,16,45,39.0375,-76.88712039,T,0.1134,0.08135,0.0149,0,20161611645
263,2016161,1825,2016,161,18,25,39.0375,-76.88712039,A,0.11107,0.07959,0.0325,0,20161611825
264,2016162,1415,2016,162,14,15,NA,NA,T,NA,NA,NA,NA,20161621415
265,2016162,1550,2016,162,15,50,39.0375,-76.88712039,T,0.14979,0.1075,0.0361,0,20161621550
266,2016162,1730,2016,162,17,30,38.95416666,-76.80734682,A,0.2215,0.1595,0.0138,0,20161621730
267,2016162,1905,2016,162,19,5,39.0375,-76.88712039,A,0.17974,0.12908,0.0122,0,20161621905
268,2016163,1455,2016,163,14,55,NA,NA,T,NA,NA,NA,NA,20161631455
269,2016163,1635,2016,163,16,35,NA,NA,A,NA,NA,NA,NA,20161631635
270,2016163,1635,2016,163,16,35,39.02083333,-76.89044471,T,0.52519,0.38163,0.0217,0,20161631635
271,2016163,1810,2016,163,18,10,39.0375,-76.86566302,A,0.32755,0.23682,0.0353,0,20161631810
272,2016164,1400,2016,164,14,0,NA,NA,T,NA,NA,NA,NA,20161641400
273,2016164,1540,2016,164,15,40,NA,NA,T,NA,NA,NA,NA,20161641540
274,2016164,1715,2016,164,17,15,NA,NA,A,NA,NA,NA,NA,20161641715
275,2016164,1855,2016,164,18,55,39.0375,-76.88712039,A,0.09447,0.06768,0.0168,0,20161641855
276,2016165,1445,2016,165,14,45,NA,NA,T,NA,NA,NA,NA,20161651445
277,2016165,1620,2016,165,16,20,NA,NA,A,NA,NA,NA,NA,20161651620
278,2016165,1620,2016,165,16,20,NA,NA,T,NA,NA,NA,NA,20161651620
279,2016165,1800,2016,165,18,0,NA,NA,A,NA,NA,NA,NA,20161651800
280,2016166,1530,2016,166,15,30,39.0375,-76.86566302,T,0.219,0.15757,0.0177,0,20161661530
281,2016166,1705,2016,166,17,5,NA,NA,A,NA,NA,NA,NA,20161661705
282,2016166,1705,2016,166,17,5,NA,NA,T,NA,NA,NA,NA,20161661705
283,2016166,1840,2016,166,18,40,39.0375,-76.88712039,A,0.06475,0.04631,0.0236,0,20161661840
284,2016167,1430,2016,167,14,30,NA,NA,T,NA,NA,NA,NA,20161671430
285,2016167,1610,2016,167,16,10,NA,NA,T,NA,NA,NA,NA,20161671610
286,2016167,1745,2016,167,17,45,NA,NA,A,NA,NA,NA,NA,20161671745
287,2016168,1515,2016,168,15,15,NA,NA,T,NA,NA,NA,NA,20161681515
288,2016168,1650,2016,168,16,50,NA,NA,A,NA,NA,NA,NA,20161681650
289,2016168,1650,2016,168,16,50,NA,NA,T,NA,NA,NA,NA,20161681650
290,2016168,1830,2016,168,18,30,NA,NA,A,NA,NA,NA,NA,20161681830
291,2016169,1420,2016,169,14,20,NA,NA,T,NA,NA,NA,NA,20161691420
292,2016169,1600,2016,169,16,0,39.0375,-76.88712039,T,0.19575,0.14066,0.0408,0,20161691600
293,2016169,1735,2016,169,17,35,39.0375,-76.88712039,A,0.18074,0.12969,0.0162,0,20161691735
294,2016169,1915,2016,169,19,15,NA,NA,A,NA,NA,NA,NA,20161691915
295,2016170,1505,2016,170,15,5,NA,NA,T,NA,NA,NA,NA,20161701505
296,2016170,1640,2016,170,16,40,NA,NA,A,NA,NA,NA,NA,20161701640
297,2016170,1640,2016,170,16,40,39.0375,-76.88712039,T,0.14254,0.10225,0.0178,0,20161701640
298,2016170,1820,2016,170,18,20,39.0375,-76.82274828,A,0.16552,0.11895,0.0338,0,20161701820
299,2016171,1410,2016,171,14,10,NA,NA,T,NA,NA,NA,NA,20161711410
300,2016171,1545,2016,171,15,45,39.0375,-76.88712039,T,0.17192,0.12342,0.0305,0,20161711545
301,2016171,1725,2016,171,17,25,39.0375,-76.88712039,A,0.17314,0.12419,0.0123,0,20161711725
302,2016171,1900,2016,171,19,0,39.0375,-76.88712039,A,0.24288,0.1749,0.0151,0,20161711900
303,2016172,1450,2016,172,14,50,NA,NA,T,NA,NA,NA,NA,20161721450
304,2016172,1625,2016,172,16,25,NA,NA,A,NA,NA,NA,NA,20161721625
305,2016172,1630,2016,172,16,30,39.0375,-76.88712039,T,0.18152,0.1304,0.0257,0,20161721630
306,2016172,1805,2016,172,18,5,39.0375,-76.88712039,A,0.1885,0.13544,0.0373,0,20161721805
307,2016173,1355,2016,173,13,55,NA,NA,T,NA,NA,NA,NA,20161731355
308,2016173,1535,2016,173,15,35,NA,NA,T,NA,NA,NA,NA,20161731535
309,2016173,1710,2016,173,17,10,NA,NA,A,NA,NA,NA,NA,20161731710
310,2016173,1850,2016,173,18,50,NA,NA,A,NA,NA,NA,NA,20161731850
311,2016174,1440,2016,174,14,40,NA,NA,T,NA,NA,NA,NA,20161741440
312,2016174,1615,2016,174,16,15,NA,NA,T,NA,NA,NA,NA,20161741615
313,2016174,1755,2016,174,17,55,NA,NA,A,NA,NA,NA,NA,20161741755
314,2016175,1520,2016,175,15,20,NA,NA,T,NA,NA,NA,NA,20161751520
315,2016175,1655,2016,175,16,55,NA,NA,T,NA,NA,NA,NA,20161751655
316,2016175,1700,2016,175,17,0,NA,NA,A,NA,NA,NA,NA,20161751700
317,2016175,1835,2016,175,18,35,NA,NA,A,NA,NA,NA,NA,20161751835
318,2016176,1425,2016,176,14,25,NA,NA,T,NA,NA,NA,NA,20161761425
319,2016176,1605,2016,176,16,5,NA,NA,T,NA,NA,NA,NA,20161761605
320,2016176,1740,2016,176,17,40,NA,NA,A,NA,NA,NA,NA,20161761740
321,2016177,1510,2016,177,15,10,NA,NA,T,NA,NA,NA,NA,20161771510
322,2016177,1645,2016,177,16,45,NA,NA,A,NA,NA,NA,NA,20161771645
323,2016177,1645,2016,177,16,45,39.0375,-76.88712039,T,0.20365,0.14646,0.015,0,20161771645
324,2016177,1825,2016,177,18,25,39.0375,-76.83347696,A,0.14866,0.10667,0.0317,0,20161771825
325,2016178,1415,2016,178,14,15,NA,NA,T,NA,NA,NA,NA,20161781415
326,2016178,1550,2016,178,15,50,NA,NA,T,NA,NA,NA,NA,20161781550
327,2016178,1730,2016,178,17,30,NA,NA,A,NA,NA,NA,NA,20161781730
328,2016178,1905,2016,178,19,5,NA,NA,A,NA,NA,NA,NA,20161781905
329,2016179,1455,2016,179,14,55,NA,NA,T,NA,NA,NA,NA,20161791455
330,2016179,1635,2016,179,16,35,NA,NA,A,NA,NA,NA,NA,20161791635
331,2016179,1635,2016,179,16,35,39.0375,-76.88712039,T,0.31227,0.22568,0.0212,0,20161791635
332,2016179,1810,2016,179,18,10,39.0375,-76.83347696,A,0.49613,0.36053,0.0363,0,20161791810
333,2016180,1400,2016,180,14,0,NA,NA,T,NA,NA,NA,NA,20161801400
334,2016180,1540,2016,180,15,40,NA,NA,T,NA,NA,NA,NA,20161801540
335,2016180,1715,2016,180,17,15,NA,NA,A,NA,NA,NA,NA,20161801715
336,2016180,1855,2016,180,18,55,NA,NA,A,NA,NA,NA,NA,20161801855
337,2016181,1445,2016,181,14,45,NA,NA,T,NA,NA,NA,NA,20161811445
338,2016181,1620,2016,181,16,20,NA,NA,A,NA,NA,NA,NA,20161811620
339,2016181,1620,2016,181,16,20,39.0375,-76.88712039,T,0.251,0.181,0.0308,0,20161811620
340,2016181,1800,2016,181,18,0,39.0375,-76.88712039,A,0.1593,0.11438,0.034,0,20161811800
341,2016182,1530,2016,182,15,30,39.0375,-76.88712039,T,0.20259,0.1457,0.0184,0,20161821530
342,2016182,1705,2016,182,17,5,NA,NA,A,NA,NA,NA,NA,20161821705
343,2016182,1705,2016,182,17,5,NA,NA,T,NA,NA,NA,NA,20161821705
344,2016182,1840,2016,182,18,40,NA,NA,A,NA,NA,NA,NA,20161821840
345,2016183,1430,2016,183,14,30,NA,NA,T,NA,NA,NA,NA,20161831430
346,2016183,1610,2016,183,16,10,NA,NA,T,NA,NA,NA,NA,20161831610
347,2016183,1745,2016,183,17,45,NA,NA,A,NA,NA,NA,NA,20161831745
1,2016184,1515,2016,184,15,15,39.0375,-76.88712039,T,0.05821,0.04164,0.0134,0,20161841515
2,2016184,1650,2016,184,16,50,NA,NA,A,NA,NA,NA,NA,20161841650
3,2016184,1650,2016,184,16,50,39.0375,-76.88712039,T,0.05723,0.04092,0.0125,0,20161841650
4,2016184,1830,2016,184,18,30,NA,NA,A,NA,NA,NA,NA,20161841830
5,2016185,1420,2016,185,14,20,NA,NA,T,NA,NA,NA,NA,20161851420
6,2016185,1600,2016,185,16,0,NA,NA,T,NA,NA,NA,NA,20161851600
7,2016185,1735,2016,185,17,35,NA,NA,A,NA,NA,NA,NA,20161851735
8,2016185,1915,2016,185,19,15,NA,NA,A,NA,NA,NA,NA,20161851915
9,2016186,1505,2016,186,15,5,NA,NA,T,NA,NA,NA,NA,20161861505
10,2016186,1640,2016,186,16,40,NA,NA,A,NA,NA,NA,NA,20161861640
11,2016186,1640,2016,186,16,40,NA,NA,T,NA,NA,NA,NA,20161861640
12,2016186,1820,2016,186,18,20,NA,NA,A,NA,NA,NA,NA,20161861820
13,2016187,1410,2016,187,14,10,NA,NA,T,NA,NA,NA,NA,20161871410
14,2016187,1545,2016,187,15,45,38.9625,-76.83781479,T,0.299,0.2155,0.031,0,20161871545
15,2016187,1725,2016,187,17,25,38.9875,-76.87566595,A,0.25288,0.18219,0.0122,0,20161871725
16,2016187,1900,2016,187,19,0,NA,NA,A,NA,NA,NA,NA,20161871900
17,2016188,1450,2016,188,14,50,NA,NA,T,NA,NA,NA,NA,20161881450
18,2016188,1625,2016,188,16,25,NA,NA,A,NA,NA,NA,NA,20161881625
19,2016188,1630,2016,188,16,30,NA,NA,T,NA,NA,NA,NA,20161881630
20,2016188,1805,2016,188,18,5,NA,NA,A,NA,NA,NA,NA,20161881805
21,2016189,1355,2016,189,13,55,NA,NA,T,NA,NA,NA,NA,20161891355
22,2016189,1535,2016,189,15,35,39.0375,-76.84420565,T,0.26532,0.19132,0.0202,0,20161891535
23,2016189,1710,2016,189,17,10,NA,NA,A,NA,NA,NA,NA,20161891710
24,2016189,1850,2016,189,18,50,NA,NA,A,NA,NA,NA,NA,20161891850
25,2016190,1440,2016,190,14,40,NA,NA,T,NA,NA,NA,NA,20161901440
26,2016190,1615,2016,190,16,15,39.02083333,-76.84754009,T,0.344,0.24886,0.0336,0,20161901615
27,2016190,1755,2016,190,17,55,NA,NA,A,NA,NA,NA,NA,20161901755
28,2016191,1520,2016,191,15,20,NA,NA,T,NA,NA,NA,NA,20161911520
29,2016191,1655,2016,191,16,55,NA,NA,T,NA,NA,NA,NA,20161911655
30,2016191,1700,2016,191,17,0,NA,NA,A,NA,NA,NA,NA,20161911700
31,2016191,1835,2016,191,18,35,NA,NA,A,NA,NA,NA,NA,20161911835
32,2016192,1425,2016,192,14,25,NA,NA,T,NA,NA,NA,NA,20161921425
33,2016192,1605,2016,192,16,5,39.00416666,-76.81870857,T,0.3615,0.26175,0.0353,0,20161921605
34,2016192,1740,2016,192,17,40,NA,NA,A,NA,NA,NA,NA,20161921740
35,2016193,1510,2016,193,15,10,NA,NA,T,NA,NA,NA,NA,20161931510
36,2016193,1645,2016,193,16,45,NA,NA,A,NA,NA,NA,NA,20161931645
37,2016193,1645,2016,193,16,45,NA,NA,T,NA,NA,NA,NA,20161931645
38,2016193,1825,2016,193,18,25,NA,NA,A,NA,NA,NA,NA,20161931825
39,2016194,1415,2016,194,14,15,NA,NA,T,NA,NA,NA,NA,20161941415
40,2016194,1550,2016,194,15,50,NA,NA,T,NA,NA,NA,NA,20161941550
41,2016194,1730,2016,194,17,30,NA,NA,A,NA,NA,NA,NA,20161941730
42,2016194,1905,2016,194,19,5,NA,NA,A,NA,NA,NA,NA,20161941905
43,2016195,1455,2016,195,14,55,NA,NA,T,NA,NA,NA,NA,20161951455
44,2016195,1635,2016,195,16,35,NA,NA,A,NA,NA,NA,NA,20161951635
45,2016195,1635,2016,195,16,35,NA,NA,T,NA,NA,NA,NA,20161951635
46,2016195,1810,2016,195,18,10,NA,NA,A,NA,NA,NA,NA,20161951810
47,2016196,1400,2016,196,14,0,NA,NA,T,NA,NA,NA,NA,20161961400
48,2016196,1540,2016,196,15,40,39.0375,-76.88712039,T,0.17193,0.12339,0.0238,0,20161961540
49,2016196,1715,2016,196,17,15,NA,NA,A,NA,NA,NA,NA,20161961715
50,2016196,1855,2016,196,18,55,NA,NA,A,NA,NA,NA,NA,20161961855
51,2016197,1445,2016,197,14,45,NA,NA,T,NA,NA,NA,NA,20161971445
52,2016197,1620,2016,197,16,20,NA,NA,A,NA,NA,NA,NA,20161971620
53,2016197,1620,2016,197,16,20,NA,NA,T,NA,NA,NA,NA,20161971620
54,2016197,1800,2016,197,18,0,NA,NA,A,NA,NA,NA,NA,20161971800
55,2016198,1530,2016,198,15,30,NA,NA,T,NA,NA,NA,NA,20161981530
56,2016198,1705,2016,198,17,5,NA,NA,A,NA,NA,NA,NA,20161981705
57,2016198,1705,2016,198,17,5,NA,NA,T,NA,NA,NA,NA,20161981705
58,2016198,1840,2016,198,18,40,NA,NA,A,NA,NA,NA,NA,20161981840
59,2016199,1430,2016,199,14,30,NA,NA,T,NA,NA,NA,NA,20161991430
60,2016199,1610,2016,199,16,10,38.95416666,-76.82877894,T,0.3,0.217,0.0465,0,20161991610
61,2016199,1745,2016,199,17,45,NA,NA,A,NA,NA,NA,NA,20161991745
62,2016200,1515,2016,200,15,15,39.0375,-76.88712039,T,0.21274,0.1531,0.0125,0,20162001515
63,2016200,1650,2016,200,16,50,NA,NA,A,NA,NA,NA,NA,20162001650
64,2016200,1650,2016,200,16,50,NA,NA,T,NA,NA,NA,NA,20162001650
65,2016200,1830,2016,200,18,30,39.02083333,-76.82608777,A,0.474,0.3445,0.0284,0,20162001830
66,2016201,1420,2016,201,14,20,NA,NA,T,NA,NA,NA,NA,20162011420
67,2016201,1600,2016,201,16,0,NA,NA,T,NA,NA,NA,NA,20162011600
68,2016201,1735,2016,201,17,35,38.97083333,-76.78254291,A,0.4,0.29,0.0164,0,20162011735
69,2016201,1915,2016,201,19,15,NA,NA,A,NA,NA,NA,NA,20162011915
70,2016202,1505,2016,202,15,5,NA,NA,T,NA,NA,NA,NA,20162021505
71,2016202,1640,2016,202,16,40,NA,NA,A,NA,NA,NA,NA,20162021640
72,2016202,1640,2016,202,16,40,38.97916666,-76.81301838,T,0.368,0.266,0.0168,0,20162021640
73,2016202,1815,2016,202,18,15,NA,NA,A,NA,NA,NA,NA,20162021815
74,2016203,1410,2016,203,14,10,NA,NA,T,NA,NA,NA,NA,20162031410
75,2016203,1545,2016,203,15,45,39.0375,-76.88712039,T,0.2229,0.16058,0.0272,0,20162031545
76,2016203,1725,2016,203,17,25,NA,NA,A,NA,NA,NA,NA,20162031725
77,2016203,1900,2016,203,19,0,NA,NA,A,NA,NA,NA,NA,20162031900
78,2016204,1450,2016,204,14,50,NA,NA,T,NA,NA,NA,NA,20162041450
79,2016204,1625,2016,204,16,25,NA,NA,A,NA,NA,NA,NA,20162041625
80,2016204,1630,2016,204,16,30,39.02916666,-76.88878193,T,0.54116,0.39395,0.0276,0,20162041630
81,2016204,1805,2016,204,18,5,NA,NA,A,NA,NA,NA,NA,20162041805
82,2016205,1355,2016,205,13,55,NA,NA,T,NA,NA,NA,NA,20162051355
83,2016205,1535,2016,205,15,35,39.0375,-76.88712039,T,0.21428,0.15432,0.0202,0,20162051535
84,2016205,1710,2016,205,17,10,NA,NA,A,NA,NA,NA,NA,20162051710
85,2016205,1850,2016,205,18,50,39.0375,-76.88712039,A,0.23453,0.169,0.0185,0,20162051850
86,2016206,1440,2016,206,14,40,NA,NA,T,NA,NA,NA,NA,20162061440
87,2016206,1615,2016,206,16,15,NA,NA,T,NA,NA,NA,NA,20162061615
88,2016206,1755,2016,206,17,55,NA,NA,A,NA,NA,NA,NA,20162061755
89,2016207,1520,2016,207,15,20,39.0375,-76.88712039,T,0.34686,0.2509,0.0143,0,20162071520
90,2016207,1655,2016,207,16,55,39.00416666,-76.79726131,T,0.438,0.318,0.01,0,20162071655
91,2016207,1700,2016,207,17,0,NA,NA,A,NA,NA,NA,NA,20162071700
92,2016207,1835,2016,207,18,35,NA,NA,A,NA,NA,NA,NA,20162071835
93,2016208,1425,2016,208,14,25,NA,NA,T,NA,NA,NA,NA,20162081425
94,2016208,1605,2016,208,16,5,NA,NA,T,NA,NA,NA,NA,20162081605
95,2016208,1740,2016,208,17,40,NA,NA,A,NA,NA,NA,NA,20162081740
96,2016209,1510,2016,209,15,10,NA,NA,T,NA,NA,NA,NA,20162091510
97,2016209,1645,2016,209,16,45,NA,NA,A,NA,NA,NA,NA,20162091645
98,2016209,1645,2016,209,16,45,NA,NA,T,NA,NA,NA,NA,20162091645
99,2016209,1825,2016,209,18,25,NA,NA,A,NA,NA,NA,NA,20162091825
100,2016210,1415,2016,210,14,15,NA,NA,T,NA,NA,NA,NA,20162101415
101,2016210,1550,2016,210,15,50,NA,NA,T,NA,NA,NA,NA,20162101550
102,2016210,1730,2016,210,17,30,NA,NA,A,NA,NA,NA,NA,20162101730
103,2016210,1905,2016,210,19,5,NA,NA,A,NA,NA,NA,NA,20162101905
104,2016211,1455,2016,211,14,55,NA,NA,T,NA,NA,NA,NA,20162111455
105,2016211,1635,2016,211,16,35,NA,NA,A,NA,NA,NA,NA,20162111635
106,2016211,1635,2016,211,16,35,38.95416666,-76.86092711,T,0.4855,0.3525,0.0222,0,20162111635
107,2016211,1810,2016,211,18,10,NA,NA,A,NA,NA,NA,NA,20162111810
108,2016212,1400,2016,212,14,0,NA,NA,T,NA,NA,NA,NA,20162121400
109,2016212,1540,2016,212,15,40,39.02916666,-76.86732709,T,0.51462,0.37362,0.0221,0,20162121540
110,2016212,1715,2016,212,17,15,NA,NA,A,NA,NA,NA,NA,20162121715
111,2016212,1855,2016,212,18,55,NA,NA,A,NA,NA,NA,NA,20162121855
112,2016213,1445,2016,213,14,45,NA,NA,T,NA,NA,NA,NA,20162131445
113,2016213,1620,2016,213,16,20,NA,NA,A,NA,NA,NA,NA,20162131620
114,2016213,1620,2016,213,16,20,38.97916666,-76.85589774,T,0.41121,0.29842,0.0302,0,20162131620
115,2016213,1800,2016,213,18,0,NA,NA,A,NA,NA,NA,NA,20162131800
116,2016214,1530,2016,214,15,30,39.0375,-76.88712039,T,0.563,0.411,0.0164,0,20162141530
117,2016214,1705,2016,214,17,5,NA,NA,A,NA,NA,NA,NA,20162141705
118,2016214,1705,2016,214,17,5,NA,NA,T,NA,NA,NA,NA,20162141705
119,2016214,1840,2016,214,18,40,NA,NA,A,NA,NA,NA,NA,20162141840
120,2016215,1430,2016,215,14,30,NA,NA,T,NA,NA,NA,NA,20162151430
121,2016215,1610,2016,215,16,10,NA,NA,T,NA,NA,NA,NA,20162151610
122,2016215,1745,2016,215,17,45,NA,NA,A,NA,NA,NA,NA,20162151745
123,2016216,1515,2016,216,15,15,NA,NA,T,NA,NA,NA,NA,20162161515
124,2016216,1650,2016,216,16,50,NA,NA,A,NA,NA,NA,NA,20162161650
125,2016216,1650,2016,216,16,50,NA,NA,T,NA,NA,NA,NA,20162161650
126,2016216,1830,2016,216,18,30,NA,NA,A,NA,NA,NA,NA,20162161830
127,2016217,1420,2016,217,14,20,NA,NA,T,NA,NA,NA,NA,20162171420
128,2016217,1600,2016,217,16,0,39.00416666,-76.80798494,T,0.2155,0.155,0.0334,0,20162171600
129,2016217,1735,2016,217,17,35,39.0375,-76.88712039,A,0.25907,0.1867,0.0155,0,20162171735
130,2016217,1915,2016,217,19,15,NA,NA,A,NA,NA,NA,NA,20162171915
131,2016218,1505,2016,218,15,5,NA,NA,T,NA,NA,NA,NA,20162181505
132,2016218,1640,2016,218,16,40,NA,NA,A,NA,NA,NA,NA,20162181640
133,2016218,1640,2016,218,16,40,NA,NA,T,NA,NA,NA,NA,20162181640
134,2016218,1815,2016,218,18,15,NA,NA,A,NA,NA,NA,NA,20162181815
135,2016219,1410,2016,219,14,10,NA,NA,T,NA,NA,NA,NA,20162191410
136,2016219,1545,2016,219,15,45,38.95416666,-76.79663076,T,0.507,0.368,0.0265,0,20162191545
137,2016219,1725,2016,219,17,25,NA,NA,A,NA,NA,NA,NA,20162191725
138,2016219,1900,2016,219,19,0,NA,NA,A,NA,NA,NA,NA,20162191900
139,2016220,1450,2016,220,14,50,NA,NA,T,NA,NA,NA,NA,20162201450
140,2016220,1625,2016,220,16,25,NA,NA,A,NA,NA,NA,NA,20162201625
141,2016220,1630,2016,220,16,30,39.0375,-76.88712039,T,0.1708,0.1228,0.0236,0,20162201630
142,2016220,1805,2016,220,18,5,39.0375,-76.8763917,A,0.1685,0.121,0.0321,0,20162201805
143,2016221,1355,2016,221,13,55,NA,NA,T,NA,NA,NA,NA,20162211355
144,2016221,1535,2016,221,15,35,NA,NA,T,NA,NA,NA,NA,20162211535
145,2016221,1710,2016,221,17,10,NA,NA,A,NA,NA,NA,NA,20162211710
146,2016221,1850,2016,221,18,50,NA,NA,A,NA,NA,NA,NA,20162211850
147,2016222,1440,2016,222,14,40,NA,NA,T,NA,NA,NA,NA,20162221440
148,2016222,1615,2016,222,16,15,NA,NA,T,NA,NA,NA,NA,20162221615
149,2016222,1755,2016,222,17,55,NA,NA,A,NA,NA,NA,NA,20162221755
150,2016223,1520,2016,223,15,20,NA,NA,T,NA,NA,NA,NA,20162231520
151,2016223,1655,2016,223,16,55,NA,NA,T,NA,NA,NA,NA,20162231655
152,2016223,1700,2016,223,17,0,NA,NA,A,NA,NA,NA,NA,20162231700
153,2016223,1835,2016,223,18,35,39.02916666,-76.80296257,A,0.23427,0.16887,0.0219,0,20162231835
154,2016224,1425,2016,224,14,25,NA,NA,T,NA,NA,NA,NA,20162241425
155,2016224,1605,2016,224,16,5,39.0375,-76.85493433,T,0.24074,0.17347,0.0336,0,20162241605
156,2016224,1740,2016,224,17,40,39.0125,-76.87065893,A,0.238,0.171,0.017,0,20162241740
157,2016225,1510,2016,225,15,10,NA,NA,T,NA,NA,NA,NA,20162251510
158,2016225,1645,2016,225,16,45,NA,NA,A,NA,NA,NA,NA,20162251645
159,2016225,1645,2016,225,16,45,39.0375,-76.83347696,T,0.15313,0.10987,0.0128,0,20162251645
160,2016225,1825,2016,225,18,25,NA,NA,A,NA,NA,NA,NA,20162251825
161,2016226,1415,2016,226,14,15,NA,NA,T,NA,NA,NA,NA,20162261415
162,2016226,1550,2016,226,15,50,39.0375,-76.88712039,T,0.14293,0.10257,0.0286,0,20162261550
163,2016226,1730,2016,226,17,30,38.9625,-76.78422819,A,0.216,0.155,0.0125,0,20162261730
164,2016226,1905,2016,226,19,5,NA,NA,A,NA,NA,NA,NA,20162261905
165,2016227,1455,2016,227,14,55,NA,NA,T,NA,NA,NA,NA,20162271455
166,2016227,1635,2016,227,16,35,NA,NA,A,NA,NA,NA,NA,20162271635
167,2016227,1635,2016,227,16,35,NA,NA,T,NA,NA,NA,NA,20162271635
168,2016227,1810,2016,227,18,10,NA,NA,A,NA,NA,NA,NA,20162271810
169,2016228,1400,2016,228,14,0,NA,NA,T,NA,NA,NA,NA,20162281400
170,2016228,1540,2016,228,15,40,39.0375,-76.88712039,T,0.09717,0.06958,0.0218,0,20162281540
171,2016228,1715,2016,228,17,15,NA,NA,A,NA,NA,NA,NA,20162281715
172,2016228,1855,2016,228,18,55,NA,NA,A,NA,NA,NA,NA,20162281855
173,2016229,1445,2016,229,14,45,NA,NA,T,NA,NA,NA,NA,20162291445
174,2016229,1620,2016,229,16,20,NA,NA,A,NA,NA,NA,NA,20162291620
175,2016229,1620,2016,229,16,20,39.0375,-76.88712039,T,0.21152,0.15228,0.0281,0,20162291620
176,2016229,1800,2016,229,18,0,39.0375,-76.88712039,A,0.16165,0.11599,0.0308,0,20162291800
177,2016230,1525,2016,230,15,25,NA,NA,T,NA,NA,NA,NA,20162301525
178,2016230,1705,2016,230,17,5,NA,NA,A,NA,NA,NA,NA,20162301705
179,2016230,1705,2016,230,17,5,NA,NA,T,NA,NA,NA,NA,20162301705
180,2016230,1840,2016,230,18,40,39.0375,-76.88712039,A,0.212,0.1525,0.0197,0,20162301840
181,2016231,1430,2016,231,14,30,NA,NA,T,NA,NA,NA,NA,20162311430
182,2016231,1610,2016,231,16,10,NA,NA,T,NA,NA,NA,NA,20162311610
183,2016231,1745,2016,231,17,45,NA,NA,A,NA,NA,NA,NA,20162311745
184,2016232,1515,2016,232,15,15,NA,NA,T,NA,NA,NA,NA,20162321515
185,2016232,1650,2016,232,16,50,NA,NA,A,NA,NA,NA,NA,20162321650
186,2016232,1650,2016,232,16,50,NA,NA,T,NA,NA,NA,NA,20162321650
187,2016232,1830,2016,232,18,30,39.02916666,-76.83514483,A,0.20262,0.14562,0.0253,0,20162321830
188,2016233,1420,2016,233,14,20,NA,NA,T,NA,NA,NA,NA,20162331420
189,2016233,1600,2016,233,16,0,39.0375,-76.81201959,T,0.2992,0.216,0.03,0,20162331600
190,2016233,1735,2016,233,17,35,39.0375,-76.85493433,A,0.289,0.20859,0.0134,0,20162331735
191,2016233,1915,2016,233,19,15,NA,NA,A,NA,NA,NA,NA,20162331915
192,2016234,1505,2016,234,15,5,NA,NA,T,NA,NA,NA,NA,20162341505
193,2016234,1640,2016,234,16,40,NA,NA,A,NA,NA,NA,NA,20162341640
194,2016234,1640,2016,234,16,40,NA,NA,T,NA,NA,NA,NA,20162341640
195,2016234,1815,2016,234,18,15,NA,NA,A,NA,NA,NA,NA,20162341815
196,2016235,1405,2016,235,14,5,NA,NA,T,NA,NA,NA,NA,20162351405
197,2016235,1545,2016,235,15,45,39.0375,-76.88712039,T,0.10472,0.07493,0.025,0,20162351545
198,2016235,1725,2016,235,17,25,NA,NA,A,NA,NA,NA,NA,20162351725
199,2016235,1900,2016,235,19,0,NA,NA,A,NA,NA,NA,NA,20162351900
200,2016236,1450,2016,236,14,50,NA,NA,T,NA,NA,NA,NA,20162361450
201,2016236,1625,2016,236,16,25,NA,NA,A,NA,NA,NA,NA,20162361625
202,2016236,1630,2016,236,16,30,39.00416666,-76.80798494,T,0.09157,0.06561,0.0208,0,20162361630
203,2016236,1805,2016,236,18,5,NA,NA,A,NA,NA,NA,NA,20162361805
204,2016237,1355,2016,237,13,55,NA,NA,T,NA,NA,NA,NA,20162371355
205,2016237,1535,2016,237,15,35,39.0375,-76.88712039,T,0.14985,0.10748,0.018,0,20162371535
206,2016237,1710,2016,237,17,10,NA,NA,A,NA,NA,NA,NA,20162371710
207,2016237,1850,2016,237,18,50,NA,NA,A,NA,NA,NA,NA,20162371850
208,2016238,1440,2016,238,14,40,NA,NA,T,NA,NA,NA,NA,20162381440
209,2016238,1615,2016,238,16,15,NA,NA,T,NA,NA,NA,NA,20162381615
210,2016238,1755,2016,238,17,55,NA,NA,A,NA,NA,NA,NA,20162381755
211,2016239,1520,2016,239,15,20,39.02916666,-76.84587225,T,0.13485,0.09668,0.0124,0,20162391520
212,2016239,1655,2016,239,16,55,NA,NA,T,NA,NA,NA,NA,20162391655
213,2016239,1700,2016,239,17,0,NA,NA,A,NA,NA,NA,NA,20162391700
214,2016239,1835,2016,239,18,35,NA,NA,A,NA,NA,NA,NA,20162391835
215,2016240,1425,2016,240,14,25,NA,NA,T,NA,NA,NA,NA,20162401425
216,2016240,1605,2016,240,16,5,39.0375,-76.88712039,T,0.21682,0.15605,0.0344,0,20162401605
217,2016240,1740,2016,240,17,40,39.0375,-76.88712039,A,0.20324,0.14617,0.0158,0,20162401740
218,2016241,1510,2016,241,15,10,NA,NA,T,NA,NA,NA,NA,20162411510
219,2016241,1645,2016,241,16,45,NA,NA,A,NA,NA,NA,NA,20162411645
220,2016241,1645,2016,241,16,45,39.0375,-76.88712039,T,0.10175,0.07292,0.012,0,20162411645
221,2016241,1825,2016,241,18,25,39.0375,-76.88712039,A,0.11031,0.07911,0.03,0,20162411825
222,2016242,1415,2016,242,14,15,NA,NA,T,NA,NA,NA,NA,20162421415
223,2016242,1550,2016,242,15,50,NA,NA,T,NA,NA,NA,NA,20162421550
224,2016242,1730,2016,242,17,30,NA,NA,A,NA,NA,NA,NA,20162421730
225,2016242,1905,2016,242,19,5,38.9875,-76.84350264,A,0.077,0.055,0.0097,0,20162421905
226,2016243,1455,2016,243,14,55,NA,NA,T,NA,NA,NA,NA,20162431455
227,2016243,1635,2016,243,16,35,NA,NA,A,NA,NA,NA,NA,20162431635
228,2016243,1635,2016,243,16,35,39.0375,-76.88712039,T,0.10787,0.07734,0.017,0,20162431635
229,2016243,1810,2016,243,18,10,39.0375,-76.88712039,A,0.13985,0.10038,0.0334,0,20162431810
230,2016244,1400,2016,244,14,0,NA,NA,T,NA,NA,NA,NA,20162441400
231,2016244,1540,2016,244,15,40,39.0375,-76.85493433,T,0.3425,0.24783,0.0199,0,20162441540
232,2016244,1715,2016,244,17,15,NA,NA,A,NA,NA,NA,NA,20162441715
233,2016244,1855,2016,244,18,55,NA,NA,A,NA,NA,NA,NA,20162441855
234,2016245,1445,2016,245,14,45,NA,NA,T,NA,NA,NA,NA,20162451445
235,2016245,1620,2016,245,16,20,NA,NA,A,NA,NA,NA,NA,20162451620
236,2016245,1620,2016,245,16,20,NA,NA,T,NA,NA,NA,NA,20162451620
237,2016245,1800,2016,245,18,0,NA,NA,A,NA,NA,NA,NA,20162451800
238,2016246,1525,2016,246,15,25,NA,NA,T,NA,NA,NA,NA,20162461525
239,2016246,1705,2016,246,17,5,NA,NA,A,NA,NA,NA,NA,20162461705
240,2016246,1705,2016,246,17,5,NA,NA,T,NA,NA,NA,NA,20162461705
241,2016246,1840,2016,246,18,40,NA,NA,A,NA,NA,NA,NA,20162461840
242,2016247,1430,2016,247,14,30,NA,NA,T,NA,NA,NA,NA,20162471430
243,2016247,1610,2016,247,16,10,NA,NA,T,NA,NA,NA,NA,20162471610
244,2016247,1745,2016,247,17,45,NA,NA,A,NA,NA,NA,NA,20162471745
245,2016248,1515,2016,248,15,15,NA,NA,T,NA,NA,NA,NA,20162481515
246,2016248,1650,2016,248,16,50,NA,NA,A,NA,NA,NA,NA,20162481650
247,2016248,1650,2016,248,16,50,39.0375,-76.80129091,T,0.32644,0.236,0.0092,0,20162481650
248,2016248,1830,2016,248,18,30,39.0375,-76.88712039,A,0.21276,0.15311,0.0254,0,20162481830
249,2016249,1420,2016,249,14,20,NA,NA,T,NA,NA,NA,NA,20162491420
250,2016249,1600,2016,249,16,0,39.0375,-76.84420565,T,0.25977,0.18723,0.0302,0,20162491600
251,2016249,1735,2016,249,17,35,NA,NA,A,NA,NA,NA,NA,20162491735
252,2016249,1915,2016,249,19,15,NA,NA,A,NA,NA,NA,NA,20162491915
253,2016250,1505,2016,250,15,5,NA,NA,T,NA,NA,NA,NA,20162501505
254,2016250,1640,2016,250,16,40,NA,NA,A,NA,NA,NA,NA,20162501640
255,2016250,1640,2016,250,16,40,39.0375,-76.88712039,T,0.11355,0.08137,0.0135,0,20162501640
256,2016250,1815,2016,250,18,15,39.0375,-76.88712039,A,0.21122,0.15191,0.032,0,20162501815
257,2016251,1405,2016,251,14,5,NA,NA,T,NA,NA,NA,NA,20162511405
258,2016251,1545,2016,251,15,45,39.0375,-76.88712039,T,0.28213,0.20339,0.0238,0,20162511545
259,2016251,1725,2016,251,17,25,39.00416666,-76.89377396,A,0.3206,0.2316,0.0088,0,20162511725
260,2016251,1900,2016,251,19,0,38.9875,-76.78989713,A,0.4185,0.3035,0.0104,0,20162511900
261,2016252,1450,2016,252,14,50,NA,NA,T,NA,NA,NA,NA,20162521450
262,2016252,1625,2016,252,16,25,NA,NA,A,NA,NA,NA,NA,20162521625
263,2016252,1625,2016,252,16,25,39.0375,-76.88712039,T,0.2941,0.21219,0.0198,0,20162521625
264,2016252,1805,2016,252,18,5,NA,NA,A,NA,NA,NA,NA,20162521805
265,2016253,1355,2016,253,13,55,NA,NA,T,NA,NA,NA,NA,20162531355
266,2016253,1535,2016,253,15,35,39.00416666,-76.80798494,T,0.29235,0.21096,0.0163,0,20162531535
267,2016253,1710,2016,253,17,10,NA,NA,A,NA,NA,NA,NA,20162531710
268,2016253,1850,2016,253,18,50,NA,NA,A,NA,NA,NA,NA,20162531850
269,2016254,1440,2016,254,14,40,NA,NA,T,NA,NA,NA,NA,20162541440
270,2016254,1615,2016,254,16,15,39.00416666,-76.79726131,T,0.32775,0.23717,0.0267,0,20162541615
271,2016254,1755,2016,254,17,55,39.02083333,-76.79390931,A,0.35533,0.257,0.0196,0,20162541755
272,2016255,1520,2016,255,15,20,NA,NA,T,NA,NA,NA,NA,20162551520
273,2016255,1655,2016,255,16,55,NA,NA,T,NA,NA,NA,NA,20162551655
274,2016255,1700,2016,255,17,0,NA,NA,A,NA,NA,NA,NA,20162551700
275,2016255,1835,2016,255,18,35,NA,NA,A,NA,NA,NA,NA,20162551835
276,2016256,1425,2016,256,14,25,NA,NA,T,NA,NA,NA,NA,20162561425
277,2016256,1605,2016,256,16,5,39.0375,-76.88712039,T,0.1015,0.07273,0.0317,0,20162561605
278,2016256,1740,2016,256,17,40,39.0375,-76.88712039,A,0.06268,0.04475,0.0134,0,20162561740
279,2016257,1510,2016,257,15,10,NA,NA,T,NA,NA,NA,NA,20162571510
280,2016257,1645,2016,257,16,45,NA,NA,A,NA,NA,NA,NA,20162571645
281,2016257,1645,2016,257,16,45,39.0375,-76.88712039,T,0.12658,0.09077,0.0107,0,20162571645
282,2016257,1825,2016,257,18,25,39.00416666,-76.89377396,A,0.194,0.1395,0.0283,0,20162571825
283,2016258,1415,2016,258,14,15,NA,NA,T,NA,NA,NA,NA,20162581415
284,2016258,1550,2016,258,15,50,39.0375,-76.88712039,T,0.10802,0.0774,0.026,0,20162581550
285,2016258,1730,2016,258,17,30,39.0375,-76.88712039,A,0.09394,0.06726,0.0094,0,20162581730
286,2016258,1905,2016,258,19,5,39.0375,-76.88712039,A,0.04061,0.02897,0.009,0,20162581905
287,2016259,1455,2016,259,14,55,NA,NA,T,NA,NA,NA,NA,20162591455
288,2016259,1635,2016,259,16,35,NA,NA,A,NA,NA,NA,NA,20162591635
289,2016259,1635,2016,259,16,35,NA,NA,T,NA,NA,NA,NA,20162591635
290,2016259,1810,2016,259,18,10,NA,NA,A,NA,NA,NA,NA,20162591810
291,2016260,1400,2016,260,14,0,NA,NA,T,NA,NA,NA,NA,20162601400
292,2016260,1540,2016,260,15,40,39.0375,-76.83347696,T,0.37422,0.27089,0.0183,0,20162601540
293,2016260,1715,2016,260,17,15,NA,NA,A,NA,NA,NA,NA,20162601715
294,2016260,1855,2016,260,18,55,NA,NA,A,NA,NA,NA,NA,20162601855
295,2016261,1445,2016,261,14,45,NA,NA,T,NA,NA,NA,NA,20162611445
296,2016261,1620,2016,261,16,20,NA,NA,A,NA,NA,NA,NA,20162611620
297,2016261,1620,2016,261,16,20,NA,NA,T,NA,NA,NA,NA,20162611620
298,2016261,1800,2016,261,18,0,NA,NA,A,NA,NA,NA,NA,20162611800
299,2016262,1525,2016,262,15,25,NA,NA,T,NA,NA,NA,NA,20162621525
300,2016262,1700,2016,262,17,0,NA,NA,T,NA,NA,NA,NA,20162621700
301,2016262,1705,2016,262,17,5,NA,NA,A,NA,NA,NA,NA,20162621705
302,2016262,1840,2016,262,18,40,NA,NA,A,NA,NA,NA,NA,20162621840
303,2016263,1430,2016,263,14,30,NA,NA,T,NA,NA,NA,NA,20162631430
304,2016263,1610,2016,263,16,10,NA,NA,T,NA,NA,NA,NA,20162631610
305,2016263,1745,2016,263,17,45,NA,NA,A,NA,NA,NA,NA,20162631745
306,2016264,1515,2016,264,15,15,NA,NA,T,NA,NA,NA,NA,20162641515
307,2016264,1650,2016,264,16,50,NA,NA,A,NA,NA,NA,NA,20162641650
308,2016264,1650,2016,264,16,50,NA,NA,T,NA,NA,NA,NA,20162641650
309,2016264,1830,2016,264,18,30,NA,NA,A,NA,NA,NA,NA,20162641830
310,2016265,1420,2016,265,14,20,NA,NA,T,NA,NA,NA,NA,20162651420
311,2016265,1600,2016,265,16,0,NA,NA,T,NA,NA,NA,NA,20162651600
312,2016265,1735,2016,265,17,35,NA,NA,A,NA,NA,NA,NA,20162651735
313,2016265,1915,2016,265,19,15,NA,NA,A,NA,NA,NA,NA,20162651915
314,2016266,1505,2016,266,15,5,NA,NA,T,NA,NA,NA,NA,20162661505
315,2016266,1640,2016,266,16,40,NA,NA,A,NA,NA,NA,NA,20162661640
316,2016266,1640,2016,266,16,40,39.0375,-76.88712039,T,0.07811,0.05586,0.012,0,20162661640
317,2016266,1815,2016,266,18,15,39.0375,-76.88712039,A,0.13896,0.09969,0.0277,0,20162661815
318,2016267,1405,2016,267,14,5,NA,NA,T,NA,NA,NA,NA,20162671405
319,2016267,1545,2016,267,15,45,39.0375,-76.88712039,T,0.10066,0.07205,0.0216,0,20162671545
320,2016267,1720,2016,267,17,20,39.0375,-76.88712039,A,0.1021,0.07318,0.0072,0,20162671720
321,2016267,1900,2016,267,19,0,39.0375,-76.88712039,A,0.08151,0.0583,0.0094,0,20162671900
322,2016268,1450,2016,268,14,50,NA,NA,T,NA,NA,NA,NA,20162681450
323,2016268,1625,2016,268,16,25,NA,NA,A,NA,NA,NA,NA,20162681625
324,2016268,1625,2016,268,16,25,NA,NA,T,NA,NA,NA,NA,20162681625
325,2016268,1805,2016,268,18,5,NA,NA,A,NA,NA,NA,NA,20162681805
326,2016269,1355,2016,269,13,55,NA,NA,T,NA,NA,NA,NA,20162691355
327,2016269,1535,2016,269,15,35,39.0375,-76.88712039,T,0.07418,0.05303,0.0152,0,20162691535
328,2016269,1710,2016,269,17,10,NA,NA,A,NA,NA,NA,NA,20162691710
329,2016269,1850,2016,269,18,50,39.0375,-76.88712039,A,0.09904,0.07095,0.013,0,20162691850
330,2016270,1440,2016,270,14,40,NA,NA,T,NA,NA,NA,NA,20162701440
331,2016270,1615,2016,270,16,15,NA,NA,T,NA,NA,NA,NA,20162701615
332,2016270,1755,2016,270,17,55,NA,NA,A,NA,NA,NA,NA,20162701755
333,2016271,1520,2016,271,15,20,NA,NA,T,NA,NA,NA,NA,20162711520
334,2016271,1655,2016,271,16,55,NA,NA,T,NA,NA,NA,NA,20162711655
335,2016271,1700,2016,271,17,0,NA,NA,A,NA,NA,NA,NA,20162711700
336,2016271,1835,2016,271,18,35,39.0375,-76.79056222,A,0.11602,0.08323,0.0167,0,20162711835
337,2016272,1425,2016,272,14,25,NA,NA,T,NA,NA,NA,NA,20162721425
338,2016272,1605,2016,272,16,5,NA,NA,T,NA,NA,NA,NA,20162721605
339,2016272,1740,2016,272,17,40,NA,NA,A,NA,NA,NA,NA,20162721740
340,2016273,1510,2016,273,15,10,NA,NA,T,NA,NA,NA,NA,20162731510
341,2016273,1645,2016,273,16,45,NA,NA,A,NA,NA,NA,NA,20162731645
342,2016273,1645,2016,273,16,45,NA,NA,T,NA,NA,NA,NA,20162731645
343,2016273,1825,2016,273,18,25,NA,NA,A,NA,NA,NA,NA,20162731825
344,2016274,1415,2016,274,14,15,NA,NA,T,NA,NA,NA,NA,20162741415
345,2016274,1550,2016,274,15,50,NA,NA,T,NA,NA,NA,NA,20162741550
346,2016274,1730,2016,274,17,30,NA,NA,A,NA,NA,NA,NA,20162741730
347,2016274,1905,2016,274,19,5,NA,NA,A,NA,NA,NA,NA,20162741905
1,2016275,1455,2016,275,14,55,NA,NA,T,NA,NA,NA,NA,20162751455
2,2016275,1635,2016,275,16,35,NA,NA,A,NA,NA,NA,NA,20162751635
3,2016275,1635,2016,275,16,35,NA,NA,T,NA,NA,NA,NA,20162751635
4,2016275,1810,2016,275,18,10,NA,NA,A,NA,NA,NA,NA,20162751810
5,2016276,1400,2016,276,14,0,NA,NA,T,NA,NA,NA,NA,20162761400
6,2016276,1540,2016,276,15,40,NA,NA,T,NA,NA,NA,NA,20162761540
7,2016276,1715,2016,276,17,15,NA,NA,A,NA,NA,NA,NA,20162761715
8,2016276,1855,2016,276,18,55,NA,NA,A,NA,NA,NA,NA,20162761855
9,2016277,1445,2016,277,14,45,NA,NA,T,NA,NA,NA,NA,20162771445
10,2016277,1620,2016,277,16,20,NA,NA,A,NA,NA,NA,NA,20162771620
11,2016277,1620,2016,277,16,20,NA,NA,T,NA,NA,NA,NA,20162771620
12,2016277,1800,2016,277,18,0,38.9625,-76.78422819,A,0.257,0.185,0.0207,0,20162771800
13,2016278,1525,2016,278,15,25,NA,NA,T,NA,NA,NA,NA,20162781525
14,2016278,1705,2016,278,17,5,NA,NA,A,NA,NA,NA,NA,20162781705
15,2016278,1705,2016,278,17,5,NA,NA,T,NA,NA,NA,NA,20162781705
16,2016278,1840,2016,278,18,40,NA,NA,A,NA,NA,NA,NA,20162781840
17,2016279,1430,2016,279,14,30,NA,NA,T,NA,NA,NA,NA,20162791430
18,2016279,1610,2016,279,16,10,NA,NA,T,NA,NA,NA,NA,20162791610
19,2016279,1745,2016,279,17,45,NA,NA,A,NA,NA,NA,NA,20162791745
20,2016280,1515,2016,280,15,15,NA,NA,T,NA,NA,NA,NA,20162801515
21,2016280,1650,2016,280,16,50,NA,NA,A,NA,NA,NA,NA,20162801650
22,2016280,1650,2016,280,16,50,NA,NA,T,NA,NA,NA,NA,20162801650
23,2016280,1830,2016,280,18,30,NA,NA,A,NA,NA,NA,NA,20162801830
24,2016281,1420,2016,281,14,20,NA,NA,T,NA,NA,NA,NA,20162811420
25,2016281,1600,2016,281,16,0,NA,NA,T,NA,NA,NA,NA,20162811600
26,2016281,1735,2016,281,17,35,NA,NA,A,NA,NA,NA,NA,20162811735
27,2016281,1915,2016,281,19,15,NA,NA,A,NA,NA,NA,NA,20162811915
28,2016282,1500,2016,282,15,0,NA,NA,T,NA,NA,NA,NA,20162821500
29,2016282,1640,2016,282,16,40,NA,NA,A,NA,NA,NA,NA,20162821640
30,2016282,1640,2016,282,16,40,NA,NA,T,NA,NA,NA,NA,20162821640
31,2016282,1815,2016,282,18,15,NA,NA,A,NA,NA,NA,NA,20162821815
32,2016283,1405,2016,283,14,5,NA,NA,T,NA,NA,NA,NA,20162831405
33,2016283,1545,2016,283,15,45,39.02083333,-76.89044471,T,0.1874,0.13467,0.0194,0,20162831545
34,2016283,1725,2016,283,17,25,39.0375,-76.88712039,A,0.03808,0.0271,0.0057,0,20162831725
35,2016283,1900,2016,283,19,0,39.0375,-76.88712039,A,0.00652,0.00453,0.0079,0,20162831900
36,2016284,1450,2016,284,14,50,NA,NA,T,NA,NA,NA,NA,20162841450
37,2016284,1625,2016,284,16,25,NA,NA,A,NA,NA,NA,NA,20162841625
38,2016284,1625,2016,284,16,25,39.0375,-76.88712039,T,0.03223,0.02297,0.0147,0,20162841625
39,2016284,1805,2016,284,18,5,39.0375,-76.88712039,A,0.04952,0.03538,0.0209,0,20162841805
40,2016285,1355,2016,285,13,55,NA,NA,T,NA,NA,NA,NA,20162851355
41,2016285,1535,2016,285,15,35,39.0375,-76.79056222,T,0.06033,0.04333,0.0125,0,20162851535
42,2016285,1710,2016,285,17,10,NA,NA,A,NA,NA,NA,NA,20162851710
43,2016285,1850,2016,285,18,50,39.0375,-76.88712039,A,0.03338,0.02381,0.0108,0,20162851850
44,2016286,1440,2016,286,14,40,NA,NA,T,NA,NA,NA,NA,20162861440
45,2016286,1615,2016,286,16,15,NA,NA,T,NA,NA,NA,NA,20162861615
46,2016286,1755,2016,286,17,55,NA,NA,A,NA,NA,NA,NA,20162861755
47,2016287,1520,2016,287,15,20,NA,NA,T,NA,NA,NA,NA,20162871520
48,2016287,1655,2016,287,16,55,NA,NA,T,NA,NA,NA,NA,20162871655
49,2016287,1700,2016,287,17,0,NA,NA,A,NA,NA,NA,NA,20162871700
50,2016287,1835,2016,287,18,35,NA,NA,A,NA,NA,NA,NA,20162871835
51,2016288,1425,2016,288,14,25,NA,NA,T,NA,NA,NA,NA,20162881425
52,2016288,1605,2016,288,16,5,39.0375,-76.88712039,T,0.10403,0.07454,0.0241,0,20162881605
53,2016288,1740,2016,288,17,40,39.0375,-76.88712039,A,0.06623,0.04739,0.0091,0,20162881740
54,2016289,1510,2016,289,15,10,NA,NA,T,NA,NA,NA,NA,20162891510
55,2016289,1645,2016,289,16,45,NA,NA,A,NA,NA,NA,NA,20162891645
56,2016289,1645,2016,289,16,45,39.0375,-76.88712039,T,0.03582,0.02553,0.0079,0,20162891645
57,2016289,1825,2016,289,18,25,39.0375,-76.88712039,A,0.06447,0.04603,0.0208,0,20162891825
58,2016290,1415,2016,290,14,15,NA,NA,T,NA,NA,NA,NA,20162901415
59,2016290,1550,2016,290,15,50,39.00416666,-76.84015582,T,0.32309,0.23346,0.0197,0,20162901550
60,2016290,1730,2016,290,17,30,39.0375,-76.88712039,A,0.20871,0.15025,0.0061,0,20162901730
61,2016290,1905,2016,290,19,5,39.0375,-76.88712039,A,0.16303,0.11697,0.0062,0,20162901905
62,2016291,1455,2016,291,14,55,NA,NA,T,NA,NA,NA,NA,20162911455
63,2016291,1635,2016,291,16,35,NA,NA,A,NA,NA,NA,NA,20162911635
64,2016291,1635,2016,291,16,35,39.0375,-76.88712039,T,0.1441,0.10332,0.0112,0,20162911635
65,2016291,1810,2016,291,18,10,39.0375,-76.88712039,A,0.13708,0.09831,0.0208,0,20162911810
66,2016292,1400,2016,292,14,0,NA,NA,T,NA,NA,NA,NA,20162921400
67,2016292,1540,2016,292,15,40,39.0375,-76.88712039,T,0.09576,0.06857,0.0143,0,20162921540
68,2016292,1715,2016,292,17,15,NA,NA,A,NA,NA,NA,NA,20162921715
69,2016292,1855,2016,292,18,55,39.0375,-76.88712039,A,0.06483,0.04634,0.0084,0,20162921855
70,2016293,1445,2016,293,14,45,NA,NA,T,NA,NA,NA,NA,20162931445
71,2016293,1620,2016,293,16,20,NA,NA,A,NA,NA,NA,NA,20162931620
72,2016293,1620,2016,293,16,20,39.0375,-76.83347696,T,0.24789,0.17856,0.0155,0,20162931620
73,2016293,1800,2016,293,18,0,38.99583333,-76.89544044,A,0.29733,0.21467,0.0163,0,20162931800
74,2016294,1700,2016,294,17,0,NA,NA,T,NA,NA,NA,NA,20162941700
75,2016294,1705,2016,294,17,5,NA,NA,A,NA,NA,NA,NA,20162941705
76,2016294,1840,2016,294,18,40,NA,NA,A,NA,NA,NA,NA,20162941840
77,2016295,1430,2016,295,14,30,NA,NA,T,NA,NA,NA,NA,20162951430
78,2016295,1610,2016,295,16,10,39.0375,-76.88712039,T,0.2578,0.18574,0.0215,0,20162951610
79,2016295,1745,2016,295,17,45,NA,NA,A,NA,NA,NA,NA,20162951745
80,2016296,1515,2016,296,15,15,39.0375,-76.88712039,T,0.12785,0.09168,0.0071,0,20162961515
81,2016296,1650,2016,296,16,50,NA,NA,A,NA,NA,NA,NA,20162961650
82,2016296,1650,2016,296,16,50,39.0375,-76.88712039,T,0.03024,0.02152,0.0061,0,20162961650
83,2016296,1830,2016,296,18,30,38.99583333,-76.82038389,A,0.06533,0.047,0.0168,0,20162961830
84,2016297,1420,2016,297,14,20,NA,NA,T,NA,NA,NA,NA,20162971420
85,2016297,1555,2016,297,15,55,38.99583333,-76.89544044,T,0.2419,0.17415,0.0221,0,20162971555
86,2016297,1735,2016,297,17,35,39.02083333,-76.83681393,A,0.19671,0.14143,0.0066,0,20162971735
87,2016297,1915,2016,297,19,15,NA,NA,A,NA,NA,NA,NA,20162971915
88,2016298,1500,2016,298,15,0,NA,NA,T,NA,NA,NA,NA,20162981500
89,2016298,1640,2016,298,16,40,NA,NA,A,NA,NA,NA,NA,20162981640
90,2016298,1640,2016,298,16,40,NA,NA,T,NA,NA,NA,NA,20162981640
91,2016298,1815,2016,298,18,15,NA,NA,A,NA,NA,NA,NA,20162981815
92,2016299,1405,2016,299,14,5,NA,NA,T,NA,NA,NA,NA,20162991405
93,2016299,1545,2016,299,15,45,39.0375,-76.88712039,T,0.07381,0.05275,0.0165,0,20162991545
94,2016299,1725,2016,299,17,25,39.0375,-76.88712039,A,0.07395,0.053,0.0047,0,20162991725
95,2016299,1900,2016,299,19,0,39.0125,-76.83848426,A,0.04314,0.03082,0.0063,0,20162991900
96,2016300,1450,2016,300,14,50,NA,NA,T,NA,NA,NA,NA,20163001450
97,2016300,1625,2016,300,16,25,NA,NA,A,NA,NA,NA,NA,20163001625
98,2016300,1625,2016,300,16,25,NA,NA,T,NA,NA,NA,NA,20163001625
99,2016300,1805,2016,300,18,5,38.9875,-76.89710815,A,0.23333,0.16817,0.0163,0,20163001805
100,2016301,1355,2016,301,13,55,NA,NA,T,NA,NA,NA,NA,20163011355
101,2016301,1535,2016,301,15,35,NA,NA,T,NA,NA,NA,NA,20163011535
102,2016301,1710,2016,301,17,10,NA,NA,A,NA,NA,NA,NA,20163011710
103,2016301,1850,2016,301,18,50,NA,NA,A,NA,NA,NA,NA,20163011850
104,2016302,1440,2016,302,14,40,NA,NA,T,NA,NA,NA,NA,20163021440
105,2016302,1615,2016,302,16,15,39.0375,-76.88712039,T,0.06908,0.04939,0.0179,0,20163021615
106,2016302,1755,2016,302,17,55,NA,NA,A,NA,NA,NA,NA,20163021755
107,2016303,1520,2016,303,15,20,39.0375,-76.88712039,T,0.09574,0.06848,0.0079,0,20163031520
108,2016303,1655,2016,303,16,55,NA,NA,T,NA,NA,NA,NA,20163031655
109,2016303,1700,2016,303,17,0,NA,NA,A,NA,NA,NA,NA,20163031700
110,2016303,1835,2016,303,18,35,NA,NA,A,NA,NA,NA,NA,20163031835
111,2016304,1425,2016,304,14,25,NA,NA,T,NA,NA,NA,NA,20163041425
112,2016304,1605,2016,304,16,5,NA,NA,T,NA,NA,NA,NA,20163041605
113,2016304,1740,2016,304,17,40,NA,NA,A,NA,NA,NA,NA,20163041740
114,2016305,1510,2016,305,15,10,NA,NA,T,NA,NA,NA,NA,20163051510
115,2016305,1645,2016,305,16,45,NA,NA,A,NA,NA,NA,NA,20163051645
116,2016305,1645,2016,305,16,45,NA,NA,T,NA,NA,NA,NA,20163051645
117,2016305,1825,2016,305,18,25,NA,NA,A,NA,NA,NA,NA,20163051825
118,2016306,1415,2016,306,14,15,NA,NA,T,NA,NA,NA,NA,20163061415
119,2016306,1550,2016,306,15,50,NA,NA,T,NA,NA,NA,NA,20163061550
120,2016306,1730,2016,306,17,30,NA,NA,A,NA,NA,NA,NA,20163061730
121,2016306,1905,2016,306,19,5,NA,NA,A,NA,NA,NA,NA,20163061905
122,2016307,1455,2016,307,14,55,NA,NA,T,NA,NA,NA,NA,20163071455
123,2016307,1635,2016,307,16,35,NA,NA,A,NA,NA,NA,NA,20163071635
124,2016307,1635,2016,307,16,35,39.0375,-76.88712039,T,0.21776,0.15683,0.0095,0,20163071635
125,2016307,1810,2016,307,18,10,39.0375,-76.88712039,A,0.22453,0.16178,0.0189,0,20163071810
126,2016308,1400,2016,308,14,0,NA,NA,T,NA,NA,NA,NA,20163081400
127,2016308,1540,2016,308,15,40,NA,NA,T,NA,NA,NA,NA,20163081540
128,2016308,1715,2016,308,17,15,NA,NA,A,NA,NA,NA,NA,20163081715
129,2016308,1855,2016,308,18,55,NA,NA,A,NA,NA,NA,NA,20163081855
130,2016309,1445,2016,309,14,45,NA,NA,T,NA,NA,NA,NA,20163091445
131,2016309,1620,2016,309,16,20,NA,NA,A,NA,NA,NA,NA,20163091620
132,2016309,1620,2016,309,16,20,39.0375,-76.88712039,T,0.07333,0.05236,0.0142,0,20163091620
133,2016309,1800,2016,309,18,0,39.0375,-76.88712039,A,0.06459,0.04614,0.0135,0,20163091800
134,2016310,1525,2016,310,15,25,39.0375,-76.88712039,T,0.02846,0.0203,0.0089,0,20163101525
135,2016310,1700,2016,310,17,0,NA,NA,T,NA,NA,NA,NA,20163101700
136,2016310,1705,2016,310,17,5,NA,NA,A,NA,NA,NA,NA,20163101705
137,2016310,1840,2016,310,18,40,39.0375,-76.88712039,A,0.0109,0.00768,0.0107,0,20163101840
138,2016311,1430,2016,311,14,30,NA,NA,T,NA,NA,NA,NA,20163111430
139,2016311,1610,2016,311,16,10,NA,NA,T,NA,NA,NA,NA,20163111610
140,2016311,1745,2016,311,17,45,NA,NA,A,NA,NA,NA,NA,20163111745
141,2016312,1515,2016,312,15,15,39.0375,-76.88712039,T,0.03347,0.02387,0.0062,0,20163121515
142,2016312,1650,2016,312,16,50,NA,NA,A,NA,NA,NA,NA,20163121650
143,2016312,1650,2016,312,16,50,39.0375,-76.88712039,T,0.00326,0.0022,0.0052,0,20163121650
144,2016312,1830,2016,312,18,30,39.0375,-76.88712039,A,0.02631,0.01873,0.0149,0,20163121830
145,2016313,1420,2016,313,14,20,NA,NA,T,NA,NA,NA,NA,20163131420
146,2016313,1555,2016,313,15,55,39.0375,-76.88712039,T,0.07956,0.05696,0.0189,0,20163131555
147,2016313,1735,2016,313,17,35,39.0375,-76.88712039,A,0.0287,0.02044,0.0055,0,20163131735
148,2016313,1915,2016,313,19,15,NA,NA,A,NA,NA,NA,NA,20163131915
149,2016314,1500,2016,314,15,0,NA,NA,T,NA,NA,NA,NA,20163141500
150,2016314,1640,2016,314,16,40,NA,NA,A,NA,NA,NA,NA,20163141640
151,2016314,1640,2016,314,16,40,NA,NA,T,NA,NA,NA,NA,20163141640
152,2016314,1815,2016,314,18,15,NA,NA,A,NA,NA,NA,NA,20163141815
153,2016315,1405,2016,315,14,5,NA,NA,T,NA,NA,NA,NA,20163151405
154,2016315,1545,2016,315,15,45,39.0375,-76.88712039,T,0.05047,0.03601,0.0146,0,20163151545
155,2016315,1725,2016,315,17,25,39.0375,-76.88712039,A,0.02018,0.01431,0.0039,0,20163151725
156,2016315,1900,2016,315,19,0,39.0375,-76.88712039,A,0.02043,0.01457,0.0055,0,20163151900
157,2016316,1450,2016,316,14,50,NA,NA,T,NA,NA,NA,NA,20163161450
158,2016316,1625,2016,316,16,25,NA,NA,A,NA,NA,NA,NA,20163161625
159,2016316,1625,2016,316,16,25,NA,NA,T,NA,NA,NA,NA,20163161625
160,2016316,1805,2016,316,18,5,NA,NA,A,NA,NA,NA,NA,20163161805
161,2016317,1355,2016,317,13,55,NA,NA,T,NA,NA,NA,NA,20163171355
162,2016317,1535,2016,317,15,35,39.0375,-76.88712039,T,0.04045,0.02892,0.0099,0,20163171535
163,2016317,1710,2016,317,17,10,NA,NA,A,NA,NA,NA,NA,20163171710
164,2016317,1850,2016,317,18,50,39.0375,-76.88712039,A,0.02403,0.01708,0.0081,0,20163171850
165,2016318,1440,2016,318,14,40,NA,NA,T,NA,NA,NA,NA,20163181440
166,2016318,1615,2016,318,16,15,39.0375,-76.88712039,T,0.0547,0.03908,0.0153,0,20163181615
167,2016318,1755,2016,318,17,55,39.0375,-76.88712039,A,0.03692,0.02634,0.0097,0,20163181755
168,2016319,1520,2016,319,15,20,NA,NA,T,NA,NA,NA,NA,20163191520
169,2016319,1655,2016,319,16,55,NA,NA,T,NA,NA,NA,NA,20163191655
170,2016319,1700,2016,319,17,0,NA,NA,A,NA,NA,NA,NA,20163191700
171,2016319,1835,2016,319,18,35,NA,NA,A,NA,NA,NA,NA,20163191835
172,2016320,1425,2016,320,14,25,NA,NA,T,NA,NA,NA,NA,20163201425
173,2016320,1605,2016,320,16,5,NA,NA,T,NA,NA,NA,NA,20163201605
174,2016320,1740,2016,320,17,40,39.00416666,-76.81870857,A,0.09862,0.07062,0.0062,0,20163201740
175,2016321,1510,2016,321,15,10,NA,NA,T,NA,NA,NA,NA,20163211510
176,2016321,1645,2016,321,16,45,NA,NA,A,NA,NA,NA,NA,20163211645
177,2016321,1645,2016,321,16,45,39.0375,-76.81201959,T,0.24158,0.174,0.0053,0,20163211645
178,2016321,1825,2016,321,18,25,NA,NA,A,NA,NA,NA,NA,20163211825
179,2016322,1415,2016,322,14,15,NA,NA,T,NA,NA,NA,NA,20163221415
180,2016322,1550,2016,322,15,50,39.0375,-76.88712039,T,0.06003,0.0429,0.0154,0,20163221550
181,2016322,1730,2016,322,17,30,39.0375,-76.88712039,A,0.04848,0.03469,0.0042,0,20163221730
182,2016322,1905,2016,322,19,5,39.0375,-76.88712039,A,0.03069,0.02184,0.0044,0,20163221905
183,2016323,1455,2016,323,14,55,NA,NA,T,NA,NA,NA,NA,20163231455
184,2016323,1635,2016,323,16,35,NA,NA,A,NA,NA,NA,NA,20163231635
185,2016323,1635,2016,323,16,35,39.0375,-76.88712039,T,0.02775,0.01976,0.0079,0,20163231635
186,2016323,1810,2016,323,18,10,39.0375,-76.88712039,A,0.07282,0.05208,0.0156,0,20163231810
187,2016324,1400,2016,324,14,0,NA,NA,T,NA,NA,NA,NA,20163241400
188,2016324,1540,2016,324,15,40,39.0375,-76.88712039,T,0.24381,0.17565,0.0115,0,20163241540
189,2016324,1715,2016,324,17,15,NA,NA,A,NA,NA,NA,NA,20163241715
190,2016324,1855,2016,324,18,55,NA,NA,A,NA,NA,NA,NA,20163241855
191,2016325,1445,2016,325,14,45,NA,NA,T,NA,NA,NA,NA,20163251445
192,2016325,1620,2016,325,16,20,NA,NA,A,NA,NA,NA,NA,20163251620
193,2016325,1620,2016,325,16,20,39.0375,-76.85493433,T,0.09792,0.07033,0.0112,0,20163251620
194,2016325,1800,2016,325,18,0,39.0375,-76.88712039,A,0.09021,0.06465,0.0114,0,20163251800
195,2016326,1525,2016,326,15,25,39.0375,-76.88712039,T,0.02675,0.01902,0.008,0,20163261525
196,2016326,1700,2016,326,17,0,NA,NA,T,NA,NA,NA,NA,20163261700
197,2016326,1705,2016,326,17,5,NA,NA,A,NA,NA,NA,NA,20163261705
198,2016326,1840,2016,326,18,40,39.0375,-76.88712039,A,0.01303,0.00917,0.0096,0,20163261840
199,2016327,1430,2016,327,14,30,NA,NA,T,NA,NA,NA,NA,20163271430
200,2016327,1610,2016,327,16,10,39.0375,-76.88712039,T,0.06412,0.04581,0.0159,0,20163271610
201,2016327,1745,2016,327,17,45,39.0375,-76.88712039,A,0.04327,0.03086,0.0074,0,20163271745
202,2016328,1515,2016,328,15,15,39.0375,-76.88712039,T,0.04638,0.0331,0.0055,0,20163281515
203,2016328,1650,2016,328,16,50,NA,NA,A,NA,NA,NA,NA,20163281650
204,2016328,1650,2016,328,16,50,39.0375,-76.88712039,T,0.10831,0.07762,0.0045,0,20163281650
205,2016328,1830,2016,328,18,30,39.0375,-76.88712039,A,0.12826,0.092,0.0132,0,20163281830
206,2016329,1420,2016,329,14,20,NA,NA,T,NA,NA,NA,NA,20163291420
207,2016329,1600,2016,329,16,0,NA,NA,T,NA,NA,NA,NA,20163291600
208,2016329,1735,2016,329,17,35,NA,NA,A,NA,NA,NA,NA,20163291735
209,2016329,1915,2016,329,19,15,NA,NA,A,NA,NA,NA,NA,20163291915
210,2016330,1500,2016,330,15,0,NA,NA,T,NA,NA,NA,NA,20163301500
211,2016330,1640,2016,330,16,40,NA,NA,A,NA,NA,NA,NA,20163301640
212,2016330,1640,2016,330,16,40,NA,NA,T,NA,NA,NA,NA,20163301640
213,2016330,1815,2016,330,18,15,NA,NA,A,NA,NA,NA,NA,20163301815
214,2016331,1405,2016,331,14,5,NA,NA,T,NA,NA,NA,NA,20163311405
215,2016331,1545,2016,331,15,45,NA,NA,T,NA,NA,NA,NA,20163311545
216,2016331,1725,2016,331,17,25,NA,NA,A,NA,NA,NA,NA,20163311725
217,2016331,1900,2016,331,19,0,NA,NA,A,NA,NA,NA,NA,20163311900
218,2016332,1450,2016,332,14,50,NA,NA,T,NA,NA,NA,NA,20163321450
219,2016332,1625,2016,332,16,25,NA,NA,A,NA,NA,NA,NA,20163321625
220,2016332,1625,2016,332,16,25,39.0375,-76.88712039,T,0.09292,0.06638,0.009,0,20163321625
221,2016332,1805,2016,332,18,5,39.0375,-76.80129091,A,0.14588,0.10471,0.0122,0,20163321805
222,2016333,1355,2016,333,13,55,NA,NA,T,NA,NA,NA,NA,20163331355
223,2016333,1535,2016,333,15,35,NA,NA,T,NA,NA,NA,NA,20163331535
224,2016333,1710,2016,333,17,10,NA,NA,A,NA,NA,NA,NA,20163331710
225,2016333,1850,2016,333,18,50,NA,NA,A,NA,NA,NA,NA,20163331850
226,2016334,1440,2016,334,14,40,NA,NA,T,NA,NA,NA,NA,20163341440
227,2016334,1615,2016,334,16,15,NA,NA,T,NA,NA,NA,NA,20163341615
228,2016334,1755,2016,334,17,55,NA,NA,A,NA,NA,NA,NA,20163341755
229,2016335,1520,2016,335,15,20,NA,NA,T,NA,NA,NA,NA,20163351520
230,2016335,1655,2016,335,16,55,NA,NA,T,NA,NA,NA,NA,20163351655
231,2016335,1700,2016,335,17,0,NA,NA,A,NA,NA,NA,NA,20163351700
232,2016335,1835,2016,335,18,35,NA,NA,A,NA,NA,NA,NA,20163351835
233,2016336,1425,2016,336,14,25,NA,NA,T,NA,NA,NA,NA,20163361425
234,2016336,1605,2016,336,16,5,39.0375,-76.88712039,T,0.12315,0.08832,0.0161,0,20163361605
235,2016336,1740,2016,336,17,40,39.02083333,-76.81536162,A,0.1255,0.09,0.0056,0,20163361740
236,2016337,1510,2016,337,15,10,NA,NA,T,NA,NA,NA,NA,20163371510
237,2016337,1645,2016,337,16,45,NA,NA,A,NA,NA,NA,NA,20163371645
238,2016337,1645,2016,337,16,45,39.0375,-76.86566302,T,0.05359,0.0383,0.0048,0,20163371645
239,2016337,1825,2016,337,18,25,38.9875,-76.86494485,A,0.0928,0.06644,0.0155,0,20163371825
240,2016338,1415,2016,338,14,15,NA,NA,T,NA,NA,NA,NA,20163381415
241,2016338,1550,2016,338,15,50,39.0375,-76.88712039,T,0.07063,0.0505,0.0149,0,20163381550
242,2016338,1730,2016,338,17,30,NA,NA,A,NA,NA,NA,NA,20163381730
243,2016338,1905,2016,338,19,5,NA,NA,A,NA,NA,NA,NA,20163381905
244,2016339,1455,2016,339,14,55,NA,NA,T,NA,NA,NA,NA,20163391455
245,2016339,1635,2016,339,16,35,NA,NA,A,NA,NA,NA,NA,20163391635
246,2016339,1635,2016,339,16,35,NA,NA,T,NA,NA,NA,NA,20163391635
247,2016339,1810,2016,339,18,10,NA,NA,A,NA,NA,NA,NA,20163391810
248,2016340,1400,2016,340,14,0,NA,NA,T,NA,NA,NA,NA,20163401400
249,2016340,1540,2016,340,15,40,39.0375,-76.88712039,T,0.13433,0.09638,0.0099,0,20163401540
250,2016340,1715,2016,340,17,15,NA,NA,A,NA,NA,NA,NA,20163401715
251,2016340,1855,2016,340,18,55,NA,NA,A,NA,NA,NA,NA,20163401855
252,2016341,1445,2016,341,14,45,NA,NA,T,NA,NA,NA,NA,20163411445
253,2016341,1620,2016,341,16,20,NA,NA,A,NA,NA,NA,NA,20163411620
254,2016341,1620,2016,341,16,20,NA,NA,T,NA,NA,NA,NA,20163411620
255,2016341,1800,2016,341,18,0,NA,NA,A,NA,NA,NA,NA,20163411800
256,2016342,1525,2016,342,15,25,NA,NA,T,NA,NA,NA,NA,20163421525
257,2016342,1700,2016,342,17,0,NA,NA,T,NA,NA,NA,NA,20163421700
258,2016342,1705,2016,342,17,5,NA,NA,A,NA,NA,NA,NA,20163421705
259,2016342,1840,2016,342,18,40,39.0375,-76.88712039,A,0.13233,0.09467,0.0084,0,20163421840
260,2016343,1430,2016,343,14,30,NA,NA,T,NA,NA,NA,NA,20163431430
261,2016343,1610,2016,343,16,10,NA,NA,T,NA,NA,NA,NA,20163431610
262,2016343,1745,2016,343,17,45,NA,NA,A,NA,NA,NA,NA,20163431745
263,2016344,1515,2016,344,15,15,39.0375,-76.88712039,T,0.05198,0.03716,0.0047,0,20163441515
264,2016344,1650,2016,344,16,50,NA,NA,A,NA,NA,NA,NA,20163441650
265,2016344,1650,2016,344,16,50,39.0375,-76.88712039,T,0.03047,0.02171,0.0038,0,20163441650
266,2016344,1830,2016,344,18,30,39.0375,-76.86566302,A,0.0561,0.04012,0.0116,0,20163441830
267,2016345,1420,2016,345,14,20,NA,NA,T,NA,NA,NA,NA,20163451420
268,2016345,1600,2016,345,16,0,39.0375,-76.88712039,T,0.09497,0.06801,0.0151,0,20163451600
269,2016345,1735,2016,345,17,35,NA,NA,A,NA,NA,NA,NA,20163451735
270,2016345,1915,2016,345,19,15,NA,NA,A,NA,NA,NA,NA,20163451915
271,2016346,1500,2016,346,15,0,NA,NA,T,NA,NA,NA,NA,20163461500
272,2016346,1640,2016,346,16,40,NA,NA,A,NA,NA,NA,NA,20163461640
273,2016346,1640,2016,346,16,40,NA,NA,T,NA,NA,NA,NA,20163461640
274,2016346,1815,2016,346,18,15,NA,NA,A,NA,NA,NA,NA,20163461815
275,2016347,1405,2016,347,14,5,NA,NA,T,NA,NA,NA,NA,20163471405
276,2016347,1545,2016,347,15,45,NA,NA,T,NA,NA,NA,NA,20163471545
277,2016347,1725,2016,347,17,25,NA,NA,A,NA,NA,NA,NA,20163471725
278,2016347,1900,2016,347,19,0,39.0375,-76.83347696,A,0.11871,0.08521,0.0048,0,20163471900
279,2016348,1450,2016,348,14,50,NA,NA,T,NA,NA,NA,NA,20163481450
280,2016348,1625,2016,348,16,25,NA,NA,A,NA,NA,NA,NA,20163481625
281,2016348,1625,2016,348,16,25,39.02916666,-76.87805451,T,0.1711,0.1225,0.0082,0,20163481625
282,2016348,1805,2016,348,18,5,NA,NA,A,NA,NA,NA,NA,20163481805
283,2016349,1355,2016,349,13,55,NA,NA,T,NA,NA,NA,NA,20163491355
284,2016349,1535,2016,349,15,35,39.0375,-76.88712039,T,0.08445,0.06048,0.0082,0,20163491535
285,2016349,1710,2016,349,17,10,NA,NA,A,NA,NA,NA,NA,20163491710
286,2016349,1850,2016,349,18,50,NA,NA,A,NA,NA,NA,NA,20163491850
287,2016350,1440,2016,350,14,40,NA,NA,T,NA,NA,NA,NA,20163501440
288,2016350,1615,2016,350,16,15,39.0375,-76.88712039,T,0.0808,0.0577,0.0123,0,20163501615
289,2016350,1755,2016,350,17,55,39.0375,-76.88712039,A,0.0419,0.02986,0.0086,0,20163501755
290,2016351,1520,2016,351,15,20,NA,NA,T,NA,NA,NA,NA,20163511520
291,2016351,1655,2016,351,16,55,NA,NA,T,NA,NA,NA,NA,20163511655
292,2016351,1700,2016,351,17,0,NA,NA,A,NA,NA,NA,NA,20163511700
293,2016351,1835,2016,351,18,35,NA,NA,A,NA,NA,NA,NA,20163511835
294,2016352,1425,2016,352,14,25,NA,NA,T,NA,NA,NA,NA,20163521425
295,2016352,1605,2016,352,16,5,NA,NA,T,NA,NA,NA,NA,20163521605
296,2016352,1740,2016,352,17,40,NA,NA,A,NA,NA,NA,NA,20163521740
297,2016353,1510,2016,353,15,10,NA,NA,T,NA,NA,NA,NA,20163531510
298,2016353,1645,2016,353,16,45,NA,NA,A,NA,NA,NA,NA,20163531645
299,2016353,1645,2016,353,16,45,NA,NA,T,NA,NA,NA,NA,20163531645
300,2016353,1825,2016,353,18,25,NA,NA,A,NA,NA,NA,NA,20163531825
301,2016354,1415,2016,354,14,15,NA,NA,T,NA,NA,NA,NA,20163541415
302,2016354,1550,2016,354,15,50,39.0375,-76.88712039,T,0.07781,0.05565,0.0141,0,20163541550
303,2016354,1730,2016,354,17,30,39.0375,-76.88712039,A,0.06249,0.04463,0.0039,0,20163541730
304,2016354,1905,2016,354,19,5,NA,NA,A,NA,NA,NA,NA,20163541905
305,2016355,1455,2016,355,14,55,NA,NA,T,NA,NA,NA,NA,20163551455
306,2016355,1635,2016,355,16,35,NA,NA,A,NA,NA,NA,NA,20163551635
307,2016355,1635,2016,355,16,35,39.0375,-76.88712039,T,0.04854,0.0347,0.0066,0,20163551635
308,2016355,1810,2016,355,18,10,39.0375,-76.88712039,A,0.05577,0.03981,0.0145,0,20163551810
309,2016356,1400,2016,356,14,0,NA,NA,T,NA,NA,NA,NA,20163561400
310,2016356,1540,2016,356,15,40,NA,NA,T,NA,NA,NA,NA,20163561540
311,2016356,1715,2016,356,17,15,NA,NA,A,NA,NA,NA,NA,20163561715
312,2016356,1855,2016,356,18,55,NA,NA,A,NA,NA,NA,NA,20163561855
313,2016357,1445,2016,357,14,45,NA,NA,T,NA,NA,NA,NA,20163571445
314,2016357,1620,2016,357,16,20,NA,NA,A,NA,NA,NA,NA,20163571620
315,2016357,1620,2016,357,16,20,NA,NA,T,NA,NA,NA,NA,20163571620
316,2016357,1800,2016,357,18,0,39.0375,-76.88712039,A,0.05453,0.03892,0.0105,0,20163571800
317,2016358,1525,2016,358,15,25,NA,NA,T,NA,NA,NA,NA,20163581525
318,2016358,1700,2016,358,17,0,NA,NA,T,NA,NA,NA,NA,20163581700
319,2016358,1705,2016,358,17,5,NA,NA,A,NA,NA,NA,NA,20163581705
320,2016358,1840,2016,358,18,40,NA,NA,A,NA,NA,NA,NA,20163581840
321,2016359,1430,2016,359,14,30,NA,NA,T,NA,NA,NA,NA,20163591430
322,2016359,1610,2016,359,16,10,NA,NA,T,NA,NA,NA,NA,20163591610
323,2016359,1745,2016,359,17,45,NA,NA,A,NA,NA,NA,NA,20163591745
324,2016360,1515,2016,360,15,15,39.0375,-76.88712039,T,0.10234,0.0733,0.0047,0,20163601515
325,2016360,1650,2016,360,16,50,NA,NA,A,NA,NA,NA,NA,20163601650
326,2016360,1650,2016,360,16,50,39.0375,-76.88712039,T,0.06915,0.04947,0.0037,0,20163601650
327,2016360,1830,2016,360,18,30,39.0375,-76.88712039,A,0.10883,0.078,0.0125,0,20163601830
328,2016361,1420,2016,361,14,20,NA,NA,T,NA,NA,NA,NA,20163611420
329,2016361,1555,2016,361,15,55,NA,NA,T,NA,NA,NA,NA,20163611555
330,2016361,1735,2016,361,17,35,NA,NA,A,NA,NA,NA,NA,20163611735
331,2016361,1915,2016,361,19,15,NA,NA,A,NA,NA,NA,NA,20163611915
332,2016362,1500,2016,362,15,0,NA,NA,T,NA,NA,NA,NA,20163621500
333,2016362,1640,2016,362,16,40,NA,NA,A,NA,NA,NA,NA,20163621640
334,2016362,1640,2016,362,16,40,NA,NA,T,NA,NA,NA,NA,20163621640
335,2016362,1820,2016,362,18,20,39.0375,-76.88712039,A,0.07727,0.05538,0.015,0,20163621820
336,2016363,1405,2016,363,14,5,NA,NA,T,NA,NA,NA,NA,20163631405
337,2016363,1545,2016,363,15,45,39.0375,-76.8763917,T,0.105,0.0752,0.0113,0,20163631545
338,2016363,1725,2016,363,17,25,39.0375,-76.84420565,A,0.08392,0.06005,0.0034,0,20163631725
339,2016363,1900,2016,363,19,0,39.0375,-76.88712039,A,0.03901,0.02776,0.0049,0,20163631900
340,2016364,1450,2016,364,14,50,NA,NA,T,NA,NA,NA,NA,20163641450
341,2016364,1625,2016,364,16,25,NA,NA,A,NA,NA,NA,NA,20163641625
342,2016364,1625,2016,364,16,25,NA,NA,T,NA,NA,NA,NA,20163641625
343,2016364,1805,2016,364,18,5,NA,NA,A,NA,NA,NA,NA,20163641805
344,2016365,1355,2016,365,13,55,NA,NA,T,NA,NA,NA,NA,20163651355
345,2016365,1535,2016,365,15,35,NA,NA,T,NA,NA,NA,NA,20163651535
346,2016365,1710,2016,365,17,10,NA,NA,A,NA,NA,NA,NA,20163651710
347,2016365,1850,2016,365,18,50,NA,NA,A,NA,NA,NA,NA,20163651850
348,2016366,1440,2016,366,14,40,NA,NA,T,NA,NA,NA,NA,20163661440
349,2016366,1615,2016,366,16,15,38.9625,-76.85924942,T,0.07825,0.056,0.0125,0,20163661615
350,2016366,1755,2016,366,17,55,NA,NA,A,NA,NA,NA,NA,20163661755
1,2017001,1520,2017,1,15,20,NA,NA,T,NA,NA,NA,NA,20170011520
2,2017001,1655,2017,1,16,55,NA,NA,T,NA,NA,NA,NA,20170011655
3,2017001,1700,2017,1,17,0,NA,NA,A,NA,NA,NA,NA,20170011700
4,2017001,1835,2017,1,18,35,NA,NA,A,NA,NA,NA,NA,20170011835
5,2017002,1425,2017,2,14,25,NA,NA,T,NA,NA,NA,NA,20170021425
6,2017002,1605,2017,2,16,5,NA,NA,T,NA,NA,NA,NA,20170021605
7,2017002,1740,2017,2,17,40,NA,NA,A,NA,NA,NA,NA,20170021740
8,2017003,1510,2017,3,15,10,NA,NA,T,NA,NA,NA,NA,20170031510
9,2017003,1645,2017,3,16,45,NA,NA,A,NA,NA,NA,NA,20170031645
10,2017003,1645,2017,3,16,45,NA,NA,T,NA,NA,NA,NA,20170031645
11,2017003,1825,2017,3,18,25,NA,NA,A,NA,NA,NA,NA,20170031825
12,2017004,1415,2017,4,14,15,NA,NA,T,NA,NA,NA,NA,20170041415
13,2017004,1550,2017,4,15,50,NA,NA,T,NA,NA,NA,NA,20170041550
14,2017004,1730,2017,4,17,30,NA,NA,A,NA,NA,NA,NA,20170041730
15,2017004,1905,2017,4,19,5,39.0375,-76.88712039,A,0.0035,0.00237,0.0044,0,20170041905
16,2017005,1455,2017,5,14,55,NA,NA,T,NA,NA,NA,NA,20170051455
17,2017005,1635,2017,5,16,35,NA,NA,A,NA,NA,NA,NA,20170051635
18,2017005,1635,2017,5,16,35,NA,NA,T,NA,NA,NA,NA,20170051635
19,2017005,1810,2017,5,18,10,NA,NA,A,NA,NA,NA,NA,20170051810
20,2017006,1400,2017,6,14,0,NA,NA,T,NA,NA,NA,NA,20170061400
21,2017006,1540,2017,6,15,40,NA,NA,T,NA,NA,NA,NA,20170061540
22,2017006,1715,2017,6,17,15,NA,NA,A,NA,NA,NA,NA,20170061715
23,2017006,1855,2017,6,18,55,NA,NA,A,NA,NA,NA,NA,20170061855
24,2017007,1445,2017,7,14,45,NA,NA,T,NA,NA,NA,NA,20170071445
25,2017007,1620,2017,7,16,20,NA,NA,A,NA,NA,NA,NA,20170071620
26,2017007,1620,2017,7,16,20,NA,NA,T,NA,NA,NA,NA,20170071620
27,2017007,1800,2017,7,18,0,NA,NA,A,NA,NA,NA,NA,20170071800
28,2017008,1525,2017,8,15,25,39.0375,-76.85493433,T,0.39836,0.28886,0.0066,0,20170081525
29,2017008,1700,2017,8,17,0,NA,NA,T,NA,NA,NA,NA,20170081700
30,2017008,1705,2017,8,17,5,NA,NA,A,NA,NA,NA,NA,20170081705
31,2017008,1840,2017,8,18,40,39.0375,-76.8763917,A,0.29132,0.21038,0.0091,0,20170081840
32,2017009,1430,2017,9,14,30,NA,NA,T,NA,NA,NA,NA,20170091430
33,2017009,1610,2017,9,16,10,39.0375,-76.8763917,T,0.33188,0.24012,0.014,0,20170091610
34,2017009,1745,2017,9,17,45,NA,NA,A,NA,NA,NA,NA,20170091745
35,2017010,1515,2017,10,15,15,NA,NA,T,NA,NA,NA,NA,20170101515
36,2017010,1650,2017,10,16,50,NA,NA,A,NA,NA,NA,NA,20170101650
37,2017010,1650,2017,10,16,50,NA,NA,T,NA,NA,NA,NA,20170101650
38,2017010,1830,2017,10,18,30,NA,NA,A,NA,NA,NA,NA,20170101830
39,2017011,1420,2017,11,14,20,NA,NA,T,NA,NA,NA,NA,20170111420
40,2017011,1555,2017,11,15,55,NA,NA,T,NA,NA,NA,NA,20170111555
41,2017011,1735,2017,11,17,35,NA,NA,A,NA,NA,NA,NA,20170111735
42,2017011,1915,2017,11,19,15,NA,NA,A,NA,NA,NA,NA,20170111915
43,2017012,1500,2017,12,15,0,NA,NA,T,NA,NA,NA,NA,20170121500
44,2017012,1640,2017,12,16,40,NA,NA,A,NA,NA,NA,NA,20170121640
45,2017012,1640,2017,12,16,40,NA,NA,T,NA,NA,NA,NA,20170121640
46,2017012,1820,2017,12,18,20,NA,NA,A,NA,NA,NA,NA,20170121820
47,2017013,1405,2017,13,14,5,NA,NA,T,NA,NA,NA,NA,20170131405
48,2017013,1545,2017,13,15,45,NA,NA,T,NA,NA,NA,NA,20170131545
49,2017013,1725,2017,13,17,25,39.0375,-76.88712039,A,0.04491,0.03214,0.0038,0,20170131725
50,2017013,1900,2017,13,19,0,39.00416666,-76.84015582,A,0.00462,0.00331,0.0053,0,20170131900
51,2017014,1450,2017,14,14,50,NA,NA,T,NA,NA,NA,NA,20170141450
52,2017014,1625,2017,14,16,25,NA,NA,A,NA,NA,NA,NA,20170141625
53,2017014,1625,2017,14,16,25,NA,NA,T,NA,NA,NA,NA,20170141625
54,2017014,1805,2017,14,18,5,NA,NA,A,NA,NA,NA,NA,20170141805
55,2017015,1355,2017,15,13,55,NA,NA,T,NA,NA,NA,NA,20170151355
56,2017015,1535,2017,15,15,35,NA,NA,T,NA,NA,NA,NA,20170151535
57,2017015,1710,2017,15,17,10,NA,NA,A,NA,NA,NA,NA,20170151710
58,2017015,1850,2017,15,18,50,NA,NA,A,NA,NA,NA,NA,20170151850
59,2017016,1440,2017,16,14,40,NA,NA,T,NA,NA,NA,NA,20170161440
60,2017016,1615,2017,16,16,15,NA,NA,T,NA,NA,NA,NA,20170161615
61,2017016,1755,2017,16,17,55,NA,NA,A,NA,NA,NA,NA,20170161755
62,2017017,1520,2017,17,15,20,NA,NA,T,NA,NA,NA,NA,20170171520
63,2017017,1655,2017,17,16,55,NA,NA,T,NA,NA,NA,NA,20170171655
64,2017017,1700,2017,17,17,0,NA,NA,A,NA,NA,NA,NA,20170171700
65,2017017,1835,2017,17,18,35,NA,NA,A,NA,NA,NA,NA,20170171835
66,2017018,1425,2017,18,14,25,NA,NA,T,NA,NA,NA,NA,20170181425
67,2017018,1605,2017,18,16,5,NA,NA,T,NA,NA,NA,NA,20170181605
68,2017018,1740,2017,18,17,40,NA,NA,A,NA,NA,NA,NA,20170181740
69,2017019,1510,2017,19,15,10,NA,NA,T,NA,NA,NA,NA,20170191510
70,2017019,1645,2017,19,16,45,NA,NA,A,NA,NA,NA,NA,20170191645
71,2017019,1645,2017,19,16,45,NA,NA,T,NA,NA,NA,NA,20170191645
72,2017019,1825,2017,19,18,25,NA,NA,A,NA,NA,NA,NA,20170191825
73,2017020,1415,2017,20,14,15,NA,NA,T,NA,NA,NA,NA,20170201415
74,2017020,1550,2017,20,15,50,NA,NA,T,NA,NA,NA,NA,20170201550
75,2017020,1730,2017,20,17,30,NA,NA,A,NA,NA,NA,NA,20170201730
76,2017020,1905,2017,20,19,5,NA,NA,A,NA,NA,NA,NA,20170201905
77,2017021,1455,2017,21,14,55,NA,NA,T,NA,NA,NA,NA,20170211455
78,2017021,1635,2017,21,16,35,NA,NA,A,NA,NA,NA,NA,20170211635
79,2017021,1635,2017,21,16,35,NA,NA,T,NA,NA,NA,NA,20170211635
80,2017021,1810,2017,21,18,10,NA,NA,A,NA,NA,NA,NA,20170211810
81,2017022,1400,2017,22,14,0,NA,NA,T,NA,NA,NA,NA,20170221400
82,2017022,1540,2017,22,15,40,NA,NA,T,NA,NA,NA,NA,20170221540
83,2017022,1715,2017,22,17,15,NA,NA,A,NA,NA,NA,NA,20170221715
84,2017022,1855,2017,22,18,55,NA,NA,A,NA,NA,NA,NA,20170221855
85,2017023,1445,2017,23,14,45,NA,NA,T,NA,NA,NA,NA,20170231445
86,2017023,1620,2017,23,16,20,NA,NA,A,NA,NA,NA,NA,20170231620
87,2017023,1620,2017,23,16,20,NA,NA,T,NA,NA,NA,NA,20170231620
88,2017023,1800,2017,23,18,0,NA,NA,A,NA,NA,NA,NA,20170231800
89,2017024,1525,2017,24,15,25,NA,NA,T,NA,NA,NA,NA,20170241525
90,2017024,1700,2017,24,17,0,NA,NA,T,NA,NA,NA,NA,20170241700
91,2017024,1705,2017,24,17,5,NA,NA,A,NA,NA,NA,NA,20170241705
92,2017024,1840,2017,24,18,40,NA,NA,A,NA,NA,NA,NA,20170241840
93,2017025,1430,2017,25,14,30,NA,NA,T,NA,NA,NA,NA,20170251430
94,2017025,1610,2017,25,16,10,39.0375,-76.88712039,T,0.03105,0.02211,0.0166,0,20170251610
95,2017025,1745,2017,25,17,45,39.0375,-76.88712039,A,0.02732,0.01946,0.0091,0,20170251745
96,2017026,1515,2017,26,15,15,38.99583333,-76.87399571,T,0.21433,0.15422,0.0055,0,20170261515
97,2017026,1650,2017,26,16,50,NA,NA,A,NA,NA,NA,NA,20170261650
98,2017026,1650,2017,26,16,50,39.02916666,-76.84587225,T,0.07367,0.05289,0.0042,0,20170261650
99,2017026,1830,2017,26,18,30,39.0375,-76.88712039,A,0.06344,0.04531,0.0157,0,20170261830
100,2017027,1420,2017,27,14,20,NA,NA,T,NA,NA,NA,NA,20170271420
101,2017027,1555,2017,27,15,55,NA,NA,T,NA,NA,NA,NA,20170271555
102,2017027,1735,2017,27,17,35,NA,NA,A,NA,NA,NA,NA,20170271735
103,2017027,1915,2017,27,19,15,NA,NA,A,NA,NA,NA,NA,20170271915
104,2017028,1500,2017,28,15,0,NA,NA,T,NA,NA,NA,NA,20170281500
105,2017028,1640,2017,28,16,40,NA,NA,A,NA,NA,NA,NA,20170281640
106,2017028,1640,2017,28,16,40,NA,NA,T,NA,NA,NA,NA,20170281640
107,2017028,1820,2017,28,18,20,NA,NA,A,NA,NA,NA,NA,20170281820
108,2017029,1405,2017,29,14,5,NA,NA,T,NA,NA,NA,NA,20170291405
109,2017029,1545,2017,29,15,45,NA,NA,T,NA,NA,NA,NA,20170291545
110,2017029,1725,2017,29,17,25,NA,NA,A,NA,NA,NA,NA,20170291725
111,2017029,1900,2017,29,19,0,NA,NA,A,NA,NA,NA,NA,20170291900
112,2017030,1450,2017,30,14,50,NA,NA,T,NA,NA,NA,NA,20170301450
113,2017030,1625,2017,30,16,25,NA,NA,A,NA,NA,NA,NA,20170301625
114,2017030,1625,2017,30,16,25,NA,NA,T,NA,NA,NA,NA,20170301625
115,2017030,1805,2017,30,18,5,NA,NA,A,NA,NA,NA,NA,20170301805
116,2017031,1355,2017,31,13,55,NA,NA,T,NA,NA,NA,NA,20170311355
117,2017031,1535,2017,31,15,35,NA,NA,T,NA,NA,NA,NA,20170311535
118,2017031,1710,2017,31,17,10,NA,NA,A,NA,NA,NA,NA,20170311710
119,2017031,1850,2017,31,18,50,NA,NA,A,NA,NA,NA,NA,20170311850
120,2017032,1440,2017,32,14,40,NA,NA,T,NA,NA,NA,NA,20170321440
121,2017032,1615,2017,32,16,15,NA,NA,T,NA,NA,NA,NA,20170321615
122,2017032,1755,2017,32,17,55,NA,NA,A,NA,NA,NA,NA,20170321755
123,2017033,1520,2017,33,15,20,NA,NA,T,NA,NA,NA,NA,20170331520
124,2017033,1655,2017,33,16,55,NA,NA,T,NA,NA,NA,NA,20170331655
125,2017033,1700,2017,33,17,0,NA,NA,A,NA,NA,NA,NA,20170331700
126,2017033,1835,2017,33,18,35,NA,NA,A,NA,NA,NA,NA,20170331835
127,2017034,1425,2017,34,14,25,NA,NA,T,NA,NA,NA,NA,20170341425
128,2017034,1605,2017,34,16,5,NA,NA,T,NA,NA,NA,NA,20170341605
129,2017034,1740,2017,34,17,40,NA,NA,A,NA,NA,NA,NA,20170341740
130,2017035,1510,2017,35,15,10,NA,NA,T,NA,NA,NA,NA,20170351510
131,2017035,1645,2017,35,16,45,NA,NA,A,NA,NA,NA,NA,20170351645
132,2017035,1645,2017,35,16,45,39.0375,-76.88712039,T,0.0242,0.01718,0.0056,0,20170351645
133,2017035,1825,2017,35,18,25,39.0375,-76.88712039,A,0.02335,0.01656,0.0199,0,20170351825
134,2017036,1415,2017,36,14,15,NA,NA,T,NA,NA,NA,NA,20170361415
135,2017036,1550,2017,36,15,50,39.0375,-76.88712039,T,0.22652,0.16307,0.0179,0,20170361550
136,2017036,1730,2017,36,17,30,NA,NA,A,NA,NA,NA,NA,20170361730
137,2017036,1905,2017,36,19,5,NA,NA,A,NA,NA,NA,NA,20170361905
138,2017037,1455,2017,37,14,55,NA,NA,T,NA,NA,NA,NA,20170371455
139,2017037,1635,2017,37,16,35,NA,NA,A,NA,NA,NA,NA,20170371635
140,2017037,1635,2017,37,16,35,39.0375,-76.88712039,T,0.08012,0.05736,0.0086,0,20170371635
141,2017037,1810,2017,37,18,10,39.0375,-76.88712039,A,0.03699,0.02641,0.0211,0,20170371810
142,2017038,1400,2017,38,14,0,NA,NA,T,NA,NA,NA,NA,20170381400
143,2017038,1540,2017,38,15,40,NA,NA,T,NA,NA,NA,NA,20170381540
144,2017038,1715,2017,38,17,15,NA,NA,A,NA,NA,NA,NA,20170381715
145,2017038,1855,2017,38,18,55,NA,NA,A,NA,NA,NA,NA,20170381855
146,2017039,1445,2017,39,14,45,NA,NA,T,NA,NA,NA,NA,20170391445
147,2017039,1620,2017,39,16,20,NA,NA,A,NA,NA,NA,NA,20170391620
148,2017039,1620,2017,39,16,20,NA,NA,T,NA,NA,NA,NA,20170391620
149,2017039,1800,2017,39,18,0,38.97083333,-76.81469865,A,0.17112,0.12288,0.0156,0,20170391800
150,2017040,1525,2017,40,15,25,NA,NA,T,NA,NA,NA,NA,20170401525
151,2017040,1700,2017,40,17,0,NA,NA,T,NA,NA,NA,NA,20170401700
152,2017040,1705,2017,40,17,5,NA,NA,A,NA,NA,NA,NA,20170401705
153,2017040,1840,2017,40,18,40,NA,NA,A,NA,NA,NA,NA,20170401840
154,2017041,1430,2017,41,14,30,NA,NA,T,NA,NA,NA,NA,20170411430
155,2017041,1610,2017,41,16,10,39.0375,-76.88712039,T,0.0965,0.06904,0.02,0,20170411610
156,2017041,1745,2017,41,17,45,39.0375,-76.88712039,A,0.0468,0.03343,0.0112,0,20170411745
157,2017042,1515,2017,42,15,15,NA,NA,T,NA,NA,NA,NA,20170421515
158,2017042,1650,2017,42,16,50,NA,NA,A,NA,NA,NA,NA,20170421650
159,2017042,1650,2017,42,16,50,NA,NA,T,NA,NA,NA,NA,20170421650
160,2017042,1830,2017,42,18,30,NA,NA,A,NA,NA,NA,NA,20170421830
161,2017043,1420,2017,43,14,20,NA,NA,T,NA,NA,NA,NA,20170431420
162,2017043,1555,2017,43,15,55,NA,NA,T,NA,NA,NA,NA,20170431555
163,2017043,1735,2017,43,17,35,NA,NA,A,NA,NA,NA,NA,20170431735
164,2017043,1915,2017,43,19,15,NA,NA,A,NA,NA,NA,NA,20170431915
165,2017044,1500,2017,44,15,0,NA,NA,T,NA,NA,NA,NA,20170441500
166,2017044,1640,2017,44,16,40,NA,NA,A,NA,NA,NA,NA,20170441640
167,2017044,1640,2017,44,16,40,39.0375,-76.88712039,T,0.02053,0.0146,0.0076,0,20170441640
168,2017044,1820,2017,44,18,20,39.0375,-76.84420565,A,0.05678,0.04053,0.0214,0,20170441820
169,2017045,1405,2017,45,14,5,NA,NA,T,NA,NA,NA,NA,20170451405
170,2017045,1545,2017,45,15,45,NA,NA,T,NA,NA,NA,NA,20170451545
171,2017045,1725,2017,45,17,25,NA,NA,A,NA,NA,NA,NA,20170451725
172,2017045,1900,2017,45,19,0,NA,NA,A,NA,NA,NA,NA,20170451900
173,2017046,1450,2017,46,14,50,NA,NA,T,NA,NA,NA,NA,20170461450
174,2017046,1625,2017,46,16,25,NA,NA,A,NA,NA,NA,NA,20170461625
175,2017046,1625,2017,46,16,25,NA,NA,T,NA,NA,NA,NA,20170461625
176,2017046,1805,2017,46,18,5,NA,NA,A,NA,NA,NA,NA,20170461805
177,2017047,1355,2017,47,13,55,NA,NA,T,NA,NA,NA,NA,20170471355
178,2017047,1710,2017,47,17,10,NA,NA,A,NA,NA,NA,NA,20170471710
179,2017047,1850,2017,47,18,50,NA,NA,A,NA,NA,NA,NA,20170471850
180,2017048,1440,2017,48,14,40,NA,NA,T,NA,NA,NA,NA,20170481440
181,2017048,1615,2017,48,16,15,NA,NA,T,NA,NA,NA,NA,20170481615
182,2017048,1755,2017,48,17,55,39.0375,-76.82274828,A,0.15,0.107,0.0137,0,20170481755
183,2017049,1520,2017,49,15,20,NA,NA,T,NA,NA,NA,NA,20170491520
184,2017049,1655,2017,49,16,55,NA,NA,T,NA,NA,NA,NA,20170491655
185,2017049,1700,2017,49,17,0,NA,NA,A,NA,NA,NA,NA,20170491700
186,2017049,1835,2017,49,18,35,NA,NA,A,NA,NA,NA,NA,20170491835
187,2017050,1425,2017,50,14,25,NA,NA,T,NA,NA,NA,NA,20170501425
188,2017050,1605,2017,50,16,5,39.0375,-76.88712039,T,0.19949,0.14342,0.0239,0,20170501605
189,2017050,1740,2017,50,17,40,39.0375,-76.88712039,A,0.07097,0.05069,0.0103,0,20170501740
190,2017051,1510,2017,51,15,10,NA,NA,T,NA,NA,NA,NA,20170511510
191,2017051,1645,2017,51,16,45,NA,NA,A,NA,NA,NA,NA,20170511645
192,2017051,1645,2017,51,16,45,NA,NA,T,NA,NA,NA,NA,20170511645
193,2017051,1825,2017,51,18,25,39.0375,-76.88712039,A,0.02255,0.01599,0.0238,0,20170511825
194,2017052,1415,2017,52,14,15,NA,NA,T,NA,NA,NA,NA,20170521415
195,2017052,1550,2017,52,15,50,NA,NA,T,NA,NA,NA,NA,20170521550
196,2017052,1730,2017,52,17,30,NA,NA,A,NA,NA,NA,NA,20170521730
197,2017052,1905,2017,52,19,5,NA,NA,A,NA,NA,NA,NA,20170521905
198,2017053,1455,2017,53,14,55,NA,NA,T,NA,NA,NA,NA,20170531455
199,2017053,1635,2017,53,16,35,NA,NA,A,NA,NA,NA,NA,20170531635
200,2017053,1635,2017,53,16,35,NA,NA,T,NA,NA,NA,NA,20170531635
201,2017053,1810,2017,53,18,10,NA,NA,A,NA,NA,NA,NA,20170531810
202,2017054,1400,2017,54,14,0,NA,NA,T,NA,NA,NA,NA,20170541400
203,2017054,1540,2017,54,15,40,39.0375,-76.88712039,T,0.032,0.02281,0.0153,0,20170541540
204,2017054,1715,2017,54,17,15,NA,NA,A,NA,NA,NA,NA,20170541715
205,2017054,1855,2017,54,18,55,39.0375,-76.88712039,A,0.01678,0.01191,0.0107,0,20170541855
206,2017055,1445,2017,55,14,45,NA,NA,T,NA,NA,NA,NA,20170551445
207,2017055,1620,2017,55,16,20,NA,NA,A,NA,NA,NA,NA,20170551620
208,2017055,1620,2017,55,16,20,39.0125,-76.89210872,T,0.12233,0.088,0.0169,0,20170551620
209,2017055,1800,2017,55,18,0,NA,NA,A,NA,NA,NA,NA,20170551800
210,2017056,1525,2017,56,15,25,NA,NA,T,NA,NA,NA,NA,20170561525
211,2017056,1700,2017,56,17,0,NA,NA,T,NA,NA,NA,NA,20170561700
212,2017056,1705,2017,56,17,5,NA,NA,A,NA,NA,NA,NA,20170561705
213,2017056,1840,2017,56,18,40,NA,NA,A,NA,NA,NA,NA,20170561840
214,2017057,1430,2017,57,14,30,NA,NA,T,NA,NA,NA,NA,20170571430
215,2017057,1610,2017,57,16,10,39.0375,-76.88712039,T,0.08753,0.0626,0.0249,0,20170571610
216,2017057,1745,2017,57,17,45,39.02916666,-76.85659967,A,0.10953,0.07853,0.0129,0,20170571745
217,2017058,1515,2017,58,15,15,NA,NA,T,NA,NA,NA,NA,20170581515
218,2017058,1650,2017,58,16,50,NA,NA,A,NA,NA,NA,NA,20170581650
219,2017058,1650,2017,58,16,50,NA,NA,T,NA,NA,NA,NA,20170581650
220,2017058,1830,2017,58,18,30,NA,NA,A,NA,NA,NA,NA,20170581830
221,2017059,1420,2017,59,14,20,NA,NA,T,NA,NA,NA,NA,20170591420
222,2017059,1555,2017,59,15,55,38.95416666,-76.85021105,T,0.367,0.266,0.0253,0,20170591555
223,2017059,1735,2017,59,17,35,NA,NA,A,NA,NA,NA,NA,20170591735
224,2017059,1915,2017,59,19,15,NA,NA,A,NA,NA,NA,NA,20170591915
225,2017060,1500,2017,60,15,0,NA,NA,T,NA,NA,NA,NA,20170601500
226,2017060,1640,2017,60,16,40,NA,NA,A,NA,NA,NA,NA,20170601640
227,2017060,1640,2017,60,16,40,NA,NA,T,NA,NA,NA,NA,20170601640
228,2017060,1820,2017,60,18,20,NA,NA,A,NA,NA,NA,NA,20170601820
229,2017061,1405,2017,61,14,5,NA,NA,T,NA,NA,NA,NA,20170611405
230,2017061,1545,2017,61,15,45,NA,NA,T,NA,NA,NA,NA,20170611545
231,2017061,1725,2017,61,17,25,39.0125,-76.79558469,A,0.07533,0.054,0.0067,0,20170611725
232,2017061,1900,2017,61,19,0,39.0375,-76.88712039,A,0.05592,0.04004,0.0098,0,20170611900
233,2017062,1450,2017,62,14,50,NA,NA,T,NA,NA,NA,NA,20170621450
234,2017062,1625,2017,62,16,25,NA,NA,A,NA,NA,NA,NA,20170621625
235,2017062,1625,2017,62,16,25,39.02916666,-76.86732709,T,0.24673,0.178,0.0139,0,20170621625
236,2017062,1805,2017,62,18,5,NA,NA,A,NA,NA,NA,NA,20170621805
237,2017063,1355,2017,63,13,55,NA,NA,T,NA,NA,NA,NA,20170631355
238,2017063,1535,2017,63,15,35,39.02083333,-76.79390931,T,0.10062,0.072,0.0135,0,20170631535
239,2017063,1710,2017,63,17,10,NA,NA,A,NA,NA,NA,NA,20170631710
240,2017063,1850,2017,63,18,50,39.0375,-76.88712039,A,0.07504,0.05362,0.0141,0,20170631850
241,2017064,1440,2017,64,14,40,NA,NA,T,NA,NA,NA,NA,20170641440
242,2017064,1615,2017,64,16,15,39.0375,-76.88712039,T,0.03669,0.02619,0.0243,0,20170641615
243,2017064,1755,2017,64,17,55,39.0375,-76.88712039,A,0.03437,0.02446,0.0191,0,20170641755
244,2017065,1520,2017,65,15,20,39.0375,-76.88712039,T,0.20196,0.14528,0.0104,0,20170651520
245,2017065,1655,2017,65,16,55,38.9625,-76.89140138,T,0.18822,0.135,0.0056,0,20170651655
246,2017065,1700,2017,65,17,0,NA,NA,A,NA,NA,NA,NA,20170651700
247,2017065,1835,2017,65,18,35,39.0375,-76.85493433,A,0.22838,0.16438,0.0192,0,20170651835
248,2017066,1425,2017,66,14,25,NA,NA,T,NA,NA,NA,NA,20170661425
249,2017066,1605,2017,66,16,5,NA,NA,T,NA,NA,NA,NA,20170661605
250,2017066,1740,2017,66,17,40,NA,NA,A,NA,NA,NA,NA,20170661740
251,2017067,1510,2017,67,15,10,NA,NA,T,NA,NA,NA,NA,20170671510
252,2017067,1645,2017,67,16,45,NA,NA,A,NA,NA,NA,NA,20170671645
253,2017067,1645,2017,67,16,45,39.0375,-76.88712039,T,0.02424,0.0172,0.0086,0,20170671645
254,2017067,1825,2017,67,18,25,39.0375,-76.88712039,A,0.03868,0.02758,0.0284,0,20170671825
255,2017068,1415,2017,68,14,15,NA,NA,T,NA,NA,NA,NA,20170681415
256,2017068,1550,2017,68,15,50,39.0375,-76.88712039,T,0.09823,0.07035,0.0259,0,20170681550
257,2017068,1730,2017,68,17,30,39.0375,-76.88712039,A,0.11573,0.08302,0.0086,0,20170681730
258,2017068,1905,2017,68,19,5,39.0375,-76.88712039,A,0.15119,0.10847,0.0086,0,20170681905
259,2017069,1455,2017,69,14,55,NA,NA,T,NA,NA,NA,NA,20170691455
260,2017069,1635,2017,69,16,35,NA,NA,A,NA,NA,NA,NA,20170691635
261,2017069,1635,2017,69,16,35,NA,NA,T,NA,NA,NA,NA,20170691635
262,2017069,1810,2017,69,18,10,NA,NA,A,NA,NA,NA,NA,20170691810
263,2017070,1400,2017,70,14,0,NA,NA,T,NA,NA,NA,NA,20170701400
264,2017070,1540,2017,70,15,40,39.0375,-76.84420565,T,0.10074,0.07221,0.0173,0,20170701540
265,2017070,1715,2017,70,17,15,NA,NA,A,NA,NA,NA,NA,20170701715
266,2017070,1855,2017,70,18,55,39.0375,-76.88712039,A,0.04559,0.03252,0.0122,0,20170701855
267,2017071,1445,2017,71,14,45,NA,NA,T,NA,NA,NA,NA,20170711445
268,2017071,1620,2017,71,16,20,NA,NA,A,NA,NA,NA,NA,20170711620
269,2017071,1620,2017,71,16,20,NA,NA,T,NA,NA,NA,NA,20170711620
270,2017071,1800,2017,71,18,0,39.0125,-76.89210872,A,0.11579,0.08311,0.024,0,20170711800
271,2017072,1525,2017,72,15,25,NA,NA,T,NA,NA,NA,NA,20170721525
272,2017072,1700,2017,72,17,0,NA,NA,T,NA,NA,NA,NA,20170721700
273,2017072,1705,2017,72,17,5,NA,NA,A,NA,NA,NA,NA,20170721705
274,2017072,1845,2017,72,18,45,NA,NA,A,NA,NA,NA,NA,20170721845
275,2017073,1430,2017,73,14,30,NA,NA,T,NA,NA,NA,NA,20170731430
276,2017073,1610,2017,73,16,10,NA,NA,T,NA,NA,NA,NA,20170731610
277,2017073,1750,2017,73,17,50,NA,NA,A,NA,NA,NA,NA,20170731750
278,2017074,1515,2017,74,15,15,NA,NA,T,NA,NA,NA,NA,20170741515
279,2017074,1650,2017,74,16,50,NA,NA,A,NA,NA,NA,NA,20170741650
280,2017074,1650,2017,74,16,50,NA,NA,T,NA,NA,NA,NA,20170741650
281,2017074,1830,2017,74,18,30,NA,NA,A,NA,NA,NA,NA,20170741830
282,2017075,1420,2017,75,14,20,NA,NA,T,NA,NA,NA,NA,20170751420
283,2017075,1555,2017,75,15,55,NA,NA,T,NA,NA,NA,NA,20170751555
284,2017075,1735,2017,75,17,35,NA,NA,A,NA,NA,NA,NA,20170751735
285,2017075,1915,2017,75,19,15,NA,NA,A,NA,NA,NA,NA,20170751915
286,2017076,1500,2017,76,15,0,NA,NA,T,NA,NA,NA,NA,20170761500
287,2017076,1640,2017,76,16,40,NA,NA,A,NA,NA,NA,NA,20170761640
288,2017076,1640,2017,76,16,40,NA,NA,T,NA,NA,NA,NA,20170761640
289,2017076,1820,2017,76,18,20,38.97083333,-76.79326149,A,0.44743,0.32486,NA,0,20170761820
290,2017077,1405,2017,77,14,5,NA,NA,T,NA,NA,NA,NA,20170771405
291,2017077,1545,2017,77,15,45,39.0125,-76.7848598,T,0.2044,0.14705,0.0235,0,20170771545
292,2017077,1725,2017,77,17,25,39.0125,-76.84920915,A,0.1982,0.14239,0.0078,0,20170771725
293,2017077,1900,2017,77,19,0,NA,NA,A,NA,NA,NA,NA,20170771900
294,2017078,1450,2017,78,14,50,NA,NA,T,NA,NA,NA,NA,20170781450
295,2017078,1625,2017,78,16,25,NA,NA,A,NA,NA,NA,NA,20170781625
296,2017078,1625,2017,78,16,25,NA,NA,T,NA,NA,NA,NA,20170781625
297,2017078,1805,2017,78,18,5,NA,NA,A,NA,NA,NA,NA,20170781805
298,2017079,1355,2017,79,13,55,NA,NA,T,NA,NA,NA,NA,20170791355
299,2017079,1535,2017,79,15,35,39.0375,-76.81201959,T,0.09633,0.06897,0.0156,0,20170791535
300,2017079,1710,2017,79,17,10,NA,NA,A,NA,NA,NA,NA,20170791710
301,2017079,1850,2017,79,18,50,NA,NA,A,NA,NA,NA,NA,20170791850
302,2017080,1440,2017,80,14,40,NA,NA,T,NA,NA,NA,NA,20170801440
303,2017080,1615,2017,80,16,15,NA,NA,T,NA,NA,NA,NA,20170801615
304,2017080,1755,2017,80,17,55,NA,NA,A,NA,NA,NA,NA,20170801755
305,2017081,1520,2017,81,15,20,39.0375,-76.88712039,T,0.03987,0.02845,0.0119,0,20170811520
306,2017081,1655,2017,81,16,55,39.0375,-76.88712039,T,0.04203,0.02992,0.0074,0,20170811655
307,2017081,1700,2017,81,17,0,NA,NA,A,NA,NA,NA,NA,20170811700
308,2017081,1835,2017,81,18,35,39.0375,-76.88712039,A,0.05576,0.03983,0.0233,0,20170811835
309,2017082,1425,2017,82,14,25,NA,NA,T,NA,NA,NA,NA,20170821425
310,2017082,1605,2017,82,16,5,39.0375,-76.88712039,T,0.13596,0.09751,0.0348,0,20170821605
311,2017082,1740,2017,82,17,40,39.0375,-76.88712039,A,0.08978,0.06424,0.0147,0,20170821740
312,2017083,1510,2017,83,15,10,NA,NA,T,NA,NA,NA,NA,20170831510
313,2017083,1645,2017,83,16,45,NA,NA,A,NA,NA,NA,NA,20170831645
314,2017083,1645,2017,83,16,45,NA,NA,T,NA,NA,NA,NA,20170831645
315,2017083,1825,2017,83,18,25,NA,NA,A,NA,NA,NA,NA,20170831825
316,2017084,1415,2017,84,14,15,NA,NA,T,NA,NA,NA,NA,20170841415
317,2017084,1550,2017,84,15,50,NA,NA,T,NA,NA,NA,NA,20170841550
318,2017084,1730,2017,84,17,30,NA,NA,A,NA,NA,NA,NA,20170841730
319,2017084,1905,2017,84,19,5,NA,NA,A,NA,NA,NA,NA,20170841905
320,2017085,1455,2017,85,14,55,NA,NA,T,NA,NA,NA,NA,20170851455
321,2017085,1635,2017,85,16,35,NA,NA,A,NA,NA,NA,NA,20170851635
322,2017085,1635,2017,85,16,35,NA,NA,T,NA,NA,NA,NA,20170851635
323,2017085,1810,2017,85,18,10,NA,NA,A,NA,NA,NA,NA,20170851810
324,2017086,1400,2017,86,14,0,NA,NA,T,NA,NA,NA,NA,20170861400
325,2017086,1540,2017,86,15,40,NA,NA,T,NA,NA,NA,NA,20170861540
326,2017086,1715,2017,86,17,15,NA,NA,A,NA,NA,NA,NA,20170861715
327,2017086,1855,2017,86,18,55,NA,NA,A,NA,NA,NA,NA,20170861855
328,2017087,1445,2017,87,14,45,NA,NA,T,NA,NA,NA,NA,20170871445
329,2017087,1620,2017,87,16,20,NA,NA,A,NA,NA,NA,NA,20170871620
330,2017087,1620,2017,87,16,20,NA,NA,T,NA,NA,NA,NA,20170871620
331,2017087,1800,2017,87,18,0,NA,NA,A,NA,NA,NA,NA,20170871800
332,2017088,1525,2017,88,15,25,39.0375,-76.88712039,T,0.04944,0.03531,0.0152,0,20170881525
333,2017088,1700,2017,88,17,0,NA,NA,T,NA,NA,NA,NA,20170881700
334,2017088,1705,2017,88,17,5,NA,NA,A,NA,NA,NA,NA,20170881705
335,2017088,1845,2017,88,18,45,39.0375,-76.88712039,A,0.04008,0.02856,0.0199,0,20170881845
336,2017089,1430,2017,89,14,30,NA,NA,T,NA,NA,NA,NA,20170891430
337,2017089,1610,2017,89,16,10,NA,NA,T,NA,NA,NA,NA,20170891610
338,2017089,1750,2017,89,17,50,NA,NA,A,NA,NA,NA,NA,20170891750
339,2017090,1515,2017,90,15,15,NA,NA,T,NA,NA,NA,NA,20170901515
340,2017090,1650,2017,90,16,50,NA,NA,T,NA,NA,NA,NA,20170901650
341,2017090,1655,2017,90,16,55,NA,NA,A,NA,NA,NA,NA,20170901655
342,2017090,1830,2017,90,18,30,NA,NA,A,NA,NA,NA,NA,20170901830
343,2017091,1420,2017,91,14,20,NA,NA,T,NA,NA,NA,NA,20170911420
344,2017091,1555,2017,91,15,55,NA,NA,T,NA,NA,NA,NA,20170911555
345,2017091,1735,2017,91,17,35,NA,NA,A,NA,NA,NA,NA,20170911735
346,2017091,1915,2017,91,19,15,NA,NA,A,NA,NA,NA,NA,20170911915
1,2017092,1500,2017,92,15,0,NA,NA,T,NA,NA,NA,NA,20170921500
2,2017092,1640,2017,92,16,40,NA,NA,A,NA,NA,NA,NA,20170921640
3,2017092,1640,2017,92,16,40,NA,NA,T,NA,NA,NA,NA,20170921640
4,2017092,1820,2017,92,18,20,39.02916666,-76.81368999,A,0.32424,0.23445,0.0318,0,20170921820
5,2017093,1405,2017,93,14,5,NA,NA,T,NA,NA,NA,NA,20170931405
6,2017093,1545,2017,93,15,45,39.0125,-76.79558469,T,0.29557,0.21329,0.0247,0,20170931545
7,2017093,1725,2017,93,17,25,NA,NA,A,NA,NA,NA,NA,20170931725
8,2017093,1900,2017,93,19,0,NA,NA,A,NA,NA,NA,NA,20170931900
9,2017094,1450,2017,94,14,50,NA,NA,T,NA,NA,NA,NA,20170941450
10,2017094,1625,2017,94,16,25,NA,NA,A,NA,NA,NA,NA,20170941625
11,2017094,1625,2017,94,16,25,NA,NA,T,NA,NA,NA,NA,20170941625
12,2017094,1805,2017,94,18,5,NA,NA,A,NA,NA,NA,NA,20170941805
13,2017095,1355,2017,95,13,55,NA,NA,T,NA,NA,NA,NA,20170951355
14,2017095,1535,2017,95,15,35,39.0125,-76.82775937,T,0.125,0.08971,0.0177,0,20170951535
15,2017095,1710,2017,95,17,10,NA,NA,A,NA,NA,NA,NA,20170951710
16,2017095,1850,2017,95,18,50,NA,NA,A,NA,NA,NA,NA,20170951850
17,2017096,1440,2017,96,14,40,NA,NA,T,NA,NA,NA,NA,20170961440
18,2017096,1615,2017,96,16,15,NA,NA,T,NA,NA,NA,NA,20170961615
19,2017096,1755,2017,96,17,55,NA,NA,A,NA,NA,NA,NA,20170961755
20,2017097,1520,2017,97,15,20,NA,NA,T,NA,NA,NA,NA,20170971520
21,2017097,1655,2017,97,16,55,NA,NA,T,NA,NA,NA,NA,20170971655
22,2017097,1700,2017,97,17,0,NA,NA,A,NA,NA,NA,NA,20170971700
23,2017097,1835,2017,97,18,35,NA,NA,A,NA,NA,NA,NA,20170971835
24,2017098,1425,2017,98,14,25,NA,NA,T,NA,NA,NA,NA,20170981425
25,2017098,1605,2017,98,16,5,39.0375,-76.88712039,T,0.09348,0.06698,0.0365,0,20170981605
26,2017098,1740,2017,98,17,40,39.0375,-76.88712039,A,0.05451,0.03895,0.0162,0,20170981740
27,2017099,1510,2017,99,15,10,NA,NA,T,NA,NA,NA,NA,20170991510
28,2017099,1645,2017,99,16,45,NA,NA,A,NA,NA,NA,NA,20170991645
29,2017099,1645,2017,99,16,45,39.0375,-76.88712039,T,0.05273,0.03766,0.0123,0,20170991645
30,2017099,1825,2017,99,18,25,39.0375,-76.88712039,A,0.08892,0.06364,0.0323,0,20170991825
31,2017100,1415,2017,100,14,15,NA,NA,T,NA,NA,NA,NA,20171001415
32,2017100,1550,2017,100,15,50,39.0375,-76.88712039,T,0.23079,0.16617,0.0306,0,20171001550
33,2017100,1730,2017,100,17,30,NA,NA,A,NA,NA,NA,NA,20171001730
34,2017100,1905,2017,100,19,5,NA,NA,A,NA,NA,NA,NA,20171001905
35,2017101,1455,2017,101,14,55,NA,NA,T,NA,NA,NA,NA,20171011455
36,2017101,1635,2017,101,16,35,NA,NA,A,NA,NA,NA,NA,20171011635
37,2017101,1635,2017,101,16,35,39.0375,-76.88712039,T,0.23789,0.17134,0.0185,0,20171011635
38,2017101,1810,2017,101,18,10,39.02916666,-76.88878193,A,0.22659,0.16312,0.0354,0,20171011810
39,2017102,1400,2017,102,14,0,NA,NA,T,NA,NA,NA,NA,20171021400
40,2017102,1715,2017,102,17,15,NA,NA,A,NA,NA,NA,NA,20171021715
41,2017102,1855,2017,102,18,55,38.99583333,-76.86327335,A,0.228,0.1645,0.0153,0,20171021855
42,2017103,1445,2017,103,14,45,NA,NA,T,NA,NA,NA,NA,20171031445
43,2017103,1620,2017,103,16,20,NA,NA,A,NA,NA,NA,NA,20171031620
44,2017103,1620,2017,103,16,20,39.0375,-76.88712039,T,0.38257,0.27689,0.028,0,20171031620
45,2017103,1800,2017,103,18,0,38.97083333,-76.80398007,A,0.39775,0.28787,0.0291,0,20171031800
46,2017104,1525,2017,104,15,25,39.0375,-76.88712039,T,0.37311,0.27003,0.016,0,20171041525
47,2017104,1700,2017,104,17,0,NA,NA,T,NA,NA,NA,NA,20171041700
48,2017104,1705,2017,104,17,5,NA,NA,A,NA,NA,NA,NA,20171041705
49,2017104,1845,2017,104,18,45,39.0375,-76.84420565,A,0.38819,0.28122,0.0197,0,20171041845
50,2017105,1430,2017,105,14,30,NA,NA,T,NA,NA,NA,NA,20171051430
51,2017105,1610,2017,105,16,10,NA,NA,T,NA,NA,NA,NA,20171051610
52,2017105,1745,2017,105,17,45,39.0375,-76.88712039,A,0.37264,0.26965,0.0207,0,20171051745
53,2017106,1515,2017,106,15,15,NA,NA,T,NA,NA,NA,NA,20171061515
54,2017106,1650,2017,106,16,50,NA,NA,A,NA,NA,NA,NA,20171061650
55,2017106,1650,2017,106,16,50,39.0375,-76.88712039,T,0.23093,0.16634,0.0111,0,20171061650
56,2017106,1830,2017,106,18,30,NA,NA,A,NA,NA,NA,NA,20171061830
57,2017107,1420,2017,107,14,20,NA,NA,T,NA,NA,NA,NA,20171071420
58,2017107,1555,2017,107,15,55,NA,NA,T,NA,NA,NA,NA,20171071555
59,2017107,1735,2017,107,17,35,NA,NA,A,NA,NA,NA,NA,20171071735
60,2017107,1915,2017,107,19,15,NA,NA,A,NA,NA,NA,NA,20171071915
61,2017108,1500,2017,108,15,0,NA,NA,T,NA,NA,NA,NA,20171081500
62,2017108,1640,2017,108,16,40,NA,NA,A,NA,NA,NA,NA,20171081640
63,2017108,1640,2017,108,16,40,39.0375,-76.88712039,T,0.11025,0.07908,0.0156,0,20171081640
64,2017108,1820,2017,108,18,20,39.02916666,-76.79223515,A,0.23722,0.17091,0.0331,0,20171081820
65,2017109,1405,2017,109,14,5,NA,NA,T,NA,NA,NA,NA,20171091405
66,2017109,1545,2017,109,15,45,NA,NA,T,NA,NA,NA,NA,20171091545
67,2017109,1725,2017,109,17,25,NA,NA,A,NA,NA,NA,NA,20171091725
68,2017109,1900,2017,109,19,0,NA,NA,A,NA,NA,NA,NA,20171091900
69,2017110,1450,2017,110,14,50,NA,NA,T,NA,NA,NA,NA,20171101450
70,2017110,1625,2017,110,16,25,NA,NA,A,NA,NA,NA,NA,20171101625
71,2017110,1625,2017,110,16,25,39.0375,-76.88712039,T,0.31037,0.22418,0.0235,0,20171101625
72,2017110,1805,2017,110,18,5,39.0375,-76.88712039,A,0.22527,0.16223,0.0338,0,20171101805
73,2017111,1355,2017,111,13,55,NA,NA,T,NA,NA,NA,NA,20171111355
74,2017111,1535,2017,111,15,35,NA,NA,T,NA,NA,NA,NA,20171111535
75,2017111,1710,2017,111,17,10,NA,NA,A,NA,NA,NA,NA,20171111710
76,2017111,1850,2017,111,18,50,NA,NA,A,NA,NA,NA,NA,20171111850
77,2017112,1440,2017,112,14,40,NA,NA,T,NA,NA,NA,NA,20171121440
78,2017112,1615,2017,112,16,15,NA,NA,T,NA,NA,NA,NA,20171121615
79,2017112,1755,2017,112,17,55,NA,NA,A,NA,NA,NA,NA,20171121755
80,2017113,1520,2017,113,15,20,NA,NA,T,NA,NA,NA,NA,20171131520
81,2017113,1655,2017,113,16,55,NA,NA,T,NA,NA,NA,NA,20171131655
82,2017113,1700,2017,113,17,0,NA,NA,A,NA,NA,NA,NA,20171131700
83,2017113,1835,2017,113,18,35,NA,NA,A,NA,NA,NA,NA,20171131835
84,2017114,1740,2017,114,17,40,NA,NA,A,NA,NA,NA,NA,20171141740
85,2017115,1510,2017,115,15,10,NA,NA,T,NA,NA,NA,NA,20171151510
86,2017115,1645,2017,115,16,45,NA,NA,A,NA,NA,NA,NA,20171151645
87,2017115,1645,2017,115,16,45,NA,NA,T,NA,NA,NA,NA,20171151645
88,2017115,1825,2017,115,18,25,NA,NA,A,NA,NA,NA,NA,20171151825
89,2017116,1415,2017,116,14,15,NA,NA,T,NA,NA,NA,NA,20171161415
90,2017116,1550,2017,116,15,50,NA,NA,T,NA,NA,NA,NA,20171161550
91,2017116,1730,2017,116,17,30,NA,NA,A,NA,NA,NA,NA,20171161730
92,2017116,1905,2017,116,19,5,NA,NA,A,NA,NA,NA,NA,20171161905
93,2017117,1455,2017,117,14,55,NA,NA,T,NA,NA,NA,NA,20171171455
94,2017117,1635,2017,117,16,35,NA,NA,A,NA,NA,NA,NA,20171171635
95,2017117,1635,2017,117,16,35,NA,NA,T,NA,NA,NA,NA,20171171635
96,2017117,1810,2017,117,18,10,NA,NA,A,NA,NA,NA,NA,20171171810
97,2017118,1400,2017,118,14,0,NA,NA,T,NA,NA,NA,NA,20171181400
98,2017118,1540,2017,118,15,40,39.0375,-76.88712039,T,0.15703,0.1127,0.0229,0,20171181540
99,2017118,1715,2017,118,17,15,NA,NA,A,NA,NA,NA,NA,20171181715
100,2017118,1855,2017,118,18,55,39.0375,-76.8763917,A,0.22558,0.16251,0.014,0,20171181855
101,2017119,1445,2017,119,14,45,NA,NA,T,NA,NA,NA,NA,20171191445
102,2017119,1620,2017,119,16,20,NA,NA,A,NA,NA,NA,NA,20171191620
103,2017119,1620,2017,119,16,20,NA,NA,T,NA,NA,NA,NA,20171191620
104,2017119,1800,2017,119,18,0,NA,NA,A,NA,NA,NA,NA,20171191800
105,2017120,1525,2017,120,15,25,NA,NA,T,NA,NA,NA,NA,20171201525
106,2017120,1700,2017,120,17,0,NA,NA,T,NA,NA,NA,NA,20171201700
107,2017120,1705,2017,120,17,5,NA,NA,A,NA,NA,NA,NA,20171201705
108,2017120,1840,2017,120,18,40,39.0375,-76.88712039,A,0.36329,0.26284,0.0203,0,20171201840
109,2017121,1430,2017,121,14,30,NA,NA,T,NA,NA,NA,NA,20171211430
110,2017121,1610,2017,121,16,10,NA,NA,T,NA,NA,NA,NA,20171211610
111,2017121,1745,2017,121,17,45,NA,NA,A,NA,NA,NA,NA,20171211745
112,2017122,1515,2017,122,15,15,NA,NA,T,NA,NA,NA,NA,20171221515
113,2017122,1650,2017,122,16,50,NA,NA,A,NA,NA,NA,NA,20171221650
114,2017122,1650,2017,122,16,50,39.0375,-76.88712039,T,0.09461,0.06774,0.0122,0,20171221650
115,2017122,1830,2017,122,18,30,39.0375,-76.85493433,A,0.156,0.112,0.0269,0,20171221830
116,2017123,1420,2017,123,14,20,NA,NA,T,NA,NA,NA,NA,20171231420
117,2017123,1555,2017,123,15,55,NA,NA,T,NA,NA,NA,NA,20171231555
118,2017123,1735,2017,123,17,35,39.02083333,-76.8689924,A,0.263,0.19,0.0142,0,20171231735
119,2017123,1915,2017,123,19,15,NA,NA,A,NA,NA,NA,NA,20171231915
120,2017124,1500,2017,124,15,0,NA,NA,T,NA,NA,NA,NA,20171241500
121,2017124,1640,2017,124,16,40,NA,NA,A,NA,NA,NA,NA,20171241640
122,2017124,1640,2017,124,16,40,NA,NA,T,NA,NA,NA,NA,20171241640
123,2017124,1820,2017,124,18,20,NA,NA,A,NA,NA,NA,NA,20171241820
124,2017125,1405,2017,125,14,5,NA,NA,T,NA,NA,NA,NA,20171251405
125,2017125,1545,2017,125,15,45,NA,NA,T,NA,NA,NA,NA,20171251545
126,2017125,1725,2017,125,17,25,NA,NA,A,NA,NA,NA,NA,20171251725
127,2017125,1900,2017,125,19,0,NA,NA,A,NA,NA,NA,NA,20171251900
128,2017126,1450,2017,126,14,50,NA,NA,T,NA,NA,NA,NA,20171261450
129,2017126,1625,2017,126,16,25,NA,NA,A,NA,NA,NA,NA,20171261625
130,2017126,1625,2017,126,16,25,NA,NA,T,NA,NA,NA,NA,20171261625
131,2017126,1805,2017,126,18,5,NA,NA,A,NA,NA,NA,NA,20171261805
132,2017127,1355,2017,127,13,55,NA,NA,T,NA,NA,NA,NA,20171271355
133,2017127,1535,2017,127,15,35,NA,NA,T,NA,NA,NA,NA,20171271535
134,2017127,1710,2017,127,17,10,NA,NA,A,NA,NA,NA,NA,20171271710
135,2017127,1850,2017,127,18,50,NA,NA,A,NA,NA,NA,NA,20171271850
136,2017128,1440,2017,128,14,40,NA,NA,T,NA,NA,NA,NA,20171281440
137,2017128,1615,2017,128,16,15,39.0375,-76.88712039,T,0.11088,0.07947,0.0345,0,20171281615
138,2017128,1755,2017,128,17,55,39.0375,-76.82274828,A,0.12759,0.09153,0.0247,0,20171281755
139,2017129,1520,2017,129,15,20,39.0375,-76.88712039,T,0.0564,0.04025,0.015,0,20171291520
140,2017129,1655,2017,129,16,55,39.0375,-76.88712039,T,0.05372,0.03835,0.0107,0,20171291655
141,2017129,1700,2017,129,17,0,NA,NA,A,NA,NA,NA,NA,20171291700
142,2017129,1835,2017,129,18,35,39.0375,-76.88712039,A,0.09653,0.0691,0.0247,0,20171291835
143,2017130,1425,2017,130,14,25,NA,NA,T,NA,NA,NA,NA,20171301425
144,2017130,1605,2017,130,16,5,39.0375,-76.85493433,T,0.22413,0.16141,0.0352,0,20171301605
145,2017130,1740,2017,130,17,40,39.0375,-76.85493433,A,0.3142,0.22691,0.0176,0,20171301740
146,2017131,1510,2017,131,15,10,NA,NA,T,NA,NA,NA,NA,20171311510
147,2017131,1645,2017,131,16,45,NA,NA,A,NA,NA,NA,NA,20171311645
148,2017131,1645,2017,131,16,45,NA,NA,T,NA,NA,NA,NA,20171311645
149,2017131,1825,2017,131,18,25,NA,NA,A,NA,NA,NA,NA,20171311825
150,2017132,1415,2017,132,14,15,NA,NA,T,NA,NA,NA,NA,20171321415
151,2017132,1550,2017,132,15,50,NA,NA,T,NA,NA,NA,NA,20171321550
152,2017132,1730,2017,132,17,30,NA,NA,A,NA,NA,NA,NA,20171321730
153,2017132,1905,2017,132,19,5,NA,NA,A,NA,NA,NA,NA,20171321905
154,2017133,1455,2017,133,14,55,NA,NA,T,NA,NA,NA,NA,20171331455
155,2017133,1635,2017,133,16,35,NA,NA,A,NA,NA,NA,NA,20171331635
156,2017133,1635,2017,133,16,35,NA,NA,T,NA,NA,NA,NA,20171331635
157,2017133,1810,2017,133,18,10,NA,NA,A,NA,NA,NA,NA,20171331810
158,2017134,1400,2017,134,14,0,NA,NA,T,NA,NA,NA,NA,20171341400
159,2017134,1540,2017,134,15,40,39.02916666,-76.82441741,T,0.20881,0.15005,0.0225,0,20171341540
160,2017134,1715,2017,134,17,15,NA,NA,A,NA,NA,NA,NA,20171341715
161,2017134,1855,2017,134,18,55,38.9625,-76.86996674,A,0.39133,0.28367,0.0161,0,20171341855
162,2017135,1445,2017,135,14,45,NA,NA,T,NA,NA,NA,NA,20171351445
163,2017135,1620,2017,135,16,20,NA,NA,A,NA,NA,NA,NA,20171351620
164,2017135,1620,2017,135,16,20,39.0375,-76.88712039,T,0.0959,0.06871,0.0313,0,20171351620
165,2017135,1800,2017,135,18,0,39.0375,-76.88712039,A,0.10683,0.07654,0.0331,0,20171351800
166,2017136,1525,2017,136,15,25,39.0375,-76.88712039,T,0.08542,0.06112,0.0177,0,20171361525
167,2017136,1700,2017,136,17,0,NA,NA,T,NA,NA,NA,NA,20171361700
168,2017136,1705,2017,136,17,5,NA,NA,A,NA,NA,NA,NA,20171361705
169,2017136,1840,2017,136,18,40,39.0375,-76.88712039,A,0.14823,0.10631,0.0209,0,20171361840
170,2017137,1430,2017,137,14,30,NA,NA,T,NA,NA,NA,NA,20171371430
171,2017137,1610,2017,137,16,10,39.0375,-76.88712039,T,0.18341,0.1317,0.0371,0,20171371610
172,2017137,1745,2017,137,17,45,39.0375,-76.88712039,A,0.26292,0.18942,0.0222,0,20171371745
173,2017138,1515,2017,138,15,15,39.0375,-76.84420565,T,0.402,0.292,0.0123,0,20171381515
174,2017138,1650,2017,138,16,50,NA,NA,A,NA,NA,NA,NA,20171381650
175,2017138,1650,2017,138,16,50,39.0375,-76.84420565,T,0.29373,0.2119,0.0122,0,20171381650
176,2017138,1830,2017,138,18,30,39.0375,-76.88712039,A,0.26838,0.19348,0.0281,0,20171381830
177,2017139,1420,2017,139,14,20,NA,NA,T,NA,NA,NA,NA,20171391420
178,2017139,1555,2017,139,15,55,39.0375,-76.88712039,T,0.27285,0.19688,0.0375,0,20171391555
179,2017139,1735,2017,139,17,35,NA,NA,A,NA,NA,NA,NA,20171391735
180,2017139,1915,2017,139,19,15,NA,NA,A,NA,NA,NA,NA,20171391915
181,2017140,1500,2017,140,15,0,NA,NA,T,NA,NA,NA,NA,20171401500
182,2017140,1640,2017,140,16,40,NA,NA,A,NA,NA,NA,NA,20171401640
183,2017140,1640,2017,140,16,40,NA,NA,T,NA,NA,NA,NA,20171401640
184,2017140,1820,2017,140,18,20,NA,NA,A,NA,NA,NA,NA,20171401820
185,2017141,1405,2017,141,14,5,NA,NA,T,NA,NA,NA,NA,20171411405
186,2017141,1545,2017,141,15,45,NA,NA,T,NA,NA,NA,NA,20171411545
187,2017141,1725,2017,141,17,25,NA,NA,A,NA,NA,NA,NA,20171411725
188,2017141,1900,2017,141,19,0,NA,NA,A,NA,NA,NA,NA,20171411900
189,2017142,1450,2017,142,14,50,NA,NA,T,NA,NA,NA,NA,20171421450
190,2017142,1625,2017,142,16,25,NA,NA,A,NA,NA,NA,NA,20171421625
191,2017142,1625,2017,142,16,25,NA,NA,T,NA,NA,NA,NA,20171421625
192,2017142,1805,2017,142,18,5,NA,NA,A,NA,NA,NA,NA,20171421805
193,2017143,1355,2017,143,13,55,NA,NA,T,NA,NA,NA,NA,20171431355
194,2017143,1535,2017,143,15,35,NA,NA,T,NA,NA,NA,NA,20171431535
195,2017143,1710,2017,143,17,10,NA,NA,A,NA,NA,NA,NA,20171431710
196,2017143,1850,2017,143,18,50,NA,NA,A,NA,NA,NA,NA,20171431850
197,2017144,1440,2017,144,14,40,NA,NA,T,NA,NA,NA,NA,20171441440
198,2017144,1615,2017,144,16,15,NA,NA,T,NA,NA,NA,NA,20171441615
199,2017144,1755,2017,144,17,55,NA,NA,A,NA,NA,NA,NA,20171441755
200,2017145,1520,2017,145,15,20,NA,NA,T,NA,NA,NA,NA,20171451520
201,2017145,1700,2017,145,17,0,NA,NA,A,NA,NA,NA,NA,20171451700
202,2017145,1835,2017,145,18,35,NA,NA,A,NA,NA,NA,NA,20171451835
203,2017146,1425,2017,146,14,25,NA,NA,T,NA,NA,NA,NA,20171461425
204,2017146,1605,2017,146,16,5,NA,NA,T,NA,NA,NA,NA,20171461605
205,2017146,1740,2017,146,17,40,NA,NA,A,NA,NA,NA,NA,20171461740
206,2017147,1510,2017,147,15,10,NA,NA,T,NA,NA,NA,NA,20171471510
207,2017147,1645,2017,147,16,45,NA,NA,A,NA,NA,NA,NA,20171471645
208,2017147,1645,2017,147,16,45,NA,NA,T,NA,NA,NA,NA,20171471645
209,2017147,1825,2017,147,18,25,NA,NA,A,NA,NA,NA,NA,20171471825
210,2017148,1415,2017,148,14,15,NA,NA,T,NA,NA,NA,NA,20171481415
211,2017148,1550,2017,148,15,50,NA,NA,T,NA,NA,NA,NA,20171481550
212,2017148,1730,2017,148,17,30,NA,NA,A,NA,NA,NA,NA,20171481730
213,2017148,1905,2017,148,19,5,NA,NA,A,NA,NA,NA,NA,20171481905
214,2017149,1455,2017,149,14,55,NA,NA,T,NA,NA,NA,NA,20171491455
215,2017149,1635,2017,149,16,35,NA,NA,A,NA,NA,NA,NA,20171491635
216,2017149,1635,2017,149,16,35,NA,NA,T,NA,NA,NA,NA,20171491635
217,2017149,1810,2017,149,18,10,NA,NA,A,NA,NA,NA,NA,20171491810
218,2017150,1400,2017,150,14,0,NA,NA,T,NA,NA,NA,NA,20171501400
219,2017150,1540,2017,150,15,40,NA,NA,T,NA,NA,NA,NA,20171501540
220,2017150,1715,2017,150,17,15,NA,NA,A,NA,NA,NA,NA,20171501715
221,2017150,1855,2017,150,18,55,NA,NA,A,NA,NA,NA,NA,20171501855
222,2017151,1445,2017,151,14,45,NA,NA,T,NA,NA,NA,NA,20171511445
223,2017151,1620,2017,151,16,20,NA,NA,A,NA,NA,NA,NA,20171511620
224,2017151,1620,2017,151,16,20,NA,NA,T,NA,NA,NA,NA,20171511620
225,2017151,1800,2017,151,18,0,NA,NA,A,NA,NA,NA,NA,20171511800
226,2017152,1525,2017,152,15,25,39.0375,-76.88712039,T,0.12814,0.09185,0.0175,0,20171521525
227,2017152,1700,2017,152,17,0,NA,NA,T,NA,NA,NA,NA,20171521700
228,2017152,1705,2017,152,17,5,NA,NA,A,NA,NA,NA,NA,20171521705
229,2017152,1840,2017,152,18,40,38.97083333,-76.81469865,A,0.2435,0.175,0.0211,0,20171521840
230,2017153,1430,2017,153,14,30,NA,NA,T,NA,NA,NA,NA,20171531430
231,2017153,1610,2017,153,16,10,39.0375,-76.8763917,T,0.20777,0.14947,0.0355,0,20171531610
232,2017153,1745,2017,153,17,45,39.0375,-76.88712039,A,0.25999,0.18734,0.0241,0,20171531745
233,2017154,1515,2017,154,15,15,NA,NA,T,NA,NA,NA,NA,20171541515
234,2017154,1650,2017,154,16,50,NA,NA,A,NA,NA,NA,NA,20171541650
235,2017154,1650,2017,154,16,50,NA,NA,T,NA,NA,NA,NA,20171541650
236,2017154,1830,2017,154,18,30,39.0375,-76.88712039,A,0.25034,0.18036,0.0299,0,20171541830
237,2017155,1420,2017,155,14,20,NA,NA,T,NA,NA,NA,NA,20171551420
238,2017155,1555,2017,155,15,55,39.02083333,-76.89044471,T,0.3762,0.27243,0.0343,0,20171551555
239,2017155,1735,2017,155,17,35,NA,NA,A,NA,NA,NA,NA,20171551735
240,2017155,1915,2017,155,19,15,NA,NA,A,NA,NA,NA,NA,20171551915
241,2017156,1500,2017,156,15,0,NA,NA,T,NA,NA,NA,NA,20171561500
242,2017156,1640,2017,156,16,40,NA,NA,A,NA,NA,NA,NA,20171561640
243,2017156,1640,2017,156,16,40,NA,NA,T,NA,NA,NA,NA,20171561640
244,2017156,1820,2017,156,18,20,NA,NA,A,NA,NA,NA,NA,20171561820
245,2017157,1405,2017,157,14,5,NA,NA,T,NA,NA,NA,NA,20171571405
246,2017157,1545,2017,157,15,45,39.0125,-76.87065893,T,0.273,0.197,0.0258,0,20171571545
247,2017157,1725,2017,157,17,25,NA,NA,A,NA,NA,NA,NA,20171571725
248,2017157,1900,2017,157,19,0,NA,NA,A,NA,NA,NA,NA,20171571900
249,2017158,1450,2017,158,14,50,NA,NA,T,NA,NA,NA,NA,20171581450
250,2017158,1625,2017,158,16,25,NA,NA,A,NA,NA,NA,NA,20171581625
251,2017158,1625,2017,158,16,25,NA,NA,T,NA,NA,NA,NA,20171581625
252,2017158,1805,2017,158,18,5,NA,NA,A,NA,NA,NA,NA,20171581805
253,2017159,1355,2017,159,13,55,NA,NA,T,NA,NA,NA,NA,20171591355
254,2017159,1535,2017,159,15,35,NA,NA,T,NA,NA,NA,NA,20171591535
255,2017159,1710,2017,159,17,10,NA,NA,A,NA,NA,NA,NA,20171591710
256,2017159,1850,2017,159,18,50,39.0375,-76.88712039,A,0.15336,0.11006,0.0191,0,20171591850
257,2017160,1440,2017,160,14,40,NA,NA,T,NA,NA,NA,NA,20171601440
258,2017160,1615,2017,160,16,15,39.0375,-76.85493433,T,0.12335,0.08843,0.0345,0,20171601615
259,2017160,1755,2017,160,17,55,38.95416666,-76.839495,A,0.239,0.172,0.03,0,20171601755
260,2017161,1520,2017,161,15,20,39.0375,-76.88712039,T,0.19128,0.13742,0.0156,0,20171611520
261,2017161,1655,2017,161,16,55,39.0375,-76.88712039,T,0.21718,0.15641,0.0114,0,20171611655
262,2017161,1700,2017,161,17,0,NA,NA,A,NA,NA,NA,NA,20171611700
263,2017161,1835,2017,161,18,35,39.0375,-76.83347696,A,0.3325,0.2405,0.0238,0,20171611835
264,2017162,1425,2017,162,14,25,NA,NA,T,NA,NA,NA,NA,20171621425
265,2017162,1605,2017,162,16,5,39.0375,-76.88712039,T,0.1765,0.12681,0.0406,0,20171621605
266,2017162,1740,2017,162,17,40,39.0375,-76.88712039,A,0.18846,0.13532,0.0195,0,20171621740
267,2017163,1510,2017,163,15,10,NA,NA,T,NA,NA,NA,NA,20171631510
268,2017163,1645,2017,163,16,45,NA,NA,A,NA,NA,NA,NA,20171631645
269,2017163,1645,2017,163,16,45,39.0375,-76.85493433,T,0.28079,0.20258,0.0149,0,20171631645
270,2017163,1825,2017,163,18,25,38.95416666,-76.839495,A,0.43,0.3125,0.0359,0,20171631825
271,2017164,1415,2017,164,14,15,NA,NA,T,NA,NA,NA,NA,20171641415
272,2017164,1550,2017,164,15,50,NA,NA,T,NA,NA,NA,NA,20171641550
273,2017164,1730,2017,164,17,30,NA,NA,A,NA,NA,NA,NA,20171641730
274,2017164,1905,2017,164,19,5,NA,NA,A,NA,NA,NA,NA,20171641905
275,2017165,1455,2017,165,14,55,NA,NA,T,NA,NA,NA,NA,20171651455
276,2017165,1635,2017,165,16,35,NA,NA,A,NA,NA,NA,NA,20171651635
277,2017165,1635,2017,165,16,35,NA,NA,T,NA,NA,NA,NA,20171651635
278,2017165,1810,2017,165,18,10,NA,NA,A,NA,NA,NA,NA,20171651810
279,2017166,1400,2017,166,14,0,NA,NA,T,NA,NA,NA,NA,20171661400
280,2017166,1540,2017,166,15,40,NA,NA,T,NA,NA,NA,NA,20171661540
281,2017166,1715,2017,166,17,15,NA,NA,A,NA,NA,NA,NA,20171661715
282,2017166,1855,2017,166,18,55,NA,NA,A,NA,NA,NA,NA,20171661855
283,2017167,1445,2017,167,14,45,NA,NA,T,NA,NA,NA,NA,20171671445
284,2017167,1620,2017,167,16,20,NA,NA,A,NA,NA,NA,NA,20171671620
285,2017167,1620,2017,167,16,20,NA,NA,T,NA,NA,NA,NA,20171671620
286,2017167,1800,2017,167,18,0,NA,NA,A,NA,NA,NA,NA,20171671800
287,2017168,1525,2017,168,15,25,NA,NA,T,NA,NA,NA,NA,20171681525
288,2017168,1700,2017,168,17,0,NA,NA,T,NA,NA,NA,NA,20171681700
289,2017168,1705,2017,168,17,5,NA,NA,A,NA,NA,NA,NA,20171681705
290,2017168,1840,2017,168,18,40,NA,NA,A,NA,NA,NA,NA,20171681840
291,2017169,1430,2017,169,14,30,NA,NA,T,NA,NA,NA,NA,20171691430
292,2017169,1610,2017,169,16,10,NA,NA,T,NA,NA,NA,NA,20171691610
293,2017169,1745,2017,169,17,45,NA,NA,A,NA,NA,NA,NA,20171691745
294,2017170,1515,2017,170,15,15,NA,NA,T,NA,NA,NA,NA,20171701515
295,2017170,1650,2017,170,16,50,NA,NA,A,NA,NA,NA,NA,20171701650
296,2017170,1650,2017,170,16,50,NA,NA,T,NA,NA,NA,NA,20171701650
297,2017170,1830,2017,170,18,30,NA,NA,A,NA,NA,NA,NA,20171701830
298,2017171,1420,2017,171,14,20,NA,NA,T,NA,NA,NA,NA,20171711420
299,2017171,1555,2017,171,15,55,38.97916666,-76.86661758,T,0.31429,0.227,0.0378,0,20171711555
300,2017171,1735,2017,171,17,35,38.99583333,-76.87399571,A,0.35633,0.258,0.0168,0,20171711735
301,2017171,1915,2017,171,19,15,NA,NA,A,NA,NA,NA,NA,20171711915
302,2017172,1500,2017,172,15,0,NA,NA,T,NA,NA,NA,NA,20171721500
303,2017172,1640,2017,172,16,40,NA,NA,A,NA,NA,NA,NA,20171721640
304,2017172,1640,2017,172,16,40,NA,NA,T,NA,NA,NA,NA,20171721640
305,2017172,1820,2017,172,18,20,39.0375,-76.83347696,A,0.39052,0.28283,0.035,0,20171721820
306,2017173,1405,2017,173,14,5,NA,NA,T,NA,NA,NA,NA,20171731405
307,2017173,1545,2017,173,15,45,NA,NA,T,NA,NA,NA,NA,20171731545
308,2017173,1725,2017,173,17,25,NA,NA,A,NA,NA,NA,NA,20171731725
309,2017173,1900,2017,173,19,0,NA,NA,A,NA,NA,NA,NA,20171731900
310,2017174,1450,2017,174,14,50,NA,NA,T,NA,NA,NA,NA,20171741450
311,2017174,1625,2017,174,16,25,NA,NA,A,NA,NA,NA,NA,20171741625
312,2017174,1625,2017,174,16,25,NA,NA,T,NA,NA,NA,NA,20171741625
313,2017174,1805,2017,174,18,5,NA,NA,A,NA,NA,NA,NA,20171741805
314,2017175,1355,2017,175,13,55,NA,NA,T,NA,NA,NA,NA,20171751355
315,2017175,1535,2017,175,15,35,39.0375,-76.85493433,T,0.12974,0.09302,0.0202,0,20171751535
316,2017175,1710,2017,175,17,10,NA,NA,A,NA,NA,NA,NA,20171751710
317,2017175,1850,2017,175,18,50,NA,NA,A,NA,NA,NA,NA,20171751850
318,2017176,1440,2017,176,14,40,NA,NA,T,NA,NA,NA,NA,20171761440
319,2017176,1615,2017,176,16,15,NA,NA,T,NA,NA,NA,NA,20171761615
320,2017176,1755,2017,176,17,55,38.97083333,-76.85757297,A,0.412,0.3,0.0296,0,20171761755
321,2017177,1520,2017,177,15,20,39.0375,-76.84420565,T,0.16956,0.12175,0.0147,0,20171771520
322,2017177,1655,2017,177,16,55,39.0375,-76.86566302,T,0.19041,0.1367,0.011,0,20171771655
323,2017177,1700,2017,177,17,0,NA,NA,A,NA,NA,NA,NA,20171771700
324,2017177,1835,2017,177,18,35,NA,NA,A,NA,NA,NA,NA,20171771835
325,2017178,1425,2017,178,14,25,NA,NA,T,NA,NA,NA,NA,20171781425
326,2017178,1605,2017,178,16,5,39.0375,-76.79056222,T,0.225,0.162,0.0345,0,20171781605
327,2017178,1740,2017,178,17,40,NA,NA,A,NA,NA,NA,NA,20171781740
328,2017179,1510,2017,179,15,10,NA,NA,T,NA,NA,NA,NA,20171791510
329,2017179,1645,2017,179,16,45,NA,NA,A,NA,NA,NA,NA,20171791645
330,2017179,1645,2017,179,16,45,39.0375,-76.86566302,T,0.249,0.1794,0.0147,0,20171791645
331,2017179,1825,2017,179,18,25,39.0375,-76.88712039,A,0.20576,0.14806,0.0343,0,20171791825
332,2017180,1550,2017,180,15,50,NA,NA,T,NA,NA,NA,NA,20171801550
333,2017180,1730,2017,180,17,30,NA,NA,A,NA,NA,NA,NA,20171801730
334,2017180,1905,2017,180,19,5,NA,NA,A,NA,NA,NA,NA,20171801905
335,2017181,1455,2017,181,14,55,NA,NA,T,NA,NA,NA,NA,20171811455
336,2017181,1635,2017,181,16,35,NA,NA,A,NA,NA,NA,NA,20171811635
337,2017181,1635,2017,181,16,35,39.0375,-76.88712039,T,0.23035,0.1659,0.0229,0,20171811635
338,2017181,1810,2017,181,18,10,39.0375,-76.88712039,A,0.16356,0.11748,0.041,0,20171811810
1,2017182,1400,2017,182,14,0,NA,NA,T,NA,NA,NA,NA,20171821400
2,2017182,1540,2017,182,15,40,NA,NA,T,NA,NA,NA,NA,20171821540
3,2017182,1715,2017,182,17,15,NA,NA,A,NA,NA,NA,NA,20171821715
4,2017182,1855,2017,182,18,55,NA,NA,A,NA,NA,NA,NA,20171821855
5,2017183,1445,2017,183,14,45,NA,NA,T,NA,NA,NA,NA,20171831445
6,2017183,1620,2017,183,16,20,NA,NA,A,NA,NA,NA,NA,20171831620
7,2017183,1620,2017,183,16,20,NA,NA,T,NA,NA,NA,NA,20171831620
8,2017183,1800,2017,183,18,0,NA,NA,A,NA,NA,NA,NA,20171831800
9,2017184,1525,2017,184,15,25,39.0375,-76.88712039,T,0.14032,0.10068,0.0186,0,20171841525
10,2017184,1700,2017,184,17,0,NA,NA,T,NA,NA,NA,NA,20171841700
11,2017184,1705,2017,184,17,5,NA,NA,A,NA,NA,NA,NA,20171841705
12,2017184,1840,2017,184,18,40,NA,NA,A,NA,NA,NA,NA,20171841840
13,2017185,1430,2017,185,14,30,NA,NA,T,NA,NA,NA,NA,20171851430
14,2017185,1610,2017,185,16,10,NA,NA,T,NA,NA,NA,NA,20171851610
15,2017185,1745,2017,185,17,45,NA,NA,A,NA,NA,NA,NA,20171851745
16,2017186,1515,2017,186,15,15,NA,NA,T,NA,NA,NA,NA,20171861515
17,2017186,1650,2017,186,16,50,NA,NA,A,NA,NA,NA,NA,20171861650
18,2017186,1830,2017,186,18,30,NA,NA,A,NA,NA,NA,NA,20171861830
19,2017187,1420,2017,187,14,20,NA,NA,T,NA,NA,NA,NA,20171871420
20,2017187,1555,2017,187,15,55,NA,NA,T,NA,NA,NA,NA,20171871555
21,2017187,1735,2017,187,17,35,NA,NA,A,NA,NA,NA,NA,20171871735
22,2017187,1915,2017,187,19,15,NA,NA,A,NA,NA,NA,NA,20171871915
23,2017188,1500,2017,188,15,0,NA,NA,T,NA,NA,NA,NA,20171881500
24,2017188,1640,2017,188,16,40,NA,NA,A,NA,NA,NA,NA,20171881640
25,2017188,1640,2017,188,16,40,39.0375,-76.84420565,T,0.18667,0.134,0.0173,0,20171881640
26,2017188,1820,2017,188,18,20,NA,NA,A,NA,NA,NA,NA,20171881820
27,2017189,1405,2017,189,14,5,NA,NA,T,NA,NA,NA,NA,20171891405
28,2017189,1545,2017,189,15,45,38.9625,-76.78422819,T,0.20808,0.14992,0.0295,0,20171891545
29,2017189,1725,2017,189,17,25,NA,NA,A,NA,NA,NA,NA,20171891725
30,2017189,1900,2017,189,19,0,NA,NA,A,NA,NA,NA,NA,20171891900
31,2017190,1450,2017,190,14,50,NA,NA,T,NA,NA,NA,NA,20171901450
32,2017190,1625,2017,190,16,25,NA,NA,A,NA,NA,NA,NA,20171901625
33,2017190,1625,2017,190,16,25,39.0375,-76.88712039,T,0.11414,0.08185,0.0274,0,20171901625
34,2017190,1805,2017,190,18,5,39.0375,-76.88712039,A,0.1133,0.08122,0.0408,0,20171901805
35,2017191,1355,2017,191,13,55,NA,NA,T,NA,NA,NA,NA,20171911355
36,2017191,1535,2017,191,15,35,39.00416666,-76.89377396,T,0.404,0.29325,0.02,0,20171911535
37,2017191,1710,2017,191,17,10,NA,NA,A,NA,NA,NA,NA,20171911710
38,2017191,1850,2017,191,18,50,NA,NA,A,NA,NA,NA,NA,20171911850
39,2017192,1440,2017,192,14,40,NA,NA,T,NA,NA,NA,NA,20171921440
40,2017192,1615,2017,192,16,15,NA,NA,T,NA,NA,NA,NA,20171921615
41,2017192,1755,2017,192,17,55,NA,NA,A,NA,NA,NA,NA,20171921755
42,2017193,1520,2017,193,15,20,NA,NA,T,NA,NA,NA,NA,20171931520
43,2017193,1655,2017,193,16,55,38.97083333,-76.78254291,T,0.53025,0.38475,0.0106,0,20171931655
44,2017193,1700,2017,193,17,0,NA,NA,A,NA,NA,NA,NA,20171931700
45,2017193,1835,2017,193,18,35,NA,NA,A,NA,NA,NA,NA,20171931835
46,2017194,1425,2017,194,14,25,NA,NA,T,NA,NA,NA,NA,20171941425
47,2017194,1605,2017,194,16,5,NA,NA,T,NA,NA,NA,NA,20171941605
48,2017194,1740,2017,194,17,40,NA,NA,A,NA,NA,NA,NA,20171941740
49,2017195,1510,2017,195,15,10,NA,NA,T,NA,NA,NA,NA,20171951510
50,2017195,1645,2017,195,16,45,NA,NA,A,NA,NA,NA,NA,20171951645
51,2017195,1645,2017,195,16,45,NA,NA,T,NA,NA,NA,NA,20171951645
52,2017195,1825,2017,195,18,25,NA,NA,A,NA,NA,NA,NA,20171951825
53,2017196,1415,2017,196,14,15,NA,NA,T,NA,NA,NA,NA,20171961415
54,2017196,1550,2017,196,15,50,NA,NA,T,NA,NA,NA,NA,20171961550
55,2017196,1730,2017,196,17,30,NA,NA,A,NA,NA,NA,NA,20171961730
56,2017196,1905,2017,196,19,5,NA,NA,A,NA,NA,NA,NA,20171961905
57,2017197,1455,2017,197,14,55,NA,NA,T,NA,NA,NA,NA,20171971455
58,2017197,1635,2017,197,16,35,NA,NA,A,NA,NA,NA,NA,20171971635
59,2017197,1635,2017,197,16,35,39.0375,-76.85493433,T,0.21462,0.15445,0.0203,0,20171971635
60,2017197,1810,2017,197,18,10,NA,NA,A,NA,NA,NA,NA,20171971810
61,2017198,1400,2017,198,14,0,NA,NA,T,NA,NA,NA,NA,20171981400
62,2017198,1540,2017,198,15,40,NA,NA,T,NA,NA,NA,NA,20171981540
63,2017198,1715,2017,198,17,15,NA,NA,A,NA,NA,NA,NA,20171981715
64,2017198,1855,2017,198,18,55,NA,NA,A,NA,NA,NA,NA,20171981855
65,2017199,1445,2017,199,14,45,NA,NA,T,NA,NA,NA,NA,20171991445
66,2017199,1620,2017,199,16,20,NA,NA,A,NA,NA,NA,NA,20171991620
67,2017199,1620,2017,199,16,20,NA,NA,T,NA,NA,NA,NA,20171991620
68,2017199,1800,2017,199,18,0,NA,NA,A,NA,NA,NA,NA,20171991800
69,2017200,1525,2017,200,15,25,39.0375,-76.88712039,T,0.28623,0.20644,0.0177,0,20172001525
70,2017200,1705,2017,200,17,5,NA,NA,A,NA,NA,NA,NA,20172001705
71,2017200,1705,2017,200,17,5,NA,NA,T,NA,NA,NA,NA,20172001705
72,2017200,1840,2017,200,18,40,39.0375,-76.88712039,A,0.36494,0.264,0.0231,0,20172001840
73,2017201,1430,2017,201,14,30,NA,NA,T,NA,NA,NA,NA,20172011430
74,2017201,1610,2017,201,16,10,NA,NA,T,NA,NA,NA,NA,20172011610
75,2017201,1745,2017,201,17,45,NA,NA,A,NA,NA,NA,NA,20172011745
76,2017202,1515,2017,202,15,15,NA,NA,T,NA,NA,NA,NA,20172021515
77,2017202,1650,2017,202,16,50,NA,NA,A,NA,NA,NA,NA,20172021650
78,2017202,1650,2017,202,16,50,NA,NA,T,NA,NA,NA,NA,20172021650
79,2017202,1830,2017,202,18,30,NA,NA,A,NA,NA,NA,NA,20172021830
80,2017203,1420,2017,203,14,20,NA,NA,T,NA,NA,NA,NA,20172031420
81,2017203,1600,2017,203,16,0,NA,NA,T,NA,NA,NA,NA,20172031600
82,2017203,1735,2017,203,17,35,NA,NA,A,NA,NA,NA,NA,20172031735
83,2017203,1915,2017,203,19,15,NA,NA,A,NA,NA,NA,NA,20172031915
84,2017204,1505,2017,204,15,5,NA,NA,T,NA,NA,NA,NA,20172041505
85,2017204,1640,2017,204,16,40,NA,NA,A,NA,NA,NA,NA,20172041640
86,2017204,1640,2017,204,16,40,NA,NA,T,NA,NA,NA,NA,20172041640
87,2017204,1820,2017,204,18,20,NA,NA,A,NA,NA,NA,NA,20172041820
88,2017205,1405,2017,205,14,5,NA,NA,T,NA,NA,NA,NA,20172051405
89,2017205,1545,2017,205,15,45,NA,NA,T,NA,NA,NA,NA,20172051545
90,2017205,1725,2017,205,17,25,NA,NA,A,NA,NA,NA,NA,20172051725
91,2017205,1900,2017,205,19,0,NA,NA,A,NA,NA,NA,NA,20172051900
92,2017206,1450,2017,206,14,50,NA,NA,T,NA,NA,NA,NA,20172061450
93,2017206,1625,2017,206,16,25,NA,NA,A,NA,NA,NA,NA,20172061625
94,2017206,1625,2017,206,16,25,NA,NA,T,NA,NA,NA,NA,20172061625
95,2017206,1805,2017,206,18,5,NA,NA,A,NA,NA,NA,NA,20172061805
96,2017207,1355,2017,207,13,55,NA,NA,T,NA,NA,NA,NA,20172071355
97,2017207,1535,2017,207,15,35,NA,NA,T,NA,NA,NA,NA,20172071535
98,2017207,1710,2017,207,17,10,NA,NA,A,NA,NA,NA,NA,20172071710
99,2017207,1850,2017,207,18,50,NA,NA,A,NA,NA,NA,NA,20172071850
100,2017208,1440,2017,208,14,40,NA,NA,T,NA,NA,NA,NA,20172081440
101,2017208,1615,2017,208,16,15,NA,NA,T,NA,NA,NA,NA,20172081615
102,2017208,1755,2017,208,17,55,NA,NA,A,NA,NA,NA,NA,20172081755
103,2017209,1520,2017,209,15,20,NA,NA,T,NA,NA,NA,NA,20172091520
104,2017209,1655,2017,209,16,55,NA,NA,T,NA,NA,NA,NA,20172091655
105,2017209,1700,2017,209,17,0,NA,NA,A,NA,NA,NA,NA,20172091700
106,2017209,1835,2017,209,18,35,NA,NA,A,NA,NA,NA,NA,20172091835
107,2017210,1425,2017,210,14,25,NA,NA,T,NA,NA,NA,NA,20172101425
108,2017210,1605,2017,210,16,5,NA,NA,T,NA,NA,NA,NA,20172101605
109,2017210,1740,2017,210,17,40,NA,NA,A,NA,NA,NA,NA,20172101740
110,2017211,1510,2017,211,15,10,NA,NA,T,NA,NA,NA,NA,20172111510
111,2017211,1645,2017,211,16,45,NA,NA,A,NA,NA,NA,NA,20172111645
112,2017211,1645,2017,211,16,45,39.0375,-76.88712039,T,0.10798,0.07742,0.014,0,20172111645
113,2017211,1825,2017,211,18,25,39.0375,-76.88712039,A,0.168,0.12062,0.0324,0,20172111825
114,2017212,1415,2017,212,14,15,NA,NA,T,NA,NA,NA,NA,20172121415
115,2017212,1550,2017,212,15,50,39.0375,-76.88712039,T,0.17515,0.12573,0.03,0,20172121550
116,2017212,1730,2017,212,17,30,NA,NA,A,NA,NA,NA,NA,20172121730
117,2017212,1905,2017,212,19,5,NA,NA,A,NA,NA,NA,NA,20172121905
118,2017213,1455,2017,213,14,55,NA,NA,T,NA,NA,NA,NA,20172131455
119,2017213,1635,2017,213,16,35,NA,NA,A,NA,NA,NA,NA,20172131635
120,2017213,1635,2017,213,16,35,38.9875,-76.89710815,T,0.3242,0.2346,0.019,0,20172131635
121,2017213,1810,2017,213,18,10,39.0125,-76.82775937,A,0.39,0.282,0.0348,0,20172131810
122,2017214,1400,2017,214,14,0,NA,NA,T,NA,NA,NA,NA,20172141400
123,2017214,1540,2017,214,15,40,39.0375,-76.88712039,T,0.28625,0.20647,0.0223,0,20172141540
124,2017214,1715,2017,214,17,15,NA,NA,A,NA,NA,NA,NA,20172141715
125,2017214,1855,2017,214,18,55,39.0375,-76.88712039,A,0.44646,0.32423,0.0163,0,20172141855
126,2017215,1445,2017,215,14,45,NA,NA,T,NA,NA,NA,NA,20172151445
127,2017215,1620,2017,215,16,20,NA,NA,A,NA,NA,NA,NA,20172151620
128,2017215,1620,2017,215,16,20,NA,NA,T,NA,NA,NA,NA,20172151620
129,2017215,1800,2017,215,18,0,NA,NA,A,NA,NA,NA,NA,20172151800
130,2017216,1525,2017,216,15,25,39.0375,-76.88712039,T,0.28636,0.20655,0.0173,0,20172161525
131,2017216,1705,2017,216,17,5,NA,NA,A,NA,NA,NA,NA,20172161705
132,2017216,1705,2017,216,17,5,NA,NA,T,NA,NA,NA,NA,20172161705
133,2017216,1840,2017,216,18,40,38.97083333,-76.80398007,A,0.378,0.274,0.0204,0,20172161840
134,2017217,1430,2017,217,14,30,NA,NA,T,NA,NA,NA,NA,20172171430
135,2017217,1610,2017,217,16,10,39.0375,-76.88712039,T,0.09096,0.06518,0.0359,0,20172171610
136,2017217,1745,2017,217,17,45,NA,NA,A,NA,NA,NA,NA,20172171745
137,2017218,1515,2017,218,15,15,NA,NA,T,NA,NA,NA,NA,20172181515
138,2017218,1650,2017,218,16,50,NA,NA,A,NA,NA,NA,NA,20172181650
139,2017218,1650,2017,218,16,50,NA,NA,T,NA,NA,NA,NA,20172181650
140,2017218,1830,2017,218,18,30,NA,NA,A,NA,NA,NA,NA,20172181830
141,2017219,1420,2017,219,14,20,NA,NA,T,NA,NA,NA,NA,20172191420
142,2017219,1600,2017,219,16,0,NA,NA,T,NA,NA,NA,NA,20172191600
143,2017219,1735,2017,219,17,35,NA,NA,A,NA,NA,NA,NA,20172191735
144,2017219,1915,2017,219,19,15,NA,NA,A,NA,NA,NA,NA,20172191915
145,2017220,1505,2017,220,15,5,NA,NA,T,NA,NA,NA,NA,20172201505
146,2017220,1640,2017,220,16,40,NA,NA,A,NA,NA,NA,NA,20172201640
147,2017220,1640,2017,220,16,40,NA,NA,T,NA,NA,NA,NA,20172201640
148,2017220,1820,2017,220,18,20,NA,NA,A,NA,NA,NA,NA,20172201820
149,2017221,1405,2017,221,14,5,NA,NA,T,NA,NA,NA,NA,20172211405
150,2017221,1545,2017,221,15,45,39.0375,-76.86566302,T,0.11989,0.08591,0.0244,0,20172211545
151,2017221,1725,2017,221,17,25,39.0375,-76.88712039,A,0.21784,0.15682,0.0108,0,20172211725
152,2017221,1900,2017,221,19,0,39.0375,-76.88712039,A,0.1699,0.12197,0.0128,0,20172211900
153,2017222,1450,2017,222,14,50,NA,NA,T,NA,NA,NA,NA,20172221450
154,2017222,1625,2017,222,16,25,NA,NA,A,NA,NA,NA,NA,20172221625
155,2017222,1625,2017,222,16,25,NA,NA,T,NA,NA,NA,NA,20172221625
156,2017222,1805,2017,222,18,5,38.97916666,-76.85589774,A,0.4348,0.3156,0.0368,0,20172221805
157,2017223,1355,2017,223,13,55,NA,NA,T,NA,NA,NA,NA,20172231355
158,2017223,1535,2017,223,15,35,NA,NA,T,NA,NA,NA,NA,20172231535
159,2017223,1710,2017,223,17,10,NA,NA,A,NA,NA,NA,NA,20172231710
160,2017223,1850,2017,223,18,50,NA,NA,A,NA,NA,NA,NA,20172231850
161,2017224,1440,2017,224,14,40,NA,NA,T,NA,NA,NA,NA,20172241440
162,2017224,1615,2017,224,16,15,NA,NA,T,NA,NA,NA,NA,20172241615
163,2017224,1755,2017,224,17,55,NA,NA,A,NA,NA,NA,NA,20172241755
164,2017225,1520,2017,225,15,20,39.0375,-76.88712039,T,0.17856,0.12814,0.0136,0,20172251520
165,2017225,1655,2017,225,16,55,NA,NA,T,NA,NA,NA,NA,20172251655
166,2017225,1700,2017,225,17,0,NA,NA,A,NA,NA,NA,NA,20172251700
167,2017225,1835,2017,225,18,35,NA,NA,A,NA,NA,NA,NA,20172251835
168,2017226,1425,2017,226,14,25,NA,NA,T,NA,NA,NA,NA,20172261425
169,2017226,1605,2017,226,16,5,NA,NA,T,NA,NA,NA,NA,20172261605
170,2017226,1740,2017,226,17,40,NA,NA,A,NA,NA,NA,NA,20172261740
171,2017228,1415,2017,228,14,15,NA,NA,T,NA,NA,NA,NA,20172281415
172,2017228,1550,2017,228,15,50,NA,NA,T,NA,NA,NA,NA,20172281550
173,2017228,1730,2017,228,17,30,38.9875,-76.85422374,A,0.4535,0.32925,0.0126,0,20172281730
174,2017228,1905,2017,228,19,5,NA,NA,A,NA,NA,NA,NA,20172281905
175,2017229,1455,2017,229,14,55,NA,NA,T,NA,NA,NA,NA,20172291455
176,2017229,1635,2017,229,16,35,NA,NA,A,NA,NA,NA,NA,20172291635
177,2017229,1635,2017,229,16,35,NA,NA,T,NA,NA,NA,NA,20172291635
178,2017229,1810,2017,229,18,10,NA,NA,A,NA,NA,NA,NA,20172291810
179,2017230,1400,2017,230,14,0,NA,NA,T,NA,NA,NA,NA,20172301400
180,2017230,1540,2017,230,15,40,38.9875,-76.83278154,T,0.32736,0.23657,0.0235,0,20172301540
181,2017230,1715,2017,230,17,15,NA,NA,A,NA,NA,NA,NA,20172301715
182,2017230,1855,2017,230,18,55,NA,NA,A,NA,NA,NA,NA,20172301855
183,2017231,1445,2017,231,14,45,NA,NA,T,NA,NA,NA,NA,20172311445
184,2017231,1620,2017,231,16,20,NA,NA,A,NA,NA,NA,NA,20172311620
185,2017231,1620,2017,231,16,20,39.0375,-76.88712039,T,0.27571,0.19873,0.0281,0,20172311620
186,2017231,1800,2017,231,18,0,NA,NA,A,NA,NA,NA,NA,20172311800
187,2017232,1525,2017,232,15,25,39.0375,-76.88712039,T,0.12321,0.08836,0.0156,0,20172321525
188,2017232,1705,2017,232,17,5,NA,NA,A,NA,NA,NA,NA,20172321705
189,2017232,1705,2017,232,17,5,NA,NA,T,NA,NA,NA,NA,20172321705
190,2017232,1840,2017,232,18,40,39.0375,-76.88712039,A,0.14881,0.10675,0.0199,0,20172321840
191,2017233,1430,2017,233,14,30,NA,NA,T,NA,NA,NA,NA,20172331430
192,2017233,1610,2017,233,16,10,38.99583333,-76.79893916,T,0.466,0.3384,0.0325,0,20172331610
193,2017234,1515,2017,234,15,15,39.0375,-76.88712039,T,0.31557,0.22821,0.0112,0,20172341515
194,2017234,1650,2017,234,16,50,NA,NA,A,NA,NA,NA,NA,20172341650
195,2017234,1650,2017,234,16,50,39.0375,-76.88712039,T,0.29148,0.21015,0.0108,0,20172341650
196,2017234,1830,2017,234,18,30,39.0375,-76.85493433,A,0.27824,0.20066,0.0249,0,20172341830
197,2017235,1420,2017,235,14,20,NA,NA,T,NA,NA,NA,NA,20172351420
198,2017235,1600,2017,235,16,0,NA,NA,T,NA,NA,NA,NA,20172351600
199,2017235,1735,2017,235,17,35,NA,NA,A,NA,NA,NA,NA,20172351735
200,2017235,1915,2017,235,19,15,NA,NA,A,NA,NA,NA,NA,20172351915
201,2017236,1505,2017,236,15,5,NA,NA,T,NA,NA,NA,NA,20172361505
202,2017236,1640,2017,236,16,40,NA,NA,A,NA,NA,NA,NA,20172361640
203,2017236,1640,2017,236,16,40,39.0375,-76.88712039,T,0.23412,0.16869,0.0151,0,20172361640
204,2017236,1815,2017,236,18,15,39.02916666,-76.80296257,A,0.30657,0.22157,0.0307,0,20172361815
205,2017237,1405,2017,237,14,5,NA,NA,T,NA,NA,NA,NA,20172371405
206,2017237,1545,2017,237,15,45,38.99583333,-76.79893916,T,0.3965,0.28713,0.0244,0,20172371545
207,2017237,1725,2017,237,17,25,NA,NA,A,NA,NA,NA,NA,20172371725
208,2017237,1900,2017,237,19,0,NA,NA,A,NA,NA,NA,NA,20172371900
209,2017238,1450,2017,238,14,50,NA,NA,T,NA,NA,NA,NA,20172381450
210,2017238,1625,2017,238,16,25,NA,NA,A,NA,NA,NA,NA,20172381625
211,2017238,1630,2017,238,16,30,39.00416666,-76.87232671,T,0.38733,0.2805,0.0208,0,20172381630
212,2017238,1805,2017,238,18,5,38.97083333,-76.79326149,A,0.41233,0.29933,0.0324,0,20172381805
213,2017239,1355,2017,239,13,55,NA,NA,T,NA,NA,NA,NA,20172391355
214,2017239,1535,2017,239,15,35,39.0375,-76.88712039,T,0.32252,0.23305,0.0179,0,20172391535
215,2017239,1710,2017,239,17,10,NA,NA,A,NA,NA,NA,NA,20172391710
216,2017239,1850,2017,239,18,50,NA,NA,A,NA,NA,NA,NA,20172391850
217,2017240,1440,2017,240,14,40,NA,NA,T,NA,NA,NA,NA,20172401440
218,2017240,1615,2017,240,16,15,NA,NA,T,NA,NA,NA,NA,20172401615
219,2017240,1755,2017,240,17,55,NA,NA,A,NA,NA,NA,NA,20172401755
220,2017241,1520,2017,241,15,20,NA,NA,T,NA,NA,NA,NA,20172411520
221,2017241,1655,2017,241,16,55,NA,NA,T,NA,NA,NA,NA,20172411655
222,2017241,1700,2017,241,17,0,NA,NA,A,NA,NA,NA,NA,20172411700
223,2017241,1835,2017,241,18,35,NA,NA,A,NA,NA,NA,NA,20172411835
224,2017242,1425,2017,242,14,25,NA,NA,T,NA,NA,NA,NA,20172421425
225,2017242,1605,2017,242,16,5,39.0375,-76.82274828,T,0.352,0.255,0.0318,0,20172421605
226,2017242,1740,2017,242,17,40,NA,NA,A,NA,NA,NA,NA,20172421740
227,2017243,1510,2017,243,15,10,NA,NA,T,NA,NA,NA,NA,20172431510
228,2017243,1645,2017,243,16,45,NA,NA,A,NA,NA,NA,NA,20172431645
229,2017243,1645,2017,243,16,45,NA,NA,T,NA,NA,NA,NA,20172431645
230,2017243,1825,2017,243,18,25,39.00416666,-76.80798494,A,0.33571,0.24286,0.0279,0,20172431825
231,2017244,1415,2017,244,14,15,NA,NA,T,NA,NA,NA,NA,20172441415
232,2017244,1550,2017,244,15,50,NA,NA,T,NA,NA,NA,NA,20172441550
233,2017244,1730,2017,244,17,30,NA,NA,A,NA,NA,NA,NA,20172441730
234,2017244,1905,2017,244,19,5,NA,NA,A,NA,NA,NA,NA,20172441905
235,2017245,1455,2017,245,14,55,NA,NA,T,NA,NA,NA,NA,20172451455
236,2017245,1635,2017,245,16,35,NA,NA,A,NA,NA,NA,NA,20172451635
237,2017245,1635,2017,245,16,35,NA,NA,T,NA,NA,NA,NA,20172451635
238,2017245,1810,2017,245,18,10,NA,NA,A,NA,NA,NA,NA,20172451810
239,2017246,1400,2017,246,14,0,NA,NA,T,NA,NA,NA,NA,20172461400
240,2017246,1540,2017,246,15,40,NA,NA,T,NA,NA,NA,NA,20172461540
241,2017246,1715,2017,246,17,15,NA,NA,A,NA,NA,NA,NA,20172461715
242,2017246,1855,2017,246,18,55,39.00416666,-76.81870857,A,0.39724,0.288,0.0123,0,20172461855
243,2017247,1445,2017,247,14,45,NA,NA,T,NA,NA,NA,NA,20172471445
244,2017247,1620,2017,247,16,20,NA,NA,A,NA,NA,NA,NA,20172471620
245,2017247,1620,2017,247,16,20,39.0375,-76.83347696,T,0.20444,0.14705,0.0232,0,20172471620
246,2017247,1800,2017,247,18,0,39.0375,-76.88712039,A,0.19404,0.13944,0.0266,0,20172471800
247,2017248,1525,2017,248,15,25,39.02083333,-76.78318315,T,0.39965,0.28978,0.0138,0,20172481525
248,2017248,1705,2017,248,17,5,NA,NA,A,NA,NA,NA,NA,20172481705
249,2017248,1705,2017,248,17,5,NA,NA,T,NA,NA,NA,NA,20172481705
250,2017248,1840,2017,248,18,40,39.0375,-76.84420565,A,0.31586,0.2281,0.0173,0,20172481840
251,2017249,1430,2017,249,14,30,NA,NA,T,NA,NA,NA,NA,20172491430
252,2017249,1610,2017,249,16,10,NA,NA,T,NA,NA,NA,NA,20172491610
253,2017249,1745,2017,249,17,45,NA,NA,A,NA,NA,NA,NA,20172491745
254,2017250,1515,2017,250,15,15,39.0375,-76.88712039,T,0.08197,0.05863,0.0106,0,20172501515
255,2017250,1650,2017,250,16,50,NA,NA,A,NA,NA,NA,NA,20172501650
256,2017250,1650,2017,250,16,50,NA,NA,T,NA,NA,NA,NA,20172501650
257,2017250,1830,2017,250,18,30,39.02083333,-76.89044471,A,0.2638,0.1904,0.0234,0,20172501830
258,2017251,1420,2017,251,14,20,NA,NA,T,NA,NA,NA,NA,20172511420
259,2017251,1600,2017,251,16,0,39.0375,-76.83347696,T,0.17789,0.12767,0.0291,0,20172511600
260,2017251,1735,2017,251,17,35,NA,NA,A,NA,NA,NA,NA,20172511735
261,2017251,1915,2017,251,19,15,NA,NA,A,NA,NA,NA,NA,20172511915
262,2017252,1505,2017,252,15,5,NA,NA,T,NA,NA,NA,NA,20172521505
263,2017252,1640,2017,252,16,40,NA,NA,A,NA,NA,NA,NA,20172521640
264,2017252,1640,2017,252,16,40,NA,NA,T,NA,NA,NA,NA,20172521640
265,2017252,1820,2017,252,18,20,NA,NA,A,NA,NA,NA,NA,20172521820
266,2017253,1405,2017,253,14,5,NA,NA,T,NA,NA,NA,NA,20172531405
267,2017253,1545,2017,253,15,45,39.0375,-76.88712039,T,0.36348,0.263,0.0241,0,20172531545
268,2017253,1725,2017,253,17,25,NA,NA,A,NA,NA,NA,NA,20172531725
269,2017253,1900,2017,253,19,0,NA,NA,A,NA,NA,NA,NA,20172531900
270,2017254,1450,2017,254,14,50,NA,NA,T,NA,NA,NA,NA,20172541450
271,2017254,1625,2017,254,16,25,NA,NA,A,NA,NA,NA,NA,20172541625
272,2017254,1630,2017,254,16,30,NA,NA,T,NA,NA,NA,NA,20172541630
273,2017254,1805,2017,254,18,5,NA,NA,A,NA,NA,NA,NA,20172541805
274,2017255,1355,2017,255,13,55,NA,NA,T,NA,NA,NA,NA,20172551355
275,2017255,1535,2017,255,15,35,NA,NA,T,NA,NA,NA,NA,20172551535
276,2017255,1710,2017,255,17,10,NA,NA,A,NA,NA,NA,NA,20172551710
277,2017255,1850,2017,255,18,50,NA,NA,A,NA,NA,NA,NA,20172551850
278,2017256,1440,2017,256,14,40,NA,NA,T,NA,NA,NA,NA,20172561440
279,2017256,1615,2017,256,16,15,NA,NA,T,NA,NA,NA,NA,20172561615
280,2017256,1755,2017,256,17,55,NA,NA,A,NA,NA,NA,NA,20172561755
281,2017257,1520,2017,257,15,20,NA,NA,T,NA,NA,NA,NA,20172571520
282,2017257,1655,2017,257,16,55,NA,NA,T,NA,NA,NA,NA,20172571655
283,2017257,1700,2017,257,17,0,NA,NA,A,NA,NA,NA,NA,20172571700
284,2017257,1835,2017,257,18,35,39.0375,-76.86566302,A,0.272,0.196,0.0188,0,20172571835
285,2017258,1425,2017,258,14,25,NA,NA,T,NA,NA,NA,NA,20172581425
286,2017258,1605,2017,258,16,5,38.9625,-76.88068406,T,0.15725,0.11288,0.0325,0,20172581605
287,2017258,1740,2017,258,17,40,NA,NA,A,NA,NA,NA,NA,20172581740
288,2017259,1510,2017,259,15,10,NA,NA,T,NA,NA,NA,NA,20172591510
289,2017259,1645,2017,259,16,45,NA,NA,A,NA,NA,NA,NA,20172591645
290,2017259,1645,2017,259,16,45,NA,NA,T,NA,NA,NA,NA,20172591645
291,2017259,1825,2017,259,18,25,NA,NA,A,NA,NA,NA,NA,20172591825
292,2017260,1415,2017,260,14,15,NA,NA,T,NA,NA,NA,NA,20172601415
293,2017260,1550,2017,260,15,50,NA,NA,T,NA,NA,NA,NA,20172601550
294,2017260,1730,2017,260,17,30,NA,NA,A,NA,NA,NA,NA,20172601730
295,2017260,1905,2017,260,19,5,NA,NA,A,NA,NA,NA,NA,20172601905
296,2017261,1455,2017,261,14,55,NA,NA,T,NA,NA,NA,NA,20172611455
297,2017261,1635,2017,261,16,35,NA,NA,A,NA,NA,NA,NA,20172611635
298,2017261,1635,2017,261,16,35,NA,NA,T,NA,NA,NA,NA,20172611635
299,2017261,1810,2017,261,18,10,NA,NA,A,NA,NA,NA,NA,20172611810
300,2017262,1400,2017,262,14,0,NA,NA,T,NA,NA,NA,NA,20172621400
301,2017262,1540,2017,262,15,40,38.9625,-76.78422819,T,0.331,0.239,0.0195,0,20172621540
302,2017262,1715,2017,262,17,15,NA,NA,A,NA,NA,NA,NA,20172621715
303,2017262,1855,2017,262,18,55,39.02916666,-76.83514483,A,0.246,0.177,0.0108,0,20172621855
304,2017263,1445,2017,263,14,45,NA,NA,T,NA,NA,NA,NA,20172631445
305,2017263,1620,2017,263,16,20,NA,NA,A,NA,NA,NA,NA,20172631620
306,2017263,1620,2017,263,16,20,NA,NA,T,NA,NA,NA,NA,20172631620
307,2017263,1800,2017,263,18,0,39.0375,-76.88712039,A,0.12388,0.0888,0.0232,0,20172631800
308,2017264,1525,2017,264,15,25,39.0375,-76.85493433,T,0.18246,0.13115,0.0128,0,20172641525
309,2017264,1705,2017,264,17,5,NA,NA,A,NA,NA,NA,NA,20172641705
310,2017264,1705,2017,264,17,5,NA,NA,T,NA,NA,NA,NA,20172641705
311,2017264,1840,2017,264,18,40,38.9875,-76.85422374,A,0.25117,0.18083,0.0161,0,20172641840
312,2017265,1430,2017,265,14,30,NA,NA,T,NA,NA,NA,NA,20172651430
313,2017265,1610,2017,265,16,10,NA,NA,T,NA,NA,NA,NA,20172651610
314,2017265,1745,2017,265,17,45,NA,NA,A,NA,NA,NA,NA,20172651745
315,2017266,1515,2017,266,15,15,39.02916666,-76.88878193,T,0.05221,0.03735,0.0093,0,20172661515
316,2017266,1650,2017,266,16,50,NA,NA,A,NA,NA,NA,NA,20172661650
317,2017266,1650,2017,266,16,50,39.0375,-76.88712039,T,0.02176,0.01545,0.0083,0,20172661650
318,2017266,1830,2017,266,18,30,39.0375,-76.88712039,A,0.05071,0.03618,0.0222,0,20172661830
319,2017267,1420,2017,267,14,20,NA,NA,T,NA,NA,NA,NA,20172671420
320,2017267,1600,2017,267,16,0,39.0375,-76.88712039,T,0.1737,0.12483,0.0282,0,20172671600
321,2017267,1735,2017,267,17,35,39.0375,-76.88712039,A,0.12863,0.09233,0.0099,0,20172671735
322,2017267,1915,2017,267,19,15,NA,NA,A,NA,NA,NA,NA,20172671915
323,2017268,1505,2017,268,15,5,NA,NA,T,NA,NA,NA,NA,20172681505
324,2017268,1640,2017,268,16,40,NA,NA,A,NA,NA,NA,NA,20172681640
325,2017268,1640,2017,268,16,40,39.0375,-76.88712039,T,0.14109,0.10119,0.0116,0,20172681640
326,2017268,1820,2017,268,18,20,NA,NA,A,NA,NA,NA,NA,20172681820
327,2017269,1405,2017,269,14,5,NA,NA,T,NA,NA,NA,NA,20172691405
328,2017269,1545,2017,269,15,45,NA,NA,T,NA,NA,NA,NA,20172691545
329,2017269,1725,2017,269,17,25,38.97916666,-76.85589774,A,0.29,0.20933,0.0069,0,20172691725
330,2017269,1900,2017,269,19,0,NA,NA,A,NA,NA,NA,NA,20172691900
331,2017270,1450,2017,270,14,50,NA,NA,T,NA,NA,NA,NA,20172701450
332,2017270,1625,2017,270,16,25,NA,NA,A,NA,NA,NA,NA,20172701625
333,2017270,1625,2017,270,16,25,NA,NA,T,NA,NA,NA,NA,20172701625
334,2017270,1805,2017,270,18,5,38.9875,-76.84350264,A,0.21,0.151,0.026,0,20172701805
335,2017271,1355,2017,271,13,55,NA,NA,T,NA,NA,NA,NA,20172711355
336,2017271,1535,2017,271,15,35,39.0375,-76.88712039,T,0.05543,0.03958,0.0153,0,20172711535
337,2017271,1710,2017,271,17,10,NA,NA,A,NA,NA,NA,NA,20172711710
338,2017271,1850,2017,271,18,50,39.0375,-76.88712039,A,0.02399,0.01713,0.0128,0,20172711850
339,2017272,1440,2017,272,14,40,NA,NA,T,NA,NA,NA,NA,20172721440
340,2017272,1615,2017,272,16,15,39.0375,-76.86566302,T,0.09171,0.06569,0.0223,0,20172721615
341,2017272,1755,2017,272,17,55,39.0375,-76.88712039,A,0.11582,0.08291,0.017,0,20172721755
342,2017273,1520,2017,273,15,20,NA,NA,T,NA,NA,NA,NA,20172731520
343,2017273,1655,2017,273,16,55,NA,NA,T,NA,NA,NA,NA,20172731655
344,2017273,1700,2017,273,17,0,NA,NA,A,NA,NA,NA,NA,20172731700
345,2017273,1835,2017,273,18,35,NA,NA,A,NA,NA,NA,NA,20172731835
346,2017274,1425,2017,274,14,25,NA,NA,T,NA,NA,NA,NA,20172741425
347,2017274,1605,2017,274,16,5,39.0375,-76.88712039,T,0.11388,0.08164,0.0276,0,20172741605
348,2017274,1740,2017,274,17,40,39.0375,-76.85493433,A,0.08019,0.0574,0.0107,0,20172741740
349,2017275,1510,2017,275,15,10,NA,NA,T,NA,NA,NA,NA,20172751510
350,2017275,1645,2017,275,16,45,NA,NA,A,NA,NA,NA,NA,20172751645
351,2017275,1645,2017,275,16,45,39.0375,-76.88712039,T,0.03112,0.02215,0.0092,0,20172751645
352,2017275,1825,2017,275,18,25,39.0375,-76.88712039,A,0.08212,0.05876,0.0238,0,20172751825
1,2017276,1415,2017,276,14,15,NA,NA,T,NA,NA,NA,NA,20172761415
2,2017276,1550,2017,276,15,50,39.0375,-76.88712039,T,0.0888,0.0635,0.023,0,20172761550
3,2017276,1730,2017,276,17,30,39.0375,-76.88712039,A,0.05252,0.03751,0.0074,0,20172761730
4,2017276,1905,2017,276,19,5,39.0375,-76.88712039,A,0.0176,0.01254,0.007,0,20172761905
5,2017277,1455,2017,277,14,55,NA,NA,T,NA,NA,NA,NA,20172771455
6,2017277,1635,2017,277,16,35,NA,NA,A,NA,NA,NA,NA,20172771635
7,2017277,1635,2017,277,16,35,39.0375,-76.88712039,T,0.04725,0.03374,0.0127,0,20172771635
8,2017277,1810,2017,277,18,10,39.0375,-76.88712039,A,0.06281,0.04494,0.0242,0,20172771810
9,2017278,1400,2017,278,14,0,NA,NA,T,NA,NA,NA,NA,20172781400
10,2017278,1540,2017,278,15,40,39.0375,-76.84420565,T,0.17567,0.12633,0.0162,0,20172781540
11,2017278,1715,2017,278,17,15,NA,NA,A,NA,NA,NA,NA,20172781715
12,2017278,1855,2017,278,18,55,NA,NA,A,NA,NA,NA,NA,20172781855
13,2017279,1445,2017,279,14,45,NA,NA,T,NA,NA,NA,NA,20172791445
14,2017279,1620,2017,279,16,20,NA,NA,A,NA,NA,NA,NA,20172791620
15,2017279,1620,2017,279,16,20,NA,NA,T,NA,NA,NA,NA,20172791620
16,2017279,1800,2017,279,18,0,NA,NA,A,NA,NA,NA,NA,20172791800
17,2017280,1525,2017,280,15,25,NA,NA,T,NA,NA,NA,NA,20172801525
18,2017280,1705,2017,280,17,5,NA,NA,A,NA,NA,NA,NA,20172801705
19,2017280,1705,2017,280,17,5,NA,NA,T,NA,NA,NA,NA,20172801705
20,2017280,1840,2017,280,18,40,39.0375,-76.88712039,A,0.13164,0.09436,0.0137,0,20172801840
21,2017281,1430,2017,281,14,30,NA,NA,T,NA,NA,NA,NA,20172811430
22,2017281,1610,2017,281,16,10,NA,NA,T,NA,NA,NA,NA,20172811610
23,2017281,1745,2017,281,17,45,NA,NA,A,NA,NA,NA,NA,20172811745
24,2017282,1515,2017,282,15,15,NA,NA,T,NA,NA,NA,NA,20172821515
25,2017282,1650,2017,282,16,50,NA,NA,A,NA,NA,NA,NA,20172821650
26,2017282,1830,2017,282,18,30,NA,NA,A,NA,NA,NA,NA,20172821830
27,2017283,1420,2017,283,14,20,NA,NA,T,NA,NA,NA,NA,20172831420
28,2017283,1600,2017,283,16,0,NA,NA,T,NA,NA,NA,NA,20172831600
29,2017283,1735,2017,283,17,35,NA,NA,A,NA,NA,NA,NA,20172831735
30,2017283,1915,2017,283,19,15,NA,NA,A,NA,NA,NA,NA,20172831915
31,2017284,1505,2017,284,15,5,NA,NA,T,NA,NA,NA,NA,20172841505
32,2017284,1640,2017,284,16,40,NA,NA,A,NA,NA,NA,NA,20172841640
33,2017284,1640,2017,284,16,40,NA,NA,T,NA,NA,NA,NA,20172841640
34,2017284,1820,2017,284,18,20,NA,NA,A,NA,NA,NA,NA,20172841820
35,2017285,1405,2017,285,14,5,NA,NA,T,NA,NA,NA,NA,20172851405
36,2017285,1545,2017,285,15,45,NA,NA,T,NA,NA,NA,NA,20172851545
37,2017285,1725,2017,285,17,25,NA,NA,A,NA,NA,NA,NA,20172851725
38,2017285,1900,2017,285,19,0,NA,NA,A,NA,NA,NA,NA,20172851900
39,2017286,1450,2017,286,14,50,NA,NA,T,NA,NA,NA,NA,20172861450
40,2017286,1625,2017,286,16,25,NA,NA,A,NA,NA,NA,NA,20172861625
41,2017286,1625,2017,286,16,25,NA,NA,T,NA,NA,NA,NA,20172861625
42,2017286,1805,2017,286,18,5,NA,NA,A,NA,NA,NA,NA,20172861805
43,2017287,1355,2017,287,13,55,NA,NA,T,NA,NA,NA,NA,20172871355
44,2017287,1535,2017,287,15,35,NA,NA,T,NA,NA,NA,NA,20172871535
45,2017287,1710,2017,287,17,10,NA,NA,A,NA,NA,NA,NA,20172871710
46,2017287,1850,2017,287,18,50,NA,NA,A,NA,NA,NA,NA,20172871850
47,2017288,1440,2017,288,14,40,NA,NA,T,NA,NA,NA,NA,20172881440
48,2017288,1615,2017,288,16,15,NA,NA,T,NA,NA,NA,NA,20172881615
49,2017288,1755,2017,288,17,55,NA,NA,A,NA,NA,NA,NA,20172881755
50,2017289,1520,2017,289,15,20,NA,NA,T,NA,NA,NA,NA,20172891520
51,2017289,1655,2017,289,16,55,NA,NA,T,NA,NA,NA,NA,20172891655
52,2017289,1700,2017,289,17,0,NA,NA,A,NA,NA,NA,NA,20172891700
53,2017289,1835,2017,289,18,35,NA,NA,A,NA,NA,NA,NA,20172891835
54,2017290,1425,2017,290,14,25,NA,NA,T,NA,NA,NA,NA,20172901425
55,2017290,1605,2017,290,16,5,39.0375,-76.88712039,T,0.07703,0.05516,0.0231,0,20172901605
56,2017290,1740,2017,290,17,40,39.0375,-76.88712039,A,0.04689,0.03347,0.009,0,20172901740
57,2017291,1510,2017,291,15,10,NA,NA,T,NA,NA,NA,NA,20172911510
58,2017291,1645,2017,291,16,45,NA,NA,A,NA,NA,NA,NA,20172911645
59,2017291,1645,2017,291,16,45,39.0375,-76.88712039,T,0.02738,0.01947,0.0078,0,20172911645
60,2017291,1825,2017,291,18,25,39.0375,-76.88712039,A,0.06747,0.04825,0.0202,0,20172911825
61,2017292,1415,2017,292,14,15,NA,NA,T,NA,NA,NA,NA,20172921415
62,2017292,1730,2017,292,17,30,39.0375,-76.88712039,A,0.04291,0.03067,0.006,0,20172921730
63,2017292,1905,2017,292,19,5,39.0375,-76.88712039,A,0.01044,0.00733,0.0062,0,20172921905
64,2017293,1455,2017,293,14,55,NA,NA,T,NA,NA,NA,NA,20172931455
65,2017293,1635,2017,293,16,35,NA,NA,A,NA,NA,NA,NA,20172931635
66,2017293,1635,2017,293,16,35,39.0375,-76.88712039,T,0.07355,0.05252,0.011,0,20172931635
67,2017293,1810,2017,293,18,10,39.0375,-76.88712039,A,0.0964,0.06902,0.0207,0,20172931810
68,2017294,1400,2017,294,14,0,NA,NA,T,NA,NA,NA,NA,20172941400
69,2017294,1540,2017,294,15,40,39.0375,-76.88712039,T,0.10966,0.07856,0.0148,0,20172941540
70,2017294,1715,2017,294,17,15,NA,NA,A,NA,NA,NA,NA,20172941715
71,2017294,1855,2017,294,18,55,NA,NA,A,NA,NA,NA,NA,20172941855
72,2017295,1445,2017,295,14,45,NA,NA,T,NA,NA,NA,NA,20172951445
73,2017295,1620,2017,295,16,20,NA,NA,A,NA,NA,NA,NA,20172951620
74,2017295,1620,2017,295,16,20,39.0375,-76.88712039,T,0.15308,0.10988,0.0164,0,20172951620
75,2017295,1800,2017,295,18,0,39.0375,-76.88712039,A,0.10927,0.07828,0.0159,0,20172951800
76,2017296,1525,2017,296,15,25,NA,NA,T,NA,NA,NA,NA,20172961525
77,2017296,1700,2017,296,17,0,NA,NA,T,NA,NA,NA,NA,20172961700
78,2017296,1705,2017,296,17,5,NA,NA,A,NA,NA,NA,NA,20172961705
79,2017296,1840,2017,296,18,40,NA,NA,A,NA,NA,NA,NA,20172961840
80,2017297,1430,2017,297,14,30,NA,NA,T,NA,NA,NA,NA,20172971430
81,2017297,1610,2017,297,16,10,39.0375,-76.88712039,T,0.05034,0.03602,0.0211,0,20172971610
82,2017297,1745,2017,297,17,45,39.0375,-76.81201959,A,0.07767,0.05561,0.0095,0,20172971745
83,2017298,1515,2017,298,15,15,39.0375,-76.88712039,T,0.16941,0.12152,0.0071,0,20172981515
84,2017298,1650,2017,298,16,50,NA,NA,A,NA,NA,NA,NA,20172981650
85,2017298,1650,2017,298,16,50,NA,NA,T,NA,NA,NA,NA,20172981650
86,2017298,1830,2017,298,18,30,39.0375,-76.88712039,A,0.10345,0.07406,0.0166,0,20172981830
87,2017299,1420,2017,299,14,20,NA,NA,T,NA,NA,NA,NA,20172991420
88,2017299,1600,2017,299,16,0,NA,NA,T,NA,NA,NA,NA,20172991600
89,2017299,1735,2017,299,17,35,39.0375,-76.88712039,A,0.09161,0.06558,0.0064,0,20172991735
90,2017299,1915,2017,299,19,15,NA,NA,A,NA,NA,NA,NA,20172991915
91,2017300,1500,2017,300,15,0,NA,NA,T,NA,NA,NA,NA,20173001500
92,2017300,1640,2017,300,16,40,NA,NA,A,NA,NA,NA,NA,20173001640
93,2017300,1640,2017,300,16,40,39.0375,-76.88712039,T,0.05386,0.03851,0.0083,0,20173001640
94,2017300,1820,2017,300,18,20,39.0375,-76.88712039,A,0.12261,0.08791,0.0195,0,20173001820
95,2017301,1405,2017,301,14,5,NA,NA,T,NA,NA,NA,NA,20173011405
96,2017301,1545,2017,301,15,45,NA,NA,T,NA,NA,NA,NA,20173011545
97,2017301,1725,2017,301,17,25,NA,NA,A,NA,NA,NA,NA,20173011725
98,2017301,1900,2017,301,19,0,NA,NA,A,NA,NA,NA,NA,20173011900
99,2017302,1450,2017,302,14,50,NA,NA,T,NA,NA,NA,NA,20173021450
100,2017302,1625,2017,302,16,25,NA,NA,A,NA,NA,NA,NA,20173021625
101,2017302,1625,2017,302,16,25,NA,NA,T,NA,NA,NA,NA,20173021625
102,2017302,1805,2017,302,18,5,NA,NA,A,NA,NA,NA,NA,20173021805
103,2017303,1355,2017,303,13,55,NA,NA,T,NA,NA,NA,NA,20173031355
104,2017303,1535,2017,303,15,35,39.0375,-76.88712039,T,0.08036,0.05745,0.0113,0,20173031535
105,2017303,1710,2017,303,17,10,NA,NA,A,NA,NA,NA,NA,20173031710
106,2017303,1850,2017,303,18,50,39.0375,-76.88712039,A,0.02716,0.01939,0.0091,0,20173031850
107,2017304,1440,2017,304,14,40,NA,NA,T,NA,NA,NA,NA,20173041440
108,2017304,1615,2017,304,16,15,39.0375,-76.8763917,T,0.08033,0.0575,0.0161,0,20173041615
109,2017304,1755,2017,304,17,55,39.0375,-76.88712039,A,0.06499,0.04647,0.0112,0,20173041755
110,2017305,1520,2017,305,15,20,NA,NA,T,NA,NA,NA,NA,20173051520
111,2017305,1655,2017,305,16,55,NA,NA,T,NA,NA,NA,NA,20173051655
112,2017305,1700,2017,305,17,0,NA,NA,A,NA,NA,NA,NA,20173051700
113,2017305,1835,2017,305,18,35,NA,NA,A,NA,NA,NA,NA,20173051835
114,2017306,1425,2017,306,14,25,NA,NA,T,NA,NA,NA,NA,20173061425
115,2017306,1605,2017,306,16,5,39.0375,-76.88712039,T,0.16133,0.11584,0.0196,0,20173061605
116,2017306,1740,2017,306,17,40,39.0375,-76.88712039,A,0.09529,0.06822,0.0071,0,20173061740
117,2017307,1510,2017,307,15,10,NA,NA,T,NA,NA,NA,NA,20173071510
118,2017307,1645,2017,307,16,45,NA,NA,A,NA,NA,NA,NA,20173071645
119,2017307,1645,2017,307,16,45,NA,NA,T,NA,NA,NA,NA,20173071645
120,2017307,1825,2017,307,18,25,NA,NA,A,NA,NA,NA,NA,20173071825
121,2017308,1415,2017,308,14,15,NA,NA,T,NA,NA,NA,NA,20173081415
122,2017308,1550,2017,308,15,50,NA,NA,T,NA,NA,NA,NA,20173081550
123,2017308,1730,2017,308,17,30,NA,NA,A,NA,NA,NA,NA,20173081730
124,2017308,1905,2017,308,19,5,NA,NA,A,NA,NA,NA,NA,20173081905
125,2017309,1455,2017,309,14,55,NA,NA,T,NA,NA,NA,NA,20173091455
126,2017309,1635,2017,309,16,35,NA,NA,A,NA,NA,NA,NA,20173091635
127,2017309,1635,2017,309,16,35,NA,NA,T,NA,NA,NA,NA,20173091635
128,2017309,1810,2017,309,18,10,NA,NA,A,NA,NA,NA,NA,20173091810
129,2017310,1400,2017,310,14,0,NA,NA,T,NA,NA,NA,NA,20173101400
130,2017310,1540,2017,310,15,40,NA,NA,T,NA,NA,NA,NA,20173101540
131,2017310,1715,2017,310,17,15,NA,NA,A,NA,NA,NA,NA,20173101715
132,2017310,1855,2017,310,18,55,NA,NA,A,NA,NA,NA,NA,20173101855
133,2017311,1445,2017,311,14,45,NA,NA,T,NA,NA,NA,NA,20173111445
134,2017311,1620,2017,311,16,20,NA,NA,A,NA,NA,NA,NA,20173111620
135,2017311,1620,2017,311,16,20,NA,NA,T,NA,NA,NA,NA,20173111620
136,2017311,1800,2017,311,18,0,NA,NA,A,NA,NA,NA,NA,20173111800
137,2017312,1525,2017,312,15,25,NA,NA,T,NA,NA,NA,NA,20173121525
138,2017312,1700,2017,312,17,0,NA,NA,T,NA,NA,NA,NA,20173121700
139,2017312,1705,2017,312,17,5,NA,NA,A,NA,NA,NA,NA,20173121705
140,2017312,1840,2017,312,18,40,NA,NA,A,NA,NA,NA,NA,20173121840
141,2017313,1430,2017,313,14,30,NA,NA,T,NA,NA,NA,NA,20173131430
142,2017313,1610,2017,313,16,10,NA,NA,T,NA,NA,NA,NA,20173131610
143,2017313,1745,2017,313,17,45,NA,NA,A,NA,NA,NA,NA,20173131745
144,2017314,1515,2017,314,15,15,NA,NA,T,NA,NA,NA,NA,20173141515
145,2017314,1650,2017,314,16,50,NA,NA,A,NA,NA,NA,NA,20173141650
146,2017314,1650,2017,314,16,50,NA,NA,T,NA,NA,NA,NA,20173141650
147,2017314,1830,2017,314,18,30,39.0375,-76.88712039,A,0.04203,0.02994,0.0143,0,20173141830
148,2017315,1420,2017,315,14,20,NA,NA,T,NA,NA,NA,NA,20173151420
149,2017315,1600,2017,315,16,0,39.0375,-76.8763917,T,0.21526,0.15497,0.0167,0,20173151600
150,2017315,1735,2017,315,17,35,NA,NA,A,NA,NA,NA,NA,20173151735
151,2017315,1915,2017,315,19,15,NA,NA,A,NA,NA,NA,NA,20173151915
152,2017316,1505,2017,316,15,5,NA,NA,T,NA,NA,NA,NA,20173161505
153,2017316,1640,2017,316,16,40,NA,NA,A,NA,NA,NA,NA,20173161640
154,2017316,1640,2017,316,16,40,NA,NA,T,NA,NA,NA,NA,20173161640
155,2017316,1820,2017,316,18,20,NA,NA,A,NA,NA,NA,NA,20173161820
156,2017317,1405,2017,317,14,5,NA,NA,T,NA,NA,NA,NA,20173171405
157,2017317,1545,2017,317,15,45,NA,NA,T,NA,NA,NA,NA,20173171545
158,2017317,1725,2017,317,17,25,NA,NA,A,NA,NA,NA,NA,20173171725
159,2017317,1900,2017,317,19,0,39.00416666,-76.89377396,A,0.21725,0.15675,0.0057,0,20173171900
160,2017318,1450,2017,318,14,50,NA,NA,T,NA,NA,NA,NA,20173181450
161,2017318,1625,2017,318,16,25,NA,NA,A,NA,NA,NA,NA,20173181625
162,2017318,1625,2017,318,16,25,NA,NA,T,NA,NA,NA,NA,20173181625
163,2017318,1805,2017,318,18,5,NA,NA,A,NA,NA,NA,NA,20173181805
164,2017319,1355,2017,319,13,55,NA,NA,T,NA,NA,NA,NA,20173191355
165,2017319,1535,2017,319,15,35,39.0375,-76.88712039,T,0.09979,0.07142,0.0098,0,20173191535
166,2017319,1710,2017,319,17,10,NA,NA,A,NA,NA,NA,NA,20173191710
167,2017319,1850,2017,319,18,50,NA,NA,A,NA,NA,NA,NA,20173191850
168,2017320,1440,2017,320,14,40,NA,NA,T,NA,NA,NA,NA,20173201440
169,2017320,1615,2017,320,16,15,NA,NA,T,NA,NA,NA,NA,20173201615
170,2017320,1755,2017,320,17,55,39.02083333,-76.83681393,A,0.15225,0.10912,0.0093,0,20173201755
171,2017321,1520,2017,321,15,20,39.0375,-76.88712039,T,0.02421,0.01723,0.0068,0,20173211520
172,2017321,1655,2017,321,16,55,39.0375,-76.88712039,T,0.00173,0.00115,0.004,0,20173211655
173,2017321,1700,2017,321,17,0,NA,NA,A,NA,NA,NA,NA,20173211700
174,2017321,1835,2017,321,18,35,39.0375,-76.88712039,A,0.01736,0.01233,0.0116,0,20173211835
175,2017322,1425,2017,322,14,25,NA,NA,T,NA,NA,NA,NA,20173221425
176,2017322,1605,2017,322,16,5,NA,NA,T,NA,NA,NA,NA,20173221605
177,2017322,1740,2017,322,17,40,NA,NA,A,NA,NA,NA,NA,20173221740
178,2017323,1510,2017,323,15,10,NA,NA,T,NA,NA,NA,NA,20173231510
179,2017323,1645,2017,323,16,45,NA,NA,A,NA,NA,NA,NA,20173231645
180,2017323,1645,2017,323,16,45,NA,NA,T,NA,NA,NA,NA,20173231645
181,2017323,1825,2017,323,18,25,NA,NA,A,NA,NA,NA,NA,20173231825
182,2017324,1415,2017,324,14,15,NA,NA,T,NA,NA,NA,NA,20173241415
183,2017324,1550,2017,324,15,50,39.0375,-76.88712039,T,0.0742,0.05306,0.0155,0,20173241550
184,2017324,1730,2017,324,17,30,39.0375,-76.88712039,A,0.04386,0.03135,0.0043,0,20173241730
185,2017324,1905,2017,324,19,5,39.0375,-76.88712039,A,0.01045,0.00739,0.0046,0,20173241905
186,2017325,1455,2017,325,14,55,NA,NA,T,NA,NA,NA,NA,20173251455
187,2017325,1635,2017,325,16,35,NA,NA,A,NA,NA,NA,NA,20173251635
188,2017325,1635,2017,325,16,35,NA,NA,T,NA,NA,NA,NA,20173251635
189,2017325,1810,2017,325,18,10,NA,NA,A,NA,NA,NA,NA,20173251810
190,2017326,1400,2017,326,14,0,NA,NA,T,NA,NA,NA,NA,20173261400
191,2017326,1540,2017,326,15,40,39.0375,-76.88712039,T,0.08803,0.06298,0.0113,0,20173261540
192,2017326,1715,2017,326,17,15,NA,NA,A,NA,NA,NA,NA,20173261715
193,2017326,1855,2017,326,18,55,39.0375,-76.8763917,A,0.07467,0.05337,0.0063,0,20173261855
194,2017327,1445,2017,327,14,45,NA,NA,T,NA,NA,NA,NA,20173271445
195,2017327,1620,2017,327,16,20,NA,NA,A,NA,NA,NA,NA,20173271620
196,2017327,1620,2017,327,16,20,39.0375,-76.88712039,T,0.03858,0.02754,0.0118,0,20173271620
197,2017327,1800,2017,327,18,0,39.0375,-76.88712039,A,0.0484,0.03451,0.0115,0,20173271800
198,2017328,1525,2017,328,15,25,39.0375,-76.88712039,T,0.04815,0.03437,0.0077,0,20173281525
199,2017328,1700,2017,328,17,0,NA,NA,T,NA,NA,NA,NA,20173281700
200,2017328,1705,2017,328,17,5,NA,NA,A,NA,NA,NA,NA,20173281705
201,2017328,1840,2017,328,18,40,39.0375,-76.88712039,A,0.02538,0.01808,0.0094,0,20173281840
202,2017329,1430,2017,329,14,30,NA,NA,T,NA,NA,NA,NA,20173291430
203,2017329,1610,2017,329,16,10,39.0375,-76.88712039,T,0.04533,0.03233,0.0157,0,20173291610
204,2017329,1745,2017,329,17,45,NA,NA,A,NA,NA,NA,NA,20173291745
205,2017330,1515,2017,330,15,15,NA,NA,T,NA,NA,NA,NA,20173301515
206,2017330,1650,2017,330,16,50,NA,NA,A,NA,NA,NA,NA,20173301650
207,2017330,1650,2017,330,16,50,38.9625,-76.89140138,T,0.02767,0.01967,0.0044,0,20173301650
208,2017330,1830,2017,330,18,30,39.0375,-76.88712039,A,0.06114,0.04364,0.0132,0,20173301830
209,2017331,1420,2017,331,14,20,NA,NA,T,NA,NA,NA,NA,20173311420
210,2017331,1555,2017,331,15,55,39.0375,-76.81201959,T,0.14278,0.10243,0.0143,0,20173311555
211,2017331,1735,2017,331,17,35,39.0375,-76.88712039,A,0.04932,0.03522,0.0049,0,20173311735
212,2017331,1915,2017,331,19,15,NA,NA,A,NA,NA,NA,NA,20173311915
213,2017332,1500,2017,332,15,0,NA,NA,T,NA,NA,NA,NA,20173321500
214,2017332,1640,2017,332,16,40,NA,NA,A,NA,NA,NA,NA,20173321640
215,2017332,1640,2017,332,16,40,39.0375,-76.88712039,T,0.00641,0.00446,0.0061,0,20173321640
216,2017332,1820,2017,332,18,20,39.0375,-76.88712039,A,0.05605,0.04006,0.015,0,20173321820
217,2017333,1405,2017,333,14,5,NA,NA,T,NA,NA,NA,NA,20173331405
218,2017333,1545,2017,333,15,45,39.0375,-76.88712039,T,0.15786,0.11319,0.0129,0,20173331545
219,2017333,1725,2017,333,17,25,39.0375,-76.88712039,A,0.09231,0.06606,0.0034,0,20173331725
220,2017333,1900,2017,333,19,0,39.0375,-76.88712039,A,0.03986,0.02846,0.0052,0,20173331900
221,2017334,1450,2017,334,14,50,NA,NA,T,NA,NA,NA,NA,20173341450
222,2017334,1625,2017,334,16,25,NA,NA,A,NA,NA,NA,NA,20173341625
223,2017334,1625,2017,334,16,25,39.0375,-76.88712039,T,0.20749,0.1493,0.0089,0,20173341625
224,2017334,1805,2017,334,18,5,39.0375,-76.86566302,A,0.20575,0.14798,0.0124,0,20173341805
225,2017335,1355,2017,335,13,55,NA,NA,T,NA,NA,NA,NA,20173351355
226,2017335,1535,2017,335,15,35,39.0125,-76.89210872,T,0.15352,0.11014,0.0086,0,20173351535
227,2017335,1710,2017,335,17,10,NA,NA,A,NA,NA,NA,NA,20173351710
228,2017335,1850,2017,335,18,50,39.0375,-76.88712039,A,0.08411,0.06017,0.0075,0,20173351850
229,2017336,1440,2017,336,14,40,NA,NA,T,NA,NA,NA,NA,20173361440
230,2017336,1615,2017,336,16,15,NA,NA,T,NA,NA,NA,NA,20173361615
231,2017336,1755,2017,336,17,55,NA,NA,A,NA,NA,NA,NA,20173361755
232,2017337,1520,2017,337,15,20,NA,NA,T,NA,NA,NA,NA,20173371520
233,2017337,1655,2017,337,16,55,39.0375,-76.88712039,T,0.14182,0.10172,0.0035,0,20173371655
234,2017337,1700,2017,337,17,0,NA,NA,A,NA,NA,NA,NA,20173371700
235,2017337,1835,2017,337,18,35,39.0375,-76.88712039,A,0.15181,0.10889,0.011,0,20173371835
236,2017338,1425,2017,338,14,25,NA,NA,T,NA,NA,NA,NA,20173381425
237,2017338,1605,2017,338,16,5,NA,NA,T,NA,NA,NA,NA,20173381605
238,2017338,1740,2017,338,17,40,NA,NA,A,NA,NA,NA,NA,20173381740
239,2017339,1510,2017,339,15,10,NA,NA,T,NA,NA,NA,NA,20173391510
240,2017339,1645,2017,339,16,45,NA,NA,A,NA,NA,NA,NA,20173391645
241,2017339,1645,2017,339,16,45,NA,NA,T,NA,NA,NA,NA,20173391645
242,2017339,1825,2017,339,18,25,NA,NA,A,NA,NA,NA,NA,20173391825
243,2017340,1415,2017,340,14,15,NA,NA,T,NA,NA,NA,NA,20173401415
244,2017340,1550,2017,340,15,50,NA,NA,T,NA,NA,NA,NA,20173401550
245,2017340,1730,2017,340,17,30,NA,NA,A,NA,NA,NA,NA,20173401730
246,2017340,1905,2017,340,19,5,NA,NA,A,NA,NA,NA,NA,20173401905
247,2017341,1455,2017,341,14,55,NA,NA,T,NA,NA,NA,NA,20173411455
248,2017341,1635,2017,341,16,35,NA,NA,A,NA,NA,NA,NA,20173411635
249,2017341,1635,2017,341,16,35,39.0375,-76.88712039,T,0.03356,0.02387,0.0069,0,20173411635
250,2017341,1810,2017,341,18,10,39.0375,-76.83347696,A,0.05923,0.04231,0.0139,0,20173411810
251,2017342,1400,2017,342,14,0,NA,NA,T,NA,NA,NA,NA,20173421400
252,2017342,1540,2017,342,15,40,NA,NA,T,NA,NA,NA,NA,20173421540
253,2017342,1715,2017,342,17,15,NA,NA,A,NA,NA,NA,NA,20173421715
254,2017342,1855,2017,342,18,55,NA,NA,A,NA,NA,NA,NA,20173421855
255,2017343,1445,2017,343,14,45,NA,NA,T,NA,NA,NA,NA,20173431445
256,2017343,1620,2017,343,16,20,NA,NA,A,NA,NA,NA,NA,20173431620
257,2017343,1620,2017,343,16,20,NA,NA,T,NA,NA,NA,NA,20173431620
258,2017343,1800,2017,343,18,0,NA,NA,A,NA,NA,NA,NA,20173431800
259,2017344,1525,2017,344,15,25,NA,NA,T,NA,NA,NA,NA,20173441525
260,2017344,1700,2017,344,17,0,NA,NA,T,NA,NA,NA,NA,20173441700
261,2017344,1705,2017,344,17,5,NA,NA,A,NA,NA,NA,NA,20173441705
262,2017344,1840,2017,344,18,40,NA,NA,A,NA,NA,NA,NA,20173441840
263,2017345,1430,2017,345,14,30,NA,NA,T,NA,NA,NA,NA,20173451430
264,2017345,1610,2017,345,16,10,39.0375,-76.83347696,T,0.27223,0.1964,NA,0,20173451610
265,2017345,1745,2017,345,17,45,39.0375,-76.88712039,A,0.1725,0.12375,0.0068,0,20173451745
266,2017346,1515,2017,346,15,15,NA,NA,T,NA,NA,NA,NA,20173461515
267,2017346,1650,2017,346,16,50,NA,NA,A,NA,NA,NA,NA,20173461650
268,2017346,1650,2017,346,16,50,NA,NA,T,NA,NA,NA,NA,20173461650
269,2017346,1830,2017,346,18,30,NA,NA,A,NA,NA,NA,NA,20173461830
270,2017348,1640,2017,348,16,40,NA,NA,A,NA,NA,NA,NA,20173481640
271,2017348,1640,2017,348,16,40,NA,NA,T,NA,NA,NA,NA,20173481640
272,2017348,1820,2017,348,18,20,38.97083333,-76.8897287,A,0.15167,0.10867,0.0141,0,20173481820
273,2017349,1405,2017,349,14,5,NA,NA,T,NA,NA,NA,NA,20173491405
274,2017349,1545,2017,349,15,45,NA,NA,T,NA,NA,NA,NA,20173491545
275,2017349,1725,2017,349,17,25,NA,NA,A,NA,NA,NA,NA,20173491725
276,2017349,1900,2017,349,19,0,NA,NA,A,NA,NA,NA,NA,20173491900
277,2017350,1450,2017,350,14,50,NA,NA,T,NA,NA,NA,NA,20173501450
278,2017350,1625,2017,350,16,25,NA,NA,A,NA,NA,NA,NA,20173501625
279,2017350,1625,2017,350,16,25,39.0375,-76.88712039,T,0.19461,0.13987,0.0081,0,20173501625
280,2017350,1805,2017,350,18,5,39.0375,-76.83347696,A,0.14035,0.10067,0.0118,0,20173501805
281,2017351,1355,2017,351,13,55,NA,NA,T,NA,NA,NA,NA,20173511355
282,2017351,1535,2017,351,15,35,NA,NA,T,NA,NA,NA,NA,20173511535
283,2017351,1710,2017,351,17,10,NA,NA,A,NA,NA,NA,NA,20173511710
284,2017351,1850,2017,351,18,50,NA,NA,A,NA,NA,NA,NA,20173511850
285,2017352,1440,2017,352,14,40,NA,NA,T,NA,NA,NA,NA,20173521440
286,2017352,1615,2017,352,16,15,39.0125,-76.7848598,T,0.26867,0.19367,0.0113,0,20173521615
287,2017352,1755,2017,352,17,55,39.0375,-76.88712039,A,0.09189,0.06575,0.0083,0,20173521755
288,2017353,1520,2017,353,15,20,39.0375,-76.88712039,T,0.07011,0.05008,0.0057,0,20173531520
289,2017353,1655,2017,353,16,55,39.0375,-76.88712039,T,0.01883,0.01331,0.0033,0,20173531655
290,2017353,1700,2017,353,17,0,NA,NA,A,NA,NA,NA,NA,20173531700
291,2017353,1835,2017,353,18,35,38.97083333,-76.78254291,A,0.109,0.078,0.0106,0,20173531835
292,2017354,1425,2017,354,14,25,NA,NA,T,NA,NA,NA,NA,20173541425
293,2017354,1605,2017,354,16,5,NA,NA,T,NA,NA,NA,NA,20173541605
294,2017354,1740,2017,354,17,40,NA,NA,A,NA,NA,NA,NA,20173541740
295,2017355,1510,2017,355,15,10,NA,NA,T,NA,NA,NA,NA,20173551510
296,2017355,1645,2017,355,16,45,NA,NA,A,NA,NA,NA,NA,20173551645
297,2017355,1645,2017,355,16,45,39.0375,-76.88712039,T,0.03211,0.02292,0.0045,0,20173551645
298,2017355,1825,2017,355,18,25,39.0375,-76.88712039,A,0.06056,0.04333,0.0144,0,20173551825
299,2017356,1415,2017,356,14,15,NA,NA,T,NA,NA,NA,NA,20173561415
300,2017356,1550,2017,356,15,50,NA,NA,T,NA,NA,NA,NA,20173561550
301,2017356,1730,2017,356,17,30,NA,NA,A,NA,NA,NA,NA,20173561730
302,2017356,1905,2017,356,19,5,NA,NA,A,NA,NA,NA,NA,20173561905
303,2017357,1455,2017,357,14,55,NA,NA,T,NA,NA,NA,NA,20173571455
304,2017357,1635,2017,357,16,35,NA,NA,A,NA,NA,NA,NA,20173571635
305,2017357,1635,2017,357,16,35,NA,NA,T,NA,NA,NA,NA,20173571635
306,2017357,1810,2017,357,18,10,NA,NA,A,NA,NA,NA,NA,20173571810
307,2017358,1400,2017,358,14,0,NA,NA,T,NA,NA,NA,NA,20173581400
308,2017358,1540,2017,358,15,40,NA,NA,T,NA,NA,NA,NA,20173581540
309,2017358,1715,2017,358,17,15,NA,NA,A,NA,NA,NA,NA,20173581715
310,2017358,1855,2017,358,18,55,NA,NA,A,NA,NA,NA,NA,20173581855
311,2017359,1445,2017,359,14,45,NA,NA,T,NA,NA,NA,NA,20173591445
312,2017359,1620,2017,359,16,20,NA,NA,A,NA,NA,NA,NA,20173591620
313,2017359,1620,2017,359,16,20,39.0375,-76.83347696,T,0.10529,0.07548,0.0093,0,20173591620
314,2017359,1800,2017,359,18,0,39.02916666,-76.86732709,A,0.07971,0.05711,0.0101,0,20173591800
315,2017360,1525,2017,360,15,25,NA,NA,T,NA,NA,NA,NA,20173601525
316,2017360,1700,2017,360,17,0,NA,NA,T,NA,NA,NA,NA,20173601700
317,2017360,1705,2017,360,17,5,NA,NA,A,NA,NA,NA,NA,20173601705
318,2017360,1840,2017,360,18,40,NA,NA,A,NA,NA,NA,NA,20173601840
319,2017361,1430,2017,361,14,30,NA,NA,T,NA,NA,NA,NA,20173611430
320,2017361,1610,2017,361,16,10,NA,NA,T,NA,NA,NA,NA,20173611610
321,2017361,1745,2017,361,17,45,NA,NA,A,NA,NA,NA,NA,20173611745
322,2017362,1515,2017,362,15,15,39.0375,-76.88712039,T,0.05702,0.04069,0.0049,0,20173621515
323,2017362,1650,2017,362,16,50,NA,NA,A,NA,NA,NA,NA,20173621650
324,2017362,1650,2017,362,16,50,39.0375,-76.88712039,T,0.02166,0.01539,0.0038,0,20173621650
325,2017362,1830,2017,362,18,30,39.0375,-76.88712039,A,0.08694,0.06225,0.0133,0,20173621830
326,2017363,1420,2017,363,14,20,NA,NA,T,NA,NA,NA,NA,20173631420
327,2017363,1555,2017,363,15,55,NA,NA,T,NA,NA,NA,NA,20173631555
328,2017363,1735,2017,363,17,35,NA,NA,A,NA,NA,NA,NA,20173631735
329,2017363,1915,2017,363,19,15,NA,NA,A,NA,NA,NA,NA,20173631915
330,2017364,1500,2017,364,15,0,NA,NA,T,NA,NA,NA,NA,20173641500
331,2017364,1640,2017,364,16,40,NA,NA,A,NA,NA,NA,NA,20173641640
332,2017364,1640,2017,364,16,40,NA,NA,T,NA,NA,NA,NA,20173641640
333,2017364,1820,2017,364,18,20,NA,NA,A,NA,NA,NA,NA,20173641820
334,2017365,1405,2017,365,14,5,NA,NA,T,NA,NA,NA,NA,20173651405
335,2017365,1545,2017,365,15,45,NA,NA,T,NA,NA,NA,NA,20173651545
336,2017365,1725,2017,365,17,25,NA,NA,A,NA,NA,NA,NA,20173651725
337,2017365,1900,2017,365,19,0,NA,NA,A,NA,NA,NA,NA,20173651900
1,2018001,1450,2018,1,14,50,NA,NA,T,NA,NA,NA,NA,20180011450
2,2018001,1625,2018,1,16,25,NA,NA,A,NA,NA,NA,NA,20180011625
3,2018001,1625,2018,1,16,25,NA,NA,T,NA,NA,NA,NA,20180011625
4,2018001,1805,2018,1,18,5,NA,NA,A,NA,NA,NA,NA,20180011805
5,2018002,1355,2018,2,13,55,NA,NA,T,NA,NA,NA,NA,20180021355
6,2018002,1535,2018,2,15,35,39.0375,-76.88712039,T,0.13589,0.0975,NA,0,20180021535
7,2018002,1710,2018,2,17,10,NA,NA,A,NA,NA,NA,NA,20180021710
8,2018002,1850,2018,2,18,50,39.0375,-76.88712039,A,0.07741,0.05535,0.0079,0,20180021850
9,2018003,1440,2018,3,14,40,NA,NA,T,NA,NA,NA,NA,20180031440
10,2018003,1615,2018,3,16,15,NA,NA,T,NA,NA,NA,NA,20180031615
11,2018003,1755,2018,3,17,55,NA,NA,A,NA,NA,NA,NA,20180031755
12,2018004,1520,2018,4,15,20,NA,NA,T,NA,NA,NA,NA,20180041520
13,2018004,1655,2018,4,16,55,NA,NA,T,NA,NA,NA,NA,20180041655
14,2018004,1700,2018,4,17,0,NA,NA,A,NA,NA,NA,NA,20180041700
15,2018004,1835,2018,4,18,35,NA,NA,A,NA,NA,NA,NA,20180041835
16,2018005,1425,2018,5,14,25,NA,NA,T,NA,NA,NA,NA,20180051425
17,2018005,1605,2018,5,16,5,NA,NA,T,NA,NA,NA,NA,20180051605
18,2018005,1740,2018,5,17,40,38.99583333,-76.89544044,A,0.312,0.225,0.006,0,20180051740
19,2018006,1510,2018,6,15,10,NA,NA,T,NA,NA,NA,NA,20180061510
20,2018006,1645,2018,6,16,45,NA,NA,A,NA,NA,NA,NA,20180061645
21,2018006,1645,2018,6,16,45,NA,NA,T,NA,NA,NA,NA,20180061645
22,2018006,1825,2018,6,18,25,38.99583333,-76.88471808,A,0.528,0.383,0.0156,0,20180061825
23,2018007,1415,2018,7,14,15,NA,NA,T,NA,NA,NA,NA,20180071415
24,2018007,1550,2018,7,15,50,NA,NA,T,NA,NA,NA,NA,20180071550
25,2018007,1730,2018,7,17,30,39.02083333,-76.89044471,A,0.14839,0.10648,NA,0,20180071730
26,2018007,1905,2018,7,19,5,NA,NA,A,NA,NA,NA,NA,20180071905
27,2018008,1455,2018,8,14,55,NA,NA,T,NA,NA,NA,NA,20180081455
28,2018008,1635,2018,8,16,35,NA,NA,A,NA,NA,NA,NA,20180081635
29,2018008,1635,2018,8,16,35,NA,NA,T,NA,NA,NA,NA,20180081635
30,2018008,1810,2018,8,18,10,NA,NA,A,NA,NA,NA,NA,20180081810
31,2018009,1400,2018,9,14,0,NA,NA,T,NA,NA,NA,NA,20180091400
32,2018009,1540,2018,9,15,40,NA,NA,T,NA,NA,NA,NA,20180091540
33,2018009,1715,2018,9,17,15,NA,NA,A,NA,NA,NA,NA,20180091715
34,2018009,1855,2018,9,18,55,39.0375,-76.88712039,A,0.03328,0.02373,NA,0,20180091855
35,2018010,1445,2018,10,14,45,NA,NA,T,NA,NA,NA,NA,20180101445
36,2018010,1620,2018,10,16,20,NA,NA,A,NA,NA,NA,NA,20180101620
37,2018010,1620,2018,10,16,20,NA,NA,T,NA,NA,NA,NA,20180101620
38,2018010,1800,2018,10,18,0,NA,NA,A,NA,NA,NA,NA,20180101800
39,2018011,1525,2018,11,15,25,NA,NA,T,NA,NA,NA,NA,20180111525
40,2018011,1700,2018,11,17,0,NA,NA,T,NA,NA,NA,NA,20180111700
41,2018011,1705,2018,11,17,5,NA,NA,A,NA,NA,NA,NA,20180111705
42,2018011,1845,2018,11,18,45,NA,NA,A,NA,NA,NA,NA,20180111845
43,2018012,1430,2018,12,14,30,NA,NA,T,NA,NA,NA,NA,20180121430
44,2018012,1610,2018,12,16,10,NA,NA,T,NA,NA,NA,NA,20180121610
45,2018012,1745,2018,12,17,45,NA,NA,A,NA,NA,NA,NA,20180121745
46,2018013,1515,2018,13,15,15,NA,NA,T,NA,NA,NA,NA,20180131515
47,2018013,1650,2018,13,16,50,NA,NA,A,NA,NA,NA,NA,20180131650
48,2018013,1650,2018,13,16,50,39.0375,-76.88712039,T,0.04135,0.0295,0.004,0,20180131650
49,2018013,1830,2018,13,18,30,39.0375,-76.88712039,A,0.06594,0.04713,0.0149,0,20180131830
50,2018014,1420,2018,14,14,20,NA,NA,T,NA,NA,NA,NA,20180141420
51,2018014,1555,2018,14,15,55,39.0375,-76.88712039,T,0.09644,0.06904,0.0163,0,20180141555
52,2018014,1735,2018,14,17,35,39.0375,-76.88712039,A,0.04046,0.02887,0.0054,0,20180141735
53,2018014,1915,2018,14,19,15,NA,NA,A,NA,NA,NA,NA,20180141915
54,2018015,1500,2018,15,15,0,NA,NA,T,NA,NA,NA,NA,20180151500
55,2018015,1640,2018,15,16,40,NA,NA,A,NA,NA,NA,NA,20180151640
56,2018015,1640,2018,15,16,40,NA,NA,T,NA,NA,NA,NA,20180151640
57,2018015,1820,2018,15,18,20,NA,NA,A,NA,NA,NA,NA,20180151820
58,2018016,1405,2018,16,14,5,NA,NA,T,NA,NA,NA,NA,20180161405
59,2018016,1545,2018,16,15,45,NA,NA,T,NA,NA,NA,NA,20180161545
60,2018016,1725,2018,16,17,25,NA,NA,A,NA,NA,NA,NA,20180161725
61,2018016,1900,2018,16,19,0,NA,NA,A,NA,NA,NA,NA,20180161900
62,2018018,1355,2018,18,13,55,NA,NA,T,NA,NA,NA,NA,20180181355
63,2018018,1535,2018,18,15,35,39.0375,-76.80129091,T,0.488,0.35425,0.0083,0,20180181535
64,2018018,1710,2018,18,17,10,NA,NA,A,NA,NA,NA,NA,20180181710
65,2018018,1850,2018,18,18,50,39.0375,-76.88712039,A,0.17587,0.12629,NA,0,20180181850
66,2018019,1440,2018,19,14,40,NA,NA,T,NA,NA,NA,NA,20180191440
67,2018019,1615,2018,19,16,15,39.0375,-76.84420565,T,0.2097,0.15086,0.0129,0,20180191615
68,2018019,1755,2018,19,17,55,39.0375,-76.88712039,A,0.0863,0.06173,0.0106,0,20180191755
69,2018020,1520,2018,20,15,20,39.0125,-76.79558469,T,0.05896,0.04213,0.0059,0,20180201520
70,2018020,1655,2018,20,16,55,39.0375,-76.88712039,T,0.00915,0.00646,0.0035,0,20180201655
71,2018020,1700,2018,20,17,0,NA,NA,A,NA,NA,NA,NA,20180201700
72,2018020,1835,2018,20,18,35,39.0375,-76.8763917,A,0.07748,0.05533,0.0121,0,20180201835
73,2018021,1425,2018,21,14,25,NA,NA,T,NA,NA,NA,NA,20180211425
74,2018021,1605,2018,21,16,5,NA,NA,T,NA,NA,NA,NA,20180211605
75,2018021,1740,2018,21,17,40,NA,NA,A,NA,NA,NA,NA,20180211740
76,2018022,1510,2018,22,15,10,NA,NA,T,NA,NA,NA,NA,20180221510
77,2018022,1645,2018,22,16,45,NA,NA,A,NA,NA,NA,NA,20180221645
78,2018022,1645,2018,22,16,45,NA,NA,T,NA,NA,NA,NA,20180221645
79,2018022,1825,2018,22,18,25,NA,NA,A,NA,NA,NA,NA,20180221825
80,2018023,1415,2018,23,14,15,NA,NA,T,NA,NA,NA,NA,20180231415
81,2018023,1550,2018,23,15,50,NA,NA,T,NA,NA,NA,NA,20180231550
82,2018023,1730,2018,23,17,30,NA,NA,A,NA,NA,NA,NA,20180231730
83,2018023,1905,2018,23,19,5,NA,NA,A,NA,NA,NA,NA,20180231905
84,2018024,1455,2018,24,14,55,NA,NA,T,NA,NA,NA,NA,20180241455
85,2018024,1635,2018,24,16,35,NA,NA,A,NA,NA,NA,NA,20180241635
86,2018024,1635,2018,24,16,35,NA,NA,T,NA,NA,NA,NA,20180241635
87,2018024,1810,2018,24,18,10,NA,NA,A,NA,NA,NA,NA,20180241810
88,2018025,1400,2018,25,14,0,NA,NA,T,NA,NA,NA,NA,20180251400
89,2018025,1540,2018,25,15,40,39.0375,-76.88712039,T,0.08127,0.05813,0.0114,0,20180251540
90,2018025,1715,2018,25,17,15,NA,NA,A,NA,NA,NA,NA,20180251715
91,2018025,1855,2018,25,18,55,39.0375,-76.88712039,A,0.04751,0.03393,0.0074,0,20180251855
92,2018026,1445,2018,26,14,45,NA,NA,T,NA,NA,NA,NA,20180261445
93,2018026,1620,2018,26,16,20,NA,NA,A,NA,NA,NA,NA,20180261620
94,2018026,1620,2018,26,16,20,39.0375,-76.88712039,T,0.1096,0.07853,0.0119,0,20180261620
95,2018026,1800,2018,26,18,0,39.0375,-76.88712039,A,0.10347,0.07412,0.014,0,20180261800
96,2018027,1525,2018,27,15,25,39.0375,-76.88712039,T,0.08123,0.05808,0.0077,0,20180271525
97,2018027,1700,2018,27,17,0,NA,NA,T,NA,NA,NA,NA,20180271700
98,2018027,1705,2018,27,17,5,NA,NA,A,NA,NA,NA,NA,20180271705
99,2018027,1845,2018,27,18,45,39.0375,-76.80129091,A,0.10292,0.07379,0.01,0,20180271845
100,2018028,1430,2018,28,14,30,NA,NA,T,NA,NA,NA,NA,20180281430
101,2018028,1610,2018,28,16,10,NA,NA,T,NA,NA,NA,NA,20180281610
102,2018028,1750,2018,28,17,50,NA,NA,A,NA,NA,NA,NA,20180281750
103,2018029,1515,2018,29,15,15,NA,NA,T,NA,NA,NA,NA,20180291515
104,2018029,1650,2018,29,16,50,NA,NA,A,NA,NA,NA,NA,20180291650
105,2018029,1650,2018,29,16,50,NA,NA,T,NA,NA,NA,NA,20180291650
106,2018029,1830,2018,29,18,30,NA,NA,A,NA,NA,NA,NA,20180291830
107,2018030,1420,2018,30,14,20,NA,NA,T,NA,NA,NA,NA,20180301420
108,2018030,1555,2018,30,15,55,NA,NA,T,NA,NA,NA,NA,20180301555
109,2018030,1735,2018,30,17,35,NA,NA,A,NA,NA,NA,NA,20180301735
110,2018030,1915,2018,30,19,15,NA,NA,A,NA,NA,NA,NA,20180301915
111,2018031,1500,2018,31,15,0,NA,NA,T,NA,NA,NA,NA,20180311500
112,2018031,1640,2018,31,16,40,NA,NA,A,NA,NA,NA,NA,20180311640
113,2018031,1640,2018,31,16,40,39.0375,-76.88712039,T,0.0431,0.03069,0.0066,0,20180311640
114,2018031,1820,2018,31,18,20,NA,NA,A,NA,NA,NA,NA,20180311820
115,2018032,1405,2018,32,14,5,NA,NA,T,NA,NA,NA,NA,20180321405
116,2018032,1545,2018,32,15,45,NA,NA,T,NA,NA,NA,NA,20180321545
117,2018032,1725,2018,32,17,25,NA,NA,A,NA,NA,NA,NA,20180321725
118,2018032,1900,2018,32,19,0,NA,NA,A,NA,NA,NA,NA,20180321900
119,2018033,1450,2018,33,14,50,NA,NA,T,NA,NA,NA,NA,20180331450
120,2018033,1625,2018,33,16,25,NA,NA,A,NA,NA,NA,NA,20180331625
121,2018033,1625,2018,33,16,25,39.0375,-76.79056222,T,0.14764,0.10582,0.0095,0,20180331625
122,2018033,1805,2018,33,18,5,39.02916666,-76.84587225,A,0.11164,0.07991,0.017,0,20180331805
123,2018034,1355,2018,34,13,55,NA,NA,T,NA,NA,NA,NA,20180341355
124,2018034,1535,2018,34,15,35,39.0375,-76.88712039,T,0.05039,0.03596,0.0107,0,20180341535
125,2018034,1710,2018,34,17,10,NA,NA,A,NA,NA,NA,NA,20180341710
126,2018034,1850,2018,34,18,50,39.0375,-76.88712039,A,0.03553,0.02533,0.0103,0,20180341850
127,2018035,1440,2018,35,14,40,NA,NA,T,NA,NA,NA,NA,20180351440
128,2018035,1615,2018,35,16,15,NA,NA,T,NA,NA,NA,NA,20180351615
129,2018035,1755,2018,35,17,55,NA,NA,A,NA,NA,NA,NA,20180351755
130,2018036,1520,2018,36,15,20,39.0375,-76.88712039,T,0.05329,0.03802,0.0075,0,20180361520
131,2018036,1655,2018,36,16,55,39.0375,-76.88712039,T,0.02967,0.02108,0.0041,0,20180361655
132,2018036,1700,2018,36,17,0,NA,NA,A,NA,NA,NA,NA,20180361700
133,2018036,1835,2018,36,18,35,39.0375,-76.88712039,A,0.0558,0.03985,0.0155,0,20180361835
134,2018037,1425,2018,37,14,25,NA,NA,T,NA,NA,NA,NA,20180371425
135,2018037,1605,2018,37,16,5,NA,NA,T,NA,NA,NA,NA,20180371605
136,2018037,1740,2018,37,17,40,NA,NA,A,NA,NA,NA,NA,20180371740
137,2018038,1510,2018,38,15,10,NA,NA,T,NA,NA,NA,NA,20180381510
138,2018038,1645,2018,38,16,45,NA,NA,A,NA,NA,NA,NA,20180381645
139,2018038,1645,2018,38,16,45,NA,NA,T,NA,NA,NA,NA,20180381645
140,2018038,1825,2018,38,18,25,NA,NA,A,NA,NA,NA,NA,20180381825
141,2018039,1415,2018,39,14,15,NA,NA,T,NA,NA,NA,NA,20180391415
142,2018039,1550,2018,39,15,50,39.0375,-76.88712039,T,0.275,0.1985,0.0179,0,20180391550
143,2018039,1730,2018,39,17,30,NA,NA,A,NA,NA,NA,NA,20180391730
144,2018039,1905,2018,39,19,5,38.95416666,-76.79663076,A,0.1065,0.0765,0.0062,0,20180391905
145,2018040,1455,2018,40,14,55,NA,NA,T,NA,NA,NA,NA,20180401455
146,2018040,1635,2018,40,16,35,NA,NA,A,NA,NA,NA,NA,20180401635
147,2018040,1635,2018,40,16,35,NA,NA,T,NA,NA,NA,NA,20180401635
148,2018040,1810,2018,40,18,10,NA,NA,A,NA,NA,NA,NA,20180401810
149,2018041,1400,2018,41,14,0,NA,NA,T,NA,NA,NA,NA,20180411400
150,2018041,1540,2018,41,15,40,NA,NA,T,NA,NA,NA,NA,20180411540
151,2018041,1715,2018,41,17,15,NA,NA,A,NA,NA,NA,NA,20180411715
152,2018041,1855,2018,41,18,55,NA,NA,A,NA,NA,NA,NA,20180411855
153,2018042,1445,2018,42,14,45,NA,NA,T,NA,NA,NA,NA,20180421445
154,2018042,1620,2018,42,16,20,NA,NA,A,NA,NA,NA,NA,20180421620
155,2018042,1620,2018,42,16,20,NA,NA,T,NA,NA,NA,NA,20180421620
156,2018042,1800,2018,42,18,0,NA,NA,A,NA,NA,NA,NA,20180421800
157,2018043,1525,2018,43,15,25,NA,NA,T,NA,NA,NA,NA,20180431525
158,2018043,1700,2018,43,17,0,NA,NA,T,NA,NA,NA,NA,20180431700
159,2018043,1705,2018,43,17,5,NA,NA,A,NA,NA,NA,NA,20180431705
160,2018043,1845,2018,43,18,45,NA,NA,A,NA,NA,NA,NA,20180431845
161,2018044,1430,2018,44,14,30,NA,NA,T,NA,NA,NA,NA,20180441430
162,2018044,1610,2018,44,16,10,39.0375,-76.88712039,T,0.13831,0.09926,0.0199,0,20180441610
163,2018044,1750,2018,44,17,50,39.0375,-76.88712039,A,0.17013,0.12207,0.0113,0,20180441750
164,2018045,1515,2018,45,15,15,NA,NA,T,NA,NA,NA,NA,20180451515
165,2018045,1650,2018,45,16,50,NA,NA,T,NA,NA,NA,NA,20180451650
166,2018045,1655,2018,45,16,55,NA,NA,A,NA,NA,NA,NA,20180451655
167,2018045,1830,2018,45,18,30,NA,NA,A,NA,NA,NA,NA,20180451830
168,2018046,1420,2018,46,14,20,NA,NA,T,NA,NA,NA,NA,20180461420
169,2018046,1555,2018,46,15,55,NA,NA,T,NA,NA,NA,NA,20180461555
170,2018046,1735,2018,46,17,35,NA,NA,A,NA,NA,NA,NA,20180461735
171,2018046,1915,2018,46,19,15,NA,NA,A,NA,NA,NA,NA,20180461915
172,2018047,1500,2018,47,15,0,NA,NA,T,NA,NA,NA,NA,20180471500
173,2018047,1640,2018,47,16,40,NA,NA,A,NA,NA,NA,NA,20180471640
174,2018047,1640,2018,47,16,40,NA,NA,T,NA,NA,NA,NA,20180471640
175,2018047,1820,2018,47,18,20,NA,NA,A,NA,NA,NA,NA,20180471820
176,2018048,1405,2018,48,14,5,NA,NA,T,NA,NA,NA,NA,20180481405
177,2018048,1545,2018,48,15,45,39.0375,-76.88712039,T,0.09478,0.06789,0.017,0,20180481545
178,2018048,1725,2018,48,17,25,NA,NA,A,NA,NA,NA,NA,20180481725
179,2018048,1900,2018,48,19,0,NA,NA,A,NA,NA,NA,NA,20180481900
180,2018049,1450,2018,49,14,50,NA,NA,T,NA,NA,NA,NA,20180491450
181,2018049,1625,2018,49,16,25,NA,NA,A,NA,NA,NA,NA,20180491625
182,2018049,1625,2018,49,16,25,NA,NA,T,NA,NA,NA,NA,20180491625
183,2018049,1805,2018,49,18,5,NA,NA,A,NA,NA,NA,NA,20180491805
184,2018050,1355,2018,50,13,55,NA,NA,T,NA,NA,NA,NA,20180501355
185,2018050,1535,2018,50,15,35,NA,NA,T,NA,NA,NA,NA,20180501535
186,2018050,1710,2018,50,17,10,NA,NA,A,NA,NA,NA,NA,20180501710
187,2018050,1850,2018,50,18,50,NA,NA,A,NA,NA,NA,NA,20180501850
188,2018051,1440,2018,51,14,40,NA,NA,T,NA,NA,NA,NA,20180511440
189,2018051,1615,2018,51,16,15,NA,NA,T,NA,NA,NA,NA,20180511615
190,2018051,1755,2018,51,17,55,39.0375,-76.88712039,A,0.08596,0.06147,0.0152,0,20180511755
191,2018052,1520,2018,52,15,20,39.0375,-76.88712039,T,0.21682,0.15608,0.0086,0,20180521520
192,2018052,1655,2018,52,16,55,39.0375,-76.88712039,T,0.10233,0.07337,0.005,0,20180521655
193,2018052,1700,2018,52,17,0,NA,NA,A,NA,NA,NA,NA,20180521700
194,2018052,1835,2018,52,18,35,39.0375,-76.86566302,A,0.14029,0.10062,0.0169,0,20180521835
195,2018053,1425,2018,53,14,25,NA,NA,T,NA,NA,NA,NA,20180531425
196,2018053,1740,2018,53,17,40,NA,NA,A,NA,NA,NA,NA,20180531740
197,2018054,1510,2018,54,15,10,NA,NA,T,NA,NA,NA,NA,20180541510
198,2018054,1645,2018,54,16,45,NA,NA,A,NA,NA,NA,NA,20180541645
199,2018054,1645,2018,54,16,45,NA,NA,T,NA,NA,NA,NA,20180541645
200,2018054,1825,2018,54,18,25,NA,NA,A,NA,NA,NA,NA,20180541825
201,2018055,1415,2018,55,14,15,NA,NA,T,NA,NA,NA,NA,20180551415
202,2018055,1550,2018,55,15,50,NA,NA,T,NA,NA,NA,NA,20180551550
203,2018055,1730,2018,55,17,30,NA,NA,A,NA,NA,NA,NA,20180551730
204,2018055,1910,2018,55,19,10,NA,NA,A,NA,NA,NA,NA,20180551910
205,2018056,1455,2018,56,14,55,NA,NA,T,NA,NA,NA,NA,20180561455
206,2018056,1635,2018,56,16,35,NA,NA,A,NA,NA,NA,NA,20180561635
207,2018056,1635,2018,56,16,35,NA,NA,T,NA,NA,NA,NA,20180561635
208,2018056,1810,2018,56,18,10,NA,NA,A,NA,NA,NA,NA,20180561810
209,2018057,1400,2018,57,14,0,NA,NA,T,NA,NA,NA,NA,20180571400
210,2018057,1540,2018,57,15,40,NA,NA,T,NA,NA,NA,NA,20180571540
211,2018057,1715,2018,57,17,15,NA,NA,A,NA,NA,NA,NA,20180571715
212,2018057,1855,2018,57,18,55,NA,NA,A,NA,NA,NA,NA,20180571855
213,2018058,1445,2018,58,14,45,NA,NA,T,NA,NA,NA,NA,20180581445
214,2018058,1620,2018,58,16,20,NA,NA,A,NA,NA,NA,NA,20180581620
215,2018058,1620,2018,58,16,20,39.0375,-76.88712039,T,0.06646,0.04751,0.0176,0,20180581620
216,2018058,1800,2018,58,18,0,39.0375,-76.88712039,A,0.04486,0.03204,0.0202,0,20180581800
217,2018059,1525,2018,59,15,25,39.0375,-76.88712039,T,0.16422,0.11797,0.011,0,20180591525
218,2018059,1700,2018,59,17,0,NA,NA,T,NA,NA,NA,NA,20180591700
219,2018059,1705,2018,59,17,5,NA,NA,A,NA,NA,NA,NA,20180591705
220,2018059,1845,2018,59,18,45,39.0375,-76.88712039,A,0.0711,0.05075,0.0155,0,20180591845
221,2018060,1430,2018,60,14,30,NA,NA,T,NA,NA,NA,NA,20180601430
222,2018060,1610,2018,60,16,10,NA,NA,T,NA,NA,NA,NA,20180601610
223,2018060,1750,2018,60,17,50,NA,NA,A,NA,NA,NA,NA,20180601750
224,2018061,1515,2018,61,15,15,NA,NA,T,NA,NA,NA,NA,20180611515
225,2018061,1650,2018,61,16,50,NA,NA,T,NA,NA,NA,NA,20180611650
226,2018061,1655,2018,61,16,55,NA,NA,A,NA,NA,NA,NA,20180611655
227,2018061,1830,2018,61,18,30,NA,NA,A,NA,NA,NA,NA,20180611830
228,2018062,1420,2018,62,14,20,NA,NA,T,NA,NA,NA,NA,20180621420
229,2018062,1555,2018,62,15,55,NA,NA,T,NA,NA,NA,NA,20180621555
230,2018062,1735,2018,62,17,35,39.0375,-76.88712039,A,0.07176,0.05127,0.0095,0,20180621735
231,2018062,1915,2018,62,19,15,NA,NA,A,NA,NA,NA,NA,20180621915
232,2018063,1500,2018,63,15,0,NA,NA,T,NA,NA,NA,NA,20180631500
233,2018063,1640,2018,63,16,40,NA,NA,A,NA,NA,NA,NA,20180631640
234,2018063,1640,2018,63,16,40,39.0375,-76.88712039,T,0.04246,0.0303,0.0099,0,20180631640
235,2018063,1820,2018,63,18,20,39.0375,-76.88712039,A,0.03514,0.02498,0.0284,0,20180631820
236,2018064,1405,2018,64,14,5,NA,NA,T,NA,NA,NA,NA,20180641405
237,2018064,1545,2018,64,15,45,39.0375,-76.88712039,T,0.02377,0.01692,0.0213,0,20180641545
238,2018064,1725,2018,64,17,25,39.0375,-76.88712039,A,0.03536,0.02517,0.007,0,20180641725
239,2018064,1900,2018,64,19,0,39.0375,-76.88712039,A,0.01265,0.00896,0.0098,0,20180641900
240,2018065,1450,2018,65,14,50,NA,NA,T,NA,NA,NA,NA,20180651450
241,2018065,1625,2018,65,16,25,NA,NA,T,NA,NA,NA,NA,20180651625
242,2018065,1630,2018,65,16,30,NA,NA,A,NA,NA,NA,NA,20180651630
243,2018065,1805,2018,65,18,5,NA,NA,A,NA,NA,NA,NA,20180651805
244,2018066,1355,2018,66,13,55,NA,NA,T,NA,NA,NA,NA,20180661355
245,2018066,1535,2018,66,15,35,NA,NA,T,NA,NA,NA,NA,20180661535
246,2018066,1710,2018,66,17,10,NA,NA,A,NA,NA,NA,NA,20180661710
247,2018066,1850,2018,66,18,50,NA,NA,A,NA,NA,NA,NA,20180661850
248,2018067,1440,2018,67,14,40,NA,NA,T,NA,NA,NA,NA,20180671440
249,2018067,1615,2018,67,16,15,39.02916666,-76.80296257,T,0.15491,0.11122,0.0218,0,20180671615
250,2018067,1755,2018,67,17,55,NA,NA,A,NA,NA,NA,NA,20180671755
251,2018068,1520,2018,68,15,20,NA,NA,T,NA,NA,NA,NA,20180681520
252,2018068,1655,2018,68,16,55,38.95416666,-76.85021105,T,0.17,0.122,0.0064,0,20180681655
253,2018068,1700,2018,68,17,0,NA,NA,A,NA,NA,NA,NA,20180681700
254,2018068,1835,2018,68,18,35,NA,NA,A,NA,NA,NA,NA,20180681835
255,2018069,1425,2018,69,14,25,NA,NA,T,NA,NA,NA,NA,20180691425
256,2018069,1605,2018,69,16,5,39.0375,-76.88712039,T,0.21008,0.15116,0.0312,0,20180691605
257,2018069,1740,2018,69,17,40,39.02916666,-76.88878193,A,0.19072,0.13694,0.0126,0,20180691740
258,2018070,1510,2018,70,15,10,NA,NA,T,NA,NA,NA,NA,20180701510
259,2018070,1645,2018,70,16,45,NA,NA,A,NA,NA,NA,NA,20180701645
260,2018070,1645,2018,70,16,45,NA,NA,T,NA,NA,NA,NA,20180701645
261,2018070,1825,2018,70,18,25,38.95416666,-76.89307529,A,0.235,0.169,0.0307,0,20180701825
262,2018071,1415,2018,71,14,15,NA,NA,T,NA,NA,NA,NA,20180711415
263,2018071,1550,2018,71,15,50,NA,NA,T,NA,NA,NA,NA,20180711550
264,2018071,1730,2018,71,17,30,NA,NA,A,NA,NA,NA,NA,20180711730
265,2018071,1910,2018,71,19,10,NA,NA,A,NA,NA,NA,NA,20180711910
266,2018072,1455,2018,72,14,55,NA,NA,T,NA,NA,NA,NA,20180721455
267,2018072,1635,2018,72,16,35,NA,NA,A,NA,NA,NA,NA,20180721635
268,2018072,1635,2018,72,16,35,NA,NA,T,NA,NA,NA,NA,20180721635
269,2018072,1810,2018,72,18,10,NA,NA,A,NA,NA,NA,NA,20180721810
270,2018073,1400,2018,73,14,0,NA,NA,T,NA,NA,NA,NA,20180731400
271,2018073,1540,2018,73,15,40,NA,NA,T,NA,NA,NA,NA,20180731540
272,2018073,1720,2018,73,17,20,NA,NA,A,NA,NA,NA,NA,20180731720
273,2018073,1855,2018,73,18,55,NA,NA,A,NA,NA,NA,NA,20180731855
274,2018074,1445,2018,74,14,45,NA,NA,T,NA,NA,NA,NA,20180741445
275,2018074,1620,2018,74,16,20,NA,NA,A,NA,NA,NA,NA,20180741620
276,2018074,1620,2018,74,16,20,NA,NA,T,NA,NA,NA,NA,20180741620
277,2018074,1800,2018,74,18,0,NA,NA,A,NA,NA,NA,NA,20180741800
278,2018075,1525,2018,75,15,25,39.0375,-76.82274828,T,0.07487,0.0535,0.0125,0,20180751525
279,2018075,1700,2018,75,17,0,NA,NA,T,NA,NA,NA,NA,20180751700
280,2018075,1705,2018,75,17,5,NA,NA,A,NA,NA,NA,NA,20180751705
281,2018075,1845,2018,75,18,45,39.0375,-76.88712039,A,0.06046,0.0432,0.0189,0,20180751845
282,2018076,1430,2018,76,14,30,NA,NA,T,NA,NA,NA,NA,20180761430
283,2018076,1610,2018,76,16,10,NA,NA,T,NA,NA,NA,NA,20180761610
284,2018076,1750,2018,76,17,50,NA,NA,A,NA,NA,NA,NA,20180761750
285,2018077,1515,2018,77,15,15,39.0375,-76.88712039,T,0.04488,0.03201,0.0097,0,20180771515
286,2018077,1650,2018,77,16,50,39.0375,-76.88712039,T,0.04101,0.02925,0.0084,0,20180771650
287,2018077,1655,2018,77,16,55,NA,NA,A,NA,NA,NA,NA,20180771655
288,2018077,1830,2018,77,18,30,39.0375,-76.88712039,A,0.03208,0.02281,0.0292,0,20180771830
289,2018078,1420,2018,78,14,20,NA,NA,T,NA,NA,NA,NA,20180781420
290,2018078,1600,2018,78,16,0,NA,NA,T,NA,NA,NA,NA,20180781600
291,2018078,1735,2018,78,17,35,NA,NA,A,NA,NA,NA,NA,20180781735
292,2018078,1915,2018,78,19,15,NA,NA,A,NA,NA,NA,NA,20180781915
293,2018079,1505,2018,79,15,5,NA,NA,T,NA,NA,NA,NA,20180791505
294,2018079,1640,2018,79,16,40,NA,NA,A,NA,NA,NA,NA,20180791640
295,2018079,1640,2018,79,16,40,NA,NA,T,NA,NA,NA,NA,20180791640
296,2018079,1820,2018,79,18,20,NA,NA,A,NA,NA,NA,NA,20180791820
297,2018080,1405,2018,80,14,5,NA,NA,T,NA,NA,NA,NA,20180801405
298,2018080,1545,2018,80,15,45,NA,NA,T,NA,NA,NA,NA,20180801545
299,2018080,1725,2018,80,17,25,NA,NA,A,NA,NA,NA,NA,20180801725
300,2018080,1900,2018,80,19,0,NA,NA,A,NA,NA,NA,NA,20180801900
301,2018081,1450,2018,81,14,50,NA,NA,T,NA,NA,NA,NA,20180811450
302,2018081,1625,2018,81,16,25,NA,NA,T,NA,NA,NA,NA,20180811625
303,2018081,1630,2018,81,16,30,NA,NA,A,NA,NA,NA,NA,20180811630
304,2018081,1805,2018,81,18,5,NA,NA,A,NA,NA,NA,NA,20180811805
305,2018082,1355,2018,82,13,55,NA,NA,T,NA,NA,NA,NA,20180821355
306,2018082,1535,2018,82,15,35,NA,NA,T,NA,NA,NA,NA,20180821535
307,2018082,1710,2018,82,17,10,NA,NA,A,NA,NA,NA,NA,20180821710
308,2018082,1850,2018,82,18,50,39.0375,-76.81201959,A,0.40416,0.29289,NA,0,20180821850
309,2018083,1440,2018,83,14,40,NA,NA,T,NA,NA,NA,NA,20180831440
310,2018083,1615,2018,83,16,15,39.0375,-76.88712039,T,0.21162,0.15234,0.0296,0,20180831615
311,2018083,1755,2018,83,17,55,39.0375,-76.88712039,A,0.12804,0.09182,0.0227,0,20180831755
312,2018084,1520,2018,84,15,20,NA,NA,T,NA,NA,NA,NA,20180841520
313,2018084,1655,2018,84,16,55,NA,NA,T,NA,NA,NA,NA,20180841655
314,2018084,1700,2018,84,17,0,NA,NA,A,NA,NA,NA,NA,20180841700
315,2018084,1835,2018,84,18,35,NA,NA,A,NA,NA,NA,NA,20180841835
316,2018085,1425,2018,85,14,25,NA,NA,T,NA,NA,NA,NA,20180851425
317,2018085,1605,2018,85,16,5,39.00416666,-76.88305033,T,0.18282,0.13133,0.0331,0,20180851605
318,2018085,1740,2018,85,17,40,39.0375,-76.88712039,A,0.11897,0.08533,0.0151,0,20180851740
319,2018086,1510,2018,86,15,10,NA,NA,T,NA,NA,NA,NA,20180861510
320,2018086,1645,2018,86,16,45,NA,NA,A,NA,NA,NA,NA,20180861645
321,2018086,1645,2018,86,16,45,NA,NA,T,NA,NA,NA,NA,20180861645
322,2018086,1825,2018,86,18,25,NA,NA,A,NA,NA,NA,NA,20180861825
323,2018087,1415,2018,87,14,15,NA,NA,T,NA,NA,NA,NA,20180871415
324,2018087,1550,2018,87,15,50,NA,NA,T,NA,NA,NA,NA,20180871550
325,2018087,1730,2018,87,17,30,NA,NA,A,NA,NA,NA,NA,20180871730
326,2018087,1910,2018,87,19,10,NA,NA,A,NA,NA,NA,NA,20180871910
327,2018088,1455,2018,88,14,55,NA,NA,T,NA,NA,NA,NA,20180881455
328,2018088,1635,2018,88,16,35,NA,NA,A,NA,NA,NA,NA,20180881635
329,2018088,1635,2018,88,16,35,NA,NA,T,NA,NA,NA,NA,20180881635
330,2018088,1810,2018,88,18,10,NA,NA,A,NA,NA,NA,NA,20180881810
331,2018089,1400,2018,89,14,0,NA,NA,T,NA,NA,NA,NA,20180891400
332,2018089,1540,2018,89,15,40,NA,NA,T,NA,NA,NA,NA,20180891540
333,2018089,1720,2018,89,17,20,NA,NA,A,NA,NA,NA,NA,20180891720
334,2018089,1855,2018,89,18,55,NA,NA,A,NA,NA,NA,NA,20180891855
335,2018090,1445,2018,90,14,45,NA,NA,T,NA,NA,NA,NA,20180901445
336,2018090,1620,2018,90,16,20,NA,NA,A,NA,NA,NA,NA,20180901620
337,2018090,1620,2018,90,16,20,39.0375,-76.88712039,T,0.06755,0.04828,0.0267,0,20180901620
338,2018090,1800,2018,90,18,0,39.0375,-76.88712039,A,0.04202,0.03,0.0297,0,20180901800
1,2018091,1525,2018,91,15,25,NA,NA,T,NA,NA,NA,NA,20180911525
2,2018091,1705,2018,91,17,5,NA,NA,A,NA,NA,NA,NA,20180911705
3,2018091,1705,2018,91,17,5,NA,NA,T,NA,NA,NA,NA,20180911705
4,2018091,1845,2018,91,18,45,NA,NA,A,NA,NA,NA,NA,20180911845
5,2018092,1430,2018,92,14,30,NA,NA,T,NA,NA,NA,NA,20180921430
6,2018092,1610,2018,92,16,10,NA,NA,T,NA,NA,NA,NA,20180921610
7,2018092,1750,2018,92,17,50,NA,NA,A,NA,NA,NA,NA,20180921750
8,2018093,1515,2018,93,15,15,NA,NA,T,NA,NA,NA,NA,20180931515
9,2018093,1650,2018,93,16,50,NA,NA,T,NA,NA,NA,NA,20180931650
10,2018093,1655,2018,93,16,55,NA,NA,A,NA,NA,NA,NA,20180931655
11,2018093,1830,2018,93,18,30,NA,NA,A,NA,NA,NA,NA,20180931830
12,2018094,1420,2018,94,14,20,NA,NA,T,NA,NA,NA,NA,20180941420
13,2018094,1600,2018,94,16,0,NA,NA,T,NA,NA,NA,NA,20180941600
14,2018094,1735,2018,94,17,35,NA,NA,A,NA,NA,NA,NA,20180941735
15,2018094,1915,2018,94,19,15,NA,NA,A,NA,NA,NA,NA,20180941915
16,2018095,1505,2018,95,15,5,NA,NA,T,NA,NA,NA,NA,20180951505
17,2018095,1640,2018,95,16,40,NA,NA,A,NA,NA,NA,NA,20180951640
18,2018095,1640,2018,95,16,40,39.02916666,-76.88878193,T,0.22085,0.1592,0.0145,0,20180951640
19,2018095,1820,2018,95,18,20,39.0375,-76.88712039,A,0.18285,0.13152,0.0404,0,20180951820
20,2018096,1405,2018,96,14,5,NA,NA,T,NA,NA,NA,NA,20180961405
21,2018096,1545,2018,96,15,45,NA,NA,T,NA,NA,NA,NA,20180961545
22,2018096,1725,2018,96,17,25,NA,NA,A,NA,NA,NA,NA,20180961725
23,2018096,1900,2018,96,19,0,NA,NA,A,NA,NA,NA,NA,20180961900
24,2018097,1450,2018,97,14,50,NA,NA,T,NA,NA,NA,NA,20180971450
25,2018097,1630,2018,97,16,30,NA,NA,A,NA,NA,NA,NA,20180971630
26,2018097,1630,2018,97,16,30,NA,NA,T,NA,NA,NA,NA,20180971630
27,2018097,1805,2018,97,18,5,NA,NA,A,NA,NA,NA,NA,20180971805
28,2018098,1355,2018,98,13,55,NA,NA,T,NA,NA,NA,NA,20180981355
29,2018098,1535,2018,98,15,35,39.02083333,-76.89044471,T,0.1489,0.10668,0.0188,0,20180981535
30,2018098,1710,2018,98,17,10,NA,NA,A,NA,NA,NA,NA,20180981710
31,2018098,1850,2018,98,18,50,39.0125,-76.88138383,A,0.2668,0.1924,0.0165,0,20180981850
32,2018099,1440,2018,99,14,40,NA,NA,T,NA,NA,NA,NA,20180991440
33,2018099,1615,2018,99,16,15,NA,NA,T,NA,NA,NA,NA,20180991615
34,2018099,1755,2018,99,17,55,NA,NA,A,NA,NA,NA,NA,20180991755
35,2018100,1520,2018,100,15,20,NA,NA,T,NA,NA,NA,NA,20181001520
36,2018100,1655,2018,100,16,55,39.0375,-76.88712039,T,0.22915,0.16508,0.009,0,20181001655
37,2018100,1700,2018,100,17,0,NA,NA,A,NA,NA,NA,NA,20181001700
38,2018100,1835,2018,100,18,35,39.0375,-76.88712039,A,0.23881,0.17203,0.0256,0,20181001835
39,2018101,1425,2018,101,14,25,NA,NA,T,NA,NA,NA,NA,20181011425
40,2018101,1605,2018,101,16,5,NA,NA,T,NA,NA,NA,NA,20181011605
41,2018101,1740,2018,101,17,40,NA,NA,A,NA,NA,NA,NA,20181011740
42,2018102,1510,2018,102,15,10,NA,NA,T,NA,NA,NA,NA,20181021510
43,2018102,1645,2018,102,16,45,NA,NA,A,NA,NA,NA,NA,20181021645
44,2018102,1645,2018,102,16,45,39.0375,-76.88712039,T,0.24025,0.17309,0.0129,0,20181021645
45,2018102,1825,2018,102,18,25,39.0375,-76.88712039,A,0.2162,0.15564,0.0361,0,20181021825
46,2018103,1415,2018,103,14,15,NA,NA,T,NA,NA,NA,NA,20181031415
47,2018103,1550,2018,103,15,50,39.0375,-76.88712039,T,0.22795,0.16424,0.0342,0,20181031550
48,2018103,1730,2018,103,17,30,39.0375,-76.88712039,A,0.19419,0.13955,0.0117,0,20181031730
49,2018103,1910,2018,103,19,10,39.0375,-76.88712039,A,0.16363,0.11742,0.0106,0,20181031910
50,2018104,1455,2018,104,14,55,NA,NA,T,NA,NA,NA,NA,20181041455
51,2018104,1635,2018,104,16,35,NA,NA,A,NA,NA,NA,NA,20181041635
52,2018104,1635,2018,104,16,35,39.0375,-76.88712039,T,0.24508,0.17658,0.0193,0,20181041635
53,2018104,1815,2018,104,18,15,39.02916666,-76.80296257,A,0.16237,0.11654,0.0373,0,20181041815
54,2018105,1400,2018,105,14,0,NA,NA,T,NA,NA,NA,NA,20181051400
55,2018105,1540,2018,105,15,40,NA,NA,T,NA,NA,NA,NA,20181051540
56,2018105,1720,2018,105,17,20,NA,NA,A,NA,NA,NA,NA,20181051720
57,2018105,1855,2018,105,18,55,NA,NA,A,NA,NA,NA,NA,20181051855
58,2018106,1445,2018,106,14,45,NA,NA,T,NA,NA,NA,NA,20181061445
59,2018106,1620,2018,106,16,20,NA,NA,A,NA,NA,NA,NA,20181061620
60,2018106,1620,2018,106,16,20,NA,NA,T,NA,NA,NA,NA,20181061620
61,2018106,1800,2018,106,18,0,NA,NA,A,NA,NA,NA,NA,20181061800
62,2018107,1530,2018,107,15,30,NA,NA,T,NA,NA,NA,NA,20181071530
63,2018107,1705,2018,107,17,5,NA,NA,A,NA,NA,NA,NA,20181071705
64,2018107,1705,2018,107,17,5,NA,NA,T,NA,NA,NA,NA,20181071705
65,2018107,1845,2018,107,18,45,NA,NA,A,NA,NA,NA,NA,20181071845
66,2018108,1430,2018,108,14,30,NA,NA,T,NA,NA,NA,NA,20181081430
67,2018108,1610,2018,108,16,10,39.0375,-76.8763917,T,0.08557,0.06126,0.0363,0,20181081610
68,2018108,1750,2018,108,17,50,39.0375,-76.88712039,A,0.15835,0.11366,0.0209,0,20181081750
69,2018109,1515,2018,109,15,15,NA,NA,T,NA,NA,NA,NA,20181091515
70,2018109,1650,2018,109,16,50,NA,NA,T,NA,NA,NA,NA,20181091650
71,2018109,1655,2018,109,16,55,NA,NA,A,NA,NA,NA,NA,20181091655
72,2018109,1830,2018,109,18,30,NA,NA,A,NA,NA,NA,NA,20181091830
73,2018110,1420,2018,110,14,20,NA,NA,T,NA,NA,NA,NA,20181101420
74,2018110,1600,2018,110,16,0,39.0375,-76.88712039,T,0.17481,0.12556,0.0378,0,20181101600
75,2018110,1735,2018,110,17,35,39.0375,-76.88712039,A,0.11611,0.0833,0.0143,0,20181101735
76,2018110,1915,2018,110,19,15,NA,NA,A,NA,NA,NA,NA,20181101915
77,2018111,1505,2018,111,15,5,NA,NA,T,NA,NA,NA,NA,20181111505
78,2018111,1640,2018,111,16,40,NA,NA,A,NA,NA,NA,NA,20181111640
79,2018111,1640,2018,111,16,40,NA,NA,T,NA,NA,NA,NA,20181111640
80,2018111,1820,2018,111,18,20,NA,NA,A,NA,NA,NA,NA,20181111820
81,2018112,1410,2018,112,14,10,NA,NA,T,NA,NA,NA,NA,20181121410
82,2018112,1545,2018,112,15,45,NA,NA,T,NA,NA,NA,NA,20181121545
83,2018112,1725,2018,112,17,25,NA,NA,A,NA,NA,NA,NA,20181121725
84,2018112,1900,2018,112,19,0,NA,NA,A,NA,NA,NA,NA,20181121900
85,2018113,1450,2018,113,14,50,NA,NA,T,NA,NA,NA,NA,20181131450
86,2018113,1630,2018,113,16,30,NA,NA,A,NA,NA,NA,NA,20181131630
87,2018113,1630,2018,113,16,30,NA,NA,T,NA,NA,NA,NA,20181131630
88,2018113,1805,2018,113,18,5,NA,NA,A,NA,NA,NA,NA,20181131805
89,2018114,1355,2018,114,13,55,NA,NA,T,NA,NA,NA,NA,20181141355
90,2018114,1535,2018,114,15,35,NA,NA,T,NA,NA,NA,NA,20181141535
91,2018114,1710,2018,114,17,10,NA,NA,A,NA,NA,NA,NA,20181141710
92,2018114,1850,2018,114,18,50,NA,NA,A,NA,NA,NA,NA,20181141850
93,2018115,1440,2018,115,14,40,NA,NA,T,NA,NA,NA,NA,20181151440
94,2018115,1615,2018,115,16,15,NA,NA,T,NA,NA,NA,NA,20181151615
95,2018115,1755,2018,115,17,55,NA,NA,A,NA,NA,NA,NA,20181151755
96,2018116,1520,2018,116,15,20,39.0375,-76.88712039,T,0.13922,0.0999,0.0147,0,20181161520
97,2018116,1655,2018,116,16,55,39.0375,-76.88712039,T,0.12477,0.08945,0.01,0,20181161655
98,2018116,1700,2018,116,17,0,NA,NA,A,NA,NA,NA,NA,20181161700
99,2018116,1835,2018,116,18,35,39.0375,-76.88712039,A,0.13422,0.0962,0.0251,0,20181161835
100,2018117,1425,2018,117,14,25,NA,NA,T,NA,NA,NA,NA,20181171425
101,2018117,1605,2018,117,16,5,NA,NA,T,NA,NA,NA,NA,20181171605
102,2018117,1740,2018,117,17,40,NA,NA,A,NA,NA,NA,NA,20181171740
103,2018118,1510,2018,118,15,10,NA,NA,T,NA,NA,NA,NA,20181181510
104,2018118,1645,2018,118,16,45,NA,NA,A,NA,NA,NA,NA,20181181645
105,2018118,1645,2018,118,16,45,39.0375,-76.88712039,T,0.23037,0.16594,0.0139,0,20181181645
106,2018118,1825,2018,118,18,25,39.0375,-76.88712039,A,0.27237,0.19646,0.0344,0,20181181825
107,2018119,1415,2018,119,14,15,NA,NA,T,NA,NA,NA,NA,20181191415
108,2018119,1550,2018,119,15,50,NA,NA,T,NA,NA,NA,NA,20181191550
109,2018119,1730,2018,119,17,30,NA,NA,A,NA,NA,NA,NA,20181191730
110,2018119,1910,2018,119,19,10,NA,NA,A,NA,NA,NA,NA,20181191910
111,2018120,1455,2018,120,14,55,NA,NA,T,NA,NA,NA,NA,20181201455
112,2018120,1635,2018,120,16,35,NA,NA,A,NA,NA,NA,NA,20181201635
113,2018120,1635,2018,120,16,35,39.0375,-76.88712039,T,0.12802,0.09176,0.0204,0,20181201635
114,2018120,1810,2018,120,18,10,39.0375,-76.88712039,A,0.0993,0.07121,0.0399,0,20181201810
115,2018121,1400,2018,121,14,0,NA,NA,T,NA,NA,NA,NA,20181211400
116,2018121,1540,2018,121,15,40,39.0375,-76.88712039,T,0.21634,0.15583,0.0244,0,20181211540
117,2018121,1715,2018,121,17,15,NA,NA,A,NA,NA,NA,NA,20181211715
118,2018121,1855,2018,121,18,55,39.0375,-76.88712039,A,0.16575,0.11889,0.0153,0,20181211855
119,2018122,1445,2018,122,14,45,NA,NA,T,NA,NA,NA,NA,20181221445
120,2018122,1620,2018,122,16,20,NA,NA,A,NA,NA,NA,NA,20181221620
121,2018122,1620,2018,122,16,20,39.0375,-76.88712039,T,0.21614,0.15557,0.0294,0,20181221620
122,2018122,1800,2018,122,18,0,39.0375,-76.88712039,A,0.30773,0.22234,0.0317,0,20181221800
123,2018123,1530,2018,123,15,30,39.0375,-76.88712039,T,0.22321,0.16079,0.0174,0,20181231530
124,2018123,1705,2018,123,17,5,NA,NA,A,NA,NA,NA,NA,20181231705
125,2018123,1705,2018,123,17,5,NA,NA,T,NA,NA,NA,NA,20181231705
126,2018123,1845,2018,123,18,45,39.0375,-76.88712039,A,0.26036,0.18763,0.0208,0,20181231845
127,2018124,1435,2018,124,14,35,NA,NA,T,NA,NA,NA,NA,20181241435
128,2018124,1610,2018,124,16,10,NA,NA,T,NA,NA,NA,NA,20181241610
129,2018124,1750,2018,124,17,50,NA,NA,A,NA,NA,NA,NA,20181241750
130,2018125,1515,2018,125,15,15,NA,NA,T,NA,NA,NA,NA,20181251515
131,2018125,1650,2018,125,16,50,NA,NA,T,NA,NA,NA,NA,20181251650
132,2018125,1655,2018,125,16,55,NA,NA,A,NA,NA,NA,NA,20181251655
133,2018125,1830,2018,125,18,30,NA,NA,A,NA,NA,NA,NA,20181251830
134,2018126,1420,2018,126,14,20,NA,NA,T,NA,NA,NA,NA,20181261420
135,2018126,1600,2018,126,16,0,NA,NA,T,NA,NA,NA,NA,20181261600
136,2018126,1735,2018,126,17,35,NA,NA,A,NA,NA,NA,NA,20181261735
137,2018126,1915,2018,126,19,15,NA,NA,A,NA,NA,NA,NA,20181261915
138,2018127,1505,2018,127,15,5,NA,NA,T,NA,NA,NA,NA,20181271505
139,2018127,1640,2018,127,16,40,NA,NA,A,NA,NA,NA,NA,20181271640
140,2018127,1640,2018,127,16,40,39.0375,-76.86566302,T,0.29641,0.21395,0.0166,0,20181271640
141,2018127,1820,2018,127,18,20,39.0375,-76.88712039,A,0.30202,0.21802,0.0404,0,20181271820
142,2018128,1410,2018,128,14,10,NA,NA,T,NA,NA,NA,NA,20181281410
143,2018128,1545,2018,128,15,45,39.0375,-76.88712039,T,0.23601,0.16992,0.0288,0,20181281545
144,2018128,1725,2018,128,17,25,39.0375,-76.88712039,A,0.25412,0.18304,0.0106,0,20181281725
145,2018128,1900,2018,128,19,0,39.0375,-76.88712039,A,0.23238,0.16736,0.0134,0,20181281900
146,2018129,1450,2018,129,14,50,NA,NA,T,NA,NA,NA,NA,20181291450
147,2018129,1630,2018,129,16,30,NA,NA,A,NA,NA,NA,NA,20181291630
148,2018129,1630,2018,129,16,30,39.0375,-76.88712039,T,0.20381,0.14652,0.0252,0,20181291630
149,2018129,1805,2018,129,18,5,39.0375,-76.85493433,A,0.20138,0.14481,0.0345,0,20181291805
150,2018130,1355,2018,130,13,55,NA,NA,T,NA,NA,NA,NA,20181301355
151,2018130,1535,2018,130,15,35,NA,NA,T,NA,NA,NA,NA,20181301535
152,2018130,1710,2018,130,17,10,NA,NA,A,NA,NA,NA,NA,20181301710
153,2018130,1850,2018,130,18,50,39.0375,-76.88712039,A,0.47778,0.347,0.0181,0,20181301850
154,2018131,1440,2018,131,14,40,NA,NA,T,NA,NA,NA,NA,20181311440
155,2018131,1615,2018,131,16,15,NA,NA,T,NA,NA,NA,NA,20181311615
156,2018131,1755,2018,131,17,55,39.0375,-76.88712039,A,0.35078,0.25373,0.0282,0,20181311755
157,2018132,1520,2018,132,15,20,NA,NA,T,NA,NA,NA,NA,20181321520
158,2018132,1700,2018,132,17,0,NA,NA,A,NA,NA,NA,NA,20181321700
159,2018132,1700,2018,132,17,0,39.0375,-76.88712039,T,0.37973,0.27486,0.0107,0,20181321700
160,2018132,1835,2018,132,18,35,39.0375,-76.88712039,A,0.36164,0.26161,0.0244,0,20181321835
161,2018133,1425,2018,133,14,25,NA,NA,T,NA,NA,NA,NA,20181331425
162,2018133,1605,2018,133,16,5,NA,NA,T,NA,NA,NA,NA,20181331605
163,2018133,1740,2018,133,17,40,NA,NA,A,NA,NA,NA,NA,20181331740
164,2018134,1510,2018,134,15,10,NA,NA,T,NA,NA,NA,NA,20181341510
165,2018134,1645,2018,134,16,45,NA,NA,A,NA,NA,NA,NA,20181341645
166,2018134,1645,2018,134,16,45,NA,NA,T,NA,NA,NA,NA,20181341645
167,2018134,1825,2018,134,18,25,38.9625,-76.89140138,A,0.51175,0.37175,0.0338,0,20181341825
168,2018135,1415,2018,135,14,15,NA,NA,T,NA,NA,NA,NA,20181351415
169,2018135,1550,2018,135,15,50,39.0375,-76.88712039,T,0.40088,0.29054,0.0314,0,20181351550
170,2018135,1730,2018,135,17,30,NA,NA,A,NA,NA,NA,NA,20181351730
171,2018135,1910,2018,135,19,10,39.02916666,-76.88878193,A,0.34533,0.24988,0.0113,0,20181351910
172,2018136,1455,2018,136,14,55,NA,NA,T,NA,NA,NA,NA,20181361455
173,2018136,1635,2018,136,16,35,NA,NA,A,NA,NA,NA,NA,20181361635
174,2018136,1635,2018,136,16,35,NA,NA,T,NA,NA,NA,NA,20181361635
175,2018136,1810,2018,136,18,10,NA,NA,A,NA,NA,NA,NA,20181361810
176,2018137,1400,2018,137,14,0,NA,NA,T,NA,NA,NA,NA,20181371400
177,2018137,1540,2018,137,15,40,NA,NA,T,NA,NA,NA,NA,20181371540
178,2018137,1715,2018,137,17,15,NA,NA,A,NA,NA,NA,NA,20181371715
179,2018137,1855,2018,137,18,55,NA,NA,A,NA,NA,NA,NA,20181371855
180,2018138,1445,2018,138,14,45,NA,NA,T,NA,NA,NA,NA,20181381445
181,2018138,1620,2018,138,16,20,NA,NA,A,NA,NA,NA,NA,20181381620
182,2018138,1620,2018,138,16,20,NA,NA,T,NA,NA,NA,NA,20181381620
183,2018138,1800,2018,138,18,0,NA,NA,A,NA,NA,NA,NA,20181381800
184,2018139,1350,2018,139,13,50,NA,NA,T,NA,NA,NA,NA,20181391350
185,2018139,1530,2018,139,15,30,NA,NA,T,NA,NA,NA,NA,20181391530
186,2018139,1705,2018,139,17,5,NA,NA,A,NA,NA,NA,NA,20181391705
187,2018139,1705,2018,139,17,5,NA,NA,T,NA,NA,NA,NA,20181391705
188,2018139,1845,2018,139,18,45,NA,NA,A,NA,NA,NA,NA,20181391845
189,2018140,1435,2018,140,14,35,NA,NA,T,NA,NA,NA,NA,20181401435
190,2018140,1610,2018,140,16,10,39.0375,-76.8763917,T,0.34973,0.25294,0.0344,0,20181401610
191,2018140,1750,2018,140,17,50,39.0375,-76.82274828,A,0.407,0.296,0.0217,0,20181401750
192,2018141,1515,2018,141,15,15,39.0375,-76.83347696,T,0.24557,0.17695,0.0131,0,20181411515
193,2018141,1650,2018,141,16,50,39.0375,-76.83347696,T,0.24275,0.17491,0.0123,0,20181411650
194,2018141,1655,2018,141,16,55,NA,NA,A,NA,NA,NA,NA,20181411655
195,2018141,1830,2018,141,18,30,39.0375,-76.81201959,A,0.324,0.234,0.0255,0,20181411830
196,2018142,1420,2018,142,14,20,NA,NA,T,NA,NA,NA,NA,20181421420
197,2018142,1600,2018,142,16,0,NA,NA,T,NA,NA,NA,NA,20181421600
198,2018142,1735,2018,142,17,35,NA,NA,A,NA,NA,NA,NA,20181421735
199,2018142,1915,2018,142,19,15,NA,NA,A,NA,NA,NA,NA,20181421915
200,2018143,1505,2018,143,15,5,NA,NA,T,NA,NA,NA,NA,20181431505
201,2018143,1640,2018,143,16,40,NA,NA,A,NA,NA,NA,NA,20181431640
202,2018143,1640,2018,143,16,40,39.02916666,-76.83514483,T,0.453,0.329,0.0167,0,20181431640
203,2018143,1820,2018,143,18,20,NA,NA,A,NA,NA,NA,NA,20181431820
204,2018144,1410,2018,144,14,10,NA,NA,T,NA,NA,NA,NA,20181441410
205,2018144,1545,2018,144,15,45,39.0375,-76.88712039,T,0.18425,0.13245,0.0266,0,20181441545
206,2018144,1725,2018,144,17,25,39.0375,-76.88712039,A,0.15994,0.11469,0.0112,0,20181441725
207,2018144,1900,2018,144,19,0,39.0375,-76.88712039,A,0.14053,0.10079,0.0126,0,20181441900
208,2018145,1450,2018,145,14,50,NA,NA,T,NA,NA,NA,NA,20181451450
209,2018145,1625,2018,145,16,25,NA,NA,A,NA,NA,NA,NA,20181451625
210,2018145,1630,2018,145,16,30,39.0375,-76.85493433,T,0.30004,0.21673,0.0248,0,20181451630
211,2018145,1805,2018,145,18,5,NA,NA,A,NA,NA,NA,NA,20181451805
212,2018146,1355,2018,146,13,55,NA,NA,T,NA,NA,NA,NA,20181461355
213,2018146,1535,2018,146,15,35,39.00416666,-76.78653768,T,0.41786,0.30329,0.0206,0,20181461535
214,2018146,1710,2018,146,17,10,NA,NA,A,NA,NA,NA,NA,20181461710
215,2018146,1850,2018,146,18,50,NA,NA,A,NA,NA,NA,NA,20181461850
216,2018147,1440,2018,147,14,40,NA,NA,T,NA,NA,NA,NA,20181471440
217,2018147,1615,2018,147,16,15,NA,NA,T,NA,NA,NA,NA,20181471615
218,2018147,1755,2018,147,17,55,NA,NA,A,NA,NA,NA,NA,20181471755
219,2018148,1520,2018,148,15,20,NA,NA,T,NA,NA,NA,NA,20181481520
220,2018148,1700,2018,148,17,0,NA,NA,A,NA,NA,NA,NA,20181481700
221,2018148,1700,2018,148,17,0,NA,NA,T,NA,NA,NA,NA,20181481700
222,2018148,1835,2018,148,18,35,NA,NA,A,NA,NA,NA,NA,20181481835
223,2018149,1425,2018,149,14,25,NA,NA,T,NA,NA,NA,NA,20181491425
224,2018149,1605,2018,149,16,5,NA,NA,T,NA,NA,NA,NA,20181491605
225,2018149,1740,2018,149,17,40,NA,NA,A,NA,NA,NA,NA,20181491740
226,2018150,1510,2018,150,15,10,NA,NA,T,NA,NA,NA,NA,20181501510
227,2018150,1645,2018,150,16,45,NA,NA,A,NA,NA,NA,NA,20181501645
228,2018150,1645,2018,150,16,45,NA,NA,T,NA,NA,NA,NA,20181501645
229,2018150,1825,2018,150,18,25,NA,NA,A,NA,NA,NA,NA,20181501825
230,2018151,1415,2018,151,14,15,NA,NA,T,NA,NA,NA,NA,20181511415
231,2018151,1555,2018,151,15,55,NA,NA,T,NA,NA,NA,NA,20181511555
232,2018151,1730,2018,151,17,30,NA,NA,A,NA,NA,NA,NA,20181511730
233,2018151,1905,2018,151,19,5,NA,NA,A,NA,NA,NA,NA,20181511905
234,2018152,1500,2018,152,15,0,NA,NA,T,NA,NA,NA,NA,20181521500
235,2018152,1635,2018,152,16,35,NA,NA,A,NA,NA,NA,NA,20181521635
236,2018152,1635,2018,152,16,35,39.0375,-76.88712039,T,0.293,0.211,0.0216,0,20181521635
237,2018152,1810,2018,152,18,10,NA,NA,A,NA,NA,NA,NA,20181521810
238,2018153,1400,2018,153,14,0,NA,NA,T,NA,NA,NA,NA,20181531400
239,2018153,1540,2018,153,15,40,NA,NA,T,NA,NA,NA,NA,20181531540
240,2018153,1715,2018,153,17,15,NA,NA,A,NA,NA,NA,NA,20181531715
241,2018153,1855,2018,153,18,55,NA,NA,A,NA,NA,NA,NA,20181531855
242,2018154,1445,2018,154,14,45,NA,NA,T,NA,NA,NA,NA,20181541445
243,2018154,1620,2018,154,16,20,NA,NA,A,NA,NA,NA,NA,20181541620
244,2018154,1625,2018,154,16,25,NA,NA,T,NA,NA,NA,NA,20181541625
245,2018154,1800,2018,154,18,0,NA,NA,A,NA,NA,NA,NA,20181541800
246,2018155,1350,2018,155,13,50,NA,NA,T,NA,NA,NA,NA,20181551350
247,2018155,1530,2018,155,15,30,NA,NA,T,NA,NA,NA,NA,20181551530
248,2018155,1705,2018,155,17,5,NA,NA,A,NA,NA,NA,NA,20181551705
249,2018155,1705,2018,155,17,5,NA,NA,T,NA,NA,NA,NA,20181551705
250,2018155,1845,2018,155,18,45,NA,NA,A,NA,NA,NA,NA,20181551845
251,2018156,1435,2018,156,14,35,NA,NA,T,NA,NA,NA,NA,20181561435
252,2018156,1610,2018,156,16,10,NA,NA,T,NA,NA,NA,NA,20181561610
253,2018156,1750,2018,156,17,50,NA,NA,A,NA,NA,NA,NA,20181561750
254,2018157,1515,2018,157,15,15,NA,NA,T,NA,NA,NA,NA,20181571515
255,2018157,1650,2018,157,16,50,NA,NA,T,NA,NA,NA,NA,20181571650
256,2018157,1655,2018,157,16,55,NA,NA,A,NA,NA,NA,NA,20181571655
257,2018157,1830,2018,157,18,30,NA,NA,A,NA,NA,NA,NA,20181571830
258,2018158,1420,2018,158,14,20,NA,NA,T,NA,NA,NA,NA,20181581420
259,2018158,1600,2018,158,16,0,NA,NA,T,NA,NA,NA,NA,20181581600
260,2018158,1735,2018,158,17,35,NA,NA,A,NA,NA,NA,NA,20181581735
261,2018158,1915,2018,158,19,15,NA,NA,A,NA,NA,NA,NA,20181581915
262,2018159,1505,2018,159,15,5,NA,NA,T,NA,NA,NA,NA,20181591505
263,2018159,1640,2018,159,16,40,NA,NA,A,NA,NA,NA,NA,20181591640
264,2018159,1640,2018,159,16,40,NA,NA,T,NA,NA,NA,NA,20181591640
265,2018159,1820,2018,159,18,20,NA,NA,A,NA,NA,NA,NA,20181591820
266,2018160,1410,2018,160,14,10,NA,NA,T,NA,NA,NA,NA,20181601410
267,2018160,1545,2018,160,15,45,NA,NA,T,NA,NA,NA,NA,20181601545
268,2018160,1725,2018,160,17,25,NA,NA,A,NA,NA,NA,NA,20181601725
269,2018160,1900,2018,160,19,0,NA,NA,A,NA,NA,NA,NA,20181601900
270,2018161,1450,2018,161,14,50,NA,NA,T,NA,NA,NA,NA,20181611450
271,2018161,1625,2018,161,16,25,NA,NA,A,NA,NA,NA,NA,20181611625
272,2018161,1630,2018,161,16,30,NA,NA,T,NA,NA,NA,NA,20181611630
273,2018161,1805,2018,161,18,5,NA,NA,A,NA,NA,NA,NA,20181611805
274,2018162,1355,2018,162,13,55,NA,NA,T,NA,NA,NA,NA,20181621355
275,2018162,1535,2018,162,15,35,NA,NA,T,NA,NA,NA,NA,20181621535
276,2018162,1710,2018,162,17,10,NA,NA,A,NA,NA,NA,NA,20181621710
277,2018162,1850,2018,162,18,50,NA,NA,A,NA,NA,NA,NA,20181621850
278,2018163,1440,2018,163,14,40,NA,NA,T,NA,NA,NA,NA,20181631440
279,2018163,1615,2018,163,16,15,39.0375,-76.88712039,T,0.15385,0.11047,0.0362,0,20181631615
280,2018163,1755,2018,163,17,55,39.0375,-76.88712039,A,0.13315,0.09547,0.0291,0,20181631755
281,2018164,1520,2018,164,15,20,NA,NA,T,NA,NA,NA,NA,20181641520
282,2018164,1700,2018,164,17,0,NA,NA,A,NA,NA,NA,NA,20181641700
283,2018164,1700,2018,164,17,0,NA,NA,T,NA,NA,NA,NA,20181641700
284,2018164,1835,2018,164,18,35,NA,NA,A,NA,NA,NA,NA,20181641835
285,2018165,1425,2018,165,14,25,NA,NA,T,NA,NA,NA,NA,20181651425
286,2018165,1605,2018,165,16,5,39.0375,-76.88712039,T,0.11829,0.08483,0.0413,0,20181651605
287,2018165,1740,2018,165,17,40,39.0375,-76.88712039,A,0.08958,0.06416,0.0209,0,20181651740
288,2018166,1510,2018,166,15,10,39.0375,-76.83347696,T,0.07638,0.05464,0.0112,0,20181661510
289,2018166,1645,2018,166,16,45,NA,NA,A,NA,NA,NA,NA,20181661645
290,2018166,1645,2018,166,16,45,39.0375,-76.88712039,T,0.08421,0.06025,0.0158,0,20181661645
291,2018166,1825,2018,166,18,25,39.0375,-76.88712039,A,0.0711,0.05081,0.0362,0,20181661825
292,2018167,1415,2018,167,14,15,NA,NA,T,NA,NA,NA,NA,20181671415
293,2018167,1555,2018,167,15,55,39.0375,-76.88712039,T,0.15214,0.10915,0.0352,0,20181671555
294,2018167,1730,2018,167,17,30,39.0375,-76.88712039,A,0.24424,0.17595,0.0146,0,20181671730
295,2018167,1905,2018,167,19,5,39.0125,-76.89210872,A,0.17593,0.12613,0.0121,0,20181671905
296,2018168,1500,2018,168,15,0,NA,NA,T,NA,NA,NA,NA,20181681500
297,2018168,1635,2018,168,16,35,NA,NA,A,NA,NA,NA,NA,20181681635
298,2018168,1635,2018,168,16,35,NA,NA,T,NA,NA,NA,NA,20181681635
299,2018168,1810,2018,168,18,10,39.0375,-76.79056222,A,0.388,0.281,0.035,0,20181681810
300,2018169,1400,2018,169,14,0,NA,NA,T,NA,NA,NA,NA,20181691400
301,2018169,1540,2018,169,15,40,39.0375,-76.85493433,T,0.44927,0.32622,0.0235,0,20181691540
302,2018169,1715,2018,169,17,15,NA,NA,A,NA,NA,NA,NA,20181691715
303,2018169,1855,2018,169,18,55,NA,NA,A,NA,NA,NA,NA,20181691855
304,2018170,1445,2018,170,14,45,NA,NA,T,NA,NA,NA,NA,20181701445
305,2018170,1620,2018,170,16,20,NA,NA,A,NA,NA,NA,NA,20181701620
306,2018170,1625,2018,170,16,25,NA,NA,T,NA,NA,NA,NA,20181701625
307,2018170,1800,2018,170,18,0,NA,NA,A,NA,NA,NA,NA,20181701800
308,2018171,1350,2018,171,13,50,NA,NA,T,NA,NA,NA,NA,20181711350
309,2018171,1530,2018,171,15,30,NA,NA,T,NA,NA,NA,NA,20181711530
310,2018171,1705,2018,171,17,5,NA,NA,A,NA,NA,NA,NA,20181711705
311,2018171,1705,2018,171,17,5,NA,NA,T,NA,NA,NA,NA,20181711705
312,2018171,1845,2018,171,18,45,NA,NA,A,NA,NA,NA,NA,20181711845
313,2018172,1435,2018,172,14,35,NA,NA,T,NA,NA,NA,NA,20181721435
314,2018172,1610,2018,172,16,10,NA,NA,T,NA,NA,NA,NA,20181721610
315,2018172,1750,2018,172,17,50,NA,NA,A,NA,NA,NA,NA,20181721750
316,2018173,1515,2018,173,15,15,NA,NA,T,NA,NA,NA,NA,20181731515
317,2018173,1650,2018,173,16,50,NA,NA,A,NA,NA,NA,NA,20181731650
318,2018173,1650,2018,173,16,50,NA,NA,T,NA,NA,NA,NA,20181731650
319,2018173,1830,2018,173,18,30,NA,NA,A,NA,NA,NA,NA,20181731830
320,2018174,1420,2018,174,14,20,NA,NA,T,NA,NA,NA,NA,20181741420
321,2018174,1600,2018,174,16,0,NA,NA,T,NA,NA,NA,NA,20181741600
322,2018174,1735,2018,174,17,35,NA,NA,A,NA,NA,NA,NA,20181741735
323,2018174,1915,2018,174,19,15,NA,NA,A,NA,NA,NA,NA,20181741915
324,2018175,1505,2018,175,15,5,NA,NA,T,NA,NA,NA,NA,20181751505
325,2018175,1640,2018,175,16,40,NA,NA,A,NA,NA,NA,NA,20181751640
326,2018175,1640,2018,175,16,40,39.0375,-76.83347696,T,0.26967,0.19433,0.0172,0,20181751640
327,2018175,1820,2018,175,18,20,NA,NA,A,NA,NA,NA,NA,20181751820
328,2018176,1410,2018,176,14,10,NA,NA,T,NA,NA,NA,NA,20181761410
329,2018176,1545,2018,176,15,45,NA,NA,T,NA,NA,NA,NA,20181761545
330,2018176,1725,2018,176,17,25,NA,NA,A,NA,NA,NA,NA,20181761725
331,2018176,1900,2018,176,19,0,NA,NA,A,NA,NA,NA,NA,20181761900
332,2018177,1450,2018,177,14,50,NA,NA,T,NA,NA,NA,NA,20181771450
333,2018177,1625,2018,177,16,25,NA,NA,A,NA,NA,NA,NA,20181771625
334,2018177,1630,2018,177,16,30,39.0375,-76.82274828,T,0.35767,0.259,0.0241,0,20181771630
335,2018177,1805,2018,177,18,5,NA,NA,A,NA,NA,NA,NA,20181771805
336,2018178,1355,2018,178,13,55,NA,NA,T,NA,NA,NA,NA,20181781355
337,2018178,1535,2018,178,15,35,NA,NA,T,NA,NA,NA,NA,20181781535
338,2018178,1710,2018,178,17,10,NA,NA,A,NA,NA,NA,NA,20181781710
339,2018178,1850,2018,178,18,50,NA,NA,A,NA,NA,NA,NA,20181781850
340,2018179,1440,2018,179,14,40,NA,NA,T,NA,NA,NA,NA,20181791440
341,2018179,1615,2018,179,16,15,38.99583333,-76.80966152,T,0.321,0.2325,0.0342,0,20181791615
342,2018179,1755,2018,179,17,55,NA,NA,A,NA,NA,NA,NA,20181791755
343,2018180,1520,2018,180,15,20,NA,NA,T,NA,NA,NA,NA,20181801520
344,2018180,1700,2018,180,17,0,NA,NA,A,NA,NA,NA,NA,20181801700
345,2018180,1700,2018,180,17,0,NA,NA,T,NA,NA,NA,NA,20181801700
346,2018180,1835,2018,180,18,35,39.0375,-76.88712039,A,0.17125,0.12275,0.0264,0,20181801835
347,2018181,1425,2018,181,14,25,NA,NA,T,NA,NA,NA,NA,20181811425
348,2018181,1605,2018,181,16,5,NA,NA,T,NA,NA,NA,NA,20181811605
349,2018181,1740,2018,181,17,40,NA,NA,A,NA,NA,NA,NA,20181811740
1,2018182,1510,2018,182,15,10,NA,NA,T,NA,NA,NA,NA,20181821510
2,2018182,1645,2018,182,16,45,NA,NA,A,NA,NA,NA,NA,20181821645
3,2018182,1645,2018,182,16,45,39.0375,-76.88712039,T,0.03408,0.26741,0.0301,0,20181821645
4,2018182,1825,2018,182,18,25,NA,NA,A,NA,NA,NA,NA,20181821825
5,2018183,1415,2018,183,14,15,NA,NA,T,NA,NA,NA,NA,20181831415
6,2018183,1555,2018,183,15,55,39.0375,-76.88712039,T,0.07225,0.3872,0.0715,0,20181831555
7,2018183,1730,2018,183,17,30,39.0375,-76.88712039,A,0.04683,0.28022,0.0353,0,20181831730
8,2018183,1905,2018,183,19,5,39.0375,-76.88712039,A,0.05887,0.35284,0.0425,0,20181831905
9,2018184,1500,2018,184,15,0,NA,NA,T,NA,NA,NA,NA,20181841500
10,2018184,1635,2018,184,16,35,NA,NA,A,NA,NA,NA,NA,20181841635
11,2018184,1635,2018,184,16,35,NA,NA,T,NA,NA,NA,NA,20181841635
12,2018184,1810,2018,184,18,10,NA,NA,A,NA,NA,NA,NA,20181841810
13,2018185,1400,2018,185,14,0,NA,NA,T,NA,NA,NA,NA,20181851400
14,2018185,1540,2018,185,15,40,NA,NA,T,NA,NA,NA,NA,20181851540
15,2018185,1715,2018,185,17,15,NA,NA,A,NA,NA,NA,NA,20181851715
16,2018185,1855,2018,185,18,55,NA,NA,A,NA,NA,NA,NA,20181851855
17,2018186,1445,2018,186,14,45,NA,NA,T,NA,NA,NA,NA,20181861445
18,2018186,1620,2018,186,16,20,NA,NA,A,NA,NA,NA,NA,20181861620
19,2018186,1625,2018,186,16,25,NA,NA,T,NA,NA,NA,NA,20181861625
20,2018186,1800,2018,186,18,0,NA,NA,A,NA,NA,NA,NA,20181861800
21,2018187,1350,2018,187,13,50,NA,NA,T,NA,NA,NA,NA,20181871350
22,2018187,1530,2018,187,15,30,NA,NA,T,NA,NA,NA,NA,20181871530
23,2018187,1705,2018,187,17,5,NA,NA,A,NA,NA,NA,NA,20181871705
24,2018187,1705,2018,187,17,5,NA,NA,T,NA,NA,NA,NA,20181871705
25,2018187,1845,2018,187,18,45,NA,NA,A,NA,NA,NA,NA,20181871845
26,2018188,1435,2018,188,14,35,NA,NA,T,NA,NA,NA,NA,20181881435
27,2018188,1610,2018,188,16,10,39.0375,-76.88712039,T,0.05112,0.31242,0.0475,0,20181881610
28,2018188,1750,2018,188,17,50,39.0375,-76.88712039,A,0.04244,0.26991,0.0453,0,20181881750
29,2018189,1515,2018,189,15,15,39.0375,-76.88712039,T,0.0584,0.37255,0.0381,0,20181891515
30,2018189,1650,2018,189,16,50,NA,NA,A,NA,NA,NA,NA,20181891650
31,2018189,1650,2018,189,16,50,39.0375,-76.88712039,T,0.03238,0.25907,0.0324,0,20181891650
32,2018189,1830,2018,189,18,30,39.0375,-76.88712039,A,0.06823,0.37826,0.0694,0,20181891830
33,2018190,1420,2018,190,14,20,NA,NA,T,NA,NA,NA,NA,20181901420
34,2018190,1600,2018,190,16,0,39.0375,-76.88712039,T,0.06662,0.36149,0.0656,0,20181901600
35,2018190,1735,2018,190,17,35,39.0375,-76.88712039,A,0.03765,0.26004,0.0358,0,20181901735
36,2018190,1915,2018,190,19,15,NA,NA,A,NA,NA,NA,NA,20181901915
37,2018191,1505,2018,191,15,5,NA,NA,T,NA,NA,NA,NA,20181911505
38,2018191,1640,2018,191,16,40,NA,NA,A,NA,NA,NA,NA,20181911640
39,2018191,1640,2018,191,16,40,39.0375,-76.88712039,T,0.0391,0.25994,0.0403,0,20181911640
40,2018191,1820,2018,191,18,20,39.0375,-76.88712039,A,0.06857,0.34572,0.0501,0,20181911820
41,2018192,1410,2018,192,14,10,NA,NA,T,NA,NA,NA,NA,20181921410
42,2018192,1545,2018,192,15,45,NA,NA,T,NA,NA,NA,NA,20181921545
43,2018192,1725,2018,192,17,25,NA,NA,A,NA,NA,NA,NA,20181921725
44,2018192,1900,2018,192,19,0,39.0375,-76.88712039,A,0.05736,0.36066,0.0486,0,20181921900
45,2018193,1450,2018,193,14,50,NA,NA,T,NA,NA,NA,NA,20181931450
46,2018193,1625,2018,193,16,25,NA,NA,A,NA,NA,NA,NA,20181931625
47,2018193,1630,2018,193,16,30,NA,NA,T,NA,NA,NA,NA,20181931630
48,2018193,1805,2018,193,18,5,NA,NA,A,NA,NA,NA,NA,20181931805
49,2018194,1355,2018,194,13,55,NA,NA,T,NA,NA,NA,NA,20181941355
50,2018194,1535,2018,194,15,35,39.0375,-76.88712039,T,0.06782,0.3768,0.0564,0,20181941535
51,2018194,1710,2018,194,17,10,NA,NA,A,NA,NA,NA,NA,20181941710
52,2018194,1850,2018,194,18,50,NA,NA,A,NA,NA,NA,NA,20181941850
53,2018195,1440,2018,195,14,40,NA,NA,T,NA,NA,NA,NA,20181951440
54,2018195,1615,2018,195,16,15,39.0375,-76.88712039,T,0.0532,0.28029,0.049,0,20181951615
55,2018195,1755,2018,195,17,55,39.0375,-76.88712039,A,0.04672,0.27141,0.034,0,20181951755
56,2018196,1520,2018,196,15,20,NA,NA,T,NA,NA,NA,NA,20181961520
57,2018196,1700,2018,196,17,0,NA,NA,A,NA,NA,NA,NA,20181961700
58,2018196,1700,2018,196,17,0,NA,NA,T,NA,NA,NA,NA,20181961700
59,2018196,1835,2018,196,18,35,NA,NA,A,NA,NA,NA,NA,20181961835
60,2018197,1425,2018,197,14,25,NA,NA,T,NA,NA,NA,NA,20181971425
61,2018197,1605,2018,197,16,5,39.0375,-76.88712039,T,0.06083,0.32933,0.0582,0,20181971605
62,2018197,1740,2018,197,17,40,NA,NA,A,NA,NA,NA,NA,20181971740
63,2018198,1510,2018,198,15,10,NA,NA,T,NA,NA,NA,NA,20181981510
64,2018198,1645,2018,198,16,45,NA,NA,A,NA,NA,NA,NA,20181981645
65,2018198,1645,2018,198,16,45,NA,NA,T,NA,NA,NA,NA,20181981645
66,2018198,1825,2018,198,18,25,NA,NA,A,NA,NA,NA,NA,20181981825
67,2018199,1415,2018,199,14,15,NA,NA,T,NA,NA,NA,NA,20181991415
68,2018199,1555,2018,199,15,55,39.0375,-76.88712039,T,0.07424,0.37313,0.0702,0,20181991555
69,2018199,1730,2018,199,17,30,39.0375,-76.88712039,A,0.05389,0.26056,0.0496,0,20181991730
70,2018199,1905,2018,199,19,5,NA,NA,A,NA,NA,NA,NA,20181991905
71,2018200,1500,2018,200,15,0,NA,NA,T,NA,NA,NA,NA,20182001500
72,2018200,1635,2018,200,16,35,NA,NA,A,NA,NA,NA,NA,20182001635
73,2018200,1635,2018,200,16,35,39.0375,-76.88712039,T,0.04536,0.2604,0.0345,0,20182001635
74,2018200,1810,2018,200,18,10,39.0375,-76.88712039,A,0.05675,0.32171,0.0395,0,20182001810
75,2018201,1400,2018,201,14,0,NA,NA,T,NA,NA,NA,NA,20182011400
76,2018201,1540,2018,201,15,40,NA,NA,T,NA,NA,NA,NA,20182011540
77,2018201,1715,2018,201,17,15,NA,NA,A,NA,NA,NA,NA,20182011715
78,2018201,1855,2018,201,18,55,NA,NA,A,NA,NA,NA,NA,20182011855
297,2018202,1445,2018,202,14,45,NA,NA,T,NA,NA,NA,NA,20182021445
298,2018202,1620,2018,202,16,20,NA,NA,A,NA,NA,NA,NA,20182021620
299,2018202,1625,2018,202,16,25,NA,NA,T,NA,NA,NA,NA,20182021625
300,2018202,1800,2018,202,18,0,NA,NA,A,NA,NA,NA,NA,20182021800
79,2018203,1350,2018,203,13,50,NA,NA,T,NA,NA,NA,NA,20182031350
80,2018203,1530,2018,203,15,30,NA,NA,T,NA,NA,NA,NA,20182031530
81,2018203,1705,2018,203,17,5,NA,NA,A,NA,NA,NA,NA,20182031705
82,2018203,1705,2018,203,17,5,NA,NA,T,NA,NA,NA,NA,20182031705
83,2018203,1845,2018,203,18,45,NA,NA,A,NA,NA,NA,NA,20182031845
84,2018204,1435,2018,204,14,35,NA,NA,T,NA,NA,NA,NA,20182041435
85,2018204,1610,2018,204,16,10,NA,NA,T,NA,NA,NA,NA,20182041610
86,2018204,1750,2018,204,17,50,NA,NA,A,NA,NA,NA,NA,20182041750
87,2018205,1515,2018,205,15,15,NA,NA,T,NA,NA,NA,NA,20182051515
88,2018205,1650,2018,205,16,50,NA,NA,T,NA,NA,NA,NA,20182051650
89,2018205,1655,2018,205,16,55,NA,NA,A,NA,NA,NA,NA,20182051655
90,2018205,1830,2018,205,18,30,NA,NA,A,NA,NA,NA,NA,20182051830
91,2018206,1420,2018,206,14,20,NA,NA,T,NA,NA,NA,NA,20182061420
92,2018206,1600,2018,206,16,0,NA,NA,T,NA,NA,NA,NA,20182061600
93,2018206,1735,2018,206,17,35,NA,NA,A,NA,NA,NA,NA,20182061735
94,2018206,1915,2018,206,19,15,NA,NA,A,NA,NA,NA,NA,20182061915
95,2018207,1505,2018,207,15,5,NA,NA,T,NA,NA,NA,NA,20182071505
96,2018207,1640,2018,207,16,40,NA,NA,A,NA,NA,NA,NA,20182071640
97,2018207,1640,2018,207,16,40,NA,NA,T,NA,NA,NA,NA,20182071640
98,2018207,1820,2018,207,18,20,NA,NA,A,NA,NA,NA,NA,20182071820
99,2018208,1410,2018,208,14,10,NA,NA,T,NA,NA,NA,NA,20182081410
100,2018208,1545,2018,208,15,45,NA,NA,T,NA,NA,NA,NA,20182081545
101,2018208,1725,2018,208,17,25,NA,NA,A,NA,NA,NA,NA,20182081725
102,2018208,1900,2018,208,19,0,NA,NA,A,NA,NA,NA,NA,20182081900
103,2018209,1450,2018,209,14,50,NA,NA,T,NA,NA,NA,NA,20182091450
104,2018209,1630,2018,209,16,30,NA,NA,A,NA,NA,NA,NA,20182091630
105,2018209,1630,2018,209,16,30,NA,NA,T,NA,NA,NA,NA,20182091630
106,2018209,1805,2018,209,18,5,NA,NA,A,NA,NA,NA,NA,20182091805
107,2018210,1355,2018,210,13,55,NA,NA,T,NA,NA,NA,NA,20182101355
108,2018210,1535,2018,210,15,35,NA,NA,T,NA,NA,NA,NA,20182101535
109,2018210,1710,2018,210,17,10,NA,NA,A,NA,NA,NA,NA,20182101710
110,2018210,1850,2018,210,18,50,NA,NA,A,NA,NA,NA,NA,20182101850
111,2018211,1440,2018,211,14,40,NA,NA,T,NA,NA,NA,NA,20182111440
112,2018211,1615,2018,211,16,15,NA,NA,T,NA,NA,NA,NA,20182111615
113,2018211,1755,2018,211,17,55,NA,NA,A,NA,NA,NA,NA,20182111755
114,2018212,1520,2018,212,15,20,NA,NA,T,NA,NA,NA,NA,20182121520
115,2018212,1700,2018,212,17,0,NA,NA,A,NA,NA,NA,NA,20182121700
116,2018212,1700,2018,212,17,0,NA,NA,T,NA,NA,NA,NA,20182121700
117,2018212,1835,2018,212,18,35,NA,NA,A,NA,NA,NA,NA,20182121835
118,2018213,1425,2018,213,14,25,NA,NA,T,NA,NA,NA,NA,20182131425
119,2018213,1605,2018,213,16,5,NA,NA,T,NA,NA,NA,NA,20182131605
120,2018213,1740,2018,213,17,40,NA,NA,A,NA,NA,NA,NA,20182131740
121,2018214,1510,2018,214,15,10,NA,NA,T,NA,NA,NA,NA,20182141510
122,2018214,1645,2018,214,16,45,NA,NA,A,NA,NA,NA,NA,20182141645
123,2018214,1645,2018,214,16,45,NA,NA,T,NA,NA,NA,NA,20182141645
124,2018214,1825,2018,214,18,25,NA,NA,A,NA,NA,NA,NA,20182141825
125,2018215,1415,2018,215,14,15,NA,NA,T,NA,NA,NA,NA,20182151415
126,2018215,1555,2018,215,15,55,NA,NA,T,NA,NA,NA,NA,20182151555
127,2018215,1730,2018,215,17,30,NA,NA,A,NA,NA,NA,NA,20182151730
128,2018215,1910,2018,215,19,10,NA,NA,A,NA,NA,NA,NA,20182151910
129,2018216,1500,2018,216,15,0,NA,NA,T,NA,NA,NA,NA,20182161500
130,2018216,1635,2018,216,16,35,NA,NA,A,NA,NA,NA,NA,20182161635
131,2018216,1635,2018,216,16,35,NA,NA,T,NA,NA,NA,NA,20182161635
132,2018216,1815,2018,216,18,15,39.0375,-76.88712039,A,0.06045,0.3058,0.0427,0,20182161815
133,2018217,1400,2018,217,14,0,NA,NA,T,NA,NA,NA,NA,20182171400
134,2018217,1540,2018,217,15,40,39.0375,-76.88712039,T,0.05299,0.3976,0.048,0,20182171540
135,2018217,1720,2018,217,17,20,NA,NA,A,NA,NA,NA,NA,20182171720
136,2018217,1855,2018,217,18,55,NA,NA,A,NA,NA,NA,NA,20182171855
137,2018218,1445,2018,218,14,45,NA,NA,T,NA,NA,NA,NA,20182181445
138,2018218,1620,2018,218,16,20,NA,NA,A,NA,NA,NA,NA,20182181620
139,2018218,1625,2018,218,16,25,NA,NA,T,NA,NA,NA,NA,20182181625
140,2018218,1800,2018,218,18,0,NA,NA,A,NA,NA,NA,NA,20182181800
301,2018219,1350,2018,219,13,50,NA,NA,T,NA,NA,NA,NA,20182191350
302,2018219,1530,2018,219,15,30,39.0375,-76.85493433,T,0.398,0.28829,0.0163,0,20182191530
303,2018219,1705,2018,219,17,5,NA,NA,A,NA,NA,NA,NA,20182191705
304,2018219,1705,2018,219,17,5,NA,NA,T,NA,NA,NA,NA,20182191705
305,2018219,1845,2018,219,18,45,NA,NA,A,NA,NA,NA,NA,20182191845
141,2018220,1435,2018,220,14,35,NA,NA,T,NA,NA,NA,NA,20182201435
142,2018220,1610,2018,220,16,10,NA,NA,T,NA,NA,NA,NA,20182201610
143,2018220,1750,2018,220,17,50,NA,NA,A,NA,NA,NA,NA,20182201750
144,2018221,1515,2018,221,15,15,NA,NA,T,NA,NA,NA,NA,20182211515
145,2018221,1650,2018,221,16,50,NA,NA,T,NA,NA,NA,NA,20182211650
146,2018221,1655,2018,221,16,55,NA,NA,A,NA,NA,NA,NA,20182211655
147,2018221,1830,2018,221,18,30,NA,NA,A,NA,NA,NA,NA,20182211830
148,2018222,1420,2018,222,14,20,NA,NA,T,NA,NA,NA,NA,20182221420
149,2018222,1600,2018,222,16,0,39.0375,-76.88712039,T,0.05676,0.34165,0.0501,0,20182221600
150,2018222,1735,2018,222,17,35,NA,NA,A,NA,NA,NA,NA,20182221735
151,2018222,1915,2018,222,19,15,NA,NA,A,NA,NA,NA,NA,20182221915
152,2018223,1505,2018,223,15,5,NA,NA,T,NA,NA,NA,NA,20182231505
153,2018223,1640,2018,223,16,40,NA,NA,A,NA,NA,NA,NA,20182231640
154,2018223,1640,2018,223,16,40,39.0375,-76.88712039,T,0.03863,0.26577,0.0292,0,20182231640
155,2018223,1820,2018,223,18,20,NA,NA,A,NA,NA,NA,NA,20182231820
306,2018224,1410,2018,224,14,10,NA,NA,T,NA,NA,NA,NA,20182241410
307,2018224,1545,2018,224,15,45,NA,NA,T,NA,NA,NA,NA,20182241545
308,2018224,1725,2018,224,17,25,NA,NA,A,NA,NA,NA,NA,20182241725
309,2018224,1900,2018,224,19,0,NA,NA,A,NA,NA,NA,NA,20182241900
310,2018225,1450,2018,225,14,50,NA,NA,T,NA,NA,NA,NA,20182251450
311,2018225,1630,2018,225,16,30,NA,NA,A,NA,NA,NA,NA,20182251630
312,2018225,1630,2018,225,16,30,NA,NA,T,NA,NA,NA,NA,20182251630
313,2018225,1805,2018,225,18,5,NA,NA,A,NA,NA,NA,NA,20182251805
156,2018226,1355,2018,226,13,55,NA,NA,T,NA,NA,NA,NA,20182261355
157,2018226,1535,2018,226,15,35,39.0375,-76.88712039,T,0.05988,0.3676,0.0451,0,20182261535
158,2018226,1710,2018,226,17,10,NA,NA,A,NA,NA,NA,NA,20182261710
159,2018226,1850,2018,226,18,50,NA,NA,A,NA,NA,NA,NA,20182261850
160,2018227,1440,2018,227,14,40,NA,NA,T,NA,NA,NA,NA,20182271440
161,2018227,1615,2018,227,16,15,39.0375,-76.88712039,T,0.04209,0.27356,0.0396,0,20182271615
162,2018227,1755,2018,227,17,55,39.0375,-76.88712039,A,0.03943,0.2626,0.0337,0,20182271755
163,2018228,1520,2018,228,15,20,NA,NA,T,NA,NA,NA,NA,20182281520
164,2018228,1700,2018,228,17,0,NA,NA,A,NA,NA,NA,NA,20182281700
165,2018228,1700,2018,228,17,0,NA,NA,T,NA,NA,NA,NA,20182281700
166,2018228,1835,2018,228,18,35,NA,NA,A,NA,NA,NA,NA,20182281835
167,2018229,1425,2018,229,14,25,NA,NA,T,NA,NA,NA,NA,20182291425
168,2018229,1605,2018,229,16,5,NA,NA,T,NA,NA,NA,NA,20182291605
169,2018229,1740,2018,229,17,40,NA,NA,A,NA,NA,NA,NA,20182291740
170,2018230,1510,2018,230,15,10,NA,NA,T,NA,NA,NA,NA,20182301510
171,2018230,1645,2018,230,16,45,NA,NA,A,NA,NA,NA,NA,20182301645
172,2018230,1645,2018,230,16,45,NA,NA,T,NA,NA,NA,NA,20182301645
173,2018230,1825,2018,230,18,25,NA,NA,A,NA,NA,NA,NA,20182301825
174,2018231,1415,2018,231,14,15,NA,NA,T,NA,NA,NA,NA,20182311415
175,2018231,1555,2018,231,15,55,NA,NA,T,NA,NA,NA,NA,20182311555
176,2018231,1730,2018,231,17,30,NA,NA,A,NA,NA,NA,NA,20182311730
177,2018231,1910,2018,231,19,10,NA,NA,A,NA,NA,NA,NA,20182311910
178,2018232,1500,2018,232,15,0,NA,NA,T,NA,NA,NA,NA,20182321500
179,2018232,1635,2018,232,16,35,NA,NA,A,NA,NA,NA,NA,20182321635
180,2018232,1635,2018,232,16,35,NA,NA,T,NA,NA,NA,NA,20182321635
181,2018232,1810,2018,232,18,10,NA,NA,A,NA,NA,NA,NA,20182321810
182,2018233,1400,2018,233,14,0,NA,NA,T,NA,NA,NA,NA,20182331400
183,2018233,1540,2018,233,15,40,NA,NA,T,NA,NA,NA,NA,20182331540
184,2018233,1720,2018,233,17,20,NA,NA,A,NA,NA,NA,NA,20182331720
185,2018233,1855,2018,233,18,55,NA,NA,A,NA,NA,NA,NA,20182331855
186,2018234,1445,2018,234,14,45,NA,NA,T,NA,NA,NA,NA,20182341445
187,2018234,1620,2018,234,16,20,NA,NA,A,NA,NA,NA,NA,20182341620
188,2018234,1625,2018,234,16,25,NA,NA,T,NA,NA,NA,NA,20182341625
189,2018234,1800,2018,234,18,0,NA,NA,A,NA,NA,NA,NA,20182341800
190,2018235,1350,2018,235,13,50,NA,NA,T,NA,NA,NA,NA,20182351350
191,2018235,1530,2018,235,15,30,39.0375,-76.88712039,T,0.05382,0.36255,0.0339,0,20182351530
192,2018235,1705,2018,235,17,5,NA,NA,A,NA,NA,NA,NA,20182351705
193,2018235,1705,2018,235,17,5,NA,NA,T,NA,NA,NA,NA,20182351705
194,2018235,1845,2018,235,18,45,NA,NA,A,NA,NA,NA,NA,20182351845
195,2018236,1435,2018,236,14,35,NA,NA,T,NA,NA,NA,NA,20182361435
196,2018236,1610,2018,236,16,10,39.0375,-76.88712039,T,0.04854,0.28059,0.0235,0,20182361610
197,2018236,1750,2018,236,17,50,39.0375,-76.88712039,A,0.03763,0.25349,0.0293,0,20182361750
198,2018237,1515,2018,237,15,15,NA,NA,T,NA,NA,NA,NA,20182371515
199,2018237,1650,2018,237,16,50,NA,NA,T,NA,NA,NA,NA,20182371650
200,2018237,1655,2018,237,16,55,NA,NA,A,NA,NA,NA,NA,20182371655
201,2018237,1830,2018,237,18,30,NA,NA,A,NA,NA,NA,NA,20182371830
202,2018238,1420,2018,238,14,20,NA,NA,T,NA,NA,NA,NA,20182381420
203,2018238,1600,2018,238,16,0,39.0375,-76.88712039,T,0.05231,0.32002,0.0416,0,20182381600
204,2018238,1735,2018,238,17,35,NA,NA,A,NA,NA,NA,NA,20182381735
205,2018238,1915,2018,238,19,15,NA,NA,A,NA,NA,NA,NA,20182381915
206,2018239,1505,2018,239,15,5,NA,NA,T,NA,NA,NA,NA,20182391505
207,2018239,1640,2018,239,16,40,NA,NA,A,NA,NA,NA,NA,20182391640
208,2018239,1640,2018,239,16,40,NA,NA,T,NA,NA,NA,NA,20182391640
209,2018239,1820,2018,239,18,20,NA,NA,A,NA,NA,NA,NA,20182391820
210,2018240,1410,2018,240,14,10,NA,NA,T,NA,NA,NA,NA,20182401410
211,2018240,1545,2018,240,15,45,39.0375,-76.88712039,T,0.05585,0.3402,0.039,0,20182401545
212,2018240,1725,2018,240,17,25,NA,NA,A,NA,NA,NA,NA,20182401725
213,2018240,1900,2018,240,19,0,NA,NA,A,NA,NA,NA,NA,20182401900
214,2018241,1450,2018,241,14,50,NA,NA,T,NA,NA,NA,NA,20182411450
215,2018241,1630,2018,241,16,30,NA,NA,A,NA,NA,NA,NA,20182411630
216,2018241,1630,2018,241,16,30,39.0375,-76.88712039,T,0.04062,0.25102,0.0435,0,20182411630
217,2018241,1805,2018,241,18,5,NA,NA,A,NA,NA,NA,NA,20182411805
218,2018242,1355,2018,242,13,55,NA,NA,T,NA,NA,NA,NA,20182421355
219,2018242,1535,2018,242,15,35,39.0375,-76.88712039,T,0.05572,0.35088,0.0426,0,20182421535
220,2018242,1710,2018,242,17,10,NA,NA,A,NA,NA,NA,NA,20182421710
221,2018242,1850,2018,242,18,50,39.0375,-76.88712039,A,0.06793,0.35324,0.0453,0,20182421850
222,2018243,1440,2018,243,14,40,NA,NA,T,NA,NA,NA,NA,20182431440
223,2018243,1615,2018,243,16,15,NA,NA,T,NA,NA,NA,NA,20182431615
224,2018243,1755,2018,243,17,55,NA,NA,A,NA,NA,NA,NA,20182431755
225,2018244,1520,2018,244,15,20,NA,NA,T,NA,NA,NA,NA,20182441520
226,2018244,1700,2018,244,17,0,NA,NA,A,NA,NA,NA,NA,20182441700
227,2018244,1700,2018,244,17,0,NA,NA,T,NA,NA,NA,NA,20182441700
228,2018244,1835,2018,244,18,35,NA,NA,A,NA,NA,NA,NA,20182441835
314,2018245,1425,2018,245,14,25,NA,NA,T,NA,NA,NA,NA,20182451425
315,2018245,1605,2018,245,16,5,NA,NA,T,NA,NA,NA,NA,20182451605
316,2018245,1740,2018,245,17,40,39.02083333,-76.89044471,A,0.14303,0.10265,0.0154,0,20182451740
317,2018246,1510,2018,246,15,10,39.0375,-76.83347696,T,0.18829,0.13528,0.0089,0,20182461510
318,2018246,1645,2018,246,16,45,NA,NA,A,NA,NA,NA,NA,20182461645
319,2018246,1645,2018,246,16,45,NA,NA,T,NA,NA,NA,NA,20182461645
320,2018246,1825,2018,246,18,25,39.0125,-76.82775937,A,0.32064,0.23182,0.0268,0,20182461825
229,2018247,1415,2018,247,14,15,NA,NA,T,NA,NA,NA,NA,20182471415
230,2018247,1555,2018,247,15,55,39.0375,-76.88712039,T,0.05016,0.32208,0.0407,0,20182471555
231,2018247,1730,2018,247,17,30,NA,NA,A,NA,NA,NA,NA,20182471730
232,2018247,1905,2018,247,19,5,NA,NA,A,NA,NA,NA,NA,20182471905
233,2018248,1455,2018,248,14,55,NA,NA,T,NA,NA,NA,NA,20182481455
234,2018248,1635,2018,248,16,35,NA,NA,A,NA,NA,NA,NA,20182481635
235,2018248,1635,2018,248,16,35,NA,NA,T,NA,NA,NA,NA,20182481635
236,2018248,1810,2018,248,18,10,39.0375,-76.88712039,A,0.04447,0.28349,0.0348,0,20182481810
237,2018249,1400,2018,249,14,0,NA,NA,T,NA,NA,NA,NA,20182491400
238,2018249,1540,2018,249,15,40,39.0375,-76.88712039,T,0.05505,0.33452,0.0387,0,20182491540
239,2018249,1715,2018,249,17,15,NA,NA,A,NA,NA,NA,NA,20182491715
240,2018249,1855,2018,249,18,55,NA,NA,A,NA,NA,NA,NA,20182491855
241,2018250,1445,2018,250,14,45,NA,NA,T,NA,NA,NA,NA,20182501445
242,2018250,1620,2018,250,16,20,NA,NA,A,NA,NA,NA,NA,20182501620
243,2018250,1625,2018,250,16,25,NA,NA,T,NA,NA,NA,NA,20182501625
244,2018250,1800,2018,250,18,0,NA,NA,A,NA,NA,NA,NA,20182501800
245,2018251,1350,2018,251,13,50,NA,NA,T,NA,NA,NA,NA,20182511350
246,2018251,1530,2018,251,15,30,NA,NA,T,NA,NA,NA,NA,20182511530
247,2018251,1705,2018,251,17,5,NA,NA,A,NA,NA,NA,NA,20182511705
248,2018251,1705,2018,251,17,5,NA,NA,T,NA,NA,NA,NA,20182511705
249,2018251,1845,2018,251,18,45,NA,NA,A,NA,NA,NA,NA,20182511845
250,2018252,1435,2018,252,14,35,NA,NA,T,NA,NA,NA,NA,20182521435
251,2018252,1610,2018,252,16,10,NA,NA,T,NA,NA,NA,NA,20182521610
252,2018252,1750,2018,252,17,50,NA,NA,A,NA,NA,NA,NA,20182521750
253,2018253,1515,2018,253,15,15,NA,NA,T,NA,NA,NA,NA,20182531515
254,2018253,1650,2018,253,16,50,NA,NA,T,NA,NA,NA,NA,20182531650
255,2018253,1655,2018,253,16,55,NA,NA,A,NA,NA,NA,NA,20182531655
256,2018253,1830,2018,253,18,30,NA,NA,A,NA,NA,NA,NA,20182531830
257,2018254,1420,2018,254,14,20,NA,NA,T,NA,NA,NA,NA,20182541420
258,2018254,1600,2018,254,16,0,NA,NA,T,NA,NA,NA,NA,20182541600
259,2018254,1735,2018,254,17,35,NA,NA,A,NA,NA,NA,NA,20182541735
260,2018254,1915,2018,254,19,15,NA,NA,A,NA,NA,NA,NA,20182541915
261,2018255,1505,2018,255,15,5,NA,NA,T,NA,NA,NA,NA,20182551505
262,2018255,1640,2018,255,16,40,NA,NA,A,NA,NA,NA,NA,20182551640
263,2018255,1640,2018,255,16,40,NA,NA,T,NA,NA,NA,NA,20182551640
264,2018255,1820,2018,255,18,20,NA,NA,A,NA,NA,NA,NA,20182551820
321,2018256,1410,2018,256,14,10,NA,NA,T,NA,NA,NA,NA,20182561410
322,2018256,1545,2018,256,15,45,NA,NA,T,NA,NA,NA,NA,20182561545
323,2018256,1725,2018,256,17,25,NA,NA,A,NA,NA,NA,NA,20182561725
324,2018256,1900,2018,256,19,0,NA,NA,A,NA,NA,NA,NA,20182561900
265,2018257,1450,2018,257,14,50,NA,NA,T,NA,NA,NA,NA,20182571450
266,2018257,1625,2018,257,16,25,NA,NA,A,NA,NA,NA,NA,20182571625
267,2018257,1630,2018,257,16,30,NA,NA,T,NA,NA,NA,NA,20182571630
268,2018257,1805,2018,257,18,5,NA,NA,A,NA,NA,NA,NA,20182571805
269,2018258,1355,2018,258,13,55,NA,NA,T,NA,NA,NA,NA,20182581355
270,2018258,1535,2018,258,15,35,NA,NA,T,NA,NA,NA,NA,20182581535
271,2018258,1710,2018,258,17,10,NA,NA,A,NA,NA,NA,NA,20182581710
272,2018258,1850,2018,258,18,50,NA,NA,A,NA,NA,NA,NA,20182581850
273,2018259,1440,2018,259,14,40,NA,NA,T,NA,NA,NA,NA,20182591440
274,2018259,1615,2018,259,16,15,NA,NA,T,NA,NA,NA,NA,20182591615
275,2018259,1755,2018,259,17,55,NA,NA,A,NA,NA,NA,NA,20182591755
276,2018260,1520,2018,260,15,20,NA,NA,T,NA,NA,NA,NA,20182601520
277,2018260,1700,2018,260,17,0,NA,NA,A,NA,NA,NA,NA,20182601700
278,2018260,1700,2018,260,17,0,NA,NA,T,NA,NA,NA,NA,20182601700
279,2018260,1835,2018,260,18,35,NA,NA,A,NA,NA,NA,NA,20182601835
280,2018261,1425,2018,261,14,25,NA,NA,T,NA,NA,NA,NA,20182611425
281,2018261,1605,2018,261,16,5,NA,NA,T,NA,NA,NA,NA,20182611605
282,2018261,1740,2018,261,17,40,NA,NA,A,NA,NA,NA,NA,20182611740
283,2018262,1510,2018,262,15,10,NA,NA,T,NA,NA,NA,NA,20182621510
284,2018262,1645,2018,262,16,45,NA,NA,A,NA,NA,NA,NA,20182621645
285,2018262,1645,2018,262,16,45,39.0375,-76.88712039,T,0.05185,0.23821,0.0431,0,20182621645
286,2018262,1825,2018,262,18,25,NA,NA,A,NA,NA,NA,NA,20182621825
287,2018263,1415,2018,263,14,15,NA,NA,T,NA,NA,NA,NA,20182631415
288,2018263,1550,2018,263,15,50,NA,NA,T,NA,NA,NA,NA,20182631550
289,2018263,1730,2018,263,17,30,NA,NA,A,NA,NA,NA,NA,20182631730
290,2018263,1905,2018,263,19,5,NA,NA,A,NA,NA,NA,NA,20182631905
291,2018264,1455,2018,264,14,55,NA,NA,T,NA,NA,NA,NA,20182641455
292,2018264,1635,2018,264,16,35,NA,NA,A,NA,NA,NA,NA,20182641635
293,2018264,1635,2018,264,16,35,NA,NA,T,NA,NA,NA,NA,20182641635
294,2018264,1810,2018,264,18,10,NA,NA,A,NA,NA,NA,NA,20182641810
295,2018265,1400,2018,265,14,0,NA,NA,T,NA,NA,NA,NA,20182651400
296,2018265,1540,2018,265,15,40,NA,NA,T,NA,NA,NA,NA,20182651540
297,2018265,1715,2018,265,17,15,NA,NA,A,NA,NA,NA,NA,20182651715
298,2018265,1855,2018,265,18,55,NA,NA,A,NA,NA,NA,NA,20182651855
299,2018266,1445,2018,266,14,45,NA,NA,T,NA,NA,NA,NA,20182661445
300,2018266,1620,2018,266,16,20,NA,NA,A,NA,NA,NA,NA,20182661620
301,2018266,1620,2018,266,16,20,NA,NA,T,NA,NA,NA,NA,20182661620
302,2018266,1800,2018,266,18,0,NA,NA,A,NA,NA,NA,NA,20182661800
303,2018267,1350,2018,267,13,50,NA,NA,T,NA,NA,NA,NA,20182671350
304,2018267,1530,2018,267,15,30,NA,NA,T,NA,NA,NA,NA,20182671530
305,2018267,1705,2018,267,17,5,NA,NA,A,NA,NA,NA,NA,20182671705
306,2018267,1705,2018,267,17,5,NA,NA,T,NA,NA,NA,NA,20182671705
307,2018267,1845,2018,267,18,45,NA,NA,A,NA,NA,NA,NA,20182671845
308,2018268,1435,2018,268,14,35,NA,NA,T,NA,NA,NA,NA,20182681435
309,2018268,1610,2018,268,16,10,NA,NA,T,NA,NA,NA,NA,20182681610
310,2018268,1745,2018,268,17,45,NA,NA,A,NA,NA,NA,NA,20182681745
311,2018269,1515,2018,269,15,15,NA,NA,T,NA,NA,NA,NA,20182691515
312,2018269,1650,2018,269,16,50,NA,NA,A,NA,NA,NA,NA,20182691650
313,2018269,1650,2018,269,16,50,NA,NA,T,NA,NA,NA,NA,20182691650
314,2018269,1830,2018,269,18,30,39.0375,-76.88712039,A,0.06053,0.2971,0.0298,0,20182691830
315,2018270,1420,2018,270,14,20,NA,NA,T,NA,NA,NA,NA,20182701420
316,2018270,1600,2018,270,16,0,NA,NA,T,NA,NA,NA,NA,20182701600
317,2018270,1735,2018,270,17,35,NA,NA,A,NA,NA,NA,NA,20182701735
318,2018270,1915,2018,270,19,15,NA,NA,A,NA,NA,NA,NA,20182701915
319,2018271,1505,2018,271,15,5,NA,NA,T,NA,NA,NA,NA,20182711505
320,2018271,1640,2018,271,16,40,NA,NA,A,NA,NA,NA,NA,20182711640
321,2018271,1640,2018,271,16,40,NA,NA,T,NA,NA,NA,NA,20182711640
322,2018271,1820,2018,271,18,20,NA,NA,A,NA,NA,NA,NA,20182711820
323,2018272,1410,2018,272,14,10,NA,NA,T,NA,NA,NA,NA,20182721410
324,2018272,1545,2018,272,15,45,39.0375,-76.88712039,T,0.04938,0.28549,0.0316,0,20182721545
325,2018272,1725,2018,272,17,25,NA,NA,A,NA,NA,NA,NA,20182721725
326,2018272,1900,2018,272,19,0,NA,NA,A,NA,NA,NA,NA,20182721900
327,2018273,1450,2018,273,14,50,NA,NA,T,NA,NA,NA,NA,20182731450
328,2018273,1625,2018,273,16,25,NA,NA,A,NA,NA,NA,NA,20182731625
329,2018273,1630,2018,273,16,30,39.0375,-76.88712039,T,0.03547,0.22241,0.0372,0,20182731630
330,2018273,1805,2018,273,18,5,NA,NA,A,NA,NA,NA,NA,20182731805
331,2018274,1355,2018,274,13,55,NA,NA,T,NA,NA,NA,NA,20182741355
332,2018274,1535,2018,274,15,35,39.0375,-76.88712039,T,0.05621,0.30536,0.0333,0,20182741535
333,2018274,1710,2018,274,17,10,NA,NA,A,NA,NA,NA,NA,20182741710
334,2018274,1850,2018,274,18,50,39.0375,-76.88712039,A,0.05972,0.32717,0.0498,0,20182741850
335,2018275,1440,2018,275,14,40,NA,NA,T,NA,NA,NA,NA,20182751440
336,2018275,1615,2018,275,16,15,NA,NA,T,NA,NA,NA,NA,20182751615
337,2018275,1755,2018,275,17,55,NA,NA,A,NA,NA,NA,NA,20182751755
338,2018276,1520,2018,276,15,20,NA,NA,T,NA,NA,NA,NA,20182761520
339,2018276,1655,2018,276,16,55,NA,NA,T,NA,NA,NA,NA,20182761655
340,2018276,1700,2018,276,17,0,NA,NA,A,NA,NA,NA,NA,20182761700
341,2018276,1835,2018,276,18,35,39.0375,-76.88712039,A,0.05134,0.27365,0.0385,0,20182761835
342,2018277,1425,2018,277,14,25,NA,NA,T,NA,NA,NA,NA,20182771425
343,2018277,1605,2018,277,16,5,39.0375,-76.88712039,T,0.03595,0.20731,0.0334,0,20182771605
344,2018277,1740,2018,277,17,40,39.0375,-76.88712039,A,0.03517,0.21407,0.0297,0,20182771740
345,2018278,1510,2018,278,15,10,NA,NA,T,NA,NA,NA,NA,20182781510
346,2018278,1645,2018,278,16,45,NA,NA,A,NA,NA,NA,NA,20182781645
347,2018278,1645,2018,278,16,45,NA,NA,T,NA,NA,NA,NA,20182781645
348,2018278,1825,2018,278,18,25,NA,NA,A,NA,NA,NA,NA,20182781825
349,2018279,1415,2018,279,14,15,NA,NA,T,NA,NA,NA,NA,20182791415
350,2018279,1550,2018,279,15,50,NA,NA,T,NA,NA,NA,NA,20182791550
351,2018279,1730,2018,279,17,30,NA,NA,A,NA,NA,NA,NA,20182791730
352,2018279,1905,2018,279,19,5,NA,NA,A,NA,NA,NA,NA,20182791905
353,2018280,1455,2018,280,14,55,NA,NA,T,NA,NA,NA,NA,20182801455
354,2018280,1635,2018,280,16,35,NA,NA,A,NA,NA,NA,NA,20182801635
355,2018280,1635,2018,280,16,35,NA,NA,T,NA,NA,NA,NA,20182801635
356,2018280,1810,2018,280,18,10,NA,NA,A,NA,NA,NA,NA,20182801810
325,2018281,1540,2018,281,15,40,NA,NA,T,NA,NA,NA,NA,20182811540
326,2018281,1715,2018,281,17,15,NA,NA,A,NA,NA,NA,NA,20182811715
327,2018281,1855,2018,281,18,55,NA,NA,A,NA,NA,NA,NA,20182811855
357,2018282,1445,2018,282,14,45,NA,NA,T,NA,NA,NA,NA,20182821445
358,2018282,1620,2018,282,16,20,NA,NA,A,NA,NA,NA,NA,20182821620
359,2018282,1620,2018,282,16,20,NA,NA,T,NA,NA,NA,NA,20182821620
360,2018282,1800,2018,282,18,0,NA,NA,A,NA,NA,NA,NA,20182821800
1,2018283,1350,2018,283,13,50,NA,NA,T,NA,NA,NA,NA,20182831350
2,2018283,1530,2018,283,15,30,NA,NA,T,NA,NA,NA,NA,20182831530
3,2018283,1705,2018,283,17,5,NA,NA,A,NA,NA,NA,NA,20182831705
4,2018283,1705,2018,283,17,5,NA,NA,T,NA,NA,NA,NA,20182831705
5,2018283,1840,2018,283,18,40,NA,NA,A,NA,NA,NA,NA,20182831840
6,2018284,1435,2018,284,14,35,NA,NA,T,NA,NA,NA,NA,20182841435
7,2018284,1610,2018,284,16,10,NA,NA,T,NA,NA,NA,NA,20182841610
8,2018284,1745,2018,284,17,45,NA,NA,A,NA,NA,NA,NA,20182841745
328,2018285,1515,2018,285,15,15,39.0375,-76.88712039,T,0.06333,0.04523,0.0076,0,20182851515
329,2018285,1650,2018,285,16,50,NA,NA,A,NA,NA,NA,NA,20182851650
330,2018285,1650,2018,285,16,50,39.0375,-76.88712039,T,0.04509,0.03221,0.0067,0,20182851650
331,2018285,1830,2018,285,18,30,39.0375,-76.88712039,A,0.06166,0.04415,0.0187,0,20182851830
9,2018286,1420,2018,286,14,20,NA,NA,T,NA,NA,NA,NA,20182861420
10,2018286,1600,2018,286,16,0,NA,NA,T,NA,NA,NA,NA,20182861600
11,2018286,1735,2018,286,17,35,NA,NA,A,NA,NA,NA,NA,20182861735
12,2018286,1915,2018,286,19,15,NA,NA,A,NA,NA,NA,NA,20182861915
13,2018287,1505,2018,287,15,5,NA,NA,T,NA,NA,NA,NA,20182871505
14,2018287,1640,2018,287,16,40,NA,NA,A,NA,NA,NA,NA,20182871640
15,2018287,1640,2018,287,16,40,NA,NA,T,NA,NA,NA,NA,20182871640
16,2018287,1820,2018,287,18,20,NA,NA,A,NA,NA,NA,NA,20182871820
17,2018288,1410,2018,288,14,10,NA,NA,T,NA,NA,NA,NA,20182881410
18,2018288,1545,2018,288,15,45,NA,NA,T,NA,NA,NA,NA,20182881545
19,2018288,1725,2018,288,17,25,NA,NA,A,NA,NA,NA,NA,20182881725
20,2018288,1900,2018,288,19,0,NA,NA,A,NA,NA,NA,NA,20182881900
21,2018289,1450,2018,289,14,50,NA,NA,T,NA,NA,NA,NA,20182891450
22,2018289,1625,2018,289,16,25,NA,NA,A,NA,NA,NA,NA,20182891625
23,2018289,1630,2018,289,16,30,NA,NA,T,NA,NA,NA,NA,20182891630
24,2018289,1805,2018,289,18,5,NA,NA,A,NA,NA,NA,NA,20182891805
25,2018290,1355,2018,290,13,55,NA,NA,T,NA,NA,NA,NA,20182901355
26,2018290,1535,2018,290,15,35,NA,NA,T,NA,NA,NA,NA,20182901535
27,2018290,1710,2018,290,17,10,NA,NA,A,NA,NA,NA,NA,20182901710
28,2018290,1850,2018,290,18,50,NA,NA,A,NA,NA,NA,NA,20182901850
332,2018291,1440,2018,291,14,40,NA,NA,T,NA,NA,NA,NA,20182911440
333,2018291,1615,2018,291,16,15,39.0375,-76.88712039,T,0.06514,0.04654,0.0197,0,20182911615
334,2018291,1755,2018,291,17,55,39.0375,-76.88712039,A,0.0469,0.03347,0.0136,0,20182911755
29,2018292,1520,2018,292,15,20,39.0375,-76.88712039,T,0.05818,0.30589,0.0452,0,20182921520
30,2018292,1655,2018,292,16,55,39.0375,-76.88712039,T,0.03906,0.23386,0.0319,0,20182921655
31,2018292,1700,2018,292,17,0,NA,NA,A,NA,NA,NA,NA,20182921700
32,2018292,1835,2018,292,18,35,NA,NA,A,NA,NA,NA,NA,20182921835
33,2018293,1425,2018,293,14,25,NA,NA,T,NA,NA,NA,NA,20182931425
34,2018293,1605,2018,293,16,5,NA,NA,T,NA,NA,NA,NA,20182931605
35,2018293,1740,2018,293,17,40,NA,NA,A,NA,NA,NA,NA,20182931740
36,2018294,1510,2018,294,15,10,NA,NA,T,NA,NA,NA,NA,20182941510
37,2018294,1645,2018,294,16,45,NA,NA,A,NA,NA,NA,NA,20182941645
38,2018294,1645,2018,294,16,45,NA,NA,T,NA,NA,NA,NA,20182941645
39,2018294,1825,2018,294,18,25,NA,NA,A,NA,NA,NA,NA,20182941825
40,2018295,1415,2018,295,14,15,NA,NA,T,NA,NA,NA,NA,20182951415
41,2018295,1550,2018,295,15,50,39.0375,-76.88712039,T,0.04909,0.25087,0.024,0,20182951550
42,2018295,1730,2018,295,17,30,39.0375,-76.88712039,A,0.03902,0.21588,0.0399,0,20182951730
43,2018295,1905,2018,295,19,5,39.0375,-76.88712039,A,0.0977,0.32358,0.0287,0,20182951905
44,2018296,1455,2018,296,14,55,NA,NA,T,NA,NA,NA,NA,20182961455
45,2018296,1635,2018,296,16,35,NA,NA,A,NA,NA,NA,NA,20182961635
46,2018296,1635,2018,296,16,35,39.0375,-76.88712039,T,0.04057,0.21247,0.0356,0,20182961635
47,2018296,1810,2018,296,18,10,39.0375,-76.88712039,A,0.04614,0.21768,0.0476,0,20182961810
48,2018297,1400,2018,297,14,0,NA,NA,T,NA,NA,NA,NA,20182971400
49,2018297,1540,2018,297,15,40,NA,NA,T,NA,NA,NA,NA,20182971540
50,2018297,1715,2018,297,17,15,NA,NA,A,NA,NA,NA,NA,20182971715
51,2018297,1855,2018,297,18,55,39.0375,-76.88712039,A,0.07358,0.31088,0.0396,0,20182971855
52,2018298,1445,2018,298,14,45,NA,NA,T,NA,NA,NA,NA,20182981445
53,2018298,1620,2018,298,16,20,NA,NA,A,NA,NA,NA,NA,20182981620
54,2018298,1800,2018,298,18,0,NA,NA,A,NA,NA,NA,NA,20182981800
55,2018299,1350,2018,299,13,50,NA,NA,T,NA,NA,NA,NA,20182991350
56,2018299,1530,2018,299,15,30,NA,NA,T,NA,NA,NA,NA,20182991530
57,2018299,1705,2018,299,17,5,NA,NA,A,NA,NA,NA,NA,20182991705
58,2018299,1705,2018,299,17,5,NA,NA,T,NA,NA,NA,NA,20182991705
59,2018299,1840,2018,299,18,40,NA,NA,A,NA,NA,NA,NA,20182991840
60,2018300,1430,2018,300,14,30,NA,NA,T,NA,NA,NA,NA,20183001430
61,2018300,1610,2018,300,16,10,NA,NA,T,NA,NA,NA,NA,20183001610
62,2018300,1745,2018,300,17,45,NA,NA,A,NA,NA,NA,NA,20183001745
63,2018301,1515,2018,301,15,15,NA,NA,T,NA,NA,NA,NA,20183011515
64,2018301,1650,2018,301,16,50,NA,NA,A,NA,NA,NA,NA,20183011650
65,2018301,1650,2018,301,16,50,NA,NA,T,NA,NA,NA,NA,20183011650
66,2018301,1830,2018,301,18,30,NA,NA,A,NA,NA,NA,NA,20183011830
67,2018302,1420,2018,302,14,20,NA,NA,T,NA,NA,NA,NA,20183021420
68,2018302,1600,2018,302,16,0,NA,NA,T,NA,NA,NA,NA,20183021600
69,2018302,1735,2018,302,17,35,NA,NA,A,NA,NA,NA,NA,20183021735
70,2018302,1915,2018,302,19,15,NA,NA,A,NA,NA,NA,NA,20183021915
335,2018303,1505,2018,303,15,5,NA,NA,T,NA,NA,NA,NA,20183031505
336,2018303,1640,2018,303,16,40,NA,NA,A,NA,NA,NA,NA,20183031640
337,2018303,1640,2018,303,16,40,39.0375,-76.88712039,T,0.05502,0.03931,0.0079,0,20183031640
338,2018303,1820,2018,303,18,20,39.0375,-76.88712039,A,0.12544,0.08994,0.0188,0,20183031820
71,2018304,1410,2018,304,14,10,NA,NA,T,NA,NA,NA,NA,20183041410
72,2018304,1545,2018,304,15,45,39.0375,-76.88712039,T,0.06053,0.25666,0.0388,0,20183041545
73,2018304,1725,2018,304,17,25,39.0375,-76.88712039,A,0.04607,0.22237,0.0269,0,20183041725
74,2018304,1900,2018,304,19,0,NA,NA,A,NA,NA,NA,NA,20183041900
75,2018305,1450,2018,305,14,50,NA,NA,T,NA,NA,NA,NA,20183051450
76,2018305,1625,2018,305,16,25,NA,NA,A,NA,NA,NA,NA,20183051625
77,2018305,1805,2018,305,18,5,NA,NA,A,NA,NA,NA,NA,20183051805
78,2018306,1355,2018,306,13,55,NA,NA,T,NA,NA,NA,NA,20183061355
79,2018306,1535,2018,306,15,35,NA,NA,T,NA,NA,NA,NA,20183061535
80,2018306,1710,2018,306,17,10,NA,NA,A,NA,NA,NA,NA,20183061710
81,2018306,1850,2018,306,18,50,NA,NA,A,NA,NA,NA,NA,20183061850
82,2018307,1440,2018,307,14,40,NA,NA,T,NA,NA,NA,NA,20183071440
83,2018307,1615,2018,307,16,15,NA,NA,T,NA,NA,NA,NA,20183071615
84,2018307,1755,2018,307,17,55,39.0375,-76.88712039,A,0.0537,0.19444,0.0345,0,20183071755
85,2018308,1520,2018,308,15,20,39.0375,-76.88712039,T,0.08198,0.28348,0.0378,0,20183081520
86,2018308,1655,2018,308,16,55,39.0375,-76.88712039,T,0.05124,0.20963,0.0308,0,20183081655
87,2018308,1700,2018,308,17,0,NA,NA,A,NA,NA,NA,NA,20183081700
88,2018308,1835,2018,308,18,35,NA,NA,A,NA,NA,NA,NA,20183081835
89,2018309,1425,2018,309,14,25,NA,NA,T,NA,NA,NA,NA,20183091425
90,2018309,1605,2018,309,16,5,NA,NA,T,NA,NA,NA,NA,20183091605
91,2018309,1740,2018,309,17,40,NA,NA,A,NA,NA,NA,NA,20183091740
339,2018310,1510,2018,310,15,10,NA,NA,T,NA,NA,NA,NA,20183101510
340,2018310,1645,2018,310,16,45,NA,NA,A,NA,NA,NA,NA,20183101645
341,2018310,1645,2018,310,16,45,NA,NA,T,NA,NA,NA,NA,20183101645
342,2018310,1825,2018,310,18,25,NA,NA,A,NA,NA,NA,NA,20183101825
92,2018311,1415,2018,311,14,15,NA,NA,T,NA,NA,NA,NA,20183111415
93,2018311,1550,2018,311,15,50,NA,NA,T,NA,NA,NA,NA,20183111550
94,2018311,1730,2018,311,17,30,NA,NA,A,NA,NA,NA,NA,20183111730
95,2018311,1905,2018,311,19,5,NA,NA,A,NA,NA,NA,NA,20183111905
96,2018312,1455,2018,312,14,55,NA,NA,T,NA,NA,NA,NA,20183121455
97,2018312,1635,2018,312,16,35,NA,NA,A,NA,NA,NA,NA,20183121635
98,2018312,1635,2018,312,16,35,39.0375,-76.88712039,T,0.05244,0.18841,0.0416,0,20183121635
99,2018312,1810,2018,312,18,10,39.0375,-76.88712039,A,0.05478,0.1871,0.0346,0,20183121810
100,2018313,1400,2018,313,14,0,NA,NA,T,NA,NA,NA,NA,20183131400
101,2018313,1540,2018,313,15,40,NA,NA,T,NA,NA,NA,NA,20183131540
102,2018313,1715,2018,313,17,15,NA,NA,A,NA,NA,NA,NA,20183131715
103,2018313,1855,2018,313,18,55,NA,NA,A,NA,NA,NA,NA,20183131855
104,2018314,1445,2018,314,14,45,NA,NA,T,NA,NA,NA,NA,20183141445
105,2018314,1620,2018,314,16,20,NA,NA,A,NA,NA,NA,NA,20183141620
106,2018314,1620,2018,314,16,20,39.0375,-76.88712039,T,0.05385,0.18445,0.0332,0,20183141620
107,2018314,1800,2018,314,18,0,39.0375,-76.88712039,A,0.05696,0.18475,0.0326,0,20183141800
108,2018315,1525,2018,315,15,25,39.0375,-76.88712039,T,0.08054,0.25007,0.042,0,20183151525
109,2018315,1705,2018,315,17,5,NA,NA,A,NA,NA,NA,NA,20183151705
110,2018315,1705,2018,315,17,5,NA,NA,T,NA,NA,NA,NA,20183151705
111,2018315,1840,2018,315,18,40,NA,NA,A,NA,NA,NA,NA,20183151840
112,2018316,1430,2018,316,14,30,NA,NA,T,NA,NA,NA,NA,20183161430
113,2018316,1610,2018,316,16,10,NA,NA,T,NA,NA,NA,NA,20183161610
114,2018316,1745,2018,316,17,45,NA,NA,A,NA,NA,NA,NA,20183161745
115,2018317,1515,2018,317,15,15,NA,NA,T,NA,NA,NA,NA,20183171515
116,2018317,1650,2018,317,16,50,NA,NA,A,NA,NA,NA,NA,20183171650
117,2018317,1650,2018,317,16,50,NA,NA,T,NA,NA,NA,NA,20183171650
118,2018317,1830,2018,317,18,30,NA,NA,A,NA,NA,NA,NA,20183171830
119,2018318,1420,2018,318,14,20,NA,NA,T,NA,NA,NA,NA,20183181420
120,2018318,1600,2018,318,16,0,NA,NA,T,NA,NA,NA,NA,20183181600
121,2018318,1735,2018,318,17,35,NA,NA,A,NA,NA,NA,NA,20183181735
122,2018318,1915,2018,318,19,15,NA,NA,A,NA,NA,NA,NA,20183181915
123,2018319,1505,2018,319,15,5,NA,NA,T,NA,NA,NA,NA,20183191505
124,2018319,1640,2018,319,16,40,NA,NA,A,NA,NA,NA,NA,20183191640
125,2018319,1640,2018,319,16,40,NA,NA,T,NA,NA,NA,NA,20183191640
126,2018319,1820,2018,319,18,20,NA,NA,A,NA,NA,NA,NA,20183191820
127,2018320,1405,2018,320,14,5,NA,NA,T,NA,NA,NA,NA,20183201405
128,2018320,1545,2018,320,15,45,39.0375,-76.88712039,T,0.06873,0.20971,0.0514,0,20183201545
129,2018320,1725,2018,320,17,25,39.0375,-76.88712039,A,0.05792,0.18541,0.0336,0,20183201725
130,2018320,1900,2018,320,19,0,NA,NA,A,NA,NA,NA,NA,20183201900
131,2018321,1450,2018,321,14,50,NA,NA,T,NA,NA,NA,NA,20183211450
132,2018321,1625,2018,321,16,25,NA,NA,A,NA,NA,NA,NA,20183211625
133,2018321,1630,2018,321,16,30,NA,NA,T,NA,NA,NA,NA,20183211630
134,2018321,1805,2018,321,18,5,39.0375,-76.88712039,A,0.05701,0.17905,0.0366,0,20183211805
135,2018322,1355,2018,322,13,55,NA,NA,T,NA,NA,NA,NA,20183221355
136,2018322,1535,2018,322,15,35,NA,NA,T,NA,NA,NA,NA,20183221535
137,2018322,1710,2018,322,17,10,NA,NA,A,NA,NA,NA,NA,20183221710
138,2018322,1850,2018,322,18,50,NA,NA,A,NA,NA,NA,NA,20183221850
139,2018323,1440,2018,323,14,40,NA,NA,T,NA,NA,NA,NA,20183231440
140,2018323,1615,2018,323,16,15,NA,NA,T,NA,NA,NA,NA,20183231615
141,2018323,1755,2018,323,17,55,NA,NA,A,NA,NA,NA,NA,20183231755
142,2018324,1520,2018,324,15,20,NA,NA,T,NA,NA,NA,NA,20183241520
143,2018324,1655,2018,324,16,55,NA,NA,T,NA,NA,NA,NA,20183241655
144,2018324,1700,2018,324,17,0,NA,NA,A,NA,NA,NA,NA,20183241700
145,2018324,1835,2018,324,18,35,NA,NA,A,NA,NA,NA,NA,20183241835
146,2018325,1425,2018,325,14,25,NA,NA,T,NA,NA,NA,NA,20183251425
147,2018325,1605,2018,325,16,5,39.0375,-76.88712039,T,0.05846,0.18005,0.038,0,20183251605
148,2018325,1740,2018,325,17,40,39.0375,-76.88712039,A,0.05608,0.1701,0.0412,0,20183251740
149,2018326,1510,2018,326,15,10,NA,NA,T,NA,NA,NA,NA,20183261510
150,2018326,1645,2018,326,16,45,NA,NA,A,NA,NA,NA,NA,20183261645
151,2018326,1645,2018,326,16,45,NA,NA,T,NA,NA,NA,NA,20183261645
152,2018326,1825,2018,326,18,25,NA,NA,A,NA,NA,NA,NA,20183261825
153,2018327,1415,2018,327,14,15,NA,NA,T,NA,NA,NA,NA,20183271415
154,2018327,1550,2018,327,15,50,NA,NA,T,NA,NA,NA,NA,20183271550
155,2018327,1730,2018,327,17,30,NA,NA,A,NA,NA,NA,NA,20183271730
156,2018327,1905,2018,327,19,5,NA,NA,A,NA,NA,NA,NA,20183271905
157,2018328,1455,2018,328,14,55,NA,NA,T,NA,NA,NA,NA,20183281455
158,2018328,1635,2018,328,16,35,NA,NA,A,NA,NA,NA,NA,20183281635
159,2018328,1635,2018,328,16,35,NA,NA,T,NA,NA,NA,NA,20183281635
160,2018328,1810,2018,328,18,10,NA,NA,A,NA,NA,NA,NA,20183281810
161,2018329,1400,2018,329,14,0,NA,NA,T,NA,NA,NA,NA,20183291400
162,2018329,1540,2018,329,15,40,39.0375,-76.88712039,T,0.07273,0.21663,0.0419,0,20183291540
163,2018329,1715,2018,329,17,15,NA,NA,A,NA,NA,NA,NA,20183291715
164,2018329,1855,2018,329,18,55,39.0375,-76.88712039,A,0.09337,0.26019,0.0523,0,20183291855
165,2018330,1445,2018,330,14,45,NA,NA,T,NA,NA,NA,NA,20183301445
166,2018330,1620,2018,330,16,20,NA,NA,A,NA,NA,NA,NA,20183301620
167,2018330,1620,2018,330,16,20,NA,NA,T,NA,NA,NA,NA,20183301620
168,2018330,1800,2018,330,18,0,NA,NA,A,NA,NA,NA,NA,20183301800
169,2018331,1525,2018,331,15,25,NA,NA,T,NA,NA,NA,NA,20183311525
170,2018331,1705,2018,331,17,5,NA,NA,A,NA,NA,NA,NA,20183311705
171,2018331,1705,2018,331,17,5,NA,NA,T,NA,NA,NA,NA,20183311705
172,2018331,1840,2018,331,18,40,NA,NA,A,NA,NA,NA,NA,20183311840
173,2018332,1430,2018,332,14,30,NA,NA,T,NA,NA,NA,NA,20183321430
174,2018332,1610,2018,332,16,10,39.0375,-76.88712039,T,0.05943,0.16501,0.0425,0,20183321610
175,2018332,1745,2018,332,17,45,39.0375,-76.88712039,A,0.06054,0.16472,0.0449,0,20183321745
176,2018333,1515,2018,333,15,15,39.0375,-76.88712039,T,0.10679,0.26092,0.0676,0,20183331515
177,2018333,1650,2018,333,16,50,NA,NA,A,NA,NA,NA,NA,20183331650
178,2018333,1650,2018,333,16,50,NA,NA,T,NA,NA,NA,NA,20183331650
179,2018333,1830,2018,333,18,30,39.0375,-76.88712039,A,0.07401,0.20015,0.0525,0,20183331830
180,2018334,1420,2018,334,14,20,NA,NA,T,NA,NA,NA,NA,20183341420
181,2018334,1600,2018,334,16,0,NA,NA,T,NA,NA,NA,NA,20183341600
182,2018334,1735,2018,334,17,35,NA,NA,A,NA,NA,NA,NA,20183341735
183,2018334,1915,2018,334,19,15,NA,NA,A,NA,NA,NA,NA,20183341915
184,2018335,1500,2018,335,15,0,NA,NA,T,NA,NA,NA,NA,20183351500
185,2018335,1640,2018,335,16,40,NA,NA,A,NA,NA,NA,NA,20183351640
186,2018335,1640,2018,335,16,40,NA,NA,T,NA,NA,NA,NA,20183351640
187,2018335,1820,2018,335,18,20,NA,NA,A,NA,NA,NA,NA,20183351820
188,2018336,1405,2018,336,14,5,NA,NA,T,NA,NA,NA,NA,20183361405
189,2018336,1545,2018,336,15,45,NA,NA,T,NA,NA,NA,NA,20183361545
190,2018336,1725,2018,336,17,25,NA,NA,A,NA,NA,NA,NA,20183361725
191,2018336,1900,2018,336,19,0,NA,NA,A,NA,NA,NA,NA,20183361900
343,2018337,1450,2018,337,14,50,NA,NA,T,NA,NA,NA,NA,20183371450
344,2018337,1625,2018,337,16,25,NA,NA,A,NA,NA,NA,NA,20183371625
345,2018337,1625,2018,337,16,25,39.0375,-76.88712039,T,0.03386,0.02414,0.0087,0,20183371625
346,2018337,1805,2018,337,18,5,39.0375,-76.88712039,A,0.04343,0.031,0.0126,0,20183371805
192,2018338,1355,2018,338,13,55,NA,NA,T,NA,NA,NA,NA,20183381355
193,2018338,1535,2018,338,15,35,NA,NA,T,NA,NA,NA,NA,20183381535
194,2018338,1710,2018,338,17,10,NA,NA,A,NA,NA,NA,NA,20183381710
195,2018338,1850,2018,338,18,50,NA,NA,A,NA,NA,NA,NA,20183381850
196,2018339,1440,2018,339,14,40,NA,NA,T,NA,NA,NA,NA,20183391440
197,2018339,1755,2018,339,17,55,NA,NA,A,NA,NA,NA,NA,20183391755
198,2018340,1520,2018,340,15,20,NA,NA,T,NA,NA,NA,NA,20183401520
199,2018340,1655,2018,340,16,55,NA,NA,T,NA,NA,NA,NA,20183401655
200,2018340,1700,2018,340,17,0,NA,NA,A,NA,NA,NA,NA,20183401700
201,2018340,1835,2018,340,18,35,NA,NA,A,NA,NA,NA,NA,20183401835
202,2018341,1425,2018,341,14,25,NA,NA,T,NA,NA,NA,NA,20183411425
203,2018341,1605,2018,341,16,5,39.0375,-76.88712039,T,0.06004,0.16508,0.0408,0,20183411605
204,2018341,1740,2018,341,17,40,NA,NA,A,NA,NA,NA,NA,20183411740
205,2018342,1510,2018,342,15,10,NA,NA,T,NA,NA,NA,NA,20183421510
206,2018342,1645,2018,342,16,45,NA,NA,A,NA,NA,NA,NA,20183421645
207,2018342,1645,2018,342,16,45,NA,NA,T,NA,NA,NA,NA,20183421645
208,2018342,1825,2018,342,18,25,NA,NA,A,NA,NA,NA,NA,20183421825
209,2018343,1415,2018,343,14,15,NA,NA,T,NA,NA,NA,NA,20183431415
210,2018343,1550,2018,343,15,50,NA,NA,T,NA,NA,NA,NA,20183431550
211,2018343,1730,2018,343,17,30,NA,NA,A,NA,NA,NA,NA,20183431730
212,2018343,1905,2018,343,19,5,NA,NA,A,NA,NA,NA,NA,20183431905
213,2018344,1455,2018,344,14,55,NA,NA,T,NA,NA,NA,NA,20183441455
214,2018344,1635,2018,344,16,35,NA,NA,A,NA,NA,NA,NA,20183441635
215,2018344,1635,2018,344,16,35,NA,NA,T,NA,NA,NA,NA,20183441635
216,2018344,1810,2018,344,18,10,NA,NA,A,NA,NA,NA,NA,20183441810
217,2018345,1400,2018,345,14,0,NA,NA,T,NA,NA,NA,NA,20183451400
218,2018345,1540,2018,345,15,40,39.0375,-76.88712039,T,0.08085,0.20356,0.0502,0,20183451540
219,2018345,1715,2018,345,17,15,NA,NA,A,NA,NA,NA,NA,20183451715
220,2018345,1855,2018,345,18,55,39.0375,-76.88712039,A,0.09913,0.2407,0.0629,0,20183451855
221,2018346,1445,2018,346,14,45,NA,NA,T,NA,NA,NA,NA,20183461445
222,2018346,1620,2018,346,16,20,NA,NA,A,NA,NA,NA,NA,20183461620
223,2018346,1620,2018,346,16,20,NA,NA,T,NA,NA,NA,NA,20183461620
224,2018346,1800,2018,346,18,0,NA,NA,A,NA,NA,NA,NA,20183461800
225,2018347,1525,2018,347,15,25,NA,NA,T,NA,NA,NA,NA,20183471525
226,2018347,1700,2018,347,17,0,NA,NA,T,NA,NA,NA,NA,20183471700
227,2018347,1705,2018,347,17,5,NA,NA,A,NA,NA,NA,NA,20183471705
228,2018347,1840,2018,347,18,40,39.0375,-76.88712039,A,0.08757,0.21821,0.0525,0,20183471840
229,2018348,1430,2018,348,14,30,NA,NA,T,NA,NA,NA,NA,20183481430
230,2018348,1610,2018,348,16,10,NA,NA,T,NA,NA,NA,NA,20183481610
231,2018348,1745,2018,348,17,45,NA,NA,A,NA,NA,NA,NA,20183481745
232,2018349,1515,2018,349,15,15,NA,NA,T,NA,NA,NA,NA,20183491515
233,2018349,1650,2018,349,16,50,NA,NA,A,NA,NA,NA,NA,20183491650
234,2018349,1650,2018,349,16,50,NA,NA,T,NA,NA,NA,NA,20183491650
235,2018349,1830,2018,349,18,30,NA,NA,A,NA,NA,NA,NA,20183491830
236,2018350,1420,2018,350,14,20,NA,NA,T,NA,NA,NA,NA,20183501420
237,2018350,1555,2018,350,15,55,NA,NA,T,NA,NA,NA,NA,20183501555
238,2018350,1735,2018,350,17,35,NA,NA,A,NA,NA,NA,NA,20183501735
239,2018350,1915,2018,350,19,15,NA,NA,A,NA,NA,NA,NA,20183501915
240,2018351,1500,2018,351,15,0,NA,NA,T,NA,NA,NA,NA,20183511500
241,2018351,1640,2018,351,16,40,NA,NA,A,NA,NA,NA,NA,20183511640
242,2018351,1640,2018,351,16,40,NA,NA,T,NA,NA,NA,NA,20183511640
243,2018351,1820,2018,351,18,20,NA,NA,A,NA,NA,NA,NA,20183511820
244,2018352,1405,2018,352,14,5,NA,NA,T,NA,NA,NA,NA,20183521405
245,2018352,1545,2018,352,15,45,39.0375,-76.88712039,T,0.07423,0.18483,0.0526,0,20183521545
246,2018352,1725,2018,352,17,25,39.0375,-76.88712039,A,0.06199,0.15669,0.0502,0,20183521725
247,2018352,1900,2018,352,19,0,39.0375,-76.88712039,A,0.10048,0.24565,0.0605,0,20183521900
248,2018353,1450,2018,353,14,50,NA,NA,T,NA,NA,NA,NA,20183531450
249,2018353,1625,2018,353,16,25,NA,NA,A,NA,NA,NA,NA,20183531625
250,2018353,1625,2018,353,16,25,NA,NA,T,NA,NA,NA,NA,20183531625
251,2018353,1805,2018,353,18,5,39.0375,-76.88712039,A,0.0901,0.2137,0.0388,0,20183531805
252,2018354,1355,2018,354,13,55,NA,NA,T,NA,NA,NA,NA,20183541355
253,2018354,1535,2018,354,15,35,NA,NA,T,NA,NA,NA,NA,20183541535
254,2018354,1710,2018,354,17,10,NA,NA,A,NA,NA,NA,NA,20183541710
255,2018354,1850,2018,354,18,50,NA,NA,A,NA,NA,NA,NA,20183541850
256,2018355,1440,2018,355,14,40,NA,NA,T,NA,NA,NA,NA,20183551440
257,2018355,1615,2018,355,16,15,NA,NA,T,NA,NA,NA,NA,20183551615
258,2018355,1755,2018,355,17,55,NA,NA,A,NA,NA,NA,NA,20183551755
259,2018356,1520,2018,356,15,20,NA,NA,T,NA,NA,NA,NA,20183561520
260,2018356,1655,2018,356,16,55,NA,NA,T,NA,NA,NA,NA,20183561655
261,2018356,1700,2018,356,17,0,NA,NA,A,NA,NA,NA,NA,20183561700
262,2018356,1835,2018,356,18,35,39.0375,-76.88712039,A,0.07658,0.20106,0.0459,0,20183561835
263,2018357,1425,2018,357,14,25,NA,NA,T,NA,NA,NA,NA,20183571425
264,2018357,1605,2018,357,16,5,39.0375,-76.88712039,T,0.05772,0.15585,0.033,0,20183571605
265,2018357,1740,2018,357,17,40,NA,NA,A,NA,NA,NA,NA,20183571740
266,2018358,1510,2018,358,15,10,NA,NA,T,NA,NA,NA,NA,20183581510
267,2018358,1645,2018,358,16,45,NA,NA,A,NA,NA,NA,NA,20183581645
268,2018358,1645,2018,358,16,45,NA,NA,T,NA,NA,NA,NA,20183581645
269,2018358,1825,2018,358,18,25,39.0375,-76.88712039,A,0.07177,0.17635,0.0521,0,20183581825
270,2018359,1415,2018,359,14,15,NA,NA,T,NA,NA,NA,NA,20183591415
271,2018359,1550,2018,359,15,50,NA,NA,T,NA,NA,NA,NA,20183591550
272,2018359,1730,2018,359,17,30,NA,NA,A,NA,NA,NA,NA,20183591730
273,2018359,1905,2018,359,19,5,NA,NA,A,NA,NA,NA,NA,20183591905
274,2018360,1455,2018,360,14,55,NA,NA,T,NA,NA,NA,NA,20183601455
275,2018360,1635,2018,360,16,35,NA,NA,A,NA,NA,NA,NA,20183601635
276,2018360,1635,2018,360,16,35,39.0375,-76.88712039,T,0.06147,0.15509,0.0523,0,20183601635
277,2018360,1810,2018,360,18,10,39.0375,-76.88712039,A,0.06355,0.15909,0.0457,0,20183601810
278,2018361,1400,2018,361,14,0,NA,NA,T,NA,NA,NA,NA,20183611400
279,2018361,1540,2018,361,15,40,39.0375,-76.88712039,T,0.08132,0.19809,0.0423,0,20183611540
280,2018361,1715,2018,361,17,15,NA,NA,A,NA,NA,NA,NA,20183611715
281,2018361,1855,2018,361,18,55,NA,NA,A,NA,NA,NA,NA,20183611855
282,2018362,1445,2018,362,14,45,NA,NA,T,NA,NA,NA,NA,20183621445
283,2018362,1620,2018,362,16,20,NA,NA,A,NA,NA,NA,NA,20183621620
284,2018362,1620,2018,362,16,20,NA,NA,T,NA,NA,NA,NA,20183621620
285,2018362,1800,2018,362,18,0,NA,NA,A,NA,NA,NA,NA,20183621800
286,2018363,1525,2018,363,15,25,NA,NA,T,NA,NA,NA,NA,20183631525
287,2018363,1700,2018,363,17,0,NA,NA,T,NA,NA,NA,NA,20183631700
288,2018363,1705,2018,363,17,5,NA,NA,A,NA,NA,NA,NA,20183631705
289,2018363,1840,2018,363,18,40,39.0375,-76.88712039,A,0.0832,0.20479,0.0519,0,20183631840
290,2018364,1430,2018,364,14,30,NA,NA,T,NA,NA,NA,NA,20183641430
291,2018364,1610,2018,364,16,10,NA,NA,T,NA,NA,NA,NA,20183641610
292,2018364,1745,2018,364,17,45,NA,NA,A,NA,NA,NA,NA,20183641745
293,2018365,1515,2018,365,15,15,NA,NA,T,NA,NA,NA,NA,20183651515
294,2018365,1650,2018,365,16,50,NA,NA,A,NA,NA,NA,NA,20183651650
295,2018365,1650,2018,365,16,50,NA,NA,T,NA,NA,NA,NA,20183651650
296,2018365,1830,2018,365,18,30,NA,NA,A,NA,NA,NA,NA,20183651830
1,2019001,1420,2019,1,14,20,NA,NA,T,NA,NA,NA,NA,20190011420
2,2019001,1555,2019,1,15,55,NA,NA,T,NA,NA,NA,NA,20190011555
3,2019001,1735,2019,1,17,35,NA,NA,A,NA,NA,NA,NA,20190011735
4,2019001,1915,2019,1,19,15,NA,NA,A,NA,NA,NA,NA,20190011915
5,2019002,1500,2019,2,15,0,NA,NA,T,NA,NA,NA,NA,20190021500
6,2019002,1640,2019,2,16,40,NA,NA,A,NA,NA,NA,NA,20190021640
7,2019002,1640,2019,2,16,40,NA,NA,T,NA,NA,NA,NA,20190021640
8,2019002,1820,2019,2,18,20,NA,NA,A,NA,NA,NA,NA,20190021820
9,2019003,1405,2019,3,14,5,NA,NA,T,NA,NA,NA,NA,20190031405
10,2019003,1545,2019,3,15,45,NA,NA,T,NA,NA,NA,NA,20190031545
11,2019003,1725,2019,3,17,25,NA,NA,A,NA,NA,NA,NA,20190031725
12,2019003,1900,2019,3,19,0,NA,NA,A,NA,NA,NA,NA,20190031900
13,2019004,1450,2019,4,14,50,NA,NA,T,NA,NA,NA,NA,20190041450
14,2019004,1625,2019,4,16,25,NA,NA,A,NA,NA,NA,NA,20190041625
15,2019004,1625,2019,4,16,25,NA,NA,T,NA,NA,NA,NA,20190041625
16,2019004,1805,2019,4,18,5,NA,NA,A,NA,NA,NA,NA,20190041805
17,2019005,1355,2019,5,13,55,NA,NA,T,NA,NA,NA,NA,20190051355
18,2019005,1535,2019,5,15,35,NA,NA,T,NA,NA,NA,NA,20190051535
19,2019005,1710,2019,5,17,10,NA,NA,A,NA,NA,NA,NA,20190051710
20,2019005,1850,2019,5,18,50,NA,NA,A,NA,NA,NA,NA,20190051850
21,2019006,1440,2019,6,14,40,NA,NA,T,NA,NA,NA,NA,20190061440
22,2019006,1615,2019,6,16,15,39.0375,-76.83347696,T,0.16432,0.11795,0.0114,0,20190061615
23,2019006,1755,2019,6,17,55,39.0375,-76.88712039,A,0.07536,0.05387,0.0093,0,20190061755
24,2019007,1520,2019,7,15,20,NA,NA,T,NA,NA,NA,NA,20190071520
25,2019007,1655,2019,7,16,55,NA,NA,T,NA,NA,NA,NA,20190071655
26,2019007,1700,2019,7,17,0,NA,NA,A,NA,NA,NA,NA,20190071700
27,2019007,1835,2019,7,18,35,NA,NA,A,NA,NA,NA,NA,20190071835
28,2019008,1425,2019,8,14,25,NA,NA,T,NA,NA,NA,NA,20190081425
29,2019008,1605,2019,8,16,5,NA,NA,T,NA,NA,NA,NA,20190081605
30,2019008,1740,2019,8,17,40,NA,NA,A,NA,NA,NA,NA,20190081740
31,2019009,1510,2019,9,15,10,NA,NA,T,NA,NA,NA,NA,20190091510
32,2019009,1645,2019,9,16,45,NA,NA,A,NA,NA,NA,NA,20190091645
33,2019009,1645,2019,9,16,45,NA,NA,T,NA,NA,NA,NA,20190091645
34,2019009,1825,2019,9,18,25,NA,NA,A,NA,NA,NA,NA,20190091825
35,2019010,1415,2019,10,14,15,NA,NA,T,NA,NA,NA,NA,20190101415
36,2019010,1550,2019,10,15,50,39.0375,-76.84420565,T,0.05549,0.03971,0.0135,0,20190101550
37,2019010,1730,2019,10,17,30,39.0375,-76.88712039,A,0.01228,0.00866,0.0043,0,20190101730
38,2019010,1905,2019,10,19,5,39.0375,-76.88712039,A,0.00652,0.00458,0.0047,0,20190101905
39,2019011,1455,2019,11,14,55,NA,NA,T,NA,NA,NA,NA,20190111455
40,2019011,1635,2019,11,16,35,NA,NA,A,NA,NA,NA,NA,20190111635
41,2019011,1635,2019,11,16,35,39.0375,-76.88712039,T,0.01796,0.01269,0.0068,0,20190111635
42,2019011,1810,2019,11,18,10,39.0375,-76.88712039,A,0.0648,0.0463,0.0151,0,20190111810
43,2019012,1400,2019,12,14,0,NA,NA,T,NA,NA,NA,NA,20190121400
44,2019012,1540,2019,12,15,40,NA,NA,T,NA,NA,NA,NA,20190121540
45,2019012,1715,2019,12,17,15,NA,NA,A,NA,NA,NA,NA,20190121715
46,2019012,1855,2019,12,18,55,NA,NA,A,NA,NA,NA,NA,20190121855
47,2019013,1445,2019,13,14,45,NA,NA,T,NA,NA,NA,NA,20190131445
48,2019013,1620,2019,13,16,20,NA,NA,A,NA,NA,NA,NA,20190131620
49,2019013,1620,2019,13,16,20,NA,NA,T,NA,NA,NA,NA,20190131620
50,2019013,1800,2019,13,18,0,NA,NA,A,NA,NA,NA,NA,20190131800
51,2019014,1525,2019,14,15,25,NA,NA,T,NA,NA,NA,NA,20190141525
52,2019014,1700,2019,14,17,0,NA,NA,T,NA,NA,NA,NA,20190141700
53,2019014,1705,2019,14,17,5,NA,NA,A,NA,NA,NA,NA,20190141705
54,2019014,1840,2019,14,18,40,NA,NA,A,NA,NA,NA,NA,20190141840
55,2019015,1430,2019,15,14,30,NA,NA,T,NA,NA,NA,NA,20190151430
56,2019015,1610,2019,15,16,10,NA,NA,T,NA,NA,NA,NA,20190151610
57,2019015,1745,2019,15,17,45,NA,NA,A,NA,NA,NA,NA,20190151745
58,2019016,1515,2019,16,15,15,NA,NA,T,NA,NA,NA,NA,20190161515
59,2019016,1650,2019,16,16,50,NA,NA,A,NA,NA,NA,NA,20190161650
60,2019016,1650,2019,16,16,50,NA,NA,T,NA,NA,NA,NA,20190161650
61,2019016,1830,2019,16,18,30,NA,NA,A,NA,NA,NA,NA,20190161830
62,2019017,1420,2019,17,14,20,NA,NA,T,NA,NA,NA,NA,20190171420
63,2019017,1555,2019,17,15,55,NA,NA,T,NA,NA,NA,NA,20190171555
64,2019017,1735,2019,17,17,35,NA,NA,A,NA,NA,NA,NA,20190171735
65,2019017,1915,2019,17,19,15,NA,NA,A,NA,NA,NA,NA,20190171915
66,2019018,1500,2019,18,15,0,NA,NA,T,NA,NA,NA,NA,20190181500
67,2019018,1640,2019,18,16,40,NA,NA,A,NA,NA,NA,NA,20190181640
68,2019018,1640,2019,18,16,40,NA,NA,T,NA,NA,NA,NA,20190181640
69,2019018,1820,2019,18,18,20,NA,NA,A,NA,NA,NA,NA,20190181820
70,2019019,1405,2019,19,14,5,NA,NA,T,NA,NA,NA,NA,20190191405
71,2019019,1545,2019,19,15,45,NA,NA,T,NA,NA,NA,NA,20190191545
72,2019019,1725,2019,19,17,25,NA,NA,A,NA,NA,NA,NA,20190191725
73,2019019,1900,2019,19,19,0,NA,NA,A,NA,NA,NA,NA,20190191900
74,2019020,1450,2019,20,14,50,NA,NA,T,NA,NA,NA,NA,20190201450
75,2019020,1625,2019,20,16,25,NA,NA,A,NA,NA,NA,NA,20190201625
76,2019020,1625,2019,20,16,25,NA,NA,T,NA,NA,NA,NA,20190201625
77,2019020,1805,2019,20,18,5,NA,NA,A,NA,NA,NA,NA,20190201805
78,2019021,1355,2019,21,13,55,NA,NA,T,NA,NA,NA,NA,20190211355
79,2019021,1535,2019,21,15,35,NA,NA,T,NA,NA,NA,NA,20190211535
80,2019021,1710,2019,21,17,10,NA,NA,A,NA,NA,NA,NA,20190211710
81,2019021,1850,2019,21,18,50,NA,NA,A,NA,NA,NA,NA,20190211850
82,2019022,1440,2019,22,14,40,NA,NA,T,NA,NA,NA,NA,20190221440
83,2019022,1615,2019,22,16,15,39.0375,-76.88712039,T,0.06575,0.04704,NA,0,20190221615
84,2019022,1755,2019,22,17,55,39.0375,-76.88712039,A,0.02369,0.01687,0.0113,0,20190221755
85,2019023,1520,2019,23,15,20,NA,NA,T,NA,NA,NA,NA,20190231520
86,2019023,1655,2019,23,16,55,NA,NA,T,NA,NA,NA,NA,20190231655
87,2019023,1700,2019,23,17,0,NA,NA,A,NA,NA,NA,NA,20190231700
88,2019023,1835,2019,23,18,35,NA,NA,A,NA,NA,NA,NA,20190231835
89,2019024,1425,2019,24,14,25,NA,NA,T,NA,NA,NA,NA,20190241425
90,2019024,1605,2019,24,16,5,NA,NA,T,NA,NA,NA,NA,20190241605
91,2019024,1740,2019,24,17,40,NA,NA,A,NA,NA,NA,NA,20190241740
92,2019025,1510,2019,25,15,10,NA,NA,T,NA,NA,NA,NA,20190251510
93,2019025,1645,2019,25,16,45,NA,NA,A,NA,NA,NA,NA,20190251645
94,2019025,1645,2019,25,16,45,NA,NA,T,NA,NA,NA,NA,20190251645
95,2019025,1825,2019,25,18,25,39.0375,-76.83347696,A,0.176,0.12633,0.0164,0,20190251825
96,2019026,1415,2019,26,14,15,NA,NA,T,NA,NA,NA,NA,20190261415
97,2019026,1550,2019,26,15,50,NA,NA,T,NA,NA,NA,NA,20190261550
98,2019026,1730,2019,26,17,30,NA,NA,A,NA,NA,NA,NA,20190261730
99,2019026,1905,2019,26,19,5,NA,NA,A,NA,NA,NA,NA,20190261905
100,2019027,1455,2019,27,14,55,NA,NA,T,NA,NA,NA,NA,20190271455
101,2019027,1635,2019,27,16,35,NA,NA,A,NA,NA,NA,NA,20190271635
102,2019027,1635,2019,27,16,35,NA,NA,T,NA,NA,NA,NA,20190271635
103,2019027,1810,2019,27,18,10,NA,NA,A,NA,NA,NA,NA,20190271810
104,2019028,1400,2019,28,14,0,NA,NA,T,NA,NA,NA,NA,20190281400
105,2019028,1540,2019,28,15,40,NA,NA,T,NA,NA,NA,NA,20190281540
106,2019028,1715,2019,28,17,15,NA,NA,A,NA,NA,NA,NA,20190281715
107,2019028,1855,2019,28,18,55,39.0375,-76.88712039,A,0.01464,0.01033,0.0081,0,20190281855
108,2019029,1445,2019,29,14,45,NA,NA,T,NA,NA,NA,NA,20190291445
109,2019029,1620,2019,29,16,20,NA,NA,A,NA,NA,NA,NA,20190291620
110,2019029,1620,2019,29,16,20,NA,NA,T,NA,NA,NA,NA,20190291620
111,2019029,1800,2019,29,18,0,NA,NA,A,NA,NA,NA,NA,20190291800
112,2019030,1525,2019,30,15,25,38.9875,-76.89710815,T,0.25817,0.18604,0.0079,0,20190301525
113,2019030,1700,2019,30,17,0,NA,NA,T,NA,NA,NA,NA,20190301700
114,2019030,1705,2019,30,17,5,NA,NA,A,NA,NA,NA,NA,20190301705
115,2019030,1840,2019,30,18,40,NA,NA,A,NA,NA,NA,NA,20190301840
1,2019031,1430,2019,31,14,30,NA,NA,T,NA,NA,NA,NA,20190311430
2,2019031,1610,2019,31,16,10,39.0375,-76.82274828,T,0.12811,0.09189,NA,0,20190311610
3,2019031,1745,2019,31,17,45,39.0375,-76.83347696,A,0.1023,0.07323,0.0096,0,20190311745
116,2019032,1515,2019,32,15,15,NA,NA,T,NA,NA,NA,NA,20190321515
117,2019032,1650,2019,32,16,50,NA,NA,A,NA,NA,NA,NA,20190321650
118,2019032,1650,2019,32,16,50,NA,NA,T,NA,NA,NA,NA,20190321650
119,2019032,1830,2019,32,18,30,NA,NA,A,NA,NA,NA,NA,20190321830
120,2019033,1420,2019,33,14,20,NA,NA,T,NA,NA,NA,NA,20190331420
121,2019033,1555,2019,33,15,55,NA,NA,T,NA,NA,NA,NA,20190331555
122,2019033,1735,2019,33,17,35,NA,NA,A,NA,NA,NA,NA,20190331735
123,2019033,1915,2019,33,19,15,NA,NA,A,NA,NA,NA,NA,20190331915
124,2019034,1500,2019,34,15,0,NA,NA,T,NA,NA,NA,NA,20190341500
125,2019034,1640,2019,34,16,40,NA,NA,A,NA,NA,NA,NA,20190341640
126,2019034,1640,2019,34,16,40,NA,NA,T,NA,NA,NA,NA,20190341640
127,2019034,1820,2019,34,18,20,NA,NA,A,NA,NA,NA,NA,20190341820
128,2019035,1405,2019,35,14,5,NA,NA,T,NA,NA,NA,NA,20190351405
129,2019035,1545,2019,35,15,45,39.0375,-76.88712039,T,0.14855,0.10658,NA,0,20190351545
130,2019035,1725,2019,35,17,25,39.0375,-76.88712039,A,0.08859,0.06335,0.0052,0,20190351725
131,2019035,1900,2019,35,19,0,39.0375,-76.88712039,A,0.0674,0.04821,0.0072,0,20190351900
132,2019036,1450,2019,36,14,50,NA,NA,T,NA,NA,NA,NA,20190361450
133,2019036,1625,2019,36,16,25,NA,NA,A,NA,NA,NA,NA,20190361625
134,2019036,1625,2019,36,16,25,39.0375,-76.88712039,T,0.05436,0.03882,0.0105,0,20190361625
135,2019036,1805,2019,36,18,5,39.0375,-76.88712039,A,0.07704,0.05505,0.0185,0,20190361805
136,2019037,1355,2019,37,13,55,NA,NA,T,NA,NA,NA,NA,20190371355
137,2019037,1535,2019,37,15,35,NA,NA,T,NA,NA,NA,NA,20190371535
138,2019037,1710,2019,37,17,10,NA,NA,A,NA,NA,NA,NA,20190371710
139,2019037,1850,2019,37,18,50,NA,NA,A,NA,NA,NA,NA,20190371850
140,2019038,1440,2019,38,14,40,NA,NA,T,NA,NA,NA,NA,20190381440
141,2019038,1615,2019,38,16,15,NA,NA,T,NA,NA,NA,NA,20190381615
142,2019038,1755,2019,38,17,55,NA,NA,A,NA,NA,NA,NA,20190381755
143,2019039,1520,2019,39,15,20,NA,NA,T,NA,NA,NA,NA,20190391520
144,2019039,1655,2019,39,16,55,39.0375,-76.88712039,T,0.0225,0.016,0.0043,0,20190391655
145,2019039,1700,2019,39,17,0,NA,NA,A,NA,NA,NA,NA,20190391700
146,2019039,1835,2019,39,18,35,38.99583333,-76.79893916,A,0.04051,0.02887,0.0143,0,20190391835
147,2019040,1425,2019,40,14,25,NA,NA,T,NA,NA,NA,NA,20190401425
148,2019040,1605,2019,40,16,5,39.0375,-76.88712039,T,0.11185,0.08009,0.0205,0,20190401605
149,2019040,1740,2019,40,17,40,39.0375,-76.88712039,A,0.03156,0.0225,0.009,0,20190401740
150,2019041,1510,2019,41,15,10,NA,NA,T,NA,NA,NA,NA,20190411510
151,2019041,1645,2019,41,16,45,NA,NA,A,NA,NA,NA,NA,20190411645
152,2019041,1645,2019,41,16,45,NA,NA,T,NA,NA,NA,NA,20190411645
153,2019041,1825,2019,41,18,25,NA,NA,A,NA,NA,NA,NA,20190411825
154,2019042,1415,2019,42,14,15,NA,NA,T,NA,NA,NA,NA,20190421415
155,2019042,1550,2019,42,15,50,NA,NA,T,NA,NA,NA,NA,20190421550
156,2019042,1730,2019,42,17,30,NA,NA,A,NA,NA,NA,NA,20190421730
157,2019042,1905,2019,42,19,5,NA,NA,A,NA,NA,NA,NA,20190421905
158,2019043,1455,2019,43,14,55,NA,NA,T,NA,NA,NA,NA,20190431455
159,2019043,1635,2019,43,16,35,NA,NA,A,NA,NA,NA,NA,20190431635
160,2019043,1635,2019,43,16,35,NA,NA,T,NA,NA,NA,NA,20190431635
161,2019043,1810,2019,43,18,10,NA,NA,A,NA,NA,NA,NA,20190431810
162,2019044,1400,2019,44,14,0,NA,NA,T,NA,NA,NA,NA,20190441400
163,2019044,1540,2019,44,15,40,39.02083333,-76.79390931,T,0.17327,0.12433,0.0132,0,20190441540
164,2019044,1715,2019,44,17,15,NA,NA,A,NA,NA,NA,NA,20190441715
165,2019044,1855,2019,44,18,55,NA,NA,A,NA,NA,NA,NA,20190441855
166,2019045,1445,2019,45,14,45,NA,NA,T,NA,NA,NA,NA,20190451445
167,2019045,1620,2019,45,16,20,NA,NA,A,NA,NA,NA,NA,20190451620
168,2019045,1620,2019,45,16,20,NA,NA,T,NA,NA,NA,NA,20190451620
169,2019045,1800,2019,45,18,0,NA,NA,A,NA,NA,NA,NA,20190451800
170,2019046,1525,2019,46,15,25,39.0375,-76.88712039,T,0.16163,0.11589,0.0096,0,20190461525
171,2019046,1700,2019,46,17,0,NA,NA,T,NA,NA,NA,NA,20190461700
172,2019046,1705,2019,46,17,5,NA,NA,A,NA,NA,NA,NA,20190461705
173,2019046,1845,2019,46,18,45,NA,NA,A,NA,NA,NA,NA,20190461845
174,2019047,1430,2019,47,14,30,NA,NA,T,NA,NA,NA,NA,20190471430
175,2019047,1610,2019,47,16,10,NA,NA,T,NA,NA,NA,NA,20190471610
176,2019047,1745,2019,47,17,45,NA,NA,A,NA,NA,NA,NA,20190471745
177,2019048,1515,2019,48,15,15,NA,NA,T,NA,NA,NA,NA,20190481515
178,2019048,1650,2019,48,16,50,NA,NA,A,NA,NA,NA,NA,20190481650
179,2019048,1650,2019,48,16,50,NA,NA,T,NA,NA,NA,NA,20190481650
180,2019048,1830,2019,48,18,30,NA,NA,A,NA,NA,NA,NA,20190481830
181,2019049,1420,2019,49,14,20,NA,NA,T,NA,NA,NA,NA,20190491420
182,2019049,1555,2019,49,15,55,NA,NA,T,NA,NA,NA,NA,20190491555
183,2019049,1735,2019,49,17,35,NA,NA,A,NA,NA,NA,NA,20190491735
184,2019049,1915,2019,49,19,15,NA,NA,A,NA,NA,NA,NA,20190491915
185,2019050,1500,2019,50,15,0,NA,NA,T,NA,NA,NA,NA,20190501500
186,2019050,1640,2019,50,16,40,NA,NA,A,NA,NA,NA,NA,20190501640
187,2019050,1640,2019,50,16,40,39.0375,-76.83347696,T,0.10307,0.07387,0.0081,0,20190501640
188,2019050,1820,2019,50,18,20,NA,NA,A,NA,NA,NA,NA,20190501820
189,2019051,1405,2019,51,14,5,NA,NA,T,NA,NA,NA,NA,20190511405
190,2019051,1545,2019,51,15,45,NA,NA,T,NA,NA,NA,NA,20190511545
191,2019051,1725,2019,51,17,25,NA,NA,A,NA,NA,NA,NA,20190511725
192,2019051,1900,2019,51,19,0,NA,NA,A,NA,NA,NA,NA,20190511900
193,2019052,1450,2019,52,14,50,NA,NA,T,NA,NA,NA,NA,20190521450
194,2019052,1625,2019,52,16,25,NA,NA,A,NA,NA,NA,NA,20190521625
195,2019052,1625,2019,52,16,25,NA,NA,T,NA,NA,NA,NA,20190521625
196,2019052,1805,2019,52,18,5,NA,NA,A,NA,NA,NA,NA,20190521805
197,2019053,1355,2019,53,13,55,NA,NA,T,NA,NA,NA,NA,20190531355
198,2019053,1535,2019,53,15,35,NA,NA,T,NA,NA,NA,NA,20190531535
199,2019053,1710,2019,53,17,10,NA,NA,A,NA,NA,NA,NA,20190531710
200,2019053,1850,2019,53,18,50,NA,NA,A,NA,NA,NA,NA,20190531850
201,2019054,1440,2019,54,14,40,NA,NA,T,NA,NA,NA,NA,20190541440
202,2019054,1615,2019,54,16,15,NA,NA,T,NA,NA,NA,NA,20190541615
203,2019054,1755,2019,54,17,55,NA,NA,A,NA,NA,NA,NA,20190541755
204,2019055,1520,2019,55,15,20,NA,NA,T,NA,NA,NA,NA,20190551520
205,2019055,1655,2019,55,16,55,NA,NA,T,NA,NA,NA,NA,20190551655
206,2019055,1700,2019,55,17,0,NA,NA,A,NA,NA,NA,NA,20190551700
207,2019055,1835,2019,55,18,35,NA,NA,A,NA,NA,NA,NA,20190551835
208,2019056,1425,2019,56,14,25,NA,NA,T,NA,NA,NA,NA,20190561425
209,2019056,1605,2019,56,16,5,39.0375,-76.88712039,T,0.0764,0.05467,0.0251,0,20190561605
210,2019056,1740,2019,56,17,40,39.0375,-76.88712039,A,0.00373,0.00257,0.0112,0,20190561740
211,2019057,1510,2019,57,15,10,NA,NA,T,NA,NA,NA,NA,20190571510
212,2019057,1645,2019,57,16,45,NA,NA,A,NA,NA,NA,NA,20190571645
213,2019057,1645,2019,57,16,45,NA,NA,T,NA,NA,NA,NA,20190571645
214,2019057,1825,2019,57,18,25,NA,NA,A,NA,NA,NA,NA,20190571825
215,2019058,1415,2019,58,14,15,NA,NA,T,NA,NA,NA,NA,20190581415
216,2019058,1550,2019,58,15,50,NA,NA,T,NA,NA,NA,NA,20190581550
217,2019058,1730,2019,58,17,30,NA,NA,A,NA,NA,NA,NA,20190581730
218,2019058,1905,2019,58,19,5,NA,NA,A,NA,NA,NA,NA,20190581905
219,2019059,1455,2019,59,14,55,NA,NA,T,NA,NA,NA,NA,20190591455
220,2019059,1635,2019,59,16,35,NA,NA,A,NA,NA,NA,NA,20190591635
221,2019059,1635,2019,59,16,35,39.0375,-76.88712039,T,0.07647,0.05468,0.0116,0,20190591635
222,2019059,1810,2019,59,18,10,39.0375,-76.88712039,A,0.02611,0.0185,0.0282,0,20190591810
223,2019060,1400,2019,60,14,0,NA,NA,T,NA,NA,NA,NA,20190601400
224,2019060,1540,2019,60,15,40,NA,NA,T,NA,NA,NA,NA,20190601540
225,2019060,1715,2019,60,17,15,NA,NA,A,NA,NA,NA,NA,20190601715
226,2019060,1855,2019,60,18,55,NA,NA,A,NA,NA,NA,NA,20190601855
227,2019061,1445,2019,61,14,45,NA,NA,T,NA,NA,NA,NA,20190611445
228,2019061,1620,2019,61,16,20,NA,NA,A,NA,NA,NA,NA,20190611620
229,2019061,1620,2019,61,16,20,NA,NA,T,NA,NA,NA,NA,20190611620
230,2019061,1800,2019,61,18,0,NA,NA,A,NA,NA,NA,NA,20190611800
4,2019062,1525,2019,62,15,25,NA,NA,T,NA,NA,NA,NA,20190621525
5,2019062,1700,2019,62,17,0,NA,NA,T,NA,NA,NA,NA,20190621700
6,2019062,1705,2019,62,17,5,NA,NA,A,NA,NA,NA,NA,20190621705
7,2019062,1845,2019,62,18,45,NA,NA,A,NA,NA,NA,NA,20190621845
231,2019063,1430,2019,63,14,30,NA,NA,T,NA,NA,NA,NA,20190631430
232,2019063,1610,2019,63,16,10,NA,NA,T,NA,NA,NA,NA,20190631610
233,2019063,1750,2019,63,17,50,NA,NA,A,NA,NA,NA,NA,20190631750
234,2019064,1515,2019,64,15,15,39.0375,-76.88712039,T,0.08577,0.06143,0.0085,0,20190641515
235,2019064,1650,2019,64,16,50,NA,NA,A,NA,NA,NA,NA,20190641650
236,2019064,1650,2019,64,16,50,39.0375,-76.88712039,T,0.08301,0.05942,0.0069,0,20190641650
237,2019064,1830,2019,64,18,30,39.0375,-76.88712039,A,0.07083,0.0506,0.0237,0,20190641830
238,2019065,1420,2019,65,14,20,NA,NA,T,NA,NA,NA,NA,20190651420
239,2019065,1735,2019,65,17,35,NA,NA,A,NA,NA,NA,NA,20190651735
240,2019065,1915,2019,65,19,15,NA,NA,A,NA,NA,NA,NA,20190651915
241,2019066,1500,2019,66,15,0,NA,NA,T,NA,NA,NA,NA,20190661500
242,2019066,1640,2019,66,16,40,NA,NA,T,NA,NA,NA,NA,20190661640
243,2019066,1820,2019,66,18,20,NA,NA,A,NA,NA,NA,NA,20190661820
244,2019067,1405,2019,67,14,5,NA,NA,T,NA,NA,NA,NA,20190671405
245,2019067,1545,2019,67,15,45,NA,NA,T,NA,NA,NA,NA,20190671545
246,2019067,1725,2019,67,17,25,NA,NA,A,NA,NA,NA,NA,20190671725
247,2019067,1900,2019,67,19,0,NA,NA,A,NA,NA,NA,NA,20190671900
248,2019068,1450,2019,68,14,50,NA,NA,T,NA,NA,NA,NA,20190681450
249,2019068,1625,2019,68,16,25,NA,NA,A,NA,NA,NA,NA,20190681625
250,2019068,1625,2019,68,16,25,NA,NA,T,NA,NA,NA,NA,20190681625
251,2019068,1805,2019,68,18,5,NA,NA,A,NA,NA,NA,NA,20190681805
252,2019069,1355,2019,69,13,55,NA,NA,T,NA,NA,NA,NA,20190691355
253,2019069,1535,2019,69,15,35,NA,NA,T,NA,NA,NA,NA,20190691535
254,2019069,1710,2019,69,17,10,NA,NA,A,NA,NA,NA,NA,20190691710
255,2019069,1850,2019,69,18,50,NA,NA,A,NA,NA,NA,NA,20190691850
256,2019070,1440,2019,70,14,40,NA,NA,T,NA,NA,NA,NA,20190701440
257,2019070,1615,2019,70,16,15,NA,NA,T,NA,NA,NA,NA,20190701615
258,2019070,1755,2019,70,17,55,NA,NA,A,NA,NA,NA,NA,20190701755
259,2019071,1520,2019,71,15,20,39.0375,-76.88712039,T,0.08291,0.05934,NA,0,20190711520
260,2019071,1655,2019,71,16,55,39.0375,-76.88712039,T,0.06938,0.04958,0.0065,0,20190711655
261,2019071,1700,2019,71,17,0,NA,NA,A,NA,NA,NA,NA,20190711700
262,2019071,1835,2019,71,18,35,39.0375,-76.88712039,A,0.05801,0.04151,0.0215,0,20190711835
263,2019072,1425,2019,72,14,25,NA,NA,T,NA,NA,NA,NA,20190721425
264,2019072,1605,2019,72,16,5,NA,NA,T,NA,NA,NA,NA,20190721605
265,2019072,1740,2019,72,17,40,39.0375,-76.88712039,A,0.11489,0.08237,0.0135,0,20190721740
266,2019073,1510,2019,73,15,10,NA,NA,T,NA,NA,NA,NA,20190731510
267,2019073,1645,2019,73,16,45,NA,NA,A,NA,NA,NA,NA,20190731645
268,2019073,1645,2019,73,16,45,39.0375,-76.86566302,T,0.14222,0.10194,0.0092,0,20190731645
269,2019073,1825,2019,73,18,25,NA,NA,A,NA,NA,NA,NA,20190731825
270,2019074,1415,2019,74,14,15,NA,NA,T,NA,NA,NA,NA,20190741415
271,2019074,1550,2019,74,15,50,NA,NA,T,NA,NA,NA,NA,20190741550
272,2019074,1730,2019,74,17,30,NA,NA,A,NA,NA,NA,NA,20190741730
273,2019074,1905,2019,74,19,5,NA,NA,A,NA,NA,NA,NA,20190741905
274,2019075,1455,2019,75,14,55,NA,NA,T,NA,NA,NA,NA,20190751455
275,2019075,1635,2019,75,16,35,NA,NA,A,NA,NA,NA,NA,20190751635
276,2019075,1635,2019,75,16,35,39.0375,-76.80129091,T,0.05125,0.03669,0.0133,0,20190751635
277,2019075,1810,2019,75,18,10,39.0375,-76.88712039,A,0.02762,0.01969,0.0351,0,20190751810
278,2019076,1400,2019,76,14,0,NA,NA,T,NA,NA,NA,NA,20190761400
279,2019076,1540,2019,76,15,40,39.0375,-76.86566302,T,0.07588,0.05428,0.0186,0,20190761540
280,2019076,1715,2019,76,17,15,NA,NA,A,NA,NA,NA,NA,20190761715
281,2019076,1855,2019,76,18,55,39.0375,-76.86566302,A,0.05759,0.04113,0.0119,0,20190761855
282,2019077,1445,2019,77,14,45,NA,NA,T,NA,NA,NA,NA,20190771445
283,2019077,1620,2019,77,16,20,NA,NA,A,NA,NA,NA,NA,20190771620
284,2019077,1620,2019,77,16,20,NA,NA,T,NA,NA,NA,NA,20190771620
285,2019077,1800,2019,77,18,0,NA,NA,A,NA,NA,NA,NA,20190771800
286,2019078,1525,2019,78,15,25,39.0375,-76.83347696,T,0.08725,0.06241,0.013,0,20190781525
287,2019078,1705,2019,78,17,5,NA,NA,A,NA,NA,NA,NA,20190781705
288,2019078,1705,2019,78,17,5,NA,NA,T,NA,NA,NA,NA,20190781705
289,2019078,1845,2019,78,18,45,39.0375,-76.88712039,A,0.08197,0.05865,0.0195,0,20190781845
290,2019079,1430,2019,79,14,30,NA,NA,T,NA,NA,NA,NA,20190791430
291,2019079,1610,2019,79,16,10,NA,NA,T,NA,NA,NA,NA,20190791610
292,2019079,1750,2019,79,17,50,NA,NA,A,NA,NA,NA,NA,20190791750
293,2019080,1515,2019,80,15,15,NA,NA,T,NA,NA,NA,NA,20190801515
294,2019080,1650,2019,80,16,50,NA,NA,A,NA,NA,NA,NA,20190801650
295,2019080,1650,2019,80,16,50,NA,NA,T,NA,NA,NA,NA,20190801650
296,2019080,1830,2019,80,18,30,NA,NA,A,NA,NA,NA,NA,20190801830
297,2019081,1420,2019,81,14,20,NA,NA,T,NA,NA,NA,NA,20190811420
298,2019081,1600,2019,81,16,0,NA,NA,T,NA,NA,NA,NA,20190811600
299,2019081,1735,2019,81,17,35,NA,NA,A,NA,NA,NA,NA,20190811735
300,2019081,1915,2019,81,19,15,NA,NA,A,NA,NA,NA,NA,20190811915
301,2019082,1505,2019,82,15,5,NA,NA,T,NA,NA,NA,NA,20190821505
302,2019082,1640,2019,82,16,40,NA,NA,A,NA,NA,NA,NA,20190821640
303,2019082,1640,2019,82,16,40,39.0375,-76.88712039,T,0.03465,0.02466,0.0128,0,20190821640
304,2019082,1820,2019,82,18,20,39.0375,-76.88712039,A,0.05614,0.0401,0.0354,0,20190821820
305,2019083,1405,2019,83,14,5,NA,NA,T,NA,NA,NA,NA,20190831405
306,2019083,1545,2019,83,15,45,39.0125,-76.89210872,T,0.198,0.142,0.025,0,20190831545
307,2019083,1725,2019,83,17,25,NA,NA,A,NA,NA,NA,NA,20190831725
308,2019083,1900,2019,83,19,0,NA,NA,A,NA,NA,NA,NA,20190831900
309,2019084,1450,2019,84,14,50,NA,NA,T,NA,NA,NA,NA,20190841450
310,2019084,1625,2019,84,16,25,NA,NA,A,NA,NA,NA,NA,20190841625
311,2019084,1625,2019,84,16,25,NA,NA,T,NA,NA,NA,NA,20190841625
312,2019084,1805,2019,84,18,5,NA,NA,A,NA,NA,NA,NA,20190841805
313,2019085,1355,2019,85,13,55,NA,NA,T,NA,NA,NA,NA,20190851355
314,2019085,1535,2019,85,15,35,39.0375,-76.88712039,T,0.05046,0.03608,0.0187,0,20190851535
315,2019085,1710,2019,85,17,10,NA,NA,A,NA,NA,NA,NA,20190851710
316,2019085,1850,2019,85,18,50,39.0375,-76.88712039,A,0.02777,0.01973,0.0171,0,20190851850
317,2019086,1440,2019,86,14,40,NA,NA,T,NA,NA,NA,NA,20190861440
318,2019086,1615,2019,86,16,15,NA,NA,T,NA,NA,NA,NA,20190861615
319,2019086,1755,2019,86,17,55,NA,NA,A,NA,NA,NA,NA,20190861755
320,2019087,1520,2019,87,15,20,NA,NA,T,NA,NA,NA,NA,20190871520
321,2019087,1655,2019,87,16,55,39.0375,-76.8763917,T,0.09171,0.06562,0.0079,0,20190871655
322,2019087,1700,2019,87,17,0,NA,NA,A,NA,NA,NA,NA,20190871700
323,2019087,1835,2019,87,18,35,39.0375,-76.86566302,A,0.12475,0.08943,0.0227,0,20190871835
324,2019088,1425,2019,88,14,25,NA,NA,T,NA,NA,NA,NA,20190881425
325,2019088,1605,2019,88,16,5,NA,NA,T,NA,NA,NA,NA,20190881605
326,2019088,1740,2019,88,17,40,NA,NA,A,NA,NA,NA,NA,20190881740
327,2019089,1510,2019,89,15,10,NA,NA,T,NA,NA,NA,NA,20190891510
328,2019089,1645,2019,89,16,45,NA,NA,A,NA,NA,NA,NA,20190891645
329,2019089,1645,2019,89,16,45,NA,NA,T,NA,NA,NA,NA,20190891645
330,2019089,1825,2019,89,18,25,NA,NA,A,NA,NA,NA,NA,20190891825
331,2019090,1415,2019,90,14,15,NA,NA,T,NA,NA,NA,NA,20190901415
332,2019090,1550,2019,90,15,50,NA,NA,T,NA,NA,NA,NA,20190901550
333,2019090,1730,2019,90,17,30,NA,NA,A,NA,NA,NA,NA,20190901730
334,2019090,1905,2019,90,19,5,39.0375,-76.79056222,A,0.11741,0.08424,0.0095,0,20190901905
1,2019091,1455,2019,91,14,55,NA,NA,T,NA,NA,NA,NA,20190911455
2,2019091,1635,2019,91,16,35,NA,NA,A,NA,NA,NA,NA,20190911635
3,2019091,1635,2019,91,16,35,39.0375,-76.88712039,T,0.05719,0.04086,0.0175,0,20190911635
4,2019091,1810,2019,91,18,10,39.0375,-76.88712039,A,0.04895,0.03495,0.0377,0,20190911810
5,2019092,1400,2019,92,14,0,NA,NA,T,NA,NA,NA,NA,20190921400
6,2019092,1540,2019,92,15,40,NA,NA,T,NA,NA,NA,NA,20190921540
7,2019092,1715,2019,92,17,15,NA,NA,A,NA,NA,NA,NA,20190921715
8,2019092,1855,2019,92,18,55,NA,NA,A,NA,NA,NA,NA,20190921855
9,2019093,1445,2019,93,14,45,NA,NA,T,NA,NA,NA,NA,20190931445
10,2019093,1620,2019,93,16,20,NA,NA,A,NA,NA,NA,NA,20190931620
11,2019093,1620,2019,93,16,20,39.0375,-76.88712039,T,0.15906,0.11419,0.0273,0,20190931620
12,2019093,1800,2019,93,18,0,39.0375,-76.88712039,A,0.16103,0.11555,0.0304,0,20190931800
13,2019094,1525,2019,94,15,25,NA,NA,T,NA,NA,NA,NA,20190941525
14,2019094,1705,2019,94,17,5,NA,NA,T,NA,NA,NA,NA,20190941705
15,2019094,1845,2019,94,18,45,NA,NA,A,NA,NA,NA,NA,20190941845
16,2019095,1430,2019,95,14,30,NA,NA,T,NA,NA,NA,NA,20190951430
17,2019095,1610,2019,95,16,10,NA,NA,T,NA,NA,NA,NA,20190951610
18,2019095,1750,2019,95,17,50,NA,NA,A,NA,NA,NA,NA,20190951750
19,2019096,1515,2019,96,15,15,39.0375,-76.88712039,T,0.21194,0.15268,0.0117,0,20190961515
20,2019096,1650,2019,96,16,50,39.0375,-76.88712039,T,0.16076,0.11529,0.0102,0,20190961650
21,2019096,1655,2019,96,16,55,NA,NA,A,NA,NA,NA,NA,20190961655
22,2019096,1830,2019,96,18,30,39.0375,-76.88712039,A,0.20418,0.14691,0.0302,0,20190961830
23,2019097,1420,2019,97,14,20,NA,NA,T,NA,NA,NA,NA,20190971420
24,2019097,1600,2019,97,16,0,39.0375,-76.8763917,T,0.23782,0.17129,0.0351,0,20190971600
25,2019097,1735,2019,97,17,35,NA,NA,A,NA,NA,NA,NA,20190971735
26,2019097,1915,2019,97,19,15,NA,NA,A,NA,NA,NA,NA,20190971915
27,2019098,1505,2019,98,15,5,NA,NA,T,NA,NA,NA,NA,20190981505
28,2019098,1640,2019,98,16,40,NA,NA,A,NA,NA,NA,NA,20190981640
29,2019098,1640,2019,98,16,40,NA,NA,T,NA,NA,NA,NA,20190981640
30,2019098,1820,2019,98,18,20,NA,NA,A,NA,NA,NA,NA,20190981820
8,2019099,1405,2019,99,14,5,NA,NA,T,NA,NA,NA,NA,20190991405
9,2019099,1545,2019,99,15,45,NA,NA,T,NA,NA,NA,NA,20190991545
10,2019099,1725,2019,99,17,25,NA,NA,A,NA,NA,NA,NA,20190991725
11,2019099,1900,2019,99,19,0,NA,NA,A,NA,NA,NA,NA,20190991900
31,2019100,1450,2019,100,14,50,NA,NA,T,NA,NA,NA,NA,20191001450
32,2019100,1625,2019,100,16,25,39.0375,-76.88712039,T,0.10883,0.078,0.0242,0,20191001625
33,2019100,1630,2019,100,16,30,NA,NA,A,NA,NA,NA,NA,20191001630
34,2019100,1805,2019,100,18,5,39.0375,-76.88712039,A,0.19544,0.14053,0.0351,0,20191001805
35,2019101,1355,2019,101,13,55,NA,NA,T,NA,NA,NA,NA,20191011355
36,2019101,1535,2019,101,15,35,39.0375,-76.88712039,T,0.29526,0.213,0.0195,0,20191011535
37,2019101,1710,2019,101,17,10,NA,NA,A,NA,NA,NA,NA,20191011710
38,2019101,1850,2019,101,18,50,NA,NA,A,NA,NA,NA,NA,20191011850
39,2019102,1440,2019,102,14,40,NA,NA,T,NA,NA,NA,NA,20191021440
40,2019102,1615,2019,102,16,15,NA,NA,T,NA,NA,NA,NA,20191021615
41,2019102,1755,2019,102,17,55,NA,NA,A,NA,NA,NA,NA,20191021755
42,2019103,1520,2019,103,15,20,39.02083333,-76.89044471,T,0.446,0.32384,0.0136,0,20191031520
43,2019103,1655,2019,103,16,55,NA,NA,T,NA,NA,NA,NA,20191031655
44,2019103,1700,2019,103,17,0,NA,NA,A,NA,NA,NA,NA,20191031700
45,2019103,1835,2019,103,18,35,NA,NA,A,NA,NA,NA,NA,20191031835
46,2019104,1425,2019,104,14,25,NA,NA,T,NA,NA,NA,NA,20191041425
47,2019104,1605,2019,104,16,5,NA,NA,T,NA,NA,NA,NA,20191041605
48,2019104,1740,2019,104,17,40,NA,NA,A,NA,NA,NA,NA,20191041740
49,2019105,1510,2019,105,15,10,NA,NA,T,NA,NA,NA,NA,20191051510
50,2019105,1645,2019,105,16,45,NA,NA,A,NA,NA,NA,NA,20191051645
51,2019105,1645,2019,105,16,45,NA,NA,T,NA,NA,NA,NA,20191051645
52,2019105,1825,2019,105,18,25,NA,NA,A,NA,NA,NA,NA,20191051825
53,2019106,1415,2019,106,14,15,NA,NA,T,NA,NA,NA,NA,20191061415
54,2019106,1550,2019,106,15,50,NA,NA,T,NA,NA,NA,NA,20191061550
55,2019106,1730,2019,106,17,30,39.0375,-76.88712039,A,0.20098,0.14447,0.0119,0,20191061730
56,2019106,1905,2019,106,19,5,39.0375,-76.88712039,A,0.06726,0.0481,0.0104,0,20191061905
57,2019107,1455,2019,107,14,55,NA,NA,T,NA,NA,NA,NA,20191071455
58,2019107,1635,2019,107,16,35,NA,NA,A,NA,NA,NA,NA,20191071635
59,2019107,1635,2019,107,16,35,NA,NA,T,NA,NA,NA,NA,20191071635
60,2019107,1810,2019,107,18,10,NA,NA,A,NA,NA,NA,NA,20191071810
61,2019108,1400,2019,108,14,0,NA,NA,T,NA,NA,NA,NA,20191081400
62,2019108,1540,2019,108,15,40,NA,NA,T,NA,NA,NA,NA,20191081540
63,2019108,1715,2019,108,17,15,NA,NA,A,NA,NA,NA,NA,20191081715
64,2019108,1855,2019,108,18,55,NA,NA,A,NA,NA,NA,NA,20191081855
65,2019109,1445,2019,109,14,45,NA,NA,T,NA,NA,NA,NA,20191091445
66,2019109,1620,2019,109,16,20,NA,NA,A,NA,NA,NA,NA,20191091620
67,2019109,1620,2019,109,16,20,NA,NA,T,NA,NA,NA,NA,20191091620
68,2019109,1800,2019,109,18,0,NA,NA,A,NA,NA,NA,NA,20191091800
69,2019110,1525,2019,110,15,25,NA,NA,T,NA,NA,NA,NA,20191101525
70,2019110,1705,2019,110,17,5,NA,NA,A,NA,NA,NA,NA,20191101705
71,2019110,1705,2019,110,17,5,NA,NA,T,NA,NA,NA,NA,20191101705
72,2019110,1845,2019,110,18,45,39.0375,-76.88712039,A,0.12799,0.09184,0.0203,0,20191101845
73,2019111,1430,2019,111,14,30,NA,NA,T,NA,NA,NA,NA,20191111430
74,2019111,1610,2019,111,16,10,NA,NA,T,NA,NA,NA,NA,20191111610
75,2019111,1750,2019,111,17,50,NA,NA,A,NA,NA,NA,NA,20191111750
76,2019112,1515,2019,112,15,15,NA,NA,T,NA,NA,NA,NA,20191121515
77,2019112,1650,2019,112,16,50,NA,NA,A,NA,NA,NA,NA,20191121650
78,2019112,1650,2019,112,16,50,39.0375,-76.88712039,T,0.27789,0.20033,0.0113,0,20191121650
79,2019112,1830,2019,112,18,30,39.0375,-76.82274828,A,0.12697,0.09107,0.0268,0,20191121830
80,2019113,1420,2019,113,14,20,NA,NA,T,NA,NA,NA,NA,20191131420
81,2019113,1600,2019,113,16,0,39.0375,-76.88712039,T,0.3007,0.2171,0.0362,0,20191131600
82,2019113,1735,2019,113,17,35,39.00416666,-76.89377396,A,0.173,0.12433,0.0139,0,20191131735
83,2019113,1915,2019,113,19,15,NA,NA,A,NA,NA,NA,NA,20191131915
84,2019114,1505,2019,114,15,5,NA,NA,T,NA,NA,NA,NA,20191141505
85,2019114,1640,2019,114,16,40,NA,NA,A,NA,NA,NA,NA,20191141640
86,2019114,1640,2019,114,16,40,39.0375,-76.88712039,T,0.15857,0.11378,0.0171,0,20191141640
87,2019114,1820,2019,114,18,20,39.0375,-76.81201959,A,0.23705,0.17077,0.0321,0,20191141820
88,2019115,1405,2019,115,14,5,NA,NA,T,NA,NA,NA,NA,20191151405
89,2019115,1545,2019,115,15,45,NA,NA,T,NA,NA,NA,NA,20191151545
90,2019115,1725,2019,115,17,25,NA,NA,A,NA,NA,NA,NA,20191151725
91,2019115,1900,2019,115,19,0,NA,NA,A,NA,NA,NA,NA,20191151900
92,2019116,1450,2019,116,14,50,NA,NA,T,NA,NA,NA,NA,20191161450
93,2019116,1625,2019,116,16,25,NA,NA,A,NA,NA,NA,NA,20191161625
94,2019116,1625,2019,116,16,25,38.9625,-76.78422819,T,0.443,0.321,0.0232,0,20191161625
95,2019116,1805,2019,116,18,5,NA,NA,A,NA,NA,NA,NA,20191161805
96,2019117,1355,2019,117,13,55,NA,NA,T,NA,NA,NA,NA,20191171355
97,2019117,1535,2019,117,15,35,39.0375,-76.88712039,T,0.12208,0.08753,0.02,0,20191171535
98,2019117,1710,2019,117,17,10,NA,NA,A,NA,NA,NA,NA,20191171710
99,2019117,1850,2019,117,18,50,39.0375,-76.88712039,A,0.08419,0.06027,0.0174,0,20191171850
100,2019118,1440,2019,118,14,40,NA,NA,T,NA,NA,NA,NA,20191181440
101,2019118,1615,2019,118,16,15,39.00416666,-76.89377396,T,0.4575,0.33225,0.0343,0,20191181615
102,2019118,1755,2019,118,17,55,39.02083333,-76.79390931,A,0.32674,0.23624,0.0246,0,20191181755
103,2019119,1520,2019,119,15,20,NA,NA,T,NA,NA,NA,NA,20191191520
104,2019119,1655,2019,119,16,55,NA,NA,T,NA,NA,NA,NA,20191191655
105,2019119,1700,2019,119,17,0,NA,NA,A,NA,NA,NA,NA,20191191700
106,2019119,1835,2019,119,18,35,NA,NA,A,NA,NA,NA,NA,20191191835
1,2019120,1425,2019,120,14,25,NA,NA,T,NA,NA,NA,NA,20191201425
2,2019120,1605,2019,120,16,5,39.0375,-76.80129091,T,0.4125,0.3,0.0343,0,20191201605
3,2019120,1740,2019,120,17,40,NA,NA,A,NA,NA,NA,NA,20191201740
4,2019121,1510,2019,121,15,10,NA,NA,T,NA,NA,NA,NA,20191211510
5,2019121,1645,2019,121,16,45,NA,NA,A,NA,NA,NA,NA,20191211645
6,2019121,1645,2019,121,16,45,NA,NA,T,NA,NA,NA,NA,20191211645
7,2019121,1825,2019,121,18,25,NA,NA,A,NA,NA,NA,NA,20191211825
8,2019122,1415,2019,122,14,15,NA,NA,T,NA,NA,NA,NA,20191221415
9,2019122,1550,2019,122,15,50,39.0375,-76.88712039,T,0.30779,0.22241,0.0325,0,20191221550
10,2019122,1730,2019,122,17,30,39.0375,-76.88712039,A,0.26615,0.19179,0.0125,0,20191221730
11,2019122,1905,2019,122,19,5,NA,NA,A,NA,NA,NA,NA,20191221905
12,2019123,1455,2019,123,14,55,NA,NA,T,NA,NA,NA,NA,20191231455
13,2019123,1635,2019,123,16,35,NA,NA,A,NA,NA,NA,NA,20191231635
14,2019123,1635,2019,123,16,35,NA,NA,T,NA,NA,NA,NA,20191231635
15,2019123,1810,2019,123,18,10,NA,NA,A,NA,NA,NA,NA,20191231810
16,2019124,1400,2019,124,14,0,NA,NA,T,NA,NA,NA,NA,20191241400
17,2019124,1540,2019,124,15,40,NA,NA,T,NA,NA,NA,NA,20191241540
18,2019124,1715,2019,124,17,15,NA,NA,A,NA,NA,NA,NA,20191241715
19,2019124,1855,2019,124,18,55,NA,NA,A,NA,NA,NA,NA,20191241855
20,2019125,1445,2019,125,14,45,NA,NA,T,NA,NA,NA,NA,20191251445
21,2019125,1620,2019,125,16,20,NA,NA,A,NA,NA,NA,NA,20191251620
22,2019125,1620,2019,125,16,20,NA,NA,T,NA,NA,NA,NA,20191251620
23,2019125,1800,2019,125,18,0,NA,NA,A,NA,NA,NA,NA,20191251800
24,2019126,1525,2019,126,15,25,NA,NA,T,NA,NA,NA,NA,20191261525
25,2019126,1705,2019,126,17,5,NA,NA,A,NA,NA,NA,NA,20191261705
26,2019126,1705,2019,126,17,5,NA,NA,T,NA,NA,NA,NA,20191261705
27,2019126,1845,2019,126,18,45,NA,NA,A,NA,NA,NA,NA,20191261845
28,2019127,1430,2019,127,14,30,NA,NA,T,NA,NA,NA,NA,20191271430
29,2019127,1610,2019,127,16,10,39.0375,-76.88712039,T,0.24118,0.17368,0.0362,0,20191271610
30,2019127,1750,2019,127,17,50,39.02916666,-76.83514483,A,0.32606,0.23571,0.0214,0,20191271750
31,2019128,1515,2019,128,15,15,NA,NA,T,NA,NA,NA,NA,20191281515
32,2019128,1650,2019,128,16,50,NA,NA,A,NA,NA,NA,NA,20191281650
33,2019128,1650,2019,128,16,50,NA,NA,T,NA,NA,NA,NA,20191281650
34,2019128,1830,2019,128,18,30,NA,NA,A,NA,NA,NA,NA,20191281830
35,2019129,1420,2019,129,14,20,NA,NA,T,NA,NA,NA,NA,20191291420
36,2019129,1600,2019,129,16,0,NA,NA,T,NA,NA,NA,NA,20191291600
37,2019129,1735,2019,129,17,35,NA,NA,A,NA,NA,NA,NA,20191291735
38,2019129,1915,2019,129,19,15,NA,NA,A,NA,NA,NA,NA,20191291915
12,2019130,1505,2019,130,15,5,NA,NA,T,NA,NA,NA,NA,20191301505
13,2019130,1640,2019,130,16,40,NA,NA,A,NA,NA,NA,NA,20191301640
14,2019130,1640,2019,130,16,40,39.0375,-76.83347696,T,0.27603,0.19897,0.0164,0,20191301640
15,2019130,1820,2019,130,18,20,NA,NA,A,NA,NA,NA,NA,20191301820
39,2019131,1405,2019,131,14,5,NA,NA,T,NA,NA,NA,NA,20191311405
40,2019131,1545,2019,131,15,45,NA,NA,T,NA,NA,NA,NA,20191311545
41,2019131,1725,2019,131,17,25,NA,NA,A,NA,NA,NA,NA,20191311725
42,2019131,1900,2019,131,19,0,NA,NA,A,NA,NA,NA,NA,20191311900
43,2019132,1450,2019,132,14,50,NA,NA,T,NA,NA,NA,NA,20191321450
44,2019132,1625,2019,132,16,25,NA,NA,A,NA,NA,NA,NA,20191321625
45,2019132,1625,2019,132,16,25,NA,NA,T,NA,NA,NA,NA,20191321625
46,2019132,1805,2019,132,18,5,NA,NA,A,NA,NA,NA,NA,20191321805
47,2019133,1355,2019,133,13,55,NA,NA,T,NA,NA,NA,NA,20191331355
48,2019133,1535,2019,133,15,35,NA,NA,T,NA,NA,NA,NA,20191331535
49,2019133,1710,2019,133,17,10,NA,NA,A,NA,NA,NA,NA,20191331710
50,2019133,1850,2019,133,18,50,NA,NA,A,NA,NA,NA,NA,20191331850
51,2019134,1440,2019,134,14,40,NA,NA,T,NA,NA,NA,NA,20191341440
52,2019134,1615,2019,134,16,15,NA,NA,T,NA,NA,NA,NA,20191341615
53,2019134,1755,2019,134,17,55,NA,NA,A,NA,NA,NA,NA,20191341755
54,2019135,1700,2019,135,17,0,NA,NA,A,NA,NA,NA,NA,20191351700
55,2019135,1835,2019,135,18,35,39.00416666,-76.89377396,A,0.385,0.2785,0.0249,0,20191351835
56,2019136,1425,2019,136,14,25,NA,NA,T,NA,NA,NA,NA,20191361425
57,2019136,1605,2019,136,16,5,NA,NA,T,NA,NA,NA,NA,20191361605
58,2019136,1740,2019,136,17,40,NA,NA,A,NA,NA,NA,NA,20191361740
59,2019137,1510,2019,137,15,10,NA,NA,T,NA,NA,NA,NA,20191371510
60,2019137,1645,2019,137,16,45,NA,NA,A,NA,NA,NA,NA,20191371645
61,2019137,1645,2019,137,16,45,NA,NA,T,NA,NA,NA,NA,20191371645
62,2019137,1825,2019,137,18,25,39.0375,-76.84420565,A,0.13403,0.0962,0.0312,0,20191371825
63,2019138,1415,2019,138,14,15,NA,NA,T,NA,NA,NA,NA,20191381415
64,2019138,1550,2019,138,15,50,NA,NA,T,NA,NA,NA,NA,20191381550
65,2019138,1730,2019,138,17,30,NA,NA,A,NA,NA,NA,NA,20191381730
66,2019138,1905,2019,138,19,5,NA,NA,A,NA,NA,NA,NA,20191381905
67,2019139,1455,2019,139,14,55,NA,NA,T,NA,NA,NA,NA,20191391455
68,2019139,1635,2019,139,16,35,NA,NA,A,NA,NA,NA,NA,20191391635
69,2019139,1635,2019,139,16,35,39.0375,-76.88712039,T,0.31383,0.22686,0.0216,0,20191391635
70,2019139,1810,2019,139,18,10,39.0375,-76.80129091,A,0.31626,0.22874,0.033,0,20191391810
71,2019140,1400,2019,140,14,0,NA,NA,T,NA,NA,NA,NA,20191401400
72,2019140,1540,2019,140,15,40,NA,NA,T,NA,NA,NA,NA,20191401540
73,2019140,1715,2019,140,17,15,NA,NA,A,NA,NA,NA,NA,20191401715
74,2019140,1855,2019,140,18,55,NA,NA,A,NA,NA,NA,NA,20191401855
75,2019141,1445,2019,141,14,45,NA,NA,T,NA,NA,NA,NA,20191411445
76,2019141,1620,2019,141,16,20,NA,NA,A,NA,NA,NA,NA,20191411620
77,2019141,1620,2019,141,16,20,39.02083333,-76.79390931,T,0.21297,0.15319,0.0285,0,20191411620
78,2019141,1800,2019,141,18,0,NA,NA,A,NA,NA,NA,NA,20191411800
79,2019142,1525,2019,142,15,25,NA,NA,T,NA,NA,NA,NA,20191421525
80,2019142,1705,2019,142,17,5,NA,NA,A,NA,NA,NA,NA,20191421705
81,2019142,1705,2019,142,17,5,NA,NA,T,NA,NA,NA,NA,20191421705
82,2019142,1840,2019,142,18,40,NA,NA,A,NA,NA,NA,NA,20191421840
83,2019143,1430,2019,143,14,30,NA,NA,T,NA,NA,NA,NA,20191431430
84,2019143,1610,2019,143,16,10,NA,NA,T,NA,NA,NA,NA,20191431610
85,2019143,1745,2019,143,17,45,39.0375,-76.88712039,A,0.31259,0.22593,0.0231,0,20191431745
86,2019144,1515,2019,144,15,15,39.0375,-76.88712039,T,0.09092,0.06504,0.0124,0,20191441515
87,2019144,1650,2019,144,16,50,NA,NA,A,NA,NA,NA,NA,20191441650
88,2019144,1650,2019,144,16,50,39.0375,-76.88712039,T,0.08953,0.0641,0.0128,0,20191441650
89,2019144,1830,2019,144,18,30,39.0375,-76.88712039,A,0.14724,0.10569,0.0281,0,20191441830
90,2019145,1420,2019,145,14,20,NA,NA,T,NA,NA,NA,NA,20191451420
91,2019145,1600,2019,145,16,0,39.02916666,-76.79223515,T,0.4525,0.3285,0.0332,0,20191451600
92,2019145,1735,2019,145,17,35,39.0375,-76.88712039,A,0.31596,0.2286,0.016,0,20191451735
93,2019145,1915,2019,145,19,15,NA,NA,A,NA,NA,NA,NA,20191451915
94,2019146,1505,2019,146,15,5,NA,NA,T,NA,NA,NA,NA,20191461505
95,2019146,1640,2019,146,16,40,NA,NA,A,NA,NA,NA,NA,20191461640
96,2019146,1640,2019,146,16,40,NA,NA,T,NA,NA,NA,NA,20191461640
97,2019146,1820,2019,146,18,20,NA,NA,A,NA,NA,NA,NA,20191461820
98,2019147,1405,2019,147,14,5,NA,NA,T,NA,NA,NA,NA,20191471405
99,2019147,1545,2019,147,15,45,NA,NA,T,NA,NA,NA,NA,20191471545
100,2019147,1725,2019,147,17,25,NA,NA,A,NA,NA,NA,NA,20191471725
101,2019147,1900,2019,147,19,0,NA,NA,A,NA,NA,NA,NA,20191471900
102,2019148,1450,2019,148,14,50,NA,NA,T,NA,NA,NA,NA,20191481450
103,2019148,1625,2019,148,16,25,NA,NA,A,NA,NA,NA,NA,20191481625
104,2019148,1625,2019,148,16,25,39.0375,-76.88712039,T,0.51082,0.37115,0.0271,0,20191481625
105,2019148,1805,2019,148,18,5,38.95416666,-76.85021105,A,0.429,0.311,0.0376,0,20191481805
106,2019149,1355,2019,149,13,55,NA,NA,T,NA,NA,NA,NA,20191491355
107,2019149,1535,2019,149,15,35,39.0375,-76.88712039,T,0.391,0.28338,0.0201,0,20191491535
108,2019149,1710,2019,149,17,10,NA,NA,A,NA,NA,NA,NA,20191491710
109,2019149,1850,2019,149,18,50,NA,NA,A,NA,NA,NA,NA,20191491850
110,2019150,1440,2019,150,14,40,NA,NA,T,NA,NA,NA,NA,20191501440
111,2019150,1615,2019,150,16,15,NA,NA,T,NA,NA,NA,NA,20191501615
112,2019150,1755,2019,150,17,55,NA,NA,A,NA,NA,NA,NA,20191501755
113,2019151,1520,2019,151,15,20,39.00416666,-76.89377396,T,0.314,0.22717,0.0149,0,20191511520
114,2019151,1655,2019,151,16,55,NA,NA,T,NA,NA,NA,NA,20191511655
115,2019151,1700,2019,151,17,0,NA,NA,A,NA,NA,NA,NA,20191511700
116,2019151,1835,2019,151,18,35,NA,NA,A,NA,NA,NA,NA,20191511835
117,2019152,1425,2019,152,14,25,NA,NA,T,NA,NA,NA,NA,20191521425
118,2019152,1605,2019,152,16,5,NA,NA,T,NA,NA,NA,NA,20191521605
119,2019152,1740,2019,152,17,40,NA,NA,A,NA,NA,NA,NA,20191521740
120,2019153,1510,2019,153,15,10,NA,NA,T,NA,NA,NA,NA,20191531510
121,2019153,1645,2019,153,16,45,NA,NA,A,NA,NA,NA,NA,20191531645
122,2019153,1645,2019,153,16,45,NA,NA,T,NA,NA,NA,NA,20191531645
123,2019153,1825,2019,153,18,25,NA,NA,A,NA,NA,NA,NA,20191531825
124,2019154,1415,2019,154,14,15,NA,NA,T,NA,NA,NA,NA,20191541415
125,2019154,1550,2019,154,15,50,38.97916666,-76.83445806,T,0.55513,0.40438,0.0326,0,20191541550
126,2019154,1730,2019,154,17,30,39.02083333,-76.89044471,A,0.27393,0.19741,0.014,0,20191541730
127,2019154,1905,2019,154,19,5,39.0375,-76.88712039,A,0.08722,0.0624,0.0115,0,20191541905
128,2019155,1455,2019,155,14,55,NA,NA,T,NA,NA,NA,NA,20191551455
129,2019155,1635,2019,155,16,35,NA,NA,A,NA,NA,NA,NA,20191551635
130,2019155,1635,2019,155,16,35,39.0375,-76.88712039,T,0.09964,0.07136,0.0214,0,20191551635
131,2019155,1810,2019,155,18,10,39.0375,-76.88712039,A,0.11195,0.08026,0.0413,0,20191551810
132,2019156,1400,2019,156,14,0,NA,NA,T,NA,NA,NA,NA,20191561400
133,2019156,1540,2019,156,15,40,NA,NA,T,NA,NA,NA,NA,20191561540
134,2019156,1715,2019,156,17,15,NA,NA,A,NA,NA,NA,NA,20191561715
135,2019156,1855,2019,156,18,55,NA,NA,A,NA,NA,NA,NA,20191561855
136,2019157,1445,2019,157,14,45,NA,NA,T,NA,NA,NA,NA,20191571445
137,2019157,1620,2019,157,16,20,NA,NA,A,NA,NA,NA,NA,20191571620
138,2019157,1620,2019,157,16,20,39.0125,-76.79558469,T,0.389,0.28176,0.0295,0,20191571620
139,2019157,1800,2019,157,18,0,NA,NA,A,NA,NA,NA,NA,20191571800
140,2019158,1525,2019,158,15,25,NA,NA,T,NA,NA,NA,NA,20191581525
141,2019158,1700,2019,158,17,0,NA,NA,T,NA,NA,NA,NA,20191581700
142,2019158,1705,2019,158,17,5,NA,NA,A,NA,NA,NA,NA,20191581705
143,2019158,1840,2019,158,18,40,NA,NA,A,NA,NA,NA,NA,20191581840
144,2019159,1430,2019,159,14,30,NA,NA,T,NA,NA,NA,NA,20191591430
145,2019159,1610,2019,159,16,10,NA,NA,T,NA,NA,NA,NA,20191591610
146,2019159,1745,2019,159,17,45,NA,NA,A,NA,NA,NA,NA,20191591745
147,2019160,1515,2019,160,15,15,NA,NA,T,NA,NA,NA,NA,20191601515
148,2019160,1650,2019,160,16,50,NA,NA,A,NA,NA,NA,NA,20191601650
149,2019160,1650,2019,160,16,50,NA,NA,T,NA,NA,NA,NA,20191601650
150,2019160,1830,2019,160,18,30,NA,NA,A,NA,NA,NA,NA,20191601830
151,2019161,1420,2019,161,14,20,NA,NA,T,NA,NA,NA,NA,20191611420
152,2019161,1555,2019,161,15,55,NA,NA,T,NA,NA,NA,NA,20191611555
153,2019161,1735,2019,161,17,35,NA,NA,A,NA,NA,NA,NA,20191611735
154,2019161,1915,2019,161,19,15,NA,NA,A,NA,NA,NA,NA,20191611915
155,2019162,1500,2019,162,15,0,NA,NA,T,NA,NA,NA,NA,20191621500
156,2019162,1640,2019,162,16,40,NA,NA,A,NA,NA,NA,NA,20191621640
157,2019162,1640,2019,162,16,40,39.0375,-76.88712039,T,0.07737,0.05543,0.0185,0,20191621640
158,2019162,1820,2019,162,18,20,39.0375,-76.88712039,A,0.09551,0.0684,0.0393,0,20191621820
159,2019163,1405,2019,163,14,5,NA,NA,T,NA,NA,NA,NA,20191631405
160,2019163,1545,2019,163,15,45,NA,NA,T,NA,NA,NA,NA,20191631545
161,2019163,1725,2019,163,17,25,NA,NA,A,NA,NA,NA,NA,20191631725
162,2019163,1900,2019,163,19,0,39.0375,-76.88712039,A,0.14296,0.10268,0.0135,0,20191631900
163,2019164,1450,2019,164,14,50,NA,NA,T,NA,NA,NA,NA,20191641450
164,2019164,1625,2019,164,16,25,NA,NA,A,NA,NA,NA,NA,20191641625
165,2019164,1625,2019,164,16,25,NA,NA,T,NA,NA,NA,NA,20191641625
166,2019164,1805,2019,164,18,5,NA,NA,A,NA,NA,NA,NA,20191641805
167,2019165,1355,2019,165,13,55,NA,NA,T,NA,NA,NA,NA,20191651355
168,2019165,1535,2019,165,15,35,NA,NA,T,NA,NA,NA,NA,20191651535
169,2019165,1710,2019,165,17,10,NA,NA,A,NA,NA,NA,NA,20191651710
170,2019165,1850,2019,165,18,50,39.0375,-76.88712039,A,0.09676,0.0693,0.0197,0,20191651850
171,2019166,1440,2019,166,14,40,NA,NA,T,NA,NA,NA,NA,20191661440
172,2019166,1615,2019,166,16,15,39.02083333,-76.8689924,T,0.25853,0.18641,0.0344,0,20191661615
173,2019166,1755,2019,166,17,55,39.02916666,-76.79223515,A,0.20965,0.15076,0.0268,0,20191661755
174,2019167,1520,2019,167,15,20,NA,NA,T,NA,NA,NA,NA,20191671520
175,2019167,1655,2019,167,16,55,NA,NA,T,NA,NA,NA,NA,20191671655
176,2019167,1700,2019,167,17,0,NA,NA,A,NA,NA,NA,NA,20191671700
177,2019167,1835,2019,167,18,35,NA,NA,A,NA,NA,NA,NA,20191671835
178,2019168,1425,2019,168,14,25,NA,NA,T,NA,NA,NA,NA,20191681425
179,2019168,1605,2019,168,16,5,NA,NA,T,NA,NA,NA,NA,20191681605
180,2019168,1740,2019,168,17,40,NA,NA,A,NA,NA,NA,NA,20191681740
181,2019169,1510,2019,169,15,10,NA,NA,T,NA,NA,NA,NA,20191691510
182,2019169,1645,2019,169,16,45,NA,NA,A,NA,NA,NA,NA,20191691645
183,2019169,1645,2019,169,16,45,NA,NA,T,NA,NA,NA,NA,20191691645
184,2019169,1825,2019,169,18,25,NA,NA,A,NA,NA,NA,NA,20191691825
185,2019170,1415,2019,170,14,15,NA,NA,T,NA,NA,NA,NA,20191701415
186,2019170,1550,2019,170,15,50,NA,NA,T,NA,NA,NA,NA,20191701550
187,2019170,1730,2019,170,17,30,NA,NA,A,NA,NA,NA,NA,20191701730
188,2019170,1905,2019,170,19,5,NA,NA,A,NA,NA,NA,NA,20191701905
189,2019171,1455,2019,171,14,55,NA,NA,T,NA,NA,NA,NA,20191711455
190,2019171,1635,2019,171,16,35,NA,NA,A,NA,NA,NA,NA,20191711635
191,2019171,1635,2019,171,16,35,NA,NA,T,NA,NA,NA,NA,20191711635
192,2019171,1810,2019,171,18,10,39.00416666,-76.78653768,A,0.318,0.23,0.0364,0,20191711810
193,2019172,1400,2019,172,14,0,NA,NA,T,NA,NA,NA,NA,20191721400
194,2019172,1540,2019,172,15,40,NA,NA,T,NA,NA,NA,NA,20191721540
195,2019172,1715,2019,172,17,15,NA,NA,A,NA,NA,NA,NA,20191721715
196,2019172,1855,2019,172,18,55,39.0375,-76.85493433,A,0.16425,0.118,0.0154,0,20191721855
197,2019173,1445,2019,173,14,45,NA,NA,T,NA,NA,NA,NA,20191731445
198,2019173,1620,2019,173,16,20,NA,NA,A,NA,NA,NA,NA,20191731620
199,2019173,1620,2019,173,16,20,NA,NA,T,NA,NA,NA,NA,20191731620
200,2019173,1800,2019,173,18,0,38.99583333,-76.88471808,A,0.20504,0.14752,0.0356,0,20191731800
201,2019174,1525,2019,174,15,25,39.0375,-76.88712039,T,0.18237,0.13095,0.0179,0,20191741525
202,2019174,1700,2019,174,17,0,NA,NA,T,NA,NA,NA,NA,20191741700
203,2019174,1705,2019,174,17,5,NA,NA,A,NA,NA,NA,NA,20191741705
204,2019174,1840,2019,174,18,40,39.0375,-76.88712039,A,0.21515,0.15482,0.0231,0,20191741840
205,2019175,1430,2019,175,14,30,NA,NA,T,NA,NA,NA,NA,20191751430
206,2019175,1610,2019,175,16,10,39.0375,-76.84420565,T,0.38498,0.27894,0.0358,0,20191751610
207,2019175,1745,2019,175,17,45,NA,NA,A,NA,NA,NA,NA,20191751745
208,2019176,1515,2019,176,15,15,NA,NA,T,NA,NA,NA,NA,20191761515
209,2019176,1650,2019,176,16,50,NA,NA,A,NA,NA,NA,NA,20191761650
210,2019176,1650,2019,176,16,50,NA,NA,T,NA,NA,NA,NA,20191761650
211,2019176,1830,2019,176,18,30,39.0375,-76.79056222,A,0.315,0.228,0.0272,0,20191761830
212,2019177,1420,2019,177,14,20,NA,NA,T,NA,NA,NA,NA,20191771420
213,2019177,1555,2019,177,15,55,39.0375,-76.88712039,T,0.25626,0.1847,0.0382,0,20191771555
214,2019177,1735,2019,177,17,35,NA,NA,A,NA,NA,NA,NA,20191771735
215,2019177,1915,2019,177,19,15,NA,NA,A,NA,NA,NA,NA,20191771915
16,2019178,1500,2019,178,15,0,NA,NA,T,NA,NA,NA,NA,20191781500
17,2019178,1640,2019,178,16,40,NA,NA,A,NA,NA,NA,NA,20191781640
18,2019178,1820,2019,178,18,20,NA,NA,A,NA,NA,NA,NA,20191781820
216,2019179,1405,2019,179,14,5,NA,NA,T,NA,NA,NA,NA,20191791405
217,2019179,1545,2019,179,15,45,39.0375,-76.88712039,T,0.26062,0.18782,0.0302,0,20191791545
218,2019179,1725,2019,179,17,25,39.0375,-76.83347696,A,0.32444,0.2348,0.0119,0,20191791725
219,2019179,1900,2019,179,19,0,NA,NA,A,NA,NA,NA,NA,20191791900
19,2019180,1450,2019,180,14,50,NA,NA,T,NA,NA,NA,NA,20191801450
20,2019180,1625,2019,180,16,25,NA,NA,A,NA,NA,NA,NA,20191801625
21,2019180,1625,2019,180,16,25,NA,NA,T,NA,NA,NA,NA,20191801625
22,2019180,1805,2019,180,18,5,38.9875,-76.80061823,A,0.34513,0.24994,0.036,0,20191801805
220,2019181,1355,2019,181,13,55,NA,NA,T,NA,NA,NA,NA,20191811355
221,2019181,1535,2019,181,15,35,39.0375,-76.88712039,T,0.12293,0.08816,0.0218,0,20191811535
222,2019181,1710,2019,181,17,10,NA,NA,A,NA,NA,NA,NA,20191811710
223,2019181,1850,2019,181,18,50,NA,NA,A,NA,NA,NA,NA,20191811850
1,2019182,1440,2019,182,14,40,NA,NA,T,NA,NA,NA,NA,20191821440
2,2019182,1615,2019,182,16,15,39.0375,-76.88712039,T,0.15295,0.10982,0.04,0,20191821615
3,2019182,1755,2019,182,17,55,39.0375,-76.88712039,A,0.05497,0.0393,0.0295,0,20191821755
4,2019183,1520,2019,183,15,20,39.0375,-76.85493433,T,0.38431,0.27825,0.0148,0,20191831520
5,2019183,1655,2019,183,16,55,39.00416666,-76.89377396,T,0.4955,0.35975,0.011,0,20191831655
6,2019183,1700,2019,183,17,0,NA,NA,A,NA,NA,NA,NA,20191831700
7,2019183,1835,2019,183,18,35,NA,NA,A,NA,NA,NA,NA,20191831835
8,2019184,1425,2019,184,14,25,NA,NA,T,NA,NA,NA,NA,20191841425
9,2019184,1605,2019,184,16,5,39.0375,-76.88712039,T,0.29385,0.21206,0.039,0,20191841605
10,2019184,1740,2019,184,17,40,39.0375,-76.80129091,A,0.25267,0.182,0.019,0,20191841740
11,2019185,1510,2019,185,15,10,NA,NA,T,NA,NA,NA,NA,20191851510
12,2019185,1645,2019,185,16,45,NA,NA,A,NA,NA,NA,NA,20191851645
13,2019185,1645,2019,185,16,45,NA,NA,T,NA,NA,NA,NA,20191851645
14,2019185,1825,2019,185,18,25,NA,NA,A,NA,NA,NA,NA,20191851825
15,2019186,1415,2019,186,14,15,NA,NA,T,NA,NA,NA,NA,20191861415
16,2019186,1550,2019,186,15,50,NA,NA,T,NA,NA,NA,NA,20191861550
17,2019186,1730,2019,186,17,30,NA,NA,A,NA,NA,NA,NA,20191861730
18,2019186,1905,2019,186,19,5,NA,NA,A,NA,NA,NA,NA,20191861905
19,2019187,1455,2019,187,14,55,NA,NA,T,NA,NA,NA,NA,20191871455
20,2019187,1635,2019,187,16,35,NA,NA,A,NA,NA,NA,NA,20191871635
21,2019187,1635,2019,187,16,35,NA,NA,T,NA,NA,NA,NA,20191871635
22,2019187,1810,2019,187,18,10,NA,NA,A,NA,NA,NA,NA,20191871810
23,2019188,1400,2019,188,14,0,NA,NA,T,NA,NA,NA,NA,20191881400
24,2019188,1540,2019,188,15,40,NA,NA,T,NA,NA,NA,NA,20191881540
25,2019188,1715,2019,188,17,15,NA,NA,A,NA,NA,NA,NA,20191881715
26,2019188,1855,2019,188,18,55,NA,NA,A,NA,NA,NA,NA,20191881855
27,2019189,1445,2019,189,14,45,NA,NA,T,NA,NA,NA,NA,20191891445
28,2019189,1620,2019,189,16,20,NA,NA,A,NA,NA,NA,NA,20191891620
29,2019189,1620,2019,189,16,20,NA,NA,T,NA,NA,NA,NA,20191891620
30,2019189,1800,2019,189,18,0,NA,NA,A,NA,NA,NA,NA,20191891800
31,2019190,1525,2019,190,15,25,39.0375,-76.88712039,T,0.32375,0.23416,0.0182,0,20191901525
32,2019190,1700,2019,190,17,0,NA,NA,T,NA,NA,NA,NA,20191901700
33,2019190,1705,2019,190,17,5,NA,NA,A,NA,NA,NA,NA,20191901705
34,2019190,1840,2019,190,18,40,NA,NA,A,NA,NA,NA,NA,20191901840
35,2019191,1430,2019,191,14,30,NA,NA,T,NA,NA,NA,NA,20191911430
36,2019191,1610,2019,191,16,10,NA,NA,T,NA,NA,NA,NA,20191911610
37,2019191,1745,2019,191,17,45,NA,NA,A,NA,NA,NA,NA,20191911745
38,2019192,1515,2019,192,15,15,NA,NA,T,NA,NA,NA,NA,20191921515
39,2019192,1650,2019,192,16,50,NA,NA,A,NA,NA,NA,NA,20191921650
40,2019192,1650,2019,192,16,50,NA,NA,T,NA,NA,NA,NA,20191921650
41,2019192,1830,2019,192,18,30,NA,NA,A,NA,NA,NA,NA,20191921830
42,2019193,1420,2019,193,14,20,NA,NA,T,NA,NA,NA,NA,20191931420
43,2019193,1555,2019,193,15,55,39.0375,-76.88712039,T,0.28288,0.20404,0.0349,0,20191931555
44,2019193,1735,2019,193,17,35,NA,NA,A,NA,NA,NA,NA,20191931735
45,2019193,1915,2019,193,19,15,NA,NA,A,NA,NA,NA,NA,20191931915
46,2019194,1500,2019,194,15,0,NA,NA,T,NA,NA,NA,NA,20191941500
47,2019194,1640,2019,194,16,40,NA,NA,A,NA,NA,NA,NA,20191941640
48,2019194,1640,2019,194,16,40,39.0375,-76.88712039,T,0.14516,0.10413,0.0185,0,20191941640
49,2019194,1820,2019,194,18,20,39.0375,-76.88712039,A,0.17301,0.12423,0.0368,0,20191941820
50,2019195,1405,2019,195,14,5,NA,NA,T,NA,NA,NA,NA,20191951405
51,2019195,1545,2019,195,15,45,NA,NA,T,NA,NA,NA,NA,20191951545
52,2019195,1725,2019,195,17,25,NA,NA,A,NA,NA,NA,NA,20191951725
53,2019195,1900,2019,195,19,0,NA,NA,A,NA,NA,NA,NA,20191951900
54,2019196,1450,2019,196,14,50,NA,NA,T,NA,NA,NA,NA,20191961450
55,2019196,1625,2019,196,16,25,NA,NA,A,NA,NA,NA,NA,20191961625
56,2019196,1625,2019,196,16,25,39.0375,-76.88712039,T,0.18378,0.13192,0.0267,0,20191961625
57,2019196,1805,2019,196,18,5,39.0375,-76.88712039,A,0.13862,0.09943,0.0372,0,20191961805
58,2019197,1355,2019,197,13,55,NA,NA,T,NA,NA,NA,NA,20191971355
59,2019197,1535,2019,197,15,35,39.0375,-76.84420565,T,0.26373,0.18997,0.0196,0,20191971535
60,2019197,1710,2019,197,17,10,NA,NA,A,NA,NA,NA,NA,20191971710
61,2019197,1850,2019,197,18,50,NA,NA,A,NA,NA,NA,NA,20191971850
62,2019198,1440,2019,198,14,40,NA,NA,T,NA,NA,NA,NA,20191981440
63,2019198,1615,2019,198,16,15,38.95416666,-76.80734682,T,0.327,0.237,0.034,0,20191981615
64,2019198,1755,2019,198,17,55,38.97916666,-76.81301838,A,0.292,0.21075,0.0282,0,20191981755
65,2019199,1520,2019,199,15,20,NA,NA,T,NA,NA,NA,NA,20191991520
66,2019199,1655,2019,199,16,55,NA,NA,T,NA,NA,NA,NA,20191991655
67,2019199,1700,2019,199,17,0,NA,NA,A,NA,NA,NA,NA,20191991700
68,2019199,1835,2019,199,18,35,NA,NA,A,NA,NA,NA,NA,20191991835
69,2019200,1425,2019,200,14,25,NA,NA,T,NA,NA,NA,NA,20192001425
70,2019200,1605,2019,200,16,5,38.9625,-76.85924942,T,0.346,0.2505,0.0409,0,20192001605
71,2019200,1740,2019,200,17,40,NA,NA,A,NA,NA,NA,NA,20192001740
23,2019201,1510,2019,201,15,10,NA,NA,T,NA,NA,NA,NA,20192011510
24,2019201,1645,2019,201,16,45,NA,NA,A,NA,NA,NA,NA,20192011645
25,2019201,1645,2019,201,16,45,NA,NA,T,NA,NA,NA,NA,20192011645
26,2019201,1825,2019,201,18,25,NA,NA,A,NA,NA,NA,NA,20192011825
72,2019202,1415,2019,202,14,15,NA,NA,T,NA,NA,NA,NA,20192021415
73,2019202,1550,2019,202,15,50,39.0375,-76.84420565,T,0.25583,0.18431,0.0297,0,20192021550
74,2019202,1730,2019,202,17,30,NA,NA,A,NA,NA,NA,NA,20192021730
75,2019202,1905,2019,202,19,5,NA,NA,A,NA,NA,NA,NA,20192021905
76,2019203,1455,2019,203,14,55,NA,NA,T,NA,NA,NA,NA,20192031455
77,2019203,1635,2019,203,16,35,NA,NA,A,NA,NA,NA,NA,20192031635
78,2019203,1635,2019,203,16,35,39.0375,-76.84420565,T,0.19311,0.1387,0.02,0,20192031635
79,2019203,1810,2019,203,18,10,NA,NA,A,NA,NA,NA,NA,20192031810
80,2019204,1400,2019,204,14,0,NA,NA,T,NA,NA,NA,NA,20192041400
81,2019204,1540,2019,204,15,40,NA,NA,T,NA,NA,NA,NA,20192041540
82,2019204,1715,2019,204,17,15,NA,NA,A,NA,NA,NA,NA,20192041715
83,2019204,1855,2019,204,18,55,NA,NA,A,NA,NA,NA,NA,20192041855
84,2019205,1445,2019,205,14,45,NA,NA,T,NA,NA,NA,NA,20192051445
85,2019205,1620,2019,205,16,20,NA,NA,A,NA,NA,NA,NA,20192051620
86,2019205,1620,2019,205,16,20,NA,NA,T,NA,NA,NA,NA,20192051620
87,2019205,1800,2019,205,18,0,NA,NA,A,NA,NA,NA,NA,20192051800
88,2019206,1525,2019,206,15,25,39.0375,-76.88712039,T,0.27433,0.19763,0.0174,0,20192061525
89,2019206,1700,2019,206,17,0,NA,NA,T,NA,NA,NA,NA,20192061700
90,2019206,1705,2019,206,17,5,NA,NA,A,NA,NA,NA,NA,20192061705
91,2019206,1840,2019,206,18,40,NA,NA,A,NA,NA,NA,NA,20192061840
92,2019207,1430,2019,207,14,30,NA,NA,T,NA,NA,NA,NA,20192071430
93,2019207,1610,2019,207,16,10,NA,NA,T,NA,NA,NA,NA,20192071610
94,2019207,1745,2019,207,17,45,39.00416666,-76.88305033,A,0.532,0.3865,0.0234,0,20192071745
95,2019208,1515,2019,208,15,15,39.0375,-76.88712039,T,0.32446,0.2346,0.0126,0,20192081515
96,2019208,1650,2019,208,16,50,NA,NA,A,NA,NA,NA,NA,20192081650
97,2019208,1650,2019,208,16,50,39.0375,-76.88712039,T,0.32468,0.23482,0.0122,0,20192081650
98,2019208,1830,2019,208,18,30,39.0375,-76.82274828,A,0.36029,0.26057,0.0267,0,20192081830
99,2019209,1420,2019,209,14,20,NA,NA,T,NA,NA,NA,NA,20192091420
100,2019209,1555,2019,209,15,55,39.0375,-76.84420565,T,0.33554,0.24261,0.0337,0,20192091555
101,2019209,1735,2019,209,17,35,NA,NA,A,NA,NA,NA,NA,20192091735
102,2019209,1915,2019,209,19,15,NA,NA,A,NA,NA,NA,NA,20192091915
103,2019210,1500,2019,210,15,0,NA,NA,T,NA,NA,NA,NA,20192101500
104,2019210,1640,2019,210,16,40,NA,NA,A,NA,NA,NA,NA,20192101640
105,2019210,1640,2019,210,16,40,NA,NA,T,NA,NA,NA,NA,20192101640
106,2019210,1820,2019,210,18,20,NA,NA,A,NA,NA,NA,NA,20192101820
107,2019211,1405,2019,211,14,5,NA,NA,T,NA,NA,NA,NA,20192111405
108,2019211,1545,2019,211,15,45,39.0375,-76.88712039,T,0.2154,0.15511,0.0278,0,20192111545
109,2019211,1725,2019,211,17,25,39.0375,-76.82274828,A,0.2613,0.18832,0.0108,0,20192111725
110,2019211,1900,2019,211,19,0,39.02916666,-76.80296257,A,0.26138,0.18828,0.0125,0,20192111900
111,2019212,1450,2019,212,14,50,NA,NA,T,NA,NA,NA,NA,20192121450
112,2019212,1625,2019,212,16,25,NA,NA,A,NA,NA,NA,NA,20192121625
113,2019212,1625,2019,212,16,25,NA,NA,T,NA,NA,NA,NA,20192121625
114,2019212,1805,2019,212,18,5,NA,NA,A,NA,NA,NA,NA,20192121805
115,2019213,1355,2019,213,13,55,NA,NA,T,NA,NA,NA,NA,20192131355
116,2019213,1535,2019,213,15,35,NA,NA,T,NA,NA,NA,NA,20192131535
117,2019213,1710,2019,213,17,10,NA,NA,A,NA,NA,NA,NA,20192131710
118,2019213,1850,2019,213,18,50,NA,NA,A,NA,NA,NA,NA,20192131850
119,2019214,1440,2019,214,14,40,NA,NA,T,NA,NA,NA,NA,20192141440
120,2019214,1615,2019,214,16,15,NA,NA,T,NA,NA,NA,NA,20192141615
121,2019214,1755,2019,214,17,55,NA,NA,A,NA,NA,NA,NA,20192141755
122,2019215,1520,2019,215,15,20,NA,NA,T,NA,NA,NA,NA,20192151520
123,2019215,1655,2019,215,16,55,NA,NA,T,NA,NA,NA,NA,20192151655
124,2019215,1700,2019,215,17,0,NA,NA,A,NA,NA,NA,NA,20192151700
125,2019215,1835,2019,215,18,35,NA,NA,A,NA,NA,NA,NA,20192151835
126,2019216,1425,2019,216,14,25,NA,NA,T,NA,NA,NA,NA,20192161425
127,2019216,1605,2019,216,16,5,NA,NA,T,NA,NA,NA,NA,20192161605
128,2019216,1740,2019,216,17,40,NA,NA,A,NA,NA,NA,NA,20192161740
129,2019217,1510,2019,217,15,10,NA,NA,T,NA,NA,NA,NA,20192171510
130,2019217,1645,2019,217,16,45,NA,NA,A,NA,NA,NA,NA,20192171645
131,2019217,1645,2019,217,16,45,NA,NA,T,NA,NA,NA,NA,20192171645
132,2019217,1825,2019,217,18,25,NA,NA,A,NA,NA,NA,NA,20192171825
133,2019218,1415,2019,218,14,15,NA,NA,T,NA,NA,NA,NA,20192181415
134,2019218,1550,2019,218,15,50,NA,NA,T,NA,NA,NA,NA,20192181550
135,2019218,1730,2019,218,17,30,NA,NA,A,NA,NA,NA,NA,20192181730
136,2019218,1905,2019,218,19,5,NA,NA,A,NA,NA,NA,NA,20192181905
137,2019219,1455,2019,219,14,55,NA,NA,T,NA,NA,NA,NA,20192191455
138,2019219,1635,2019,219,16,35,NA,NA,A,NA,NA,NA,NA,20192191635
139,2019219,1635,2019,219,16,35,NA,NA,T,NA,NA,NA,NA,20192191635
140,2019219,1810,2019,219,18,10,NA,NA,A,NA,NA,NA,NA,20192191810
141,2019220,1400,2019,220,14,0,NA,NA,T,NA,NA,NA,NA,20192201400
142,2019220,1540,2019,220,15,40,39.0375,-76.84420565,T,0.27438,0.19779,0.0215,0,20192201540
143,2019220,1715,2019,220,17,15,NA,NA,A,NA,NA,NA,NA,20192201715
144,2019220,1855,2019,220,18,55,39.0375,-76.84420565,A,0.3028,0.2184,0.0146,0,20192201855
145,2019221,1445,2019,221,14,45,NA,NA,T,NA,NA,NA,NA,20192211445
146,2019221,1620,2019,221,16,20,NA,NA,A,NA,NA,NA,NA,20192211620
147,2019221,1620,2019,221,16,20,39.02083333,-76.84754009,T,0.402,0.29133,0.0266,0,20192211620
148,2019221,1800,2019,221,18,0,NA,NA,A,NA,NA,NA,NA,20192211800
149,2019222,1525,2019,222,15,25,NA,NA,T,NA,NA,NA,NA,20192221525
150,2019222,1700,2019,222,17,0,NA,NA,T,NA,NA,NA,NA,20192221700
151,2019222,1705,2019,222,17,5,NA,NA,A,NA,NA,NA,NA,20192221705
152,2019222,1840,2019,222,18,40,38.99583333,-76.89544044,A,0.446,0.324,0.022,0,20192221840
153,2019223,1430,2019,223,14,30,NA,NA,T,NA,NA,NA,NA,20192231430
154,2019223,1610,2019,223,16,10,39.0375,-76.84420565,T,0.20115,0.14456,0.0338,0,20192231610
155,2019223,1745,2019,223,17,45,39.0375,-76.81201959,A,0.15916,0.11415,0.0205,0,20192231745
156,2019224,1515,2019,224,15,15,39.0375,-76.88712039,T,0.19408,0.13956,0.0114,0,20192241515
157,2019224,1650,2019,224,16,50,NA,NA,A,NA,NA,NA,NA,20192241650
158,2019224,1650,2019,224,16,50,NA,NA,T,NA,NA,NA,NA,20192241650
159,2019224,1830,2019,224,18,30,NA,NA,A,NA,NA,NA,NA,20192241830
160,2019225,1420,2019,225,14,20,NA,NA,T,NA,NA,NA,NA,20192251420
161,2019225,1555,2019,225,15,55,NA,NA,T,NA,NA,NA,NA,20192251555
162,2019225,1735,2019,225,17,35,NA,NA,A,NA,NA,NA,NA,20192251735
163,2019225,1915,2019,225,19,15,NA,NA,A,NA,NA,NA,NA,20192251915
164,2019226,1500,2019,226,15,0,NA,NA,T,NA,NA,NA,NA,20192261500
165,2019226,1640,2019,226,16,40,NA,NA,A,NA,NA,NA,NA,20192261640
166,2019226,1640,2019,226,16,40,NA,NA,T,NA,NA,NA,NA,20192261640
167,2019226,1820,2019,226,18,20,NA,NA,A,NA,NA,NA,NA,20192261820
168,2019227,1405,2019,227,14,5,NA,NA,T,NA,NA,NA,NA,20192271405
169,2019227,1545,2019,227,15,45,NA,NA,T,NA,NA,NA,NA,20192271545
170,2019227,1725,2019,227,17,25,NA,NA,A,NA,NA,NA,NA,20192271725
171,2019227,1900,2019,227,19,0,NA,NA,A,NA,NA,NA,NA,20192271900
172,2019228,1450,2019,228,14,50,NA,NA,T,NA,NA,NA,NA,20192281450
173,2019228,1625,2019,228,16,25,NA,NA,A,NA,NA,NA,NA,20192281625
174,2019228,1625,2019,228,16,25,NA,NA,T,NA,NA,NA,NA,20192281625
175,2019228,1805,2019,228,18,5,NA,NA,A,NA,NA,NA,NA,20192281805
176,2019229,1355,2019,229,13,55,NA,NA,T,NA,NA,NA,NA,20192291355
177,2019229,1535,2019,229,15,35,NA,NA,T,NA,NA,NA,NA,20192291535
178,2019229,1710,2019,229,17,10,NA,NA,A,NA,NA,NA,NA,20192291710
179,2019229,1850,2019,229,18,50,NA,NA,A,NA,NA,NA,NA,20192291850
180,2019230,1440,2019,230,14,40,NA,NA,T,NA,NA,NA,NA,20192301440
181,2019230,1615,2019,230,16,15,39.0375,-76.82274828,T,0.4492,0.3262,0.0301,0,20192301615
182,2019230,1755,2019,230,17,55,39.0125,-76.84920915,A,0.4594,0.3338,0.0238,0,20192301755
27,2019231,1520,2019,231,15,20,39.0375,-76.88712039,T,0.24569,0.17703,0.013,0,20192311520
28,2019231,1655,2019,231,16,55,NA,NA,T,NA,NA,NA,NA,20192311655
29,2019231,1700,2019,231,17,0,NA,NA,A,NA,NA,NA,NA,20192311700
30,2019231,1835,2019,231,18,35,NA,NA,A,NA,NA,NA,NA,20192311835
183,2019232,1425,2019,232,14,25,NA,NA,T,NA,NA,NA,NA,20192321425
184,2019232,1605,2019,232,16,5,39.0375,-76.88712039,T,0.38456,0.27873,0.0353,0,20192321605
185,2019232,1740,2019,232,17,40,39.0375,-76.88712039,A,0.37969,0.2748,0.0171,0,20192321740
31,2019233,1510,2019,233,15,10,NA,NA,T,NA,NA,NA,NA,20192331510
32,2019233,1645,2019,233,16,45,NA,NA,A,NA,NA,NA,NA,20192331645
33,2019233,1645,2019,233,16,45,38.9875,-76.85422374,T,0.18618,0.13372,0.0129,0,20192331645
34,2019233,1825,2019,233,18,25,39.0125,-76.79558469,A,0.31433,0.22733,0.0289,0,20192331825
186,2019234,1415,2019,234,14,15,NA,NA,T,NA,NA,NA,NA,20192341415
187,2019234,1550,2019,234,15,50,39.0375,-76.79056222,T,0.24376,0.1756,0.027,0,20192341550
188,2019234,1730,2019,234,17,30,38.99583333,-76.79893916,A,0.314,0.227,0.0114,0,20192341730
189,2019234,1905,2019,234,19,5,NA,NA,A,NA,NA,NA,NA,20192341905
190,2019235,1455,2019,235,14,55,NA,NA,T,NA,NA,NA,NA,20192351455
191,2019235,1635,2019,235,16,35,NA,NA,A,NA,NA,NA,NA,20192351635
192,2019235,1635,2019,235,16,35,NA,NA,T,NA,NA,NA,NA,20192351635
193,2019235,1810,2019,235,18,10,NA,NA,A,NA,NA,NA,NA,20192351810
194,2019236,1400,2019,236,14,0,NA,NA,T,NA,NA,NA,NA,20192361400
195,2019236,1540,2019,236,15,40,39.0375,-76.88712039,T,0.183,0.13147,0.0224,0,20192361540
196,2019236,1715,2019,236,17,15,NA,NA,A,NA,NA,NA,NA,20192361715
197,2019236,1855,2019,236,18,55,NA,NA,A,NA,NA,NA,NA,20192361855
198,2019237,1445,2019,237,14,45,NA,NA,T,NA,NA,NA,NA,20192371445
199,2019237,1620,2019,237,16,20,NA,NA,A,NA,NA,NA,NA,20192371620
200,2019237,1620,2019,237,16,20,NA,NA,T,NA,NA,NA,NA,20192371620
201,2019237,1800,2019,237,18,0,NA,NA,A,NA,NA,NA,NA,20192371800
202,2019238,1525,2019,238,15,25,NA,NA,T,NA,NA,NA,NA,20192381525
203,2019238,1700,2019,238,17,0,NA,NA,T,NA,NA,NA,NA,20192381700
204,2019238,1705,2019,238,17,5,NA,NA,A,NA,NA,NA,NA,20192381705
205,2019238,1840,2019,238,18,40,NA,NA,A,NA,NA,NA,NA,20192381840
206,2019239,1430,2019,239,14,30,NA,NA,T,NA,NA,NA,NA,20192391430
207,2019239,1610,2019,239,16,10,NA,NA,T,NA,NA,NA,NA,20192391610
208,2019239,1745,2019,239,17,45,NA,NA,A,NA,NA,NA,NA,20192391745
209,2019240,1515,2019,240,15,15,NA,NA,T,NA,NA,NA,NA,20192401515
210,2019240,1650,2019,240,16,50,NA,NA,A,NA,NA,NA,NA,20192401650
211,2019240,1650,2019,240,16,50,NA,NA,T,NA,NA,NA,NA,20192401650
212,2019240,1830,2019,240,18,30,NA,NA,A,NA,NA,NA,NA,20192401830
213,2019241,1420,2019,241,14,20,NA,NA,T,NA,NA,NA,NA,20192411420
214,2019241,1555,2019,241,15,55,39.0375,-76.88712039,T,0.15595,0.11192,0.034,0,20192411555
215,2019241,1735,2019,241,17,35,39.0375,-76.88712039,A,0.10452,0.07492,0.0131,0,20192411735
216,2019241,1915,2019,241,19,15,NA,NA,A,NA,NA,NA,NA,20192411915
217,2019242,1500,2019,242,15,0,NA,NA,T,NA,NA,NA,NA,20192421500
218,2019242,1640,2019,242,16,40,NA,NA,A,NA,NA,NA,NA,20192421640
219,2019242,1640,2019,242,16,40,39.0375,-76.88712039,T,0.16954,0.12163,0.0146,0,20192421640
220,2019242,1820,2019,242,18,20,39.0375,-76.86566302,A,0.2597,0.18723,0.0315,0,20192421820
221,2019243,1405,2019,243,14,5,NA,NA,T,NA,NA,NA,NA,20192431405
222,2019243,1545,2019,243,15,45,39.0375,-76.80129091,T,0.30787,0.22244,0.0224,0,20192431545
223,2019243,1725,2019,243,17,25,39.0375,-76.85493433,A,0.23694,0.17067,0.0091,0,20192431725
224,2019243,1900,2019,243,19,0,NA,NA,A,NA,NA,NA,NA,20192431900
225,2019244,1450,2019,244,14,50,NA,NA,T,NA,NA,NA,NA,20192441450
226,2019244,1625,2019,244,16,25,NA,NA,A,NA,NA,NA,NA,20192441625
227,2019244,1625,2019,244,16,25,NA,NA,T,NA,NA,NA,NA,20192441625
228,2019244,1805,2019,244,18,5,NA,NA,A,NA,NA,NA,NA,20192441805
229,2019245,1355,2019,245,13,55,NA,NA,T,NA,NA,NA,NA,20192451355
230,2019245,1535,2019,245,15,35,NA,NA,T,NA,NA,NA,NA,20192451535
231,2019245,1710,2019,245,17,10,NA,NA,A,NA,NA,NA,NA,20192451710
232,2019245,1850,2019,245,18,50,NA,NA,A,NA,NA,NA,NA,20192451850
233,2019246,1435,2019,246,14,35,NA,NA,T,NA,NA,NA,NA,20192461435
234,2019246,1615,2019,246,16,15,39.0375,-76.85493433,T,0.15381,0.11046,0.0282,0,20192461615
235,2019246,1755,2019,246,17,55,39.0375,-76.85493433,A,0.10667,0.07643,0.0217,0,20192461755
236,2019247,1520,2019,247,15,20,39.0375,-76.88712039,T,0.21089,0.15177,0.0121,0,20192471520
237,2019247,1655,2019,247,16,55,39.0375,-76.82274828,T,0.22496,0.16206,0.0082,0,20192471655
238,2019247,1700,2019,247,17,0,NA,NA,A,NA,NA,NA,NA,20192471700
239,2019247,1835,2019,247,18,35,38.97083333,-76.83613581,A,0.30071,0.21671,0.0229,0,20192471835
240,2019248,1425,2019,248,14,25,NA,NA,T,NA,NA,NA,NA,20192481425
241,2019248,1605,2019,248,16,5,NA,NA,T,NA,NA,NA,NA,20192481605
242,2019248,1740,2019,248,17,40,NA,NA,A,NA,NA,NA,NA,20192481740
243,2019249,1510,2019,249,15,10,NA,NA,T,NA,NA,NA,NA,20192491510
244,2019249,1645,2019,249,16,45,NA,NA,A,NA,NA,NA,NA,20192491645
245,2019249,1645,2019,249,16,45,NA,NA,T,NA,NA,NA,NA,20192491645
246,2019249,1825,2019,249,18,25,NA,NA,A,NA,NA,NA,NA,20192491825
247,2019250,1415,2019,250,14,15,NA,NA,T,NA,NA,NA,NA,20192501415
248,2019250,1550,2019,250,15,50,NA,NA,T,NA,NA,NA,NA,20192501550
249,2019250,1730,2019,250,17,30,39.0375,-76.88712039,A,0.231,0.1665,0.0103,0,20192501730
250,2019250,1905,2019,250,19,5,NA,NA,A,NA,NA,NA,NA,20192501905
251,2019251,1455,2019,251,14,55,NA,NA,T,NA,NA,NA,NA,20192511455
252,2019251,1635,2019,251,16,35,NA,NA,A,NA,NA,NA,NA,20192511635
253,2019251,1635,2019,251,16,35,39.0375,-76.88712039,T,0.24811,0.17879,0.0171,0,20192511635
254,2019251,1810,2019,251,18,10,NA,NA,A,NA,NA,NA,NA,20192511810
255,2019252,1400,2019,252,14,0,NA,NA,T,NA,NA,NA,NA,20192521400
256,2019252,1540,2019,252,15,40,NA,NA,T,NA,NA,NA,NA,20192521540
257,2019252,1715,2019,252,17,15,NA,NA,A,NA,NA,NA,NA,20192521715
258,2019252,1855,2019,252,18,55,NA,NA,A,NA,NA,NA,NA,20192521855
259,2019253,1445,2019,253,14,45,NA,NA,T,NA,NA,NA,NA,20192531445
260,2019253,1620,2019,253,16,20,NA,NA,A,NA,NA,NA,NA,20192531620
261,2019253,1620,2019,253,16,20,NA,NA,T,NA,NA,NA,NA,20192531620
262,2019253,1800,2019,253,18,0,39.0375,-76.85493433,A,0.27865,0.20089,0.0244,0,20192531800
263,2019254,1525,2019,254,15,25,39.0375,-76.88712039,T,0.26677,0.19214,0.0146,0,20192541525
264,2019254,1700,2019,254,17,0,NA,NA,T,NA,NA,NA,NA,20192541700
265,2019254,1705,2019,254,17,5,NA,NA,A,NA,NA,NA,NA,20192541705
266,2019254,1840,2019,254,18,40,39.0375,-76.83347696,A,0.29343,0.2119,0.0168,0,20192541840
267,2019255,1430,2019,255,14,30,NA,NA,T,NA,NA,NA,NA,20192551430
268,2019255,1745,2019,255,17,45,39.0375,-76.85493433,A,0.30217,0.21836,0.0165,0,20192551745
269,2019256,1515,2019,256,15,15,NA,NA,T,NA,NA,NA,NA,20192561515
270,2019256,1650,2019,256,16,50,NA,NA,A,NA,NA,NA,NA,20192561650
271,2019256,1650,2019,256,16,50,NA,NA,T,NA,NA,NA,NA,20192561650
272,2019256,1830,2019,256,18,30,NA,NA,A,NA,NA,NA,NA,20192561830
273,2019257,1420,2019,257,14,20,NA,NA,T,NA,NA,NA,NA,20192571420
274,2019257,1555,2019,257,15,55,NA,NA,T,NA,NA,NA,NA,20192571555
275,2019257,1735,2019,257,17,35,NA,NA,A,NA,NA,NA,NA,20192571735
276,2019257,1915,2019,257,19,15,NA,NA,A,NA,NA,NA,NA,20192571915
35,2019258,1500,2019,258,15,0,NA,NA,T,NA,NA,NA,NA,20192581500
36,2019258,1640,2019,258,16,40,NA,NA,A,NA,NA,NA,NA,20192581640
37,2019258,1640,2019,258,16,40,39.0375,-76.88712039,T,0.09842,0.07054,0.0132,0,20192581640
38,2019258,1820,2019,258,18,20,39.0375,-76.88712039,A,0.10792,0.07736,0.0319,0,20192581820
277,2019259,1405,2019,259,14,5,NA,NA,T,NA,NA,NA,NA,20192591405
278,2019259,1545,2019,259,15,45,NA,NA,T,NA,NA,NA,NA,20192591545
279,2019259,1725,2019,259,17,25,NA,NA,A,NA,NA,NA,NA,20192591725
280,2019259,1900,2019,259,19,0,NA,NA,A,NA,NA,NA,NA,20192591900
281,2019260,1450,2019,260,14,50,NA,NA,T,NA,NA,NA,NA,20192601450
282,2019260,1625,2019,260,16,25,NA,NA,A,NA,NA,NA,NA,20192601625
283,2019260,1625,2019,260,16,25,NA,NA,T,NA,NA,NA,NA,20192601625
284,2019260,1805,2019,260,18,5,NA,NA,A,NA,NA,NA,NA,20192601805
285,2019261,1355,2019,261,13,55,NA,NA,T,NA,NA,NA,NA,20192611355
286,2019261,1535,2019,261,15,35,NA,NA,T,NA,NA,NA,NA,20192611535
287,2019261,1710,2019,261,17,10,NA,NA,A,NA,NA,NA,NA,20192611710
288,2019261,1850,2019,261,18,50,NA,NA,A,NA,NA,NA,NA,20192611850
39,2019262,1435,2019,262,14,35,NA,NA,T,NA,NA,NA,NA,20192621435
40,2019262,1615,2019,262,16,15,39.0375,-76.88712039,T,0.13341,0.09574,0.0268,0,20192621615
41,2019262,1755,2019,262,17,55,39.0375,-76.88712039,A,0.0763,0.05452,0.0196,0,20192621755
289,2019263,1520,2019,263,15,20,NA,NA,T,NA,NA,NA,NA,20192631520
290,2019263,1655,2019,263,16,55,39.0375,-76.88712039,T,0.07849,0.05611,0.0076,0,20192631655
291,2019263,1700,2019,263,17,0,NA,NA,A,NA,NA,NA,NA,20192631700
292,2019263,1835,2019,263,18,35,39.0375,-76.88712039,A,0.08386,0.06001,0.0203,0,20192631835
293,2019264,1425,2019,264,14,25,NA,NA,T,NA,NA,NA,NA,20192641425
294,2019264,1605,2019,264,16,5,39.0375,-76.88712039,T,0.26391,0.19026,0.0315,0,20192641605
295,2019264,1740,2019,264,17,40,39.0375,-76.88712039,A,0.18966,0.13619,0.0128,0,20192641740
296,2019265,1510,2019,265,15,10,NA,NA,T,NA,NA,NA,NA,20192651510
297,2019265,1645,2019,265,16,45,NA,NA,A,NA,NA,NA,NA,20192651645
298,2019265,1645,2019,265,16,45,38.9875,-76.83278154,T,0.31587,0.22843,0.0103,0,20192651645
299,2019265,1825,2019,265,18,25,NA,NA,A,NA,NA,NA,NA,20192651825
300,2019266,1415,2019,266,14,15,NA,NA,T,NA,NA,NA,NA,20192661415
301,2019266,1550,2019,266,15,50,39.0375,-76.88712039,T,0.23,0.1656,0.0281,0,20192661550
302,2019266,1730,2019,266,17,30,NA,NA,A,NA,NA,NA,NA,20192661730
303,2019266,1905,2019,266,19,5,38.95416666,-76.78591471,A,0.227,0.164,0.0081,0,20192661905
304,2019267,1455,2019,267,14,55,NA,NA,T,NA,NA,NA,NA,20192671455
305,2019267,1635,2019,267,16,35,NA,NA,A,NA,NA,NA,NA,20192671635
306,2019267,1635,2019,267,16,35,39.0375,-76.8763917,T,0.155,0.1112,0.0143,0,20192671635
307,2019267,1810,2019,267,18,10,NA,NA,A,NA,NA,NA,NA,20192671810
308,2019268,1400,2019,268,14,0,NA,NA,T,NA,NA,NA,NA,20192681400
309,2019268,1540,2019,268,15,40,39.0375,-76.85493433,T,0.09861,0.07063,0.018,0,20192681540
310,2019268,1715,2019,268,17,15,NA,NA,A,NA,NA,NA,NA,20192681715
311,2019268,1855,2019,268,18,55,39.0375,-76.88712039,A,0.06014,0.043,0.0116,0,20192681855
312,2019269,1445,2019,269,14,45,NA,NA,T,NA,NA,NA,NA,20192691445
313,2019269,1620,2019,269,16,20,NA,NA,A,NA,NA,NA,NA,20192691620
314,2019269,1620,2019,269,16,20,NA,NA,T,NA,NA,NA,NA,20192691620
315,2019269,1800,2019,269,18,0,NA,NA,A,NA,NA,NA,NA,20192691800
316,2019270,1525,2019,270,15,25,39.0375,-76.88712039,T,0.09958,0.07137,0.0125,0,20192701525
317,2019270,1700,2019,270,17,0,NA,NA,T,NA,NA,NA,NA,20192701700
318,2019270,1705,2019,270,17,5,NA,NA,A,NA,NA,NA,NA,20192701705
319,2019270,1840,2019,270,18,40,39.0375,-76.88712039,A,0.166,0.1192,0.0156,0,20192701840
320,2019271,1430,2019,271,14,30,NA,NA,T,NA,NA,NA,NA,20192711430
321,2019271,1610,2019,271,16,10,NA,NA,T,NA,NA,NA,NA,20192711610
322,2019271,1745,2019,271,17,45,NA,NA,A,NA,NA,NA,NA,20192711745
323,2019272,1515,2019,272,15,15,39.0375,-76.88712039,T,0.14901,0.10694,0.0091,0,20192721515
324,2019272,1650,2019,272,16,50,NA,NA,A,NA,NA,NA,NA,20192721650
325,2019272,1650,2019,272,16,50,NA,NA,T,NA,NA,NA,NA,20192721650
326,2019272,1830,2019,272,18,30,NA,NA,A,NA,NA,NA,NA,20192721830
327,2019273,1420,2019,273,14,20,NA,NA,T,NA,NA,NA,NA,20192731420
328,2019273,1555,2019,273,15,55,NA,NA,T,NA,NA,NA,NA,20192731555
329,2019273,1735,2019,273,17,35,NA,NA,A,NA,NA,NA,NA,20192731735
330,2019273,1915,2019,273,19,15,NA,NA,A,NA,NA,NA,NA,20192731915
42,2019274,1500,2019,274,15,0,NA,NA,T,NA,NA,NA,NA,20192741500
43,2019274,1640,2019,274,16,40,NA,NA,A,NA,NA,NA,NA,20192741640
44,2019274,1640,2019,274,16,40,39.0375,-76.88712039,T,0.29646,0.21393,0.0113,0,20192741640
45,2019274,1820,2019,274,18,20,39.0375,-76.88712039,A,0.2792,0.20124,0.0283,0,20192741820
46,2019275,1405,2019,275,14,5,NA,NA,T,NA,NA,NA,NA,20192751405
47,2019275,1545,2019,275,15,45,NA,NA,T,NA,NA,NA,NA,20192751545
48,2019275,1900,2019,275,19,0,NA,NA,A,NA,NA,NA,NA,20192751900
49,2019276,1450,2019,276,14,50,NA,NA,T,NA,NA,NA,NA,20192761450
50,2019276,1625,2019,276,16,25,NA,NA,A,NA,NA,NA,NA,20192761625
51,2019276,1625,2019,276,16,25,NA,NA,T,NA,NA,NA,NA,20192761625
52,2019276,1805,2019,276,18,5,NA,NA,A,NA,NA,NA,NA,20192761805
53,2019277,1355,2019,277,13,55,NA,NA,T,NA,NA,NA,NA,20192771355
54,2019277,1535,2019,277,15,35,39.00416666,-76.84015582,T,0.12688,0.09088,0.0137,0,20192771535
55,2019277,1710,2019,277,17,10,NA,NA,A,NA,NA,NA,NA,20192771710
56,2019277,1850,2019,277,18,50,39.0375,-76.83347696,A,0.04097,0.0292,0.0115,0,20192771850
57,2019278,1435,2019,278,14,35,NA,NA,T,NA,NA,NA,NA,20192781435
58,2019278,1615,2019,278,16,15,NA,NA,T,NA,NA,NA,NA,20192781615
59,2019278,1755,2019,278,17,55,NA,NA,A,NA,NA,NA,NA,20192781755
60,2019279,1520,2019,279,15,20,NA,NA,T,NA,NA,NA,NA,20192791520
61,2019279,1655,2019,279,16,55,NA,NA,T,NA,NA,NA,NA,20192791655
62,2019279,1700,2019,279,17,0,NA,NA,A,NA,NA,NA,NA,20192791700
63,2019279,1835,2019,279,18,35,NA,NA,A,NA,NA,NA,NA,20192791835
64,2019280,1425,2019,280,14,25,NA,NA,T,NA,NA,NA,NA,20192801425
65,2019280,1605,2019,280,16,5,NA,NA,T,NA,NA,NA,NA,20192801605
66,2019280,1740,2019,280,17,40,NA,NA,A,NA,NA,NA,NA,20192801740
67,2019281,1510,2019,281,15,10,NA,NA,T,NA,NA,NA,NA,20192811510
68,2019281,1645,2019,281,16,45,NA,NA,A,NA,NA,NA,NA,20192811645
69,2019281,1645,2019,281,16,45,NA,NA,T,NA,NA,NA,NA,20192811645
70,2019281,1825,2019,281,18,25,NA,NA,A,NA,NA,NA,NA,20192811825
71,2019282,1415,2019,282,14,15,NA,NA,T,NA,NA,NA,NA,20192821415
72,2019282,1550,2019,282,15,50,NA,NA,T,NA,NA,NA,NA,20192821550
73,2019282,1730,2019,282,17,30,39.0375,-76.88712039,A,0.16462,0.11815,0.0068,0,20192821730
74,2019282,1905,2019,282,19,5,NA,NA,A,NA,NA,NA,NA,20192821905
75,2019283,1455,2019,283,14,55,NA,NA,T,NA,NA,NA,NA,20192831455
76,2019283,1635,2019,283,16,35,NA,NA,A,NA,NA,NA,NA,20192831635
77,2019283,1635,2019,283,16,35,39.0375,-76.88712039,T,0.0431,0.03072,0.0127,0,20192831635
78,2019283,1810,2019,283,18,10,NA,NA,A,NA,NA,NA,NA,20192831810
79,2019284,1400,2019,284,14,0,NA,NA,T,NA,NA,NA,NA,20192841400
80,2019284,1540,2019,284,15,40,39.0375,-76.88712039,T,0.04231,0.03014,0.0164,0,20192841540
81,2019284,1715,2019,284,17,15,NA,NA,A,NA,NA,NA,NA,20192841715
82,2019284,1855,2019,284,18,55,39.0375,-76.88712039,A,0.01943,0.01372,0.0091,0,20192841855
83,2019285,1445,2019,285,14,45,NA,NA,T,NA,NA,NA,NA,20192851445
84,2019285,1620,2019,285,16,20,NA,NA,A,NA,NA,NA,NA,20192851620
85,2019285,1620,2019,285,16,20,NA,NA,T,NA,NA,NA,NA,20192851620
86,2019285,1800,2019,285,18,0,NA,NA,A,NA,NA,NA,NA,20192851800
87,2019286,1525,2019,286,15,25,NA,NA,T,NA,NA,NA,NA,20192861525
88,2019286,1700,2019,286,17,0,NA,NA,T,NA,NA,NA,NA,20192861700
89,2019286,1705,2019,286,17,5,NA,NA,A,NA,NA,NA,NA,20192861705
90,2019286,1840,2019,286,18,40,NA,NA,A,NA,NA,NA,NA,20192861840
91,2019287,1430,2019,287,14,30,NA,NA,T,NA,NA,NA,NA,20192871430
92,2019287,1610,2019,287,16,10,39.0375,-76.88712039,T,0.08789,0.06293,0.0244,0,20192871610
93,2019287,1745,2019,287,17,45,39.0375,-76.88712039,A,0.05504,0.03932,0.0117,0,20192871745
94,2019288,1515,2019,288,15,15,39.0375,-76.88712039,T,0.0813,0.05818,0.0076,0,20192881515
95,2019288,1650,2019,288,16,50,NA,NA,A,NA,NA,NA,NA,20192881650
96,2019288,1650,2019,288,16,50,39.0375,-76.88712039,T,0.08337,0.05969,0.0068,0,20192881650
97,2019288,1830,2019,288,18,30,39.0375,-76.88712039,A,0.07724,0.05526,0.0197,0,20192881830
98,2019289,1420,2019,289,14,20,NA,NA,T,NA,NA,NA,NA,20192891420
99,2019289,1555,2019,289,15,55,NA,NA,T,NA,NA,NA,NA,20192891555
100,2019289,1735,2019,289,17,35,NA,NA,A,NA,NA,NA,NA,20192891735
101,2019289,1915,2019,289,19,15,NA,NA,A,NA,NA,NA,NA,20192891915
102,2019290,1500,2019,290,15,0,NA,NA,T,NA,NA,NA,NA,20192901500
103,2019290,1640,2019,290,16,40,NA,NA,A,NA,NA,NA,NA,20192901640
104,2019290,1820,2019,290,18,20,NA,NA,A,NA,NA,NA,NA,20192901820
105,2019291,1405,2019,291,14,5,NA,NA,T,NA,NA,NA,NA,20192911405
106,2019291,1725,2019,291,17,25,39.0375,-76.88712039,A,0.04227,0.03012,0.0052,0,20192911725
107,2019291,1900,2019,291,19,0,39.0375,-76.88712039,A,0.00844,0.00596,0.0075,0,20192911900
108,2019292,1450,2019,292,14,50,NA,NA,T,NA,NA,NA,NA,20192921450
109,2019292,1625,2019,292,16,25,NA,NA,A,NA,NA,NA,NA,20192921625
110,2019292,1625,2019,292,16,25,39.0375,-76.88712039,T,0.11556,0.08293,0.0143,0,20192921625
111,2019292,1805,2019,292,18,5,39.0375,-76.83347696,A,0.09527,0.06837,0.0181,0,20192921805
112,2019293,1355,2019,293,13,55,NA,NA,T,NA,NA,NA,NA,20192931355
113,2019293,1535,2019,293,15,35,NA,NA,T,NA,NA,NA,NA,20192931535
114,2019293,1710,2019,293,17,10,NA,NA,A,NA,NA,NA,NA,20192931710
115,2019293,1850,2019,293,18,50,NA,NA,A,NA,NA,NA,NA,20192931850
116,2019294,1435,2019,294,14,35,NA,NA,T,NA,NA,NA,NA,20192941435
117,2019294,1615,2019,294,16,15,39.0375,-76.88712039,T,0.1015,0.07271,0.0207,0,20192941615
118,2019294,1755,2019,294,17,55,39.0375,-76.88712039,A,0.06186,0.04414,0.0129,0,20192941755
119,2019295,1520,2019,295,15,20,NA,NA,T,NA,NA,NA,NA,20192951520
120,2019295,1655,2019,295,16,55,NA,NA,T,NA,NA,NA,NA,20192951655
121,2019295,1700,2019,295,17,0,NA,NA,A,NA,NA,NA,NA,20192951700
122,2019295,1835,2019,295,18,35,NA,NA,A,NA,NA,NA,NA,20192951835
123,2019296,1425,2019,296,14,25,NA,NA,T,NA,NA,NA,NA,20192961425
124,2019296,1605,2019,296,16,5,39.0375,-76.83347696,T,0.17808,0.128,0.0211,0,20192961605
125,2019296,1740,2019,296,17,40,39.0375,-76.88712039,A,0.04909,0.03503,0.0082,0,20192961740
126,2019297,1510,2019,297,15,10,NA,NA,T,NA,NA,NA,NA,20192971510
127,2019297,1645,2019,297,16,45,NA,NA,A,NA,NA,NA,NA,20192971645
128,2019297,1645,2019,297,16,45,39.0375,-76.88712039,T,0.0435,0.03108,0.0072,0,20192971645
129,2019297,1825,2019,297,18,25,39.0375,-76.88712039,A,0.0429,0.03063,0.0194,0,20192971825
130,2019298,1415,2019,298,14,15,NA,NA,T,NA,NA,NA,NA,20192981415
131,2019298,1550,2019,298,15,50,NA,NA,T,NA,NA,NA,NA,20192981550
132,2019298,1730,2019,298,17,30,NA,NA,A,NA,NA,NA,NA,20192981730
133,2019298,1905,2019,298,19,5,NA,NA,A,NA,NA,NA,NA,20192981905
134,2019299,1455,2019,299,14,55,NA,NA,T,NA,NA,NA,NA,20192991455
135,2019299,1635,2019,299,16,35,NA,NA,A,NA,NA,NA,NA,20192991635
136,2019299,1635,2019,299,16,35,NA,NA,T,NA,NA,NA,NA,20192991635
137,2019299,1810,2019,299,18,10,NA,NA,A,NA,NA,NA,NA,20192991810
138,2019300,1400,2019,300,14,0,NA,NA,T,NA,NA,NA,NA,20193001400
139,2019300,1540,2019,300,15,40,NA,NA,T,NA,NA,NA,NA,20193001540
140,2019300,1715,2019,300,17,15,NA,NA,A,NA,NA,NA,NA,20193001715
141,2019300,1855,2019,300,18,55,39.0375,-76.88712039,A,0.04255,0.03037,0.0078,0,20193001855
142,2019301,1445,2019,301,14,45,NA,NA,T,NA,NA,NA,NA,20193011445
143,2019301,1620,2019,301,16,20,NA,NA,A,NA,NA,NA,NA,20193011620
144,2019301,1620,2019,301,16,20,39.0375,-76.88712039,T,0.05267,0.03763,0.0152,0,20193011620
145,2019301,1800,2019,301,18,0,39.0375,-76.88712039,A,0.03859,0.02748,0.0144,0,20193011800
146,2019302,1525,2019,302,15,25,NA,NA,T,NA,NA,NA,NA,20193021525
147,2019302,1700,2019,302,17,0,NA,NA,T,NA,NA,NA,NA,20193021700
148,2019302,1705,2019,302,17,5,NA,NA,A,NA,NA,NA,NA,20193021705
149,2019302,1840,2019,302,18,40,NA,NA,A,NA,NA,NA,NA,20193021840
150,2019303,1430,2019,303,14,30,NA,NA,T,NA,NA,NA,NA,20193031430
151,2019303,1610,2019,303,16,10,NA,NA,T,NA,NA,NA,NA,20193031610
152,2019303,1745,2019,303,17,45,NA,NA,A,NA,NA,NA,NA,20193031745
153,2019304,1515,2019,304,15,15,NA,NA,T,NA,NA,NA,NA,20193041515
154,2019304,1650,2019,304,16,50,NA,NA,A,NA,NA,NA,NA,20193041650
155,2019304,1650,2019,304,16,50,NA,NA,T,NA,NA,NA,NA,20193041650
156,2019304,1830,2019,304,18,30,NA,NA,A,NA,NA,NA,NA,20193041830
157,2019305,1420,2019,305,14,20,NA,NA,T,NA,NA,NA,NA,20193051420
158,2019305,1555,2019,305,15,55,39.02916666,-76.83514483,T,0.14253,0.10224,0.0191,0,20193051555
159,2019305,1735,2019,305,17,35,39.0375,-76.88712039,A,0.05499,0.03931,0.006,0,20193051735
160,2019305,1915,2019,305,19,15,NA,NA,A,NA,NA,NA,NA,20193051915
161,2019306,1500,2019,306,15,0,NA,NA,T,NA,NA,NA,NA,20193061500
162,2019306,1640,2019,306,16,40,NA,NA,A,NA,NA,NA,NA,20193061640
163,2019306,1640,2019,306,16,40,39.0375,-76.88712039,T,0.08286,0.05929,0.0077,0,20193061640
164,2019306,1820,2019,306,18,20,39.0375,-76.88712039,A,0.11118,0.07973,0.018,0,20193061820
165,2019307,1405,2019,307,14,5,NA,NA,T,NA,NA,NA,NA,20193071405
166,2019307,1545,2019,307,15,45,39.0375,-76.85493433,T,0.09805,0.07013,0.0149,0,20193071545
167,2019307,1725,2019,307,17,25,39.0375,-76.88712039,A,0.07015,0.05013,0.0041,0,20193071725
168,2019307,1900,2019,307,19,0,39.0375,-76.88712039,A,0.01402,0.00993,0.006,0,20193071900
169,2019308,1450,2019,308,14,50,NA,NA,T,NA,NA,NA,NA,20193081450
170,2019308,1625,2019,308,16,25,NA,NA,A,NA,NA,NA,NA,20193081625
171,2019308,1625,2019,308,16,25,39.0375,-76.88712039,T,0.07015,0.05016,0.0113,0,20193081625
172,2019308,1805,2019,308,18,5,39.0375,-76.88712039,A,0.06854,0.04905,0.0158,0,20193081805
173,2019309,1355,2019,309,13,55,NA,NA,T,NA,NA,NA,NA,20193091355
174,2019309,1535,2019,309,15,35,NA,NA,T,NA,NA,NA,NA,20193091535
175,2019309,1710,2019,309,17,10,NA,NA,A,NA,NA,NA,NA,20193091710
176,2019309,1850,2019,309,18,50,NA,NA,A,NA,NA,NA,NA,20193091850
177,2019310,1435,2019,310,14,35,NA,NA,T,NA,NA,NA,NA,20193101435
178,2019310,1615,2019,310,16,15,39.0375,-76.88712039,T,0.10542,0.07554,0.0163,0,20193101615
179,2019310,1755,2019,310,17,55,39.0375,-76.88712039,A,0.06997,0.05003,0.0107,0,20193101755
180,2019311,1520,2019,311,15,20,NA,NA,T,NA,NA,NA,NA,20193111520
181,2019311,1655,2019,311,16,55,NA,NA,T,NA,NA,NA,NA,20193111655
182,2019311,1700,2019,311,17,0,NA,NA,A,NA,NA,NA,NA,20193111700
183,2019311,1835,2019,311,18,35,NA,NA,A,NA,NA,NA,NA,20193111835
184,2019312,1425,2019,312,14,25,NA,NA,T,NA,NA,NA,NA,20193121425
185,2019312,1605,2019,312,16,5,NA,NA,T,NA,NA,NA,NA,20193121605
186,2019312,1740,2019,312,17,40,NA,NA,A,NA,NA,NA,NA,20193121740
187,2019313,1510,2019,313,15,10,NA,NA,T,NA,NA,NA,NA,20193131510
188,2019313,1645,2019,313,16,45,NA,NA,A,NA,NA,NA,NA,20193131645
189,2019313,1645,2019,313,16,45,NA,NA,T,NA,NA,NA,NA,20193131645
190,2019313,1825,2019,313,18,25,NA,NA,A,NA,NA,NA,NA,20193131825
191,2019314,1415,2019,314,14,15,NA,NA,T,NA,NA,NA,NA,20193141415
192,2019314,1550,2019,314,15,50,NA,NA,T,NA,NA,NA,NA,20193141550
193,2019314,1730,2019,314,17,30,NA,NA,A,NA,NA,NA,NA,20193141730
194,2019314,1905,2019,314,19,5,NA,NA,A,NA,NA,NA,NA,20193141905
195,2019315,1455,2019,315,14,55,NA,NA,T,NA,NA,NA,NA,20193151455
196,2019315,1635,2019,315,16,35,NA,NA,A,NA,NA,NA,NA,20193151635
197,2019315,1635,2019,315,16,35,NA,NA,T,NA,NA,NA,NA,20193151635
198,2019315,1810,2019,315,18,10,39.0375,-76.88712039,A,0.07004,0.05011,0.0164,0,20193151810
199,2019316,1400,2019,316,14,0,NA,NA,T,NA,NA,NA,NA,20193161400
200,2019316,1540,2019,316,15,40,NA,NA,T,NA,NA,NA,NA,20193161540
201,2019316,1715,2019,316,17,15,NA,NA,A,NA,NA,NA,NA,20193161715
202,2019316,1855,2019,316,18,55,NA,NA,A,NA,NA,NA,NA,20193161855
203,2019317,1445,2019,317,14,45,NA,NA,T,NA,NA,NA,NA,20193171445
204,2019317,1620,2019,317,16,20,NA,NA,A,NA,NA,NA,NA,20193171620
205,2019317,1620,2019,317,16,20,39.0375,-76.88712039,T,0.07093,0.05072,0.0128,0,20193171620
206,2019317,1800,2019,317,18,0,39.0375,-76.88712039,A,0.05529,0.03953,0.0124,0,20193171800
207,2019318,1525,2019,318,15,25,NA,NA,T,NA,NA,NA,NA,20193181525
208,2019318,1700,2019,318,17,0,NA,NA,T,NA,NA,NA,NA,20193181700
209,2019318,1705,2019,318,17,5,NA,NA,A,NA,NA,NA,NA,20193181705
210,2019318,1840,2019,318,18,40,39.0375,-76.86566302,A,0.04094,0.02925,0.0096,0,20193181840
211,2019319,1430,2019,319,14,30,NA,NA,T,NA,NA,NA,NA,20193191430
212,2019319,1610,2019,319,16,10,NA,NA,T,NA,NA,NA,NA,20193191610
213,2019319,1745,2019,319,17,45,NA,NA,A,NA,NA,NA,NA,20193191745
214,2019320,1515,2019,320,15,15,39.0375,-76.88712039,T,0.10126,0.07254,0.0059,0,20193201515
215,2019320,1650,2019,320,16,50,NA,NA,A,NA,NA,NA,NA,20193201650
216,2019320,1650,2019,320,16,50,39.0375,-76.88712039,T,0.0422,0.03008,0.0048,0,20193201650
217,2019320,1830,2019,320,18,30,39.0375,-76.88712039,A,0.0271,0.01926,0.0145,0,20193201830
218,2019321,1420,2019,321,14,20,NA,NA,T,NA,NA,NA,NA,20193211420
219,2019321,1555,2019,321,15,55,NA,NA,T,NA,NA,NA,NA,20193211555
220,2019321,1735,2019,321,17,35,NA,NA,A,NA,NA,NA,NA,20193211735
221,2019321,1915,2019,321,19,15,NA,NA,A,NA,NA,NA,NA,20193211915
222,2019322,1500,2019,322,15,0,NA,NA,T,NA,NA,NA,NA,20193221500
223,2019322,1640,2019,322,16,40,NA,NA,A,NA,NA,NA,NA,20193221640
224,2019322,1640,2019,322,16,40,NA,NA,T,NA,NA,NA,NA,20193221640
225,2019322,1820,2019,322,18,20,NA,NA,A,NA,NA,NA,NA,20193221820
226,2019323,1405,2019,323,14,5,NA,NA,T,NA,NA,NA,NA,20193231405
227,2019323,1725,2019,323,17,25,NA,NA,A,NA,NA,NA,NA,20193231725
228,2019323,1900,2019,323,19,0,38.9625,-76.83781479,A,0.19567,0.141,0.0058,0,20193231900
229,2019324,1450,2019,324,14,50,NA,NA,T,NA,NA,NA,NA,20193241450
230,2019324,1625,2019,324,16,25,NA,NA,A,NA,NA,NA,NA,20193241625
231,2019324,1625,2019,324,16,25,NA,NA,T,NA,NA,NA,NA,20193241625
232,2019324,1805,2019,324,18,5,NA,NA,A,NA,NA,NA,NA,20193241805
233,2019325,1355,2019,325,13,55,NA,NA,T,NA,NA,NA,NA,20193251355
234,2019325,1535,2019,325,15,35,39.0375,-76.88712039,T,0.09294,0.0665,0.0098,0,20193251535
235,2019325,1710,2019,325,17,10,NA,NA,A,NA,NA,NA,NA,20193251710
236,2019325,1850,2019,325,18,50,NA,NA,A,NA,NA,NA,NA,20193251850
237,2019326,1435,2019,326,14,35,NA,NA,T,NA,NA,NA,NA,20193261435
238,2019326,1615,2019,326,16,15,NA,NA,T,NA,NA,NA,NA,20193261615
239,2019326,1755,2019,326,17,55,NA,NA,A,NA,NA,NA,NA,20193261755
240,2019327,1520,2019,327,15,20,NA,NA,T,NA,NA,NA,NA,20193271520
241,2019327,1655,2019,327,16,55,NA,NA,T,NA,NA,NA,NA,20193271655
242,2019327,1700,2019,327,17,0,NA,NA,A,NA,NA,NA,NA,20193271700
243,2019327,1835,2019,327,18,35,NA,NA,A,NA,NA,NA,NA,20193271835
244,2019328,1425,2019,328,14,25,NA,NA,T,NA,NA,NA,NA,20193281425
245,2019328,1605,2019,328,16,5,NA,NA,T,NA,NA,NA,NA,20193281605
246,2019328,1740,2019,328,17,40,39.0375,-76.85493433,A,0.08316,0.05952,0.006,0,20193281740
247,2019329,1510,2019,329,15,10,NA,NA,T,NA,NA,NA,NA,20193291510
248,2019329,1645,2019,329,16,45,NA,NA,A,NA,NA,NA,NA,20193291645
249,2019329,1645,2019,329,16,45,39.0375,-76.88712039,T,0.03977,0.02839,0.0052,0,20193291645
250,2019329,1825,2019,329,18,25,39.0375,-76.88712039,A,0.03229,0.02306,0.0152,0,20193291825
251,2019330,1415,2019,330,14,15,NA,NA,T,NA,NA,NA,NA,20193301415
252,2019330,1550,2019,330,15,50,39.0375,-76.88712039,T,0.05436,0.03886,0.0153,0,20193301550
253,2019330,1730,2019,330,17,30,39.0375,-76.88712039,A,0.03362,0.02395,0.0041,0,20193301730
254,2019330,1905,2019,330,19,5,39.02916666,-76.88878193,A,0.00249,0.00172,0.0045,0,20193301905
255,2019331,1455,2019,331,14,55,NA,NA,T,NA,NA,NA,NA,20193311455
256,2019331,1635,2019,331,16,35,NA,NA,A,NA,NA,NA,NA,20193311635
257,2019331,1635,2019,331,16,35,NA,NA,T,NA,NA,NA,NA,20193311635
258,2019331,1810,2019,331,18,10,NA,NA,A,NA,NA,NA,NA,20193311810
259,2019332,1400,2019,332,14,0,NA,NA,T,NA,NA,NA,NA,20193321400
260,2019332,1540,2019,332,15,40,NA,NA,T,NA,NA,NA,NA,20193321540
261,2019332,1715,2019,332,17,15,NA,NA,A,NA,NA,NA,NA,20193321715
262,2019332,1855,2019,332,18,55,NA,NA,A,NA,NA,NA,NA,20193321855
263,2019333,1445,2019,333,14,45,NA,NA,T,NA,NA,NA,NA,20193331445
264,2019333,1620,2019,333,16,20,NA,NA,A,NA,NA,NA,NA,20193331620
265,2019333,1620,2019,333,16,20,NA,NA,T,NA,NA,NA,NA,20193331620
266,2019333,1800,2019,333,18,0,39.0375,-76.88712039,A,0.02482,0.01764,0.0112,0,20193331800
267,2019334,1525,2019,334,15,25,NA,NA,T,NA,NA,NA,NA,20193341525
268,2019334,1700,2019,334,17,0,NA,NA,T,NA,NA,NA,NA,20193341700
269,2019334,1705,2019,334,17,5,NA,NA,A,NA,NA,NA,NA,20193341705
270,2019334,1840,2019,334,18,40,NA,NA,A,NA,NA,NA,NA,20193341840
271,2019335,1430,2019,335,14,30,NA,NA,T,NA,NA,NA,NA,20193351430
272,2019335,1610,2019,335,16,10,NA,NA,T,NA,NA,NA,NA,20193351610
273,2019335,1745,2019,335,17,45,NA,NA,A,NA,NA,NA,NA,20193351745
274,2019336,1515,2019,336,15,15,NA,NA,T,NA,NA,NA,NA,20193361515
275,2019336,1650,2019,336,16,50,NA,NA,A,NA,NA,NA,NA,20193361650
276,2019336,1650,2019,336,16,50,NA,NA,T,NA,NA,NA,NA,20193361650
277,2019336,1830,2019,336,18,30,NA,NA,A,NA,NA,NA,NA,20193361830
278,2019337,1420,2019,337,14,20,NA,NA,T,NA,NA,NA,NA,20193371420
279,2019337,1555,2019,337,15,55,NA,NA,T,NA,NA,NA,NA,20193371555
280,2019337,1735,2019,337,17,35,39.0375,-76.88712039,A,0.03864,0.02754,0.0047,0,20193371735
281,2019337,1915,2019,337,19,15,NA,NA,A,NA,NA,NA,NA,20193371915
282,2019338,1500,2019,338,15,0,NA,NA,T,NA,NA,NA,NA,20193381500
283,2019338,1640,2019,338,16,40,NA,NA,A,NA,NA,NA,NA,20193381640
284,2019338,1640,2019,338,16,40,NA,NA,T,NA,NA,NA,NA,20193381640
285,2019338,1820,2019,338,18,20,NA,NA,A,NA,NA,NA,NA,20193381820
286,2019339,1405,2019,339,14,5,NA,NA,T,NA,NA,NA,NA,20193391405
287,2019339,1545,2019,339,15,45,NA,NA,T,NA,NA,NA,NA,20193391545
288,2019339,1725,2019,339,17,25,NA,NA,A,NA,NA,NA,NA,20193391725
289,2019339,1900,2019,339,19,0,39.0375,-76.88712039,A,0.01641,0.01162,0.0053,0,20193391900
290,2019340,1450,2019,340,14,50,NA,NA,T,NA,NA,NA,NA,20193401450
291,2019340,1625,2019,340,16,25,NA,NA,A,NA,NA,NA,NA,20193401625
292,2019340,1625,2019,340,16,25,NA,NA,T,NA,NA,NA,NA,20193401625
293,2019340,1805,2019,340,18,5,NA,NA,A,NA,NA,NA,NA,20193401805
294,2019341,1355,2019,341,13,55,NA,NA,T,NA,NA,NA,NA,20193411355
295,2019341,1535,2019,341,15,35,NA,NA,T,NA,NA,NA,NA,20193411535
296,2019341,1710,2019,341,17,10,NA,NA,A,NA,NA,NA,NA,20193411710
297,2019341,1850,2019,341,18,50,38.95416666,-76.89307529,A,0.0266,0.0188,0.0077,0,20193411850
298,2019342,1435,2019,342,14,35,NA,NA,T,NA,NA,NA,NA,20193421435
299,2019342,1615,2019,342,16,15,NA,NA,T,NA,NA,NA,NA,20193421615
300,2019342,1755,2019,342,17,55,NA,NA,A,NA,NA,NA,NA,20193421755
301,2019343,1520,2019,343,15,20,NA,NA,T,NA,NA,NA,NA,20193431520
302,2019343,1655,2019,343,16,55,NA,NA,T,NA,NA,NA,NA,20193431655
303,2019343,1700,2019,343,17,0,NA,NA,A,NA,NA,NA,NA,20193431700
304,2019343,1835,2019,343,18,35,NA,NA,A,NA,NA,NA,NA,20193431835
305,2019344,1425,2019,344,14,25,NA,NA,T,NA,NA,NA,NA,20193441425
306,2019344,1605,2019,344,16,5,NA,NA,T,NA,NA,NA,NA,20193441605
307,2019344,1740,2019,344,17,40,NA,NA,A,NA,NA,NA,NA,20193441740
308,2019345,1645,2019,345,16,45,NA,NA,A,NA,NA,NA,NA,20193451645
309,2019345,1645,2019,345,16,45,39.0375,-76.88712039,T,0.05811,0.04148,0.0046,0,20193451645
310,2019345,1825,2019,345,18,25,39.0375,-76.88712039,A,0.07091,0.05075,0.0143,0,20193451825
311,2019346,1415,2019,346,14,15,NA,NA,T,NA,NA,NA,NA,20193461415
312,2019346,1550,2019,346,15,50,39.0375,-76.88712039,T,0.11177,0.08013,0.014,0,20193461550
313,2019346,1730,2019,346,17,30,39.0375,-76.88712039,A,0.06708,0.04796,0.0038,0,20193461730
314,2019346,1905,2019,346,19,5,NA,NA,A,NA,NA,NA,NA,20193461905
315,2019347,1455,2019,347,14,55,NA,NA,T,NA,NA,NA,NA,20193471455
316,2019347,1635,2019,347,16,35,NA,NA,A,NA,NA,NA,NA,20193471635
317,2019347,1635,2019,347,16,35,NA,NA,T,NA,NA,NA,NA,20193471635
318,2019347,1810,2019,347,18,10,NA,NA,A,NA,NA,NA,NA,20193471810
319,2019348,1400,2019,348,14,0,NA,NA,T,NA,NA,NA,NA,20193481400
320,2019348,1540,2019,348,15,40,NA,NA,T,NA,NA,NA,NA,20193481540
321,2019348,1715,2019,348,17,15,NA,NA,A,NA,NA,NA,NA,20193481715
322,2019348,1855,2019,348,18,55,NA,NA,A,NA,NA,NA,NA,20193481855
1,2019349,1445,2019,349,14,45,NA,NA,T,NA,NA,NA,NA,20193491445
2,2019349,1620,2019,349,16,20,NA,NA,A,NA,NA,NA,NA,20193491620
3,2019349,1620,2019,349,16,20,39.0375,-76.81201959,T,0.1995,0.14375,0.0093,0,20193491620
4,2019349,1800,2019,349,18,0,38.97083333,-76.79326149,A,0.10363,0.07425,0.0102,0,20193491800
5,2019350,1525,2019,350,15,25,NA,NA,T,NA,NA,NA,NA,20193501525
6,2019350,1700,2019,350,17,0,NA,NA,T,NA,NA,NA,NA,20193501700
7,2019350,1705,2019,350,17,5,NA,NA,A,NA,NA,NA,NA,20193501705
8,2019350,1840,2019,350,18,40,NA,NA,A,NA,NA,NA,NA,20193501840
9,2019351,1430,2019,351,14,30,NA,NA,T,NA,NA,NA,NA,20193511430
10,2019351,1610,2019,351,16,10,NA,NA,T,NA,NA,NA,NA,20193511610
11,2019351,1745,2019,351,17,45,NA,NA,A,NA,NA,NA,NA,20193511745
12,2019352,1515,2019,352,15,15,39.0375,-76.88712039,T,0.05958,0.04258,0.0049,0,20193521515
13,2019352,1650,2019,352,16,50,NA,NA,A,NA,NA,NA,NA,20193521650
14,2019352,1650,2019,352,16,50,NA,NA,T,NA,NA,NA,NA,20193521650
15,2019352,1830,2019,352,18,30,39.0375,-76.88712039,A,0.1658,0.119,0.0122,0,20193521830
16,2019353,1420,2019,353,14,20,NA,NA,T,NA,NA,NA,NA,20193531420
17,2019353,1555,2019,353,15,55,39.0375,-76.88712039,T,0.10703,0.07669,0.0142,0,20193531555
18,2019353,1735,2019,353,17,35,39.0375,-76.88712039,A,0.04787,0.03417,0.0046,0,20193531735
19,2019353,1915,2019,353,19,15,NA,NA,A,NA,NA,NA,NA,20193531915
20,2019354,1500,2019,354,15,0,NA,NA,T,NA,NA,NA,NA,20193541500
21,2019354,1640,2019,354,16,40,NA,NA,A,NA,NA,NA,NA,20193541640
22,2019354,1640,2019,354,16,40,39.0375,-76.88712039,T,0.14158,0.10151,0.0053,0,20193541640
23,2019354,1820,2019,354,18,20,39.0375,-76.88712039,A,0.17724,0.12719,0.0143,0,20193541820
24,2019355,1405,2019,355,14,5,NA,NA,T,NA,NA,NA,NA,20193551405
25,2019355,1545,2019,355,15,45,NA,NA,T,NA,NA,NA,NA,20193551545
26,2019355,1725,2019,355,17,25,NA,NA,A,NA,NA,NA,NA,20193551725
27,2019355,1900,2019,355,19,0,NA,NA,A,NA,NA,NA,NA,20193551900
28,2019356,1450,2019,356,14,50,NA,NA,T,NA,NA,NA,NA,20193561450
29,2019356,1625,2019,356,16,25,NA,NA,A,NA,NA,NA,NA,20193561625
30,2019356,1625,2019,356,16,25,NA,NA,T,NA,NA,NA,NA,20193561625
31,2019356,1805,2019,356,18,5,NA,NA,A,NA,NA,NA,NA,20193561805
32,2019357,1355,2019,357,13,55,NA,NA,T,NA,NA,NA,NA,20193571355
33,2019357,1535,2019,357,15,35,NA,NA,T,NA,NA,NA,NA,20193571535
34,2019357,1710,2019,357,17,10,NA,NA,A,NA,NA,NA,NA,20193571710
35,2019357,1850,2019,357,18,50,38.99583333,-76.89544044,A,0.06383,0.04583,0.0076,0,20193571850
36,2019358,1435,2019,358,14,35,NA,NA,T,NA,NA,NA,NA,20193581435
37,2019358,1615,2019,358,16,15,39.02083333,-76.85826624,T,0.18,0.129,0.0113,0,20193581615
38,2019358,1755,2019,358,17,55,39.0375,-76.88712039,A,0.13237,0.0949,0.0086,0,20193581755
39,2019359,1520,2019,359,15,20,NA,NA,T,NA,NA,NA,NA,20193591520
40,2019359,1655,2019,359,16,55,NA,NA,T,NA,NA,NA,NA,20193591655
41,2019359,1700,2019,359,17,0,NA,NA,A,NA,NA,NA,NA,20193591700
42,2019359,1835,2019,359,18,35,NA,NA,A,NA,NA,NA,NA,20193591835
43,2019360,1425,2019,360,14,25,NA,NA,T,NA,NA,NA,NA,20193601425
44,2019360,1605,2019,360,16,5,NA,NA,T,NA,NA,NA,NA,20193601605
45,2019360,1740,2019,360,17,40,NA,NA,A,NA,NA,NA,NA,20193601740
46,2019361,1510,2019,361,15,10,NA,NA,T,NA,NA,NA,NA,20193611510
47,2019361,1645,2019,361,16,45,NA,NA,A,NA,NA,NA,NA,20193611645
48,2019361,1645,2019,361,16,45,NA,NA,T,NA,NA,NA,NA,20193611645
49,2019361,1825,2019,361,18,25,NA,NA,A,NA,NA,NA,NA,20193611825
50,2019362,1415,2019,362,14,15,NA,NA,T,NA,NA,NA,NA,20193621415
51,2019362,1550,2019,362,15,50,39.0375,-76.88712039,T,0.1678,0.12048,0.0136,0,20193621550
52,2019362,1730,2019,362,17,30,NA,NA,A,NA,NA,NA,NA,20193621730
53,2019362,1905,2019,362,19,5,NA,NA,A,NA,NA,NA,NA,20193621905
54,2019363,1455,2019,363,14,55,NA,NA,T,NA,NA,NA,NA,20193631455
55,2019363,1635,2019,363,16,35,NA,NA,A,NA,NA,NA,NA,20193631635
56,2019363,1635,2019,363,16,35,NA,NA,T,NA,NA,NA,NA,20193631635
57,2019363,1810,2019,363,18,10,NA,NA,A,NA,NA,NA,NA,20193631810
58,2019364,1400,2019,364,14,0,NA,NA,T,NA,NA,NA,NA,20193641400
59,2019364,1540,2019,364,15,40,NA,NA,T,NA,NA,NA,NA,20193641540
60,2019364,1715,2019,364,17,15,NA,NA,A,NA,NA,NA,NA,20193641715
61,2019364,1855,2019,364,18,55,NA,NA,A,NA,NA,NA,NA,20193641855
62,2019365,1445,2019,365,14,45,NA,NA,T,NA,NA,NA,NA,20193651445
63,2019365,1620,2019,365,16,20,NA,NA,A,NA,NA,NA,NA,20193651620
64,2019365,1620,2019,365,16,20,NA,NA,T,NA,NA,NA,NA,20193651620
65,2019365,1800,2019,365,18,0,NA,NA,A,NA,NA,NA,NA,20193651800
1,2020001,1525,2020,1,15,25,39.0375,-76.88712039,T,0.06524,0.04664,0.0069,0,20200011525
2,2020001,1700,2020,1,17,0,NA,NA,T,NA,NA,NA,NA,20200011700
3,2020001,1705,2020,1,17,5,NA,NA,A,NA,NA,NA,NA,20200011705
4,2020001,1840,2020,1,18,40,39.0375,-76.88712039,A,0.02806,0.0199,0.0094,0,20200011840
5,2020002,1430,2020,2,14,30,NA,NA,T,NA,NA,NA,NA,20200021430
6,2020002,1610,2020,2,16,10,NA,NA,T,NA,NA,NA,NA,20200021610
7,2020002,1745,2020,2,17,45,NA,NA,A,NA,NA,NA,NA,20200021745
8,2020003,1515,2020,3,15,15,NA,NA,T,NA,NA,NA,NA,20200031515
9,2020003,1650,2020,3,16,50,NA,NA,A,NA,NA,NA,NA,20200031650
10,2020003,1650,2020,3,16,50,NA,NA,T,NA,NA,NA,NA,20200031650
11,2020003,1830,2020,3,18,30,NA,NA,A,NA,NA,NA,NA,20200031830
12,2020004,1420,2020,4,14,20,NA,NA,T,NA,NA,NA,NA,20200041420
13,2020004,1555,2020,4,15,55,NA,NA,T,NA,NA,NA,NA,20200041555
14,2020004,1735,2020,4,17,35,NA,NA,A,NA,NA,NA,NA,20200041735
15,2020004,1915,2020,4,19,15,NA,NA,A,NA,NA,NA,NA,20200041915
16,2020005,1500,2020,5,15,0,NA,NA,T,NA,NA,NA,NA,20200051500
17,2020005,1640,2020,5,16,40,NA,NA,A,NA,NA,NA,NA,20200051640
18,2020005,1640,2020,5,16,40,NA,NA,T,NA,NA,NA,NA,20200051640
19,2020005,1820,2020,5,18,20,NA,NA,A,NA,NA,NA,NA,20200051820
20,2020006,1405,2020,6,14,5,NA,NA,T,NA,NA,NA,NA,20200061405
21,2020006,1545,2020,6,15,45,39.00416666,-76.88305033,T,0.2345,0.1685,0.0119,0,20200061545
22,2020006,1725,2020,6,17,25,39.0375,-76.85493433,A,0.091,0.06525,0.0036,0,20200061725
23,2020006,1900,2020,6,19,0,39.0375,-76.88712039,A,0.00652,0.00454,0.0055,0,20200061900
24,2020007,1450,2020,7,14,50,NA,NA,T,NA,NA,NA,NA,20200071450
25,2020007,1625,2020,7,16,25,NA,NA,A,NA,NA,NA,NA,20200071625
26,2020007,1625,2020,7,16,25,NA,NA,T,NA,NA,NA,NA,20200071625
27,2020007,1805,2020,7,18,5,NA,NA,A,NA,NA,NA,NA,20200071805
28,2020008,1355,2020,8,13,55,NA,NA,T,NA,NA,NA,NA,20200081355
29,2020008,1535,2020,8,15,35,NA,NA,T,NA,NA,NA,NA,20200081535
30,2020008,1710,2020,8,17,10,NA,NA,A,NA,NA,NA,NA,20200081710
31,2020008,1850,2020,8,18,50,39.0375,-76.88712039,A,0.14958,0.10728,NA,0,20200081850
32,2020009,1435,2020,9,14,35,NA,NA,T,NA,NA,NA,NA,20200091435
33,2020009,1615,2020,9,16,15,39.0375,-76.85493433,T,0.252,0.182,0.0119,0,20200091615
34,2020009,1755,2020,9,17,55,NA,NA,A,NA,NA,NA,NA,20200091755
35,2020010,1520,2020,10,15,20,NA,NA,T,NA,NA,NA,NA,20200101520
36,2020010,1655,2020,10,16,55,NA,NA,T,NA,NA,NA,NA,20200101655
37,2020010,1700,2020,10,17,0,NA,NA,A,NA,NA,NA,NA,20200101700
38,2020010,1835,2020,10,18,35,NA,NA,A,NA,NA,NA,NA,20200101835
39,2020011,1425,2020,11,14,25,NA,NA,T,NA,NA,NA,NA,20200111425
40,2020011,1605,2020,11,16,5,NA,NA,T,NA,NA,NA,NA,20200111605
41,2020011,1740,2020,11,17,40,NA,NA,A,NA,NA,NA,NA,20200111740
42,2020012,1510,2020,12,15,10,NA,NA,T,NA,NA,NA,NA,20200121510
43,2020012,1645,2020,12,16,45,NA,NA,A,NA,NA,NA,NA,20200121645
44,2020012,1645,2020,12,16,45,39.0375,-76.88712039,T,0.01725,0.01229,0.0047,0,20200121645
45,2020012,1825,2020,12,18,25,39.0375,-76.88712039,A,0.01403,0.00998,0.0145,0,20200121825
46,2020013,1415,2020,13,14,15,NA,NA,T,NA,NA,NA,NA,20200131415
47,2020013,1550,2020,13,15,50,NA,NA,T,NA,NA,NA,NA,20200131550
48,2020013,1730,2020,13,17,30,NA,NA,A,NA,NA,NA,NA,20200131730
49,2020013,1905,2020,13,19,5,NA,NA,A,NA,NA,NA,NA,20200131905
50,2020014,1455,2020,14,14,55,NA,NA,T,NA,NA,NA,NA,20200141455
51,2020014,1635,2020,14,16,35,NA,NA,A,NA,NA,NA,NA,20200141635
52,2020014,1635,2020,14,16,35,NA,NA,T,NA,NA,NA,NA,20200141635
53,2020014,1810,2020,14,18,10,NA,NA,A,NA,NA,NA,NA,20200141810
54,2020015,1400,2020,15,14,0,NA,NA,T,NA,NA,NA,NA,20200151400
55,2020015,1540,2020,15,15,40,39.0375,-76.88712039,T,0.12027,0.0862,0.0106,0,20200151540
56,2020015,1715,2020,15,17,15,NA,NA,A,NA,NA,NA,NA,20200151715
57,2020015,1855,2020,15,18,55,NA,NA,A,NA,NA,NA,NA,20200151855
58,2020016,1445,2020,16,14,45,NA,NA,T,NA,NA,NA,NA,20200161445
59,2020016,1620,2020,16,16,20,NA,NA,A,NA,NA,NA,NA,20200161620
60,2020016,1620,2020,16,16,20,39.0375,-76.88712039,T,0.06806,0.04873,0.0104,0,20200161620
61,2020016,1800,2020,16,18,0,39.0375,-76.88712039,A,0.04938,0.03527,0.0125,0,20200161800
62,2020017,1525,2020,17,15,25,39.0375,-76.88712039,T,0.04129,0.02951,0.0071,0,20200171525
63,2020017,1700,2020,17,17,0,NA,NA,T,NA,NA,NA,NA,20200171700
64,2020017,1705,2020,17,17,5,NA,NA,A,NA,NA,NA,NA,20200171705
65,2020017,1840,2020,17,18,40,39.02083333,-76.78318315,A,0.06786,0.04843,0.0095,0,20200171840
66,2020018,1430,2020,18,14,30,NA,NA,T,NA,NA,NA,NA,20200181430
67,2020018,1610,2020,18,16,10,NA,NA,T,NA,NA,NA,NA,20200181610
68,2020018,1745,2020,18,17,45,NA,NA,A,NA,NA,NA,NA,20200181745
69,2020019,1515,2020,19,15,15,39.0375,-76.88712039,T,0.05888,0.04209,0.0052,0,20200191515
70,2020019,1650,2020,19,16,50,NA,NA,A,NA,NA,NA,NA,20200191650
71,2020019,1650,2020,19,16,50,NA,NA,T,NA,NA,NA,NA,20200191650
72,2020019,1830,2020,19,18,30,39.0375,-76.88712039,A,0.1424,0.10209,0.0149,0,20200191830
73,2020020,1420,2020,20,14,20,NA,NA,T,NA,NA,NA,NA,20200201420
74,2020020,1555,2020,20,15,55,39.0375,-76.88712039,T,0.11716,0.08398,0.0164,0,20200201555
75,2020020,1735,2020,20,17,35,39.0375,-76.88712039,A,0.03863,0.02753,0.0056,0,20200201735
76,2020020,1915,2020,20,19,15,NA,NA,A,NA,NA,NA,NA,20200201915
77,2020021,1500,2020,21,15,0,NA,NA,T,NA,NA,NA,NA,20200211500
78,2020021,1640,2020,21,16,40,NA,NA,A,NA,NA,NA,NA,20200211640
79,2020021,1640,2020,21,16,40,39.0375,-76.88712039,T,0.03626,0.02587,0.0057,0,20200211640
80,2020021,1820,2020,21,18,20,39.0375,-76.88712039,A,0.07281,0.05211,0.0177,0,20200211820
81,2020022,1405,2020,22,14,5,NA,NA,T,NA,NA,NA,NA,20200221405
82,2020022,1545,2020,22,15,45,39.0375,-76.88712039,T,0.06755,0.04831,0.0138,0,20200221545
83,2020022,1725,2020,22,17,25,39.0375,-76.88712039,A,0.04605,0.03285,0.0041,0,20200221725
84,2020022,1900,2020,22,19,0,39.0375,-76.88712039,A,0.02168,0.01541,0.0062,0,20200221900
85,2020023,1450,2020,23,14,50,NA,NA,T,NA,NA,NA,NA,20200231450
86,2020023,1625,2020,23,16,25,NA,NA,A,NA,NA,NA,NA,20200231625
87,2020023,1625,2020,23,16,25,NA,NA,T,NA,NA,NA,NA,20200231625
88,2020023,1805,2020,23,18,5,NA,NA,A,NA,NA,NA,NA,20200231805
89,2020024,1355,2020,24,13,55,NA,NA,T,NA,NA,NA,NA,20200241355
90,2020024,1535,2020,24,15,35,38.9875,-76.80061823,T,0.2024,0.1453,0.0095,0,20200241535
91,2020024,1710,2020,24,17,10,NA,NA,A,NA,NA,NA,NA,20200241710
92,2020024,1850,2020,24,18,50,NA,NA,A,NA,NA,NA,NA,20200241850
93,2020025,1440,2020,25,14,40,NA,NA,T,NA,NA,NA,NA,20200251440
94,2020025,1615,2020,25,16,15,NA,NA,T,NA,NA,NA,NA,20200251615
95,2020025,1755,2020,25,17,55,NA,NA,A,NA,NA,NA,NA,20200251755
96,2020026,1520,2020,26,15,20,39.0375,-76.88712039,T,0.05833,0.04166,0.0067,0,20200261520
97,2020026,1655,2020,26,16,55,NA,NA,T,NA,NA,NA,NA,20200261655
98,2020026,1700,2020,26,17,0,NA,NA,A,NA,NA,NA,NA,20200261700
99,2020026,1835,2020,26,18,35,NA,NA,A,NA,NA,NA,NA,20200261835
100,2020027,1425,2020,27,14,25,NA,NA,T,NA,NA,NA,NA,20200271425
101,2020027,1605,2020,27,16,5,NA,NA,T,NA,NA,NA,NA,20200271605
102,2020027,1740,2020,27,17,40,NA,NA,A,NA,NA,NA,NA,20200271740
103,2020028,1510,2020,28,15,10,NA,NA,T,NA,NA,NA,NA,20200281510
104,2020028,1645,2020,28,16,45,NA,NA,A,NA,NA,NA,NA,20200281645
105,2020028,1645,2020,28,16,45,NA,NA,T,NA,NA,NA,NA,20200281645
106,2020028,1825,2020,28,18,25,NA,NA,A,NA,NA,NA,NA,20200281825
107,2020029,1415,2020,29,14,15,NA,NA,T,NA,NA,NA,NA,20200291415
108,2020029,1550,2020,29,15,50,NA,NA,T,NA,NA,NA,NA,20200291550
109,2020029,1730,2020,29,17,30,39.0375,-76.86566302,A,0.09232,0.066,0.0053,0,20200291730
110,2020029,1905,2020,29,19,5,39.0375,-76.88712039,A,0.03025,0.02161,0.0056,0,20200291905
111,2020030,1455,2020,30,14,55,NA,NA,T,NA,NA,NA,NA,20200301455
112,2020030,1635,2020,30,16,35,NA,NA,A,NA,NA,NA,NA,20200301635
113,2020030,1635,2020,30,16,35,NA,NA,T,NA,NA,NA,NA,20200301635
114,2020030,1810,2020,30,18,10,NA,NA,A,NA,NA,NA,NA,20200301810
115,2020031,1400,2020,31,14,0,NA,NA,T,NA,NA,NA,NA,20200311400
116,2020031,1540,2020,31,15,40,NA,NA,T,NA,NA,NA,NA,20200311540
117,2020031,1715,2020,31,17,15,NA,NA,A,NA,NA,NA,NA,20200311715
118,2020031,1855,2020,31,18,55,NA,NA,A,NA,NA,NA,NA,20200311855
119,2020032,1445,2020,32,14,45,NA,NA,T,NA,NA,NA,NA,20200321445
120,2020032,1620,2020,32,16,20,NA,NA,A,NA,NA,NA,NA,20200321620
121,2020032,1620,2020,32,16,20,NA,NA,T,NA,NA,NA,NA,20200321620
122,2020032,1800,2020,32,18,0,NA,NA,A,NA,NA,NA,NA,20200321800
123,2020033,1525,2020,33,15,25,NA,NA,T,NA,NA,NA,NA,20200331525
124,2020033,1700,2020,33,17,0,NA,NA,T,NA,NA,NA,NA,20200331700
125,2020033,1705,2020,33,17,5,NA,NA,A,NA,NA,NA,NA,20200331705
126,2020033,1840,2020,33,18,40,39.0375,-76.88712039,A,0.05867,0.04193,0.0122,0,20200331840
127,2020034,1430,2020,34,14,30,NA,NA,T,NA,NA,NA,NA,20200341430
128,2020034,1610,2020,34,16,10,39.0375,-76.88712039,T,0.08306,0.05948,0.0176,0,20200341610
129,2020034,1745,2020,34,17,45,39.0375,-76.88712039,A,0.01797,0.01266,0.0101,0,20200341745
130,2020035,1515,2020,35,15,15,NA,NA,T,NA,NA,NA,NA,20200351515
131,2020035,1650,2020,35,16,50,NA,NA,A,NA,NA,NA,NA,20200351650
132,2020035,1650,2020,35,16,50,NA,NA,T,NA,NA,NA,NA,20200351650
133,2020035,1830,2020,35,18,30,NA,NA,A,NA,NA,NA,NA,20200351830
134,2020036,1420,2020,36,14,20,NA,NA,T,NA,NA,NA,NA,20200361420
135,2020036,1600,2020,36,16,0,NA,NA,T,NA,NA,NA,NA,20200361600
136,2020036,1735,2020,36,17,35,NA,NA,A,NA,NA,NA,NA,20200361735
137,2020036,1915,2020,36,19,15,NA,NA,A,NA,NA,NA,NA,20200361915
138,2020037,1505,2020,37,15,5,NA,NA,T,NA,NA,NA,NA,20200371505
139,2020037,1640,2020,37,16,40,NA,NA,A,NA,NA,NA,NA,20200371640
140,2020037,1640,2020,37,16,40,NA,NA,T,NA,NA,NA,NA,20200371640
141,2020037,1820,2020,37,18,20,NA,NA,A,NA,NA,NA,NA,20200371820
142,2020038,1405,2020,38,14,5,NA,NA,T,NA,NA,NA,NA,20200381405
143,2020038,1545,2020,38,15,45,NA,NA,T,NA,NA,NA,NA,20200381545
144,2020038,1725,2020,38,17,25,NA,NA,A,NA,NA,NA,NA,20200381725
145,2020038,1900,2020,38,19,0,39.0375,-76.84420565,A,0.1265,0.091,0.0069,0,20200381900
146,2020039,1450,2020,39,14,50,NA,NA,T,NA,NA,NA,NA,20200391450
147,2020039,1625,2020,39,16,25,NA,NA,A,NA,NA,NA,NA,20200391625
148,2020039,1625,2020,39,16,25,NA,NA,T,NA,NA,NA,NA,20200391625
149,2020039,1805,2020,39,18,5,NA,NA,A,NA,NA,NA,NA,20200391805
150,2020040,1355,2020,40,13,55,NA,NA,T,NA,NA,NA,NA,20200401355
151,2020040,1535,2020,40,15,35,39.0375,-76.88712039,T,0.08283,0.0592,0.0112,0,20200401535
152,2020040,1710,2020,40,17,10,NA,NA,A,NA,NA,NA,NA,20200401710
153,2020040,1850,2020,40,18,50,39.0375,-76.88712039,A,0.0488,0.03473,0.0107,0,20200401850
154,2020041,1440,2020,41,14,40,NA,NA,T,NA,NA,NA,NA,20200411440
155,2020041,1615,2020,41,16,15,NA,NA,T,NA,NA,NA,NA,20200411615
156,2020041,1755,2020,41,17,55,NA,NA,A,NA,NA,NA,NA,20200411755
157,2020042,1520,2020,42,15,20,NA,NA,T,NA,NA,NA,NA,20200421520
158,2020042,1655,2020,42,16,55,NA,NA,T,NA,NA,NA,NA,20200421655
159,2020042,1700,2020,42,17,0,NA,NA,A,NA,NA,NA,NA,20200421700
160,2020042,1835,2020,42,18,35,NA,NA,A,NA,NA,NA,NA,20200421835
161,2020043,1425,2020,43,14,25,NA,NA,T,NA,NA,NA,NA,20200431425
162,2020043,1605,2020,43,16,5,NA,NA,T,NA,NA,NA,NA,20200431605
163,2020043,1740,2020,43,17,40,NA,NA,A,NA,NA,NA,NA,20200431740
164,2020044,1510,2020,44,15,10,NA,NA,T,NA,NA,NA,NA,20200441510
165,2020044,1645,2020,44,16,45,NA,NA,A,NA,NA,NA,NA,20200441645
166,2020044,1645,2020,44,16,45,NA,NA,T,NA,NA,NA,NA,20200441645
167,2020044,1825,2020,44,18,25,NA,NA,A,NA,NA,NA,NA,20200441825
168,2020045,1415,2020,45,14,15,NA,NA,T,NA,NA,NA,NA,20200451415
169,2020045,1550,2020,45,15,50,NA,NA,T,NA,NA,NA,NA,20200451550
170,2020045,1730,2020,45,17,30,39.0375,-76.88712039,A,0.08759,0.06265,0.0064,0,20200451730
171,2020045,1905,2020,45,19,5,39.0375,-76.86566302,A,0.05289,0.03779,0.0065,0,20200451905
172,2020046,1455,2020,46,14,55,NA,NA,T,NA,NA,NA,NA,20200461455
173,2020046,1635,2020,46,16,35,NA,NA,A,NA,NA,NA,NA,20200461635
174,2020046,1635,2020,46,16,35,NA,NA,T,NA,NA,NA,NA,20200461635
175,2020046,1810,2020,46,18,10,NA,NA,A,NA,NA,NA,NA,20200461810
176,2020047,1400,2020,47,14,0,NA,NA,T,NA,NA,NA,NA,20200471400
177,2020047,1540,2020,47,15,40,NA,NA,T,NA,NA,NA,NA,20200471540
178,2020047,1715,2020,47,17,15,NA,NA,A,NA,NA,NA,NA,20200471715
179,2020047,1855,2020,47,18,55,NA,NA,A,NA,NA,NA,NA,20200471855
180,2020048,1445,2020,48,14,45,NA,NA,T,NA,NA,NA,NA,20200481445
181,2020048,1620,2020,48,16,20,NA,NA,A,NA,NA,NA,NA,20200481620
182,2020048,1620,2020,48,16,20,39.02083333,-76.83681393,T,0.16814,0.12064,0.0139,0,20200481620
183,2020048,1800,2020,48,18,0,NA,NA,A,NA,NA,NA,NA,20200481800
184,2020049,1350,2020,49,13,50,NA,NA,T,NA,NA,NA,NA,20200491350
185,2020049,1525,2020,49,15,25,NA,NA,T,NA,NA,NA,NA,20200491525
186,2020049,1705,2020,49,17,5,NA,NA,A,NA,NA,NA,NA,20200491705
187,2020049,1705,2020,49,17,5,NA,NA,T,NA,NA,NA,NA,20200491705
188,2020049,1840,2020,49,18,40,NA,NA,A,NA,NA,NA,NA,20200491840
189,2020050,1430,2020,50,14,30,NA,NA,T,NA,NA,NA,NA,20200501430
190,2020050,1610,2020,50,16,10,NA,NA,T,NA,NA,NA,NA,20200501610
191,2020050,1745,2020,50,17,45,NA,NA,A,NA,NA,NA,NA,20200501745
192,2020051,1650,2020,51,16,50,NA,NA,A,NA,NA,NA,NA,20200511650
193,2020051,1650,2020,51,16,50,NA,NA,T,NA,NA,NA,NA,20200511650
194,2020051,1830,2020,51,18,30,NA,NA,A,NA,NA,NA,NA,20200511830
195,2020052,1420,2020,52,14,20,NA,NA,T,NA,NA,NA,NA,20200521420
196,2020052,1600,2020,52,16,0,39.0375,-76.88712039,T,0.12283,0.08806,0.0235,0,20200521600
197,2020052,1735,2020,52,17,35,39.0375,-76.88712039,A,0.04862,0.03471,0.0086,0,20200521735
198,2020052,1915,2020,52,19,15,NA,NA,A,NA,NA,NA,NA,20200521915
199,2020053,1505,2020,53,15,5,NA,NA,T,NA,NA,NA,NA,20200531505
200,2020053,1640,2020,53,16,40,NA,NA,A,NA,NA,NA,NA,20200531640
201,2020053,1640,2020,53,16,40,39.0375,-76.88712039,T,0.05965,0.04259,0.0084,0,20200531640
202,2020053,1820,2020,53,18,20,39.0375,-76.88712039,A,0.05813,0.04154,0.0269,0,20200531820
203,2020054,1405,2020,54,14,5,NA,NA,T,NA,NA,NA,NA,20200541405
204,2020054,1545,2020,54,15,45,39.0375,-76.88712039,T,0.03914,0.02788,0.0201,0,20200541545
205,2020054,1725,2020,54,17,25,39.0375,-76.88712039,A,0.04485,0.03197,0.0062,0,20200541725
206,2020054,1900,2020,54,19,0,39.0375,-76.88712039,A,0.01338,0.00946,0.0085,0,20200541900
207,2020055,1450,2020,55,14,50,NA,NA,T,NA,NA,NA,NA,20200551450
208,2020055,1625,2020,55,16,25,NA,NA,A,NA,NA,NA,NA,20200551625
209,2020055,1630,2020,55,16,30,NA,NA,T,NA,NA,NA,NA,20200551630
210,2020055,1805,2020,55,18,5,NA,NA,A,NA,NA,NA,NA,20200551805
211,2020056,1355,2020,56,13,55,NA,NA,T,NA,NA,NA,NA,20200561355
212,2020056,1535,2020,56,15,35,NA,NA,T,NA,NA,NA,NA,20200561535
213,2020056,1710,2020,56,17,10,NA,NA,A,NA,NA,NA,NA,20200561710
214,2020056,1850,2020,56,18,50,NA,NA,A,NA,NA,NA,NA,20200561850
215,2020057,1440,2020,57,14,40,NA,NA,T,NA,NA,NA,NA,20200571440
216,2020057,1615,2020,57,16,15,NA,NA,T,NA,NA,NA,NA,20200571615
217,2020057,1755,2020,57,17,55,NA,NA,A,NA,NA,NA,NA,20200571755
218,2020058,1655,2020,58,16,55,38.99583333,-76.79893916,T,0.08,0.0575,0.0052,0,20200581655
219,2020058,1700,2020,58,17,0,NA,NA,A,NA,NA,NA,NA,20200581700
220,2020058,1835,2020,58,18,35,39.0375,-76.88712039,A,0.01477,0.01047,0.0187,0,20200581835
221,2020059,1425,2020,59,14,25,NA,NA,T,NA,NA,NA,NA,20200591425
222,2020059,1605,2020,59,16,5,NA,NA,T,NA,NA,NA,NA,20200591605
223,2020059,1740,2020,59,17,40,NA,NA,A,NA,NA,NA,NA,20200591740
224,2020060,1510,2020,60,15,10,39.02083333,-76.78318315,T,0.2152,0.1548,0.0066,0,20200601510
225,2020060,1645,2020,60,16,45,NA,NA,A,NA,NA,NA,NA,20200601645
226,2020060,1645,2020,60,16,45,NA,NA,T,NA,NA,NA,NA,20200601645
227,2020060,1825,2020,60,18,25,NA,NA,A,NA,NA,NA,NA,20200601825
228,2020061,1415,2020,61,14,15,NA,NA,T,NA,NA,NA,NA,20200611415
229,2020061,1550,2020,61,15,50,39.0375,-76.88712039,T,0.07134,0.05105,0.0247,0,20200611550
230,2020061,1730,2020,61,17,30,39.0375,-76.88712039,A,0.04356,0.03114,0.0082,0,20200611730
231,2020061,1905,2020,61,19,5,39.0375,-76.88712039,A,0.02048,0.01458,0.0078,0,20200611905
232,2020062,1455,2020,62,14,55,NA,NA,T,NA,NA,NA,NA,20200621455
233,2020062,1635,2020,62,16,35,NA,NA,A,NA,NA,NA,NA,20200621635
234,2020062,1635,2020,62,16,35,39.0375,-76.88712039,T,0.13252,0.09496,0.0119,0,20200621635
235,2020062,1810,2020,62,18,10,NA,NA,A,NA,NA,NA,NA,20200621810
236,2020063,1400,2020,63,14,0,NA,NA,T,NA,NA,NA,NA,20200631400
237,2020063,1540,2020,63,15,40,NA,NA,T,NA,NA,NA,NA,20200631540
238,2020063,1715,2020,63,17,15,NA,NA,A,NA,NA,NA,NA,20200631715
239,2020063,1855,2020,63,18,55,NA,NA,A,NA,NA,NA,NA,20200631855
240,2020064,1445,2020,64,14,45,NA,NA,T,NA,NA,NA,NA,20200641445
241,2020064,1620,2020,64,16,20,NA,NA,A,NA,NA,NA,NA,20200641620
242,2020064,1620,2020,64,16,20,39.0375,-76.88712039,T,0.04246,0.03026,0.0186,0,20200641620
243,2020064,1800,2020,64,18,0,39.0375,-76.88712039,A,0.0195,0.01391,0.0224,0,20200641800
244,2020065,1350,2020,65,13,50,NA,NA,T,NA,NA,NA,NA,20200651350
245,2020065,1525,2020,65,15,25,39.0375,-76.88712039,T,0.1113,0.07981,0.0121,0,20200651525
246,2020065,1705,2020,65,17,5,NA,NA,A,NA,NA,NA,NA,20200651705
247,2020065,1705,2020,65,17,5,NA,NA,T,NA,NA,NA,NA,20200651705
248,2020065,1845,2020,65,18,45,NA,NA,A,NA,NA,NA,NA,20200651845
249,2020066,1430,2020,66,14,30,NA,NA,T,NA,NA,NA,NA,20200661430
250,2020066,1610,2020,66,16,10,NA,NA,T,NA,NA,NA,NA,20200661610
251,2020066,1750,2020,66,17,50,NA,NA,A,NA,NA,NA,NA,20200661750
252,2020067,1515,2020,67,15,15,NA,NA,T,NA,NA,NA,NA,20200671515
253,2020067,1650,2020,67,16,50,NA,NA,A,NA,NA,NA,NA,20200671650
254,2020067,1650,2020,67,16,50,39.0375,-76.88712039,T,0.06809,0.04862,0.0071,0,20200671650
255,2020067,1830,2020,67,18,30,39.0375,-76.88712039,A,0.01923,0.01368,0.0243,0,20200671830
256,2020068,1420,2020,68,14,20,NA,NA,T,NA,NA,NA,NA,20200681420
257,2020068,1600,2020,68,16,0,39.0375,-76.88712039,T,0.13244,0.095,0.0291,0,20200681600
258,2020068,1735,2020,68,17,35,39.0375,-76.88712039,A,0.07787,0.05564,0.0103,0,20200681735
259,2020068,1915,2020,68,19,15,NA,NA,A,NA,NA,NA,NA,20200681915
260,2020069,1505,2020,69,15,5,NA,NA,T,NA,NA,NA,NA,20200691505
261,2020069,1640,2020,69,16,40,NA,NA,A,NA,NA,NA,NA,20200691640
262,2020069,1640,2020,69,16,40,39.0375,-76.88712039,T,0.1089,0.07809,0.0105,0,20200691640
263,2020069,1820,2020,69,18,20,39.0375,-76.88712039,A,0.07985,0.05717,0.0314,0,20200691820
264,2020070,1405,2020,70,14,5,NA,NA,T,NA,NA,NA,NA,20200701405
265,2020070,1545,2020,70,15,45,NA,NA,T,NA,NA,NA,NA,20200701545
266,2020070,1725,2020,70,17,25,NA,NA,A,NA,NA,NA,NA,20200701725
267,2020070,1900,2020,70,19,0,NA,NA,A,NA,NA,NA,NA,20200701900
268,2020071,1450,2020,71,14,50,NA,NA,T,NA,NA,NA,NA,20200711450
269,2020071,1625,2020,71,16,25,NA,NA,A,NA,NA,NA,NA,20200711625
270,2020071,1630,2020,71,16,30,NA,NA,T,NA,NA,NA,NA,20200711630
271,2020071,1805,2020,71,18,5,NA,NA,A,NA,NA,NA,NA,20200711805
272,2020072,1355,2020,72,13,55,NA,NA,T,NA,NA,NA,NA,20200721355
273,2020072,1535,2020,72,15,35,NA,NA,T,NA,NA,NA,NA,20200721535
274,2020072,1710,2020,72,17,10,NA,NA,A,NA,NA,NA,NA,20200721710
275,2020072,1850,2020,72,18,50,NA,NA,A,NA,NA,NA,NA,20200721850
276,2020073,1440,2020,73,14,40,NA,NA,T,NA,NA,NA,NA,20200731440
277,2020073,1615,2020,73,16,15,NA,NA,T,NA,NA,NA,NA,20200731615
278,2020073,1755,2020,73,17,55,NA,NA,A,NA,NA,NA,NA,20200731755
279,2020074,1520,2020,74,15,20,NA,NA,T,NA,NA,NA,NA,20200741520
280,2020074,1655,2020,74,16,55,NA,NA,T,NA,NA,NA,NA,20200741655
281,2020074,1700,2020,74,17,0,NA,NA,A,NA,NA,NA,NA,20200741700
282,2020074,1835,2020,74,18,35,NA,NA,A,NA,NA,NA,NA,20200741835
283,2020075,1425,2020,75,14,25,NA,NA,T,NA,NA,NA,NA,20200751425
284,2020075,1605,2020,75,16,5,NA,NA,T,NA,NA,NA,NA,20200751605
285,2020075,1740,2020,75,17,40,NA,NA,A,NA,NA,NA,NA,20200751740
286,2020076,1510,2020,76,15,10,NA,NA,T,NA,NA,NA,NA,20200761510
287,2020076,1645,2020,76,16,45,NA,NA,A,NA,NA,NA,NA,20200761645
288,2020076,1645,2020,76,16,45,NA,NA,T,NA,NA,NA,NA,20200761645
289,2020076,1825,2020,76,18,25,NA,NA,A,NA,NA,NA,NA,20200761825
290,2020077,1415,2020,77,14,15,NA,NA,T,NA,NA,NA,NA,20200771415
291,2020077,1550,2020,77,15,50,39.0375,-76.79056222,T,0.23723,0.1709,0.0259,0,20200771550
292,2020077,1730,2020,77,17,30,NA,NA,A,NA,NA,NA,NA,20200771730
293,2020077,1905,2020,77,19,5,39.0375,-76.84420565,A,0.20339,0.14629,0.0088,0,20200771905
294,2020078,1455,2020,78,14,55,NA,NA,T,NA,NA,NA,NA,20200781455
295,2020078,1635,2020,78,16,35,NA,NA,A,NA,NA,NA,NA,20200781635
296,2020078,1635,2020,78,16,35,NA,NA,T,NA,NA,NA,NA,20200781635
297,2020078,1810,2020,78,18,10,NA,NA,A,NA,NA,NA,NA,20200781810
298,2020079,1400,2020,79,14,0,NA,NA,T,NA,NA,NA,NA,20200791400
299,2020079,1540,2020,79,15,40,NA,NA,T,NA,NA,NA,NA,20200791540
300,2020079,1715,2020,79,17,15,NA,NA,A,NA,NA,NA,NA,20200791715
301,2020079,1855,2020,79,18,55,NA,NA,A,NA,NA,NA,NA,20200791855
302,2020080,1445,2020,80,14,45,NA,NA,T,NA,NA,NA,NA,20200801445
303,2020080,1620,2020,80,16,20,NA,NA,A,NA,NA,NA,NA,20200801620
304,2020080,1620,2020,80,16,20,NA,NA,T,NA,NA,NA,NA,20200801620
305,2020080,1800,2020,80,18,0,NA,NA,A,NA,NA,NA,NA,20200801800
306,2020081,1525,2020,81,15,25,NA,NA,T,NA,NA,NA,NA,20200811525
307,2020081,1705,2020,81,17,5,NA,NA,A,NA,NA,NA,NA,20200811705
308,2020081,1705,2020,81,17,5,NA,NA,T,NA,NA,NA,NA,20200811705
309,2020081,1845,2020,81,18,45,NA,NA,A,NA,NA,NA,NA,20200811845
310,2020082,1430,2020,82,14,30,NA,NA,T,NA,NA,NA,NA,20200821430
311,2020082,1610,2020,82,16,10,39.0375,-76.81201959,T,0.19742,0.14195,0.0279,0,20200821610
312,2020082,1750,2020,82,17,50,NA,NA,A,NA,NA,NA,NA,20200821750
313,2020083,1515,2020,83,15,15,NA,NA,T,NA,NA,NA,NA,20200831515
314,2020083,1650,2020,83,16,50,NA,NA,A,NA,NA,NA,NA,20200831650
315,2020083,1650,2020,83,16,50,NA,NA,T,NA,NA,NA,NA,20200831650
316,2020083,1830,2020,83,18,30,NA,NA,A,NA,NA,NA,NA,20200831830
317,2020084,1420,2020,84,14,20,NA,NA,T,NA,NA,NA,NA,20200841420
318,2020084,1600,2020,84,16,0,NA,NA,T,NA,NA,NA,NA,20200841600
319,2020084,1735,2020,84,17,35,NA,NA,A,NA,NA,NA,NA,20200841735
320,2020084,1915,2020,84,19,15,NA,NA,A,NA,NA,NA,NA,20200841915
321,2020085,1505,2020,85,15,5,NA,NA,T,NA,NA,NA,NA,20200851505
322,2020085,1640,2020,85,16,40,NA,NA,A,NA,NA,NA,NA,20200851640
323,2020085,1640,2020,85,16,40,NA,NA,T,NA,NA,NA,NA,20200851640
324,2020085,1820,2020,85,18,20,NA,NA,A,NA,NA,NA,NA,20200851820
325,2020086,1405,2020,86,14,5,NA,NA,T,NA,NA,NA,NA,20200861405
326,2020086,1545,2020,86,15,45,NA,NA,T,NA,NA,NA,NA,20200861545
327,2020086,1725,2020,86,17,25,39.0375,-76.88712039,A,0.16129,0.11565,0.0086,0,20200861725
328,2020086,1900,2020,86,19,0,39.0375,-76.88712039,A,0.06938,0.04959,0.0112,0,20200861900
329,2020087,1450,2020,87,14,50,NA,NA,T,NA,NA,NA,NA,20200871450
330,2020087,1625,2020,87,16,25,NA,NA,A,NA,NA,NA,NA,20200871625
331,2020087,1625,2020,87,16,25,NA,NA,T,NA,NA,NA,NA,20200871625
332,2020087,1805,2020,87,18,5,NA,NA,A,NA,NA,NA,NA,20200871805
333,2020088,1355,2020,88,13,55,NA,NA,T,NA,NA,NA,NA,20200881355
334,2020088,1535,2020,88,15,35,NA,NA,T,NA,NA,NA,NA,20200881535
335,2020088,1710,2020,88,17,10,NA,NA,A,NA,NA,NA,NA,20200881710
336,2020088,1850,2020,88,18,50,NA,NA,A,NA,NA,NA,NA,20200881850
337,2020089,1440,2020,89,14,40,NA,NA,T,NA,NA,NA,NA,20200891440
338,2020089,1615,2020,89,16,15,NA,NA,T,NA,NA,NA,NA,20200891615
339,2020089,1755,2020,89,17,55,NA,NA,A,NA,NA,NA,NA,20200891755
340,2020090,1520,2020,90,15,20,39.0375,-76.88712039,T,0.13495,0.09678,0.0125,0,20200901520
341,2020090,1655,2020,90,16,55,39.0375,-76.84420565,T,0.0909,0.06511,0.0078,0,20200901655
342,2020090,1700,2020,90,17,0,NA,NA,A,NA,NA,NA,NA,20200901700
343,2020090,1835,2020,90,18,35,39.0375,-76.88712039,A,0.1247,0.08942,0.0237,0,20200901835
344,2020091,1425,2020,91,14,25,NA,NA,T,NA,NA,NA,NA,20200911425
345,2020091,1605,2020,91,16,5,NA,NA,T,NA,NA,NA,NA,20200911605
346,2020091,1740,2020,91,17,40,NA,NA,A,NA,NA,NA,NA,20200911740
1,2020092,1510,2020,92,15,10,NA,NA,T,NA,NA,NA,NA,20200921510
2,2020092,1645,2020,92,16,45,NA,NA,A,NA,NA,NA,NA,20200921645
3,2020092,1645,2020,92,16,45,NA,NA,T,NA,NA,NA,NA,20200921645
4,2020092,1825,2020,92,18,25,NA,NA,A,NA,NA,NA,NA,20200921825
5,2020093,1415,2020,93,14,15,NA,NA,T,NA,NA,NA,NA,20200931415
6,2020093,1550,2020,93,15,50,39.0375,-76.79056222,T,0.13661,0.09796,0.0278,0,20200931550
7,2020093,1730,2020,93,17,30,39.0375,-76.82274828,A,0.15805,0.11335,0.0104,0,20200931730
8,2020093,1905,2020,93,19,5,NA,NA,A,NA,NA,NA,NA,20200931905
9,2020094,1455,2020,94,14,55,NA,NA,T,NA,NA,NA,NA,20200941455
10,2020094,1635,2020,94,16,35,NA,NA,A,NA,NA,NA,NA,20200941635
11,2020094,1635,2020,94,16,35,39.0375,-76.88712039,T,0.08277,0.05922,0.0175,0,20200941635
12,2020094,1810,2020,94,18,10,38.97083333,-76.86829154,A,0.13575,0.097,0.0362,0,20200941810
13,2020095,1400,2020,95,14,0,NA,NA,T,NA,NA,NA,NA,20200951400
14,2020095,1540,2020,95,15,40,NA,NA,T,NA,NA,NA,NA,20200951540
15,2020095,1715,2020,95,17,15,NA,NA,A,NA,NA,NA,NA,20200951715
16,2020095,1855,2020,95,18,55,NA,NA,A,NA,NA,NA,NA,20200951855
17,2020096,1445,2020,96,14,45,NA,NA,T,NA,NA,NA,NA,20200961445
18,2020096,1620,2020,96,16,20,NA,NA,A,NA,NA,NA,NA,20200961620
19,2020096,1620,2020,96,16,20,NA,NA,T,NA,NA,NA,NA,20200961620
20,2020096,1800,2020,96,18,0,NA,NA,A,NA,NA,NA,NA,20200961800
21,2020097,1525,2020,97,15,25,39.0375,-76.88712039,T,0.17523,0.12565,0.0156,0,20200971525
22,2020097,1705,2020,97,17,5,NA,NA,A,NA,NA,NA,NA,20200971705
23,2020097,1705,2020,97,17,5,NA,NA,T,NA,NA,NA,NA,20200971705
24,2020097,1845,2020,97,18,45,39.0375,-76.88712039,A,0.11834,0.08487,0.0201,0,20200971845
25,2020098,1430,2020,98,14,30,NA,NA,T,NA,NA,NA,NA,20200981430
26,2020098,1610,2020,98,16,10,NA,NA,T,NA,NA,NA,NA,20200981610
27,2020098,1750,2020,98,17,50,NA,NA,A,NA,NA,NA,NA,20200981750
28,2020099,1515,2020,99,15,15,39.0375,-76.88712039,T,0.12887,0.09243,0.0109,0,20200991515
29,2020099,1650,2020,99,16,50,NA,NA,A,NA,NA,NA,NA,20200991650
30,2020099,1650,2020,99,16,50,39.00416666,-76.88305033,T,0.2936,0.2118,0.0101,0,20200991650
31,2020099,1830,2020,99,18,30,39.0375,-76.88712039,A,0.21633,0.156,0.0285,0,20200991830
32,2020100,1420,2020,100,14,20,NA,NA,T,NA,NA,NA,NA,20201001420
33,2020100,1600,2020,100,16,0,NA,NA,T,NA,NA,NA,NA,20201001600
34,2020100,1735,2020,100,17,35,39.0375,-76.88712039,A,0.22087,0.15904,0.0132,0,20201001735
35,2020100,1915,2020,100,19,15,NA,NA,A,NA,NA,NA,NA,20201001915
36,2020101,1505,2020,101,15,5,NA,NA,T,NA,NA,NA,NA,20201011505
37,2020101,1640,2020,101,16,40,NA,NA,A,NA,NA,NA,NA,20201011640
38,2020101,1640,2020,101,16,40,NA,NA,T,NA,NA,NA,NA,20201011640
39,2020101,1820,2020,101,18,20,NA,NA,A,NA,NA,NA,NA,20201011820
40,2020102,1405,2020,102,14,5,NA,NA,T,NA,NA,NA,NA,20201021405
41,2020102,1545,2020,102,15,45,39.0375,-76.81201959,T,0.21461,0.15454,0.0248,0,20201021545
42,2020102,1725,2020,102,17,25,39.0375,-76.88712039,A,0.18303,0.13128,0.0096,0,20201021725
43,2020102,1900,2020,102,19,0,39.0375,-76.81201959,A,0.1649,0.11834,0.0112,0,20201021900
44,2020103,1450,2020,103,14,50,NA,NA,T,NA,NA,NA,NA,20201031450
45,2020103,1625,2020,103,16,25,NA,NA,A,NA,NA,NA,NA,20201031625
46,2020103,1625,2020,103,16,25,NA,NA,T,NA,NA,NA,NA,20201031625
47,2020103,1805,2020,103,18,5,38.9625,-76.79494551,A,0.38283,0.27733,0.0342,0,20201031805
48,2020104,1355,2020,104,13,55,NA,NA,T,NA,NA,NA,NA,20201041355
49,2020104,1535,2020,104,15,35,NA,NA,T,NA,NA,NA,NA,20201041535
50,2020104,1710,2020,104,17,10,NA,NA,A,NA,NA,NA,NA,20201041710
51,2020104,1850,2020,104,18,50,NA,NA,A,NA,NA,NA,NA,20201041850
52,2020105,1440,2020,105,14,40,NA,NA,T,NA,NA,NA,NA,20201051440
53,2020105,1615,2020,105,16,15,39.0375,-76.81201959,T,0.3471,0.25114,0.0306,0,20201051615
54,2020105,1755,2020,105,17,55,NA,NA,A,NA,NA,NA,NA,20201051755
55,2020106,1520,2020,106,15,20,39.0375,-76.88712039,T,0.22128,0.15928,0.0138,0,20201061520
56,2020106,1655,2020,106,16,55,39.0375,-76.88712039,T,0.19252,0.13829,0.0094,0,20201061655
57,2020106,1700,2020,106,17,0,NA,NA,A,NA,NA,NA,NA,20201061700
58,2020106,1835,2020,106,18,35,39.00416666,-76.89377396,A,0.262,0.189,0.0238,0,20201061835
59,2020107,1425,2020,107,14,25,NA,NA,T,NA,NA,NA,NA,20201071425
60,2020107,1605,2020,107,16,5,NA,NA,T,NA,NA,NA,NA,20201071605
61,2020107,1740,2020,107,17,40,NA,NA,A,NA,NA,NA,NA,20201071740
62,2020108,1510,2020,108,15,10,NA,NA,T,NA,NA,NA,NA,20201081510
63,2020108,1645,2020,108,16,45,NA,NA,A,NA,NA,NA,NA,20201081645
64,2020108,1645,2020,108,16,45,NA,NA,T,NA,NA,NA,NA,20201081645
65,2020108,1825,2020,108,18,25,NA,NA,A,NA,NA,NA,NA,20201081825
66,2020109,1415,2020,109,14,15,NA,NA,T,NA,NA,NA,NA,20201091415
67,2020109,1550,2020,109,15,50,NA,NA,T,NA,NA,NA,NA,20201091550
68,2020109,1730,2020,109,17,30,NA,NA,A,NA,NA,NA,NA,20201091730
69,2020109,1905,2020,109,19,5,NA,NA,A,NA,NA,NA,NA,20201091905
70,2020110,1455,2020,110,14,55,NA,NA,T,NA,NA,NA,NA,20201101455
71,2020110,1635,2020,110,16,35,NA,NA,A,NA,NA,NA,NA,20201101635
72,2020110,1635,2020,110,16,35,39.0375,-76.88712039,T,0.15691,0.11252,0.0199,0,20201101635
73,2020110,1810,2020,110,18,10,NA,NA,A,NA,NA,NA,NA,20201101810
74,2020111,1400,2020,111,14,0,NA,NA,T,NA,NA,NA,NA,20201111400
75,2020111,1540,2020,111,15,40,NA,NA,T,NA,NA,NA,NA,20201111540
76,2020111,1715,2020,111,17,15,NA,NA,A,NA,NA,NA,NA,20201111715
77,2020111,1855,2020,111,18,55,NA,NA,A,NA,NA,NA,NA,20201111855
78,2020112,1445,2020,112,14,45,NA,NA,T,NA,NA,NA,NA,20201121445
79,2020112,1620,2020,112,16,20,NA,NA,A,NA,NA,NA,NA,20201121620
80,2020112,1620,2020,112,16,20,NA,NA,T,NA,NA,NA,NA,20201121620
81,2020112,1800,2020,112,18,0,38.97083333,-76.84685439,A,0.559,0.40769,0.0314,0,20201121800
82,2020113,1525,2020,113,15,25,39.0375,-76.88712039,T,0.12314,0.08827,0.017,0,20201131525
83,2020113,1700,2020,113,17,0,NA,NA,T,NA,NA,NA,NA,20201131700
84,2020113,1705,2020,113,17,5,NA,NA,A,NA,NA,NA,NA,20201131705
85,2020113,1845,2020,113,18,45,39.0375,-76.88712039,A,0.07608,0.05439,0.021,0,20201131845
86,2020114,1430,2020,114,14,30,NA,NA,T,NA,NA,NA,NA,20201141430
87,2020114,1610,2020,114,16,10,NA,NA,T,NA,NA,NA,NA,20201141610
88,2020114,1750,2020,114,17,50,NA,NA,A,NA,NA,NA,NA,20201141750
89,2020115,1515,2020,115,15,15,NA,NA,T,NA,NA,NA,NA,20201151515
90,2020115,1650,2020,115,16,50,NA,NA,A,NA,NA,NA,NA,20201151650
91,2020115,1650,2020,115,16,50,NA,NA,T,NA,NA,NA,NA,20201151650
92,2020115,1830,2020,115,18,30,NA,NA,A,NA,NA,NA,NA,20201151830
93,2020116,1420,2020,116,14,20,NA,NA,T,NA,NA,NA,NA,20201161420
94,2020116,1555,2020,116,15,55,NA,NA,T,NA,NA,NA,NA,20201161555
95,2020116,1735,2020,116,17,35,NA,NA,A,NA,NA,NA,NA,20201161735
96,2020116,1915,2020,116,19,15,NA,NA,A,NA,NA,NA,NA,20201161915
97,2020117,1500,2020,117,15,0,NA,NA,T,NA,NA,NA,NA,20201171500
98,2020117,1640,2020,117,16,40,NA,NA,A,NA,NA,NA,NA,20201171640
99,2020117,1640,2020,117,16,40,NA,NA,T,NA,NA,NA,NA,20201171640
100,2020117,1820,2020,117,18,20,NA,NA,A,NA,NA,NA,NA,20201171820
101,2020118,1405,2020,118,14,5,NA,NA,T,NA,NA,NA,NA,20201181405
102,2020118,1545,2020,118,15,45,NA,NA,T,NA,NA,NA,NA,20201181545
103,2020118,1725,2020,118,17,25,NA,NA,A,NA,NA,NA,NA,20201181725
104,2020118,1900,2020,118,19,0,NA,NA,A,NA,NA,NA,NA,20201181900
105,2020119,1450,2020,119,14,50,NA,NA,T,NA,NA,NA,NA,20201191450
106,2020119,1625,2020,119,16,25,NA,NA,A,NA,NA,NA,NA,20201191625
107,2020119,1625,2020,119,16,25,NA,NA,T,NA,NA,NA,NA,20201191625
108,2020119,1805,2020,119,18,5,NA,NA,A,NA,NA,NA,NA,20201191805
109,2020120,1355,2020,120,13,55,NA,NA,T,NA,NA,NA,NA,20201201355
110,2020120,1535,2020,120,15,35,NA,NA,T,NA,NA,NA,NA,20201201535
111,2020120,1710,2020,120,17,10,NA,NA,A,NA,NA,NA,NA,20201201710
112,2020120,1850,2020,120,18,50,NA,NA,A,NA,NA,NA,NA,20201201850
113,2020121,1440,2020,121,14,40,NA,NA,T,NA,NA,NA,NA,20201211440
114,2020121,1615,2020,121,16,15,NA,NA,T,NA,NA,NA,NA,20201211615
115,2020121,1755,2020,121,17,55,NA,NA,A,NA,NA,NA,NA,20201211755
116,2020122,1520,2020,122,15,20,NA,NA,T,NA,NA,NA,NA,20201221520
117,2020122,1655,2020,122,16,55,NA,NA,T,NA,NA,NA,NA,20201221655
118,2020122,1700,2020,122,17,0,NA,NA,A,NA,NA,NA,NA,20201221700
119,2020122,1835,2020,122,18,35,NA,NA,A,NA,NA,NA,NA,20201221835
120,2020123,1425,2020,123,14,25,NA,NA,T,NA,NA,NA,NA,20201231425
121,2020123,1605,2020,123,16,5,39.02916666,-76.80296257,T,0.35814,0.25917,0.0353,0,20201231605
122,2020123,1740,2020,123,17,40,39.0375,-76.88712039,A,0.14482,0.10387,0.0176,0,20201231740
123,2020124,1510,2020,124,15,10,NA,NA,T,NA,NA,NA,NA,20201241510
124,2020124,1645,2020,124,16,45,NA,NA,A,NA,NA,NA,NA,20201241645
125,2020124,1645,2020,124,16,45,NA,NA,T,NA,NA,NA,NA,20201241645
126,2020124,1825,2020,124,18,25,NA,NA,A,NA,NA,NA,NA,20201241825
127,2020125,1415,2020,125,14,15,NA,NA,T,NA,NA,NA,NA,20201251415
128,2020125,1550,2020,125,15,50,39.0375,-76.85493433,T,0.17041,0.12243,0.0302,0,20201251550
129,2020125,1730,2020,125,17,30,39.0375,-76.85493433,A,0.1877,0.13491,0.0123,0,20201251730
130,2020125,1905,2020,125,19,5,39.0375,-76.88712039,A,0.06008,0.04295,0.0106,0,20201251905
131,2020126,1455,2020,126,14,55,NA,NA,T,NA,NA,NA,NA,20201261455
132,2020126,1635,2020,126,16,35,NA,NA,A,NA,NA,NA,NA,20201261635
133,2020126,1635,2020,126,16,35,NA,NA,T,NA,NA,NA,NA,20201261635
134,2020126,1810,2020,126,18,10,NA,NA,A,NA,NA,NA,NA,20201261810
135,2020127,1400,2020,127,14,0,NA,NA,T,NA,NA,NA,NA,20201271400
136,2020127,1540,2020,127,15,40,NA,NA,T,NA,NA,NA,NA,20201271540
137,2020127,1715,2020,127,17,15,NA,NA,A,NA,NA,NA,NA,20201271715
138,2020127,1855,2020,127,18,55,NA,NA,A,NA,NA,NA,NA,20201271855
139,2020128,1445,2020,128,14,45,NA,NA,T,NA,NA,NA,NA,20201281445
140,2020128,1620,2020,128,16,20,NA,NA,A,NA,NA,NA,NA,20201281620
141,2020128,1620,2020,128,16,20,39.0375,-76.88712039,T,0.20863,0.15011,0.0306,0,20201281620
142,2020128,1800,2020,128,18,0,39.0375,-76.88712039,A,0.16092,0.11552,0.032,0,20201281800
143,2020129,1525,2020,129,15,25,NA,NA,T,NA,NA,NA,NA,20201291525
144,2020129,1700,2020,129,17,0,NA,NA,T,NA,NA,NA,NA,20201291700
145,2020129,1705,2020,129,17,5,NA,NA,A,NA,NA,NA,NA,20201291705
146,2020129,1845,2020,129,18,45,NA,NA,A,NA,NA,NA,NA,20201291845
147,2020130,1430,2020,130,14,30,NA,NA,T,NA,NA,NA,NA,20201301430
148,2020130,1610,2020,130,16,10,NA,NA,T,NA,NA,NA,NA,20201301610
149,2020130,1745,2020,130,17,45,NA,NA,A,NA,NA,NA,NA,20201301745
150,2020131,1515,2020,131,15,15,39.0375,-76.88712039,T,0.20447,0.1472,0.0126,0,20201311515
151,2020131,1650,2020,131,16,50,NA,NA,A,NA,NA,NA,NA,20201311650
152,2020131,1650,2020,131,16,50,39.0375,-76.88712039,T,0.19627,0.14102,0.0122,0,20201311650
153,2020131,1830,2020,131,18,30,39.0375,-76.88712039,A,0.16625,0.11938,0.0281,0,20201311830
154,2020132,1420,2020,132,14,20,NA,NA,T,NA,NA,NA,NA,20201321420
155,2020132,1555,2020,132,15,55,NA,NA,T,NA,NA,NA,NA,20201321555
156,2020132,1735,2020,132,17,35,39.0375,-76.88712039,A,0.44972,0.3266,0.015,0,20201321735
157,2020132,1915,2020,132,19,15,NA,NA,A,NA,NA,NA,NA,20201321915
158,2020133,1500,2020,133,15,0,NA,NA,T,NA,NA,NA,NA,20201331500
159,2020133,1640,2020,133,16,40,NA,NA,A,NA,NA,NA,NA,20201331640
160,2020133,1640,2020,133,16,40,NA,NA,T,NA,NA,NA,NA,20201331640
161,2020133,1820,2020,133,18,20,NA,NA,A,NA,NA,NA,NA,20201331820
162,2020134,1405,2020,134,14,5,NA,NA,T,NA,NA,NA,NA,20201341405
163,2020134,1545,2020,134,15,45,39.0375,-76.82274828,T,0.29022,0.20947,0.0259,0,20201341545
164,2020134,1725,2020,134,17,25,39.0375,-76.80129091,A,0.30026,0.21674,0.0106,0,20201341725
165,2020134,1900,2020,134,19,0,39.02083333,-76.89044471,A,0.2235,0.16088,0.0129,0,20201341900
166,2020135,1450,2020,135,14,50,NA,NA,T,NA,NA,NA,NA,20201351450
167,2020135,1625,2020,135,16,25,NA,NA,A,NA,NA,NA,NA,20201351625
168,2020135,1625,2020,135,16,25,NA,NA,T,NA,NA,NA,NA,20201351625
169,2020135,1805,2020,135,18,5,NA,NA,A,NA,NA,NA,NA,20201351805
170,2020136,1355,2020,136,13,55,NA,NA,T,NA,NA,NA,NA,20201361355
171,2020136,1535,2020,136,15,35,NA,NA,T,NA,NA,NA,NA,20201361535
172,2020136,1710,2020,136,17,10,NA,NA,A,NA,NA,NA,NA,20201361710
173,2020136,1850,2020,136,18,50,39.0375,-76.88712039,A,0.20373,0.14652,0.0178,0,20201361850
174,2020137,1440,2020,137,14,40,NA,NA,T,NA,NA,NA,NA,20201371440
175,2020137,1615,2020,137,16,15,39.0375,-76.80129091,T,0.33094,0.23933,0.0326,0,20201371615
176,2020137,1755,2020,137,17,55,39.0375,-76.85493433,A,0.26617,0.19196,0.0263,0,20201371755
177,2020138,1520,2020,138,15,20,NA,NA,T,NA,NA,NA,NA,20201381520
178,2020138,1655,2020,138,16,55,NA,NA,T,NA,NA,NA,NA,20201381655
179,2020138,1700,2020,138,17,0,NA,NA,A,NA,NA,NA,NA,20201381700
180,2020138,1835,2020,138,18,35,NA,NA,A,NA,NA,NA,NA,20201381835
181,2020139,1425,2020,139,14,25,NA,NA,T,NA,NA,NA,NA,20201391425
182,2020139,1605,2020,139,16,5,NA,NA,T,NA,NA,NA,NA,20201391605
183,2020139,1740,2020,139,17,40,NA,NA,A,NA,NA,NA,NA,20201391740
184,2020140,1510,2020,140,15,10,NA,NA,T,NA,NA,NA,NA,20201401510
185,2020140,1645,2020,140,16,45,NA,NA,A,NA,NA,NA,NA,20201401645
186,2020140,1645,2020,140,16,45,NA,NA,T,NA,NA,NA,NA,20201401645
187,2020140,1825,2020,140,18,25,NA,NA,A,NA,NA,NA,NA,20201401825
188,2020141,1415,2020,141,14,15,NA,NA,T,NA,NA,NA,NA,20201411415
189,2020141,1550,2020,141,15,50,NA,NA,T,NA,NA,NA,NA,20201411550
190,2020141,1730,2020,141,17,30,NA,NA,A,NA,NA,NA,NA,20201411730
191,2020141,1905,2020,141,19,5,NA,NA,A,NA,NA,NA,NA,20201411905
192,2020142,1455,2020,142,14,55,NA,NA,T,NA,NA,NA,NA,20201421455
193,2020142,1635,2020,142,16,35,NA,NA,A,NA,NA,NA,NA,20201421635
194,2020142,1635,2020,142,16,35,NA,NA,T,NA,NA,NA,NA,20201421635
195,2020142,1810,2020,142,18,10,NA,NA,A,NA,NA,NA,NA,20201421810
196,2020143,1400,2020,143,14,0,NA,NA,T,NA,NA,NA,NA,20201431400
197,2020143,1540,2020,143,15,40,NA,NA,T,NA,NA,NA,NA,20201431540
198,2020143,1715,2020,143,17,15,NA,NA,A,NA,NA,NA,NA,20201431715
199,2020143,1855,2020,143,18,55,NA,NA,A,NA,NA,NA,NA,20201431855
200,2020144,1445,2020,144,14,45,NA,NA,T,NA,NA,NA,NA,20201441445
201,2020144,1620,2020,144,16,20,NA,NA,A,NA,NA,NA,NA,20201441620
202,2020144,1620,2020,144,16,20,NA,NA,T,NA,NA,NA,NA,20201441620
203,2020144,1800,2020,144,18,0,NA,NA,A,NA,NA,NA,NA,20201441800
204,2020145,1525,2020,145,15,25,NA,NA,T,NA,NA,NA,NA,20201451525
205,2020145,1700,2020,145,17,0,NA,NA,T,NA,NA,NA,NA,20201451700
206,2020145,1705,2020,145,17,5,NA,NA,A,NA,NA,NA,NA,20201451705
207,2020145,1840,2020,145,18,40,NA,NA,A,NA,NA,NA,NA,20201451840
208,2020146,1430,2020,146,14,30,NA,NA,T,NA,NA,NA,NA,20201461430
209,2020146,1610,2020,146,16,10,NA,NA,T,NA,NA,NA,NA,20201461610
210,2020146,1745,2020,146,17,45,NA,NA,A,NA,NA,NA,NA,20201461745
211,2020147,1515,2020,147,15,15,NA,NA,T,NA,NA,NA,NA,20201471515
212,2020147,1650,2020,147,16,50,NA,NA,A,NA,NA,NA,NA,20201471650
213,2020147,1650,2020,147,16,50,NA,NA,T,NA,NA,NA,NA,20201471650
214,2020147,1830,2020,147,18,30,NA,NA,A,NA,NA,NA,NA,20201471830
215,2020148,1420,2020,148,14,20,NA,NA,T,NA,NA,NA,NA,20201481420
216,2020148,1555,2020,148,15,55,NA,NA,T,NA,NA,NA,NA,20201481555
217,2020148,1735,2020,148,17,35,NA,NA,A,NA,NA,NA,NA,20201481735
218,2020148,1915,2020,148,19,15,NA,NA,A,NA,NA,NA,NA,20201481915
219,2020149,1500,2020,149,15,0,NA,NA,T,NA,NA,NA,NA,20201491500
220,2020149,1640,2020,149,16,40,NA,NA,A,NA,NA,NA,NA,20201491640
221,2020149,1640,2020,149,16,40,NA,NA,T,NA,NA,NA,NA,20201491640
222,2020149,1820,2020,149,18,20,NA,NA,A,NA,NA,NA,NA,20201491820
223,2020150,1405,2020,150,14,5,NA,NA,T,NA,NA,NA,NA,20201501405
224,2020150,1545,2020,150,15,45,NA,NA,T,NA,NA,NA,NA,20201501545
225,2020150,1725,2020,150,17,25,NA,NA,A,NA,NA,NA,NA,20201501725
226,2020150,1900,2020,150,19,0,NA,NA,A,NA,NA,NA,NA,20201501900
227,2020151,1450,2020,151,14,50,NA,NA,T,NA,NA,NA,NA,20201511450
228,2020151,1625,2020,151,16,25,NA,NA,A,NA,NA,NA,NA,20201511625
229,2020151,1625,2020,151,16,25,39.0125,-76.82775937,T,0.22941,0.16512,0.0252,0,20201511625
230,2020151,1805,2020,151,18,5,39.0375,-76.88712039,A,0.118,0.0846,0.0352,0,20201511805
231,2020152,1355,2020,152,13,55,NA,NA,T,NA,NA,NA,NA,20201521355
232,2020152,1535,2020,152,15,35,39.0375,-76.84420565,T,0.19579,0.14076,0.0204,0,20201521535
233,2020152,1710,2020,152,17,10,NA,NA,A,NA,NA,NA,NA,20201521710
234,2020152,1850,2020,152,18,50,NA,NA,A,NA,NA,NA,NA,20201521850
235,2020153,1440,2020,153,14,40,NA,NA,T,NA,NA,NA,NA,20201531440
236,2020153,1615,2020,153,16,15,39.0375,-76.79056222,T,0.20189,0.14513,0.0342,0,20201531615
237,2020153,1755,2020,153,17,55,NA,NA,A,NA,NA,NA,NA,20201531755
238,2020154,1520,2020,154,15,20,NA,NA,T,NA,NA,NA,NA,20201541520
239,2020154,1655,2020,154,16,55,NA,NA,T,NA,NA,NA,NA,20201541655
240,2020154,1700,2020,154,17,0,NA,NA,A,NA,NA,NA,NA,20201541700
241,2020154,1835,2020,154,18,35,NA,NA,A,NA,NA,NA,NA,20201541835
242,2020155,1425,2020,155,14,25,NA,NA,T,NA,NA,NA,NA,20201551425
243,2020155,1605,2020,155,16,5,NA,NA,T,NA,NA,NA,NA,20201551605
244,2020155,1740,2020,155,17,40,NA,NA,A,NA,NA,NA,NA,20201551740
245,2020156,1510,2020,156,15,10,NA,NA,T,NA,NA,NA,NA,20201561510
246,2020156,1645,2020,156,16,45,NA,NA,A,NA,NA,NA,NA,20201561645
247,2020156,1645,2020,156,16,45,NA,NA,T,NA,NA,NA,NA,20201561645
248,2020156,1825,2020,156,18,25,NA,NA,A,NA,NA,NA,NA,20201561825
249,2020157,1415,2020,157,14,15,NA,NA,T,NA,NA,NA,NA,20201571415
250,2020157,1550,2020,157,15,50,NA,NA,T,NA,NA,NA,NA,20201571550
251,2020157,1730,2020,157,17,30,NA,NA,A,NA,NA,NA,NA,20201571730
252,2020157,1905,2020,157,19,5,NA,NA,A,NA,NA,NA,NA,20201571905
253,2020158,1455,2020,158,14,55,NA,NA,T,NA,NA,NA,NA,20201581455
254,2020158,1635,2020,158,16,35,NA,NA,A,NA,NA,NA,NA,20201581635
255,2020158,1635,2020,158,16,35,NA,NA,T,NA,NA,NA,NA,20201581635
256,2020158,1810,2020,158,18,10,NA,NA,A,NA,NA,NA,NA,20201581810
257,2020159,1400,2020,159,14,0,NA,NA,T,NA,NA,NA,NA,20201591400
258,2020159,1540,2020,159,15,40,39.02916666,-76.87805451,T,0.16533,0.11867,0.0243,0,20201591540
259,2020159,1715,2020,159,17,15,NA,NA,A,NA,NA,NA,NA,20201591715
260,2020159,1855,2020,159,18,55,39.0375,-76.8763917,A,0.12242,0.08779,0.0159,0,20201591855
261,2020160,1445,2020,160,14,45,NA,NA,T,NA,NA,NA,NA,20201601445
262,2020160,1620,2020,160,16,20,NA,NA,A,NA,NA,NA,NA,20201601620
263,2020160,1620,2020,160,16,20,39.0375,-76.88712039,T,0.16564,0.11894,0.0323,0,20201601620
264,2020160,1800,2020,160,18,0,39.0375,-76.88712039,A,0.1118,0.0802,0.037,0,20201601800
265,2020161,1525,2020,161,15,25,39.0375,-76.88712039,T,0.26604,0.19176,0.0179,0,20201611525
266,2020161,1700,2020,161,17,0,NA,NA,T,NA,NA,NA,NA,20201611700
267,2020161,1705,2020,161,17,5,NA,NA,A,NA,NA,NA,NA,20201611705
268,2020161,1840,2020,161,18,40,39.00416666,-76.89377396,A,0.40609,0.29455,0.0228,0,20201611840
269,2020162,1430,2020,162,14,30,NA,NA,T,NA,NA,NA,NA,20201621430
270,2020162,1610,2020,162,16,10,NA,NA,T,NA,NA,NA,NA,20201621610
271,2020162,1745,2020,162,17,45,NA,NA,A,NA,NA,NA,NA,20201621745
272,2020163,1515,2020,163,15,15,NA,NA,T,NA,NA,NA,NA,20201631515
273,2020163,1650,2020,163,16,50,NA,NA,A,NA,NA,NA,NA,20201631650
274,2020163,1650,2020,163,16,50,NA,NA,T,NA,NA,NA,NA,20201631650
275,2020163,1830,2020,163,18,30,NA,NA,A,NA,NA,NA,NA,20201631830
276,2020164,1420,2020,164,14,20,NA,NA,T,NA,NA,NA,NA,20201641420
277,2020164,1555,2020,164,15,55,39.0375,-76.88712039,T,0.19256,0.1385,0.035,0,20201641555
278,2020164,1735,2020,164,17,35,39.0375,-76.88712039,A,0.16116,0.11562,0.0172,0,20201641735
279,2020164,1915,2020,164,19,15,NA,NA,A,NA,NA,NA,NA,20201641915
280,2020165,1500,2020,165,15,0,NA,NA,T,NA,NA,NA,NA,20201651500
281,2020165,1640,2020,165,16,40,NA,NA,A,NA,NA,NA,NA,20201651640
282,2020165,1640,2020,165,16,40,39.0125,-76.81703448,T,0.24797,0.17864,0.0179,0,20201651640
283,2020165,1820,2020,165,18,20,39.0125,-76.89210872,A,0.253,0.182,0.0376,0,20201651820
284,2020166,1405,2020,166,14,5,NA,NA,T,NA,NA,NA,NA,20201661405
285,2020166,1545,2020,166,15,45,39.0375,-76.88712039,T,0.2817,0.2032,0.0294,0,20201661545
286,2020166,1725,2020,166,17,25,39.0375,-76.88712039,A,0.26974,0.19429,0.0119,0,20201661725
287,2020166,1900,2020,166,19,0,38.97916666,-76.80229854,A,0.423,0.307,0.0135,0,20201661900
288,2020167,1450,2020,167,14,50,NA,NA,T,NA,NA,NA,NA,20201671450
289,2020167,1625,2020,167,16,25,NA,NA,A,NA,NA,NA,NA,20201671625
290,2020167,1625,2020,167,16,25,NA,NA,T,NA,NA,NA,NA,20201671625
291,2020167,1805,2020,167,18,5,38.9875,-76.78989713,A,0.21556,0.15511,0.0355,0,20201671805
292,2020168,1355,2020,168,13,55,NA,NA,T,NA,NA,NA,NA,20201681355
293,2020168,1535,2020,168,15,35,NA,NA,T,NA,NA,NA,NA,20201681535
294,2020168,1710,2020,168,17,10,NA,NA,A,NA,NA,NA,NA,20201681710
295,2020168,1850,2020,168,18,50,NA,NA,A,NA,NA,NA,NA,20201681850
296,2020169,1440,2020,169,14,40,NA,NA,T,NA,NA,NA,NA,20201691440
297,2020169,1615,2020,169,16,15,NA,NA,T,NA,NA,NA,NA,20201691615
298,2020169,1755,2020,169,17,55,NA,NA,A,NA,NA,NA,NA,20201691755
299,2020170,1520,2020,170,15,20,NA,NA,T,NA,NA,NA,NA,20201701520
300,2020170,1655,2020,170,16,55,NA,NA,T,NA,NA,NA,NA,20201701655
301,2020170,1700,2020,170,17,0,NA,NA,A,NA,NA,NA,NA,20201701700
302,2020170,1835,2020,170,18,35,NA,NA,A,NA,NA,NA,NA,20201701835
303,2020171,1425,2020,171,14,25,NA,NA,T,NA,NA,NA,NA,20201711425
304,2020171,1605,2020,171,16,5,NA,NA,T,NA,NA,NA,NA,20201711605
305,2020171,1740,2020,171,17,40,NA,NA,A,NA,NA,NA,NA,20201711740
306,2020172,1510,2020,172,15,10,NA,NA,T,NA,NA,NA,NA,20201721510
307,2020172,1645,2020,172,16,45,NA,NA,A,NA,NA,NA,NA,20201721645
308,2020172,1645,2020,172,16,45,NA,NA,T,NA,NA,NA,NA,20201721645
309,2020172,1825,2020,172,18,25,NA,NA,A,NA,NA,NA,NA,20201721825
310,2020173,1415,2020,173,14,15,NA,NA,T,NA,NA,NA,NA,20201731415
311,2020173,1550,2020,173,15,50,NA,NA,T,NA,NA,NA,NA,20201731550
312,2020173,1730,2020,173,17,30,NA,NA,A,NA,NA,NA,NA,20201731730
313,2020173,1905,2020,173,19,5,NA,NA,A,NA,NA,NA,NA,20201731905
314,2020174,1455,2020,174,14,55,NA,NA,T,NA,NA,NA,NA,20201741455
315,2020174,1635,2020,174,16,35,NA,NA,A,NA,NA,NA,NA,20201741635
316,2020174,1635,2020,174,16,35,NA,NA,T,NA,NA,NA,NA,20201741635
317,2020174,1810,2020,174,18,10,NA,NA,A,NA,NA,NA,NA,20201741810
318,2020175,1400,2020,175,14,0,NA,NA,T,NA,NA,NA,NA,20201751400
319,2020175,1540,2020,175,15,40,NA,NA,T,NA,NA,NA,NA,20201751540
320,2020175,1715,2020,175,17,15,NA,NA,A,NA,NA,NA,NA,20201751715
321,2020175,1855,2020,175,18,55,NA,NA,A,NA,NA,NA,NA,20201751855
322,2020176,1445,2020,176,14,45,NA,NA,T,NA,NA,NA,NA,20201761445
323,2020176,1620,2020,176,16,20,NA,NA,A,NA,NA,NA,NA,20201761620
324,2020176,1620,2020,176,16,20,39.0375,-76.88712039,T,0.17531,0.12588,0.0361,0,20201761620
325,2020176,1800,2020,176,18,0,38.97916666,-76.85589774,A,0.2505,0.18025,0.0361,0,20201761800
326,2020177,1525,2020,177,15,25,39.0375,-76.80129091,T,0.37437,0.27089,0.0166,0,20201771525
327,2020177,1700,2020,177,17,0,NA,NA,T,NA,NA,NA,NA,20201771700
328,2020177,1705,2020,177,17,5,NA,NA,A,NA,NA,NA,NA,20201771705
329,2020177,1840,2020,177,18,40,NA,NA,A,NA,NA,NA,NA,20201771840
330,2020178,1430,2020,178,14,30,NA,NA,T,NA,NA,NA,NA,20201781430
331,2020178,1610,2020,178,16,10,39.0375,-76.8763917,T,0.21675,0.15601,0.0347,0,20201781610
332,2020178,1745,2020,178,17,45,38.99583333,-76.89544044,A,0.31767,0.23,0.0243,0,20201781745
333,2020179,1515,2020,179,15,15,NA,NA,T,NA,NA,NA,NA,20201791515
334,2020179,1650,2020,179,16,50,NA,NA,A,NA,NA,NA,NA,20201791650
335,2020179,1650,2020,179,16,50,NA,NA,T,NA,NA,NA,NA,20201791650
336,2020179,1830,2020,179,18,30,NA,NA,A,NA,NA,NA,NA,20201791830
337,2020180,1420,2020,180,14,20,NA,NA,T,NA,NA,NA,NA,20201801420
338,2020180,1555,2020,180,15,55,NA,NA,T,NA,NA,NA,NA,20201801555
339,2020180,1735,2020,180,17,35,NA,NA,A,NA,NA,NA,NA,20201801735
340,2020180,1915,2020,180,19,15,NA,NA,A,NA,NA,NA,NA,20201801915
341,2020181,1500,2020,181,15,0,NA,NA,T,NA,NA,NA,NA,20201811500
342,2020181,1640,2020,181,16,40,NA,NA,A,NA,NA,NA,NA,20201811640
343,2020181,1640,2020,181,16,40,39.0375,-76.85493433,T,0.19434,0.13966,0.0174,0,20201811640
344,2020181,1820,2020,181,18,20,NA,NA,A,NA,NA,NA,NA,20201811820
345,2020182,1405,2020,182,14,5,NA,NA,T,NA,NA,NA,NA,20201821405
346,2020182,1545,2020,182,15,45,39.0375,-76.85493433,T,0.19201,0.13794,0.0264,0,20201821545
347,2020182,1725,2020,182,17,25,NA,NA,A,NA,NA,NA,NA,20201821725
348,2020182,1900,2020,182,19,0,39.00416666,-76.89377396,A,0.225,0.16233,0.0145,0,20201821900
1,2020183,1450,2020,183,14,50,NA,NA,T,NA,NA,NA,NA,20201831450
2,2020183,1625,2020,183,16,25,NA,NA,A,NA,NA,NA,NA,20201831625
3,2020183,1625,2020,183,16,25,NA,NA,T,NA,NA,NA,NA,20201831625
4,2020183,1805,2020,183,18,5,NA,NA,A,NA,NA,NA,NA,20201831805
5,2020184,1355,2020,184,13,55,NA,NA,T,NA,NA,NA,NA,20201841355
6,2020184,1535,2020,184,15,35,NA,NA,T,NA,NA,NA,NA,20201841535
7,2020184,1710,2020,184,17,10,NA,NA,A,NA,NA,NA,NA,20201841710
8,2020184,1850,2020,184,18,50,38.97916666,-76.80229854,A,0.238,0.17167,0.0189,0,20201841850
9,2020185,1440,2020,185,14,40,NA,NA,T,NA,NA,NA,NA,20201851440
10,2020185,1615,2020,185,16,15,39.0375,-76.88712039,T,0.35941,0.26008,0.0363,0,20201851615
11,2020185,1755,2020,185,17,55,39.0375,-76.88712039,A,0.33994,0.24595,0.0293,0,20201851755
12,2020186,1520,2020,186,15,20,NA,NA,T,NA,NA,NA,NA,20201861520
13,2020186,1655,2020,186,16,55,NA,NA,T,NA,NA,NA,NA,20201861655
14,2020186,1700,2020,186,17,0,NA,NA,A,NA,NA,NA,NA,20201861700
15,2020186,1835,2020,186,18,35,NA,NA,A,NA,NA,NA,NA,20201861835
16,2020187,1425,2020,187,14,25,NA,NA,T,NA,NA,NA,NA,20201871425
17,2020187,1605,2020,187,16,5,NA,NA,T,NA,NA,NA,NA,20201871605
18,2020187,1740,2020,187,17,40,NA,NA,A,NA,NA,NA,NA,20201871740
19,2020188,1510,2020,188,15,10,NA,NA,T,NA,NA,NA,NA,20201881510
20,2020188,1645,2020,188,16,45,NA,NA,A,NA,NA,NA,NA,20201881645
21,2020188,1645,2020,188,16,45,39.0375,-76.83347696,T,0.55249,0.40259,0.0146,0,20201881645
22,2020188,1825,2020,188,18,25,NA,NA,A,NA,NA,NA,NA,20201881825
23,2020189,1415,2020,189,14,15,NA,NA,T,NA,NA,NA,NA,20201891415
24,2020189,1550,2020,189,15,50,NA,NA,T,NA,NA,NA,NA,20201891550
25,2020189,1730,2020,189,17,30,NA,NA,A,NA,NA,NA,NA,20201891730
26,2020189,1905,2020,189,19,5,NA,NA,A,NA,NA,NA,NA,20201891905
27,2020190,1455,2020,190,14,55,NA,NA,T,NA,NA,NA,NA,20201901455
28,2020190,1635,2020,190,16,35,NA,NA,A,NA,NA,NA,NA,20201901635
29,2020190,1635,2020,190,16,35,NA,NA,T,NA,NA,NA,NA,20201901635
30,2020190,1810,2020,190,18,10,38.9875,-76.80061823,A,0.2455,0.177,0.0367,0,20201901810
31,2020191,1400,2020,191,14,0,NA,NA,T,NA,NA,NA,NA,20201911400
32,2020191,1540,2020,191,15,40,NA,NA,T,NA,NA,NA,NA,20201911540
33,2020191,1715,2020,191,17,15,NA,NA,A,NA,NA,NA,NA,20201911715
34,2020191,1855,2020,191,18,55,39.02083333,-76.89044471,A,0.231,0.166,0.0168,0,20201911855
35,2020192,1445,2020,192,14,45,NA,NA,T,NA,NA,NA,NA,20201921445
36,2020192,1620,2020,192,16,20,NA,NA,A,NA,NA,NA,NA,20201921620
37,2020192,1620,2020,192,16,20,NA,NA,T,NA,NA,NA,NA,20201921620
38,2020192,1800,2020,192,18,0,NA,NA,A,NA,NA,NA,NA,20201921800
39,2020193,1525,2020,193,15,25,NA,NA,T,NA,NA,NA,NA,20201931525
40,2020193,1700,2020,193,17,0,NA,NA,T,NA,NA,NA,NA,20201931700
41,2020193,1705,2020,193,17,5,NA,NA,A,NA,NA,NA,NA,20201931705
42,2020193,1840,2020,193,18,40,NA,NA,A,NA,NA,NA,NA,20201931840
43,2020194,1430,2020,194,14,30,NA,NA,T,NA,NA,NA,NA,20201941430
44,2020194,1610,2020,194,16,10,39.02083333,-76.78318315,T,0.323,0.234,0.0349,0,20201941610
45,2020194,1745,2020,194,17,45,NA,NA,A,NA,NA,NA,NA,20201941745
46,2020195,1515,2020,195,15,15,NA,NA,T,NA,NA,NA,NA,20201951515
47,2020195,1650,2020,195,16,50,NA,NA,A,NA,NA,NA,NA,20201951650
48,2020195,1650,2020,195,16,50,39.0375,-76.88712039,T,0.17347,0.12447,0.0126,0,20201951650
49,2020195,1830,2020,195,18,30,39.02916666,-76.83514483,A,0.15931,0.11446,0.028,0,20201951830
50,2020196,1420,2020,196,14,20,NA,NA,T,NA,NA,NA,NA,20201961420
51,2020196,1555,2020,196,15,55,39.0375,-76.88712039,T,0.17864,0.12832,0.0391,0,20201961555
52,2020196,1735,2020,196,17,35,39.0125,-76.7848598,A,0.16967,0.12167,0.0162,0,20201961735
53,2020196,1915,2020,196,19,15,NA,NA,A,NA,NA,NA,NA,20201961915
54,2020197,1500,2020,197,15,0,NA,NA,T,NA,NA,NA,NA,20201971500
55,2020197,1640,2020,197,16,40,NA,NA,A,NA,NA,NA,NA,20201971640
56,2020197,1640,2020,197,16,40,NA,NA,T,NA,NA,NA,NA,20201971640
57,2020197,1820,2020,197,18,20,NA,NA,A,NA,NA,NA,NA,20201971820
58,2020198,1405,2020,198,14,5,NA,NA,T,NA,NA,NA,NA,20201981405
59,2020198,1545,2020,198,15,45,NA,NA,T,NA,NA,NA,NA,20201981545
60,2020198,1725,2020,198,17,25,NA,NA,A,NA,NA,NA,NA,20201981725
61,2020198,1900,2020,198,19,0,NA,NA,A,NA,NA,NA,NA,20201981900
62,2020199,1450,2020,199,14,50,NA,NA,T,NA,NA,NA,NA,20201991450
63,2020199,1625,2020,199,16,25,NA,NA,A,NA,NA,NA,NA,20201991625
64,2020199,1625,2020,199,16,25,NA,NA,T,NA,NA,NA,NA,20201991625
65,2020199,1805,2020,199,18,5,NA,NA,A,NA,NA,NA,NA,20201991805
66,2020200,1355,2020,200,13,55,NA,NA,T,NA,NA,NA,NA,20202001355
67,2020200,1535,2020,200,15,35,39.0375,-76.88712039,T,0.13275,0.09524,0.0213,0,20202001535
68,2020200,1710,2020,200,17,10,NA,NA,A,NA,NA,NA,NA,20202001710
69,2020200,1850,2020,200,18,50,39.0375,-76.88712039,A,0.19449,0.13979,0.0197,0,20202001850
70,2020201,1440,2020,201,14,40,NA,NA,T,NA,NA,NA,NA,20202011440
71,2020201,1615,2020,201,16,15,NA,NA,T,NA,NA,NA,NA,20202011615
72,2020201,1755,2020,201,17,55,NA,NA,A,NA,NA,NA,NA,20202011755
73,2020202,1520,2020,202,15,20,NA,NA,T,NA,NA,NA,NA,20202021520
74,2020202,1655,2020,202,16,55,NA,NA,T,NA,NA,NA,NA,20202021655
75,2020202,1700,2020,202,17,0,NA,NA,A,NA,NA,NA,NA,20202021700
76,2020202,1835,2020,202,18,35,NA,NA,A,NA,NA,NA,NA,20202021835
77,2020203,1425,2020,203,14,25,NA,NA,T,NA,NA,NA,NA,20202031425
78,2020203,1605,2020,203,16,5,39.0375,-76.88712039,T,0.28828,0.2081,0.0401,0,20202031605
79,2020203,1740,2020,203,17,40,39.0375,-76.88712039,A,0.26516,0.19105,0.0198,0,20202031740
80,2020204,1510,2020,204,15,10,NA,NA,T,NA,NA,NA,NA,20202041510
81,2020204,1645,2020,204,16,45,NA,NA,A,NA,NA,NA,NA,20202041645
82,2020204,1645,2020,204,16,45,39.0375,-76.88712039,T,0.26946,0.19414,0.0147,0,20202041645
83,2020204,1825,2020,204,18,25,NA,NA,A,NA,NA,NA,NA,20202041825
84,2020205,1415,2020,205,14,15,NA,NA,T,NA,NA,NA,NA,20202051415
85,2020205,1550,2020,205,15,50,NA,NA,T,NA,NA,NA,NA,20202051550
86,2020205,1730,2020,205,17,30,39.02083333,-76.78318315,A,0.345,0.249,0.0131,0,20202051730
87,2020205,1905,2020,205,19,5,NA,NA,A,NA,NA,NA,NA,20202051905
88,2020206,1455,2020,206,14,55,NA,NA,T,NA,NA,NA,NA,20202061455
89,2020206,1635,2020,206,16,35,NA,NA,A,NA,NA,NA,NA,20202061635
90,2020206,1635,2020,206,16,35,NA,NA,T,NA,NA,NA,NA,20202061635
91,2020206,1810,2020,206,18,10,NA,NA,A,NA,NA,NA,NA,20202061810
92,2020207,1400,2020,207,14,0,NA,NA,T,NA,NA,NA,NA,20202071400
93,2020207,1540,2020,207,15,40,NA,NA,T,NA,NA,NA,NA,20202071540
94,2020207,1715,2020,207,17,15,NA,NA,A,NA,NA,NA,NA,20202071715
95,2020207,1855,2020,207,18,55,39.00416666,-76.86160308,A,0.48112,0.34948,0.0154,0,20202071855
96,2020208,1445,2020,208,14,45,NA,NA,T,NA,NA,NA,NA,20202081445
97,2020208,1620,2020,208,16,20,NA,NA,A,NA,NA,NA,NA,20202081620
98,2020208,1620,2020,208,16,20,39.0125,-76.82775937,T,0.3925,0.28425,0.0287,0,20202081620
99,2020208,1800,2020,208,18,0,NA,NA,A,NA,NA,NA,NA,20202081800
100,2020209,1525,2020,209,15,25,39.0375,-76.81201959,T,0.27532,0.19871,0.0152,0,20202091525
101,2020209,1700,2020,209,17,0,NA,NA,T,NA,NA,NA,NA,20202091700
102,2020209,1705,2020,209,17,5,NA,NA,A,NA,NA,NA,NA,20202091705
103,2020209,1840,2020,209,18,40,39.02916666,-76.88878193,A,0.35833,0.259,0.023,0,20202091840
104,2020210,1430,2020,210,14,30,NA,NA,T,NA,NA,NA,NA,20202101430
105,2020210,1610,2020,210,16,10,39.0375,-76.85493433,T,0.20819,0.14978,0.0346,0,20202101610
106,2020210,1745,2020,210,17,45,38.97916666,-76.81301838,A,0.302,0.218,0.0226,0,20202101745
107,2020211,1515,2020,211,15,15,39.0375,-76.88712039,T,0.10097,0.07234,0.0124,0,20202111515
108,2020211,1650,2020,211,16,50,NA,NA,A,NA,NA,NA,NA,20202111650
109,2020211,1650,2020,211,16,50,39.0375,-76.88712039,T,0.10297,0.07369,0.012,0,20202111650
110,2020211,1830,2020,211,18,30,39.0375,-76.88712039,A,0.09904,0.07104,0.0296,0,20202111830
111,2020212,1420,2020,212,14,20,NA,NA,T,NA,NA,NA,NA,20202121420
112,2020212,1555,2020,212,15,55,39.0375,-76.86566302,T,0.28008,0.20211,0.0324,0,20202121555
113,2020212,1735,2020,212,17,35,NA,NA,A,NA,NA,NA,NA,20202121735
114,2020212,1915,2020,212,19,15,NA,NA,A,NA,NA,NA,NA,20202121915
115,2020213,1500,2020,213,15,0,NA,NA,T,NA,NA,NA,NA,20202131500
116,2020213,1640,2020,213,16,40,NA,NA,A,NA,NA,NA,NA,20202131640
117,2020213,1640,2020,213,16,40,NA,NA,T,NA,NA,NA,NA,20202131640
118,2020213,1820,2020,213,18,20,NA,NA,A,NA,NA,NA,NA,20202131820
119,2020214,1405,2020,214,14,5,NA,NA,T,NA,NA,NA,NA,20202141405
120,2020214,1545,2020,214,15,45,NA,NA,T,NA,NA,NA,NA,20202141545
121,2020214,1725,2020,214,17,25,38.99583333,-76.86327335,A,0.40925,0.2965,0.0115,0,20202141725
122,2020214,1900,2020,214,19,0,NA,NA,A,NA,NA,NA,NA,20202141900
123,2020215,1450,2020,215,14,50,NA,NA,T,NA,NA,NA,NA,20202151450
124,2020215,1625,2020,215,16,25,NA,NA,A,NA,NA,NA,NA,20202151625
125,2020215,1625,2020,215,16,25,39.02916666,-76.79223515,T,0.33773,0.24418,0.0223,0,20202151625
126,2020215,1805,2020,215,18,5,NA,NA,A,NA,NA,NA,NA,20202151805
127,2020216,1355,2020,216,13,55,NA,NA,T,NA,NA,NA,NA,20202161355
128,2020216,1535,2020,216,15,35,39.0375,-76.84420565,T,0.20191,0.14521,0.0186,0,20202161535
129,2020216,1710,2020,216,17,10,NA,NA,A,NA,NA,NA,NA,20202161710
130,2020216,1850,2020,216,18,50,NA,NA,A,NA,NA,NA,NA,20202161850
131,2020217,1440,2020,217,14,40,NA,NA,T,NA,NA,NA,NA,20202171440
132,2020217,1615,2020,217,16,15,NA,NA,T,NA,NA,NA,NA,20202171615
133,2020217,1755,2020,217,17,55,39.02083333,-76.8689924,A,0.34507,0.24967,0.0254,0,20202171755
134,2020218,1520,2020,218,15,20,39.0375,-76.88712039,T,0.18182,0.13045,0.0136,0,20202181520
135,2020218,1655,2020,218,16,55,39.0375,-76.88712039,T,0.20103,0.14461,0.0099,0,20202181655
136,2020218,1700,2020,218,17,0,NA,NA,A,NA,NA,NA,NA,20202181700
137,2020218,1835,2020,218,18,35,38.9875,-76.86494485,A,0.28,0.202,0.0269,0,20202181835
138,2020219,1425,2020,219,14,25,NA,NA,T,NA,NA,NA,NA,20202191425
139,2020219,1605,2020,219,16,5,NA,NA,T,NA,NA,NA,NA,20202191605
140,2020219,1740,2020,219,17,40,NA,NA,A,NA,NA,NA,NA,20202191740
141,2020220,1510,2020,220,15,10,NA,NA,T,NA,NA,NA,NA,20202201510
142,2020220,1645,2020,220,16,45,NA,NA,A,NA,NA,NA,NA,20202201645
143,2020220,1645,2020,220,16,45,NA,NA,T,NA,NA,NA,NA,20202201645
144,2020220,1825,2020,220,18,25,NA,NA,A,NA,NA,NA,NA,20202201825
145,2020221,1415,2020,221,14,15,NA,NA,T,NA,NA,NA,NA,20202211415
146,2020221,1550,2020,221,15,50,NA,NA,T,NA,NA,NA,NA,20202211550
147,2020221,1730,2020,221,17,30,NA,NA,A,NA,NA,NA,NA,20202211730
148,2020221,1905,2020,221,19,5,NA,NA,A,NA,NA,NA,NA,20202211905
149,2020222,1455,2020,222,14,55,NA,NA,T,NA,NA,NA,NA,20202221455
150,2020222,1635,2020,222,16,35,NA,NA,A,NA,NA,NA,NA,20202221635
151,2020222,1635,2020,222,16,35,NA,NA,T,NA,NA,NA,NA,20202221635
152,2020222,1810,2020,222,18,10,NA,NA,A,NA,NA,NA,NA,20202221810
153,2020223,1400,2020,223,14,0,NA,NA,T,NA,NA,NA,NA,20202231400
154,2020223,1540,2020,223,15,40,39.02916666,-76.87805451,T,0.37483,0.27117,0.0217,0,20202231540
155,2020223,1715,2020,223,17,15,NA,NA,A,NA,NA,NA,NA,20202231715
156,2020223,1855,2020,223,18,55,NA,NA,A,NA,NA,NA,NA,20202231855
157,2020224,1445,2020,224,14,45,NA,NA,T,NA,NA,NA,NA,20202241445
158,2020224,1620,2020,224,16,20,NA,NA,A,NA,NA,NA,NA,20202241620
159,2020224,1620,2020,224,16,20,NA,NA,T,NA,NA,NA,NA,20202241620
160,2020224,1800,2020,224,18,0,NA,NA,A,NA,NA,NA,NA,20202241800
161,2020225,1525,2020,225,15,25,39.0375,-76.88712039,T,0.33151,0.23984,0.0158,0,20202251525
162,2020225,1700,2020,225,17,0,NA,NA,T,NA,NA,NA,NA,20202251700
163,2020225,1705,2020,225,17,5,NA,NA,A,NA,NA,NA,NA,20202251705
164,2020225,1840,2020,225,18,40,NA,NA,A,NA,NA,NA,NA,20202251840
165,2020226,1430,2020,226,14,30,NA,NA,T,NA,NA,NA,NA,20202261430
166,2020226,1610,2020,226,16,10,NA,NA,T,NA,NA,NA,NA,20202261610
167,2020226,1745,2020,226,17,45,NA,NA,A,NA,NA,NA,NA,20202261745
168,2020227,1515,2020,227,15,15,NA,NA,T,NA,NA,NA,NA,20202271515
169,2020227,1650,2020,227,16,50,NA,NA,A,NA,NA,NA,NA,20202271650
170,2020227,1650,2020,227,16,50,NA,NA,T,NA,NA,NA,NA,20202271650
171,2020227,1830,2020,227,18,30,NA,NA,A,NA,NA,NA,NA,20202271830
172,2020228,1420,2020,228,14,20,NA,NA,T,NA,NA,NA,NA,20202281420
173,2020228,1555,2020,228,15,55,NA,NA,T,NA,NA,NA,NA,20202281555
174,2020228,1735,2020,228,17,35,NA,NA,A,NA,NA,NA,NA,20202281735
175,2020228,1915,2020,228,19,15,NA,NA,A,NA,NA,NA,NA,20202281915
176,2020229,1500,2020,229,15,0,NA,NA,T,NA,NA,NA,NA,20202291500
177,2020229,1640,2020,229,16,40,NA,NA,T,NA,NA,NA,NA,20202291640
178,2020229,1820,2020,229,18,20,NA,NA,A,NA,NA,NA,NA,20202291820
179,2020230,1405,2020,230,14,5,NA,NA,T,NA,NA,NA,NA,20202301405
180,2020230,1545,2020,230,15,45,39.0375,-76.88712039,T,0.16942,0.1216,0.0252,0,20202301545
181,2020230,1725,2020,230,17,25,NA,NA,A,NA,NA,NA,NA,20202301725
182,2020230,1900,2020,230,19,0,NA,NA,A,NA,NA,NA,NA,20202301900
183,2020231,1450,2020,231,14,50,NA,NA,T,NA,NA,NA,NA,20202311450
184,2020231,1625,2020,231,16,25,NA,NA,A,NA,NA,NA,NA,20202311625
185,2020231,1625,2020,231,16,25,39.0375,-76.85493433,T,0.1882,0.13522,0.0216,0,20202311625
186,2020231,1805,2020,231,18,5,39.0375,-76.83347696,A,0.15,0.107,0.0323,0,20202311805
187,2020232,1355,2020,232,13,55,NA,NA,T,NA,NA,NA,NA,20202321355
188,2020232,1535,2020,232,15,35,NA,NA,T,NA,NA,NA,NA,20202321535
189,2020232,1710,2020,232,17,10,NA,NA,A,NA,NA,NA,NA,20202321710
190,2020232,1850,2020,232,18,50,38.95416666,-76.80734682,A,0.325,0.235,0.017,0,20202321850
191,2020233,1440,2020,233,14,40,NA,NA,T,NA,NA,NA,NA,20202331440
192,2020233,1615,2020,233,16,15,39.0375,-76.84420565,T,0.37336,0.27018,0.0299,0,20202331615
193,2020233,1755,2020,233,17,55,NA,NA,A,NA,NA,NA,NA,20202331755
194,2020234,1520,2020,234,15,20,NA,NA,T,NA,NA,NA,NA,20202341520
195,2020234,1655,2020,234,16,55,NA,NA,T,NA,NA,NA,NA,20202341655
196,2020234,1700,2020,234,17,0,NA,NA,A,NA,NA,NA,NA,20202341700
197,2020234,1835,2020,234,18,35,NA,NA,A,NA,NA,NA,NA,20202341835
198,2020235,1425,2020,235,14,25,NA,NA,T,NA,NA,NA,NA,20202351425
199,2020235,1605,2020,235,16,5,NA,NA,T,NA,NA,NA,NA,20202351605
200,2020235,1740,2020,235,17,40,NA,NA,A,NA,NA,NA,NA,20202351740
201,2020236,1510,2020,236,15,10,NA,NA,T,NA,NA,NA,NA,20202361510
202,2020236,1645,2020,236,16,45,NA,NA,A,NA,NA,NA,NA,20202361645
203,2020236,1645,2020,236,16,45,38.95416666,-76.89307529,T,0.2755,0.1985,0.0127,0,20202361645
204,2020236,1825,2020,236,18,25,NA,NA,A,NA,NA,NA,NA,20202361825
205,2020237,1415,2020,237,14,15,NA,NA,T,NA,NA,NA,NA,20202371415
206,2020237,1550,2020,237,15,50,39.00416666,-76.80798494,T,0.2795,0.20125,0.0275,0,20202371550
207,2020237,1730,2020,237,17,30,NA,NA,A,NA,NA,NA,NA,20202371730
208,2020237,1905,2020,237,19,5,38.9625,-76.82709747,A,0.32025,0.23162,0.0098,0,20202371905
209,2020238,1455,2020,238,14,55,NA,NA,T,NA,NA,NA,NA,20202381455
210,2020238,1635,2020,238,16,35,NA,NA,A,NA,NA,NA,NA,20202381635
211,2020238,1635,2020,238,16,35,NA,NA,T,NA,NA,NA,NA,20202381635
212,2020238,1810,2020,238,18,10,39.0375,-76.88712039,A,0.32316,0.23358,0.0339,0,20202381810
213,2020239,1400,2020,239,14,0,NA,NA,T,NA,NA,NA,NA,20202391400
214,2020239,1540,2020,239,15,40,39.0375,-76.88712039,T,0.27247,0.19641,0.0213,0,20202391540
215,2020239,1715,2020,239,17,15,NA,NA,A,NA,NA,NA,NA,20202391715
216,2020239,1855,2020,239,18,55,39.00416666,-76.79726131,A,0.368,0.2665,0.0134,0,20202391855
217,2020240,1445,2020,240,14,45,NA,NA,T,NA,NA,NA,NA,20202401445
218,2020240,1620,2020,240,16,20,39.0375,-76.88712039,T,0.54332,0.39542,0.0254,0,20202401620
219,2020240,1800,2020,240,18,0,NA,NA,A,NA,NA,NA,NA,20202401800
220,2020241,1525,2020,241,15,25,39.0375,-76.84420565,T,0.25879,0.18641,0.0143,0,20202411525
221,2020241,1700,2020,241,17,0,NA,NA,T,NA,NA,NA,NA,20202411700
222,2020241,1840,2020,241,18,40,38.9875,-76.86494485,A,0.23963,0.17267,0.0201,0,20202411840
223,2020242,1430,2020,242,14,30,NA,NA,T,NA,NA,NA,NA,20202421430
224,2020242,1610,2020,242,16,10,NA,NA,T,NA,NA,NA,NA,20202421610
225,2020242,1745,2020,242,17,45,NA,NA,A,NA,NA,NA,NA,20202421745
226,2020243,1515,2020,243,15,15,39.0375,-76.88712039,T,0.09182,0.06576,0.0115,0,20202431515
227,2020243,1650,2020,243,16,50,NA,NA,A,NA,NA,NA,NA,20202431650
228,2020243,1650,2020,243,16,50,NA,NA,T,NA,NA,NA,NA,20202431650
229,2020243,1830,2020,243,18,30,38.95416666,-76.88235923,A,0.2705,0.195,0.03,0,20202431830
230,2020244,1420,2020,244,14,20,NA,NA,T,NA,NA,NA,NA,20202441420
231,2020244,1555,2020,244,15,55,NA,NA,T,NA,NA,NA,NA,20202441555
232,2020244,1735,2020,244,17,35,NA,NA,A,NA,NA,NA,NA,20202441735
233,2020244,1915,2020,244,19,15,NA,NA,A,NA,NA,NA,NA,20202441915
234,2020245,1500,2020,245,15,0,NA,NA,T,NA,NA,NA,NA,20202451500
235,2020245,1640,2020,245,16,40,NA,NA,A,NA,NA,NA,NA,20202451640
236,2020245,1640,2020,245,16,40,NA,NA,T,NA,NA,NA,NA,20202451640
237,2020245,1820,2020,245,18,20,NA,NA,A,NA,NA,NA,NA,20202451820
238,2020246,1405,2020,246,14,5,NA,NA,T,NA,NA,NA,NA,20202461405
239,2020246,1545,2020,246,15,45,NA,NA,T,NA,NA,NA,NA,20202461545
240,2020247,1450,2020,247,14,50,NA,NA,T,NA,NA,NA,NA,20202471450
241,2020247,1625,2020,247,16,25,NA,NA,A,NA,NA,NA,NA,20202471625
242,2020247,1625,2020,247,16,25,38.99583333,-76.87399571,T,0.391,0.283,0.0216,0,20202471625
243,2020247,1805,2020,247,18,5,NA,NA,A,NA,NA,NA,NA,20202471805
244,2020248,1355,2020,248,13,55,NA,NA,T,NA,NA,NA,NA,20202481355
245,2020248,1535,2020,248,15,35,39.0375,-76.88712039,T,0.27244,0.19635,0.0166,0,20202481535
246,2020248,1710,2020,248,17,10,NA,NA,A,NA,NA,NA,NA,20202481710
247,2020248,1850,2020,248,18,50,NA,NA,A,NA,NA,NA,NA,20202481850
248,2020249,1440,2020,249,14,40,NA,NA,T,NA,NA,NA,NA,20202491440
249,2020249,1615,2020,249,16,15,39.0375,-76.84420565,T,0.28061,0.20246,0.0274,0,20202491615
250,2020249,1755,2020,249,17,55,39.0375,-76.86566302,A,0.12411,0.08899,0.0209,0,20202491755
251,2020250,1520,2020,250,15,20,39.0375,-76.88712039,T,0.16091,0.11547,0.0119,0,20202501520
252,2020250,1655,2020,250,16,55,39.0375,-76.88712039,T,0.24282,0.17491,0.0082,0,20202501655
253,2020250,1700,2020,250,17,0,NA,NA,A,NA,NA,NA,NA,20202501700
254,2020250,1835,2020,250,18,35,39.0375,-76.88712039,A,0.2638,0.19009,0.0209,0,20202501835
255,2020251,1425,2020,251,14,25,NA,NA,T,NA,NA,NA,NA,20202511425
256,2020251,1605,2020,251,16,5,39.0375,-76.88712039,T,0.33448,0.24186,0.0317,0,20202511605
257,2020251,1740,2020,251,17,40,39.0375,-76.88712039,A,0.30385,0.21946,0.014,0,20202511740
258,2020252,1510,2020,252,15,10,NA,NA,T,NA,NA,NA,NA,20202521510
259,2020252,1645,2020,252,16,45,NA,NA,A,NA,NA,NA,NA,20202521645
260,2020252,1645,2020,252,16,45,NA,NA,T,NA,NA,NA,NA,20202521645
261,2020252,1825,2020,252,18,25,NA,NA,A,NA,NA,NA,NA,20202521825
262,2020253,1415,2020,253,14,15,NA,NA,T,NA,NA,NA,NA,20202531415
263,2020253,1550,2020,253,15,50,NA,NA,T,NA,NA,NA,NA,20202531550
264,2020253,1730,2020,253,17,30,NA,NA,A,NA,NA,NA,NA,20202531730
265,2020253,1905,2020,253,19,5,NA,NA,A,NA,NA,NA,NA,20202531905
266,2020254,1455,2020,254,14,55,NA,NA,T,NA,NA,NA,NA,20202541455
267,2020254,1635,2020,254,16,35,NA,NA,A,NA,NA,NA,NA,20202541635
268,2020254,1635,2020,254,16,35,NA,NA,T,NA,NA,NA,NA,20202541635
269,2020254,1810,2020,254,18,10,NA,NA,A,NA,NA,NA,NA,20202541810
270,2020255,1400,2020,255,14,0,NA,NA,T,NA,NA,NA,NA,20202551400
271,2020255,1540,2020,255,15,40,NA,NA,T,NA,NA,NA,NA,20202551540
272,2020255,1715,2020,255,17,15,NA,NA,A,NA,NA,NA,NA,20202551715
273,2020255,1855,2020,255,18,55,NA,NA,A,NA,NA,NA,NA,20202551855
274,2020256,1445,2020,256,14,45,NA,NA,T,NA,NA,NA,NA,20202561445
275,2020256,1620,2020,256,16,20,NA,NA,A,NA,NA,NA,NA,20202561620
276,2020256,1620,2020,256,16,20,NA,NA,T,NA,NA,NA,NA,20202561620
277,2020256,1800,2020,256,18,0,NA,NA,A,NA,NA,NA,NA,20202561800
278,2020257,1525,2020,257,15,25,NA,NA,T,NA,NA,NA,NA,20202571525
279,2020257,1700,2020,257,17,0,NA,NA,T,NA,NA,NA,NA,20202571700
280,2020257,1705,2020,257,17,5,NA,NA,A,NA,NA,NA,NA,20202571705
281,2020257,1840,2020,257,18,40,39.0375,-76.8763917,A,0.18029,0.12952,0.0164,0,20202571840
282,2020258,1430,2020,258,14,30,NA,NA,T,NA,NA,NA,NA,20202581430
283,2020258,1610,2020,258,16,10,39.0375,-76.79056222,T,1.03011,0.7626,0.0278,0,20202581610
284,2020258,1745,2020,258,17,45,NA,NA,A,NA,NA,NA,NA,20202581745
285,2020259,1515,2020,259,15,15,39.0375,-76.88712039,T,0.72814,0.53286,0.0097,0,20202591515
286,2020259,1650,2020,259,16,50,NA,NA,A,NA,NA,NA,NA,20202591650
287,2020259,1650,2020,259,16,50,39.0375,-76.88712039,T,0.7172,0.5243,0.009,0,20202591650
288,2020259,1830,2020,259,18,30,39.0375,-76.88712039,A,0.82854,0.60912,0.0237,0,20202591830
289,2020260,1420,2020,260,14,20,NA,NA,T,NA,NA,NA,NA,20202601420
290,2020260,1555,2020,260,15,55,NA,NA,T,NA,NA,NA,NA,20202601555
291,2020260,1735,2020,260,17,35,NA,NA,A,NA,NA,NA,NA,20202601735
292,2020260,1915,2020,260,19,15,NA,NA,A,NA,NA,NA,NA,20202601915
293,2020261,1500,2020,261,15,0,NA,NA,T,NA,NA,NA,NA,20202611500
294,2020261,1640,2020,261,16,40,NA,NA,A,NA,NA,NA,NA,20202611640
295,2020261,1640,2020,261,16,40,NA,NA,T,NA,NA,NA,NA,20202611640
296,2020261,1820,2020,261,18,20,NA,NA,A,NA,NA,NA,NA,20202611820
297,2020262,1405,2020,262,14,5,NA,NA,T,NA,NA,NA,NA,20202621405
298,2020262,1545,2020,262,15,45,NA,NA,T,NA,NA,NA,NA,20202621545
299,2020262,1725,2020,262,17,25,NA,NA,A,NA,NA,NA,NA,20202621725
300,2020262,1900,2020,262,19,0,NA,NA,A,NA,NA,NA,NA,20202621900
301,2020263,1450,2020,263,14,50,NA,NA,T,NA,NA,NA,NA,20202631450
302,2020263,1625,2020,263,16,25,NA,NA,A,NA,NA,NA,NA,20202631625
303,2020263,1625,2020,263,16,25,39.0375,-76.88712039,T,0.08971,0.06412,0.0185,0,20202631625
304,2020263,1805,2020,263,18,5,39.0375,-76.88712039,A,0.11025,0.07902,0.025,0,20202631805
305,2020264,1355,2020,264,13,55,NA,NA,T,NA,NA,NA,NA,20202641355
306,2020264,1535,2020,264,15,35,39.0375,-76.88712039,T,0.07904,0.05653,0.0148,0,20202641535
307,2020264,1710,2020,264,17,10,NA,NA,A,NA,NA,NA,NA,20202641710
308,2020264,1850,2020,264,18,50,39.0375,-76.88712039,A,0.07696,0.055,0.0127,0,20202641850
309,2020265,1440,2020,265,14,40,NA,NA,T,NA,NA,NA,NA,20202651440
310,2020265,1615,2020,265,16,15,39.0375,-76.88712039,T,0.12216,0.08761,0.0244,0,20202651615
311,2020265,1755,2020,265,17,55,39.0375,-76.88712039,A,0.084,0.06008,0.018,0,20202651755
312,2020266,1520,2020,266,15,20,39.0375,-76.88712039,T,0.11751,0.08427,0.0109,0,20202661520
313,2020266,1655,2020,266,16,55,39.0375,-76.88712039,T,0.08747,0.06253,0.0074,0,20202661655
314,2020266,1700,2020,266,17,0,NA,NA,A,NA,NA,NA,NA,20202661700
315,2020266,1835,2020,266,18,35,39.0375,-76.88712039,A,0.10921,0.07823,0.0189,0,20202661835
316,2020267,1425,2020,267,14,25,NA,NA,T,NA,NA,NA,NA,20202671425
317,2020267,1605,2020,267,16,5,39.0375,-76.88712039,T,0.21166,0.1523,0.029,0,20202671605
318,2020267,1740,2020,267,17,40,39.0375,-76.88712039,A,0.1513,0.10853,0.0119,0,20202671740
319,2020268,1510,2020,268,15,10,NA,NA,T,NA,NA,NA,NA,20202681510
320,2020268,1645,2020,268,16,45,NA,NA,A,NA,NA,NA,NA,20202681645
321,2020268,1645,2020,268,16,45,NA,NA,T,NA,NA,NA,NA,20202681645
322,2020268,1825,2020,268,18,25,NA,NA,A,NA,NA,NA,NA,20202681825
323,2020269,1415,2020,269,14,15,NA,NA,T,NA,NA,NA,NA,20202691415
324,2020269,1550,2020,269,15,50,NA,NA,T,NA,NA,NA,NA,20202691550
325,2020269,1730,2020,269,17,30,NA,NA,A,NA,NA,NA,NA,20202691730
326,2020269,1905,2020,269,19,5,NA,NA,A,NA,NA,NA,NA,20202691905
327,2020270,1455,2020,270,14,55,NA,NA,T,NA,NA,NA,NA,20202701455
328,2020270,1635,2020,270,16,35,NA,NA,A,NA,NA,NA,NA,20202701635
329,2020270,1635,2020,270,16,35,NA,NA,T,NA,NA,NA,NA,20202701635
330,2020270,1810,2020,270,18,10,NA,NA,A,NA,NA,NA,NA,20202701810
331,2020271,1400,2020,271,14,0,NA,NA,T,NA,NA,NA,NA,20202711400
332,2020271,1540,2020,271,15,40,NA,NA,T,NA,NA,NA,NA,20202711540
333,2020271,1715,2020,271,17,15,NA,NA,A,NA,NA,NA,NA,20202711715
334,2020271,1855,2020,271,18,55,NA,NA,A,NA,NA,NA,NA,20202711855
335,2020272,1445,2020,272,14,45,NA,NA,T,NA,NA,NA,NA,20202721445
336,2020272,1620,2020,272,16,20,NA,NA,A,NA,NA,NA,NA,20202721620
337,2020272,1620,2020,272,16,20,NA,NA,T,NA,NA,NA,NA,20202721620
338,2020272,1800,2020,272,18,0,NA,NA,A,NA,NA,NA,NA,20202721800
339,2020273,1525,2020,273,15,25,NA,NA,T,NA,NA,NA,NA,20202731525
340,2020273,1700,2020,273,17,0,NA,NA,T,NA,NA,NA,NA,20202731700
341,2020273,1705,2020,273,17,5,NA,NA,A,NA,NA,NA,NA,20202731705
342,2020273,1840,2020,273,18,40,39.0375,-76.84420565,A,0.26262,0.18925,0.0142,0,20202731840
343,2020274,1430,2020,274,14,30,NA,NA,T,NA,NA,NA,NA,20202741430
344,2020274,1610,2020,274,16,10,39.0375,-76.88712039,T,0.15551,0.11167,0.0256,0,20202741610
345,2020274,1745,2020,274,17,45,39.02083333,-76.84754009,A,0.1172,0.0841,0.0128,0,20202741745
1,2020275,1515,2020,275,15,15,39.02916666,-76.83514483,T,0.22671,0.16336,0.0084,0,20202751515
2,2020275,1650,2020,275,16,50,NA,NA,A,NA,NA,NA,NA,20202751650
3,2020275,1650,2020,275,16,50,NA,NA,T,NA,NA,NA,NA,20202751650
4,2020275,1830,2020,275,18,30,39.0125,-76.80630959,A,0.23371,0.16839,0.0193,0,20202751830
5,2020276,1420,2020,276,14,20,NA,NA,T,NA,NA,NA,NA,20202761420
6,2020276,1555,2020,276,15,55,39.02083333,-76.78318315,T,0.25333,0.18267,0.0244,0,20202761555
7,2020276,1735,2020,276,17,35,NA,NA,A,NA,NA,NA,NA,20202761735
8,2020276,1915,2020,276,19,15,NA,NA,A,NA,NA,NA,NA,20202761915
9,2020277,1500,2020,277,15,0,NA,NA,T,NA,NA,NA,NA,20202771500
10,2020277,1640,2020,277,16,40,NA,NA,A,NA,NA,NA,NA,20202771640
11,2020277,1640,2020,277,16,40,39.0375,-76.88712039,T,0.06308,0.04505,0.0107,0,20202771640
12,2020277,1820,2020,277,18,20,39.0375,-76.88712039,A,0.11286,0.08091,0.0244,0,20202771820
13,2020278,1405,2020,278,14,5,NA,NA,T,NA,NA,NA,NA,20202781405
14,2020278,1545,2020,278,15,45,39.0375,-76.88712039,T,0.22825,0.1644,0.0194,0,20202781545
15,2020278,1725,2020,278,17,25,39.0375,-76.88712039,A,0.25992,0.18723,0.0062,0,20202781725
16,2020278,1900,2020,278,19,0,39.0375,-76.88712039,A,0.25996,0.1873,0.0101,0,20202781900
17,2020279,1450,2020,279,14,50,NA,NA,T,NA,NA,NA,NA,20202791450
18,2020279,1625,2020,279,16,25,NA,NA,A,NA,NA,NA,NA,20202791625
19,2020279,1625,2020,279,16,25,39.0375,-76.88712039,T,0.16689,0.11979,0.0156,0,20202791625
20,2020279,1805,2020,279,18,5,39.0375,-76.8763917,A,0.2235,0.1605,0.0209,0,20202791805
21,2020280,1355,2020,280,13,55,NA,NA,T,NA,NA,NA,NA,20202801355
22,2020280,1535,2020,280,15,35,39.0375,-76.88712039,T,0.11436,0.08201,0.014,0,20202801535
23,2020280,1710,2020,280,17,10,NA,NA,A,NA,NA,NA,NA,20202801710
24,2020280,1850,2020,280,18,50,39.0375,-76.83347696,A,0.08895,0.06366,0.0111,0,20202801850
25,2020281,1440,2020,281,14,40,NA,NA,T,NA,NA,NA,NA,20202811440
26,2020281,1615,2020,281,16,15,39.0375,-76.88712039,T,0.22919,0.16506,0.0219,0,20202811615
27,2020281,1755,2020,281,17,55,39.0375,-76.88712039,A,0.36562,0.26466,0.0151,0,20202811755
28,2020282,1520,2020,282,15,20,39.0375,-76.86566302,T,0.0446,0.03186,0.0093,0,20202821520
29,2020282,1655,2020,282,16,55,39.0375,-76.88712039,T,0.05988,0.04281,0.0062,0,20202821655
30,2020282,1700,2020,282,17,0,NA,NA,A,NA,NA,NA,NA,20202821700
31,2020282,1835,2020,282,18,35,39.0375,-76.86566302,A,0.05031,0.03596,0.0155,0,20202821835
32,2020283,1425,2020,283,14,25,NA,NA,T,NA,NA,NA,NA,20202831425
33,2020283,1605,2020,283,16,5,39.0375,-76.84420565,T,0.145,0.10402,0.0243,0,20202831605
34,2020283,1740,2020,283,17,40,NA,NA,A,NA,NA,NA,NA,20202831740
35,2020284,1510,2020,284,15,10,NA,NA,T,NA,NA,NA,NA,20202841510
36,2020284,1645,2020,284,16,45,NA,NA,A,NA,NA,NA,NA,20202841645
37,2020284,1645,2020,284,16,45,NA,NA,T,NA,NA,NA,NA,20202841645
38,2020284,1825,2020,284,18,25,NA,NA,A,NA,NA,NA,NA,20202841825
39,2020285,1415,2020,285,14,15,NA,NA,T,NA,NA,NA,NA,20202851415
40,2020285,1550,2020,285,15,50,NA,NA,T,NA,NA,NA,NA,20202851550
41,2020285,1730,2020,285,17,30,NA,NA,A,NA,NA,NA,NA,20202851730
42,2020285,1905,2020,285,19,5,NA,NA,A,NA,NA,NA,NA,20202851905
43,2020286,1455,2020,286,14,55,NA,NA,T,NA,NA,NA,NA,20202861455
44,2020286,1635,2020,286,16,35,NA,NA,A,NA,NA,NA,NA,20202861635
45,2020286,1635,2020,286,16,35,NA,NA,T,NA,NA,NA,NA,20202861635
46,2020286,1810,2020,286,18,10,NA,NA,A,NA,NA,NA,NA,20202861810
47,2020287,1400,2020,287,14,0,NA,NA,T,NA,NA,NA,NA,20202871400
48,2020287,1540,2020,287,15,40,NA,NA,T,NA,NA,NA,NA,20202871540
49,2020287,1715,2020,287,17,15,NA,NA,A,NA,NA,NA,NA,20202871715
50,2020287,1855,2020,287,18,55,NA,NA,A,NA,NA,NA,NA,20202871855
51,2020288,1445,2020,288,14,45,NA,NA,T,NA,NA,NA,NA,20202881445
52,2020288,1620,2020,288,16,20,NA,NA,A,NA,NA,NA,NA,20202881620
53,2020288,1620,2020,288,16,20,38.97083333,-76.78254291,T,0.201,0.1445,0.0169,0,20202881620
54,2020288,1800,2020,288,18,0,39.0375,-76.88712039,A,0.09562,0.06835,0.0167,0,20202881800
55,2020289,1525,2020,289,15,25,39.0375,-76.88712039,T,0.10013,0.07175,0.0107,0,20202891525
56,2020289,1700,2020,289,17,0,NA,NA,T,NA,NA,NA,NA,20202891700
57,2020289,1705,2020,289,17,5,NA,NA,A,NA,NA,NA,NA,20202891705
58,2020289,1840,2020,289,18,40,39.0375,-76.88712039,A,0.05432,0.03881,0.0128,0,20202891840
59,2020290,1430,2020,290,14,30,NA,NA,T,NA,NA,NA,NA,20202901430
60,2020290,1610,2020,290,16,10,NA,NA,T,NA,NA,NA,NA,20202901610
61,2020290,1745,2020,290,17,45,NA,NA,A,NA,NA,NA,NA,20202901745
62,2020291,1515,2020,291,15,15,39.0375,-76.88712039,T,0.06576,0.04703,0.0076,0,20202911515
63,2020291,1650,2020,291,16,50,NA,NA,A,NA,NA,NA,NA,20202911650
64,2020291,1650,2020,291,16,50,39.0375,-76.88712039,T,0.0703,0.05026,0.0065,0,20202911650
65,2020291,1830,2020,291,18,30,39.0375,-76.88712039,A,0.04553,0.03244,0.0178,0,20202911830
66,2020292,1420,2020,292,14,20,NA,NA,T,NA,NA,NA,NA,20202921420
67,2020292,1555,2020,292,15,55,39.0375,-76.88712039,T,0.12721,0.09123,0.0224,0,20202921555
68,2020292,1735,2020,292,17,35,NA,NA,A,NA,NA,NA,NA,20202921735
69,2020292,1915,2020,292,19,15,NA,NA,A,NA,NA,NA,NA,20202921915
70,2020293,1500,2020,293,15,0,NA,NA,T,NA,NA,NA,NA,20202931500
71,2020293,1640,2020,293,16,40,NA,NA,A,NA,NA,NA,NA,20202931640
72,2020293,1640,2020,293,16,40,NA,NA,T,NA,NA,NA,NA,20202931640
73,2020293,1820,2020,293,18,20,NA,NA,A,NA,NA,NA,NA,20202931820
74,2020294,1405,2020,294,14,5,NA,NA,T,NA,NA,NA,NA,20202941405
75,2020294,1545,2020,294,15,45,39.0375,-76.84420565,T,0.371,0.2685,0.0165,0,20202941545
76,2020294,1725,2020,294,17,25,NA,NA,A,NA,NA,NA,NA,20202941725
77,2020294,1900,2020,294,19,0,NA,NA,A,NA,NA,NA,NA,20202941900
78,2020295,1450,2020,295,14,50,NA,NA,T,NA,NA,NA,NA,20202951450
79,2020295,1625,2020,295,16,25,NA,NA,A,NA,NA,NA,NA,20202951625
80,2020295,1625,2020,295,16,25,NA,NA,T,NA,NA,NA,NA,20202951625
81,2020295,1805,2020,295,18,5,NA,NA,A,NA,NA,NA,NA,20202951805
82,2020296,1355,2020,296,13,55,NA,NA,T,NA,NA,NA,NA,20202961355
83,2020296,1535,2020,296,15,35,38.97083333,-76.84685439,T,0.22876,0.16481,0.0122,0,20202961535
84,2020296,1710,2020,296,17,10,NA,NA,A,NA,NA,NA,NA,20202961710
85,2020296,1850,2020,296,18,50,39.00416666,-76.89377396,A,0.107,0.077,0.0094,0,20202961850
86,2020297,1440,2020,297,14,40,NA,NA,T,NA,NA,NA,NA,20202971440
87,2020297,1615,2020,297,16,15,39.0125,-76.89210872,T,0.27478,0.19789,0.0179,0,20202971615
88,2020297,1755,2020,297,17,55,NA,NA,A,NA,NA,NA,NA,20202971755
89,2020298,1520,2020,298,15,20,NA,NA,T,NA,NA,NA,NA,20202981520
90,2020298,1655,2020,298,16,55,NA,NA,T,NA,NA,NA,NA,20202981655
91,2020298,1700,2020,298,17,0,NA,NA,A,NA,NA,NA,NA,20202981700
92,2020298,1835,2020,298,18,35,NA,NA,A,NA,NA,NA,NA,20202981835
93,2020299,1425,2020,299,14,25,NA,NA,T,NA,NA,NA,NA,20202991425
94,2020299,1605,2020,299,16,5,NA,NA,T,NA,NA,NA,NA,20202991605
95,2020299,1740,2020,299,17,40,NA,NA,A,NA,NA,NA,NA,20202991740
96,2020300,1510,2020,300,15,10,NA,NA,T,NA,NA,NA,NA,20203001510
97,2020300,1645,2020,300,16,45,NA,NA,A,NA,NA,NA,NA,20203001645
98,2020300,1645,2020,300,16,45,NA,NA,T,NA,NA,NA,NA,20203001645
99,2020300,1825,2020,300,18,25,NA,NA,A,NA,NA,NA,NA,20203001825
100,2020301,1415,2020,301,14,15,NA,NA,T,NA,NA,NA,NA,20203011415
101,2020301,1550,2020,301,15,50,NA,NA,T,NA,NA,NA,NA,20203011550
102,2020301,1730,2020,301,17,30,NA,NA,A,NA,NA,NA,NA,20203011730
103,2020301,1905,2020,301,19,5,NA,NA,A,NA,NA,NA,NA,20203011905
104,2020302,1455,2020,302,14,55,NA,NA,T,NA,NA,NA,NA,20203021455
105,2020302,1635,2020,302,16,35,NA,NA,A,NA,NA,NA,NA,20203021635
106,2020302,1635,2020,302,16,35,NA,NA,T,NA,NA,NA,NA,20203021635
107,2020302,1810,2020,302,18,10,NA,NA,A,NA,NA,NA,NA,20203021810
108,2020303,1400,2020,303,14,0,NA,NA,T,NA,NA,NA,NA,20203031400
109,2020303,1540,2020,303,15,40,NA,NA,T,NA,NA,NA,NA,20203031540
110,2020303,1715,2020,303,17,15,NA,NA,A,NA,NA,NA,NA,20203031715
111,2020303,1855,2020,303,18,55,NA,NA,A,NA,NA,NA,NA,20203031855
112,2020304,1445,2020,304,14,45,NA,NA,T,NA,NA,NA,NA,20203041445
113,2020304,1620,2020,304,16,20,NA,NA,A,NA,NA,NA,NA,20203041620
114,2020304,1620,2020,304,16,20,NA,NA,T,NA,NA,NA,NA,20203041620
115,2020304,1800,2020,304,18,0,NA,NA,A,NA,NA,NA,NA,20203041800
116,2020305,1525,2020,305,15,25,NA,NA,T,NA,NA,NA,NA,20203051525
117,2020305,1700,2020,305,17,0,NA,NA,T,NA,NA,NA,NA,20203051700
118,2020305,1705,2020,305,17,5,NA,NA,A,NA,NA,NA,NA,20203051705
119,2020305,1840,2020,305,18,40,NA,NA,A,NA,NA,NA,NA,20203051840
120,2020306,1430,2020,306,14,30,NA,NA,T,NA,NA,NA,NA,20203061430
121,2020306,1610,2020,306,16,10,NA,NA,T,NA,NA,NA,NA,20203061610
122,2020306,1745,2020,306,17,45,NA,NA,A,NA,NA,NA,NA,20203061745
123,2020307,1515,2020,307,15,15,38.99583333,-76.84182862,T,0.0863,0.0617,0.0067,0,20203071515
124,2020307,1650,2020,307,16,50,NA,NA,A,NA,NA,NA,NA,20203071650
125,2020307,1650,2020,307,16,50,39.0375,-76.88712039,T,0.06986,0.05,0.0054,0,20203071650
126,2020307,1830,2020,307,18,30,39.0375,-76.88712039,A,0.03276,0.02331,0.0157,0,20203071830
127,2020308,1420,2020,308,14,20,NA,NA,T,NA,NA,NA,NA,20203081420
128,2020308,1555,2020,308,15,55,39.0375,-76.84420565,T,0.15905,0.1141,0.0191,0,20203081555
129,2020308,1735,2020,308,17,35,39.0375,-76.88712039,A,0.04459,0.03186,0.0059,0,20203081735
130,2020308,1915,2020,308,19,15,NA,NA,A,NA,NA,NA,NA,20203081915
131,2020309,1500,2020,309,15,0,NA,NA,T,NA,NA,NA,NA,20203091500
132,2020309,1640,2020,309,16,40,NA,NA,A,NA,NA,NA,NA,20203091640
133,2020309,1640,2020,309,16,40,39.0375,-76.88712039,T,0.04832,0.03453,0.0077,0,20203091640
134,2020309,1820,2020,309,18,20,39.0375,-76.88712039,A,0.05188,0.03708,0.0177,0,20203091820
135,2020310,1405,2020,310,14,5,NA,NA,T,NA,NA,NA,NA,20203101405
136,2020310,1545,2020,310,15,45,39.0375,-76.88712039,T,0.1126,0.08069,0.015,0,20203101545
137,2020310,1725,2020,310,17,25,39.0375,-76.88712039,A,0.06514,0.04648,0.0041,0,20203101725
138,2020310,1900,2020,310,19,0,NA,NA,A,NA,NA,NA,NA,20203101900
139,2020311,1450,2020,311,14,50,NA,NA,T,NA,NA,NA,NA,20203111450
140,2020311,1625,2020,311,16,25,NA,NA,A,NA,NA,NA,NA,20203111625
141,2020311,1625,2020,311,16,25,39.0375,-76.88712039,T,0.10503,0.07525,0.0113,0,20203111625
142,2020311,1805,2020,311,18,5,39.0375,-76.88712039,A,0.08799,0.06296,0.0155,0,20203111805
143,2020312,1355,2020,312,13,55,NA,NA,T,NA,NA,NA,NA,20203121355
144,2020312,1535,2020,312,15,35,39.0375,-76.88712039,T,0.07138,0.05102,0.0108,0,20203121535
145,2020312,1710,2020,312,17,10,NA,NA,A,NA,NA,NA,NA,20203121710
146,2020312,1850,2020,312,18,50,39.0375,-76.88712039,A,0.04165,0.02975,0.0089,0,20203121850
147,2020313,1440,2020,313,14,40,NA,NA,T,NA,NA,NA,NA,20203131440
148,2020313,1615,2020,313,16,15,39.0375,-76.88712039,T,0.09243,0.06611,0.016,0,20203131615
149,2020313,1755,2020,313,17,55,39.0375,-76.88712039,A,0.06278,0.04486,0.0103,0,20203131755
150,2020314,1520,2020,314,15,20,39.0375,-76.88712039,T,0.07201,0.0515,0.0071,0,20203141520
151,2020314,1655,2020,314,16,55,39.0375,-76.88712039,T,0.03875,0.02769,0.0044,0,20203141655
152,2020314,1700,2020,314,17,0,NA,NA,A,NA,NA,NA,NA,20203141700
153,2020314,1835,2020,314,18,35,39.0375,-76.88712039,A,0.0292,0.02078,0.0125,0,20203141835
154,2020315,1425,2020,315,14,25,NA,NA,T,NA,NA,NA,NA,20203151425
155,2020315,1605,2020,315,16,5,39.0375,-76.88712039,T,0.07,0.05012,0.0185,0,20203151605
156,2020315,1740,2020,315,17,40,NA,NA,A,NA,NA,NA,NA,20203151740
157,2020316,1510,2020,316,15,10,NA,NA,T,NA,NA,NA,NA,20203161510
158,2020316,1645,2020,316,16,45,NA,NA,A,NA,NA,NA,NA,20203161645
159,2020316,1645,2020,316,16,45,NA,NA,T,NA,NA,NA,NA,20203161645
160,2020316,1825,2020,316,18,25,NA,NA,A,NA,NA,NA,NA,20203161825
161,2020317,1415,2020,317,14,15,NA,NA,T,NA,NA,NA,NA,20203171415
162,2020317,1550,2020,317,15,50,NA,NA,T,NA,NA,NA,NA,20203171550
163,2020317,1730,2020,317,17,30,NA,NA,A,NA,NA,NA,NA,20203171730
164,2020317,1905,2020,317,19,5,NA,NA,A,NA,NA,NA,NA,20203171905
165,2020318,1455,2020,318,14,55,NA,NA,T,NA,NA,NA,NA,20203181455
166,2020318,1635,2020,318,16,35,NA,NA,A,NA,NA,NA,NA,20203181635
167,2020318,1635,2020,318,16,35,NA,NA,T,NA,NA,NA,NA,20203181635
168,2020318,1810,2020,318,18,10,39.0375,-76.88712039,A,0.09064,0.06486,0.0162,0,20203181810
169,2020319,1400,2020,319,14,0,NA,NA,T,NA,NA,NA,NA,20203191400
170,2020319,1540,2020,319,15,40,39.0375,-76.80129091,T,0.11511,0.08251,0.0112,0,20203191540
171,2020319,1715,2020,319,17,15,NA,NA,A,NA,NA,NA,NA,20203191715
172,2020319,1855,2020,319,18,55,39.0375,-76.88712039,A,0.04287,0.03058,0.0068,0,20203191855
173,2020320,1445,2020,320,14,45,NA,NA,T,NA,NA,NA,NA,20203201445
174,2020320,1620,2020,320,16,20,NA,NA,A,NA,NA,NA,NA,20203201620
175,2020320,1620,2020,320,16,20,NA,NA,T,NA,NA,NA,NA,20203201620
176,2020320,1800,2020,320,18,0,NA,NA,A,NA,NA,NA,NA,20203201800
177,2020321,1525,2020,321,15,25,39.0375,-76.88712039,T,0.01952,0.01386,0.0082,0,20203211525
178,2020321,1700,2020,321,17,0,NA,NA,T,NA,NA,NA,NA,20203211700
179,2020321,1705,2020,321,17,5,NA,NA,A,NA,NA,NA,NA,20203211705
180,2020321,1840,2020,321,18,40,39.0375,-76.88712039,A,0.00247,0.00169,0.0099,0,20203211840
181,2020322,1430,2020,322,14,30,NA,NA,T,NA,NA,NA,NA,20203221430
182,2020322,1610,2020,322,16,10,39.0375,-76.83347696,T,0.20067,0.14433,0.0158,0,20203221610
183,2020322,1745,2020,322,17,45,39.0375,-76.8763917,A,0.1702,0.1222,0.0075,0,20203221745
184,2020323,1515,2020,323,15,15,NA,NA,T,NA,NA,NA,NA,20203231515
185,2020323,1650,2020,323,16,50,NA,NA,A,NA,NA,NA,NA,20203231650
186,2020323,1650,2020,323,16,50,NA,NA,T,NA,NA,NA,NA,20203231650
187,2020323,1830,2020,323,18,30,39.02083333,-76.81536162,A,0.05059,0.03616,0.0128,0,20203231830
188,2020324,1420,2020,324,14,20,NA,NA,T,NA,NA,NA,NA,20203241420
189,2020324,1555,2020,324,15,55,39.0125,-76.82775937,T,0.17119,0.12281,0.0163,0,20203241555
190,2020324,1735,2020,324,17,35,39.0375,-76.85493433,A,0.06091,0.04352,0.0049,0,20203241735
191,2020324,1915,2020,324,19,15,NA,NA,A,NA,NA,NA,NA,20203241915
192,2020325,1500,2020,325,15,0,NA,NA,T,NA,NA,NA,NA,20203251500
193,2020325,1640,2020,325,16,40,NA,NA,A,NA,NA,NA,NA,20203251640
194,2020325,1640,2020,325,16,40,39.0375,-76.88712039,T,0.02555,0.01818,0.0065,0,20203251640
195,2020325,1820,2020,325,18,20,39.0375,-76.88712039,A,0.0401,0.02856,0.0156,0,20203251820
196,2020326,1405,2020,326,14,5,NA,NA,T,NA,NA,NA,NA,20203261405
197,2020326,1545,2020,326,15,45,NA,NA,T,NA,NA,NA,NA,20203261545
198,2020326,1725,2020,326,17,25,NA,NA,A,NA,NA,NA,NA,20203261725
199,2020326,1900,2020,326,19,0,NA,NA,A,NA,NA,NA,NA,20203261900
200,2020327,1450,2020,327,14,50,NA,NA,T,NA,NA,NA,NA,20203271450
201,2020327,1625,2020,327,16,25,NA,NA,A,NA,NA,NA,NA,20203271625
202,2020327,1625,2020,327,16,25,NA,NA,T,NA,NA,NA,NA,20203271625
203,2020327,1805,2020,327,18,5,NA,NA,A,NA,NA,NA,NA,20203271805
204,2020328,1355,2020,328,13,55,NA,NA,T,NA,NA,NA,NA,20203281355
205,2020328,1535,2020,328,15,35,39.0375,-76.88712039,T,0.07116,0.05082,0.0093,0,20203281535
206,2020328,1710,2020,328,17,10,NA,NA,A,NA,NA,NA,NA,20203281710
207,2020328,1850,2020,328,18,50,39.0375,-76.8763917,A,0.03908,0.02788,0.0074,0,20203281850
208,2020329,1435,2020,329,14,35,NA,NA,T,NA,NA,NA,NA,20203291435
209,2020329,1615,2020,329,16,15,39.0375,-76.88712039,T,0.10119,0.07247,0.014,0,20203291615
210,2020329,1755,2020,329,17,55,39.0375,-76.88712039,A,0.06019,0.04301,0.0091,0,20203291755
211,2020330,1520,2020,330,15,20,NA,NA,T,NA,NA,NA,NA,20203301520
212,2020330,1655,2020,330,16,55,NA,NA,T,NA,NA,NA,NA,20203301655
213,2020330,1700,2020,330,17,0,NA,NA,A,NA,NA,NA,NA,20203301700
214,2020330,1835,2020,330,18,35,NA,NA,A,NA,NA,NA,NA,20203301835
215,2020331,1425,2020,331,14,25,NA,NA,T,NA,NA,NA,NA,20203311425
216,2020331,1605,2020,331,16,5,39.0125,-76.81703448,T,0.27906,0.20144,0.0157,0,20203311605
217,2020331,1740,2020,331,17,40,39.0375,-76.88712039,A,0.11338,0.08125,0.0059,0,20203311740
218,2020332,1510,2020,332,15,10,NA,NA,T,NA,NA,NA,NA,20203321510
219,2020332,1645,2020,332,16,45,NA,NA,A,NA,NA,NA,NA,20203321645
220,2020332,1645,2020,332,16,45,NA,NA,T,NA,NA,NA,NA,20203321645
221,2020332,1825,2020,332,18,25,NA,NA,A,NA,NA,NA,NA,20203321825
222,2020333,1415,2020,333,14,15,NA,NA,T,NA,NA,NA,NA,20203331415
223,2020333,1550,2020,333,15,50,39.02916666,-76.84587225,T,0.168,0.12,0.0143,0,20203331550
224,2020333,1730,2020,333,17,30,39.0125,-76.84920915,A,0.1282,0.0919,0.0039,0,20203331730
225,2020333,1905,2020,333,19,5,39.0375,-76.88712039,A,0.04094,0.02914,0.0045,0,20203331905
226,2020334,1455,2020,334,14,55,NA,NA,T,NA,NA,NA,NA,20203341455
227,2020334,1635,2020,334,16,35,NA,NA,A,NA,NA,NA,NA,20203341635
228,2020334,1635,2020,334,16,35,39.0375,-76.88712039,T,0.04335,0.03098,0.0074,0,20203341635
229,2020334,1810,2020,334,18,10,39.0375,-76.88712039,A,0.03466,0.0247,0.0148,0,20203341810
230,2020335,1400,2020,335,14,0,NA,NA,T,NA,NA,NA,NA,20203351400
231,2020335,1540,2020,335,15,40,NA,NA,T,NA,NA,NA,NA,20203351540
232,2020335,1715,2020,335,17,15,NA,NA,A,NA,NA,NA,NA,20203351715
233,2020335,1855,2020,335,18,55,NA,NA,A,NA,NA,NA,NA,20203351855
234,2020336,1445,2020,336,14,45,NA,NA,T,NA,NA,NA,NA,20203361445
235,2020336,1620,2020,336,16,20,NA,NA,A,NA,NA,NA,NA,20203361620
236,2020336,1620,2020,336,16,20,NA,NA,T,NA,NA,NA,NA,20203361620
237,2020336,1800,2020,336,18,0,NA,NA,A,NA,NA,NA,NA,20203361800
238,2020337,1525,2020,337,15,25,39.0375,-76.85493433,T,0.20629,0.14833,0.0069,0,20203371525
239,2020337,1700,2020,337,17,0,NA,NA,T,NA,NA,NA,NA,20203371700
240,2020337,1705,2020,337,17,5,NA,NA,A,NA,NA,NA,NA,20203371705
241,2020337,1840,2020,337,18,40,39.0375,-76.88712039,A,0.03446,0.02461,0.0092,0,20203371840
242,2020338,1430,2020,338,14,30,NA,NA,T,NA,NA,NA,NA,20203381430
243,2020338,1610,2020,338,16,10,39.0375,-76.86566302,T,0.126,0.09,0.0139,0,20203381610
244,2020338,1745,2020,338,17,45,NA,NA,A,NA,NA,NA,NA,20203381745
245,2020339,1515,2020,339,15,15,NA,NA,T,NA,NA,NA,NA,20203391515
246,2020339,1650,2020,339,16,50,NA,NA,A,NA,NA,NA,NA,20203391650
247,2020339,1650,2020,339,16,50,NA,NA,T,NA,NA,NA,NA,20203391650
248,2020339,1830,2020,339,18,30,NA,NA,A,NA,NA,NA,NA,20203391830
249,2020340,1420,2020,340,14,20,NA,NA,T,NA,NA,NA,NA,20203401420
250,2020340,1555,2020,340,15,55,NA,NA,T,NA,NA,NA,NA,20203401555
251,2020340,1735,2020,340,17,35,NA,NA,A,NA,NA,NA,NA,20203401735
252,2020340,1915,2020,340,19,15,NA,NA,A,NA,NA,NA,NA,20203401915
253,2020341,1500,2020,341,15,0,NA,NA,T,NA,NA,NA,NA,20203411500
254,2020341,1640,2020,341,16,40,NA,NA,A,NA,NA,NA,NA,20203411640
255,2020341,1640,2020,341,16,40,39.0375,-76.88712039,T,0.02614,0.01859,0.0057,0,20203411640
256,2020341,1820,2020,341,18,20,39.0375,-76.88712039,A,0.04054,0.02897,0.0148,0,20203411820
257,2020342,1405,2020,342,14,5,NA,NA,T,NA,NA,NA,NA,20203421405
258,2020342,1545,2020,342,15,45,NA,NA,T,NA,NA,NA,NA,20203421545
259,2020342,1725,2020,342,17,25,NA,NA,A,NA,NA,NA,NA,20203421725
260,2020342,1900,2020,342,19,0,39.0375,-76.88712039,A,0.07175,0.05131,0.0052,0,20203421900
261,2020343,1450,2020,343,14,50,NA,NA,T,NA,NA,NA,NA,20203431450
262,2020343,1625,2020,343,16,25,NA,NA,A,NA,NA,NA,NA,20203431625
263,2020343,1625,2020,343,16,25,39.0375,-76.88712039,T,0.05805,0.04153,0.0085,0,20203431625
264,2020343,1805,2020,343,18,5,39.0375,-76.88712039,A,0.02622,0.01865,0.0127,0,20203431805
265,2020344,1355,2020,344,13,55,NA,NA,T,NA,NA,NA,NA,20203441355
266,2020344,1535,2020,344,15,35,NA,NA,T,NA,NA,NA,NA,20203441535
267,2020344,1710,2020,344,17,10,NA,NA,A,NA,NA,NA,NA,20203441710
268,2020344,1850,2020,344,18,50,NA,NA,A,NA,NA,NA,NA,20203441850
269,2020345,1435,2020,345,14,35,NA,NA,T,NA,NA,NA,NA,20203451435
270,2020345,1615,2020,345,16,15,39.0375,-76.88712039,T,0.21147,0.15223,0.0127,0,20203451615
271,2020345,1755,2020,345,17,55,39.0375,-76.88712039,A,0.16186,0.11613,0.0086,0,20203451755
272,2020346,1520,2020,346,15,20,39.0375,-76.88712039,T,0.11439,0.08204,0.0058,0,20203461520
273,2020346,1655,2020,346,16,55,39.0375,-76.88712039,T,0.05144,0.03675,0.0034,0,20203461655
274,2020346,1700,2020,346,17,0,NA,NA,A,NA,NA,NA,NA,20203461700
275,2020346,1835,2020,346,18,35,39.0375,-76.85493433,A,0.09351,0.06695,0.0099,0,20203461835
276,2020347,1425,2020,347,14,25,NA,NA,T,NA,NA,NA,NA,20203471425
277,2020347,1605,2020,347,16,5,NA,NA,T,NA,NA,NA,NA,20203471605
278,2020347,1740,2020,347,17,40,38.9875,-76.80061823,A,0.14071,0.101,0.0056,0,20203471740
279,2020348,1510,2020,348,15,10,NA,NA,T,NA,NA,NA,NA,20203481510
280,2020348,1645,2020,348,16,45,NA,NA,A,NA,NA,NA,NA,20203481645
281,2020348,1645,2020,348,16,45,38.9625,-76.89140138,T,0.08967,0.064,0.0046,0,20203481645
282,2020348,1825,2020,348,18,25,39.0375,-76.8763917,A,0.05876,0.04197,0.0136,0,20203481825
283,2020349,1415,2020,349,14,15,NA,NA,T,NA,NA,NA,NA,20203491415
284,2020349,1550,2020,349,15,50,NA,NA,T,NA,NA,NA,NA,20203491550
285,2020349,1730,2020,349,17,30,NA,NA,A,NA,NA,NA,NA,20203491730
286,2020349,1905,2020,349,19,5,NA,NA,A,NA,NA,NA,NA,20203491905
287,2020350,1455,2020,350,14,55,NA,NA,T,NA,NA,NA,NA,20203501455
288,2020350,1630,2020,350,16,30,39.02083333,-76.78318315,T,0.084,0.06,0.0063,0,20203501630
289,2020350,1635,2020,350,16,35,NA,NA,A,NA,NA,NA,NA,20203501635
290,2020350,1810,2020,350,18,10,NA,NA,A,NA,NA,NA,NA,20203501810
291,2020351,1400,2020,351,14,0,NA,NA,T,NA,NA,NA,NA,20203511400
292,2020351,1715,2020,351,17,15,NA,NA,A,NA,NA,NA,NA,20203511715
293,2020351,1855,2020,351,18,55,NA,NA,A,NA,NA,NA,NA,20203511855
294,2020352,1445,2020,352,14,45,NA,NA,T,NA,NA,NA,NA,20203521445
295,2020352,1620,2020,352,16,20,NA,NA,A,NA,NA,NA,NA,20203521620
296,2020352,1620,2020,352,16,20,39.0125,-76.7848598,T,0.19782,0.14225,0.0094,0,20203521620
297,2020352,1800,2020,352,18,0,39.0375,-76.84420565,A,0.14535,0.10422,0.0101,0,20203521800
298,2020353,1525,2020,353,15,25,NA,NA,T,NA,NA,NA,NA,20203531525
299,2020353,1700,2020,353,17,0,NA,NA,T,NA,NA,NA,NA,20203531700
300,2020353,1705,2020,353,17,5,NA,NA,A,NA,NA,NA,NA,20203531705
301,2020353,1840,2020,353,18,40,NA,NA,A,NA,NA,NA,NA,20203531840
302,2020354,1430,2020,354,14,30,NA,NA,T,NA,NA,NA,NA,20203541430
303,2020354,1610,2020,354,16,10,NA,NA,T,NA,NA,NA,NA,20203541610
304,2020354,1745,2020,354,17,45,NA,NA,A,NA,NA,NA,NA,20203541745
305,2020355,1515,2020,355,15,15,NA,NA,T,NA,NA,NA,NA,20203551515
306,2020355,1650,2020,355,16,50,NA,NA,A,NA,NA,NA,NA,20203551650
307,2020355,1650,2020,355,16,50,NA,NA,T,NA,NA,NA,NA,20203551650
308,2020355,1830,2020,355,18,30,NA,NA,A,NA,NA,NA,NA,20203551830
309,2020356,1420,2020,356,14,20,NA,NA,T,NA,NA,NA,NA,20203561420
310,2020356,1555,2020,356,15,55,NA,NA,T,NA,NA,NA,NA,20203561555
311,2020356,1735,2020,356,17,35,NA,NA,A,NA,NA,NA,NA,20203561735
312,2020356,1915,2020,356,19,15,NA,NA,A,NA,NA,NA,NA,20203561915
313,2020357,1500,2020,357,15,0,NA,NA,T,NA,NA,NA,NA,20203571500
314,2020357,1640,2020,357,16,40,NA,NA,A,NA,NA,NA,NA,20203571640
315,2020357,1640,2020,357,16,40,NA,NA,T,NA,NA,NA,NA,20203571640
316,2020357,1820,2020,357,18,20,NA,NA,A,NA,NA,NA,NA,20203571820
317,2020358,1405,2020,358,14,5,NA,NA,T,NA,NA,NA,NA,20203581405
318,2020358,1545,2020,358,15,45,NA,NA,T,NA,NA,NA,NA,20203581545
319,2020358,1725,2020,358,17,25,NA,NA,A,NA,NA,NA,NA,20203581725
320,2020358,1900,2020,358,19,0,NA,NA,A,NA,NA,NA,NA,20203581900
321,2020359,1450,2020,359,14,50,NA,NA,T,NA,NA,NA,NA,20203591450
322,2020359,1625,2020,359,16,25,NA,NA,A,NA,NA,NA,NA,20203591625
323,2020359,1625,2020,359,16,25,NA,NA,T,NA,NA,NA,NA,20203591625
324,2020359,1805,2020,359,18,5,NA,NA,A,NA,NA,NA,NA,20203591805
325,2020360,1355,2020,360,13,55,NA,NA,T,NA,NA,NA,NA,20203601355
326,2020360,1530,2020,360,15,30,NA,NA,T,NA,NA,NA,NA,20203601530
327,2020360,1710,2020,360,17,10,NA,NA,A,NA,NA,NA,NA,20203601710
328,2020360,1850,2020,360,18,50,NA,NA,A,NA,NA,NA,NA,20203601850
329,2020361,1435,2020,361,14,35,NA,NA,T,NA,NA,NA,NA,20203611435
330,2020361,1615,2020,361,16,15,38.95416666,-76.79663076,T,0.1585,0.1135,0.0109,0,20203611615
331,2020361,1755,2020,361,17,55,39.0375,-76.88712039,A,0.04989,0.03563,0.0088,0,20203611755
332,2020362,1520,2020,362,15,20,39.0375,-76.88712039,T,0.07892,0.05649,0.0057,0,20203621520
333,2020362,1655,2020,362,16,55,39.0375,-76.88712039,T,0.02957,0.02101,0.0032,0,20203621655
334,2020362,1700,2020,362,17,0,NA,NA,A,NA,NA,NA,NA,20203621700
335,2020362,1835,2020,362,18,35,39.0375,-76.88712039,A,0.06064,0.04336,0.0108,0,20203621835
336,2020363,1425,2020,363,14,25,NA,NA,T,NA,NA,NA,NA,20203631425
337,2020363,1605,2020,363,16,5,NA,NA,T,NA,NA,NA,NA,20203631605
338,2020363,1740,2020,363,17,40,39.0375,-76.88712039,A,0.08598,0.0615,0.0058,0,20203631740
339,2020364,1510,2020,364,15,10,NA,NA,T,NA,NA,NA,NA,20203641510
340,2020364,1645,2020,364,16,45,NA,NA,A,NA,NA,NA,NA,20203641645
341,2020364,1645,2020,364,16,45,39.0375,-76.88712039,T,0.03222,0.02291,0.0044,0,20203641645
342,2020364,1825,2020,364,18,25,39.0375,-76.88712039,A,0.03112,0.02216,0.0144,0,20203641825
343,2020365,1415,2020,365,14,15,NA,NA,T,NA,NA,NA,NA,20203651415
344,2020365,1550,2020,365,15,50,NA,NA,T,NA,NA,NA,NA,20203651550
345,2020365,1730,2020,365,17,30,39.02083333,-76.82608777,A,0.0848,0.06072,0.004,0,20203651730
346,2020365,1905,2020,365,19,5,NA,NA,A,NA,NA,NA,NA,20203651905
347,2020366,1455,2020,366,14,55,NA,NA,T,NA,NA,NA,NA,20203661455
348,2020366,1630,2020,366,16,30,NA,NA,T,NA,NA,NA,NA,20203661630
349,2020366,1635,2020,366,16,35,NA,NA,A,NA,NA,NA,NA,20203661635
350,2020366,1810,2020,366,18,10,NA,NA,A,NA,NA,NA,NA,20203661810
1,2021001,1400,2021,1,14,0,NA,NA,T,NA,NA,NA,NA,20210011400
2,2021001,1540,2021,1,15,40,NA,NA,T,NA,NA,NA,NA,20210011540
3,2021001,1715,2021,1,17,15,NA,NA,A,NA,NA,NA,NA,20210011715
4,2021001,1855,2021,1,18,55,NA,NA,A,NA,NA,NA,NA,20210011855
5,2021002,1445,2021,2,14,45,NA,NA,T,NA,NA,NA,NA,20210021445
6,2021002,1620,2021,2,16,20,NA,NA,A,NA,NA,NA,NA,20210021620
7,2021002,1620,2021,2,16,20,NA,NA,T,NA,NA,NA,NA,20210021620
8,2021002,1800,2021,2,18,0,NA,NA,A,NA,NA,NA,NA,20210021800
9,2021003,1525,2021,3,15,25,NA,NA,T,NA,NA,NA,NA,20210031525
10,2021003,1700,2021,3,17,0,NA,NA,T,NA,NA,NA,NA,20210031700
11,2021003,1705,2021,3,17,5,NA,NA,A,NA,NA,NA,NA,20210031705
12,2021003,1840,2021,3,18,40,NA,NA,A,NA,NA,NA,NA,20210031840
13,2021004,1430,2021,4,14,30,NA,NA,T,NA,NA,NA,NA,20210041430
14,2021004,1610,2021,4,16,10,NA,NA,T,NA,NA,NA,NA,20210041610
15,2021004,1745,2021,4,17,45,NA,NA,A,NA,NA,NA,NA,20210041745
16,2021005,1515,2021,5,15,15,NA,NA,T,NA,NA,NA,NA,20210051515
17,2021005,1650,2021,5,16,50,NA,NA,A,NA,NA,NA,NA,20210051650
18,2021005,1650,2021,5,16,50,NA,NA,T,NA,NA,NA,NA,20210051650
19,2021005,1830,2021,5,18,30,NA,NA,A,NA,NA,NA,NA,20210051830
20,2021006,1420,2021,6,14,20,NA,NA,T,NA,NA,NA,NA,20210061420
21,2021006,1555,2021,6,15,55,NA,NA,T,NA,NA,NA,NA,20210061555
22,2021006,1735,2021,6,17,35,NA,NA,A,NA,NA,NA,NA,20210061735
23,2021006,1915,2021,6,19,15,NA,NA,A,NA,NA,NA,NA,20210061915
24,2021007,1500,2021,7,15,0,NA,NA,T,NA,NA,NA,NA,20210071500
25,2021007,1640,2021,7,16,40,NA,NA,A,NA,NA,NA,NA,20210071640
26,2021007,1640,2021,7,16,40,39.0375,-76.88712039,T,0.04848,0.03453,0.0054,0,20210071640
27,2021007,1820,2021,7,18,20,39.0375,-76.88712039,A,0.06008,0.04295,0.0159,0,20210071820
28,2021008,1405,2021,8,14,5,NA,NA,T,NA,NA,NA,NA,20210081405
29,2021008,1545,2021,8,15,45,NA,NA,T,NA,NA,NA,NA,20210081545
30,2021008,1725,2021,8,17,25,NA,NA,A,NA,NA,NA,NA,20210081725
31,2021008,1900,2021,8,19,0,NA,NA,A,NA,NA,NA,NA,20210081900
32,2021009,1450,2021,9,14,50,NA,NA,T,NA,NA,NA,NA,20210091450
33,2021009,1625,2021,9,16,25,NA,NA,A,NA,NA,NA,NA,20210091625
34,2021009,1625,2021,9,16,25,39.0375,-76.88712039,T,0.05981,0.04279,0.0083,0,20210091625
35,2021009,1805,2021,9,18,5,39.0375,-76.88712039,A,0.027,0.0193,0.0141,0,20210091805
36,2021010,1355,2021,10,13,55,NA,NA,T,NA,NA,NA,NA,20210101355
37,2021010,1530,2021,10,15,30,39.0375,-76.88712039,T,0.07113,0.05086,0.0087,0,20210101530
38,2021010,1710,2021,10,17,10,NA,NA,A,NA,NA,NA,NA,20210101710
39,2021010,1850,2021,10,18,50,39.0375,-76.88712039,A,0.04057,0.02896,0.0081,0,20210101850
40,2021011,1435,2021,11,14,35,NA,NA,T,NA,NA,NA,NA,20210111435
41,2021011,1615,2021,11,16,15,NA,NA,T,NA,NA,NA,NA,20210111615
42,2021011,1755,2021,11,17,55,NA,NA,A,NA,NA,NA,NA,20210111755
43,2021012,1520,2021,12,15,20,39.0375,-76.88712039,T,0.11786,0.08446,0.0061,0,20210121520
44,2021012,1655,2021,12,16,55,39.0375,-76.88712039,T,0.06547,0.04681,0.0033,0,20210121655
45,2021012,1700,2021,12,17,0,NA,NA,A,NA,NA,NA,NA,20210121700
46,2021012,1835,2021,12,18,35,39.0375,-76.88712039,A,0.0699,0.04999,0.0119,0,20210121835
47,2021013,1425,2021,13,14,25,NA,NA,T,NA,NA,NA,NA,20210131425
48,2021013,1605,2021,13,16,5,39.0375,-76.88712039,T,0.1256,0.09005,0.0162,0,20210131605
49,2021013,1740,2021,13,17,40,39.0375,-76.88712039,A,0.07589,0.05424,0.0065,0,20210131740
50,2021014,1510,2021,14,15,10,NA,NA,T,NA,NA,NA,NA,20210141510
51,2021014,1645,2021,14,16,45,NA,NA,A,NA,NA,NA,NA,20210141645
52,2021014,1645,2021,14,16,45,39.0375,-76.88712039,T,0.08045,0.05752,0.0047,0,20210141645
53,2021014,1825,2021,14,18,25,39.0375,-76.88712039,A,0.06049,0.04327,0.0161,0,20210141825
54,2021015,1410,2021,15,14,10,NA,NA,T,NA,NA,NA,NA,20210151410
55,2021015,1550,2021,15,15,50,NA,NA,T,NA,NA,NA,NA,20210151550
56,2021015,1730,2021,15,17,30,NA,NA,A,NA,NA,NA,NA,20210151730
57,2021015,1905,2021,15,19,5,NA,NA,A,NA,NA,NA,NA,20210151905
58,2021016,1455,2021,16,14,55,NA,NA,T,NA,NA,NA,NA,20210161455
59,2021016,1630,2021,16,16,30,39.00416666,-76.80798494,T,0.17431,0.12515,0.0067,0,20210161630
60,2021016,1635,2021,16,16,35,NA,NA,A,NA,NA,NA,NA,20210161635
61,2021016,1810,2021,16,18,10,39.0375,-76.88712039,A,0.16035,0.11504,0.0161,0,20210161810
62,2021017,1400,2021,17,14,0,NA,NA,T,NA,NA,NA,NA,20210171400
63,2021017,1540,2021,17,15,40,NA,NA,T,NA,NA,NA,NA,20210171540
64,2021017,1715,2021,17,17,15,NA,NA,A,NA,NA,NA,NA,20210171715
65,2021017,1855,2021,17,18,55,NA,NA,A,NA,NA,NA,NA,20210171855
66,2021018,1445,2021,18,14,45,NA,NA,T,NA,NA,NA,NA,20210181445
67,2021018,1620,2021,18,16,20,NA,NA,A,NA,NA,NA,NA,20210181620
68,2021018,1620,2021,18,16,20,39.0375,-76.85493433,T,0.1715,0.123,0.0104,0,20210181620
69,2021018,1800,2021,18,18,0,NA,NA,A,NA,NA,NA,NA,20210181800
70,2021019,1525,2021,19,15,25,NA,NA,T,NA,NA,NA,NA,20210191525
71,2021019,1700,2021,19,17,0,NA,NA,T,NA,NA,NA,NA,20210191700
72,2021019,1705,2021,19,17,5,NA,NA,A,NA,NA,NA,NA,20210191705
73,2021019,1840,2021,19,18,40,39.0375,-76.84420565,A,0.074,0.0529,0.0095,0,20210191840
74,2021020,1430,2021,20,14,30,NA,NA,T,NA,NA,NA,NA,20210201430
75,2021020,1610,2021,20,16,10,39.0375,-76.88712039,T,0.27,0.1945,0.0153,0,20210201610
76,2021020,1745,2021,20,17,45,NA,NA,A,NA,NA,NA,NA,20210201745
77,2021021,1515,2021,21,15,15,39.00416666,-76.80798494,T,0.1159,0.08312,0.005,0,20210211515
78,2021021,1650,2021,21,16,50,NA,NA,A,NA,NA,NA,NA,20210211650
79,2021021,1650,2021,21,16,50,NA,NA,T,NA,NA,NA,NA,20210211650
80,2021021,1830,2021,21,18,30,39.0375,-76.88712039,A,0.166,0.119,0.0151,0,20210211830
81,2021022,1420,2021,22,14,20,NA,NA,T,NA,NA,NA,NA,20210221420
82,2021022,1555,2021,22,15,55,38.97916666,-76.81301838,T,0.308,0.223,0.0162,0,20210221555
83,2021022,1735,2021,22,17,35,NA,NA,A,NA,NA,NA,NA,20210221735
84,2021022,1915,2021,22,19,15,NA,NA,A,NA,NA,NA,NA,20210221915
85,2021023,1500,2021,23,15,0,NA,NA,T,NA,NA,NA,NA,20210231500
86,2021023,1640,2021,23,16,40,NA,NA,A,NA,NA,NA,NA,20210231640
87,2021023,1640,2021,23,16,40,39.0375,-76.88712039,T,0.03893,0.02776,0.0061,0,20210231640
88,2021023,1820,2021,23,18,20,39.0375,-76.8763917,A,0.04325,0.03088,0.0175,0,20210231820
89,2021024,1405,2021,24,14,5,NA,NA,T,NA,NA,NA,NA,20210241405
90,2021024,1545,2021,24,15,45,39.0375,-76.88712039,T,0.07749,0.05541,0.0136,0,20210241545
91,2021024,1725,2021,24,17,25,38.99583333,-76.78821679,A,0.123,0.088,0.0043,0,20210241725
92,2021024,1900,2021,24,19,0,NA,NA,A,NA,NA,NA,NA,20210241900
93,2021025,1450,2021,25,14,50,NA,NA,T,NA,NA,NA,NA,20210251450
94,2021025,1625,2021,25,16,25,NA,NA,A,NA,NA,NA,NA,20210251625
95,2021025,1625,2021,25,16,25,NA,NA,T,NA,NA,NA,NA,20210251625
96,2021025,1805,2021,25,18,5,NA,NA,A,NA,NA,NA,NA,20210251805
97,2021026,1355,2021,26,13,55,NA,NA,T,NA,NA,NA,NA,20210261355
98,2021026,1530,2021,26,15,30,NA,NA,T,NA,NA,NA,NA,20210261530
99,2021026,1710,2021,26,17,10,NA,NA,A,NA,NA,NA,NA,20210261710
100,2021026,1850,2021,26,18,50,NA,NA,A,NA,NA,NA,NA,20210261850
101,2021027,1435,2021,27,14,35,NA,NA,T,NA,NA,NA,NA,20210271435
102,2021027,1615,2021,27,16,15,NA,NA,T,NA,NA,NA,NA,20210271615
103,2021027,1755,2021,27,17,55,NA,NA,A,NA,NA,NA,NA,20210271755
104,2021028,1520,2021,28,15,20,NA,NA,T,NA,NA,NA,NA,20210281520
105,2021028,1655,2021,28,16,55,39.0375,-76.88712039,T,0.05035,0.03592,0.0038,0,20210281655
106,2021028,1700,2021,28,17,0,NA,NA,A,NA,NA,NA,NA,20210281700
107,2021028,1835,2021,28,18,35,39.0375,-76.88712039,A,0.04875,0.03475,0.0138,0,20210281835
108,2021029,1425,2021,29,14,25,NA,NA,T,NA,NA,NA,NA,20210291425
109,2021029,1605,2021,29,16,5,NA,NA,T,NA,NA,NA,NA,20210291605
110,2021029,1740,2021,29,17,40,NA,NA,A,NA,NA,NA,NA,20210291740
111,2021030,1510,2021,30,15,10,NA,NA,T,NA,NA,NA,NA,20210301510
112,2021030,1645,2021,30,16,45,NA,NA,A,NA,NA,NA,NA,20210301645
113,2021030,1645,2021,30,16,45,39.0375,-76.88712039,T,0.02588,0.01835,0.0054,0,20210301645
114,2021030,1825,2021,30,18,25,39.0375,-76.88712039,A,0.0312,0.02225,0.0193,0,20210301825
115,2021031,1410,2021,31,14,10,NA,NA,T,NA,NA,NA,NA,20210311410
116,2021031,1550,2021,31,15,50,NA,NA,T,NA,NA,NA,NA,20210311550
117,2021031,1730,2021,31,17,30,NA,NA,A,NA,NA,NA,NA,20210311730
118,2021031,1905,2021,31,19,5,NA,NA,A,NA,NA,NA,NA,20210311905
119,2021032,1455,2021,32,14,55,NA,NA,T,NA,NA,NA,NA,20210321455
120,2021032,1630,2021,32,16,30,NA,NA,T,NA,NA,NA,NA,20210321630
121,2021032,1635,2021,32,16,35,NA,NA,A,NA,NA,NA,NA,20210321635
122,2021032,1810,2021,32,18,10,NA,NA,A,NA,NA,NA,NA,20210321810
123,2021033,1400,2021,33,14,0,NA,NA,T,NA,NA,NA,NA,20210331400
124,2021033,1540,2021,33,15,40,NA,NA,T,NA,NA,NA,NA,20210331540
125,2021033,1715,2021,33,17,15,NA,NA,A,NA,NA,NA,NA,20210331715
126,2021033,1855,2021,33,18,55,NA,NA,A,NA,NA,NA,NA,20210331855
127,2021034,1445,2021,34,14,45,NA,NA,T,NA,NA,NA,NA,20210341445
128,2021034,1620,2021,34,16,20,NA,NA,A,NA,NA,NA,NA,20210341620
129,2021034,1620,2021,34,16,20,NA,NA,T,NA,NA,NA,NA,20210341620
130,2021034,1800,2021,34,18,0,NA,NA,A,NA,NA,NA,NA,20210341800
131,2021035,1525,2021,35,15,25,NA,NA,T,NA,NA,NA,NA,20210351525
132,2021035,1700,2021,35,17,0,NA,NA,T,NA,NA,NA,NA,20210351700
133,2021035,1705,2021,35,17,5,NA,NA,A,NA,NA,NA,NA,20210351705
134,2021035,1840,2021,35,18,40,NA,NA,A,NA,NA,NA,NA,20210351840
135,2021036,1430,2021,36,14,30,NA,NA,T,NA,NA,NA,NA,20210361430
136,2021036,1610,2021,36,16,10,38.99583333,-76.89544044,T,0.26436,0.19043,0.018,0,20210361610
137,2021036,1745,2021,36,17,45,39.0375,-76.84420565,A,0.16608,0.11917,0.0104,0,20210361745
138,2021037,1515,2021,37,15,15,NA,NA,T,NA,NA,NA,NA,20210371515
139,2021037,1650,2021,37,16,50,NA,NA,A,NA,NA,NA,NA,20210371650
140,2021037,1650,2021,37,16,50,NA,NA,T,NA,NA,NA,NA,20210371650
141,2021037,1830,2021,37,18,30,NA,NA,A,NA,NA,NA,NA,20210371830
142,2021038,1420,2021,38,14,20,NA,NA,T,NA,NA,NA,NA,20210381420
143,2021038,1555,2021,38,15,55,NA,NA,T,NA,NA,NA,NA,20210381555
144,2021038,1735,2021,38,17,35,NA,NA,A,NA,NA,NA,NA,20210381735
145,2021038,1915,2021,38,19,15,NA,NA,A,NA,NA,NA,NA,20210381915
146,2021039,1500,2021,39,15,0,NA,NA,T,NA,NA,NA,NA,20210391500
147,2021039,1640,2021,39,16,40,NA,NA,A,NA,NA,NA,NA,20210391640
148,2021039,1640,2021,39,16,40,39.0375,-76.88712039,T,0.11342,0.0813,0.0073,0,20210391640
149,2021039,1820,2021,39,18,20,39.0375,-76.88712039,A,0.15854,0.11375,0.0221,0,20210391820
150,2021040,1405,2021,40,14,5,NA,NA,T,NA,NA,NA,NA,20210401405
151,2021040,1545,2021,40,15,45,39.0375,-76.88712039,T,0.22191,0.15983,0.0163,0,20210401545
152,2021040,1725,2021,40,17,25,39.0375,-76.88712039,A,0.16826,0.12084,0.0053,0,20210401725
153,2021040,1900,2021,40,19,0,39.0375,-76.88712039,A,0.18026,0.12943,0.0075,0,20210401900
154,2021041,1450,2021,41,14,50,NA,NA,T,NA,NA,NA,NA,20210411450
155,2021041,1625,2021,41,16,25,NA,NA,A,NA,NA,NA,NA,20210411625
156,2021041,1625,2021,41,16,25,NA,NA,T,NA,NA,NA,NA,20210411625
157,2021041,1805,2021,41,18,5,NA,NA,A,NA,NA,NA,NA,20210411805
158,2021042,1355,2021,42,13,55,NA,NA,T,NA,NA,NA,NA,20210421355
159,2021042,1530,2021,42,15,30,NA,NA,T,NA,NA,NA,NA,20210421530
160,2021042,1710,2021,42,17,10,NA,NA,A,NA,NA,NA,NA,20210421710
161,2021042,1850,2021,42,18,50,NA,NA,A,NA,NA,NA,NA,20210421850
162,2021043,1435,2021,43,14,35,NA,NA,T,NA,NA,NA,NA,20210431435
163,2021043,1615,2021,43,16,15,NA,NA,T,NA,NA,NA,NA,20210431615
164,2021043,1755,2021,43,17,55,NA,NA,A,NA,NA,NA,NA,20210431755
165,2021044,1520,2021,44,15,20,NA,NA,T,NA,NA,NA,NA,20210441520
166,2021044,1655,2021,44,16,55,NA,NA,T,NA,NA,NA,NA,20210441655
167,2021044,1700,2021,44,17,0,NA,NA,A,NA,NA,NA,NA,20210441700
168,2021044,1835,2021,44,18,35,NA,NA,A,NA,NA,NA,NA,20210441835
169,2021045,1425,2021,45,14,25,NA,NA,T,NA,NA,NA,NA,20210451425
170,2021045,1600,2021,45,16,0,NA,NA,T,NA,NA,NA,NA,20210451600
171,2021045,1740,2021,45,17,40,NA,NA,A,NA,NA,NA,NA,20210451740
172,2021046,1505,2021,46,15,5,NA,NA,T,NA,NA,NA,NA,20210461505
173,2021046,1645,2021,46,16,45,NA,NA,A,NA,NA,NA,NA,20210461645
174,2021046,1645,2021,46,16,45,NA,NA,T,NA,NA,NA,NA,20210461645
175,2021046,1825,2021,46,18,25,NA,NA,A,NA,NA,NA,NA,20210461825
176,2021047,1410,2021,47,14,10,NA,NA,T,NA,NA,NA,NA,20210471410
177,2021047,1550,2021,47,15,50,NA,NA,T,NA,NA,NA,NA,20210471550
178,2021047,1730,2021,47,17,30,NA,NA,A,NA,NA,NA,NA,20210471730
179,2021047,1905,2021,47,19,5,NA,NA,A,NA,NA,NA,NA,20210471905
180,2021048,1455,2021,48,14,55,NA,NA,T,NA,NA,NA,NA,20210481455
181,2021048,1630,2021,48,16,30,NA,NA,T,NA,NA,NA,NA,20210481630
182,2021048,1635,2021,48,16,35,NA,NA,A,NA,NA,NA,NA,20210481635
183,2021048,1810,2021,48,18,10,39.0375,-76.82274828,A,0.11803,0.08459,0.021,0,20210481810
184,2021049,1400,2021,49,14,0,NA,NA,T,NA,NA,NA,NA,20210491400
185,2021049,1540,2021,49,15,40,NA,NA,T,NA,NA,NA,NA,20210491540
186,2021049,1715,2021,49,17,15,NA,NA,A,NA,NA,NA,NA,20210491715
187,2021049,1855,2021,49,18,55,NA,NA,A,NA,NA,NA,NA,20210491855
188,2021050,1445,2021,50,14,45,NA,NA,T,NA,NA,NA,NA,20210501445
189,2021050,1620,2021,50,16,20,NA,NA,A,NA,NA,NA,NA,20210501620
190,2021050,1620,2021,50,16,20,NA,NA,T,NA,NA,NA,NA,20210501620
191,2021050,1800,2021,50,18,0,NA,NA,A,NA,NA,NA,NA,20210501800
192,2021051,1525,2021,51,15,25,NA,NA,T,NA,NA,NA,NA,20210511525
193,2021051,1700,2021,51,17,0,NA,NA,T,NA,NA,NA,NA,20210511700
194,2021051,1705,2021,51,17,5,NA,NA,A,NA,NA,NA,NA,20210511705
195,2021051,1840,2021,51,18,40,39.0375,-76.85493433,A,0.39533,0.28654,0.0133,0,20210511840
196,2021052,1430,2021,52,14,30,NA,NA,T,NA,NA,NA,NA,20210521430
197,2021052,1610,2021,52,16,10,39.0375,-76.86566302,T,0.42967,0.31192,0.0211,0,20210521610
198,2021052,1745,2021,52,17,45,39.0375,-76.88712039,A,0.21414,0.15417,0.0128,0,20210521745
199,2021053,1515,2021,53,15,15,NA,NA,T,NA,NA,NA,NA,20210531515
200,2021053,1650,2021,53,16,50,NA,NA,A,NA,NA,NA,NA,20210531650
201,2021053,1650,2021,53,16,50,NA,NA,T,NA,NA,NA,NA,20210531650
202,2021053,1830,2021,53,18,30,NA,NA,A,NA,NA,NA,NA,20210531830
203,2021054,1420,2021,54,14,20,NA,NA,T,NA,NA,NA,NA,20210541420
204,2021054,1555,2021,54,15,55,39.0375,-76.8763917,T,0.28093,0.20246,0.0224,0,20210541555
205,2021054,1735,2021,54,17,35,NA,NA,A,NA,NA,NA,NA,20210541735
206,2021054,1915,2021,54,19,15,NA,NA,A,NA,NA,NA,NA,20210541915
207,2021055,1500,2021,55,15,0,NA,NA,T,NA,NA,NA,NA,20210551500
208,2021055,1640,2021,55,16,40,NA,NA,A,NA,NA,NA,NA,20210551640
209,2021055,1640,2021,55,16,40,39.0375,-76.88712039,T,0.03397,0.02425,0.0087,0,20210551640
210,2021055,1820,2021,55,18,20,39.0375,-76.88712039,A,0.06175,0.04418,0.025,0,20210551820
211,2021056,1405,2021,56,14,5,NA,NA,T,NA,NA,NA,NA,20210561405
212,2021056,1545,2021,56,15,45,39.0375,-76.88712039,T,0.06415,0.04583,0.0184,0,20210561545
213,2021056,1725,2021,56,17,25,39.0375,-76.88712039,A,0.02308,0.01644,0.0064,0,20210561725
214,2021056,1900,2021,56,19,0,39.0375,-76.88712039,A,0.02561,0.01826,0.0094,0,20210561900
215,2021057,1450,2021,57,14,50,NA,NA,T,NA,NA,NA,NA,20210571450
216,2021057,1625,2021,57,16,25,NA,NA,A,NA,NA,NA,NA,20210571625
217,2021057,1625,2021,57,16,25,NA,NA,T,NA,NA,NA,NA,20210571625
218,2021057,1805,2021,57,18,5,NA,NA,A,NA,NA,NA,NA,20210571805
219,2021058,1355,2021,58,13,55,NA,NA,T,NA,NA,NA,NA,20210581355
220,2021058,1530,2021,58,15,30,NA,NA,T,NA,NA,NA,NA,20210581530
221,2021058,1710,2021,58,17,10,NA,NA,A,NA,NA,NA,NA,20210581710
222,2021058,1850,2021,58,18,50,NA,NA,A,NA,NA,NA,NA,20210581850
223,2021059,1435,2021,59,14,35,NA,NA,T,NA,NA,NA,NA,20210591435
224,2021059,1615,2021,59,16,15,NA,NA,T,NA,NA,NA,NA,20210591615
225,2021059,1755,2021,59,17,55,NA,NA,A,NA,NA,NA,NA,20210591755
226,2021060,1520,2021,60,15,20,NA,NA,T,NA,NA,NA,NA,20210601520
227,2021060,1655,2021,60,16,55,NA,NA,T,NA,NA,NA,NA,20210601655
228,2021060,1700,2021,60,17,0,NA,NA,A,NA,NA,NA,NA,20210601700
229,2021060,1835,2021,60,18,35,NA,NA,A,NA,NA,NA,NA,20210601835
230,2021061,1425,2021,61,14,25,NA,NA,T,NA,NA,NA,NA,20210611425
231,2021061,1600,2021,61,16,0,39.0375,-76.88712039,T,0.10805,0.07741,0.026,0,20210611600
232,2021061,1740,2021,61,17,40,39.0375,-76.88712039,A,0.00919,0.00642,0.0116,0,20210611740
233,2021062,1505,2021,62,15,5,NA,NA,T,NA,NA,NA,NA,20210621505
234,2021062,1645,2021,62,16,45,NA,NA,A,NA,NA,NA,NA,20210621645
235,2021062,1645,2021,62,16,45,39.0375,-76.88712039,T,0.02408,0.01711,0.0081,0,20210621645
236,2021062,1825,2021,62,18,25,39.0375,-76.88712039,A,0.02079,0.01473,0.026,0,20210621825
237,2021063,1410,2021,63,14,10,NA,NA,T,NA,NA,NA,NA,20210631410
238,2021063,1550,2021,63,15,50,39.0375,-76.84420565,T,0.2886,0.208,0.0222,0,20210631550
239,2021063,1730,2021,63,17,30,NA,NA,A,NA,NA,NA,NA,20210631730
240,2021063,1905,2021,63,19,5,NA,NA,A,NA,NA,NA,NA,20210631905
241,2021064,1455,2021,64,14,55,NA,NA,T,NA,NA,NA,NA,20210641455
242,2021064,1630,2021,64,16,30,39.0375,-76.88712039,T,0.05053,0.03607,0.0122,0,20210641630
243,2021064,1635,2021,64,16,35,NA,NA,A,NA,NA,NA,NA,20210641635
244,2021064,1810,2021,64,18,10,39.0375,-76.88712039,A,0.06425,0.04592,0.027,0,20210641810
245,2021065,1400,2021,65,14,0,NA,NA,T,NA,NA,NA,NA,20210651400
246,2021065,1540,2021,65,15,40,NA,NA,T,NA,NA,NA,NA,20210651540
247,2021065,1715,2021,65,17,15,NA,NA,A,NA,NA,NA,NA,20210651715
248,2021065,1855,2021,65,18,55,NA,NA,A,NA,NA,NA,NA,20210651855
249,2021066,1445,2021,66,14,45,NA,NA,T,NA,NA,NA,NA,20210661445
250,2021066,1620,2021,66,16,20,NA,NA,A,NA,NA,NA,NA,20210661620
251,2021066,1620,2021,66,16,20,39.0375,-76.88712039,T,0.09769,0.06994,0.0189,0,20210661620
252,2021066,1800,2021,66,18,0,39.0375,-76.88712039,A,0.05694,0.04064,0.022,0,20210661800
253,2021067,1525,2021,67,15,25,39.0375,-76.88712039,T,0.09753,0.06982,0.0122,0,20210671525
254,2021067,1700,2021,67,17,0,NA,NA,T,NA,NA,NA,NA,20210671700
255,2021067,1705,2021,67,17,5,NA,NA,A,NA,NA,NA,NA,20210671705
256,2021067,1840,2021,67,18,40,39.0375,-76.88712039,A,0.04714,0.03368,0.0172,0,20210671840
257,2021068,1430,2021,68,14,30,NA,NA,T,NA,NA,NA,NA,20210681430
258,2021068,1610,2021,68,16,10,NA,NA,T,NA,NA,NA,NA,20210681610
259,2021068,1745,2021,68,17,45,NA,NA,A,NA,NA,NA,NA,20210681745
260,2021069,1515,2021,69,15,15,39.0375,-76.88712039,T,0.14671,0.1053,0.009,0,20210691515
261,2021069,1650,2021,69,16,50,NA,NA,A,NA,NA,NA,NA,20210691650
262,2021069,1650,2021,69,16,50,39.0375,-76.88712039,T,0.119,0.08533,0.0074,0,20210691650
263,2021069,1830,2021,69,18,30,39.0375,-76.88712039,A,0.17062,0.12244,0.0256,0,20210691830
264,2021070,1420,2021,70,14,20,NA,NA,T,NA,NA,NA,NA,20210701420
265,2021070,1555,2021,70,15,55,39.0375,-76.88712039,T,0.24848,0.17906,0.0299,0,20210701555
266,2021070,1735,2021,70,17,35,39.0375,-76.88712039,A,0.15642,0.11216,0.0105,0,20210701735
267,2021070,1915,2021,70,19,15,NA,NA,A,NA,NA,NA,NA,20210701915
268,2021071,1500,2021,71,15,0,NA,NA,T,NA,NA,NA,NA,20210711500
269,2021071,1640,2021,71,16,40,NA,NA,A,NA,NA,NA,NA,20210711640
270,2021071,1640,2021,71,16,40,NA,NA,T,NA,NA,NA,NA,20210711640
271,2021071,1820,2021,71,18,20,NA,NA,A,NA,NA,NA,NA,20210711820
272,2021072,1405,2021,72,14,5,NA,NA,T,NA,NA,NA,NA,20210721405
273,2021072,1545,2021,72,15,45,39.0375,-76.88712039,T,0.07503,0.05371,0.0233,0,20210721545
274,2021072,1725,2021,72,17,25,39.0375,-76.88712039,A,0.09431,0.06756,0.0076,0,20210721725
275,2021072,1900,2021,72,19,0,NA,NA,A,NA,NA,NA,NA,20210721900
276,2021073,1450,2021,73,14,50,NA,NA,T,NA,NA,NA,NA,20210731450
277,2021073,1625,2021,73,16,25,NA,NA,A,NA,NA,NA,NA,20210731625
278,2021073,1625,2021,73,16,25,39.0375,-76.88712039,T,0.119,0.08531,0.0173,0,20210731625
279,2021073,1805,2021,73,18,5,39.0375,-76.88712039,A,0.17598,0.12637,0.0285,0,20210731805
280,2021074,1355,2021,74,13,55,NA,NA,T,NA,NA,NA,NA,20210741355
281,2021074,1530,2021,74,15,30,39.0125,-76.89210872,T,0.09168,0.06561,0.0154,0,20210741530
282,2021074,1710,2021,74,17,10,NA,NA,A,NA,NA,NA,NA,20210741710
283,2021074,1850,2021,74,18,50,39.0375,-76.88712039,A,0.07119,0.05095,0.0154,0,20210741850
284,2021075,1435,2021,75,14,35,NA,NA,T,NA,NA,NA,NA,20210751435
285,2021075,1615,2021,75,16,15,NA,NA,T,NA,NA,NA,NA,20210751615
286,2021075,1755,2021,75,17,55,NA,NA,A,NA,NA,NA,NA,20210751755
287,2021076,1520,2021,76,15,20,NA,NA,T,NA,NA,NA,NA,20210761520
288,2021076,1655,2021,76,16,55,NA,NA,T,NA,NA,NA,NA,20210761655
289,2021076,1700,2021,76,17,0,NA,NA,A,NA,NA,NA,NA,20210761700
290,2021076,1835,2021,76,18,35,NA,NA,A,NA,NA,NA,NA,20210761835
291,2021077,1425,2021,77,14,25,NA,NA,T,NA,NA,NA,NA,20210771425
292,2021077,1600,2021,77,16,0,NA,NA,T,NA,NA,NA,NA,20210771600
293,2021077,1740,2021,77,17,40,NA,NA,A,NA,NA,NA,NA,20210771740
294,2021078,1505,2021,78,15,5,NA,NA,T,NA,NA,NA,NA,20210781505
295,2021078,1645,2021,78,16,45,NA,NA,A,NA,NA,NA,NA,20210781645
296,2021078,1645,2021,78,16,45,39.0125,-76.80630959,T,0.16773,0.12023,0.0095,0,20210781645
297,2021078,1825,2021,78,18,25,39.0375,-76.88712039,A,0.11101,0.07953,0.0309,0,20210781825
298,2021079,1410,2021,79,14,10,NA,NA,T,NA,NA,NA,NA,20210791410
299,2021079,1550,2021,79,15,50,39.0375,-76.88712039,T,0.16886,0.12125,0.0285,0,20210791550
300,2021079,1730,2021,79,17,30,39.0375,-76.88712039,A,0.1303,0.09337,0.0095,0,20210791730
301,2021079,1905,2021,79,19,5,39.0375,-76.88712039,A,0.08703,0.0623,0.0094,0,20210791905
302,2021080,1455,2021,80,14,55,NA,NA,T,NA,NA,NA,NA,20210801455
303,2021080,1630,2021,80,16,30,39.0375,-76.88712039,T,0.12974,0.09309,0.0152,0,20210801630
304,2021080,1635,2021,80,16,35,NA,NA,A,NA,NA,NA,NA,20210801635
305,2021080,1810,2021,80,18,10,39.0375,-76.88712039,A,0.11982,0.08584,0.0323,0,20210801810
306,2021081,1400,2021,81,14,0,NA,NA,T,NA,NA,NA,NA,20210811400
307,2021081,1540,2021,81,15,40,39.0375,-76.88712039,T,0.12695,0.09103,0.0206,0,20210811540
308,2021081,1715,2021,81,17,15,NA,NA,A,NA,NA,NA,NA,20210811715
309,2021081,1855,2021,81,18,55,39.0375,-76.88712039,A,0.07691,0.05499,0.0133,0,20210811855
310,2021082,1445,2021,82,14,45,NA,NA,T,NA,NA,NA,NA,20210821445
311,2021082,1620,2021,82,16,20,NA,NA,A,NA,NA,NA,NA,20210821620
312,2021082,1620,2021,82,16,20,NA,NA,T,NA,NA,NA,NA,20210821620
313,2021082,1800,2021,82,18,0,NA,NA,A,NA,NA,NA,NA,20210821800
314,2021083,1525,2021,83,15,25,NA,NA,T,NA,NA,NA,NA,20210831525
315,2021083,1700,2021,83,17,0,NA,NA,T,NA,NA,NA,NA,20210831700
316,2021083,1705,2021,83,17,5,NA,NA,A,NA,NA,NA,NA,20210831705
317,2021083,1840,2021,83,18,40,NA,NA,A,NA,NA,NA,NA,20210831840
318,2021084,1430,2021,84,14,30,NA,NA,T,NA,NA,NA,NA,20210841430
319,2021084,1610,2021,84,16,10,NA,NA,T,NA,NA,NA,NA,20210841610
320,2021084,1745,2021,84,17,45,NA,NA,A,NA,NA,NA,NA,20210841745
321,2021085,1515,2021,85,15,15,NA,NA,T,NA,NA,NA,NA,20210851515
322,2021085,1650,2021,85,16,50,NA,NA,A,NA,NA,NA,NA,20210851650
323,2021085,1650,2021,85,16,50,39.0375,-76.88712039,T,0.09743,0.06975,0.0091,0,20210851650
324,2021085,1830,2021,85,18,30,39.0375,-76.88712039,A,0.07078,0.05061,0.0278,0,20210851830
325,2021086,1420,2021,86,14,20,NA,NA,T,NA,NA,NA,NA,20210861420
326,2021086,1555,2021,86,15,55,39.0375,-76.88712039,T,0.21542,0.15499,0.0347,0,20210861555
327,2021086,1735,2021,86,17,35,NA,NA,A,NA,NA,NA,NA,20210861735
328,2021086,1915,2021,86,19,15,NA,NA,A,NA,NA,NA,NA,20210861915
329,2021087,1500,2021,87,15,0,NA,NA,T,NA,NA,NA,NA,20210871500
330,2021087,1635,2021,87,16,35,NA,NA,T,NA,NA,NA,NA,20210871635
331,2021087,1640,2021,87,16,40,NA,NA,A,NA,NA,NA,NA,20210871640
332,2021087,1820,2021,87,18,20,NA,NA,A,NA,NA,NA,NA,20210871820
333,2021088,1405,2021,88,14,5,NA,NA,T,NA,NA,NA,NA,20210881405
334,2021088,1545,2021,88,15,45,39.0375,-76.88712039,T,0.1751,0.12582,0.0243,0,20210881545
335,2021088,1725,2021,88,17,25,39.0375,-76.88712039,A,0.13581,0.09737,0.0087,0,20210881725
336,2021088,1900,2021,88,19,0,39.0375,-76.88712039,A,0.06695,0.04786,0.0112,0,20210881900
337,2021089,1450,2021,89,14,50,NA,NA,T,NA,NA,NA,NA,20210891450
338,2021089,1625,2021,89,16,25,NA,NA,A,NA,NA,NA,NA,20210891625
339,2021089,1625,2021,89,16,25,39.0375,-76.88712039,T,0.12207,0.08751,0.02,0,20210891625
340,2021089,1805,2021,89,18,5,39.0375,-76.88712039,A,0.11929,0.08552,0.0309,0,20210891805
341,2021090,1355,2021,90,13,55,NA,NA,T,NA,NA,NA,NA,20210901355
342,2021090,1530,2021,90,15,30,NA,NA,T,NA,NA,NA,NA,20210901530
343,2021090,1710,2021,90,17,10,NA,NA,A,NA,NA,NA,NA,20210901710
344,2021090,1850,2021,90,18,50,NA,NA,A,NA,NA,NA,NA,20210901850
1,2021091,1435,2021,91,14,35,NA,NA,T,NA,NA,NA,NA,20210911435
2,2021091,1615,2021,91,16,15,NA,NA,T,NA,NA,NA,NA,20210911615
3,2021091,1755,2021,91,17,55,NA,NA,A,NA,NA,NA,NA,20210911755
4,2021092,1520,2021,92,15,20,38.99583333,-76.89544044,T,0.29367,0.21167,0.0129,0,20210921520
5,2021092,1655,2021,92,16,55,39.0375,-76.88712039,T,0.11216,0.08047,0.0083,0,20210921655
6,2021092,1700,2021,92,17,0,NA,NA,A,NA,NA,NA,NA,20210921700
7,2021092,1835,2021,92,18,35,39.0375,-76.85493433,A,0.13112,0.09394,0.0225,0,20210921835
8,2021093,1425,2021,93,14,25,NA,NA,T,NA,NA,NA,NA,20210931425
9,2021093,1600,2021,93,16,0,NA,NA,T,NA,NA,NA,NA,20210931600
10,2021093,1740,2021,93,17,40,39.0375,-76.88712039,A,0.11242,0.0806,0.0155,0,20210931740
11,2021094,1505,2021,94,15,5,NA,NA,T,NA,NA,NA,NA,20210941505
12,2021094,1645,2021,94,16,45,NA,NA,A,NA,NA,NA,NA,20210941645
13,2021094,1645,2021,94,16,45,39.0375,-76.88712039,T,0.25914,0.1867,0.0118,0,20210941645
14,2021094,1825,2021,94,18,25,39.0375,-76.8763917,A,0.26132,0.18836,0.0307,0,20210941825
15,2021095,1410,2021,95,14,10,NA,NA,T,NA,NA,NA,NA,20210951410
16,2021095,1550,2021,95,15,50,39.0375,-76.8763917,T,0.20568,0.14799,0.029,0,20210951550
17,2021095,1730,2021,95,17,30,39.0375,-76.88712039,A,0.18804,0.13501,0.0108,0,20210951730
18,2021095,1905,2021,95,19,5,39.0125,-76.89210872,A,0.15629,0.11209,0.0101,0,20210951905
19,2021096,1455,2021,96,14,55,NA,NA,T,NA,NA,NA,NA,20210961455
20,2021096,1630,2021,96,16,30,39.0375,-76.84420565,T,0.33517,0.24248,0.017,0,20210961630
21,2021096,1635,2021,96,16,35,NA,NA,A,NA,NA,NA,NA,20210961635
22,2021096,1810,2021,96,18,10,NA,NA,A,NA,NA,NA,NA,20210961810
23,2021097,1400,2021,97,14,0,NA,NA,T,NA,NA,NA,NA,20210971400
24,2021097,1540,2021,97,15,40,39.0375,-76.88712039,T,0.32582,0.23572,0.0222,0,20210971540
25,2021097,1715,2021,97,17,15,NA,NA,A,NA,NA,NA,NA,20210971715
26,2021097,1855,2021,97,18,55,NA,NA,A,NA,NA,NA,NA,20210971855
27,2021098,1440,2021,98,14,40,NA,NA,T,NA,NA,NA,NA,20210981440
28,2021098,1620,2021,98,16,20,NA,NA,A,NA,NA,NA,NA,20210981620
29,2021098,1620,2021,98,16,20,38.97916666,-76.82373822,T,0.55833,0.40725,0.0266,0,20210981620
30,2021098,1800,2021,98,18,0,39.0375,-76.88712039,A,0.3363,0.24318,0.0297,0,20210981800
31,2021099,1525,2021,99,15,25,NA,NA,T,NA,NA,NA,NA,20210991525
32,2021099,1700,2021,99,17,0,NA,NA,T,NA,NA,NA,NA,20210991700
33,2021099,1705,2021,99,17,5,NA,NA,A,NA,NA,NA,NA,20210991705
34,2021099,1840,2021,99,18,40,NA,NA,A,NA,NA,NA,NA,20210991840
35,2021100,1430,2021,100,14,30,NA,NA,T,NA,NA,NA,NA,20211001430
36,2021100,1610,2021,100,16,10,NA,NA,T,NA,NA,NA,NA,20211001610
37,2021100,1745,2021,100,17,45,NA,NA,A,NA,NA,NA,NA,20211001745
38,2021101,1515,2021,101,15,15,38.99583333,-76.89544044,T,0.26657,0.19243,0.0118,0,20211011515
39,2021101,1650,2021,101,16,50,NA,NA,A,NA,NA,NA,NA,20211011650
40,2021101,1650,2021,101,16,50,NA,NA,T,NA,NA,NA,NA,20211011650
41,2021101,1830,2021,101,18,30,39.00416666,-76.89377396,A,0.3515,0.2545,0.028,0,20211011830
42,2021102,1420,2021,102,14,20,NA,NA,T,NA,NA,NA,NA,20211021420
43,2021102,1555,2021,102,15,55,NA,NA,T,NA,NA,NA,NA,20211021555
44,2021102,1735,2021,102,17,35,NA,NA,A,NA,NA,NA,NA,20211021735
45,2021102,1915,2021,102,19,15,NA,NA,A,NA,NA,NA,NA,20211021915
46,2021103,1500,2021,103,15,0,NA,NA,T,NA,NA,NA,NA,20211031500
47,2021103,1635,2021,103,16,35,NA,NA,T,NA,NA,NA,NA,20211031635
48,2021103,1640,2021,103,16,40,NA,NA,A,NA,NA,NA,NA,20211031640
49,2021103,1820,2021,103,18,20,NA,NA,A,NA,NA,NA,NA,20211031820
50,2021104,1405,2021,104,14,5,NA,NA,T,NA,NA,NA,NA,20211041405
51,2021104,1545,2021,104,15,45,NA,NA,T,NA,NA,NA,NA,20211041545
52,2021104,1725,2021,104,17,25,NA,NA,A,NA,NA,NA,NA,20211041725
53,2021104,1900,2021,104,19,0,NA,NA,A,NA,NA,NA,NA,20211041900
54,2021105,1450,2021,105,14,50,NA,NA,T,NA,NA,NA,NA,20211051450
55,2021105,1625,2021,105,16,25,NA,NA,A,NA,NA,NA,NA,20211051625
56,2021105,1625,2021,105,16,25,39.02916666,-76.88878193,T,0.397,0.288,0.0221,0,20211051625
57,2021105,1805,2021,105,18,5,NA,NA,A,NA,NA,NA,NA,20211051805
58,2021106,1355,2021,106,13,55,NA,NA,T,NA,NA,NA,NA,20211061355
59,2021106,1530,2021,106,15,30,NA,NA,T,NA,NA,NA,NA,20211061530
60,2021106,1710,2021,106,17,10,NA,NA,A,NA,NA,NA,NA,20211061710
61,2021106,1850,2021,106,18,50,NA,NA,A,NA,NA,NA,NA,20211061850
62,2021107,1435,2021,107,14,35,NA,NA,T,NA,NA,NA,NA,20211071435
63,2021107,1615,2021,107,16,15,NA,NA,T,NA,NA,NA,NA,20211071615
64,2021107,1755,2021,107,17,55,NA,NA,A,NA,NA,NA,NA,20211071755
65,2021108,1520,2021,108,15,20,39.0375,-76.88712039,T,0.12279,0.08804,0.0133,0,20211081520
66,2021108,1655,2021,108,16,55,39.0375,-76.88712039,T,0.12949,0.09287,0.0093,0,20211081655
67,2021108,1700,2021,108,17,0,NA,NA,A,NA,NA,NA,NA,20211081700
68,2021108,1835,2021,108,18,35,38.99583333,-76.83110625,A,0.284,0.2045,0.0234,0,20211081835
69,2021109,1425,2021,109,14,25,NA,NA,T,NA,NA,NA,NA,20211091425
70,2021109,1600,2021,109,16,0,NA,NA,T,NA,NA,NA,NA,20211091600
71,2021109,1740,2021,109,17,40,NA,NA,A,NA,NA,NA,NA,20211091740
72,2021110,1505,2021,110,15,5,NA,NA,T,NA,NA,NA,NA,20211101505
73,2021110,1645,2021,110,16,45,NA,NA,A,NA,NA,NA,NA,20211101645
74,2021110,1645,2021,110,16,45,39.0375,-76.88712039,T,0.18303,0.13136,0.0129,0,20211101645
75,2021110,1825,2021,110,18,25,39.0375,-76.88712039,A,0.18619,0.13377,0.0323,0,20211101825
76,2021111,1410,2021,111,14,10,NA,NA,T,NA,NA,NA,NA,20211111410
77,2021111,1550,2021,111,15,50,NA,NA,T,NA,NA,NA,NA,20211111550
78,2021111,1730,2021,111,17,30,NA,NA,A,NA,NA,NA,NA,20211111730
79,2021111,1905,2021,111,19,5,39.0375,-76.85493433,A,0.14609,0.10473,0.0099,0,20211111905
80,2021112,1455,2021,112,14,55,NA,NA,T,NA,NA,NA,NA,20211121455
81,2021112,1630,2021,112,16,30,NA,NA,T,NA,NA,NA,NA,20211121630
82,2021112,1635,2021,112,16,35,NA,NA,A,NA,NA,NA,NA,20211121635
83,2021112,1810,2021,112,18,10,NA,NA,A,NA,NA,NA,NA,20211121810
84,2021113,1400,2021,113,14,0,NA,NA,T,NA,NA,NA,NA,20211131400
85,2021113,1535,2021,113,15,35,39.0375,-76.88712039,T,0.21096,0.15183,0.0226,0,20211131535
86,2021113,1715,2021,113,17,15,NA,NA,A,NA,NA,NA,NA,20211131715
87,2021113,1855,2021,113,18,55,NA,NA,A,NA,NA,NA,NA,20211131855
88,2021114,1440,2021,114,14,40,NA,NA,T,NA,NA,NA,NA,20211141440
89,2021114,1620,2021,114,16,20,NA,NA,A,NA,NA,NA,NA,20211141620
90,2021114,1620,2021,114,16,20,NA,NA,T,NA,NA,NA,NA,20211141620
91,2021114,1800,2021,114,18,0,NA,NA,A,NA,NA,NA,NA,20211141800
92,2021115,1525,2021,115,15,25,NA,NA,T,NA,NA,NA,NA,20211151525
93,2021115,1700,2021,115,17,0,NA,NA,T,NA,NA,NA,NA,20211151700
94,2021115,1705,2021,115,17,5,NA,NA,A,NA,NA,NA,NA,20211151705
95,2021115,1840,2021,115,18,40,NA,NA,A,NA,NA,NA,NA,20211151840
96,2021116,1430,2021,116,14,30,NA,NA,T,NA,NA,NA,NA,20211161430
97,2021116,1610,2021,116,16,10,39.0375,-76.8763917,T,0.18365,0.13196,0.0356,0,20211161610
98,2021116,1745,2021,116,17,45,39.0375,-76.88712039,A,0.15425,0.11066,0.0206,0,20211161745
99,2021117,1515,2021,117,15,15,39.0375,-76.88712039,T,0.19757,0.14205,0.0119,0,20211171515
100,2021117,1650,2021,117,16,50,NA,NA,A,NA,NA,NA,NA,20211171650
101,2021117,1650,2021,117,16,50,39.0375,-76.88712039,T,0.17545,0.12599,0.0114,0,20211171650
102,2021117,1830,2021,117,18,30,39.0375,-76.8763917,A,0.2052,0.14765,0.0272,0,20211171830
103,2021118,1415,2021,118,14,15,NA,NA,T,NA,NA,NA,NA,20211181415
104,2021118,1555,2021,118,15,55,39.0375,-76.88712039,T,0.54797,0.39921,0.0341,0,20211181555
105,2021118,1735,2021,118,17,35,NA,NA,A,NA,NA,NA,NA,20211181735
106,2021118,1915,2021,118,19,15,NA,NA,A,NA,NA,NA,NA,20211181915
107,2021119,1500,2021,119,15,0,NA,NA,T,NA,NA,NA,NA,20211191500
108,2021119,1635,2021,119,16,35,NA,NA,T,NA,NA,NA,NA,20211191635
109,2021119,1640,2021,119,16,40,NA,NA,A,NA,NA,NA,NA,20211191640
110,2021119,1820,2021,119,18,20,NA,NA,A,NA,NA,NA,NA,20211191820
111,2021120,1405,2021,120,14,5,NA,NA,T,NA,NA,NA,NA,20211201405
112,2021120,1545,2021,120,15,45,NA,NA,T,NA,NA,NA,NA,20211201545
113,2021120,1725,2021,120,17,25,39.0375,-76.88712039,A,0.24567,0.17689,0.0104,0,20211201725
114,2021120,1900,2021,120,19,0,39.0125,-76.89210872,A,0.274,0.198,0.0126,0,20211201900
115,2021121,1450,2021,121,14,50,NA,NA,T,NA,NA,NA,NA,20211211450
116,2021121,1625,2021,121,16,25,NA,NA,A,NA,NA,NA,NA,20211211625
117,2021121,1625,2021,121,16,25,39.0375,-76.88712039,T,0.13807,0.099,0.0234,0,20211211625
118,2021121,1805,2021,121,18,5,39.0375,-76.88712039,A,0.0872,0.0625,0.0335,0,20211211805
119,2021122,1355,2021,122,13,55,NA,NA,T,NA,NA,NA,NA,20211221355
120,2021122,1530,2021,122,15,30,NA,NA,T,NA,NA,NA,NA,20211221530
121,2021122,1710,2021,122,17,10,NA,NA,A,NA,NA,NA,NA,20211221710
122,2021122,1850,2021,122,18,50,39.0375,-76.82274828,A,0.18278,0.13126,0.0161,0,20211221850
123,2021123,1435,2021,123,14,35,NA,NA,T,NA,NA,NA,NA,20211231435
124,2021123,1615,2021,123,16,15,NA,NA,T,NA,NA,NA,NA,20211231615
125,2021123,1755,2021,123,17,55,NA,NA,A,NA,NA,NA,NA,20211231755
126,2021124,1520,2021,124,15,20,NA,NA,T,NA,NA,NA,NA,20211241520
127,2021124,1655,2021,124,16,55,NA,NA,T,NA,NA,NA,NA,20211241655
128,2021124,1700,2021,124,17,0,NA,NA,A,NA,NA,NA,NA,20211241700
129,2021124,1835,2021,124,18,35,NA,NA,A,NA,NA,NA,NA,20211241835
130,2021125,1425,2021,125,14,25,NA,NA,T,NA,NA,NA,NA,20211251425
131,2021125,1600,2021,125,16,0,NA,NA,T,NA,NA,NA,NA,20211251600
132,2021125,1740,2021,125,17,40,39.0375,-76.83347696,A,0.258,0.186,0.0174,0,20211251740
133,2021126,1505,2021,126,15,5,NA,NA,T,NA,NA,NA,NA,20211261505
134,2021126,1645,2021,126,16,45,NA,NA,A,NA,NA,NA,NA,20211261645
135,2021126,1645,2021,126,16,45,39.0375,-76.83347696,T,0.16754,0.12031,0.0136,0,20211261645
136,2021126,1825,2021,126,18,25,38.97916666,-76.86661758,A,0.3585,0.2595,0.0351,0,20211261825
137,2021127,1410,2021,127,14,10,NA,NA,T,NA,NA,NA,NA,20211271410
138,2021127,1550,2021,127,15,50,NA,NA,T,NA,NA,NA,NA,20211271550
139,2021127,1730,2021,127,17,30,NA,NA,A,NA,NA,NA,NA,20211271730
140,2021127,1905,2021,127,19,5,NA,NA,A,NA,NA,NA,NA,20211271905
141,2021128,1455,2021,128,14,55,NA,NA,T,NA,NA,NA,NA,20211281455
142,2021128,1630,2021,128,16,30,NA,NA,T,NA,NA,NA,NA,20211281630
143,2021128,1635,2021,128,16,35,NA,NA,A,NA,NA,NA,NA,20211281635
144,2021128,1810,2021,128,18,10,39.0375,-76.79056222,A,0.3035,0.2195,0.0341,0,20211281810
145,2021129,1400,2021,129,14,0,NA,NA,T,NA,NA,NA,NA,20211291400
146,2021129,1535,2021,129,15,35,NA,NA,T,NA,NA,NA,NA,20211291535
147,2021129,1715,2021,129,17,15,NA,NA,A,NA,NA,NA,NA,20211291715
148,2021129,1855,2021,129,18,55,NA,NA,A,NA,NA,NA,NA,20211291855
149,2021130,1440,2021,130,14,40,NA,NA,T,NA,NA,NA,NA,20211301440
150,2021130,1620,2021,130,16,20,NA,NA,A,NA,NA,NA,NA,20211301620
151,2021130,1620,2021,130,16,20,39.0375,-76.88712039,T,0.21504,0.15473,0.0308,0,20211301620
152,2021130,1800,2021,130,18,0,39.0375,-76.88712039,A,0.19079,0.13712,0.0326,0,20211301800
153,2021131,1525,2021,131,15,25,39.0375,-76.88712039,T,0.20909,0.15046,0.017,0,20211311525
154,2021131,1700,2021,131,17,0,NA,NA,T,NA,NA,NA,NA,20211311700
155,2021131,1705,2021,131,17,5,NA,NA,A,NA,NA,NA,NA,20211311705
156,2021131,1840,2021,131,18,40,NA,NA,A,NA,NA,NA,NA,20211311840
157,2021132,1430,2021,132,14,30,NA,NA,T,NA,NA,NA,NA,20211321430
158,2021132,1610,2021,132,16,10,NA,NA,T,NA,NA,NA,NA,20211321610
159,2021132,1745,2021,132,17,45,NA,NA,A,NA,NA,NA,NA,20211321745
160,2021133,1515,2021,133,15,15,39.0375,-76.88712039,T,0.12081,0.08664,0.0125,0,20211331515
161,2021133,1650,2021,133,16,50,NA,NA,A,NA,NA,NA,NA,20211331650
162,2021133,1650,2021,133,16,50,39.0375,-76.88712039,T,0.14515,0.10406,0.0123,0,20211331650
163,2021133,1830,2021,133,18,30,NA,NA,A,NA,NA,NA,NA,20211331830
164,2021134,1415,2021,134,14,15,NA,NA,T,NA,NA,NA,NA,20211341415
165,2021134,1555,2021,134,15,55,NA,NA,T,NA,NA,NA,NA,20211341555
166,2021134,1735,2021,134,17,35,NA,NA,A,NA,NA,NA,NA,20211341735
167,2021134,1915,2021,134,19,15,NA,NA,A,NA,NA,NA,NA,20211341915
168,2021135,1500,2021,135,15,0,NA,NA,T,NA,NA,NA,NA,20211351500
169,2021135,1635,2021,135,16,35,NA,NA,T,NA,NA,NA,NA,20211351635
170,2021135,1640,2021,135,16,40,NA,NA,A,NA,NA,NA,NA,20211351640
171,2021135,1820,2021,135,18,20,NA,NA,A,NA,NA,NA,NA,20211351820
172,2021136,1405,2021,136,14,5,NA,NA,T,NA,NA,NA,NA,20211361405
173,2021136,1545,2021,136,15,45,39.0375,-76.82274828,T,0.31619,0.22846,0.0253,0,20211361545
174,2021136,1725,2021,136,17,25,NA,NA,A,NA,NA,NA,NA,20211361725
175,2021136,1900,2021,136,19,0,NA,NA,A,NA,NA,NA,NA,20211361900
176,2021137,1450,2021,137,14,50,NA,NA,T,NA,NA,NA,NA,20211371450
177,2021137,1625,2021,137,16,25,NA,NA,A,NA,NA,NA,NA,20211371625
178,2021137,1625,2021,137,16,25,NA,NA,T,NA,NA,NA,NA,20211371625
179,2021137,1805,2021,137,18,5,NA,NA,A,NA,NA,NA,NA,20211371805
180,2021138,1350,2021,138,13,50,NA,NA,T,NA,NA,NA,NA,20211381350
181,2021138,1530,2021,138,15,30,39.0375,-76.8763917,T,0.2191,0.15783,0.0195,0,20211381530
182,2021138,1710,2021,138,17,10,NA,NA,A,NA,NA,NA,NA,20211381710
183,2021138,1850,2021,138,18,50,38.97916666,-76.87733742,A,0.30967,0.22367,0.0181,0,20211381850
184,2021139,1435,2021,139,14,35,NA,NA,T,NA,NA,NA,NA,20211391435
185,2021139,1615,2021,139,16,15,39.0375,-76.88712039,T,0.2668,0.19239,0.0363,0,20211391615
186,2021139,1755,2021,139,17,55,39.0125,-76.87065893,A,0.279,0.20125,0.0266,0,20211391755
187,2021140,1520,2021,140,15,20,39.0375,-76.88712039,T,0.39974,0.28964,0.0141,0,20211401520
188,2021140,1655,2021,140,16,55,39.0375,-76.88712039,T,0.32426,0.23449,0.0111,0,20211401655
189,2021140,1700,2021,140,17,0,NA,NA,A,NA,NA,NA,NA,20211401700
190,2021140,1835,2021,140,18,35,39.0375,-76.85493433,A,0.34175,0.2472,0.0232,0,20211401835
191,2021141,1425,2021,141,14,25,NA,NA,T,NA,NA,NA,NA,20211411425
192,2021141,1600,2021,141,16,0,39.0375,-76.88712039,T,0.26367,0.19018,0.0414,0,20211411600
193,2021141,1740,2021,141,17,40,39.0375,-76.88712039,A,0.22304,0.16064,0.0199,0,20211411740
194,2021142,1505,2021,142,15,5,NA,NA,T,NA,NA,NA,NA,20211421505
195,2021142,1640,2021,142,16,40,NA,NA,T,NA,NA,NA,NA,20211421640
196,2021142,1645,2021,142,16,45,NA,NA,A,NA,NA,NA,NA,20211421645
197,2021142,1825,2021,142,18,25,NA,NA,A,NA,NA,NA,NA,20211421825
198,2021143,1410,2021,143,14,10,NA,NA,T,NA,NA,NA,NA,20211431410
199,2021143,1550,2021,143,15,50,39.0375,-76.79056222,T,0.33952,0.2456,0.0285,0,20211431550
200,2021143,1730,2021,143,17,30,39.00416666,-76.78653768,A,0.32433,0.23467,0.0129,0,20211431730
201,2021143,1905,2021,143,19,5,NA,NA,A,NA,NA,NA,NA,20211431905
202,2021144,1455,2021,144,14,55,NA,NA,T,NA,NA,NA,NA,20211441455
203,2021144,1630,2021,144,16,30,NA,NA,T,NA,NA,NA,NA,20211441630
204,2021144,1635,2021,144,16,35,NA,NA,A,NA,NA,NA,NA,20211441635
205,2021144,1810,2021,144,18,10,NA,NA,A,NA,NA,NA,NA,20211441810
206,2021145,1400,2021,145,14,0,NA,NA,T,NA,NA,NA,NA,20211451400
207,2021145,1535,2021,145,15,35,NA,NA,T,NA,NA,NA,NA,20211451535
208,2021145,1715,2021,145,17,15,NA,NA,A,NA,NA,NA,NA,20211451715
209,2021145,1855,2021,145,18,55,39.0375,-76.88712039,A,0.56778,0.41467,0.0156,0,20211451855
210,2021146,1440,2021,146,14,40,NA,NA,T,NA,NA,NA,NA,20211461440
211,2021146,1620,2021,146,16,20,NA,NA,A,NA,NA,NA,NA,20211461620
212,2021146,1620,2021,146,16,20,39.0375,-76.88712039,T,0.5224,0.37967,0.0338,0,20211461620
213,2021146,1800,2021,146,18,0,39.0375,-76.88712039,A,0.43448,0.31534,0.0331,0,20211461800
214,2021147,1525,2021,147,15,25,NA,NA,T,NA,NA,NA,NA,20211471525
215,2021147,1700,2021,147,17,0,NA,NA,T,NA,NA,NA,NA,20211471700
216,2021147,1705,2021,147,17,5,NA,NA,A,NA,NA,NA,NA,20211471705
217,2021147,1840,2021,147,18,40,38.95416666,-76.87164317,A,0.301,0.218,0.0231,0,20211471840
218,2021148,1430,2021,148,14,30,NA,NA,T,NA,NA,NA,NA,20211481430
219,2021148,1605,2021,148,16,5,NA,NA,T,NA,NA,NA,NA,20211481605
220,2021148,1745,2021,148,17,45,NA,NA,A,NA,NA,NA,NA,20211481745
221,2021149,1510,2021,149,15,10,NA,NA,T,NA,NA,NA,NA,20211491510
222,2021149,1650,2021,149,16,50,NA,NA,A,NA,NA,NA,NA,20211491650
223,2021149,1650,2021,149,16,50,NA,NA,T,NA,NA,NA,NA,20211491650
224,2021149,1830,2021,149,18,30,NA,NA,A,NA,NA,NA,NA,20211491830
225,2021150,1415,2021,150,14,15,NA,NA,T,NA,NA,NA,NA,20211501415
226,2021150,1555,2021,150,15,55,NA,NA,T,NA,NA,NA,NA,20211501555
227,2021150,1735,2021,150,17,35,NA,NA,A,NA,NA,NA,NA,20211501735
228,2021150,1915,2021,150,19,15,NA,NA,A,NA,NA,NA,NA,20211501915
229,2021151,1500,2021,151,15,0,NA,NA,T,NA,NA,NA,NA,20211511500
230,2021151,1635,2021,151,16,35,NA,NA,T,NA,NA,NA,NA,20211511635
231,2021151,1640,2021,151,16,40,NA,NA,A,NA,NA,NA,NA,20211511640
232,2021151,1820,2021,151,18,20,38.97916666,-76.8451779,A,0.30275,0.21887,0.0395,0,20211511820
233,2021152,1405,2021,152,14,5,NA,NA,T,NA,NA,NA,NA,20211521405
234,2021152,1545,2021,152,15,45,NA,NA,T,NA,NA,NA,NA,20211521545
235,2021152,1725,2021,152,17,25,NA,NA,A,NA,NA,NA,NA,20211521725
236,2021152,1900,2021,152,19,0,NA,NA,A,NA,NA,NA,NA,20211521900
237,2021153,1450,2021,153,14,50,NA,NA,T,NA,NA,NA,NA,20211531450
238,2021153,1625,2021,153,16,25,NA,NA,A,NA,NA,NA,NA,20211531625
239,2021153,1625,2021,153,16,25,NA,NA,T,NA,NA,NA,NA,20211531625
240,2021153,1805,2021,153,18,5,NA,NA,A,NA,NA,NA,NA,20211531805
241,2021154,1350,2021,154,13,50,NA,NA,T,NA,NA,NA,NA,20211541350
242,2021154,1530,2021,154,15,30,NA,NA,T,NA,NA,NA,NA,20211541530
243,2021154,1710,2021,154,17,10,NA,NA,A,NA,NA,NA,NA,20211541710
244,2021154,1850,2021,154,18,50,NA,NA,A,NA,NA,NA,NA,20211541850
245,2021155,1435,2021,155,14,35,NA,NA,T,NA,NA,NA,NA,20211551435
246,2021155,1615,2021,155,16,15,NA,NA,T,NA,NA,NA,NA,20211551615
247,2021155,1755,2021,155,17,55,39.0375,-76.88712039,A,0.26083,0.18804,0.029,0,20211551755
248,2021156,1520,2021,156,15,20,39.0375,-76.88712039,T,0.23992,0.17285,0.0154,0,20211561520
249,2021156,1655,2021,156,16,55,39.0375,-76.88712039,T,0.21525,0.15505,0.0114,0,20211561655
250,2021156,1700,2021,156,17,0,NA,NA,A,NA,NA,NA,NA,20211561700
251,2021156,1835,2021,156,18,35,39.0375,-76.88712039,A,0.25026,0.18027,0.0264,0,20211561835
252,2021157,1425,2021,157,14,25,NA,NA,T,NA,NA,NA,NA,20211571425
253,2021157,1600,2021,157,16,0,39.0375,-76.88712039,T,0.25034,0.18039,0.0381,0,20211571600
254,2021157,1740,2021,157,17,40,39.0375,-76.84420565,A,0.423,0.307,0.019,0,20211571740
255,2021158,1505,2021,158,15,5,NA,NA,T,NA,NA,NA,NA,20211581505
256,2021158,1640,2021,158,16,40,NA,NA,T,NA,NA,NA,NA,20211581640
257,2021158,1645,2021,158,16,45,NA,NA,A,NA,NA,NA,NA,20211581645
258,2021158,1825,2021,158,18,25,NA,NA,A,NA,NA,NA,NA,20211581825
259,2021159,1410,2021,159,14,10,NA,NA,T,NA,NA,NA,NA,20211591410
260,2021159,1550,2021,159,15,50,NA,NA,T,NA,NA,NA,NA,20211591550
261,2021159,1730,2021,159,17,30,NA,NA,A,NA,NA,NA,NA,20211591730
262,2021159,1905,2021,159,19,5,NA,NA,A,NA,NA,NA,NA,20211591905
263,2021160,1455,2021,160,14,55,NA,NA,T,NA,NA,NA,NA,20211601455
264,2021160,1630,2021,160,16,30,NA,NA,T,NA,NA,NA,NA,20211601630
265,2021160,1635,2021,160,16,35,NA,NA,A,NA,NA,NA,NA,20211601635
266,2021160,1810,2021,160,18,10,NA,NA,A,NA,NA,NA,NA,20211601810
267,2021161,1400,2021,161,14,0,NA,NA,T,NA,NA,NA,NA,20211611400
268,2021161,1535,2021,161,15,35,39.02083333,-76.89044471,T,0.307,0.22167,0.0251,0,20211611535
269,2021161,1715,2021,161,17,15,NA,NA,A,NA,NA,NA,NA,20211611715
270,2021161,1855,2021,161,18,55,NA,NA,A,NA,NA,NA,NA,20211611855
271,2021162,1440,2021,162,14,40,NA,NA,T,NA,NA,NA,NA,20211621440
272,2021162,1620,2021,162,16,20,NA,NA,A,NA,NA,NA,NA,20211621620
273,2021162,1620,2021,162,16,20,NA,NA,T,NA,NA,NA,NA,20211621620
274,2021162,1800,2021,162,18,0,NA,NA,A,NA,NA,NA,NA,20211621800
275,2021163,1525,2021,163,15,25,NA,NA,T,NA,NA,NA,NA,20211631525
276,2021163,1700,2021,163,17,0,NA,NA,T,NA,NA,NA,NA,20211631700
277,2021163,1705,2021,163,17,5,NA,NA,A,NA,NA,NA,NA,20211631705
278,2021163,1840,2021,163,18,40,NA,NA,A,NA,NA,NA,NA,20211631840
279,2021164,1430,2021,164,14,30,NA,NA,T,NA,NA,NA,NA,20211641430
280,2021164,1605,2021,164,16,5,NA,NA,T,NA,NA,NA,NA,20211641605
281,2021164,1745,2021,164,17,45,NA,NA,A,NA,NA,NA,NA,20211641745
282,2021165,1510,2021,165,15,10,NA,NA,T,NA,NA,NA,NA,20211651510
283,2021165,1650,2021,165,16,50,NA,NA,A,NA,NA,NA,NA,20211651650
284,2021165,1650,2021,165,16,50,38.95416666,-76.78591471,T,0.508,0.369,0.0126,0,20211651650
285,2021165,1830,2021,165,18,30,NA,NA,A,NA,NA,NA,NA,20211651830
286,2021166,1415,2021,166,14,15,NA,NA,T,NA,NA,NA,NA,20211661415
287,2021166,1555,2021,166,15,55,39.0375,-76.83347696,T,0.27586,0.19914,0.0338,0,20211661555
288,2021166,1735,2021,166,17,35,NA,NA,A,NA,NA,NA,NA,20211661735
289,2021166,1915,2021,166,19,15,NA,NA,A,NA,NA,NA,NA,20211661915
290,2021167,1500,2021,167,15,0,NA,NA,T,NA,NA,NA,NA,20211671500
291,2021167,1635,2021,167,16,35,39.0375,-76.88712039,T,0.12715,0.09119,0.0186,0,20211671635
292,2021167,1640,2021,167,16,40,NA,NA,A,NA,NA,NA,NA,20211671640
293,2021167,1820,2021,167,18,20,39.0375,-76.80129091,A,0.2071,0.149,0.0333,0,20211671820
294,2021168,1405,2021,168,14,5,NA,NA,T,NA,NA,NA,NA,20211681405
295,2021168,1545,2021,168,15,45,39.0375,-76.88712039,T,0.12203,0.08756,0.0297,0,20211681545
296,2021168,1725,2021,168,17,25,39.0375,-76.88712039,A,0.10681,0.07655,0.0124,0,20211681725
297,2021168,1900,2021,168,19,0,39.0375,-76.88712039,A,0.09381,0.06716,0.0149,0,20211681900
298,2021169,1445,2021,169,14,45,NA,NA,T,NA,NA,NA,NA,20211691445
299,2021169,1625,2021,169,16,25,NA,NA,A,NA,NA,NA,NA,20211691625
300,2021169,1625,2021,169,16,25,39.0375,-76.88712039,T,0.26243,0.18908,0.0271,0,20211691625
301,2021169,1805,2021,169,18,5,NA,NA,A,NA,NA,NA,NA,20211691805
302,2021170,1350,2021,170,13,50,NA,NA,T,NA,NA,NA,NA,20211701350
303,2021170,1530,2021,170,15,30,NA,NA,T,NA,NA,NA,NA,20211701530
304,2021170,1710,2021,170,17,10,NA,NA,A,NA,NA,NA,NA,20211701710
305,2021170,1850,2021,170,18,50,NA,NA,A,NA,NA,NA,NA,20211701850
306,2021171,1435,2021,171,14,35,NA,NA,T,NA,NA,NA,NA,20211711435
307,2021171,1615,2021,171,16,15,38.97083333,-76.8897287,T,0.53767,0.391,0.0363,0,20211711615
308,2021171,1755,2021,171,17,55,NA,NA,A,NA,NA,NA,NA,20211711755
309,2021172,1520,2021,172,15,20,39.02916666,-76.88878193,T,0.37367,0.27033,0.0143,0,20211721520
310,2021172,1655,2021,172,16,55,NA,NA,T,NA,NA,NA,NA,20211721655
311,2021172,1700,2021,172,17,0,NA,NA,A,NA,NA,NA,NA,20211721700
312,2021172,1835,2021,172,18,35,NA,NA,A,NA,NA,NA,NA,20211721835
313,2021173,1425,2021,173,14,25,NA,NA,T,NA,NA,NA,NA,20211731425
314,2021173,1600,2021,173,16,0,NA,NA,T,NA,NA,NA,NA,20211731600
315,2021173,1740,2021,173,17,40,NA,NA,A,NA,NA,NA,NA,20211731740
316,2021174,1505,2021,174,15,5,NA,NA,T,NA,NA,NA,NA,20211741505
317,2021174,1640,2021,174,16,40,39.0375,-76.88712039,T,0.12477,0.08952,0.0154,0,20211741640
318,2021174,1645,2021,174,16,45,NA,NA,A,NA,NA,NA,NA,20211741645
319,2021174,1825,2021,174,18,25,NA,NA,A,NA,NA,NA,NA,20211741825
320,2021175,1410,2021,175,14,10,NA,NA,T,NA,NA,NA,NA,20211751410
321,2021175,1550,2021,175,15,50,NA,NA,T,NA,NA,NA,NA,20211751550
322,2021175,1730,2021,175,17,30,NA,NA,A,NA,NA,NA,NA,20211751730
323,2021175,1905,2021,175,19,5,39.02916666,-76.88878193,A,0.19939,0.14326,0.0128,0,20211751905
324,2021176,1455,2021,176,14,55,NA,NA,T,NA,NA,NA,NA,20211761455
325,2021176,1630,2021,176,16,30,NA,NA,T,NA,NA,NA,NA,20211761630
326,2021176,1635,2021,176,16,35,NA,NA,A,NA,NA,NA,NA,20211761635
327,2021176,1810,2021,176,18,10,NA,NA,A,NA,NA,NA,NA,20211761810
328,2021177,1400,2021,177,14,0,NA,NA,T,NA,NA,NA,NA,20211771400
329,2021177,1535,2021,177,15,35,NA,NA,T,NA,NA,NA,NA,20211771535
330,2021177,1715,2021,177,17,15,NA,NA,A,NA,NA,NA,NA,20211771715
331,2021177,1855,2021,177,18,55,NA,NA,A,NA,NA,NA,NA,20211771855
332,2021178,1440,2021,178,14,40,NA,NA,T,NA,NA,NA,NA,20211781440
333,2021178,1620,2021,178,16,20,NA,NA,A,NA,NA,NA,NA,20211781620
334,2021178,1620,2021,178,16,20,NA,NA,T,NA,NA,NA,NA,20211781620
335,2021178,1800,2021,178,18,0,NA,NA,A,NA,NA,NA,NA,20211781800
336,2021179,1525,2021,179,15,25,39.0375,-76.88712039,T,0.18349,0.13174,0.0179,0,20211791525
337,2021179,1700,2021,179,17,0,NA,NA,T,NA,NA,NA,NA,20211791700
338,2021179,1705,2021,179,17,5,NA,NA,A,NA,NA,NA,NA,20211791705
339,2021179,1840,2021,179,18,40,NA,NA,A,NA,NA,NA,NA,20211791840
340,2021180,1430,2021,180,14,30,NA,NA,T,NA,NA,NA,NA,20211801430
341,2021180,1605,2021,180,16,5,39.02083333,-76.83681393,T,0.28008,0.20192,0.0356,0,20211801605
342,2021180,1745,2021,180,17,45,39.0375,-76.86566302,A,0.23919,0.17231,0.0231,0,20211801745
343,2021181,1510,2021,181,15,10,39.0375,-76.88712039,T,0.15667,0.11233,0.0125,0,20211811510
344,2021181,1650,2021,181,16,50,NA,NA,A,NA,NA,NA,NA,20211811650
345,2021181,1650,2021,181,16,50,39.0375,-76.84420565,T,0.20998,0.15111,0.0123,0,20211811650
346,2021181,1830,2021,181,18,30,NA,NA,A,NA,NA,NA,NA,20211811830
1,2021182,1415,2021,182,14,15,NA,NA,T,NA,NA,NA,NA,20211821415
2,2021182,1555,2021,182,15,55,NA,NA,T,NA,NA,NA,NA,20211821555
3,2021182,1735,2021,182,17,35,NA,NA,A,NA,NA,NA,NA,20211821735
4,2021182,1915,2021,182,19,15,NA,NA,A,NA,NA,NA,NA,20211821915
5,2021183,1500,2021,183,15,0,NA,NA,T,NA,NA,NA,NA,20211831500
6,2021183,1635,2021,183,16,35,NA,NA,T,NA,NA,NA,NA,20211831635
7,2021183,1640,2021,183,16,40,NA,NA,A,NA,NA,NA,NA,20211831640
8,2021183,1820,2021,183,18,20,NA,NA,A,NA,NA,NA,NA,20211831820
9,2021184,1405,2021,184,14,5,NA,NA,T,NA,NA,NA,NA,20211841405
10,2021184,1540,2021,184,15,40,NA,NA,T,NA,NA,NA,NA,20211841540
11,2021184,1725,2021,184,17,25,NA,NA,A,NA,NA,NA,NA,20211841725
12,2021184,1900,2021,184,19,0,NA,NA,A,NA,NA,NA,NA,20211841900
13,2021185,1445,2021,185,14,45,NA,NA,T,NA,NA,NA,NA,20211851445
14,2021185,1625,2021,185,16,25,NA,NA,A,NA,NA,NA,NA,20211851625
15,2021185,1625,2021,185,16,25,NA,NA,T,NA,NA,NA,NA,20211851625
16,2021185,1805,2021,185,18,5,NA,NA,A,NA,NA,NA,NA,20211851805
17,2021186,1350,2021,186,13,50,NA,NA,T,NA,NA,NA,NA,20211861350
18,2021186,1530,2021,186,15,30,39.0375,-76.88712039,T,0.38141,0.27611,0.0198,0,20211861530
19,2021186,1710,2021,186,17,10,NA,NA,A,NA,NA,NA,NA,20211861710
20,2021186,1850,2021,186,18,50,NA,NA,A,NA,NA,NA,NA,20211861850
21,2021187,1435,2021,187,14,35,NA,NA,T,NA,NA,NA,NA,20211871435
22,2021187,1615,2021,187,16,15,39.0375,-76.8763917,T,0.75694,0.55494,0.0355,0,20211871615
23,2021187,1755,2021,187,17,55,NA,NA,A,NA,NA,NA,NA,20211871755
24,2021188,1520,2021,188,15,20,39.0375,-76.88712039,T,0.63277,0.46218,0.0144,0,20211881520
25,2021188,1655,2021,188,16,55,NA,NA,T,NA,NA,NA,NA,20211881655
26,2021188,1700,2021,188,17,0,NA,NA,A,NA,NA,NA,NA,20211881700
27,2021188,1835,2021,188,18,35,NA,NA,A,NA,NA,NA,NA,20211881835
28,2021189,1420,2021,189,14,20,NA,NA,T,NA,NA,NA,NA,20211891420
29,2021189,1600,2021,189,16,0,NA,NA,T,NA,NA,NA,NA,20211891600
30,2021189,1740,2021,189,17,40,NA,NA,A,NA,NA,NA,NA,20211891740
31,2021190,1505,2021,190,15,5,NA,NA,T,NA,NA,NA,NA,20211901505
32,2021190,1640,2021,190,16,40,NA,NA,T,NA,NA,NA,NA,20211901640
33,2021190,1645,2021,190,16,45,NA,NA,A,NA,NA,NA,NA,20211901645
34,2021190,1825,2021,190,18,25,NA,NA,A,NA,NA,NA,NA,20211901825
35,2021191,1410,2021,191,14,10,NA,NA,T,NA,NA,NA,NA,20211911410
36,2021191,1550,2021,191,15,50,NA,NA,T,NA,NA,NA,NA,20211911550
37,2021191,1730,2021,191,17,30,NA,NA,A,NA,NA,NA,NA,20211911730
38,2021191,1905,2021,191,19,5,NA,NA,A,NA,NA,NA,NA,20211911905
39,2021192,1455,2021,192,14,55,NA,NA,T,NA,NA,NA,NA,20211921455
40,2021192,1630,2021,192,16,30,NA,NA,T,NA,NA,NA,NA,20211921630
41,2021192,1635,2021,192,16,35,NA,NA,A,NA,NA,NA,NA,20211921635
42,2021192,1810,2021,192,18,10,NA,NA,A,NA,NA,NA,NA,20211921810
43,2021193,1400,2021,193,14,0,NA,NA,T,NA,NA,NA,NA,20211931400
44,2021193,1535,2021,193,15,35,38.9875,-76.85422374,T,0.3778,0.2734,0.0257,0,20211931535
45,2021193,1715,2021,193,17,15,NA,NA,A,NA,NA,NA,NA,20211931715
46,2021193,1855,2021,193,18,55,NA,NA,A,NA,NA,NA,NA,20211931855
47,2021194,1440,2021,194,14,40,NA,NA,T,NA,NA,NA,NA,20211941440
48,2021194,1620,2021,194,16,20,NA,NA,A,NA,NA,NA,NA,20211941620
49,2021194,1620,2021,194,16,20,NA,NA,T,NA,NA,NA,NA,20211941620
50,2021194,1800,2021,194,18,0,38.97916666,-76.7915787,A,0.27362,0.19723,0.0332,0,20211941800
51,2021195,1525,2021,195,15,25,39.0375,-76.88712039,T,0.21985,0.15827,0.0166,0,20211951525
52,2021195,1700,2021,195,17,0,NA,NA,T,NA,NA,NA,NA,20211951700
53,2021195,1705,2021,195,17,5,NA,NA,A,NA,NA,NA,NA,20211951705
54,2021195,1840,2021,195,18,40,NA,NA,A,NA,NA,NA,NA,20211951840
55,2021196,1430,2021,196,14,30,NA,NA,T,NA,NA,NA,NA,20211961430
56,2021196,1605,2021,196,16,5,NA,NA,T,NA,NA,NA,NA,20211961605
57,2021196,1745,2021,196,17,45,NA,NA,A,NA,NA,NA,NA,20211961745
58,2021197,1510,2021,197,15,10,39.0375,-76.86566302,T,0.25425,0.18323,0.0121,0,20211971510
59,2021197,1645,2021,197,16,45,NA,NA,T,NA,NA,NA,NA,20211971645
60,2021197,1650,2021,197,16,50,NA,NA,A,NA,NA,NA,NA,20211971650
61,2021197,1830,2021,197,18,30,NA,NA,A,NA,NA,NA,NA,20211971830
62,2021198,1415,2021,198,14,15,NA,NA,T,NA,NA,NA,NA,20211981415
63,2021198,1555,2021,198,15,55,39.0375,-76.86566302,T,0.38066,0.27572,0.0319,0,20211981555
64,2021198,1735,2021,198,17,35,NA,NA,A,NA,NA,NA,NA,20211981735
65,2021198,1915,2021,198,19,15,NA,NA,A,NA,NA,NA,NA,20211981915
66,2021199,1500,2021,199,15,0,NA,NA,T,NA,NA,NA,NA,20211991500
67,2021199,1635,2021,199,16,35,NA,NA,T,NA,NA,NA,NA,20211991635
68,2021199,1640,2021,199,16,40,NA,NA,A,NA,NA,NA,NA,20211991640
69,2021199,1820,2021,199,18,20,NA,NA,A,NA,NA,NA,NA,20211991820
70,2021200,1405,2021,200,14,5,NA,NA,T,NA,NA,NA,NA,20212001405
71,2021200,1540,2021,200,15,40,NA,NA,T,NA,NA,NA,NA,20212001540
72,2021200,1725,2021,200,17,25,NA,NA,A,NA,NA,NA,NA,20212001725
73,2021200,1900,2021,200,19,0,NA,NA,A,NA,NA,NA,NA,20212001900
74,2021201,1445,2021,201,14,45,NA,NA,T,NA,NA,NA,NA,20212011445
75,2021201,1625,2021,201,16,25,NA,NA,A,NA,NA,NA,NA,20212011625
76,2021201,1625,2021,201,16,25,39.00416666,-76.78653768,T,1.15533,0.85633,0.0242,0,20212011625
77,2021201,1805,2021,201,18,5,NA,NA,A,NA,NA,NA,NA,20212011805
78,2021202,1350,2021,202,13,50,NA,NA,T,NA,NA,NA,NA,20212021350
79,2021202,1530,2021,202,15,30,NA,NA,T,NA,NA,NA,NA,20212021530
80,2021202,1710,2021,202,17,10,NA,NA,A,NA,NA,NA,NA,20212021710
81,2021202,1850,2021,202,18,50,NA,NA,A,NA,NA,NA,NA,20212021850
82,2021203,1435,2021,203,14,35,NA,NA,T,NA,NA,NA,NA,20212031435
83,2021203,1610,2021,203,16,10,39.0375,-76.86566302,T,0.55941,0.40747,0.0323,0,20212031610
84,2021203,1755,2021,203,17,55,NA,NA,A,NA,NA,NA,NA,20212031755
85,2021204,1515,2021,204,15,15,39.0375,-76.79056222,T,0.32584,0.23555,0.0131,0,20212041515
86,2021204,1655,2021,204,16,55,39.0125,-76.79558469,T,0.423,0.30716,0.01,0,20212041655
87,2021204,1700,2021,204,17,0,NA,NA,A,NA,NA,NA,NA,20212041700
88,2021204,1835,2021,204,18,35,39.02083333,-76.89044471,A,0.37379,0.2705,0.0248,0,20212041835
89,2021205,1420,2021,205,14,20,NA,NA,T,NA,NA,NA,NA,20212051420
90,2021205,1600,2021,205,16,0,39.0375,-76.84420565,T,0.4522,0.32834,0.0368,0,20212051600
91,2021205,1740,2021,205,17,40,NA,NA,A,NA,NA,NA,NA,20212051740
92,2021206,1505,2021,206,15,5,NA,NA,T,NA,NA,NA,NA,20212061505
93,2021206,1640,2021,206,16,40,NA,NA,T,NA,NA,NA,NA,20212061640
94,2021206,1645,2021,206,16,45,NA,NA,A,NA,NA,NA,NA,20212061645
95,2021206,1825,2021,206,18,25,NA,NA,A,NA,NA,NA,NA,20212061825
96,2021207,1410,2021,207,14,10,NA,NA,T,NA,NA,NA,NA,20212071410
97,2021207,1550,2021,207,15,50,NA,NA,T,NA,NA,NA,NA,20212071550
98,2021207,1730,2021,207,17,30,NA,NA,A,NA,NA,NA,NA,20212071730
99,2021207,1905,2021,207,19,5,39.0375,-76.83347696,A,0.416,0.302,0.0111,0,20212071905
100,2021208,1455,2021,208,14,55,NA,NA,T,NA,NA,NA,NA,20212081455
101,2021208,1630,2021,208,16,30,39.0375,-76.88712039,T,0.55778,0.40644,0.0215,0,20212081630
102,2021208,1635,2021,208,16,35,NA,NA,A,NA,NA,NA,NA,20212081635
103,2021208,1810,2021,208,18,10,NA,NA,A,NA,NA,NA,NA,20212081810
104,2021209,1355,2021,209,13,55,NA,NA,T,NA,NA,NA,NA,20212091355
105,2021209,1535,2021,209,15,35,39.0375,-76.88712039,T,0.5329,0.38802,0.023,0,20212091535
106,2021209,1715,2021,209,17,15,NA,NA,A,NA,NA,NA,NA,20212091715
107,2021209,1855,2021,209,18,55,39.0375,-76.88712039,A,0.58785,0.42933,0.0157,0,20212091855
108,2021210,1440,2021,210,14,40,NA,NA,T,NA,NA,NA,NA,20212101440
109,2021210,1620,2021,210,16,20,NA,NA,A,NA,NA,NA,NA,20212101620
110,2021210,1620,2021,210,16,20,NA,NA,T,NA,NA,NA,NA,20212101620
111,2021210,1800,2021,210,18,0,NA,NA,A,NA,NA,NA,NA,20212101800
112,2021211,1525,2021,211,15,25,NA,NA,T,NA,NA,NA,NA,20212111525
113,2021211,1700,2021,211,17,0,NA,NA,T,NA,NA,NA,NA,20212111700
114,2021211,1705,2021,211,17,5,NA,NA,A,NA,NA,NA,NA,20212111705
115,2021211,1840,2021,211,18,40,NA,NA,A,NA,NA,NA,NA,20212111840
116,2021212,1430,2021,212,14,30,NA,NA,T,NA,NA,NA,NA,20212121430
117,2021212,1605,2021,212,16,5,39.0375,-76.88712039,T,0.33183,0.23987,0.0373,0,20212121605
118,2021212,1745,2021,212,17,45,39.0375,-76.88712039,A,0.24736,0.17821,0.0236,0,20212121745
119,2021213,1510,2021,213,15,10,NA,NA,T,NA,NA,NA,NA,20212131510
120,2021213,1645,2021,213,16,45,NA,NA,T,NA,NA,NA,NA,20212131645
121,2021213,1650,2021,213,16,50,NA,NA,A,NA,NA,NA,NA,20212131650
122,2021213,1830,2021,213,18,30,NA,NA,A,NA,NA,NA,NA,20212131830
123,2021214,1415,2021,214,14,15,NA,NA,T,NA,NA,NA,NA,20212141415
124,2021214,1555,2021,214,15,55,NA,NA,T,NA,NA,NA,NA,20212141555
125,2021214,1735,2021,214,17,35,NA,NA,A,NA,NA,NA,NA,20212141735
126,2021214,1915,2021,214,19,15,NA,NA,A,NA,NA,NA,NA,20212141915
127,2021215,1500,2021,215,15,0,NA,NA,T,NA,NA,NA,NA,20212151500
128,2021215,1635,2021,215,16,35,NA,NA,T,NA,NA,NA,NA,20212151635
129,2021215,1640,2021,215,16,40,NA,NA,A,NA,NA,NA,NA,20212151640
130,2021215,1820,2021,215,18,20,NA,NA,A,NA,NA,NA,NA,20212151820
131,2021216,1405,2021,216,14,5,NA,NA,T,NA,NA,NA,NA,20212161405
132,2021216,1540,2021,216,15,40,NA,NA,T,NA,NA,NA,NA,20212161540
133,2021216,1725,2021,216,17,25,NA,NA,A,NA,NA,NA,NA,20212161725
134,2021216,1900,2021,216,19,0,39.0375,-76.88712039,A,0.27449,0.19788,0.013,0,20212161900
135,2021217,1445,2021,217,14,45,NA,NA,T,NA,NA,NA,NA,20212171445
136,2021217,1625,2021,217,16,25,NA,NA,A,NA,NA,NA,NA,20212171625
137,2021217,1625,2021,217,16,25,39.0375,-76.86566302,T,0.28883,0.20826,0.0224,0,20212171625
138,2021217,1805,2021,217,18,5,39.0375,-76.8763917,A,0.25796,0.18597,0.0345,0,20212171805
139,2021218,1350,2021,218,13,50,NA,NA,T,NA,NA,NA,NA,20212181350
140,2021218,1530,2021,218,15,30,39.0375,-76.88712039,T,0.26198,0.1888,0.019,0,20212181530
141,2021218,1710,2021,218,17,10,NA,NA,A,NA,NA,NA,NA,20212181710
142,2021218,1850,2021,218,18,50,NA,NA,A,NA,NA,NA,NA,20212181850
143,2021219,1435,2021,219,14,35,NA,NA,T,NA,NA,NA,NA,20212191435
144,2021219,1610,2021,219,16,10,NA,NA,T,NA,NA,NA,NA,20212191610
145,2021219,1755,2021,219,17,55,NA,NA,A,NA,NA,NA,NA,20212191755
146,2021220,1515,2021,220,15,15,39.0375,-76.88712039,T,0.27306,0.19696,0.0134,0,20212201515
147,2021220,1655,2021,220,16,55,39.0375,-76.88712039,T,0.25769,0.18572,0.0095,0,20212201655
148,2021220,1700,2021,220,17,0,NA,NA,A,NA,NA,NA,NA,20212201700
149,2021220,1835,2021,220,18,35,39.0375,-76.88712039,A,0.17464,0.12543,0.0254,0,20212201835
150,2021221,1420,2021,221,14,20,NA,NA,T,NA,NA,NA,NA,20212211420
151,2021221,1600,2021,221,16,0,NA,NA,T,NA,NA,NA,NA,20212211600
152,2021221,1740,2021,221,17,40,NA,NA,A,NA,NA,NA,NA,20212211740
153,2021222,1505,2021,222,15,5,NA,NA,T,NA,NA,NA,NA,20212221505
154,2021222,1640,2021,222,16,40,39.0375,-76.83347696,T,0.58546,0.42746,0.0127,0,20212221640
155,2021222,1645,2021,222,16,45,NA,NA,A,NA,NA,NA,NA,20212221645
156,2021222,1825,2021,222,18,25,39.0375,-76.88712039,A,0.46126,0.33484,0.0337,0,20212221825
157,2021223,1410,2021,223,14,10,NA,NA,T,NA,NA,NA,NA,20212231410
158,2021223,1550,2021,223,15,50,39.0375,-76.88712039,T,0.25031,0.18042,0.0305,0,20212231550
159,2021223,1730,2021,223,17,30,39.0375,-76.83347696,A,0.34286,0.248,0.0121,0,20212231730
160,2021223,1905,2021,223,19,5,NA,NA,A,NA,NA,NA,NA,20212231905
161,2021224,1455,2021,224,14,55,NA,NA,T,NA,NA,NA,NA,20212241455
162,2021224,1630,2021,224,16,30,39.0375,-76.88712039,T,0.42629,0.30943,0.0197,0,20212241630
163,2021224,1635,2021,224,16,35,NA,NA,A,NA,NA,NA,NA,20212241635
164,2021224,1810,2021,224,18,10,39.0375,-76.82274828,A,0.319,0.23075,0.0325,0,20212241810
165,2021225,1355,2021,225,13,55,NA,NA,T,NA,NA,NA,NA,20212251355
166,2021225,1535,2021,225,15,35,NA,NA,T,NA,NA,NA,NA,20212251535
167,2021225,1715,2021,225,17,15,NA,NA,A,NA,NA,NA,NA,20212251715
168,2021225,1855,2021,225,18,55,39.0375,-76.83347696,A,0.23769,0.17113,0.0142,0,20212251855
169,2021226,1440,2021,226,14,40,NA,NA,T,NA,NA,NA,NA,20212261440
170,2021226,1620,2021,226,16,20,NA,NA,A,NA,NA,NA,NA,20212261620
171,2021226,1620,2021,226,16,20,NA,NA,T,NA,NA,NA,NA,20212261620
172,2021226,1800,2021,226,18,0,NA,NA,A,NA,NA,NA,NA,20212261800
173,2021227,1525,2021,227,15,25,NA,NA,T,NA,NA,NA,NA,20212271525
174,2021227,1700,2021,227,17,0,NA,NA,T,NA,NA,NA,NA,20212271700
175,2021227,1705,2021,227,17,5,NA,NA,A,NA,NA,NA,NA,20212271705
176,2021227,1840,2021,227,18,40,NA,NA,A,NA,NA,NA,NA,20212271840
177,2021228,1430,2021,228,14,30,NA,NA,T,NA,NA,NA,NA,20212281430
178,2021228,1605,2021,228,16,5,NA,NA,T,NA,NA,NA,NA,20212281605
179,2021228,1745,2021,228,17,45,NA,NA,A,NA,NA,NA,NA,20212281745
180,2021229,1510,2021,229,15,10,NA,NA,T,NA,NA,NA,NA,20212291510
181,2021229,1645,2021,229,16,45,NA,NA,T,NA,NA,NA,NA,20212291645
182,2021229,1650,2021,229,16,50,NA,NA,A,NA,NA,NA,NA,20212291650
183,2021229,1830,2021,229,18,30,NA,NA,A,NA,NA,NA,NA,20212291830
184,2021230,1415,2021,230,14,15,NA,NA,T,NA,NA,NA,NA,20212301415
185,2021230,1555,2021,230,15,55,NA,NA,T,NA,NA,NA,NA,20212301555
186,2021230,1735,2021,230,17,35,NA,NA,A,NA,NA,NA,NA,20212301735
187,2021230,1915,2021,230,19,15,NA,NA,A,NA,NA,NA,NA,20212301915
188,2021231,1500,2021,231,15,0,NA,NA,T,NA,NA,NA,NA,20212311500
189,2021231,1635,2021,231,16,35,39.0375,-76.82274828,T,0.21173,0.15225,0.0144,0,20212311635
190,2021231,1640,2021,231,16,40,NA,NA,A,NA,NA,NA,NA,20212311640
191,2021231,1820,2021,231,18,20,NA,NA,A,NA,NA,NA,NA,20212311820
192,2021232,1405,2021,232,14,5,NA,NA,T,NA,NA,NA,NA,20212321405
193,2021232,1540,2021,232,15,40,NA,NA,T,NA,NA,NA,NA,20212321540
194,2021232,1725,2021,232,17,25,NA,NA,A,NA,NA,NA,NA,20212321725
195,2021232,1900,2021,232,19,0,NA,NA,A,NA,NA,NA,NA,20212321900
196,2021233,1445,2021,233,14,45,NA,NA,T,NA,NA,NA,NA,20212331445
197,2021233,1625,2021,233,16,25,NA,NA,A,NA,NA,NA,NA,20212331625
198,2021233,1625,2021,233,16,25,NA,NA,T,NA,NA,NA,NA,20212331625
199,2021233,1805,2021,233,18,5,NA,NA,A,NA,NA,NA,NA,20212331805
200,2021234,1350,2021,234,13,50,NA,NA,T,NA,NA,NA,NA,20212341350
201,2021234,1530,2021,234,15,30,NA,NA,T,NA,NA,NA,NA,20212341530
202,2021234,1710,2021,234,17,10,NA,NA,A,NA,NA,NA,NA,20212341710
203,2021234,1850,2021,234,18,50,NA,NA,A,NA,NA,NA,NA,20212341850
204,2021235,1435,2021,235,14,35,NA,NA,T,NA,NA,NA,NA,20212351435
205,2021235,1610,2021,235,16,10,39.0125,-76.85993404,T,0.3478,0.2517,0.0287,0,20212351610
206,2021235,1755,2021,235,17,55,NA,NA,A,NA,NA,NA,NA,20212351755
207,2021236,1515,2021,236,15,15,39.0375,-76.88712039,T,0.27171,0.19579,0.0127,0,20212361515
208,2021236,1655,2021,236,16,55,39.0375,-76.88712039,T,0.27625,0.19911,0.0088,0,20212361655
209,2021236,1700,2021,236,17,0,NA,NA,A,NA,NA,NA,NA,20212361700
210,2021236,1835,2021,236,18,35,39.0375,-76.88712039,A,0.22302,0.16055,0.0229,0,20212361835
211,2021237,1420,2021,237,14,20,NA,NA,T,NA,NA,NA,NA,20212371420
212,2021237,1600,2021,237,16,0,39.0375,-76.88712039,T,0.42927,0.31157,0.0345,0,20212371600
213,2021237,1740,2021,237,17,40,39.0375,-76.88712039,A,0.40086,0.29064,0.0163,0,20212371740
214,2021238,1505,2021,238,15,5,NA,NA,T,NA,NA,NA,NA,20212381505
215,2021238,1640,2021,238,16,40,39.0375,-76.83347696,T,0.546,0.396,0.0117,0,20212381640
216,2021238,1645,2021,238,16,45,NA,NA,A,NA,NA,NA,NA,20212381645
217,2021238,1825,2021,238,18,25,NA,NA,A,NA,NA,NA,NA,20212381825
218,2021239,1410,2021,239,14,10,NA,NA,T,NA,NA,NA,NA,20212391410
219,2021239,1545,2021,239,15,45,39.0375,-76.88712039,T,0.37067,0.26823,0.0285,0,20212391545
220,2021239,1730,2021,239,17,30,38.95416666,-76.78591471,A,0.455,0.331,0.0109,0,20212391730
221,2021239,1905,2021,239,19,5,NA,NA,A,NA,NA,NA,NA,20212391905
222,2021240,1450,2021,240,14,50,NA,NA,T,NA,NA,NA,NA,20212401450
223,2021240,1630,2021,240,16,30,NA,NA,T,NA,NA,NA,NA,20212401630
224,2021240,1635,2021,240,16,35,NA,NA,A,NA,NA,NA,NA,20212401635
225,2021240,1810,2021,240,18,10,NA,NA,A,NA,NA,NA,NA,20212401810
226,2021241,1355,2021,241,13,55,NA,NA,T,NA,NA,NA,NA,20212411355
227,2021241,1535,2021,241,15,35,NA,NA,T,NA,NA,NA,NA,20212411535
228,2021241,1715,2021,241,17,15,NA,NA,A,NA,NA,NA,NA,20212411715
229,2021241,1855,2021,241,18,55,NA,NA,A,NA,NA,NA,NA,20212411855
230,2021242,1440,2021,242,14,40,NA,NA,T,NA,NA,NA,NA,20212421440
231,2021242,1615,2021,242,16,15,NA,NA,T,NA,NA,NA,NA,20212421615
232,2021242,1620,2021,242,16,20,NA,NA,A,NA,NA,NA,NA,20212421620
233,2021242,1800,2021,242,18,0,NA,NA,A,NA,NA,NA,NA,20212421800
234,2021243,1525,2021,243,15,25,NA,NA,T,NA,NA,NA,NA,20212431525
235,2021243,1700,2021,243,17,0,NA,NA,T,NA,NA,NA,NA,20212431700
236,2021243,1705,2021,243,17,5,NA,NA,A,NA,NA,NA,NA,20212431705
237,2021243,1840,2021,243,18,40,NA,NA,A,NA,NA,NA,NA,20212431840
238,2021244,1430,2021,244,14,30,NA,NA,T,NA,NA,NA,NA,20212441430
239,2021244,1605,2021,244,16,5,NA,NA,T,NA,NA,NA,NA,20212441605
240,2021244,1745,2021,244,17,45,NA,NA,A,NA,NA,NA,NA,20212441745
241,2021245,1510,2021,245,15,10,39.0375,-76.88712039,T,0.08969,0.06419,0.0107,0,20212451510
242,2021245,1650,2021,245,16,50,NA,NA,A,NA,NA,NA,NA,20212451650
243,2021245,1830,2021,245,18,30,39.0375,-76.88712039,A,0.08252,0.05904,0.0262,0,20212451830
244,2021246,1415,2021,246,14,15,NA,NA,T,NA,NA,NA,NA,20212461415
245,2021246,1555,2021,246,15,55,39.0375,-76.88712039,T,0.19478,0.13999,0.0319,0,20212461555
246,2021246,1735,2021,246,17,35,39.0375,-76.88712039,A,0.16129,0.11576,0.0125,0,20212461735
247,2021246,1915,2021,246,19,15,NA,NA,A,NA,NA,NA,NA,20212461915
248,2021247,1500,2021,247,15,0,NA,NA,T,NA,NA,NA,NA,20212471500
249,2021247,1635,2021,247,16,35,NA,NA,T,NA,NA,NA,NA,20212471635
250,2021247,1640,2021,247,16,40,NA,NA,A,NA,NA,NA,NA,20212471640
251,2021247,1820,2021,247,18,20,39.0375,-76.82274828,A,0.20779,0.14948,0.0295,0,20212471820
252,2021248,1405,2021,248,14,5,NA,NA,T,NA,NA,NA,NA,20212481405
253,2021248,1540,2021,248,15,40,NA,NA,T,NA,NA,NA,NA,20212481540
254,2021248,1725,2021,248,17,25,NA,NA,A,NA,NA,NA,NA,20212481725
255,2021248,1900,2021,248,19,0,NA,NA,A,NA,NA,NA,NA,20212481900
256,2021249,1445,2021,249,14,45,NA,NA,T,NA,NA,NA,NA,20212491445
257,2021249,1625,2021,249,16,25,NA,NA,A,NA,NA,NA,NA,20212491625
258,2021249,1625,2021,249,16,25,39.0375,-76.88712039,T,0.12258,0.08786,0.0203,0,20212491625
259,2021249,1805,2021,249,18,5,39.0375,-76.80129091,A,0.14061,0.10093,0.0276,0,20212491805
260,2021250,1350,2021,250,13,50,NA,NA,T,NA,NA,NA,NA,20212501350
261,2021250,1530,2021,250,15,30,39.0375,-76.88712039,T,0.12891,0.09249,0.0167,0,20212501530
262,2021250,1710,2021,250,17,10,NA,NA,A,NA,NA,NA,NA,20212501710
263,2021250,1850,2021,250,18,50,39.0125,-76.87065893,A,0.15777,0.11318,0.0141,0,20212501850
264,2021251,1435,2021,251,14,35,NA,NA,T,NA,NA,NA,NA,20212511435
265,2021251,1610,2021,251,16,10,39.0375,-76.88712039,T,0.30716,0.22192,0.0292,0,20212511610
266,2021251,1755,2021,251,17,55,39.0375,-76.88712039,A,0.24132,0.1739,0.0218,0,20212511755
267,2021252,1515,2021,252,15,15,NA,NA,T,NA,NA,NA,NA,20212521515
268,2021252,1650,2021,252,16,50,NA,NA,T,NA,NA,NA,NA,20212521650
269,2021252,1700,2021,252,17,0,NA,NA,A,NA,NA,NA,NA,20212521700
270,2021252,1835,2021,252,18,35,NA,NA,A,NA,NA,NA,NA,20212521835
271,2021253,1420,2021,253,14,20,NA,NA,T,NA,NA,NA,NA,20212531420
272,2021253,1600,2021,253,16,0,39.0375,-76.88712039,T,0.30363,0.21932,0.033,0,20212531600
273,2021253,1740,2021,253,17,40,38.9875,-76.86494485,A,0.2985,0.2155,0.015,0,20212531740
274,2021254,1505,2021,254,15,5,NA,NA,T,NA,NA,NA,NA,20212541505
275,2021254,1640,2021,254,16,40,NA,NA,T,NA,NA,NA,NA,20212541640
276,2021254,1645,2021,254,16,45,NA,NA,A,NA,NA,NA,NA,20212541645
277,2021254,1825,2021,254,18,25,NA,NA,A,NA,NA,NA,NA,20212541825
278,2021255,1410,2021,255,14,10,NA,NA,T,NA,NA,NA,NA,20212551410
279,2021255,1545,2021,255,15,45,39.0375,-76.88712039,T,0.62311,0.45511,0.0271,0,20212551545
280,2021255,1730,2021,255,17,30,39.0375,-76.88712039,A,0.67811,0.49527,0.0097,0,20212551730
281,2021255,1905,2021,255,19,5,39.0375,-76.85493433,A,0.43961,0.31921,0.0084,0,20212551905
282,2021256,1450,2021,256,14,50,NA,NA,T,NA,NA,NA,NA,20212561450
283,2021256,1630,2021,256,16,30,39.0375,-76.81201959,T,0.87204,0.64113,0.0143,0,20212561630
284,2021256,1635,2021,256,16,35,NA,NA,A,NA,NA,NA,NA,20212561635
285,2021256,1810,2021,256,18,10,39.0375,-76.8763917,A,0.80602,0.59271,0.0287,0,20212561810
286,2021257,1355,2021,257,13,55,NA,NA,T,NA,NA,NA,NA,20212571355
287,2021257,1535,2021,257,15,35,NA,NA,T,NA,NA,NA,NA,20212571535
288,2021257,1715,2021,257,17,15,NA,NA,A,NA,NA,NA,NA,20212571715
289,2021257,1855,2021,257,18,55,NA,NA,A,NA,NA,NA,NA,20212571855
290,2021258,1440,2021,258,14,40,NA,NA,T,NA,NA,NA,NA,20212581440
291,2021258,1615,2021,258,16,15,39.02916666,-76.88878193,T,0.40533,0.29433,0.0236,0,20212581615
292,2021258,1620,2021,258,16,20,NA,NA,A,NA,NA,NA,NA,20212581620
293,2021258,1800,2021,258,18,0,38.9625,-76.89140138,A,0.40133,0.291,0.0251,0,20212581800
294,2021259,1525,2021,259,15,25,NA,NA,T,NA,NA,NA,NA,20212591525
295,2021259,1700,2021,259,17,0,NA,NA,T,NA,NA,NA,NA,20212591700
296,2021259,1705,2021,259,17,5,NA,NA,A,NA,NA,NA,NA,20212591705
297,2021259,1840,2021,259,18,40,NA,NA,A,NA,NA,NA,NA,20212591840
298,2021260,1425,2021,260,14,25,NA,NA,T,NA,NA,NA,NA,20212601425
299,2021260,1605,2021,260,16,5,NA,NA,T,NA,NA,NA,NA,20212601605
300,2021260,1745,2021,260,17,45,NA,NA,A,NA,NA,NA,NA,20212601745
301,2021261,1510,2021,261,15,10,NA,NA,T,NA,NA,NA,NA,20212611510
302,2021261,1645,2021,261,16,45,NA,NA,T,NA,NA,NA,NA,20212611645
303,2021261,1650,2021,261,16,50,NA,NA,A,NA,NA,NA,NA,20212611650
304,2021261,1830,2021,261,18,30,NA,NA,A,NA,NA,NA,NA,20212611830
305,2021262,1415,2021,262,14,15,NA,NA,T,NA,NA,NA,NA,20212621415
306,2021262,1555,2021,262,15,55,39.0375,-76.84420565,T,0.27494,0.19828,0.0273,0,20212621555
307,2021262,1735,2021,262,17,35,38.97083333,-76.81469865,A,0.19142,0.13733,0.0102,0,20212621735
308,2021262,1915,2021,262,19,15,NA,NA,A,NA,NA,NA,NA,20212621915
309,2021263,1500,2021,263,15,0,NA,NA,T,NA,NA,NA,NA,20212631500
310,2021263,1635,2021,263,16,35,NA,NA,T,NA,NA,NA,NA,20212631635
311,2021263,1640,2021,263,16,40,NA,NA,A,NA,NA,NA,NA,20212631640
312,2021263,1820,2021,263,18,20,38.99583333,-76.87399571,A,0.3258,0.2356,0.0294,0,20212631820
313,2021264,1405,2021,264,14,5,NA,NA,T,NA,NA,NA,NA,20212641405
314,2021264,1540,2021,264,15,40,NA,NA,T,NA,NA,NA,NA,20212641540
315,2021264,1725,2021,264,17,25,NA,NA,A,NA,NA,NA,NA,20212641725
316,2021264,1900,2021,264,19,0,NA,NA,A,NA,NA,NA,NA,20212641900
317,2021265,1625,2021,265,16,25,NA,NA,A,NA,NA,NA,NA,20212651625
318,2021265,1805,2021,265,18,5,NA,NA,A,NA,NA,NA,NA,20212651805
319,2021266,1350,2021,266,13,50,NA,NA,T,NA,NA,NA,NA,20212661350
320,2021266,1530,2021,266,15,30,NA,NA,T,NA,NA,NA,NA,20212661530
321,2021267,1435,2021,267,14,35,NA,NA,T,NA,NA,NA,NA,20212671435
322,2021267,1610,2021,267,16,10,39.0375,-76.88712039,T,0.08904,0.06372,0.0251,0,20212671610
323,2021268,1515,2021,268,15,15,39.0375,-76.88712039,T,0.06029,0.04312,0.0103,0,20212681515
324,2021268,1650,2021,268,16,50,NA,NA,T,NA,NA,NA,NA,20212681650
325,2021268,1700,2021,268,17,0,NA,NA,A,NA,NA,NA,NA,20212681700
326,2021268,1835,2021,268,18,35,NA,NA,A,NA,NA,NA,NA,20212681835
327,2021269,1420,2021,269,14,20,NA,NA,T,NA,NA,NA,NA,20212691420
328,2021269,1600,2021,269,16,0,39.0375,-76.88712039,T,0.14852,0.10661,0.0282,0,20212691600
329,2021269,1740,2021,269,17,40,39.0375,-76.88712039,A,0.06095,0.04353,0.0115,0,20212691740
330,2021270,1505,2021,270,15,5,NA,NA,T,NA,NA,NA,NA,20212701505
331,2021270,1640,2021,270,16,40,39.0375,-76.85493433,T,0.12605,0.09038,0.0091,0,20212701640
332,2021270,1645,2021,270,16,45,NA,NA,A,NA,NA,NA,NA,20212701645
333,2021270,1825,2021,270,18,25,39.0375,-76.88712039,A,0.07804,0.05591,0.0238,0,20212701825
334,2021271,1410,2021,271,14,10,NA,NA,T,NA,NA,NA,NA,20212711410
335,2021271,1545,2021,271,15,45,NA,NA,T,NA,NA,NA,NA,20212711545
336,2021271,1730,2021,271,17,30,NA,NA,A,NA,NA,NA,NA,20212711730
337,2021271,1905,2021,271,19,5,NA,NA,A,NA,NA,NA,NA,20212711905
338,2021272,1450,2021,272,14,50,NA,NA,T,NA,NA,NA,NA,20212721450
339,2021272,1630,2021,272,16,30,39.0375,-76.88712039,T,0.07265,0.05196,0.0134,0,20212721630
340,2021272,1635,2021,272,16,35,NA,NA,A,NA,NA,NA,NA,20212721635
341,2021272,1810,2021,272,18,10,39.0375,-76.88712039,A,0.07902,0.05655,0.0253,0,20212721810
342,2021273,1355,2021,273,13,55,NA,NA,T,NA,NA,NA,NA,20212731355
343,2021273,1535,2021,273,15,35,39.0375,-76.88712039,T,0.06778,0.04838,0.0165,0,20212731535
344,2021273,1715,2021,273,17,15,NA,NA,A,NA,NA,NA,NA,20212731715
345,2021273,1855,2021,273,18,55,NA,NA,A,NA,NA,NA,NA,20212731855
1,2021274,1440,2021,274,14,40,NA,NA,T,NA,NA,NA,NA,20212741440
2,2021274,1615,2021,274,16,15,39.0375,-76.88712039,T,0.08751,0.06261,0.0194,0,20212741615
3,2021274,1620,2021,274,16,20,NA,NA,A,NA,NA,NA,NA,20212741620
4,2021274,1800,2021,274,18,0,39.0375,-76.88712039,A,0.06435,0.04597,0.02,0,20212741800
5,2021275,1520,2021,275,15,20,NA,NA,T,NA,NA,NA,NA,20212751520
6,2021275,1700,2021,275,17,0,NA,NA,T,NA,NA,NA,NA,20212751700
7,2021275,1705,2021,275,17,5,NA,NA,A,NA,NA,NA,NA,20212751705
8,2021275,1840,2021,275,18,40,NA,NA,A,NA,NA,NA,NA,20212751840
9,2021276,1425,2021,276,14,25,NA,NA,T,NA,NA,NA,NA,20212761425
10,2021276,1605,2021,276,16,5,39.0375,-76.79056222,T,0.215,0.1548,0.0234,0,20212761605
11,2021276,1745,2021,276,17,45,39.0375,-76.88712039,A,0.21524,0.15503,0.0132,0,20212761745
12,2021277,1510,2021,277,15,10,NA,NA,T,NA,NA,NA,NA,20212771510
13,2021277,1645,2021,277,16,45,NA,NA,T,NA,NA,NA,NA,20212771645
14,2021277,1650,2021,277,16,50,NA,NA,A,NA,NA,NA,NA,20212771650
15,2021277,1830,2021,277,18,30,NA,NA,A,NA,NA,NA,NA,20212771830
16,2021278,1415,2021,278,14,15,NA,NA,T,NA,NA,NA,NA,20212781415
17,2021278,1555,2021,278,15,55,NA,NA,T,NA,NA,NA,NA,20212781555
18,2021278,1735,2021,278,17,35,NA,NA,A,NA,NA,NA,NA,20212781735
19,2021278,1915,2021,278,19,15,NA,NA,A,NA,NA,NA,NA,20212781915
20,2021279,1500,2021,279,15,0,NA,NA,T,NA,NA,NA,NA,20212791500
21,2021279,1635,2021,279,16,35,NA,NA,T,NA,NA,NA,NA,20212791635
22,2021279,1640,2021,279,16,40,NA,NA,A,NA,NA,NA,NA,20212791640
23,2021279,1820,2021,279,18,20,NA,NA,A,NA,NA,NA,NA,20212791820
24,2021280,1400,2021,280,14,0,NA,NA,T,NA,NA,NA,NA,20212801400
25,2021280,1540,2021,280,15,40,NA,NA,T,NA,NA,NA,NA,20212801540
26,2021280,1725,2021,280,17,25,NA,NA,A,NA,NA,NA,NA,20212801725
27,2021280,1900,2021,280,19,0,NA,NA,A,NA,NA,NA,NA,20212801900
28,2021281,1445,2021,281,14,45,NA,NA,T,NA,NA,NA,NA,20212811445
29,2021281,1625,2021,281,16,25,NA,NA,A,NA,NA,NA,NA,20212811625
30,2021281,1625,2021,281,16,25,NA,NA,T,NA,NA,NA,NA,20212811625
31,2021281,1805,2021,281,18,5,NA,NA,A,NA,NA,NA,NA,20212811805
32,2021282,1350,2021,282,13,50,NA,NA,T,NA,NA,NA,NA,20212821350
33,2021282,1530,2021,282,15,30,NA,NA,T,NA,NA,NA,NA,20212821530
34,2021282,1710,2021,282,17,10,NA,NA,A,NA,NA,NA,NA,20212821710
35,2021282,1850,2021,282,18,50,NA,NA,A,NA,NA,NA,NA,20212821850
36,2021283,1435,2021,283,14,35,NA,NA,T,NA,NA,NA,NA,20212831435
37,2021283,1610,2021,283,16,10,NA,NA,T,NA,NA,NA,NA,20212831610
38,2021283,1755,2021,283,17,55,NA,NA,A,NA,NA,NA,NA,20212831755
39,2021284,1515,2021,284,15,15,NA,NA,T,NA,NA,NA,NA,20212841515
40,2021284,1650,2021,284,16,50,NA,NA,T,NA,NA,NA,NA,20212841650
41,2021284,1700,2021,284,17,0,NA,NA,A,NA,NA,NA,NA,20212841700
42,2021284,1835,2021,284,18,35,NA,NA,A,NA,NA,NA,NA,20212841835
43,2021285,1420,2021,285,14,20,NA,NA,T,NA,NA,NA,NA,20212851420
44,2021285,1600,2021,285,16,0,NA,NA,T,NA,NA,NA,NA,20212851600
45,2021285,1740,2021,285,17,40,NA,NA,A,NA,NA,NA,NA,20212851740
46,2021286,1505,2021,286,15,5,NA,NA,T,NA,NA,NA,NA,20212861505
47,2021286,1640,2021,286,16,40,NA,NA,T,NA,NA,NA,NA,20212861640
48,2021286,1645,2021,286,16,45,NA,NA,A,NA,NA,NA,NA,20212861645
49,2021286,1825,2021,286,18,25,NA,NA,A,NA,NA,NA,NA,20212861825
50,2021287,1410,2021,287,14,10,NA,NA,T,NA,NA,NA,NA,20212871410
51,2021287,1545,2021,287,15,45,39.0375,-76.88712039,T,0.11268,0.08075,0.0215,0,20212871545
52,2021287,1730,2021,287,17,30,NA,NA,A,NA,NA,NA,NA,20212871730
53,2021287,1905,2021,287,19,5,NA,NA,A,NA,NA,NA,NA,20212871905
54,2021288,1450,2021,288,14,50,NA,NA,T,NA,NA,NA,NA,20212881450
55,2021288,1630,2021,288,16,30,39.02916666,-76.79223515,T,0.26285,0.18931,0.0106,0,20212881630
56,2021288,1635,2021,288,16,35,NA,NA,A,NA,NA,NA,NA,20212881635
57,2021288,1810,2021,288,18,10,39.0375,-76.88712039,A,0.17892,0.12845,0.0218,0,20212881810
58,2021289,1355,2021,289,13,55,NA,NA,T,NA,NA,NA,NA,20212891355
59,2021289,1535,2021,289,15,35,NA,NA,T,NA,NA,NA,NA,20212891535
60,2021289,1715,2021,289,17,15,NA,NA,A,NA,NA,NA,NA,20212891715
61,2021289,1855,2021,289,18,55,NA,NA,A,NA,NA,NA,NA,20212891855
62,2021290,1440,2021,290,14,40,NA,NA,T,NA,NA,NA,NA,20212901440
63,2021290,1615,2021,290,16,15,38.97916666,-76.83445806,T,0.246,0.177,0.0163,0,20212901615
64,2021290,1620,2021,290,16,20,NA,NA,A,NA,NA,NA,NA,20212901620
65,2021290,1800,2021,290,18,0,39.0375,-76.85493433,A,0.2335,0.168,0.0156,0,20212901800
66,2021291,1520,2021,291,15,20,38.97916666,-76.83445806,T,0.1165,0.08375,0.0105,0,20212911520
67,2021291,1700,2021,291,17,0,NA,NA,T,NA,NA,NA,NA,20212911700
68,2021291,1705,2021,291,17,5,NA,NA,A,NA,NA,NA,NA,20212911705
69,2021291,1840,2021,291,18,40,38.95416666,-76.839495,A,0.0815,0.05833,0.0133,0,20212911840
70,2021292,1425,2021,292,14,25,NA,NA,T,NA,NA,NA,NA,20212921425
71,2021292,1605,2021,292,16,5,39.0375,-76.88712039,T,0.0655,0.04682,0.0216,0,20212921605
72,2021292,1745,2021,292,17,45,39.0375,-76.88712039,A,0.05531,0.03955,0.0105,0,20212921745
73,2021293,1510,2021,293,15,10,39.0375,-76.88712039,T,0.05642,0.04039,0.0075,0,20212931510
74,2021293,1645,2021,293,16,45,39.0375,-76.88712039,T,0.08032,0.05745,0.0064,0,20212931645
75,2021293,1650,2021,293,16,50,NA,NA,A,NA,NA,NA,NA,20212931650
76,2021293,1830,2021,293,18,30,39.0375,-76.88712039,A,0.05287,0.0377,0.0175,0,20212931830
77,2021294,1415,2021,294,14,15,NA,NA,T,NA,NA,NA,NA,20212941415
78,2021294,1550,2021,294,15,50,39.0375,-76.88712039,T,0.10997,0.07881,0.0221,0,20212941550
79,2021294,1735,2021,294,17,35,39.0375,-76.88712039,A,0.05992,0.0428,0.0069,0,20212941735
80,2021294,1915,2021,294,19,15,NA,NA,A,NA,NA,NA,NA,20212941915
81,2021295,1455,2021,295,14,55,NA,NA,T,NA,NA,NA,NA,20212951455
82,2021295,1635,2021,295,16,35,NA,NA,T,NA,NA,NA,NA,20212951635
83,2021295,1640,2021,295,16,40,NA,NA,A,NA,NA,NA,NA,20212951640
84,2021295,1820,2021,295,18,20,NA,NA,A,NA,NA,NA,NA,20212951820
85,2021296,1400,2021,296,14,0,NA,NA,T,NA,NA,NA,NA,20212961400
86,2021296,1540,2021,296,15,40,NA,NA,T,NA,NA,NA,NA,20212961540
87,2021296,1725,2021,296,17,25,NA,NA,A,NA,NA,NA,NA,20212961725
88,2021296,1900,2021,296,19,0,NA,NA,A,NA,NA,NA,NA,20212961900
89,2021297,1445,2021,297,14,45,NA,NA,T,NA,NA,NA,NA,20212971445
90,2021297,1620,2021,297,16,20,NA,NA,T,NA,NA,NA,NA,20212971620
91,2021297,1625,2021,297,16,25,NA,NA,A,NA,NA,NA,NA,20212971625
92,2021297,1805,2021,297,18,5,38.97083333,-76.8897287,A,0.1792,0.12873,0.0174,0,20212971805
93,2021298,1350,2021,298,13,50,NA,NA,T,NA,NA,NA,NA,20212981350
94,2021298,1530,2021,298,15,30,39.0375,-76.88712039,T,0.06624,0.04736,0.0116,0,20212981530
95,2021298,1710,2021,298,17,10,NA,NA,A,NA,NA,NA,NA,20212981710
96,2021298,1850,2021,298,18,50,NA,NA,A,NA,NA,NA,NA,20212981850
97,2021299,1435,2021,299,14,35,NA,NA,T,NA,NA,NA,NA,20212991435
98,2021299,1610,2021,299,16,10,NA,NA,T,NA,NA,NA,NA,20212991610
99,2021299,1755,2021,299,17,55,NA,NA,A,NA,NA,NA,NA,20212991755
100,2021300,1700,2021,300,17,0,NA,NA,A,NA,NA,NA,NA,20213001700
101,2021300,1835,2021,300,18,35,39.0375,-76.88712039,A,0.02333,0.0166,0.0139,0,20213001835
102,2021301,1420,2021,301,14,20,NA,NA,T,NA,NA,NA,NA,20213011420
103,2021301,1600,2021,301,16,0,NA,NA,T,NA,NA,NA,NA,20213011600
104,2021301,1740,2021,301,17,40,NA,NA,A,NA,NA,NA,NA,20213011740
105,2021302,1505,2021,302,15,5,NA,NA,T,NA,NA,NA,NA,20213021505
106,2021302,1640,2021,302,16,40,NA,NA,T,NA,NA,NA,NA,20213021640
107,2021302,1645,2021,302,16,45,NA,NA,A,NA,NA,NA,NA,20213021645
108,2021302,1825,2021,302,18,25,NA,NA,A,NA,NA,NA,NA,20213021825
109,2021303,1410,2021,303,14,10,NA,NA,T,NA,NA,NA,NA,20213031410
110,2021303,1545,2021,303,15,45,NA,NA,T,NA,NA,NA,NA,20213031545
111,2021303,1730,2021,303,17,30,NA,NA,A,NA,NA,NA,NA,20213031730
112,2021303,1905,2021,303,19,5,NA,NA,A,NA,NA,NA,NA,20213031905
113,2021304,1450,2021,304,14,50,NA,NA,T,NA,NA,NA,NA,20213041450
114,2021304,1630,2021,304,16,30,NA,NA,T,NA,NA,NA,NA,20213041630
115,2021304,1635,2021,304,16,35,NA,NA,A,NA,NA,NA,NA,20213041635
116,2021304,1810,2021,304,18,10,39.0375,-76.88712039,A,0.2106,0.15144,0.0184,0,20213041810
117,2021305,1355,2021,305,13,55,NA,NA,T,NA,NA,NA,NA,20213051355
118,2021305,1535,2021,305,15,35,39.0375,-76.88712039,T,0.04674,0.03336,0.0126,0,20213051535
119,2021305,1715,2021,305,17,15,NA,NA,A,NA,NA,NA,NA,20213051715
120,2021305,1855,2021,305,18,55,39.0375,-76.88712039,A,0.01206,0.00852,0.0071,0,20213051855
121,2021306,1440,2021,306,14,40,NA,NA,T,NA,NA,NA,NA,20213061440
122,2021306,1615,2021,306,16,15,NA,NA,T,NA,NA,NA,NA,20213061615
123,2021306,1620,2021,306,16,20,NA,NA,A,NA,NA,NA,NA,20213061620
124,2021306,1800,2021,306,18,0,NA,NA,A,NA,NA,NA,NA,20213061800
125,2021307,1520,2021,307,15,20,39.0375,-76.88712039,T,0.07788,0.05567,0.0085,0,20213071520
126,2021307,1655,2021,307,16,55,NA,NA,T,NA,NA,NA,NA,20213071655
127,2021307,1705,2021,307,17,5,NA,NA,A,NA,NA,NA,NA,20213071705
128,2021307,1845,2021,307,18,45,39.0375,-76.82274828,A,0.0636,0.04555,0.0098,0,20213071845
129,2021308,1425,2021,308,14,25,NA,NA,T,NA,NA,NA,NA,20213081425
130,2021308,1605,2021,308,16,5,NA,NA,T,NA,NA,NA,NA,20213081605
131,2021308,1745,2021,308,17,45,NA,NA,A,NA,NA,NA,NA,20213081745
132,2021309,1510,2021,309,15,10,39.0375,-76.88712039,T,0.06452,0.04607,0.0059,0,20213091510
133,2021309,1645,2021,309,16,45,NA,NA,T,NA,NA,NA,NA,20213091645
134,2021309,1650,2021,309,16,50,NA,NA,A,NA,NA,NA,NA,20213091650
135,2021309,1830,2021,309,18,30,39.0375,-76.88712039,A,0.08611,0.0616,0.0145,0,20213091830
136,2021310,1415,2021,310,14,15,NA,NA,T,NA,NA,NA,NA,20213101415
137,2021310,1550,2021,310,15,50,39.0375,-76.88712039,T,0.15789,0.11333,0.0184,0,20213101550
138,2021310,1735,2021,310,17,35,NA,NA,A,NA,NA,NA,NA,20213101735
139,2021310,1915,2021,310,19,15,NA,NA,A,NA,NA,NA,NA,20213101915
140,2021311,1455,2021,311,14,55,NA,NA,T,NA,NA,NA,NA,20213111455
141,2021311,1635,2021,311,16,35,NA,NA,T,NA,NA,NA,NA,20213111635
142,2021311,1640,2021,311,16,40,NA,NA,A,NA,NA,NA,NA,20213111640
143,2021311,1820,2021,311,18,20,39.0375,-76.81201959,A,0.12669,0.09085,0.0152,0,20213111820
144,2021312,1400,2021,312,14,0,NA,NA,T,NA,NA,NA,NA,20213121400
145,2021312,1540,2021,312,15,40,39.0375,-76.88712039,T,0.05726,0.0409,0.0142,0,20213121540
146,2021312,1725,2021,312,17,25,39.0375,-76.88712039,A,0.04429,0.03163,0.0038,0,20213121725
147,2021312,1900,2021,312,19,0,39.0375,-76.88712039,A,0.01832,0.013,0.0057,0,20213121900
148,2021313,1445,2021,313,14,45,NA,NA,T,NA,NA,NA,NA,20213131445
149,2021313,1620,2021,313,16,20,39.0375,-76.88712039,T,0.06906,0.04944,0.0105,0,20213131620
150,2021313,1625,2021,313,16,25,NA,NA,A,NA,NA,NA,NA,20213131625
151,2021313,1805,2021,313,18,5,39.0375,-76.88712039,A,0.03787,0.02699,0.0152,0,20213131805
152,2021314,1350,2021,314,13,50,NA,NA,T,NA,NA,NA,NA,20213141350
153,2021314,1530,2021,314,15,30,39.0375,-76.88712039,T,0.1556,0.11164,0.0098,0,20213141530
154,2021314,1710,2021,314,17,10,NA,NA,A,NA,NA,NA,NA,20213141710
155,2021314,1850,2021,314,18,50,39.0375,-76.88712039,A,0.10682,0.07657,0.0081,0,20213141850
156,2021315,1430,2021,315,14,30,NA,NA,T,NA,NA,NA,NA,20213151430
157,2021315,1610,2021,315,16,10,NA,NA,T,NA,NA,NA,NA,20213151610
158,2021315,1755,2021,315,17,55,NA,NA,A,NA,NA,NA,NA,20213151755
159,2021316,1515,2021,316,15,15,NA,NA,T,NA,NA,NA,NA,20213161515
160,2021316,1650,2021,316,16,50,NA,NA,T,NA,NA,NA,NA,20213161650
161,2021316,1700,2021,316,17,0,NA,NA,A,NA,NA,NA,NA,20213161700
162,2021316,1835,2021,316,18,35,39.0375,-76.88712039,A,0.0333,0.02369,0.0117,0,20213161835
163,2021317,1420,2021,317,14,20,NA,NA,T,NA,NA,NA,NA,20213171420
164,2021317,1600,2021,317,16,0,NA,NA,T,NA,NA,NA,NA,20213171600
165,2021317,1740,2021,317,17,40,NA,NA,A,NA,NA,NA,NA,20213171740
166,2021318,1505,2021,318,15,5,NA,NA,T,NA,NA,NA,NA,20213181505
167,2021318,1640,2021,318,16,40,NA,NA,T,NA,NA,NA,NA,20213181640
168,2021318,1645,2021,318,16,45,NA,NA,A,NA,NA,NA,NA,20213181645
169,2021318,1825,2021,318,18,25,NA,NA,A,NA,NA,NA,NA,20213181825
170,2021319,1410,2021,319,14,10,NA,NA,T,NA,NA,NA,NA,20213191410
171,2021319,1545,2021,319,15,45,NA,NA,T,NA,NA,NA,NA,20213191545
172,2021319,1730,2021,319,17,30,NA,NA,A,NA,NA,NA,NA,20213191730
173,2021319,1905,2021,319,19,5,NA,NA,A,NA,NA,NA,NA,20213191905
174,2021320,1450,2021,320,14,50,NA,NA,T,NA,NA,NA,NA,20213201450
175,2021320,1630,2021,320,16,30,39.0375,-76.88712039,T,0.08047,0.05756,0.0079,0,20213201630
176,2021320,1635,2021,320,16,35,NA,NA,A,NA,NA,NA,NA,20213201635
177,2021320,1810,2021,320,18,10,39.0375,-76.88712039,A,0.07793,0.05571,0.016,0,20213201810
178,2021321,1355,2021,321,13,55,NA,NA,T,NA,NA,NA,NA,20213211355
179,2021321,1535,2021,321,15,35,NA,NA,T,NA,NA,NA,NA,20213211535
180,2021321,1715,2021,321,17,15,NA,NA,A,NA,NA,NA,NA,20213211715
181,2021321,1855,2021,321,18,55,38.9875,-76.87566595,A,0.10316,0.07384,0.0066,0,20213211855
182,2021322,1440,2021,322,14,40,NA,NA,T,NA,NA,NA,NA,20213221440
183,2021322,1615,2021,322,16,15,39.0375,-76.88712039,T,0.08116,0.05803,0.0119,0,20213221615
184,2021322,1620,2021,322,16,20,NA,NA,A,NA,NA,NA,NA,20213221620
185,2021322,1800,2021,322,18,0,39.0375,-76.88712039,A,0.07407,0.05295,0.0117,0,20213221800
186,2021323,1520,2021,323,15,20,39.0375,-76.88712039,T,0.05989,0.04279,0.0078,0,20213231520
187,2021323,1655,2021,323,16,55,NA,NA,T,NA,NA,NA,NA,20213231655
188,2021323,1705,2021,323,17,5,NA,NA,A,NA,NA,NA,NA,20213231705
189,2021323,1845,2021,323,18,45,39.0375,-76.88712039,A,0.06312,0.04516,0.0096,0,20213231845
190,2021324,1425,2021,324,14,25,NA,NA,T,NA,NA,NA,NA,20213241425
191,2021324,1605,2021,324,16,5,NA,NA,T,NA,NA,NA,NA,20213241605
192,2021324,1750,2021,324,17,50,NA,NA,A,NA,NA,NA,NA,20213241750
193,2021325,1510,2021,325,15,10,NA,NA,T,NA,NA,NA,NA,20213251510
194,2021325,1645,2021,325,16,45,NA,NA,T,NA,NA,NA,NA,20213251645
195,2021325,1650,2021,325,16,50,NA,NA,A,NA,NA,NA,NA,20213251650
196,2021325,1830,2021,325,18,30,NA,NA,A,NA,NA,NA,NA,20213251830
197,2021326,1415,2021,326,14,15,NA,NA,T,NA,NA,NA,NA,20213261415
198,2021326,1550,2021,326,15,50,NA,NA,T,NA,NA,NA,NA,20213261550
199,2021326,1735,2021,326,17,35,NA,NA,A,NA,NA,NA,NA,20213261735
200,2021326,1915,2021,326,19,15,NA,NA,A,NA,NA,NA,NA,20213261915
201,2021327,1455,2021,327,14,55,NA,NA,T,NA,NA,NA,NA,20213271455
202,2021327,1635,2021,327,16,35,39.0375,-76.88712039,T,0.11894,0.08531,0.0061,0,20213271635
203,2021327,1640,2021,327,16,40,NA,NA,A,NA,NA,NA,NA,20213271640
204,2021327,1820,2021,327,18,20,39.02083333,-76.78318315,A,0.121,0.0865,0.0141,0,20213271820
205,2021328,1400,2021,328,14,0,NA,NA,T,NA,NA,NA,NA,20213281400
206,2021328,1540,2021,328,15,40,39.0375,-76.88712039,T,0.06111,0.04369,0.013,0,20213281540
207,2021328,1725,2021,328,17,25,39.0375,-76.88712039,A,0.0516,0.03685,0.0036,0,20213281725
208,2021328,1900,2021,328,19,0,39.0375,-76.88712039,A,0.02242,0.01595,0.0054,0,20213281900
209,2021329,1445,2021,329,14,45,NA,NA,T,NA,NA,NA,NA,20213291445
210,2021329,1620,2021,329,16,20,NA,NA,T,NA,NA,NA,NA,20213291620
211,2021329,1625,2021,329,16,25,NA,NA,A,NA,NA,NA,NA,20213291625
212,2021329,1805,2021,329,18,5,NA,NA,A,NA,NA,NA,NA,20213291805
213,2021330,1350,2021,330,13,50,NA,NA,T,NA,NA,NA,NA,20213301350
214,2021330,1525,2021,330,15,25,39.0375,-76.79056222,T,0.087,0.062,0.0085,0,20213301525
215,2021330,1710,2021,330,17,10,NA,NA,A,NA,NA,NA,NA,20213301710
216,2021330,1850,2021,330,18,50,39.0375,-76.88712039,A,0.04474,0.03194,0.0076,0,20213301850
217,2021331,1430,2021,331,14,30,NA,NA,T,NA,NA,NA,NA,20213311430
218,2021331,1610,2021,331,16,10,39.0375,-76.84420565,T,0.08962,0.06423,0.0123,0,20213311610
219,2021331,1755,2021,331,17,55,39.0375,-76.88712039,A,0.04528,0.03234,0.0089,0,20213311755
220,2021332,1515,2021,332,15,15,39.0375,-76.88712039,T,0.08681,0.06216,0.0062,0,20213321515
221,2021332,1650,2021,332,16,50,39.0375,-76.88712039,T,0.12093,0.08674,0.0036,0,20213321650
222,2021332,1700,2021,332,17,0,NA,NA,A,NA,NA,NA,NA,20213321700
223,2021332,1835,2021,332,18,35,39.0375,-76.88712039,A,0.07134,0.05101,0.0111,0,20213321835
224,2021333,1420,2021,333,14,20,NA,NA,T,NA,NA,NA,NA,20213331420
225,2021333,1600,2021,333,16,0,39.0375,-76.88712039,T,0.1824,0.1312,0.0159,0,20213331600
226,2021333,1740,2021,333,17,40,NA,NA,A,NA,NA,NA,NA,20213331740
227,2021334,1505,2021,334,15,5,NA,NA,T,NA,NA,NA,NA,20213341505
228,2021334,1640,2021,334,16,40,NA,NA,T,NA,NA,NA,NA,20213341640
229,2021334,1645,2021,334,16,45,NA,NA,A,NA,NA,NA,NA,20213341645
230,2021334,1825,2021,334,18,25,NA,NA,A,NA,NA,NA,NA,20213341825
231,2021335,1405,2021,335,14,5,NA,NA,T,NA,NA,NA,NA,20213351405
232,2021335,1545,2021,335,15,45,39.0375,-76.88712039,T,0.07769,0.05562,0.0145,0,20213351545
233,2021335,1730,2021,335,17,30,39.0375,-76.86566302,A,0.07155,0.05116,0.004,0,20213351730
234,2021335,1905,2021,335,19,5,NA,NA,A,NA,NA,NA,NA,20213351905
235,2021336,1450,2021,336,14,50,NA,NA,T,NA,NA,NA,NA,20213361450
236,2021336,1625,2021,336,16,25,NA,NA,T,NA,NA,NA,NA,20213361625
237,2021336,1635,2021,336,16,35,NA,NA,A,NA,NA,NA,NA,20213361635
238,2021336,1810,2021,336,18,10,NA,NA,A,NA,NA,NA,NA,20213361810
239,2021337,1355,2021,337,13,55,NA,NA,T,NA,NA,NA,NA,20213371355
240,2021337,1535,2021,337,15,35,NA,NA,T,NA,NA,NA,NA,20213371535
241,2021337,1715,2021,337,17,15,NA,NA,A,NA,NA,NA,NA,20213371715
242,2021337,1855,2021,337,18,55,NA,NA,A,NA,NA,NA,NA,20213371855
243,2021338,1440,2021,338,14,40,NA,NA,T,NA,NA,NA,NA,20213381440
244,2021338,1615,2021,338,16,15,39.0375,-76.88712039,T,0.14229,0.10211,0.0106,0,20213381615
245,2021338,1620,2021,338,16,20,NA,NA,A,NA,NA,NA,NA,20213381620
246,2021338,1800,2021,338,18,0,39.02916666,-76.83514483,A,0.09167,0.06569,0.0106,0,20213381800
247,2021339,1520,2021,339,15,20,39.0375,-76.88712039,T,0.06325,0.04518,0.0071,0,20213391520
248,2021339,1655,2021,339,16,55,NA,NA,T,NA,NA,NA,NA,20213391655
249,2021339,1705,2021,339,17,5,NA,NA,A,NA,NA,NA,NA,20213391705
250,2021339,1845,2021,339,18,45,NA,NA,A,NA,NA,NA,NA,20213391845
251,2021340,1425,2021,340,14,25,NA,NA,T,NA,NA,NA,NA,20213401425
252,2021340,1605,2021,340,16,5,NA,NA,T,NA,NA,NA,NA,20213401605
253,2021340,1750,2021,340,17,50,NA,NA,A,NA,NA,NA,NA,20213401750
254,2021341,1510,2021,341,15,10,NA,NA,T,NA,NA,NA,NA,20213411510
255,2021341,1645,2021,341,16,45,NA,NA,T,NA,NA,NA,NA,20213411645
256,2021341,1650,2021,341,16,50,NA,NA,A,NA,NA,NA,NA,20213411650
257,2021341,1830,2021,341,18,30,NA,NA,A,NA,NA,NA,NA,20213411830
258,2021342,1415,2021,342,14,15,NA,NA,T,NA,NA,NA,NA,20213421415
259,2021342,1550,2021,342,15,50,NA,NA,T,NA,NA,NA,NA,20213421550
260,2021342,1735,2021,342,17,35,NA,NA,A,NA,NA,NA,NA,20213421735
261,2021342,1915,2021,342,19,15,NA,NA,A,NA,NA,NA,NA,20213421915
262,2021343,1455,2021,343,14,55,NA,NA,T,NA,NA,NA,NA,20213431455
263,2021343,1635,2021,343,16,35,NA,NA,T,NA,NA,NA,NA,20213431635
264,2021343,1640,2021,343,16,40,NA,NA,A,NA,NA,NA,NA,20213431640
265,2021343,1820,2021,343,18,20,NA,NA,A,NA,NA,NA,NA,20213431820
266,2021344,1400,2021,344,14,0,NA,NA,T,NA,NA,NA,NA,20213441400
267,2021344,1540,2021,344,15,40,NA,NA,T,NA,NA,NA,NA,20213441540
268,2021344,1725,2021,344,17,25,NA,NA,A,NA,NA,NA,NA,20213441725
269,2021344,1900,2021,344,19,0,NA,NA,A,NA,NA,NA,NA,20213441900
270,2021345,1445,2021,345,14,45,NA,NA,T,NA,NA,NA,NA,20213451445
271,2021345,1620,2021,345,16,20,NA,NA,T,NA,NA,NA,NA,20213451620
272,2021345,1625,2021,345,16,25,NA,NA,A,NA,NA,NA,NA,20213451625
273,2021345,1805,2021,345,18,5,NA,NA,A,NA,NA,NA,NA,20213451805
274,2021346,1350,2021,346,13,50,NA,NA,T,NA,NA,NA,NA,20213461350
275,2021346,1525,2021,346,15,25,39.0375,-76.88712039,T,0.04512,0.0322,0.0083,0,20213461525
276,2021346,1710,2021,346,17,10,NA,NA,A,NA,NA,NA,NA,20213461710
277,2021346,1850,2021,346,18,50,39.0375,-76.88712039,A,0.01378,0.00976,0.0073,0,20213461850
278,2021347,1430,2021,347,14,30,NA,NA,T,NA,NA,NA,NA,20213471430
279,2021347,1610,2021,347,16,10,39.0375,-76.88712039,T,0.04891,0.03497,0.0124,0,20213471610
280,2021347,1755,2021,347,17,55,39.0375,-76.88712039,A,0.01454,0.01031,0.0087,0,20213471755
281,2021348,1515,2021,348,15,15,39.0375,-76.88712039,T,0.04425,0.03153,0.0057,0,20213481515
282,2021348,1650,2021,348,16,50,39.0375,-76.88712039,T,0.0538,0.03844,0.0033,0,20213481650
283,2021348,1700,2021,348,17,0,NA,NA,A,NA,NA,NA,NA,20213481700
284,2021348,1835,2021,348,18,35,39.0375,-76.88712039,A,0.02464,0.01758,0.0106,0,20213481835
285,2021349,1420,2021,349,14,20,NA,NA,T,NA,NA,NA,NA,20213491420
286,2021349,1555,2021,349,15,55,39.0375,-76.88712039,T,0.20012,0.14397,0.0155,0,20213491555
287,2021349,1740,2021,349,17,40,NA,NA,A,NA,NA,NA,NA,20213491740
288,2021350,1500,2021,350,15,0,NA,NA,T,NA,NA,NA,NA,20213501500
289,2021350,1645,2021,350,16,45,NA,NA,A,NA,NA,NA,NA,20213501645
290,2021350,1825,2021,350,18,25,39.0375,-76.88712039,A,0.06342,0.04538,0.0144,0,20213501825
291,2021351,1405,2021,351,14,5,NA,NA,T,NA,NA,NA,NA,20213511405
292,2021351,1545,2021,351,15,45,NA,NA,T,NA,NA,NA,NA,20213511545
293,2021351,1730,2021,351,17,30,NA,NA,A,NA,NA,NA,NA,20213511730
294,2021351,1910,2021,351,19,10,NA,NA,A,NA,NA,NA,NA,20213511910
295,2021352,1450,2021,352,14,50,NA,NA,T,NA,NA,NA,NA,20213521450
296,2021352,1625,2021,352,16,25,NA,NA,T,NA,NA,NA,NA,20213521625
297,2021352,1635,2021,352,16,35,NA,NA,A,NA,NA,NA,NA,20213521635
298,2021352,1810,2021,352,18,10,NA,NA,A,NA,NA,NA,NA,20213521810
299,2021353,1355,2021,353,13,55,NA,NA,T,NA,NA,NA,NA,20213531355
300,2021353,1535,2021,353,15,35,NA,NA,T,NA,NA,NA,NA,20213531535
301,2021353,1715,2021,353,17,15,NA,NA,A,NA,NA,NA,NA,20213531715
302,2021353,1855,2021,353,18,55,NA,NA,A,NA,NA,NA,NA,20213531855
303,2021354,1440,2021,354,14,40,NA,NA,T,NA,NA,NA,NA,20213541440
304,2021354,1615,2021,354,16,15,39.0375,-76.88712039,T,0.04501,0.0321,0.0102,0,20213541615
305,2021354,1620,2021,354,16,20,NA,NA,A,NA,NA,NA,NA,20213541620
306,2021354,1800,2021,354,18,0,39.0375,-76.88712039,A,0.02474,0.01758,0.0107,0,20213541800
307,2021355,1520,2021,355,15,20,NA,NA,T,NA,NA,NA,NA,20213551520
308,2021355,1655,2021,355,16,55,NA,NA,T,NA,NA,NA,NA,20213551655
309,2021355,1705,2021,355,17,5,NA,NA,A,NA,NA,NA,NA,20213551705
310,2021355,1845,2021,355,18,45,NA,NA,A,NA,NA,NA,NA,20213551845
311,2021356,1425,2021,356,14,25,NA,NA,T,NA,NA,NA,NA,20213561425
312,2021356,1605,2021,356,16,5,39.0375,-76.83347696,T,0.18454,0.13254,0.013,0,20213561605
313,2021356,1750,2021,356,17,50,39.0375,-76.88712039,A,0.11264,0.08072,0.007,0,20213561750
314,2021357,1510,2021,357,15,10,39.0375,-76.88712039,T,0.08629,0.06172,0.0045,0,20213571510
315,2021357,1645,2021,357,16,45,39.0375,-76.88712039,T,0.12721,0.09125,0.0037,0,20213571645
316,2021357,1655,2021,357,16,55,NA,NA,A,NA,NA,NA,NA,20213571655
317,2021357,1830,2021,357,18,30,NA,NA,A,NA,NA,NA,NA,20213571830
318,2021358,1415,2021,358,14,15,NA,NA,T,NA,NA,NA,NA,20213581415
319,2021358,1550,2021,358,15,50,39.0375,-76.88712039,T,0.12924,0.09265,0.0139,0,20213581550
320,2021358,1735,2021,358,17,35,NA,NA,A,NA,NA,NA,NA,20213581735
321,2021358,1915,2021,358,19,15,NA,NA,A,NA,NA,NA,NA,20213581915
322,2021359,1455,2021,359,14,55,NA,NA,T,NA,NA,NA,NA,20213591455
323,2021359,1630,2021,359,16,30,NA,NA,T,NA,NA,NA,NA,20213591630
324,2021359,1640,2021,359,16,40,NA,NA,A,NA,NA,NA,NA,20213591640
325,2021359,1820,2021,359,18,20,39.0375,-76.85493433,A,0.17208,0.12357,0.0138,0,20213591820
326,2021360,1400,2021,360,14,0,NA,NA,T,NA,NA,NA,NA,20213601400
327,2021360,1540,2021,360,15,40,39.0375,-76.88712039,T,0.04858,0.03474,0.0115,0,20213601540
328,2021360,1725,2021,360,17,25,39.0375,-76.88712039,A,0.02696,0.01919,0.0034,0,20213601725
329,2021360,1900,2021,360,19,0,39.0375,-76.88712039,A,0.00757,0.00528,0.005,0,20213601900
330,2021361,1445,2021,361,14,45,NA,NA,T,NA,NA,NA,NA,20213611445
331,2021361,1620,2021,361,16,20,NA,NA,T,NA,NA,NA,NA,20213611620
332,2021361,1630,2021,361,16,30,NA,NA,A,NA,NA,NA,NA,20213611630
333,2021361,1805,2021,361,18,5,NA,NA,A,NA,NA,NA,NA,20213611805
334,2021362,1350,2021,362,13,50,NA,NA,T,NA,NA,NA,NA,20213621350
335,2021362,1525,2021,362,15,25,NA,NA,T,NA,NA,NA,NA,20213621525
336,2021362,1710,2021,362,17,10,NA,NA,A,NA,NA,NA,NA,20213621710
337,2021362,1850,2021,362,18,50,NA,NA,A,NA,NA,NA,NA,20213621850
338,2021363,1430,2021,363,14,30,NA,NA,T,NA,NA,NA,NA,20213631430
339,2021363,1610,2021,363,16,10,NA,NA,T,NA,NA,NA,NA,20213631610
340,2021363,1755,2021,363,17,55,NA,NA,A,NA,NA,NA,NA,20213631755
341,2021364,1515,2021,364,15,15,NA,NA,T,NA,NA,NA,NA,20213641515
342,2021364,1650,2021,364,16,50,NA,NA,T,NA,NA,NA,NA,20213641650
343,2021364,1700,2021,364,17,0,NA,NA,A,NA,NA,NA,NA,20213641700
344,2021364,1835,2021,364,18,35,NA,NA,A,NA,NA,NA,NA,20213641835
345,2021365,1420,2021,365,14,20,NA,NA,T,NA,NA,NA,NA,20213651420
346,2021365,1555,2021,365,15,55,NA,NA,T,NA,NA,NA,NA,20213651555
347,2021365,1740,2021,365,17,40,NA,NA,A,NA,NA,NA,NA,20213651740
1,2022002,1405,2022,2,14,5,NA,NA,T,NA,NA,NA,NA,20220021405
2,2022002,1545,2022,2,15,45,NA,NA,T,NA,NA,NA,NA,20220021545
3,2022002,1730,2022,2,17,30,NA,NA,A,NA,NA,NA,NA,20220021730
4,2022002,1910,2022,2,19,10,NA,NA,A,NA,NA,NA,NA,20220021910
5,2022003,1450,2022,3,14,50,NA,NA,T,NA,NA,NA,NA,20220031450
6,2022003,1625,2022,3,16,25,NA,NA,T,NA,NA,NA,NA,20220031625
7,2022003,1635,2022,3,16,35,NA,NA,A,NA,NA,NA,NA,20220031635
8,2022003,1810,2022,3,18,10,NA,NA,A,NA,NA,NA,NA,20220031810
9,2022004,1355,2022,4,13,55,NA,NA,T,NA,NA,NA,NA,20220041355
10,2022004,1530,2022,4,15,30,NA,NA,T,NA,NA,NA,NA,20220041530
11,2022004,1720,2022,4,17,20,NA,NA,A,NA,NA,NA,NA,20220041720
12,2022004,1855,2022,4,18,55,NA,NA,A,NA,NA,NA,NA,20220041855
13,2022005,1435,2022,5,14,35,NA,NA,T,NA,NA,NA,NA,20220051435
14,2022005,1615,2022,5,16,15,NA,NA,T,NA,NA,NA,NA,20220051615
15,2022005,1620,2022,5,16,20,NA,NA,A,NA,NA,NA,NA,20220051620
16,2022005,1800,2022,5,18,0,NA,NA,A,NA,NA,NA,NA,20220051800
17,2022006,1520,2022,6,15,20,NA,NA,T,NA,NA,NA,NA,20220061520
18,2022006,1655,2022,6,16,55,NA,NA,T,NA,NA,NA,NA,20220061655
19,2022006,1705,2022,6,17,5,NA,NA,A,NA,NA,NA,NA,20220061705
20,2022006,1845,2022,6,18,45,NA,NA,A,NA,NA,NA,NA,20220061845
21,2022007,1425,2022,7,14,25,NA,NA,T,NA,NA,NA,NA,20220071425
22,2022007,1605,2022,7,16,5,NA,NA,T,NA,NA,NA,NA,20220071605
23,2022007,1750,2022,7,17,50,NA,NA,A,NA,NA,NA,NA,20220071750
24,2022008,1510,2022,8,15,10,NA,NA,T,NA,NA,NA,NA,20220081510
25,2022008,1645,2022,8,16,45,NA,NA,T,NA,NA,NA,NA,20220081645
26,2022008,1655,2022,8,16,55,NA,NA,A,NA,NA,NA,NA,20220081655
27,2022008,1830,2022,8,18,30,NA,NA,A,NA,NA,NA,NA,20220081830
28,2022009,1410,2022,9,14,10,NA,NA,T,NA,NA,NA,NA,20220091410
29,2022009,1550,2022,9,15,50,NA,NA,T,NA,NA,NA,NA,20220091550
30,2022009,1735,2022,9,17,35,NA,NA,A,NA,NA,NA,NA,20220091735
31,2022009,1915,2022,9,19,15,NA,NA,A,NA,NA,NA,NA,20220091915
32,2022010,1455,2022,10,14,55,NA,NA,T,NA,NA,NA,NA,20220101455
33,2022010,1630,2022,10,16,30,NA,NA,T,NA,NA,NA,NA,20220101630
34,2022010,1640,2022,10,16,40,NA,NA,A,NA,NA,NA,NA,20220101640
35,2022010,1820,2022,10,18,20,NA,NA,A,NA,NA,NA,NA,20220101820
36,2022011,1400,2022,11,14,0,NA,NA,T,NA,NA,NA,NA,20220111400
37,2022011,1540,2022,11,15,40,39.00416666,-76.89377396,T,0.00225,0.00158,0.016,0,20220111540
38,2022011,1725,2022,11,17,25,39.0375,-76.81201959,A,0.14924,0.1071,0.0054,0,20220111725
39,2022011,1900,2022,11,19,0,39.0375,-76.86566302,A,0,0,0.0088,0,20220111900
40,2022012,1445,2022,12,14,45,NA,NA,T,NA,NA,NA,NA,20220121445
41,2022012,1620,2022,12,16,20,NA,NA,T,NA,NA,NA,NA,20220121620
42,2022012,1630,2022,12,16,30,NA,NA,A,NA,NA,NA,NA,20220121630
43,2022012,1805,2022,12,18,5,NA,NA,A,NA,NA,NA,NA,20220121805
44,2022013,1350,2022,13,13,50,NA,NA,T,NA,NA,NA,NA,20220131350
45,2022013,1525,2022,13,15,25,NA,NA,T,NA,NA,NA,NA,20220131525
46,2022013,1710,2022,13,17,10,NA,NA,A,NA,NA,NA,NA,20220131710
47,2022013,1850,2022,13,18,50,NA,NA,A,NA,NA,NA,NA,20220131850
48,2022014,1430,2022,14,14,30,NA,NA,T,NA,NA,NA,NA,20220141430
49,2022014,1610,2022,14,16,10,39.0375,-76.83347696,T,0.00925,0.00662,0.0612,0,20220141610
50,2022014,1755,2022,14,17,55,NA,NA,A,NA,NA,NA,NA,20220141755
51,2022015,1515,2022,15,15,15,NA,NA,T,NA,NA,NA,NA,20220151515
52,2022015,1650,2022,15,16,50,NA,NA,T,NA,NA,NA,NA,20220151650
53,2022015,1700,2022,15,17,0,NA,NA,A,NA,NA,NA,NA,20220151700
54,2022015,1835,2022,15,18,35,NA,NA,A,NA,NA,NA,NA,20220151835
55,2022016,1420,2022,16,14,20,NA,NA,T,NA,NA,NA,NA,20220161420
56,2022016,1555,2022,16,15,55,NA,NA,T,NA,NA,NA,NA,20220161555
57,2022016,1740,2022,16,17,40,NA,NA,A,NA,NA,NA,NA,20220161740
58,2022017,1500,2022,17,15,0,NA,NA,T,NA,NA,NA,NA,20220171500
59,2022017,1640,2022,17,16,40,NA,NA,T,NA,NA,NA,NA,20220171640
60,2022017,1645,2022,17,16,45,NA,NA,A,NA,NA,NA,NA,20220171645
61,2022017,1825,2022,17,18,25,NA,NA,A,NA,NA,NA,NA,20220171825
62,2022018,1405,2022,18,14,5,NA,NA,T,NA,NA,NA,NA,20220181405
63,2022018,1545,2022,18,15,45,NA,NA,T,NA,NA,NA,NA,20220181545
64,2022018,1730,2022,18,17,30,NA,NA,A,NA,NA,NA,NA,20220181730
65,2022018,1910,2022,18,19,10,NA,NA,A,NA,NA,NA,NA,20220181910
66,2022019,1450,2022,19,14,50,NA,NA,T,NA,NA,NA,NA,20220191450
67,2022019,1625,2022,19,16,25,38.97083333,-76.78254291,T,0.049,0.0345,0.0079,0,20220191625
68,2022019,1635,2022,19,16,35,NA,NA,A,NA,NA,NA,NA,20220191635
69,2022019,1810,2022,19,18,10,NA,NA,A,NA,NA,NA,NA,20220191810
70,2022020,1355,2022,20,13,55,NA,NA,T,NA,NA,NA,NA,20220201355
71,2022020,1530,2022,20,15,30,NA,NA,T,NA,NA,NA,NA,20220201530
72,2022020,1720,2022,20,17,20,NA,NA,A,NA,NA,NA,NA,20220201720
73,2022020,1855,2022,20,18,55,NA,NA,A,NA,NA,NA,NA,20220201855
74,2022021,1435,2022,21,14,35,NA,NA,T,NA,NA,NA,NA,20220211435
75,2022021,1615,2022,21,16,15,NA,NA,T,NA,NA,NA,NA,20220211615
76,2022021,1620,2022,21,16,20,NA,NA,A,NA,NA,NA,NA,20220211620
77,2022021,1800,2022,21,18,0,NA,NA,A,NA,NA,NA,NA,20220211800
78,2022022,1520,2022,22,15,20,39.0375,-76.88712039,T,0.00808,0.00576,0.0161,0,20220221520
79,2022022,1655,2022,22,16,55,NA,NA,T,NA,NA,NA,NA,20220221655
80,2022022,1705,2022,22,17,5,NA,NA,A,NA,NA,NA,NA,20220221705
81,2022022,1845,2022,22,18,45,39.0375,-76.88712039,A,0.00238,0.00169,0.0121,0,20220221845
82,2022023,1425,2022,23,14,25,NA,NA,T,NA,NA,NA,NA,20220231425
83,2022023,1600,2022,23,16,0,NA,NA,T,NA,NA,NA,NA,20220231600
84,2022023,1750,2022,23,17,50,NA,NA,A,NA,NA,NA,NA,20220231750
85,2022024,1505,2022,24,15,5,39.0375,-76.88712039,T,0.09136,0.06544,0.0055,0,20220241505
86,2022024,1645,2022,24,16,45,39.0375,-76.88712039,T,0.09227,0.06607,0.0051,0,20220241645
87,2022024,1655,2022,24,16,55,NA,NA,A,NA,NA,NA,NA,20220241655
88,2022024,1830,2022,24,18,30,NA,NA,A,NA,NA,NA,NA,20220241830
89,2022025,1410,2022,25,14,10,NA,NA,T,NA,NA,NA,NA,20220251410
90,2022025,1550,2022,25,15,50,NA,NA,T,NA,NA,NA,NA,20220251550
91,2022025,1735,2022,25,17,35,NA,NA,A,NA,NA,NA,NA,20220251735
92,2022025,1915,2022,25,19,15,NA,NA,A,NA,NA,NA,NA,20220251915
93,2022026,1455,2022,26,14,55,NA,NA,T,NA,NA,NA,NA,20220261455
94,2022026,1630,2022,26,16,30,39.0375,-76.88712039,T,0.06264,0.0449,0.0125,0,20220261630
95,2022026,1640,2022,26,16,40,NA,NA,A,NA,NA,NA,NA,20220261640
96,2022026,1820,2022,26,18,20,39.0375,-76.88712039,A,0.01283,0.00905,0.0214,0,20220261820
97,2022027,1400,2022,27,14,0,NA,NA,T,NA,NA,NA,NA,20220271400
98,2022027,1540,2022,27,15,40,39.0375,-76.88712039,T,0.05731,0.04096,0.0155,0,20220271540
99,2022027,1725,2022,27,17,25,39.0375,-76.88712039,A,0.00869,0.00608,0.0049,0,20220271725
100,2022027,1900,2022,27,19,0,39.0375,-76.88712039,A,0.04951,0.03535,0.0069,0,20220271900
101,2022028,1445,2022,28,14,45,NA,NA,T,NA,NA,NA,NA,20220281445
102,2022028,1620,2022,28,16,20,NA,NA,T,NA,NA,NA,NA,20220281620
103,2022028,1630,2022,28,16,30,NA,NA,A,NA,NA,NA,NA,20220281630
104,2022028,1805,2022,28,18,5,NA,NA,A,NA,NA,NA,NA,20220281805
105,2022029,1345,2022,29,13,45,NA,NA,T,NA,NA,NA,NA,20220291345
106,2022029,1525,2022,29,15,25,NA,NA,T,NA,NA,NA,NA,20220291525
107,2022029,1710,2022,29,17,10,NA,NA,A,NA,NA,NA,NA,20220291710
108,2022029,1850,2022,29,18,50,NA,NA,A,NA,NA,NA,NA,20220291850
109,2022030,1430,2022,30,14,30,NA,NA,T,NA,NA,NA,NA,20220301430
110,2022030,1610,2022,30,16,10,NA,NA,T,NA,NA,NA,NA,20220301610
111,2022030,1755,2022,30,17,55,NA,NA,A,NA,NA,NA,NA,20220301755
112,2022031,1515,2022,31,15,15,NA,NA,T,NA,NA,NA,NA,20220311515
113,2022031,1650,2022,31,16,50,NA,NA,T,NA,NA,NA,NA,20220311650
114,2022031,1700,2022,31,17,0,NA,NA,A,NA,NA,NA,NA,20220311700
115,2022031,1835,2022,31,18,35,NA,NA,A,NA,NA,NA,NA,20220311835
116,2022032,1420,2022,32,14,20,NA,NA,T,NA,NA,NA,NA,20220321420
117,2022032,1555,2022,32,15,55,NA,NA,T,NA,NA,NA,NA,20220321555
118,2022032,1740,2022,32,17,40,39.0375,-76.88712039,A,0.05937,0.04242,0.0092,0,20220321740
119,2022033,1500,2022,33,15,0,NA,NA,T,NA,NA,NA,NA,20220331500
120,2022033,1635,2022,33,16,35,NA,NA,T,NA,NA,NA,NA,20220331635
121,2022033,1645,2022,33,16,45,NA,NA,A,NA,NA,NA,NA,20220331645
122,2022033,1825,2022,33,18,25,39.0375,-76.88712039,A,0.08645,0.06187,0.0223,0,20220331825
123,2022034,1405,2022,34,14,5,NA,NA,T,NA,NA,NA,NA,20220341405
124,2022034,1545,2022,34,15,45,NA,NA,T,NA,NA,NA,NA,20220341545
125,2022034,1730,2022,34,17,30,NA,NA,A,NA,NA,NA,NA,20220341730
126,2022034,1910,2022,34,19,10,NA,NA,A,NA,NA,NA,NA,20220341910
127,2022035,1450,2022,35,14,50,NA,NA,T,NA,NA,NA,NA,20220351450
128,2022035,1625,2022,35,16,25,NA,NA,T,NA,NA,NA,NA,20220351625
129,2022035,1635,2022,35,16,35,NA,NA,A,NA,NA,NA,NA,20220351635
130,2022035,1810,2022,35,18,10,NA,NA,A,NA,NA,NA,NA,20220351810
131,2022036,1355,2022,36,13,55,NA,NA,T,NA,NA,NA,NA,20220361355
132,2022036,1530,2022,36,15,30,39.0375,-76.81201959,T,0.08362,0.06,0.0117,0,20220361530
133,2022036,1715,2022,36,17,15,NA,NA,A,NA,NA,NA,NA,20220361715
134,2022036,1855,2022,36,18,55,39.0375,-76.88712039,A,0.03717,0.02652,0.009,0,20220361855
135,2022037,1435,2022,37,14,35,NA,NA,T,NA,NA,NA,NA,20220371435
136,2022037,1615,2022,37,16,15,39.0375,-76.88712039,T,0,0,0.014,0,20220371615
137,2022037,1620,2022,37,16,20,NA,NA,A,NA,NA,NA,NA,20220371620
138,2022037,1800,2022,37,18,0,39.0375,-76.88712039,A,0.00065,0.00041,0.0177,0,20220371800
139,2022038,1520,2022,38,15,20,NA,NA,T,NA,NA,NA,NA,20220381520
140,2022038,1655,2022,38,16,55,NA,NA,T,NA,NA,NA,NA,20220381655
141,2022038,1705,2022,38,17,5,NA,NA,A,NA,NA,NA,NA,20220381705
142,2022038,1845,2022,38,18,45,NA,NA,A,NA,NA,NA,NA,20220381845
143,2022039,1425,2022,39,14,25,NA,NA,T,NA,NA,NA,NA,20220391425
144,2022039,1600,2022,39,16,0,39.0375,-76.88712039,T,0.07247,0.05188,0.0201,0,20220391600
145,2022039,1750,2022,39,17,50,39.0375,-76.88712039,A,0.07245,0.05183,0.0109,0,20220391750
146,2022040,1505,2022,40,15,5,39.0375,-76.88712039,T,0.04591,0.03279,0.0061,0,20220401505
147,2022040,1645,2022,40,16,45,39.0375,-76.88712039,T,0.08737,0.06249,0.0052,0,20220401645
148,2022040,1655,2022,40,16,55,NA,NA,A,NA,NA,NA,NA,20220401655
149,2022040,1830,2022,40,18,30,39.0375,-76.88712039,A,0.0032,0.00217,0.0189,0,20220401830
150,2022041,1410,2022,41,14,10,NA,NA,T,NA,NA,NA,NA,20220411410
151,2022041,1550,2022,41,15,50,39.0375,-76.88712039,T,0.02246,0.01593,0.0211,0,20220411550
152,2022041,1735,2022,41,17,35,NA,NA,A,NA,NA,NA,NA,20220411735
153,2022041,1915,2022,41,19,15,NA,NA,A,NA,NA,NA,NA,20220411915
154,2022042,1455,2022,42,14,55,NA,NA,T,NA,NA,NA,NA,20220421455
155,2022042,1630,2022,42,16,30,39.0375,-76.88712039,T,0.06703,0.0479,0.0074,0,20220421630
156,2022042,1640,2022,42,16,40,NA,NA,A,NA,NA,NA,NA,20220421640
157,2022042,1820,2022,42,18,20,39.0375,-76.88712039,A,0.01193,0.00842,0.0223,0,20220421820
158,2022043,1400,2022,43,14,0,NA,NA,T,NA,NA,NA,NA,20220431400
159,2022043,1540,2022,43,15,40,39.02083333,-76.84754009,T,0.25445,0.18331,0.0153,0,20220431540
160,2022043,1725,2022,43,17,25,NA,NA,A,NA,NA,NA,NA,20220431725
161,2022043,1900,2022,43,19,0,NA,NA,A,NA,NA,NA,NA,20220431900
162,2022044,1440,2022,44,14,40,NA,NA,T,NA,NA,NA,NA,20220441440
163,2022044,1620,2022,44,16,20,NA,NA,T,NA,NA,NA,NA,20220441620
164,2022044,1625,2022,44,16,25,NA,NA,A,NA,NA,NA,NA,20220441625
165,2022044,1805,2022,44,18,5,NA,NA,A,NA,NA,NA,NA,20220441805
166,2022045,1345,2022,45,13,45,NA,NA,T,NA,NA,NA,NA,20220451345
167,2022045,1525,2022,45,15,25,NA,NA,T,NA,NA,NA,NA,20220451525
168,2022045,1710,2022,45,17,10,NA,NA,A,NA,NA,NA,NA,20220451710
169,2022045,1850,2022,45,18,50,NA,NA,A,NA,NA,NA,NA,20220451850
170,2022046,1430,2022,46,14,30,NA,NA,T,NA,NA,NA,NA,20220461430
171,2022046,1610,2022,46,16,10,39.0125,-76.87065893,T,0.0857,0.06134,0.0172,0,20220461610
172,2022046,1755,2022,46,17,55,39.0375,-76.88712039,A,0.11254,0.08069,0.0149,0,20220461755
173,2022047,1515,2022,47,15,15,39.02916666,-76.79223515,T,0.17286,0.124,0.0074,0,20220471515
174,2022047,1650,2022,47,16,50,NA,NA,T,NA,NA,NA,NA,20220471650
175,2022047,1700,2022,47,17,0,NA,NA,A,NA,NA,NA,NA,20220471700
176,2022047,1835,2022,47,18,35,NA,NA,A,NA,NA,NA,NA,20220471835
177,2022048,1420,2022,48,14,20,NA,NA,T,NA,NA,NA,NA,20220481420
178,2022048,1555,2022,48,15,55,NA,NA,T,NA,NA,NA,NA,20220481555
179,2022048,1740,2022,48,17,40,NA,NA,A,NA,NA,NA,NA,20220481740
180,2022049,1500,2022,49,15,0,NA,NA,T,NA,NA,NA,NA,20220491500
181,2022049,1635,2022,49,16,35,NA,NA,T,NA,NA,NA,NA,20220491635
182,2022049,1645,2022,49,16,45,NA,NA,A,NA,NA,NA,NA,20220491645
183,2022049,1825,2022,49,18,25,NA,NA,A,NA,NA,NA,NA,20220491825
184,2022050,1405,2022,50,14,5,NA,NA,T,NA,NA,NA,NA,20220501405
185,2022050,1545,2022,50,15,45,NA,NA,T,NA,NA,NA,NA,20220501545
186,2022050,1730,2022,50,17,30,38.97083333,-76.79326149,A,0.10867,0.07783,0.0067,0,20220501730
187,2022050,1905,2022,50,19,5,39.0375,-76.8763917,A,0.12835,0.09205,0.007,0,20220501905
188,2022051,1450,2022,51,14,50,NA,NA,T,NA,NA,NA,NA,20220511450
189,2022051,1625,2022,51,16,25,39.0375,-76.88712039,T,0.04175,0.02986,0.0103,0,20220511625
190,2022051,1635,2022,51,16,35,NA,NA,A,NA,NA,NA,NA,20220511635
191,2022051,1810,2022,51,18,10,39.0375,-76.88712039,A,0.00046,0.00031,0.0288,0,20220511810
192,2022052,1355,2022,52,13,55,NA,NA,T,NA,NA,NA,NA,20220521355
193,2022052,1530,2022,52,15,30,39.0375,-76.88712039,T,0.02919,0.02076,0.0156,0,20220521530
194,2022052,1715,2022,52,17,15,NA,NA,A,NA,NA,NA,NA,20220521715
195,2022052,1855,2022,52,18,55,39.0375,-76.88712039,A,0.02547,0.01813,0.0107,0,20220521855
196,2022053,1435,2022,53,14,35,NA,NA,T,NA,NA,NA,NA,20220531435
197,2022053,1615,2022,53,16,15,NA,NA,T,NA,NA,NA,NA,20220531615
198,2022053,1620,2022,53,16,20,NA,NA,A,NA,NA,NA,NA,20220531620
199,2022053,1800,2022,53,18,0,NA,NA,A,NA,NA,NA,NA,20220531800
200,2022054,1520,2022,54,15,20,NA,NA,T,NA,NA,NA,NA,20220541520
201,2022054,1705,2022,54,17,5,NA,NA,A,NA,NA,NA,NA,20220541705
202,2022054,1840,2022,54,18,40,NA,NA,A,NA,NA,NA,NA,20220541840
203,2022055,1425,2022,55,14,25,NA,NA,T,NA,NA,NA,NA,20220551425
204,2022055,1600,2022,55,16,0,NA,NA,T,NA,NA,NA,NA,20220551600
205,2022055,1745,2022,55,17,45,NA,NA,A,NA,NA,NA,NA,20220551745
206,2022056,1505,2022,56,15,5,NA,NA,T,NA,NA,NA,NA,20220561505
207,2022056,1645,2022,56,16,45,NA,NA,T,NA,NA,NA,NA,20220561645
208,2022056,1650,2022,56,16,50,NA,NA,A,NA,NA,NA,NA,20220561650
209,2022056,1830,2022,56,18,30,39.0375,-76.88712039,A,0.1015,0.07265,0.0223,0,20220561830
210,2022057,1410,2022,57,14,10,NA,NA,T,NA,NA,NA,NA,20220571410
211,2022057,1550,2022,57,15,50,NA,NA,T,NA,NA,NA,NA,20220571550
212,2022057,1735,2022,57,17,35,NA,NA,A,NA,NA,NA,NA,20220571735
213,2022057,1915,2022,57,19,15,NA,NA,A,NA,NA,NA,NA,20220571915
214,2022058,1455,2022,58,14,55,NA,NA,T,NA,NA,NA,NA,20220581455
215,2022058,1630,2022,58,16,30,39.0375,-76.88712039,T,0.10329,0.074,0.0091,0,20220581630
216,2022058,1640,2022,58,16,40,NA,NA,A,NA,NA,NA,NA,20220581640
217,2022058,1820,2022,58,18,20,39.0375,-76.88712039,A,0.03414,0.02438,0.0273,0,20220581820
218,2022059,1400,2022,59,14,0,NA,NA,T,NA,NA,NA,NA,20220591400
219,2022059,1535,2022,59,15,35,39.0375,-76.88712039,T,0.09414,0.06744,0.0192,0,20220591535
220,2022059,1725,2022,59,17,25,39.0375,-76.88712039,A,0.07895,0.05641,0.0068,0,20220591725
221,2022059,1900,2022,59,19,0,39.0375,-76.88712039,A,0.06691,0.04782,0.0094,0,20220591900
222,2022060,1440,2022,60,14,40,NA,NA,T,NA,NA,NA,NA,20220601440
223,2022060,1620,2022,60,16,20,NA,NA,T,NA,NA,NA,NA,20220601620
224,2022060,1625,2022,60,16,25,NA,NA,A,NA,NA,NA,NA,20220601625
225,2022060,1805,2022,60,18,5,NA,NA,A,NA,NA,NA,NA,20220601805
226,2022061,1345,2022,61,13,45,NA,NA,T,NA,NA,NA,NA,20220611345
227,2022061,1525,2022,61,15,25,39.0375,-76.79056222,T,0.22611,0.16278,0.0127,0,20220611525
228,2022061,1710,2022,61,17,10,NA,NA,A,NA,NA,NA,NA,20220611710
229,2022061,1850,2022,61,18,50,39.0125,-76.85993404,A,0.11614,0.08321,0.0129,0,20220611850
230,2022062,1430,2022,62,14,30,NA,NA,T,NA,NA,NA,NA,20220621430
231,2022062,1605,2022,62,16,5,39.0375,-76.88712039,T,0.08068,0.0577,0.0233,0,20220621605
232,2022062,1755,2022,62,17,55,38.9875,-76.81133933,A,0.0961,0.06877,0.0179,0,20220621755
233,2022063,1515,2022,63,15,15,39.0375,-76.88712039,T,0.07726,0.05525,0.0097,0,20220631515
234,2022063,1650,2022,63,16,50,39.0375,-76.88712039,T,0.09217,0.06598,0.0058,0,20220631650
235,2022063,1700,2022,63,17,0,NA,NA,A,NA,NA,NA,NA,20220631700
236,2022063,1835,2022,63,18,35,39.0375,-76.88712039,A,0.04675,0.03342,0.0211,0,20220631835
237,2022064,1415,2022,64,14,15,NA,NA,T,NA,NA,NA,NA,20220641415
238,2022064,1555,2022,64,15,55,39.0375,-76.88712039,T,0.30107,0.21735,0.0289,0,20220641555
239,2022064,1740,2022,64,17,40,39.0375,-76.88712039,A,0.2361,0.17008,0.0123,0,20220641740
240,2022065,1500,2022,65,15,0,NA,NA,T,NA,NA,NA,NA,20220651500
241,2022065,1635,2022,65,16,35,NA,NA,T,NA,NA,NA,NA,20220651635
242,2022065,1645,2022,65,16,45,NA,NA,A,NA,NA,NA,NA,20220651645
243,2022065,1825,2022,65,18,25,NA,NA,A,NA,NA,NA,NA,20220651825
244,2022066,1405,2022,66,14,5,NA,NA,T,NA,NA,NA,NA,20220661405
245,2022066,1545,2022,66,15,45,NA,NA,T,NA,NA,NA,NA,20220661545
246,2022066,1730,2022,66,17,30,NA,NA,A,NA,NA,NA,NA,20220661730
247,2022066,1905,2022,66,19,5,NA,NA,A,NA,NA,NA,NA,20220661905
248,2022067,1450,2022,67,14,50,NA,NA,T,NA,NA,NA,NA,20220671450
249,2022067,1625,2022,67,16,25,39.0375,-76.81201959,T,0.13116,0.09415,0.0112,0,20220671625
250,2022067,1635,2022,67,16,35,NA,NA,A,NA,NA,NA,NA,20220671635
251,2022067,1810,2022,67,18,10,NA,NA,A,NA,NA,NA,NA,20220671810
252,2022068,1350,2022,68,13,50,NA,NA,T,NA,NA,NA,NA,20220681350
253,2022068,1530,2022,68,15,30,NA,NA,T,NA,NA,NA,NA,20220681530
254,2022068,1715,2022,68,17,15,NA,NA,A,NA,NA,NA,NA,20220681715
255,2022068,1855,2022,68,18,55,NA,NA,A,NA,NA,NA,NA,20220681855
256,2022069,1435,2022,69,14,35,NA,NA,T,NA,NA,NA,NA,20220691435
257,2022069,1615,2022,69,16,15,38.9625,-76.82709747,T,0.29967,0.216,0.0204,0,20220691615
258,2022069,1620,2022,69,16,20,NA,NA,A,NA,NA,NA,NA,20220691620
259,2022069,1800,2022,69,18,0,39.02916666,-76.83514483,A,0.43635,0.31653,0.0221,0,20220691800
260,2022070,1520,2022,70,15,20,39.0375,-76.88712039,T,0.13454,0.09645,0.0124,0,20220701520
261,2022070,1655,2022,70,16,55,NA,NA,T,NA,NA,NA,NA,20220701655
262,2022070,1705,2022,70,17,5,NA,NA,A,NA,NA,NA,NA,20220701705
263,2022070,1840,2022,70,18,40,39.0375,-76.88712039,A,0.09482,0.06786,0.0189,0,20220701840
264,2022071,1425,2022,71,14,25,NA,NA,T,NA,NA,NA,NA,20220711425
265,2022071,1600,2022,71,16,0,NA,NA,T,NA,NA,NA,NA,20220711600
266,2022071,1745,2022,71,17,45,NA,NA,A,NA,NA,NA,NA,20220711745
267,2022072,1505,2022,72,15,5,39.0375,-76.83347696,T,0.30086,0.21726,0.0088,0,20220721505
268,2022072,1640,2022,72,16,40,39.0125,-76.88138383,T,0.31725,0.22925,0.0073,0,20220721640
269,2022072,1650,2022,72,16,50,NA,NA,A,NA,NA,NA,NA,20220721650
270,2022072,1830,2022,72,18,30,NA,NA,A,NA,NA,NA,NA,20220721830
271,2022073,1410,2022,73,14,10,NA,NA,T,NA,NA,NA,NA,20220731410
272,2022073,1550,2022,73,15,50,39.0375,-76.88712039,T,0.0983,0.07044,0.0318,0,20220731550
273,2022073,1735,2022,73,17,35,39.0375,-76.88712039,A,0.09162,0.06558,0.0106,0,20220731735
274,2022073,1910,2022,73,19,10,NA,NA,A,NA,NA,NA,NA,20220731910
275,2022074,1455,2022,74,14,55,NA,NA,T,NA,NA,NA,NA,20220741455
276,2022074,1630,2022,74,16,30,39.0375,-76.88712039,T,0.12977,0.09301,0.0116,0,20220741630
277,2022074,1640,2022,74,16,40,NA,NA,A,NA,NA,NA,NA,20220741640
278,2022074,1815,2022,74,18,15,39.0375,-76.88712039,A,0.05641,0.04031,0.0335,0,20220741815
279,2022075,1400,2022,75,14,0,NA,NA,T,NA,NA,NA,NA,20220751400
280,2022075,1535,2022,75,15,35,39.0375,-76.88712039,T,0.08454,0.06054,0.0233,0,20220751535
281,2022075,1720,2022,75,17,20,39.0375,-76.88712039,A,0.09425,0.0675,0.0079,0,20220751720
282,2022075,1900,2022,75,19,0,NA,NA,A,NA,NA,NA,NA,20220751900
283,2022076,1440,2022,76,14,40,NA,NA,T,NA,NA,NA,NA,20220761440
284,2022076,1620,2022,76,16,20,NA,NA,T,NA,NA,NA,NA,20220761620
285,2022076,1625,2022,76,16,25,NA,NA,A,NA,NA,NA,NA,20220761625
286,2022076,1805,2022,76,18,5,NA,NA,A,NA,NA,NA,NA,20220761805
287,2022077,1345,2022,77,13,45,NA,NA,T,NA,NA,NA,NA,20220771345
288,2022077,1525,2022,77,15,25,39.0375,-76.88712039,T,0.14953,0.10731,0.0151,0,20220771525
289,2022077,1710,2022,77,17,10,NA,NA,A,NA,NA,NA,NA,20220771710
290,2022077,1845,2022,77,18,45,NA,NA,A,NA,NA,NA,NA,20220771845
291,2022078,1430,2022,78,14,30,NA,NA,T,NA,NA,NA,NA,20220781430
292,2022078,1605,2022,78,16,5,NA,NA,T,NA,NA,NA,NA,20220781605
293,2022078,1750,2022,78,17,50,NA,NA,A,NA,NA,NA,NA,20220781750
294,2022079,1510,2022,79,15,10,NA,NA,T,NA,NA,NA,NA,20220791510
295,2022079,1650,2022,79,16,50,NA,NA,T,NA,NA,NA,NA,20220791650
296,2022079,1655,2022,79,16,55,NA,NA,A,NA,NA,NA,NA,20220791655
297,2022079,1835,2022,79,18,35,NA,NA,A,NA,NA,NA,NA,20220791835
298,2022080,1415,2022,80,14,15,NA,NA,T,NA,NA,NA,NA,20220801415
299,2022080,1555,2022,80,15,55,39.0375,-76.88712039,T,0.10255,0.07351,0.0317,0,20220801555
300,2022080,1740,2022,80,17,40,38.9625,-76.79494551,A,0.1875,0.134,0.0129,0,20220801740
301,2022081,1500,2022,81,15,0,NA,NA,T,NA,NA,NA,NA,20220811500
302,2022081,1635,2022,81,16,35,39.0375,-76.88712039,T,0.67672,0.49417,0.01,0,20220811635
303,2022081,1645,2022,81,16,45,NA,NA,A,NA,NA,NA,NA,20220811645
304,2022081,1825,2022,81,18,25,39.0375,-76.88712039,A,0.53804,0.39135,0.0315,0,20220811825
305,2022082,1405,2022,82,14,5,NA,NA,T,NA,NA,NA,NA,20220821405
306,2022082,1545,2022,82,15,45,NA,NA,T,NA,NA,NA,NA,20220821545
307,2022083,1445,2022,83,14,45,NA,NA,T,NA,NA,NA,NA,20220831445
308,2022083,1625,2022,83,16,25,NA,NA,T,NA,NA,NA,NA,20220831625
309,2022083,1630,2022,83,16,30,NA,NA,A,NA,NA,NA,NA,20220831630
310,2022083,1810,2022,83,18,10,NA,NA,A,NA,NA,NA,NA,20220831810
311,2022084,1350,2022,84,13,50,NA,NA,T,NA,NA,NA,NA,20220841350
312,2022084,1530,2022,84,15,30,39.0375,-76.88712039,T,0.13595,0.0975,0.0198,0,20220841530
313,2022084,1715,2022,84,17,15,NA,NA,A,NA,NA,NA,NA,20220841715
314,2022084,1855,2022,84,18,55,NA,NA,A,NA,NA,NA,NA,20220841855
315,2022085,1435,2022,85,14,35,NA,NA,T,NA,NA,NA,NA,20220851435
316,2022085,1610,2022,85,16,10,NA,NA,T,NA,NA,NA,NA,20220851610
317,2022085,1800,2022,85,18,0,NA,NA,A,NA,NA,NA,NA,20220851800
318,2022086,1520,2022,86,15,20,NA,NA,T,NA,NA,NA,NA,20220861520
319,2022086,1655,2022,86,16,55,NA,NA,T,NA,NA,NA,NA,20220861655
320,2022086,1705,2022,86,17,5,NA,NA,A,NA,NA,NA,NA,20220861705
321,2022086,1840,2022,86,18,40,NA,NA,A,NA,NA,NA,NA,20220861840
322,2022087,1425,2022,87,14,25,NA,NA,T,NA,NA,NA,NA,20220871425
323,2022087,1600,2022,87,16,0,NA,NA,T,NA,NA,NA,NA,20220871600
324,2022087,1745,2022,87,17,45,NA,NA,A,NA,NA,NA,NA,20220871745
325,2022088,1505,2022,88,15,5,39.0375,-76.88712039,T,0.0729,0.05215,0.0098,0,20220881505
326,2022088,1640,2022,88,16,40,39.0375,-76.88712039,T,0.09125,0.06529,0.0095,0,20220881640
327,2022088,1650,2022,88,16,50,NA,NA,A,NA,NA,NA,NA,20220881650
328,2022088,1830,2022,88,18,30,39.0375,-76.88712039,A,0.03746,0.02669,0.0317,0,20220881830
329,2022089,1410,2022,89,14,10,NA,NA,T,NA,NA,NA,NA,20220891410
330,2022089,1550,2022,89,15,50,39.0375,-76.88712039,T,0.47592,0.34563,0.0356,0,20220891550
331,2022089,1735,2022,89,17,35,NA,NA,A,NA,NA,NA,NA,20220891735
332,2022089,1910,2022,89,19,10,NA,NA,A,NA,NA,NA,NA,20220891910
333,2022090,1455,2022,90,14,55,NA,NA,T,NA,NA,NA,NA,20220901455
334,2022090,1630,2022,90,16,30,NA,NA,T,NA,NA,NA,NA,20220901630
1,2022091,1400,2022,91,14,0,NA,NA,T,NA,NA,NA,NA,20220911400
2,2022091,1535,2022,91,15,35,NA,NA,T,NA,NA,NA,NA,20220911535
3,2022092,1440,2022,92,14,40,NA,NA,T,NA,NA,NA,NA,20220921440
4,2022092,1620,2022,92,16,20,39.0375,-76.88712039,T,0.11064,0.07934,0.0226,0,20220921620
5,2022093,1345,2022,93,13,45,NA,NA,T,NA,NA,NA,NA,20220931345
6,2022093,1525,2022,93,15,25,NA,NA,T,NA,NA,NA,NA,20220931525
7,2022094,1430,2022,94,14,30,NA,NA,T,NA,NA,NA,NA,20220941430
8,2022094,1605,2022,94,16,5,NA,NA,T,NA,NA,NA,NA,20220941605
9,2022095,1510,2022,95,15,10,NA,NA,T,NA,NA,NA,NA,20220951510
10,2022095,1645,2022,95,16,45,NA,NA,T,NA,NA,NA,NA,20220951645
11,2022096,1415,2022,96,14,15,NA,NA,T,NA,NA,NA,NA,20220961415
12,2022096,1555,2022,96,15,55,NA,NA,T,NA,NA,NA,NA,20220961555
13,2022097,1500,2022,97,15,0,NA,NA,T,NA,NA,NA,NA,20220971500
14,2022097,1635,2022,97,16,35,NA,NA,T,NA,NA,NA,NA,20220971635
15,2022098,1405,2022,98,14,5,NA,NA,T,NA,NA,NA,NA,20220981405
16,2022098,1540,2022,98,15,40,39.0375,-76.88712039,T,0.12516,0.08971,0.0294,0,20220981540
17,2022099,1445,2022,99,14,45,NA,NA,T,NA,NA,NA,NA,20220991445
18,2022099,1625,2022,99,16,25,NA,NA,T,NA,NA,NA,NA,20220991625
19,2022100,1350,2022,100,13,50,NA,NA,T,NA,NA,NA,NA,20221001350
20,2022100,1530,2022,100,15,30,NA,NA,T,NA,NA,NA,NA,20221001530
21,2022101,1435,2022,101,14,35,NA,NA,T,NA,NA,NA,NA,20221011435
22,2022101,1610,2022,101,16,10,NA,NA,T,NA,NA,NA,NA,20221011610
23,2022102,1520,2022,102,15,20,NA,NA,T,NA,NA,NA,NA,20221021520
24,2022102,1655,2022,102,16,55,NA,NA,T,NA,NA,NA,NA,20221021655
25,2022103,1420,2022,103,14,20,NA,NA,T,NA,NA,NA,NA,20221031420
26,2022103,1600,2022,103,16,0,NA,NA,T,NA,NA,NA,NA,20221031600
27,2022104,1505,2022,104,15,5,NA,NA,T,NA,NA,NA,NA,20221041505
28,2022104,1640,2022,104,16,40,38.95416666,-76.87164317,T,0.514,0.373,0.0114,0,20221041640
29,2022105,1410,2022,105,14,10,NA,NA,T,NA,NA,NA,NA,20221051410
30,2022105,1550,2022,105,15,50,39.0375,-76.88712039,T,0.10232,0.07333,0.0356,0,20221051550
31,2022106,1455,2022,106,14,55,NA,NA,T,NA,NA,NA,NA,20221061455
32,2022106,1630,2022,106,16,30,39.0375,-76.88712039,T,0.20369,0.14649,0.0155,0,20221061630
33,2022107,1400,2022,107,14,0,NA,NA,T,NA,NA,NA,NA,20221071400
34,2022107,1535,2022,107,15,35,39.0375,-76.88712039,T,0.17968,0.1291,0.0264,0,20221071535
35,2022107,1720,2022,107,17,20,NA,NA,A,NA,NA,NA,NA,20221071720
36,2022107,1855,2022,107,18,55,39.0375,-76.88712039,A,0.11854,0.08494,0.0139,0,20221071855
37,2022108,1440,2022,108,14,40,NA,NA,T,NA,NA,NA,NA,20221081440
38,2022108,1620,2022,108,16,20,NA,NA,A,NA,NA,NA,NA,20221081620
39,2022108,1620,2022,108,16,20,NA,NA,T,NA,NA,NA,NA,20221081620
40,2022108,1800,2022,108,18,0,NA,NA,A,NA,NA,NA,NA,20221081800
41,2022109,1345,2022,109,13,45,NA,NA,T,NA,NA,NA,NA,20221091345
42,2022109,1525,2022,109,15,25,NA,NA,T,NA,NA,NA,NA,20221091525
43,2022109,1705,2022,109,17,5,NA,NA,A,NA,NA,NA,NA,20221091705
44,2022109,1845,2022,109,18,45,NA,NA,A,NA,NA,NA,NA,20221091845
45,2022110,1430,2022,110,14,30,NA,NA,T,NA,NA,NA,NA,20221101430
46,2022110,1605,2022,110,16,5,39.0375,-76.88712039,T,0.15475,0.11101,0.0355,0,20221101605
47,2022110,1750,2022,110,17,50,39.0375,-76.88712039,A,0.1198,0.08582,0.0228,0,20221101750
48,2022111,1510,2022,111,15,10,NA,NA,T,NA,NA,NA,NA,20221111510
49,2022111,1645,2022,111,16,45,NA,NA,T,NA,NA,NA,NA,20221111645
50,2022111,1655,2022,111,16,55,NA,NA,A,NA,NA,NA,NA,20221111655
51,2022111,1830,2022,111,18,30,NA,NA,A,NA,NA,NA,NA,20221111830
52,2022112,1415,2022,112,14,15,NA,NA,T,NA,NA,NA,NA,20221121415
53,2022112,1555,2022,112,15,55,NA,NA,T,NA,NA,NA,NA,20221121555
54,2022112,1735,2022,112,17,35,39.0375,-76.88712039,A,0.16306,0.11699,0.0154,0,20221121735
55,2022112,1915,2022,112,19,15,NA,NA,A,NA,NA,NA,NA,20221121915
56,2022113,1500,2022,113,15,0,NA,NA,T,NA,NA,NA,NA,20221131500
57,2022113,1635,2022,113,16,35,NA,NA,T,NA,NA,NA,NA,20221131635
58,2022113,1640,2022,113,16,40,NA,NA,A,NA,NA,NA,NA,20221131640
59,2022113,1820,2022,113,18,20,NA,NA,A,NA,NA,NA,NA,20221131820
60,2022114,1405,2022,114,14,5,NA,NA,T,NA,NA,NA,NA,20221141405
61,2022114,1540,2022,114,15,40,39.0375,-76.88712039,T,0.27975,0.2018,0.0327,0,20221141540
62,2022114,1725,2022,114,17,25,39.0375,-76.88712039,A,0.27753,0.19997,0.011,0,20221141725
63,2022114,1905,2022,114,19,5,39.0375,-76.88712039,A,0.2332,0.16797,0.0132,0,20221141905
64,2022115,1445,2022,115,14,45,NA,NA,T,NA,NA,NA,NA,20221151445
65,2022115,1625,2022,115,16,25,NA,NA,T,NA,NA,NA,NA,20221151625
66,2022115,1630,2022,115,16,30,NA,NA,A,NA,NA,NA,NA,20221151630
67,2022115,1805,2022,115,18,5,NA,NA,A,NA,NA,NA,NA,20221151805
68,2022116,1350,2022,116,13,50,NA,NA,T,NA,NA,NA,NA,20221161350
69,2022116,1530,2022,116,15,30,NA,NA,T,NA,NA,NA,NA,20221161530
70,2022116,1710,2022,116,17,10,NA,NA,A,NA,NA,NA,NA,20221161710
71,2022116,1850,2022,116,18,50,NA,NA,A,NA,NA,NA,NA,20221161850
72,2022117,1435,2022,117,14,35,NA,NA,T,NA,NA,NA,NA,20221171435
73,2022117,1610,2022,117,16,10,NA,NA,T,NA,NA,NA,NA,20221171610
74,2022117,1755,2022,117,17,55,NA,NA,A,NA,NA,NA,NA,20221171755
75,2022118,1515,2022,118,15,15,39.0375,-76.88712039,T,0.16958,0.12164,0.0174,0,20221181515
76,2022118,1655,2022,118,16,55,NA,NA,T,NA,NA,NA,NA,20221181655
77,2022118,1700,2022,118,17,0,NA,NA,A,NA,NA,NA,NA,20221181700
78,2022118,1840,2022,118,18,40,39.0375,-76.88712039,A,0.19969,0.14359,0.0258,0,20221181840
79,2022119,1420,2022,119,14,20,NA,NA,T,NA,NA,NA,NA,20221191420
80,2022119,1600,2022,119,16,0,39.0375,-76.88712039,T,0.1863,0.13391,0.0397,0,20221191600
81,2022119,1745,2022,119,17,45,39.0375,-76.88712039,A,0.19321,0.13877,0.0186,0,20221191745
82,2022120,1505,2022,120,15,5,39.0375,-76.88712039,T,0.18695,0.13423,0.0124,0,20221201505
83,2022120,1640,2022,120,16,40,NA,NA,T,NA,NA,NA,NA,20221201640
84,2022120,1645,2022,120,16,45,NA,NA,A,NA,NA,NA,NA,20221201645
85,2022120,1825,2022,120,18,25,NA,NA,A,NA,NA,NA,NA,20221201825
86,2022121,1410,2022,121,14,10,NA,NA,T,NA,NA,NA,NA,20221211410
87,2022121,1550,2022,121,15,50,NA,NA,T,NA,NA,NA,NA,20221211550
88,2022121,1730,2022,121,17,30,NA,NA,A,NA,NA,NA,NA,20221211730
89,2022121,1910,2022,121,19,10,NA,NA,A,NA,NA,NA,NA,20221211910
90,2022122,1455,2022,122,14,55,NA,NA,T,NA,NA,NA,NA,20221221455
91,2022122,1630,2022,122,16,30,39.0375,-76.88712039,T,0.25546,0.184,0.0174,0,20221221630
92,2022122,1635,2022,122,16,35,NA,NA,A,NA,NA,NA,NA,20221221635
93,2022122,1815,2022,122,18,15,39.0375,-76.88712039,A,0.20544,0.14771,0.0382,0,20221221815
94,2022123,1355,2022,123,13,55,NA,NA,T,NA,NA,NA,NA,20221231355
95,2022123,1535,2022,123,15,35,NA,NA,T,NA,NA,NA,NA,20221231535
96,2022123,1720,2022,123,17,20,NA,NA,A,NA,NA,NA,NA,20221231720
97,2022123,1855,2022,123,18,55,NA,NA,A,NA,NA,NA,NA,20221231855
98,2022124,1440,2022,124,14,40,NA,NA,T,NA,NA,NA,NA,20221241440
99,2022124,1615,2022,124,16,15,NA,NA,T,NA,NA,NA,NA,20221241615
100,2022124,1620,2022,124,16,20,NA,NA,A,NA,NA,NA,NA,20221241620
101,2022124,1800,2022,124,18,0,NA,NA,A,NA,NA,NA,NA,20221241800
102,2022125,1345,2022,125,13,45,NA,NA,T,NA,NA,NA,NA,20221251345
103,2022125,1525,2022,125,15,25,NA,NA,T,NA,NA,NA,NA,20221251525
104,2022125,1705,2022,125,17,5,NA,NA,A,NA,NA,NA,NA,20221251705
105,2022125,1845,2022,125,18,45,NA,NA,A,NA,NA,NA,NA,20221251845
106,2022126,1430,2022,126,14,30,NA,NA,T,NA,NA,NA,NA,20221261430
107,2022126,1605,2022,126,16,5,NA,NA,T,NA,NA,NA,NA,20221261605
108,2022126,1750,2022,126,17,50,NA,NA,A,NA,NA,NA,NA,20221261750
109,2022127,1510,2022,127,15,10,NA,NA,T,NA,NA,NA,NA,20221271510
110,2022127,1645,2022,127,16,45,NA,NA,T,NA,NA,NA,NA,20221271645
111,2022127,1650,2022,127,16,50,NA,NA,A,NA,NA,NA,NA,20221271650
112,2022127,1830,2022,127,18,30,NA,NA,A,NA,NA,NA,NA,20221271830
113,2022128,1415,2022,128,14,15,NA,NA,T,NA,NA,NA,NA,20221281415
114,2022128,1555,2022,128,15,55,NA,NA,T,NA,NA,NA,NA,20221281555
115,2022128,1735,2022,128,17,35,NA,NA,A,NA,NA,NA,NA,20221281735
116,2022128,1915,2022,128,19,15,NA,NA,A,NA,NA,NA,NA,20221281915
117,2022129,1500,2022,129,15,0,NA,NA,T,NA,NA,NA,NA,20221291500
118,2022129,1635,2022,129,16,35,39.0375,-76.88712039,T,0.12147,0.08707,0.0145,0,20221291635
119,2022129,1640,2022,129,16,40,NA,NA,A,NA,NA,NA,NA,20221291640
120,2022129,1820,2022,129,18,20,39.0375,-76.88712039,A,0.096,0.0688,0.0397,0,20221291820
121,2022130,1405,2022,130,14,5,NA,NA,T,NA,NA,NA,NA,20221301405
122,2022130,1540,2022,130,15,40,39.0375,-76.88712039,T,0.10424,0.07476,0.0325,0,20221301540
123,2022130,1725,2022,130,17,25,39.0375,-76.88712039,A,0.10217,0.07315,0.0107,0,20221301725
124,2022130,1900,2022,130,19,0,39.0375,-76.88712039,A,0.10306,0.07381,0.0139,0,20221301900
125,2022131,1445,2022,131,14,45,NA,NA,T,NA,NA,NA,NA,20221311445
126,2022131,1625,2022,131,16,25,NA,NA,A,NA,NA,NA,NA,20221311625
127,2022131,1625,2022,131,16,25,NA,NA,T,NA,NA,NA,NA,20221311625
128,2022131,1805,2022,131,18,5,NA,NA,A,NA,NA,NA,NA,20221311805
129,2022132,1350,2022,132,13,50,NA,NA,T,NA,NA,NA,NA,20221321350
130,2022132,1530,2022,132,15,30,NA,NA,T,NA,NA,NA,NA,20221321530
131,2022132,1710,2022,132,17,10,NA,NA,A,NA,NA,NA,NA,20221321710
132,2022132,1850,2022,132,18,50,NA,NA,A,NA,NA,NA,NA,20221321850
133,2022133,1435,2022,133,14,35,NA,NA,T,NA,NA,NA,NA,20221331435
134,2022133,1610,2022,133,16,10,NA,NA,T,NA,NA,NA,NA,20221331610
135,2022133,1755,2022,133,17,55,NA,NA,A,NA,NA,NA,NA,20221331755
136,2022134,1515,2022,134,15,15,NA,NA,T,NA,NA,NA,NA,20221341515
137,2022134,1650,2022,134,16,50,NA,NA,T,NA,NA,NA,NA,20221341650
138,2022134,1700,2022,134,17,0,NA,NA,A,NA,NA,NA,NA,20221341700
139,2022134,1835,2022,134,18,35,NA,NA,A,NA,NA,NA,NA,20221341835
140,2022135,1420,2022,135,14,20,NA,NA,T,NA,NA,NA,NA,20221351420
141,2022135,1600,2022,135,16,0,NA,NA,T,NA,NA,NA,NA,20221351600
142,2022135,1740,2022,135,17,40,NA,NA,A,NA,NA,NA,NA,20221351740
143,2022136,1505,2022,136,15,5,NA,NA,T,NA,NA,NA,NA,20221361505
144,2022136,1640,2022,136,16,40,NA,NA,A,NA,NA,NA,NA,20221361640
145,2022136,1640,2022,136,16,40,NA,NA,T,NA,NA,NA,NA,20221361640
146,2022137,1410,2022,137,14,10,NA,NA,T,NA,NA,NA,NA,20221371410
147,2022137,1545,2022,137,15,45,39.0375,-76.88712039,T,0.2126,0.15297,0.0362,0,20221371545
148,2022137,1730,2022,137,17,30,NA,NA,A,NA,NA,NA,NA,20221371730
149,2022137,1905,2022,137,19,5,NA,NA,A,NA,NA,NA,NA,20221371905
150,2022138,1450,2022,138,14,50,NA,NA,T,NA,NA,NA,NA,20221381450
151,2022138,1630,2022,138,16,30,NA,NA,A,NA,NA,NA,NA,20221381630
152,2022138,1630,2022,138,16,30,39.0375,-76.88712039,T,0.25076,0.18069,0.0175,0,20221381630
153,2022138,1810,2022,138,18,10,39.0375,-76.84420565,A,0.24457,0.17617,0.0358,0,20221381810
154,2022139,1355,2022,139,13,55,NA,NA,T,NA,NA,NA,NA,20221391355
155,2022139,1535,2022,139,15,35,38.97916666,-76.86661758,T,0.26125,0.18825,0.0283,0,20221391535
156,2022139,1715,2022,139,17,15,NA,NA,A,NA,NA,NA,NA,20221391715
157,2022139,1855,2022,139,18,55,NA,NA,A,NA,NA,NA,NA,20221391855
158,2022140,1440,2022,140,14,40,NA,NA,T,NA,NA,NA,NA,20221401440
159,2022140,1615,2022,140,16,15,NA,NA,T,NA,NA,NA,NA,20221401615
160,2022140,1800,2022,140,18,0,NA,NA,A,NA,NA,NA,NA,20221401800
161,2022141,1345,2022,141,13,45,NA,NA,T,NA,NA,NA,NA,20221411345
162,2022141,1525,2022,141,15,25,NA,NA,T,NA,NA,NA,NA,20221411525
163,2022141,1705,2022,141,17,5,NA,NA,A,NA,NA,NA,NA,20221411705
164,2022141,1840,2022,141,18,40,38.9625,-76.78422819,A,0.484,0.352,0.0238,0,20221411840
165,2022142,1425,2022,142,14,25,NA,NA,T,NA,NA,NA,NA,20221421425
166,2022142,1605,2022,142,16,5,39.0375,-76.85493433,T,0.29495,0.21291,0.0331,0,20221421605
167,2022142,1745,2022,142,17,45,39.0375,-76.88712039,A,0.27864,0.20078,0.0208,0,20221421745
168,2022143,1510,2022,143,15,10,39.0375,-76.88712039,T,0.23942,0.17249,0.0148,0,20221431510
169,2022143,1645,2022,143,16,45,NA,NA,T,NA,NA,NA,NA,20221431645
170,2022143,1650,2022,143,16,50,NA,NA,A,NA,NA,NA,NA,20221431650
171,2022143,1830,2022,143,18,30,NA,NA,A,NA,NA,NA,NA,20221431830
172,2022144,1415,2022,144,14,15,NA,NA,T,NA,NA,NA,NA,20221441415
173,2022144,1555,2022,144,15,55,NA,NA,T,NA,NA,NA,NA,20221441555
174,2022144,1735,2022,144,17,35,NA,NA,A,NA,NA,NA,NA,20221441735
175,2022144,1910,2022,144,19,10,NA,NA,A,NA,NA,NA,NA,20221441910
176,2022145,1500,2022,145,15,0,NA,NA,T,NA,NA,NA,NA,20221451500
177,2022145,1635,2022,145,16,35,NA,NA,A,NA,NA,NA,NA,20221451635
178,2022145,1635,2022,145,16,35,38.95416666,-76.86092711,T,4.404,3.422,0.0156,0,20221451635
179,2022145,1815,2022,145,18,15,NA,NA,A,NA,NA,NA,NA,20221451815
180,2022146,1400,2022,146,14,0,NA,NA,T,NA,NA,NA,NA,20221461400
181,2022146,1540,2022,146,15,40,NA,NA,T,NA,NA,NA,NA,20221461540
182,2022146,1720,2022,146,17,20,NA,NA,A,NA,NA,NA,NA,20221461720
183,2022146,1900,2022,146,19,0,NA,NA,A,NA,NA,NA,NA,20221461900
184,2022147,1445,2022,147,14,45,NA,NA,T,NA,NA,NA,NA,20221471445
185,2022147,1620,2022,147,16,20,NA,NA,T,NA,NA,NA,NA,20221471620
186,2022147,1625,2022,147,16,25,NA,NA,A,NA,NA,NA,NA,20221471625
187,2022147,1805,2022,147,18,5,NA,NA,A,NA,NA,NA,NA,20221471805
188,2022148,1350,2022,148,13,50,NA,NA,T,NA,NA,NA,NA,20221481350
189,2022148,1530,2022,148,15,30,38.9625,-76.89140138,T,0.32933,0.238,0.0247,0,20221481530
190,2022148,1710,2022,148,17,10,NA,NA,A,NA,NA,NA,NA,20221481710
191,2022148,1845,2022,148,18,45,NA,NA,A,NA,NA,NA,NA,20221481845
192,2022149,1435,2022,149,14,35,NA,NA,T,NA,NA,NA,NA,20221491435
193,2022149,1610,2022,149,16,10,39.0375,-76.88712039,T,0.22013,0.15825,0.0312,0,20221491610
194,2022149,1750,2022,149,17,50,NA,NA,A,NA,NA,NA,NA,20221491750
195,2022150,1515,2022,150,15,15,39.0375,-76.88712039,T,0.19111,0.13731,0.0165,0,20221501515
196,2022150,1650,2022,150,16,50,NA,NA,T,NA,NA,NA,NA,20221501650
197,2022150,1655,2022,150,16,55,NA,NA,A,NA,NA,NA,NA,20221501655
198,2022150,1835,2022,150,18,35,NA,NA,A,NA,NA,NA,NA,20221501835
199,2022151,1420,2022,151,14,20,NA,NA,T,NA,NA,NA,NA,20221511420
200,2022151,1600,2022,151,16,0,39.0375,-76.88712039,T,0.2249,0.162,0.0372,0,20221511600
201,2022151,1740,2022,151,17,40,39.0375,-76.88712039,A,0.31838,0.23,0.0166,0,20221511740
202,2022151,1915,2022,151,19,15,NA,NA,A,NA,NA,NA,NA,20221511915
203,2022152,1505,2022,152,15,5,NA,NA,T,NA,NA,NA,NA,20221521505
204,2022152,1640,2022,152,16,40,NA,NA,A,NA,NA,NA,NA,20221521640
205,2022152,1640,2022,152,16,40,NA,NA,T,NA,NA,NA,NA,20221521640
206,2022152,1820,2022,152,18,20,NA,NA,A,NA,NA,NA,NA,20221521820
207,2022153,1410,2022,153,14,10,NA,NA,T,NA,NA,NA,NA,20221531410
208,2022153,1545,2022,153,15,45,39.0375,-76.79056222,T,0.28771,0.20757,0.0341,0,20221531545
209,2022153,1725,2022,153,17,25,NA,NA,A,NA,NA,NA,NA,20221531725
210,2022153,1905,2022,153,19,5,NA,NA,A,NA,NA,NA,NA,20221531905
211,2022154,1450,2022,154,14,50,NA,NA,T,NA,NA,NA,NA,20221541450
212,2022154,1630,2022,154,16,30,NA,NA,A,NA,NA,NA,NA,20221541630
213,2022154,1630,2022,154,16,30,NA,NA,T,NA,NA,NA,NA,20221541630
214,2022154,1810,2022,154,18,10,NA,NA,A,NA,NA,NA,NA,20221541810
215,2022155,1355,2022,155,13,55,NA,NA,T,NA,NA,NA,NA,20221551355
216,2022155,1535,2022,155,15,35,39.0375,-76.86566302,T,0.16556,0.11884,0.0254,0,20221551535
217,2022155,1715,2022,155,17,15,NA,NA,A,NA,NA,NA,NA,20221551715
218,2022155,1850,2022,155,18,50,39.0375,-76.88712039,A,0.17937,0.12878,0.0195,0,20221551850
219,2022156,1440,2022,156,14,40,NA,NA,T,NA,NA,NA,NA,20221561440
220,2022156,1615,2022,156,16,15,39.0375,-76.88712039,T,0.13827,0.09917,0.0281,0,20221561615
221,2022156,1755,2022,156,17,55,39.0375,-76.88712039,A,0.10256,0.07336,0.029,0,20221561755
222,2022157,1345,2022,157,13,45,NA,NA,T,NA,NA,NA,NA,20221571345
223,2022157,1520,2022,157,15,20,39.0375,-76.88712039,T,0.10226,0.0733,0.0198,0,20221571520
224,2022157,1700,2022,157,17,0,NA,NA,A,NA,NA,NA,NA,20221571700
225,2022157,1840,2022,157,18,40,39.0375,-76.88712039,A,0.11727,0.08408,0.0254,0,20221571840
226,2022158,1425,2022,158,14,25,NA,NA,T,NA,NA,NA,NA,20221581425
227,2022158,1605,2022,158,16,5,NA,NA,T,NA,NA,NA,NA,20221581605
228,2022158,1745,2022,158,17,45,NA,NA,A,NA,NA,NA,NA,20221581745
229,2022159,1510,2022,159,15,10,39.0375,-76.88712039,T,0.28561,0.20594,0.0144,0,20221591510
230,2022159,1645,2022,159,16,45,NA,NA,A,NA,NA,NA,NA,20221591645
231,2022159,1645,2022,159,16,45,39.00416666,-76.80798494,T,0.45785,0.33254,0.0103,0,20221591645
232,2022159,1825,2022,159,18,25,NA,NA,A,NA,NA,NA,NA,20221591825
233,2022160,1415,2022,160,14,15,NA,NA,T,NA,NA,NA,NA,20221601415
234,2022160,1550,2022,160,15,50,38.99583333,-76.82038389,T,0.27911,0.20111,0.0369,0,20221601550
235,2022160,1730,2022,160,17,30,NA,NA,A,NA,NA,NA,NA,20221601730
236,2022160,1910,2022,160,19,10,NA,NA,A,NA,NA,NA,NA,20221601910
237,2022161,1455,2022,161,14,55,NA,NA,T,NA,NA,NA,NA,20221611455
238,2022161,1635,2022,161,16,35,NA,NA,A,NA,NA,NA,NA,20221611635
239,2022161,1635,2022,161,16,35,NA,NA,T,NA,NA,NA,NA,20221611635
240,2022161,1815,2022,161,18,15,NA,NA,A,NA,NA,NA,NA,20221611815
241,2022162,1400,2022,162,14,0,NA,NA,T,NA,NA,NA,NA,20221621400
242,2022162,1540,2022,162,15,40,NA,NA,T,NA,NA,NA,NA,20221621540
243,2022162,1720,2022,162,17,20,NA,NA,A,NA,NA,NA,NA,20221621720
244,2022162,1855,2022,162,18,55,NA,NA,A,NA,NA,NA,NA,20221621855
245,2022163,1445,2022,163,14,45,NA,NA,T,NA,NA,NA,NA,20221631445
246,2022163,1620,2022,163,16,20,NA,NA,A,NA,NA,NA,NA,20221631620
247,2022163,1620,2022,163,16,20,NA,NA,T,NA,NA,NA,NA,20221631620
248,2022163,1800,2022,163,18,0,NA,NA,A,NA,NA,NA,NA,20221631800
249,2022164,1350,2022,164,13,50,NA,NA,T,NA,NA,NA,NA,20221641350
250,2022164,1530,2022,164,15,30,NA,NA,T,NA,NA,NA,NA,20221641530
251,2022164,1705,2022,164,17,5,NA,NA,A,NA,NA,NA,NA,20221641705
252,2022164,1845,2022,164,18,45,NA,NA,A,NA,NA,NA,NA,20221641845
253,2022165,1435,2022,165,14,35,NA,NA,T,NA,NA,NA,NA,20221651435
254,2022165,1610,2022,165,16,10,NA,NA,T,NA,NA,NA,NA,20221651610
255,2022165,1750,2022,165,17,50,NA,NA,A,NA,NA,NA,NA,20221651750
256,2022166,1515,2022,166,15,15,39.0375,-76.88712039,T,0.16352,0.11729,0.0179,0,20221661515
257,2022166,1650,2022,166,16,50,NA,NA,A,NA,NA,NA,NA,20221661650
258,2022166,1650,2022,166,16,50,NA,NA,T,NA,NA,NA,NA,20221661650
259,2022166,1830,2022,166,18,30,39.0375,-76.88712039,A,0.32983,0.23846,0.0314,0,20221661830
260,2022167,1420,2022,167,14,20,NA,NA,T,NA,NA,NA,NA,20221671420
261,2022167,1600,2022,167,16,0,NA,NA,T,NA,NA,NA,NA,20221671600
262,2022167,1735,2022,167,17,35,NA,NA,A,NA,NA,NA,NA,20221671735
263,2022167,1915,2022,167,19,15,NA,NA,A,NA,NA,NA,NA,20221671915
264,2022168,1505,2022,168,15,5,39.02916666,-76.86732709,T,0.22781,0.16407,0.0127,0,20221681505
265,2022168,1640,2022,168,16,40,NA,NA,A,NA,NA,NA,NA,20221681640
266,2022168,1640,2022,168,16,40,NA,NA,T,NA,NA,NA,NA,20221681640
267,2022168,1820,2022,168,18,20,NA,NA,A,NA,NA,NA,NA,20221681820
268,2022169,1410,2022,169,14,10,NA,NA,T,NA,NA,NA,NA,20221691410
269,2022169,1545,2022,169,15,45,NA,NA,T,NA,NA,NA,NA,20221691545
270,2022169,1725,2022,169,17,25,NA,NA,A,NA,NA,NA,NA,20221691725
271,2022169,1900,2022,169,19,0,NA,NA,A,NA,NA,NA,NA,20221691900
272,2022170,1450,2022,170,14,50,NA,NA,T,NA,NA,NA,NA,20221701450
273,2022170,1625,2022,170,16,25,NA,NA,A,NA,NA,NA,NA,20221701625
274,2022170,1625,2022,170,16,25,39.0375,-76.88712039,T,0.12926,0.09269,0.0178,0,20221701625
275,2022170,1805,2022,170,18,5,39.0375,-76.88712039,A,0.10624,0.07613,0.0413,0,20221701805
276,2022171,1355,2022,171,13,55,NA,NA,T,NA,NA,NA,NA,20221711355
277,2022171,1535,2022,171,15,35,39.0375,-76.88712039,T,0.09292,0.06656,0.0282,0,20221711535
278,2022171,1710,2022,171,17,10,NA,NA,A,NA,NA,NA,NA,20221711710
279,2022171,1850,2022,171,18,50,39.0375,-76.88712039,A,0.11441,0.08203,0.0203,0,20221711850
280,2022172,1440,2022,172,14,40,NA,NA,T,NA,NA,NA,NA,20221721440
281,2022172,1615,2022,172,16,15,NA,NA,T,NA,NA,NA,NA,20221721615
282,2022172,1750,2022,172,17,50,NA,NA,A,NA,NA,NA,NA,20221721750
283,2022173,1345,2022,173,13,45,NA,NA,T,NA,NA,NA,NA,20221731345
284,2022173,1520,2022,173,15,20,NA,NA,T,NA,NA,NA,NA,20221731520
285,2022173,1655,2022,173,16,55,NA,NA,A,NA,NA,NA,NA,20221731655
286,2022173,1835,2022,173,18,35,NA,NA,A,NA,NA,NA,NA,20221731835
287,2022174,1425,2022,174,14,25,NA,NA,T,NA,NA,NA,NA,20221741425
288,2022174,1605,2022,174,16,5,NA,NA,T,NA,NA,NA,NA,20221741605
289,2022174,1740,2022,174,17,40,NA,NA,A,NA,NA,NA,NA,20221741740
290,2022175,1510,2022,175,15,10,NA,NA,T,NA,NA,NA,NA,20221751510
291,2022175,1645,2022,175,16,45,NA,NA,A,NA,NA,NA,NA,20221751645
292,2022175,1645,2022,175,16,45,NA,NA,T,NA,NA,NA,NA,20221751645
293,2022175,1820,2022,175,18,20,NA,NA,A,NA,NA,NA,NA,20221751820
294,2022176,1415,2022,176,14,15,NA,NA,T,NA,NA,NA,NA,20221761415
295,2022176,1550,2022,176,15,50,NA,NA,T,NA,NA,NA,NA,20221761550
296,2022176,1725,2022,176,17,25,NA,NA,A,NA,NA,NA,NA,20221761725
297,2022176,1905,2022,176,19,5,NA,NA,A,NA,NA,NA,NA,20221761905
298,2022177,1455,2022,177,14,55,NA,NA,T,NA,NA,NA,NA,20221771455
299,2022177,1630,2022,177,16,30,NA,NA,A,NA,NA,NA,NA,20221771630
300,2022177,1635,2022,177,16,35,39.0375,-76.88712039,T,0.29267,0.21119,0.0153,0,20221771635
301,2022177,1810,2022,177,18,10,39.0375,-76.88712039,A,0.27482,0.19818,0.0382,0,20221771810
302,2022178,1400,2022,178,14,0,NA,NA,T,NA,NA,NA,NA,20221781400
303,2022178,1540,2022,178,15,40,NA,NA,T,NA,NA,NA,NA,20221781540
304,2022178,1715,2022,178,17,15,NA,NA,A,NA,NA,NA,NA,20221781715
305,2022178,1855,2022,178,18,55,NA,NA,A,NA,NA,NA,NA,20221781855
306,2022179,1445,2022,179,14,45,NA,NA,T,NA,NA,NA,NA,20221791445
307,2022179,1620,2022,179,16,20,NA,NA,T,NA,NA,NA,NA,20221791620
308,2022179,1755,2022,179,17,55,39.02083333,-76.79390931,A,0.15474,0.11104,0.0283,0,20221791755
309,2022180,1350,2022,180,13,50,NA,NA,T,NA,NA,NA,NA,20221801350
310,2022180,1525,2022,180,15,25,39.0375,-76.88712039,T,0.13024,0.09336,0.0229,0,20221801525
311,2022180,1700,2022,180,17,0,NA,NA,A,NA,NA,NA,NA,20221801700
312,2022180,1840,2022,180,18,40,39.0125,-76.83848426,A,0.37722,0.27311,0.0239,0,20221801840
313,2022181,1430,2022,181,14,30,NA,NA,T,NA,NA,NA,NA,20221811430
314,2022181,1610,2022,181,16,10,39.0375,-76.88712039,T,0.22912,0.16501,0.0337,0,20221811610
315,2022181,1745,2022,181,17,45,39.0375,-76.88712039,A,0.24596,0.17722,0.0212,0,20221811745
1,2022182,1515,2022,182,15,15,39.0375,-76.88712039,T,0.21018,0.1513,0.0169,0,20221821515
2,2022182,1650,2022,182,16,50,NA,NA,A,NA,NA,NA,NA,20221821650
3,2022182,1650,2022,182,16,50,NA,NA,T,NA,NA,NA,NA,20221821650
4,2022182,1825,2022,182,18,25,NA,NA,A,NA,NA,NA,NA,20221821825
5,2022183,1420,2022,183,14,20,NA,NA,T,NA,NA,NA,NA,20221831420
6,2022183,1600,2022,183,16,0,NA,NA,T,NA,NA,NA,NA,20221831600
7,2022183,1730,2022,183,17,30,NA,NA,A,NA,NA,NA,NA,20221831730
8,2022183,1910,2022,183,19,10,NA,NA,A,NA,NA,NA,NA,20221831910
9,2022184,1505,2022,184,15,5,NA,NA,T,NA,NA,NA,NA,20221841505
10,2022184,1635,2022,184,16,35,NA,NA,A,NA,NA,NA,NA,20221841635
11,2022184,1640,2022,184,16,40,NA,NA,T,NA,NA,NA,NA,20221841640
12,2022184,1815,2022,184,18,15,39.0375,-76.88712039,A,0.18849,0.13552,0.0384,0,20221841815
13,2022185,1405,2022,185,14,5,NA,NA,T,NA,NA,NA,NA,20221851405
14,2022185,1545,2022,185,15,45,39.0375,-76.88712039,T,0.10195,0.07307,0.0359,0,20221851545
15,2022185,1720,2022,185,17,20,NA,NA,A,NA,NA,NA,NA,20221851720
16,2022185,1855,2022,185,18,55,NA,NA,A,NA,NA,NA,NA,20221851855
17,2022186,1450,2022,186,14,50,NA,NA,T,NA,NA,NA,NA,20221861450
18,2022186,1620,2022,186,16,20,NA,NA,A,NA,NA,NA,NA,20221861620
19,2022186,1625,2022,186,16,25,NA,NA,T,NA,NA,NA,NA,20221861625
20,2022186,1800,2022,186,18,0,NA,NA,A,NA,NA,NA,NA,20221861800
21,2022187,1355,2022,187,13,55,NA,NA,T,NA,NA,NA,NA,20221871355
22,2022187,1535,2022,187,15,35,NA,NA,T,NA,NA,NA,NA,20221871535
23,2022187,1705,2022,187,17,5,NA,NA,A,NA,NA,NA,NA,20221871705
24,2022187,1845,2022,187,18,45,NA,NA,A,NA,NA,NA,NA,20221871845
25,2022188,1440,2022,188,14,40,NA,NA,T,NA,NA,NA,NA,20221881440
26,2022188,1615,2022,188,16,15,NA,NA,T,NA,NA,NA,NA,20221881615
27,2022188,1750,2022,188,17,50,NA,NA,A,NA,NA,NA,NA,20221881750
28,2022189,1340,2022,189,13,40,NA,NA,T,NA,NA,NA,NA,20221891340
29,2022189,1520,2022,189,15,20,NA,NA,T,NA,NA,NA,NA,20221891520
30,2022189,1655,2022,189,16,55,NA,NA,A,NA,NA,NA,NA,20221891655
31,2022189,1830,2022,189,18,30,NA,NA,A,NA,NA,NA,NA,20221891830
32,2022190,1425,2022,190,14,25,NA,NA,T,NA,NA,NA,NA,20221901425
33,2022190,1605,2022,190,16,5,NA,NA,T,NA,NA,NA,NA,20221901605
34,2022190,1735,2022,190,17,35,NA,NA,A,NA,NA,NA,NA,20221901735
35,2022190,1915,2022,190,19,15,NA,NA,A,NA,NA,NA,NA,20221901915
36,2022191,1510,2022,191,15,10,NA,NA,T,NA,NA,NA,NA,20221911510
37,2022191,1640,2022,191,16,40,NA,NA,A,NA,NA,NA,NA,20221911640
38,2022191,1645,2022,191,16,45,NA,NA,T,NA,NA,NA,NA,20221911645
39,2022191,1820,2022,191,18,20,NA,NA,A,NA,NA,NA,NA,20221911820
40,2022192,1415,2022,192,14,15,NA,NA,T,NA,NA,NA,NA,20221921415
41,2022192,1550,2022,192,15,50,39.0375,-76.85493433,T,0.16003,0.11488,0.0356,0,20221921550
42,2022192,1725,2022,192,17,25,39.0375,-76.83347696,A,0.16693,0.11979,0.0111,0,20221921725
43,2022192,1900,2022,192,19,0,39.0375,-76.88712039,A,0.16601,0.11915,0.0141,0,20221921900
44,2022193,1455,2022,193,14,55,NA,NA,T,NA,NA,NA,NA,20221931455
45,2022193,1625,2022,193,16,25,NA,NA,A,NA,NA,NA,NA,20221931625
46,2022193,1630,2022,193,16,30,39.0375,-76.85493433,T,0.26011,0.18741,0.0138,0,20221931630
47,2022193,1805,2022,193,18,5,39.0375,-76.85493433,A,0.31235,0.22567,0.0357,0,20221931805
48,2022194,1400,2022,194,14,0,NA,NA,T,NA,NA,NA,NA,20221941400
49,2022194,1540,2022,194,15,40,39.0375,-76.86566302,T,0.12558,0.09007,0.029,0,20221941540
50,2022194,1710,2022,194,17,10,NA,NA,A,NA,NA,NA,NA,20221941710
51,2022194,1850,2022,194,18,50,39.02083333,-76.82608777,A,0.38133,0.2761,0.0195,0,20221941850
52,2022195,1445,2022,195,14,45,NA,NA,T,NA,NA,NA,NA,20221951445
53,2022195,1620,2022,195,16,20,39.02916666,-76.83514483,T,0.24615,0.17754,0.0198,0,20221951620
54,2022195,1755,2022,195,17,55,39.02083333,-76.79390931,A,0.24667,0.17767,0.0249,0,20221951755
55,2022196,1350,2022,196,13,50,NA,NA,T,NA,NA,NA,NA,20221961350
56,2022196,1525,2022,196,15,25,39.0375,-76.88712039,T,0.21275,0.15321,0.0214,0,20221961525
57,2022196,1700,2022,196,17,0,NA,NA,A,NA,NA,NA,NA,20221961700
58,2022196,1835,2022,196,18,35,NA,NA,A,NA,NA,NA,NA,20221961835
59,2022197,1430,2022,197,14,30,NA,NA,T,NA,NA,NA,NA,20221971430
60,2022197,1610,2022,197,16,10,NA,NA,T,NA,NA,NA,NA,20221971610
61,2022197,1740,2022,197,17,40,NA,NA,A,NA,NA,NA,NA,20221971740
62,2022198,1515,2022,198,15,15,NA,NA,T,NA,NA,NA,NA,20221981515
63,2022198,1645,2022,198,16,45,NA,NA,A,NA,NA,NA,NA,20221981645
64,2022198,1650,2022,198,16,50,NA,NA,T,NA,NA,NA,NA,20221981650
65,2022198,1825,2022,198,18,25,NA,NA,A,NA,NA,NA,NA,20221981825
66,2022199,1420,2022,199,14,20,NA,NA,T,NA,NA,NA,NA,20221991420
67,2022199,1555,2022,199,15,55,NA,NA,T,NA,NA,NA,NA,20221991555
68,2022199,1730,2022,199,17,30,NA,NA,A,NA,NA,NA,NA,20221991730
69,2022199,1905,2022,199,19,5,NA,NA,A,NA,NA,NA,NA,20221991905
70,2022200,1500,2022,200,15,0,NA,NA,T,NA,NA,NA,NA,20222001500
71,2022200,1635,2022,200,16,35,NA,NA,A,NA,NA,NA,NA,20222001635
72,2022200,1640,2022,200,16,40,39.0375,-76.88712039,T,0.21515,0.155,0.012,0,20222001640
73,2022200,1810,2022,200,18,10,NA,NA,A,NA,NA,NA,NA,20222001810
74,2022201,1405,2022,201,14,5,NA,NA,T,NA,NA,NA,NA,20222011405
75,2022201,1545,2022,201,15,45,39.0375,-76.88712039,T,0.19192,0.13802,0.0354,0,20222011545
76,2022201,1715,2022,201,17,15,NA,NA,A,NA,NA,NA,NA,20222011715
77,2022201,1855,2022,201,18,55,NA,NA,A,NA,NA,NA,NA,20222011855
78,2022202,1450,2022,202,14,50,NA,NA,T,NA,NA,NA,NA,20222021450
79,2022202,1625,2022,202,16,25,NA,NA,T,NA,NA,NA,NA,20222021625
80,2022202,1800,2022,202,18,0,NA,NA,A,NA,NA,NA,NA,20222021800
81,2022203,1355,2022,203,13,55,NA,NA,T,NA,NA,NA,NA,20222031355
82,2022203,1530,2022,203,15,30,39.0375,-76.88712039,T,0.14447,0.10359,0.0267,0,20222031530
83,2022203,1705,2022,203,17,5,NA,NA,A,NA,NA,NA,NA,20222031705
84,2022203,1840,2022,203,18,40,39.0375,-76.79056222,A,0.215,0.15488,0.0222,0,20222031840
85,2022204,1435,2022,204,14,35,NA,NA,T,NA,NA,NA,NA,20222041435
86,2022204,1615,2022,204,16,15,39.0375,-76.83347696,T,0.24482,0.17639,0.0235,0,20222041615
87,2022204,1745,2022,204,17,45,39.0375,-76.88712039,A,0.20831,0.14999,0.0209,0,20222041745
88,2022205,1340,2022,205,13,40,NA,NA,T,NA,NA,NA,NA,20222051340
89,2022205,1520,2022,205,15,20,39.0375,-76.88712039,T,0.25496,0.18378,0.0194,0,20222051520
90,2022205,1650,2022,205,16,50,NA,NA,A,NA,NA,NA,NA,20222051650
91,2022205,1830,2022,205,18,30,39.0375,-76.88712039,A,0.38289,0.27739,0.0348,0,20222051830
92,2022206,1425,2022,206,14,25,NA,NA,T,NA,NA,NA,NA,20222061425
93,2022206,1605,2022,206,16,5,NA,NA,T,NA,NA,NA,NA,20222061605
94,2022206,1735,2022,206,17,35,NA,NA,A,NA,NA,NA,NA,20222061735
95,2022206,1910,2022,206,19,10,NA,NA,A,NA,NA,NA,NA,20222061910
96,2022207,1510,2022,207,15,10,NA,NA,T,NA,NA,NA,NA,20222071510
97,2022207,1640,2022,207,16,40,NA,NA,A,NA,NA,NA,NA,20222071640
98,2022207,1645,2022,207,16,45,NA,NA,T,NA,NA,NA,NA,20222071645
99,2022207,1815,2022,207,18,15,NA,NA,A,NA,NA,NA,NA,20222071815
100,2022208,1410,2022,208,14,10,NA,NA,T,NA,NA,NA,NA,20222081410
101,2022208,1550,2022,208,15,50,NA,NA,T,NA,NA,NA,NA,20222081550
102,2022208,1720,2022,208,17,20,NA,NA,A,NA,NA,NA,NA,20222081720
103,2022208,1900,2022,208,19,0,NA,NA,A,NA,NA,NA,NA,20222081900
104,2022209,1455,2022,209,14,55,NA,NA,T,NA,NA,NA,NA,20222091455
105,2022209,1625,2022,209,16,25,NA,NA,A,NA,NA,NA,NA,20222091625
106,2022209,1805,2022,209,18,5,NA,NA,A,NA,NA,NA,NA,20222091805
107,2022210,1400,2022,210,14,0,NA,NA,T,NA,NA,NA,NA,20222101400
108,2022210,1540,2022,210,15,40,NA,NA,T,NA,NA,NA,NA,20222101540
109,2022210,1710,2022,210,17,10,NA,NA,A,NA,NA,NA,NA,20222101710
110,2022210,1845,2022,210,18,45,NA,NA,A,NA,NA,NA,NA,20222101845
111,2022211,1445,2022,211,14,45,NA,NA,T,NA,NA,NA,NA,20222111445
112,2022211,1620,2022,211,16,20,NA,NA,T,NA,NA,NA,NA,20222111620
113,2022211,1750,2022,211,17,50,39.0375,-76.88712039,A,0.33736,0.244,0.0213,0,20222111750
114,2022212,1350,2022,212,13,50,NA,NA,T,NA,NA,NA,NA,20222121350
115,2022212,1525,2022,212,15,25,NA,NA,T,NA,NA,NA,NA,20222121525
116,2022212,1655,2022,212,16,55,NA,NA,A,NA,NA,NA,NA,20222121655
117,2022212,1835,2022,212,18,35,NA,NA,A,NA,NA,NA,NA,20222121835
118,2022213,1430,2022,213,14,30,NA,NA,T,NA,NA,NA,NA,20222131430
119,2022213,1610,2022,213,16,10,NA,NA,T,NA,NA,NA,NA,20222131610
120,2022213,1740,2022,213,17,40,NA,NA,A,NA,NA,NA,NA,20222131740
121,2022213,1915,2022,213,19,15,NA,NA,A,NA,NA,NA,NA,20222131915
122,2022214,1515,2022,214,15,15,39.0375,-76.88712039,T,0.23643,0.17032,0.0148,0,20222141515
123,2022214,1640,2022,214,16,40,NA,NA,A,NA,NA,NA,NA,20222141640
124,2022214,1650,2022,214,16,50,NA,NA,T,NA,NA,NA,NA,20222141650
125,2022214,1820,2022,214,18,20,NA,NA,A,NA,NA,NA,NA,20222141820
126,2022215,1420,2022,215,14,20,NA,NA,T,NA,NA,NA,NA,20222151420
127,2022215,1555,2022,215,15,55,39.0375,-76.88712039,T,0.12362,0.08869,0.0342,0,20222151555
128,2022215,1725,2022,215,17,25,39.0375,-76.82274828,A,0.21811,0.15707,0.0102,0,20222151725
129,2022215,1905,2022,215,19,5,NA,NA,A,NA,NA,NA,NA,20222151905
130,2022216,1500,2022,216,15,0,39.0375,-76.88712039,T,0.24447,0.1761,0.0107,0,20222161500
131,2022216,1630,2022,216,16,30,NA,NA,A,NA,NA,NA,NA,20222161630
132,2022216,1635,2022,216,16,35,38.9875,-76.86494485,T,0.3607,0.2608,0.0113,0,20222161635
133,2022216,1810,2022,216,18,10,NA,NA,A,NA,NA,NA,NA,20222161810
134,2022217,1405,2022,217,14,5,NA,NA,T,NA,NA,NA,NA,20222171405
135,2022217,1545,2022,217,15,45,39.0125,-76.88138383,T,0.361,0.261,0.0326,0,20222171545
136,2022217,1710,2022,217,17,10,NA,NA,A,NA,NA,NA,NA,20222171710
137,2022217,1850,2022,217,18,50,NA,NA,A,NA,NA,NA,NA,20222171850
138,2022218,1450,2022,218,14,50,NA,NA,T,NA,NA,NA,NA,20222181450
139,2022218,1625,2022,218,16,25,NA,NA,T,NA,NA,NA,NA,20222181625
140,2022218,1755,2022,218,17,55,NA,NA,A,NA,NA,NA,NA,20222181755
141,2022219,1355,2022,219,13,55,NA,NA,T,NA,NA,NA,NA,20222191355
142,2022219,1530,2022,219,15,30,39.0375,-76.84420565,T,0.12371,0.08875,0.0242,0,20222191530
143,2022219,1700,2022,219,17,0,NA,NA,A,NA,NA,NA,NA,20222191700
144,2022219,1840,2022,219,18,40,38.9625,-76.85924942,A,0.2145,0.15425,0.0279,0,20222191840
145,2022220,1435,2022,220,14,35,NA,NA,T,NA,NA,NA,NA,20222201435
146,2022220,1615,2022,220,16,15,NA,NA,T,NA,NA,NA,NA,20222201615
147,2022220,1740,2022,220,17,40,NA,NA,A,NA,NA,NA,NA,20222201740
148,2022221,1340,2022,221,13,40,NA,NA,T,NA,NA,NA,NA,20222211340
149,2022221,1520,2022,221,15,20,39.0375,-76.88712039,T,0.13972,0.10023,0.0181,0,20222211520
150,2022221,1645,2022,221,16,45,NA,NA,A,NA,NA,NA,NA,20222211645
151,2022221,1825,2022,221,18,25,NA,NA,A,NA,NA,NA,NA,20222211825
152,2022222,1425,2022,222,14,25,NA,NA,T,NA,NA,NA,NA,20222221425
153,2022222,1600,2022,222,16,0,NA,NA,T,NA,NA,NA,NA,20222221600
154,2022222,1730,2022,222,17,30,NA,NA,A,NA,NA,NA,NA,20222221730
155,2022222,1910,2022,222,19,10,NA,NA,A,NA,NA,NA,NA,20222221910
156,2022223,1505,2022,223,15,5,NA,NA,T,NA,NA,NA,NA,20222231505
157,2022223,1635,2022,223,16,35,NA,NA,A,NA,NA,NA,NA,20222231635
158,2022223,1645,2022,223,16,45,39.0125,-76.79558469,T,0.19734,0.1418,0.0089,0,20222231645
159,2022223,1810,2022,223,18,10,39.0375,-76.88712039,A,0.19133,0.13756,0.0352,0,20222231810
160,2022224,1410,2022,224,14,10,NA,NA,T,NA,NA,NA,NA,20222241410
161,2022224,1550,2022,224,15,50,39.0375,-76.88712039,T,0.134,0.09608,0.035,0,20222241550
162,2022224,1715,2022,224,17,15,NA,NA,A,NA,NA,NA,NA,20222241715
163,2022224,1855,2022,224,18,55,38.95416666,-76.89307529,A,0.242,0.174,0.0177,0,20222241855
164,2022225,1455,2022,225,14,55,NA,NA,T,NA,NA,NA,NA,20222251455
165,2022225,1630,2022,225,16,30,39.0375,-76.88712039,T,0.07331,0.05243,0.0119,0,20222251630
166,2022225,1800,2022,225,18,0,39.0375,-76.88712039,A,0.05284,0.03779,0.0265,0,20222251800
167,2022226,1400,2022,226,14,0,NA,NA,T,NA,NA,NA,NA,20222261400
168,2022226,1540,2022,226,15,40,39.0375,-76.80129091,T,0.11375,0.08152,0.0264,0,20222261540
169,2022226,1705,2022,226,17,5,NA,NA,A,NA,NA,NA,NA,20222261705
170,2022226,1840,2022,226,18,40,NA,NA,A,NA,NA,NA,NA,20222261840
171,2022227,1445,2022,227,14,45,NA,NA,T,NA,NA,NA,NA,20222271445
172,2022227,1620,2022,227,16,20,NA,NA,T,NA,NA,NA,NA,20222271620
173,2022227,1745,2022,227,17,45,39.0375,-76.80129091,A,0.36,0.2605,0.0171,0,20222271745
174,2022228,1345,2022,228,13,45,NA,NA,T,NA,NA,NA,NA,20222281345
175,2022228,1525,2022,228,15,25,39.02916666,-76.82441741,T,0.09786,0.07014,0.0199,0,20222281525
176,2022228,1650,2022,228,16,50,NA,NA,A,NA,NA,NA,NA,20222281650
177,2022228,1830,2022,228,18,30,39.02916666,-76.82441741,A,0.16141,0.11586,0.0286,0,20222281830
178,2022229,1430,2022,229,14,30,NA,NA,T,NA,NA,NA,NA,20222291430
179,2022229,1610,2022,229,16,10,39.0375,-76.85493433,T,0.26333,0.18982,0.0252,0,20222291610
180,2022229,1735,2022,229,17,35,NA,NA,A,NA,NA,NA,NA,20222291735
181,2022229,1910,2022,229,19,10,NA,NA,A,NA,NA,NA,NA,20222291910
182,2022230,1515,2022,230,15,15,39.0375,-76.88712039,T,0.10284,0.07366,0.0153,0,20222301515
183,2022230,1640,2022,230,16,40,NA,NA,A,NA,NA,NA,NA,20222301640
184,2022230,1650,2022,230,16,50,NA,NA,T,NA,NA,NA,NA,20222301650
185,2022230,1815,2022,230,18,15,38.97916666,-76.80229854,A,0.1316,0.0942,0.0347,0,20222301815
186,2022231,1420,2022,231,14,20,NA,NA,T,NA,NA,NA,NA,20222311420
187,2022231,1555,2022,231,15,55,39.0375,-76.88712039,T,0.19375,0.13938,0.0338,0,20222311555
188,2022231,1720,2022,231,17,20,NA,NA,A,NA,NA,NA,NA,20222311720
189,2022231,1900,2022,231,19,0,NA,NA,A,NA,NA,NA,NA,20222311900
190,2022232,1500,2022,232,15,0,39.0375,-76.8763917,T,0.13952,0.10004,0.0107,0,20222321500
191,2022232,1625,2022,232,16,25,NA,NA,A,NA,NA,NA,NA,20222321625
192,2022232,1635,2022,232,16,35,39.0375,-76.88712039,T,0.1471,0.10548,0.0101,0,20222321635
193,2022232,1805,2022,232,18,5,NA,NA,A,NA,NA,NA,NA,20222321805
194,2022233,1405,2022,233,14,5,NA,NA,T,NA,NA,NA,NA,20222331405
195,2022233,1545,2022,233,15,45,NA,NA,T,NA,NA,NA,NA,20222331545
196,2022233,1710,2022,233,17,10,NA,NA,A,NA,NA,NA,NA,20222331710
197,2022233,1845,2022,233,18,45,NA,NA,A,NA,NA,NA,NA,20222331845
198,2022234,1450,2022,234,14,50,NA,NA,T,NA,NA,NA,NA,20222341450
199,2022234,1625,2022,234,16,25,38.9875,-76.78989713,T,0.455,0.33,0.0137,0,20222341625
200,2022234,1750,2022,234,17,50,NA,NA,A,NA,NA,NA,NA,20222341750
201,2022235,1355,2022,235,13,55,NA,NA,T,NA,NA,NA,NA,20222351355
202,2022235,1530,2022,235,15,30,NA,NA,T,NA,NA,NA,NA,20222351530
203,2022235,1655,2022,235,16,55,NA,NA,A,NA,NA,NA,NA,20222351655
204,2022235,1835,2022,235,18,35,39.00416666,-76.88305033,A,0.229,0.165,0.0262,0,20222351835
205,2022236,1435,2022,236,14,35,NA,NA,T,NA,NA,NA,NA,20222361435
206,2022236,1615,2022,236,16,15,39.0375,-76.88712039,T,0.31061,0.22441,0.0208,0,20222361615
207,2022236,1740,2022,236,17,40,39.0375,-76.80129091,A,0.34949,0.25292,0.0125,0,20222361740
208,2022236,1915,2022,236,19,15,NA,NA,A,NA,NA,NA,NA,20222361915
209,2022237,1340,2022,237,13,40,NA,NA,T,NA,NA,NA,NA,20222371340
210,2022237,1520,2022,237,15,20,NA,NA,T,NA,NA,NA,NA,20222371520
211,2022237,1645,2022,237,16,45,NA,NA,A,NA,NA,NA,NA,20222371645
212,2022237,1820,2022,237,18,20,NA,NA,A,NA,NA,NA,NA,20222371820
213,2022238,1425,2022,238,14,25,NA,NA,T,NA,NA,NA,NA,20222381425
214,2022238,1600,2022,238,16,0,NA,NA,T,NA,NA,NA,NA,20222381600
215,2022238,1725,2022,238,17,25,39.02083333,-76.80463546,A,0.43767,0.318,0.0089,0,20222381725
216,2022238,1905,2022,238,19,5,39.02916666,-76.88878193,A,0.3192,0.2306,0.0117,0,20222381905
217,2022239,1505,2022,239,15,5,NA,NA,T,NA,NA,NA,NA,20222391505
218,2022239,1630,2022,239,16,30,NA,NA,A,NA,NA,NA,NA,20222391630
219,2022239,1645,2022,239,16,45,NA,NA,T,NA,NA,NA,NA,20222391645
220,2022239,1810,2022,239,18,10,39.00416666,-76.80798494,A,0.31671,0.22871,0.03,0,20222391810
221,2022240,1410,2022,240,14,10,NA,NA,T,NA,NA,NA,NA,20222401410
222,2022240,1550,2022,240,15,50,NA,NA,T,NA,NA,NA,NA,20222401550
223,2022240,1715,2022,240,17,15,NA,NA,A,NA,NA,NA,NA,20222401715
224,2022240,1850,2022,240,18,50,39.02083333,-76.8689924,A,0.27267,0.19656,0.0159,0,20222401850
225,2022241,1455,2022,241,14,55,NA,NA,T,NA,NA,NA,NA,20222411455
226,2022241,1630,2022,241,16,30,39.0375,-76.84420565,T,0.29185,0.2104,0.011,0,20222411630
227,2022241,1755,2022,241,17,55,39.0375,-76.8763917,A,0.26743,0.19276,0.0209,0,20222411755
228,2022242,1400,2022,242,14,0,NA,NA,T,NA,NA,NA,NA,20222421400
229,2022242,1535,2022,242,15,35,39.0375,-76.8763917,T,0.16024,0.11497,0.0263,0,20222421535
230,2022242,1700,2022,242,17,0,NA,NA,A,NA,NA,NA,NA,20222421700
231,2022242,1840,2022,242,18,40,NA,NA,A,NA,NA,NA,NA,20222421840
232,2022243,1440,2022,243,14,40,NA,NA,T,NA,NA,NA,NA,20222431440
233,2022243,1620,2022,243,16,20,NA,NA,T,NA,NA,NA,NA,20222431620
234,2022243,1745,2022,243,17,45,NA,NA,A,NA,NA,NA,NA,20222431745
235,2022244,1345,2022,244,13,45,NA,NA,T,NA,NA,NA,NA,20222441345
236,2022244,1525,2022,244,15,25,39.0375,-76.88712039,T,0.05574,0.03983,0.0198,0,20222441525
237,2022244,1645,2022,244,16,45,NA,NA,A,NA,NA,NA,NA,20222441645
238,2022244,1825,2022,244,18,25,39.0375,-76.88712039,A,0.0794,0.05681,0.0302,0,20222441825
239,2022245,1430,2022,245,14,30,NA,NA,T,NA,NA,NA,NA,20222451430
240,2022245,1605,2022,245,16,5,NA,NA,T,NA,NA,NA,NA,20222451605
241,2022245,1730,2022,245,17,30,NA,NA,A,NA,NA,NA,NA,20222451730
242,2022245,1910,2022,245,19,10,39.0375,-76.84420565,A,0.16878,0.1211,0.0099,0,20222451910
243,2022246,1515,2022,246,15,15,NA,NA,T,NA,NA,NA,NA,20222461515
244,2022246,1635,2022,246,16,35,NA,NA,A,NA,NA,NA,NA,20222461635
245,2022246,1650,2022,246,16,50,NA,NA,T,NA,NA,NA,NA,20222461650
246,2022246,1815,2022,246,18,15,NA,NA,A,NA,NA,NA,NA,20222461815
247,2022247,1420,2022,247,14,20,NA,NA,T,NA,NA,NA,NA,20222471420
248,2022247,1555,2022,247,15,55,39.02083333,-76.82608777,T,0.27144,0.19578,0.0293,0,20222471555
249,2022247,1715,2022,247,17,15,NA,NA,A,NA,NA,NA,NA,20222471715
250,2022247,1855,2022,247,18,55,NA,NA,A,NA,NA,NA,NA,20222471855
251,2022248,1500,2022,248,15,0,NA,NA,T,NA,NA,NA,NA,20222481500
252,2022248,1635,2022,248,16,35,NA,NA,T,NA,NA,NA,NA,20222481635
253,2022248,1800,2022,248,18,0,NA,NA,A,NA,NA,NA,NA,20222481800
254,2022249,1405,2022,249,14,5,NA,NA,T,NA,NA,NA,NA,20222491405
255,2022249,1545,2022,249,15,45,NA,NA,T,NA,NA,NA,NA,20222491545
256,2022249,1705,2022,249,17,5,NA,NA,A,NA,NA,NA,NA,20222491705
257,2022249,1840,2022,249,18,40,NA,NA,A,NA,NA,NA,NA,20222491840
258,2022250,1450,2022,250,14,50,NA,NA,T,NA,NA,NA,NA,20222501450
259,2022250,1625,2022,250,16,25,NA,NA,T,NA,NA,NA,NA,20222501625
260,2022250,1745,2022,250,17,45,NA,NA,A,NA,NA,NA,NA,20222501745
261,2022251,1355,2022,251,13,55,NA,NA,T,NA,NA,NA,NA,20222511355
262,2022251,1530,2022,251,15,30,NA,NA,T,NA,NA,NA,NA,20222511530
263,2022251,1650,2022,251,16,50,NA,NA,A,NA,NA,NA,NA,20222511650
264,2022251,1830,2022,251,18,30,NA,NA,A,NA,NA,NA,NA,20222511830
265,2022252,1435,2022,252,14,35,NA,NA,T,NA,NA,NA,NA,20222521435
266,2022252,1615,2022,252,16,15,38.95416666,-76.79663076,T,0.1905,0.1365,0.0181,0,20222521615
267,2022252,1735,2022,252,17,35,39.0375,-76.85493433,A,0.13922,0.0998,0.0098,0,20222521735
268,2022252,1910,2022,252,19,10,39.0375,-76.88712039,A,0.09433,0.06748,0.009,0,20222521910
269,2022253,1340,2022,253,13,40,NA,NA,T,NA,NA,NA,NA,20222531340
270,2022253,1520,2022,253,15,20,NA,NA,T,NA,NA,NA,NA,20222531520
271,2022253,1640,2022,253,16,40,NA,NA,A,NA,NA,NA,NA,20222531640
272,2022253,1815,2022,253,18,15,NA,NA,A,NA,NA,NA,NA,20222531815
273,2022254,1425,2022,254,14,25,NA,NA,T,NA,NA,NA,NA,20222541425
274,2022254,1600,2022,254,16,0,NA,NA,T,NA,NA,NA,NA,20222541600
275,2022254,1720,2022,254,17,20,NA,NA,A,NA,NA,NA,NA,20222541720
276,2022254,1900,2022,254,19,0,NA,NA,A,NA,NA,NA,NA,20222541900
277,2022255,1505,2022,255,15,5,NA,NA,T,NA,NA,NA,NA,20222551505
278,2022255,1625,2022,255,16,25,NA,NA,A,NA,NA,NA,NA,20222551625
279,2022255,1640,2022,255,16,40,NA,NA,T,NA,NA,NA,NA,20222551640
280,2022255,1805,2022,255,18,5,NA,NA,A,NA,NA,NA,NA,20222551805
281,2022256,1410,2022,256,14,10,NA,NA,T,NA,NA,NA,NA,20222561410
282,2022256,1550,2022,256,15,50,39.0375,-76.85493433,T,0.1954,0.1406,0.0293,0,20222561550
283,2022256,1710,2022,256,17,10,NA,NA,A,NA,NA,NA,NA,20222561710
284,2022256,1845,2022,256,18,45,39.02083333,-76.89044471,A,0.13577,0.09738,0.0171,0,20222561845
285,2022257,1455,2022,257,14,55,NA,NA,T,NA,NA,NA,NA,20222571455
286,2022257,1630,2022,257,16,30,39.0375,-76.88712039,T,0.13775,0.0988,0.0101,0,20222571630
287,2022257,1750,2022,257,17,50,NA,NA,A,NA,NA,NA,NA,20222571750
288,2022258,1400,2022,258,14,0,NA,NA,T,NA,NA,NA,NA,20222581400
289,2022258,1535,2022,258,15,35,NA,NA,T,NA,NA,NA,NA,20222581535
290,2022258,1655,2022,258,16,55,NA,NA,A,NA,NA,NA,NA,20222581655
291,2022258,1835,2022,258,18,35,39.0375,-76.82274828,A,0.21061,0.15145,0.022,0,20222581835
292,2022259,1440,2022,259,14,40,NA,NA,T,NA,NA,NA,NA,20222591440
293,2022259,1620,2022,259,16,20,39.0375,-76.88712039,T,0.8146,0.59878,0.0143,0,20222591620
294,2022259,1740,2022,259,17,40,39.0375,-76.88712039,A,0.85477,0.62852,0.0104,0,20222591740
295,2022259,1915,2022,259,19,15,NA,NA,A,NA,NA,NA,NA,20222591915
296,2022260,1345,2022,260,13,45,NA,NA,T,NA,NA,NA,NA,20222601345
297,2022260,1525,2022,260,15,25,39.0375,-76.88712039,T,0.43533,0.31608,0.0185,0,20222601525
298,2022260,1645,2022,260,16,45,NA,NA,A,NA,NA,NA,NA,20222601645
299,2022260,1820,2022,260,18,20,39.0375,-76.88712039,A,0.53286,0.38765,0.0283,0,20222601820
300,2022261,1430,2022,261,14,30,NA,NA,T,NA,NA,NA,NA,20222611430
301,2022261,1605,2022,261,16,5,39.0375,-76.88712039,T,0.30283,0.21866,0.0209,0,20222611605
302,2022261,1725,2022,261,17,25,39.0375,-76.88712039,A,0.35654,0.25791,0.007,0,20222611725
303,2022261,1905,2022,261,19,5,39.0375,-76.88712039,A,0.32889,0.23781,0.0096,0,20222611905
304,2022262,1510,2022,262,15,10,39.0375,-76.88712039,T,0.16895,0.12121,0.0128,0,20222621510
305,2022262,1630,2022,262,16,30,NA,NA,A,NA,NA,NA,NA,20222621630
306,2022262,1650,2022,262,16,50,NA,NA,T,NA,NA,NA,NA,20222621650
307,2022262,1810,2022,262,18,10,NA,NA,A,NA,NA,NA,NA,20222621810
308,2022263,1415,2022,263,14,15,NA,NA,T,NA,NA,NA,NA,20222631415
309,2022263,1555,2022,263,15,55,39.0375,-76.88712039,T,0.07959,0.05695,0.0275,0,20222631555
310,2022263,1715,2022,263,17,15,NA,NA,A,NA,NA,NA,NA,20222631715
311,2022263,1850,2022,263,18,50,39.0375,-76.88712039,A,0.09465,0.0678,0.0139,0,20222631850
312,2022264,1500,2022,264,15,0,39.0375,-76.88712039,T,0.12169,0.08724,0.009,0,20222641500
313,2022264,1635,2022,264,16,35,38.97916666,-76.85589774,T,0.2262,0.16273,0.008,0,20222641635
314,2022264,1755,2022,264,17,55,39.0125,-76.89210872,A,0.21464,0.15459,0.0165,0,20222641755
315,2022265,1405,2022,265,14,5,NA,NA,T,NA,NA,NA,NA,20222651405
316,2022265,1545,2022,265,15,45,NA,NA,T,NA,NA,NA,NA,20222651545
317,2022265,1700,2022,265,17,0,NA,NA,A,NA,NA,NA,NA,20222651700
318,2022265,1840,2022,265,18,40,NA,NA,A,NA,NA,NA,NA,20222651840
319,2022266,1450,2022,266,14,50,NA,NA,T,NA,NA,NA,NA,20222661450
320,2022266,1625,2022,266,16,25,39.0375,-76.88712039,T,0.05645,0.04027,0.0111,0,20222661625
321,2022266,1745,2022,266,17,45,39.0375,-76.88712039,A,0.03977,0.02836,0.0107,0,20222661745
322,2022267,1350,2022,267,13,50,NA,NA,T,NA,NA,NA,NA,20222671350
323,2022267,1530,2022,267,15,30,39.0375,-76.88712039,T,0.04512,0.0322,0.0208,0,20222671530
324,2022267,1645,2022,267,16,45,NA,NA,A,NA,NA,NA,NA,20222671645
325,2022267,1825,2022,267,18,25,39.0375,-76.81201959,A,0.13383,0.096,0.0238,0,20222671825
326,2022268,1435,2022,268,14,35,NA,NA,T,NA,NA,NA,NA,20222681435
327,2022268,1610,2022,268,16,10,NA,NA,T,NA,NA,NA,NA,20222681610
328,2022268,1730,2022,268,17,30,39.02083333,-76.89044471,A,0.21209,0.15276,0.0072,0,20222681730
329,2022268,1910,2022,268,19,10,NA,NA,A,NA,NA,NA,NA,20222681910
330,2022269,1340,2022,269,13,40,NA,NA,T,NA,NA,NA,NA,20222691340
331,2022269,1520,2022,269,15,20,39.0375,-76.88712039,T,0.06138,0.0438,0.0147,0,20222691520
332,2022269,1635,2022,269,16,35,NA,NA,A,NA,NA,NA,NA,20222691635
333,2022269,1815,2022,269,18,15,39.02083333,-76.78318315,A,0.19783,0.14233,0.024,0,20222691815
334,2022270,1425,2022,270,14,25,NA,NA,T,NA,NA,NA,NA,20222701425
335,2022270,1600,2022,270,16,0,NA,NA,T,NA,NA,NA,NA,20222701600
336,2022270,1715,2022,270,17,15,NA,NA,A,NA,NA,NA,NA,20222701715
337,2022270,1855,2022,270,18,55,NA,NA,A,NA,NA,NA,NA,20222701855
338,2022271,1505,2022,271,15,5,39.0375,-76.88712039,T,0.04263,0.03046,0.0102,0,20222711505
339,2022271,1640,2022,271,16,40,39.0375,-76.88712039,T,0.08988,0.06432,0.0064,0,20222711640
340,2022271,1800,2022,271,18,0,NA,NA,A,NA,NA,NA,NA,20222711800
341,2022272,1410,2022,272,14,10,NA,NA,T,NA,NA,NA,NA,20222721410
342,2022272,1550,2022,272,15,50,39.0375,-76.88712039,T,0.06179,0.04415,0.0287,0,20222721550
343,2022272,1705,2022,272,17,5,NA,NA,A,NA,NA,NA,NA,20222721705
344,2022272,1840,2022,272,18,40,NA,NA,A,NA,NA,NA,NA,20222721840
345,2022273,1455,2022,273,14,55,NA,NA,T,NA,NA,NA,NA,20222731455
346,2022273,1630,2022,273,16,30,NA,NA,T,NA,NA,NA,NA,20222731630
347,2022273,1745,2022,273,17,45,NA,NA,A,NA,NA,NA,NA,20222731745
1,2022274,1400,2022,274,14,0,NA,NA,T,NA,NA,NA,NA,20222741400
2,2022274,1535,2022,274,15,35,NA,NA,T,NA,NA,NA,NA,20222741535
3,2022274,1650,2022,274,16,50,NA,NA,A,NA,NA,NA,NA,20222741650
4,2022274,1830,2022,274,18,30,NA,NA,A,NA,NA,NA,NA,20222741830
5,2022275,1440,2022,275,14,40,NA,NA,T,NA,NA,NA,NA,20222751440
6,2022275,1620,2022,275,16,20,NA,NA,T,NA,NA,NA,NA,20222751620
7,2022275,1735,2022,275,17,35,NA,NA,A,NA,NA,NA,NA,20222751735
8,2022275,1910,2022,275,19,10,NA,NA,A,NA,NA,NA,NA,20222751910
9,2022276,1345,2022,276,13,45,NA,NA,T,NA,NA,NA,NA,20222761345
10,2022276,1525,2022,276,15,25,NA,NA,T,NA,NA,NA,NA,20222761525
11,2022276,1640,2022,276,16,40,NA,NA,A,NA,NA,NA,NA,20222761640
12,2022276,1815,2022,276,18,15,NA,NA,A,NA,NA,NA,NA,20222761815
13,2022277,1430,2022,277,14,30,NA,NA,T,NA,NA,NA,NA,20222771430
14,2022277,1605,2022,277,16,5,NA,NA,T,NA,NA,NA,NA,20222771605
15,2022277,1720,2022,277,17,20,NA,NA,A,NA,NA,NA,NA,20222771720
16,2022277,1900,2022,277,19,0,NA,NA,A,NA,NA,NA,NA,20222771900
17,2022278,1510,2022,278,15,10,NA,NA,T,NA,NA,NA,NA,20222781510
18,2022278,1625,2022,278,16,25,NA,NA,A,NA,NA,NA,NA,20222781625
19,2022278,1645,2022,278,16,45,NA,NA,T,NA,NA,NA,NA,20222781645
20,2022278,1805,2022,278,18,5,NA,NA,A,NA,NA,NA,NA,20222781805
21,2022279,1415,2022,279,14,15,NA,NA,T,NA,NA,NA,NA,20222791415
22,2022279,1555,2022,279,15,55,38.99583333,-76.79893916,T,0.12012,0.08612,0.023,0,20222791555
23,2022279,1710,2022,279,17,10,NA,NA,A,NA,NA,NA,NA,20222791710
24,2022279,1845,2022,279,18,45,39.0375,-76.88712039,A,0.05476,0.03907,0.0139,0,20222791845
25,2022280,1500,2022,280,15,0,39.0375,-76.88712039,T,0.11219,0.08038,0.0078,0,20222801500
26,2022280,1635,2022,280,16,35,39.0375,-76.88712039,T,0.13389,0.096,0.0067,0,20222801635
27,2022280,1750,2022,280,17,50,39.0375,-76.88712039,A,0.14906,0.10689,0.0115,0,20222801750
28,2022281,1405,2022,281,14,5,NA,NA,T,NA,NA,NA,NA,20222811405
29,2022281,1540,2022,281,15,40,NA,NA,T,NA,NA,NA,NA,20222811540
30,2022281,1655,2022,281,16,55,NA,NA,A,NA,NA,NA,NA,20222811655
31,2022281,1835,2022,281,18,35,NA,NA,A,NA,NA,NA,NA,20222811835
32,2022282,1445,2022,282,14,45,NA,NA,T,NA,NA,NA,NA,20222821445
33,2022282,1625,2022,282,16,25,39.0375,-76.88712039,T,0.08409,0.06014,0.0094,0,20222821625
34,2022282,1740,2022,282,17,40,39.0375,-76.88712039,A,0.06089,0.04354,0.0073,0,20222821740
35,2022282,1915,2022,282,19,15,NA,NA,A,NA,NA,NA,NA,20222821915
36,2022283,1645,2022,283,16,45,NA,NA,A,NA,NA,NA,NA,20222831645
37,2022283,1820,2022,283,18,20,39.0375,-76.88712039,A,0.11736,0.0841,0.0232,0,20222831820
38,2022284,1725,2022,284,17,25,39.0375,-76.88712039,A,0.07976,0.05703,0.005,0,20222841725
39,2022284,1905,2022,284,19,5,39.0375,-76.88712039,A,0.08114,0.05806,0.0081,0,20222841905
40,2022285,1630,2022,285,16,30,NA,NA,A,NA,NA,NA,NA,20222851630
41,2022285,1810,2022,285,18,10,NA,NA,A,NA,NA,NA,NA,20222851810
42,2022286,1715,2022,286,17,15,NA,NA,A,NA,NA,NA,NA,20222861715
43,2022286,1850,2022,286,18,50,NA,NA,A,NA,NA,NA,NA,20222861850
44,2022287,1755,2022,287,17,55,39.0375,-76.88712039,A,0.07053,0.05043,0.0121,0,20222871755
45,2022288,1700,2022,288,17,0,NA,NA,A,NA,NA,NA,NA,20222881700
46,2022288,1840,2022,288,18,40,39.0375,-76.88712039,A,0.10275,0.07362,0.0175,0,20222881840
47,2022289,1740,2022,289,17,40,39.0375,-76.88712039,A,0.06558,0.04687,0.0076,0,20222891740
48,2022290,1645,2022,290,16,45,NA,NA,A,NA,NA,NA,NA,20222901645
49,2022290,1825,2022,290,18,25,NA,NA,A,NA,NA,NA,NA,20222901825
50,2022291,1730,2022,291,17,30,NA,NA,A,NA,NA,NA,NA,20222911730
51,2022291,1905,2022,291,19,5,NA,NA,A,NA,NA,NA,NA,20222911905
52,2022292,1635,2022,292,16,35,NA,NA,A,NA,NA,NA,NA,20222921635
53,2022292,1810,2022,292,18,10,NA,NA,A,NA,NA,NA,NA,20222921810
54,2022293,1715,2022,293,17,15,NA,NA,A,NA,NA,NA,NA,20222931715
55,2022293,1855,2022,293,18,55,39.0375,-76.88712039,A,0.0324,0.02309,0.0099,0,20222931855
56,2022294,1800,2022,294,18,0,39.0375,-76.88712039,A,0.07203,0.05149,0.0127,0,20222941800
57,2022295,1705,2022,295,17,5,NA,NA,A,NA,NA,NA,NA,20222951705
58,2022295,1840,2022,295,18,40,39.0375,-76.88712039,A,0.07902,0.05655,0.0145,0,20222951840
59,2022296,1745,2022,296,17,45,NA,NA,A,NA,NA,NA,NA,20222961745
60,2022297,1350,2022,297,13,50,NA,NA,T,NA,NA,NA,NA,20222971350
61,2022297,1525,2022,297,15,25,NA,NA,T,NA,NA,NA,NA,20222971525
62,2022297,1650,2022,297,16,50,NA,NA,A,NA,NA,NA,NA,20222971650
63,2022297,1830,2022,297,18,30,NA,NA,A,NA,NA,NA,NA,20222971830
64,2022298,1430,2022,298,14,30,NA,NA,T,NA,NA,NA,NA,20222981430
65,2022298,1605,2022,298,16,5,NA,NA,T,NA,NA,NA,NA,20222981605
66,2022298,1735,2022,298,17,35,NA,NA,A,NA,NA,NA,NA,20222981735
67,2022298,1910,2022,298,19,10,NA,NA,A,NA,NA,NA,NA,20222981910
68,2022299,1510,2022,299,15,10,NA,NA,T,NA,NA,NA,NA,20222991510
69,2022299,1635,2022,299,16,35,NA,NA,A,NA,NA,NA,NA,20222991635
70,2022299,1645,2022,299,16,45,NA,NA,T,NA,NA,NA,NA,20222991645
71,2022299,1815,2022,299,18,15,NA,NA,A,NA,NA,NA,NA,20222991815
72,2022300,1415,2022,300,14,15,NA,NA,T,NA,NA,NA,NA,20223001415
73,2022300,1550,2022,300,15,50,39.0375,-76.88712039,T,0.01342,0.00951,0.0207,0,20223001550
74,2022300,1720,2022,300,17,20,NA,NA,A,NA,NA,NA,NA,20223001720
75,2022300,1900,2022,300,19,0,39.0375,-76.88712039,A,0.00998,0.00701,0.0084,0,20223001900
76,2022301,1455,2022,301,14,55,NA,NA,T,NA,NA,NA,NA,20223011455
77,2022301,1620,2022,301,16,20,NA,NA,A,NA,NA,NA,NA,20223011620
78,2022301,1630,2022,301,16,30,NA,NA,T,NA,NA,NA,NA,20223011630
79,2022301,1805,2022,301,18,5,NA,NA,A,NA,NA,NA,NA,20223011805
80,2022302,1400,2022,302,14,0,NA,NA,T,NA,NA,NA,NA,20223021400
81,2022302,1535,2022,302,15,35,39.0375,-76.88712039,T,0.03156,0.02246,0.019,0,20223021535
82,2022302,1705,2022,302,17,5,NA,NA,A,NA,NA,NA,NA,20223021705
83,2022302,1845,2022,302,18,45,39.0375,-76.88712039,A,0.03875,0.02766,0.0122,0,20223021845
84,2022303,1440,2022,303,14,40,NA,NA,T,NA,NA,NA,NA,20223031440
85,2022303,1615,2022,303,16,15,NA,NA,T,NA,NA,NA,NA,20223031615
86,2022303,1750,2022,303,17,50,38.95416666,-76.88235923,A,0.08367,0.06,0.0084,0,20223031750
87,2022304,1345,2022,304,13,45,NA,NA,T,NA,NA,NA,NA,20223041345
88,2022304,1520,2022,304,15,20,NA,NA,T,NA,NA,NA,NA,20223041520
89,2022304,1655,2022,304,16,55,NA,NA,A,NA,NA,NA,NA,20223041655
90,2022304,1830,2022,304,18,30,NA,NA,A,NA,NA,NA,NA,20223041830
91,2022305,1425,2022,305,14,25,NA,NA,T,NA,NA,NA,NA,20223051425
92,2022305,1600,2022,305,16,0,39.02916666,-76.83514483,T,0.18,0.12911,0.0142,0,20223051600
93,2022305,1735,2022,305,17,35,38.95416666,-76.85021105,A,0.205,0.148,0.0055,0,20223051735
94,2022305,1915,2022,305,19,15,NA,NA,A,NA,NA,NA,NA,20223051915
95,2022306,1505,2022,306,15,5,NA,NA,T,NA,NA,NA,NA,20223061505
96,2022306,1640,2022,306,16,40,NA,NA,A,NA,NA,NA,NA,20223061640
97,2022306,1640,2022,306,16,40,NA,NA,T,NA,NA,NA,NA,20223061640
98,2022306,1820,2022,306,18,20,NA,NA,A,NA,NA,NA,NA,20223061820
99,2022307,1410,2022,307,14,10,NA,NA,T,NA,NA,NA,NA,20223071410
100,2022307,1545,2022,307,15,45,39.0375,-76.88712039,T,0.08012,0.05738,0.0194,0,20223071545
101,2022307,1725,2022,307,17,25,39.0375,-76.83347696,A,0.03603,0.02564,0.0036,0,20223071725
102,2022307,1900,2022,307,19,0,39.0375,-76.88712039,A,0.02789,0.01991,0.007,0,20223071900
103,2022308,1450,2022,308,14,50,NA,NA,T,NA,NA,NA,NA,20223081450
104,2022308,1625,2022,308,16,25,NA,NA,A,NA,NA,NA,NA,20223081625
105,2022308,1625,2022,308,16,25,NA,NA,T,NA,NA,NA,NA,20223081625
106,2022308,1805,2022,308,18,5,39.0375,-76.81201959,A,0.118,0.08483,0.0126,0,20223081805
107,2022309,1350,2022,309,13,50,NA,NA,T,NA,NA,NA,NA,20223091350
108,2022309,1530,2022,309,15,30,NA,NA,T,NA,NA,NA,NA,20223091530
109,2022309,1710,2022,309,17,10,NA,NA,A,NA,NA,NA,NA,20223091710
110,2022309,1850,2022,309,18,50,39.0375,-76.88712039,A,0.1156,0.0828,0.0102,0,20223091850
111,2022310,1435,2022,310,14,35,NA,NA,T,NA,NA,NA,NA,20223101435
112,2022310,1610,2022,310,16,10,NA,NA,T,NA,NA,NA,NA,20223101610
113,2022310,1755,2022,310,17,55,NA,NA,A,NA,NA,NA,NA,20223101755
114,2022311,1335,2022,311,13,35,NA,NA,T,NA,NA,NA,NA,20223111335
115,2022311,1515,2022,311,15,15,39.0375,-76.81201959,T,0.07454,0.05332,0.0091,0,20223111515
116,2022311,1700,2022,311,17,0,NA,NA,A,NA,NA,NA,NA,20223111700
117,2022311,1835,2022,311,18,35,39.0375,-76.88712039,A,0.01561,0.01102,0.0147,0,20223111835
118,2022312,1420,2022,312,14,20,NA,NA,T,NA,NA,NA,NA,20223121420
119,2022312,1555,2022,312,15,55,38.99583333,-76.88471808,T,0.11509,0.08248,0.0164,0,20223121555
120,2022312,1740,2022,312,17,40,39.0375,-76.86566302,A,0.0181,0.01287,0.0053,0,20223121740
121,2022312,1920,2022,312,19,20,NA,NA,A,NA,NA,NA,NA,20223121920
122,2022313,1500,2022,313,15,0,39.0375,-76.88712039,T,0.04479,0.03199,0.006,0,20223131500
123,2022313,1635,2022,313,16,35,39.0375,-76.88712039,T,0.04817,0.03442,0.0047,0,20223131635
124,2022313,1645,2022,313,16,45,NA,NA,A,NA,NA,NA,NA,20223131645
125,2022313,1825,2022,313,18,25,39.0375,-76.88712039,A,0.04693,0.03352,0.0172,0,20223131825
126,2022314,1400,2022,314,14,0,NA,NA,T,NA,NA,NA,NA,20223141400
127,2022314,1540,2022,314,15,40,39.0375,-76.88712039,T,0.04347,0.03103,0.0182,0,20223141540
128,2022314,1730,2022,314,17,30,39.0375,-76.88712039,A,0.04475,0.03196,0.0037,0,20223141730
129,2022314,1905,2022,314,19,5,NA,NA,A,NA,NA,NA,NA,20223141905
130,2022315,1445,2022,315,14,45,NA,NA,T,NA,NA,NA,NA,20223151445
131,2022315,1620,2022,315,16,20,NA,NA,T,NA,NA,NA,NA,20223151620
132,2022315,1630,2022,315,16,30,NA,NA,A,NA,NA,NA,NA,20223151630
133,2022315,1810,2022,315,18,10,NA,NA,A,NA,NA,NA,NA,20223151810
134,2022316,1345,2022,316,13,45,NA,NA,T,NA,NA,NA,NA,20223161345
135,2022316,1525,2022,316,15,25,NA,NA,T,NA,NA,NA,NA,20223161525
136,2022316,1715,2022,316,17,15,NA,NA,A,NA,NA,NA,NA,20223161715
137,2022316,1850,2022,316,18,50,39.02916666,-76.88878193,A,0.145,0.104,0.0089,0,20223161850
138,2022317,1430,2022,317,14,30,NA,NA,T,NA,NA,NA,NA,20223171430
139,2022317,1605,2022,317,16,5,39.0375,-76.84420565,T,0.07624,0.0545,0.0114,0,20223171605
140,2022317,1755,2022,317,17,55,39.02083333,-76.79390931,A,0.08811,0.063,0.0086,0,20223171755
141,2022318,1510,2022,318,15,10,39.0375,-76.80129091,T,0.08671,0.06207,0.0072,0,20223181510
142,2022318,1645,2022,318,16,45,NA,NA,T,NA,NA,NA,NA,20223181645
143,2022318,1700,2022,318,17,0,NA,NA,A,NA,NA,NA,NA,20223181700
144,2022318,1840,2022,318,18,40,39.0375,-76.88712039,A,0.0773,0.05532,0.0128,0,20223181840
145,2022319,1410,2022,319,14,10,NA,NA,T,NA,NA,NA,NA,20223191410
146,2022319,1550,2022,319,15,50,NA,NA,T,NA,NA,NA,NA,20223191550
147,2022319,1745,2022,319,17,45,NA,NA,A,NA,NA,NA,NA,20223191745
148,2022320,1455,2022,320,14,55,NA,NA,T,NA,NA,NA,NA,20223201455
149,2022320,1630,2022,320,16,30,NA,NA,T,NA,NA,NA,NA,20223201630
150,2022320,1650,2022,320,16,50,NA,NA,A,NA,NA,NA,NA,20223201650
151,2022320,1825,2022,320,18,25,38.9625,-76.79494551,A,0.18967,0.136,0.0157,0,20223201825
152,2022321,1355,2022,321,13,55,NA,NA,T,NA,NA,NA,NA,20223211355
153,2022321,1535,2022,321,15,35,39.0375,-76.84420565,T,0.09849,0.07055,0.0152,0,20223211535
154,2022321,1730,2022,321,17,30,38.97916666,-76.86661758,A,0.14,0.101,0.0038,0,20223211730
155,2022321,1910,2022,321,19,10,NA,NA,A,NA,NA,NA,NA,20223211910
156,2022322,1435,2022,322,14,35,NA,NA,T,NA,NA,NA,NA,20223221435
157,2022322,1615,2022,322,16,15,39.0375,-76.88712039,T,0.09599,0.06874,0.0081,0,20223221615
158,2022322,1635,2022,322,16,35,NA,NA,A,NA,NA,NA,NA,20223221635
159,2022322,1815,2022,322,18,15,39.0375,-76.84420565,A,0.1461,0.10478,0.014,0,20223221815
160,2022323,1340,2022,323,13,40,NA,NA,T,NA,NA,NA,NA,20223231340
161,2022323,1520,2022,323,15,20,NA,NA,T,NA,NA,NA,NA,20223231520
162,2022323,1720,2022,323,17,20,NA,NA,A,NA,NA,NA,NA,20223231720
163,2022323,1855,2022,323,18,55,39.0375,-76.84420565,A,0.07687,0.05503,0.0073,0,20223231855
164,2022324,1420,2022,324,14,20,NA,NA,T,NA,NA,NA,NA,20223241420
165,2022324,1600,2022,324,16,0,39.0375,-76.88712039,T,0.06083,0.04344,0.013,0,20223241600
166,2022324,1800,2022,324,18,0,39.0375,-76.88712039,A,0.03333,0.02375,0.0093,0,20223241800
167,2022325,1500,2022,325,15,0,39.0375,-76.88712039,T,0.03763,0.02681,0.0061,0,20223251500
168,2022325,1640,2022,325,16,40,39.0375,-76.88712039,T,0.05701,0.04077,0.0038,0,20223251640
169,2022325,1705,2022,325,17,5,NA,NA,A,NA,NA,NA,NA,20223251705
170,2022325,1845,2022,325,18,45,39.0375,-76.88712039,A,0.02136,0.01511,0.0112,0,20223251845
171,2022326,1405,2022,326,14,5,NA,NA,T,NA,NA,NA,NA,20223261405
172,2022326,1545,2022,326,15,45,39.0375,-76.88712039,T,0.04519,0.03225,0.0165,0,20223261545
173,2022326,1750,2022,326,17,50,39.0375,-76.88712039,A,0.02792,0.01983,0.0059,0,20223261750
174,2022327,1445,2022,327,14,45,NA,NA,T,NA,NA,NA,NA,20223271445
175,2022327,1625,2022,327,16,25,39.0375,-76.88712039,T,0.06648,0.04753,0.0057,0,20223271625
176,2022327,1650,2022,327,16,50,NA,NA,A,NA,NA,NA,NA,20223271650
177,2022327,1830,2022,327,18,30,39.0375,-76.88712039,A,0.05195,0.03714,0.015,0,20223271830
178,2022328,1350,2022,328,13,50,NA,NA,T,NA,NA,NA,NA,20223281350
179,2022328,1530,2022,328,15,30,39.0375,-76.88712039,T,0.14051,0.10076,0.0128,0,20223281530
180,2022328,1735,2022,328,17,35,NA,NA,A,NA,NA,NA,NA,20223281735
181,2022328,1915,2022,328,19,15,39.0375,-76.88712039,A,0.08011,0.0573,0.0045,0,20223281915
182,2022329,1430,2022,329,14,30,NA,NA,T,NA,NA,NA,NA,20223291430
183,2022329,1610,2022,329,16,10,NA,NA,T,NA,NA,NA,NA,20223291610
184,2022329,1640,2022,329,16,40,NA,NA,A,NA,NA,NA,NA,20223291640
185,2022329,1815,2022,329,18,15,NA,NA,A,NA,NA,NA,NA,20223291815
186,2022330,1335,2022,330,13,35,NA,NA,T,NA,NA,NA,NA,20223301335
187,2022330,1510,2022,330,15,10,39.0375,-76.88712039,T,0.02551,0.01815,0.0078,0,20223301510
188,2022330,1720,2022,330,17,20,NA,NA,A,NA,NA,NA,NA,20223301720
189,2022330,1900,2022,330,19,0,39.0375,-76.88712039,A,0.00615,0.00425,0.0065,0,20223301900
190,2022331,1415,2022,331,14,15,NA,NA,T,NA,NA,NA,NA,20223311415
191,2022331,1555,2022,331,15,55,NA,NA,T,NA,NA,NA,NA,20223311555
192,2022331,1625,2022,331,16,25,NA,NA,A,NA,NA,NA,NA,20223311625
193,2022331,1805,2022,331,18,5,NA,NA,A,NA,NA,NA,NA,20223311805
194,2022332,1455,2022,332,14,55,39.0375,-76.8763917,T,0.3106,0.2242,0.0047,0,20223321455
195,2022332,1630,2022,332,16,30,39.0125,-76.89210872,T,0.1616,0.116,0.0041,0,20223321630
196,2022332,1710,2022,332,17,10,NA,NA,A,NA,NA,NA,NA,20223321710
197,2022332,1845,2022,332,18,45,NA,NA,A,NA,NA,NA,NA,20223321845
198,2022333,1400,2022,333,14,0,NA,NA,T,NA,NA,NA,NA,20223331400
199,2022333,1535,2022,333,15,35,NA,NA,T,NA,NA,NA,NA,20223331535
200,2022333,1750,2022,333,17,50,NA,NA,A,NA,NA,NA,NA,20223331750
201,2022334,1440,2022,334,14,40,NA,NA,T,NA,NA,NA,NA,20223341440
202,2022334,1615,2022,334,16,15,NA,NA,T,NA,NA,NA,NA,20223341615
203,2022334,1655,2022,334,16,55,NA,NA,A,NA,NA,NA,NA,20223341655
204,2022334,1835,2022,334,18,35,NA,NA,A,NA,NA,NA,NA,20223341835
205,2022335,1345,2022,335,13,45,NA,NA,T,NA,NA,NA,NA,20223351345
206,2022335,1520,2022,335,15,20,39.0375,-76.88712039,T,0.05987,0.0427,0.0101,0,20223351520
207,2022335,1740,2022,335,17,40,39.0375,-76.88712039,A,0.0376,0.0268,0.0041,0,20223351740
208,2022335,1915,2022,335,19,15,NA,NA,A,NA,NA,NA,NA,20223351915
209,2022336,1425,2022,336,14,25,NA,NA,T,NA,NA,NA,NA,20223361425
210,2022336,1600,2022,336,16,0,39.0375,-76.88712039,T,0.11006,0.07882,0.0105,0,20223361600
211,2022336,1645,2022,336,16,45,NA,NA,A,NA,NA,NA,NA,20223361645
212,2022336,1820,2022,336,18,20,NA,NA,A,NA,NA,NA,NA,20223361820
213,2022337,1505,2022,337,15,5,NA,NA,T,NA,NA,NA,NA,20223371505
214,2022337,1640,2022,337,16,40,NA,NA,T,NA,NA,NA,NA,20223371640
215,2022337,1725,2022,337,17,25,NA,NA,A,NA,NA,NA,NA,20223371725
216,2022337,1905,2022,337,19,5,NA,NA,A,NA,NA,NA,NA,20223371905
217,2022338,1410,2022,338,14,10,NA,NA,T,NA,NA,NA,NA,20223381410
218,2022338,1545,2022,338,15,45,NA,NA,T,NA,NA,NA,NA,20223381545
219,2022338,1630,2022,338,16,30,NA,NA,A,NA,NA,NA,NA,20223381630
220,2022338,1810,2022,338,18,10,NA,NA,A,NA,NA,NA,NA,20223381810
221,2022339,1450,2022,339,14,50,NA,NA,T,NA,NA,NA,NA,20223391450
222,2022339,1625,2022,339,16,25,NA,NA,T,NA,NA,NA,NA,20223391625
223,2022339,1710,2022,339,17,10,NA,NA,A,NA,NA,NA,NA,20223391710
224,2022339,1850,2022,339,18,50,39.0375,-76.88712039,A,0.05822,0.04158,0.0083,0,20223391850
225,2022340,1355,2022,340,13,55,NA,NA,T,NA,NA,NA,NA,20223401355
226,2022340,1530,2022,340,15,30,NA,NA,T,NA,NA,NA,NA,20223401530
227,2022340,1755,2022,340,17,55,NA,NA,A,NA,NA,NA,NA,20223401755
228,2022341,1435,2022,341,14,35,NA,NA,T,NA,NA,NA,NA,20223411435
229,2022341,1610,2022,341,16,10,NA,NA,T,NA,NA,NA,NA,20223411610
230,2022341,1700,2022,341,17,0,NA,NA,A,NA,NA,NA,NA,20223411700
231,2022341,1835,2022,341,18,35,NA,NA,A,NA,NA,NA,NA,20223411835
232,2022342,1335,2022,342,13,35,NA,NA,T,NA,NA,NA,NA,20223421335
233,2022342,1515,2022,342,15,15,NA,NA,T,NA,NA,NA,NA,20223421515
234,2022342,1740,2022,342,17,40,NA,NA,A,NA,NA,NA,NA,20223421740
235,2022342,1920,2022,342,19,20,NA,NA,A,NA,NA,NA,NA,20223421920
236,2022343,1420,2022,343,14,20,NA,NA,T,NA,NA,NA,NA,20223431420
237,2022343,1555,2022,343,15,55,39.0375,-76.88712039,T,0.06253,0.04469,0.012,0,20223431555
238,2022343,1645,2022,343,16,45,NA,NA,A,NA,NA,NA,NA,20223431645
239,2022343,1825,2022,343,18,25,39.0375,-76.88712039,A,0.05869,0.04187,0.0142,0,20223431825
240,2022344,1500,2022,344,15,0,NA,NA,T,NA,NA,NA,NA,20223441500
241,2022344,1635,2022,344,16,35,NA,NA,T,NA,NA,NA,NA,20223441635
242,2022344,1730,2022,344,17,30,NA,NA,A,NA,NA,NA,NA,20223441730
243,2022344,1905,2022,344,19,5,NA,NA,A,NA,NA,NA,NA,20223441905
244,2022345,1400,2022,345,14,0,NA,NA,T,NA,NA,NA,NA,20223451400
245,2022345,1540,2022,345,15,40,NA,NA,T,NA,NA,NA,NA,20223451540
246,2022345,1630,2022,345,16,30,NA,NA,A,NA,NA,NA,NA,20223451630
247,2022345,1810,2022,345,18,10,NA,NA,A,NA,NA,NA,NA,20223451810
248,2022346,1445,2022,346,14,45,NA,NA,T,NA,NA,NA,NA,20223461445
249,2022346,1620,2022,346,16,20,NA,NA,T,NA,NA,NA,NA,20223461620
250,2022346,1715,2022,346,17,15,NA,NA,A,NA,NA,NA,NA,20223461715
251,2022346,1855,2022,346,18,55,NA,NA,A,NA,NA,NA,NA,20223461855
252,2022347,1345,2022,347,13,45,NA,NA,T,NA,NA,NA,NA,20223471345
253,2022347,1525,2022,347,15,25,39.0375,-76.88712039,T,0.03788,0.02703,0.0105,0,20223471525
254,2022347,1800,2022,347,18,0,39.0375,-76.88712039,A,0.01672,0.0119,0.0076,0,20223471800
255,2022348,1430,2022,348,14,30,NA,NA,T,NA,NA,NA,NA,20223481430
256,2022348,1605,2022,348,16,5,NA,NA,T,NA,NA,NA,NA,20223481605
257,2022348,1705,2022,348,17,5,NA,NA,A,NA,NA,NA,NA,20223481705
258,2022348,1840,2022,348,18,40,NA,NA,A,NA,NA,NA,NA,20223481840
259,2022349,1510,2022,349,15,10,NA,NA,T,NA,NA,NA,NA,20223491510
260,2022349,1645,2022,349,16,45,NA,NA,T,NA,NA,NA,NA,20223491645
261,2022349,1745,2022,349,17,45,NA,NA,A,NA,NA,NA,NA,20223491745
262,2022350,1410,2022,350,14,10,NA,NA,T,NA,NA,NA,NA,20223501410
263,2022350,1550,2022,350,15,50,39.0375,-76.88712039,T,0.0975,0.06985,0.0129,0,20223501550
264,2022350,1650,2022,350,16,50,NA,NA,A,NA,NA,NA,NA,20223501650
265,2022350,1825,2022,350,18,25,39.0375,-76.84420565,A,0.237,0.171,0.0128,0,20223501825
266,2022351,1455,2022,351,14,55,39.0375,-76.88712039,T,0.05927,0.04237,0.0039,0,20223511455
267,2022351,1630,2022,351,16,30,NA,NA,T,NA,NA,NA,NA,20223511630
268,2022351,1730,2022,351,17,30,NA,NA,A,NA,NA,NA,NA,20223511730
269,2022351,1910,2022,351,19,10,NA,NA,A,NA,NA,NA,NA,20223511910
270,2022352,1355,2022,352,13,55,NA,NA,T,NA,NA,NA,NA,20223521355
271,2022352,1535,2022,352,15,35,NA,NA,T,NA,NA,NA,NA,20223521535
272,2022352,1635,2022,352,16,35,NA,NA,A,NA,NA,NA,NA,20223521635
273,2022352,1815,2022,352,18,15,NA,NA,A,NA,NA,NA,NA,20223521815
274,2022353,1435,2022,353,14,35,NA,NA,T,NA,NA,NA,NA,20223531435
275,2022353,1615,2022,353,16,15,39.0375,-76.88712039,T,0.10131,0.07256,0.0061,0,20223531615
276,2022353,1720,2022,353,17,20,NA,NA,A,NA,NA,NA,NA,20223531720
277,2022353,1855,2022,353,18,55,39.0375,-76.83347696,A,0,0,0.0059,0,20223531855
278,2022354,1340,2022,354,13,40,NA,NA,T,NA,NA,NA,NA,20223541340
279,2022354,1520,2022,354,15,20,39.0375,-76.88712039,T,0.08337,0.05965,0.0082,0,20223541520
280,2022354,1800,2022,354,18,0,39.0375,-76.88712039,A,0.06332,0.04526,0.0084,0,20223541800
281,2022355,1420,2022,355,14,20,NA,NA,T,NA,NA,NA,NA,20223551420
282,2022355,1600,2022,355,16,0,39.0375,-76.88712039,T,0.06451,0.0461,0.0103,0,20223551600
283,2022355,1705,2022,355,17,5,NA,NA,A,NA,NA,NA,NA,20223551705
284,2022355,1845,2022,355,18,45,39.0375,-76.88712039,A,0.07892,0.05644,0.0099,0,20223551845
285,2022356,1500,2022,356,15,0,NA,NA,T,NA,NA,NA,NA,20223561500
286,2022356,1640,2022,356,16,40,NA,NA,T,NA,NA,NA,NA,20223561640
287,2022356,1750,2022,356,17,50,NA,NA,A,NA,NA,NA,NA,20223561750
288,2022357,1405,2022,357,14,5,NA,NA,T,NA,NA,NA,NA,20223571405
289,2022357,1545,2022,357,15,45,NA,NA,T,NA,NA,NA,NA,20223571545
290,2022357,1655,2022,357,16,55,NA,NA,A,NA,NA,NA,NA,20223571655
291,2022357,1830,2022,357,18,30,39.0375,-76.88712039,A,0.0805,0.05756,0.0137,0,20223571830
292,2022358,1445,2022,358,14,45,NA,NA,T,NA,NA,NA,NA,20223581445
293,2022358,1625,2022,358,16,25,38.95416666,-76.81806288,T,0.173,0.124,0.0045,0,20223581625
294,2022358,1735,2022,358,17,35,NA,NA,A,NA,NA,NA,NA,20223581735
295,2022358,1915,2022,358,19,15,39.0375,-76.88712039,A,0.06878,0.04911,0.0042,0,20223581915
296,2022359,1350,2022,359,13,50,NA,NA,T,NA,NA,NA,NA,20223591350
297,2022359,1530,2022,359,15,30,39.0375,-76.88712039,T,0.08408,0.06019,0.0113,0,20223591530
298,2022359,1640,2022,359,16,40,NA,NA,A,NA,NA,NA,NA,20223591640
299,2022359,1820,2022,359,18,20,39.0375,-76.88712039,A,0.07096,0.05075,0.0132,0,20223591820
300,2022360,1430,2022,360,14,30,NA,NA,T,NA,NA,NA,NA,20223601430
301,2022360,1610,2022,360,16,10,39.0375,-76.88712039,T,0.0586,0.04191,0.0077,0,20223601610
302,2022360,1720,2022,360,17,20,NA,NA,A,NA,NA,NA,NA,20223601720
303,2022360,1900,2022,360,19,0,NA,NA,A,NA,NA,NA,NA,20223601900
304,2022361,1335,2022,361,13,35,NA,NA,T,NA,NA,NA,NA,20223611335
305,2022361,1510,2022,361,15,10,39.0375,-76.88712039,T,0.06865,0.04906,0.007,0,20223611510
306,2022361,1625,2022,361,16,25,NA,NA,A,NA,NA,NA,NA,20223611625
307,2022361,1805,2022,361,18,5,39.0375,-76.88712039,A,0.04184,0.02983,0.0095,0,20223611805
308,2022362,1415,2022,362,14,15,NA,NA,T,NA,NA,NA,NA,20223621415
309,2022362,1555,2022,362,15,55,39.0375,-76.88712039,T,0.09979,0.07151,0.0123,0,20223621555
310,2022362,1710,2022,362,17,10,NA,NA,A,NA,NA,NA,NA,20223621710
311,2022362,1845,2022,362,18,45,39.0375,-76.83347696,A,0.03713,0.02646,0.009,0,20223621845
312,2022363,1455,2022,363,14,55,39.0375,-76.88712039,T,0.07394,0.05291,0.0043,0,20223631455
313,2022363,1630,2022,363,16,30,39.0375,-76.88712039,T,0.0833,0.05954,0.0035,0,20223631630
314,2022363,1750,2022,363,17,50,39.0375,-76.88712039,A,0.03758,0.02679,0.0063,0,20223631750
315,2022364,1400,2022,364,14,0,NA,NA,T,NA,NA,NA,NA,20223641400
316,2022364,1535,2022,364,15,35,39.0375,-76.88712039,T,0.05903,0.04223,0.014,0,20223641535
317,2022364,1655,2022,364,16,55,NA,NA,A,NA,NA,NA,NA,20223641655
318,2022364,1835,2022,364,18,35,39.0375,-76.88712039,A,0.0395,0.02816,0.0136,0,20223641835
319,2022365,1440,2022,365,14,40,NA,NA,T,NA,NA,NA,NA,20223651440
320,2022365,1615,2022,365,16,15,NA,NA,T,NA,NA,NA,NA,20223651615
321,2022365,1740,2022,365,17,40,NA,NA,A,NA,NA,NA,NA,20223651740
322,2022365,1915,2022,365,19,15,NA,NA,A,NA,NA,NA,NA,20223651915
1,2023001,1345,2023,1,13,45,NA,NA,T,NA,NA,NA,NA,20230011345
2,2023001,1520,2023,1,15,20,39.0375,-76.88712039,T,0.04682,0.03341,0.0095,0,20230011520
3,2023001,1645,2023,1,16,45,NA,NA,A,NA,NA,NA,NA,20230011645
4,2023001,1820,2023,1,18,20,38.97916666,-76.80229854,A,0.0585,0.04165,0.0139,0,20230011820
5,2023002,1425,2023,2,14,25,NA,NA,T,NA,NA,NA,NA,20230021425
6,2023002,1600,2023,2,16,0,NA,NA,T,NA,NA,NA,NA,20230021600
7,2023002,1725,2023,2,17,25,NA,NA,A,NA,NA,NA,NA,20230021725
8,2023002,1905,2023,2,19,5,NA,NA,A,NA,NA,NA,NA,20230021905
9,2023003,1505,2023,3,15,5,NA,NA,T,NA,NA,NA,NA,20230031505
10,2023003,1630,2023,3,16,30,NA,NA,A,NA,NA,NA,NA,20230031630
11,2023003,1640,2023,3,16,40,NA,NA,T,NA,NA,NA,NA,20230031640
12,2023003,1810,2023,3,18,10,NA,NA,A,NA,NA,NA,NA,20230031810
13,2023004,1410,2023,4,14,10,NA,NA,T,NA,NA,NA,NA,20230041410
14,2023004,1545,2023,4,15,45,NA,NA,T,NA,NA,NA,NA,20230041545
15,2023004,1710,2023,4,17,10,NA,NA,A,NA,NA,NA,NA,20230041710
16,2023004,1850,2023,4,18,50,NA,NA,A,NA,NA,NA,NA,20230041850
17,2023005,1450,2023,5,14,50,NA,NA,T,NA,NA,NA,NA,20230051450
18,2023005,1625,2023,5,16,25,39.00416666,-76.89377396,T,0.174,0.12474,0.004,0,20230051625
19,2023005,1755,2023,5,17,55,NA,NA,A,NA,NA,NA,NA,20230051755
20,2023006,1350,2023,6,13,50,NA,NA,T,NA,NA,NA,NA,20230061350
21,2023006,1530,2023,6,15,30,NA,NA,T,NA,NA,NA,NA,20230061530
22,2023006,1700,2023,6,17,0,NA,NA,A,NA,NA,NA,NA,20230061700
23,2023006,1835,2023,6,18,35,NA,NA,A,NA,NA,NA,NA,20230061835
24,2023007,1435,2023,7,14,35,NA,NA,T,NA,NA,NA,NA,20230071435
25,2023007,1610,2023,7,16,10,39.02916666,-76.88878193,T,0.13114,0.09412,0.0065,0,20230071610
26,2023007,1740,2023,7,17,40,NA,NA,A,NA,NA,NA,NA,20230071740
27,2023007,1920,2023,7,19,20,NA,NA,A,NA,NA,NA,NA,20230071920
28,2023008,1335,2023,8,13,35,NA,NA,T,NA,NA,NA,NA,20230081335
29,2023008,1515,2023,8,15,15,NA,NA,T,NA,NA,NA,NA,20230081515
30,2023008,1645,2023,8,16,45,NA,NA,A,NA,NA,NA,NA,20230081645
31,2023008,1825,2023,8,18,25,NA,NA,A,NA,NA,NA,NA,20230081825
32,2023009,1420,2023,9,14,20,NA,NA,T,NA,NA,NA,NA,20230091420
33,2023009,1555,2023,9,15,55,39.0375,-76.88712039,T,0.08769,0.06269,0.0111,0,20230091555
34,2023009,1730,2023,9,17,30,39.0375,-76.88712039,A,0.04396,0.03142,0.0035,0,20230091730
35,2023009,1905,2023,9,19,5,39.0375,-76.88712039,A,0.03336,0.02382,0.0053,0,20230091905
36,2023010,1500,2023,10,15,0,NA,NA,T,NA,NA,NA,NA,20230101500
37,2023010,1630,2023,10,16,30,NA,NA,A,NA,NA,NA,NA,20230101630
38,2023010,1635,2023,10,16,35,NA,NA,T,NA,NA,NA,NA,20230101635
39,2023010,1810,2023,10,18,10,NA,NA,A,NA,NA,NA,NA,20230101810
40,2023011,1400,2023,11,14,0,NA,NA,T,NA,NA,NA,NA,20230111400
41,2023011,1540,2023,11,15,40,NA,NA,T,NA,NA,NA,NA,20230111540
42,2023011,1715,2023,11,17,15,NA,NA,A,NA,NA,NA,NA,20230111715
43,2023011,1855,2023,11,18,55,NA,NA,A,NA,NA,NA,NA,20230111855
44,2023012,1445,2023,12,14,45,NA,NA,T,NA,NA,NA,NA,20230121445
45,2023012,1620,2023,12,16,20,39.00416666,-76.81870857,T,0.282,0.203,0.0048,0,20230121620
46,2023012,1800,2023,12,18,0,NA,NA,A,NA,NA,NA,NA,20230121800
47,2023013,1345,2023,13,13,45,NA,NA,T,NA,NA,NA,NA,20230131345
48,2023013,1525,2023,13,15,25,39.0375,-76.88712039,T,0.04455,0.03177,0.0107,0,20230131525
49,2023013,1700,2023,13,17,0,NA,NA,A,NA,NA,NA,NA,20230131700
50,2023013,1840,2023,13,18,40,39.0375,-76.88712039,A,0.08962,0.06419,0.0125,0,20230131840
51,2023014,1425,2023,14,14,25,NA,NA,T,NA,NA,NA,NA,20230141425
52,2023014,1605,2023,14,16,5,NA,NA,T,NA,NA,NA,NA,20230141605
53,2023014,1745,2023,14,17,45,NA,NA,A,NA,NA,NA,NA,20230141745
54,2023015,1510,2023,15,15,10,39.0375,-76.88712039,T,0.07973,0.05702,0.0065,0,20230151510
55,2023015,1645,2023,15,16,45,NA,NA,T,NA,NA,NA,NA,20230151645
56,2023015,1650,2023,15,16,50,NA,NA,A,NA,NA,NA,NA,20230151650
57,2023015,1825,2023,15,18,25,39.0375,-76.88712039,A,0.02883,0.02049,0.0156,0,20230151825
58,2023016,1410,2023,16,14,10,NA,NA,T,NA,NA,NA,NA,20230161410
59,2023016,1550,2023,16,15,50,NA,NA,T,NA,NA,NA,NA,20230161550
60,2023016,1730,2023,16,17,30,39.0375,-76.88712039,A,0.00363,0.00242,0.0039,0,20230161730
61,2023016,1910,2023,16,19,10,39.0375,-76.88712039,A,0.00346,0.0024,0.0055,0,20230161910
62,2023017,1450,2023,17,14,50,NA,NA,T,NA,NA,NA,NA,20230171450
63,2023017,1630,2023,17,16,30,NA,NA,T,NA,NA,NA,NA,20230171630
64,2023017,1635,2023,17,16,35,NA,NA,A,NA,NA,NA,NA,20230171635
65,2023017,1815,2023,17,18,15,NA,NA,A,NA,NA,NA,NA,20230171815
66,2023018,1355,2023,18,13,55,NA,NA,T,NA,NA,NA,NA,20230181355
67,2023018,1535,2023,18,15,35,39.0375,-76.88712039,T,0.10214,0.07316,0.0145,0,20230181535
68,2023018,1720,2023,18,17,20,NA,NA,A,NA,NA,NA,NA,20230181720
69,2023018,1855,2023,18,18,55,39.0375,-76.82274828,A,0.11629,0.08336,0.0077,0,20230181855
70,2023019,1435,2023,19,14,35,NA,NA,T,NA,NA,NA,NA,20230191435
71,2023019,1615,2023,19,16,15,NA,NA,T,NA,NA,NA,NA,20230191615
72,2023019,1800,2023,19,18,0,NA,NA,A,NA,NA,NA,NA,20230191800
73,2023020,1340,2023,20,13,40,NA,NA,T,NA,NA,NA,NA,20230201340
74,2023020,1515,2023,20,15,15,39.0375,-76.83347696,T,0.07436,0.05318,0.009,0,20230201515
75,2023020,1705,2023,20,17,5,NA,NA,A,NA,NA,NA,NA,20230201705
76,2023020,1845,2023,20,18,45,39.0375,-76.86566302,A,0.19133,0.13744,0.0121,0,20230201845
77,2023021,1420,2023,21,14,20,NA,NA,T,NA,NA,NA,NA,20230211420
78,2023021,1600,2023,21,16,0,NA,NA,T,NA,NA,NA,NA,20230211600
79,2023021,1745,2023,21,17,45,NA,NA,A,NA,NA,NA,NA,20230211745
80,2023022,1500,2023,22,15,0,NA,NA,T,NA,NA,NA,NA,20230221500
81,2023022,1635,2023,22,16,35,NA,NA,T,NA,NA,NA,NA,20230221635
82,2023022,1650,2023,22,16,50,NA,NA,A,NA,NA,NA,NA,20230221650
83,2023022,1830,2023,22,18,30,NA,NA,A,NA,NA,NA,NA,20230221830
84,2023023,1405,2023,23,14,5,NA,NA,T,NA,NA,NA,NA,20230231405
85,2023023,1540,2023,23,15,40,NA,NA,T,NA,NA,NA,NA,20230231540
86,2023023,1735,2023,23,17,35,NA,NA,A,NA,NA,NA,NA,20230231735
87,2023023,1910,2023,23,19,10,NA,NA,A,NA,NA,NA,NA,20230231910
88,2023024,1445,2023,24,14,45,NA,NA,T,NA,NA,NA,NA,20230241445
89,2023024,1620,2023,24,16,20,NA,NA,T,NA,NA,NA,NA,20230241620
90,2023024,1640,2023,24,16,40,NA,NA,A,NA,NA,NA,NA,20230241640
91,2023024,1815,2023,24,18,15,NA,NA,A,NA,NA,NA,NA,20230241815
92,2023025,1350,2023,25,13,50,NA,NA,T,NA,NA,NA,NA,20230251350
93,2023025,1525,2023,25,15,25,NA,NA,T,NA,NA,NA,NA,20230251525
94,2023025,1720,2023,25,17,20,NA,NA,A,NA,NA,NA,NA,20230251720
95,2023025,1900,2023,25,19,0,NA,NA,A,NA,NA,NA,NA,20230251900
96,2023026,1430,2023,26,14,30,NA,NA,T,NA,NA,NA,NA,20230261430
97,2023026,1605,2023,26,16,5,NA,NA,T,NA,NA,NA,NA,20230261605
98,2023026,1805,2023,26,18,5,NA,NA,A,NA,NA,NA,NA,20230261805
99,2023027,1330,2023,27,13,30,NA,NA,T,NA,NA,NA,NA,20230271330
100,2023027,1510,2023,27,15,10,NA,NA,T,NA,NA,NA,NA,20230271510
101,2023027,1710,2023,27,17,10,NA,NA,A,NA,NA,NA,NA,20230271710
102,2023027,1845,2023,27,18,45,NA,NA,A,NA,NA,NA,NA,20230271845
103,2023028,1415,2023,28,14,15,NA,NA,T,NA,NA,NA,NA,20230281415
104,2023028,1550,2023,28,15,50,NA,NA,T,NA,NA,NA,NA,20230281550
105,2023028,1750,2023,28,17,50,NA,NA,A,NA,NA,NA,NA,20230281750
106,2023029,1455,2023,29,14,55,NA,NA,T,NA,NA,NA,NA,20230291455
107,2023029,1630,2023,29,16,30,NA,NA,T,NA,NA,NA,NA,20230291630
108,2023029,1655,2023,29,16,55,NA,NA,A,NA,NA,NA,NA,20230291655
109,2023029,1830,2023,29,18,30,NA,NA,A,NA,NA,NA,NA,20230291830
110,2023030,1355,2023,30,13,55,NA,NA,T,NA,NA,NA,NA,20230301355
111,2023030,1535,2023,30,15,35,38.97916666,-76.80229854,T,0.226,0.16282,0.0161,0,20230301535
112,2023030,1735,2023,30,17,35,NA,NA,A,NA,NA,NA,NA,20230301735
113,2023030,1915,2023,30,19,15,39.0375,-76.88712039,A,0.06423,0.04595,0.0055,0,20230301915
114,2023031,1440,2023,31,14,40,NA,NA,T,NA,NA,NA,NA,20230311440
115,2023031,1615,2023,31,16,15,NA,NA,T,NA,NA,NA,NA,20230311615
116,2023031,1640,2023,31,16,40,NA,NA,A,NA,NA,NA,NA,20230311640
117,2023031,1820,2023,31,18,20,NA,NA,A,NA,NA,NA,NA,20230311820
118,2023032,1340,2023,32,13,40,NA,NA,T,NA,NA,NA,NA,20230321340
119,2023032,1520,2023,32,15,20,39.0375,-76.88712039,T,0.25545,0.18407,0.0112,0,20230321520
120,2023032,1725,2023,32,17,25,NA,NA,A,NA,NA,NA,NA,20230321725
121,2023032,1900,2023,32,19,0,38.97083333,-76.83613581,A,0.19956,0.14322,0.0084,0,20230321900
122,2023033,1425,2023,33,14,25,NA,NA,T,NA,NA,NA,NA,20230331425
123,2023033,1600,2023,33,16,0,NA,NA,T,NA,NA,NA,NA,20230331600
124,2023033,1625,2023,33,16,25,NA,NA,A,NA,NA,NA,NA,20230331625
125,2023033,1805,2023,33,18,5,NA,NA,A,NA,NA,NA,NA,20230331805
126,2023034,1505,2023,34,15,5,39.0375,-76.80129091,T,0.237,0.171,0.0066,0,20230341505
127,2023034,1640,2023,34,16,40,NA,NA,T,NA,NA,NA,NA,20230341640
128,2023034,1710,2023,34,17,10,NA,NA,A,NA,NA,NA,NA,20230341710
129,2023034,1850,2023,34,18,50,39.0375,-76.88712039,A,0.0426,0.03044,0.0129,0,20230341850
130,2023035,1405,2023,35,14,5,NA,NA,T,NA,NA,NA,NA,20230351405
131,2023035,1545,2023,35,15,45,39.0375,-76.88712039,T,0.02198,0.01565,0.0182,0,20230351545
132,2023035,1755,2023,35,17,55,39.0375,-76.88712039,A,0.0137,0.00965,0.0089,0,20230351755
133,2023036,1625,2023,36,16,25,NA,NA,T,NA,NA,NA,NA,20230361625
134,2023036,1655,2023,36,16,55,NA,NA,A,NA,NA,NA,NA,20230361655
135,2023036,1835,2023,36,18,35,NA,NA,A,NA,NA,NA,NA,20230361835
136,2023037,1350,2023,37,13,50,NA,NA,T,NA,NA,NA,NA,20230371350
137,2023037,1530,2023,37,15,30,NA,NA,T,NA,NA,NA,NA,20230371530
138,2023037,1740,2023,37,17,40,NA,NA,A,NA,NA,NA,NA,20230371740
139,2023037,1915,2023,37,19,15,NA,NA,A,NA,NA,NA,NA,20230371915
140,2023038,1430,2023,38,14,30,NA,NA,T,NA,NA,NA,NA,20230381430
141,2023038,1610,2023,38,16,10,NA,NA,T,NA,NA,NA,NA,20230381610
142,2023038,1645,2023,38,16,45,NA,NA,A,NA,NA,NA,NA,20230381645
143,2023038,1820,2023,38,18,20,NA,NA,A,NA,NA,NA,NA,20230381820
144,2023039,1335,2023,39,13,35,NA,NA,T,NA,NA,NA,NA,20230391335
145,2023039,1515,2023,39,15,15,NA,NA,T,NA,NA,NA,NA,20230391515
146,2023039,1725,2023,39,17,25,NA,NA,A,NA,NA,NA,NA,20230391725
147,2023039,1905,2023,39,19,5,NA,NA,A,NA,NA,NA,NA,20230391905
148,2023040,1415,2023,40,14,15,NA,NA,T,NA,NA,NA,NA,20230401415
149,2023040,1555,2023,40,15,55,NA,NA,T,NA,NA,NA,NA,20230401555
150,2023040,1630,2023,40,16,30,NA,NA,A,NA,NA,NA,NA,20230401630
151,2023040,1810,2023,40,18,10,NA,NA,A,NA,NA,NA,NA,20230401810
152,2023041,1455,2023,41,14,55,NA,NA,T,NA,NA,NA,NA,20230411455
153,2023041,1630,2023,41,16,30,39.0375,-76.8763917,T,0.13232,0.095,0.0041,0,20230411630
154,2023041,1715,2023,41,17,15,NA,NA,A,NA,NA,NA,NA,20230411715
155,2023041,1850,2023,41,18,50,NA,NA,A,NA,NA,NA,NA,20230411850
156,2023042,1400,2023,42,14,0,NA,NA,T,NA,NA,NA,NA,20230421400
157,2023042,1540,2023,42,15,40,NA,NA,T,NA,NA,NA,NA,20230421540
158,2023042,1755,2023,42,17,55,NA,NA,A,NA,NA,NA,NA,20230421755
159,2023043,1440,2023,43,14,40,NA,NA,T,NA,NA,NA,NA,20230431440
160,2023043,1615,2023,43,16,15,NA,NA,T,NA,NA,NA,NA,20230431615
161,2023043,1700,2023,43,17,0,NA,NA,A,NA,NA,NA,NA,20230431700
162,2023043,1835,2023,43,18,35,NA,NA,A,NA,NA,NA,NA,20230431835
163,2023044,1345,2023,44,13,45,NA,NA,T,NA,NA,NA,NA,20230441345
164,2023044,1520,2023,44,15,20,38.9875,-76.89710815,T,0.123,0.088,0.0131,0,20230441520
165,2023044,1740,2023,44,17,40,NA,NA,A,NA,NA,NA,NA,20230441740
166,2023044,1920,2023,44,19,20,NA,NA,A,NA,NA,NA,NA,20230441920
167,2023045,1425,2023,45,14,25,NA,NA,T,NA,NA,NA,NA,20230451425
168,2023045,1600,2023,45,16,0,39.0375,-76.80129091,T,0.1915,0.1375,0.0114,0,20230451600
169,2023045,1645,2023,45,16,45,NA,NA,A,NA,NA,NA,NA,20230451645
170,2023045,1825,2023,45,18,25,39.0375,-76.81201959,A,0.11693,0.08382,0.0203,0,20230451825
171,2023046,1505,2023,46,15,5,NA,NA,T,NA,NA,NA,NA,20230461505
172,2023046,1640,2023,46,16,40,NA,NA,T,NA,NA,NA,NA,20230461640
173,2023046,1730,2023,46,17,30,NA,NA,A,NA,NA,NA,NA,20230461730
174,2023046,1905,2023,46,19,5,39.0375,-76.86566302,A,0.02406,0.01717,0.0083,0,20230461905
175,2023047,1410,2023,47,14,10,NA,NA,T,NA,NA,NA,NA,20230471410
176,2023047,1545,2023,47,15,45,NA,NA,T,NA,NA,NA,NA,20230471545
177,2023047,1630,2023,47,16,30,NA,NA,A,NA,NA,NA,NA,20230471630
178,2023047,1810,2023,47,18,10,NA,NA,A,NA,NA,NA,NA,20230471810
179,2023048,1450,2023,48,14,50,NA,NA,T,NA,NA,NA,NA,20230481450
180,2023048,1625,2023,48,16,25,NA,NA,T,NA,NA,NA,NA,20230481625
181,2023048,1715,2023,48,17,15,NA,NA,A,NA,NA,NA,NA,20230481715
182,2023048,1855,2023,48,18,55,NA,NA,A,NA,NA,NA,NA,20230481855
183,2023049,1350,2023,49,13,50,NA,NA,T,NA,NA,NA,NA,20230491350
184,2023049,1530,2023,49,15,30,39.0375,-76.88712039,T,0.06965,0.04984,0.0182,0,20230491530
185,2023049,1755,2023,49,17,55,39.0375,-76.88712039,A,0.04597,0.03281,0.0119,0,20230491755
186,2023050,1435,2023,50,14,35,NA,NA,T,NA,NA,NA,NA,20230501435
187,2023050,1610,2023,50,16,10,NA,NA,T,NA,NA,NA,NA,20230501610
188,2023050,1700,2023,50,17,0,NA,NA,A,NA,NA,NA,NA,20230501700
189,2023050,1840,2023,50,18,40,NA,NA,A,NA,NA,NA,NA,20230501840
190,2023051,1335,2023,51,13,35,NA,NA,T,NA,NA,NA,NA,20230511335
191,2023051,1515,2023,51,15,15,NA,NA,T,NA,NA,NA,NA,20230511515
192,2023051,1745,2023,51,17,45,NA,NA,A,NA,NA,NA,NA,20230511745
193,2023051,1920,2023,51,19,20,NA,NA,A,NA,NA,NA,NA,20230511920
194,2023052,1420,2023,52,14,20,NA,NA,T,NA,NA,NA,NA,20230521420
195,2023052,1555,2023,52,15,55,NA,NA,T,NA,NA,NA,NA,20230521555
196,2023052,1650,2023,52,16,50,NA,NA,A,NA,NA,NA,NA,20230521650
197,2023052,1825,2023,52,18,25,NA,NA,A,NA,NA,NA,NA,20230521825
198,2023053,1500,2023,53,15,0,NA,NA,T,NA,NA,NA,NA,20230531500
199,2023053,1635,2023,53,16,35,NA,NA,T,NA,NA,NA,NA,20230531635
200,2023053,1730,2023,53,17,30,NA,NA,A,NA,NA,NA,NA,20230531730
201,2023053,1910,2023,53,19,10,NA,NA,A,NA,NA,NA,NA,20230531910
202,2023054,1400,2023,54,14,0,NA,NA,T,NA,NA,NA,NA,20230541400
203,2023054,1540,2023,54,15,40,NA,NA,T,NA,NA,NA,NA,20230541540
204,2023054,1635,2023,54,16,35,NA,NA,A,NA,NA,NA,NA,20230541635
205,2023054,1810,2023,54,18,10,39.0375,-76.88712039,A,0.03007,0.02141,0.0203,0,20230541810
206,2023055,1445,2023,55,14,45,NA,NA,T,NA,NA,NA,NA,20230551445
207,2023055,1620,2023,55,16,20,39.0375,-76.88712039,T,0.10648,0.07632,0.0074,0,20230551620
208,2023055,1715,2023,55,17,15,NA,NA,A,NA,NA,NA,NA,20230551715
209,2023055,1855,2023,55,18,55,NA,NA,A,NA,NA,NA,NA,20230551855
210,2023056,1345,2023,56,13,45,NA,NA,T,NA,NA,NA,NA,20230561345
211,2023056,1525,2023,56,15,25,NA,NA,T,NA,NA,NA,NA,20230561525
212,2023056,1800,2023,56,18,0,NA,NA,A,NA,NA,NA,NA,20230561800
213,2023057,1425,2023,57,14,25,NA,NA,T,NA,NA,NA,NA,20230571425
214,2023057,1605,2023,57,16,5,NA,NA,T,NA,NA,NA,NA,20230571605
215,2023057,1705,2023,57,17,5,NA,NA,A,NA,NA,NA,NA,20230571705
216,2023057,1840,2023,57,18,40,39.0375,-76.88712039,A,0.07893,0.0565,0.0198,0,20230571840
217,2023058,1330,2023,58,13,30,NA,NA,T,NA,NA,NA,NA,20230581330
218,2023058,1505,2023,58,15,5,NA,NA,T,NA,NA,NA,NA,20230581505
219,2023058,1645,2023,58,16,45,NA,NA,T,NA,NA,NA,NA,20230581645
220,2023058,1745,2023,58,17,45,NA,NA,A,NA,NA,NA,NA,20230581745
221,2023059,1410,2023,59,14,10,NA,NA,T,NA,NA,NA,NA,20230591410
222,2023059,1550,2023,59,15,50,NA,NA,T,NA,NA,NA,NA,20230591550
223,2023059,1650,2023,59,16,50,NA,NA,A,NA,NA,NA,NA,20230591650
224,2023059,1830,2023,59,18,30,39.0375,-76.88712039,A,0.19588,0.14088,0.0258,0,20230591830
225,2023060,1450,2023,60,14,50,NA,NA,T,NA,NA,NA,NA,20230601450
226,2023060,1625,2023,60,16,25,38.9875,-76.89710815,T,0.238,0.171,0.006,0,20230601625
227,2023060,1730,2023,60,17,30,39.0375,-76.8763917,A,0.19212,0.13805,0.0062,0,20230601730
228,2023060,1910,2023,60,19,10,NA,NA,A,NA,NA,NA,NA,20230601910
229,2023061,1355,2023,61,13,55,NA,NA,T,NA,NA,NA,NA,20230611355
230,2023061,1530,2023,61,15,30,NA,NA,T,NA,NA,NA,NA,20230611530
231,2023061,1635,2023,61,16,35,NA,NA,A,NA,NA,NA,NA,20230611635
232,2023061,1815,2023,61,18,15,NA,NA,A,NA,NA,NA,NA,20230611815
233,2023062,1435,2023,62,14,35,NA,NA,T,NA,NA,NA,NA,20230621435
234,2023062,1610,2023,62,16,10,NA,NA,T,NA,NA,NA,NA,20230621610
235,2023062,1720,2023,62,17,20,NA,NA,A,NA,NA,NA,NA,20230621720
236,2023062,1855,2023,62,18,55,NA,NA,A,NA,NA,NA,NA,20230621855
237,2023063,1340,2023,63,13,40,NA,NA,T,NA,NA,NA,NA,20230631340
238,2023063,1515,2023,63,15,15,NA,NA,T,NA,NA,NA,NA,20230631515
239,2023063,1800,2023,63,18,0,39.0375,-76.8763917,A,0.05086,0.03635,0.0154,0,20230631800
240,2023064,1420,2023,64,14,20,NA,NA,T,NA,NA,NA,NA,20230641420
241,2023064,1555,2023,64,15,55,39.0375,-76.88712039,T,0.11685,0.0838,0.0194,0,20230641555
242,2023064,1705,2023,64,17,5,NA,NA,A,NA,NA,NA,NA,20230641705
243,2023064,1845,2023,64,18,45,39.0375,-76.88712039,A,0.09485,0.06786,0.0207,0,20230641845
244,2023065,1500,2023,65,15,0,NA,NA,T,NA,NA,NA,NA,20230651500
245,2023065,1635,2023,65,16,35,39.0375,-76.88712039,T,0.18787,0.13483,0.0054,0,20230651635
246,2023065,1745,2023,65,17,45,39.0375,-76.88712039,A,0.12864,0.09224,0.0102,0,20230651745
247,2023066,1405,2023,66,14,5,NA,NA,T,NA,NA,NA,NA,20230661405
248,2023066,1540,2023,66,15,40,NA,NA,T,NA,NA,NA,NA,20230661540
249,2023066,1650,2023,66,16,50,NA,NA,A,NA,NA,NA,NA,20230661650
250,2023066,1830,2023,66,18,30,39.0375,-76.88712039,A,0.03986,0.02849,0.0274,0,20230661830
251,2023067,1445,2023,67,14,45,NA,NA,T,NA,NA,NA,NA,20230671445
252,2023067,1620,2023,67,16,20,39.0375,-76.88712039,T,0.06695,0.04785,0.0084,0,20230671620
253,2023067,1735,2023,67,17,35,39.0375,-76.88712039,A,0.03357,0.02389,0.0071,0,20230671735
254,2023067,1910,2023,67,19,10,39.0375,-76.88712039,A,0.01076,0.00761,0.0093,0,20230671910
255,2023068,1345,2023,68,13,45,NA,NA,T,NA,NA,NA,NA,20230681345
256,2023068,1525,2023,68,15,25,39.0375,-76.88712039,T,0.02346,0.0167,0.0207,0,20230681525
257,2023068,1635,2023,68,16,35,NA,NA,A,NA,NA,NA,NA,20230681635
258,2023068,1815,2023,68,18,15,39.0375,-76.85493433,A,0.10052,0.072,0.025,0,20230681815
259,2023069,1430,2023,69,14,30,NA,NA,T,NA,NA,NA,NA,20230691430
260,2023069,1605,2023,69,16,5,NA,NA,T,NA,NA,NA,NA,20230691605
261,2023069,1720,2023,69,17,20,NA,NA,A,NA,NA,NA,NA,20230691720
262,2023069,1900,2023,69,19,0,NA,NA,A,NA,NA,NA,NA,20230691900
263,2023070,1330,2023,70,13,30,NA,NA,T,NA,NA,NA,NA,20230701330
264,2023070,1510,2023,70,15,10,NA,NA,T,NA,NA,NA,NA,20230701510
265,2023070,1800,2023,70,18,0,NA,NA,A,NA,NA,NA,NA,20230701800
266,2023071,1410,2023,71,14,10,NA,NA,T,NA,NA,NA,NA,20230711410
267,2023071,1550,2023,71,15,50,NA,NA,T,NA,NA,NA,NA,20230711550
268,2023071,1705,2023,71,17,5,NA,NA,A,NA,NA,NA,NA,20230711705
269,2023071,1845,2023,71,18,45,NA,NA,A,NA,NA,NA,NA,20230711845
270,2023072,1455,2023,72,14,55,NA,NA,T,NA,NA,NA,NA,20230721455
271,2023072,1630,2023,72,16,30,NA,NA,T,NA,NA,NA,NA,20230721630
272,2023072,1750,2023,72,17,50,NA,NA,A,NA,NA,NA,NA,20230721750
273,2023073,1355,2023,73,13,55,NA,NA,T,NA,NA,NA,NA,20230731355
274,2023073,1535,2023,73,15,35,38.99583333,-76.78821679,T,0.07043,0.05029,0.026,0,20230731535
275,2023073,1655,2023,73,16,55,NA,NA,A,NA,NA,NA,NA,20230731655
276,2023073,1830,2023,73,18,30,38.95416666,-76.839495,A,0.216,0.156,0.0339,0,20230731830
277,2023074,1435,2023,74,14,35,NA,NA,T,NA,NA,NA,NA,20230741435
278,2023074,1615,2023,74,16,15,39.0375,-76.88712039,T,0.07384,0.05277,0.0117,0,20230741615
279,2023074,1735,2023,74,17,35,39.0375,-76.88712039,A,0.04587,0.03271,0.0077,0,20230741735
280,2023074,1915,2023,74,19,15,39.0375,-76.88712039,A,0.0154,0.01086,0.0096,0,20230741915
281,2023075,1340,2023,75,13,40,NA,NA,T,NA,NA,NA,NA,20230751340
282,2023075,1520,2023,75,15,20,39.0375,-76.88712039,T,0.03882,0.02765,0.0174,0,20230751520
283,2023075,1640,2023,75,16,40,NA,NA,A,NA,NA,NA,NA,20230751640
284,2023075,1815,2023,75,18,15,39.0375,-76.88712039,A,0.01505,0.0106,0.0281,0,20230751815
285,2023076,1420,2023,76,14,20,NA,NA,T,NA,NA,NA,NA,20230761420
286,2023076,1600,2023,76,16,0,NA,NA,T,NA,NA,NA,NA,20230761600
287,2023076,1720,2023,76,17,20,NA,NA,A,NA,NA,NA,NA,20230761720
288,2023076,1900,2023,76,19,0,NA,NA,A,NA,NA,NA,NA,20230761900
289,2023077,1500,2023,77,15,0,NA,NA,T,NA,NA,NA,NA,20230771500
290,2023077,1635,2023,77,16,35,NA,NA,T,NA,NA,NA,NA,20230771635
291,2023077,1805,2023,77,18,5,39.0375,-76.80129091,A,0.10294,0.07371,0.0185,0,20230771805
292,2023078,1405,2023,78,14,5,NA,NA,T,NA,NA,NA,NA,20230781405
293,2023078,1540,2023,78,15,40,39.0375,-76.88712039,T,0.09842,0.07055,0.0308,0,20230781540
294,2023078,1710,2023,78,17,10,NA,NA,A,NA,NA,NA,NA,20230781710
295,2023078,1845,2023,78,18,45,39.0375,-76.88712039,A,0.08934,0.064,0.022,0,20230781845
296,2023079,1445,2023,79,14,45,NA,NA,T,NA,NA,NA,NA,20230791445
297,2023079,1620,2023,79,16,20,39.0375,-76.88712039,T,0.10536,0.07553,0.0094,0,20230791620
298,2023079,1750,2023,79,17,50,39.0375,-76.88712039,A,0.07069,0.05049,0.0125,0,20230791750
299,2023080,1350,2023,80,13,50,NA,NA,T,NA,NA,NA,NA,20230801350
300,2023080,1525,2023,80,15,25,39.0375,-76.88712039,T,0.08012,0.05734,0.0239,0,20230801525
301,2023080,1655,2023,80,16,55,NA,NA,A,NA,NA,NA,NA,20230801655
302,2023080,1830,2023,80,18,30,NA,NA,A,NA,NA,NA,NA,20230801830
303,2023081,1430,2023,81,14,30,NA,NA,T,NA,NA,NA,NA,20230811430
304,2023081,1605,2023,81,16,5,39.0375,-76.86566302,T,0.287,0.207,0.0161,0,20230811605
305,2023081,1735,2023,81,17,35,NA,NA,A,NA,NA,NA,NA,20230811735
306,2023081,1915,2023,81,19,15,39.0375,-76.88712039,A,0.12816,0.09191,0.0098,0,20230811915
307,2023082,1330,2023,82,13,30,NA,NA,T,NA,NA,NA,NA,20230821330
308,2023082,1510,2023,82,15,10,NA,NA,T,NA,NA,NA,NA,20230821510
309,2023082,1640,2023,82,16,40,NA,NA,A,NA,NA,NA,NA,20230821640
310,2023082,1820,2023,82,18,20,NA,NA,A,NA,NA,NA,NA,20230821820
311,2023083,1415,2023,83,14,15,NA,NA,T,NA,NA,NA,NA,20230831415
312,2023083,1550,2023,83,15,50,NA,NA,T,NA,NA,NA,NA,20230831550
313,2023083,1720,2023,83,17,20,NA,NA,A,NA,NA,NA,NA,20230831720
314,2023083,1900,2023,83,19,0,NA,NA,A,NA,NA,NA,NA,20230831900
315,2023084,1455,2023,84,14,55,NA,NA,T,NA,NA,NA,NA,20230841455
316,2023084,1630,2023,84,16,30,NA,NA,T,NA,NA,NA,NA,20230841630
317,2023084,1805,2023,84,18,5,NA,NA,A,NA,NA,NA,NA,20230841805
318,2023085,1355,2023,85,13,55,NA,NA,T,NA,NA,NA,NA,20230851355
319,2023085,1535,2023,85,15,35,39.0375,-76.88712039,T,0.09066,0.06488,0.0284,0,20230851535
320,2023085,1710,2023,85,17,10,NA,NA,A,NA,NA,NA,NA,20230851710
321,2023085,1845,2023,85,18,45,39.0375,-76.88712039,A,0.07658,0.05481,0.0209,0,20230851845
322,2023086,1440,2023,86,14,40,NA,NA,T,NA,NA,NA,NA,20230861440
323,2023086,1615,2023,86,16,15,NA,NA,T,NA,NA,NA,NA,20230861615
324,2023086,1750,2023,86,17,50,NA,NA,A,NA,NA,NA,NA,20230861750
325,2023087,1340,2023,87,13,40,NA,NA,T,NA,NA,NA,NA,20230871340
326,2023087,1520,2023,87,15,20,NA,NA,T,NA,NA,NA,NA,20230871520
327,2023087,1655,2023,87,16,55,NA,NA,A,NA,NA,NA,NA,20230871655
328,2023087,1835,2023,87,18,35,NA,NA,A,NA,NA,NA,NA,20230871835
329,2023088,1420,2023,88,14,20,NA,NA,T,NA,NA,NA,NA,20230881420
330,2023088,1600,2023,88,16,0,39.0375,-76.85493433,T,0.18693,0.13414,0.022,0,20230881600
331,2023088,1735,2023,88,17,35,NA,NA,A,NA,NA,NA,NA,20230881735
332,2023088,1915,2023,88,19,15,NA,NA,A,NA,NA,NA,NA,20230881915
333,2023089,1500,2023,89,15,0,39.0375,-76.88712039,T,0.09975,0.07147,0.0118,0,20230891500
334,2023089,1640,2023,89,16,40,NA,NA,A,NA,NA,NA,NA,20230891640
335,2023089,1640,2023,89,16,40,NA,NA,T,NA,NA,NA,NA,20230891640
336,2023089,1820,2023,89,18,20,39.0375,-76.8763917,A,0.07593,0.0543,0.031,0,20230891820
337,2023090,1405,2023,90,14,5,NA,NA,T,NA,NA,NA,NA,20230901405
338,2023090,1545,2023,90,15,45,NA,NA,T,NA,NA,NA,NA,20230901545
339,2023090,1725,2023,90,17,25,NA,NA,A,NA,NA,NA,NA,20230901725
340,2023090,1900,2023,90,19,0,NA,NA,A,NA,NA,NA,NA,20230901900
341,2023091,1445,2023,91,14,45,NA,NA,T,NA,NA,NA,NA,20230911445
342,2023091,1620,2023,91,16,20,NA,NA,T,NA,NA,NA,NA,20230911620
343,2023091,1805,2023,91,18,5,39.0375,-76.88712039,A,0.16918,0.12139,0.0224,0,20230911805
344,2023092,1350,2023,92,13,50,NA,NA,T,NA,NA,NA,NA,20230921350
345,2023092,1525,2023,92,15,25,39.0375,-76.88712039,T,0.07443,0.05323,0.0257,0,20230921525
346,2023092,1710,2023,92,17,10,NA,NA,A,NA,NA,NA,NA,20230921710
347,2023092,1845,2023,92,18,45,39.0375,-76.88712039,A,0.09092,0.06508,0.0219,0,20230921845
348,2023093,1430,2023,93,14,30,NA,NA,T,NA,NA,NA,NA,20230931430
349,2023093,1605,2023,93,16,5,39.0375,-76.88712039,T,0.21162,0.15224,0.0179,0,20230931605
350,2023093,1750,2023,93,17,50,NA,NA,A,NA,NA,NA,NA,20230931750
351,2023094,1330,2023,94,13,30,NA,NA,T,NA,NA,NA,NA,20230941330
352,2023094,1510,2023,94,15,10,39.0375,-76.88712039,T,0.10309,0.07381,0.0163,0,20230941510
353,2023094,1655,2023,94,16,55,NA,NA,A,NA,NA,NA,NA,20230941655
354,2023094,1835,2023,94,18,35,39.0375,-76.88712039,A,0.117,0.08388,0.0318,0,20230941835
355,2023095,1415,2023,95,14,15,NA,NA,T,NA,NA,NA,NA,20230951415
356,2023095,1550,2023,95,15,50,NA,NA,T,NA,NA,NA,NA,20230951550
357,2023095,1740,2023,95,17,40,NA,NA,A,NA,NA,NA,NA,20230951740
358,2023095,1915,2023,95,19,15,NA,NA,A,NA,NA,NA,NA,20230951915
359,2023096,1455,2023,96,14,55,NA,NA,T,NA,NA,NA,NA,20230961455
360,2023096,1630,2023,96,16,30,NA,NA,T,NA,NA,NA,NA,20230961630
361,2023096,1640,2023,96,16,40,NA,NA,A,NA,NA,NA,NA,20230961640
362,2023096,1820,2023,96,18,20,NA,NA,A,NA,NA,NA,NA,20230961820
363,2023097,1355,2023,97,13,55,NA,NA,T,NA,NA,NA,NA,20230971355
364,2023097,1535,2023,97,15,35,NA,NA,T,NA,NA,NA,NA,20230971535
365,2023097,1725,2023,97,17,25,NA,NA,A,NA,NA,NA,NA,20230971725
366,2023097,1900,2023,97,19,0,NA,NA,A,NA,NA,NA,NA,20230971900
367,2023098,1440,2023,98,14,40,NA,NA,T,NA,NA,NA,NA,20230981440
368,2023098,1615,2023,98,16,15,NA,NA,T,NA,NA,NA,NA,20230981615
369,2023098,1805,2023,98,18,5,NA,NA,A,NA,NA,NA,NA,20230981805
370,2023099,1340,2023,99,13,40,NA,NA,T,NA,NA,NA,NA,20230991340
371,2023099,1520,2023,99,15,20,39.0375,-76.88712039,T,0.12375,0.08873,0.0217,0,20230991520
372,2023099,1710,2023,99,17,10,NA,NA,A,NA,NA,NA,NA,20230991710
373,2023099,1850,2023,99,18,50,39.0375,-76.88712039,A,0.12306,0.08826,0.0218,0,20230991850
374,2023100,1420,2023,100,14,20,NA,NA,T,NA,NA,NA,NA,20231001420
375,2023100,1600,2023,100,16,0,39.0375,-76.88712039,T,0.12519,0.0898,0.025,0,20231001600
376,2023100,1750,2023,100,17,50,39.0375,-76.88712039,A,0.11286,0.08089,0.0154,0,20231001750
377,2023101,1505,2023,101,15,5,NA,NA,T,NA,NA,NA,NA,20231011505
378,2023101,1640,2023,101,16,40,NA,NA,T,NA,NA,NA,NA,20231011640
379,2023101,1655,2023,101,16,55,NA,NA,A,NA,NA,NA,NA,20231011655
380,2023101,1835,2023,101,18,35,39.0375,-76.88712039,A,0.09732,0.06968,0.0323,0,20231011835
381,2023102,1405,2023,102,14,5,NA,NA,T,NA,NA,NA,NA,20231021405
382,2023102,1545,2023,102,15,45,39.0375,-76.88712039,T,0.17599,0.12626,0.034,0,20231021545
383,2023102,1740,2023,102,17,40,39.0375,-76.88712039,A,0.15881,0.11392,0.0102,0,20231021740
384,2023102,1915,2023,102,19,15,39.0375,-76.88712039,A,0.11728,0.08411,0.0105,0,20231021915
385,2023103,1445,2023,103,14,45,NA,NA,T,NA,NA,NA,NA,20231031445
386,2023103,1625,2023,103,16,25,39.0375,-76.88712039,T,0.14462,0.10373,0.0112,0,20231031625
387,2023103,1640,2023,103,16,40,NA,NA,A,NA,NA,NA,NA,20231031640
388,2023103,1820,2023,103,18,20,39.0375,-76.88712039,A,0.12754,0.09147,0.0333,0,20231031820
389,2023104,1350,2023,104,13,50,NA,NA,T,NA,NA,NA,NA,20231041350
390,2023104,1525,2023,104,15,25,NA,NA,T,NA,NA,NA,NA,20231041525
391,2023104,1725,2023,104,17,25,NA,NA,A,NA,NA,NA,NA,20231041725
392,2023104,1900,2023,104,19,0,NA,NA,A,NA,NA,NA,NA,20231041900
393,2023105,1430,2023,105,14,30,NA,NA,T,NA,NA,NA,NA,20231051430
394,2023105,1605,2023,105,16,5,NA,NA,T,NA,NA,NA,NA,20231051605
395,2023105,1805,2023,105,18,5,NA,NA,A,NA,NA,NA,NA,20231051805
396,2023106,1335,2023,106,13,35,NA,NA,T,NA,NA,NA,NA,20231061335
397,2023106,1510,2023,106,15,10,NA,NA,T,NA,NA,NA,NA,20231061510
398,2023106,1710,2023,106,17,10,NA,NA,A,NA,NA,NA,NA,20231061710
399,2023106,1850,2023,106,18,50,NA,NA,A,NA,NA,NA,NA,20231061850
400,2023107,1415,2023,107,14,15,NA,NA,T,NA,NA,NA,NA,20231071415
401,2023107,1550,2023,107,15,50,39.0375,-76.88712039,T,0.15286,0.10969,0.0323,0,20231071550
402,2023107,1755,2023,107,17,55,NA,NA,A,NA,NA,NA,NA,20231071755
403,2023108,1455,2023,108,14,55,39.0375,-76.88712039,T,0.11461,0.08219,0.0114,0,20231081455
404,2023108,1630,2023,108,16,30,39.0375,-76.88712039,T,0.16269,0.11664,0.0092,0,20231081630
405,2023108,1655,2023,108,16,55,NA,NA,A,NA,NA,NA,NA,20231081655
406,2023108,1835,2023,108,18,35,39.0375,-76.88712039,A,0.11725,0.08408,0.031,0,20231081835
407,2023109,1400,2023,109,14,0,NA,NA,T,NA,NA,NA,NA,20231091400
408,2023109,1535,2023,109,15,35,39.0375,-76.88712039,T,0.17319,0.12441,0.0338,0,20231091535
409,2023109,1740,2023,109,17,40,39.0375,-76.88712039,A,0.15464,0.11097,0.0105,0,20231091740
410,2023109,1915,2023,109,19,15,39.0375,-76.85493433,A,0.12845,0.09211,0.01,0,20231091915
411,2023110,1440,2023,110,14,40,NA,NA,T,NA,NA,NA,NA,20231101440
412,2023110,1615,2023,110,16,15,39.0375,-76.88712039,T,0.21842,0.15728,0.0146,0,20231101615
413,2023110,1640,2023,110,16,40,NA,NA,A,NA,NA,NA,NA,20231101640
414,2023110,1820,2023,110,18,20,39.0375,-76.88712039,A,0.18328,0.13165,0.0339,0,20231101820
415,2023111,1340,2023,111,13,40,NA,NA,T,NA,NA,NA,NA,20231111340
416,2023111,1520,2023,111,15,20,38.95416666,-76.89307529,T,0.337,0.24333,0.0242,0,20231111520
417,2023111,1725,2023,111,17,25,NA,NA,A,NA,NA,NA,NA,20231111725
418,2023111,1905,2023,111,19,5,39.0375,-76.88712039,A,0.24154,0.17404,0.015,0,20231111905
419,2023112,1420,2023,112,14,20,NA,NA,T,NA,NA,NA,NA,20231121420
420,2023112,1600,2023,112,16,0,NA,NA,T,NA,NA,NA,NA,20231121600
421,2023112,1805,2023,112,18,5,NA,NA,A,NA,NA,NA,NA,20231121805
422,2023113,1505,2023,113,15,5,NA,NA,T,NA,NA,NA,NA,20231131505
423,2023113,1640,2023,113,16,40,NA,NA,T,NA,NA,NA,NA,20231131640
424,2023113,1710,2023,113,17,10,NA,NA,A,NA,NA,NA,NA,20231131710
425,2023113,1850,2023,113,18,50,NA,NA,A,NA,NA,NA,NA,20231131850
426,2023114,1405,2023,114,14,5,NA,NA,T,NA,NA,NA,NA,20231141405
427,2023114,1545,2023,114,15,45,38.9875,-76.78989713,T,0.321,0.232,0.033,0,20231141545
428,2023114,1755,2023,114,17,55,NA,NA,A,NA,NA,NA,NA,20231141755
429,2023115,1445,2023,115,14,45,39.0375,-76.79056222,T,0.27462,0.19808,0.0094,0,20231151445
430,2023115,1625,2023,115,16,25,NA,NA,T,NA,NA,NA,NA,20231151625
431,2023115,1655,2023,115,16,55,NA,NA,A,NA,NA,NA,NA,20231151655
432,2023115,1835,2023,115,18,35,NA,NA,A,NA,NA,NA,NA,20231151835
433,2023116,1350,2023,116,13,50,NA,NA,T,NA,NA,NA,NA,20231161350
434,2023116,1530,2023,116,15,30,NA,NA,T,NA,NA,NA,NA,20231161530
435,2023116,1740,2023,116,17,40,NA,NA,A,NA,NA,NA,NA,20231161740
436,2023116,1915,2023,116,19,15,NA,NA,A,NA,NA,NA,NA,20231161915
437,2023117,1430,2023,117,14,30,NA,NA,T,NA,NA,NA,NA,20231171430
438,2023117,1605,2023,117,16,5,NA,NA,T,NA,NA,NA,NA,20231171605
439,2023117,1645,2023,117,16,45,NA,NA,A,NA,NA,NA,NA,20231171645
440,2023117,1820,2023,117,18,20,NA,NA,A,NA,NA,NA,NA,20231171820
441,2023118,1335,2023,118,13,35,NA,NA,T,NA,NA,NA,NA,20231181335
442,2023118,1510,2023,118,15,10,NA,NA,T,NA,NA,NA,NA,20231181510
443,2023118,1725,2023,118,17,25,NA,NA,A,NA,NA,NA,NA,20231181725
444,2023118,1905,2023,118,19,5,NA,NA,A,NA,NA,NA,NA,20231181905
445,2023119,1415,2023,119,14,15,NA,NA,T,NA,NA,NA,NA,20231191415
446,2023119,1550,2023,119,15,50,NA,NA,T,NA,NA,NA,NA,20231191550
447,2023119,1805,2023,119,18,5,NA,NA,A,NA,NA,NA,NA,20231191805
448,2023120,1455,2023,120,14,55,NA,NA,T,NA,NA,NA,NA,20231201455
449,2023120,1630,2023,120,16,30,NA,NA,T,NA,NA,NA,NA,20231201630
450,2023120,1710,2023,120,17,10,NA,NA,A,NA,NA,NA,NA,20231201710
451,2023120,1850,2023,120,18,50,NA,NA,A,NA,NA,NA,NA,20231201850
452,2023121,1400,2023,121,14,0,NA,NA,T,NA,NA,NA,NA,20231211400
453,2023121,1535,2023,121,15,35,NA,NA,T,NA,NA,NA,NA,20231211535
454,2023121,1755,2023,121,17,55,NA,NA,A,NA,NA,NA,NA,20231211755
455,2023122,1440,2023,122,14,40,NA,NA,T,NA,NA,NA,NA,20231221440
456,2023122,1615,2023,122,16,15,NA,NA,T,NA,NA,NA,NA,20231221615
457,2023122,1655,2023,122,16,55,NA,NA,A,NA,NA,NA,NA,20231221655
458,2023122,1835,2023,122,18,35,NA,NA,A,NA,NA,NA,NA,20231221835
459,2023123,1340,2023,123,13,40,NA,NA,T,NA,NA,NA,NA,20231231340
460,2023123,1520,2023,123,15,20,NA,NA,T,NA,NA,NA,NA,20231231520
461,2023123,1740,2023,123,17,40,NA,NA,A,NA,NA,NA,NA,20231231740
462,2023123,1915,2023,123,19,15,NA,NA,A,NA,NA,NA,NA,20231231915
463,2023124,1425,2023,124,14,25,NA,NA,T,NA,NA,NA,NA,20231241425
464,2023124,1600,2023,124,16,0,NA,NA,T,NA,NA,NA,NA,20231241600
465,2023124,1645,2023,124,16,45,NA,NA,A,NA,NA,NA,NA,20231241645
466,2023124,1820,2023,124,18,20,NA,NA,A,NA,NA,NA,NA,20231241820
467,2023125,1505,2023,125,15,5,NA,NA,T,NA,NA,NA,NA,20231251505
468,2023125,1640,2023,125,16,40,NA,NA,T,NA,NA,NA,NA,20231251640
469,2023125,1725,2023,125,17,25,NA,NA,A,NA,NA,NA,NA,20231251725
470,2023125,1905,2023,125,19,5,NA,NA,A,NA,NA,NA,NA,20231251905
471,2023126,1405,2023,126,14,5,NA,NA,T,NA,NA,NA,NA,20231261405
472,2023126,1545,2023,126,15,45,39.0375,-76.88712039,T,0.17504,0.12573,0.0368,0,20231261545
473,2023126,1805,2023,126,18,5,39.0125,-76.89210872,A,0.21843,0.15714,0.0255,0,20231261805
474,2023127,1445,2023,127,14,45,NA,NA,T,NA,NA,NA,NA,20231271445
475,2023127,1625,2023,127,16,25,NA,NA,T,NA,NA,NA,NA,20231271625
476,2023127,1710,2023,127,17,10,NA,NA,A,NA,NA,NA,NA,20231271710
477,2023127,1850,2023,127,18,50,NA,NA,A,NA,NA,NA,NA,20231271850
478,2023128,1350,2023,128,13,50,NA,NA,T,NA,NA,NA,NA,20231281350
479,2023128,1530,2023,128,15,30,NA,NA,T,NA,NA,NA,NA,20231281530
480,2023128,1755,2023,128,17,55,NA,NA,A,NA,NA,NA,NA,20231281755
481,2023129,1430,2023,129,14,30,NA,NA,T,NA,NA,NA,NA,20231291430
482,2023129,1605,2023,129,16,5,NA,NA,T,NA,NA,NA,NA,20231291605
483,2023129,1655,2023,129,16,55,NA,NA,A,NA,NA,NA,NA,20231291655
484,2023129,1835,2023,129,18,35,NA,NA,A,NA,NA,NA,NA,20231291835
485,2023130,1335,2023,130,13,35,NA,NA,T,NA,NA,NA,NA,20231301335
486,2023130,1510,2023,130,15,10,39.0375,-76.88712039,T,0.962,0.70932,0.0193,0,20231301510
487,2023130,1740,2023,130,17,40,39.0375,-76.88712039,A,0.91942,0.67613,0.0114,0,20231301740
488,2023130,1915,2023,130,19,15,39.0375,-76.88712039,A,1.11131,0.82361,0.0112,0,20231301915
489,2023131,1415,2023,131,14,15,NA,NA,T,NA,NA,NA,NA,20231311415
490,2023131,1550,2023,131,15,50,39.0375,-76.88712039,T,0.55227,0.40246,0.0333,0,20231311550
491,2023131,1645,2023,131,16,45,NA,NA,A,NA,NA,NA,NA,20231311645
492,2023131,1820,2023,131,18,20,38.95416666,-76.88235923,A,0.551,0.402,0.0382,0,20231311820
493,2023132,1455,2023,132,14,55,38.9625,-76.78422819,T,0.3865,0.2795,0.0127,0,20231321455
494,2023132,1630,2023,132,16,30,NA,NA,T,NA,NA,NA,NA,20231321630
495,2023132,1725,2023,132,17,25,NA,NA,A,NA,NA,NA,NA,20231321725
496,2023132,1905,2023,132,19,5,NA,NA,A,NA,NA,NA,NA,20231321905
497,2023133,1400,2023,133,14,0,NA,NA,T,NA,NA,NA,NA,20231331400
498,2023133,1535,2023,133,15,35,NA,NA,T,NA,NA,NA,NA,20231331535
499,2023133,1805,2023,133,18,5,NA,NA,A,NA,NA,NA,NA,20231331805
500,2023134,1440,2023,134,14,40,NA,NA,T,NA,NA,NA,NA,20231341440
501,2023134,1615,2023,134,16,15,39.0375,-76.88712039,T,0.19735,0.1418,0.0161,0,20231341615
502,2023134,1710,2023,134,17,10,NA,NA,A,NA,NA,NA,NA,20231341710
503,2023134,1850,2023,134,18,50,39.0375,-76.83347696,A,0.17506,0.12573,0.0223,0,20231341850
504,2023135,1340,2023,135,13,40,NA,NA,T,NA,NA,NA,NA,20231351340
505,2023135,1520,2023,135,15,20,39.0375,-76.88712039,T,0.20407,0.14674,0.0243,0,20231351520
506,2023135,1755,2023,135,17,55,39.0375,-76.88712039,A,0.33114,0.23947,0.0175,0,20231351755
507,2023136,1420,2023,136,14,20,NA,NA,T,NA,NA,NA,NA,20231361420
508,2023136,1600,2023,136,16,0,NA,NA,T,NA,NA,NA,NA,20231361600
509,2023136,1655,2023,136,16,55,NA,NA,A,NA,NA,NA,NA,20231361655
510,2023136,1835,2023,136,18,35,NA,NA,A,NA,NA,NA,NA,20231361835
511,2023137,1505,2023,137,15,5,39.0375,-76.83347696,T,0.52902,0.38449,0.0154,0,20231371505
512,2023137,1640,2023,137,16,40,NA,NA,T,NA,NA,NA,NA,20231371640
513,2023137,1740,2023,137,17,40,39.0375,-76.88712039,A,0.28253,0.20369,0.0115,0,20231371740
514,2023137,1915,2023,137,19,15,39.0375,-76.88712039,A,0.1724,0.12383,0.0114,0,20231371915
515,2023138,1405,2023,138,14,5,NA,NA,T,NA,NA,NA,NA,20231381405
516,2023138,1545,2023,138,15,45,39.0375,-76.88712039,T,0.24997,0.18014,0.0377,0,20231381545
517,2023138,1640,2023,138,16,40,NA,NA,A,NA,NA,NA,NA,20231381640
518,2023138,1820,2023,138,18,20,39.0375,-76.88712039,A,0.29328,0.2117,0.0383,0,20231381820
519,2023139,1445,2023,139,14,45,NA,NA,T,NA,NA,NA,NA,20231391445
520,2023139,1625,2023,139,16,25,NA,NA,T,NA,NA,NA,NA,20231391625
521,2023139,1725,2023,139,17,25,NA,NA,A,NA,NA,NA,NA,20231391725
522,2023139,1900,2023,139,19,0,NA,NA,A,NA,NA,NA,NA,20231391900
523,2023140,1350,2023,140,13,50,NA,NA,T,NA,NA,NA,NA,20231401350
524,2023140,1530,2023,140,15,30,NA,NA,T,NA,NA,NA,NA,20231401530
525,2023140,1805,2023,140,18,5,NA,NA,A,NA,NA,NA,NA,20231401805
526,2023141,1430,2023,141,14,30,NA,NA,T,NA,NA,NA,NA,20231411430
527,2023141,1605,2023,141,16,5,39.0375,-76.88712039,T,0.59858,0.4371,0.0216,0,20231411605
528,2023141,1710,2023,141,17,10,NA,NA,A,NA,NA,NA,NA,20231411710
529,2023141,1850,2023,141,18,50,39.0375,-76.88712039,A,0.38053,0.27558,0.0238,0,20231411850
530,2023142,1335,2023,142,13,35,NA,NA,T,NA,NA,NA,NA,20231421335
531,2023142,1510,2023,142,15,10,39.0375,-76.88712039,T,0.45025,0.32697,0.0197,0,20231421510
532,2023142,1750,2023,142,17,50,39.0375,-76.8763917,A,0.5992,0.43751,0.0165,0,20231421750
533,2023143,1415,2023,143,14,15,NA,NA,T,NA,NA,NA,NA,20231431415
534,2023143,1550,2023,143,15,50,NA,NA,T,NA,NA,NA,NA,20231431550
535,2023143,1655,2023,143,16,55,NA,NA,A,NA,NA,NA,NA,20231431655
536,2023143,1835,2023,143,18,35,NA,NA,A,NA,NA,NA,NA,20231431835
537,2023144,1455,2023,144,14,55,NA,NA,T,NA,NA,NA,NA,20231441455
538,2023144,1630,2023,144,16,30,39.0375,-76.88712039,T,1.01507,0.75164,0.0099,0,20231441630
539,2023144,1740,2023,144,17,40,39.0375,-76.86566302,A,0.82684,0.60793,0.0114,0,20231441740
540,2023144,1915,2023,144,19,15,39.0375,-76.85493433,A,0.71159,0.52033,0.0116,0,20231441915
541,2023145,1400,2023,145,14,0,NA,NA,T,NA,NA,NA,NA,20231451400
542,2023145,1535,2023,145,15,35,39.0375,-76.88712039,T,0.20648,0.14854,0.0372,0,20231451535
543,2023145,1640,2023,145,16,40,NA,NA,A,NA,NA,NA,NA,20231451640
544,2023145,1820,2023,145,18,20,39.0375,-76.88712039,A,0.15079,0.10817,0.0361,0,20231451820
545,2023146,1440,2023,146,14,40,NA,NA,T,NA,NA,NA,NA,20231461440
546,2023146,1615,2023,146,16,15,39.0375,-76.8763917,T,0.28755,0.20745,0.0154,0,20231461615
547,2023146,1725,2023,146,17,25,NA,NA,A,NA,NA,NA,NA,20231461725
548,2023146,1900,2023,146,19,0,NA,NA,A,NA,NA,NA,NA,20231461900
549,2023147,1340,2023,147,13,40,NA,NA,T,NA,NA,NA,NA,20231471340
550,2023147,1520,2023,147,15,20,39.02083333,-76.89044471,T,0.26018,0.18753,0.0254,0,20231471520
551,2023147,1805,2023,147,18,5,39.0375,-76.80129091,A,0.25479,0.18364,0.0252,0,20231471805
552,2023148,1420,2023,148,14,20,NA,NA,T,NA,NA,NA,NA,20231481420
553,2023148,1600,2023,148,16,0,NA,NA,T,NA,NA,NA,NA,20231481600
554,2023148,1710,2023,148,17,10,NA,NA,A,NA,NA,NA,NA,20231481710
555,2023148,1850,2023,148,18,50,NA,NA,A,NA,NA,NA,NA,20231481850
556,2023149,1505,2023,149,15,5,NA,NA,T,NA,NA,NA,NA,20231491505
557,2023149,1640,2023,149,16,40,NA,NA,T,NA,NA,NA,NA,20231491640
558,2023149,1750,2023,149,17,50,NA,NA,A,NA,NA,NA,NA,20231491750
559,2023150,1405,2023,150,14,5,NA,NA,T,NA,NA,NA,NA,20231501405
560,2023150,1545,2023,150,15,45,NA,NA,T,NA,NA,NA,NA,20231501545
561,2023150,1655,2023,150,16,55,NA,NA,A,NA,NA,NA,NA,20231501655
562,2023150,1835,2023,150,18,35,39.0375,-76.82274828,A,0.394,0.2855,0.0319,0,20231501835
563,2023151,1445,2023,151,14,45,39.0375,-76.88712039,T,0.28919,0.20861,0.0114,0,20231511445
564,2023151,1625,2023,151,16,25,39.0375,-76.88712039,T,0.30331,0.21899,0.013,0,20231511625
565,2023151,1740,2023,151,17,40,39.0375,-76.88712039,A,0.29501,0.21305,0.0116,0,20231511740
566,2023151,1915,2023,151,19,15,39.0375,-76.88712039,A,0.28724,0.20708,0.0125,0,20231511915
567,2023152,1350,2023,152,13,50,NA,NA,T,NA,NA,NA,NA,20231521350
568,2023152,1525,2023,152,15,25,39.0375,-76.88712039,T,0.278,0.20071,0.031,0,20231521525
569,2023152,1640,2023,152,16,40,NA,NA,A,NA,NA,NA,NA,20231521640
570,2023152,1820,2023,152,18,20,39.0375,-76.88712039,A,0.87355,0.64322,0.038,0,20231521820
571,2023153,1430,2023,153,14,30,NA,NA,T,NA,NA,NA,NA,20231531430
572,2023153,1605,2023,153,16,5,39.0375,-76.88712039,T,0.43871,0.31853,0.021,0,20231531605
573,2023153,1725,2023,153,17,25,NA,NA,A,NA,NA,NA,NA,20231531725
574,2023153,1900,2023,153,19,0,38.9875,-76.78989713,A,0.45141,0.32794,0.0169,0,20231531900
575,2023154,1335,2023,154,13,35,NA,NA,T,NA,NA,NA,NA,20231541335
576,2023154,1510,2023,154,15,10,39.02916666,-76.79223515,T,0.43707,0.31732,0.019,0,20231541510
577,2023154,1805,2023,154,18,5,NA,NA,A,NA,NA,NA,NA,20231541805
578,2023155,1415,2023,155,14,15,NA,NA,T,NA,NA,NA,NA,20231551415
579,2023155,1550,2023,155,15,50,NA,NA,T,NA,NA,NA,NA,20231551550
580,2023155,1710,2023,155,17,10,NA,NA,A,NA,NA,NA,NA,20231551710
581,2023155,1845,2023,155,18,45,NA,NA,A,NA,NA,NA,NA,20231551845
582,2023156,1455,2023,156,14,55,39.0375,-76.80129091,T,0.25689,0.18511,0.0126,0,20231561455
583,2023156,1630,2023,156,16,30,39.0375,-76.88712039,T,0.30493,0.22022,0.0104,0,20231561630
584,2023156,1750,2023,156,17,50,NA,NA,A,NA,NA,NA,NA,20231561750
585,2023157,1355,2023,157,13,55,NA,NA,T,NA,NA,NA,NA,20231571355
586,2023157,1535,2023,157,15,35,NA,NA,T,NA,NA,NA,NA,20231571535
587,2023157,1655,2023,157,16,55,NA,NA,A,NA,NA,NA,NA,20231571655
588,2023157,1835,2023,157,18,35,NA,NA,A,NA,NA,NA,NA,20231571835
589,2023158,1440,2023,158,14,40,NA,NA,T,NA,NA,NA,NA,20231581440
590,2023158,1615,2023,158,16,15,39.0375,-76.79056222,T,2.22517,1.69308,0.0155,0,20231581615
591,2023158,1740,2023,158,17,40,NA,NA,A,NA,NA,NA,NA,20231581740
592,2023158,1915,2023,158,19,15,NA,NA,A,NA,NA,NA,NA,20231581915
593,2023159,1340,2023,159,13,40,NA,NA,T,NA,NA,NA,NA,20231591340
594,2023159,1520,2023,159,15,20,39.0375,-76.88712039,T,2.08397,1.58467,0.0245,0,20231591520
595,2023159,1640,2023,159,16,40,NA,NA,A,NA,NA,NA,NA,20231591640
596,2023159,1820,2023,159,18,20,39.0375,-76.8763917,A,1.543,1.156,0.0349,0,20231591820
597,2023160,1420,2023,160,14,20,NA,NA,T,NA,NA,NA,NA,20231601420
598,2023160,1600,2023,160,16,0,NA,NA,T,NA,NA,NA,NA,20231601600
599,2023160,1725,2023,160,17,25,NA,NA,A,NA,NA,NA,NA,20231601725
600,2023160,1900,2023,160,19,0,NA,NA,A,NA,NA,NA,NA,20231601900
601,2023161,1500,2023,161,15,0,39.0375,-76.88712039,T,0.30995,0.22406,0.0161,0,20231611500
602,2023161,1640,2023,161,16,40,NA,NA,T,NA,NA,NA,NA,20231611640
603,2023161,1805,2023,161,18,5,39.0375,-76.79056222,A,0.4365,0.31677,0.0249,0,20231611805
604,2023162,1405,2023,162,14,5,NA,NA,T,NA,NA,NA,NA,20231621405
605,2023162,1545,2023,162,15,45,39.02083333,-76.80463546,T,0.6315,0.4615,0.033,0,20231621545
606,2023162,1710,2023,162,17,10,NA,NA,A,NA,NA,NA,NA,20231621710
607,2023162,1845,2023,162,18,45,NA,NA,A,NA,NA,NA,NA,20231621845
608,2023163,1445,2023,163,14,45,NA,NA,T,NA,NA,NA,NA,20231631445
609,2023163,1620,2023,163,16,20,NA,NA,T,NA,NA,NA,NA,20231631620
610,2023163,1750,2023,163,17,50,NA,NA,A,NA,NA,NA,NA,20231631750
611,2023164,1350,2023,164,13,50,NA,NA,T,NA,NA,NA,NA,20231641350
612,2023164,1525,2023,164,15,25,39.0375,-76.88712039,T,0.31878,0.23057,0.0362,0,20231641525
613,2023164,1655,2023,164,16,55,NA,NA,A,NA,NA,NA,NA,20231641655
614,2023164,1835,2023,164,18,35,NA,NA,A,NA,NA,NA,NA,20231641835
615,2023165,1430,2023,165,14,30,NA,NA,T,NA,NA,NA,NA,20231651430
616,2023165,1605,2023,165,16,5,NA,NA,T,NA,NA,NA,NA,20231651605
617,2023165,1735,2023,165,17,35,NA,NA,A,NA,NA,NA,NA,20231651735
618,2023165,1915,2023,165,19,15,NA,NA,A,NA,NA,NA,NA,20231651915
619,2023166,1330,2023,166,13,30,NA,NA,T,NA,NA,NA,NA,20231661330
620,2023166,1510,2023,166,15,10,39.0375,-76.88712039,T,0.32054,0.2317,0.022,0,20231661510
621,2023166,1640,2023,166,16,40,NA,NA,A,NA,NA,NA,NA,20231661640
622,2023166,1820,2023,166,18,20,39.02083333,-76.85826624,A,0.45735,0.33213,0.0347,0,20231661820
623,2023167,1415,2023,167,14,15,NA,NA,T,NA,NA,NA,NA,20231671415
624,2023167,1550,2023,167,15,50,NA,NA,T,NA,NA,NA,NA,20231671550
625,2023167,1725,2023,167,17,25,NA,NA,A,NA,NA,NA,NA,20231671725
626,2023167,1900,2023,167,19,0,NA,NA,A,NA,NA,NA,NA,20231671900
627,2023168,1455,2023,168,14,55,39.0375,-76.88712039,T,0.70079,0.5119,0.014,0,20231681455
628,2023168,1630,2023,168,16,30,NA,NA,T,NA,NA,NA,NA,20231681630
629,2023168,1805,2023,168,18,5,NA,NA,A,NA,NA,NA,NA,20231681805
630,2023169,1355,2023,169,13,55,NA,NA,T,NA,NA,NA,NA,20231691355
631,2023169,1535,2023,169,15,35,39.0375,-76.8763917,T,0.38739,0.28066,0.0358,0,20231691535
632,2023169,1710,2023,169,17,10,NA,NA,A,NA,NA,NA,NA,20231691710
633,2023169,1845,2023,169,18,45,39.0375,-76.88712039,A,0.43782,0.31769,0.0291,0,20231691845
634,2023170,1440,2023,170,14,40,NA,NA,T,NA,NA,NA,NA,20231701440
635,2023170,1615,2023,170,16,15,NA,NA,T,NA,NA,NA,NA,20231701615
636,2023170,1750,2023,170,17,50,NA,NA,A,NA,NA,NA,NA,20231701750
637,2023171,1340,2023,171,13,40,NA,NA,T,NA,NA,NA,NA,20231711340
638,2023171,1520,2023,171,15,20,NA,NA,T,NA,NA,NA,NA,20231711520
639,2023171,1655,2023,171,16,55,NA,NA,A,NA,NA,NA,NA,20231711655
640,2023171,1830,2023,171,18,30,NA,NA,A,NA,NA,NA,NA,20231711830
641,2023172,1420,2023,172,14,20,NA,NA,T,NA,NA,NA,NA,20231721420
642,2023172,1600,2023,172,16,0,NA,NA,T,NA,NA,NA,NA,20231721600
643,2023172,1735,2023,172,17,35,NA,NA,A,NA,NA,NA,NA,20231721735
644,2023172,1915,2023,172,19,15,NA,NA,A,NA,NA,NA,NA,20231721915
645,2023173,1500,2023,173,15,0,NA,NA,T,NA,NA,NA,NA,20231731500
646,2023173,1635,2023,173,16,35,NA,NA,T,NA,NA,NA,NA,20231731635
647,2023173,1640,2023,173,16,40,NA,NA,A,NA,NA,NA,NA,20231731640
648,2023173,1820,2023,173,18,20,NA,NA,A,NA,NA,NA,NA,20231731820
649,2023174,1405,2023,174,14,5,NA,NA,T,NA,NA,NA,NA,20231741405
650,2023174,1540,2023,174,15,40,NA,NA,T,NA,NA,NA,NA,20231741540
651,2023174,1720,2023,174,17,20,NA,NA,A,NA,NA,NA,NA,20231741720
652,2023174,1900,2023,174,19,0,NA,NA,A,NA,NA,NA,NA,20231741900
653,2023175,1445,2023,175,14,45,NA,NA,T,NA,NA,NA,NA,20231751445
654,2023175,1620,2023,175,16,20,NA,NA,T,NA,NA,NA,NA,20231751620
655,2023175,1805,2023,175,18,5,NA,NA,A,NA,NA,NA,NA,20231751805
656,2023176,1350,2023,176,13,50,NA,NA,T,NA,NA,NA,NA,20231761350
657,2023176,1525,2023,176,15,25,39.00416666,-76.79726131,T,0.16844,0.12089,0.0281,0,20231761525
658,2023176,1710,2023,176,17,10,NA,NA,A,NA,NA,NA,NA,20231761710
659,2023176,1845,2023,176,18,45,NA,NA,A,NA,NA,NA,NA,20231761845
660,2023177,1430,2023,177,14,30,NA,NA,T,NA,NA,NA,NA,20231771430
661,2023177,1605,2023,177,16,5,NA,NA,T,NA,NA,NA,NA,20231771605
662,2023177,1750,2023,177,17,50,NA,NA,A,NA,NA,NA,NA,20231771750
663,2023177,1925,2023,177,19,25,NA,NA,A,NA,NA,NA,NA,20231771925
664,2023178,1330,2023,178,13,30,NA,NA,T,NA,NA,NA,NA,20231781330
665,2023178,1510,2023,178,15,10,39.02083333,-76.84754009,T,0.30583,0.22067,0.0188,0,20231781510
666,2023178,1655,2023,178,16,55,NA,NA,A,NA,NA,NA,NA,20231781655
667,2023178,1830,2023,178,18,30,NA,NA,A,NA,NA,NA,NA,20231781830
668,2023179,1410,2023,179,14,10,NA,NA,T,NA,NA,NA,NA,20231791410
669,2023179,1550,2023,179,15,50,NA,NA,T,NA,NA,NA,NA,20231791550
670,2023179,1735,2023,179,17,35,NA,NA,A,NA,NA,NA,NA,20231791735
671,2023179,1915,2023,179,19,15,NA,NA,A,NA,NA,NA,NA,20231791915
672,2023180,1455,2023,180,14,55,39.0375,-76.88712039,T,1.8946,1.42589,0.0132,0,20231801455
673,2023180,1630,2023,180,16,30,39.0375,-76.83347696,T,1.77173,1.32772,0.0097,0,20231801630
674,2023180,1640,2023,180,16,40,NA,NA,A,NA,NA,NA,NA,20231801640
675,2023180,1815,2023,180,18,15,39.0375,-76.88712039,A,1.76463,1.32321,0.0382,0,20231801815
676,2023181,1355,2023,181,13,55,NA,NA,T,NA,NA,NA,NA,20231811355
677,2023181,1535,2023,181,15,35,NA,NA,T,NA,NA,NA,NA,20231811535
678,2023181,1720,2023,181,17,20,NA,NA,A,NA,NA,NA,NA,20231811720
679,2023181,1900,2023,181,19,0,NA,NA,A,NA,NA,NA,NA,20231811900
1,2023182,1435,2023,182,14,35,NA,NA,T,NA,NA,NA,NA,20231821435
2,2023182,1615,2023,182,16,15,NA,NA,T,NA,NA,NA,NA,20231821615
3,2023182,1805,2023,182,18,5,NA,NA,A,NA,NA,NA,NA,20231821805
4,2023183,1340,2023,183,13,40,NA,NA,T,NA,NA,NA,NA,20231831340
5,2023183,1515,2023,183,15,15,NA,NA,T,NA,NA,NA,NA,20231831515
6,2023183,1705,2023,183,17,5,NA,NA,A,NA,NA,NA,NA,20231831705
7,2023183,1845,2023,183,18,45,NA,NA,A,NA,NA,NA,NA,20231831845
8,2023184,1420,2023,184,14,20,NA,NA,T,NA,NA,NA,NA,20231841420
9,2023184,1555,2023,184,15,55,NA,NA,T,NA,NA,NA,NA,20231841555
10,2023184,1750,2023,184,17,50,39.02083333,-76.82608777,A,0.26317,0.18967,0.0149,0,20231841750
11,2023184,1925,2023,184,19,25,NA,NA,A,NA,NA,NA,NA,20231841925
12,2023185,1500,2023,185,15,0,NA,NA,T,NA,NA,NA,NA,20231851500
13,2023185,1635,2023,185,16,35,NA,NA,T,NA,NA,NA,NA,20231851635
14,2023185,1650,2023,185,16,50,NA,NA,A,NA,NA,NA,NA,20231851650
15,2023185,1830,2023,185,18,30,39.02083333,-76.84754009,A,0.278,0.2005,0.0371,0,20231851830
16,2023186,1405,2023,186,14,5,NA,NA,T,NA,NA,NA,NA,20231861405
17,2023186,1540,2023,186,15,40,NA,NA,T,NA,NA,NA,NA,20231861540
18,2023186,1735,2023,186,17,35,NA,NA,A,NA,NA,NA,NA,20231861735
19,2023186,1910,2023,186,19,10,NA,NA,A,NA,NA,NA,NA,20231861910
20,2023187,1445,2023,187,14,45,NA,NA,T,NA,NA,NA,NA,20231871445
21,2023187,1620,2023,187,16,20,NA,NA,T,NA,NA,NA,NA,20231871620
22,2023187,1635,2023,187,16,35,NA,NA,A,NA,NA,NA,NA,20231871635
23,2023187,1815,2023,187,18,15,NA,NA,A,NA,NA,NA,NA,20231871815
24,2023188,1345,2023,188,13,45,NA,NA,T,NA,NA,NA,NA,20231881345
25,2023188,1525,2023,188,15,25,NA,NA,T,NA,NA,NA,NA,20231881525
26,2023188,1720,2023,188,17,20,NA,NA,A,NA,NA,NA,NA,20231881720
27,2023188,1900,2023,188,19,0,39.02083333,-76.85826624,A,0.43391,0.315,0.0196,0,20231881900
28,2023189,1430,2023,189,14,30,NA,NA,T,NA,NA,NA,NA,20231891430
29,2023189,1605,2023,189,16,5,NA,NA,T,NA,NA,NA,NA,20231891605
30,2023189,1800,2023,189,18,0,NA,NA,A,NA,NA,NA,NA,20231891800
31,2023190,1330,2023,190,13,30,NA,NA,T,NA,NA,NA,NA,20231901330
32,2023190,1510,2023,190,15,10,NA,NA,T,NA,NA,NA,NA,20231901510
33,2023190,1705,2023,190,17,5,NA,NA,A,NA,NA,NA,NA,20231901705
34,2023190,1845,2023,190,18,45,NA,NA,A,NA,NA,NA,NA,20231901845
35,2023191,1410,2023,191,14,10,NA,NA,T,NA,NA,NA,NA,20231911410
36,2023191,1550,2023,191,15,50,39.00416666,-76.86160308,T,0.36523,0.26415,0.0316,0,20231911550
37,2023191,1750,2023,191,17,50,NA,NA,A,NA,NA,NA,NA,20231911750
38,2023191,1925,2023,191,19,25,NA,NA,A,NA,NA,NA,NA,20231911925
39,2023192,1450,2023,192,14,50,39.0375,-76.88712039,T,0.15403,0.11041,0.0128,0,20231921450
40,2023192,1630,2023,192,16,30,38.99583333,-76.83110625,T,0.434,0.315,0.0099,0,20231921630
41,2023192,1650,2023,192,16,50,NA,NA,A,NA,NA,NA,NA,20231921650
42,2023192,1830,2023,192,18,30,NA,NA,A,NA,NA,NA,NA,20231921830
43,2023193,1355,2023,193,13,55,NA,NA,T,NA,NA,NA,NA,20231931355
44,2023193,1535,2023,193,15,35,39.0375,-76.88712039,T,0.37727,0.27318,0.0387,0,20231931535
45,2023193,1735,2023,193,17,35,39.02083333,-76.8689924,A,0.4532,0.3292,0.0098,0,20231931735
46,2023193,1910,2023,193,19,10,NA,NA,A,NA,NA,NA,NA,20231931910
47,2023194,1435,2023,194,14,35,NA,NA,T,NA,NA,NA,NA,20231941435
48,2023194,1610,2023,194,16,10,39.0375,-76.88712039,T,0.2882,0.20792,0.0162,0,20231941610
49,2023194,1635,2023,194,16,35,NA,NA,A,NA,NA,NA,NA,20231941635
50,2023194,1815,2023,194,18,15,39.0375,-76.88712039,A,0.31209,0.22549,0.0346,0,20231941815
51,2023195,1340,2023,195,13,40,NA,NA,T,NA,NA,NA,NA,20231951340
52,2023195,1515,2023,195,15,15,38.97916666,-76.7915787,T,0.1825,0.131,0.0238,0,20231951515
53,2023195,1720,2023,195,17,20,NA,NA,A,NA,NA,NA,NA,20231951720
54,2023195,1855,2023,195,18,55,NA,NA,A,NA,NA,NA,NA,20231951855
55,2023196,1420,2023,196,14,20,NA,NA,T,NA,NA,NA,NA,20231961420
56,2023196,1555,2023,196,15,55,NA,NA,T,NA,NA,NA,NA,20231961555
57,2023196,1800,2023,196,18,0,NA,NA,A,NA,NA,NA,NA,20231961800
58,2023197,1500,2023,197,15,0,NA,NA,T,NA,NA,NA,NA,20231971500
59,2023197,1635,2023,197,16,35,NA,NA,T,NA,NA,NA,NA,20231971635
60,2023197,1705,2023,197,17,5,NA,NA,A,NA,NA,NA,NA,20231971705
61,2023197,1840,2023,197,18,40,NA,NA,A,NA,NA,NA,NA,20231971840
62,2023198,1405,2023,198,14,5,NA,NA,T,NA,NA,NA,NA,20231981405
63,2023198,1540,2023,198,15,40,38.97083333,-76.8897287,T,1.55478,1.16489,0.0393,0,20231981540
64,2023198,1745,2023,198,17,45,38.9625,-76.86996674,A,1.652,1.238,0.014,0,20231981745
65,2023198,1925,2023,198,19,25,NA,NA,A,NA,NA,NA,NA,20231981925
66,2023199,1445,2023,199,14,45,39.02916666,-76.79223515,T,0.476,0.34581,0.0097,0,20231991445
67,2023199,1620,2023,199,16,20,39.0375,-76.88712039,T,0.72819,0.53232,0.0126,0,20231991620
68,2023199,1650,2023,199,16,50,NA,NA,A,NA,NA,NA,NA,20231991650
69,2023199,1830,2023,199,18,30,NA,NA,A,NA,NA,NA,NA,20231991830
70,2023200,1345,2023,200,13,45,NA,NA,T,NA,NA,NA,NA,20232001345
71,2023200,1525,2023,200,15,25,NA,NA,T,NA,NA,NA,NA,20232001525
72,2023200,1730,2023,200,17,30,NA,NA,A,NA,NA,NA,NA,20232001730
73,2023200,1910,2023,200,19,10,NA,NA,A,NA,NA,NA,NA,20232001910
74,2023201,1425,2023,201,14,25,NA,NA,T,NA,NA,NA,NA,20232011425
75,2023201,1605,2023,201,16,5,NA,NA,T,NA,NA,NA,NA,20232011605
76,2023201,1635,2023,201,16,35,NA,NA,A,NA,NA,NA,NA,20232011635
77,2023201,1815,2023,201,18,15,NA,NA,A,NA,NA,NA,NA,20232011815
78,2023202,1330,2023,202,13,30,NA,NA,T,NA,NA,NA,NA,20232021330
79,2023202,1510,2023,202,15,10,39.0375,-76.88712039,T,0.16577,0.11898,0.0185,0,20232021510
80,2023202,1720,2023,202,17,20,NA,NA,A,NA,NA,NA,NA,20232021720
81,2023202,1855,2023,202,18,55,39.0375,-76.83347696,A,0.285,0.205,0.0209,0,20232021855
82,2023203,1410,2023,203,14,10,NA,NA,T,NA,NA,NA,NA,20232031410
83,2023203,1550,2023,203,15,50,NA,NA,T,NA,NA,NA,NA,20232031550
84,2023203,1800,2023,203,18,0,NA,NA,A,NA,NA,NA,NA,20232031800
85,2023204,1450,2023,204,14,50,39.0375,-76.85493433,T,0.359,0.26,0.0117,0,20232041450
86,2023204,1625,2023,204,16,25,39.0375,-76.79056222,T,0.438,0.318,0.0095,0,20232041625
87,2023204,1705,2023,204,17,5,NA,NA,A,NA,NA,NA,NA,20232041705
88,2023204,1840,2023,204,18,40,NA,NA,A,NA,NA,NA,NA,20232041840
89,2023205,1355,2023,205,13,55,NA,NA,T,NA,NA,NA,NA,20232051355
90,2023205,1530,2023,205,15,30,NA,NA,T,NA,NA,NA,NA,20232051530
91,2023205,1745,2023,205,17,45,NA,NA,A,NA,NA,NA,NA,20232051745
92,2023205,1925,2023,205,19,25,NA,NA,A,NA,NA,NA,NA,20232051925
93,2023206,1435,2023,206,14,35,NA,NA,T,NA,NA,NA,NA,20232061435
94,2023206,1610,2023,206,16,10,NA,NA,T,NA,NA,NA,NA,20232061610
95,2023206,1650,2023,206,16,50,NA,NA,A,NA,NA,NA,NA,20232061650
96,2023206,1825,2023,206,18,25,39.0375,-76.88712039,A,0.35894,0.25961,0.0364,0,20232061825
97,2023207,1335,2023,207,13,35,NA,NA,T,NA,NA,NA,NA,20232071335
98,2023207,1515,2023,207,15,15,39.0375,-76.88712039,T,0.36865,0.2668,0.0227,0,20232071515
99,2023207,1730,2023,207,17,30,NA,NA,A,NA,NA,NA,NA,20232071730
100,2023207,1910,2023,207,19,10,NA,NA,A,NA,NA,NA,NA,20232071910
101,2023208,1420,2023,208,14,20,NA,NA,T,NA,NA,NA,NA,20232081420
102,2023208,1555,2023,208,15,55,NA,NA,T,NA,NA,NA,NA,20232081555
103,2023208,1815,2023,208,18,15,NA,NA,A,NA,NA,NA,NA,20232081815
104,2023209,1500,2023,209,15,0,39.0375,-76.81201959,T,0.45543,0.33075,0.0137,0,20232091500
105,2023209,1635,2023,209,16,35,NA,NA,T,NA,NA,NA,NA,20232091635
106,2023209,1715,2023,209,17,15,NA,NA,A,NA,NA,NA,NA,20232091715
107,2023209,1855,2023,209,18,55,NA,NA,A,NA,NA,NA,NA,20232091855
108,2023210,1400,2023,210,14,0,NA,NA,T,NA,NA,NA,NA,20232101400
109,2023210,1540,2023,210,15,40,39.0375,-76.88712039,T,0.34688,0.251,0.0353,0,20232101540
110,2023210,1800,2023,210,18,0,39.0375,-76.85493433,A,0.2593,0.18672,0.0182,0,20232101800
111,2023211,1440,2023,211,14,40,NA,NA,T,NA,NA,NA,NA,20232111440
112,2023211,1620,2023,211,16,20,39.0375,-76.85493433,T,0.14836,0.10642,0.0118,0,20232111620
113,2023211,1700,2023,211,17,0,NA,NA,A,NA,NA,NA,NA,20232111700
114,2023211,1840,2023,211,18,40,39.0375,-76.88712039,A,0.0843,0.06042,0.0317,0,20232111840
115,2023212,1345,2023,212,13,45,NA,NA,T,NA,NA,NA,NA,20232121345
116,2023212,1525,2023,212,15,25,38.97916666,-76.86661758,T,0.18867,0.13544,0.0288,0,20232121525
117,2023212,1745,2023,212,17,45,38.9625,-76.82709747,A,0.4118,0.299,0.0122,0,20232121745
118,2023212,1920,2023,212,19,20,NA,NA,A,NA,NA,NA,NA,20232121920
119,2023213,1425,2023,213,14,25,NA,NA,T,NA,NA,NA,NA,20232131425
120,2023213,1605,2023,213,16,5,39.0375,-76.88712039,T,2.14028,1.62832,0.0203,0,20232131605
121,2023213,1650,2023,213,16,50,NA,NA,A,NA,NA,NA,NA,20232131650
122,2023213,1825,2023,213,18,25,39.02083333,-76.89044471,A,1.97471,1.48858,0.0337,0,20232131825
123,2023214,1330,2023,214,13,30,NA,NA,T,NA,NA,NA,NA,20232141330
124,2023214,1505,2023,214,15,5,39.0375,-76.88712039,T,0.34668,0.25077,0.0177,0,20232141505
125,2023214,1730,2023,214,17,30,NA,NA,A,NA,NA,NA,NA,20232141730
126,2023214,1905,2023,214,19,5,NA,NA,A,NA,NA,NA,NA,20232141905
127,2023215,1410,2023,215,14,10,NA,NA,T,NA,NA,NA,NA,20232151410
128,2023215,1545,2023,215,15,45,NA,NA,T,NA,NA,NA,NA,20232151545
129,2023215,1810,2023,215,18,10,NA,NA,A,NA,NA,NA,NA,20232151810
130,2023216,1450,2023,216,14,50,NA,NA,T,NA,NA,NA,NA,20232161450
131,2023216,1625,2023,216,16,25,NA,NA,T,NA,NA,NA,NA,20232161625
132,2023216,1715,2023,216,17,15,NA,NA,A,NA,NA,NA,NA,20232161715
133,2023216,1855,2023,216,18,55,NA,NA,A,NA,NA,NA,NA,20232161855
134,2023217,1355,2023,217,13,55,NA,NA,T,NA,NA,NA,NA,20232171355
135,2023217,1530,2023,217,15,30,NA,NA,T,NA,NA,NA,NA,20232171530
136,2023217,1755,2023,217,17,55,NA,NA,A,NA,NA,NA,NA,20232171755
137,2023218,1435,2023,218,14,35,NA,NA,T,NA,NA,NA,NA,20232181435
138,2023218,1610,2023,218,16,10,39.0375,-76.88712039,T,0.49213,0.35747,0.0153,0,20232181610
139,2023218,1700,2023,218,17,0,NA,NA,A,NA,NA,NA,NA,20232181700
140,2023218,1840,2023,218,18,40,NA,NA,A,NA,NA,NA,NA,20232181840
141,2023219,1335,2023,219,13,35,NA,NA,T,NA,NA,NA,NA,20232191335
142,2023219,1515,2023,219,15,15,NA,NA,T,NA,NA,NA,NA,20232191515
143,2023219,1745,2023,219,17,45,38.95416666,-76.82877894,A,0.383,0.277,0.012,0,20232191745
144,2023219,1920,2023,219,19,20,NA,NA,A,NA,NA,NA,NA,20232191920
145,2023220,1415,2023,220,14,15,NA,NA,T,NA,NA,NA,NA,20232201415
146,2023220,1555,2023,220,15,55,39.02083333,-76.80463546,T,0.28245,0.20391,0.0237,0,20232201555
147,2023220,1645,2023,220,16,45,NA,NA,A,NA,NA,NA,NA,20232201645
148,2023220,1825,2023,220,18,25,NA,NA,A,NA,NA,NA,NA,20232201825
149,2023221,1500,2023,221,15,0,39.0375,-76.88712039,T,0.20209,0.14537,0.014,0,20232211500
150,2023221,1635,2023,221,16,35,NA,NA,T,NA,NA,NA,NA,20232211635
151,2023221,1730,2023,221,17,30,NA,NA,A,NA,NA,NA,NA,20232211730
152,2023221,1905,2023,221,19,5,39.0375,-76.8763917,A,0.3545,0.257,0.016,0,20232211905
153,2023222,1400,2023,222,14,0,NA,NA,T,NA,NA,NA,NA,20232221400
154,2023222,1540,2023,222,15,40,NA,NA,T,NA,NA,NA,NA,20232221540
155,2023222,1810,2023,222,18,10,NA,NA,A,NA,NA,NA,NA,20232221810
156,2023223,1440,2023,223,14,40,NA,NA,T,NA,NA,NA,NA,20232231440
157,2023223,1620,2023,223,16,20,NA,NA,T,NA,NA,NA,NA,20232231620
158,2023223,1715,2023,223,17,15,NA,NA,A,NA,NA,NA,NA,20232231715
159,2023223,1850,2023,223,18,50,NA,NA,A,NA,NA,NA,NA,20232231850
160,2023224,1345,2023,224,13,45,NA,NA,T,NA,NA,NA,NA,20232241345
161,2023224,1520,2023,224,15,20,39.0375,-76.88712039,T,0.18231,0.13094,0.0264,0,20232241520
162,2023224,1755,2023,224,17,55,NA,NA,A,NA,NA,NA,NA,20232241755
163,2023225,1425,2023,225,14,25,NA,NA,T,NA,NA,NA,NA,20232251425
164,2023225,1600,2023,225,16,0,NA,NA,T,NA,NA,NA,NA,20232251600
165,2023225,1700,2023,225,17,0,NA,NA,A,NA,NA,NA,NA,20232251700
166,2023225,1835,2023,225,18,35,39.0375,-76.8763917,A,0.16986,0.12193,0.0315,0,20232251835
167,2023226,1330,2023,226,13,30,NA,NA,T,NA,NA,NA,NA,20232261330
168,2023226,1505,2023,226,15,5,NA,NA,T,NA,NA,NA,NA,20232261505
169,2023226,1740,2023,226,17,40,NA,NA,A,NA,NA,NA,NA,20232261740
170,2023226,1920,2023,226,19,20,NA,NA,A,NA,NA,NA,NA,20232261920
171,2023227,1410,2023,227,14,10,NA,NA,T,NA,NA,NA,NA,20232271410
172,2023227,1545,2023,227,15,45,NA,NA,T,NA,NA,NA,NA,20232271545
173,2023227,1645,2023,227,16,45,NA,NA,A,NA,NA,NA,NA,20232271645
174,2023227,1825,2023,227,18,25,NA,NA,A,NA,NA,NA,NA,20232271825
175,2023228,1450,2023,228,14,50,39.0375,-76.88712039,T,0.06982,0.04992,0.0109,0,20232281450
176,2023228,1625,2023,228,16,25,39.0375,-76.83347696,T,0.16161,0.11597,0.0087,0,20232281625
177,2023228,1725,2023,228,17,25,NA,NA,A,NA,NA,NA,NA,20232281725
178,2023228,1905,2023,228,19,5,NA,NA,A,NA,NA,NA,NA,20232281905
179,2023229,1350,2023,229,13,50,NA,NA,T,NA,NA,NA,NA,20232291350
180,2023229,1530,2023,229,15,30,NA,NA,T,NA,NA,NA,NA,20232291530
181,2023229,1810,2023,229,18,10,NA,NA,A,NA,NA,NA,NA,20232291810
182,2023230,1435,2023,230,14,35,NA,NA,T,NA,NA,NA,NA,20232301435
183,2023230,1610,2023,230,16,10,39.0375,-76.88712039,T,0.31993,0.23114,0.0144,0,20232301610
184,2023230,1710,2023,230,17,10,NA,NA,A,NA,NA,NA,NA,20232301710
185,2023230,1850,2023,230,18,50,NA,NA,A,NA,NA,NA,NA,20232301850
186,2023231,1335,2023,231,13,35,NA,NA,T,NA,NA,NA,NA,20232311335
187,2023231,1515,2023,231,15,15,39.0375,-76.88712039,T,0.13414,0.09623,0.0208,0,20232311515
188,2023231,1755,2023,231,17,55,39.0375,-76.88712039,A,0.17502,0.12558,0.0139,0,20232311755
189,2023232,1415,2023,232,14,15,NA,NA,T,NA,NA,NA,NA,20232321415
190,2023232,1555,2023,232,15,55,39.0375,-76.88712039,T,0.29438,0.21242,0.0244,0,20232321555
191,2023232,1655,2023,232,16,55,NA,NA,A,NA,NA,NA,NA,20232321655
192,2023232,1835,2023,232,18,35,39.0375,-76.88712039,A,0.37551,0.27173,0.033,0,20232321835
193,2023233,1455,2023,233,14,55,39.00416666,-76.85087945,T,0.31139,0.22496,0.0125,0,20232331455
194,2023233,1635,2023,233,16,35,NA,NA,T,NA,NA,NA,NA,20232331635
195,2023233,1740,2023,233,17,40,NA,NA,A,NA,NA,NA,NA,20232331740
196,2023233,1915,2023,233,19,15,NA,NA,A,NA,NA,NA,NA,20232331915
197,2023234,1400,2023,234,14,0,NA,NA,T,NA,NA,NA,NA,20232341400
198,2023234,1540,2023,234,15,40,NA,NA,T,NA,NA,NA,NA,20232341540
199,2023234,1640,2023,234,16,40,NA,NA,A,NA,NA,NA,NA,20232341640
200,2023234,1820,2023,234,18,20,39.0375,-76.8763917,A,0.2435,0.17544,0.0295,0,20232341820
201,2023235,1440,2023,235,14,40,NA,NA,T,NA,NA,NA,NA,20232351440
202,2023235,1615,2023,235,16,15,39.0375,-76.86566302,T,0.3376,0.2442,0.0105,0,20232351615
203,2023235,1725,2023,235,17,25,NA,NA,A,NA,NA,NA,NA,20232351725
204,2023235,1905,2023,235,19,5,NA,NA,A,NA,NA,NA,NA,20232351905
205,2023236,1345,2023,236,13,45,NA,NA,T,NA,NA,NA,NA,20232361345
206,2023236,1520,2023,236,15,20,NA,NA,T,NA,NA,NA,NA,20232361520
207,2023236,1805,2023,236,18,5,NA,NA,A,NA,NA,NA,NA,20232361805
208,2023237,1425,2023,237,14,25,NA,NA,T,NA,NA,NA,NA,20232371425
209,2023237,1600,2023,237,16,0,38.9625,-76.84853211,T,0.344,0.249,0.0189,0,20232371600
210,2023237,1710,2023,237,17,10,NA,NA,A,NA,NA,NA,NA,20232371710
211,2023237,1850,2023,237,18,50,38.99583333,-76.86327335,A,0.19,0.136,0.0286,0,20232371850
212,2023238,1325,2023,238,13,25,NA,NA,T,NA,NA,NA,NA,20232381325
213,2023238,1505,2023,238,15,5,38.95416666,-76.79663076,T,0.306,0.2205,0.0161,0,20232381505
214,2023238,1750,2023,238,17,50,NA,NA,A,NA,NA,NA,NA,20232381750
215,2023238,1930,2023,238,19,30,NA,NA,A,NA,NA,NA,NA,20232381930
216,2023239,1410,2023,239,14,10,NA,NA,T,NA,NA,NA,NA,20232391410
217,2023239,1545,2023,239,15,45,39.0375,-76.88712039,T,0.29119,0.21006,0.0292,0,20232391545
218,2023239,1655,2023,239,16,55,NA,NA,A,NA,NA,NA,NA,20232391655
219,2023239,1835,2023,239,18,35,NA,NA,A,NA,NA,NA,NA,20232391835
220,2023240,1450,2023,240,14,50,NA,NA,T,NA,NA,NA,NA,20232401450
221,2023240,1625,2023,240,16,25,NA,NA,T,NA,NA,NA,NA,20232401625
222,2023240,1740,2023,240,17,40,NA,NA,A,NA,NA,NA,NA,20232401740
223,2023240,1915,2023,240,19,15,NA,NA,A,NA,NA,NA,NA,20232401915
224,2023241,1350,2023,241,13,50,NA,NA,T,NA,NA,NA,NA,20232411350
225,2023241,1530,2023,241,15,30,NA,NA,T,NA,NA,NA,NA,20232411530
226,2023241,1640,2023,241,16,40,NA,NA,A,NA,NA,NA,NA,20232411640
227,2023241,1820,2023,241,18,20,NA,NA,A,NA,NA,NA,NA,20232411820
228,2023242,1430,2023,242,14,30,NA,NA,T,NA,NA,NA,NA,20232421430
229,2023242,1610,2023,242,16,10,NA,NA,T,NA,NA,NA,NA,20232421610
230,2023242,1725,2023,242,17,25,NA,NA,A,NA,NA,NA,NA,20232421725
231,2023242,1900,2023,242,19,0,NA,NA,A,NA,NA,NA,NA,20232421900
232,2023243,1335,2023,243,13,35,NA,NA,T,NA,NA,NA,NA,20232431335
233,2023243,1515,2023,243,15,15,39.0375,-76.82274828,T,0.05926,0.04235,0.0184,0,20232431515
234,2023243,1805,2023,243,18,5,39.0375,-76.88712039,A,0.06108,0.04368,0.0178,0,20232431805
235,2023244,1415,2023,244,14,15,NA,NA,T,NA,NA,NA,NA,20232441415
236,2023244,1555,2023,244,15,55,39.0375,-76.88712039,T,0.13263,0.09508,0.0232,0,20232441555
237,2023244,1710,2023,244,17,10,NA,NA,A,NA,NA,NA,NA,20232441710
238,2023244,1845,2023,244,18,45,39.0375,-76.88712039,A,0.05898,0.04211,0.0264,0,20232441845
239,2023245,1455,2023,245,14,55,39.0375,-76.88712039,T,0.09071,0.0649,0.0127,0,20232451455
240,2023245,1630,2023,245,16,30,NA,NA,T,NA,NA,NA,NA,20232451630
241,2023245,1750,2023,245,17,50,39.0375,-76.88712039,A,0.11025,0.07903,0.0108,0,20232451750
242,2023245,1930,2023,245,19,30,NA,NA,A,NA,NA,NA,NA,20232451930
243,2023246,1400,2023,246,14,0,NA,NA,T,NA,NA,NA,NA,20232461400
244,2023246,1535,2023,246,15,35,39.0375,-76.88712039,T,0.18493,0.13288,0.0321,0,20232461535
245,2023246,1655,2023,246,16,55,NA,NA,A,NA,NA,NA,NA,20232461655
246,2023246,1830,2023,246,18,30,39.0375,-76.84420565,A,0.22872,0.16472,0.0307,0,20232461830
247,2023247,1440,2023,247,14,40,NA,NA,T,NA,NA,NA,NA,20232471440
248,2023247,1615,2023,247,16,15,39.0125,-76.80630959,T,0.22886,0.16495,0.0098,0,20232471615
249,2023247,1735,2023,247,17,35,NA,NA,A,NA,NA,NA,NA,20232471735
250,2023247,1915,2023,247,19,15,NA,NA,A,NA,NA,NA,NA,20232471915
251,2023248,1340,2023,248,13,40,NA,NA,T,NA,NA,NA,NA,20232481340
252,2023248,1520,2023,248,15,20,NA,NA,T,NA,NA,NA,NA,20232481520
253,2023248,1635,2023,248,16,35,NA,NA,A,NA,NA,NA,NA,20232481635
254,2023248,1815,2023,248,18,15,39.0375,-76.88712039,A,0.1957,0.14073,0.0255,0,20232481815
255,2023249,1425,2023,249,14,25,NA,NA,T,NA,NA,NA,NA,20232491425
256,2023249,1600,2023,249,16,0,NA,NA,T,NA,NA,NA,NA,20232491600
257,2023249,1720,2023,249,17,20,NA,NA,A,NA,NA,NA,NA,20232491720
258,2023249,1900,2023,249,19,0,39.0375,-76.88712039,A,0.1495,0.107,0.0177,0,20232491900
259,2023250,1325,2023,250,13,25,NA,NA,T,NA,NA,NA,NA,20232501325
260,2023250,1505,2023,250,15,5,39.0375,-76.88712039,T,0.28377,0.2047,0.0154,0,20232501505
261,2023250,1805,2023,250,18,5,NA,NA,A,NA,NA,NA,NA,20232501805
262,2023251,1405,2023,251,14,5,NA,NA,T,NA,NA,NA,NA,20232511405
263,2023251,1545,2023,251,15,45,39.0375,-76.88712039,T,0.34217,0.2475,0.0282,0,20232511545
264,2023251,1705,2023,251,17,5,NA,NA,A,NA,NA,NA,NA,20232511705
265,2023251,1845,2023,251,18,45,NA,NA,A,NA,NA,NA,NA,20232511845
266,2023252,1450,2023,252,14,50,NA,NA,T,NA,NA,NA,NA,20232521450
267,2023252,1625,2023,252,16,25,39.00416666,-76.89377396,T,0.36822,0.26644,0.0081,0,20232521625
268,2023252,1750,2023,252,17,50,NA,NA,A,NA,NA,NA,NA,20232521750
269,2023252,1925,2023,252,19,25,NA,NA,A,NA,NA,NA,NA,20232521925
270,2023253,1350,2023,253,13,50,NA,NA,T,NA,NA,NA,NA,20232531350
271,2023253,1530,2023,253,15,30,NA,NA,T,NA,NA,NA,NA,20232531530
272,2023253,1650,2023,253,16,50,NA,NA,A,NA,NA,NA,NA,20232531650
273,2023253,1830,2023,253,18,30,NA,NA,A,NA,NA,NA,NA,20232531830
274,2023254,1430,2023,254,14,30,NA,NA,T,NA,NA,NA,NA,20232541430
275,2023254,1605,2023,254,16,5,NA,NA,T,NA,NA,NA,NA,20232541605
276,2023254,1735,2023,254,17,35,NA,NA,A,NA,NA,NA,NA,20232541735
277,2023254,1910,2023,254,19,10,NA,NA,A,NA,NA,NA,NA,20232541910
278,2023255,1335,2023,255,13,35,NA,NA,T,NA,NA,NA,NA,20232551335
279,2023255,1510,2023,255,15,10,NA,NA,T,NA,NA,NA,NA,20232551510
280,2023255,1635,2023,255,16,35,NA,NA,A,NA,NA,NA,NA,20232551635
281,2023255,1815,2023,255,18,15,NA,NA,A,NA,NA,NA,NA,20232551815
282,2023256,1415,2023,256,14,15,NA,NA,T,NA,NA,NA,NA,20232561415
283,2023256,1550,2023,256,15,50,38.9625,-76.79494551,T,0.15111,0.10844,0.0208,0,20232561550
284,2023256,1720,2023,256,17,20,NA,NA,A,NA,NA,NA,NA,20232561720
285,2023256,1855,2023,256,18,55,38.97083333,-76.85757297,A,0.18788,0.13462,0.0182,0,20232561855
286,2023257,1455,2023,257,14,55,39.0375,-76.88712039,T,0.08752,0.06262,0.0115,0,20232571455
287,2023257,1630,2023,257,16,30,NA,NA,T,NA,NA,NA,NA,20232571630
288,2023257,1800,2023,257,18,0,39.00416666,-76.84015582,A,0.10862,0.07786,0.0126,0,20232571800
289,2023258,1400,2023,258,14,0,NA,NA,T,NA,NA,NA,NA,20232581400
290,2023258,1535,2023,258,15,35,39.0375,-76.88712039,T,0.07496,0.05365,0.0299,0,20232581535
291,2023258,1705,2023,258,17,5,NA,NA,A,NA,NA,NA,NA,20232581705
292,2023258,1840,2023,258,18,40,39.0375,-76.88712039,A,0.03559,0.02536,0.0269,0,20232581840
293,2023259,1440,2023,259,14,40,NA,NA,T,NA,NA,NA,NA,20232591440
294,2023259,1615,2023,259,16,15,39.0375,-76.88712039,T,0.07611,0.05436,0.0095,0,20232591615
295,2023259,1745,2023,259,17,45,39.0375,-76.88712039,A,0.06525,0.04669,0.0082,0,20232591745
296,2023259,1925,2023,259,19,25,39.0375,-76.88712039,A,0.00319,0.00218,0.0082,0,20232591925
297,2023260,1340,2023,260,13,40,NA,NA,T,NA,NA,NA,NA,20232601340
298,2023260,1520,2023,260,15,20,NA,NA,T,NA,NA,NA,NA,20232601520
299,2023260,1650,2023,260,16,50,NA,NA,A,NA,NA,NA,NA,20232601650
300,2023260,1830,2023,260,18,30,NA,NA,A,NA,NA,NA,NA,20232601830
301,2023261,1420,2023,261,14,20,NA,NA,T,NA,NA,NA,NA,20232611420
302,2023261,1600,2023,261,16,0,NA,NA,T,NA,NA,NA,NA,20232611600
303,2023261,1730,2023,261,17,30,NA,NA,A,NA,NA,NA,NA,20232611730
304,2023261,1910,2023,261,19,10,38.99583333,-76.78821679,A,0.332,0.24,0.0113,0,20232611910
305,2023262,1325,2023,262,13,25,NA,NA,T,NA,NA,NA,NA,20232621325
306,2023262,1505,2023,262,15,5,39.0375,-76.88712039,T,0.07963,0.05697,0.0141,0,20232621505
307,2023262,1815,2023,262,18,15,39.02916666,-76.80296257,A,0.14443,0.10343,0.0176,0,20232621815
308,2023263,1405,2023,263,14,5,NA,NA,T,NA,NA,NA,NA,20232631405
309,2023263,1545,2023,263,15,45,NA,NA,T,NA,NA,NA,NA,20232631545
310,2023263,1715,2023,263,17,15,NA,NA,A,NA,NA,NA,NA,20232631715
311,2023263,1855,2023,263,18,55,NA,NA,A,NA,NA,NA,NA,20232631855
312,2023264,1445,2023,264,14,45,NA,NA,T,NA,NA,NA,NA,20232641445
313,2023264,1620,2023,264,16,20,NA,NA,T,NA,NA,NA,NA,20232641620
314,2023264,1800,2023,264,18,0,NA,NA,A,NA,NA,NA,NA,20232641800
315,2023265,1350,2023,265,13,50,NA,NA,T,NA,NA,NA,NA,20232651350
316,2023265,1525,2023,265,15,25,NA,NA,T,NA,NA,NA,NA,20232651525
317,2023265,1700,2023,265,17,0,NA,NA,A,NA,NA,NA,NA,20232651700
318,2023265,1840,2023,265,18,40,NA,NA,A,NA,NA,NA,NA,20232651840
319,2023266,1430,2023,266,14,30,NA,NA,T,NA,NA,NA,NA,20232661430
320,2023266,1605,2023,266,16,5,NA,NA,T,NA,NA,NA,NA,20232661605
321,2023266,1745,2023,266,17,45,NA,NA,A,NA,NA,NA,NA,20232661745
322,2023266,1920,2023,266,19,20,NA,NA,A,NA,NA,NA,NA,20232661920
323,2023267,1330,2023,267,13,30,NA,NA,T,NA,NA,NA,NA,20232671330
324,2023267,1510,2023,267,15,10,NA,NA,T,NA,NA,NA,NA,20232671510
325,2023267,1645,2023,267,16,45,NA,NA,A,NA,NA,NA,NA,20232671645
326,2023267,1825,2023,267,18,25,NA,NA,A,NA,NA,NA,NA,20232671825
327,2023268,1415,2023,268,14,15,NA,NA,T,NA,NA,NA,NA,20232681415
328,2023268,1550,2023,268,15,50,NA,NA,T,NA,NA,NA,NA,20232681550
329,2023268,1730,2023,268,17,30,NA,NA,A,NA,NA,NA,NA,20232681730
330,2023268,1905,2023,268,19,5,NA,NA,A,NA,NA,NA,NA,20232681905
331,2023269,1455,2023,269,14,55,NA,NA,T,NA,NA,NA,NA,20232691455
332,2023269,1630,2023,269,16,30,NA,NA,T,NA,NA,NA,NA,20232691630
333,2023269,1810,2023,269,18,10,NA,NA,A,NA,NA,NA,NA,20232691810
334,2023270,1355,2023,270,13,55,NA,NA,T,NA,NA,NA,NA,20232701355
335,2023270,1535,2023,270,15,35,NA,NA,T,NA,NA,NA,NA,20232701535
336,2023270,1715,2023,270,17,15,NA,NA,A,NA,NA,NA,NA,20232701715
337,2023270,1850,2023,270,18,50,39.0375,-76.88712039,A,0.08168,0.05847,0.0189,0,20232701850
338,2023271,1435,2023,271,14,35,NA,NA,T,NA,NA,NA,NA,20232711435
339,2023271,1615,2023,271,16,15,NA,NA,T,NA,NA,NA,NA,20232711615
340,2023271,1755,2023,271,17,55,NA,NA,A,NA,NA,NA,NA,20232711755
341,2023272,1340,2023,272,13,40,NA,NA,T,NA,NA,NA,NA,20232721340
342,2023272,1520,2023,272,15,20,NA,NA,T,NA,NA,NA,NA,20232721520
343,2023272,1700,2023,272,17,0,NA,NA,A,NA,NA,NA,NA,20232721700
344,2023272,1840,2023,272,18,40,NA,NA,A,NA,NA,NA,NA,20232721840
345,2023273,1420,2023,273,14,20,NA,NA,T,NA,NA,NA,NA,20232731420
346,2023273,1555,2023,273,15,55,NA,NA,T,NA,NA,NA,NA,20232731555
347,2023273,1740,2023,273,17,40,NA,NA,A,NA,NA,NA,NA,20232731740
348,2023273,1920,2023,273,19,20,NA,NA,A,NA,NA,NA,NA,20232731920
349,2023274,1325,2023,274,13,25,NA,NA,T,NA,NA,NA,NA,20232741325
350,2023274,1500,2023,274,15,0,39.0375,-76.88712039,T,0.11071,0.07931,0.0126,0,20232741500
351,2023274,1645,2023,274,16,45,NA,NA,A,NA,NA,NA,NA,20232741645
352,2023274,1825,2023,274,18,25,39.0375,-76.88712039,A,0.11354,0.08142,0.0212,0,20232741825
353,2023275,1405,2023,275,14,5,NA,NA,T,NA,NA,NA,NA,20232751405
354,2023275,1540,2023,275,15,40,39.0375,-76.88712039,T,0.15119,0.10849,0.0233,0,20232751540
355,2023275,1725,2023,275,17,25,NA,NA,A,NA,NA,NA,NA,20232751725
356,2023275,1905,2023,275,19,5,NA,NA,A,NA,NA,NA,NA,20232751905
357,2023276,1445,2023,276,14,45,39.0375,-76.83347696,T,0.13792,0.09896,0.0075,0,20232761445
358,2023276,1620,2023,276,16,20,39.0375,-76.79056222,T,0.20902,0.15035,0.0063,0,20232761620
359,2023276,1810,2023,276,18,10,38.99583333,-76.78821679,A,0.169,0.121,0.0125,0,20232761810
360,2023277,1345,2023,277,13,45,NA,NA,T,NA,NA,NA,NA,20232771345
361,2023277,1525,2023,277,15,25,39.0375,-76.88712039,T,0.17363,0.12463,0.0231,0,20232771525
362,2023277,1710,2023,277,17,10,NA,NA,A,NA,NA,NA,NA,20232771710
363,2023277,1850,2023,277,18,50,39.0375,-76.88712039,A,0.08072,0.0578,0.0184,0,20232771850
364,2023278,1430,2023,278,14,30,NA,NA,T,NA,NA,NA,NA,20232781430
365,2023278,1605,2023,278,16,5,NA,NA,T,NA,NA,NA,NA,20232781605
366,2023278,1755,2023,278,17,55,NA,NA,A,NA,NA,NA,NA,20232781755
367,2023278,1930,2023,278,19,30,NA,NA,A,NA,NA,NA,NA,20232781930
368,2023279,1330,2023,279,13,30,NA,NA,T,NA,NA,NA,NA,20232791330
369,2023279,1510,2023,279,15,10,NA,NA,T,NA,NA,NA,NA,20232791510
370,2023279,1655,2023,279,16,55,NA,NA,A,NA,NA,NA,NA,20232791655
371,2023279,1835,2023,279,18,35,NA,NA,A,NA,NA,NA,NA,20232791835
372,2023280,1410,2023,280,14,10,NA,NA,T,NA,NA,NA,NA,20232801410
373,2023280,1550,2023,280,15,50,NA,NA,T,NA,NA,NA,NA,20232801550
374,2023280,1740,2023,280,17,40,38.9875,-76.87566595,A,0.1873,0.13457,0.0051,0,20232801740
375,2023280,1915,2023,280,19,15,39.0375,-76.86566302,A,0.05412,0.03862,0.0077,0,20232801915
376,2023281,1450,2023,281,14,50,NA,NA,T,NA,NA,NA,NA,20232811450
377,2023281,1630,2023,281,16,30,NA,NA,T,NA,NA,NA,NA,20232811630
378,2023281,1640,2023,281,16,40,NA,NA,A,NA,NA,NA,NA,20232811640
379,2023281,1820,2023,281,18,20,NA,NA,A,NA,NA,NA,NA,20232811820
380,2023282,1355,2023,282,13,55,NA,NA,T,NA,NA,NA,NA,20232821355
381,2023282,1535,2023,282,15,35,NA,NA,T,NA,NA,NA,NA,20232821535
382,2023282,1725,2023,282,17,25,NA,NA,A,NA,NA,NA,NA,20232821725
383,2023282,1900,2023,282,19,0,NA,NA,A,NA,NA,NA,NA,20232821900
384,2023283,1435,2023,283,14,35,NA,NA,T,NA,NA,NA,NA,20232831435
385,2023283,1610,2023,283,16,10,39.0375,-76.88712039,T,0.16526,0.11855,0.0079,0,20232831610
386,2023283,1805,2023,283,18,5,NA,NA,A,NA,NA,NA,NA,20232831805
387,2023284,1340,2023,284,13,40,NA,NA,T,NA,NA,NA,NA,20232841340
388,2023284,1515,2023,284,15,15,39.0375,-76.88712039,T,0.05686,0.04061,0.0178,0,20232841515
389,2023284,1710,2023,284,17,10,NA,NA,A,NA,NA,NA,NA,20232841710
390,2023284,1845,2023,284,18,45,39.0375,-76.86566302,A,0.10172,0.07285,0.0176,0,20232841845
391,2023285,1420,2023,285,14,20,NA,NA,T,NA,NA,NA,NA,20232851420
392,2023285,1555,2023,285,15,55,39.0375,-76.88712039,T,0.10855,0.0778,0.0134,0,20232851555
393,2023285,1750,2023,285,17,50,39.0375,-76.88712039,A,0.08918,0.06377,0.0063,0,20232851750
394,2023285,1930,2023,285,19,30,NA,NA,A,NA,NA,NA,NA,20232851930
395,2023286,1320,2023,286,13,20,NA,NA,T,NA,NA,NA,NA,20232861320
396,2023286,1500,2023,286,15,0,39.0375,-76.88712039,T,0.1033,0.07403,0.0106,0,20232861500
397,2023286,1655,2023,286,16,55,NA,NA,A,NA,NA,NA,NA,20232861655
398,2023286,1830,2023,286,18,30,39.0375,-76.88712039,A,0.10787,0.07725,0.0211,0,20232861830
399,2023287,1400,2023,287,14,0,NA,NA,T,NA,NA,NA,NA,20232871400
400,2023287,1540,2023,287,15,40,NA,NA,T,NA,NA,NA,NA,20232871540
401,2023287,1735,2023,287,17,35,NA,NA,A,NA,NA,NA,NA,20232871735
402,2023287,1915,2023,287,19,15,NA,NA,A,NA,NA,NA,NA,20232871915
403,2023288,1445,2023,288,14,45,39.00416666,-76.85087945,T,0.1012,0.0724,0.0064,0,20232881445
404,2023288,1620,2023,288,16,20,39.0125,-76.82775937,T,0.22567,0.16267,0.0059,0,20232881620
405,2023288,1635,2023,288,16,35,NA,NA,A,NA,NA,NA,NA,20232881635
406,2023288,1820,2023,288,18,20,39.02083333,-76.89044471,A,0.246,0.177,0.0145,0,20232881820
407,2023289,1345,2023,289,13,45,NA,NA,T,NA,NA,NA,NA,20232891345
408,2023289,1525,2023,289,15,25,NA,NA,T,NA,NA,NA,NA,20232891525
409,2023289,1720,2023,289,17,20,NA,NA,A,NA,NA,NA,NA,20232891720
410,2023289,1900,2023,289,19,0,NA,NA,A,NA,NA,NA,NA,20232891900
411,2023290,1425,2023,290,14,25,NA,NA,T,NA,NA,NA,NA,20232901425
412,2023290,1605,2023,290,16,5,NA,NA,T,NA,NA,NA,NA,20232901605
413,2023290,1805,2023,290,18,5,NA,NA,A,NA,NA,NA,NA,20232901805
414,2023291,1330,2023,291,13,30,NA,NA,T,NA,NA,NA,NA,20232911330
415,2023291,1505,2023,291,15,5,39.0375,-76.88712039,T,0.10266,0.07353,0.0132,0,20232911505
416,2023291,1705,2023,291,17,5,NA,NA,A,NA,NA,NA,NA,20232911705
417,2023291,1845,2023,291,18,45,NA,NA,A,NA,NA,NA,NA,20232911845
418,2023292,1410,2023,292,14,10,NA,NA,T,NA,NA,NA,NA,20232921410
419,2023292,1545,2023,292,15,45,NA,NA,T,NA,NA,NA,NA,20232921545
420,2023292,1750,2023,292,17,50,38.97916666,-76.7915787,A,0.13,0.093,0.0052,0,20232921750
421,2023292,1925,2023,292,19,25,NA,NA,A,NA,NA,NA,NA,20232921925
422,2023293,1450,2023,293,14,50,NA,NA,T,NA,NA,NA,NA,20232931450
423,2023293,1625,2023,293,16,25,NA,NA,T,NA,NA,NA,NA,20232931625
424,2023293,1650,2023,293,16,50,NA,NA,A,NA,NA,NA,NA,20232931650
425,2023293,1830,2023,293,18,30,NA,NA,A,NA,NA,NA,NA,20232931830
426,2023294,1355,2023,294,13,55,NA,NA,T,NA,NA,NA,NA,20232941355
427,2023294,1530,2023,294,15,30,NA,NA,T,NA,NA,NA,NA,20232941530
428,2023294,1735,2023,294,17,35,NA,NA,A,NA,NA,NA,NA,20232941735
429,2023294,1910,2023,294,19,10,NA,NA,A,NA,NA,NA,NA,20232941910
430,2023295,1435,2023,295,14,35,NA,NA,T,NA,NA,NA,NA,20232951435
431,2023295,1610,2023,295,16,10,39.02916666,-76.88878193,T,0.16433,0.11833,0.0076,0,20232951610
432,2023295,1815,2023,295,18,15,39.0375,-76.88712039,A,0.05028,0.036,0.0122,0,20232951815
433,2023296,1335,2023,296,13,35,NA,NA,T,NA,NA,NA,NA,20232961335
434,2023296,1515,2023,296,15,15,39.0375,-76.88712039,T,0.03667,0.02617,0.016,0,20232961515
435,2023296,1720,2023,296,17,20,NA,NA,A,NA,NA,NA,NA,20232961720
436,2023296,1855,2023,296,18,55,39.0375,-76.88712039,A,0.01005,0.00703,0.0133,0,20232961855
437,2023297,1415,2023,297,14,15,NA,NA,T,NA,NA,NA,NA,20232971415
438,2023297,1555,2023,297,15,55,39.0375,-76.88712039,T,0.10064,0.07204,0.0128,0,20232971555
439,2023297,1800,2023,297,18,0,39.0375,-76.88712039,A,0.07252,0.05182,0.007,0,20232971800
440,2023298,1320,2023,298,13,20,NA,NA,T,NA,NA,NA,NA,20232981320
441,2023298,1455,2023,298,14,55,39.0375,-76.88712039,T,0.12154,0.08718,0.0094,0,20232981455
442,2023298,1635,2023,298,16,35,NA,NA,T,NA,NA,NA,NA,20232981635
443,2023298,1705,2023,298,17,5,NA,NA,A,NA,NA,NA,NA,20232981705
444,2023298,1840,2023,298,18,40,39.0375,-76.88712039,A,0.09304,0.0666,0.0184,0,20232981840
445,2023299,1400,2023,299,14,0,NA,NA,T,NA,NA,NA,NA,20232991400
446,2023299,1540,2023,299,15,40,39.0375,-76.88712039,T,0.13505,0.09688,0.0198,0,20232991540
447,2023299,1745,2023,299,17,45,NA,NA,A,NA,NA,NA,NA,20232991745
448,2023299,1925,2023,299,19,25,NA,NA,A,NA,NA,NA,NA,20232991925
449,2023300,1440,2023,300,14,40,39.0375,-76.88712039,T,0.10519,0.07541,0.0058,0,20233001440
450,2023300,1615,2023,300,16,15,NA,NA,T,NA,NA,NA,NA,20233001615
451,2023300,1650,2023,300,16,50,NA,NA,A,NA,NA,NA,NA,20233001650
452,2023300,1825,2023,300,18,25,NA,NA,A,NA,NA,NA,NA,20233001825
453,2023301,1345,2023,301,13,45,NA,NA,T,NA,NA,NA,NA,20233011345
454,2023301,1520,2023,301,15,20,NA,NA,T,NA,NA,NA,NA,20233011520
455,2023301,1730,2023,301,17,30,NA,NA,A,NA,NA,NA,NA,20233011730
456,2023301,1910,2023,301,19,10,39.0375,-76.88712039,A,0.06838,0.04886,0.0089,0,20233011910
457,2023302,1425,2023,302,14,25,NA,NA,T,NA,NA,NA,NA,20233021425
458,2023302,1600,2023,302,16,0,NA,NA,T,NA,NA,NA,NA,20233021600
459,2023302,1810,2023,302,18,10,NA,NA,A,NA,NA,NA,NA,20233021810
460,2023303,1325,2023,303,13,25,NA,NA,T,NA,NA,NA,NA,20233031325
461,2023303,1505,2023,303,15,5,NA,NA,T,NA,NA,NA,NA,20233031505
462,2023303,1715,2023,303,17,15,NA,NA,A,NA,NA,NA,NA,20233031715
463,2023303,1855,2023,303,18,55,NA,NA,A,NA,NA,NA,NA,20233031855
464,2023304,1405,2023,304,14,5,NA,NA,T,NA,NA,NA,NA,20233041405
465,2023304,1545,2023,304,15,45,39.0375,-76.88712039,T,0.15125,0.10875,0.0158,0,20233041545
466,2023304,1755,2023,304,17,55,NA,NA,A,NA,NA,NA,NA,20233041755
467,2023305,1450,2023,305,14,50,39.0375,-76.85493433,T,0.16267,0.1167,0.0065,0,20233051450
468,2023305,1625,2023,305,16,25,39.0375,-76.88712039,T,0.16642,0.11942,0.0044,0,20233051625
469,2023305,1700,2023,305,17,0,NA,NA,A,NA,NA,NA,NA,20233051700
470,2023305,1840,2023,305,18,40,39.02083333,-76.80463546,A,0.17157,0.12307,0.0159,0,20233051840
471,2023306,1350,2023,306,13,50,NA,NA,T,NA,NA,NA,NA,20233061350
472,2023306,1530,2023,306,15,30,39.0375,-76.88712039,T,0.11669,0.08364,0.0189,0,20233061530
473,2023306,1740,2023,306,17,40,39.0375,-76.88712039,A,0.04653,0.03316,0.0037,0,20233061740
474,2023306,1920,2023,306,19,20,38.97916666,-76.80229854,A,0.03472,0.02478,0.0057,0,20233061920
475,2023307,1430,2023,307,14,30,NA,NA,T,NA,NA,NA,NA,20233071430
476,2023307,1605,2023,307,16,5,39.0375,-76.88712039,T,0.07223,0.05164,0.007,0,20233071605
477,2023307,1645,2023,307,16,45,NA,NA,A,NA,NA,NA,NA,20233071645
478,2023307,1825,2023,307,18,25,39.0375,-76.88712039,A,0.04961,0.03544,0.0141,0,20233071825
479,2023308,1335,2023,308,13,35,NA,NA,T,NA,NA,NA,NA,20233081335
480,2023308,1510,2023,308,15,10,38.97083333,-76.78254291,T,0.1496,0.1072,0.0134,0,20233081510
481,2023308,1725,2023,308,17,25,NA,NA,A,NA,NA,NA,NA,20233081725
482,2023308,1905,2023,308,19,5,NA,NA,A,NA,NA,NA,NA,20233081905
483,2023309,1415,2023,309,14,15,NA,NA,T,NA,NA,NA,NA,20233091415
484,2023309,1550,2023,309,15,50,39.0375,-76.88712039,T,0.18484,0.1327,0.0121,0,20233091550
485,2023309,1810,2023,309,18,10,39.0375,-76.88712039,A,0.15718,0.11272,0.008,0,20233091810
486,2023310,1455,2023,310,14,55,NA,NA,T,NA,NA,NA,NA,20233101455
487,2023310,1630,2023,310,16,30,NA,NA,T,NA,NA,NA,NA,20233101630
488,2023310,1710,2023,310,17,10,NA,NA,A,NA,NA,NA,NA,20233101710
489,2023310,1850,2023,310,18,50,NA,NA,A,NA,NA,NA,NA,20233101850
490,2023311,1355,2023,311,13,55,NA,NA,T,NA,NA,NA,NA,20233111355
491,2023311,1535,2023,311,15,35,NA,NA,T,NA,NA,NA,NA,20233111535
492,2023311,1755,2023,311,17,55,NA,NA,A,NA,NA,NA,NA,20233111755
493,2023311,1930,2023,311,19,30,NA,NA,A,NA,NA,NA,NA,20233111930
494,2023312,1440,2023,312,14,40,NA,NA,T,NA,NA,NA,NA,20233121440
495,2023312,1615,2023,312,16,15,NA,NA,T,NA,NA,NA,NA,20233121615
496,2023312,1655,2023,312,16,55,NA,NA,A,NA,NA,NA,NA,20233121655
497,2023312,1835,2023,312,18,35,NA,NA,A,NA,NA,NA,NA,20233121835
498,2023313,1340,2023,313,13,40,NA,NA,T,NA,NA,NA,NA,20233131340
499,2023313,1520,2023,313,15,20,39.0375,-76.88712039,T,0.17831,0.12802,0.0159,0,20233131520
500,2023313,1740,2023,313,17,40,NA,NA,A,NA,NA,NA,NA,20233131740
501,2023313,1915,2023,313,19,15,NA,NA,A,NA,NA,NA,NA,20233131915
502,2023314,1420,2023,314,14,20,NA,NA,T,NA,NA,NA,NA,20233141420
503,2023314,1600,2023,314,16,0,NA,NA,T,NA,NA,NA,NA,20233141600
504,2023314,1640,2023,314,16,40,NA,NA,A,NA,NA,NA,NA,20233141640
505,2023314,1820,2023,314,18,20,NA,NA,A,NA,NA,NA,NA,20233141820
506,2023315,1325,2023,315,13,25,NA,NA,T,NA,NA,NA,NA,20233151325
507,2023315,1500,2023,315,15,0,39.0375,-76.80129091,T,0.0784,0.0562,0.0089,0,20233151500
508,2023315,1900,2023,315,19,0,39.02916666,-76.83514483,A,0.14267,0.102,0.0095,0,20233151900
509,2023316,1405,2023,316,14,5,NA,NA,T,NA,NA,NA,NA,20233161405
510,2023316,1540,2023,316,15,40,NA,NA,T,NA,NA,NA,NA,20233161540
511,2023316,1805,2023,316,18,5,39.0375,-76.88712039,A,0.12235,0.08772,0.0063,0,20233161805
512,2023317,1445,2023,317,14,45,39.0375,-76.88712039,T,0.14323,0.10268,0.0057,0,20233171445
513,2023317,1620,2023,317,16,20,39.0375,-76.88712039,T,0.11551,0.08281,0.0041,0,20233171620
514,2023317,1710,2023,317,17,10,NA,NA,A,NA,NA,NA,NA,20233171710
515,2023317,1845,2023,317,18,45,39.0375,-76.88712039,A,0.08413,0.0602,0.015,0,20233171845
516,2023318,1350,2023,318,13,50,NA,NA,T,NA,NA,NA,NA,20233181350
517,2023318,1525,2023,318,15,25,39.0375,-76.88712039,T,0.08694,0.06223,0.0167,0,20233181525
518,2023318,1750,2023,318,17,50,39.0375,-76.88712039,A,0.02238,0.01595,0.0038,0,20233181750
519,2023318,1925,2023,318,19,25,39.0375,-76.88712039,A,0.00043,0.00025,0.0044,0,20233181925
520,2023319,1430,2023,319,14,30,NA,NA,T,NA,NA,NA,NA,20233191430
521,2023319,1605,2023,319,16,5,NA,NA,T,NA,NA,NA,NA,20233191605
522,2023319,1650,2023,319,16,50,NA,NA,A,NA,NA,NA,NA,20233191650
523,2023319,1830,2023,319,18,30,NA,NA,A,NA,NA,NA,NA,20233191830
524,2023320,1330,2023,320,13,30,NA,NA,T,NA,NA,NA,NA,20233201330
525,2023320,1510,2023,320,15,10,39.0375,-76.88712039,T,0.08497,0.06083,0.0114,0,20233201510
526,2023320,1735,2023,320,17,35,NA,NA,A,NA,NA,NA,NA,20233201735
527,2023320,1910,2023,320,19,10,39.0375,-76.88712039,A,0.05107,0.03643,0.0068,0,20233201910
528,2023321,1410,2023,321,14,10,NA,NA,T,NA,NA,NA,NA,20233211410
529,2023321,1550,2023,321,15,50,NA,NA,T,NA,NA,NA,NA,20233211550
530,2023321,1815,2023,321,18,15,NA,NA,A,NA,NA,NA,NA,20233211815
531,2023322,1450,2023,322,14,50,NA,NA,T,NA,NA,NA,NA,20233221450
532,2023322,1630,2023,322,16,30,NA,NA,T,NA,NA,NA,NA,20233221630
533,2023322,1720,2023,322,17,20,NA,NA,A,NA,NA,NA,NA,20233221720
534,2023322,1855,2023,322,18,55,39.0375,-76.88712039,A,0.00677,0.00474,0.011,0,20233221855
535,2023323,1355,2023,323,13,55,NA,NA,T,NA,NA,NA,NA,20233231355
536,2023323,1535,2023,323,15,35,39.0375,-76.88712039,T,0.04359,0.03111,0.0164,0,20233231535
537,2023323,1800,2023,323,18,0,39.0375,-76.88712039,A,0.0312,0.02225,0.0052,0,20233231800
538,2023324,1435,2023,324,14,35,NA,NA,T,NA,NA,NA,NA,20233241435
539,2023324,1610,2023,324,16,10,NA,NA,T,NA,NA,NA,NA,20233241610
540,2023324,1705,2023,324,17,5,NA,NA,A,NA,NA,NA,NA,20233241705
541,2023324,1840,2023,324,18,40,NA,NA,A,NA,NA,NA,NA,20233241840
542,2023325,1340,2023,325,13,40,NA,NA,T,NA,NA,NA,NA,20233251340
543,2023325,1515,2023,325,15,15,NA,NA,T,NA,NA,NA,NA,20233251515
544,2023325,1745,2023,325,17,45,NA,NA,A,NA,NA,NA,NA,20233251745
545,2023325,1925,2023,325,19,25,NA,NA,A,NA,NA,NA,NA,20233251925
546,2023326,1420,2023,326,14,20,NA,NA,T,NA,NA,NA,NA,20233261420
547,2023326,1555,2023,326,15,55,39.0375,-76.79056222,T,0.10776,0.07718,0.0077,0,20233261555
548,2023326,1650,2023,326,16,50,NA,NA,A,NA,NA,NA,NA,20233261650
549,2023326,1825,2023,326,18,25,39.0375,-76.84420565,A,0.09994,0.07164,0.0119,0,20233261825
550,2023327,1320,2023,327,13,20,NA,NA,T,NA,NA,NA,NA,20233271320
551,2023327,1500,2023,327,15,0,39.0375,-76.88712039,T,0.06858,0.04899,0.0081,0,20233271500
552,2023327,1730,2023,327,17,30,NA,NA,A,NA,NA,NA,NA,20233271730
553,2023327,1910,2023,327,19,10,39.0375,-76.88712039,A,0.01536,0.01083,0.0075,0,20233271910
554,2023328,1400,2023,328,14,0,NA,NA,T,NA,NA,NA,NA,20233281400
555,2023328,1540,2023,328,15,40,38.9875,-76.89710815,T,0.217,0.156,0.0127,0,20233281540
556,2023328,1810,2023,328,18,10,NA,NA,A,NA,NA,NA,NA,20233281810
557,2023329,1440,2023,329,14,40,NA,NA,T,NA,NA,NA,NA,20233291440
558,2023329,1620,2023,329,16,20,39.0375,-76.88712039,T,0.04416,0.03156,0.0038,0,20233291620
559,2023329,1715,2023,329,17,15,NA,NA,A,NA,NA,NA,NA,20233291715
560,2023329,1855,2023,329,18,55,39.0375,-76.88712039,A,0.04859,0.03467,0.0119,0,20233291855
561,2023330,1345,2023,330,13,45,NA,NA,T,NA,NA,NA,NA,20233301345
562,2023330,1525,2023,330,15,25,NA,NA,T,NA,NA,NA,NA,20233301525
563,2023330,1755,2023,330,17,55,NA,NA,A,NA,NA,NA,NA,20233301755
564,2023330,1935,2023,330,19,35,NA,NA,A,NA,NA,NA,NA,20233301935
565,2023331,1425,2023,331,14,25,NA,NA,T,NA,NA,NA,NA,20233311425
566,2023331,1600,2023,331,16,0,NA,NA,T,NA,NA,NA,NA,20233311600
567,2023331,1700,2023,331,17,0,NA,NA,A,NA,NA,NA,NA,20233311700
568,2023331,1840,2023,331,18,40,38.9875,-76.84350264,A,0.147,0.106,0.0143,0,20233311840
569,2023332,1330,2023,332,13,30,NA,NA,T,NA,NA,NA,NA,20233321330
570,2023332,1505,2023,332,15,5,38.97916666,-76.83445806,T,0.15712,0.11279,0.0098,0,20233321505
571,2023332,1740,2023,332,17,40,NA,NA,A,NA,NA,NA,NA,20233321740
572,2023332,1920,2023,332,19,20,38.95416666,-76.81806288,A,0.066,0.047,0.0053,0,20233321920
573,2023333,1410,2023,333,14,10,NA,NA,T,NA,NA,NA,NA,20233331410
574,2023333,1545,2023,333,15,45,39.0375,-76.88712039,T,0.10935,0.07835,0.011,0,20233331545
575,2023333,1645,2023,333,16,45,NA,NA,A,NA,NA,NA,NA,20233331645
576,2023333,1825,2023,333,18,25,39.0375,-76.88712039,A,0.03069,0.02189,0.0108,0,20233331825
577,2023334,1450,2023,334,14,50,NA,NA,T,NA,NA,NA,NA,20233341450
578,2023334,1625,2023,334,16,25,NA,NA,T,NA,NA,NA,NA,20233341625
579,2023334,1725,2023,334,17,25,NA,NA,A,NA,NA,NA,NA,20233341725
580,2023334,1905,2023,334,19,5,NA,NA,A,NA,NA,NA,NA,20233341905
581,2023335,1350,2023,335,13,50,NA,NA,T,NA,NA,NA,NA,20233351350
582,2023335,1530,2023,335,15,30,NA,NA,T,NA,NA,NA,NA,20233351530
583,2023335,1805,2023,335,18,5,NA,NA,A,NA,NA,NA,NA,20233351805
584,2023336,1430,2023,336,14,30,NA,NA,T,NA,NA,NA,NA,20233361430
585,2023336,1610,2023,336,16,10,NA,NA,T,NA,NA,NA,NA,20233361610
586,2023336,1710,2023,336,17,10,NA,NA,A,NA,NA,NA,NA,20233361710
587,2023336,1850,2023,336,18,50,NA,NA,A,NA,NA,NA,NA,20233361850
588,2023337,1335,2023,337,13,35,NA,NA,T,NA,NA,NA,NA,20233371335
589,2023337,1515,2023,337,15,15,NA,NA,T,NA,NA,NA,NA,20233371515
590,2023337,1750,2023,337,17,50,NA,NA,A,NA,NA,NA,NA,20233371750
591,2023337,1930,2023,337,19,30,NA,NA,A,NA,NA,NA,NA,20233371930
592,2023338,1415,2023,338,14,15,NA,NA,T,NA,NA,NA,NA,20233381415
593,2023338,1555,2023,338,15,55,NA,NA,T,NA,NA,NA,NA,20233381555
594,2023338,1655,2023,338,16,55,NA,NA,A,NA,NA,NA,NA,20233381655
595,2023338,1835,2023,338,18,35,NA,NA,A,NA,NA,NA,NA,20233381835
596,2023339,1320,2023,339,13,20,NA,NA,T,NA,NA,NA,NA,20233391320
597,2023339,1455,2023,339,14,55,NA,NA,T,NA,NA,NA,NA,20233391455
598,2023339,1630,2023,339,16,30,NA,NA,T,NA,NA,NA,NA,20233391630
599,2023339,1735,2023,339,17,35,NA,NA,A,NA,NA,NA,NA,20233391735
600,2023339,1915,2023,339,19,15,NA,NA,A,NA,NA,NA,NA,20233391915
601,2023340,1400,2023,340,14,0,NA,NA,T,NA,NA,NA,NA,20233401400
602,2023340,1535,2023,340,15,35,NA,NA,T,NA,NA,NA,NA,20233401535
603,2023340,1820,2023,340,18,20,NA,NA,A,NA,NA,NA,NA,20233401820
604,2023341,1440,2023,341,14,40,NA,NA,T,NA,NA,NA,NA,20233411440
605,2023341,1615,2023,341,16,15,NA,NA,T,NA,NA,NA,NA,20233411615
606,2023341,1720,2023,341,17,20,NA,NA,A,NA,NA,NA,NA,20233411720
607,2023341,1900,2023,341,19,0,NA,NA,A,NA,NA,NA,NA,20233411900
608,2023342,1340,2023,342,13,40,NA,NA,T,NA,NA,NA,NA,20233421340
609,2023342,1520,2023,342,15,20,39.0375,-76.88712039,T,0.09666,0.06918,0.0137,0,20233421520
610,2023342,1805,2023,342,18,5,39.0375,-76.8763917,A,0.073,0.05237,0.0048,0,20233421805
611,2023343,1420,2023,343,14,20,NA,NA,T,NA,NA,NA,NA,20233431420
612,2023343,1600,2023,343,16,0,39.0375,-76.88712039,T,0.10051,0.072,0.006,0,20233431600
613,2023343,1705,2023,343,17,5,NA,NA,A,NA,NA,NA,NA,20233431705
614,2023343,1845,2023,343,18,45,39.0375,-76.8763917,A,0.11724,0.0841,0.0128,0,20233431845
615,2023344,1325,2023,344,13,25,NA,NA,T,NA,NA,NA,NA,20233441325
616,2023344,1505,2023,344,15,5,NA,NA,T,NA,NA,NA,NA,20233441505
617,2023344,1750,2023,344,17,50,NA,NA,A,NA,NA,NA,NA,20233441750
618,2023344,1925,2023,344,19,25,NA,NA,A,NA,NA,NA,NA,20233441925
619,2023345,1405,2023,345,14,5,NA,NA,T,NA,NA,NA,NA,20233451405
620,2023345,1545,2023,345,15,45,NA,NA,T,NA,NA,NA,NA,20233451545
621,2023345,1650,2023,345,16,50,NA,NA,A,NA,NA,NA,NA,20233451650
622,2023345,1830,2023,345,18,30,39.02083333,-76.89044471,A,0.0765,0.05472,0.0114,0,20233451830
623,2023346,1445,2023,346,14,45,39.0375,-76.88712039,T,0.06742,0.04815,0.0049,0,20233461445
624,2023346,1620,2023,346,16,20,39.0375,-76.88712039,T,0.03625,0.02585,0.0028,0,20233461620
625,2023346,1735,2023,346,17,35,NA,NA,A,NA,NA,NA,NA,20233461735
626,2023346,1910,2023,346,19,10,39.0375,-76.88712039,A,0.03043,0.02167,0.0065,0,20233461910
627,2023347,1350,2023,347,13,50,NA,NA,T,NA,NA,NA,NA,20233471350
628,2023347,1525,2023,347,15,25,38.95416666,-76.81806288,T,0.14225,0.10225,0.0124,0,20233471525
629,2023347,1815,2023,347,18,15,NA,NA,A,NA,NA,NA,NA,20233471815
630,2023348,1430,2023,348,14,30,NA,NA,T,NA,NA,NA,NA,20233481430
631,2023348,1605,2023,348,16,5,39.0375,-76.88712039,T,0.06403,0.04574,0.0046,0,20233481605
632,2023348,1715,2023,348,17,15,NA,NA,A,NA,NA,NA,NA,20233481715
633,2023348,1855,2023,348,18,55,39.0375,-76.88712039,A,0.05654,0.04038,0.011,0,20233481855
634,2023349,1330,2023,349,13,30,NA,NA,T,NA,NA,NA,NA,20233491330
635,2023349,1510,2023,349,15,10,39.0375,-76.88712039,T,0.08072,0.05776,0.0102,0,20233491510
636,2023349,1800,2023,349,18,0,39.0375,-76.88712039,A,0.02522,0.01792,0.0041,0,20233491800
637,2023350,1410,2023,350,14,10,NA,NA,T,NA,NA,NA,NA,20233501410
638,2023350,1550,2023,350,15,50,NA,NA,T,NA,NA,NA,NA,20233501550
639,2023350,1700,2023,350,17,0,NA,NA,A,NA,NA,NA,NA,20233501700
640,2023350,1840,2023,350,18,40,39.0375,-76.85493433,A,0.11371,0.08145,0.0123,0,20233501840
641,2023351,1455,2023,351,14,55,NA,NA,T,NA,NA,NA,NA,20233511455
642,2023351,1630,2023,351,16,30,NA,NA,T,NA,NA,NA,NA,20233511630
643,2023351,1745,2023,351,17,45,NA,NA,A,NA,NA,NA,NA,20233511745
644,2023351,1920,2023,351,19,20,NA,NA,A,NA,NA,NA,NA,20233511920
645,2023352,1355,2023,352,13,55,NA,NA,T,NA,NA,NA,NA,20233521355
646,2023352,1535,2023,352,15,35,NA,NA,T,NA,NA,NA,NA,20233521535
647,2023352,1645,2023,352,16,45,NA,NA,A,NA,NA,NA,NA,20233521645
648,2023352,1825,2023,352,18,25,NA,NA,A,NA,NA,NA,NA,20233521825
649,2023353,1435,2023,353,14,35,NA,NA,T,NA,NA,NA,NA,20233531435
650,2023353,1610,2023,353,16,10,NA,NA,T,NA,NA,NA,NA,20233531610
651,2023353,1730,2023,353,17,30,NA,NA,A,NA,NA,NA,NA,20233531730
652,2023353,1905,2023,353,19,5,NA,NA,A,NA,NA,NA,NA,20233531905
653,2023354,1340,2023,354,13,40,NA,NA,T,NA,NA,NA,NA,20233541340
654,2023354,1515,2023,354,15,15,39.0375,-76.88712039,T,0.08412,0.06016,0.0124,0,20233541515
655,2023354,1810,2023,354,18,10,39.0375,-76.88712039,A,0.04409,0.0314,0.0059,0,20233541810
656,2023355,1420,2023,355,14,20,NA,NA,T,NA,NA,NA,NA,20233551420
657,2023355,1555,2023,355,15,55,NA,NA,T,NA,NA,NA,NA,20233551555
658,2023355,1715,2023,355,17,15,NA,NA,A,NA,NA,NA,NA,20233551715
659,2023355,1850,2023,355,18,50,NA,NA,A,NA,NA,NA,NA,20233551850
660,2023356,1320,2023,356,13,20,NA,NA,T,NA,NA,NA,NA,20233561320
661,2023356,1755,2023,356,17,55,39.0375,-76.85493433,A,0.11396,0.08177,0.0035,0,20233561755
662,2023356,1930,2023,356,19,30,NA,NA,A,NA,NA,NA,NA,20233561930
663,2023357,1400,2023,357,14,0,NA,NA,T,NA,NA,NA,NA,20233571400
664,2023357,1540,2023,357,15,40,NA,NA,T,NA,NA,NA,NA,20233571540
665,2023357,1655,2023,357,16,55,NA,NA,A,NA,NA,NA,NA,20233571655
666,2023357,1835,2023,357,18,35,NA,NA,A,NA,NA,NA,NA,20233571835
667,2023358,1445,2023,358,14,45,NA,NA,T,NA,NA,NA,NA,20233581445
668,2023358,1620,2023,358,16,20,NA,NA,T,NA,NA,NA,NA,20233581620
669,2023358,1740,2023,358,17,40,NA,NA,A,NA,NA,NA,NA,20233581740
670,2023358,1915,2023,358,19,15,NA,NA,A,NA,NA,NA,NA,20233581915
671,2023359,1345,2023,359,13,45,NA,NA,T,NA,NA,NA,NA,20233591345
672,2023359,1525,2023,359,15,25,39.0375,-76.88712039,T,0.17971,0.12903,0.0136,0,20233591525
673,2023359,1820,2023,359,18,20,39.0375,-76.88712039,A,0.0834,0.05968,0.0086,0,20233591820
674,2023360,1425,2023,360,14,25,NA,NA,T,NA,NA,NA,NA,20233601425
675,2023360,1600,2023,360,16,0,NA,NA,T,NA,NA,NA,NA,20233601600
676,2023360,1725,2023,360,17,25,NA,NA,A,NA,NA,NA,NA,20233601725
677,2023360,1900,2023,360,19,0,NA,NA,A,NA,NA,NA,NA,20233601900
678,2023361,1330,2023,361,13,30,NA,NA,T,NA,NA,NA,NA,20233611330
679,2023361,1505,2023,361,15,5,NA,NA,T,NA,NA,NA,NA,20233611505
680,2023361,1805,2023,361,18,5,NA,NA,A,NA,NA,NA,NA,20233611805
681,2023362,1410,2023,362,14,10,NA,NA,T,NA,NA,NA,NA,20233621410
682,2023362,1545,2023,362,15,45,NA,NA,T,NA,NA,NA,NA,20233621545
683,2023362,1710,2023,362,17,10,NA,NA,A,NA,NA,NA,NA,20233621710
684,2023362,1845,2023,362,18,45,NA,NA,A,NA,NA,NA,NA,20233621845
685,2023363,1450,2023,363,14,50,39.02083333,-76.81536162,T,0.1475,0.106,0.0051,0,20233631450
686,2023363,1625,2023,363,16,25,NA,NA,T,NA,NA,NA,NA,20233631625
687,2023363,1750,2023,363,17,50,NA,NA,A,NA,NA,NA,NA,20233631750
688,2023363,1925,2023,363,19,25,39.0375,-76.82274828,A,0.10544,0.07556,0.004,0,20233631925
689,2023364,1350,2023,364,13,50,NA,NA,T,NA,NA,NA,NA,20233641350
690,2023364,1530,2023,364,15,30,NA,NA,T,NA,NA,NA,NA,20233641530
691,2023364,1650,2023,364,16,50,NA,NA,A,NA,NA,NA,NA,20233641650
692,2023364,1830,2023,364,18,30,NA,NA,A,NA,NA,NA,NA,20233641830
693,2023365,1430,2023,365,14,30,NA,NA,T,NA,NA,NA,NA,20233651430
694,2023365,1610,2023,365,16,10,NA,NA,T,NA,NA,NA,NA,20233651610
695,2023365,1735,2023,365,17,35,NA,NA,A,NA,NA,NA,NA,20233651735
696,2023365,1910,2023,365,19,10,NA,NA,A,NA,NA,NA,NA,20233651910
1,2024001,1335,2024,1,13,35,NA,NA,T,NA,NA,NA,NA,20240011335
2,2024001,1515,2024,1,15,15,NA,NA,T,NA,NA,NA,NA,20240011515
3,2024001,1815,2024,1,18,15,NA,NA,A,NA,NA,NA,NA,20240011815
4,2024002,1415,2024,2,14,15,NA,NA,T,NA,NA,NA,NA,20240021415
5,2024002,1720,2024,2,17,20,NA,NA,A,NA,NA,NA,NA,20240021720
6,2024002,1855,2024,2,18,55,39.0375,-76.88712039,A,0.03814,0.02725,0.0112,0,20240021855
7,2024003,1320,2024,3,13,20,NA,NA,T,NA,NA,NA,NA,20240031320
8,2024003,1455,2024,3,14,55,39.0375,-76.88712039,T,0.07587,0.05427,0.0068,0,20240031455
9,2024003,1800,2024,3,18,0,38.99583333,-76.89544044,A,0.061,0.04347,0.0044,0,20240031800
10,2024004,1400,2024,4,14,0,NA,NA,T,NA,NA,NA,NA,20240041400
11,2024004,1535,2024,4,15,35,NA,NA,T,NA,NA,NA,NA,20240041535
12,2024004,1705,2024,4,17,5,NA,NA,A,NA,NA,NA,NA,20240041705
13,2024004,1840,2024,4,18,40,NA,NA,A,NA,NA,NA,NA,20240041840
14,2024005,1440,2024,5,14,40,39.0375,-76.88712039,T,0.06907,0.04934,0.004,0,20240051440
15,2024005,1615,2024,5,16,15,39.0375,-76.85493433,T,0.0643,0.04593,0.0031,0,20240051615
16,2024005,1745,2024,5,17,45,NA,NA,A,NA,NA,NA,NA,20240051745
17,2024005,1920,2024,5,19,20,39.0375,-76.88712039,A,0.04108,0.02928,0.0052,0,20240051920
18,2024006,1340,2024,6,13,40,NA,NA,T,NA,NA,NA,NA,20240061340
19,2024006,1520,2024,6,15,20,NA,NA,T,NA,NA,NA,NA,20240061520
20,2024006,1645,2024,6,16,45,NA,NA,A,NA,NA,NA,NA,20240061645
21,2024006,1825,2024,6,18,25,NA,NA,A,NA,NA,NA,NA,20240061825
22,2024007,1420,2024,7,14,20,NA,NA,T,NA,NA,NA,NA,20240071420
23,2024007,1600,2024,7,16,0,39.0125,-76.79558469,T,0.13058,0.0936,0.0052,0,20240071600
24,2024007,1730,2024,7,17,30,NA,NA,A,NA,NA,NA,NA,20240071730
25,2024007,1905,2024,7,19,5,NA,NA,A,NA,NA,NA,NA,20240071905
26,2024008,1325,2024,8,13,25,NA,NA,T,NA,NA,NA,NA,20240081325
27,2024008,1505,2024,8,15,5,39.0375,-76.86566302,T,0.15514,0.11129,0.0081,0,20240081505
28,2024008,1810,2024,8,18,10,39.0375,-76.88712039,A,0.07754,0.05544,0.0066,0,20240081810
29,2024009,1405,2024,9,14,5,NA,NA,T,NA,NA,NA,NA,20240091405
30,2024009,1545,2024,9,15,45,NA,NA,T,NA,NA,NA,NA,20240091545
31,2024009,1715,2024,9,17,15,NA,NA,A,NA,NA,NA,NA,20240091715
32,2024009,1850,2024,9,18,50,NA,NA,A,NA,NA,NA,NA,20240091850
33,2024010,1445,2024,10,14,45,39.00416666,-76.78653768,T,0.03733,0.02664,0.0048,0,20240101445
34,2024010,1620,2024,10,16,20,NA,NA,T,NA,NA,NA,NA,20240101620
35,2024010,1755,2024,10,17,55,NA,NA,A,NA,NA,NA,NA,20240101755
36,2024010,1935,2024,10,19,35,NA,NA,A,NA,NA,NA,NA,20240101935
37,2024011,1350,2024,11,13,50,NA,NA,T,NA,NA,NA,NA,20240111350
38,2024011,1525,2024,11,15,25,39.0375,-76.88712039,T,0.08019,0.05737,0.0135,0,20240111525
39,2024011,1700,2024,11,17,0,NA,NA,A,NA,NA,NA,NA,20240111700
40,2024011,1835,2024,11,18,35,39.0375,-76.88712039,A,0.02345,0.01664,0.0144,0,20240111835
41,2024012,1430,2024,12,14,30,NA,NA,T,NA,NA,NA,NA,20240121430
42,2024012,1605,2024,12,16,5,NA,NA,T,NA,NA,NA,NA,20240121605
43,2024012,1740,2024,12,17,40,NA,NA,A,NA,NA,NA,NA,20240121740
44,2024012,1915,2024,12,19,15,NA,NA,A,NA,NA,NA,NA,20240121915
45,2024013,1330,2024,13,13,30,NA,NA,T,NA,NA,NA,NA,20240131330
46,2024013,1510,2024,13,15,10,NA,NA,T,NA,NA,NA,NA,20240131510
47,2024013,1820,2024,13,18,20,38.99583333,-76.89544044,A,0.07133,0.051,0.0096,0,20240131820
48,2024014,1410,2024,14,14,10,NA,NA,T,NA,NA,NA,NA,20240141410
49,2024014,1550,2024,14,15,50,39.0375,-76.88712039,T,0.09775,0.07001,0.0078,0,20240141550
50,2024014,1725,2024,14,17,25,NA,NA,A,NA,NA,NA,NA,20240141725
51,2024015,1450,2024,15,14,50,NA,NA,T,NA,NA,NA,NA,20240151450
52,2024015,1625,2024,15,16,25,NA,NA,T,NA,NA,NA,NA,20240151625
53,2024015,1805,2024,15,18,5,NA,NA,A,NA,NA,NA,NA,20240151805
54,2024016,1355,2024,16,13,55,NA,NA,T,NA,NA,NA,NA,20240161355
55,2024016,1530,2024,16,15,30,NA,NA,T,NA,NA,NA,NA,20240161530
56,2024016,1710,2024,16,17,10,NA,NA,A,NA,NA,NA,NA,20240161710
57,2024016,1845,2024,16,18,45,NA,NA,A,NA,NA,NA,NA,20240161845
58,2024017,1435,2024,17,14,35,39.0375,-76.81201959,T,0.4,0.2895,0.0036,0,20240171435
59,2024017,1610,2024,17,16,10,NA,NA,T,NA,NA,NA,NA,20240171610
60,2024017,1750,2024,17,17,50,NA,NA,A,NA,NA,NA,NA,20240171750
61,2024017,1930,2024,17,19,30,NA,NA,A,NA,NA,NA,NA,20240171930
62,2024018,1335,2024,18,13,35,NA,NA,T,NA,NA,NA,NA,20240181335
63,2024018,1515,2024,18,15,15,NA,NA,T,NA,NA,NA,NA,20240181515
64,2024018,1655,2024,18,16,55,NA,NA,A,NA,NA,NA,NA,20240181655
65,2024018,1830,2024,18,18,30,NA,NA,A,NA,NA,NA,NA,20240181830
66,2024019,1420,2024,19,14,20,NA,NA,T,NA,NA,NA,NA,20240191420
67,2024019,1555,2024,19,15,55,NA,NA,T,NA,NA,NA,NA,20240191555
68,2024019,1735,2024,19,17,35,NA,NA,A,NA,NA,NA,NA,20240191735
69,2024019,1910,2024,19,19,10,NA,NA,A,NA,NA,NA,NA,20240191910
70,2024020,1320,2024,20,13,20,NA,NA,T,NA,NA,NA,NA,20240201320
71,2024020,1500,2024,20,15,0,NA,NA,T,NA,NA,NA,NA,20240201500
72,2024020,1815,2024,20,18,15,NA,NA,A,NA,NA,NA,NA,20240201815
73,2024021,1400,2024,21,14,0,NA,NA,T,NA,NA,NA,NA,20240211400
74,2024021,1540,2024,21,15,40,NA,NA,T,NA,NA,NA,NA,20240211540
75,2024021,1720,2024,21,17,20,NA,NA,A,NA,NA,NA,NA,20240211720
76,2024021,1855,2024,21,18,55,NA,NA,A,NA,NA,NA,NA,20240211855
77,2024022,1440,2024,22,14,40,NA,NA,T,NA,NA,NA,NA,20240221440
78,2024022,1615,2024,22,16,15,NA,NA,T,NA,NA,NA,NA,20240221615
79,2024022,1800,2024,22,18,0,NA,NA,A,NA,NA,NA,NA,20240221800
80,2024022,1940,2024,22,19,40,NA,NA,A,NA,NA,NA,NA,20240221940
81,2024023,1345,2024,23,13,45,NA,NA,T,NA,NA,NA,NA,20240231345
82,2024023,1520,2024,23,15,20,NA,NA,T,NA,NA,NA,NA,20240231520
83,2024023,1705,2024,23,17,5,NA,NA,A,NA,NA,NA,NA,20240231705
84,2024023,1840,2024,23,18,40,NA,NA,A,NA,NA,NA,NA,20240231840
85,2024024,1425,2024,24,14,25,NA,NA,T,NA,NA,NA,NA,20240241425
86,2024024,1600,2024,24,16,0,NA,NA,T,NA,NA,NA,NA,20240241600
87,2024024,1745,2024,24,17,45,NA,NA,A,NA,NA,NA,NA,20240241745
88,2024024,1920,2024,24,19,20,NA,NA,A,NA,NA,NA,NA,20240241920
89,2024025,1325,2024,25,13,25,NA,NA,T,NA,NA,NA,NA,20240251325
90,2024025,1505,2024,25,15,5,NA,NA,T,NA,NA,NA,NA,20240251505
91,2024025,1645,2024,25,16,45,NA,NA,A,NA,NA,NA,NA,20240251645
92,2024025,1825,2024,25,18,25,NA,NA,A,NA,NA,NA,NA,20240251825
93,2024026,1410,2024,26,14,10,NA,NA,T,NA,NA,NA,NA,20240261410
94,2024026,1545,2024,26,15,45,NA,NA,T,NA,NA,NA,NA,20240261545
95,2024026,1730,2024,26,17,30,NA,NA,A,NA,NA,NA,NA,20240261730
96,2024026,1905,2024,26,19,5,39.0375,-76.82274828,A,0.12307,0.08829,NA,0,20240261905
97,2024027,1450,2024,27,14,50,39.0375,-76.88712039,T,0.06996,0.05009,NA,0,20240271450
98,2024027,1625,2024,27,16,25,NA,NA,T,NA,NA,NA,NA,20240271625
99,2024027,1810,2024,27,18,10,NA,NA,A,NA,NA,NA,NA,20240271810
100,2024028,1350,2024,28,13,50,NA,NA,T,NA,NA,NA,NA,20240281350
101,2024028,1530,2024,28,15,30,NA,NA,T,NA,NA,NA,NA,20240281530
102,2024028,1715,2024,28,17,15,NA,NA,A,NA,NA,NA,NA,20240281715
103,2024028,1850,2024,28,18,50,NA,NA,A,NA,NA,NA,NA,20240281850
104,2024029,1430,2024,29,14,30,NA,NA,T,NA,NA,NA,NA,20240291430
105,2024029,1605,2024,29,16,5,NA,NA,T,NA,NA,NA,NA,20240291605
106,2024029,1935,2024,29,19,35,NA,NA,A,NA,NA,NA,NA,20240291935
107,2024030,1335,2024,30,13,35,NA,NA,T,NA,NA,NA,NA,20240301335
108,2024030,1510,2024,30,15,10,NA,NA,T,NA,NA,NA,NA,20240301510
109,2024030,1700,2024,30,17,0,NA,NA,A,NA,NA,NA,NA,20240301700
110,2024030,1835,2024,30,18,35,NA,NA,A,NA,NA,NA,NA,20240301835
111,2024031,1415,2024,31,14,15,NA,NA,T,NA,NA,NA,NA,20240311415
112,2024031,1550,2024,31,15,50,NA,NA,T,NA,NA,NA,NA,20240311550
113,2024031,1735,2024,31,17,35,NA,NA,A,NA,NA,NA,NA,20240311735
114,2024032,1315,2024,32,13,15,NA,NA,T,NA,NA,NA,NA,20240321315
115,2024032,1455,2024,32,14,55,39.0375,-76.88712039,T,0.1144,0.08204,0.0075,0,20240321455
116,2024032,1820,2024,32,18,20,39.0375,-76.88712039,A,0.06762,0.04831,0.0111,0,20240321820
117,2024033,1355,2024,33,13,55,NA,NA,T,NA,NA,NA,NA,20240331355
118,2024033,1535,2024,33,15,35,NA,NA,T,NA,NA,NA,NA,20240331535
119,2024034,1435,2024,34,14,35,39.0375,-76.88712039,T,0.04957,0.03542,0.0046,0,20240341435
120,2024034,1615,2024,34,16,15,39.0375,-76.88712039,T,0.02353,0.01675,0.0037,0,20240341615
121,2024034,1805,2024,34,18,5,39.0375,-76.88712039,A,0.00927,0.00656,0.0065,0,20240341805
122,2024035,1340,2024,35,13,40,NA,NA,T,NA,NA,NA,NA,20240351340
123,2024035,1520,2024,35,15,20,39.0375,-76.88712039,T,0.02209,0.01572,0.016,0,20240351520
124,2024035,1710,2024,35,17,10,NA,NA,A,NA,NA,NA,NA,20240351710
125,2024035,1845,2024,35,18,45,39.0375,-76.88712039,A,0.01535,0.01086,0.0191,0,20240351845
126,2024036,1420,2024,36,14,20,NA,NA,T,NA,NA,NA,NA,20240361420
127,2024036,1555,2024,36,15,55,39.0375,-76.88712039,T,0.05891,0.04211,0.0067,0,20240361555
128,2024036,1750,2024,36,17,50,39.0375,-76.88712039,A,0.04231,0.03019,0.0044,0,20240361750
129,2024036,1925,2024,36,19,25,39.0375,-76.88712039,A,0.03942,0.02812,0.0062,0,20240361925
130,2024037,1500,2024,37,15,0,39.0375,-76.88712039,T,0.06962,0.04975,0.0102,0,20240371500
131,2024037,1650,2024,37,16,50,NA,NA,A,NA,NA,NA,NA,20240371650
132,2024037,1830,2024,37,18,30,39.0375,-76.88712039,A,0.04287,0.03061,0.0165,0,20240371830
133,2024038,1405,2024,38,14,5,NA,NA,T,NA,NA,NA,NA,20240381405
134,2024038,1540,2024,38,15,40,39.0375,-76.88712039,T,0.07265,0.05192,0.0129,0,20240381540
135,2024038,1735,2024,38,17,35,NA,NA,A,NA,NA,NA,NA,20240381735
136,2024038,1910,2024,38,19,10,39.0375,-76.88712039,A,0.04637,0.03309,0.0103,0,20240381910
137,2024039,1445,2024,39,14,45,NA,NA,T,NA,NA,NA,NA,20240391445
138,2024039,1620,2024,39,16,20,NA,NA,T,NA,NA,NA,NA,20240391620
139,2024039,1815,2024,39,18,15,NA,NA,A,NA,NA,NA,NA,20240391815
140,2024040,1345,2024,40,13,45,NA,NA,T,NA,NA,NA,NA,20240401345
141,2024040,1525,2024,40,15,25,NA,NA,T,NA,NA,NA,NA,20240401525
142,2024040,1720,2024,40,17,20,NA,NA,A,NA,NA,NA,NA,20240401720
143,2024040,1855,2024,40,18,55,39.0375,-76.88712039,A,0.08069,0.05769,0.017,0,20240401855
144,2024041,1425,2024,41,14,25,NA,NA,T,NA,NA,NA,NA,20240411425
145,2024041,1605,2024,41,16,5,NA,NA,T,NA,NA,NA,NA,20240411605
146,2024041,1800,2024,41,18,0,NA,NA,A,NA,NA,NA,NA,20240411800
147,2024041,1935,2024,41,19,35,NA,NA,A,NA,NA,NA,NA,20240411935
148,2024042,1330,2024,42,13,30,NA,NA,T,NA,NA,NA,NA,20240421330
149,2024042,1505,2024,42,15,5,NA,NA,T,NA,NA,NA,NA,20240421505
150,2024042,1700,2024,42,17,0,NA,NA,A,NA,NA,NA,NA,20240421700
151,2024042,1840,2024,42,18,40,NA,NA,A,NA,NA,NA,NA,20240421840
152,2024043,1410,2024,43,14,10,NA,NA,T,NA,NA,NA,NA,20240431410
153,2024043,1545,2024,43,15,45,NA,NA,T,NA,NA,NA,NA,20240431545
154,2024043,1745,2024,43,17,45,NA,NA,A,NA,NA,NA,NA,20240431745
155,2024043,1920,2024,43,19,20,NA,NA,A,NA,NA,NA,NA,20240431920
156,2024044,1450,2024,44,14,50,NA,NA,T,NA,NA,NA,NA,20240441450
157,2024044,1625,2024,44,16,25,NA,NA,T,NA,NA,NA,NA,20240441625
158,2024044,1645,2024,44,16,45,NA,NA,A,NA,NA,NA,NA,20240441645
159,2024044,1825,2024,44,18,25,NA,NA,A,NA,NA,NA,NA,20240441825
160,2024045,1350,2024,45,13,50,NA,NA,T,NA,NA,NA,NA,20240451350
161,2024045,1530,2024,45,15,30,39.0375,-76.84420565,T,0.123,0.08838,0.0177,0,20240451530
162,2024045,1730,2024,45,17,30,NA,NA,A,NA,NA,NA,NA,20240451730
163,2024045,1905,2024,45,19,5,39.0375,-76.88712039,A,0.04978,0.03552,0.0136,0,20240451905
164,2024046,1435,2024,46,14,35,NA,NA,T,NA,NA,NA,NA,20240461435
165,2024046,1610,2024,46,16,10,NA,NA,T,NA,NA,NA,NA,20240461610
166,2024046,1810,2024,46,18,10,NA,NA,A,NA,NA,NA,NA,20240461810
167,2024047,1335,2024,47,13,35,NA,NA,T,NA,NA,NA,NA,20240471335
168,2024047,1515,2024,47,15,15,NA,NA,T,NA,NA,NA,NA,20240471515
169,2024047,1710,2024,47,17,10,NA,NA,A,NA,NA,NA,NA,20240471710
170,2024047,1850,2024,47,18,50,NA,NA,A,NA,NA,NA,NA,20240471850
171,2024048,1415,2024,48,14,15,NA,NA,T,NA,NA,NA,NA,20240481415
172,2024048,1555,2024,48,15,55,38.97083333,-76.85757297,T,0.24414,0.17614,0.0089,0,20240481555
173,2024048,1755,2024,48,17,55,NA,NA,A,NA,NA,NA,NA,20240481755
174,2024048,1930,2024,48,19,30,39.0375,-76.88712039,A,0.14587,0.1046,0.0066,0,20240481930
175,2024049,1320,2024,49,13,20,NA,NA,T,NA,NA,NA,NA,20240491320
176,2024049,1455,2024,49,14,55,NA,NA,T,NA,NA,NA,NA,20240491455
177,2024049,1655,2024,49,16,55,NA,NA,A,NA,NA,NA,NA,20240491655
178,2024049,1835,2024,49,18,35,39.0375,-76.88712039,A,0.04916,0.03506,0.0214,0,20240491835
179,2024050,1400,2024,50,14,0,NA,NA,T,NA,NA,NA,NA,20240501400
180,2024050,1535,2024,50,15,35,39.0375,-76.88712039,T,0.14104,0.10122,0.0175,0,20240501535
181,2024050,1735,2024,50,17,35,NA,NA,A,NA,NA,NA,NA,20240501735
182,2024050,1915,2024,50,19,15,39.0375,-76.88712039,A,0.10412,0.07459,0.0107,0,20240501915
183,2024051,1615,2024,51,16,15,39.0375,-76.88712039,T,0.0967,0.06925,0.0044,0,20240511615
184,2024051,1820,2024,51,18,20,39.0375,-76.83347696,A,0.08624,0.06166,0.0123,0,20240511820
185,2024052,1340,2024,52,13,40,NA,NA,T,NA,NA,NA,NA,20240521340
186,2024052,1520,2024,52,15,20,39.0375,-76.88712039,T,0.15048,0.10803,0.0202,0,20240521520
187,2024052,1720,2024,52,17,20,NA,NA,A,NA,NA,NA,NA,20240521720
188,2024052,1900,2024,52,19,0,39.0375,-76.88712039,A,0.07356,0.05262,0.0178,0,20240521900
189,2024053,1420,2024,53,14,20,NA,NA,T,NA,NA,NA,NA,20240531420
190,2024053,1600,2024,53,16,0,NA,NA,T,NA,NA,NA,NA,20240531600
191,2024053,1805,2024,53,18,5,NA,NA,A,NA,NA,NA,NA,20240531805
192,2024054,1325,2024,54,13,25,NA,NA,T,NA,NA,NA,NA,20240541325
193,2024054,1505,2024,54,15,5,NA,NA,T,NA,NA,NA,NA,20240541505
194,2024054,1705,2024,54,17,5,NA,NA,A,NA,NA,NA,NA,20240541705
195,2024054,1845,2024,54,18,45,NA,NA,A,NA,NA,NA,NA,20240541845
196,2024055,1405,2024,55,14,5,NA,NA,T,NA,NA,NA,NA,20240551405
197,2024055,1540,2024,55,15,40,NA,NA,T,NA,NA,NA,NA,20240551540
198,2024055,1745,2024,55,17,45,NA,NA,A,NA,NA,NA,NA,20240551745
199,2024055,1925,2024,55,19,25,NA,NA,A,NA,NA,NA,NA,20240551925
200,2024056,1445,2024,56,14,45,39.0375,-76.88712039,T,0.08541,0.06114,0.0079,0,20240561445
201,2024056,1620,2024,56,16,20,NA,NA,T,NA,NA,NA,NA,20240561620
202,2024056,1650,2024,56,16,50,NA,NA,A,NA,NA,NA,NA,20240561650
203,2024056,1830,2024,56,18,30,39.0375,-76.88712039,A,0.14608,0.10486,0.0198,0,20240561830
204,2024057,1350,2024,57,13,50,NA,NA,T,NA,NA,NA,NA,20240571350
205,2024057,1525,2024,57,15,25,NA,NA,T,NA,NA,NA,NA,20240571525
206,2024057,1730,2024,57,17,30,NA,NA,A,NA,NA,NA,NA,20240571730
207,2024057,1910,2024,57,19,10,NA,NA,A,NA,NA,NA,NA,20240571910
208,2024058,1430,2024,58,14,30,NA,NA,T,NA,NA,NA,NA,20240581430
209,2024058,1605,2024,58,16,5,NA,NA,T,NA,NA,NA,NA,20240581605
210,2024058,1810,2024,58,18,10,NA,NA,A,NA,NA,NA,NA,20240581810
211,2024059,1330,2024,59,13,30,NA,NA,T,NA,NA,NA,NA,20240591330
212,2024059,1510,2024,59,15,10,NA,NA,T,NA,NA,NA,NA,20240591510
213,2024059,1715,2024,59,17,15,NA,NA,A,NA,NA,NA,NA,20240591715
214,2024059,1855,2024,59,18,55,NA,NA,A,NA,NA,NA,NA,20240591855
215,2024060,1410,2024,60,14,10,NA,NA,T,NA,NA,NA,NA,20240601410
216,2024060,1550,2024,60,15,50,39.0375,-76.88712039,T,0.09693,0.06947,0.0126,0,20240601550
217,2024060,1755,2024,60,17,55,39.0375,-76.88712039,A,0.05676,0.04058,0.0069,0,20240601755
218,2024060,1935,2024,60,19,35,39.0375,-76.88712039,A,0.03284,0.0234,0.0069,0,20240601935
219,2024061,1315,2024,61,13,15,NA,NA,T,NA,NA,NA,NA,20240611315
220,2024061,1450,2024,61,14,50,39.0375,-76.88712039,T,0.09058,0.06484,0.0103,0,20240611450
221,2024061,1700,2024,61,17,0,NA,NA,A,NA,NA,NA,NA,20240611700
222,2024061,1835,2024,61,18,35,NA,NA,A,NA,NA,NA,NA,20240611835
223,2024062,1355,2024,62,13,55,NA,NA,T,NA,NA,NA,NA,20240621355
224,2024062,1530,2024,62,15,30,NA,NA,T,NA,NA,NA,NA,20240621530
225,2024062,1740,2024,62,17,40,NA,NA,A,NA,NA,NA,NA,20240621740
226,2024062,1920,2024,62,19,20,NA,NA,A,NA,NA,NA,NA,20240621920
227,2024063,1435,2024,63,14,35,39.0375,-76.88712039,T,0.08107,0.05797,0.0064,0,20240631435
228,2024063,1610,2024,63,16,10,39.0375,-76.88712039,T,0.06726,0.04809,0.0058,0,20240631610
229,2024063,1820,2024,63,18,20,39.0375,-76.88712039,A,0.10757,0.07714,0.0169,0,20240631820
230,2024064,1335,2024,64,13,35,NA,NA,T,NA,NA,NA,NA,20240641335
231,2024064,1515,2024,64,15,15,NA,NA,T,NA,NA,NA,NA,20240641515
232,2024064,1725,2024,64,17,25,NA,NA,A,NA,NA,NA,NA,20240641725
233,2024064,1905,2024,64,19,5,NA,NA,A,NA,NA,NA,NA,20240641905
234,2024065,1420,2024,65,14,20,NA,NA,T,NA,NA,NA,NA,20240651420
235,2024065,1555,2024,65,15,55,NA,NA,T,NA,NA,NA,NA,20240651555
236,2024065,1805,2024,65,18,5,NA,NA,A,NA,NA,NA,NA,20240651805
237,2024066,1320,2024,66,13,20,NA,NA,T,NA,NA,NA,NA,20240661320
238,2024066,1500,2024,66,15,0,NA,NA,T,NA,NA,NA,NA,20240661500
239,2024066,1710,2024,66,17,10,NA,NA,A,NA,NA,NA,NA,20240661710
240,2024066,1845,2024,66,18,45,NA,NA,A,NA,NA,NA,NA,20240661845
241,2024067,1400,2024,67,14,0,NA,NA,T,NA,NA,NA,NA,20240671400
242,2024067,1540,2024,67,15,40,39.02916666,-76.86732709,T,0.29625,0.21375,0.0189,0,20240671540
243,2024067,1750,2024,67,17,50,NA,NA,A,NA,NA,NA,NA,20240671750
244,2024067,1930,2024,67,19,30,NA,NA,A,NA,NA,NA,NA,20240671930
245,2024068,1440,2024,68,14,40,38.9625,-76.85924942,T,0.16,0.1148,0.0082,0,20240681440
246,2024068,1615,2024,68,16,15,NA,NA,T,NA,NA,NA,NA,20240681615
247,2024068,1650,2024,68,16,50,NA,NA,A,NA,NA,NA,NA,20240681650
248,2024068,1830,2024,68,18,30,NA,NA,A,NA,NA,NA,NA,20240681830
249,2024069,1345,2024,69,13,45,NA,NA,T,NA,NA,NA,NA,20240691345
250,2024069,1520,2024,69,15,20,NA,NA,T,NA,NA,NA,NA,20240691520
251,2024069,1735,2024,69,17,35,NA,NA,A,NA,NA,NA,NA,20240691735
252,2024069,1910,2024,69,19,10,NA,NA,A,NA,NA,NA,NA,20240691910
253,2024070,1425,2024,70,14,25,NA,NA,T,NA,NA,NA,NA,20240701425
254,2024070,1600,2024,70,16,0,38.95416666,-76.839495,T,0.23033,0.16567,0.0086,0,20240701600
255,2024070,1815,2024,70,18,15,NA,NA,A,NA,NA,NA,NA,20240701815
256,2024071,1325,2024,71,13,25,NA,NA,T,NA,NA,NA,NA,20240711325
257,2024071,1505,2024,71,15,5,39.0375,-76.86566302,T,0.06138,0.0439,0.0166,0,20240711505
258,2024071,1720,2024,71,17,20,NA,NA,A,NA,NA,NA,NA,20240711720
259,2024071,1855,2024,71,18,55,39.0375,-76.88712039,A,0.02549,0.01816,0.0234,0,20240711855
260,2024072,1405,2024,72,14,5,NA,NA,T,NA,NA,NA,NA,20240721405
261,2024072,1545,2024,72,15,45,NA,NA,T,NA,NA,NA,NA,20240721545
262,2024072,1800,2024,72,18,0,39.0375,-76.85493433,A,0.11224,0.08048,0.0082,0,20240721800
263,2024072,1935,2024,72,19,35,NA,NA,A,NA,NA,NA,NA,20240721935
264,2024073,1445,2024,73,14,45,NA,NA,T,NA,NA,NA,NA,20240731445
265,2024073,1625,2024,73,16,25,NA,NA,T,NA,NA,NA,NA,20240731625
266,2024073,1700,2024,73,17,0,NA,NA,A,NA,NA,NA,NA,20240731700
267,2024073,1840,2024,73,18,40,39.0375,-76.88712039,A,0.21219,0.15273,0.0284,0,20240731840
268,2024074,1350,2024,74,13,50,NA,NA,T,NA,NA,NA,NA,20240741350
269,2024074,1530,2024,74,15,30,NA,NA,T,NA,NA,NA,NA,20240741530
270,2024074,1745,2024,74,17,45,NA,NA,A,NA,NA,NA,NA,20240741745
271,2024074,1920,2024,74,19,20,39.0375,-76.88712039,A,0.10811,0.07741,0.0109,0,20240741920
272,2024075,1430,2024,75,14,30,NA,NA,T,NA,NA,NA,NA,20240751430
273,2024075,1605,2024,75,16,5,NA,NA,T,NA,NA,NA,NA,20240751605
274,2024075,1825,2024,75,18,25,NA,NA,A,NA,NA,NA,NA,20240751825
275,2024076,1330,2024,76,13,30,NA,NA,T,NA,NA,NA,NA,20240761330
276,2024076,1510,2024,76,15,10,39.0375,-76.88712039,T,0.09175,0.06568,0.0215,0,20240761510
277,2024076,1730,2024,76,17,30,NA,NA,A,NA,NA,NA,NA,20240761730
278,2024076,1905,2024,76,19,5,39.0375,-76.88712039,A,0.06675,0.04775,0.0181,0,20240761905
279,2024077,1415,2024,77,14,15,NA,NA,T,NA,NA,NA,NA,20240771415
280,2024077,1550,2024,77,15,50,NA,NA,T,NA,NA,NA,NA,20240771550
281,2024077,1810,2024,77,18,10,38.9875,-76.88638705,A,0.162,0.11627,0.0113,0,20240771810
282,2024078,1315,2024,78,13,15,NA,NA,T,NA,NA,NA,NA,20240781315
283,2024078,1455,2024,78,14,55,39.02083333,-76.78318315,T,0.14191,0.10181,0.0126,0,20240781455
284,2024078,1710,2024,78,17,10,NA,NA,A,NA,NA,NA,NA,20240781710
285,2024078,1850,2024,78,18,50,39.0375,-76.88712039,A,0.10156,0.07283,0.0285,0,20240781850
286,2024079,1355,2024,79,13,55,NA,NA,T,NA,NA,NA,NA,20240791355
287,2024079,1535,2024,79,15,35,NA,NA,T,NA,NA,NA,NA,20240791535
288,2024079,1755,2024,79,17,55,39.0375,-76.88712039,A,0.06173,0.0441,0.0074,0,20240791755
289,2024079,1930,2024,79,19,30,39.0375,-76.88712039,A,0.07787,0.05569,0.0091,0,20240791930
290,2024080,1435,2024,80,14,35,39.0375,-76.88712039,T,0.24643,0.17771,0.0081,0,20240801435
291,2024080,1610,2024,80,16,10,39.0375,-76.88712039,T,0.09813,0.07028,0.0067,0,20240801610
292,2024080,1655,2024,80,16,55,NA,NA,A,NA,NA,NA,NA,20240801655
293,2024080,1835,2024,80,18,35,38.99583333,-76.89544044,A,0.171,0.122,0.0266,0,20240801835
294,2024081,1340,2024,81,13,40,NA,NA,T,NA,NA,NA,NA,20240811340
295,2024081,1515,2024,81,15,15,39.0375,-76.88712039,T,0.11265,0.08084,0.0272,0,20240811515
296,2024081,1735,2024,81,17,35,NA,NA,A,NA,NA,NA,NA,20240811735
297,2024081,1915,2024,81,19,15,NA,NA,A,NA,NA,NA,NA,20240811915
298,2024082,1420,2024,82,14,20,NA,NA,T,NA,NA,NA,NA,20240821420
299,2024082,1555,2024,82,15,55,NA,NA,T,NA,NA,NA,NA,20240821555
300,2024082,1820,2024,82,18,20,NA,NA,A,NA,NA,NA,NA,20240821820
301,2024083,1320,2024,83,13,20,NA,NA,T,NA,NA,NA,NA,20240831320
302,2024083,1500,2024,83,15,0,NA,NA,T,NA,NA,NA,NA,20240831500
303,2024083,1720,2024,83,17,20,NA,NA,A,NA,NA,NA,NA,20240831720
304,2024083,1900,2024,83,19,0,NA,NA,A,NA,NA,NA,NA,20240831900
305,2024084,1400,2024,84,14,0,NA,NA,T,NA,NA,NA,NA,20240841400
306,2024084,1540,2024,84,15,40,39.0375,-76.88712039,T,0.11449,0.08208,0.0222,0,20240841540
307,2024084,1800,2024,84,18,0,39.0375,-76.88712039,A,0.06353,0.04539,0.0097,0,20240841800
308,2024084,1940,2024,84,19,40,NA,NA,A,NA,NA,NA,NA,20240841940
309,2024085,1445,2024,85,14,45,39.0375,-76.88712039,T,0.10614,0.07609,0.0098,0,20240851445
310,2024085,1620,2024,85,16,20,39.0375,-76.88712039,T,0.05762,0.04119,0.0059,0,20240851620
311,2024085,1705,2024,85,17,5,NA,NA,A,NA,NA,NA,NA,20240851705
312,2024085,1845,2024,85,18,45,39.0375,-76.88712039,A,0.07486,0.05358,0.0308,0,20240851845
313,2024086,1345,2024,86,13,45,NA,NA,T,NA,NA,NA,NA,20240861345
314,2024086,1525,2024,86,15,25,NA,NA,T,NA,NA,NA,NA,20240861525
315,2024086,1745,2024,86,17,45,NA,NA,A,NA,NA,NA,NA,20240861745
316,2024086,1925,2024,86,19,25,NA,NA,A,NA,NA,NA,NA,20240861925
317,2024087,1425,2024,87,14,25,NA,NA,T,NA,NA,NA,NA,20240871425
318,2024087,1600,2024,87,16,0,NA,NA,T,NA,NA,NA,NA,20240871600
319,2024087,1645,2024,87,16,45,NA,NA,A,NA,NA,NA,NA,20240871645
320,2024087,1825,2024,87,18,25,NA,NA,A,NA,NA,NA,NA,20240871825
321,2024088,1330,2024,88,13,30,NA,NA,T,NA,NA,NA,NA,20240881330
322,2024088,1505,2024,88,15,5,NA,NA,T,NA,NA,NA,NA,20240881505
323,2024088,1730,2024,88,17,30,NA,NA,A,NA,NA,NA,NA,20240881730
324,2024088,1910,2024,88,19,10,NA,NA,A,NA,NA,NA,NA,20240881910
325,2024089,1410,2024,89,14,10,NA,NA,T,NA,NA,NA,NA,20240891410
326,2024089,1545,2024,89,15,45,NA,NA,T,NA,NA,NA,NA,20240891545
327,2024089,1810,2024,89,18,10,39.0375,-76.88712039,A,0.13151,0.09431,0.0135,0,20240891810
328,2024090,1450,2024,90,14,50,NA,NA,T,NA,NA,NA,NA,20240901450
329,2024090,1625,2024,90,16,25,NA,NA,T,NA,NA,NA,NA,20240901625
330,2024090,1715,2024,90,17,15,NA,NA,A,NA,NA,NA,NA,20240901715
331,2024090,1850,2024,90,18,50,NA,NA,A,NA,NA,NA,NA,20240901850
332,2024091,1350,2024,91,13,50,NA,NA,T,NA,NA,NA,NA,20240911350
333,2024091,1530,2024,91,15,30,NA,NA,T,NA,NA,NA,NA,20240911530
334,2024091,1755,2024,91,17,55,NA,NA,A,NA,NA,NA,NA,20240911755
335,2024091,1935,2024,91,19,35,NA,NA,A,NA,NA,NA,NA,20240911935
336,2024092,1430,2024,92,14,30,NA,NA,T,NA,NA,NA,NA,20240921430
337,2024092,1605,2024,92,16,5,NA,NA,T,NA,NA,NA,NA,20240921605
338,2024092,1655,2024,92,16,55,NA,NA,A,NA,NA,NA,NA,20240921655
339,2024092,1835,2024,92,18,35,NA,NA,A,NA,NA,NA,NA,20240921835
340,2024093,1335,2024,93,13,35,NA,NA,T,NA,NA,NA,NA,20240931335
341,2024093,1510,2024,93,15,10,NA,NA,T,NA,NA,NA,NA,20240931510
342,2024093,1740,2024,93,17,40,NA,NA,A,NA,NA,NA,NA,20240931740
343,2024093,1915,2024,93,19,15,NA,NA,A,NA,NA,NA,NA,20240931915
344,2024094,1415,2024,94,14,15,NA,NA,T,NA,NA,NA,NA,20240941415
345,2024094,1550,2024,94,15,50,NA,NA,T,NA,NA,NA,NA,20240941550
346,2024094,1820,2024,94,18,20,NA,NA,A,NA,NA,NA,NA,20240941820
347,2024095,1315,2024,95,13,15,NA,NA,T,NA,NA,NA,NA,20240951315
348,2024095,1455,2024,95,14,55,NA,NA,T,NA,NA,NA,NA,20240951455
349,2024095,1725,2024,95,17,25,NA,NA,A,NA,NA,NA,NA,20240951725
350,2024095,1900,2024,95,19,0,NA,NA,A,NA,NA,NA,NA,20240951900
351,2024096,1355,2024,96,13,55,NA,NA,T,NA,NA,NA,NA,20240961355
352,2024096,1535,2024,96,15,35,NA,NA,T,NA,NA,NA,NA,20240961535
353,2024096,1805,2024,96,18,5,NA,NA,A,NA,NA,NA,NA,20240961805
354,2024096,1940,2024,96,19,40,NA,NA,A,NA,NA,NA,NA,20240961940
355,2024097,1440,2024,97,14,40,39.0375,-76.88712039,T,0.363,0.26233,0.0096,0,20240971440
356,2024097,1615,2024,97,16,15,NA,NA,T,NA,NA,NA,NA,20240971615
357,2024097,1705,2024,97,17,5,NA,NA,A,NA,NA,NA,NA,20240971705
358,2024097,1845,2024,97,18,45,NA,NA,A,NA,NA,NA,NA,20240971845
359,2024098,1340,2024,98,13,40,NA,NA,T,NA,NA,NA,NA,20240981340
360,2024098,1520,2024,98,15,20,NA,NA,T,NA,NA,NA,NA,20240981520
361,2024098,1750,2024,98,17,50,39.0375,-76.80129091,A,0.087,0.062,0.0072,0,20240981750
362,2024098,1925,2024,98,19,25,39.0375,-76.84420565,A,0.0688,0.04927,0.0114,0,20240981925
363,2024099,1420,2024,99,14,20,NA,NA,T,NA,NA,NA,NA,20240991420
364,2024099,1555,2024,99,15,55,39.0375,-76.88712039,T,0.09731,0.06965,0.0134,0,20240991555
365,2024099,1650,2024,99,16,50,NA,NA,A,NA,NA,NA,NA,20240991650
366,2024099,1830,2024,99,18,30,NA,NA,A,NA,NA,NA,NA,20240991830
367,2024100,1320,2024,100,13,20,NA,NA,T,NA,NA,NA,NA,20241001320
368,2024100,1500,2024,100,15,0,NA,NA,T,NA,NA,NA,NA,20241001500
369,2024100,1730,2024,100,17,30,NA,NA,A,NA,NA,NA,NA,20241001730
370,2024100,1910,2024,100,19,10,NA,NA,A,NA,NA,NA,NA,20241001910
371,2024101,1405,2024,101,14,5,NA,NA,T,NA,NA,NA,NA,20241011405
372,2024101,1540,2024,101,15,40,39.0375,-76.88712039,T,0.29774,0.21497,0.0258,0,20241011540
373,2024101,1815,2024,101,18,15,NA,NA,A,NA,NA,NA,NA,20241011815
374,2024102,1445,2024,102,14,45,NA,NA,T,NA,NA,NA,NA,20241021445
375,2024102,1620,2024,102,16,20,NA,NA,T,NA,NA,NA,NA,20241021620
376,2024102,1715,2024,102,17,15,NA,NA,A,NA,NA,NA,NA,20241021715
377,2024103,1345,2024,103,13,45,NA,NA,T,NA,NA,NA,NA,20241031345
378,2024103,1525,2024,103,15,25,NA,NA,T,NA,NA,NA,NA,20241031525
379,2024103,1755,2024,103,17,55,NA,NA,A,NA,NA,NA,NA,20241031755
380,2024103,1935,2024,103,19,35,NA,NA,A,NA,NA,NA,NA,20241031935
381,2024104,1425,2024,104,14,25,NA,NA,T,NA,NA,NA,NA,20241041425
382,2024104,1600,2024,104,16,0,39.02083333,-76.89044471,T,0.1451,0.1039,0.0112,0,20241041600
383,2024104,1700,2024,104,17,0,NA,NA,A,NA,NA,NA,NA,20241041700
384,2024104,1835,2024,104,18,35,39.0375,-76.8763917,A,0.06006,0.04294,0.032,0,20241041835
385,2024105,1330,2024,105,13,30,NA,NA,T,NA,NA,NA,NA,20241051330
386,2024105,1505,2024,105,15,5,39.0375,-76.88712039,T,0.23587,0.1699,0.0234,0,20241051505
387,2024105,1740,2024,105,17,40,NA,NA,A,NA,NA,NA,NA,20241051740
388,2024105,1920,2024,105,19,20,39.0375,-76.88712039,A,0.16011,0.11484,0.0146,0,20241051920
389,2024106,1410,2024,106,14,10,NA,NA,T,NA,NA,NA,NA,20241061410
390,2024106,1545,2024,106,15,45,NA,NA,T,NA,NA,NA,NA,20241061545
391,2024106,1820,2024,106,18,20,NA,NA,A,NA,NA,NA,NA,20241061820
392,2024107,1310,2024,107,13,10,NA,NA,T,NA,NA,NA,NA,20241071310
393,2024107,1450,2024,107,14,50,39.02083333,-76.89044471,T,0.25335,0.18246,0.0142,0,20241071450
394,2024107,1725,2024,107,17,25,NA,NA,A,NA,NA,NA,NA,20241071725
395,2024107,1900,2024,107,19,0,39.02916666,-76.83514483,A,0.235,0.16918,0.0231,0,20241071900
396,2024108,1350,2024,108,13,50,NA,NA,T,NA,NA,NA,NA,20241081350
397,2024108,1530,2024,108,15,30,NA,NA,T,NA,NA,NA,NA,20241081530
398,2024108,1805,2024,108,18,5,NA,NA,A,NA,NA,NA,NA,20241081805
399,2024108,1945,2024,108,19,45,NA,NA,A,NA,NA,NA,NA,20241081945
400,2024109,1430,2024,109,14,30,NA,NA,T,NA,NA,NA,NA,20241091430
401,2024109,1610,2024,109,16,10,NA,NA,T,NA,NA,NA,NA,20241091610
402,2024109,1710,2024,109,17,10,NA,NA,A,NA,NA,NA,NA,20241091710
403,2024109,1845,2024,109,18,45,39.0375,-76.84420565,A,0.27895,0.201,0.0351,0,20241091845
404,2024110,1335,2024,110,13,35,NA,NA,T,NA,NA,NA,NA,20241101335
405,2024110,1510,2024,110,15,10,NA,NA,T,NA,NA,NA,NA,20241101510
406,2024110,1750,2024,110,17,50,NA,NA,A,NA,NA,NA,NA,20241101750
407,2024110,1925,2024,110,19,25,NA,NA,A,NA,NA,NA,NA,20241101925
408,2024111,1415,2024,111,14,15,NA,NA,T,NA,NA,NA,NA,20241111415
409,2024111,1550,2024,111,15,50,NA,NA,T,NA,NA,NA,NA,20241111550
410,2024111,1650,2024,111,16,50,NA,NA,A,NA,NA,NA,NA,20241111650
411,2024111,1830,2024,111,18,30,39.0375,-76.88712039,A,0.12659,0.09079,0.0285,0,20241111830
412,2024112,1315,2024,112,13,15,NA,NA,T,NA,NA,NA,NA,20241121315
413,2024112,1455,2024,112,14,55,NA,NA,T,NA,NA,NA,NA,20241121455
414,2024112,1735,2024,112,17,35,NA,NA,A,NA,NA,NA,NA,20241121735
415,2024112,1910,2024,112,19,10,NA,NA,A,NA,NA,NA,NA,20241121910
416,2024113,1400,2024,113,14,0,NA,NA,T,NA,NA,NA,NA,20241131400
417,2024113,1535,2024,113,15,35,39.0375,-76.88712039,T,0.18926,0.13599,0.0313,0,20241131535
418,2024113,1815,2024,113,18,15,39.0375,-76.88712039,A,0.14511,0.10407,0.0157,0,20241131815
419,2024114,1440,2024,114,14,40,39.0375,-76.88712039,T,0.20407,0.14683,0.0108,0,20241141440
420,2024114,1615,2024,114,16,15,39.0375,-76.88712039,T,0.09094,0.06508,0.0083,0,20241141615
421,2024114,1715,2024,114,17,15,NA,NA,A,NA,NA,NA,NA,20241141715
422,2024114,1855,2024,114,18,55,NA,NA,A,NA,NA,NA,NA,20241141855
423,2024115,1340,2024,115,13,40,NA,NA,T,NA,NA,NA,NA,20241151340
424,2024115,1520,2024,115,15,20,NA,NA,T,NA,NA,NA,NA,20241151520
425,2024115,1800,2024,115,18,0,NA,NA,A,NA,NA,NA,NA,20241151800
426,2024115,1935,2024,115,19,35,NA,NA,A,NA,NA,NA,NA,20241151935
427,2024116,1420,2024,116,14,20,NA,NA,T,NA,NA,NA,NA,20241161420
428,2024116,1555,2024,116,15,55,NA,NA,T,NA,NA,NA,NA,20241161555
429,2024116,1700,2024,116,17,0,NA,NA,A,NA,NA,NA,NA,20241161700
430,2024116,1840,2024,116,18,40,NA,NA,A,NA,NA,NA,NA,20241161840
431,2024117,1325,2024,117,13,25,NA,NA,T,NA,NA,NA,NA,20241171325
432,2024117,1500,2024,117,15,0,NA,NA,T,NA,NA,NA,NA,20241171500
433,2024117,1740,2024,117,17,40,NA,NA,A,NA,NA,NA,NA,20241171740
434,2024117,1920,2024,117,19,20,39.0375,-76.88712039,A,0.22787,0.16415,0.0151,0,20241171920
435,2024118,1405,2024,118,14,5,NA,NA,T,NA,NA,NA,NA,20241181405
436,2024118,1540,2024,118,15,40,NA,NA,T,NA,NA,NA,NA,20241181540
437,2024118,1820,2024,118,18,20,NA,NA,A,NA,NA,NA,NA,20241181820
438,2024119,1445,2024,119,14,45,39.0375,-76.88712039,T,0.33001,0.23869,0.0131,0,20241191445
439,2024119,1620,2024,119,16,20,NA,NA,T,NA,NA,NA,NA,20241191620
440,2024119,1725,2024,119,17,25,NA,NA,A,NA,NA,NA,NA,20241191725
441,2024119,1905,2024,119,19,5,39.0375,-76.88712039,A,0.30835,0.22274,0.0235,0,20241191905
442,2024120,1345,2024,120,13,45,NA,NA,T,NA,NA,NA,NA,20241201345
443,2024120,1525,2024,120,15,25,39.0375,-76.88712039,T,0.29856,0.21549,0.0349,0,20241201525
444,2024120,1805,2024,120,18,5,NA,NA,A,NA,NA,NA,NA,20241201805
445,2024120,1945,2024,120,19,45,NA,NA,A,NA,NA,NA,NA,20241201945
446,2024121,1425,2024,121,14,25,NA,NA,T,NA,NA,NA,NA,20241211425
447,2024121,1605,2024,121,16,5,38.97916666,-76.8451779,T,0.24816,0.17884,0.012,0,20241211605
448,2024121,1710,2024,121,17,10,NA,NA,A,NA,NA,NA,NA,20241211710
449,2024121,1845,2024,121,18,45,NA,NA,A,NA,NA,NA,NA,20241211845
450,2024122,1330,2024,122,13,30,NA,NA,T,NA,NA,NA,NA,20241221330
451,2024122,1505,2024,122,15,5,38.9875,-76.85422374,T,0.333,0.241,0.0267,0,20241221505
452,2024122,1750,2024,122,17,50,NA,NA,A,NA,NA,NA,NA,20241221750
453,2024122,1925,2024,122,19,25,39.0375,-76.88712039,A,0.116,0.08314,0.0123,0,20241221925
454,2024123,1410,2024,123,14,10,NA,NA,T,NA,NA,NA,NA,20241231410
455,2024123,1545,2024,123,15,45,39.0375,-76.88712039,T,0.19435,0.13972,0.0217,0,20241231545
456,2024123,1650,2024,123,16,50,NA,NA,A,NA,NA,NA,NA,20241231650
457,2024123,1830,2024,123,18,30,39.00416666,-76.79726131,A,0.22225,0.16,0.0273,0,20241231830
458,2024124,1310,2024,124,13,10,NA,NA,T,NA,NA,NA,NA,20241241310
459,2024124,1450,2024,124,14,50,NA,NA,T,NA,NA,NA,NA,20241241450
460,2024124,1735,2024,124,17,35,NA,NA,A,NA,NA,NA,NA,20241241735
461,2024124,1910,2024,124,19,10,NA,NA,A,NA,NA,NA,NA,20241241910
462,2024125,1350,2024,125,13,50,NA,NA,T,NA,NA,NA,NA,20241251350
463,2024125,1530,2024,125,15,30,NA,NA,T,NA,NA,NA,NA,20241251530
464,2024125,1815,2024,125,18,15,NA,NA,A,NA,NA,NA,NA,20241251815
465,2024126,1430,2024,126,14,30,NA,NA,T,NA,NA,NA,NA,20241261430
466,2024126,1610,2024,126,16,10,NA,NA,T,NA,NA,NA,NA,20241261610
467,2024126,1715,2024,126,17,15,NA,NA,A,NA,NA,NA,NA,20241261715
468,2024126,1855,2024,126,18,55,NA,NA,A,NA,NA,NA,NA,20241261855
469,2024127,1335,2024,127,13,35,NA,NA,T,NA,NA,NA,NA,20241271335
470,2024127,1510,2024,127,15,10,NA,NA,T,NA,NA,NA,NA,20241271510
471,2024127,1800,2024,127,18,0,NA,NA,A,NA,NA,NA,NA,20241271800
472,2024127,1935,2024,127,19,35,NA,NA,A,NA,NA,NA,NA,20241271935
473,2024128,1415,2024,128,14,15,NA,NA,T,NA,NA,NA,NA,20241281415
474,2024128,1550,2024,128,15,50,NA,NA,T,NA,NA,NA,NA,20241281550
475,2024128,1700,2024,128,17,0,NA,NA,A,NA,NA,NA,NA,20241281700
476,2024128,1840,2024,128,18,40,NA,NA,A,NA,NA,NA,NA,20241281840
477,2024129,1315,2024,129,13,15,NA,NA,T,NA,NA,NA,NA,20241291315
478,2024129,1455,2024,129,14,55,NA,NA,T,NA,NA,NA,NA,20241291455
479,2024129,1740,2024,129,17,40,NA,NA,A,NA,NA,NA,NA,20241291740
480,2024129,1920,2024,129,19,20,NA,NA,A,NA,NA,NA,NA,20241291920
481,2024130,1355,2024,130,13,55,NA,NA,T,NA,NA,NA,NA,20241301355
482,2024130,1535,2024,130,15,35,NA,NA,T,NA,NA,NA,NA,20241301535
483,2024130,1820,2024,130,18,20,NA,NA,A,NA,NA,NA,NA,20241301820
484,2024131,1440,2024,131,14,40,NA,NA,T,NA,NA,NA,NA,20241311440
485,2024131,1615,2024,131,16,15,NA,NA,T,NA,NA,NA,NA,20241311615
486,2024131,1725,2024,131,17,25,NA,NA,A,NA,NA,NA,NA,20241311725
487,2024131,1905,2024,131,19,5,NA,NA,A,NA,NA,NA,NA,20241311905
488,2024132,1340,2024,132,13,40,NA,NA,T,NA,NA,NA,NA,20241321340
489,2024132,1520,2024,132,15,20,NA,NA,T,NA,NA,NA,NA,20241321520
490,2024132,1805,2024,132,18,5,NA,NA,A,NA,NA,NA,NA,20241321805
491,2024132,1945,2024,132,19,45,NA,NA,A,NA,NA,NA,NA,20241321945
492,2024133,1420,2024,133,14,20,NA,NA,T,NA,NA,NA,NA,20241331420
493,2024133,1555,2024,133,15,55,NA,NA,T,NA,NA,NA,NA,20241331555
494,2024133,1710,2024,133,17,10,NA,NA,A,NA,NA,NA,NA,20241331710
495,2024133,1845,2024,133,18,45,NA,NA,A,NA,NA,NA,NA,20241331845
496,2024134,1325,2024,134,13,25,NA,NA,T,NA,NA,NA,NA,20241341325
497,2024134,1500,2024,134,15,0,39.0375,-76.88712039,T,0.23734,0.17094,0.0225,0,20241341500
498,2024134,1750,2024,134,17,50,NA,NA,A,NA,NA,NA,NA,20241341750
499,2024134,1925,2024,134,19,25,39.0375,-76.88712039,A,0.13556,0.09719,0.0131,0,20241341925
500,2024135,1405,2024,135,14,5,NA,NA,T,NA,NA,NA,NA,20241351405
501,2024135,1540,2024,135,15,40,NA,NA,T,NA,NA,NA,NA,20241351540
502,2024135,1650,2024,135,16,50,NA,NA,A,NA,NA,NA,NA,20241351650
503,2024135,1830,2024,135,18,30,NA,NA,A,NA,NA,NA,NA,20241351830
504,2024136,1445,2024,136,14,45,NA,NA,T,NA,NA,NA,NA,20241361445
505,2024136,1620,2024,136,16,20,NA,NA,T,NA,NA,NA,NA,20241361620
506,2024136,1735,2024,136,17,35,NA,NA,A,NA,NA,NA,NA,20241361735
507,2024136,1910,2024,136,19,10,NA,NA,A,NA,NA,NA,NA,20241361910
508,2024137,1345,2024,137,13,45,NA,NA,T,NA,NA,NA,NA,20241371345
509,2024137,1525,2024,137,15,25,NA,NA,T,NA,NA,NA,NA,20241371525
510,2024137,1815,2024,137,18,15,NA,NA,A,NA,NA,NA,NA,20241371815
511,2024138,1425,2024,138,14,25,NA,NA,T,NA,NA,NA,NA,20241381425
512,2024138,1600,2024,138,16,0,NA,NA,T,NA,NA,NA,NA,20241381600
513,2024138,1715,2024,138,17,15,NA,NA,A,NA,NA,NA,NA,20241381715
514,2024138,1855,2024,138,18,55,NA,NA,A,NA,NA,NA,NA,20241381855
515,2024139,1330,2024,139,13,30,NA,NA,T,NA,NA,NA,NA,20241391330
516,2024139,1505,2024,139,15,5,NA,NA,T,NA,NA,NA,NA,20241391505
517,2024139,1800,2024,139,18,0,NA,NA,A,NA,NA,NA,NA,20241391800
518,2024139,1935,2024,139,19,35,NA,NA,A,NA,NA,NA,NA,20241391935
519,2024140,1410,2024,140,14,10,NA,NA,T,NA,NA,NA,NA,20241401410
520,2024140,1545,2024,140,15,45,NA,NA,T,NA,NA,NA,NA,20241401545
521,2024140,1700,2024,140,17,0,NA,NA,A,NA,NA,NA,NA,20241401700
522,2024140,1840,2024,140,18,40,NA,NA,A,NA,NA,NA,NA,20241401840
523,2024141,1310,2024,141,13,10,NA,NA,T,NA,NA,NA,NA,20241411310
524,2024141,1450,2024,141,14,50,NA,NA,T,NA,NA,NA,NA,20241411450
525,2024141,1740,2024,141,17,40,NA,NA,A,NA,NA,NA,NA,20241411740
526,2024141,1920,2024,141,19,20,NA,NA,A,NA,NA,NA,NA,20241411920
527,2024142,1350,2024,142,13,50,NA,NA,T,NA,NA,NA,NA,20241421350
528,2024142,1530,2024,142,15,30,39.0375,-76.88712039,T,0.23025,0.16578,0.0376,0,20241421530
529,2024142,1820,2024,142,18,20,NA,NA,A,NA,NA,NA,NA,20241421820
530,2024143,1430,2024,143,14,30,39.0375,-76.88712039,T,0.28666,0.20664,0.0102,0,20241431430
531,2024143,1605,2024,143,16,5,39.0375,-76.88712039,T,0.21221,0.15284,0.011,0,20241431605
532,2024143,1725,2024,143,17,25,NA,NA,A,NA,NA,NA,NA,20241431725
533,2024143,1900,2024,143,19,0,NA,NA,A,NA,NA,NA,NA,20241431900
534,2024144,1335,2024,144,13,35,NA,NA,T,NA,NA,NA,NA,20241441335
535,2024144,1510,2024,144,15,10,NA,NA,T,NA,NA,NA,NA,20241441510
536,2024144,1805,2024,144,18,5,NA,NA,A,NA,NA,NA,NA,20241441805
537,2024144,1945,2024,144,19,45,NA,NA,A,NA,NA,NA,NA,20241441945
538,2024145,1415,2024,145,14,15,NA,NA,T,NA,NA,NA,NA,20241451415
539,2024145,1550,2024,145,15,50,39.0375,-76.88712039,T,0.31236,0.2258,0.0186,0,20241451550
540,2024145,1710,2024,145,17,10,NA,NA,A,NA,NA,NA,NA,20241451710
541,2024145,1845,2024,145,18,45,38.97083333,-76.78254291,A,0.3505,0.253,0.036,0,20241451845
542,2024146,1315,2024,146,13,15,NA,NA,T,NA,NA,NA,NA,20241461315
543,2024146,1455,2024,146,14,55,NA,NA,T,NA,NA,NA,NA,20241461455
544,2024146,1750,2024,146,17,50,NA,NA,A,NA,NA,NA,NA,20241461750
545,2024146,1925,2024,146,19,25,NA,NA,A,NA,NA,NA,NA,20241461925
546,2024147,1355,2024,147,13,55,NA,NA,T,NA,NA,NA,NA,20241471355
547,2024147,1535,2024,147,15,35,39.0375,-76.88712039,T,0.3033,0.21902,0.0338,0,20241471535
548,2024147,1830,2024,147,18,30,NA,NA,A,NA,NA,NA,NA,20241471830
549,2024148,1435,2024,148,14,35,NA,NA,T,NA,NA,NA,NA,20241481435
550,2024148,1610,2024,148,16,10,NA,NA,T,NA,NA,NA,NA,20241481610
551,2024148,1730,2024,148,17,30,NA,NA,A,NA,NA,NA,NA,20241481730
552,2024148,1910,2024,148,19,10,NA,NA,A,NA,NA,NA,NA,20241481910
553,2024149,1340,2024,149,13,40,NA,NA,T,NA,NA,NA,NA,20241491340
554,2024149,1515,2024,149,15,15,38.99583333,-76.87399571,T,0.37093,0.26856,0.0366,0,20241491515
555,2024149,1815,2024,149,18,15,39.00416666,-76.79726131,A,0.3405,0.2465,0.0158,0,20241491815
556,2024150,1420,2024,150,14,20,NA,NA,T,NA,NA,NA,NA,20241501420
557,2024150,1555,2024,150,15,55,38.95416666,-76.89307529,T,0.3285,0.238,0.017,0,20241501555
558,2024150,1715,2024,150,17,15,NA,NA,A,NA,NA,NA,NA,20241501715
559,2024150,1855,2024,150,18,55,NA,NA,A,NA,NA,NA,NA,20241501855
560,2024151,1320,2024,151,13,20,NA,NA,T,NA,NA,NA,NA,20241511320
561,2024151,1500,2024,151,15,0,39.0375,-76.83347696,T,0.24348,0.17542,0.021,0,20241511500
562,2024151,1755,2024,151,17,55,NA,NA,A,NA,NA,NA,NA,20241511755
563,2024151,1935,2024,151,19,35,39.00416666,-76.88305033,A,0.36567,0.26433,0.0118,0,20241511935
564,2024152,1400,2024,152,14,0,NA,NA,T,NA,NA,NA,NA,20241521400
565,2024152,1540,2024,152,15,40,39.0375,-76.88712039,T,0.17482,0.12553,0.0268,0,20241521540
566,2024152,1655,2024,152,16,55,NA,NA,A,NA,NA,NA,NA,20241521655
567,2024152,1835,2024,152,18,35,39.0375,-76.88712039,A,0.13832,0.09922,0.0329,0,20241521835
568,2024153,1440,2024,153,14,40,39.0375,-76.88712039,T,0.19143,0.13755,0.0135,0,20241531440
569,2024153,1615,2024,153,16,15,NA,NA,T,NA,NA,NA,NA,20241531615
570,2024153,1740,2024,153,17,40,NA,NA,A,NA,NA,NA,NA,20241531740
571,2024153,1915,2024,153,19,15,NA,NA,A,NA,NA,NA,NA,20241531915
572,2024154,1345,2024,154,13,45,NA,NA,T,NA,NA,NA,NA,20241541345
573,2024154,1520,2024,154,15,20,39.00416666,-76.86160308,T,0.4288,0.3114,0.0331,0,20241541520
574,2024154,1820,2024,154,18,20,NA,NA,A,NA,NA,NA,NA,20241541820
575,2024155,1425,2024,155,14,25,NA,NA,T,NA,NA,NA,NA,20241551425
576,2024155,1600,2024,155,16,0,NA,NA,T,NA,NA,NA,NA,20241551600
577,2024155,1725,2024,155,17,25,NA,NA,A,NA,NA,NA,NA,20241551725
578,2024155,1900,2024,155,19,0,NA,NA,A,NA,NA,NA,NA,20241551900
579,2024156,1325,2024,156,13,25,NA,NA,T,NA,NA,NA,NA,20241561325
580,2024156,1505,2024,156,15,5,NA,NA,T,NA,NA,NA,NA,20241561505
581,2024156,1805,2024,156,18,5,NA,NA,A,NA,NA,NA,NA,20241561805
582,2024156,1940,2024,156,19,40,NA,NA,A,NA,NA,NA,NA,20241561940
583,2024157,1405,2024,157,14,5,NA,NA,T,NA,NA,NA,NA,20241571405
584,2024157,1545,2024,157,15,45,NA,NA,T,NA,NA,NA,NA,20241571545
585,2024157,1705,2024,157,17,5,NA,NA,A,NA,NA,NA,NA,20241571705
586,2024157,1845,2024,157,18,45,NA,NA,A,NA,NA,NA,NA,20241571845
587,2024158,1310,2024,158,13,10,NA,NA,T,NA,NA,NA,NA,20241581310
588,2024158,1445,2024,158,14,45,NA,NA,T,NA,NA,NA,NA,20241581445
589,2024158,1745,2024,158,17,45,NA,NA,A,NA,NA,NA,NA,20241581745
590,2024158,1925,2024,158,19,25,NA,NA,A,NA,NA,NA,NA,20241581925
591,2024159,1350,2024,159,13,50,NA,NA,T,NA,NA,NA,NA,20241591350
592,2024159,1525,2024,159,15,25,39.02916666,-76.88878193,T,0.2965,0.214,0.0379,0,20241591525
593,2024159,1830,2024,159,18,30,38.99583333,-76.89544044,A,0.237,0.17064,0.0262,0,20241591830
594,2024160,1430,2024,160,14,30,39.0375,-76.88712039,T,0.09311,0.06668,0.0109,0,20241601430
595,2024160,1605,2024,160,16,5,39.0375,-76.88712039,T,0.07165,0.05125,0.0112,0,20241601605
596,2024160,1730,2024,160,17,30,NA,NA,A,NA,NA,NA,NA,20241601730
597,2024160,1910,2024,160,19,10,39.0375,-76.82274828,A,0.13922,0.09983,0.0221,0,20241601910
598,2024161,1330,2024,161,13,30,NA,NA,T,NA,NA,NA,NA,20241611330
599,2024161,1510,2024,161,15,10,NA,NA,T,NA,NA,NA,NA,20241611510
600,2024161,1810,2024,161,18,10,NA,NA,A,NA,NA,NA,NA,20241611810
601,2024162,1410,2024,162,14,10,NA,NA,T,NA,NA,NA,NA,20241621410
602,2024162,1550,2024,162,15,50,39.02083333,-76.84754009,T,0.186,0.1332,0.0188,0,20241621550
603,2024162,1715,2024,162,17,15,NA,NA,A,NA,NA,NA,NA,20241621715
604,2024162,1850,2024,162,18,50,NA,NA,A,NA,NA,NA,NA,20241621850
605,2024163,1315,2024,163,13,15,NA,NA,T,NA,NA,NA,NA,20241631315
606,2024163,1455,2024,163,14,55,38.95416666,-76.78591471,T,0.282,0.203,0.0189,0,20241631455
607,2024163,1755,2024,163,17,55,NA,NA,A,NA,NA,NA,NA,20241631755
608,2024163,1930,2024,163,19,30,NA,NA,A,NA,NA,NA,NA,20241631930
609,2024164,1355,2024,164,13,55,NA,NA,T,NA,NA,NA,NA,20241641355
610,2024164,1530,2024,164,15,30,39.0375,-76.83347696,T,0.23099,0.16631,0.0315,0,20241641530
611,2024164,1655,2024,164,16,55,NA,NA,A,NA,NA,NA,NA,20241641655
612,2024164,1835,2024,164,18,35,NA,NA,A,NA,NA,NA,NA,20241641835
613,2024165,1435,2024,165,14,35,39.0375,-76.88712039,T,0.26466,0.19064,0.0127,0,20241651435
614,2024165,1610,2024,165,16,10,NA,NA,T,NA,NA,NA,NA,20241651610
615,2024165,1740,2024,165,17,40,NA,NA,A,NA,NA,NA,NA,20241651740
616,2024165,1915,2024,165,19,15,NA,NA,A,NA,NA,NA,NA,20241651915
617,2024166,1335,2024,166,13,35,NA,NA,T,NA,NA,NA,NA,20241661335
618,2024166,1515,2024,166,15,15,39.0375,-76.88712039,T,0.33168,0.23981,0.0359,0,20241661515
619,2024166,1820,2024,166,18,20,39.02916666,-76.87805451,A,0.504,0.3665,0.0192,0,20241661820
620,2024167,1420,2024,167,14,20,NA,NA,T,NA,NA,NA,NA,20241671420
621,2024167,1555,2024,167,15,55,39.0375,-76.81201959,T,0.16148,0.11586,0.015,0,20241671555
622,2024167,1720,2024,167,17,20,NA,NA,A,NA,NA,NA,NA,20241671720
623,2024167,1900,2024,167,19,0,39.0125,-76.89210872,A,0.161,0.11567,0.031,0,20241671900
624,2024168,1320,2024,168,13,20,NA,NA,T,NA,NA,NA,NA,20241681320
625,2024168,1500,2024,168,15,0,39.02916666,-76.88878193,T,0.36698,0.26564,0.0233,0,20241681500
626,2024168,1800,2024,168,18,0,38.97083333,-76.85757297,A,0.30465,0.22004,0.0115,0,20241681800
627,2024168,1940,2024,168,19,40,38.97916666,-76.81301838,A,0.36733,0.26567,0.0105,0,20241681940
628,2024169,1400,2024,169,14,0,NA,NA,T,NA,NA,NA,NA,20241691400
629,2024169,1535,2024,169,15,35,39.0375,-76.84420565,T,0.40393,0.29288,0.0273,0,20241691535
630,2024169,1705,2024,169,17,5,NA,NA,A,NA,NA,NA,NA,20241691705
631,2024169,1840,2024,169,18,40,NA,NA,A,NA,NA,NA,NA,20241691840
632,2024170,1440,2024,170,14,40,39.0375,-76.88712039,T,0.32425,0.23447,0.0149,0,20241701440
633,2024170,1615,2024,170,16,15,NA,NA,T,NA,NA,NA,NA,20241701615
634,2024170,1745,2024,170,17,45,NA,NA,A,NA,NA,NA,NA,20241701745
635,2024170,1925,2024,170,19,25,NA,NA,A,NA,NA,NA,NA,20241701925
636,2024171,1340,2024,171,13,40,NA,NA,T,NA,NA,NA,NA,20241711340
637,2024171,1520,2024,171,15,20,NA,NA,T,NA,NA,NA,NA,20241711520
638,2024171,1825,2024,171,18,25,39.0375,-76.88712039,A,0.20701,0.14896,0.0254,0,20241711825
639,2024172,1425,2024,172,14,25,NA,NA,T,NA,NA,NA,NA,20241721425
640,2024172,1600,2024,172,16,0,NA,NA,T,NA,NA,NA,NA,20241721600
641,2024172,1730,2024,172,17,30,NA,NA,A,NA,NA,NA,NA,20241721730
642,2024172,1905,2024,172,19,5,NA,NA,A,NA,NA,NA,NA,20241721905
643,2024173,1325,2024,173,13,25,NA,NA,T,NA,NA,NA,NA,20241731325
644,2024173,1505,2024,173,15,5,39.0375,-76.88712039,T,0.21715,0.15634,0.0289,0,20241731505
645,2024173,1810,2024,173,18,10,39.0375,-76.88712039,A,0.17855,0.12816,0.0142,0,20241731810
646,2024173,1945,2024,173,19,45,NA,NA,A,NA,NA,NA,NA,20241731945
647,2024174,1405,2024,174,14,5,NA,NA,T,NA,NA,NA,NA,20241741405
648,2024174,1540,2024,174,15,40,39.0375,-76.88712039,T,0.46524,0.33789,0.0251,0,20241741540
649,2024174,1710,2024,174,17,10,NA,NA,A,NA,NA,NA,NA,20241741710
650,2024174,1850,2024,174,18,50,NA,NA,A,NA,NA,NA,NA,20241741850
651,2024175,1305,2024,175,13,5,NA,NA,T,NA,NA,NA,NA,20241751305
652,2024175,1445,2024,175,14,45,NA,NA,T,NA,NA,NA,NA,20241751445
653,2024175,1750,2024,175,17,50,NA,NA,A,NA,NA,NA,NA,20241751750
654,2024175,1930,2024,175,19,30,NA,NA,A,NA,NA,NA,NA,20241751930
655,2024176,1350,2024,176,13,50,NA,NA,T,NA,NA,NA,NA,20241761350
656,2024176,1525,2024,176,15,25,39.0375,-76.88712039,T,0.15645,0.11232,0.0398,0,20241761525
657,2024176,1650,2024,176,16,50,NA,NA,A,NA,NA,NA,NA,20241761650
658,2024176,1835,2024,176,18,35,NA,NA,A,NA,NA,NA,NA,20241761835
659,2024177,1430,2024,177,14,30,39.0375,-76.88712039,T,0.19693,0.14163,0.0107,0,20241771430
660,2024177,1605,2024,177,16,5,NA,NA,T,NA,NA,NA,NA,20241771605
661,2024177,1735,2024,177,17,35,NA,NA,A,NA,NA,NA,NA,20241771735
662,2024177,1915,2024,177,19,15,NA,NA,A,NA,NA,NA,NA,20241771915
663,2024178,1330,2024,178,13,30,NA,NA,T,NA,NA,NA,NA,20241781330
664,2024178,1510,2024,178,15,10,NA,NA,T,NA,NA,NA,NA,20241781510
665,2024178,1815,2024,178,18,15,39.0375,-76.84420565,A,0.3365,0.2435,0.017,0,20241781815
666,2024179,1410,2024,179,14,10,NA,NA,T,NA,NA,NA,NA,20241791410
667,2024179,1545,2024,179,15,45,NA,NA,T,NA,NA,NA,NA,20241791545
668,2024179,1720,2024,179,17,20,NA,NA,A,NA,NA,NA,NA,20241791720
669,2024179,1855,2024,179,18,55,NA,NA,A,NA,NA,NA,NA,20241791855
670,2024180,1310,2024,180,13,10,NA,NA,T,NA,NA,NA,NA,20241801310
671,2024180,1450,2024,180,14,50,39.0375,-76.88712039,T,0.30231,0.21831,0.019,0,20241801450
672,2024180,1800,2024,180,18,0,39.0375,-76.80129091,A,0.31534,0.22804,0.0104,0,20241801800
673,2024180,1935,2024,180,19,35,39.0375,-76.81201959,A,0.27894,0.20109,0.011,0,20241801935
674,2024181,1355,2024,181,13,55,NA,NA,T,NA,NA,NA,NA,20241811355
675,2024181,1530,2024,181,15,30,NA,NA,T,NA,NA,NA,NA,20241811530
676,2024181,1700,2024,181,17,0,NA,NA,A,NA,NA,NA,NA,20241811700
677,2024181,1840,2024,181,18,40,39.02916666,-76.82441741,A,0.46133,0.33567,0.0351,0,20241811840
678,2024182,1435,2024,182,14,35,NA,NA,T,NA,NA,NA,NA,20241821435
679,2024182,1610,2024,182,16,10,NA,NA,T,NA,NA,NA,NA,20241821610
680,2024182,1740,2024,182,17,40,NA,NA,A,NA,NA,NA,NA,20241821740
681,2024182,1920,2024,182,19,20,NA,NA,A,NA,NA,NA,NA,20241821920
1,2024183,1335,2024,183,13,35,NA,NA,T,NA,NA,NA,NA,20241831335
2,2024183,1515,2024,183,15,15,39.0375,-76.85493433,T,0.21977,0.15818,0.032,0,20241831515
3,2024183,1825,2024,183,18,25,NA,NA,A,NA,NA,NA,NA,20241831825
4,2024184,1415,2024,184,14,15,NA,NA,T,NA,NA,NA,NA,20241841415
5,2024184,1550,2024,184,15,50,NA,NA,T,NA,NA,NA,NA,20241841550
6,2024184,1725,2024,184,17,25,NA,NA,A,NA,NA,NA,NA,20241841725
7,2024184,1905,2024,184,19,5,NA,NA,A,NA,NA,NA,NA,20241841905
8,2024185,1315,2024,185,13,15,NA,NA,T,NA,NA,NA,NA,20241851315
9,2024185,1455,2024,185,14,55,39.0375,-76.88712039,T,0.17211,0.12356,0.0229,0,20241851455
10,2024185,1805,2024,185,18,5,NA,NA,A,NA,NA,NA,NA,20241851805
11,2024185,1945,2024,185,19,45,NA,NA,A,NA,NA,NA,NA,20241851945
12,2024186,1400,2024,186,14,0,NA,NA,T,NA,NA,NA,NA,20241861400
13,2024186,1535,2024,186,15,35,39.02916666,-76.84587225,T,0.35843,0.25936,0.0289,0,20241861535
14,2024186,1710,2024,186,17,10,NA,NA,A,NA,NA,NA,NA,20241861710
15,2024186,1845,2024,186,18,45,NA,NA,A,NA,NA,NA,NA,20241861845
16,2024187,1440,2024,187,14,40,39.0375,-76.86566302,T,0.3165,0.22884,0.0126,0,20241871440
17,2024187,1615,2024,187,16,15,NA,NA,T,NA,NA,NA,NA,20241871615
18,2024187,1750,2024,187,17,50,NA,NA,A,NA,NA,NA,NA,20241871750
19,2024187,1925,2024,187,19,25,NA,NA,A,NA,NA,NA,NA,20241871925
20,2024188,1340,2024,188,13,40,NA,NA,T,NA,NA,NA,NA,20241881340
21,2024188,1520,2024,188,15,20,NA,NA,T,NA,NA,NA,NA,20241881520
22,2024188,1830,2024,188,18,30,NA,NA,A,NA,NA,NA,NA,20241881830
23,2024189,1420,2024,189,14,20,NA,NA,T,NA,NA,NA,NA,20241891420
24,2024189,1555,2024,189,15,55,39.00416666,-76.82943219,T,0.2203,0.1586,0.0132,0,20241891555
25,2024189,1735,2024,189,17,35,NA,NA,A,NA,NA,NA,NA,20241891735
26,2024189,1910,2024,189,19,10,39.0375,-76.88712039,A,0.10243,0.07319,0.0256,0,20241891910
27,2024190,1320,2024,190,13,20,NA,NA,T,NA,NA,NA,NA,20241901320
28,2024190,1500,2024,190,15,0,NA,NA,T,NA,NA,NA,NA,20241901500
29,2024190,1815,2024,190,18,15,NA,NA,A,NA,NA,NA,NA,20241901815
30,2024191,1405,2024,191,14,5,NA,NA,T,NA,NA,NA,NA,20241911405
31,2024191,1540,2024,191,15,40,NA,NA,T,NA,NA,NA,NA,20241911540
32,2024191,1715,2024,191,17,15,NA,NA,A,NA,NA,NA,NA,20241911715
33,2024191,1855,2024,191,18,55,NA,NA,A,NA,NA,NA,NA,20241911855
34,2024192,1305,2024,192,13,5,NA,NA,T,NA,NA,NA,NA,20241921305
35,2024192,1445,2024,192,14,45,NA,NA,T,NA,NA,NA,NA,20241921445
36,2024192,1620,2024,192,16,20,NA,NA,T,NA,NA,NA,NA,20241921620
37,2024192,1755,2024,192,17,55,NA,NA,A,NA,NA,NA,NA,20241921755
38,2024192,1935,2024,192,19,35,NA,NA,A,NA,NA,NA,NA,20241921935
39,2024193,1345,2024,193,13,45,NA,NA,T,NA,NA,NA,NA,20241931345
40,2024193,1525,2024,193,15,25,39.0375,-76.88712039,T,0.11932,0.08559,0.0401,0,20241931525
41,2024193,1655,2024,193,16,55,NA,NA,A,NA,NA,NA,NA,20241931655
42,2024193,1835,2024,193,18,35,38.99583333,-76.87399571,A,0.1755,0.126,0.033,0,20241931835
43,2024194,1425,2024,194,14,25,NA,NA,T,NA,NA,NA,NA,20241941425
44,2024194,1600,2024,194,16,0,NA,NA,T,NA,NA,NA,NA,20241941600
45,2024194,1740,2024,194,17,40,NA,NA,A,NA,NA,NA,NA,20241941740
46,2024194,1915,2024,194,19,15,NA,NA,A,NA,NA,NA,NA,20241941915
47,2024195,1325,2024,195,13,25,NA,NA,T,NA,NA,NA,NA,20241951325
48,2024195,1505,2024,195,15,5,NA,NA,T,NA,NA,NA,NA,20241951505
49,2024195,1820,2024,195,18,20,NA,NA,A,NA,NA,NA,NA,20241951820
50,2024196,1410,2024,196,14,10,NA,NA,T,NA,NA,NA,NA,20241961410
51,2024196,1545,2024,196,15,45,39.0375,-76.88712039,T,0.47683,0.34633,0.0219,0,20241961545
52,2024196,1720,2024,196,17,20,NA,NA,A,NA,NA,NA,NA,20241961720
53,2024196,1900,2024,196,19,0,NA,NA,A,NA,NA,NA,NA,20241961900
54,2024197,1310,2024,197,13,10,NA,NA,T,NA,NA,NA,NA,20241971310
55,2024197,1450,2024,197,14,50,39.0375,-76.88712039,T,0.30813,0.2228,0.0183,0,20241971450
56,2024197,1805,2024,197,18,5,NA,NA,A,NA,NA,NA,NA,20241971805
57,2024197,1940,2024,197,19,40,39.0375,-76.88712039,A,0.46867,0.34056,0.0113,0,20241971940
58,2024198,1350,2024,198,13,50,NA,NA,T,NA,NA,NA,NA,20241981350
59,2024198,1530,2024,198,15,30,39.0375,-76.88712039,T,0.37739,0.27329,0.0384,0,20241981530
60,2024198,1705,2024,198,17,5,NA,NA,A,NA,NA,NA,NA,20241981705
61,2024198,1845,2024,198,18,45,39.0375,-76.88712039,A,0.37801,0.27363,0.0399,0,20241981845
62,2024199,1430,2024,199,14,30,39.0375,-76.88712039,T,0.25614,0.18448,0.0112,0,20241991430
63,2024199,1605,2024,199,16,5,39.0375,-76.88712039,T,0.32186,0.23273,0.0102,0,20241991605
64,2024199,1745,2024,199,17,45,NA,NA,A,NA,NA,NA,NA,20241991745
65,2024199,1925,2024,199,19,25,NA,NA,A,NA,NA,NA,NA,20241991925
66,2024200,1330,2024,200,13,30,NA,NA,T,NA,NA,NA,NA,20242001330
67,2024200,1510,2024,200,15,10,NA,NA,T,NA,NA,NA,NA,20242001510
68,2024200,1825,2024,200,18,25,NA,NA,A,NA,NA,NA,NA,20242001825
69,2024201,1415,2024,201,14,15,NA,NA,T,NA,NA,NA,NA,20242011415
70,2024201,1550,2024,201,15,50,39.0375,-76.88712039,T,0.43745,0.31761,0.0175,0,20242011550
71,2024201,1730,2024,201,17,30,NA,NA,A,NA,NA,NA,NA,20242011730
72,2024201,1905,2024,201,19,5,38.97916666,-76.82373822,A,0.381,0.275,0.0271,0,20242011905
73,2024202,1315,2024,202,13,15,NA,NA,T,NA,NA,NA,NA,20242021315
74,2024202,1455,2024,202,14,55,NA,NA,T,NA,NA,NA,NA,20242021455
75,2024202,1810,2024,202,18,10,NA,NA,A,NA,NA,NA,NA,20242021810
76,2024202,1950,2024,202,19,50,NA,NA,A,NA,NA,NA,NA,20242021950
77,2024203,1355,2024,203,13,55,NA,NA,T,NA,NA,NA,NA,20242031355
78,2024203,1530,2024,203,15,30,NA,NA,T,NA,NA,NA,NA,20242031530
79,2024203,1710,2024,203,17,10,NA,NA,A,NA,NA,NA,NA,20242031710
80,2024203,1850,2024,203,18,50,NA,NA,A,NA,NA,NA,NA,20242031850
81,2024204,1435,2024,204,14,35,NA,NA,T,NA,NA,NA,NA,20242041435
82,2024204,1610,2024,204,16,10,NA,NA,T,NA,NA,NA,NA,20242041610
83,2024204,1755,2024,204,17,55,NA,NA,A,NA,NA,NA,NA,20242041755
84,2024204,1930,2024,204,19,30,NA,NA,A,NA,NA,NA,NA,20242041930
85,2024205,1835,2024,205,18,35,NA,NA,A,NA,NA,NA,NA,20242051835
86,2024206,1735,2024,206,17,35,NA,NA,A,NA,NA,NA,NA,20242061735
87,2024206,1915,2024,206,19,15,NA,NA,A,NA,NA,NA,NA,20242061915
88,2024207,1320,2024,207,13,20,NA,NA,T,NA,NA,NA,NA,20242071320
89,2024207,1500,2024,207,15,0,NA,NA,T,NA,NA,NA,NA,20242071500
90,2024207,1815,2024,207,18,15,NA,NA,A,NA,NA,NA,NA,20242071815
91,2024208,1400,2024,208,14,0,NA,NA,T,NA,NA,NA,NA,20242081400
92,2024208,1535,2024,208,15,35,NA,NA,T,NA,NA,NA,NA,20242081535
93,2024208,1720,2024,208,17,20,NA,NA,A,NA,NA,NA,NA,20242081720
94,2024208,1855,2024,208,18,55,39.0375,-76.84420565,A,0.41771,0.30297,0.0342,0,20242081855
95,2024209,1440,2024,209,14,40,39.0375,-76.88712039,T,0.19015,0.13662,0.0145,0,20242091440
96,2024209,1615,2024,209,16,15,NA,NA,T,NA,NA,NA,NA,20242091615
97,2024209,1800,2024,209,18,0,NA,NA,A,NA,NA,NA,NA,20242091800
98,2024209,1935,2024,209,19,35,NA,NA,A,NA,NA,NA,NA,20242091935
99,2024210,1340,2024,210,13,40,NA,NA,T,NA,NA,NA,NA,20242101340
100,2024210,1520,2024,210,15,20,39.0375,-76.81201959,T,0.39143,0.28364,0.0305,0,20242101520
101,2024210,1700,2024,210,17,0,NA,NA,A,NA,NA,NA,NA,20242101700
102,2024210,1840,2024,210,18,40,NA,NA,A,NA,NA,NA,NA,20242101840
103,2024211,1420,2024,211,14,20,NA,NA,T,NA,NA,NA,NA,20242111420
104,2024211,1600,2024,211,16,0,39.0375,-76.88712039,T,0.43961,0.31923,0.0117,0,20242111600
105,2024211,1745,2024,211,17,45,NA,NA,A,NA,NA,NA,NA,20242111745
106,2024211,1920,2024,211,19,20,38.95416666,-76.87164317,A,0.433,0.314,0.0226,0,20242111920
107,2024212,1325,2024,212,13,25,NA,NA,T,NA,NA,NA,NA,20242121325
108,2024212,1500,2024,212,15,0,NA,NA,T,NA,NA,NA,NA,20242121500
109,2024212,1825,2024,212,18,25,NA,NA,A,NA,NA,NA,NA,20242121825
110,2024213,1405,2024,213,14,5,NA,NA,T,NA,NA,NA,NA,20242131405
111,2024213,1540,2024,213,15,40,39.0375,-76.88712039,T,0.44918,0.3263,0.0218,0,20242131540
112,2024214,1305,2024,214,13,5,NA,NA,T,NA,NA,NA,NA,20242141305
113,2024214,1445,2024,214,14,45,39.0375,-76.88712039,T,0.42821,0.31073,0.0164,0,20242141445
114,2024215,1345,2024,215,13,45,NA,NA,T,NA,NA,NA,NA,20242151345
115,2024215,1525,2024,215,15,25,39.0375,-76.88712039,T,0.22561,0.16245,0.0359,0,20242151525
116,2024215,1710,2024,215,17,10,NA,NA,A,NA,NA,NA,NA,20242151710
117,2024215,1845,2024,215,18,45,39.00416666,-76.80798494,A,0.19978,0.14367,0.0323,0,20242151845
118,2024216,1425,2024,216,14,25,39.0375,-76.88712039,T,0.30744,0.22194,0.0097,0,20242161425
119,2024216,1605,2024,216,16,5,39.0375,-76.88712039,T,0.23354,0.1683,0.01,0,20242161605
120,2024216,1750,2024,216,17,50,NA,NA,A,NA,NA,NA,NA,20242161750
121,2024216,1925,2024,216,19,25,NA,NA,A,NA,NA,NA,NA,20242161925
122,2024217,1330,2024,217,13,30,NA,NA,T,NA,NA,NA,NA,20242171330
123,2024217,1505,2024,217,15,5,NA,NA,T,NA,NA,NA,NA,20242171505
124,2024217,1830,2024,217,18,30,NA,NA,A,NA,NA,NA,NA,20242171830
125,2024218,1410,2024,218,14,10,NA,NA,T,NA,NA,NA,NA,20242181410
126,2024218,1545,2024,218,15,45,39.0125,-76.89210872,T,0.38525,0.27902,0.0172,0,20242181545
127,2024218,1730,2024,218,17,30,NA,NA,A,NA,NA,NA,NA,20242181730
128,2024218,1910,2024,218,19,10,NA,NA,A,NA,NA,NA,NA,20242181910
129,2024219,1310,2024,219,13,10,NA,NA,T,NA,NA,NA,NA,20242191310
130,2024219,1450,2024,219,14,50,39.0375,-76.80129091,T,0.59042,0.43115,0.016,0,20242191450
131,2024219,1810,2024,219,18,10,39.0125,-76.89210872,A,0.56806,0.41465,0.0129,0,20242191810
132,2024219,1950,2024,219,19,50,NA,NA,A,NA,NA,NA,NA,20242191950
133,2024220,1350,2024,220,13,50,NA,NA,T,NA,NA,NA,NA,20242201350
134,2024220,1530,2024,220,15,30,NA,NA,T,NA,NA,NA,NA,20242201530
135,2024220,1715,2024,220,17,15,NA,NA,A,NA,NA,NA,NA,20242201715
136,2024221,1430,2024,221,14,30,NA,NA,T,NA,NA,NA,NA,20242211430
137,2024221,1605,2024,221,16,5,NA,NA,T,NA,NA,NA,NA,20242211605
138,2024222,1335,2024,222,13,35,NA,NA,T,NA,NA,NA,NA,20242221335
139,2024222,1510,2024,222,15,10,NA,NA,T,NA,NA,NA,NA,20242221510
140,2024222,1835,2024,222,18,35,NA,NA,A,NA,NA,NA,NA,20242221835
141,2024223,1415,2024,223,14,15,NA,NA,T,NA,NA,NA,NA,20242231415
142,2024223,1550,2024,223,15,50,NA,NA,T,NA,NA,NA,NA,20242231550
143,2024223,1740,2024,223,17,40,NA,NA,A,NA,NA,NA,NA,20242231740
144,2024223,1915,2024,223,19,15,38.99583333,-76.78821679,A,0.44233,0.32133,0.0198,0,20242231915
145,2024224,1315,2024,224,13,15,NA,NA,T,NA,NA,NA,NA,20242241315
146,2024224,1455,2024,224,14,55,NA,NA,T,NA,NA,NA,NA,20242241455
147,2024224,1820,2024,224,18,20,39.0375,-76.88712039,A,0.23546,0.1696,0.0148,0,20242241820
148,2024225,1355,2024,225,13,55,NA,NA,T,NA,NA,NA,NA,20242251355
149,2024225,1535,2024,225,15,35,39.0375,-76.88712039,T,0.18278,0.13138,0.0245,0,20242251535
150,2024225,1720,2024,225,17,20,NA,NA,A,NA,NA,NA,NA,20242251720
151,2024225,1900,2024,225,19,0,NA,NA,A,NA,NA,NA,NA,20242251900
152,2024226,1435,2024,226,14,35,39.0375,-76.88712039,T,0.12826,0.09205,0.0115,0,20242261435
153,2024226,1610,2024,226,16,10,NA,NA,T,NA,NA,NA,NA,20242261610
154,2024226,1800,2024,226,18,0,NA,NA,A,NA,NA,NA,NA,20242261800
155,2024226,1940,2024,226,19,40,NA,NA,A,NA,NA,NA,NA,20242261940
156,2024227,1340,2024,227,13,40,NA,NA,T,NA,NA,NA,NA,20242271340
157,2024227,1515,2024,227,15,15,39.0375,-76.88712039,T,0.47641,0.34614,0.0332,0,20242271515
158,2024227,1700,2024,227,17,0,NA,NA,A,NA,NA,NA,NA,20242271700
159,2024227,1840,2024,227,18,40,NA,NA,A,NA,NA,NA,NA,20242271840
160,2024228,1420,2024,228,14,20,NA,NA,T,NA,NA,NA,NA,20242281420
161,2024228,1555,2024,228,15,55,39.0375,-76.88712039,T,0.37042,0.26806,0.0112,0,20242281555
162,2024228,1920,2024,228,19,20,38.9875,-76.89710815,A,0.43433,0.31567,0.0164,0,20242281920
163,2024229,1320,2024,229,13,20,NA,NA,T,NA,NA,NA,NA,20242291320
164,2024229,1500,2024,229,15,0,NA,NA,T,NA,NA,NA,NA,20242291500
165,2024229,1825,2024,229,18,25,NA,NA,A,NA,NA,NA,NA,20242291825
166,2024230,1400,2024,230,14,0,NA,NA,T,NA,NA,NA,NA,20242301400
167,2024230,1540,2024,230,15,40,NA,NA,T,NA,NA,NA,NA,20242301540
168,2024230,1905,2024,230,19,5,NA,NA,A,NA,NA,NA,NA,20242301905
169,2024231,1300,2024,231,13,0,NA,NA,T,NA,NA,NA,NA,20242311300
170,2024231,1440,2024,231,14,40,NA,NA,T,NA,NA,NA,NA,20242311440
171,2024231,1615,2024,231,16,15,NA,NA,T,NA,NA,NA,NA,20242311615
172,2024231,1810,2024,231,18,10,NA,NA,A,NA,NA,NA,NA,20242311810
173,2024231,1945,2024,231,19,45,NA,NA,A,NA,NA,NA,NA,20242311945
174,2024232,1345,2024,232,13,45,NA,NA,T,NA,NA,NA,NA,20242321345
175,2024232,1520,2024,232,15,20,NA,NA,T,NA,NA,NA,NA,20242321520
176,2024232,1710,2024,232,17,10,NA,NA,A,NA,NA,NA,NA,20242321710
177,2024232,1850,2024,232,18,50,NA,NA,A,NA,NA,NA,NA,20242321850
178,2024233,1425,2024,233,14,25,NA,NA,T,NA,NA,NA,NA,20242331425
179,2024233,1600,2024,233,16,0,NA,NA,T,NA,NA,NA,NA,20242331600
180,2024233,1750,2024,233,17,50,NA,NA,A,NA,NA,NA,NA,20242331750
181,2024233,1930,2024,233,19,30,NA,NA,A,NA,NA,NA,NA,20242331930
182,2024234,1325,2024,234,13,25,NA,NA,T,NA,NA,NA,NA,20242341325
183,2024234,1505,2024,234,15,5,39.0375,-76.88712039,T,0.52444,0.38156,0.0252,0,20242341505
184,2024234,1830,2024,234,18,30,NA,NA,A,NA,NA,NA,NA,20242341830
185,2024235,1405,2024,235,14,5,NA,NA,T,NA,NA,NA,NA,20242351405
186,2024235,1540,2024,235,15,40,39.0375,-76.88712039,T,0.1523,0.1093,0.0168,0,20242351540
187,2024235,1735,2024,235,17,35,NA,NA,A,NA,NA,NA,NA,20242351735
188,2024235,1910,2024,235,19,10,39.02083333,-76.82608777,A,0.2952,0.2132,0.0224,0,20242351910
189,2024236,1305,2024,236,13,5,NA,NA,T,NA,NA,NA,NA,20242361305
190,2024236,1445,2024,236,14,45,39.0375,-76.88712039,T,0.16603,0.11912,0.0145,0,20242361445
191,2024236,1815,2024,236,18,15,39.0375,-76.88712039,A,0.16038,0.11501,0.0106,0,20242361815
192,2024236,1950,2024,236,19,50,NA,NA,A,NA,NA,NA,NA,20242361950
193,2024237,1345,2024,237,13,45,NA,NA,T,NA,NA,NA,NA,20242371345
194,2024237,1525,2024,237,15,25,NA,NA,T,NA,NA,NA,NA,20242371525
195,2024237,1715,2024,237,17,15,NA,NA,A,NA,NA,NA,NA,20242371715
196,2024237,1855,2024,237,18,55,39.0375,-76.88712039,A,0.41108,0.29817,0.0326,0,20242371855
197,2024238,1425,2024,238,14,25,39.0375,-76.88712039,T,0.35109,0.25399,0.0088,0,20242381425
198,2024238,1605,2024,238,16,5,39.0375,-76.88712039,T,0.44341,0.32192,0.0076,0,20242381605
199,2024238,1755,2024,238,17,55,NA,NA,A,NA,NA,NA,NA,20242381755
200,2024238,1935,2024,238,19,35,39.0375,-76.88712039,A,0.32145,0.23238,0.0117,0,20242381935
201,2024239,1330,2024,239,13,30,NA,NA,T,NA,NA,NA,NA,20242391330
202,2024239,1505,2024,239,15,5,38.99583333,-76.89544044,T,0.6355,0.46425,0.0291,0,20242391505
203,2024239,1835,2024,239,18,35,38.9625,-76.89140138,A,0.4878,0.354,0.0242,0,20242391835
204,2024240,1410,2024,240,14,10,NA,NA,T,NA,NA,NA,NA,20242401410
205,2024240,1545,2024,240,15,45,39.0375,-76.88712039,T,0.22036,0.15878,0.0137,0,20242401545
206,2024240,1740,2024,240,17,40,NA,NA,A,NA,NA,NA,NA,20242401740
207,2024240,1915,2024,240,19,15,NA,NA,A,NA,NA,NA,NA,20242401915
208,2024241,1310,2024,241,13,10,NA,NA,T,NA,NA,NA,NA,20242411310
209,2024241,1450,2024,241,14,50,NA,NA,T,NA,NA,NA,NA,20242411450
210,2024241,1820,2024,241,18,20,38.97083333,-76.84685439,A,0.379,0.274,0.0124,0,20242411820
211,2024242,1350,2024,242,13,50,NA,NA,T,NA,NA,NA,NA,20242421350
212,2024242,1530,2024,242,15,30,NA,NA,T,NA,NA,NA,NA,20242421530
213,2024242,1720,2024,242,17,20,NA,NA,A,NA,NA,NA,NA,20242421720
214,2024242,1900,2024,242,19,0,NA,NA,A,NA,NA,NA,NA,20242421900
215,2024243,1430,2024,243,14,30,NA,NA,T,NA,NA,NA,NA,20242431430
216,2024243,1605,2024,243,16,5,NA,NA,T,NA,NA,NA,NA,20242431605
217,2024243,1800,2024,243,18,0,NA,NA,A,NA,NA,NA,NA,20242431800
218,2024243,1940,2024,243,19,40,NA,NA,A,NA,NA,NA,NA,20242431940
219,2024244,1335,2024,244,13,35,NA,NA,T,NA,NA,NA,NA,20242441335
220,2024244,1510,2024,244,15,10,NA,NA,T,NA,NA,NA,NA,20242441510
221,2024244,1700,2024,244,17,0,NA,NA,A,NA,NA,NA,NA,20242441700
222,2024244,1840,2024,244,18,40,NA,NA,A,NA,NA,NA,NA,20242441840
223,2024245,1415,2024,245,14,15,NA,NA,T,NA,NA,NA,NA,20242451415
224,2024245,1550,2024,245,15,50,NA,NA,T,NA,NA,NA,NA,20242451550
225,2024245,1745,2024,245,17,45,NA,NA,A,NA,NA,NA,NA,20242451745
226,2024245,1920,2024,245,19,20,NA,NA,A,NA,NA,NA,NA,20242451920
227,2024246,1315,2024,246,13,15,NA,NA,T,NA,NA,NA,NA,20242461315
228,2024246,1455,2024,246,14,55,39.0375,-76.85493433,T,0.28423,0.20507,0.0183,0,20242461455
229,2024246,1825,2024,246,18,25,39.0375,-76.88712039,A,0.07468,0.05339,0.0141,0,20242461825
230,2024247,1355,2024,247,13,55,NA,NA,T,NA,NA,NA,NA,20242471355
231,2024247,1535,2024,247,15,35,39.0375,-76.88712039,T,0.44822,0.32538,0.0219,0,20242471535
232,2024247,1725,2024,247,17,25,NA,NA,A,NA,NA,NA,NA,20242471725
233,2024247,1905,2024,247,19,5,39.0375,-76.88712039,A,0.08132,0.05818,0.0275,0,20242471905
234,2024248,1435,2024,248,14,35,NA,NA,T,NA,NA,NA,NA,20242481435
235,2024248,1610,2024,248,16,10,NA,NA,T,NA,NA,NA,NA,20242481610
236,2024248,1805,2024,248,18,5,NA,NA,A,NA,NA,NA,NA,20242481805
237,2024248,1945,2024,248,19,45,NA,NA,A,NA,NA,NA,NA,20242481945
238,2024249,1340,2024,249,13,40,NA,NA,T,NA,NA,NA,NA,20242491340
239,2024249,1515,2024,249,15,15,38.99583333,-76.79893916,T,0.3285,0.23775,0.0287,0,20242491515
240,2024249,1710,2024,249,17,10,NA,NA,A,NA,NA,NA,NA,20242491710
241,2024249,1845,2024,249,18,45,NA,NA,A,NA,NA,NA,NA,20242491845
242,2024250,1420,2024,250,14,20,NA,NA,T,NA,NA,NA,NA,20242501420
243,2024250,1555,2024,250,15,55,NA,NA,T,NA,NA,NA,NA,20242501555
244,2024250,1750,2024,250,17,50,NA,NA,A,NA,NA,NA,NA,20242501750
245,2024250,1925,2024,250,19,25,NA,NA,A,NA,NA,NA,NA,20242501925
246,2024251,1320,2024,251,13,20,NA,NA,T,NA,NA,NA,NA,20242511320
247,2024251,1500,2024,251,15,0,NA,NA,T,NA,NA,NA,NA,20242511500
248,2024251,1830,2024,251,18,30,NA,NA,A,NA,NA,NA,NA,20242511830
249,2024252,1400,2024,252,14,0,NA,NA,T,NA,NA,NA,NA,20242521400
250,2024252,1535,2024,252,15,35,39.0375,-76.88712039,T,0.05723,0.04091,0.0171,0,20242521535
251,2024252,1730,2024,252,17,30,NA,NA,A,NA,NA,NA,NA,20242521730
252,2024252,1910,2024,252,19,10,39.0375,-76.88712039,A,0.06398,0.04575,0.0225,0,20242521910
253,2024253,1300,2024,253,13,0,NA,NA,T,NA,NA,NA,NA,20242531300
254,2024253,1440,2024,253,14,40,39.0375,-76.88712039,T,0.20169,0.14514,0.012,0,20242531440
255,2024253,1810,2024,253,18,10,39.0375,-76.88712039,A,0.18481,0.13258,0.0083,0,20242531810
256,2024253,1950,2024,253,19,50,NA,NA,A,NA,NA,NA,NA,20242531950
257,2024254,1340,2024,254,13,40,NA,NA,T,NA,NA,NA,NA,20242541340
258,2024254,1520,2024,254,15,20,39.0375,-76.88712039,T,0.17647,0.12678,0.0276,0,20242541520
259,2024254,1715,2024,254,17,15,NA,NA,A,NA,NA,NA,NA,20242541715
260,2024254,1850,2024,254,18,50,39.0375,-76.88712039,A,0.13047,0.09345,0.0281,0,20242541850
261,2024255,1420,2024,255,14,20,39.0375,-76.88712039,T,0.18064,0.12966,0.0076,0,20242551420
262,2024255,1600,2024,255,16,0,39.0375,-76.88712039,T,0.18757,0.13456,0.0079,0,20242551600
263,2024255,1755,2024,255,17,55,NA,NA,A,NA,NA,NA,NA,20242551755
264,2024255,1930,2024,255,19,30,39.02916666,-76.84587225,A,0.21049,0.15154,0.0107,0,20242551930
265,2024256,1325,2024,256,13,25,NA,NA,T,NA,NA,NA,NA,20242561325
266,2024256,1500,2024,256,15,0,NA,NA,T,NA,NA,NA,NA,20242561500
267,2024256,1835,2024,256,18,35,39.0375,-76.88712039,A,0.21702,0.1562,0.0181,0,20242561835
268,2024257,1405,2024,257,14,5,NA,NA,T,NA,NA,NA,NA,20242571405
269,2024257,1540,2024,257,15,40,NA,NA,T,NA,NA,NA,NA,20242571540
270,2024257,1735,2024,257,17,35,NA,NA,A,NA,NA,NA,NA,20242571735
271,2024257,1915,2024,257,19,15,NA,NA,A,NA,NA,NA,NA,20242571915
272,2024258,1305,2024,258,13,5,NA,NA,T,NA,NA,NA,NA,20242581305
273,2024258,1445,2024,258,14,45,39.0375,-76.88712039,T,0.32202,0.23284,0.0141,0,20242581445
274,2024258,1815,2024,258,18,15,39.0375,-76.88712039,A,0.25552,0.18404,0.0092,0,20242581815
275,2024259,1345,2024,259,13,45,NA,NA,T,NA,NA,NA,NA,20242591345
276,2024259,1525,2024,259,15,25,39.0375,-76.82274828,T,0.388,0.28067,0.0224,0,20242591525
277,2024259,1720,2024,259,17,20,NA,NA,A,NA,NA,NA,NA,20242591720
278,2024259,1855,2024,259,18,55,38.9625,-76.83781479,A,0.3626,0.2622,0.0286,0,20242591855
279,2024260,1425,2024,260,14,25,NA,NA,T,NA,NA,NA,NA,20242601425
280,2024260,1600,2024,260,16,0,NA,NA,T,NA,NA,NA,NA,20242601600
281,2024260,1800,2024,260,18,0,NA,NA,A,NA,NA,NA,NA,20242601800
282,2024260,1935,2024,260,19,35,NA,NA,A,NA,NA,NA,NA,20242601935
283,2024261,1330,2024,261,13,30,NA,NA,T,NA,NA,NA,NA,20242611330
284,2024261,1505,2024,261,15,5,NA,NA,T,NA,NA,NA,NA,20242611505
285,2024261,1700,2024,261,17,0,NA,NA,A,NA,NA,NA,NA,20242611700
286,2024261,1840,2024,261,18,40,NA,NA,A,NA,NA,NA,NA,20242611840
287,2024262,1410,2024,262,14,10,NA,NA,T,NA,NA,NA,NA,20242621410
288,2024262,1545,2024,262,15,45,NA,NA,T,NA,NA,NA,NA,20242621545
289,2024262,1740,2024,262,17,40,NA,NA,A,NA,NA,NA,NA,20242621740
290,2024262,1920,2024,262,19,20,NA,NA,A,NA,NA,NA,NA,20242621920
291,2024263,1310,2024,263,13,10,NA,NA,T,NA,NA,NA,NA,20242631310
292,2024263,1450,2024,263,14,50,NA,NA,T,NA,NA,NA,NA,20242631450
293,2024263,1820,2024,263,18,20,39.0375,-76.86566302,A,0.155,0.1115,0.0096,0,20242631820
294,2024264,1350,2024,264,13,50,NA,NA,T,NA,NA,NA,NA,20242641350
295,2024264,1530,2024,264,15,30,39.0375,-76.88712039,T,0.21488,0.15468,0.0217,0,20242641530
296,2024264,1725,2024,264,17,25,NA,NA,A,NA,NA,NA,NA,20242641725
297,2024264,1900,2024,264,19,0,NA,NA,A,NA,NA,NA,NA,20242641900
298,2024265,1430,2024,265,14,30,NA,NA,T,NA,NA,NA,NA,20242651430
299,2024265,1605,2024,265,16,5,NA,NA,T,NA,NA,NA,NA,20242651605
300,2024265,1805,2024,265,18,5,NA,NA,A,NA,NA,NA,NA,20242651805
301,2024265,1940,2024,265,19,40,NA,NA,A,NA,NA,NA,NA,20242651940
302,2024266,1330,2024,266,13,30,NA,NA,T,NA,NA,NA,NA,20242661330
303,2024266,1510,2024,266,15,10,NA,NA,T,NA,NA,NA,NA,20242661510
304,2024266,1705,2024,266,17,5,NA,NA,A,NA,NA,NA,NA,20242661705
305,2024266,1845,2024,266,18,45,NA,NA,A,NA,NA,NA,NA,20242661845
306,2024267,1415,2024,267,14,15,NA,NA,T,NA,NA,NA,NA,20242671415
307,2024267,1550,2024,267,15,50,NA,NA,T,NA,NA,NA,NA,20242671550
308,2024267,1745,2024,267,17,45,NA,NA,A,NA,NA,NA,NA,20242671745
309,2024267,1925,2024,267,19,25,NA,NA,A,NA,NA,NA,NA,20242671925
310,2024268,1315,2024,268,13,15,NA,NA,T,NA,NA,NA,NA,20242681315
311,2024268,1455,2024,268,14,55,NA,NA,T,NA,NA,NA,NA,20242681455
312,2024268,1825,2024,268,18,25,NA,NA,A,NA,NA,NA,NA,20242681825
313,2024269,1355,2024,269,13,55,NA,NA,T,NA,NA,NA,NA,20242691355
314,2024269,1530,2024,269,15,30,NA,NA,T,NA,NA,NA,NA,20242691530
315,2024269,1730,2024,269,17,30,NA,NA,A,NA,NA,NA,NA,20242691730
316,2024269,1905,2024,269,19,5,NA,NA,A,NA,NA,NA,NA,20242691905
317,2024270,1435,2024,270,14,35,NA,NA,T,NA,NA,NA,NA,20242701435
318,2024270,1610,2024,270,16,10,NA,NA,T,NA,NA,NA,NA,20242701610
319,2024270,1810,2024,270,18,10,NA,NA,A,NA,NA,NA,NA,20242701810
320,2024270,1945,2024,270,19,45,NA,NA,A,NA,NA,NA,NA,20242701945
321,2024271,1335,2024,271,13,35,NA,NA,T,NA,NA,NA,NA,20242711335
322,2024271,1515,2024,271,15,15,NA,NA,T,NA,NA,NA,NA,20242711515
323,2024271,1710,2024,271,17,10,NA,NA,A,NA,NA,NA,NA,20242711710
324,2024271,1850,2024,271,18,50,NA,NA,A,NA,NA,NA,NA,20242711850
325,2024272,1415,2024,272,14,15,NA,NA,T,NA,NA,NA,NA,20242721415
326,2024272,1555,2024,272,15,55,NA,NA,T,NA,NA,NA,NA,20242721555
327,2024272,1750,2024,272,17,50,NA,NA,A,NA,NA,NA,NA,20242721750
328,2024272,1930,2024,272,19,30,39.0375,-76.88712039,A,0.13832,0.09927,0.0112,0,20242721930
329,2024273,1320,2024,273,13,20,NA,NA,T,NA,NA,NA,NA,20242731320
330,2024273,1455,2024,273,14,55,NA,NA,T,NA,NA,NA,NA,20242731455
331,2024273,1830,2024,273,18,30,NA,NA,A,NA,NA,NA,NA,20242731830
332,2024274,1400,2024,274,14,0,NA,NA,T,NA,NA,NA,NA,20242741400
333,2024274,1535,2024,274,15,35,NA,NA,T,NA,NA,NA,NA,20242741535
334,2024274,1735,2024,274,17,35,NA,NA,A,NA,NA,NA,NA,20242741735
335,2024274,1910,2024,274,19,10,NA,NA,A,NA,NA,NA,NA,20242741910
336,2024275,1300,2024,275,13,0,NA,NA,T,NA,NA,NA,NA,20242751300
337,2024275,1440,2024,275,14,40,NA,NA,T,NA,NA,NA,NA,20242751440
338,2024275,1815,2024,275,18,15,NA,NA,A,NA,NA,NA,NA,20242751815
339,2024275,1950,2024,275,19,50,NA,NA,A,NA,NA,NA,NA,20242751950
340,2024276,1340,2024,276,13,40,NA,NA,T,NA,NA,NA,NA,20242761340
341,2024276,1520,2024,276,15,20,NA,NA,T,NA,NA,NA,NA,20242761520
342,2024276,1715,2024,276,17,15,NA,NA,A,NA,NA,NA,NA,20242761715
343,2024276,1855,2024,276,18,55,NA,NA,A,NA,NA,NA,NA,20242761855
344,2024277,1420,2024,277,14,20,NA,NA,T,NA,NA,NA,NA,20242771420
345,2024277,1555,2024,277,15,55,NA,NA,T,NA,NA,NA,NA,20242771555
346,2024277,1755,2024,277,17,55,NA,NA,A,NA,NA,NA,NA,20242771755
347,2024277,1935,2024,277,19,35,NA,NA,A,NA,NA,NA,NA,20242771935
348,2024278,1325,2024,278,13,25,NA,NA,T,NA,NA,NA,NA,20242781325
349,2024278,1500,2024,278,15,0,39.00416666,-76.78653768,T,0.37739,0.27318,0.02,0,20242781500
350,2024278,1835,2024,278,18,35,NA,NA,A,NA,NA,NA,NA,20242781835
351,2024279,1405,2024,279,14,5,NA,NA,T,NA,NA,NA,NA,20242791405
352,2024279,1540,2024,279,15,40,39.0375,-76.88712039,T,0.13269,0.09514,0.0115,0,20242791540
353,2024279,1735,2024,279,17,35,NA,NA,A,NA,NA,NA,NA,20242791735
354,2024279,1915,2024,279,19,15,39.0375,-76.88712039,A,0.09029,0.06456,0.0168,0,20242791915
355,2024280,1305,2024,280,13,5,NA,NA,T,NA,NA,NA,NA,20242801305
356,2024280,1445,2024,280,14,45,39.0375,-76.88712039,T,0.17434,0.1252,0.0117,0,20242801445
357,2024280,1815,2024,280,18,15,39.0375,-76.88712039,A,0.07257,0.05194,0.0062,0,20242801815
358,2024280,1955,2024,280,19,55,NA,NA,A,NA,NA,NA,NA,20242801955
359,2024281,1345,2024,281,13,45,NA,NA,T,NA,NA,NA,NA,20242811345
360,2024281,1525,2024,281,15,25,39.0375,-76.86566302,T,0.2102,0.15133,0.0188,0,20242811525
361,2024281,1720,2024,281,17,20,NA,NA,A,NA,NA,NA,NA,20242811720
362,2024281,1855,2024,281,18,55,39.0375,-76.86566302,A,0.20192,0.14533,0.0197,0,20242811855
363,2024282,1425,2024,282,14,25,39.0375,-76.88712039,T,0.05358,0.03826,0.0067,0,20242821425
364,2024282,1600,2024,282,16,0,39.0375,-76.88712039,T,0.00831,0.00573,0.0055,0,20242821600
365,2024282,1800,2024,282,18,0,NA,NA,A,NA,NA,NA,NA,20242821800
366,2024282,1935,2024,282,19,35,39.0375,-76.85493433,A,0.01922,0.01364,0.0076,0,20242821935
367,2024283,1325,2024,283,13,25,NA,NA,T,NA,NA,NA,NA,20242831325
368,2024283,1505,2024,283,15,5,39.0375,-76.88712039,T,0.13195,0.09468,0.0201,0,20242831505
369,2024283,1840,2024,283,18,40,39.0375,-76.88712039,A,0.04603,0.03288,0.0131,0,20242831840
370,2024284,1405,2024,284,14,5,NA,NA,T,NA,NA,NA,NA,20242841405
371,2024284,1545,2024,284,15,45,39.0375,-76.88712039,T,0.07106,0.05081,0.0093,0,20242841545
372,2024284,1740,2024,284,17,40,NA,NA,A,NA,NA,NA,NA,20242841740
373,2024284,1920,2024,284,19,20,39.0375,-76.88712039,A,0.02891,0.02064,0.0139,0,20242841920
374,2024285,1310,2024,285,13,10,NA,NA,T,NA,NA,NA,NA,20242851310
375,2024285,1445,2024,285,14,45,39.0375,-76.88712039,T,0.09388,0.06713,0.013,0,20242851445
376,2024285,1820,2024,285,18,20,39.0375,-76.88712039,A,0.06128,0.04378,0.0065,0,20242851820
377,2024286,1350,2024,286,13,50,NA,NA,T,NA,NA,NA,NA,20242861350
378,2024286,1525,2024,286,15,25,39.0375,-76.88712039,T,0.26499,0.19096,0.0174,0,20242861525
379,2024286,1725,2024,286,17,25,NA,NA,A,NA,NA,NA,NA,20242861725
380,2024286,1900,2024,286,19,0,39.0375,-76.88712039,A,0.33591,0.2429,0.0197,0,20242861900
381,2024287,1430,2024,287,14,30,39.0375,-76.88712039,T,0.26259,0.18919,0.0075,0,20242871430
382,2024287,1605,2024,287,16,5,39.0375,-76.88712039,T,0.24267,0.17486,0.0047,0,20242871605
383,2024287,1805,2024,287,18,5,39.0375,-76.88712039,A,0.30948,0.22374,0.0037,0,20242871805
384,2024287,1940,2024,287,19,40,39.0375,-76.88712039,A,0.22551,0.16244,0.0067,0,20242871940
385,2024288,1330,2024,288,13,30,NA,NA,T,NA,NA,NA,NA,20242881330
386,2024288,1510,2024,288,15,10,NA,NA,T,NA,NA,NA,NA,20242881510
387,2024288,1705,2024,288,17,5,NA,NA,A,NA,NA,NA,NA,20242881705
388,2024288,1845,2024,288,18,45,NA,NA,A,NA,NA,NA,NA,20242881845
389,2024289,1410,2024,289,14,10,NA,NA,T,NA,NA,NA,NA,20242891410
390,2024289,1545,2024,289,15,45,NA,NA,T,NA,NA,NA,NA,20242891545
391,2024289,1745,2024,289,17,45,NA,NA,A,NA,NA,NA,NA,20242891745
392,2024289,1925,2024,289,19,25,NA,NA,A,NA,NA,NA,NA,20242891925
393,2024290,1310,2024,290,13,10,NA,NA,T,NA,NA,NA,NA,20242901310
394,2024290,1450,2024,290,14,50,38.97083333,-76.8897287,T,0.1374,0.0982,0.0141,0,20242901450
395,2024290,1825,2024,290,18,25,NA,NA,A,NA,NA,NA,NA,20242901825
396,2024291,1350,2024,291,13,50,NA,NA,T,NA,NA,NA,NA,20242911350
397,2024291,1530,2024,291,15,30,39.0375,-76.88712039,T,0.05669,0.04054,0.0142,0,20242911530
398,2024291,1725,2024,291,17,25,NA,NA,A,NA,NA,NA,NA,20242911725
399,2024291,1905,2024,291,19,5,39.0375,-76.88712039,A,0.09546,0.06838,0.018,0,20242911905
400,2024292,1430,2024,292,14,30,39.0375,-76.88712039,T,0.08604,0.06156,0.008,0,20242921430
401,2024292,1610,2024,292,16,10,NA,NA,T,NA,NA,NA,NA,20242921610
402,2024292,1805,2024,292,18,5,39.0375,-76.88712039,A,0.05084,0.0363,0.0038,0,20242921805
403,2024292,1945,2024,292,19,45,39.0375,-76.88712039,A,0.02278,0.01624,0.0057,0,20242921945
404,2024293,1335,2024,293,13,35,NA,NA,T,NA,NA,NA,NA,20242931335
405,2024293,1510,2024,293,15,10,39.0375,-76.88712039,T,0.1644,0.11807,0.0204,0,20242931510
406,2024293,1705,2024,293,17,5,NA,NA,A,NA,NA,NA,NA,20242931705
407,2024293,1845,2024,293,18,45,39.0375,-76.88712039,A,0.10456,0.07494,0.0142,0,20242931845
408,2024294,1415,2024,294,14,15,NA,NA,T,NA,NA,NA,NA,20242941415
409,2024294,1750,2024,294,17,50,NA,NA,A,NA,NA,NA,NA,20242941750
410,2024294,1925,2024,294,19,25,39.0375,-76.88712039,A,0.04235,0.03026,0.01,0,20242941925
411,2024295,1315,2024,295,13,15,NA,NA,T,NA,NA,NA,NA,20242951315
412,2024295,1455,2024,295,14,55,39.0375,-76.88712039,T,0.12088,0.08664,0.0154,0,20242951455
413,2024295,1830,2024,295,18,30,39.0375,-76.88712039,A,0.07187,0.05139,0.0071,0,20242951830
414,2024296,1355,2024,296,13,55,NA,NA,T,NA,NA,NA,NA,20242961355
415,2024296,1535,2024,296,15,35,39.0375,-76.88712039,T,0.09168,0.0656,0.0116,0,20242961535
416,2024296,1730,2024,296,17,30,NA,NA,A,NA,NA,NA,NA,20242961730
417,2024296,1910,2024,296,19,10,39.0375,-76.88712039,A,0.09202,0.06593,0.0167,0,20242961910
418,2024297,1435,2024,297,14,35,39.0375,-76.88712039,T,0.10932,0.07834,0.0087,0,20242971435
419,2024297,1610,2024,297,16,10,NA,NA,T,NA,NA,NA,NA,20242971610
420,2024297,1810,2024,297,18,10,39.0375,-76.88712039,A,0.0531,0.03792,0.0038,0,20242971810
421,2024297,1950,2024,297,19,50,39.0375,-76.88712039,A,0.03082,0.022,0.0049,0,20242971950
422,2024298,1340,2024,298,13,40,NA,NA,T,NA,NA,NA,NA,20242981340
423,2024298,1515,2024,298,15,15,39.0375,-76.88712039,T,0.10485,0.0751,0.0188,0,20242981515
424,2024298,1710,2024,298,17,10,NA,NA,A,NA,NA,NA,NA,20242981710
425,2024298,1850,2024,298,18,50,39.0375,-76.88712039,A,0.04939,0.03525,0.0147,0,20242981850
426,2024299,1420,2024,299,14,20,NA,NA,T,NA,NA,NA,NA,20242991420
427,2024299,1555,2024,299,15,55,39.0375,-76.88712039,T,0.01503,0.01064,0.0053,0,20242991555
428,2024299,1755,2024,299,17,55,NA,NA,A,NA,NA,NA,NA,20242991755
429,2024299,1930,2024,299,19,30,39.0375,-76.88712039,A,0.03429,0.02446,0.0085,0,20242991930
430,2024300,1320,2024,300,13,20,NA,NA,T,NA,NA,NA,NA,20243001320
431,2024300,1500,2024,300,15,0,39.02916666,-76.88878193,T,0.17097,0.12271,0.0164,0,20243001500
432,2024300,1830,2024,300,18,30,NA,NA,A,NA,NA,NA,NA,20243001830
433,2024301,1400,2024,301,14,0,NA,NA,T,NA,NA,NA,NA,20243011400
434,2024301,1535,2024,301,15,35,NA,NA,T,NA,NA,NA,NA,20243011535
435,2024301,1735,2024,301,17,35,NA,NA,A,NA,NA,NA,NA,20243011735
436,2024301,1910,2024,301,19,10,39.0375,-76.88712039,A,0.04442,0.03172,0.0149,0,20243011910
437,2024302,1300,2024,302,13,0,NA,NA,T,NA,NA,NA,NA,20243021300
438,2024302,1440,2024,302,14,40,39.0375,-76.88712039,T,0.1476,0.10583,0.0094,0,20243021440
439,2024302,1815,2024,302,18,15,NA,NA,A,NA,NA,NA,NA,20243021815
440,2024302,1950,2024,302,19,50,39.02916666,-76.88878193,A,0.0276,0.01965,0.0042,0,20243021950
441,2024303,1340,2024,303,13,40,NA,NA,T,NA,NA,NA,NA,20243031340
442,2024303,1520,2024,303,15,20,NA,NA,T,NA,NA,NA,NA,20243031520
443,2024303,1715,2024,303,17,15,NA,NA,A,NA,NA,NA,NA,20243031715
444,2024303,1855,2024,303,18,55,NA,NA,A,NA,NA,NA,NA,20243031855
445,2024304,1420,2024,304,14,20,39.0375,-76.88712039,T,0.14396,0.10329,0.0053,0,20243041420
446,2024304,1555,2024,304,15,55,39.0375,-76.83347696,T,0.07979,0.05714,0.0044,0,20243041555
447,2024304,1755,2024,304,17,55,NA,NA,A,NA,NA,NA,NA,20243041755
448,2024304,1935,2024,304,19,35,NA,NA,A,NA,NA,NA,NA,20243041935
449,2024305,1325,2024,305,13,25,NA,NA,T,NA,NA,NA,NA,20243051325
450,2024305,1500,2024,305,15,0,39.0375,-76.88712039,T,0.1097,0.07864,0.0171,0,20243051500
451,2024305,1835,2024,305,18,35,39.0375,-76.88712039,A,0.05323,0.03797,0.0078,0,20243051835
452,2024306,1405,2024,306,14,5,NA,NA,T,NA,NA,NA,NA,20243061405
453,2024306,1540,2024,306,15,40,NA,NA,T,NA,NA,NA,NA,20243061540
454,2024306,1740,2024,306,17,40,NA,NA,A,NA,NA,NA,NA,20243061740
455,2024306,1915,2024,306,19,15,39.0375,-76.88712039,A,0.0785,0.05638,0.0133,0,20243061915
456,2024307,1305,2024,307,13,5,NA,NA,T,NA,NA,NA,NA,20243071305
457,2024307,1445,2024,307,14,45,NA,NA,T,NA,NA,NA,NA,20243071445
458,2024307,1815,2024,307,18,15,39.0375,-76.88712039,A,0.04224,0.03019,0.004,0,20243071815
459,2024307,1955,2024,307,19,55,NA,NA,A,NA,NA,NA,NA,20243071955
460,2024308,1525,2024,308,15,25,39.0375,-76.88712039,T,0.09493,0.06802,0.0142,0,20243081525
461,2024308,1720,2024,308,17,20,NA,NA,A,NA,NA,NA,NA,20243081720
462,2024308,1855,2024,308,18,55,39.0375,-76.88712039,A,0.03502,0.02497,0.0152,0,20243081855
463,2024309,1425,2024,309,14,25,NA,NA,T,NA,NA,NA,NA,20243091425
464,2024309,1600,2024,309,16,0,NA,NA,T,NA,NA,NA,NA,20243091600
465,2024309,1800,2024,309,18,0,NA,NA,A,NA,NA,NA,NA,20243091800
466,2024309,1935,2024,309,19,35,NA,NA,A,NA,NA,NA,NA,20243091935
467,2024310,1325,2024,310,13,25,NA,NA,T,NA,NA,NA,NA,20243101325
468,2024310,1505,2024,310,15,5,NA,NA,T,NA,NA,NA,NA,20243101505
469,2024310,1840,2024,310,18,40,39.0375,-76.88712039,A,0.03469,0.02475,0.0082,0,20243101840
470,2024311,1405,2024,311,14,5,NA,NA,T,NA,NA,NA,NA,20243111405
471,2024311,1545,2024,311,15,45,39.0375,-76.88712039,T,0.04742,0.03384,0.0065,0,20243111545
472,2024311,1740,2024,311,17,40,NA,NA,A,NA,NA,NA,NA,20243111740
473,2024311,1920,2024,311,19,20,NA,NA,A,NA,NA,NA,NA,20243111920
474,2024312,1310,2024,312,13,10,NA,NA,T,NA,NA,NA,NA,20243121310
475,2024312,1445,2024,312,14,45,NA,NA,T,NA,NA,NA,NA,20243121445
476,2024312,1820,2024,312,18,20,NA,NA,A,NA,NA,NA,NA,20243121820
477,2024312,2000,2024,312,20,0,NA,NA,A,NA,NA,NA,NA,20243122000
478,2024313,1350,2024,313,13,50,NA,NA,T,NA,NA,NA,NA,20243131350
479,2024313,1525,2024,313,15,25,39.0375,-76.88712039,T,0.03445,0.02454,0.0121,0,20243131525
480,2024313,1720,2024,313,17,20,NA,NA,A,NA,NA,NA,NA,20243131720
481,2024313,1900,2024,313,19,0,39.0375,-76.88712039,A,0.03731,0.02656,0.0147,0,20243131900
482,2024314,1430,2024,314,14,30,39.0375,-76.88712039,T,0.05271,0.03769,0.006,0,20243141430
483,2024314,1605,2024,314,16,5,39.0375,-76.88712039,T,0,0,0.0033,0,20243141605
484,2024314,1800,2024,314,18,0,NA,NA,A,NA,NA,NA,NA,20243141800
485,2024314,1940,2024,314,19,40,39.0375,-76.8763917,A,0.0035,0.00245,0.0057,0,20243141940
486,2024315,1330,2024,315,13,30,NA,NA,T,NA,NA,NA,NA,20243151330
487,2024315,1510,2024,315,15,10,NA,NA,T,NA,NA,NA,NA,20243151510
488,2024315,1840,2024,315,18,40,NA,NA,A,NA,NA,NA,NA,20243151840
489,2024316,1410,2024,316,14,10,NA,NA,T,NA,NA,NA,NA,20243161410
490,2024316,1545,2024,316,15,45,39.0375,-76.88712039,T,0.03433,0.02451,0.0054,0,20243161545
491,2024316,1745,2024,316,17,45,NA,NA,A,NA,NA,NA,NA,20243161745
492,2024316,1920,2024,316,19,20,39.0375,-76.81201959,A,0.05314,0.03793,0.0094,0,20243161920
493,2024317,1310,2024,317,13,10,NA,NA,T,NA,NA,NA,NA,20243171310
494,2024317,1450,2024,317,14,50,39.0375,-76.88712039,T,0.1192,0.0853,0.0117,0,20243171450
495,2024317,1825,2024,317,18,25,39.0375,-76.88712039,A,0.01505,0.01069,0.0041,0,20243171825
496,2024318,1350,2024,318,13,50,NA,NA,T,NA,NA,NA,NA,20243181350
497,2024318,1725,2024,318,17,25,NA,NA,A,NA,NA,NA,NA,20243181725
498,2024318,1905,2024,318,19,5,NA,NA,A,NA,NA,NA,NA,20243181905
499,2024319,1805,2024,319,18,5,NA,NA,A,NA,NA,NA,NA,20243191805
500,2024319,1940,2024,319,19,40,NA,NA,A,NA,NA,NA,NA,20243191940
501,2024320,1335,2024,320,13,35,NA,NA,T,NA,NA,NA,NA,20243201335
502,2024320,1510,2024,320,15,10,NA,NA,T,NA,NA,NA,NA,20243201510
503,2024320,1705,2024,320,17,5,NA,NA,A,NA,NA,NA,NA,20243201705
504,2024320,1845,2024,320,18,45,NA,NA,A,NA,NA,NA,NA,20243201845
505,2024321,1415,2024,321,14,15,NA,NA,T,NA,NA,NA,NA,20243211415
506,2024321,1550,2024,321,15,50,NA,NA,T,NA,NA,NA,NA,20243211550
507,2024321,1745,2024,321,17,45,NA,NA,A,NA,NA,NA,NA,20243211745
508,2024321,1925,2024,321,19,25,39.0375,-76.88712039,A,0.02231,0.01589,0.0096,0,20243211925
509,2024322,1315,2024,322,13,15,NA,NA,T,NA,NA,NA,NA,20243221315
510,2024322,1455,2024,322,14,55,NA,NA,T,NA,NA,NA,NA,20243221455
511,2024322,1825,2024,322,18,25,NA,NA,A,NA,NA,NA,NA,20243221825
512,2024323,1355,2024,323,13,55,NA,NA,T,NA,NA,NA,NA,20243231355
513,2024323,1530,2024,323,15,30,NA,NA,T,NA,NA,NA,NA,20243231530
514,2024323,1725,2024,323,17,25,NA,NA,A,NA,NA,NA,NA,20243231725
515,2024323,1905,2024,323,19,5,39.0375,-76.88712039,A,0.17983,0.12914,0.0132,0,20243231905
516,2024324,1435,2024,324,14,35,NA,NA,T,NA,NA,NA,NA,20243241435
517,2024324,1610,2024,324,16,10,NA,NA,T,NA,NA,NA,NA,20243241610
518,2024324,1805,2024,324,18,5,NA,NA,A,NA,NA,NA,NA,20243241805
519,2024324,1945,2024,324,19,45,NA,NA,A,NA,NA,NA,NA,20243241945
520,2024325,1335,2024,325,13,35,NA,NA,T,NA,NA,NA,NA,20243251335
521,2024325,1515,2024,325,15,15,39.0375,-76.84420565,T,0.159,0.1135,0.0139,0,20243251515
522,2024325,1705,2024,325,17,5,NA,NA,A,NA,NA,NA,NA,20243251705
523,2024325,1845,2024,325,18,45,NA,NA,A,NA,NA,NA,NA,20243251845
524,2024326,1415,2024,326,14,15,NA,NA,T,NA,NA,NA,NA,20243261415
525,2024326,1550,2024,326,15,50,39.0375,-76.80129091,T,0.0701,0.05012,0.0037,0,20243261550
526,2024326,1750,2024,326,17,50,NA,NA,A,NA,NA,NA,NA,20243261750
527,2024326,1925,2024,326,19,25,NA,NA,A,NA,NA,NA,NA,20243261925
528,2024327,1320,2024,327,13,20,NA,NA,T,NA,NA,NA,NA,20243271320
529,2024327,1455,2024,327,14,55,NA,NA,T,NA,NA,NA,NA,20243271455
530,2024327,1830,2024,327,18,30,NA,NA,A,NA,NA,NA,NA,20243271830
531,2024328,1400,2024,328,14,0,NA,NA,T,NA,NA,NA,NA,20243281400
532,2024328,1535,2024,328,15,35,39.0375,-76.88712039,T,0.04671,0.03335,0.0067,0,20243281535
533,2024328,1730,2024,328,17,30,NA,NA,A,NA,NA,NA,NA,20243281730
534,2024328,1910,2024,328,19,10,NA,NA,A,NA,NA,NA,NA,20243281910
535,2024329,1300,2024,329,13,0,NA,NA,T,NA,NA,NA,NA,20243291300
536,2024329,1440,2024,329,14,40,38.97083333,-76.8897287,T,0.17278,0.124,0.0073,0,20243291440
537,2024329,1810,2024,329,18,10,NA,NA,A,NA,NA,NA,NA,20243291810
538,2024329,1945,2024,329,19,45,39.0375,-76.88712039,A,0.00656,0.00459,0.0043,0,20243291945
539,2024330,1340,2024,330,13,40,NA,NA,T,NA,NA,NA,NA,20243301340
540,2024330,1515,2024,330,15,15,39.0375,-76.88712039,T,0.09316,0.06668,0.0123,0,20243301515
541,2024330,1710,2024,330,17,10,NA,NA,A,NA,NA,NA,NA,20243301710
542,2024330,1850,2024,330,18,50,39.0375,-76.88712039,A,0.08937,0.06392,0.0091,0,20243301850
543,2024331,1420,2024,331,14,20,NA,NA,T,NA,NA,NA,NA,20243311420
544,2024331,1555,2024,331,15,55,NA,NA,T,NA,NA,NA,NA,20243311555
545,2024331,1750,2024,331,17,50,NA,NA,A,NA,NA,NA,NA,20243311750
546,2024331,1930,2024,331,19,30,39.0375,-76.88712039,A,0.01761,0.01245,0.0079,0,20243311930
547,2024332,1320,2024,332,13,20,NA,NA,T,NA,NA,NA,NA,20243321320
548,2024332,1500,2024,332,15,0,NA,NA,T,NA,NA,NA,NA,20243321500
549,2024332,1830,2024,332,18,30,NA,NA,A,NA,NA,NA,NA,20243321830
550,2024333,1400,2024,333,14,0,NA,NA,T,NA,NA,NA,NA,20243331400
551,2024333,1535,2024,333,15,35,NA,NA,T,NA,NA,NA,NA,20243331535
552,2024333,1730,2024,333,17,30,NA,NA,A,NA,NA,NA,NA,20243331730
553,2024333,1910,2024,333,19,10,NA,NA,A,NA,NA,NA,NA,20243331910
554,2024334,1300,2024,334,13,0,NA,NA,T,NA,NA,NA,NA,20243341300
555,2024334,1440,2024,334,14,40,NA,NA,T,NA,NA,NA,NA,20243341440
556,2024334,1810,2024,334,18,10,NA,NA,A,NA,NA,NA,NA,20243341810
557,2024334,1950,2024,334,19,50,NA,NA,A,NA,NA,NA,NA,20243341950
558,2024335,1340,2024,335,13,40,NA,NA,T,NA,NA,NA,NA,20243351340
559,2024335,1520,2024,335,15,20,39.0375,-76.8763917,T,0.14215,0.10192,0.0105,0,20243351520
560,2024335,1710,2024,335,17,10,NA,NA,A,NA,NA,NA,NA,20243351710
561,2024335,1850,2024,335,18,50,39.0375,-76.88712039,A,0.09986,0.07153,0.0094,0,20243351850
562,2024336,1420,2024,336,14,20,NA,NA,T,NA,NA,NA,NA,20243361420
563,2024336,1600,2024,336,16,0,NA,NA,T,NA,NA,NA,NA,20243361600
564,2024336,1755,2024,336,17,55,NA,NA,A,NA,NA,NA,NA,20243361755
565,2024336,1930,2024,336,19,30,39.0125,-76.7848598,A,0.157,0.113,0.007,0,20243361930
566,2024337,1325,2024,337,13,25,NA,NA,T,NA,NA,NA,NA,20243371325
567,2024337,1500,2024,337,15,0,39.0375,-76.88712039,T,0.11335,0.08122,0.0132,0,20243371500
568,2024337,1835,2024,337,18,35,39.0375,-76.88712039,A,0.05388,0.03847,0.0046,0,20243371835
569,2024338,1405,2024,338,14,5,NA,NA,T,NA,NA,NA,NA,20243381405
570,2024338,1540,2024,338,15,40,39.0375,-76.88712039,T,0.06183,0.04422,0.0049,0,20243381540
571,2024338,1735,2024,338,17,35,NA,NA,A,NA,NA,NA,NA,20243381735
572,2024338,1910,2024,338,19,10,39.0375,-76.88712039,A,0.06944,0.04971,0.012,0,20243381910
573,2024339,1305,2024,339,13,5,NA,NA,T,NA,NA,NA,NA,20243391305
574,2024339,1445,2024,339,14,45,NA,NA,T,NA,NA,NA,NA,20243391445
575,2024339,1815,2024,339,18,15,NA,NA,A,NA,NA,NA,NA,20243391815
576,2024339,1950,2024,339,19,50,NA,NA,A,NA,NA,NA,NA,20243391950
577,2024340,1345,2024,340,13,45,NA,NA,T,NA,NA,NA,NA,20243401345
578,2024340,1525,2024,340,15,25,39.0375,-76.88712039,T,0.06663,0.04761,0.0094,0,20243401525
579,2024340,1715,2024,340,17,15,NA,NA,A,NA,NA,NA,NA,20243401715
580,2024340,1855,2024,340,18,55,39.0375,-76.88712039,A,0.04142,0.02959,0.0099,0,20243401855
581,2024341,1425,2024,341,14,25,39.0375,-76.88712039,T,0.11862,0.08507,0.0046,0,20243411425
582,2024341,1600,2024,341,16,0,NA,NA,T,NA,NA,NA,NA,20243411600
583,2024341,1755,2024,341,17,55,NA,NA,A,NA,NA,NA,NA,20243411755
584,2024341,1935,2024,341,19,35,NA,NA,A,NA,NA,NA,NA,20243411935
585,2024342,1325,2024,342,13,25,NA,NA,T,NA,NA,NA,NA,20243421325
586,2024342,1505,2024,342,15,5,39.0375,-76.8763917,T,0.12811,0.0919,0.0122,0,20243421505
587,2024342,1835,2024,342,18,35,NA,NA,A,NA,NA,NA,NA,20243421835
588,2024343,1405,2024,343,14,5,NA,NA,T,NA,NA,NA,NA,20243431405
589,2024343,1545,2024,343,15,45,39.0375,-76.84420565,T,0,0,0.0041,0,20243431545
590,2024343,1735,2024,343,17,35,NA,NA,A,NA,NA,NA,NA,20243431735
591,2024343,1915,2024,343,19,15,NA,NA,A,NA,NA,NA,NA,20243431915
592,2024344,1310,2024,344,13,10,NA,NA,T,NA,NA,NA,NA,20243441310
593,2024344,1445,2024,344,14,45,NA,NA,T,NA,NA,NA,NA,20243441445
594,2024344,1815,2024,344,18,15,NA,NA,A,NA,NA,NA,NA,20243441815
595,2024344,1955,2024,344,19,55,39.0375,-76.86566302,A,0.06183,0.04426,0.0034,0,20243441955
596,2024345,1350,2024,345,13,50,NA,NA,T,NA,NA,NA,NA,20243451350
597,2024345,1525,2024,345,15,25,NA,NA,T,NA,NA,NA,NA,20243451525
598,2024345,1715,2024,345,17,15,NA,NA,A,NA,NA,NA,NA,20243451715
599,2024345,1855,2024,345,18,55,NA,NA,A,NA,NA,NA,NA,20243451855
600,2024346,1430,2024,346,14,30,NA,NA,T,NA,NA,NA,NA,20243461430
601,2024346,1605,2024,346,16,5,NA,NA,T,NA,NA,NA,NA,20243461605
602,2024346,1755,2024,346,17,55,NA,NA,A,NA,NA,NA,NA,20243461755
603,2024346,1935,2024,346,19,35,NA,NA,A,NA,NA,NA,NA,20243461935
604,2024347,1330,2024,347,13,30,NA,NA,T,NA,NA,NA,NA,20243471330
605,2024347,1505,2024,347,15,5,39.0375,-76.8763917,T,0.1309,0.09387,0.0119,0,20243471505
606,2024347,1835,2024,347,18,35,39.0375,-76.88712039,A,0.03034,0.02163,0.005,0,20243471835
607,2024348,1410,2024,348,14,10,NA,NA,T,NA,NA,NA,NA,20243481410
608,2024348,1545,2024,348,15,45,NA,NA,T,NA,NA,NA,NA,20243481545
609,2024348,1740,2024,348,17,40,NA,NA,A,NA,NA,NA,NA,20243481740
610,2024348,1915,2024,348,19,15,NA,NA,A,NA,NA,NA,NA,20243481915
611,2024349,1310,2024,349,13,10,NA,NA,T,NA,NA,NA,NA,20243491310
612,2024349,1450,2024,349,14,50,39.0375,-76.88712039,T,0.18083,0.12986,0.0097,0,20243491450
613,2024349,1820,2024,349,18,20,39.0375,-76.88712039,A,0.10386,0.07447,0.0027,0,20243491820
614,2024349,1955,2024,349,19,55,38.99583333,-76.78821679,A,0.084,0.06,0.0033,0,20243491955
615,2024350,1350,2024,350,13,50,NA,NA,T,NA,NA,NA,NA,20243501350
616,2024350,1530,2024,350,15,30,NA,NA,T,NA,NA,NA,NA,20243501530
617,2024350,1720,2024,350,17,20,NA,NA,A,NA,NA,NA,NA,20243501720
618,2024350,1855,2024,350,18,55,NA,NA,A,NA,NA,NA,NA,20243501855
619,2024351,1430,2024,351,14,30,NA,NA,T,NA,NA,NA,NA,20243511430
620,2024351,1605,2024,351,16,5,NA,NA,T,NA,NA,NA,NA,20243511605
621,2024351,1800,2024,351,18,0,NA,NA,A,NA,NA,NA,NA,20243511800
622,2024351,1935,2024,351,19,35,NA,NA,A,NA,NA,NA,NA,20243511935
623,2024352,1330,2024,352,13,30,NA,NA,T,NA,NA,NA,NA,20243521330
624,2024352,1510,2024,352,15,10,NA,NA,T,NA,NA,NA,NA,20243521510
625,2024352,1840,2024,352,18,40,NA,NA,A,NA,NA,NA,NA,20243521840
626,2024353,1410,2024,353,14,10,NA,NA,T,NA,NA,NA,NA,20243531410
627,2024353,1550,2024,353,15,50,39.00416666,-76.86160308,T,0.144,0.103,0.0032,0,20243531550
628,2024353,1740,2024,353,17,40,NA,NA,A,NA,NA,NA,NA,20243531740
629,2024353,1915,2024,353,19,15,NA,NA,A,NA,NA,NA,NA,20243531915
630,2024354,1315,2024,354,13,15,NA,NA,T,NA,NA,NA,NA,20243541315
631,2024354,1450,2024,354,14,50,39.0375,-76.88712039,T,0.13153,0.09432,0.01,0,20243541450
632,2024354,1820,2024,354,18,20,38.9875,-76.83278154,A,0.08419,0.06005,0.0029,0,20243541820
633,2024354,1955,2024,354,19,55,NA,NA,A,NA,NA,NA,NA,20243541955
634,2024355,1355,2024,355,13,55,NA,NA,T,NA,NA,NA,NA,20243551355
635,2024355,1530,2024,355,15,30,NA,NA,T,NA,NA,NA,NA,20243551530
636,2024355,1720,2024,355,17,20,NA,NA,A,NA,NA,NA,NA,20243551720
637,2024355,1900,2024,355,19,0,NA,NA,A,NA,NA,NA,NA,20243551900
638,2024356,1255,2024,356,12,55,NA,NA,T,NA,NA,NA,NA,20243561255
639,2024356,1435,2024,356,14,35,NA,NA,T,NA,NA,NA,NA,20243561435
640,2024356,1800,2024,356,18,0,NA,NA,A,NA,NA,NA,NA,20243561800
641,2024356,1940,2024,356,19,40,NA,NA,A,NA,NA,NA,NA,20243561940
642,2024357,1335,2024,357,13,35,NA,NA,T,NA,NA,NA,NA,20243571335
643,2024357,1515,2024,357,15,15,39.0375,-76.88712039,T,0.07381,0.05276,0.0111,0,20243571515
644,2024357,1840,2024,357,18,40,39.0375,-76.88712039,A,0.03924,0.02801,0.0055,0,20243571840
645,2024358,1415,2024,358,14,15,39.0375,-76.85493433,T,0.1214,0.08706,0.0033,0,20243581415
646,2024358,1550,2024,358,15,50,39.0375,-76.88712039,T,0.05076,0.03627,0.0029,0,20243581550
647,2024358,1740,2024,358,17,40,NA,NA,A,NA,NA,NA,NA,20243581740
648,2024358,1920,2024,358,19,20,39.0125,-76.88138383,A,0.08825,0.06325,0.0101,0,20243581920
649,2024359,1315,2024,359,13,15,NA,NA,T,NA,NA,NA,NA,20243591315
650,2024359,1455,2024,359,14,55,NA,NA,T,NA,NA,NA,NA,20243591455
651,2024359,1820,2024,359,18,20,NA,NA,A,NA,NA,NA,NA,20243591820
652,2024359,2000,2024,359,20,0,NA,NA,A,NA,NA,NA,NA,20243592000
653,2024360,1355,2024,360,13,55,NA,NA,T,NA,NA,NA,NA,20243601355
654,2024360,1535,2024,360,15,35,NA,NA,T,NA,NA,NA,NA,20243601535
655,2024360,1720,2024,360,17,20,NA,NA,A,NA,NA,NA,NA,20243601720
656,2024360,1900,2024,360,19,0,NA,NA,A,NA,NA,NA,NA,20243601900
657,2024361,1300,2024,361,13,0,NA,NA,T,NA,NA,NA,NA,20243611300
658,2024361,1435,2024,361,14,35,NA,NA,T,NA,NA,NA,NA,20243611435
659,2024361,1800,2024,361,18,0,NA,NA,A,NA,NA,NA,NA,20243611800
660,2024361,1940,2024,361,19,40,NA,NA,A,NA,NA,NA,NA,20243611940
661,2024362,1340,2024,362,13,40,NA,NA,T,NA,NA,NA,NA,20243621340
662,2024362,1515,2024,362,15,15,NA,NA,T,NA,NA,NA,NA,20243621515
663,2024362,1840,2024,362,18,40,NA,NA,A,NA,NA,NA,NA,20243621840
664,2024363,1415,2024,363,14,15,NA,NA,T,NA,NA,NA,NA,20243631415
665,2024363,1555,2024,363,15,55,NA,NA,T,NA,NA,NA,NA,20243631555
666,2024363,1745,2024,363,17,45,NA,NA,A,NA,NA,NA,NA,20243631745
667,2024363,1920,2024,363,19,20,NA,NA,A,NA,NA,NA,NA,20243631920
668,2024364,1320,2024,364,13,20,NA,NA,T,NA,NA,NA,NA,20243641320
669,2024364,1455,2024,364,14,55,NA,NA,T,NA,NA,NA,NA,20243641455
670,2024364,1820,2024,364,18,20,NA,NA,A,NA,NA,NA,NA,20243641820
671,2024364,2000,2024,364,20,0,NA,NA,A,NA,NA,NA,NA,20243642000
672,2024365,1400,2024,365,14,0,NA,NA,T,NA,NA,NA,NA,20243651400
673,2024365,1535,2024,365,15,35,39.0375,-76.88712039,T,0.05025,0.03592,0.0047,0,20243651535
674,2024365,1725,2024,365,17,25,NA,NA,A,NA,NA,NA,NA,20243651725
675,2024365,1900,2024,365,19,0,39.0375,-76.83347696,A,0.01099,0.00767,0.0114,0,20243651900
676,2024366,1300,2024,366,13,0,NA,NA,T,NA,NA,NA,NA,20243661300
677,2024366,1440,2024,366,14,40,39.0375,-76.88712039,T,0.09616,0.06881,0.0069,0,20243661440
678,2024366,1805,2024,366,18,5,NA,NA,A,NA,NA,NA,NA,20243661805
