,date,hora,Year,DOY,Hour,Minute,Lat,Lon,AOD_Type,AOD_047,AOD_055,AOD_Uncertainty,QA_AOD,timestamp
1,2015001,1240,2015,1,12,40,NA,NA,T,NA,NA,NA,NA,20150011240
2,2015001,1420,2015,1,14,20,NA,NA,T,NA,NA,NA,NA,20150011420
3,2015001,1655,2015,1,16,55,NA,NA,A,NA,NA,NA,NA,20150011655
4,2015001,1835,2015,1,18,35,NA,NA,A,NA,NA,NA,NA,20150011835
5,2015002,1325,2015,2,13,25,-34.55416666,-58.50906357,T,0.08475,0.058,0.0289,0,20150021325
6,2015002,1505,2015,2,15,5,NA,NA,T,NA,NA,NA,NA,20150021505
7,2015002,1740,2015,2,17,40,NA,NA,A,NA,NA,NA,NA,20150021740
8,2015002,1915,2015,2,19,15,NA,NA,A,NA,NA,NA,NA,20150021915
9,2015003,1230,2015,3,12,30,NA,NA,T,NA,NA,NA,NA,20150031230
10,2015003,1410,2015,3,14,10,-34.55416666,-58.50906357,T,0.11825,0.08125,0.0585,0,20150031410
11,2015003,1645,2015,3,16,45,NA,NA,A,NA,NA,NA,NA,20150031645
12,2015003,1825,2015,3,18,25,-34.55416666,-58.50906357,A,0.142,0.098,0.0345,0,20150031825
13,2015004,1315,2015,4,13,15,NA,NA,T,NA,NA,NA,NA,20150041315
14,2015004,1450,2015,4,14,50,NA,NA,T,NA,NA,NA,NA,20150041450
15,2015004,1730,2015,4,17,30,NA,NA,A,NA,NA,NA,NA,20150041730
16,2015004,1905,2015,4,19,5,NA,NA,A,NA,NA,NA,NA,20150041905
17,2015005,1355,2015,5,13,55,-34.55416666,-58.50906357,T,0.08875,0.0605,0.0878,0,20150051355
18,2015005,1635,2015,5,16,35,NA,NA,A,NA,NA,NA,NA,20150051635
19,2015005,1810,2015,5,18,10,-34.55416666,-58.50906357,A,0.147,0.101,0.0595,0,20150051810
20,2015006,1300,2015,6,13,0,NA,NA,T,NA,NA,NA,NA,20150061300
21,2015006,1440,2015,6,14,40,NA,NA,T,NA,NA,NA,NA,20150061440
22,2015006,1715,2015,6,17,15,NA,NA,A,NA,NA,NA,NA,20150061715
23,2015006,1850,2015,6,18,50,NA,NA,A,NA,NA,NA,NA,20150061850
24,2015007,1345,2015,7,13,45,NA,NA,T,NA,NA,NA,NA,20150071345
25,2015007,1620,2015,7,16,20,NA,NA,A,NA,NA,NA,NA,20150071620
26,2015007,1800,2015,7,18,0,-34.55416666,-58.50906357,A,0.4275,0.3015,0.0807,0,20150071800
27,2015008,1250,2015,8,12,50,NA,NA,T,NA,NA,NA,NA,20150081250
28,2015008,1425,2015,8,14,25,-34.55416666,-58.50906357,T,0.24975,0.17325,0.0459,0,20150081425
29,2015008,1705,2015,8,17,5,-34.55416666,-58.50906357,A,0.16375,0.11275,0.022,0,20150081705
30,2015008,1840,2015,8,18,40,-34.55416666,-58.50906357,A,0.15967,0.10967,0.0202,0,20150081840
31,2015009,1330,2015,9,13,30,NA,NA,T,NA,NA,NA,NA,20150091330
32,2015009,1510,2015,9,15,10,NA,NA,T,NA,NA,NA,NA,20150091510
33,2015009,1610,2015,9,16,10,NA,NA,A,NA,NA,NA,NA,20150091610
34,2015009,1745,2015,9,17,45,-34.55416666,-58.50906357,A,0.165,0.114,0.0742,0,20150091745
35,2015010,1235,2015,10,12,35,NA,NA,T,NA,NA,NA,NA,20150101235
36,2015010,1415,2015,10,14,15,-34.55416666,-58.49894527,T,0.14133,0.097,0.0516,0,20150101415
37,2015010,1650,2015,10,16,50,NA,NA,A,NA,NA,NA,NA,20150101650
38,2015010,1830,2015,10,18,30,-34.55416666,-58.50906357,A,0.23433,0.16233,0.0313,0,20150101830
39,2015011,1320,2015,11,13,20,NA,NA,T,NA,NA,NA,NA,20150111320
40,2015011,1455,2015,11,14,55,NA,NA,T,NA,NA,NA,NA,20150111455
41,2015011,1735,2015,11,17,35,NA,NA,A,NA,NA,NA,NA,20150111735
42,2015011,1910,2015,11,19,10,NA,NA,A,NA,NA,NA,NA,20150111910
43,2015012,1400,2015,12,14,0,-34.55416666,-58.50906357,T,0.153,0.10525,0.0856,0,20150121400
44,2015012,1640,2015,12,16,40,NA,NA,A,NA,NA,NA,NA,20150121640
45,2015012,1815,2015,12,18,15,-34.55416666,-58.50906357,A,0.078,0.053,0.0467,0,20150121815
46,2015013,1305,2015,13,13,5,NA,NA,T,NA,NA,NA,NA,20150131305
47,2015013,1445,2015,13,14,45,NA,NA,T,NA,NA,NA,NA,20150131445
48,2015013,1720,2015,13,17,20,NA,NA,A,NA,NA,NA,NA,20150131720
49,2015013,1900,2015,13,19,0,NA,NA,A,NA,NA,NA,NA,20150131900
50,2015014,1350,2015,14,13,50,NA,NA,T,NA,NA,NA,NA,20150141350
51,2015014,1625,2015,14,16,25,NA,NA,A,NA,NA,NA,NA,20150141625
52,2015014,1805,2015,14,18,5,NA,NA,A,NA,NA,NA,NA,20150141805
53,2015015,1255,2015,15,12,55,NA,NA,T,NA,NA,NA,NA,20150151255
54,2015015,1430,2015,15,14,30,NA,NA,T,NA,NA,NA,NA,20150151430
55,2015015,1710,2015,15,17,10,NA,NA,A,NA,NA,NA,NA,20150151710
56,2015015,1845,2015,15,18,45,NA,NA,A,NA,NA,NA,NA,20150151845
57,2015016,1335,2015,16,13,35,NA,NA,T,NA,NA,NA,NA,20150161335
58,2015016,1515,2015,16,15,15,NA,NA,T,NA,NA,NA,NA,20150161515
59,2015016,1615,2015,16,16,15,NA,NA,A,NA,NA,NA,NA,20150161615
60,2015016,1755,2015,16,17,55,NA,NA,A,NA,NA,NA,NA,20150161755
61,2015017,1240,2015,17,12,40,NA,NA,T,NA,NA,NA,NA,20150171240
62,2015017,1420,2015,17,14,20,NA,NA,T,NA,NA,NA,NA,20150171420
63,2015017,1700,2015,17,17,0,NA,NA,A,NA,NA,NA,NA,20150171700
64,2015017,1835,2015,17,18,35,NA,NA,A,NA,NA,NA,NA,20150171835
65,2015018,1325,2015,18,13,25,NA,NA,T,NA,NA,NA,NA,20150181325
66,2015018,1505,2015,18,15,5,NA,NA,T,NA,NA,NA,NA,20150181505
67,2015018,1740,2015,18,17,40,NA,NA,A,NA,NA,NA,NA,20150181740
68,2015018,1915,2015,18,19,15,NA,NA,A,NA,NA,NA,NA,20150181915
69,2015019,1230,2015,19,12,30,NA,NA,T,NA,NA,NA,NA,20150191230
70,2015019,1410,2015,19,14,10,NA,NA,T,NA,NA,NA,NA,20150191410
71,2015019,1645,2015,19,16,45,NA,NA,A,NA,NA,NA,NA,20150191645
72,2015019,1825,2015,19,18,25,NA,NA,A,NA,NA,NA,NA,20150191825
73,2015020,1315,2015,20,13,15,-34.55416666,-58.50906357,T,0.2265,0.157,0.0166,0,20150201315
74,2015020,1450,2015,20,14,50,NA,NA,T,NA,NA,NA,NA,20150201450
75,2015020,1730,2015,20,17,30,NA,NA,A,NA,NA,NA,NA,20150201730
76,2015020,1905,2015,20,19,5,NA,NA,A,NA,NA,NA,NA,20150201905
77,2015021,1355,2015,21,13,55,NA,NA,T,NA,NA,NA,NA,20150211355
78,2015021,1635,2015,21,16,35,NA,NA,A,NA,NA,NA,NA,20150211635
79,2015021,1810,2015,21,18,10,-34.55416666,-58.50906357,A,0.133,0.0915,0.063,0,20150211810
80,2015022,1300,2015,22,13,0,NA,NA,T,NA,NA,NA,NA,20150221300
81,2015022,1440,2015,22,14,40,-34.55416666,-58.50906357,T,0.1245,0.0855,0.0185,0,20150221440
82,2015022,1715,2015,22,17,15,-34.55416666,-58.50906357,A,0.17567,0.12067,0.0209,0,20150221715
83,2015022,1855,2015,22,18,55,NA,NA,A,NA,NA,NA,NA,20150221855
84,2015023,1345,2015,23,13,45,-34.55416666,-58.50906357,T,0.12975,0.08925,0.0603,0,20150231345
85,2015023,1620,2015,23,16,20,NA,NA,A,NA,NA,NA,NA,20150231620
86,2015023,1800,2015,23,18,0,-34.55416666,-58.50906357,A,0.23275,0.16125,0.0781,0,20150231800
87,2015024,1250,2015,24,12,50,NA,NA,T,NA,NA,NA,NA,20150241250
88,2015024,1425,2015,24,14,25,NA,NA,T,NA,NA,NA,NA,20150241425
89,2015024,1705,2015,24,17,5,-34.55416666,-58.50906357,A,0.24625,0.1705,0.0134,0,20150241705
90,2015024,1840,2015,24,18,40,-34.55416666,-58.50906357,A,0.22875,0.15875,0.0214,0,20150241840
91,2015025,1330,2015,25,13,30,NA,NA,T,NA,NA,NA,NA,20150251330
92,2015025,1510,2015,25,15,10,NA,NA,T,NA,NA,NA,NA,20150251510
93,2015025,1610,2015,25,16,10,NA,NA,A,NA,NA,NA,NA,20150251610
94,2015025,1745,2015,25,17,45,NA,NA,A,NA,NA,NA,NA,20150251745
95,2015026,1235,2015,26,12,35,NA,NA,T,NA,NA,NA,NA,20150261235
96,2015026,1415,2015,26,14,15,NA,NA,T,NA,NA,NA,NA,20150261415
97,2015026,1650,2015,26,16,50,NA,NA,A,NA,NA,NA,NA,20150261650
98,2015026,1830,2015,26,18,30,NA,NA,A,NA,NA,NA,NA,20150261830
99,2015027,1320,2015,27,13,20,NA,NA,T,NA,NA,NA,NA,20150271320
100,2015027,1455,2015,27,14,55,NA,NA,T,NA,NA,NA,NA,20150271455
101,2015027,1735,2015,27,17,35,NA,NA,A,NA,NA,NA,NA,20150271735
102,2015027,1910,2015,27,19,10,NA,NA,A,NA,NA,NA,NA,20150271910
103,2015028,1400,2015,28,14,0,NA,NA,T,NA,NA,NA,NA,20150281400
104,2015028,1640,2015,28,16,40,NA,NA,A,NA,NA,NA,NA,20150281640
105,2015028,1815,2015,28,18,15,NA,NA,A,NA,NA,NA,NA,20150281815
106,2015029,1305,2015,29,13,5,NA,NA,T,NA,NA,NA,NA,20150291305
107,2015029,1445,2015,29,14,45,-34.55416666,-58.50906357,T,0.11225,0.07675,0.0126,0,20150291445
108,2015029,1720,2015,29,17,20,-34.55416666,-58.50906357,A,0.18075,0.12425,0.0259,0,20150291720
109,2015029,1900,2015,29,19,0,NA,NA,A,NA,NA,NA,NA,20150291900
110,2015030,1350,2015,30,13,50,NA,NA,T,NA,NA,NA,NA,20150301350
111,2015030,1625,2015,30,16,25,NA,NA,A,NA,NA,NA,NA,20150301625
112,2015030,1805,2015,30,18,5,-34.55416666,-58.50906357,A,0.11675,0.08025,0.0679,0,20150301805
113,2015031,1255,2015,31,12,55,NA,NA,T,NA,NA,NA,NA,20150311255
114,2015031,1430,2015,31,14,30,-34.55416666,-58.50906357,T,0.17825,0.1225,0.0208,0,20150311430
115,2015031,1710,2015,31,17,10,-34.55416666,-58.50906357,A,0.18525,0.1275,0.0164,0,20150311710
116,2015031,1845,2015,31,18,45,NA,NA,A,NA,NA,NA,NA,20150311845
117,2015032,1335,2015,32,13,35,-34.55416666,-58.50906357,T,0.17125,0.11775,0.0466,0,20150321335
118,2015032,1515,2015,32,15,15,NA,NA,T,NA,NA,NA,NA,20150321515
119,2015032,1615,2015,32,16,15,NA,NA,A,NA,NA,NA,NA,20150321615
120,2015032,1755,2015,32,17,55,-34.55416666,-58.50906357,A,0.31325,0.2185,0.0743,0,20150321755
121,2015033,1240,2015,33,12,40,NA,NA,T,NA,NA,NA,NA,20150331240
122,2015033,1420,2015,33,14,20,-34.55416666,-58.50906357,T,0.2645,0.183,0.0351,0,20150331420
123,2015033,1700,2015,33,17,0,NA,NA,A,NA,NA,NA,NA,20150331700
124,2015033,1835,2015,33,18,35,-34.55416666,-58.50906357,A,0.13625,0.0935,0.0263,0,20150331835
125,2015034,1325,2015,34,13,25,-34.55416666,-58.50906357,T,0.1655,0.1135,0.032,0,20150341325
126,2015034,1505,2015,34,15,5,NA,NA,T,NA,NA,NA,NA,20150341505
127,2015034,1740,2015,34,17,40,NA,NA,A,NA,NA,NA,NA,20150341740
128,2015034,1915,2015,34,19,15,NA,NA,A,NA,NA,NA,NA,20150341915
129,2015035,1230,2015,35,12,30,NA,NA,T,NA,NA,NA,NA,20150351230
130,2015035,1410,2015,35,14,10,NA,NA,T,NA,NA,NA,NA,20150351410
131,2015035,1645,2015,35,16,45,NA,NA,A,NA,NA,NA,NA,20150351645
132,2015035,1825,2015,35,18,25,-34.55416666,-58.50906357,A,0.20367,0.141,0.04,0,20150351825
133,2015036,1315,2015,36,13,15,NA,NA,T,NA,NA,NA,NA,20150361315
134,2015036,1450,2015,36,14,50,NA,NA,T,NA,NA,NA,NA,20150361450
135,2015036,1730,2015,36,17,30,NA,NA,A,NA,NA,NA,NA,20150361730
136,2015036,1905,2015,36,19,5,NA,NA,A,NA,NA,NA,NA,20150361905
137,2015037,1355,2015,37,13,55,-34.55416666,-58.50906357,T,0.07975,0.0545,0.0798,0,20150371355
138,2015037,1635,2015,37,16,35,NA,NA,A,NA,NA,NA,NA,20150371635
139,2015037,1810,2015,37,18,10,-34.55416666,-58.50906357,A,0.111,0.07625,0.0623,0,20150371810
140,2015038,1300,2015,38,13,0,NA,NA,T,NA,NA,NA,NA,20150381300
141,2015038,1440,2015,38,14,40,-34.55416666,-58.50906357,T,0.148,0.10175,0.0141,0,20150381440
142,2015038,1715,2015,38,17,15,-34.55416666,-58.50906357,A,0.20775,0.144,0.0186,0,20150381715
143,2015038,1855,2015,38,18,55,NA,NA,A,NA,NA,NA,NA,20150381855
144,2015039,1345,2015,39,13,45,-34.55416666,-58.50906357,T,0.07825,0.0535,0.0585,0,20150391345
145,2015039,1620,2015,39,16,20,NA,NA,A,NA,NA,NA,NA,20150391620
146,2015039,1800,2015,39,18,0,NA,NA,A,NA,NA,NA,NA,20150391800
147,2015040,1250,2015,40,12,50,NA,NA,T,NA,NA,NA,NA,20150401250
148,2015040,1425,2015,40,14,25,-34.55416666,-58.50906357,T,0.1195,0.082,0.0275,0,20150401425
149,2015040,1705,2015,40,17,5,NA,NA,A,NA,NA,NA,NA,20150401705
150,2015040,1840,2015,40,18,40,NA,NA,A,NA,NA,NA,NA,20150401840
151,2015041,1330,2015,41,13,30,NA,NA,T,NA,NA,NA,NA,20150411330
152,2015041,1510,2015,41,15,10,NA,NA,T,NA,NA,NA,NA,20150411510
153,2015041,1610,2015,41,16,10,NA,NA,A,NA,NA,NA,NA,20150411610
154,2015041,1745,2015,41,17,45,NA,NA,A,NA,NA,NA,NA,20150411745
155,2015042,1235,2015,42,12,35,NA,NA,T,NA,NA,NA,NA,20150421235
156,2015042,1415,2015,42,14,15,NA,NA,T,NA,NA,NA,NA,20150421415
157,2015042,1650,2015,42,16,50,NA,NA,A,NA,NA,NA,NA,20150421650
158,2015042,1830,2015,42,18,30,-34.55416666,-58.50906357,A,0.092,0.063,0.0307,0,20150421830
159,2015043,1320,2015,43,13,20,-34.55416666,-58.50906357,T,0.09825,0.0675,0.0257,0,20150431320
160,2015043,1455,2015,43,14,55,NA,NA,T,NA,NA,NA,NA,20150431455
161,2015043,1735,2015,43,17,35,-34.55416666,-58.50906357,A,0.26675,0.18525,0.0445,0,20150431735
162,2015043,1910,2015,43,19,10,NA,NA,A,NA,NA,NA,NA,20150431910
163,2015044,1400,2015,44,14,0,NA,NA,T,NA,NA,NA,NA,20150441400
164,2015044,1640,2015,44,16,40,NA,NA,A,NA,NA,NA,NA,20150441640
165,2015044,1815,2015,44,18,15,-34.55416666,-58.50906357,A,0.09825,0.0675,0.0501,0,20150441815
166,2015045,1305,2015,45,13,5,NA,NA,T,NA,NA,NA,NA,20150451305
167,2015045,1445,2015,45,14,45,-34.55416666,-58.50906357,T,0.1785,0.1225,0.0132,0,20150451445
168,2015045,1720,2015,45,17,20,NA,NA,A,NA,NA,NA,NA,20150451720
169,2015045,1900,2015,45,19,0,NA,NA,A,NA,NA,NA,NA,20150451900
170,2015046,1350,2015,46,13,50,NA,NA,T,NA,NA,NA,NA,20150461350
171,2015046,1625,2015,46,16,25,NA,NA,A,NA,NA,NA,NA,20150461625
172,2015046,1805,2015,46,18,5,NA,NA,A,NA,NA,NA,NA,20150461805
173,2015047,1255,2015,47,12,55,NA,NA,T,NA,NA,NA,NA,20150471255
174,2015047,1430,2015,47,14,30,NA,NA,T,NA,NA,NA,NA,20150471430
175,2015047,1710,2015,47,17,10,NA,NA,A,NA,NA,NA,NA,20150471710
176,2015047,1845,2015,47,18,45,NA,NA,A,NA,NA,NA,NA,20150471845
177,2015048,1335,2015,48,13,35,-34.55416666,-58.50906357,T,0.134,0.092,0.0493,0,20150481335
178,2015048,1515,2015,48,15,15,NA,NA,T,NA,NA,NA,NA,20150481515
179,2015048,1615,2015,48,16,15,NA,NA,A,NA,NA,NA,NA,20150481615
180,2015048,1755,2015,48,17,55,-34.55416666,-58.50906357,A,0.251,0.174,0.0806,0,20150481755
181,2015049,1240,2015,49,12,40,NA,NA,T,NA,NA,NA,NA,20150491240
182,2015049,1420,2015,49,14,20,NA,NA,T,NA,NA,NA,NA,20150491420
183,2015049,1700,2015,49,17,0,NA,NA,A,NA,NA,NA,NA,20150491700
184,2015049,1835,2015,49,18,35,NA,NA,A,NA,NA,NA,NA,20150491835
185,2015050,1325,2015,50,13,25,NA,NA,T,NA,NA,NA,NA,20150501325
186,2015050,1740,2015,50,17,40,NA,NA,A,NA,NA,NA,NA,20150501740
187,2015050,1915,2015,50,19,15,NA,NA,A,NA,NA,NA,NA,20150501915
188,2015051,1230,2015,51,12,30,NA,NA,T,NA,NA,NA,NA,20150511230
189,2015051,1410,2015,51,14,10,NA,NA,T,NA,NA,NA,NA,20150511410
190,2015051,1645,2015,51,16,45,NA,NA,A,NA,NA,NA,NA,20150511645
191,2015051,1825,2015,51,18,25,-34.55416666,-58.50906357,A,0.15275,0.10525,0.0387,0,20150511825
192,2015052,1315,2015,52,13,15,NA,NA,T,NA,NA,NA,NA,20150521315
193,2015052,1450,2015,52,14,50,NA,NA,T,NA,NA,NA,NA,20150521450
194,2015052,1730,2015,52,17,30,NA,NA,A,NA,NA,NA,NA,20150521730
195,2015052,1905,2015,52,19,5,NA,NA,A,NA,NA,NA,NA,20150521905
196,2015053,1355,2015,53,13,55,-34.55416666,-58.50906357,T,0.14175,0.0975,0.0788,0,20150531355
197,2015053,1635,2015,53,16,35,NA,NA,A,NA,NA,NA,NA,20150531635
198,2015053,1810,2015,53,18,10,-34.55416666,-58.50906357,A,0.18475,0.127,0.0593,0,20150531810
199,2015054,1300,2015,54,13,0,NA,NA,T,NA,NA,NA,NA,20150541300
200,2015054,1440,2015,54,14,40,-34.55416666,-58.50906357,T,0.1465,0.10075,0.0182,0,20150541440
201,2015054,1715,2015,54,17,15,-34.55416666,-58.50906357,A,0.28075,0.1945,0.0223,0,20150541715
202,2015054,1855,2015,54,18,55,NA,NA,A,NA,NA,NA,NA,20150541855
203,2015055,1345,2015,55,13,45,-34.55416666,-58.50906357,T,0.06375,0.04375,0.058,0,20150551345
204,2015055,1620,2015,55,16,20,NA,NA,A,NA,NA,NA,NA,20150551620
205,2015055,1800,2015,55,18,0,-34.55416666,-58.50906357,A,0.12625,0.08675,0.08,0,20150551800
206,2015056,1250,2015,56,12,50,NA,NA,T,NA,NA,NA,NA,20150561250
207,2015056,1705,2015,56,17,5,NA,NA,A,NA,NA,NA,NA,20150561705
208,2015056,1840,2015,56,18,40,NA,NA,A,NA,NA,NA,NA,20150561840
209,2015057,1330,2015,57,13,30,NA,NA,T,NA,NA,NA,NA,20150571330
210,2015057,1510,2015,57,15,10,NA,NA,T,NA,NA,NA,NA,20150571510
211,2015057,1745,2015,57,17,45,NA,NA,A,NA,NA,NA,NA,20150571745
212,2015058,1235,2015,58,12,35,NA,NA,T,NA,NA,NA,NA,20150581235
213,2015058,1415,2015,58,14,15,NA,NA,T,NA,NA,NA,NA,20150581415
214,2015058,1650,2015,58,16,50,NA,NA,A,NA,NA,NA,NA,20150581650
215,2015058,1830,2015,58,18,30,NA,NA,A,NA,NA,NA,NA,20150581830
216,2015059,1320,2015,59,13,20,-34.55416666,-58.50906357,T,0.13,0.0895,0.0201,0,20150591320
217,2015059,1455,2015,59,14,55,NA,NA,T,NA,NA,NA,NA,20150591455
218,2015059,1735,2015,59,17,35,NA,NA,A,NA,NA,NA,NA,20150591735
219,2015059,1910,2015,59,19,10,NA,NA,A,NA,NA,NA,NA,20150591910
220,2015060,1400,2015,60,14,0,NA,NA,T,NA,NA,NA,NA,20150601400
221,2015060,1640,2015,60,16,40,NA,NA,A,NA,NA,NA,NA,20150601640
222,2015060,1815,2015,60,18,15,NA,NA,A,NA,NA,NA,NA,20150601815
223,2015061,1305,2015,61,13,5,NA,NA,T,NA,NA,NA,NA,20150611305
224,2015061,1445,2015,61,14,45,-34.55416666,-58.50906357,T,0.1645,0.113,0.012,0,20150611445
225,2015061,1720,2015,61,17,20,-34.55416666,-58.50906357,A,0.2245,0.15575,0.0235,0,20150611720
226,2015061,1900,2015,61,19,0,NA,NA,A,NA,NA,NA,NA,20150611900
227,2015062,1350,2015,62,13,50,NA,NA,T,NA,NA,NA,NA,20150621350
228,2015062,1625,2015,62,16,25,NA,NA,A,NA,NA,NA,NA,20150621625
229,2015062,1805,2015,62,18,5,NA,NA,A,NA,NA,NA,NA,20150621805
230,2015063,1255,2015,63,12,55,NA,NA,T,NA,NA,NA,NA,20150631255
231,2015063,1710,2015,63,17,10,NA,NA,A,NA,NA,NA,NA,20150631710
232,2015063,1845,2015,63,18,45,NA,NA,A,NA,NA,NA,NA,20150631845
233,2015064,1335,2015,64,13,35,NA,NA,T,NA,NA,NA,NA,20150641335
234,2015064,1515,2015,64,15,15,NA,NA,T,NA,NA,NA,NA,20150641515
235,2015064,1615,2015,64,16,15,NA,NA,A,NA,NA,NA,NA,20150641615
236,2015064,1755,2015,64,17,55,-34.55416666,-58.50906357,A,0.164,0.113,0.0594,0,20150641755
237,2015065,1240,2015,65,12,40,NA,NA,T,NA,NA,NA,NA,20150651240
238,2015065,1420,2015,65,14,20,-34.55416666,-58.50906357,T,0.16975,0.117,0.0322,0,20150651420
239,2015065,1700,2015,65,17,0,NA,NA,A,NA,NA,NA,NA,20150651700
240,2015065,1835,2015,65,18,35,-34.55416666,-58.50906357,A,0.069,0.04733,0.0241,0,20150651835
241,2015066,1325,2015,66,13,25,-34.55416666,-58.50906357,T,0.08775,0.06,0.0283,0,20150661325
242,2015066,1505,2015,66,15,5,NA,NA,T,NA,NA,NA,NA,20150661505
243,2015066,1740,2015,66,17,40,-34.55416666,-58.50906357,A,0.21675,0.15,0.0488,0,20150661740
244,2015066,1915,2015,66,19,15,NA,NA,A,NA,NA,NA,NA,20150661915
245,2015067,1230,2015,67,12,30,NA,NA,T,NA,NA,NA,NA,20150671230
246,2015067,1410,2015,67,14,10,-34.55416666,-58.50906357,T,0.17575,0.121,0.0517,0,20150671410
247,2015067,1645,2015,67,16,45,NA,NA,A,NA,NA,NA,NA,20150671645
248,2015067,1825,2015,67,18,25,-34.55416666,-58.50906357,A,0.052,0.0355,0.0368,0,20150671825
249,2015068,1315,2015,68,13,15,NA,NA,T,NA,NA,NA,NA,20150681315
250,2015068,1450,2015,68,14,50,NA,NA,T,NA,NA,NA,NA,20150681450
251,2015068,1730,2015,68,17,30,NA,NA,A,NA,NA,NA,NA,20150681730
252,2015068,1905,2015,68,19,5,NA,NA,A,NA,NA,NA,NA,20150681905
253,2015069,1355,2015,69,13,55,NA,NA,T,NA,NA,NA,NA,20150691355
254,2015069,1635,2015,69,16,35,NA,NA,A,NA,NA,NA,NA,20150691635
255,2015069,1810,2015,69,18,10,-34.55416666,-58.50906357,A,0.0835,0.05725,0.0469,0,20150691810
256,2015070,1300,2015,70,13,0,NA,NA,T,NA,NA,NA,NA,20150701300
257,2015070,1440,2015,70,14,40,-34.55416666,-58.50906357,T,0.082,0.05625,0.0103,0,20150701440
258,2015070,1715,2015,70,17,15,-34.55416666,-58.50906357,A,0.1605,0.11025,0.0129,0,20150701715
259,2015070,1855,2015,70,18,55,NA,NA,A,NA,NA,NA,NA,20150701855
260,2015071,1345,2015,71,13,45,-34.55416666,-58.50906357,T,0.0535,0.0365,0.0456,0,20150711345
261,2015071,1620,2015,71,16,20,NA,NA,A,NA,NA,NA,NA,20150711620
262,2015071,1800,2015,71,18,0,-34.55416666,-58.50906357,A,0.0785,0.05375,0.0653,0,20150711800
263,2015072,1250,2015,72,12,50,NA,NA,T,NA,NA,NA,NA,20150721250
264,2015072,1425,2015,72,14,25,-34.55416666,-58.50906357,T,0.10575,0.0725,0.019,0,20150721425
265,2015072,1705,2015,72,17,5,-34.55416666,-58.50906357,A,0.12425,0.08525,0.0079,0,20150721705
266,2015072,1840,2015,72,18,40,-34.55416666,-58.50906357,A,0.0635,0.0435,0.0186,0,20150721840
267,2015073,1330,2015,73,13,30,NA,NA,T,NA,NA,NA,NA,20150731330
268,2015073,1510,2015,73,15,10,NA,NA,T,NA,NA,NA,NA,20150731510
269,2015073,1745,2015,73,17,45,NA,NA,A,NA,NA,NA,NA,20150731745
270,2015074,1235,2015,74,12,35,NA,NA,T,NA,NA,NA,NA,20150741235
271,2015074,1415,2015,74,14,15,-34.55416666,-58.50906357,T,0.229,0.159,0.0353,0,20150741415
272,2015074,1650,2015,74,16,50,NA,NA,A,NA,NA,NA,NA,20150741650
273,2015074,1830,2015,74,18,30,NA,NA,A,NA,NA,NA,NA,20150741830
274,2015075,1320,2015,75,13,20,-34.55416666,-58.50906357,T,0.1175,0.08075,0.0196,0,20150751320
275,2015075,1455,2015,75,14,55,NA,NA,T,NA,NA,NA,NA,20150751455
276,2015075,1735,2015,75,17,35,-34.55416666,-58.50906357,A,0.194,0.134,0.0333,0,20150751735
277,2015075,1910,2015,75,19,10,NA,NA,A,NA,NA,NA,NA,20150751910
278,2015076,1400,2015,76,14,0,-34.55416666,-58.50906357,T,0.138,0.095,0.0523,0,20150761400
279,2015076,1640,2015,76,16,40,NA,NA,A,NA,NA,NA,NA,20150761640
280,2015076,1815,2015,76,18,15,-34.55416666,-58.50906357,A,0.06325,0.04325,0.0356,0,20150761815
281,2015077,1305,2015,77,13,5,NA,NA,T,NA,NA,NA,NA,20150771305
282,2015077,1445,2015,77,14,45,-34.55416666,-58.50906357,T,0.0795,0.0545,0.0092,0,20150771445
283,2015077,1900,2015,77,19,0,NA,NA,A,NA,NA,NA,NA,20150771900
284,2015078,1350,2015,78,13,50,-34.55416666,-58.50906357,T,0.0715,0.049,0.0533,0,20150781350
285,2015078,1625,2015,78,16,25,NA,NA,A,NA,NA,NA,NA,20150781625
286,2015078,1805,2015,78,18,5,-34.55416666,-58.50906357,A,0.06525,0.0445,0.0557,0,20150781805
287,2015079,1255,2015,79,12,55,NA,NA,T,NA,NA,NA,NA,20150791255
288,2015079,1430,2015,79,14,30,NA,NA,T,NA,NA,NA,NA,20150791430
289,2015079,1710,2015,79,17,10,NA,NA,A,NA,NA,NA,NA,20150791710
290,2015079,1845,2015,79,18,45,NA,NA,A,NA,NA,NA,NA,20150791845
291,2015080,1335,2015,80,13,35,-34.55416666,-58.50906357,T,0.1055,0.07225,0.0398,0,20150801335
292,2015080,1515,2015,80,15,15,NA,NA,T,NA,NA,NA,NA,20150801515
293,2015080,1615,2015,80,16,15,NA,NA,A,NA,NA,NA,NA,20150801615
294,2015080,1755,2015,80,17,55,NA,NA,A,NA,NA,NA,NA,20150801755
295,2015081,1240,2015,81,12,40,NA,NA,T,NA,NA,NA,NA,20150811240
296,2015081,1420,2015,81,14,20,-34.55416666,-58.50906357,T,0.15425,0.106,0.0282,0,20150811420
297,2015081,1700,2015,81,17,0,NA,NA,A,NA,NA,NA,NA,20150811700
298,2015081,1835,2015,81,18,35,-34.55416666,-58.50906357,A,0.16775,0.11525,0.0227,0,20150811835
299,2015082,1325,2015,82,13,25,NA,NA,T,NA,NA,NA,NA,20150821325
300,2015082,1505,2015,82,15,5,NA,NA,T,NA,NA,NA,NA,20150821505
301,2015082,1740,2015,82,17,40,NA,NA,A,NA,NA,NA,NA,20150821740
302,2015082,1915,2015,82,19,15,NA,NA,A,NA,NA,NA,NA,20150821915
303,2015083,1230,2015,83,12,30,NA,NA,T,NA,NA,NA,NA,20150831230
304,2015083,1410,2015,83,14,10,NA,NA,T,NA,NA,NA,NA,20150831410
305,2015083,1645,2015,83,16,45,NA,NA,A,NA,NA,NA,NA,20150831645
306,2015083,1825,2015,83,18,25,NA,NA,A,NA,NA,NA,NA,20150831825
307,2015084,1315,2015,84,13,15,NA,NA,T,NA,NA,NA,NA,20150841315
308,2015084,1450,2015,84,14,50,NA,NA,T,NA,NA,NA,NA,20150841450
309,2015084,1730,2015,84,17,30,NA,NA,A,NA,NA,NA,NA,20150841730
310,2015084,1905,2015,84,19,5,NA,NA,A,NA,NA,NA,NA,20150841905
311,2015085,1355,2015,85,13,55,NA,NA,T,NA,NA,NA,NA,20150851355
312,2015085,1635,2015,85,16,35,NA,NA,A,NA,NA,NA,NA,20150851635
313,2015085,1810,2015,85,18,10,NA,NA,A,NA,NA,NA,NA,20150851810
314,2015086,1300,2015,86,13,0,NA,NA,T,NA,NA,NA,NA,20150861300
315,2015086,1440,2015,86,14,40,NA,NA,T,NA,NA,NA,NA,20150861440
316,2015086,1715,2015,86,17,15,NA,NA,A,NA,NA,NA,NA,20150861715
317,2015086,1855,2015,86,18,55,NA,NA,A,NA,NA,NA,NA,20150861855
318,2015087,1345,2015,87,13,45,-34.55416666,-58.50906357,T,0.05575,0.038,0.0453,0,20150871345
319,2015087,1620,2015,87,16,20,NA,NA,A,NA,NA,NA,NA,20150871620
320,2015087,1800,2015,87,18,0,-34.55416666,-58.50906357,A,0.07275,0.0495,0.0522,0,20150871800
321,2015088,1250,2015,88,12,50,NA,NA,T,NA,NA,NA,NA,20150881250
322,2015088,1425,2015,88,14,25,-34.55416666,-58.50906357,T,0.0995,0.06825,0.0213,0,20150881425
323,2015088,1705,2015,88,17,5,-34.55416666,-58.50906357,A,0.11325,0.07775,0.0069,0,20150881705
324,2015088,1840,2015,88,18,40,-34.55416666,-58.50906357,A,0.107,0.0735,0.0115,0,20150881840
325,2015089,1330,2015,89,13,30,NA,NA,T,NA,NA,NA,NA,20150891330
326,2015089,1510,2015,89,15,10,NA,NA,T,NA,NA,NA,NA,20150891510
327,2015089,1745,2015,89,17,45,NA,NA,A,NA,NA,NA,NA,20150891745
328,2015090,1235,2015,90,12,35,NA,NA,T,NA,NA,NA,NA,20150901235
329,2015090,1415,2015,90,14,15,-34.55416666,-58.50906357,T,0.238,0.165,0.0287,0,20150901415
330,2015090,1650,2015,90,16,50,NA,NA,A,NA,NA,NA,NA,20150901650
331,2015090,1830,2015,90,18,30,NA,NA,A,NA,NA,NA,NA,20150901830
332,2015091,1320,2015,91,13,20,-34.55416666,-58.50906357,T,0.117,0.0805,0.0149,0,20150911320
333,2015091,1455,2015,91,14,55,NA,NA,T,NA,NA,NA,NA,20150911455
334,2015091,1735,2015,91,17,35,-34.55416666,-58.50906357,A,0.1115,0.07675,0.028,0,20150911735
335,2015091,1910,2015,91,19,10,NA,NA,A,NA,NA,NA,NA,20150911910
336,2015092,1400,2015,92,14,0,-34.55416666,-58.50906357,T,0.076,0.052,0.0439,0,20150921400
337,2015092,1640,2015,92,16,40,NA,NA,A,NA,NA,NA,NA,20150921640
338,2015092,1815,2015,92,18,15,-34.55416666,-58.50906357,A,0.06625,0.0455,0.0306,0,20150921815
339,2015093,1305,2015,93,13,5,NA,NA,T,NA,NA,NA,NA,20150931305
340,2015093,1445,2015,93,14,45,-34.55416666,-58.50906357,T,0.15925,0.10925,0.0098,0,20150931445
341,2015093,1720,2015,93,17,20,-34.55416666,-58.50906357,A,0.17725,0.12175,0.0199,0,20150931720
342,2015093,1900,2015,93,19,0,NA,NA,A,NA,NA,NA,NA,20150931900
343,2015094,1350,2015,94,13,50,NA,NA,T,NA,NA,NA,NA,20150941350
344,2015094,1625,2015,94,16,25,NA,NA,A,NA,NA,NA,NA,20150941625
345,2015094,1805,2015,94,18,5,NA,NA,A,NA,NA,NA,NA,20150941805
346,2015095,1255,2015,95,12,55,NA,NA,T,NA,NA,NA,NA,20150951255
347,2015095,1430,2015,95,14,30,-34.55416666,-58.50906357,T,0.104,0.07125,0.018,0,20150951430
348,2015095,1710,2015,95,17,10,NA,NA,A,NA,NA,NA,NA,20150951710
349,2015095,1845,2015,95,18,45,NA,NA,A,NA,NA,NA,NA,20150951845
350,2015096,1335,2015,96,13,35,-34.55416666,-58.50906357,T,0.081,0.055,0.0305,0,20150961335
351,2015096,1515,2015,96,15,15,NA,NA,T,NA,NA,NA,NA,20150961515
352,2015096,1615,2015,96,16,15,NA,NA,A,NA,NA,NA,NA,20150961615
353,2015096,1755,2015,96,17,55,NA,NA,A,NA,NA,NA,NA,20150961755
354,2015097,1240,2015,97,12,40,NA,NA,T,NA,NA,NA,NA,20150971240
355,2015097,1420,2015,97,14,20,NA,NA,T,NA,NA,NA,NA,20150971420
356,2015097,1700,2015,97,17,0,NA,NA,A,NA,NA,NA,NA,20150971700
357,2015097,1835,2015,97,18,35,NA,NA,A,NA,NA,NA,NA,20150971835
358,2015098,1325,2015,98,13,25,-34.55416666,-58.50906357,T,0.1515,0.104,0.022,0,20150981325
359,2015098,1505,2015,98,15,5,NA,NA,T,NA,NA,NA,NA,20150981505
360,2015098,1740,2015,98,17,40,NA,NA,A,NA,NA,NA,NA,20150981740
361,2015098,1915,2015,98,19,15,NA,NA,A,NA,NA,NA,NA,20150981915
362,2015099,1230,2015,99,12,30,NA,NA,T,NA,NA,NA,NA,20150991230
363,2015099,1410,2015,99,14,10,-34.55416666,-58.50906357,T,0.12475,0.08575,0.0419,0,20150991410
364,2015099,1645,2015,99,16,45,NA,NA,A,NA,NA,NA,NA,20150991645
365,2015099,1825,2015,99,18,25,-34.55416666,-58.50906357,A,0.08175,0.056,0.0243,0,20150991825
366,2015100,1315,2015,100,13,15,NA,NA,T,NA,NA,NA,NA,20151001315
367,2015100,1450,2015,100,14,50,NA,NA,T,NA,NA,NA,NA,20151001450
368,2015100,1730,2015,100,17,30,NA,NA,A,NA,NA,NA,NA,20151001730
369,2015100,1905,2015,100,19,5,NA,NA,A,NA,NA,NA,NA,20151001905
370,2015101,1355,2015,101,13,55,NA,NA,T,NA,NA,NA,NA,20151011355
371,2015101,1635,2015,101,16,35,NA,NA,A,NA,NA,NA,NA,20151011635
372,2015101,1810,2015,101,18,10,-34.55416666,-58.50906357,A,0.1745,0.12,0.034,0,20151011810
373,2015102,1300,2015,102,13,0,NA,NA,T,NA,NA,NA,NA,20151021300
374,2015102,1440,2015,102,14,40,-34.55416666,-58.50906357,T,0.0915,0.06275,0.0135,0,20151021440
375,2015102,1715,2015,102,17,15,NA,NA,A,NA,NA,NA,NA,20151021715
376,2015102,1855,2015,102,18,55,NA,NA,A,NA,NA,NA,NA,20151021855
377,2015103,1345,2015,103,13,45,-34.55416666,-58.50906357,T,0.141,0.097,0.0361,0,20151031345
378,2015103,1620,2015,103,16,20,NA,NA,A,NA,NA,NA,NA,20151031620
379,2015103,1800,2015,103,18,0,-34.55416666,-58.50906357,A,0.12875,0.08875,0.0449,0,20151031800
380,2015104,1250,2015,104,12,50,NA,NA,T,NA,NA,NA,NA,20151041250
381,2015104,1425,2015,104,14,25,NA,NA,T,NA,NA,NA,NA,20151041425
382,2015104,1705,2015,104,17,5,NA,NA,A,NA,NA,NA,NA,20151041705
383,2015104,1840,2015,104,18,40,NA,NA,A,NA,NA,NA,NA,20151041840
384,2015105,1330,2015,105,13,30,NA,NA,T,NA,NA,NA,NA,20151051330
385,2015105,1510,2015,105,15,10,NA,NA,T,NA,NA,NA,NA,20151051510
386,2015105,1745,2015,105,17,45,NA,NA,A,NA,NA,NA,NA,20151051745
387,2015106,1235,2015,106,12,35,NA,NA,T,NA,NA,NA,NA,20151061235
388,2015106,1415,2015,106,14,15,NA,NA,T,NA,NA,NA,NA,20151061415
389,2015106,1650,2015,106,16,50,NA,NA,A,NA,NA,NA,NA,20151061650
390,2015106,1830,2015,106,18,30,NA,NA,A,NA,NA,NA,NA,20151061830
391,2015107,1320,2015,107,13,20,NA,NA,T,NA,NA,NA,NA,20151071320
392,2015107,1455,2015,107,14,55,NA,NA,T,NA,NA,NA,NA,20151071455
393,2015107,1735,2015,107,17,35,NA,NA,A,NA,NA,NA,NA,20151071735
394,2015107,1910,2015,107,19,10,NA,NA,A,NA,NA,NA,NA,20151071910
395,2015108,1400,2015,108,14,0,NA,NA,T,NA,NA,NA,NA,20151081400
396,2015108,1640,2015,108,16,40,NA,NA,A,NA,NA,NA,NA,20151081640
397,2015108,1820,2015,108,18,20,-34.55416666,-58.50906357,A,0.04075,0.02775,0.0194,0,20151081820
398,2015109,1305,2015,109,13,5,NA,NA,T,NA,NA,NA,NA,20151091305
399,2015109,1445,2015,109,14,45,-34.55416666,-58.50906357,T,0.04125,0.028,0.0092,0,20151091445
400,2015109,1725,2015,109,17,25,-34.55416666,-58.50906357,A,0.11625,0.07975,0.0139,0,20151091725
401,2015109,1900,2015,109,19,0,NA,NA,A,NA,NA,NA,NA,20151091900
402,2015110,1350,2015,110,13,50,NA,NA,T,NA,NA,NA,NA,20151101350
403,2015110,1625,2015,110,16,25,NA,NA,A,NA,NA,NA,NA,20151101625
404,2015110,1805,2015,110,18,5,-34.55416666,-58.50906357,A,0.03975,0.027,0.0347,0,20151101805
405,2015111,1255,2015,111,12,55,NA,NA,T,NA,NA,NA,NA,20151111255
406,2015111,1430,2015,111,14,30,-34.55416666,-58.50906357,T,0.041,0.028,0.0136,0,20151111430
407,2015111,1710,2015,111,17,10,-34.55416666,-58.50906357,A,0.12075,0.083,0.0071,0,20151111710
408,2015111,1845,2015,111,18,45,NA,NA,A,NA,NA,NA,NA,20151111845
409,2015112,1615,2015,112,16,15,NA,NA,A,NA,NA,NA,NA,20151121615
410,2015112,1755,2015,112,17,55,-34.55416666,-58.50906357,A,0.0755,0.0515,0.0283,0,20151121755
411,2015113,1240,2015,113,12,40,NA,NA,T,NA,NA,NA,NA,20151131240
412,2015113,1420,2015,113,14,20,NA,NA,T,NA,NA,NA,NA,20151131420
413,2015113,1700,2015,113,17,0,NA,NA,A,NA,NA,NA,NA,20151131700
414,2015113,1835,2015,113,18,35,NA,NA,A,NA,NA,NA,NA,20151131835
415,2015114,1325,2015,114,13,25,NA,NA,T,NA,NA,NA,NA,20151141325
416,2015114,1505,2015,114,15,5,NA,NA,T,NA,NA,NA,NA,20151141505
417,2015114,1740,2015,114,17,40,NA,NA,A,NA,NA,NA,NA,20151141740
418,2015114,1915,2015,114,19,15,NA,NA,A,NA,NA,NA,NA,20151141915
419,2015115,1230,2015,115,12,30,NA,NA,T,NA,NA,NA,NA,20151151230
420,2015115,1410,2015,115,14,10,-34.55416666,-58.50906357,T,0.24825,0.172,0.0338,0,20151151410
421,2015115,1645,2015,115,16,45,NA,NA,A,NA,NA,NA,NA,20151151645
422,2015115,1825,2015,115,18,25,-34.55416666,-58.50906357,A,0.14925,0.10275,0.0224,0,20151151825
423,2015116,1315,2015,116,13,15,-34.55416666,-58.50906357,T,0.1275,0.0875,0.0167,0,20151161315
424,2015116,1450,2015,116,14,50,-34.55416666,-58.50906357,T,0.10575,0.0725,0.0063,0,20151161450
425,2015116,1730,2015,116,17,30,-34.55416666,-58.50906357,A,0.15675,0.1075,0.016,0,20151161730
426,2015116,1905,2015,116,19,5,NA,NA,A,NA,NA,NA,NA,20151161905
427,2015117,1355,2015,117,13,55,NA,NA,T,NA,NA,NA,NA,20151171355
428,2015117,1635,2015,117,16,35,NA,NA,A,NA,NA,NA,NA,20151171635
429,2015117,1810,2015,117,18,10,NA,NA,A,NA,NA,NA,NA,20151171810
430,2015118,1300,2015,118,13,0,NA,NA,T,NA,NA,NA,NA,20151181300
431,2015118,1440,2015,118,14,40,NA,NA,T,NA,NA,NA,NA,20151181440
432,2015118,1715,2015,118,17,15,NA,NA,A,NA,NA,NA,NA,20151181715
433,2015118,1855,2015,118,18,55,NA,NA,A,NA,NA,NA,NA,20151181855
434,2015119,1345,2015,119,13,45,NA,NA,T,NA,NA,NA,NA,20151191345
435,2015119,1620,2015,119,16,20,NA,NA,A,NA,NA,NA,NA,20151191620
436,2015119,1800,2015,119,18,0,NA,NA,A,NA,NA,NA,NA,20151191800
437,2015120,1250,2015,120,12,50,NA,NA,T,NA,NA,NA,NA,20151201250
438,2015120,1425,2015,120,14,25,NA,NA,T,NA,NA,NA,NA,20151201425
439,2015120,1705,2015,120,17,5,NA,NA,A,NA,NA,NA,NA,20151201705
440,2015120,1840,2015,120,18,40,NA,NA,A,NA,NA,NA,NA,20151201840
441,2015121,1330,2015,121,13,30,NA,NA,T,NA,NA,NA,NA,20151211330
442,2015121,1510,2015,121,15,10,NA,NA,T,NA,NA,NA,NA,20151211510
443,2015121,1610,2015,121,16,10,NA,NA,A,NA,NA,NA,NA,20151211610
444,2015121,1745,2015,121,17,45,NA,NA,A,NA,NA,NA,NA,20151211745
445,2015122,1235,2015,122,12,35,NA,NA,T,NA,NA,NA,NA,20151221235
446,2015122,1415,2015,122,14,15,NA,NA,T,NA,NA,NA,NA,20151221415
447,2015122,1650,2015,122,16,50,NA,NA,A,NA,NA,NA,NA,20151221650
448,2015122,1830,2015,122,18,30,NA,NA,A,NA,NA,NA,NA,20151221830
449,2015123,1320,2015,123,13,20,-34.55416666,-58.50906357,T,0.098,0.06725,0.0152,0,20151231320
450,2015123,1455,2015,123,14,55,NA,NA,T,NA,NA,NA,NA,20151231455
451,2015123,1735,2015,123,17,35,NA,NA,A,NA,NA,NA,NA,20151231735
452,2015123,1910,2015,123,19,10,NA,NA,A,NA,NA,NA,NA,20151231910
453,2015124,1400,2015,124,14,0,NA,NA,T,NA,NA,NA,NA,20151241400
454,2015124,1640,2015,124,16,40,NA,NA,A,NA,NA,NA,NA,20151241640
455,2015124,1820,2015,124,18,20,-34.55416666,-58.50906357,A,0.07575,0.052,0.0197,0,20151241820
456,2015125,1305,2015,125,13,5,NA,NA,T,NA,NA,NA,NA,20151251305
457,2015125,1445,2015,125,14,45,-34.55416666,-58.50906357,T,0.0605,0.04125,0.0087,0,20151251445
458,2015125,1725,2015,125,17,25,-34.55416666,-58.50906357,A,0.1275,0.08775,0.0125,0,20151251725
459,2015125,1900,2015,125,19,0,NA,NA,A,NA,NA,NA,NA,20151251900
460,2015126,1350,2015,126,13,50,NA,NA,T,NA,NA,NA,NA,20151261350
461,2015126,1625,2015,126,16,25,NA,NA,A,NA,NA,NA,NA,20151261625
462,2015126,1805,2015,126,18,5,NA,NA,A,NA,NA,NA,NA,20151261805
463,2015127,1255,2015,127,12,55,NA,NA,T,NA,NA,NA,NA,20151271255
464,2015127,1430,2015,127,14,30,NA,NA,T,NA,NA,NA,NA,20151271430
465,2015127,1710,2015,127,17,10,NA,NA,A,NA,NA,NA,NA,20151271710
466,2015127,1845,2015,127,18,45,NA,NA,A,NA,NA,NA,NA,20151271845
467,2015128,1340,2015,128,13,40,NA,NA,T,NA,NA,NA,NA,20151281340
468,2015128,1515,2015,128,15,15,NA,NA,T,NA,NA,NA,NA,20151281515
469,2015128,1615,2015,128,16,15,NA,NA,A,NA,NA,NA,NA,20151281615
470,2015128,1755,2015,128,17,55,NA,NA,A,NA,NA,NA,NA,20151281755
471,2015129,1240,2015,129,12,40,NA,NA,T,NA,NA,NA,NA,20151291240
472,2015129,1420,2015,129,14,20,NA,NA,T,NA,NA,NA,NA,20151291420
473,2015129,1700,2015,129,17,0,NA,NA,A,NA,NA,NA,NA,20151291700
474,2015129,1835,2015,129,18,35,NA,NA,A,NA,NA,NA,NA,20151291835
475,2015130,1325,2015,130,13,25,NA,NA,T,NA,NA,NA,NA,20151301325
476,2015130,1505,2015,130,15,5,NA,NA,T,NA,NA,NA,NA,20151301505
477,2015130,1740,2015,130,17,40,NA,NA,A,NA,NA,NA,NA,20151301740
478,2015130,1915,2015,130,19,15,NA,NA,A,NA,NA,NA,NA,20151301915
479,2015131,1230,2015,131,12,30,NA,NA,T,NA,NA,NA,NA,20151311230
480,2015131,1410,2015,131,14,10,NA,NA,T,NA,NA,NA,NA,20151311410
481,2015131,1645,2015,131,16,45,NA,NA,A,NA,NA,NA,NA,20151311645
482,2015131,1825,2015,131,18,25,NA,NA,A,NA,NA,NA,NA,20151311825
483,2015132,1315,2015,132,13,15,-34.55416666,-58.50906357,T,0.15,0.10325,0.0116,0,20151321315
484,2015132,1450,2015,132,14,50,-34.55416666,-58.50906357,T,0.05325,0.03625,0.0063,0,20151321450
485,2015132,1730,2015,132,17,30,NA,NA,A,NA,NA,NA,NA,20151321730
486,2015132,1905,2015,132,19,5,NA,NA,A,NA,NA,NA,NA,20151321905
487,2015133,1355,2015,133,13,55,NA,NA,T,NA,NA,NA,NA,20151331355
488,2015133,1635,2015,133,16,35,NA,NA,A,NA,NA,NA,NA,20151331635
489,2015133,1810,2015,133,18,10,-34.55416666,-58.50906357,A,0.066,0.045,0.0223,0,20151331810
490,2015134,1300,2015,134,13,0,NA,NA,T,NA,NA,NA,NA,20151341300
491,2015134,1440,2015,134,14,40,NA,NA,T,NA,NA,NA,NA,20151341440
492,2015134,1715,2015,134,17,15,NA,NA,A,NA,NA,NA,NA,20151341715
493,2015134,1855,2015,134,18,55,NA,NA,A,NA,NA,NA,NA,20151341855
494,2015135,1345,2015,135,13,45,-34.55416666,-58.50906357,T,0.377,0.2635,0.0249,0,20151351345
495,2015135,1620,2015,135,16,20,NA,NA,A,NA,NA,NA,NA,20151351620
496,2015135,1800,2015,135,18,0,NA,NA,A,NA,NA,NA,NA,20151351800
497,2015136,1250,2015,136,12,50,NA,NA,T,NA,NA,NA,NA,20151361250
498,2015136,1425,2015,136,14,25,NA,NA,T,NA,NA,NA,NA,20151361425
499,2015136,1705,2015,136,17,5,-34.55416666,-58.50906357,A,0.15475,0.10625,0.0069,0,20151361705
500,2015136,1840,2015,136,18,40,-34.5625,-58.51492525,A,0.161,0.111,0.0039,0,20151361840
501,2015137,1330,2015,137,13,30,NA,NA,T,NA,NA,NA,NA,20151371330
502,2015137,1510,2015,137,15,10,NA,NA,T,NA,NA,NA,NA,20151371510
503,2015137,1610,2015,137,16,10,NA,NA,A,NA,NA,NA,NA,20151371610
504,2015137,1745,2015,137,17,45,NA,NA,A,NA,NA,NA,NA,20151371745
505,2015138,1235,2015,138,12,35,NA,NA,T,NA,NA,NA,NA,20151381235
506,2015138,1415,2015,138,14,15,NA,NA,T,NA,NA,NA,NA,20151381415
507,2015138,1650,2015,138,16,50,NA,NA,A,NA,NA,NA,NA,20151381650
508,2015138,1830,2015,138,18,30,-34.55416666,-58.50906357,A,0.19825,0.1365,0.0131,0,20151381830
509,2015139,1320,2015,139,13,20,NA,NA,T,NA,NA,NA,NA,20151391320
510,2015139,1455,2015,139,14,55,NA,NA,T,NA,NA,NA,NA,20151391455
511,2015139,1735,2015,139,17,35,NA,NA,A,NA,NA,NA,NA,20151391735
512,2015139,1910,2015,139,19,10,NA,NA,A,NA,NA,NA,NA,20151391910
513,2015140,1400,2015,140,14,0,NA,NA,T,NA,NA,NA,NA,20151401400
514,2015140,1640,2015,140,16,40,NA,NA,A,NA,NA,NA,NA,20151401640
515,2015140,1815,2015,140,18,15,NA,NA,A,NA,NA,NA,NA,20151401815
516,2015141,1305,2015,141,13,5,NA,NA,T,NA,NA,NA,NA,20151411305
517,2015141,1445,2015,141,14,45,NA,NA,T,NA,NA,NA,NA,20151411445
518,2015141,1720,2015,141,17,20,NA,NA,A,NA,NA,NA,NA,20151411720
519,2015141,1900,2015,141,19,0,NA,NA,A,NA,NA,NA,NA,20151411900
520,2015142,1350,2015,142,13,50,NA,NA,T,NA,NA,NA,NA,20151421350
521,2015142,1625,2015,142,16,25,NA,NA,A,NA,NA,NA,NA,20151421625
522,2015142,1805,2015,142,18,5,NA,NA,A,NA,NA,NA,NA,20151421805
523,2015143,1255,2015,143,12,55,NA,NA,T,NA,NA,NA,NA,20151431255
524,2015143,1435,2015,143,14,35,NA,NA,T,NA,NA,NA,NA,20151431435
525,2015143,1710,2015,143,17,10,NA,NA,A,NA,NA,NA,NA,20151431710
526,2015143,1845,2015,143,18,45,NA,NA,A,NA,NA,NA,NA,20151431845
527,2015144,1340,2015,144,13,40,NA,NA,T,NA,NA,NA,NA,20151441340
528,2015144,1515,2015,144,15,15,NA,NA,T,NA,NA,NA,NA,20151441515
529,2015144,1615,2015,144,16,15,NA,NA,A,NA,NA,NA,NA,20151441615
530,2015144,1755,2015,144,17,55,NA,NA,A,NA,NA,NA,NA,20151441755
531,2015145,1240,2015,145,12,40,NA,NA,T,NA,NA,NA,NA,20151451240
532,2015145,1420,2015,145,14,20,NA,NA,T,NA,NA,NA,NA,20151451420
533,2015145,1700,2015,145,17,0,NA,NA,A,NA,NA,NA,NA,20151451700
534,2015145,1835,2015,145,18,35,NA,NA,A,NA,NA,NA,NA,20151451835
535,2015146,1325,2015,146,13,25,NA,NA,T,NA,NA,NA,NA,20151461325
536,2015146,1505,2015,146,15,5,NA,NA,T,NA,NA,NA,NA,20151461505
537,2015146,1740,2015,146,17,40,NA,NA,A,NA,NA,NA,NA,20151461740
538,2015146,1915,2015,146,19,15,NA,NA,A,NA,NA,NA,NA,20151461915
539,2015147,1230,2015,147,12,30,NA,NA,T,NA,NA,NA,NA,20151471230
540,2015147,1410,2015,147,14,10,NA,NA,T,NA,NA,NA,NA,20151471410
541,2015147,1645,2015,147,16,45,NA,NA,A,NA,NA,NA,NA,20151471645
542,2015147,1825,2015,147,18,25,NA,NA,A,NA,NA,NA,NA,20151471825
543,2015148,1315,2015,148,13,15,NA,NA,T,NA,NA,NA,NA,20151481315
544,2015148,1450,2015,148,14,50,NA,NA,T,NA,NA,NA,NA,20151481450
545,2015148,1730,2015,148,17,30,NA,NA,A,NA,NA,NA,NA,20151481730
546,2015148,1905,2015,148,19,5,NA,NA,A,NA,NA,NA,NA,20151481905
547,2015149,1355,2015,149,13,55,NA,NA,T,NA,NA,NA,NA,20151491355
548,2015149,1635,2015,149,16,35,NA,NA,A,NA,NA,NA,NA,20151491635
549,2015149,1810,2015,149,18,10,NA,NA,A,NA,NA,NA,NA,20151491810
550,2015150,1300,2015,150,13,0,NA,NA,T,NA,NA,NA,NA,20151501300
551,2015150,1440,2015,150,14,40,NA,NA,T,NA,NA,NA,NA,20151501440
552,2015150,1715,2015,150,17,15,NA,NA,A,NA,NA,NA,NA,20151501715
553,2015150,1855,2015,150,18,55,NA,NA,A,NA,NA,NA,NA,20151501855
554,2015151,1345,2015,151,13,45,NA,NA,T,NA,NA,NA,NA,20151511345
555,2015151,1620,2015,151,16,20,NA,NA,A,NA,NA,NA,NA,20151511620
556,2015151,1800,2015,151,18,0,NA,NA,A,NA,NA,NA,NA,20151511800
557,2015152,1250,2015,152,12,50,NA,NA,T,NA,NA,NA,NA,20151521250
558,2015152,1425,2015,152,14,25,-34.55416666,-58.50906357,T,0.206,0.143,0.0103,0,20151521425
559,2015152,1705,2015,152,17,5,NA,NA,A,NA,NA,NA,NA,20151521705
560,2015152,1840,2015,152,18,40,NA,NA,A,NA,NA,NA,NA,20151521840
561,2015153,1330,2015,153,13,30,NA,NA,T,NA,NA,NA,NA,20151531330
562,2015153,1510,2015,153,15,10,NA,NA,T,NA,NA,NA,NA,20151531510
563,2015153,1610,2015,153,16,10,NA,NA,A,NA,NA,NA,NA,20151531610
564,2015153,1745,2015,153,17,45,NA,NA,A,NA,NA,NA,NA,20151531745
565,2015154,1235,2015,154,12,35,NA,NA,T,NA,NA,NA,NA,20151541235
566,2015154,1415,2015,154,14,15,NA,NA,T,NA,NA,NA,NA,20151541415
567,2015154,1650,2015,154,16,50,NA,NA,A,NA,NA,NA,NA,20151541650
568,2015154,1830,2015,154,18,30,NA,NA,A,NA,NA,NA,NA,20151541830
569,2015155,1320,2015,155,13,20,NA,NA,T,NA,NA,NA,NA,20151551320
570,2015155,1455,2015,155,14,55,NA,NA,T,NA,NA,NA,NA,20151551455
571,2015155,1735,2015,155,17,35,NA,NA,A,NA,NA,NA,NA,20151551735
572,2015155,1910,2015,155,19,10,NA,NA,A,NA,NA,NA,NA,20151551910
573,2015156,1400,2015,156,14,0,NA,NA,T,NA,NA,NA,NA,20151561400
574,2015156,1640,2015,156,16,40,NA,NA,A,NA,NA,NA,NA,20151561640
575,2015156,1815,2015,156,18,15,NA,NA,A,NA,NA,NA,NA,20151561815
576,2015157,1305,2015,157,13,5,NA,NA,T,NA,NA,NA,NA,20151571305
577,2015157,1445,2015,157,14,45,NA,NA,T,NA,NA,NA,NA,20151571445
578,2015157,1720,2015,157,17,20,NA,NA,A,NA,NA,NA,NA,20151571720
579,2015157,1900,2015,157,19,0,NA,NA,A,NA,NA,NA,NA,20151571900
580,2015158,1350,2015,158,13,50,NA,NA,T,NA,NA,NA,NA,20151581350
581,2015158,1625,2015,158,16,25,NA,NA,A,NA,NA,NA,NA,20151581625
582,2015158,1805,2015,158,18,5,NA,NA,A,NA,NA,NA,NA,20151581805
583,2015159,1255,2015,159,12,55,NA,NA,T,NA,NA,NA,NA,20151591255
584,2015159,1435,2015,159,14,35,-34.55416666,-58.49894527,T,0.057,0.039,0.0088,0,20151591435
585,2015159,1710,2015,159,17,10,-34.55416666,-58.50906357,A,0.0625,0.04275,0.0068,0,20151591710
586,2015159,1845,2015,159,18,45,NA,NA,A,NA,NA,NA,NA,20151591845
587,2015160,1340,2015,160,13,40,NA,NA,T,NA,NA,NA,NA,20151601340
588,2015160,1515,2015,160,15,15,NA,NA,T,NA,NA,NA,NA,20151601515
589,2015160,1615,2015,160,16,15,NA,NA,A,NA,NA,NA,NA,20151601615
590,2015160,1755,2015,160,17,55,NA,NA,A,NA,NA,NA,NA,20151601755
591,2015161,1240,2015,161,12,40,NA,NA,T,NA,NA,NA,NA,20151611240
592,2015161,1420,2015,161,14,20,NA,NA,T,NA,NA,NA,NA,20151611420
593,2015161,1700,2015,161,17,0,NA,NA,A,NA,NA,NA,NA,20151611700
594,2015161,1835,2015,161,18,35,NA,NA,A,NA,NA,NA,NA,20151611835
595,2015162,1325,2015,162,13,25,NA,NA,T,NA,NA,NA,NA,20151621325
596,2015162,1505,2015,162,15,5,NA,NA,T,NA,NA,NA,NA,20151621505
597,2015162,1740,2015,162,17,40,NA,NA,A,NA,NA,NA,NA,20151621740
598,2015162,1915,2015,162,19,15,NA,NA,A,NA,NA,NA,NA,20151621915
599,2015163,1230,2015,163,12,30,NA,NA,T,NA,NA,NA,NA,20151631230
600,2015163,1410,2015,163,14,10,-34.55416666,-58.50906357,T,0.114,0.07825,0.0218,0,20151631410
601,2015163,1645,2015,163,16,45,NA,NA,A,NA,NA,NA,NA,20151631645
602,2015163,1825,2015,163,18,25,-34.55416666,-58.50906357,A,0.04325,0.0295,0.0132,0,20151631825
603,2015164,1315,2015,164,13,15,NA,NA,T,NA,NA,NA,NA,20151641315
604,2015164,1450,2015,164,14,50,NA,NA,T,NA,NA,NA,NA,20151641450
605,2015164,1730,2015,164,17,30,NA,NA,A,NA,NA,NA,NA,20151641730
606,2015164,1905,2015,164,19,5,NA,NA,A,NA,NA,NA,NA,20151641905
607,2015165,1355,2015,165,13,55,NA,NA,T,NA,NA,NA,NA,20151651355
608,2015165,1635,2015,165,16,35,NA,NA,A,NA,NA,NA,NA,20151651635
609,2015165,1810,2015,165,18,10,NA,NA,A,NA,NA,NA,NA,20151651810
610,2015166,1300,2015,166,13,0,NA,NA,T,NA,NA,NA,NA,20151661300
611,2015166,1440,2015,166,14,40,-34.55416666,-58.50906357,T,0.05,0.03425,0.0081,0,20151661440
612,2015166,1715,2015,166,17,15,-34.55416666,-58.50906357,A,0.07075,0.0485,0.0087,0,20151661715
613,2015166,1855,2015,166,18,55,NA,NA,A,NA,NA,NA,NA,20151661855
614,2015167,1345,2015,167,13,45,NA,NA,T,NA,NA,NA,NA,20151671345
615,2015167,1620,2015,167,16,20,NA,NA,A,NA,NA,NA,NA,20151671620
616,2015167,1800,2015,167,18,0,NA,NA,A,NA,NA,NA,NA,20151671800
617,2015168,1250,2015,168,12,50,NA,NA,T,NA,NA,NA,NA,20151681250
618,2015168,1425,2015,168,14,25,-34.55416666,-58.50906357,T,0.11133,0.07633,0.0121,0,20151681425
619,2015168,1705,2015,168,17,5,-34.55416666,-58.50906357,A,0.0865,0.0595,0.0065,0,20151681705
620,2015168,1840,2015,168,18,40,NA,NA,A,NA,NA,NA,NA,20151681840
621,2015169,1330,2015,169,13,30,-34.55416666,-58.50906357,T,0.11975,0.08225,0.0148,0,20151691330
622,2015169,1510,2015,169,15,10,NA,NA,T,NA,NA,NA,NA,20151691510
623,2015169,1610,2015,169,16,10,NA,NA,A,NA,NA,NA,NA,20151691610
624,2015169,1745,2015,169,17,45,NA,NA,A,NA,NA,NA,NA,20151691745
625,2015170,1235,2015,170,12,35,NA,NA,T,NA,NA,NA,NA,20151701235
626,2015170,1415,2015,170,14,15,NA,NA,T,NA,NA,NA,NA,20151701415
627,2015170,1650,2015,170,16,50,NA,NA,A,NA,NA,NA,NA,20151701650
628,2015170,1830,2015,170,18,30,NA,NA,A,NA,NA,NA,NA,20151701830
629,2015171,1320,2015,171,13,20,-34.55416666,-58.50906357,T,0.12425,0.08525,0.0114,0,20151711320
630,2015171,1455,2015,171,14,55,NA,NA,T,NA,NA,NA,NA,20151711455
631,2015171,1735,2015,171,17,35,NA,NA,A,NA,NA,NA,NA,20151711735
632,2015171,1910,2015,171,19,10,NA,NA,A,NA,NA,NA,NA,20151711910
633,2015172,1400,2015,172,14,0,NA,NA,T,NA,NA,NA,NA,20151721400
634,2015172,1640,2015,172,16,40,NA,NA,A,NA,NA,NA,NA,20151721640
635,2015172,1815,2015,172,18,15,NA,NA,A,NA,NA,NA,NA,20151721815
636,2015173,1305,2015,173,13,5,NA,NA,T,NA,NA,NA,NA,20151731305
637,2015173,1445,2015,173,14,45,NA,NA,T,NA,NA,NA,NA,20151731445
638,2015173,1720,2015,173,17,20,NA,NA,A,NA,NA,NA,NA,20151731720
639,2015173,1900,2015,173,19,0,NA,NA,A,NA,NA,NA,NA,20151731900
640,2015174,1350,2015,174,13,50,-34.55416666,-58.50906357,T,0.12875,0.08875,0.0233,0,20151741350
641,2015174,1625,2015,174,16,25,NA,NA,A,NA,NA,NA,NA,20151741625
642,2015174,1805,2015,174,18,5,-34.55416666,-58.50906357,A,0.0485,0.03275,0.0233,0,20151741805
643,2015175,1255,2015,175,12,55,NA,NA,T,NA,NA,NA,NA,20151751255
644,2015175,1435,2015,175,14,35,-34.55416666,-58.50906357,T,0.08475,0.05775,0.0096,0,20151751435
645,2015175,1710,2015,175,17,10,-34.55416666,-58.50906357,A,0.07825,0.05375,0.0069,0,20151751710
646,2015175,1845,2015,175,18,45,NA,NA,A,NA,NA,NA,NA,20151751845
647,2015176,1340,2015,176,13,40,NA,NA,T,NA,NA,NA,NA,20151761340
648,2015176,1515,2015,176,15,15,NA,NA,T,NA,NA,NA,NA,20151761515
649,2015176,1615,2015,176,16,15,NA,NA,A,NA,NA,NA,NA,20151761615
650,2015176,1755,2015,176,17,55,NA,NA,A,NA,NA,NA,NA,20151761755
651,2015177,1245,2015,177,12,45,NA,NA,T,NA,NA,NA,NA,20151771245
652,2015177,1420,2015,177,14,20,-34.55416666,-58.50906357,T,0.299,0.2085,0.016,0,20151771420
653,2015177,1700,2015,177,17,0,NA,NA,A,NA,NA,NA,NA,20151771700
654,2015177,1835,2015,177,18,35,-34.55416666,-58.50906357,A,0.1745,0.12,0.0102,0,20151771835
655,2015178,1325,2015,178,13,25,NA,NA,T,NA,NA,NA,NA,20151781325
656,2015178,1505,2015,178,15,5,NA,NA,T,NA,NA,NA,NA,20151781505
657,2015178,1740,2015,178,17,40,NA,NA,A,NA,NA,NA,NA,20151781740
658,2015178,1915,2015,178,19,15,NA,NA,A,NA,NA,NA,NA,20151781915
659,2015179,1230,2015,179,12,30,NA,NA,T,NA,NA,NA,NA,20151791230
660,2015179,1410,2015,179,14,10,NA,NA,T,NA,NA,NA,NA,20151791410
661,2015179,1645,2015,179,16,45,NA,NA,A,NA,NA,NA,NA,20151791645
662,2015179,1825,2015,179,18,25,NA,NA,A,NA,NA,NA,NA,20151791825
663,2015180,1315,2015,180,13,15,NA,NA,T,NA,NA,NA,NA,20151801315
664,2015180,1450,2015,180,14,50,NA,NA,T,NA,NA,NA,NA,20151801450
665,2015180,1730,2015,180,17,30,NA,NA,A,NA,NA,NA,NA,20151801730
666,2015180,1905,2015,180,19,5,NA,NA,A,NA,NA,NA,NA,20151801905
667,2015181,1355,2015,181,13,55,NA,NA,T,NA,NA,NA,NA,20151811355
668,2015181,1635,2015,181,16,35,NA,NA,A,NA,NA,NA,NA,20151811635
669,2015181,1810,2015,181,18,10,-34.55416666,-58.50906357,A,0.05,0.03425,0.0192,0,20151811810
670,2015182,1300,2015,182,13,0,NA,NA,T,NA,NA,NA,NA,20151821300
671,2015182,1440,2015,182,14,40,NA,NA,T,NA,NA,NA,NA,20151821440
672,2015182,1715,2015,182,17,15,NA,NA,A,NA,NA,NA,NA,20151821715
673,2015182,1855,2015,182,18,55,NA,NA,A,NA,NA,NA,NA,20151821855
674,2015183,1345,2015,183,13,45,NA,NA,T,NA,NA,NA,NA,20151831345
675,2015183,1620,2015,183,16,20,NA,NA,A,NA,NA,NA,NA,20151831620
676,2015183,1800,2015,183,18,0,-34.55416666,-58.50906357,A,0.0705,0.048,0.0261,0,20151831800
677,2015184,1250,2015,184,12,50,NA,NA,T,NA,NA,NA,NA,20151841250
678,2015184,1425,2015,184,14,25,NA,NA,T,NA,NA,NA,NA,20151841425
679,2015184,1705,2015,184,17,5,NA,NA,A,NA,NA,NA,NA,20151841705
680,2015184,1840,2015,184,18,40,NA,NA,A,NA,NA,NA,NA,20151841840
681,2015185,1330,2015,185,13,30,-34.55416666,-58.50906357,T,0.12575,0.0865,0.0146,0,20151851330
682,2015185,1510,2015,185,15,10,NA,NA,T,NA,NA,NA,NA,20151851510
683,2015185,1610,2015,185,16,10,NA,NA,A,NA,NA,NA,NA,20151851610
684,2015185,1745,2015,185,17,45,-34.55416666,-58.50906357,A,0.024,0.0165,0.0272,0,20151851745
685,2015186,1235,2015,186,12,35,NA,NA,T,NA,NA,NA,NA,20151861235
686,2015186,1415,2015,186,14,15,NA,NA,T,NA,NA,NA,NA,20151861415
687,2015186,1650,2015,186,16,50,NA,NA,A,NA,NA,NA,NA,20151861650
688,2015186,1830,2015,186,18,30,-34.55416666,-58.50906357,A,0.05325,0.0365,0.0114,0,20151861830
689,2015187,1320,2015,187,13,20,NA,NA,T,NA,NA,NA,NA,20151871320
690,2015187,1500,2015,187,15,0,NA,NA,T,NA,NA,NA,NA,20151871500
691,2015187,1735,2015,187,17,35,NA,NA,A,NA,NA,NA,NA,20151871735
692,2015187,1910,2015,187,19,10,NA,NA,A,NA,NA,NA,NA,20151871910
693,2015188,1405,2015,188,14,5,NA,NA,T,NA,NA,NA,NA,20151881405
694,2015188,1640,2015,188,16,40,NA,NA,A,NA,NA,NA,NA,20151881640
695,2015188,1815,2015,188,18,15,-34.55416666,-58.50906357,A,0.092,0.063,0.0163,0,20151881815
696,2015189,1310,2015,189,13,10,-34.55416666,-58.50906357,T,0.12575,0.0865,0.0079,0,20151891310
697,2015189,1445,2015,189,14,45,NA,NA,T,NA,NA,NA,NA,20151891445
698,2015189,1720,2015,189,17,20,NA,NA,A,NA,NA,NA,NA,20151891720
699,2015189,1900,2015,189,19,0,NA,NA,A,NA,NA,NA,NA,20151891900
700,2015190,1350,2015,190,13,50,NA,NA,T,NA,NA,NA,NA,20151901350
701,2015190,1625,2015,190,16,25,NA,NA,A,NA,NA,NA,NA,20151901625
702,2015190,1805,2015,190,18,5,NA,NA,A,NA,NA,NA,NA,20151901805
703,2015191,1255,2015,191,12,55,NA,NA,T,NA,NA,NA,NA,20151911255
704,2015191,1435,2015,191,14,35,NA,NA,T,NA,NA,NA,NA,20151911435
705,2015191,1710,2015,191,17,10,NA,NA,A,NA,NA,NA,NA,20151911710
706,2015191,1845,2015,191,18,45,NA,NA,A,NA,NA,NA,NA,20151911845
707,2015192,1340,2015,192,13,40,NA,NA,T,NA,NA,NA,NA,20151921340
708,2015192,1515,2015,192,15,15,NA,NA,T,NA,NA,NA,NA,20151921515
709,2015192,1615,2015,192,16,15,NA,NA,A,NA,NA,NA,NA,20151921615
710,2015192,1755,2015,192,17,55,NA,NA,A,NA,NA,NA,NA,20151921755
711,2015193,1245,2015,193,12,45,NA,NA,T,NA,NA,NA,NA,20151931245
712,2015193,1420,2015,193,14,20,NA,NA,T,NA,NA,NA,NA,20151931420
713,2015193,1700,2015,193,17,0,NA,NA,A,NA,NA,NA,NA,20151931700
714,2015193,1835,2015,193,18,35,NA,NA,A,NA,NA,NA,NA,20151931835
715,2015194,1325,2015,194,13,25,NA,NA,T,NA,NA,NA,NA,20151941325
716,2015194,1505,2015,194,15,5,NA,NA,T,NA,NA,NA,NA,20151941505
717,2015194,1740,2015,194,17,40,NA,NA,A,NA,NA,NA,NA,20151941740
718,2015194,1915,2015,194,19,15,NA,NA,A,NA,NA,NA,NA,20151941915
719,2015195,1230,2015,195,12,30,NA,NA,T,NA,NA,NA,NA,20151951230
720,2015195,1410,2015,195,14,10,NA,NA,T,NA,NA,NA,NA,20151951410
721,2015195,1645,2015,195,16,45,NA,NA,A,NA,NA,NA,NA,20151951645
722,2015195,1825,2015,195,18,25,-34.55416666,-58.50906357,A,0.04425,0.03,0.0134,0,20151951825
723,2015196,1315,2015,196,13,15,-34.55416666,-58.50906357,T,0.077,0.05275,0.0088,0,20151961315
724,2015196,1450,2015,196,14,50,-34.55416666,-58.50906357,T,0.028,0.019,0.0053,0,20151961450
725,2015196,1730,2015,196,17,30,-34.55416666,-58.50906357,A,0.06225,0.0425,0.0157,0,20151961730
726,2015196,1905,2015,196,19,5,NA,NA,A,NA,NA,NA,NA,20151961905
727,2015197,1355,2015,197,13,55,NA,NA,T,NA,NA,NA,NA,20151971355
728,2015197,1635,2015,197,16,35,NA,NA,A,NA,NA,NA,NA,20151971635
729,2015197,1810,2015,197,18,10,NA,NA,A,NA,NA,NA,NA,20151971810
730,2015198,1300,2015,198,13,0,NA,NA,T,NA,NA,NA,NA,20151981300
731,2015198,1440,2015,198,14,40,-34.55416666,-58.50906357,T,0.045,0.0305,0.0091,0,20151981440
732,2015198,1715,2015,198,17,15,NA,NA,A,NA,NA,NA,NA,20151981715
733,2015198,1855,2015,198,18,55,NA,NA,A,NA,NA,NA,NA,20151981855
734,2015199,1345,2015,199,13,45,NA,NA,T,NA,NA,NA,NA,20151991345
735,2015199,1620,2015,199,16,20,NA,NA,A,NA,NA,NA,NA,20151991620
736,2015199,1800,2015,199,18,0,NA,NA,A,NA,NA,NA,NA,20151991800
737,2015200,1250,2015,200,12,50,NA,NA,T,NA,NA,NA,NA,20152001250
738,2015200,1425,2015,200,14,25,-34.55416666,-58.50906357,T,0.407,0.28575,0.0128,0,20152001425
739,2015200,1705,2015,200,17,5,-34.55416666,-58.50906357,A,0.2035,0.1405,0.0075,0,20152001705
740,2015200,1840,2015,200,18,40,-34.55416666,-58.50906357,A,0.08075,0.05525,0.0108,0,20152001840
741,2015201,1330,2015,201,13,30,NA,NA,T,NA,NA,NA,NA,20152011330
742,2015201,1510,2015,201,15,10,NA,NA,T,NA,NA,NA,NA,20152011510
743,2015201,1610,2015,201,16,10,NA,NA,A,NA,NA,NA,NA,20152011610
744,2015201,1745,2015,201,17,45,NA,NA,A,NA,NA,NA,NA,20152011745
745,2015202,1235,2015,202,12,35,NA,NA,T,NA,NA,NA,NA,20152021235
746,2015202,1415,2015,202,14,15,-34.55416666,-58.50906357,T,0.184,0.1265,0.0211,0,20152021415
747,2015202,1650,2015,202,16,50,NA,NA,A,NA,NA,NA,NA,20152021650
748,2015202,1830,2015,202,18,30,NA,NA,A,NA,NA,NA,NA,20152021830
749,2015203,1320,2015,203,13,20,-34.55416666,-58.50906357,T,0.11125,0.0765,0.0118,0,20152031320
750,2015203,1500,2015,203,15,0,NA,NA,T,NA,NA,NA,NA,20152031500
751,2015203,1735,2015,203,17,35,-34.55416666,-58.50906357,A,0.075,0.0515,0.0205,0,20152031735
752,2015203,1910,2015,203,19,10,NA,NA,A,NA,NA,NA,NA,20152031910
753,2015204,1405,2015,204,14,5,NA,NA,T,NA,NA,NA,NA,20152041405
754,2015204,1640,2015,204,16,40,NA,NA,A,NA,NA,NA,NA,20152041640
755,2015204,1815,2015,204,18,15,NA,NA,A,NA,NA,NA,NA,20152041815
756,2015205,1310,2015,205,13,10,NA,NA,T,NA,NA,NA,NA,20152051310
757,2015205,1445,2015,205,14,45,-34.55416666,-58.50906357,T,0.08425,0.0575,0.0077,0,20152051445
758,2015205,1720,2015,205,17,20,-34.55416666,-58.50906357,A,0.07875,0.054,0.0134,0,20152051720
759,2015205,1900,2015,205,19,0,NA,NA,A,NA,NA,NA,NA,20152051900
760,2015206,1350,2015,206,13,50,NA,NA,T,NA,NA,NA,NA,20152061350
761,2015206,1625,2015,206,16,25,NA,NA,A,NA,NA,NA,NA,20152061625
762,2015206,1805,2015,206,18,5,NA,NA,A,NA,NA,NA,NA,20152061805
763,2015207,1255,2015,207,12,55,NA,NA,T,NA,NA,NA,NA,20152071255
764,2015207,1435,2015,207,14,35,NA,NA,T,NA,NA,NA,NA,20152071435
765,2015207,1710,2015,207,17,10,NA,NA,A,NA,NA,NA,NA,20152071710
766,2015207,1845,2015,207,18,45,NA,NA,A,NA,NA,NA,NA,20152071845
767,2015208,1340,2015,208,13,40,NA,NA,T,NA,NA,NA,NA,20152081340
768,2015208,1515,2015,208,15,15,NA,NA,T,NA,NA,NA,NA,20152081515
769,2015208,1615,2015,208,16,15,NA,NA,A,NA,NA,NA,NA,20152081615
770,2015208,1750,2015,208,17,50,NA,NA,A,NA,NA,NA,NA,20152081750
771,2015209,1245,2015,209,12,45,NA,NA,T,NA,NA,NA,NA,20152091245
772,2015209,1420,2015,209,14,20,NA,NA,T,NA,NA,NA,NA,20152091420
773,2015209,1655,2015,209,16,55,NA,NA,A,NA,NA,NA,NA,20152091655
774,2015209,1835,2015,209,18,35,NA,NA,A,NA,NA,NA,NA,20152091835
775,2015210,1325,2015,210,13,25,NA,NA,T,NA,NA,NA,NA,20152101325
776,2015210,1505,2015,210,15,5,NA,NA,T,NA,NA,NA,NA,20152101505
777,2015210,1740,2015,210,17,40,NA,NA,A,NA,NA,NA,NA,20152101740
778,2015210,1915,2015,210,19,15,NA,NA,A,NA,NA,NA,NA,20152101915
779,2015211,1230,2015,211,12,30,NA,NA,T,NA,NA,NA,NA,20152111230
780,2015211,1410,2015,211,14,10,NA,NA,T,NA,NA,NA,NA,20152111410
781,2015211,1645,2015,211,16,45,NA,NA,A,NA,NA,NA,NA,20152111645
782,2015211,1825,2015,211,18,25,NA,NA,A,NA,NA,NA,NA,20152111825
783,2015212,1315,2015,212,13,15,NA,NA,T,NA,NA,NA,NA,20152121315
784,2015212,1450,2015,212,14,50,NA,NA,T,NA,NA,NA,NA,20152121450
785,2015212,1730,2015,212,17,30,NA,NA,A,NA,NA,NA,NA,20152121730
786,2015212,1905,2015,212,19,5,NA,NA,A,NA,NA,NA,NA,20152121905
787,2015213,1355,2015,213,13,55,NA,NA,T,NA,NA,NA,NA,20152131355
788,2015213,1630,2015,213,16,30,NA,NA,A,NA,NA,NA,NA,20152131630
789,2015213,1810,2015,213,18,10,NA,NA,A,NA,NA,NA,NA,20152131810
790,2015214,1300,2015,214,13,0,NA,NA,T,NA,NA,NA,NA,20152141300
791,2015214,1440,2015,214,14,40,NA,NA,T,NA,NA,NA,NA,20152141440
792,2015214,1715,2015,214,17,15,NA,NA,A,NA,NA,NA,NA,20152141715
793,2015214,1850,2015,214,18,50,NA,NA,A,NA,NA,NA,NA,20152141850
794,2015215,1345,2015,215,13,45,-34.55416666,-58.50906357,T,0.10375,0.071,0.0259,0,20152151345
795,2015215,1620,2015,215,16,20,NA,NA,A,NA,NA,NA,NA,20152151620
796,2015215,1800,2015,215,18,0,NA,NA,A,NA,NA,NA,NA,20152151800
797,2015216,1250,2015,216,12,50,NA,NA,T,NA,NA,NA,NA,20152161250
798,2015216,1425,2015,216,14,25,NA,NA,T,NA,NA,NA,NA,20152161425
799,2015216,1705,2015,216,17,5,NA,NA,A,NA,NA,NA,NA,20152161705
800,2015216,1840,2015,216,18,40,NA,NA,A,NA,NA,NA,NA,20152161840
801,2015217,1330,2015,217,13,30,NA,NA,T,NA,NA,NA,NA,20152171330
802,2015217,1510,2015,217,15,10,NA,NA,T,NA,NA,NA,NA,20152171510
803,2015217,1610,2015,217,16,10,NA,NA,A,NA,NA,NA,NA,20152171610
804,2015217,1745,2015,217,17,45,NA,NA,A,NA,NA,NA,NA,20152171745
805,2015218,1235,2015,218,12,35,NA,NA,T,NA,NA,NA,NA,20152181235
806,2015218,1415,2015,218,14,15,NA,NA,T,NA,NA,NA,NA,20152181415
807,2015218,1650,2015,218,16,50,NA,NA,A,NA,NA,NA,NA,20152181650
808,2015218,1830,2015,218,18,30,NA,NA,A,NA,NA,NA,NA,20152181830
809,2015219,1320,2015,219,13,20,NA,NA,T,NA,NA,NA,NA,20152191320
810,2015219,1500,2015,219,15,0,NA,NA,T,NA,NA,NA,NA,20152191500
811,2015219,1735,2015,219,17,35,NA,NA,A,NA,NA,NA,NA,20152191735
812,2015219,1910,2015,219,19,10,NA,NA,A,NA,NA,NA,NA,20152191910
813,2015220,1405,2015,220,14,5,NA,NA,T,NA,NA,NA,NA,20152201405
814,2015220,1640,2015,220,16,40,NA,NA,A,NA,NA,NA,NA,20152201640
815,2015220,1815,2015,220,18,15,NA,NA,A,NA,NA,NA,NA,20152201815
816,2015221,1305,2015,221,13,5,NA,NA,T,NA,NA,NA,NA,20152211305
817,2015221,1445,2015,221,14,45,NA,NA,T,NA,NA,NA,NA,20152211445
818,2015221,1720,2015,221,17,20,NA,NA,A,NA,NA,NA,NA,20152211720
819,2015221,1900,2015,221,19,0,NA,NA,A,NA,NA,NA,NA,20152211900
820,2015222,1350,2015,222,13,50,NA,NA,T,NA,NA,NA,NA,20152221350
821,2015222,1625,2015,222,16,25,NA,NA,A,NA,NA,NA,NA,20152221625
822,2015222,1805,2015,222,18,5,NA,NA,A,NA,NA,NA,NA,20152221805
823,2015223,1255,2015,223,12,55,NA,NA,T,NA,NA,NA,NA,20152231255
824,2015223,1435,2015,223,14,35,NA,NA,T,NA,NA,NA,NA,20152231435
825,2015223,1710,2015,223,17,10,NA,NA,A,NA,NA,NA,NA,20152231710
826,2015223,1845,2015,223,18,45,NA,NA,A,NA,NA,NA,NA,20152231845
827,2015224,1340,2015,224,13,40,NA,NA,T,NA,NA,NA,NA,20152241340
828,2015224,1515,2015,224,15,15,NA,NA,T,NA,NA,NA,NA,20152241515
829,2015224,1615,2015,224,16,15,NA,NA,A,NA,NA,NA,NA,20152241615
830,2015224,1750,2015,224,17,50,NA,NA,A,NA,NA,NA,NA,20152241750
831,2015225,1245,2015,225,12,45,NA,NA,T,NA,NA,NA,NA,20152251245
832,2015225,1420,2015,225,14,20,NA,NA,T,NA,NA,NA,NA,20152251420
833,2015225,1655,2015,225,16,55,NA,NA,A,NA,NA,NA,NA,20152251655
834,2015225,1835,2015,225,18,35,NA,NA,A,NA,NA,NA,NA,20152251835
835,2015226,1325,2015,226,13,25,NA,NA,T,NA,NA,NA,NA,20152261325
836,2015226,1505,2015,226,15,5,NA,NA,T,NA,NA,NA,NA,20152261505
837,2015226,1740,2015,226,17,40,NA,NA,A,NA,NA,NA,NA,20152261740
838,2015226,1915,2015,226,19,15,NA,NA,A,NA,NA,NA,NA,20152261915
839,2015227,1230,2015,227,12,30,NA,NA,T,NA,NA,NA,NA,20152271230
840,2015227,1410,2015,227,14,10,NA,NA,T,NA,NA,NA,NA,20152271410
841,2015227,1645,2015,227,16,45,NA,NA,A,NA,NA,NA,NA,20152271645
842,2015227,1825,2015,227,18,25,-34.55416666,-58.50906357,A,0.14875,0.102,0.0172,0,20152271825
843,2015228,1315,2015,228,13,15,NA,NA,T,NA,NA,NA,NA,20152281315
844,2015228,1450,2015,228,14,50,NA,NA,T,NA,NA,NA,NA,20152281450
845,2015228,1730,2015,228,17,30,NA,NA,A,NA,NA,NA,NA,20152281730
846,2015228,1905,2015,228,19,5,NA,NA,A,NA,NA,NA,NA,20152281905
847,2015229,1355,2015,229,13,55,NA,NA,T,NA,NA,NA,NA,20152291355
848,2015229,1630,2015,229,16,30,NA,NA,A,NA,NA,NA,NA,20152291630
849,2015229,1810,2015,229,18,10,NA,NA,A,NA,NA,NA,NA,20152291810
850,2015230,1300,2015,230,13,0,NA,NA,T,NA,NA,NA,NA,20152301300
851,2015230,1440,2015,230,14,40,NA,NA,T,NA,NA,NA,NA,20152301440
852,2015230,1715,2015,230,17,15,NA,NA,A,NA,NA,NA,NA,20152301715
853,2015230,1850,2015,230,18,50,NA,NA,A,NA,NA,NA,NA,20152301850
854,2015231,1345,2015,231,13,45,NA,NA,T,NA,NA,NA,NA,20152311345
855,2015231,1620,2015,231,16,20,NA,NA,A,NA,NA,NA,NA,20152311620
856,2015231,1800,2015,231,18,0,NA,NA,A,NA,NA,NA,NA,20152311800
857,2015232,1250,2015,232,12,50,NA,NA,T,NA,NA,NA,NA,20152321250
858,2015232,1425,2015,232,14,25,NA,NA,T,NA,NA,NA,NA,20152321425
859,2015232,1705,2015,232,17,5,NA,NA,A,NA,NA,NA,NA,20152321705
860,2015232,1840,2015,232,18,40,NA,NA,A,NA,NA,NA,NA,20152321840
861,2015233,1330,2015,233,13,30,-34.55416666,-58.50906357,T,0.148,0.10175,0.0195,0,20152331330
862,2015233,1510,2015,233,15,10,NA,NA,T,NA,NA,NA,NA,20152331510
863,2015233,1610,2015,233,16,10,NA,NA,A,NA,NA,NA,NA,20152331610
864,2015233,1745,2015,233,17,45,-34.55416666,-58.50906357,A,0.027,0.018,0.0379,0,20152331745
865,2015234,1235,2015,234,12,35,NA,NA,T,NA,NA,NA,NA,20152341235
866,2015234,1415,2015,234,14,15,NA,NA,T,NA,NA,NA,NA,20152341415
867,2015234,1650,2015,234,16,50,NA,NA,A,NA,NA,NA,NA,20152341650
868,2015234,1830,2015,234,18,30,NA,NA,A,NA,NA,NA,NA,20152341830
869,2015235,1320,2015,235,13,20,NA,NA,T,NA,NA,NA,NA,20152351320
870,2015235,1455,2015,235,14,55,NA,NA,T,NA,NA,NA,NA,20152351455
871,2015235,1735,2015,235,17,35,NA,NA,A,NA,NA,NA,NA,20152351735
872,2015235,1910,2015,235,19,10,NA,NA,A,NA,NA,NA,NA,20152351910
873,2015236,1400,2015,236,14,0,NA,NA,T,NA,NA,NA,NA,20152361400
874,2015236,1640,2015,236,16,40,NA,NA,A,NA,NA,NA,NA,20152361640
875,2015236,1815,2015,236,18,15,-34.55416666,-58.50906357,A,0.061,0.04175,0.0226,0,20152361815
876,2015237,1305,2015,237,13,5,NA,NA,T,NA,NA,NA,NA,20152371305
877,2015237,1445,2015,237,14,45,NA,NA,T,NA,NA,NA,NA,20152371445
878,2015237,1900,2015,237,19,0,NA,NA,A,NA,NA,NA,NA,20152371900
879,2015238,1350,2015,238,13,50,NA,NA,T,NA,NA,NA,NA,20152381350
880,2015238,1625,2015,238,16,25,NA,NA,A,NA,NA,NA,NA,20152381625
881,2015238,1805,2015,238,18,5,NA,NA,A,NA,NA,NA,NA,20152381805
882,2015239,1255,2015,239,12,55,NA,NA,T,NA,NA,NA,NA,20152391255
883,2015239,1435,2015,239,14,35,-34.55416666,-58.50906357,T,0.04675,0.032,0.0177,0,20152391435
884,2015239,1710,2015,239,17,10,-34.55416666,-58.50906357,A,0.06475,0.04475,0.0154,0,20152391710
885,2015239,1845,2015,239,18,45,NA,NA,A,NA,NA,NA,NA,20152391845
886,2015240,1340,2015,240,13,40,NA,NA,T,NA,NA,NA,NA,20152401340
887,2015240,1515,2015,240,15,15,NA,NA,T,NA,NA,NA,NA,20152401515
888,2015240,1615,2015,240,16,15,NA,NA,A,NA,NA,NA,NA,20152401615
889,2015240,1750,2015,240,17,50,-34.55416666,-58.50906357,A,0.24975,0.17275,0.0552,0,20152401750
890,2015241,1245,2015,241,12,45,NA,NA,T,NA,NA,NA,NA,20152411245
891,2015241,1420,2015,241,14,20,NA,NA,T,NA,NA,NA,NA,20152411420
892,2015241,1655,2015,241,16,55,NA,NA,A,NA,NA,NA,NA,20152411655
893,2015241,1835,2015,241,18,35,NA,NA,A,NA,NA,NA,NA,20152411835
894,2015242,1325,2015,242,13,25,NA,NA,T,NA,NA,NA,NA,20152421325
895,2015242,1505,2015,242,15,5,NA,NA,T,NA,NA,NA,NA,20152421505
896,2015242,1740,2015,242,17,40,NA,NA,A,NA,NA,NA,NA,20152421740
897,2015242,1915,2015,242,19,15,NA,NA,A,NA,NA,NA,NA,20152421915
898,2015243,1230,2015,243,12,30,NA,NA,T,NA,NA,NA,NA,20152431230
899,2015243,1410,2015,243,14,10,NA,NA,T,NA,NA,NA,NA,20152431410
900,2015243,1645,2015,243,16,45,NA,NA,A,NA,NA,NA,NA,20152431645
901,2015243,1825,2015,243,18,25,-34.55416666,-58.50906357,A,0.08475,0.058,0.0239,0,20152431825
902,2015244,1315,2015,244,13,15,-34.55416666,-58.50906357,T,0.13425,0.09225,0.0165,0,20152441315
903,2015244,1450,2015,244,14,50,-34.55416666,-58.50906357,T,0.11875,0.0815,0.0099,0,20152441450
904,2015244,1730,2015,244,17,30,NA,NA,A,NA,NA,NA,NA,20152441730
905,2015244,1905,2015,244,19,5,NA,NA,A,NA,NA,NA,NA,20152441905
906,2015245,1355,2015,245,13,55,NA,NA,T,NA,NA,NA,NA,20152451355
907,2015245,1630,2015,245,16,30,NA,NA,A,NA,NA,NA,NA,20152451630
908,2015245,1810,2015,245,18,10,NA,NA,A,NA,NA,NA,NA,20152451810
909,2015246,1300,2015,246,13,0,NA,NA,T,NA,NA,NA,NA,20152461300
910,2015246,1440,2015,246,14,40,NA,NA,T,NA,NA,NA,NA,20152461440
911,2015246,1715,2015,246,17,15,NA,NA,A,NA,NA,NA,NA,20152461715
912,2015246,1850,2015,246,18,50,NA,NA,A,NA,NA,NA,NA,20152461850
913,2015247,1345,2015,247,13,45,-34.55416666,-58.50906357,T,0.044,0.03,0.0412,0,20152471345
914,2015247,1620,2015,247,16,20,NA,NA,A,NA,NA,NA,NA,20152471620
915,2015247,1800,2015,247,18,0,-34.55416666,-58.50906357,A,0.064,0.044,0.0481,0,20152471800
916,2015248,1250,2015,248,12,50,NA,NA,T,NA,NA,NA,NA,20152481250
917,2015248,1425,2015,248,14,25,-34.55416666,-58.50906357,T,0.1015,0.06975,0.0261,0,20152481425
918,2015248,1705,2015,248,17,5,-34.55416666,-58.50906357,A,0.16525,0.11375,0.0108,0,20152481705
919,2015248,1840,2015,248,18,40,-34.55416666,-58.50906357,A,0.08825,0.06025,0.0157,0,20152481840
920,2015249,1330,2015,249,13,30,-34.55416666,-58.50906357,T,0.04525,0.031,0.03,0,20152491330
921,2015249,1510,2015,249,15,10,NA,NA,T,NA,NA,NA,NA,20152491510
922,2015249,1745,2015,249,17,45,-34.55416666,-58.50906357,A,0.02,0.0135,0.0444,0,20152491745
923,2015250,1235,2015,250,12,35,NA,NA,T,NA,NA,NA,NA,20152501235
924,2015250,1415,2015,250,14,15,NA,NA,T,NA,NA,NA,NA,20152501415
925,2015250,1650,2015,250,16,50,NA,NA,A,NA,NA,NA,NA,20152501650
926,2015250,1830,2015,250,18,30,NA,NA,A,NA,NA,NA,NA,20152501830
927,2015251,1320,2015,251,13,20,-34.55416666,-58.50906357,T,0.07325,0.05,0.0172,0,20152511320
928,2015251,1455,2015,251,14,55,NA,NA,T,NA,NA,NA,NA,20152511455
929,2015251,1735,2015,251,17,35,NA,NA,A,NA,NA,NA,NA,20152511735
930,2015251,1910,2015,251,19,10,NA,NA,A,NA,NA,NA,NA,20152511910
931,2015252,1400,2015,252,14,0,NA,NA,T,NA,NA,NA,NA,20152521400
932,2015252,1640,2015,252,16,40,NA,NA,A,NA,NA,NA,NA,20152521640
933,2015252,1815,2015,252,18,15,NA,NA,A,NA,NA,NA,NA,20152521815
934,2015253,1305,2015,253,13,5,NA,NA,T,NA,NA,NA,NA,20152531305
935,2015253,1445,2015,253,14,45,NA,NA,T,NA,NA,NA,NA,20152531445
936,2015253,1720,2015,253,17,20,NA,NA,A,NA,NA,NA,NA,20152531720
937,2015253,1900,2015,253,19,0,NA,NA,A,NA,NA,NA,NA,20152531900
938,2015254,1350,2015,254,13,50,-34.55416666,-58.50906357,T,0.02575,0.01775,0.0496,0,20152541350
939,2015254,1625,2015,254,16,25,NA,NA,A,NA,NA,NA,NA,20152541625
940,2015254,1805,2015,254,18,5,-34.55416666,-58.50906357,A,0.026,0.01775,0.0494,0,20152541805
941,2015255,1255,2015,255,12,55,NA,NA,T,NA,NA,NA,NA,20152551255
942,2015255,1435,2015,255,14,35,-34.55416666,-58.50906357,T,0.08025,0.05475,0.021,0,20152551435
943,2015255,1710,2015,255,17,10,-34.55416666,-58.50906357,A,0.105,0.072,0.0122,0,20152551710
944,2015255,1845,2015,255,18,45,NA,NA,A,NA,NA,NA,NA,20152551845
945,2015256,1340,2015,256,13,40,-34.55416666,-58.50906357,T,0.0685,0.04675,0.0373,0,20152561340
946,2015256,1515,2015,256,15,15,NA,NA,T,NA,NA,NA,NA,20152561515
947,2015256,1615,2015,256,16,15,NA,NA,A,NA,NA,NA,NA,20152561615
948,2015257,1240,2015,257,12,40,NA,NA,T,NA,NA,NA,NA,20152571240
949,2015257,1420,2015,257,14,20,NA,NA,T,NA,NA,NA,NA,20152571420
950,2015257,1655,2015,257,16,55,NA,NA,A,NA,NA,NA,NA,20152571655
951,2015257,1835,2015,257,18,35,NA,NA,A,NA,NA,NA,NA,20152571835
952,2015258,1325,2015,258,13,25,NA,NA,T,NA,NA,NA,NA,20152581325
953,2015258,1505,2015,258,15,5,NA,NA,T,NA,NA,NA,NA,20152581505
954,2015258,1740,2015,258,17,40,-34.55416666,-58.50906357,A,0.1375,0.0945,0.0464,0,20152581740
955,2015258,1915,2015,258,19,15,NA,NA,A,NA,NA,NA,NA,20152581915
956,2015259,1230,2015,259,12,30,NA,NA,T,NA,NA,NA,NA,20152591230
957,2015259,1410,2015,259,14,10,-34.55416666,-58.50906357,T,0.11275,0.0775,0.0605,0,20152591410
958,2015259,1645,2015,259,16,45,NA,NA,A,NA,NA,NA,NA,20152591645
959,2015259,1825,2015,259,18,25,-34.55416666,-58.50906357,A,0.03075,0.021,0.0281,0,20152591825
960,2015260,1315,2015,260,13,15,-34.55416666,-58.50906357,T,0.06775,0.04625,0.0195,0,20152601315
961,2015260,1450,2015,260,14,50,-34.55416666,-58.50906357,T,0.062,0.04225,0.0103,0,20152601450
962,2015260,1730,2015,260,17,30,-34.55416666,-58.50906357,A,0.09975,0.0685,0.0286,0,20152601730
963,2015260,1905,2015,260,19,5,NA,NA,A,NA,NA,NA,NA,20152601905
964,2015261,1355,2015,261,13,55,-34.55416666,-58.50906357,T,0.07675,0.0525,0.0769,0,20152611355
965,2015261,1630,2015,261,16,30,NA,NA,A,NA,NA,NA,NA,20152611630
966,2015261,1810,2015,261,18,10,-34.55416666,-58.50906357,A,0.06,0.04075,0.044,0,20152611810
967,2015262,1300,2015,262,13,0,NA,NA,T,NA,NA,NA,NA,20152621300
968,2015262,1440,2015,262,14,40,-34.55416666,-58.50906357,T,0.1425,0.09775,0.0197,0,20152621440
969,2015262,1715,2015,262,17,15,NA,NA,A,NA,NA,NA,NA,20152621715
970,2015262,1850,2015,262,18,50,NA,NA,A,NA,NA,NA,NA,20152621850
971,2015263,1340,2015,263,13,40,NA,NA,T,NA,NA,NA,NA,20152631340
972,2015263,1620,2015,263,16,20,NA,NA,A,NA,NA,NA,NA,20152631620
973,2015263,1800,2015,263,18,0,NA,NA,A,NA,NA,NA,NA,20152631800
974,2015264,1250,2015,264,12,50,NA,NA,T,NA,NA,NA,NA,20152641250
975,2015264,1425,2015,264,14,25,NA,NA,T,NA,NA,NA,NA,20152641425
976,2015264,1705,2015,264,17,5,NA,NA,A,NA,NA,NA,NA,20152641705
977,2015264,1840,2015,264,18,40,NA,NA,A,NA,NA,NA,NA,20152641840
978,2015265,1330,2015,265,13,30,NA,NA,T,NA,NA,NA,NA,20152651330
979,2015265,1510,2015,265,15,10,NA,NA,T,NA,NA,NA,NA,20152651510
980,2015265,1745,2015,265,17,45,NA,NA,A,NA,NA,NA,NA,20152651745
981,2015266,1235,2015,266,12,35,NA,NA,T,NA,NA,NA,NA,20152661235
982,2015266,1415,2015,266,14,15,NA,NA,T,NA,NA,NA,NA,20152661415
983,2015266,1650,2015,266,16,50,NA,NA,A,NA,NA,NA,NA,20152661650
984,2015266,1830,2015,266,18,30,NA,NA,A,NA,NA,NA,NA,20152661830
985,2015267,1320,2015,267,13,20,NA,NA,T,NA,NA,NA,NA,20152671320
986,2015267,1455,2015,267,14,55,NA,NA,T,NA,NA,NA,NA,20152671455
987,2015267,1735,2015,267,17,35,NA,NA,A,NA,NA,NA,NA,20152671735
988,2015267,1910,2015,267,19,10,NA,NA,A,NA,NA,NA,NA,20152671910
989,2015268,1400,2015,268,14,0,NA,NA,T,NA,NA,NA,NA,20152681400
990,2015268,1640,2015,268,16,40,NA,NA,A,NA,NA,NA,NA,20152681640
991,2015268,1815,2015,268,18,15,NA,NA,A,NA,NA,NA,NA,20152681815
992,2015269,1305,2015,269,13,5,NA,NA,T,NA,NA,NA,NA,20152691305
993,2015269,1445,2015,269,14,45,NA,NA,T,NA,NA,NA,NA,20152691445
994,2015269,1720,2015,269,17,20,NA,NA,A,NA,NA,NA,NA,20152691720
995,2015269,1900,2015,269,19,0,NA,NA,A,NA,NA,NA,NA,20152691900
996,2015270,1350,2015,270,13,50,-34.55416666,-58.50906357,T,0.07825,0.05325,0.0611,0,20152701350
997,2015270,1625,2015,270,16,25,NA,NA,A,NA,NA,NA,NA,20152701625
998,2015270,1805,2015,270,18,5,NA,NA,A,NA,NA,NA,NA,20152701805
999,2015271,1255,2015,271,12,55,NA,NA,T,NA,NA,NA,NA,20152711255
1000,2015271,1430,2015,271,14,30,NA,NA,T,NA,NA,NA,NA,20152711430
1001,2015271,1710,2015,271,17,10,NA,NA,A,NA,NA,NA,NA,20152711710
1002,2015271,1845,2015,271,18,45,NA,NA,A,NA,NA,NA,NA,20152711845
1003,2015272,1335,2015,272,13,35,-34.55416666,-58.50906357,T,0.0395,0.027,0.0417,0,20152721335
1004,2015272,1515,2015,272,15,15,NA,NA,T,NA,NA,NA,NA,20152721515
1005,2015272,1615,2015,272,16,15,NA,NA,A,NA,NA,NA,NA,20152721615
1006,2015272,1750,2015,272,17,50,NA,NA,A,NA,NA,NA,NA,20152721750
1007,2015273,1240,2015,273,12,40,NA,NA,T,NA,NA,NA,NA,20152731240
1008,2015273,1420,2015,273,14,20,NA,NA,T,NA,NA,NA,NA,20152731420
1009,2015273,1655,2015,273,16,55,NA,NA,A,NA,NA,NA,NA,20152731655
1010,2015273,1835,2015,273,18,35,-34.55416666,-58.50906357,A,0.03733,0.02533,0.0174,0,20152731835
1011,2015274,1325,2015,274,13,25,NA,NA,T,NA,NA,NA,NA,20152741325
1012,2015274,1740,2015,274,17,40,NA,NA,A,NA,NA,NA,NA,20152741740
1013,2015274,1915,2015,274,19,15,NA,NA,A,NA,NA,NA,NA,20152741915
1014,2015275,1230,2015,275,12,30,NA,NA,T,NA,NA,NA,NA,20152751230
1015,2015275,1410,2015,275,14,10,NA,NA,T,NA,NA,NA,NA,20152751410
1016,2015275,1645,2015,275,16,45,NA,NA,A,NA,NA,NA,NA,20152751645
1017,2015275,1825,2015,275,18,25,NA,NA,A,NA,NA,NA,NA,20152751825
1018,2015276,1315,2015,276,13,15,-34.55416666,-58.50906357,T,0.10675,0.0735,0.0205,0,20152761315
1019,2015276,1450,2015,276,14,50,-34.55416666,-58.50906357,T,0.13175,0.0905,0.0168,0,20152761450
1020,2015276,1730,2015,276,17,30,NA,NA,A,NA,NA,NA,NA,20152761730
1021,2015276,1905,2015,276,19,5,NA,NA,A,NA,NA,NA,NA,20152761905
1022,2015277,1355,2015,277,13,55,NA,NA,T,NA,NA,NA,NA,20152771355
1023,2015277,1630,2015,277,16,30,NA,NA,A,NA,NA,NA,NA,20152771630
1024,2015277,1810,2015,277,18,10,NA,NA,A,NA,NA,NA,NA,20152771810
1025,2015278,1300,2015,278,13,0,NA,NA,T,NA,NA,NA,NA,20152781300
1026,2015278,1440,2015,278,14,40,NA,NA,T,NA,NA,NA,NA,20152781440
1027,2015278,1715,2015,278,17,15,NA,NA,A,NA,NA,NA,NA,20152781715
1028,2015278,1850,2015,278,18,50,NA,NA,A,NA,NA,NA,NA,20152781850
1029,2015279,1345,2015,279,13,45,NA,NA,T,NA,NA,NA,NA,20152791345
1030,2015279,1620,2015,279,16,20,NA,NA,A,NA,NA,NA,NA,20152791620
1031,2015279,1800,2015,279,18,0,NA,NA,A,NA,NA,NA,NA,20152791800
1032,2015280,1250,2015,280,12,50,NA,NA,T,NA,NA,NA,NA,20152801250
1033,2015280,1425,2015,280,14,25,-34.55416666,-58.50906357,T,0.13925,0.0955,0.0293,0,20152801425
1034,2015280,1705,2015,280,17,5,NA,NA,A,NA,NA,NA,NA,20152801705
1035,2015280,1840,2015,280,18,40,NA,NA,A,NA,NA,NA,NA,20152801840
1036,2015281,1330,2015,281,13,30,-34.55416666,-58.50906357,T,0.04325,0.0295,0.0277,0,20152811330
1037,2015281,1510,2015,281,15,10,NA,NA,T,NA,NA,NA,NA,20152811510
1038,2015281,1605,2015,281,16,5,NA,NA,A,NA,NA,NA,NA,20152811605
1039,2015281,1745,2015,281,17,45,NA,NA,A,NA,NA,NA,NA,20152811745
1040,2015282,1235,2015,282,12,35,NA,NA,T,NA,NA,NA,NA,20152821235
1041,2015282,1415,2015,282,14,15,NA,NA,T,NA,NA,NA,NA,20152821415
1042,2015282,1650,2015,282,16,50,NA,NA,A,NA,NA,NA,NA,20152821650
1043,2015282,1830,2015,282,18,30,NA,NA,A,NA,NA,NA,NA,20152821830
1044,2015283,1320,2015,283,13,20,NA,NA,T,NA,NA,NA,NA,20152831320
1045,2015283,1455,2015,283,14,55,NA,NA,T,NA,NA,NA,NA,20152831455
1046,2015283,1735,2015,283,17,35,NA,NA,A,NA,NA,NA,NA,20152831735
1047,2015283,1910,2015,283,19,10,NA,NA,A,NA,NA,NA,NA,20152831910
1048,2015284,1400,2015,284,14,0,NA,NA,T,NA,NA,NA,NA,20152841400
1049,2015284,1640,2015,284,16,40,NA,NA,A,NA,NA,NA,NA,20152841640
1050,2015284,1815,2015,284,18,15,NA,NA,A,NA,NA,NA,NA,20152841815
1051,2015285,1305,2015,285,13,5,NA,NA,T,NA,NA,NA,NA,20152851305
1052,2015285,1445,2015,285,14,45,NA,NA,T,NA,NA,NA,NA,20152851445
1053,2015285,1720,2015,285,17,20,NA,NA,A,NA,NA,NA,NA,20152851720
1054,2015285,1900,2015,285,19,0,NA,NA,A,NA,NA,NA,NA,20152851900
1055,2015286,1350,2015,286,13,50,-34.55416666,-58.50906357,T,0.11075,0.07575,0.056,0,20152861350
1056,2015286,1625,2015,286,16,25,NA,NA,A,NA,NA,NA,NA,20152861625
1057,2015286,1805,2015,286,18,5,NA,NA,A,NA,NA,NA,NA,20152861805
1058,2015287,1255,2015,287,12,55,NA,NA,T,NA,NA,NA,NA,20152871255
1059,2015287,1430,2015,287,14,30,NA,NA,T,NA,NA,NA,NA,20152871430
1060,2015287,1710,2015,287,17,10,NA,NA,A,NA,NA,NA,NA,20152871710
1061,2015287,1845,2015,287,18,45,NA,NA,A,NA,NA,NA,NA,20152871845
1062,2015288,1335,2015,288,13,35,NA,NA,T,NA,NA,NA,NA,20152881335
1063,2015288,1515,2015,288,15,15,NA,NA,T,NA,NA,NA,NA,20152881515
1064,2015288,1615,2015,288,16,15,NA,NA,A,NA,NA,NA,NA,20152881615
1065,2015288,1750,2015,288,17,50,NA,NA,A,NA,NA,NA,NA,20152881750
1066,2015289,1240,2015,289,12,40,NA,NA,T,NA,NA,NA,NA,20152891240
1067,2015289,1420,2015,289,14,20,-34.55416666,-58.50906357,T,0.1285,0.0885,0.0315,0,20152891420
1068,2015289,1655,2015,289,16,55,NA,NA,A,NA,NA,NA,NA,20152891655
1069,2015289,1835,2015,289,18,35,-34.55416666,-58.50906357,A,0.0975,0.06675,0.0157,0,20152891835
1070,2015290,1325,2015,290,13,25,-34.55416666,-58.50906357,T,0.06225,0.04275,0.0224,0,20152901325
1071,2015290,1505,2015,290,15,5,NA,NA,T,NA,NA,NA,NA,20152901505
1072,2015290,1740,2015,290,17,40,-34.55416666,-58.50906357,A,0.09975,0.0685,0.0536,0,20152901740
1073,2015290,1915,2015,290,19,15,NA,NA,A,NA,NA,NA,NA,20152901915
1074,2015291,1230,2015,291,12,30,NA,NA,T,NA,NA,NA,NA,20152911230
1075,2015291,1410,2015,291,14,10,-34.55416666,-58.50906357,T,0.138,0.095,0.0619,0,20152911410
1076,2015291,1645,2015,291,16,45,NA,NA,A,NA,NA,NA,NA,20152911645
1077,2015291,1825,2015,291,18,25,-34.55416666,-58.50906357,A,0.1225,0.084,0.0311,0,20152911825
1078,2015292,1315,2015,292,13,15,-34.55416666,-58.50906357,T,0.3785,0.26475,0.0265,0,20152921315
1079,2015292,1450,2015,292,14,50,NA,NA,T,NA,NA,NA,NA,20152921450
1080,2015292,1730,2015,292,17,30,NA,NA,A,NA,NA,NA,NA,20152921730
1081,2015292,1905,2015,292,19,5,NA,NA,A,NA,NA,NA,NA,20152921905
1082,2015293,1355,2015,293,13,55,NA,NA,T,NA,NA,NA,NA,20152931355
1083,2015293,1630,2015,293,16,30,NA,NA,A,NA,NA,NA,NA,20152931630
1084,2015293,1810,2015,293,18,10,-34.5625,-58.51492525,A,0.1755,0.121,0.0585,0,20152931810
1085,2015294,1300,2015,294,13,0,NA,NA,T,NA,NA,NA,NA,20152941300
1086,2015294,1440,2015,294,14,40,NA,NA,T,NA,NA,NA,NA,20152941440
1087,2015294,1715,2015,294,17,15,NA,NA,A,NA,NA,NA,NA,20152941715
1088,2015294,1850,2015,294,18,50,NA,NA,A,NA,NA,NA,NA,20152941850
1089,2015295,1345,2015,295,13,45,-34.55416666,-58.50906357,T,0.149,0.10225,0.0544,0,20152951345
1090,2015295,1620,2015,295,16,20,NA,NA,A,NA,NA,NA,NA,20152951620
1091,2015295,1800,2015,295,18,0,NA,NA,A,NA,NA,NA,NA,20152951800
1092,2015296,1250,2015,296,12,50,NA,NA,T,NA,NA,NA,NA,20152961250
1093,2015296,1425,2015,296,14,25,-34.55416666,-58.50906357,T,0.21075,0.1455,0.0318,0,20152961425
1094,2015296,1705,2015,296,17,5,NA,NA,A,NA,NA,NA,NA,20152961705
1095,2015296,1840,2015,296,18,40,-34.55416666,-58.50906357,A,0.227,0.15733,0.0144,0,20152961840
1096,2015297,1330,2015,297,13,30,NA,NA,T,NA,NA,NA,NA,20152971330
1097,2015297,1510,2015,297,15,10,NA,NA,T,NA,NA,NA,NA,20152971510
1098,2015297,1610,2015,297,16,10,NA,NA,A,NA,NA,NA,NA,20152971610
1099,2015297,1745,2015,297,17,45,NA,NA,A,NA,NA,NA,NA,20152971745
1100,2015298,1235,2015,298,12,35,NA,NA,T,NA,NA,NA,NA,20152981235
1101,2015298,1415,2015,298,14,15,NA,NA,T,NA,NA,NA,NA,20152981415
1102,2015298,1650,2015,298,16,50,NA,NA,A,NA,NA,NA,NA,20152981650
1103,2015298,1830,2015,298,18,30,-34.55416666,-58.50906357,A,0.237,0.1645,0.0222,0,20152981830
1104,2015299,1320,2015,299,13,20,NA,NA,T,NA,NA,NA,NA,20152991320
1105,2015299,1455,2015,299,14,55,NA,NA,T,NA,NA,NA,NA,20152991455
1106,2015299,1735,2015,299,17,35,NA,NA,A,NA,NA,NA,NA,20152991735
1107,2015299,1910,2015,299,19,10,NA,NA,A,NA,NA,NA,NA,20152991910
1108,2015300,1400,2015,300,14,0,NA,NA,T,NA,NA,NA,NA,20153001400
1109,2015300,1640,2015,300,16,40,NA,NA,A,NA,NA,NA,NA,20153001640
1110,2015300,1815,2015,300,18,15,-34.55416666,-58.50906357,A,0.07625,0.05225,0.0326,0,20153001815
1111,2015301,1305,2015,301,13,5,NA,NA,T,NA,NA,NA,NA,20153011305
1112,2015301,1720,2015,301,17,20,-34.55416666,-58.50906357,A,0.139,0.0955,0.0223,0,20153011720
1113,2015301,1900,2015,301,19,0,NA,NA,A,NA,NA,NA,NA,20153011900
1114,2015302,1350,2015,302,13,50,NA,NA,T,NA,NA,NA,NA,20153021350
1115,2015302,1625,2015,302,16,25,NA,NA,A,NA,NA,NA,NA,20153021625
1116,2015302,1805,2015,302,18,5,NA,NA,A,NA,NA,NA,NA,20153021805
1117,2015303,1255,2015,303,12,55,NA,NA,T,NA,NA,NA,NA,20153031255
1118,2015303,1430,2015,303,14,30,NA,NA,T,NA,NA,NA,NA,20153031430
1119,2015303,1710,2015,303,17,10,NA,NA,A,NA,NA,NA,NA,20153031710
1120,2015303,1845,2015,303,18,45,NA,NA,A,NA,NA,NA,NA,20153031845
1121,2015304,1340,2015,304,13,40,NA,NA,T,NA,NA,NA,NA,20153041340
1122,2015304,1515,2015,304,15,15,NA,NA,T,NA,NA,NA,NA,20153041515
1123,2015304,1615,2015,304,16,15,NA,NA,A,NA,NA,NA,NA,20153041615
1124,2015304,1750,2015,304,17,50,NA,NA,A,NA,NA,NA,NA,20153041750
1125,2015305,1240,2015,305,12,40,NA,NA,T,NA,NA,NA,NA,20153051240
1126,2015305,1420,2015,305,14,20,NA,NA,T,NA,NA,NA,NA,20153051420
1127,2015305,1655,2015,305,16,55,NA,NA,A,NA,NA,NA,NA,20153051655
1128,2015305,1835,2015,305,18,35,NA,NA,A,NA,NA,NA,NA,20153051835
1129,2015306,1325,2015,306,13,25,NA,NA,T,NA,NA,NA,NA,20153061325
1130,2015306,1505,2015,306,15,5,NA,NA,T,NA,NA,NA,NA,20153061505
1131,2015306,1740,2015,306,17,40,NA,NA,A,NA,NA,NA,NA,20153061740
1132,2015306,1915,2015,306,19,15,NA,NA,A,NA,NA,NA,NA,20153061915
1133,2015307,1230,2015,307,12,30,NA,NA,T,NA,NA,NA,NA,20153071230
1134,2015307,1410,2015,307,14,10,NA,NA,T,NA,NA,NA,NA,20153071410
1135,2015307,1645,2015,307,16,45,NA,NA,A,NA,NA,NA,NA,20153071645
1136,2015307,1825,2015,307,18,25,NA,NA,A,NA,NA,NA,NA,20153071825
1137,2015308,1315,2015,308,13,15,-34.55416666,-58.50906357,T,0.097,0.0665,0.0237,0,20153081315
1138,2015308,1450,2015,308,14,50,-34.55416666,-58.50906357,T,0.126,0.087,0.0161,0,20153081450
1139,2015308,1730,2015,308,17,30,NA,NA,A,NA,NA,NA,NA,20153081730
1140,2015308,1905,2015,308,19,5,NA,NA,A,NA,NA,NA,NA,20153081905
1141,2015309,1355,2015,309,13,55,NA,NA,T,NA,NA,NA,NA,20153091355
1142,2015309,1630,2015,309,16,30,NA,NA,A,NA,NA,NA,NA,20153091630
1143,2015309,1810,2015,309,18,10,NA,NA,A,NA,NA,NA,NA,20153091810
1144,2015310,1300,2015,310,13,0,NA,NA,T,NA,NA,NA,NA,20153101300
1145,2015310,1440,2015,310,14,40,NA,NA,T,NA,NA,NA,NA,20153101440
1146,2015310,1715,2015,310,17,15,-34.55416666,-58.50906357,A,0.2215,0.15375,0.0185,0,20153101715
1147,2015310,1850,2015,310,18,50,NA,NA,A,NA,NA,NA,NA,20153101850
1148,2015311,1345,2015,311,13,45,-34.55416666,-58.50906357,T,0.0325,0.02225,0.0582,0,20153111345
1149,2015311,1620,2015,311,16,20,NA,NA,A,NA,NA,NA,NA,20153111620
1150,2015311,1800,2015,311,18,0,-34.55416666,-58.50906357,A,0.19525,0.13475,0.0676,0,20153111800
1151,2015312,1250,2015,312,12,50,NA,NA,T,NA,NA,NA,NA,20153121250
1152,2015312,1425,2015,312,14,25,NA,NA,T,NA,NA,NA,NA,20153121425
1153,2015312,1705,2015,312,17,5,NA,NA,A,NA,NA,NA,NA,20153121705
1154,2015312,1840,2015,312,18,40,NA,NA,A,NA,NA,NA,NA,20153121840
1155,2015313,1330,2015,313,13,30,NA,NA,T,NA,NA,NA,NA,20153131330
1156,2015313,1510,2015,313,15,10,NA,NA,T,NA,NA,NA,NA,20153131510
1157,2015313,1610,2015,313,16,10,NA,NA,A,NA,NA,NA,NA,20153131610
1158,2015313,1745,2015,313,17,45,NA,NA,A,NA,NA,NA,NA,20153131745
1159,2015314,1235,2015,314,12,35,NA,NA,T,NA,NA,NA,NA,20153141235
1160,2015314,1415,2015,314,14,15,NA,NA,T,NA,NA,NA,NA,20153141415
1161,2015314,1650,2015,314,16,50,NA,NA,A,NA,NA,NA,NA,20153141650
1162,2015314,1830,2015,314,18,30,-34.55416666,-58.50906357,A,0.20475,0.14125,0.0282,0,20153141830
1163,2015315,1320,2015,315,13,20,NA,NA,T,NA,NA,NA,NA,20153151320
1164,2015315,1455,2015,315,14,55,NA,NA,T,NA,NA,NA,NA,20153151455
1165,2015315,1735,2015,315,17,35,NA,NA,A,NA,NA,NA,NA,20153151735
1166,2015315,1910,2015,315,19,10,NA,NA,A,NA,NA,NA,NA,20153151910
1167,2015316,1400,2015,316,14,0,NA,NA,T,NA,NA,NA,NA,20153161400
1168,2015316,1640,2015,316,16,40,NA,NA,A,NA,NA,NA,NA,20153161640
1169,2015316,1815,2015,316,18,15,NA,NA,A,NA,NA,NA,NA,20153161815
1170,2015317,1305,2015,317,13,5,NA,NA,T,NA,NA,NA,NA,20153171305
1171,2015317,1445,2015,317,14,45,NA,NA,T,NA,NA,NA,NA,20153171445
1172,2015317,1720,2015,317,17,20,NA,NA,A,NA,NA,NA,NA,20153171720
1173,2015317,1900,2015,317,19,0,NA,NA,A,NA,NA,NA,NA,20153171900
1174,2015318,1350,2015,318,13,50,-34.55416666,-58.50906357,T,0.05775,0.03925,0.0791,0,20153181350
1175,2015318,1625,2015,318,16,25,NA,NA,A,NA,NA,NA,NA,20153181625
1176,2015318,1805,2015,318,18,5,NA,NA,A,NA,NA,NA,NA,20153181805
1177,2015319,1255,2015,319,12,55,NA,NA,T,NA,NA,NA,NA,20153191255
1178,2015319,1435,2015,319,14,35,-34.55416666,-58.50906357,T,0.12575,0.0865,0.0291,0,20153191435
1179,2015319,1710,2015,319,17,10,-34.55416666,-58.50906357,A,0.10833,0.07433,0.0152,0,20153191710
1180,2015319,1845,2015,319,18,45,NA,NA,A,NA,NA,NA,NA,20153191845
1181,2015320,1340,2015,320,13,40,NA,NA,T,NA,NA,NA,NA,20153201340
1182,2015320,1515,2015,320,15,15,NA,NA,T,NA,NA,NA,NA,20153201515
1183,2015320,1615,2015,320,16,15,NA,NA,A,NA,NA,NA,NA,20153201615
1184,2015320,1750,2015,320,17,50,-34.55416666,-58.50906357,A,0.194,0.134,0.0861,0,20153201750
1185,2015321,1240,2015,321,12,40,NA,NA,T,NA,NA,NA,NA,20153211240
1186,2015321,1420,2015,321,14,20,NA,NA,T,NA,NA,NA,NA,20153211420
1187,2015321,1655,2015,321,16,55,NA,NA,A,NA,NA,NA,NA,20153211655
1188,2015321,1835,2015,321,18,35,NA,NA,A,NA,NA,NA,NA,20153211835
1189,2015322,1325,2015,322,13,25,NA,NA,T,NA,NA,NA,NA,20153221325
1190,2015322,1505,2015,322,15,5,NA,NA,T,NA,NA,NA,NA,20153221505
1191,2015322,1740,2015,322,17,40,NA,NA,A,NA,NA,NA,NA,20153221740
1192,2015322,1915,2015,322,19,15,NA,NA,A,NA,NA,NA,NA,20153221915
1193,2015323,1230,2015,323,12,30,NA,NA,T,NA,NA,NA,NA,20153231230
1194,2015323,1410,2015,323,14,10,NA,NA,T,NA,NA,NA,NA,20153231410
1195,2015323,1645,2015,323,16,45,NA,NA,A,NA,NA,NA,NA,20153231645
1196,2015323,1825,2015,323,18,25,NA,NA,A,NA,NA,NA,NA,20153231825
1197,2015324,1315,2015,324,13,15,-34.55416666,-58.50906357,T,0.10625,0.073,0.0166,0,20153241315
1198,2015324,1450,2015,324,14,50,-34.55416666,-58.50906357,T,0.12175,0.0835,0.0115,0,20153241450
1199,2015324,1730,2015,324,17,30,NA,NA,A,NA,NA,NA,NA,20153241730
1200,2015324,1905,2015,324,19,5,NA,NA,A,NA,NA,NA,NA,20153241905
1201,2015325,1355,2015,325,13,55,-34.55416666,-58.50906357,T,0.11875,0.0815,0.1098,0,20153251355
1202,2015325,1630,2015,325,16,30,NA,NA,A,NA,NA,NA,NA,20153251630
1203,2015325,1810,2015,325,18,10,-34.55416666,-58.50906357,A,0.06325,0.04325,0.0622,0,20153251810
1204,2015326,1300,2015,326,13,0,NA,NA,T,NA,NA,NA,NA,20153261300
1205,2015326,1440,2015,326,14,40,NA,NA,T,NA,NA,NA,NA,20153261440
1206,2015326,1715,2015,326,17,15,-34.55416666,-58.50906357,A,0.35733,0.24967,0.0217,0,20153261715
1207,2015326,1850,2015,326,18,50,NA,NA,A,NA,NA,NA,NA,20153261850
1208,2015327,1345,2015,327,13,45,NA,NA,T,NA,NA,NA,NA,20153271345
1209,2015327,1620,2015,327,16,20,NA,NA,A,NA,NA,NA,NA,20153271620
1210,2015327,1800,2015,327,18,0,NA,NA,A,NA,NA,NA,NA,20153271800
1211,2015328,1250,2015,328,12,50,NA,NA,T,NA,NA,NA,NA,20153281250
1212,2015328,1425,2015,328,14,25,-34.55416666,-58.50906357,T,0.14025,0.0965,0.0375,0,20153281425
1213,2015328,1705,2015,328,17,5,-34.55416666,-58.50906357,A,0.13175,0.0905,0.0103,0,20153281705
1214,2015328,1840,2015,328,18,40,-34.55416666,-58.50906357,A,0.1425,0.09825,0.0123,0,20153281840
1215,2015329,1330,2015,329,13,30,NA,NA,T,NA,NA,NA,NA,20153291330
1216,2015329,1510,2015,329,15,10,NA,NA,T,NA,NA,NA,NA,20153291510
1217,2015329,1605,2015,329,16,5,NA,NA,A,NA,NA,NA,NA,20153291605
1218,2015329,1745,2015,329,17,45,-34.55416666,-58.50906357,A,0.06875,0.04675,0.0678,0,20153291745
1219,2015330,1235,2015,330,12,35,NA,NA,T,NA,NA,NA,NA,20153301235
1220,2015330,1415,2015,330,14,15,NA,NA,T,NA,NA,NA,NA,20153301415
1221,2015330,1650,2015,330,16,50,NA,NA,A,NA,NA,NA,NA,20153301650
1222,2015330,1830,2015,330,18,30,NA,NA,A,NA,NA,NA,NA,20153301830
1223,2015331,1320,2015,331,13,20,NA,NA,T,NA,NA,NA,NA,20153311320
1224,2015331,1455,2015,331,14,55,NA,NA,T,NA,NA,NA,NA,20153311455
1225,2015331,1735,2015,331,17,35,NA,NA,A,NA,NA,NA,NA,20153311735
1226,2015331,1910,2015,331,19,10,NA,NA,A,NA,NA,NA,NA,20153311910
1227,2015332,1400,2015,332,14,0,NA,NA,T,NA,NA,NA,NA,20153321400
1228,2015332,1640,2015,332,16,40,NA,NA,A,NA,NA,NA,NA,20153321640
1229,2015332,1815,2015,332,18,15,NA,NA,A,NA,NA,NA,NA,20153321815
1230,2015333,1305,2015,333,13,5,NA,NA,T,NA,NA,NA,NA,20153331305
1231,2015333,1445,2015,333,14,45,-34.55416666,-58.50906357,T,0.12725,0.0875,0.0126,0,20153331445
1232,2015333,1720,2015,333,17,20,NA,NA,A,NA,NA,NA,NA,20153331720
1233,2015333,1900,2015,333,19,0,NA,NA,A,NA,NA,NA,NA,20153331900
1234,2015334,1350,2015,334,13,50,-34.55416666,-58.50906357,T,0.051,0.035,0.0881,0,20153341350
1235,2015334,1625,2015,334,16,25,NA,NA,A,NA,NA,NA,NA,20153341625
1236,2015334,1805,2015,334,18,5,NA,NA,A,NA,NA,NA,NA,20153341805
1237,2015335,1255,2015,335,12,55,NA,NA,T,NA,NA,NA,NA,20153351255
1238,2015335,1430,2015,335,14,30,-34.55416666,-58.50906357,T,0.2025,0.1405,0.0283,0,20153351430
1239,2015335,1710,2015,335,17,10,-34.55416666,-58.50906357,A,0.16675,0.1145,0.0151,0,20153351710
1240,2015335,1845,2015,335,18,45,NA,NA,A,NA,NA,NA,NA,20153351845
1241,2015336,1335,2015,336,13,35,-34.55416666,-58.50906357,T,0.07725,0.053,0.0604,0,20153361335
1242,2015336,1515,2015,336,15,15,NA,NA,T,NA,NA,NA,NA,20153361515
1243,2015336,1615,2015,336,16,15,NA,NA,A,NA,NA,NA,NA,20153361615
1244,2015336,1750,2015,336,17,50,-34.55416666,-58.50906357,A,0.08675,0.05975,0.0841,0,20153361750
1245,2015337,1240,2015,337,12,40,NA,NA,T,NA,NA,NA,NA,20153371240
1246,2015337,1420,2015,337,14,20,-34.55416666,-58.49894527,T,0.26833,0.18633,0.0405,0,20153371420
1247,2015337,1655,2015,337,16,55,NA,NA,A,NA,NA,NA,NA,20153371655
1248,2015337,1835,2015,337,18,35,NA,NA,A,NA,NA,NA,NA,20153371835
1249,2015338,1325,2015,338,13,25,NA,NA,T,NA,NA,NA,NA,20153381325
1250,2015338,1505,2015,338,15,5,NA,NA,T,NA,NA,NA,NA,20153381505
1251,2015338,1740,2015,338,17,40,NA,NA,A,NA,NA,NA,NA,20153381740
1252,2015338,1915,2015,338,19,15,NA,NA,A,NA,NA,NA,NA,20153381915
1253,2015339,1230,2015,339,12,30,NA,NA,T,NA,NA,NA,NA,20153391230
1254,2015339,1410,2015,339,14,10,NA,NA,T,NA,NA,NA,NA,20153391410
1255,2015339,1645,2015,339,16,45,NA,NA,A,NA,NA,NA,NA,20153391645
1256,2015339,1825,2015,339,18,25,NA,NA,A,NA,NA,NA,NA,20153391825
1257,2015340,1315,2015,340,13,15,-34.55416666,-58.50906357,T,0.08975,0.0615,0.0263,0,20153401315
1258,2015340,1450,2015,340,14,50,-34.55416666,-58.50906357,T,0.10925,0.07525,0.0152,0,20153401450
1259,2015340,1730,2015,340,17,30,NA,NA,A,NA,NA,NA,NA,20153401730
1260,2015340,1905,2015,340,19,5,NA,NA,A,NA,NA,NA,NA,20153401905
1261,2015341,1355,2015,341,13,55,NA,NA,T,NA,NA,NA,NA,20153411355
1262,2015341,1630,2015,341,16,30,NA,NA,A,NA,NA,NA,NA,20153411630
1263,2015341,1810,2015,341,18,10,-34.55416666,-58.50906357,A,0.065,0.0445,0.0639,0,20153411810
1264,2015342,1300,2015,342,13,0,NA,NA,T,NA,NA,NA,NA,20153421300
1265,2015342,1440,2015,342,14,40,-34.55416666,-58.50906357,T,0.1635,0.11225,0.0241,0,20153421440
1266,2015342,1715,2015,342,17,15,NA,NA,A,NA,NA,NA,NA,20153421715
1267,2015342,1850,2015,342,18,50,NA,NA,A,NA,NA,NA,NA,20153421850
1268,2015343,1345,2015,343,13,45,NA,NA,T,NA,NA,NA,NA,20153431345
1269,2015343,1620,2015,343,16,20,NA,NA,A,NA,NA,NA,NA,20153431620
1270,2015343,1800,2015,343,18,0,NA,NA,A,NA,NA,NA,NA,20153431800
1271,2015344,1250,2015,344,12,50,NA,NA,T,NA,NA,NA,NA,20153441250
1272,2015344,1425,2015,344,14,25,-34.55416666,-58.50906357,T,0.15225,0.1045,0.0404,0,20153441425
1273,2015344,1705,2015,344,17,5,-34.55416666,-58.50906357,A,0.14667,0.10067,0.0104,0,20153441705
1274,2015344,1840,2015,344,18,40,-34.55416666,-58.50906357,A,0.06525,0.04475,0.0166,0,20153441840
1275,2015345,1330,2015,345,13,30,-34.55416666,-58.50906357,T,0.0985,0.0675,0.0454,0,20153451330
1276,2015345,1510,2015,345,15,10,NA,NA,T,NA,NA,NA,NA,20153451510
1277,2015345,1610,2015,345,16,10,NA,NA,A,NA,NA,NA,NA,20153451610
1278,2015345,1745,2015,345,17,45,-34.55416666,-58.50906357,A,0.068,0.0465,0.0718,0,20153451745
1279,2015346,1235,2015,346,12,35,NA,NA,T,NA,NA,NA,NA,20153461235
1280,2015346,1415,2015,346,14,15,NA,NA,T,NA,NA,NA,NA,20153461415
1281,2015346,1650,2015,346,16,50,NA,NA,A,NA,NA,NA,NA,20153461650
1282,2015346,1830,2015,346,18,30,NA,NA,A,NA,NA,NA,NA,20153461830
1283,2015347,1320,2015,347,13,20,NA,NA,T,NA,NA,NA,NA,20153471320
1284,2015347,1455,2015,347,14,55,NA,NA,T,NA,NA,NA,NA,20153471455
1285,2015347,1735,2015,347,17,35,-34.55416666,-58.49894527,A,0.126,0.087,0.0438,0,20153471735
1286,2015347,1910,2015,347,19,10,NA,NA,A,NA,NA,NA,NA,20153471910
1287,2015348,1400,2015,348,14,0,NA,NA,T,NA,NA,NA,NA,20153481400
1288,2015348,1640,2015,348,16,40,NA,NA,A,NA,NA,NA,NA,20153481640
1289,2015348,1815,2015,348,18,15,NA,NA,A,NA,NA,NA,NA,20153481815
1290,2015349,1305,2015,349,13,5,NA,NA,T,NA,NA,NA,NA,20153491305
1291,2015349,1445,2015,349,14,45,NA,NA,T,NA,NA,NA,NA,20153491445
1292,2015349,1720,2015,349,17,20,NA,NA,A,NA,NA,NA,NA,20153491720
1293,2015349,1900,2015,349,19,0,NA,NA,A,NA,NA,NA,NA,20153491900
1294,2015350,1350,2015,350,13,50,-34.55416666,-58.50906357,T,0.10675,0.07325,0.0922,0,20153501350
1295,2015350,1625,2015,350,16,25,NA,NA,A,NA,NA,NA,NA,20153501625
1296,2015350,1805,2015,350,18,5,-34.55416666,-58.50906357,A,0.0895,0.061,0.0835,0,20153501805
1297,2015351,1255,2015,351,12,55,NA,NA,T,NA,NA,NA,NA,20153511255
1298,2015351,1430,2015,351,14,30,NA,NA,T,NA,NA,NA,NA,20153511430
1299,2015351,1710,2015,351,17,10,NA,NA,A,NA,NA,NA,NA,20153511710
1300,2015351,1845,2015,351,18,45,NA,NA,A,NA,NA,NA,NA,20153511845
1301,2015352,1335,2015,352,13,35,NA,NA,T,NA,NA,NA,NA,20153521335
1302,2015352,1515,2015,352,15,15,NA,NA,T,NA,NA,NA,NA,20153521515
1303,2015352,1615,2015,352,16,15,NA,NA,A,NA,NA,NA,NA,20153521615
1304,2015352,1750,2015,352,17,50,-34.55416666,-58.50906357,A,0.18575,0.12825,0.1091,0,20153521750
1305,2015353,1240,2015,353,12,40,NA,NA,T,NA,NA,NA,NA,20153531240
1306,2015353,1420,2015,353,14,20,-34.55416666,-58.50906357,T,0.126,0.08675,0.0642,0,20153531420
1307,2015353,1655,2015,353,16,55,NA,NA,A,NA,NA,NA,NA,20153531655
1308,2015353,1835,2015,353,18,35,-34.5625,-58.51492525,A,0.065,0.044,0.029,0,20153531835
1309,2015354,1325,2015,354,13,25,-34.55416666,-58.50906357,T,0.14375,0.099,0.0344,0,20153541325
1310,2015354,1505,2015,354,15,5,NA,NA,T,NA,NA,NA,NA,20153541505
1311,2015354,1740,2015,354,17,40,NA,NA,A,NA,NA,NA,NA,20153541740
1312,2015354,1915,2015,354,19,15,NA,NA,A,NA,NA,NA,NA,20153541915
1313,2015355,1230,2015,355,12,30,NA,NA,T,NA,NA,NA,NA,20153551230
1314,2015355,1410,2015,355,14,10,NA,NA,T,NA,NA,NA,NA,20153551410
1315,2015355,1645,2015,355,16,45,NA,NA,A,NA,NA,NA,NA,20153551645
1316,2015355,1825,2015,355,18,25,NA,NA,A,NA,NA,NA,NA,20153551825
1317,2015356,1315,2015,356,13,15,NA,NA,T,NA,NA,NA,NA,20153561315
1318,2015356,1450,2015,356,14,50,NA,NA,T,NA,NA,NA,NA,20153561450
1319,2015356,1730,2015,356,17,30,NA,NA,A,NA,NA,NA,NA,20153561730
1320,2015356,1905,2015,356,19,5,NA,NA,A,NA,NA,NA,NA,20153561905
1321,2015357,1355,2015,357,13,55,NA,NA,T,NA,NA,NA,NA,20153571355
1322,2015357,1630,2015,357,16,30,NA,NA,A,NA,NA,NA,NA,20153571630
1323,2015357,1810,2015,357,18,10,NA,NA,A,NA,NA,NA,NA,20153571810
1324,2015358,1300,2015,358,13,0,NA,NA,T,NA,NA,NA,NA,20153581300
1325,2015358,1440,2015,358,14,40,-34.55416666,-58.50906357,T,0.178,0.12225,0.0182,0,20153581440
1326,2015358,1715,2015,358,17,15,-34.55416666,-58.50906357,A,0.16733,0.11533,0.0205,0,20153581715
1327,2015358,1850,2015,358,18,50,NA,NA,A,NA,NA,NA,NA,20153581850
1328,2015359,1345,2015,359,13,45,-34.55416666,-58.50906357,T,0.10325,0.071,0.0634,0,20153591345
1329,2015359,1620,2015,359,16,20,NA,NA,A,NA,NA,NA,NA,20153591620
1330,2015359,1800,2015,359,18,0,-34.5625,-58.51492525,A,0.1635,0.112,0.0862,0,20153591800
1331,2015360,1250,2015,360,12,50,NA,NA,T,NA,NA,NA,NA,20153601250
1332,2015360,1425,2015,360,14,25,-34.55416666,-58.49894527,T,0.246,0.1705,0.0282,0,20153601425
1333,2015360,1705,2015,360,17,5,NA,NA,A,NA,NA,NA,NA,20153601705
1334,2015360,1840,2015,360,18,40,-34.55416666,-58.50906357,A,0.09575,0.066,0.0191,0,20153601840
1335,2015361,1330,2015,361,13,30,NA,NA,T,NA,NA,NA,NA,20153611330
1336,2015361,1510,2015,361,15,10,NA,NA,T,NA,NA,NA,NA,20153611510
1337,2015361,1610,2015,361,16,10,NA,NA,A,NA,NA,NA,NA,20153611610
1338,2015361,1745,2015,361,17,45,-34.55416666,-58.50906357,A,0.17675,0.12175,0.0709,0,20153611745
1339,2015362,1235,2015,362,12,35,NA,NA,T,NA,NA,NA,NA,20153621235
1340,2015362,1415,2015,362,14,15,NA,NA,T,NA,NA,NA,NA,20153621415
1341,2015362,1650,2015,362,16,50,NA,NA,A,NA,NA,NA,NA,20153621650
1342,2015362,1830,2015,362,18,30,NA,NA,A,NA,NA,NA,NA,20153621830
1343,2015363,1320,2015,363,13,20,NA,NA,T,NA,NA,NA,NA,20153631320
1344,2015363,1455,2015,363,14,55,NA,NA,T,NA,NA,NA,NA,20153631455
1345,2015363,1735,2015,363,17,35,NA,NA,A,NA,NA,NA,NA,20153631735
1346,2015363,1910,2015,363,19,10,NA,NA,A,NA,NA,NA,NA,20153631910
1347,2015364,1400,2015,364,14,0,NA,NA,T,NA,NA,NA,NA,20153641400
1348,2015364,1640,2015,364,16,40,NA,NA,A,NA,NA,NA,NA,20153641640
1349,2015364,1815,2015,364,18,15,NA,NA,A,NA,NA,NA,NA,20153641815
1350,2015365,1305,2015,365,13,5,NA,NA,T,NA,NA,NA,NA,20153651305
1351,2015365,1445,2015,365,14,45,NA,NA,T,NA,NA,NA,NA,20153651445
1352,2015365,1720,2015,365,17,20,NA,NA,A,NA,NA,NA,NA,20153651720
1353,2015365,1900,2015,365,19,0,NA,NA,A,NA,NA,NA,NA,20153651900
1,2016001,1350,2016,1,13,50,NA,NA,T,NA,NA,NA,NA,20160011350
2,2016001,1625,2016,1,16,25,NA,NA,A,NA,NA,NA,NA,20160011625
3,2016001,1805,2016,1,18,5,-34.55416666,-58.50906357,A,0.14667,0.10067,0.0846,0,20160011805
4,2016002,1255,2016,2,12,55,NA,NA,T,NA,NA,NA,NA,20160021255
5,2016002,1430,2016,2,14,30,NA,NA,T,NA,NA,NA,NA,20160021430
6,2016002,1710,2016,2,17,10,NA,NA,A,NA,NA,NA,NA,20160021710
7,2016002,1845,2016,2,18,45,NA,NA,A,NA,NA,NA,NA,20160021845
8,2016003,1335,2016,3,13,35,NA,NA,T,NA,NA,NA,NA,20160031335
9,2016003,1515,2016,3,15,15,NA,NA,T,NA,NA,NA,NA,20160031515
10,2016003,1615,2016,3,16,15,NA,NA,A,NA,NA,NA,NA,20160031615
11,2016003,1750,2016,3,17,50,NA,NA,A,NA,NA,NA,NA,20160031750
12,2016004,1240,2016,4,12,40,NA,NA,T,NA,NA,NA,NA,20160041240
13,2016004,1420,2016,4,14,20,NA,NA,T,NA,NA,NA,NA,20160041420
14,2016004,1655,2016,4,16,55,NA,NA,A,NA,NA,NA,NA,20160041655
15,2016004,1835,2016,4,18,35,NA,NA,A,NA,NA,NA,NA,20160041835
16,2016005,1325,2016,5,13,25,NA,NA,T,NA,NA,NA,NA,20160051325
17,2016005,1505,2016,5,15,5,NA,NA,T,NA,NA,NA,NA,20160051505
18,2016005,1740,2016,5,17,40,NA,NA,A,NA,NA,NA,NA,20160051740
19,2016005,1915,2016,5,19,15,NA,NA,A,NA,NA,NA,NA,20160051915
20,2016006,1230,2016,6,12,30,NA,NA,T,NA,NA,NA,NA,20160061230
21,2016006,1410,2016,6,14,10,NA,NA,T,NA,NA,NA,NA,20160061410
22,2016006,1645,2016,6,16,45,NA,NA,A,NA,NA,NA,NA,20160061645
23,2016006,1825,2016,6,18,25,-34.55416666,-58.50906357,A,0.0835,0.057,0.0465,0,20160061825
24,2016007,1315,2016,7,13,15,-34.55416666,-58.50906357,T,0.08325,0.05675,0.024,0,20160071315
25,2016007,1450,2016,7,14,50,-34.55416666,-58.50906357,T,0.13475,0.0925,0.0097,0,20160071450
26,2016007,1730,2016,7,17,30,-34.55416666,-58.50906357,A,0.17725,0.12175,0.0302,0,20160071730
27,2016007,1905,2016,7,19,5,NA,NA,A,NA,NA,NA,NA,20160071905
28,2016008,1355,2016,8,13,55,NA,NA,T,NA,NA,NA,NA,20160081355
29,2016008,1630,2016,8,16,30,NA,NA,A,NA,NA,NA,NA,20160081630
30,2016008,1810,2016,8,18,10,-34.55416666,-58.50906357,A,0.036,0.0245,0.0744,0,20160081810
31,2016009,1300,2016,9,13,0,NA,NA,T,NA,NA,NA,NA,20160091300
32,2016009,1440,2016,9,14,40,NA,NA,T,NA,NA,NA,NA,20160091440
33,2016009,1715,2016,9,17,15,NA,NA,A,NA,NA,NA,NA,20160091715
34,2016009,1850,2016,9,18,50,NA,NA,A,NA,NA,NA,NA,20160091850
35,2016010,1345,2016,10,13,45,NA,NA,T,NA,NA,NA,NA,20160101345
36,2016010,1620,2016,10,16,20,NA,NA,A,NA,NA,NA,NA,20160101620
37,2016010,1800,2016,10,18,0,NA,NA,A,NA,NA,NA,NA,20160101800
38,2016011,1250,2016,11,12,50,NA,NA,T,NA,NA,NA,NA,20160111250
39,2016011,1425,2016,11,14,25,NA,NA,T,NA,NA,NA,NA,20160111425
40,2016011,1705,2016,11,17,5,-34.55416666,-58.50906357,A,0.2475,0.1715,0.0117,0,20160111705
41,2016011,1840,2016,11,18,40,-34.55416666,-58.50906357,A,0.1405,0.09675,0.0208,0,20160111840
42,2016012,1330,2016,12,13,30,NA,NA,T,NA,NA,NA,NA,20160121330
43,2016012,1510,2016,12,15,10,NA,NA,T,NA,NA,NA,NA,20160121510
44,2016012,1610,2016,12,16,10,NA,NA,A,NA,NA,NA,NA,20160121610
45,2016012,1745,2016,12,17,45,NA,NA,A,NA,NA,NA,NA,20160121745
46,2016013,1235,2016,13,12,35,NA,NA,T,NA,NA,NA,NA,20160131235
47,2016013,1415,2016,13,14,15,NA,NA,T,NA,NA,NA,NA,20160131415
48,2016013,1650,2016,13,16,50,NA,NA,A,NA,NA,NA,NA,20160131650
49,2016013,1830,2016,13,18,30,-34.55416666,-58.49894527,A,0.221,0.1535,0.0297,0,20160131830
50,2016014,1320,2016,14,13,20,-34.55416666,-58.50906357,T,0.08525,0.058,0.0285,0,20160141320
51,2016014,1455,2016,14,14,55,NA,NA,T,NA,NA,NA,NA,20160141455
52,2016014,1735,2016,14,17,35,-34.55416666,-58.50906357,A,0.13825,0.095,0.0511,0,20160141735
53,2016014,1910,2016,14,19,10,NA,NA,A,NA,NA,NA,NA,20160141910
54,2016015,1400,2016,15,14,0,-34.55416666,-58.50906357,T,0.166,0.114,0.0959,0,20160151400
55,2016015,1640,2016,15,16,40,NA,NA,A,NA,NA,NA,NA,20160151640
56,2016015,1815,2016,15,18,15,NA,NA,A,NA,NA,NA,NA,20160151815
57,2016016,1305,2016,16,13,5,NA,NA,T,NA,NA,NA,NA,20160161305
58,2016016,1445,2016,16,14,45,-34.55416666,-58.50906357,T,0.15275,0.105,0.0136,0,20160161445
59,2016016,1720,2016,16,17,20,NA,NA,A,NA,NA,NA,NA,20160161720
60,2016016,1900,2016,16,19,0,NA,NA,A,NA,NA,NA,NA,20160161900
61,2016017,1350,2016,17,13,50,NA,NA,T,NA,NA,NA,NA,20160171350
62,2016017,1625,2016,17,16,25,NA,NA,A,NA,NA,NA,NA,20160171625
63,2016017,1805,2016,17,18,5,NA,NA,A,NA,NA,NA,NA,20160171805
64,2016018,1255,2016,18,12,55,NA,NA,T,NA,NA,NA,NA,20160181255
65,2016018,1430,2016,18,14,30,-34.55416666,-58.50906357,T,0.15775,0.10825,0.0253,0,20160181430
66,2016018,1710,2016,18,17,10,-34.55416666,-58.50906357,A,0.15825,0.109,0.0149,0,20160181710
67,2016018,1845,2016,18,18,45,NA,NA,A,NA,NA,NA,NA,20160181845
68,2016019,1335,2016,19,13,35,-34.55416666,-58.50906357,T,0.1445,0.09925,0.0549,0,20160191335
69,2016019,1515,2016,19,15,15,NA,NA,T,NA,NA,NA,NA,20160191515
70,2016019,1615,2016,19,16,15,NA,NA,A,NA,NA,NA,NA,20160191615
71,2016019,1750,2016,19,17,50,NA,NA,A,NA,NA,NA,NA,20160191750
72,2016020,1240,2016,20,12,40,NA,NA,T,NA,NA,NA,NA,20160201240
73,2016020,1420,2016,20,14,20,NA,NA,T,NA,NA,NA,NA,20160201420
74,2016020,1655,2016,20,16,55,NA,NA,A,NA,NA,NA,NA,20160201655
75,2016020,1835,2016,20,18,35,NA,NA,A,NA,NA,NA,NA,20160201835
76,2016021,1325,2016,21,13,25,NA,NA,T,NA,NA,NA,NA,20160211325
77,2016021,1505,2016,21,15,5,NA,NA,T,NA,NA,NA,NA,20160211505
78,2016021,1740,2016,21,17,40,NA,NA,A,NA,NA,NA,NA,20160211740
79,2016021,1915,2016,21,19,15,NA,NA,A,NA,NA,NA,NA,20160211915
80,2016022,1230,2016,22,12,30,NA,NA,T,NA,NA,NA,NA,20160221230
81,2016022,1410,2016,22,14,10,-34.55416666,-58.50906357,T,0.209,0.145,0.0626,0,20160221410
82,2016022,1645,2016,22,16,45,NA,NA,A,NA,NA,NA,NA,20160221645
83,2016022,1825,2016,22,18,25,-34.55416666,-58.50906357,A,0.14325,0.09875,0.0454,0,20160221825
84,2016023,1315,2016,23,13,15,-34.55416666,-58.50906357,T,0.242,0.16775,0.0211,0,20160231315
85,2016023,1450,2016,23,14,50,NA,NA,T,NA,NA,NA,NA,20160231450
86,2016023,1730,2016,23,17,30,NA,NA,A,NA,NA,NA,NA,20160231730
87,2016023,1905,2016,23,19,5,NA,NA,A,NA,NA,NA,NA,20160231905
88,2016024,1355,2016,24,13,55,NA,NA,T,NA,NA,NA,NA,20160241355
89,2016024,1630,2016,24,16,30,NA,NA,A,NA,NA,NA,NA,20160241630
90,2016024,1810,2016,24,18,10,NA,NA,A,NA,NA,NA,NA,20160241810
91,2016025,1300,2016,25,13,0,NA,NA,T,NA,NA,NA,NA,20160251300
92,2016025,1440,2016,25,14,40,NA,NA,T,NA,NA,NA,NA,20160251440
93,2016025,1715,2016,25,17,15,NA,NA,A,NA,NA,NA,NA,20160251715
94,2016025,1850,2016,25,18,50,NA,NA,A,NA,NA,NA,NA,20160251850
95,2016026,1345,2016,26,13,45,NA,NA,T,NA,NA,NA,NA,20160261345
96,2016026,1620,2016,26,16,20,NA,NA,A,NA,NA,NA,NA,20160261620
97,2016026,1800,2016,26,18,0,-34.55416666,-58.50906357,A,0.1285,0.08825,0.0752,0,20160261800
98,2016027,1250,2016,27,12,50,NA,NA,T,NA,NA,NA,NA,20160271250
99,2016027,1425,2016,27,14,25,-34.55416666,-58.50906357,T,0.19075,0.13125,0.0237,0,20160271425
100,2016027,1705,2016,27,17,5,-34.55416666,-58.50906357,A,0.13775,0.0945,0.0145,0,20160271705
101,2016027,1840,2016,27,18,40,-34.55416666,-58.50906357,A,0.058,0.0395,0.0262,0,20160271840
102,2016028,1330,2016,28,13,30,NA,NA,T,NA,NA,NA,NA,20160281330
103,2016028,1510,2016,28,15,10,NA,NA,T,NA,NA,NA,NA,20160281510
104,2016028,1610,2016,28,16,10,NA,NA,A,NA,NA,NA,NA,20160281610
105,2016028,1745,2016,28,17,45,NA,NA,A,NA,NA,NA,NA,20160281745
106,2016029,1235,2016,29,12,35,NA,NA,T,NA,NA,NA,NA,20160291235
107,2016029,1415,2016,29,14,15,NA,NA,T,NA,NA,NA,NA,20160291415
108,2016029,1650,2016,29,16,50,NA,NA,A,NA,NA,NA,NA,20160291650
109,2016029,1830,2016,29,18,30,NA,NA,A,NA,NA,NA,NA,20160291830
110,2016030,1320,2016,30,13,20,NA,NA,T,NA,NA,NA,NA,20160301320
111,2016030,1455,2016,30,14,55,NA,NA,T,NA,NA,NA,NA,20160301455
112,2016030,1735,2016,30,17,35,NA,NA,A,NA,NA,NA,NA,20160301735
113,2016030,1910,2016,30,19,10,NA,NA,A,NA,NA,NA,NA,20160301910
114,2016031,1400,2016,31,14,0,NA,NA,T,NA,NA,NA,NA,20160311400
115,2016031,1640,2016,31,16,40,NA,NA,A,NA,NA,NA,NA,20160311640
116,2016031,1815,2016,31,18,15,-34.55416666,-58.50906357,A,0.084,0.0575,0.0497,0,20160311815
117,2016032,1305,2016,32,13,5,NA,NA,T,NA,NA,NA,NA,20160321305
118,2016032,1445,2016,32,14,45,-34.55416666,-58.50906357,T,0.11325,0.07775,0.0132,0,20160321445
119,2016032,1720,2016,32,17,20,-34.55416666,-58.50906357,A,0.18675,0.1285,0.0258,0,20160321720
120,2016032,1900,2016,32,19,0,NA,NA,A,NA,NA,NA,NA,20160321900
121,2016033,1350,2016,33,13,50,-34.55416666,-58.50906357,T,0.08725,0.05975,0.0683,0,20160331350
122,2016033,1625,2016,33,16,25,NA,NA,A,NA,NA,NA,NA,20160331625
123,2016033,1805,2016,33,18,5,-34.55416666,-58.50906357,A,0.05575,0.038,0.0701,0,20160331805
124,2016034,1255,2016,34,12,55,NA,NA,T,NA,NA,NA,NA,20160341255
125,2016034,1430,2016,34,14,30,NA,NA,T,NA,NA,NA,NA,20160341430
126,2016034,1710,2016,34,17,10,NA,NA,A,NA,NA,NA,NA,20160341710
127,2016034,1845,2016,34,18,45,NA,NA,A,NA,NA,NA,NA,20160341845
128,2016035,1335,2016,35,13,35,-34.55416666,-58.50906357,T,0.08125,0.0555,0.0495,0,20160351335
129,2016035,1515,2016,35,15,15,NA,NA,T,NA,NA,NA,NA,20160351515
130,2016035,1615,2016,35,16,15,NA,NA,A,NA,NA,NA,NA,20160351615
131,2016035,1750,2016,35,17,50,-34.55416666,-58.50906357,A,0.203,0.14025,0.0775,0,20160351750
132,2016036,1240,2016,36,12,40,NA,NA,T,NA,NA,NA,NA,20160361240
133,2016036,1420,2016,36,14,20,-34.55416666,-58.50906357,T,0.21425,0.1485,0.0343,0,20160361420
134,2016036,1655,2016,36,16,55,NA,NA,A,NA,NA,NA,NA,20160361655
135,2016036,1835,2016,36,18,35,NA,NA,A,NA,NA,NA,NA,20160361835
136,2016037,1325,2016,37,13,25,NA,NA,T,NA,NA,NA,NA,20160371325
137,2016037,1505,2016,37,15,5,NA,NA,T,NA,NA,NA,NA,20160371505
138,2016037,1740,2016,37,17,40,-34.55416666,-58.50906357,A,0.26875,0.18625,0.061,0,20160371740
139,2016037,1915,2016,37,19,15,NA,NA,A,NA,NA,NA,NA,20160371915
140,2016038,1230,2016,38,12,30,NA,NA,T,NA,NA,NA,NA,20160381230
141,2016038,1410,2016,38,14,10,NA,NA,T,NA,NA,NA,NA,20160381410
142,2016038,1645,2016,38,16,45,NA,NA,A,NA,NA,NA,NA,20160381645
143,2016038,1825,2016,38,18,25,NA,NA,A,NA,NA,NA,NA,20160381825
144,2016039,1315,2016,39,13,15,NA,NA,T,NA,NA,NA,NA,20160391315
145,2016039,1450,2016,39,14,50,NA,NA,T,NA,NA,NA,NA,20160391450
146,2016039,1730,2016,39,17,30,NA,NA,A,NA,NA,NA,NA,20160391730
147,2016039,1905,2016,39,19,5,NA,NA,A,NA,NA,NA,NA,20160391905
148,2016040,1355,2016,40,13,55,NA,NA,T,NA,NA,NA,NA,20160401355
149,2016040,1630,2016,40,16,30,NA,NA,A,NA,NA,NA,NA,20160401630
150,2016040,1810,2016,40,18,10,NA,NA,A,NA,NA,NA,NA,20160401810
151,2016041,1300,2016,41,13,0,NA,NA,T,NA,NA,NA,NA,20160411300
152,2016041,1440,2016,41,14,40,-34.55416666,-58.50906357,T,0.14,0.09625,0.0189,0,20160411440
153,2016041,1715,2016,41,17,15,-34.55416666,-58.50906357,A,0.1645,0.113,0.0169,0,20160411715
154,2016041,1850,2016,41,18,50,NA,NA,A,NA,NA,NA,NA,20160411850
155,2016042,1345,2016,42,13,45,-34.55416666,-58.50906357,T,0.1445,0.09925,0.0392,0,20160421345
156,2016042,1620,2016,42,16,20,NA,NA,A,NA,NA,NA,NA,20160421620
157,2016042,1800,2016,42,18,0,NA,NA,A,NA,NA,NA,NA,20160421800
158,2016043,1250,2016,43,12,50,NA,NA,T,NA,NA,NA,NA,20160431250
159,2016043,1425,2016,43,14,25,-34.55416666,-58.50906357,T,0.177,0.12175,0.0278,0,20160431425
160,2016043,1705,2016,43,17,5,-34.55416666,-58.50906357,A,0.16575,0.114,0.0101,0,20160431705
161,2016043,1840,2016,43,18,40,-34.55416666,-58.49894527,A,0.1895,0.131,0.0204,0,20160431840
162,2016044,1330,2016,44,13,30,NA,NA,T,NA,NA,NA,NA,20160441330
163,2016044,1510,2016,44,15,10,NA,NA,T,NA,NA,NA,NA,20160441510
164,2016044,1745,2016,44,17,45,NA,NA,A,NA,NA,NA,NA,20160441745
165,2016045,1235,2016,45,12,35,NA,NA,T,NA,NA,NA,NA,20160451235
166,2016045,1415,2016,45,14,15,NA,NA,T,NA,NA,NA,NA,20160451415
167,2016045,1650,2016,45,16,50,NA,NA,A,NA,NA,NA,NA,20160451650
168,2016045,1830,2016,45,18,30,-34.55416666,-58.50906357,A,0.13833,0.095,0.0301,0,20160451830
169,2016046,1320,2016,46,13,20,NA,NA,T,NA,NA,NA,NA,20160461320
170,2016046,1455,2016,46,14,55,NA,NA,T,NA,NA,NA,NA,20160461455
171,2016046,1735,2016,46,17,35,-34.55416666,-58.50906357,A,0.323,0.22575,0.0403,0,20160461735
172,2016046,1910,2016,46,19,10,NA,NA,A,NA,NA,NA,NA,20160461910
173,2016047,1400,2016,47,14,0,-34.55416666,-58.50906357,T,0.0765,0.05225,0.0709,0,20160471400
174,2016047,1640,2016,47,16,40,NA,NA,A,NA,NA,NA,NA,20160471640
175,2016047,1815,2016,47,18,15,-34.55416666,-58.50906357,A,0.081,0.05525,0.0414,0,20160471815
176,2016048,1305,2016,48,13,5,NA,NA,T,NA,NA,NA,NA,20160481305
177,2016048,1445,2016,48,14,45,NA,NA,T,NA,NA,NA,NA,20160481445
178,2016048,1720,2016,48,17,20,NA,NA,A,NA,NA,NA,NA,20160481720
179,2016048,1900,2016,48,19,0,NA,NA,A,NA,NA,NA,NA,20160481900
180,2016049,1350,2016,49,13,50,-34.55416666,-58.50906357,T,0.099,0.068,0.0603,0,20160491350
181,2016049,1625,2016,49,16,25,NA,NA,A,NA,NA,NA,NA,20160491625
182,2016049,1805,2016,49,18,5,-34.55416666,-58.50906357,A,0.07925,0.05425,0.0621,0,20160491805
183,2016050,1710,2016,50,17,10,NA,NA,A,NA,NA,NA,NA,20160501710
184,2016050,1845,2016,50,18,45,NA,NA,A,NA,NA,NA,NA,20160501845
185,2016051,1615,2016,51,16,15,NA,NA,A,NA,NA,NA,NA,20160511615
186,2016051,1750,2016,51,17,50,-34.55416666,-58.50906357,A,0.25525,0.17675,0.065,0,20160511750
187,2016052,1655,2016,52,16,55,NA,NA,A,NA,NA,NA,NA,20160521655
188,2016052,1835,2016,52,18,35,-34.55416666,-58.50906357,A,0.151,0.10375,0.0221,0,20160521835
189,2016053,1740,2016,53,17,40,NA,NA,A,NA,NA,NA,NA,20160531740
190,2016053,1915,2016,53,19,15,NA,NA,A,NA,NA,NA,NA,20160531915
191,2016054,1645,2016,54,16,45,NA,NA,A,NA,NA,NA,NA,20160541645
192,2016054,1825,2016,54,18,25,NA,NA,A,NA,NA,NA,NA,20160541825
193,2016055,1730,2016,55,17,30,-34.55416666,-58.50906357,A,0.3365,0.23525,0.027,0,20160551730
194,2016055,1905,2016,55,19,5,NA,NA,A,NA,NA,NA,NA,20160551905
195,2016056,1635,2016,56,16,35,NA,NA,A,NA,NA,NA,NA,20160561635
196,2016056,1810,2016,56,18,10,NA,NA,A,NA,NA,NA,NA,20160561810
197,2016057,1715,2016,57,17,15,NA,NA,A,NA,NA,NA,NA,20160571715
198,2016057,1850,2016,57,18,50,NA,NA,A,NA,NA,NA,NA,20160571850
199,2016058,1620,2016,58,16,20,NA,NA,A,NA,NA,NA,NA,20160581620
200,2016058,1800,2016,58,18,0,-34.5625,-58.51492525,A,0.1095,0.0755,0.0693,0,20160581800
201,2016059,1250,2016,59,12,50,NA,NA,T,NA,NA,NA,NA,20160591250
202,2016059,1425,2016,59,14,25,-34.55416666,-58.50906357,T,0.15125,0.104,0.0264,0,20160591425
203,2016059,1705,2016,59,17,5,-34.55416666,-58.50906357,A,0.333,0.233,0.0149,0,20160591705
204,2016059,1840,2016,59,18,40,NA,NA,A,NA,NA,NA,NA,20160591840
205,2016060,1330,2016,60,13,30,NA,NA,T,NA,NA,NA,NA,20160601330
206,2016060,1510,2016,60,15,10,NA,NA,T,NA,NA,NA,NA,20160601510
207,2016060,1610,2016,60,16,10,NA,NA,A,NA,NA,NA,NA,20160601610
208,2016060,1745,2016,60,17,45,NA,NA,A,NA,NA,NA,NA,20160601745
209,2016061,1235,2016,61,12,35,NA,NA,T,NA,NA,NA,NA,20160611235
210,2016061,1415,2016,61,14,15,NA,NA,T,NA,NA,NA,NA,20160611415
211,2016061,1650,2016,61,16,50,NA,NA,A,NA,NA,NA,NA,20160611650
212,2016061,1830,2016,61,18,30,NA,NA,A,NA,NA,NA,NA,20160611830
213,2016062,1320,2016,62,13,20,NA,NA,T,NA,NA,NA,NA,20160621320
214,2016062,1455,2016,62,14,55,NA,NA,T,NA,NA,NA,NA,20160621455
215,2016062,1735,2016,62,17,35,NA,NA,A,NA,NA,NA,NA,20160621735
216,2016062,1910,2016,62,19,10,NA,NA,A,NA,NA,NA,NA,20160621910
217,2016063,1640,2016,63,16,40,NA,NA,A,NA,NA,NA,NA,20160631640
218,2016063,1815,2016,63,18,15,-34.55416666,-58.50906357,A,0.20725,0.1435,0.0378,0,20160631815
219,2016064,1305,2016,64,13,5,NA,NA,T,NA,NA,NA,NA,20160641305
220,2016064,1445,2016,64,14,45,NA,NA,T,NA,NA,NA,NA,20160641445
221,2016064,1720,2016,64,17,20,NA,NA,A,NA,NA,NA,NA,20160641720
222,2016064,1900,2016,64,19,0,NA,NA,A,NA,NA,NA,NA,20160641900
223,2016065,1350,2016,65,13,50,NA,NA,T,NA,NA,NA,NA,20160651350
224,2016065,1625,2016,65,16,25,NA,NA,A,NA,NA,NA,NA,20160651625
225,2016065,1805,2016,65,18,5,NA,NA,A,NA,NA,NA,NA,20160651805
226,2016066,1255,2016,66,12,55,NA,NA,T,NA,NA,NA,NA,20160661255
227,2016066,1430,2016,66,14,30,-34.55416666,-58.50906357,T,0.10425,0.07125,0.0225,0,20160661430
228,2016066,1710,2016,66,17,10,-34.55416666,-58.50906357,A,0.15225,0.1045,0.0162,0,20160661710
229,2016066,1845,2016,66,18,45,NA,NA,A,NA,NA,NA,NA,20160661845
230,2016067,1335,2016,67,13,35,NA,NA,T,NA,NA,NA,NA,20160671335
231,2016067,1515,2016,67,15,15,NA,NA,T,NA,NA,NA,NA,20160671515
232,2016067,1615,2016,67,16,15,NA,NA,A,NA,NA,NA,NA,20160671615
233,2016067,1755,2016,67,17,55,NA,NA,A,NA,NA,NA,NA,20160671755
234,2016068,1240,2016,68,12,40,NA,NA,T,NA,NA,NA,NA,20160681240
235,2016068,1420,2016,68,14,20,NA,NA,T,NA,NA,NA,NA,20160681420
236,2016068,1655,2016,68,16,55,NA,NA,A,NA,NA,NA,NA,20160681655
237,2016068,1835,2016,68,18,35,-34.55416666,-58.50906357,A,0.11833,0.08133,0.0129,0,20160681835
238,2016069,1325,2016,69,13,25,NA,NA,T,NA,NA,NA,NA,20160691325
239,2016069,1505,2016,69,15,5,NA,NA,T,NA,NA,NA,NA,20160691505
240,2016069,1740,2016,69,17,40,NA,NA,A,NA,NA,NA,NA,20160691740
241,2016069,1915,2016,69,19,15,NA,NA,A,NA,NA,NA,NA,20160691915
242,2016070,1230,2016,70,12,30,NA,NA,T,NA,NA,NA,NA,20160701230
243,2016070,1405,2016,70,14,5,NA,NA,T,NA,NA,NA,NA,20160701405
244,2016070,1645,2016,70,16,45,NA,NA,A,NA,NA,NA,NA,20160701645
245,2016070,1825,2016,70,18,25,NA,NA,A,NA,NA,NA,NA,20160701825
246,2016071,1310,2016,71,13,10,NA,NA,T,NA,NA,NA,NA,20160711310
247,2016071,1730,2016,71,17,30,NA,NA,A,NA,NA,NA,NA,20160711730
248,2016071,1905,2016,71,19,5,NA,NA,A,NA,NA,NA,NA,20160711905
249,2016072,1355,2016,72,13,55,NA,NA,T,NA,NA,NA,NA,20160721355
250,2016072,1635,2016,72,16,35,NA,NA,A,NA,NA,NA,NA,20160721635
251,2016072,1810,2016,72,18,10,NA,NA,A,NA,NA,NA,NA,20160721810
252,2016073,1300,2016,73,13,0,NA,NA,T,NA,NA,NA,NA,20160731300
253,2016073,1440,2016,73,14,40,-34.55416666,-58.50906357,T,0.1075,0.07425,0.0128,0,20160731440
254,2016073,1715,2016,73,17,15,-34.55416666,-58.50906357,A,0.19275,0.13225,0.0156,0,20160731715
255,2016073,1855,2016,73,18,55,NA,NA,A,NA,NA,NA,NA,20160731855
256,2016074,1345,2016,74,13,45,-34.55416666,-58.50906357,T,0.138,0.09475,0.0384,0,20160741345
257,2016074,1620,2016,74,16,20,NA,NA,A,NA,NA,NA,NA,20160741620
258,2016074,1800,2016,74,18,0,-34.55416666,-58.50906357,A,0.1015,0.06925,0.0479,0,20160741800
259,2016075,1250,2016,75,12,50,NA,NA,T,NA,NA,NA,NA,20160751250
260,2016075,1425,2016,75,14,25,NA,NA,T,NA,NA,NA,NA,20160751425
261,2016075,1705,2016,75,17,5,NA,NA,A,NA,NA,NA,NA,20160751705
262,2016075,1840,2016,75,18,40,NA,NA,A,NA,NA,NA,NA,20160751840
263,2016076,1330,2016,76,13,30,-34.55416666,-58.50906357,T,0.16,0.10975,0.0203,0,20160761330
264,2016076,1510,2016,76,15,10,NA,NA,T,NA,NA,NA,NA,20160761510
265,2016076,1745,2016,76,17,45,NA,NA,A,NA,NA,NA,NA,20160761745
266,2016077,1235,2016,77,12,35,NA,NA,T,NA,NA,NA,NA,20160771235
267,2016077,1415,2016,77,14,15,-34.55416666,-58.50906357,T,0.3345,0.2335,0.0314,0,20160771415
268,2016077,1650,2016,77,16,50,NA,NA,A,NA,NA,NA,NA,20160771650
269,2016077,1830,2016,77,18,30,-34.55416666,-58.50906357,A,0.232,0.16075,0.0186,0,20160771830
270,2016078,1320,2016,78,13,20,NA,NA,T,NA,NA,NA,NA,20160781320
271,2016078,1455,2016,78,14,55,NA,NA,T,NA,NA,NA,NA,20160781455
272,2016078,1735,2016,78,17,35,NA,NA,A,NA,NA,NA,NA,20160781735
273,2016078,1910,2016,78,19,10,NA,NA,A,NA,NA,NA,NA,20160781910
274,2016079,1400,2016,79,14,0,-34.55416666,-58.50906357,T,0.2415,0.1675,0.0306,0,20160791400
275,2016079,1640,2016,79,16,40,NA,NA,A,NA,NA,NA,NA,20160791640
276,2016079,1815,2016,79,18,15,NA,NA,A,NA,NA,NA,NA,20160791815
277,2016080,1305,2016,80,13,5,NA,NA,T,NA,NA,NA,NA,20160801305
278,2016080,1445,2016,80,14,45,NA,NA,T,NA,NA,NA,NA,20160801445
279,2016080,1720,2016,80,17,20,NA,NA,A,NA,NA,NA,NA,20160801720
280,2016080,1900,2016,80,19,0,NA,NA,A,NA,NA,NA,NA,20160801900
281,2016081,1350,2016,81,13,50,NA,NA,T,NA,NA,NA,NA,20160811350
282,2016081,1625,2016,81,16,25,NA,NA,A,NA,NA,NA,NA,20160811625
283,2016081,1805,2016,81,18,5,NA,NA,A,NA,NA,NA,NA,20160811805
284,2016082,1255,2016,82,12,55,NA,NA,T,NA,NA,NA,NA,20160821255
285,2016082,1430,2016,82,14,30,NA,NA,T,NA,NA,NA,NA,20160821430
286,2016082,1710,2016,82,17,10,NA,NA,A,NA,NA,NA,NA,20160821710
287,2016082,1845,2016,82,18,45,NA,NA,A,NA,NA,NA,NA,20160821845
288,2016083,1335,2016,83,13,35,-34.55416666,-58.50906357,T,0.20975,0.14525,0.0174,0,20160831335
289,2016083,1515,2016,83,15,15,NA,NA,T,NA,NA,NA,NA,20160831515
290,2016083,1615,2016,83,16,15,NA,NA,A,NA,NA,NA,NA,20160831615
291,2016083,1755,2016,83,17,55,NA,NA,A,NA,NA,NA,NA,20160831755
292,2016084,1240,2016,84,12,40,NA,NA,T,NA,NA,NA,NA,20160841240
293,2016084,1420,2016,84,14,20,-34.55416666,-58.50906357,T,0.184,0.12667,0.0193,0,20160841420
294,2016084,1700,2016,84,17,0,NA,NA,A,NA,NA,NA,NA,20160841700
295,2016084,1835,2016,84,18,35,NA,NA,A,NA,NA,NA,NA,20160841835
296,2016085,1325,2016,85,13,25,NA,NA,T,NA,NA,NA,NA,20160851325
297,2016085,1505,2016,85,15,5,NA,NA,T,NA,NA,NA,NA,20160851505
298,2016085,1740,2016,85,17,40,NA,NA,A,NA,NA,NA,NA,20160851740
299,2016085,1915,2016,85,19,15,NA,NA,A,NA,NA,NA,NA,20160851915
300,2016086,1230,2016,86,12,30,NA,NA,T,NA,NA,NA,NA,20160861230
301,2016086,1405,2016,86,14,5,NA,NA,T,NA,NA,NA,NA,20160861405
302,2016086,1645,2016,86,16,45,NA,NA,A,NA,NA,NA,NA,20160861645
303,2016086,1825,2016,86,18,25,NA,NA,A,NA,NA,NA,NA,20160861825
304,2016087,1315,2016,87,13,15,NA,NA,T,NA,NA,NA,NA,20160871315
305,2016087,1450,2016,87,14,50,NA,NA,T,NA,NA,NA,NA,20160871450
306,2016087,1730,2016,87,17,30,NA,NA,A,NA,NA,NA,NA,20160871730
307,2016087,1905,2016,87,19,5,NA,NA,A,NA,NA,NA,NA,20160871905
308,2016088,1355,2016,88,13,55,-34.55416666,-58.50906357,T,0.16825,0.11575,0.049,0,20160881355
309,2016088,1635,2016,88,16,35,NA,NA,A,NA,NA,NA,NA,20160881635
310,2016088,1810,2016,88,18,10,-34.55416666,-58.50906357,A,0.0875,0.05975,0.0307,0,20160881810
311,2016089,1300,2016,89,13,0,NA,NA,T,NA,NA,NA,NA,20160891300
312,2016089,1440,2016,89,14,40,-34.55416666,-58.50906357,T,0.07575,0.0515,0.0122,0,20160891440
313,2016089,1715,2016,89,17,15,-34.55416666,-58.50906357,A,0.18175,0.125,0.0137,0,20160891715
314,2016089,1855,2016,89,18,55,NA,NA,A,NA,NA,NA,NA,20160891855
315,2016090,1345,2016,90,13,45,-34.55416666,-58.50906357,T,0.1295,0.089,0.0321,0,20160901345
316,2016090,1620,2016,90,16,20,NA,NA,A,NA,NA,NA,NA,20160901620
317,2016090,1800,2016,90,18,0,-34.55416666,-58.50906357,A,0.0975,0.0665,0.0464,0,20160901800
318,2016091,1250,2016,91,12,50,NA,NA,T,NA,NA,NA,NA,20160911250
319,2016091,1425,2016,91,14,25,-34.55416666,-58.50906357,T,0.113,0.07775,0.0205,0,20160911425
320,2016091,1705,2016,91,17,5,-34.55416666,-58.50906357,A,0.09675,0.0665,0.008,0,20160911705
321,2016091,1840,2016,91,18,40,-34.55416666,-58.50906357,A,0.08325,0.057,0.0081,0,20160911840
322,2016092,1330,2016,92,13,30,NA,NA,T,NA,NA,NA,NA,20160921330
323,2016092,1510,2016,92,15,10,NA,NA,T,NA,NA,NA,NA,20160921510
324,2016092,1610,2016,92,16,10,NA,NA,A,NA,NA,NA,NA,20160921610
325,2016092,1745,2016,92,17,45,NA,NA,A,NA,NA,NA,NA,20160921745
326,2016093,1235,2016,93,12,35,NA,NA,T,NA,NA,NA,NA,20160931235
327,2016093,1415,2016,93,14,15,NA,NA,T,NA,NA,NA,NA,20160931415
328,2016093,1650,2016,93,16,50,NA,NA,A,NA,NA,NA,NA,20160931650
329,2016093,1830,2016,93,18,30,NA,NA,A,NA,NA,NA,NA,20160931830
330,2016094,1320,2016,94,13,20,NA,NA,T,NA,NA,NA,NA,20160941320
331,2016094,1455,2016,94,14,55,NA,NA,T,NA,NA,NA,NA,20160941455
332,2016094,1735,2016,94,17,35,-34.55416666,-58.50906357,A,0.23325,0.1615,0.0257,0,20160941735
333,2016094,1910,2016,94,19,10,NA,NA,A,NA,NA,NA,NA,20160941910
334,2016095,1400,2016,95,14,0,NA,NA,T,NA,NA,NA,NA,20160951400
335,2016095,1640,2016,95,16,40,NA,NA,A,NA,NA,NA,NA,20160951640
336,2016095,1815,2016,95,18,15,NA,NA,A,NA,NA,NA,NA,20160951815
337,2016096,1305,2016,96,13,5,NA,NA,T,NA,NA,NA,NA,20160961305
338,2016096,1445,2016,96,14,45,NA,NA,T,NA,NA,NA,NA,20160961445
339,2016096,1720,2016,96,17,20,NA,NA,A,NA,NA,NA,NA,20160961720
340,2016096,1900,2016,96,19,0,NA,NA,A,NA,NA,NA,NA,20160961900
341,2016097,1350,2016,97,13,50,NA,NA,T,NA,NA,NA,NA,20160971350
342,2016097,1625,2016,97,16,25,NA,NA,A,NA,NA,NA,NA,20160971625
343,2016097,1805,2016,97,18,5,NA,NA,A,NA,NA,NA,NA,20160971805
344,2016098,1255,2016,98,12,55,NA,NA,T,NA,NA,NA,NA,20160981255
345,2016098,1430,2016,98,14,30,NA,NA,T,NA,NA,NA,NA,20160981430
346,2016098,1710,2016,98,17,10,-34.5625,-58.51492525,A,0.175,0.12,0.0112,0,20160981710
347,2016098,1845,2016,98,18,45,NA,NA,A,NA,NA,NA,NA,20160981845
348,2016099,1335,2016,99,13,35,NA,NA,T,NA,NA,NA,NA,20160991335
349,2016099,1515,2016,99,15,15,NA,NA,T,NA,NA,NA,NA,20160991515
350,2016099,1615,2016,99,16,15,NA,NA,A,NA,NA,NA,NA,20160991615
351,2016099,1755,2016,99,17,55,NA,NA,A,NA,NA,NA,NA,20160991755
352,2016100,1240,2016,100,12,40,NA,NA,T,NA,NA,NA,NA,20161001240
353,2016100,1420,2016,100,14,20,NA,NA,T,NA,NA,NA,NA,20161001420
354,2016100,1700,2016,100,17,0,NA,NA,A,NA,NA,NA,NA,20161001700
355,2016100,1835,2016,100,18,35,NA,NA,A,NA,NA,NA,NA,20161001835
356,2016101,1325,2016,101,13,25,NA,NA,T,NA,NA,NA,NA,20161011325
357,2016101,1505,2016,101,15,5,NA,NA,T,NA,NA,NA,NA,20161011505
358,2016101,1740,2016,101,17,40,NA,NA,A,NA,NA,NA,NA,20161011740
359,2016101,1915,2016,101,19,15,NA,NA,A,NA,NA,NA,NA,20161011915
360,2016102,1230,2016,102,12,30,NA,NA,T,NA,NA,NA,NA,20161021230
361,2016102,1405,2016,102,14,5,NA,NA,T,NA,NA,NA,NA,20161021405
362,2016102,1645,2016,102,16,45,NA,NA,A,NA,NA,NA,NA,20161021645
363,2016102,1825,2016,102,18,25,NA,NA,A,NA,NA,NA,NA,20161021825
364,2016103,1315,2016,103,13,15,NA,NA,T,NA,NA,NA,NA,20161031315
365,2016103,1450,2016,103,14,50,NA,NA,T,NA,NA,NA,NA,20161031450
366,2016103,1730,2016,103,17,30,NA,NA,A,NA,NA,NA,NA,20161031730
367,2016103,1905,2016,103,19,5,NA,NA,A,NA,NA,NA,NA,20161031905
368,2016104,1355,2016,104,13,55,NA,NA,T,NA,NA,NA,NA,20161041355
369,2016104,1635,2016,104,16,35,NA,NA,A,NA,NA,NA,NA,20161041635
370,2016104,1810,2016,104,18,10,NA,NA,A,NA,NA,NA,NA,20161041810
371,2016105,1300,2016,105,13,0,NA,NA,T,NA,NA,NA,NA,20161051300
372,2016105,1715,2016,105,17,15,-34.55416666,-58.50906357,A,0.15375,0.106,0.0105,0,20161051715
373,2016105,1855,2016,105,18,55,NA,NA,A,NA,NA,NA,NA,20161051855
374,2016106,1345,2016,106,13,45,NA,NA,T,NA,NA,NA,NA,20161061345
375,2016106,1620,2016,106,16,20,NA,NA,A,NA,NA,NA,NA,20161061620
376,2016106,1800,2016,106,18,0,NA,NA,A,NA,NA,NA,NA,20161061800
377,2016107,1250,2016,107,12,50,NA,NA,T,NA,NA,NA,NA,20161071250
378,2016107,1425,2016,107,14,25,NA,NA,T,NA,NA,NA,NA,20161071425
379,2016107,1705,2016,107,17,5,NA,NA,A,NA,NA,NA,NA,20161071705
380,2016107,1840,2016,107,18,40,NA,NA,A,NA,NA,NA,NA,20161071840
381,2016108,1330,2016,108,13,30,NA,NA,T,NA,NA,NA,NA,20161081330
382,2016108,1510,2016,108,15,10,NA,NA,T,NA,NA,NA,NA,20161081510
383,2016108,1610,2016,108,16,10,NA,NA,A,NA,NA,NA,NA,20161081610
384,2016108,1745,2016,108,17,45,NA,NA,A,NA,NA,NA,NA,20161081745
385,2016109,1235,2016,109,12,35,NA,NA,T,NA,NA,NA,NA,20161091235
386,2016109,1415,2016,109,14,15,NA,NA,T,NA,NA,NA,NA,20161091415
387,2016109,1650,2016,109,16,50,NA,NA,A,NA,NA,NA,NA,20161091650
388,2016109,1830,2016,109,18,30,NA,NA,A,NA,NA,NA,NA,20161091830
389,2016110,1320,2016,110,13,20,NA,NA,T,NA,NA,NA,NA,20161101320
390,2016110,1455,2016,110,14,55,NA,NA,T,NA,NA,NA,NA,20161101455
391,2016110,1735,2016,110,17,35,NA,NA,A,NA,NA,NA,NA,20161101735
392,2016110,1910,2016,110,19,10,NA,NA,A,NA,NA,NA,NA,20161101910
393,2016111,1400,2016,111,14,0,NA,NA,T,NA,NA,NA,NA,20161111400
394,2016111,1640,2016,111,16,40,NA,NA,A,NA,NA,NA,NA,20161111640
395,2016111,1820,2016,111,18,20,NA,NA,A,NA,NA,NA,NA,20161111820
396,2016112,1305,2016,112,13,5,NA,NA,T,NA,NA,NA,NA,20161121305
397,2016112,1445,2016,112,14,45,-34.55416666,-58.50906357,T,0.03675,0.02475,0.01,0,20161121445
398,2016112,1725,2016,112,17,25,-34.55416666,-58.50906357,A,0.07975,0.0545,0.0141,0,20161121725
399,2016112,1900,2016,112,19,0,NA,NA,A,NA,NA,NA,NA,20161121900
400,2016113,1350,2016,113,13,50,-34.55416666,-58.50906357,T,0.12275,0.08425,0.0258,0,20161131350
401,2016113,1625,2016,113,16,25,NA,NA,A,NA,NA,NA,NA,20161131625
402,2016113,1805,2016,113,18,5,-34.55416666,-58.50906357,A,0.066,0.04525,0.024,0,20161131805
403,2016114,1255,2016,114,12,55,NA,NA,T,NA,NA,NA,NA,20161141255
404,2016114,1430,2016,114,14,30,NA,NA,T,NA,NA,NA,NA,20161141430
405,2016114,1710,2016,114,17,10,NA,NA,A,NA,NA,NA,NA,20161141710
406,2016114,1845,2016,114,18,45,NA,NA,A,NA,NA,NA,NA,20161141845
407,2016115,1335,2016,115,13,35,NA,NA,T,NA,NA,NA,NA,20161151335
408,2016115,1515,2016,115,15,15,NA,NA,T,NA,NA,NA,NA,20161151515
409,2016115,1615,2016,115,16,15,NA,NA,A,NA,NA,NA,NA,20161151615
410,2016115,1755,2016,115,17,55,NA,NA,A,NA,NA,NA,NA,20161151755
411,2016116,1240,2016,116,12,40,NA,NA,T,NA,NA,NA,NA,20161161240
412,2016116,1420,2016,116,14,20,NA,NA,T,NA,NA,NA,NA,20161161420
413,2016116,1700,2016,116,17,0,NA,NA,A,NA,NA,NA,NA,20161161700
414,2016116,1835,2016,116,18,35,NA,NA,A,NA,NA,NA,NA,20161161835
415,2016117,1325,2016,117,13,25,-34.55416666,-58.50906357,T,0.13825,0.095,0.0184,0,20161171325
416,2016117,1505,2016,117,15,5,NA,NA,T,NA,NA,NA,NA,20161171505
417,2016117,1740,2016,117,17,40,NA,NA,A,NA,NA,NA,NA,20161171740
418,2016117,1915,2016,117,19,15,NA,NA,A,NA,NA,NA,NA,20161171915
419,2016118,1230,2016,118,12,30,NA,NA,T,NA,NA,NA,NA,20161181230
420,2016118,1410,2016,118,14,10,NA,NA,T,NA,NA,NA,NA,20161181410
421,2016118,1645,2016,118,16,45,NA,NA,A,NA,NA,NA,NA,20161181645
422,2016118,1825,2016,118,18,25,NA,NA,A,NA,NA,NA,NA,20161181825
423,2016119,1315,2016,119,13,15,NA,NA,T,NA,NA,NA,NA,20161191315
424,2016119,1450,2016,119,14,50,NA,NA,T,NA,NA,NA,NA,20161191450
425,2016119,1730,2016,119,17,30,NA,NA,A,NA,NA,NA,NA,20161191730
426,2016119,1905,2016,119,19,5,NA,NA,A,NA,NA,NA,NA,20161191905
427,2016120,1355,2016,120,13,55,NA,NA,T,NA,NA,NA,NA,20161201355
428,2016120,1635,2016,120,16,35,NA,NA,A,NA,NA,NA,NA,20161201635
429,2016120,1810,2016,120,18,10,NA,NA,A,NA,NA,NA,NA,20161201810
430,2016121,1300,2016,121,13,0,NA,NA,T,NA,NA,NA,NA,20161211300
431,2016121,1440,2016,121,14,40,NA,NA,T,NA,NA,NA,NA,20161211440
432,2016121,1715,2016,121,17,15,NA,NA,A,NA,NA,NA,NA,20161211715
433,2016121,1855,2016,121,18,55,NA,NA,A,NA,NA,NA,NA,20161211855
434,2016122,1345,2016,122,13,45,NA,NA,T,NA,NA,NA,NA,20161221345
435,2016122,1620,2016,122,16,20,NA,NA,A,NA,NA,NA,NA,20161221620
436,2016122,1800,2016,122,18,0,NA,NA,A,NA,NA,NA,NA,20161221800
437,2016123,1250,2016,123,12,50,NA,NA,T,NA,NA,NA,NA,20161231250
438,2016123,1425,2016,123,14,25,NA,NA,T,NA,NA,NA,NA,20161231425
439,2016123,1705,2016,123,17,5,NA,NA,A,NA,NA,NA,NA,20161231705
440,2016123,1840,2016,123,18,40,NA,NA,A,NA,NA,NA,NA,20161231840
441,2016124,1330,2016,124,13,30,-34.55416666,-58.50906357,T,0.10875,0.07475,0.0185,0,20161241330
442,2016124,1510,2016,124,15,10,NA,NA,T,NA,NA,NA,NA,20161241510
443,2016124,1610,2016,124,16,10,NA,NA,A,NA,NA,NA,NA,20161241610
444,2016124,1745,2016,124,17,45,-34.55416666,-58.50906357,A,0.063,0.04275,0.0287,0,20161241745
445,2016125,1235,2016,125,12,35,NA,NA,T,NA,NA,NA,NA,20161251235
446,2016125,1415,2016,125,14,15,-34.55416666,-58.50906357,T,0.2315,0.1605,0.0243,0,20161251415
447,2016125,1650,2016,125,16,50,NA,NA,A,NA,NA,NA,NA,20161251650
448,2016125,1830,2016,125,18,30,-34.55416666,-58.50906357,A,0.2455,0.17025,0.0169,0,20161251830
449,2016126,1320,2016,126,13,20,NA,NA,T,NA,NA,NA,NA,20161261320
450,2016126,1455,2016,126,14,55,NA,NA,T,NA,NA,NA,NA,20161261455
451,2016126,1735,2016,126,17,35,NA,NA,A,NA,NA,NA,NA,20161261735
452,2016126,1910,2016,126,19,10,NA,NA,A,NA,NA,NA,NA,20161261910
453,2016127,1400,2016,127,14,0,NA,NA,T,NA,NA,NA,NA,20161271400
454,2016127,1640,2016,127,16,40,NA,NA,A,NA,NA,NA,NA,20161271640
455,2016127,1815,2016,127,18,15,NA,NA,A,NA,NA,NA,NA,20161271815
456,2016128,1305,2016,128,13,5,NA,NA,T,NA,NA,NA,NA,20161281305
457,2016128,1445,2016,128,14,45,NA,NA,T,NA,NA,NA,NA,20161281445
458,2016128,1720,2016,128,17,20,NA,NA,A,NA,NA,NA,NA,20161281720
459,2016128,1900,2016,128,19,0,NA,NA,A,NA,NA,NA,NA,20161281900
460,2016129,1350,2016,129,13,50,NA,NA,T,NA,NA,NA,NA,20161291350
461,2016129,1625,2016,129,16,25,NA,NA,A,NA,NA,NA,NA,20161291625
462,2016129,1805,2016,129,18,5,NA,NA,A,NA,NA,NA,NA,20161291805
463,2016130,1255,2016,130,12,55,NA,NA,T,NA,NA,NA,NA,20161301255
464,2016130,1430,2016,130,14,30,NA,NA,T,NA,NA,NA,NA,20161301430
465,2016130,1710,2016,130,17,10,NA,NA,A,NA,NA,NA,NA,20161301710
466,2016130,1845,2016,130,18,45,NA,NA,A,NA,NA,NA,NA,20161301845
467,2016131,1340,2016,131,13,40,NA,NA,T,NA,NA,NA,NA,20161311340
468,2016131,1515,2016,131,15,15,NA,NA,T,NA,NA,NA,NA,20161311515
469,2016131,1615,2016,131,16,15,NA,NA,A,NA,NA,NA,NA,20161311615
470,2016131,1755,2016,131,17,55,NA,NA,A,NA,NA,NA,NA,20161311755
471,2016132,1240,2016,132,12,40,NA,NA,T,NA,NA,NA,NA,20161321240
472,2016132,1420,2016,132,14,20,NA,NA,T,NA,NA,NA,NA,20161321420
473,2016132,1700,2016,132,17,0,NA,NA,A,NA,NA,NA,NA,20161321700
474,2016132,1835,2016,132,18,35,-34.55416666,-58.50906357,A,0.07075,0.0485,0.0119,0,20161321835
475,2016133,1325,2016,133,13,25,NA,NA,T,NA,NA,NA,NA,20161331325
476,2016133,1505,2016,133,15,5,NA,NA,T,NA,NA,NA,NA,20161331505
477,2016133,1740,2016,133,17,40,NA,NA,A,NA,NA,NA,NA,20161331740
478,2016133,1915,2016,133,19,15,NA,NA,A,NA,NA,NA,NA,20161331915
479,2016134,1230,2016,134,12,30,NA,NA,T,NA,NA,NA,NA,20161341230
480,2016134,1410,2016,134,14,10,NA,NA,T,NA,NA,NA,NA,20161341410
481,2016134,1645,2016,134,16,45,NA,NA,A,NA,NA,NA,NA,20161341645
482,2016134,1825,2016,134,18,25,NA,NA,A,NA,NA,NA,NA,20161341825
483,2016135,1315,2016,135,13,15,NA,NA,T,NA,NA,NA,NA,20161351315
484,2016135,1450,2016,135,14,50,NA,NA,T,NA,NA,NA,NA,20161351450
485,2016135,1730,2016,135,17,30,NA,NA,A,NA,NA,NA,NA,20161351730
486,2016135,1905,2016,135,19,5,NA,NA,A,NA,NA,NA,NA,20161351905
487,2016136,1355,2016,136,13,55,NA,NA,T,NA,NA,NA,NA,20161361355
488,2016136,1635,2016,136,16,35,NA,NA,A,NA,NA,NA,NA,20161361635
489,2016136,1810,2016,136,18,10,NA,NA,A,NA,NA,NA,NA,20161361810
490,2016137,1300,2016,137,13,0,NA,NA,T,NA,NA,NA,NA,20161371300
491,2016137,1440,2016,137,14,40,-34.55416666,-58.50906357,T,0.07325,0.05,0.0106,0,20161371440
492,2016137,1715,2016,137,17,15,NA,NA,A,NA,NA,NA,NA,20161371715
493,2016137,1850,2016,137,18,50,NA,NA,A,NA,NA,NA,NA,20161371850
494,2016138,1345,2016,138,13,45,-34.55416666,-58.50906357,T,0.08975,0.06125,0.0228,0,20161381345
495,2016138,1620,2016,138,16,20,NA,NA,A,NA,NA,NA,NA,20161381620
496,2016138,1800,2016,138,18,0,NA,NA,A,NA,NA,NA,NA,20161381800
497,2016139,1250,2016,139,12,50,NA,NA,T,NA,NA,NA,NA,20161391250
498,2016139,1425,2016,139,14,25,NA,NA,T,NA,NA,NA,NA,20161391425
499,2016139,1705,2016,139,17,5,NA,NA,A,NA,NA,NA,NA,20161391705
500,2016139,1840,2016,139,18,40,NA,NA,A,NA,NA,NA,NA,20161391840
501,2016140,1330,2016,140,13,30,NA,NA,T,NA,NA,NA,NA,20161401330
502,2016140,1510,2016,140,15,10,NA,NA,T,NA,NA,NA,NA,20161401510
503,2016140,1610,2016,140,16,10,NA,NA,A,NA,NA,NA,NA,20161401610
504,2016140,1745,2016,140,17,45,NA,NA,A,NA,NA,NA,NA,20161401745
505,2016141,1235,2016,141,12,35,NA,NA,T,NA,NA,NA,NA,20161411235
506,2016141,1415,2016,141,14,15,NA,NA,T,NA,NA,NA,NA,20161411415
507,2016141,1650,2016,141,16,50,NA,NA,A,NA,NA,NA,NA,20161411650
508,2016141,1830,2016,141,18,30,NA,NA,A,NA,NA,NA,NA,20161411830
509,2016142,1320,2016,142,13,20,NA,NA,T,NA,NA,NA,NA,20161421320
510,2016142,1455,2016,142,14,55,NA,NA,T,NA,NA,NA,NA,20161421455
511,2016142,1735,2016,142,17,35,NA,NA,A,NA,NA,NA,NA,20161421735
512,2016142,1910,2016,142,19,10,NA,NA,A,NA,NA,NA,NA,20161421910
513,2016143,1400,2016,143,14,0,NA,NA,T,NA,NA,NA,NA,20161431400
514,2016143,1640,2016,143,16,40,NA,NA,A,NA,NA,NA,NA,20161431640
515,2016143,1815,2016,143,18,15,NA,NA,A,NA,NA,NA,NA,20161431815
516,2016144,1305,2016,144,13,5,NA,NA,T,NA,NA,NA,NA,20161441305
517,2016144,1445,2016,144,14,45,NA,NA,T,NA,NA,NA,NA,20161441445
518,2016144,1720,2016,144,17,20,NA,NA,A,NA,NA,NA,NA,20161441720
519,2016144,1900,2016,144,19,0,NA,NA,A,NA,NA,NA,NA,20161441900
520,2016145,1350,2016,145,13,50,NA,NA,T,NA,NA,NA,NA,20161451350
521,2016145,1625,2016,145,16,25,NA,NA,A,NA,NA,NA,NA,20161451625
522,2016145,1805,2016,145,18,5,NA,NA,A,NA,NA,NA,NA,20161451805
523,2016146,1255,2016,146,12,55,NA,NA,T,NA,NA,NA,NA,20161461255
524,2016146,1435,2016,146,14,35,NA,NA,T,NA,NA,NA,NA,20161461435
525,2016146,1710,2016,146,17,10,NA,NA,A,NA,NA,NA,NA,20161461710
526,2016146,1845,2016,146,18,45,NA,NA,A,NA,NA,NA,NA,20161461845
527,2016147,1340,2016,147,13,40,NA,NA,T,NA,NA,NA,NA,20161471340
528,2016147,1515,2016,147,15,15,NA,NA,T,NA,NA,NA,NA,20161471515
529,2016147,1615,2016,147,16,15,NA,NA,A,NA,NA,NA,NA,20161471615
530,2016147,1750,2016,147,17,50,NA,NA,A,NA,NA,NA,NA,20161471750
531,2016148,1240,2016,148,12,40,NA,NA,T,NA,NA,NA,NA,20161481240
532,2016148,1420,2016,148,14,20,NA,NA,T,NA,NA,NA,NA,20161481420
533,2016148,1655,2016,148,16,55,NA,NA,A,NA,NA,NA,NA,20161481655
534,2016148,1835,2016,148,18,35,NA,NA,A,NA,NA,NA,NA,20161481835
535,2016149,1325,2016,149,13,25,NA,NA,T,NA,NA,NA,NA,20161491325
536,2016149,1505,2016,149,15,5,NA,NA,T,NA,NA,NA,NA,20161491505
537,2016149,1740,2016,149,17,40,NA,NA,A,NA,NA,NA,NA,20161491740
538,2016149,1915,2016,149,19,15,NA,NA,A,NA,NA,NA,NA,20161491915
539,2016150,1230,2016,150,12,30,NA,NA,T,NA,NA,NA,NA,20161501230
540,2016150,1410,2016,150,14,10,NA,NA,T,NA,NA,NA,NA,20161501410
541,2016150,1645,2016,150,16,45,NA,NA,A,NA,NA,NA,NA,20161501645
542,2016150,1825,2016,150,18,25,NA,NA,A,NA,NA,NA,NA,20161501825
543,2016151,1315,2016,151,13,15,NA,NA,T,NA,NA,NA,NA,20161511315
544,2016151,1450,2016,151,14,50,NA,NA,T,NA,NA,NA,NA,20161511450
545,2016151,1730,2016,151,17,30,NA,NA,A,NA,NA,NA,NA,20161511730
546,2016151,1905,2016,151,19,5,NA,NA,A,NA,NA,NA,NA,20161511905
547,2016152,1355,2016,152,13,55,NA,NA,T,NA,NA,NA,NA,20161521355
548,2016152,1630,2016,152,16,30,NA,NA,A,NA,NA,NA,NA,20161521630
549,2016152,1810,2016,152,18,10,NA,NA,A,NA,NA,NA,NA,20161521810
550,2016153,1300,2016,153,13,0,NA,NA,T,NA,NA,NA,NA,20161531300
551,2016153,1440,2016,153,14,40,NA,NA,T,NA,NA,NA,NA,20161531440
552,2016153,1715,2016,153,17,15,NA,NA,A,NA,NA,NA,NA,20161531715
553,2016153,1850,2016,153,18,50,NA,NA,A,NA,NA,NA,NA,20161531850
554,2016154,1345,2016,154,13,45,NA,NA,T,NA,NA,NA,NA,20161541345
555,2016154,1620,2016,154,16,20,NA,NA,A,NA,NA,NA,NA,20161541620
556,2016154,1800,2016,154,18,0,NA,NA,A,NA,NA,NA,NA,20161541800
557,2016155,1250,2016,155,12,50,NA,NA,T,NA,NA,NA,NA,20161551250
558,2016155,1425,2016,155,14,25,-34.55416666,-58.50906357,T,0.073,0.05,0.0123,0,20161551425
559,2016155,1705,2016,155,17,5,NA,NA,A,NA,NA,NA,NA,20161551705
560,2016155,1840,2016,155,18,40,NA,NA,A,NA,NA,NA,NA,20161551840
561,2016156,1330,2016,156,13,30,NA,NA,T,NA,NA,NA,NA,20161561330
562,2016156,1510,2016,156,15,10,NA,NA,T,NA,NA,NA,NA,20161561510
563,2016156,1610,2016,156,16,10,NA,NA,A,NA,NA,NA,NA,20161561610
564,2016156,1745,2016,156,17,45,NA,NA,A,NA,NA,NA,NA,20161561745
565,2016157,1235,2016,157,12,35,NA,NA,T,NA,NA,NA,NA,20161571235
566,2016157,1415,2016,157,14,15,NA,NA,T,NA,NA,NA,NA,20161571415
567,2016157,1650,2016,157,16,50,NA,NA,A,NA,NA,NA,NA,20161571650
568,2016157,1830,2016,157,18,30,NA,NA,A,NA,NA,NA,NA,20161571830
569,2016158,1320,2016,158,13,20,-34.55416666,-58.50906357,T,0.1775,0.12225,0.0094,0,20161581320
570,2016158,1455,2016,158,14,55,NA,NA,T,NA,NA,NA,NA,20161581455
571,2016158,1735,2016,158,17,35,-34.55416666,-58.49894527,A,0.11,0.075,0.0131,0,20161581735
572,2016158,1910,2016,158,19,10,NA,NA,A,NA,NA,NA,NA,20161581910
573,2016159,1400,2016,159,14,0,NA,NA,T,NA,NA,NA,NA,20161591400
574,2016159,1640,2016,159,16,40,NA,NA,A,NA,NA,NA,NA,20161591640
575,2016159,1815,2016,159,18,15,NA,NA,A,NA,NA,NA,NA,20161591815
576,2016160,1305,2016,160,13,5,NA,NA,T,NA,NA,NA,NA,20161601305
577,2016160,1445,2016,160,14,45,-34.55416666,-58.50906357,T,0.03,0.0205,0.0061,0,20161601445
578,2016160,1720,2016,160,17,20,-34.55416666,-58.50906357,A,0.04925,0.0335,0.0099,0,20161601720
579,2016160,1900,2016,160,19,0,NA,NA,A,NA,NA,NA,NA,20161601900
580,2016161,1350,2016,161,13,50,NA,NA,T,NA,NA,NA,NA,20161611350
581,2016161,1625,2016,161,16,25,NA,NA,A,NA,NA,NA,NA,20161611625
582,2016161,1805,2016,161,18,5,NA,NA,A,NA,NA,NA,NA,20161611805
583,2016162,1255,2016,162,12,55,NA,NA,T,NA,NA,NA,NA,20161621255
584,2016162,1435,2016,162,14,35,-34.55416666,-58.50906357,T,0.0565,0.0385,0.0093,0,20161621435
585,2016162,1710,2016,162,17,10,-34.55416666,-58.50906357,A,0.0945,0.0645,0.0068,0,20161621710
586,2016162,1845,2016,162,18,45,NA,NA,A,NA,NA,NA,NA,20161621845
587,2016163,1340,2016,163,13,40,-34.55416666,-58.49894527,T,0.074,0.0505,0.0131,0,20161631340
588,2016163,1515,2016,163,15,15,NA,NA,T,NA,NA,NA,NA,20161631515
589,2016163,1615,2016,163,16,15,NA,NA,A,NA,NA,NA,NA,20161631615
590,2016163,1750,2016,163,17,50,NA,NA,A,NA,NA,NA,NA,20161631750
591,2016164,1245,2016,164,12,45,NA,NA,T,NA,NA,NA,NA,20161641245
592,2016164,1420,2016,164,14,20,NA,NA,T,NA,NA,NA,NA,20161641420
593,2016164,1655,2016,164,16,55,NA,NA,A,NA,NA,NA,NA,20161641655
594,2016164,1835,2016,164,18,35,-34.5625,-58.51492525,A,0.108,0.074,0.0087,0,20161641835
595,2016165,1325,2016,165,13,25,NA,NA,T,NA,NA,NA,NA,20161651325
596,2016165,1505,2016,165,15,5,NA,NA,T,NA,NA,NA,NA,20161651505
597,2016165,1740,2016,165,17,40,NA,NA,A,NA,NA,NA,NA,20161651740
598,2016165,1915,2016,165,19,15,NA,NA,A,NA,NA,NA,NA,20161651915
599,2016166,1230,2016,166,12,30,NA,NA,T,NA,NA,NA,NA,20161661230
600,2016166,1410,2016,166,14,10,-34.55416666,-58.50906357,T,0.119,0.082,0.0195,0,20161661410
601,2016166,1645,2016,166,16,45,NA,NA,A,NA,NA,NA,NA,20161661645
602,2016166,1825,2016,166,18,25,NA,NA,A,NA,NA,NA,NA,20161661825
603,2016167,1315,2016,167,13,15,-34.55416666,-58.50906357,T,0.17975,0.1235,0.0078,0,20161671315
604,2016167,1450,2016,167,14,50,-34.55416666,-58.50906357,T,0.123,0.08475,0.0038,0,20161671450
605,2016167,1730,2016,167,17,30,-34.55416666,-58.50906357,A,0.2195,0.15225,0.0102,0,20161671730
606,2016167,1905,2016,167,19,5,NA,NA,A,NA,NA,NA,NA,20161671905
607,2016168,1355,2016,168,13,55,-34.55416666,-58.50906357,T,0.17225,0.1185,0.0218,0,20161681355
608,2016168,1630,2016,168,16,30,NA,NA,A,NA,NA,NA,NA,20161681630
609,2016168,1810,2016,168,18,10,NA,NA,A,NA,NA,NA,NA,20161681810
610,2016169,1300,2016,169,13,0,NA,NA,T,NA,NA,NA,NA,20161691300
611,2016169,1440,2016,169,14,40,-34.55416666,-58.50906357,T,0.06575,0.045,0.0073,0,20161691440
612,2016169,1715,2016,169,17,15,-34.55416666,-58.50906357,A,0.09825,0.067,0.008,0,20161691715
613,2016169,1850,2016,169,18,50,NA,NA,A,NA,NA,NA,NA,20161691850
614,2016170,1345,2016,170,13,45,-34.55416666,-58.50906357,T,0.163,0.1125,0.0184,0,20161701345
615,2016170,1620,2016,170,16,20,NA,NA,A,NA,NA,NA,NA,20161701620
616,2016170,1800,2016,170,18,0,NA,NA,A,NA,NA,NA,NA,20161701800
617,2016171,1250,2016,171,12,50,NA,NA,T,NA,NA,NA,NA,20161711250
618,2016171,1425,2016,171,14,25,NA,NA,T,NA,NA,NA,NA,20161711425
619,2016171,1705,2016,171,17,5,-34.55416666,-58.50906357,A,0.26075,0.1805,0.006,0,20161711705
620,2016171,1840,2016,171,18,40,-34.55416666,-58.50906357,A,0.2415,0.16725,0.0083,0,20161711840
621,2016172,1330,2016,172,13,30,NA,NA,T,NA,NA,NA,NA,20161721330
622,2016172,1510,2016,172,15,10,NA,NA,T,NA,NA,NA,NA,20161721510
623,2016172,1605,2016,172,16,5,NA,NA,A,NA,NA,NA,NA,20161721605
624,2016172,1745,2016,172,17,45,NA,NA,A,NA,NA,NA,NA,20161721745
625,2016173,1235,2016,173,12,35,NA,NA,T,NA,NA,NA,NA,20161731235
626,2016173,1415,2016,173,14,15,NA,NA,T,NA,NA,NA,NA,20161731415
627,2016173,1650,2016,173,16,50,NA,NA,A,NA,NA,NA,NA,20161731650
628,2016173,1830,2016,173,18,30,-34.5625,-58.51492525,A,0.0505,0.0345,0.0105,0,20161731830
629,2016174,1320,2016,174,13,20,-34.55416666,-58.50906357,T,0.108,0.074,0.0098,0,20161741320
630,2016174,1455,2016,174,14,55,NA,NA,T,NA,NA,NA,NA,20161741455
631,2016174,1735,2016,174,17,35,-34.55416666,-58.50906357,A,0.05775,0.03975,0.0136,0,20161741735
632,2016174,1910,2016,174,19,10,NA,NA,A,NA,NA,NA,NA,20161741910
633,2016175,1400,2016,175,14,0,-34.55416666,-58.50906357,T,0.153,0.1055,0.0188,0,20161751400
634,2016175,1640,2016,175,16,40,NA,NA,A,NA,NA,NA,NA,20161751640
635,2016175,1815,2016,175,18,15,NA,NA,A,NA,NA,NA,NA,20161751815
636,2016176,1305,2016,176,13,5,NA,NA,T,NA,NA,NA,NA,20161761305
637,2016176,1445,2016,176,14,45,NA,NA,T,NA,NA,NA,NA,20161761445
638,2016176,1720,2016,176,17,20,NA,NA,A,NA,NA,NA,NA,20161761720
639,2016176,1900,2016,176,19,0,NA,NA,A,NA,NA,NA,NA,20161761900
640,2016177,1350,2016,177,13,50,NA,NA,T,NA,NA,NA,NA,20161771350
641,2016177,1625,2016,177,16,25,NA,NA,A,NA,NA,NA,NA,20161771625
642,2016177,1805,2016,177,18,5,NA,NA,A,NA,NA,NA,NA,20161771805
643,2016178,1255,2016,178,12,55,NA,NA,T,NA,NA,NA,NA,20161781255
644,2016178,1435,2016,178,14,35,NA,NA,T,NA,NA,NA,NA,20161781435
645,2016178,1710,2016,178,17,10,NA,NA,A,NA,NA,NA,NA,20161781710
646,2016178,1845,2016,178,18,45,NA,NA,A,NA,NA,NA,NA,20161781845
647,2016179,1340,2016,179,13,40,NA,NA,T,NA,NA,NA,NA,20161791340
648,2016179,1515,2016,179,15,15,NA,NA,T,NA,NA,NA,NA,20161791515
649,2016179,1615,2016,179,16,15,NA,NA,A,NA,NA,NA,NA,20161791615
650,2016179,1750,2016,179,17,50,NA,NA,A,NA,NA,NA,NA,20161791750
651,2016180,1245,2016,180,12,45,NA,NA,T,NA,NA,NA,NA,20161801245
652,2016180,1420,2016,180,14,20,NA,NA,T,NA,NA,NA,NA,20161801420
653,2016180,1655,2016,180,16,55,NA,NA,A,NA,NA,NA,NA,20161801655
654,2016180,1835,2016,180,18,35,NA,NA,A,NA,NA,NA,NA,20161801835
655,2016181,1325,2016,181,13,25,-34.55416666,-58.50906357,T,0.15375,0.10575,0.0098,0,20161811325
656,2016181,1505,2016,181,15,5,NA,NA,T,NA,NA,NA,NA,20161811505
657,2016181,1740,2016,181,17,40,-34.55416666,-58.50906357,A,0.0885,0.0605,0.0154,0,20161811740
658,2016181,1915,2016,181,19,15,NA,NA,A,NA,NA,NA,NA,20161811915
659,2016182,1230,2016,182,12,30,NA,NA,T,NA,NA,NA,NA,20161821230
660,2016182,1410,2016,182,14,10,NA,NA,T,NA,NA,NA,NA,20161821410
661,2016182,1645,2016,182,16,45,NA,NA,A,NA,NA,NA,NA,20161821645
662,2016182,1825,2016,182,18,25,NA,NA,A,NA,NA,NA,NA,20161821825
663,2016183,1315,2016,183,13,15,NA,NA,T,NA,NA,NA,NA,20161831315
664,2016183,1450,2016,183,14,50,NA,NA,T,NA,NA,NA,NA,20161831450
665,2016183,1725,2016,183,17,25,NA,NA,A,NA,NA,NA,NA,20161831725
666,2016183,1905,2016,183,19,5,NA,NA,A,NA,NA,NA,NA,20161831905
667,2016184,1355,2016,184,13,55,NA,NA,T,NA,NA,NA,NA,20161841355
668,2016184,1630,2016,184,16,30,NA,NA,A,NA,NA,NA,NA,20161841630
669,2016184,1810,2016,184,18,10,NA,NA,A,NA,NA,NA,NA,20161841810
670,2016185,1300,2016,185,13,0,NA,NA,T,NA,NA,NA,NA,20161851300
671,2016185,1440,2016,185,14,40,NA,NA,T,NA,NA,NA,NA,20161851440
672,2016185,1715,2016,185,17,15,NA,NA,A,NA,NA,NA,NA,20161851715
673,2016185,1850,2016,185,18,50,NA,NA,A,NA,NA,NA,NA,20161851850
674,2016186,1345,2016,186,13,45,NA,NA,T,NA,NA,NA,NA,20161861345
675,2016186,1620,2016,186,16,20,NA,NA,A,NA,NA,NA,NA,20161861620
676,2016186,1800,2016,186,18,0,NA,NA,A,NA,NA,NA,NA,20161861800
677,2016187,1250,2016,187,12,50,NA,NA,T,NA,NA,NA,NA,20161871250
678,2016187,1425,2016,187,14,25,NA,NA,T,NA,NA,NA,NA,20161871425
679,2016187,1705,2016,187,17,5,NA,NA,A,NA,NA,NA,NA,20161871705
680,2016187,1840,2016,187,18,40,NA,NA,A,NA,NA,NA,NA,20161871840
681,2016188,1330,2016,188,13,30,-34.55416666,-58.50906357,T,0.10225,0.07025,0.0117,0,20161881330
682,2016188,1510,2016,188,15,10,NA,NA,T,NA,NA,NA,NA,20161881510
683,2016188,1605,2016,188,16,5,NA,NA,A,NA,NA,NA,NA,20161881605
684,2016188,1745,2016,188,17,45,NA,NA,A,NA,NA,NA,NA,20161881745
685,2016189,1235,2016,189,12,35,NA,NA,T,NA,NA,NA,NA,20161891235
686,2016189,1415,2016,189,14,15,-34.55416666,-58.50906357,T,0.08,0.05433,0.0145,0,20161891415
687,2016189,1650,2016,189,16,50,NA,NA,A,NA,NA,NA,NA,20161891650
688,2016189,1830,2016,189,18,30,-34.55416666,-58.50906357,A,0.0235,0.01575,0.0101,0,20161891830
689,2016190,1320,2016,190,13,20,NA,NA,T,NA,NA,NA,NA,20161901320
690,2016190,1455,2016,190,14,55,NA,NA,T,NA,NA,NA,NA,20161901455
691,2016190,1735,2016,190,17,35,NA,NA,A,NA,NA,NA,NA,20161901735
692,2016190,1910,2016,190,19,10,NA,NA,A,NA,NA,NA,NA,20161901910
693,2016191,1400,2016,191,14,0,NA,NA,T,NA,NA,NA,NA,20161911400
694,2016191,1640,2016,191,16,40,NA,NA,A,NA,NA,NA,NA,20161911640
695,2016191,1815,2016,191,18,15,NA,NA,A,NA,NA,NA,NA,20161911815
696,2016192,1305,2016,192,13,5,NA,NA,T,NA,NA,NA,NA,20161921305
697,2016192,1445,2016,192,14,45,NA,NA,T,NA,NA,NA,NA,20161921445
698,2016192,1720,2016,192,17,20,NA,NA,A,NA,NA,NA,NA,20161921720
699,2016192,1900,2016,192,19,0,NA,NA,A,NA,NA,NA,NA,20161921900
700,2016193,1350,2016,193,13,50,NA,NA,T,NA,NA,NA,NA,20161931350
701,2016193,1625,2016,193,16,25,NA,NA,A,NA,NA,NA,NA,20161931625
702,2016193,1805,2016,193,18,5,NA,NA,A,NA,NA,NA,NA,20161931805
703,2016194,1255,2016,194,12,55,NA,NA,T,NA,NA,NA,NA,20161941255
704,2016194,1435,2016,194,14,35,-34.55416666,-58.50906357,T,0.0505,0.0345,0.009,0,20161941435
705,2016194,1710,2016,194,17,10,-34.55416666,-58.50906357,A,0.0695,0.04775,0.008,0,20161941710
706,2016194,1845,2016,194,18,45,NA,NA,A,NA,NA,NA,NA,20161941845
707,2016195,1340,2016,195,13,40,NA,NA,T,NA,NA,NA,NA,20161951340
708,2016195,1515,2016,195,15,15,NA,NA,T,NA,NA,NA,NA,20161951515
709,2016195,1615,2016,195,16,15,NA,NA,A,NA,NA,NA,NA,20161951615
710,2016195,1750,2016,195,17,50,NA,NA,A,NA,NA,NA,NA,20161951750
711,2016196,1245,2016,196,12,45,NA,NA,T,NA,NA,NA,NA,20161961245
712,2016196,1420,2016,196,14,20,NA,NA,T,NA,NA,NA,NA,20161961420
713,2016196,1655,2016,196,16,55,NA,NA,A,NA,NA,NA,NA,20161961655
714,2016196,1835,2016,196,18,35,NA,NA,A,NA,NA,NA,NA,20161961835
715,2016197,1325,2016,197,13,25,NA,NA,T,NA,NA,NA,NA,20161971325
716,2016197,1505,2016,197,15,5,NA,NA,T,NA,NA,NA,NA,20161971505
717,2016197,1740,2016,197,17,40,NA,NA,A,NA,NA,NA,NA,20161971740
718,2016197,1915,2016,197,19,15,NA,NA,A,NA,NA,NA,NA,20161971915
719,2016198,1230,2016,198,12,30,NA,NA,T,NA,NA,NA,NA,20161981230
720,2016198,1410,2016,198,14,10,NA,NA,T,NA,NA,NA,NA,20161981410
721,2016198,1645,2016,198,16,45,NA,NA,A,NA,NA,NA,NA,20161981645
722,2016198,1820,2016,198,18,20,NA,NA,A,NA,NA,NA,NA,20161981820
723,2016199,1315,2016,199,13,15,NA,NA,T,NA,NA,NA,NA,20161991315
724,2016199,1450,2016,199,14,50,-34.55416666,-58.50906357,T,0.02275,0.01525,0.0054,0,20161991450
725,2016199,1725,2016,199,17,25,NA,NA,A,NA,NA,NA,NA,20161991725
726,2016199,1905,2016,199,19,5,NA,NA,A,NA,NA,NA,NA,20161991905
727,2016200,1355,2016,200,13,55,NA,NA,T,NA,NA,NA,NA,20162001355
728,2016200,1630,2016,200,16,30,NA,NA,A,NA,NA,NA,NA,20162001630
729,2016200,1810,2016,200,18,10,NA,NA,A,NA,NA,NA,NA,20162001810
730,2016201,1300,2016,201,13,0,NA,NA,T,NA,NA,NA,NA,20162011300
731,2016201,1440,2016,201,14,40,-34.55416666,-58.50906357,T,0.0365,0.02475,0.0081,0,20162011440
732,2016201,1715,2016,201,17,15,NA,NA,A,NA,NA,NA,NA,20162011715
733,2016201,1850,2016,201,18,50,NA,NA,A,NA,NA,NA,NA,20162011850
734,2016202,1345,2016,202,13,45,NA,NA,T,NA,NA,NA,NA,20162021345
735,2016202,1620,2016,202,16,20,NA,NA,A,NA,NA,NA,NA,20162021620
736,2016202,1800,2016,202,18,0,NA,NA,A,NA,NA,NA,NA,20162021800
737,2016203,1250,2016,203,12,50,NA,NA,T,NA,NA,NA,NA,20162031250
738,2016203,1425,2016,203,14,25,-34.55416666,-58.50906357,T,0.02925,0.02,0.0136,0,20162031425
739,2016203,1705,2016,203,17,5,-34.5625,-58.51492525,A,0.059,0.04,0.0071,0,20162031705
740,2016203,1840,2016,203,18,40,NA,NA,A,NA,NA,NA,NA,20162031840
741,2016204,1330,2016,204,13,30,-34.55416666,-58.50906357,T,0.10967,0.07533,0.016,0,20162041330
742,2016204,1510,2016,204,15,10,NA,NA,T,NA,NA,NA,NA,20162041510
743,2016204,1745,2016,204,17,45,-34.55416666,-58.50906357,A,0.02325,0.01525,0.0322,0,20162041745
744,2016205,1235,2016,205,12,35,NA,NA,T,NA,NA,NA,NA,20162051235
745,2016205,1415,2016,205,14,15,NA,NA,T,NA,NA,NA,NA,20162051415
746,2016205,1650,2016,205,16,50,NA,NA,A,NA,NA,NA,NA,20162051650
747,2016205,1830,2016,205,18,30,-34.55416666,-58.50906357,A,0.203,0.14,0.0128,0,20162051830
748,2016206,1320,2016,206,13,20,NA,NA,T,NA,NA,NA,NA,20162061320
749,2016206,1455,2016,206,14,55,NA,NA,T,NA,NA,NA,NA,20162061455
750,2016206,1735,2016,206,17,35,NA,NA,A,NA,NA,NA,NA,20162061735
751,2016206,1910,2016,206,19,10,NA,NA,A,NA,NA,NA,NA,20162061910
752,2016207,1400,2016,207,14,0,NA,NA,T,NA,NA,NA,NA,20162071400
753,2016207,1640,2016,207,16,40,NA,NA,A,NA,NA,NA,NA,20162071640
754,2016207,1815,2016,207,18,15,NA,NA,A,NA,NA,NA,NA,20162071815
755,2016208,1305,2016,208,13,5,NA,NA,T,NA,NA,NA,NA,20162081305
756,2016208,1445,2016,208,14,45,NA,NA,T,NA,NA,NA,NA,20162081445
757,2016208,1720,2016,208,17,20,NA,NA,A,NA,NA,NA,NA,20162081720
758,2016208,1900,2016,208,19,0,NA,NA,A,NA,NA,NA,NA,20162081900
759,2016209,1350,2016,209,13,50,NA,NA,T,NA,NA,NA,NA,20162091350
760,2016209,1625,2016,209,16,25,NA,NA,A,NA,NA,NA,NA,20162091625
761,2016209,1805,2016,209,18,5,NA,NA,A,NA,NA,NA,NA,20162091805
762,2016210,1255,2016,210,12,55,NA,NA,T,NA,NA,NA,NA,20162101255
763,2016210,1435,2016,210,14,35,NA,NA,T,NA,NA,NA,NA,20162101435
764,2016210,1710,2016,210,17,10,NA,NA,A,NA,NA,NA,NA,20162101710
765,2016210,1845,2016,210,18,45,NA,NA,A,NA,NA,NA,NA,20162101845
766,2016211,1340,2016,211,13,40,NA,NA,T,NA,NA,NA,NA,20162111340
767,2016211,1515,2016,211,15,15,NA,NA,T,NA,NA,NA,NA,20162111515
768,2016211,1615,2016,211,16,15,NA,NA,A,NA,NA,NA,NA,20162111615
769,2016211,1750,2016,211,17,50,-34.55416666,-58.50906357,A,0.032,0.02175,0.0298,0,20162111750
770,2016212,1240,2016,212,12,40,NA,NA,T,NA,NA,NA,NA,20162121240
771,2016212,1420,2016,212,14,20,NA,NA,T,NA,NA,NA,NA,20162121420
772,2016212,1655,2016,212,16,55,NA,NA,A,NA,NA,NA,NA,20162121655
773,2016212,1835,2016,212,18,35,NA,NA,A,NA,NA,NA,NA,20162121835
774,2016213,1325,2016,213,13,25,NA,NA,T,NA,NA,NA,NA,20162131325
775,2016213,1505,2016,213,15,5,NA,NA,T,NA,NA,NA,NA,20162131505
776,2016213,1740,2016,213,17,40,NA,NA,A,NA,NA,NA,NA,20162131740
777,2016213,1915,2016,213,19,15,NA,NA,A,NA,NA,NA,NA,20162131915
778,2016214,1230,2016,214,12,30,NA,NA,T,NA,NA,NA,NA,20162141230
779,2016214,1410,2016,214,14,10,NA,NA,T,NA,NA,NA,NA,20162141410
780,2016214,1645,2016,214,16,45,NA,NA,A,NA,NA,NA,NA,20162141645
781,2016214,1820,2016,214,18,20,NA,NA,A,NA,NA,NA,NA,20162141820
782,2016215,1315,2016,215,13,15,NA,NA,T,NA,NA,NA,NA,20162151315
783,2016215,1450,2016,215,14,50,NA,NA,T,NA,NA,NA,NA,20162151450
784,2016215,1725,2016,215,17,25,NA,NA,A,NA,NA,NA,NA,20162151725
785,2016215,1905,2016,215,19,5,NA,NA,A,NA,NA,NA,NA,20162151905
786,2016216,1355,2016,216,13,55,NA,NA,T,NA,NA,NA,NA,20162161355
787,2016216,1630,2016,216,16,30,NA,NA,A,NA,NA,NA,NA,20162161630
788,2016216,1810,2016,216,18,10,-34.55416666,-58.50906357,A,0.08725,0.0595,0.0219,0,20162161810
789,2016217,1300,2016,217,13,0,NA,NA,T,NA,NA,NA,NA,20162171300
790,2016217,1440,2016,217,14,40,NA,NA,T,NA,NA,NA,NA,20162171440
791,2016217,1715,2016,217,17,15,NA,NA,A,NA,NA,NA,NA,20162171715
792,2016217,1850,2016,217,18,50,NA,NA,A,NA,NA,NA,NA,20162171850
793,2016218,1345,2016,218,13,45,NA,NA,T,NA,NA,NA,NA,20162181345
794,2016218,1620,2016,218,16,20,NA,NA,A,NA,NA,NA,NA,20162181620
795,2016218,1800,2016,218,18,0,NA,NA,A,NA,NA,NA,NA,20162181800
796,2016219,1250,2016,219,12,50,NA,NA,T,NA,NA,NA,NA,20162191250
797,2016219,1425,2016,219,14,25,-34.55416666,-58.50906357,T,0.0535,0.03675,0.0119,0,20162191425
798,2016219,1705,2016,219,17,5,-34.55416666,-58.50906357,A,0.073,0.04975,0.0057,0,20162191705
799,2016219,1840,2016,219,18,40,-34.55416666,-58.50906357,A,0.028,0.0195,0.0072,0,20162191840
800,2016220,1330,2016,220,13,30,-34.55416666,-58.50906357,T,0.03875,0.0265,0.0126,0,20162201330
801,2016220,1510,2016,220,15,10,NA,NA,T,NA,NA,NA,NA,20162201510
802,2016220,1745,2016,220,17,45,NA,NA,A,NA,NA,NA,NA,20162201745
803,2016221,1235,2016,221,12,35,NA,NA,T,NA,NA,NA,NA,20162211235
804,2016221,1415,2016,221,14,15,-34.55416666,-58.50906357,T,0.19625,0.13525,0.0235,0,20162211415
805,2016221,1650,2016,221,16,50,NA,NA,A,NA,NA,NA,NA,20162211650
806,2016221,1830,2016,221,18,30,NA,NA,A,NA,NA,NA,NA,20162211830
807,2016222,1320,2016,222,13,20,-34.55416666,-58.50906357,T,0.09425,0.06475,0.0128,0,20162221320
808,2016222,1455,2016,222,14,55,NA,NA,T,NA,NA,NA,NA,20162221455
809,2016222,1735,2016,222,17,35,-34.55416666,-58.50906357,A,0.0575,0.039,0.0202,0,20162221735
810,2016222,1910,2016,222,19,10,NA,NA,A,NA,NA,NA,NA,20162221910
811,2016223,1400,2016,223,14,0,-34.55416666,-58.50906357,T,0.05333,0.036,0.0311,0,20162231400
812,2016223,1640,2016,223,16,40,NA,NA,A,NA,NA,NA,NA,20162231640
813,2016223,1815,2016,223,18,15,-34.55416666,-58.50906357,A,0.0245,0.0165,0.0179,0,20162231815
814,2016224,1305,2016,224,13,5,NA,NA,T,NA,NA,NA,NA,20162241305
815,2016224,1445,2016,224,14,45,NA,NA,T,NA,NA,NA,NA,20162241445
816,2016224,1720,2016,224,17,20,-34.55416666,-58.50906357,A,0.0955,0.06525,0.0126,0,20162241720
817,2016224,1900,2016,224,19,0,NA,NA,A,NA,NA,NA,NA,20162241900
818,2016225,1350,2016,225,13,50,-34.55416666,-58.50906357,T,0.114,0.07825,0.028,0,20162251350
819,2016225,1625,2016,225,16,25,NA,NA,A,NA,NA,NA,NA,20162251625
820,2016225,1805,2016,225,18,5,NA,NA,A,NA,NA,NA,NA,20162251805
821,2016226,1255,2016,226,12,55,NA,NA,T,NA,NA,NA,NA,20162261255
822,2016226,1435,2016,226,14,35,NA,NA,T,NA,NA,NA,NA,20162261435
823,2016226,1710,2016,226,17,10,NA,NA,A,NA,NA,NA,NA,20162261710
824,2016226,1845,2016,226,18,45,NA,NA,A,NA,NA,NA,NA,20162261845
825,2016227,1340,2016,227,13,40,NA,NA,T,NA,NA,NA,NA,20162271340
826,2016227,1515,2016,227,15,15,NA,NA,T,NA,NA,NA,NA,20162271515
827,2016227,1615,2016,227,16,15,NA,NA,A,NA,NA,NA,NA,20162271615
828,2016227,1750,2016,227,17,50,NA,NA,A,NA,NA,NA,NA,20162271750
829,2016228,1240,2016,228,12,40,NA,NA,T,NA,NA,NA,NA,20162281240
830,2016228,1420,2016,228,14,20,NA,NA,T,NA,NA,NA,NA,20162281420
831,2016228,1655,2016,228,16,55,NA,NA,A,NA,NA,NA,NA,20162281655
832,2016228,1835,2016,228,18,35,-34.55416666,-58.50906357,A,0.02267,0.01533,0.0158,0,20162281835
833,2016229,1325,2016,229,13,25,NA,NA,T,NA,NA,NA,NA,20162291325
834,2016229,1505,2016,229,15,5,NA,NA,T,NA,NA,NA,NA,20162291505
835,2016229,1740,2016,229,17,40,NA,NA,A,NA,NA,NA,NA,20162291740
836,2016229,1915,2016,229,19,15,NA,NA,A,NA,NA,NA,NA,20162291915
837,2016230,1230,2016,230,12,30,NA,NA,T,NA,NA,NA,NA,20162301230
838,2016230,1410,2016,230,14,10,-34.55416666,-58.50906357,T,0.02925,0.01975,0.0323,0,20162301410
839,2016230,1645,2016,230,16,45,NA,NA,A,NA,NA,NA,NA,20162301645
840,2016230,1820,2016,230,18,20,-34.55416666,-58.50906357,A,0.0205,0.014,0.0195,0,20162301820
841,2016231,1315,2016,231,13,15,-34.55416666,-58.50906357,T,0.057,0.03875,0.0136,0,20162311315
842,2016231,1450,2016,231,14,50,-34.55416666,-58.50906357,T,0.02,0.0135,0.006,0,20162311450
843,2016231,1725,2016,231,17,25,-34.55416666,-58.50906357,A,0.087,0.05925,0.0171,0,20162311725
844,2016231,1905,2016,231,19,5,NA,NA,A,NA,NA,NA,NA,20162311905
845,2016232,1355,2016,232,13,55,NA,NA,T,NA,NA,NA,NA,20162321355
846,2016232,1630,2016,232,16,30,NA,NA,A,NA,NA,NA,NA,20162321630
847,2016232,1810,2016,232,18,10,NA,NA,A,NA,NA,NA,NA,20162321810
1,2016234,1345,2016,234,13,45,-34.55416666,-58.50906357,T,0.0455,0.031,0.0293,0,20162341345
2,2016234,1620,2016,234,16,20,NA,NA,A,NA,NA,NA,NA,20162341620
3,2016234,1800,2016,234,18,0,NA,NA,A,NA,NA,NA,NA,20162341800
4,2016235,1250,2016,235,12,50,NA,NA,T,NA,NA,NA,NA,20162351250
5,2016235,1425,2016,235,14,25,-34.55416666,-58.50906357,T,0.049,0.03375,0.0169,0,20162351425
6,2016235,1705,2016,235,17,5,-34.5625,-58.51492525,A,0.097,0.0665,0.0096,0,20162351705
7,2016235,1840,2016,235,18,40,-34.55416666,-58.50906357,A,0.03975,0.027,0.0136,0,20162351840
8,2016236,1330,2016,236,13,30,-34.55416666,-58.50906357,T,0.08425,0.05775,0.022,0,20162361330
9,2016236,1510,2016,236,15,10,NA,NA,T,NA,NA,NA,NA,20162361510
10,2016236,1745,2016,236,17,45,-34.55416666,-58.50906357,A,0.02275,0.0155,0.0379,0,20162361745
11,2016237,1235,2016,237,12,35,NA,NA,T,NA,NA,NA,NA,20162371235
12,2016237,1415,2016,237,14,15,NA,NA,T,NA,NA,NA,NA,20162371415
13,2016237,1650,2016,237,16,50,NA,NA,A,NA,NA,NA,NA,20162371650
14,2016237,1830,2016,237,18,30,-34.55416666,-58.50906357,A,0.0905,0.06175,0.0182,0,20162371830
15,2016238,1320,2016,238,13,20,-34.55416666,-58.50906357,T,0.121,0.083,0.0165,0,20162381320
16,2016238,1455,2016,238,14,55,NA,NA,T,NA,NA,NA,NA,20162381455
17,2016238,1735,2016,238,17,35,-34.55416666,-58.50906357,A,0.1575,0.10825,0.0263,0,20162381735
18,2016238,1910,2016,238,19,10,NA,NA,A,NA,NA,NA,NA,20162381910
19,2016239,1400,2016,239,14,0,-34.55416666,-58.50906357,T,0.1365,0.09375,0.0438,0,20162391400
20,2016239,1640,2016,239,16,40,NA,NA,A,NA,NA,NA,NA,20162391640
21,2016239,1815,2016,239,18,15,-34.55416666,-58.50906357,A,0.38775,0.27125,0.0264,0,20162391815
22,2016240,1305,2016,240,13,5,NA,NA,T,NA,NA,NA,NA,20162401305
23,2016240,1445,2016,240,14,45,NA,NA,T,NA,NA,NA,NA,20162401445
24,2016240,1720,2016,240,17,20,NA,NA,A,NA,NA,NA,NA,20162401720
25,2016240,1855,2016,240,18,55,NA,NA,A,NA,NA,NA,NA,20162401855
26,2016241,1350,2016,241,13,50,NA,NA,T,NA,NA,NA,NA,20162411350
27,2016241,1625,2016,241,16,25,NA,NA,A,NA,NA,NA,NA,20162411625
28,2016241,1805,2016,241,18,5,NA,NA,A,NA,NA,NA,NA,20162411805
29,2016242,1255,2016,242,12,55,NA,NA,T,NA,NA,NA,NA,20162421255
30,2016242,1430,2016,242,14,30,NA,NA,T,NA,NA,NA,NA,20162421430
31,2016242,1710,2016,242,17,10,NA,NA,A,NA,NA,NA,NA,20162421710
32,2016242,1845,2016,242,18,45,NA,NA,A,NA,NA,NA,NA,20162421845
33,2016243,1335,2016,243,13,35,NA,NA,T,NA,NA,NA,NA,20162431335
34,2016243,1515,2016,243,15,15,NA,NA,T,NA,NA,NA,NA,20162431515
35,2016243,1615,2016,243,16,15,NA,NA,A,NA,NA,NA,NA,20162431615
36,2016243,1750,2016,243,17,50,NA,NA,A,NA,NA,NA,NA,20162431750
37,2016244,1240,2016,244,12,40,NA,NA,T,NA,NA,NA,NA,20162441240
38,2016244,1420,2016,244,14,20,-34.55416666,-58.50906357,T,0.15675,0.10775,0.0265,0,20162441420
39,2016244,1655,2016,244,16,55,NA,NA,A,NA,NA,NA,NA,20162441655
40,2016244,1835,2016,244,18,35,-34.55416666,-58.50906357,A,0.11,0.0755,0.0164,0,20162441835
41,2016245,1325,2016,245,13,25,NA,NA,T,NA,NA,NA,NA,20162451325
42,2016245,1505,2016,245,15,5,NA,NA,T,NA,NA,NA,NA,20162451505
43,2016245,1740,2016,245,17,40,NA,NA,A,NA,NA,NA,NA,20162451740
44,2016245,1915,2016,245,19,15,NA,NA,A,NA,NA,NA,NA,20162451915
45,2016246,1230,2016,246,12,30,NA,NA,T,NA,NA,NA,NA,20162461230
46,2016246,1410,2016,246,14,10,-34.55416666,-58.50906357,T,0.04,0.0275,0.0419,0,20162461410
47,2016246,1645,2016,246,16,45,NA,NA,A,NA,NA,NA,NA,20162461645
48,2016246,1820,2016,246,18,20,NA,NA,A,NA,NA,NA,NA,20162461820
49,2016247,1315,2016,247,13,15,-34.55416666,-58.50906357,T,0.083,0.05675,0.0172,0,20162471315
50,2016247,1450,2016,247,14,50,NA,NA,T,NA,NA,NA,NA,20162471450
51,2016247,1725,2016,247,17,25,NA,NA,A,NA,NA,NA,NA,20162471725
52,2016247,1905,2016,247,19,5,NA,NA,A,NA,NA,NA,NA,20162471905
53,2016248,1355,2016,248,13,55,NA,NA,T,NA,NA,NA,NA,20162481355
54,2016248,1630,2016,248,16,30,NA,NA,A,NA,NA,NA,NA,20162481630
55,2016248,1810,2016,248,18,10,NA,NA,A,NA,NA,NA,NA,20162481810
56,2016249,1300,2016,249,13,0,NA,NA,T,NA,NA,NA,NA,20162491300
57,2016249,1440,2016,249,14,40,NA,NA,T,NA,NA,NA,NA,20162491440
58,2016249,1715,2016,249,17,15,NA,NA,A,NA,NA,NA,NA,20162491715
59,2016249,1850,2016,249,18,50,NA,NA,A,NA,NA,NA,NA,20162491850
60,2016250,1345,2016,250,13,45,NA,NA,T,NA,NA,NA,NA,20162501345
61,2016250,1620,2016,250,16,20,NA,NA,A,NA,NA,NA,NA,20162501620
62,2016250,1800,2016,250,18,0,NA,NA,A,NA,NA,NA,NA,20162501800
63,2016251,1250,2016,251,12,50,NA,NA,T,NA,NA,NA,NA,20162511250
64,2016251,1425,2016,251,14,25,NA,NA,T,NA,NA,NA,NA,20162511425
65,2016251,1705,2016,251,17,5,NA,NA,A,NA,NA,NA,NA,20162511705
66,2016251,1840,2016,251,18,40,NA,NA,A,NA,NA,NA,NA,20162511840
67,2016252,1330,2016,252,13,30,-34.55416666,-58.50906357,T,0.125,0.08575,0.0248,0,20162521330
68,2016252,1510,2016,252,15,10,NA,NA,T,NA,NA,NA,NA,20162521510
69,2016252,1745,2016,252,17,45,-34.55416666,-58.50906357,A,0.042,0.029,0.0403,0,20162521745
70,2016253,1235,2016,253,12,35,NA,NA,T,NA,NA,NA,NA,20162531235
71,2016253,1415,2016,253,14,15,NA,NA,T,NA,NA,NA,NA,20162531415
72,2016253,1650,2016,253,16,50,NA,NA,A,NA,NA,NA,NA,20162531650
73,2016253,1830,2016,253,18,30,NA,NA,A,NA,NA,NA,NA,20162531830
74,2016254,1320,2016,254,13,20,-34.5625,-58.51492525,T,0.2235,0.155,0.0152,0,20162541320
75,2016254,1455,2016,254,14,55,NA,NA,T,NA,NA,NA,NA,20162541455
76,2016254,1735,2016,254,17,35,-34.55416666,-58.50906357,A,0.20125,0.1385,0.0278,0,20162541735
77,2016254,1910,2016,254,19,10,NA,NA,A,NA,NA,NA,NA,20162541910
78,2016255,1400,2016,255,14,0,-34.55416666,-58.50906357,T,0.0925,0.06325,0.0485,0,20162551400
79,2016255,1640,2016,255,16,40,NA,NA,A,NA,NA,NA,NA,20162551640
80,2016255,1815,2016,255,18,15,-34.55416666,-58.50906357,A,0.0735,0.0505,0.0286,0,20162551815
81,2016256,1305,2016,256,13,5,NA,NA,T,NA,NA,NA,NA,20162561305
82,2016256,1445,2016,256,14,45,NA,NA,T,NA,NA,NA,NA,20162561445
83,2016256,1720,2016,256,17,20,NA,NA,A,NA,NA,NA,NA,20162561720
84,2016256,1855,2016,256,18,55,NA,NA,A,NA,NA,NA,NA,20162561855
85,2016257,1350,2016,257,13,50,-34.55416666,-58.50906357,T,0.20825,0.14425,0.0495,0,20162571350
86,2016257,1625,2016,257,16,25,NA,NA,A,NA,NA,NA,NA,20162571625
87,2016257,1805,2016,257,18,5,NA,NA,A,NA,NA,NA,NA,20162571805
88,2016258,1255,2016,258,12,55,NA,NA,T,NA,NA,NA,NA,20162581255
89,2016258,1430,2016,258,14,30,NA,NA,T,NA,NA,NA,NA,20162581430
90,2016258,1710,2016,258,17,10,NA,NA,A,NA,NA,NA,NA,20162581710
91,2016258,1845,2016,258,18,45,NA,NA,A,NA,NA,NA,NA,20162581845
92,2016259,1335,2016,259,13,35,NA,NA,T,NA,NA,NA,NA,20162591335
93,2016259,1515,2016,259,15,15,NA,NA,T,NA,NA,NA,NA,20162591515
94,2016259,1615,2016,259,16,15,NA,NA,A,NA,NA,NA,NA,20162591615
95,2016259,1750,2016,259,17,50,-34.55416666,-58.50906357,A,0.04475,0.03025,0.0521,0,20162591750
96,2016260,1240,2016,260,12,40,NA,NA,T,NA,NA,NA,NA,20162601240
97,2016260,1420,2016,260,14,20,NA,NA,T,NA,NA,NA,NA,20162601420
98,2016260,1655,2016,260,16,55,NA,NA,A,NA,NA,NA,NA,20162601655
99,2016260,1835,2016,260,18,35,NA,NA,A,NA,NA,NA,NA,20162601835
100,2016261,1325,2016,261,13,25,NA,NA,T,NA,NA,NA,NA,20162611325
101,2016261,1505,2016,261,15,5,NA,NA,T,NA,NA,NA,NA,20162611505
102,2016261,1740,2016,261,17,40,NA,NA,A,NA,NA,NA,NA,20162611740
103,2016261,1915,2016,261,19,15,NA,NA,A,NA,NA,NA,NA,20162611915
104,2016262,1230,2016,262,12,30,NA,NA,T,NA,NA,NA,NA,20162621230
105,2016262,1410,2016,262,14,10,-34.55416666,-58.50906357,T,0.07425,0.05075,0.0455,0,20162621410
106,2016262,1645,2016,262,16,45,NA,NA,A,NA,NA,NA,NA,20162621645
107,2016262,1820,2016,262,18,20,NA,NA,A,NA,NA,NA,NA,20162621820
108,2016263,1315,2016,263,13,15,-34.55416666,-58.50906357,T,0.29875,0.208,0.0166,0,20162631315
109,2016263,1450,2016,263,14,50,NA,NA,T,NA,NA,NA,NA,20162631450
110,2016263,1725,2016,263,17,25,NA,NA,A,NA,NA,NA,NA,20162631725
111,2016263,1905,2016,263,19,5,NA,NA,A,NA,NA,NA,NA,20162631905
112,2016264,1355,2016,264,13,55,NA,NA,T,NA,NA,NA,NA,20162641355
113,2016264,1630,2016,264,16,30,NA,NA,A,NA,NA,NA,NA,20162641630
114,2016264,1810,2016,264,18,10,NA,NA,A,NA,NA,NA,NA,20162641810
115,2016265,1300,2016,265,13,0,NA,NA,T,NA,NA,NA,NA,20162651300
116,2016265,1440,2016,265,14,40,-34.5625,-58.50480593,T,0.252,0.175,0.0153,0,20162651440
117,2016265,1715,2016,265,17,15,NA,NA,A,NA,NA,NA,NA,20162651715
118,2016265,1850,2016,265,18,50,NA,NA,A,NA,NA,NA,NA,20162651850
119,2016266,1345,2016,266,13,45,-34.55416666,-58.50906357,T,0.15875,0.10925,0.0452,0,20162661345
120,2016266,1620,2016,266,16,20,NA,NA,A,NA,NA,NA,NA,20162661620
121,2016266,1800,2016,266,18,0,NA,NA,A,NA,NA,NA,NA,20162661800
122,2016267,1250,2016,267,12,50,NA,NA,T,NA,NA,NA,NA,20162671250
123,2016267,1425,2016,267,14,25,-34.55416666,-58.50906357,T,0.04275,0.02925,0.0274,0,20162671425
124,2016267,1705,2016,267,17,5,-34.55416666,-58.50906357,A,0.1445,0.09925,0.0097,0,20162671705
125,2016267,1840,2016,267,18,40,-34.55416666,-58.50906357,A,0.10325,0.071,0.0187,0,20162671840
126,2016268,1330,2016,268,13,30,NA,NA,T,NA,NA,NA,NA,20162681330
127,2016268,1510,2016,268,15,10,NA,NA,T,NA,NA,NA,NA,20162681510
128,2016268,1605,2016,268,16,5,NA,NA,A,NA,NA,NA,NA,20162681605
129,2016268,1745,2016,268,17,45,NA,NA,A,NA,NA,NA,NA,20162681745
130,2016269,1235,2016,269,12,35,NA,NA,T,NA,NA,NA,NA,20162691235
131,2016269,1415,2016,269,14,15,-34.55416666,-58.50906357,T,0.042,0.0285,0.0498,0,20162691415
132,2016269,1650,2016,269,16,50,NA,NA,A,NA,NA,NA,NA,20162691650
133,2016269,1830,2016,269,18,30,-34.55416666,-58.50906357,A,0.021,0.0145,0.0242,0,20162691830
134,2016270,1320,2016,270,13,20,-34.55416666,-58.50906357,T,0.033,0.0225,0.0235,0,20162701320
135,2016270,1455,2016,270,14,55,NA,NA,T,NA,NA,NA,NA,20162701455
136,2016270,1735,2016,270,17,35,-34.55416666,-58.50906357,A,0.09725,0.067,0.0354,0,20162701735
137,2016270,1910,2016,270,19,10,NA,NA,A,NA,NA,NA,NA,20162701910
138,2016271,1400,2016,271,14,0,-34.55416666,-58.50906357,T,0.026,0.01775,0.0677,0,20162711400
139,2016271,1640,2016,271,16,40,NA,NA,A,NA,NA,NA,NA,20162711640
140,2016271,1815,2016,271,18,15,-34.55416666,-58.50906357,A,0.02375,0.0165,0.0362,0,20162711815
141,2016272,1305,2016,272,13,5,NA,NA,T,NA,NA,NA,NA,20162721305
142,2016272,1445,2016,272,14,45,-34.55416666,-58.50906357,T,0.19175,0.13175,0.0156,0,20162721445
143,2016272,1720,2016,272,17,20,-34.55416666,-58.50906357,A,0.2695,0.18675,0.0216,0,20162721720
144,2016272,1855,2016,272,18,55,NA,NA,A,NA,NA,NA,NA,20162721855
145,2016273,1350,2016,273,13,50,NA,NA,T,NA,NA,NA,NA,20162731350
146,2016273,1625,2016,273,16,25,NA,NA,A,NA,NA,NA,NA,20162731625
147,2016273,1805,2016,273,18,5,NA,NA,A,NA,NA,NA,NA,20162731805
148,2016274,1255,2016,274,12,55,NA,NA,T,NA,NA,NA,NA,20162741255
149,2016274,1430,2016,274,14,30,NA,NA,T,NA,NA,NA,NA,20162741430
150,2016274,1710,2016,274,17,10,NA,NA,A,NA,NA,NA,NA,20162741710
151,2016274,1845,2016,274,18,45,NA,NA,A,NA,NA,NA,NA,20162741845
152,2016275,1335,2016,275,13,35,-34.55416666,-58.50906357,T,0.03225,0.022,0.0423,0,20162751335
153,2016275,1515,2016,275,15,15,NA,NA,T,NA,NA,NA,NA,20162751515
154,2016275,1615,2016,275,16,15,NA,NA,A,NA,NA,NA,NA,20162751615
155,2016275,1750,2016,275,17,50,-34.55416666,-58.50906357,A,0.09175,0.063,0.051,0,20162751750
156,2016276,1240,2016,276,12,40,NA,NA,T,NA,NA,NA,NA,20162761240
157,2016276,1420,2016,276,14,20,NA,NA,T,NA,NA,NA,NA,20162761420
158,2016276,1655,2016,276,16,55,NA,NA,A,NA,NA,NA,NA,20162761655
159,2016276,1835,2016,276,18,35,NA,NA,A,NA,NA,NA,NA,20162761835
160,2016277,1325,2016,277,13,25,NA,NA,T,NA,NA,NA,NA,20162771325
161,2016277,1505,2016,277,15,5,NA,NA,T,NA,NA,NA,NA,20162771505
162,2016277,1740,2016,277,17,40,-34.55416666,-58.50906357,A,0.10325,0.071,0.0404,0,20162771740
163,2016277,1915,2016,277,19,15,NA,NA,A,NA,NA,NA,NA,20162771915
164,2016278,1230,2016,278,12,30,NA,NA,T,NA,NA,NA,NA,20162781230
165,2016278,1410,2016,278,14,10,NA,NA,T,NA,NA,NA,NA,20162781410
166,2016278,1645,2016,278,16,45,NA,NA,A,NA,NA,NA,NA,20162781645
167,2016278,1820,2016,278,18,20,NA,NA,A,NA,NA,NA,NA,20162781820
168,2016279,1315,2016,279,13,15,NA,NA,T,NA,NA,NA,NA,20162791315
169,2016279,1450,2016,279,14,50,NA,NA,T,NA,NA,NA,NA,20162791450
170,2016279,1725,2016,279,17,25,NA,NA,A,NA,NA,NA,NA,20162791725
171,2016279,1905,2016,279,19,5,NA,NA,A,NA,NA,NA,NA,20162791905
172,2016280,1355,2016,280,13,55,NA,NA,T,NA,NA,NA,NA,20162801355
173,2016280,1630,2016,280,16,30,NA,NA,A,NA,NA,NA,NA,20162801630
174,2016280,1810,2016,280,18,10,NA,NA,A,NA,NA,NA,NA,20162801810
175,2016281,1300,2016,281,13,0,NA,NA,T,NA,NA,NA,NA,20162811300
176,2016281,1440,2016,281,14,40,NA,NA,T,NA,NA,NA,NA,20162811440
177,2016281,1715,2016,281,17,15,NA,NA,A,NA,NA,NA,NA,20162811715
178,2016281,1850,2016,281,18,50,NA,NA,A,NA,NA,NA,NA,20162811850
179,2016282,1345,2016,282,13,45,NA,NA,T,NA,NA,NA,NA,20162821345
180,2016282,1620,2016,282,16,20,NA,NA,A,NA,NA,NA,NA,20162821620
181,2016282,1800,2016,282,18,0,NA,NA,A,NA,NA,NA,NA,20162821800
182,2016283,1250,2016,283,12,50,NA,NA,T,NA,NA,NA,NA,20162831250
183,2016283,1425,2016,283,14,25,-34.55416666,-58.50906357,T,0.03975,0.02675,0.0299,0,20162831425
184,2016283,1705,2016,283,17,5,-34.55416666,-58.50906357,A,0.129,0.08867,0.0101,0,20162831705
185,2016283,1840,2016,283,18,40,-34.55416666,-58.50906357,A,0.043,0.029,0.0162,0,20162831840
186,2016284,1330,2016,284,13,30,NA,NA,T,NA,NA,NA,NA,20162841330
187,2016284,1510,2016,284,15,10,NA,NA,T,NA,NA,NA,NA,20162841510
188,2016284,1605,2016,284,16,5,NA,NA,A,NA,NA,NA,NA,20162841605
189,2016284,1745,2016,284,17,45,NA,NA,A,NA,NA,NA,NA,20162841745
190,2016285,1235,2016,285,12,35,NA,NA,T,NA,NA,NA,NA,20162851235
191,2016285,1415,2016,285,14,15,-34.55416666,-58.50906357,T,0.11775,0.081,0.0496,0,20162851415
192,2016285,1650,2016,285,16,50,NA,NA,A,NA,NA,NA,NA,20162851650
193,2016285,1830,2016,285,18,30,NA,NA,A,NA,NA,NA,NA,20162851830
194,2016286,1320,2016,286,13,20,NA,NA,T,NA,NA,NA,NA,20162861320
195,2016286,1455,2016,286,14,55,NA,NA,T,NA,NA,NA,NA,20162861455
196,2016286,1735,2016,286,17,35,NA,NA,A,NA,NA,NA,NA,20162861735
197,2016286,1910,2016,286,19,10,NA,NA,A,NA,NA,NA,NA,20162861910
198,2016287,1400,2016,287,14,0,NA,NA,T,NA,NA,NA,NA,20162871400
199,2016287,1640,2016,287,16,40,NA,NA,A,NA,NA,NA,NA,20162871640
200,2016287,1815,2016,287,18,15,-34.55416666,-58.50906357,A,0.172,0.11825,0.0362,0,20162871815
201,2016288,1305,2016,288,13,5,NA,NA,T,NA,NA,NA,NA,20162881305
202,2016288,1445,2016,288,14,45,NA,NA,T,NA,NA,NA,NA,20162881445
203,2016288,1720,2016,288,17,20,NA,NA,A,NA,NA,NA,NA,20162881720
204,2016288,1855,2016,288,18,55,NA,NA,A,NA,NA,NA,NA,20162881855
205,2016289,1350,2016,289,13,50,NA,NA,T,NA,NA,NA,NA,20162891350
206,2016289,1625,2016,289,16,25,NA,NA,A,NA,NA,NA,NA,20162891625
207,2016289,1805,2016,289,18,5,NA,NA,A,NA,NA,NA,NA,20162891805
208,2016290,1255,2016,290,12,55,NA,NA,T,NA,NA,NA,NA,20162901255
209,2016290,1430,2016,290,14,30,-34.55416666,-58.49894527,T,0.277,0.192,0.0182,0,20162901430
210,2016290,1710,2016,290,17,10,-34.55416666,-58.50906357,A,0.3185,0.22275,0.0139,0,20162901710
211,2016290,1845,2016,290,18,45,NA,NA,A,NA,NA,NA,NA,20162901845
212,2016291,1335,2016,291,13,35,-34.5625,-58.51492525,T,0.0335,0.023,0.0288,0,20162911335
213,2016291,1515,2016,291,15,15,NA,NA,T,NA,NA,NA,NA,20162911515
214,2016291,1615,2016,291,16,15,NA,NA,A,NA,NA,NA,NA,20162911615
215,2016291,1750,2016,291,17,50,NA,NA,A,NA,NA,NA,NA,20162911750
216,2016292,1240,2016,292,12,40,NA,NA,T,NA,NA,NA,NA,20162921240
217,2016292,1420,2016,292,14,20,NA,NA,T,NA,NA,NA,NA,20162921420
218,2016292,1655,2016,292,16,55,NA,NA,A,NA,NA,NA,NA,20162921655
219,2016292,1835,2016,292,18,35,NA,NA,A,NA,NA,NA,NA,20162921835
220,2016293,1325,2016,293,13,25,NA,NA,T,NA,NA,NA,NA,20162931325
221,2016293,1505,2016,293,15,5,NA,NA,T,NA,NA,NA,NA,20162931505
222,2016293,1740,2016,293,17,40,NA,NA,A,NA,NA,NA,NA,20162931740
223,2016293,1915,2016,293,19,15,NA,NA,A,NA,NA,NA,NA,20162931915
224,2016294,1230,2016,294,12,30,NA,NA,T,NA,NA,NA,NA,20162941230
225,2016294,1645,2016,294,16,45,NA,NA,A,NA,NA,NA,NA,20162941645
226,2016294,1820,2016,294,18,20,NA,NA,A,NA,NA,NA,NA,20162941820
227,2016295,1315,2016,295,13,15,NA,NA,T,NA,NA,NA,NA,20162951315
228,2016295,1450,2016,295,14,50,NA,NA,T,NA,NA,NA,NA,20162951450
229,2016295,1725,2016,295,17,25,NA,NA,A,NA,NA,NA,NA,20162951725
230,2016295,1905,2016,295,19,5,NA,NA,A,NA,NA,NA,NA,20162951905
231,2016296,1355,2016,296,13,55,NA,NA,T,NA,NA,NA,NA,20162961355
232,2016296,1630,2016,296,16,30,NA,NA,A,NA,NA,NA,NA,20162961630
233,2016296,1810,2016,296,18,10,NA,NA,A,NA,NA,NA,NA,20162961810
234,2016297,1300,2016,297,13,0,NA,NA,T,NA,NA,NA,NA,20162971300
235,2016297,1440,2016,297,14,40,NA,NA,T,NA,NA,NA,NA,20162971440
236,2016297,1715,2016,297,17,15,NA,NA,A,NA,NA,NA,NA,20162971715
237,2016297,1850,2016,297,18,50,NA,NA,A,NA,NA,NA,NA,20162971850
238,2016298,1345,2016,298,13,45,NA,NA,T,NA,NA,NA,NA,20162981345
239,2016298,1620,2016,298,16,20,NA,NA,A,NA,NA,NA,NA,20162981620
240,2016298,1800,2016,298,18,0,NA,NA,A,NA,NA,NA,NA,20162981800
241,2016299,1250,2016,299,12,50,NA,NA,T,NA,NA,NA,NA,20162991250
242,2016299,1425,2016,299,14,25,NA,NA,T,NA,NA,NA,NA,20162991425
243,2016299,1705,2016,299,17,5,NA,NA,A,NA,NA,NA,NA,20162991705
244,2016299,1840,2016,299,18,40,NA,NA,A,NA,NA,NA,NA,20162991840
245,2016300,1330,2016,300,13,30,NA,NA,T,NA,NA,NA,NA,20163001330
246,2016300,1510,2016,300,15,10,NA,NA,T,NA,NA,NA,NA,20163001510
247,2016300,1605,2016,300,16,5,NA,NA,A,NA,NA,NA,NA,20163001605
248,2016300,1745,2016,300,17,45,NA,NA,A,NA,NA,NA,NA,20163001745
249,2016301,1235,2016,301,12,35,NA,NA,T,NA,NA,NA,NA,20163011235
250,2016301,1415,2016,301,14,15,NA,NA,T,NA,NA,NA,NA,20163011415
251,2016301,1650,2016,301,16,50,NA,NA,A,NA,NA,NA,NA,20163011650
252,2016301,1830,2016,301,18,30,NA,NA,A,NA,NA,NA,NA,20163011830
253,2016302,1320,2016,302,13,20,-34.55416666,-58.50906357,T,0.09533,0.06533,0.0254,0,20163021320
254,2016302,1455,2016,302,14,55,NA,NA,T,NA,NA,NA,NA,20163021455
255,2016302,1735,2016,302,17,35,NA,NA,A,NA,NA,NA,NA,20163021735
256,2016302,1910,2016,302,19,10,NA,NA,A,NA,NA,NA,NA,20163021910
257,2016303,1400,2016,303,14,0,NA,NA,T,NA,NA,NA,NA,20163031400
258,2016303,1640,2016,303,16,40,NA,NA,A,NA,NA,NA,NA,20163031640
259,2016303,1815,2016,303,18,15,-34.55416666,-58.50906357,A,0.04225,0.029,0.0351,0,20163031815
260,2016304,1305,2016,304,13,5,NA,NA,T,NA,NA,NA,NA,20163041305
261,2016304,1445,2016,304,14,45,NA,NA,T,NA,NA,NA,NA,20163041445
262,2016304,1720,2016,304,17,20,-34.55416666,-58.50906357,A,0.16967,0.11667,0.0184,0,20163041720
263,2016304,1900,2016,304,19,0,NA,NA,A,NA,NA,NA,NA,20163041900
264,2016305,1350,2016,305,13,50,NA,NA,T,NA,NA,NA,NA,20163051350
265,2016305,1625,2016,305,16,25,NA,NA,A,NA,NA,NA,NA,20163051625
266,2016305,1805,2016,305,18,5,NA,NA,A,NA,NA,NA,NA,20163051805
267,2016306,1255,2016,306,12,55,NA,NA,T,NA,NA,NA,NA,20163061255
268,2016306,1430,2016,306,14,30,NA,NA,T,NA,NA,NA,NA,20163061430
269,2016306,1710,2016,306,17,10,NA,NA,A,NA,NA,NA,NA,20163061710
270,2016306,1845,2016,306,18,45,NA,NA,A,NA,NA,NA,NA,20163061845
271,2016307,1335,2016,307,13,35,NA,NA,T,NA,NA,NA,NA,20163071335
272,2016307,1515,2016,307,15,15,NA,NA,T,NA,NA,NA,NA,20163071515
273,2016307,1615,2016,307,16,15,NA,NA,A,NA,NA,NA,NA,20163071615
274,2016307,1750,2016,307,17,50,NA,NA,A,NA,NA,NA,NA,20163071750
275,2016308,1240,2016,308,12,40,NA,NA,T,NA,NA,NA,NA,20163081240
276,2016308,1420,2016,308,14,20,NA,NA,T,NA,NA,NA,NA,20163081420
277,2016308,1655,2016,308,16,55,NA,NA,A,NA,NA,NA,NA,20163081655
278,2016308,1835,2016,308,18,35,-34.55416666,-58.50906357,A,0.06225,0.0425,0.0223,0,20163081835
279,2016309,1325,2016,309,13,25,-34.55416666,-58.50906357,T,0.04775,0.03275,0.034,0,20163091325
280,2016309,1505,2016,309,15,5,NA,NA,T,NA,NA,NA,NA,20163091505
281,2016309,1740,2016,309,17,40,-34.55416666,-58.50906357,A,0.08175,0.056,0.0503,0,20163091740
282,2016309,1915,2016,309,19,15,NA,NA,A,NA,NA,NA,NA,20163091915
283,2016310,1230,2016,310,12,30,NA,NA,T,NA,NA,NA,NA,20163101230
284,2016310,1410,2016,310,14,10,NA,NA,T,NA,NA,NA,NA,20163101410
285,2016310,1645,2016,310,16,45,NA,NA,A,NA,NA,NA,NA,20163101645
286,2016310,1820,2016,310,18,20,-34.55416666,-58.50906357,A,0.02733,0.019,0.035,0,20163101820
287,2016311,1315,2016,311,13,15,-34.55416666,-58.50906357,T,0.03875,0.0265,0.027,0,20163111315
288,2016311,1450,2016,311,14,50,-34.55416666,-58.50906357,T,0.051,0.03475,0.0156,0,20163111450
289,2016311,1725,2016,311,17,25,-34.55416666,-58.50906357,A,0.15825,0.10875,0.028,0,20163111725
290,2016311,1905,2016,311,19,5,NA,NA,A,NA,NA,NA,NA,20163111905
291,2016312,1355,2016,312,13,55,NA,NA,T,NA,NA,NA,NA,20163121355
292,2016312,1630,2016,312,16,30,NA,NA,A,NA,NA,NA,NA,20163121630
293,2016312,1810,2016,312,18,10,NA,NA,A,NA,NA,NA,NA,20163121810
294,2016313,1300,2016,313,13,0,NA,NA,T,NA,NA,NA,NA,20163131300
295,2016313,1440,2016,313,14,40,NA,NA,T,NA,NA,NA,NA,20163131440
296,2016313,1715,2016,313,17,15,NA,NA,A,NA,NA,NA,NA,20163131715
297,2016313,1850,2016,313,18,50,NA,NA,A,NA,NA,NA,NA,20163131850
298,2016314,1345,2016,314,13,45,NA,NA,T,NA,NA,NA,NA,20163141345
299,2016314,1620,2016,314,16,20,NA,NA,A,NA,NA,NA,NA,20163141620
300,2016314,1800,2016,314,18,0,NA,NA,A,NA,NA,NA,NA,20163141800
301,2016315,1250,2016,315,12,50,NA,NA,T,NA,NA,NA,NA,20163151250
302,2016315,1425,2016,315,14,25,-34.55416666,-58.50906357,T,0.06225,0.04225,0.0333,0,20163151425
303,2016315,1705,2016,315,17,5,-34.55416666,-58.50906357,A,0.13867,0.09533,0.0114,0,20163151705
304,2016315,1840,2016,315,18,40,NA,NA,A,NA,NA,NA,NA,20163151840
305,2016316,1330,2016,316,13,30,-34.55416666,-58.50906357,T,0.021,0.0145,0.0426,0,20163161330
306,2016316,1510,2016,316,15,10,NA,NA,T,NA,NA,NA,NA,20163161510
307,2016316,1605,2016,316,16,5,NA,NA,A,NA,NA,NA,NA,20163161605
308,2016316,1745,2016,316,17,45,-34.55416666,-58.50906357,A,0.10325,0.07075,0.0556,0,20163161745
309,2016317,1235,2016,317,12,35,NA,NA,T,NA,NA,NA,NA,20163171235
310,2016317,1415,2016,317,14,15,-34.55416666,-58.50906357,T,0.0735,0.05025,0.0752,0,20163171415
311,2016317,1650,2016,317,16,50,NA,NA,A,NA,NA,NA,NA,20163171650
312,2016317,1830,2016,317,18,30,-34.55416666,-58.50906357,A,0.0575,0.0395,0.0341,0,20163171830
313,2016318,1320,2016,318,13,20,NA,NA,T,NA,NA,NA,NA,20163181320
314,2016318,1455,2016,318,14,55,NA,NA,T,NA,NA,NA,NA,20163181455
315,2016318,1735,2016,318,17,35,NA,NA,A,NA,NA,NA,NA,20163181735
316,2016318,1910,2016,318,19,10,NA,NA,A,NA,NA,NA,NA,20163181910
317,2016319,1400,2016,319,14,0,NA,NA,T,NA,NA,NA,NA,20163191400
318,2016319,1640,2016,319,16,40,NA,NA,A,NA,NA,NA,NA,20163191640
319,2016319,1815,2016,319,18,15,NA,NA,A,NA,NA,NA,NA,20163191815
320,2016320,1305,2016,320,13,5,NA,NA,T,NA,NA,NA,NA,20163201305
321,2016320,1445,2016,320,14,45,NA,NA,T,NA,NA,NA,NA,20163201445
322,2016320,1720,2016,320,17,20,-34.55416666,-58.50906357,A,0.31475,0.22,0.0237,0,20163201720
323,2016320,1855,2016,320,18,55,NA,NA,A,NA,NA,NA,NA,20163201855
324,2016321,1350,2016,321,13,50,NA,NA,T,NA,NA,NA,NA,20163211350
325,2016321,1625,2016,321,16,25,NA,NA,A,NA,NA,NA,NA,20163211625
326,2016321,1805,2016,321,18,5,NA,NA,A,NA,NA,NA,NA,20163211805
327,2016322,1255,2016,322,12,55,NA,NA,T,NA,NA,NA,NA,20163221255
328,2016322,1430,2016,322,14,30,NA,NA,T,NA,NA,NA,NA,20163221430
329,2016322,1710,2016,322,17,10,NA,NA,A,NA,NA,NA,NA,20163221710
330,2016322,1845,2016,322,18,45,NA,NA,A,NA,NA,NA,NA,20163221845
331,2016323,1335,2016,323,13,35,NA,NA,T,NA,NA,NA,NA,20163231335
332,2016323,1515,2016,323,15,15,NA,NA,T,NA,NA,NA,NA,20163231515
333,2016323,1615,2016,323,16,15,NA,NA,A,NA,NA,NA,NA,20163231615
334,2016323,1750,2016,323,17,50,-34.55416666,-58.50906357,A,0.15275,0.10475,0.0864,0,20163231750
335,2016324,1240,2016,324,12,40,NA,NA,T,NA,NA,NA,NA,20163241240
336,2016324,1420,2016,324,14,20,NA,NA,T,NA,NA,NA,NA,20163241420
337,2016324,1655,2016,324,16,55,NA,NA,A,NA,NA,NA,NA,20163241655
338,2016324,1835,2016,324,18,35,NA,NA,A,NA,NA,NA,NA,20163241835
339,2016325,1325,2016,325,13,25,NA,NA,T,NA,NA,NA,NA,20163251325
340,2016325,1505,2016,325,15,5,NA,NA,T,NA,NA,NA,NA,20163251505
341,2016325,1740,2016,325,17,40,NA,NA,A,NA,NA,NA,NA,20163251740
342,2016325,1915,2016,325,19,15,NA,NA,A,NA,NA,NA,NA,20163251915
343,2016326,1230,2016,326,12,30,NA,NA,T,NA,NA,NA,NA,20163261230
344,2016326,1410,2016,326,14,10,NA,NA,T,NA,NA,NA,NA,20163261410
345,2016326,1645,2016,326,16,45,NA,NA,A,NA,NA,NA,NA,20163261645
346,2016326,1820,2016,326,18,20,NA,NA,A,NA,NA,NA,NA,20163261820
347,2016327,1315,2016,327,13,15,-34.55416666,-58.50906357,T,0.0805,0.055,0.0281,0,20163271315
348,2016327,1450,2016,327,14,50,-34.55416666,-58.50906357,T,0.10425,0.07125,0.0128,0,20163271450
349,2016327,1725,2016,327,17,25,-34.55416666,-58.50906357,A,0.1775,0.12225,0.0292,0,20163271725
350,2016327,1905,2016,327,19,5,NA,NA,A,NA,NA,NA,NA,20163271905
351,2016328,1355,2016,328,13,55,-34.55416666,-58.50906357,T,0.06025,0.04125,0.0643,0,20163281355
352,2016328,1630,2016,328,16,30,NA,NA,A,NA,NA,NA,NA,20163281630
353,2016328,1810,2016,328,18,10,-34.55416666,-58.50906357,A,0.06325,0.04325,0.0447,0,20163281810
354,2016329,1300,2016,329,13,0,NA,NA,T,NA,NA,NA,NA,20163291300
355,2016329,1440,2016,329,14,40,NA,NA,T,NA,NA,NA,NA,20163291440
356,2016329,1715,2016,329,17,15,NA,NA,A,NA,NA,NA,NA,20163291715
357,2016329,1850,2016,329,18,50,NA,NA,A,NA,NA,NA,NA,20163291850
358,2016330,1345,2016,330,13,45,NA,NA,T,NA,NA,NA,NA,20163301345
359,2016330,1620,2016,330,16,20,NA,NA,A,NA,NA,NA,NA,20163301620
360,2016330,1800,2016,330,18,0,-34.55416666,-58.50906357,A,0.1305,0.0895,0.0611,0,20163301800
361,2016331,1250,2016,331,12,50,NA,NA,T,NA,NA,NA,NA,20163311250
362,2016331,1425,2016,331,14,25,NA,NA,T,NA,NA,NA,NA,20163311425
363,2016331,1705,2016,331,17,5,NA,NA,A,NA,NA,NA,NA,20163311705
364,2016331,1840,2016,331,18,40,NA,NA,A,NA,NA,NA,NA,20163311840
365,2016332,1330,2016,332,13,30,NA,NA,T,NA,NA,NA,NA,20163321330
366,2016332,1510,2016,332,15,10,NA,NA,T,NA,NA,NA,NA,20163321510
367,2016332,1605,2016,332,16,5,NA,NA,A,NA,NA,NA,NA,20163321605
368,2016332,1745,2016,332,17,45,-34.55416666,-58.49894527,A,0.316,0.221,0.0474,0,20163321745
369,2016333,1235,2016,333,12,35,NA,NA,T,NA,NA,NA,NA,20163331235
370,2016333,1415,2016,333,14,15,NA,NA,T,NA,NA,NA,NA,20163331415
371,2016333,1650,2016,333,16,50,NA,NA,A,NA,NA,NA,NA,20163331650
372,2016333,1830,2016,333,18,30,NA,NA,A,NA,NA,NA,NA,20163331830
373,2016334,1320,2016,334,13,20,-34.55416666,-58.50906357,T,0.05825,0.03975,0.0246,0,20163341320
374,2016334,1455,2016,334,14,55,NA,NA,T,NA,NA,NA,NA,20163341455
375,2016334,1735,2016,334,17,35,NA,NA,A,NA,NA,NA,NA,20163341735
376,2016334,1910,2016,334,19,10,NA,NA,A,NA,NA,NA,NA,20163341910
377,2016335,1400,2016,335,14,0,-34.55416666,-58.50906357,T,0.048,0.03275,0.0835,0,20163351400
378,2016335,1640,2016,335,16,40,NA,NA,A,NA,NA,NA,NA,20163351640
379,2016335,1815,2016,335,18,15,-34.55416666,-58.50906357,A,0.04433,0.03033,0.0428,0,20163351815
380,2016336,1305,2016,336,13,5,NA,NA,T,NA,NA,NA,NA,20163361305
381,2016336,1445,2016,336,14,45,-34.55416666,-58.50906357,T,0.089,0.061,0.0172,0,20163361445
382,2016336,1720,2016,336,17,20,-34.55416666,-58.50906357,A,0.1665,0.11425,0.0257,0,20163361720
383,2016336,1900,2016,336,19,0,NA,NA,A,NA,NA,NA,NA,20163361900
384,2016337,1350,2016,337,13,50,NA,NA,T,NA,NA,NA,NA,20163371350
385,2016337,1625,2016,337,16,25,NA,NA,A,NA,NA,NA,NA,20163371625
386,2016337,1805,2016,337,18,5,-34.55416666,-58.49894527,A,0.275,0.1905,0.062,0,20163371805
387,2016338,1255,2016,338,12,55,NA,NA,T,NA,NA,NA,NA,20163381255
388,2016338,1430,2016,338,14,30,-34.55416666,-58.50906357,T,0.22575,0.15625,0.0304,0,20163381430
389,2016338,1710,2016,338,17,10,-34.55416666,-58.50906357,A,0.54,0.383,0.0169,0,20163381710
390,2016338,1845,2016,338,18,45,NA,NA,A,NA,NA,NA,NA,20163381845
391,2016339,1335,2016,339,13,35,NA,NA,T,NA,NA,NA,NA,20163391335
392,2016339,1515,2016,339,15,15,NA,NA,T,NA,NA,NA,NA,20163391515
393,2016339,1615,2016,339,16,15,NA,NA,A,NA,NA,NA,NA,20163391615
394,2016339,1750,2016,339,17,50,NA,NA,A,NA,NA,NA,NA,20163391750
395,2016340,1240,2016,340,12,40,NA,NA,T,NA,NA,NA,NA,20163401240
396,2016340,1420,2016,340,14,20,NA,NA,T,NA,NA,NA,NA,20163401420
397,2016340,1655,2016,340,16,55,NA,NA,A,NA,NA,NA,NA,20163401655
398,2016340,1835,2016,340,18,35,NA,NA,A,NA,NA,NA,NA,20163401835
399,2016341,1325,2016,341,13,25,NA,NA,T,NA,NA,NA,NA,20163411325
400,2016341,1505,2016,341,15,5,NA,NA,T,NA,NA,NA,NA,20163411505
401,2016341,1740,2016,341,17,40,NA,NA,A,NA,NA,NA,NA,20163411740
402,2016341,1915,2016,341,19,15,NA,NA,A,NA,NA,NA,NA,20163411915
403,2016342,1230,2016,342,12,30,NA,NA,T,NA,NA,NA,NA,20163421230
404,2016342,1410,2016,342,14,10,NA,NA,T,NA,NA,NA,NA,20163421410
405,2016342,1645,2016,342,16,45,NA,NA,A,NA,NA,NA,NA,20163421645
406,2016342,1820,2016,342,18,20,NA,NA,A,NA,NA,NA,NA,20163421820
407,2016343,1315,2016,343,13,15,NA,NA,T,NA,NA,NA,NA,20163431315
408,2016343,1450,2016,343,14,50,NA,NA,T,NA,NA,NA,NA,20163431450
409,2016343,1725,2016,343,17,25,-34.55416666,-58.50906357,A,0.2325,0.161,0.0378,0,20163431725
410,2016343,1905,2016,343,19,5,NA,NA,A,NA,NA,NA,NA,20163431905
411,2016344,1355,2016,344,13,55,-34.55416666,-58.50906357,T,0.0885,0.06075,0.0973,0,20163441355
412,2016344,1630,2016,344,16,30,NA,NA,A,NA,NA,NA,NA,20163441630
413,2016344,1810,2016,344,18,10,-34.55416666,-58.50906357,A,0.0575,0.039,0.0648,0,20163441810
414,2016345,1300,2016,345,13,0,NA,NA,T,NA,NA,NA,NA,20163451300
415,2016345,1440,2016,345,14,40,-34.55416666,-58.50906357,T,0.11,0.0755,0.0243,0,20163451440
416,2016345,1715,2016,345,17,15,-34.5625,-58.51492525,A,0.184,0.1265,0.0229,0,20163451715
417,2016345,1850,2016,345,18,50,NA,NA,A,NA,NA,NA,NA,20163451850
418,2016346,1345,2016,346,13,45,-34.55416666,-58.50906357,T,0.0225,0.015,0.0727,0,20163461345
419,2016346,1620,2016,346,16,20,NA,NA,A,NA,NA,NA,NA,20163461620
420,2016346,1800,2016,346,18,0,-34.55416666,-58.50906357,A,0.10275,0.07025,0.0841,0,20163461800
421,2016347,1250,2016,347,12,50,NA,NA,T,NA,NA,NA,NA,20163471250
422,2016347,1425,2016,347,14,25,-34.55416666,-58.50906357,T,0.09,0.06175,0.0435,0,20163471425
423,2016347,1705,2016,347,17,5,-34.55416666,-58.50906357,A,0.17675,0.12125,0.0122,0,20163471705
424,2016347,1840,2016,347,18,40,NA,NA,A,NA,NA,NA,NA,20163471840
425,2016348,1330,2016,348,13,30,-34.55416666,-58.50906357,T,0.1015,0.0695,0.0515,0,20163481330
426,2016348,1510,2016,348,15,10,NA,NA,T,NA,NA,NA,NA,20163481510
427,2016348,1745,2016,348,17,45,NA,NA,A,NA,NA,NA,NA,20163481745
428,2016349,1235,2016,349,12,35,NA,NA,T,NA,NA,NA,NA,20163491235
429,2016349,1415,2016,349,14,15,NA,NA,T,NA,NA,NA,NA,20163491415
430,2016349,1650,2016,349,16,50,NA,NA,A,NA,NA,NA,NA,20163491650
431,2016349,1830,2016,349,18,30,NA,NA,A,NA,NA,NA,NA,20163491830
432,2016350,1320,2016,350,13,20,-34.55416666,-58.50906357,T,0.09475,0.065,0.0245,0,20163501320
433,2016350,1455,2016,350,14,55,NA,NA,T,NA,NA,NA,NA,20163501455
434,2016350,1735,2016,350,17,35,-34.55416666,-58.49894527,A,0.088,0.0595,0.0408,0,20163501735
435,2016350,1910,2016,350,19,10,NA,NA,A,NA,NA,NA,NA,20163501910
436,2016351,1400,2016,351,14,0,-34.55416666,-58.50906357,T,0.0685,0.04675,0.1003,0,20163511400
437,2016351,1640,2016,351,16,40,NA,NA,A,NA,NA,NA,NA,20163511640
438,2016351,1815,2016,351,18,15,-34.55416666,-58.50906357,A,0.146,0.1005,0.0521,0,20163511815
439,2016352,1305,2016,352,13,5,NA,NA,T,NA,NA,NA,NA,20163521305
440,2016352,1445,2016,352,14,45,-34.55416666,-58.50906357,T,0.195,0.135,0.0202,0,20163521445
441,2016352,1720,2016,352,17,20,-34.55416666,-58.50906357,A,0.7405,0.5335,0.0331,0,20163521720
442,2016352,1900,2016,352,19,0,NA,NA,A,NA,NA,NA,NA,20163521900
443,2016353,1350,2016,353,13,50,NA,NA,T,NA,NA,NA,NA,20163531350
444,2016353,1625,2016,353,16,25,NA,NA,A,NA,NA,NA,NA,20163531625
445,2016353,1805,2016,353,18,5,NA,NA,A,NA,NA,NA,NA,20163531805
446,2016354,1255,2016,354,12,55,NA,NA,T,NA,NA,NA,NA,20163541255
447,2016354,1430,2016,354,14,30,-34.55416666,-58.50906357,T,0.1255,0.0865,0.0266,0,20163541430
448,2016354,1710,2016,354,17,10,-34.55416666,-58.50906357,A,0.14825,0.10175,0.0161,0,20163541710
449,2016354,1845,2016,354,18,45,NA,NA,A,NA,NA,NA,NA,20163541845
450,2016355,1335,2016,355,13,35,-34.55416666,-58.50906357,T,0.064,0.04375,0.056,0,20163551335
451,2016355,1515,2016,355,15,15,NA,NA,T,NA,NA,NA,NA,20163551515
452,2016355,1615,2016,355,16,15,NA,NA,A,NA,NA,NA,NA,20163551615
453,2016355,1750,2016,355,17,50,-34.55416666,-58.50906357,A,0.14775,0.10125,0.0882,0,20163551750
454,2016356,1240,2016,356,12,40,NA,NA,T,NA,NA,NA,NA,20163561240
455,2016356,1420,2016,356,14,20,-34.55416666,-58.50906357,T,0.04125,0.02825,0.0546,0,20163561420
456,2016356,1655,2016,356,16,55,NA,NA,A,NA,NA,NA,NA,20163561655
457,2016356,1835,2016,356,18,35,-34.55416666,-58.50906357,A,0.08125,0.05575,0.02,0,20163561835
458,2016357,1325,2016,357,13,25,NA,NA,T,NA,NA,NA,NA,20163571325
459,2016357,1505,2016,357,15,5,NA,NA,T,NA,NA,NA,NA,20163571505
460,2016357,1740,2016,357,17,40,NA,NA,A,NA,NA,NA,NA,20163571740
461,2016357,1915,2016,357,19,15,NA,NA,A,NA,NA,NA,NA,20163571915
462,2016358,1230,2016,358,12,30,NA,NA,T,NA,NA,NA,NA,20163581230
463,2016358,1410,2016,358,14,10,NA,NA,T,NA,NA,NA,NA,20163581410
464,2016358,1645,2016,358,16,45,NA,NA,A,NA,NA,NA,NA,20163581645
465,2016358,1820,2016,358,18,20,NA,NA,A,NA,NA,NA,NA,20163581820
466,2016359,1315,2016,359,13,15,-34.55416666,-58.50906357,T,0.1385,0.09525,0.0233,0,20163591315
467,2016359,1450,2016,359,14,50,-34.55416666,-58.50906357,T,0.19125,0.13175,0.0144,0,20163591450
468,2016359,1725,2016,359,17,25,NA,NA,A,NA,NA,NA,NA,20163591725
469,2016359,1905,2016,359,19,5,NA,NA,A,NA,NA,NA,NA,20163591905
470,2016360,1355,2016,360,13,55,NA,NA,T,NA,NA,NA,NA,20163601355
471,2016360,1630,2016,360,16,30,NA,NA,A,NA,NA,NA,NA,20163601630
472,2016360,1810,2016,360,18,10,NA,NA,A,NA,NA,NA,NA,20163601810
473,2016361,1300,2016,361,13,0,NA,NA,T,NA,NA,NA,NA,20163611300
474,2016361,1440,2016,361,14,40,NA,NA,T,NA,NA,NA,NA,20163611440
475,2016361,1715,2016,361,17,15,NA,NA,A,NA,NA,NA,NA,20163611715
476,2016361,1850,2016,361,18,50,NA,NA,A,NA,NA,NA,NA,20163611850
477,2016362,1345,2016,362,13,45,NA,NA,T,NA,NA,NA,NA,20163621345
478,2016362,1620,2016,362,16,20,NA,NA,A,NA,NA,NA,NA,20163621620
479,2016362,1800,2016,362,18,0,-34.55416666,-58.49894527,A,0.21,0.1455,0.0573,0,20163621800
480,2016363,1250,2016,363,12,50,NA,NA,T,NA,NA,NA,NA,20163631250
481,2016363,1425,2016,363,14,25,-34.55416666,-58.50906357,T,0.17625,0.12075,0.0313,0,20163631425
482,2016363,1705,2016,363,17,5,-34.55416666,-58.50906357,A,0.263,0.1825,0.012,0,20163631705
483,2016363,1840,2016,363,18,40,NA,NA,A,NA,NA,NA,NA,20163631840
484,2016364,1330,2016,364,13,30,NA,NA,T,NA,NA,NA,NA,20163641330
485,2016364,1510,2016,364,15,10,NA,NA,T,NA,NA,NA,NA,20163641510
486,2016364,1745,2016,364,17,45,NA,NA,A,NA,NA,NA,NA,20163641745
487,2016365,1235,2016,365,12,35,NA,NA,T,NA,NA,NA,NA,20163651235
488,2016365,1415,2016,365,14,15,NA,NA,T,NA,NA,NA,NA,20163651415
489,2016365,1650,2016,365,16,50,NA,NA,A,NA,NA,NA,NA,20163651650
490,2016365,1830,2016,365,18,30,-34.55416666,-58.50906357,A,0.1325,0.09125,0.0274,0,20163651830
491,2016366,1320,2016,366,13,20,NA,NA,T,NA,NA,NA,NA,20163661320
492,2016366,1455,2016,366,14,55,NA,NA,T,NA,NA,NA,NA,20163661455
493,2016366,1735,2016,366,17,35,NA,NA,A,NA,NA,NA,NA,20163661735
494,2016366,1910,2016,366,19,10,NA,NA,A,NA,NA,NA,NA,20163661910
1,2017001,1400,2017,1,14,0,NA,NA,T,NA,NA,NA,NA,20170011400
2,2017001,1640,2017,1,16,40,NA,NA,A,NA,NA,NA,NA,20170011640
3,2017001,1815,2017,1,18,15,NA,NA,A,NA,NA,NA,NA,20170011815
4,2017002,1305,2017,2,13,5,NA,NA,T,NA,NA,NA,NA,20170021305
5,2017002,1445,2017,2,14,45,-34.55416666,-58.50906357,T,0.1865,0.128,0.0148,0,20170021445
6,2017002,1720,2017,2,17,20,NA,NA,A,NA,NA,NA,NA,20170021720
7,2017002,1900,2017,2,19,0,NA,NA,A,NA,NA,NA,NA,20170021900
8,2017003,1350,2017,3,13,50,NA,NA,T,NA,NA,NA,NA,20170031350
9,2017003,1625,2017,3,16,25,NA,NA,A,NA,NA,NA,NA,20170031625
10,2017003,1805,2017,3,18,5,NA,NA,A,NA,NA,NA,NA,20170031805
11,2017004,1255,2017,4,12,55,NA,NA,T,NA,NA,NA,NA,20170041255
12,2017004,1430,2017,4,14,30,NA,NA,T,NA,NA,NA,NA,20170041430
13,2017004,1710,2017,4,17,10,NA,NA,A,NA,NA,NA,NA,20170041710
14,2017004,1845,2017,4,18,45,NA,NA,A,NA,NA,NA,NA,20170041845
15,2017005,1335,2017,5,13,35,-34.55416666,-58.50906357,T,0.10675,0.0735,0.0509,0,20170051335
16,2017005,1515,2017,5,15,15,NA,NA,T,NA,NA,NA,NA,20170051515
17,2017005,1615,2017,5,16,15,NA,NA,A,NA,NA,NA,NA,20170051615
18,2017005,1750,2017,5,17,50,NA,NA,A,NA,NA,NA,NA,20170051750
19,2017006,1240,2017,6,12,40,NA,NA,T,NA,NA,NA,NA,20170061240
20,2017006,1420,2017,6,14,20,NA,NA,T,NA,NA,NA,NA,20170061420
21,2017006,1655,2017,6,16,55,NA,NA,A,NA,NA,NA,NA,20170061655
22,2017006,1835,2017,6,18,35,-34.5625,-58.51492525,A,0.134,0.092,0.024,0,20170061835
23,2017007,1325,2017,7,13,25,-34.55416666,-58.50906357,T,0.124,0.0855,0.0341,0,20170071325
24,2017007,1505,2017,7,15,5,NA,NA,T,NA,NA,NA,NA,20170071505
25,2017007,1740,2017,7,17,40,NA,NA,A,NA,NA,NA,NA,20170071740
26,2017007,1915,2017,7,19,15,NA,NA,A,NA,NA,NA,NA,20170071915
27,2017008,1230,2017,8,12,30,NA,NA,T,NA,NA,NA,NA,20170081230
28,2017008,1405,2017,8,14,5,NA,NA,T,NA,NA,NA,NA,20170081405
29,2017008,1645,2017,8,16,45,NA,NA,A,NA,NA,NA,NA,20170081645
30,2017008,1820,2017,8,18,20,NA,NA,A,NA,NA,NA,NA,20170081820
31,2017009,1315,2017,9,13,15,NA,NA,T,NA,NA,NA,NA,20170091315
32,2017009,1450,2017,9,14,50,NA,NA,T,NA,NA,NA,NA,20170091450
33,2017009,1725,2017,9,17,25,NA,NA,A,NA,NA,NA,NA,20170091725
34,2017009,1905,2017,9,19,5,NA,NA,A,NA,NA,NA,NA,20170091905
35,2017010,1355,2017,10,13,55,-34.55416666,-58.50906357,T,0.16925,0.1165,0.07,0,20170101355
36,2017010,1630,2017,10,16,30,NA,NA,A,NA,NA,NA,NA,20170101630
37,2017010,1810,2017,10,18,10,-34.55416666,-58.50906357,A,0.08975,0.06125,0.0437,0,20170101810
38,2017011,1300,2017,11,13,0,NA,NA,T,NA,NA,NA,NA,20170111300
39,2017011,1440,2017,11,14,40,-34.55416666,-58.50906357,T,0.147,0.10125,0.0163,0,20170111440
40,2017011,1715,2017,11,17,15,-34.55416666,-58.50906357,A,0.2355,0.163,0.0209,0,20170111715
41,2017011,1850,2017,11,18,50,NA,NA,A,NA,NA,NA,NA,20170111850
42,2017012,1345,2017,12,13,45,-34.55416666,-58.50906357,T,0.093,0.0635,0.041,0,20170121345
43,2017012,1620,2017,12,16,20,NA,NA,A,NA,NA,NA,NA,20170121620
44,2017012,1800,2017,12,18,0,NA,NA,A,NA,NA,NA,NA,20170121800
45,2017013,1250,2017,13,12,50,NA,NA,T,NA,NA,NA,NA,20170131250
46,2017013,1425,2017,13,14,25,NA,NA,T,NA,NA,NA,NA,20170131425
47,2017013,1705,2017,13,17,5,NA,NA,A,NA,NA,NA,NA,20170131705
48,2017013,1840,2017,13,18,40,NA,NA,A,NA,NA,NA,NA,20170131840
49,2017014,1330,2017,14,13,30,-34.55416666,-58.50906357,T,0.11875,0.0815,0.0361,0,20170141330
50,2017014,1510,2017,14,15,10,NA,NA,T,NA,NA,NA,NA,20170141510
51,2017014,1745,2017,14,17,45,NA,NA,A,NA,NA,NA,NA,20170141745
52,2017015,1235,2017,15,12,35,NA,NA,T,NA,NA,NA,NA,20170151235
53,2017015,1415,2017,15,14,15,NA,NA,T,NA,NA,NA,NA,20170151415
54,2017015,1650,2017,15,16,50,NA,NA,A,NA,NA,NA,NA,20170151650
55,2017015,1830,2017,15,18,30,NA,NA,A,NA,NA,NA,NA,20170151830
56,2017016,1320,2017,16,13,20,NA,NA,T,NA,NA,NA,NA,20170161320
57,2017016,1455,2017,16,14,55,NA,NA,T,NA,NA,NA,NA,20170161455
58,2017016,1735,2017,16,17,35,NA,NA,A,NA,NA,NA,NA,20170161735
59,2017016,1910,2017,16,19,10,NA,NA,A,NA,NA,NA,NA,20170161910
60,2017017,1400,2017,17,14,0,NA,NA,T,NA,NA,NA,NA,20170171400
61,2017017,1640,2017,17,16,40,NA,NA,A,NA,NA,NA,NA,20170171640
62,2017017,1815,2017,17,18,15,-34.55416666,-58.50906357,A,0.09975,0.0685,0.0462,0,20170171815
63,2017018,1305,2017,18,13,5,NA,NA,T,NA,NA,NA,NA,20170181305
64,2017018,1445,2017,18,14,45,-34.55416666,-58.50906357,T,0.07375,0.05025,0.0143,0,20170181445
65,2017018,1720,2017,18,17,20,-34.55416666,-58.50906357,A,0.1735,0.1195,0.0264,0,20170181720
66,2017018,1900,2017,18,19,0,NA,NA,A,NA,NA,NA,NA,20170181900
67,2017019,1350,2017,19,13,50,NA,NA,T,NA,NA,NA,NA,20170191350
68,2017019,1625,2017,19,16,25,NA,NA,A,NA,NA,NA,NA,20170191625
69,2017019,1805,2017,19,18,5,NA,NA,A,NA,NA,NA,NA,20170191805
70,2017020,1255,2017,20,12,55,NA,NA,T,NA,NA,NA,NA,20170201255
71,2017020,1430,2017,20,14,30,-34.55416666,-58.50906357,T,0.219,0.1515,0.0234,0,20170201430
72,2017020,1710,2017,20,17,10,NA,NA,A,NA,NA,NA,NA,20170201710
73,2017020,1845,2017,20,18,45,NA,NA,A,NA,NA,NA,NA,20170201845
74,2017021,1335,2017,21,13,35,-34.55416666,-58.50906357,T,0.1325,0.091,0.047,0,20170211335
75,2017021,1515,2017,21,15,15,NA,NA,T,NA,NA,NA,NA,20170211515
76,2017021,1615,2017,21,16,15,NA,NA,A,NA,NA,NA,NA,20170211615
77,2017021,1750,2017,21,17,50,-34.55416666,-58.50906357,A,0.23725,0.16425,0.0723,0,20170211750
78,2017022,1240,2017,22,12,40,NA,NA,T,NA,NA,NA,NA,20170221240
79,2017022,1420,2017,22,14,20,-34.55416666,-58.50906357,T,0.175,0.1205,0.0414,0,20170221420
80,2017022,1655,2017,22,16,55,NA,NA,A,NA,NA,NA,NA,20170221655
81,2017022,1835,2017,22,18,35,NA,NA,A,NA,NA,NA,NA,20170221835
82,2017023,1325,2017,23,13,25,-34.55416666,-58.50906357,T,0.23175,0.1605,0.0308,0,20170231325
83,2017023,1505,2017,23,15,5,NA,NA,T,NA,NA,NA,NA,20170231505
84,2017023,1740,2017,23,17,40,NA,NA,A,NA,NA,NA,NA,20170231740
85,2017023,1915,2017,23,19,15,NA,NA,A,NA,NA,NA,NA,20170231915
86,2017024,1230,2017,24,12,30,NA,NA,T,NA,NA,NA,NA,20170241230
87,2017024,1405,2017,24,14,5,NA,NA,T,NA,NA,NA,NA,20170241405
88,2017024,1645,2017,24,16,45,NA,NA,A,NA,NA,NA,NA,20170241645
89,2017024,1825,2017,24,18,25,NA,NA,A,NA,NA,NA,NA,20170241825
90,2017025,1310,2017,25,13,10,NA,NA,T,NA,NA,NA,NA,20170251310
91,2017025,1450,2017,25,14,50,NA,NA,T,NA,NA,NA,NA,20170251450
92,2017025,1730,2017,25,17,30,NA,NA,A,NA,NA,NA,NA,20170251730
93,2017025,1905,2017,25,19,5,NA,NA,A,NA,NA,NA,NA,20170251905
94,2017026,1355,2017,26,13,55,-34.55416666,-58.50906357,T,0.21075,0.14575,0.0768,0,20170261355
95,2017026,1630,2017,26,16,30,NA,NA,A,NA,NA,NA,NA,20170261630
96,2017026,1810,2017,26,18,10,NA,NA,A,NA,NA,NA,NA,20170261810
97,2017027,1300,2017,27,13,0,NA,NA,T,NA,NA,NA,NA,20170271300
98,2017027,1440,2017,27,14,40,NA,NA,T,NA,NA,NA,NA,20170271440
99,2017027,1715,2017,27,17,15,-34.55416666,-58.50906357,A,0.231,0.16025,0.0291,0,20170271715
100,2017027,1850,2017,27,18,50,NA,NA,A,NA,NA,NA,NA,20170271850
101,2017028,1345,2017,28,13,45,-34.55416666,-58.50906357,T,0.14025,0.0965,0.0636,0,20170281345
102,2017028,1620,2017,28,16,20,NA,NA,A,NA,NA,NA,NA,20170281620
103,2017028,1800,2017,28,18,0,-34.55416666,-58.50906357,A,0.155,0.1065,0.0899,0,20170281800
104,2017029,1250,2017,29,12,50,NA,NA,T,NA,NA,NA,NA,20170291250
105,2017029,1425,2017,29,14,25,-34.55416666,-58.50906357,T,0.199,0.13725,0.0366,0,20170291425
106,2017029,1705,2017,29,17,5,-34.55416666,-58.50906357,A,0.20875,0.14475,0.017,0,20170291705
107,2017029,1840,2017,29,18,40,-34.55416666,-58.50906357,A,0.091,0.06225,0.0215,0,20170291840
108,2017030,1330,2017,30,13,30,-34.55416666,-58.50906357,T,0.1165,0.0805,0.0389,0,20170301330
109,2017030,1510,2017,30,15,10,NA,NA,T,NA,NA,NA,NA,20170301510
110,2017030,1605,2017,30,16,5,NA,NA,A,NA,NA,NA,NA,20170301605
111,2017030,1745,2017,30,17,45,NA,NA,A,NA,NA,NA,NA,20170301745
112,2017031,1235,2017,31,12,35,NA,NA,T,NA,NA,NA,NA,20170311235
113,2017031,1415,2017,31,14,15,NA,NA,T,NA,NA,NA,NA,20170311415
114,2017031,1650,2017,31,16,50,NA,NA,A,NA,NA,NA,NA,20170311650
115,2017031,1830,2017,31,18,30,NA,NA,A,NA,NA,NA,NA,20170311830
116,2017032,1320,2017,32,13,20,NA,NA,T,NA,NA,NA,NA,20170321320
117,2017032,1455,2017,32,14,55,NA,NA,T,NA,NA,NA,NA,20170321455
118,2017032,1735,2017,32,17,35,NA,NA,A,NA,NA,NA,NA,20170321735
119,2017032,1910,2017,32,19,10,NA,NA,A,NA,NA,NA,NA,20170321910
120,2017033,1400,2017,33,14,0,NA,NA,T,NA,NA,NA,NA,20170331400
121,2017033,1640,2017,33,16,40,NA,NA,A,NA,NA,NA,NA,20170331640
122,2017033,1815,2017,33,18,15,NA,NA,A,NA,NA,NA,NA,20170331815
123,2017034,1305,2017,34,13,5,NA,NA,T,NA,NA,NA,NA,20170341305
124,2017034,1445,2017,34,14,45,NA,NA,T,NA,NA,NA,NA,20170341445
125,2017034,1720,2017,34,17,20,-34.55416666,-58.50906357,A,0.26275,0.18225,0.0256,0,20170341720
126,2017034,1900,2017,34,19,0,NA,NA,A,NA,NA,NA,NA,20170341900
127,2017035,1350,2017,35,13,50,NA,NA,T,NA,NA,NA,NA,20170351350
128,2017035,1625,2017,35,16,25,NA,NA,A,NA,NA,NA,NA,20170351625
129,2017035,1805,2017,35,18,5,NA,NA,A,NA,NA,NA,NA,20170351805
130,2017036,1255,2017,36,12,55,NA,NA,T,NA,NA,NA,NA,20170361255
131,2017036,1430,2017,36,14,30,NA,NA,T,NA,NA,NA,NA,20170361430
132,2017036,1710,2017,36,17,10,NA,NA,A,NA,NA,NA,NA,20170361710
133,2017036,1845,2017,36,18,45,NA,NA,A,NA,NA,NA,NA,20170361845
134,2017037,1335,2017,37,13,35,NA,NA,T,NA,NA,NA,NA,20170371335
135,2017037,1515,2017,37,15,15,NA,NA,T,NA,NA,NA,NA,20170371515
136,2017037,1615,2017,37,16,15,NA,NA,A,NA,NA,NA,NA,20170371615
137,2017037,1750,2017,37,17,50,NA,NA,A,NA,NA,NA,NA,20170371750
138,2017038,1240,2017,38,12,40,NA,NA,T,NA,NA,NA,NA,20170381240
139,2017038,1420,2017,38,14,20,-34.55416666,-58.50906357,T,0.09925,0.068,0.0302,0,20170381420
140,2017038,1655,2017,38,16,55,NA,NA,A,NA,NA,NA,NA,20170381655
141,2017038,1835,2017,38,18,35,-34.55416666,-58.50906357,A,0.136,0.09367,0.0178,0,20170381835
142,2017039,1325,2017,39,13,25,NA,NA,T,NA,NA,NA,NA,20170391325
143,2017039,1505,2017,39,15,5,NA,NA,T,NA,NA,NA,NA,20170391505
144,2017039,1740,2017,39,17,40,-34.55416666,-58.50906357,A,0.25525,0.177,0.045,0,20170391740
145,2017039,1915,2017,39,19,15,NA,NA,A,NA,NA,NA,NA,20170391915
146,2017040,1230,2017,40,12,30,NA,NA,T,NA,NA,NA,NA,20170401230
147,2017040,1405,2017,40,14,5,NA,NA,T,NA,NA,NA,NA,20170401405
148,2017040,1645,2017,40,16,45,NA,NA,A,NA,NA,NA,NA,20170401645
149,2017040,1825,2017,40,18,25,NA,NA,A,NA,NA,NA,NA,20170401825
150,2017041,1310,2017,41,13,10,NA,NA,T,NA,NA,NA,NA,20170411310
151,2017041,1450,2017,41,14,50,NA,NA,T,NA,NA,NA,NA,20170411450
152,2017041,1730,2017,41,17,30,NA,NA,A,NA,NA,NA,NA,20170411730
153,2017041,1905,2017,41,19,5,NA,NA,A,NA,NA,NA,NA,20170411905
154,2017042,1355,2017,42,13,55,NA,NA,T,NA,NA,NA,NA,20170421355
155,2017042,1630,2017,42,16,30,NA,NA,A,NA,NA,NA,NA,20170421630
156,2017042,1810,2017,42,18,10,NA,NA,A,NA,NA,NA,NA,20170421810
157,2017043,1300,2017,43,13,0,NA,NA,T,NA,NA,NA,NA,20170431300
158,2017043,1440,2017,43,14,40,NA,NA,T,NA,NA,NA,NA,20170431440
159,2017043,1715,2017,43,17,15,NA,NA,A,NA,NA,NA,NA,20170431715
160,2017043,1850,2017,43,18,50,NA,NA,A,NA,NA,NA,NA,20170431850
161,2017044,1345,2017,44,13,45,NA,NA,T,NA,NA,NA,NA,20170441345
162,2017044,1620,2017,44,16,20,NA,NA,A,NA,NA,NA,NA,20170441620
163,2017044,1800,2017,44,18,0,NA,NA,A,NA,NA,NA,NA,20170441800
164,2017045,1250,2017,45,12,50,NA,NA,T,NA,NA,NA,NA,20170451250
165,2017045,1425,2017,45,14,25,NA,NA,T,NA,NA,NA,NA,20170451425
166,2017045,1705,2017,45,17,5,NA,NA,A,NA,NA,NA,NA,20170451705
167,2017045,1840,2017,45,18,40,NA,NA,A,NA,NA,NA,NA,20170451840
168,2017046,1330,2017,46,13,30,-34.55416666,-58.50906357,T,0.12825,0.08825,0.025,0,20170461330
169,2017046,1510,2017,46,15,10,NA,NA,T,NA,NA,NA,NA,20170461510
170,2017046,1610,2017,46,16,10,NA,NA,A,NA,NA,NA,NA,20170461610
171,2017046,1745,2017,46,17,45,NA,NA,A,NA,NA,NA,NA,20170461745
172,2017047,1235,2017,47,12,35,NA,NA,T,NA,NA,NA,NA,20170471235
173,2017047,1415,2017,47,14,15,NA,NA,T,NA,NA,NA,NA,20170471415
174,2017047,1650,2017,47,16,50,NA,NA,A,NA,NA,NA,NA,20170471650
175,2017047,1830,2017,47,18,30,NA,NA,A,NA,NA,NA,NA,20170471830
176,2017048,1320,2017,48,13,20,-34.55416666,-58.50906357,T,0.1715,0.118,0.0225,0,20170481320
177,2017048,1455,2017,48,14,55,NA,NA,T,NA,NA,NA,NA,20170481455
178,2017048,1735,2017,48,17,35,-34.55416666,-58.50906357,A,0.33533,0.23433,0.0527,0,20170481735
179,2017048,1910,2017,48,19,10,NA,NA,A,NA,NA,NA,NA,20170481910
180,2017049,1400,2017,49,14,0,NA,NA,T,NA,NA,NA,NA,20170491400
181,2017049,1640,2017,49,16,40,NA,NA,A,NA,NA,NA,NA,20170491640
182,2017049,1815,2017,49,18,15,NA,NA,A,NA,NA,NA,NA,20170491815
183,2017050,1305,2017,50,13,5,NA,NA,T,NA,NA,NA,NA,20170501305
184,2017050,1445,2017,50,14,45,-34.55416666,-58.49894527,T,0.075,0.051,0.0157,0,20170501445
185,2017050,1720,2017,50,17,20,-34.55416666,-58.50906357,A,0.23175,0.16075,0.0237,0,20170501720
186,2017050,1900,2017,50,19,0,NA,NA,A,NA,NA,NA,NA,20170501900
187,2017051,1350,2017,51,13,50,-34.55416666,-58.50906357,T,0.07,0.04775,0.0346,0,20170511350
188,2017051,1625,2017,51,16,25,NA,NA,A,NA,NA,NA,NA,20170511625
189,2017051,1805,2017,51,18,5,-34.55416666,-58.50906357,A,0.0865,0.05925,0.0353,0,20170511805
190,2017052,1255,2017,52,12,55,NA,NA,T,NA,NA,NA,NA,20170521255
191,2017052,1430,2017,52,14,30,NA,NA,T,NA,NA,NA,NA,20170521430
192,2017052,1710,2017,52,17,10,NA,NA,A,NA,NA,NA,NA,20170521710
193,2017052,1845,2017,52,18,45,NA,NA,A,NA,NA,NA,NA,20170521845
194,2017053,1335,2017,53,13,35,NA,NA,T,NA,NA,NA,NA,20170531335
195,2017053,1515,2017,53,15,15,NA,NA,T,NA,NA,NA,NA,20170531515
196,2017053,1615,2017,53,16,15,NA,NA,A,NA,NA,NA,NA,20170531615
197,2017053,1750,2017,53,17,50,NA,NA,A,NA,NA,NA,NA,20170531750
198,2017054,1240,2017,54,12,40,NA,NA,T,NA,NA,NA,NA,20170541240
199,2017054,1420,2017,54,14,20,NA,NA,T,NA,NA,NA,NA,20170541420
200,2017054,1655,2017,54,16,55,NA,NA,A,NA,NA,NA,NA,20170541655
201,2017054,1835,2017,54,18,35,NA,NA,A,NA,NA,NA,NA,20170541835
202,2017055,1325,2017,55,13,25,NA,NA,T,NA,NA,NA,NA,20170551325
203,2017055,1505,2017,55,15,5,NA,NA,T,NA,NA,NA,NA,20170551505
204,2017055,1740,2017,55,17,40,-34.55416666,-58.50906357,A,0.53267,0.37567,0.0507,0,20170551740
205,2017055,1915,2017,55,19,15,NA,NA,A,NA,NA,NA,NA,20170551915
206,2017056,1230,2017,56,12,30,NA,NA,T,NA,NA,NA,NA,20170561230
207,2017056,1405,2017,56,14,5,-34.55416666,-58.50906357,T,0.24125,0.1675,0.053,0,20170561405
208,2017056,1645,2017,56,16,45,NA,NA,A,NA,NA,NA,NA,20170561645
209,2017056,1825,2017,56,18,25,NA,NA,A,NA,NA,NA,NA,20170561825
210,2017057,1310,2017,57,13,10,NA,NA,T,NA,NA,NA,NA,20170571310
211,2017057,1450,2017,57,14,50,-34.55416666,-58.50906357,T,0.02025,0.01375,0.0083,0,20170571450
212,2017057,1730,2017,57,17,30,NA,NA,A,NA,NA,NA,NA,20170571730
213,2017057,1905,2017,57,19,5,NA,NA,A,NA,NA,NA,NA,20170571905
214,2017058,1355,2017,58,13,55,NA,NA,T,NA,NA,NA,NA,20170581355
215,2017058,1630,2017,58,16,30,NA,NA,A,NA,NA,NA,NA,20170581630
216,2017058,1810,2017,58,18,10,NA,NA,A,NA,NA,NA,NA,20170581810
217,2017059,1300,2017,59,13,0,NA,NA,T,NA,NA,NA,NA,20170591300
218,2017059,1440,2017,59,14,40,NA,NA,T,NA,NA,NA,NA,20170591440
219,2017059,1715,2017,59,17,15,-34.55416666,-58.50906357,A,0.23825,0.1655,0.0189,0,20170591715
220,2017059,1850,2017,59,18,50,NA,NA,A,NA,NA,NA,NA,20170591850
221,2017060,1345,2017,60,13,45,NA,NA,T,NA,NA,NA,NA,20170601345
222,2017060,1620,2017,60,16,20,NA,NA,A,NA,NA,NA,NA,20170601620
223,2017060,1800,2017,60,18,0,NA,NA,A,NA,NA,NA,NA,20170601800
224,2017061,1250,2017,61,12,50,NA,NA,T,NA,NA,NA,NA,20170611250
225,2017061,1425,2017,61,14,25,NA,NA,T,NA,NA,NA,NA,20170611425
226,2017061,1705,2017,61,17,5,-34.55416666,-58.50906357,A,0.2015,0.139,0.0097,0,20170611705
227,2017061,1840,2017,61,18,40,-34.55416666,-58.50906357,A,0.13033,0.09,0.0128,0,20170611840
228,2017062,1330,2017,62,13,30,NA,NA,T,NA,NA,NA,NA,20170621330
229,2017062,1510,2017,62,15,10,NA,NA,T,NA,NA,NA,NA,20170621510
230,2017062,1610,2017,62,16,10,NA,NA,A,NA,NA,NA,NA,20170621610
231,2017062,1745,2017,62,17,45,NA,NA,A,NA,NA,NA,NA,20170621745
232,2017063,1235,2017,63,12,35,NA,NA,T,NA,NA,NA,NA,20170631235
233,2017063,1415,2017,63,14,15,NA,NA,T,NA,NA,NA,NA,20170631415
234,2017063,1650,2017,63,16,50,NA,NA,A,NA,NA,NA,NA,20170631650
235,2017063,1830,2017,63,18,30,NA,NA,A,NA,NA,NA,NA,20170631830
236,2017064,1320,2017,64,13,20,-34.55416666,-58.50906357,T,0.0995,0.068,0.0145,0,20170641320
237,2017064,1455,2017,64,14,55,NA,NA,T,NA,NA,NA,NA,20170641455
238,2017064,1735,2017,64,17,35,NA,NA,A,NA,NA,NA,NA,20170641735
239,2017064,1910,2017,64,19,10,NA,NA,A,NA,NA,NA,NA,20170641910
240,2017065,1400,2017,65,14,0,NA,NA,T,NA,NA,NA,NA,20170651400
241,2017065,1640,2017,65,16,40,NA,NA,A,NA,NA,NA,NA,20170651640
242,2017065,1815,2017,65,18,15,NA,NA,A,NA,NA,NA,NA,20170651815
243,2017066,1305,2017,66,13,5,NA,NA,T,NA,NA,NA,NA,20170661305
244,2017066,1445,2017,66,14,45,NA,NA,T,NA,NA,NA,NA,20170661445
245,2017066,1720,2017,66,17,20,NA,NA,A,NA,NA,NA,NA,20170661720
246,2017066,1900,2017,66,19,0,NA,NA,A,NA,NA,NA,NA,20170661900
247,2017067,1350,2017,67,13,50,NA,NA,T,NA,NA,NA,NA,20170671350
248,2017067,1625,2017,67,16,25,NA,NA,A,NA,NA,NA,NA,20170671625
249,2017067,1805,2017,67,18,5,NA,NA,A,NA,NA,NA,NA,20170671805
250,2017068,1255,2017,68,12,55,NA,NA,T,NA,NA,NA,NA,20170681255
251,2017068,1430,2017,68,14,30,NA,NA,T,NA,NA,NA,NA,20170681430
252,2017068,1710,2017,68,17,10,NA,NA,A,NA,NA,NA,NA,20170681710
253,2017068,1845,2017,68,18,45,NA,NA,A,NA,NA,NA,NA,20170681845
254,2017069,1335,2017,69,13,35,NA,NA,T,NA,NA,NA,NA,20170691335
255,2017069,1515,2017,69,15,15,NA,NA,T,NA,NA,NA,NA,20170691515
256,2017069,1615,2017,69,16,15,NA,NA,A,NA,NA,NA,NA,20170691615
257,2017069,1750,2017,69,17,50,NA,NA,A,NA,NA,NA,NA,20170691750
258,2017070,1240,2017,70,12,40,NA,NA,T,NA,NA,NA,NA,20170701240
259,2017070,1420,2017,70,14,20,NA,NA,T,NA,NA,NA,NA,20170701420
260,2017070,1655,2017,70,16,55,NA,NA,A,NA,NA,NA,NA,20170701655
261,2017070,1835,2017,70,18,35,NA,NA,A,NA,NA,NA,NA,20170701835
262,2017071,1325,2017,71,13,25,-34.55416666,-58.50906357,T,0.092,0.063,0.0212,0,20170711325
263,2017071,1505,2017,71,15,5,NA,NA,T,NA,NA,NA,NA,20170711505
264,2017071,1740,2017,71,17,40,-34.55416666,-58.50906357,A,0.16225,0.1115,0.0372,0,20170711740
265,2017071,1915,2017,71,19,15,NA,NA,A,NA,NA,NA,NA,20170711915
266,2017072,1230,2017,72,12,30,NA,NA,T,NA,NA,NA,NA,20170721230
267,2017072,1405,2017,72,14,5,-34.55416666,-58.50906357,T,0.12825,0.088,0.0402,0,20170721405
268,2017072,1645,2017,72,16,45,NA,NA,A,NA,NA,NA,NA,20170721645
269,2017072,1825,2017,72,18,25,-34.55416666,-58.50906357,A,0.064,0.044,0.0216,0,20170721825
270,2017073,1315,2017,73,13,15,-34.55416666,-58.50906357,T,0.13325,0.0915,0.0126,0,20170731315
271,2017073,1450,2017,73,14,50,-34.55416666,-58.50906357,T,0.0925,0.063,0.0079,0,20170731450
272,2017073,1730,2017,73,17,30,NA,NA,A,NA,NA,NA,NA,20170731730
273,2017073,1905,2017,73,19,5,NA,NA,A,NA,NA,NA,NA,20170731905
274,2017074,1355,2017,74,13,55,NA,NA,T,NA,NA,NA,NA,20170741355
275,2017074,1635,2017,74,16,35,NA,NA,A,NA,NA,NA,NA,20170741635
276,2017074,1810,2017,74,18,10,NA,NA,A,NA,NA,NA,NA,20170741810
277,2017075,1300,2017,75,13,0,NA,NA,T,NA,NA,NA,NA,20170751300
278,2017075,1440,2017,75,14,40,-34.55416666,-58.50906357,T,0.08333,0.057,0.0135,0,20170751440
279,2017075,1715,2017,75,17,15,NA,NA,A,NA,NA,NA,NA,20170751715
280,2017075,1850,2017,75,18,50,NA,NA,A,NA,NA,NA,NA,20170751850
281,2017076,1345,2017,76,13,45,-34.55416666,-58.50906357,T,0.08475,0.05775,0.0389,0,20170761345
282,2017076,1620,2017,76,16,20,NA,NA,A,NA,NA,NA,NA,20170761620
283,2017076,1800,2017,76,18,0,-34.55416666,-58.50906357,A,0.12475,0.08575,0.0516,0,20170761800
284,2017077,1250,2017,77,12,50,NA,NA,T,NA,NA,NA,NA,20170771250
285,2017077,1425,2017,77,14,25,-34.55416666,-58.50906357,T,0.1155,0.07925,0.0234,0,20170771425
286,2017077,1705,2017,77,17,5,-34.55416666,-58.50906357,A,0.1145,0.07875,0.0078,0,20170771705
287,2017077,1840,2017,77,18,40,-34.55416666,-58.50906357,A,0.0615,0.042,0.0088,0,20170771840
288,2017078,1330,2017,78,13,30,-34.55416666,-58.50906357,T,0.1095,0.07525,0.0237,0,20170781330
289,2017078,1510,2017,78,15,10,NA,NA,T,NA,NA,NA,NA,20170781510
290,2017078,1610,2017,78,16,10,NA,NA,A,NA,NA,NA,NA,20170781610
291,2017078,1745,2017,78,17,45,-34.55416666,-58.50906357,A,0.115,0.079,0.055,0,20170781745
292,2017079,1235,2017,79,12,35,NA,NA,T,NA,NA,NA,NA,20170791235
293,2017079,1415,2017,79,14,15,-34.55416666,-58.50906357,T,0.174,0.1195,0.0405,0,20170791415
294,2017079,1650,2017,79,16,50,NA,NA,A,NA,NA,NA,NA,20170791650
295,2017079,1830,2017,79,18,30,-34.55416666,-58.50906357,A,0.081,0.05575,0.0208,0,20170791830
296,2017080,1320,2017,80,13,20,NA,NA,T,NA,NA,NA,NA,20170801320
297,2017080,1455,2017,80,14,55,NA,NA,T,NA,NA,NA,NA,20170801455
298,2017080,1735,2017,80,17,35,-34.55416666,-58.49894527,A,0.248,0.172,0.0253,0,20170801735
299,2017080,1910,2017,80,19,10,NA,NA,A,NA,NA,NA,NA,20170801910
300,2017081,1400,2017,81,14,0,NA,NA,T,NA,NA,NA,NA,20170811400
301,2017081,1640,2017,81,16,40,NA,NA,A,NA,NA,NA,NA,20170811640
302,2017081,1815,2017,81,18,15,NA,NA,A,NA,NA,NA,NA,20170811815
303,2017082,1305,2017,82,13,5,NA,NA,T,NA,NA,NA,NA,20170821305
304,2017082,1445,2017,82,14,45,NA,NA,T,NA,NA,NA,NA,20170821445
305,2017082,1720,2017,82,17,20,-34.55416666,-58.50906357,A,0.28425,0.19725,0.02,0,20170821720
306,2017082,1900,2017,82,19,0,NA,NA,A,NA,NA,NA,NA,20170821900
307,2017083,1350,2017,83,13,50,NA,NA,T,NA,NA,NA,NA,20170831350
308,2017083,1625,2017,83,16,25,NA,NA,A,NA,NA,NA,NA,20170831625
309,2017083,1805,2017,83,18,5,NA,NA,A,NA,NA,NA,NA,20170831805
310,2017084,1255,2017,84,12,55,NA,NA,T,NA,NA,NA,NA,20170841255
311,2017084,1430,2017,84,14,30,-34.55416666,-58.50906357,T,0.13525,0.09275,0.0166,0,20170841430
312,2017084,1710,2017,84,17,10,-34.55416666,-58.50906357,A,0.16975,0.11675,0.0115,0,20170841710
313,2017084,1845,2017,84,18,45,NA,NA,A,NA,NA,NA,NA,20170841845
314,2017085,1335,2017,85,13,35,NA,NA,T,NA,NA,NA,NA,20170851335
315,2017085,1515,2017,85,15,15,NA,NA,T,NA,NA,NA,NA,20170851515
316,2017085,1615,2017,85,16,15,NA,NA,A,NA,NA,NA,NA,20170851615
317,2017085,1755,2017,85,17,55,NA,NA,A,NA,NA,NA,NA,20170851755
318,2017086,1240,2017,86,12,40,NA,NA,T,NA,NA,NA,NA,20170861240
319,2017086,1420,2017,86,14,20,NA,NA,T,NA,NA,NA,NA,20170861420
320,2017086,1700,2017,86,17,0,NA,NA,A,NA,NA,NA,NA,20170861700
321,2017086,1835,2017,86,18,35,-34.55416666,-58.50906357,A,0.10825,0.074,0.0165,0,20170861835
322,2017087,1325,2017,87,13,25,NA,NA,T,NA,NA,NA,NA,20170871325
323,2017087,1505,2017,87,15,5,NA,NA,T,NA,NA,NA,NA,20170871505
324,2017087,1740,2017,87,17,40,NA,NA,A,NA,NA,NA,NA,20170871740
325,2017087,1915,2017,87,19,15,NA,NA,A,NA,NA,NA,NA,20170871915
326,2017088,1230,2017,88,12,30,NA,NA,T,NA,NA,NA,NA,20170881230
327,2017088,1405,2017,88,14,5,NA,NA,T,NA,NA,NA,NA,20170881405
328,2017088,1825,2017,88,18,25,-34.55416666,-58.50906357,A,0.1045,0.07175,0.0226,0,20170881825
329,2017089,1315,2017,89,13,15,NA,NA,T,NA,NA,NA,NA,20170891315
330,2017089,1450,2017,89,14,50,NA,NA,T,NA,NA,NA,NA,20170891450
331,2017089,1730,2017,89,17,30,NA,NA,A,NA,NA,NA,NA,20170891730
332,2017089,1905,2017,89,19,5,NA,NA,A,NA,NA,NA,NA,20170891905
333,2017090,1355,2017,90,13,55,NA,NA,T,NA,NA,NA,NA,20170901355
334,2017090,1635,2017,90,16,35,NA,NA,A,NA,NA,NA,NA,20170901635
335,2017090,1810,2017,90,18,10,NA,NA,A,NA,NA,NA,NA,20170901810
336,2017091,1300,2017,91,13,0,NA,NA,T,NA,NA,NA,NA,20170911300
337,2017091,1440,2017,91,14,40,-34.55416666,-58.50906357,T,0.077,0.05275,0.0116,0,20170911440
338,2017091,1715,2017,91,17,15,-34.55416666,-58.50906357,A,0.1335,0.092,0.0109,0,20170911715
339,2017091,1855,2017,91,18,55,NA,NA,A,NA,NA,NA,NA,20170911855
340,2017092,1345,2017,92,13,45,NA,NA,T,NA,NA,NA,NA,20170921345
341,2017092,1620,2017,92,16,20,NA,NA,A,NA,NA,NA,NA,20170921620
342,2017092,1800,2017,92,18,0,NA,NA,A,NA,NA,NA,NA,20170921800
343,2017093,1250,2017,93,12,50,NA,NA,T,NA,NA,NA,NA,20170931250
344,2017093,1425,2017,93,14,25,NA,NA,T,NA,NA,NA,NA,20170931425
345,2017093,1705,2017,93,17,5,NA,NA,A,NA,NA,NA,NA,20170931705
346,2017093,1840,2017,93,18,40,NA,NA,A,NA,NA,NA,NA,20170931840
347,2017094,1330,2017,94,13,30,NA,NA,T,NA,NA,NA,NA,20170941330
348,2017094,1510,2017,94,15,10,NA,NA,T,NA,NA,NA,NA,20170941510
349,2017094,1610,2017,94,16,10,NA,NA,A,NA,NA,NA,NA,20170941610
350,2017094,1745,2017,94,17,45,NA,NA,A,NA,NA,NA,NA,20170941745
351,2017095,1235,2017,95,12,35,NA,NA,T,NA,NA,NA,NA,20170951235
352,2017095,1415,2017,95,14,15,NA,NA,T,NA,NA,NA,NA,20170951415
353,2017095,1650,2017,95,16,50,NA,NA,A,NA,NA,NA,NA,20170951650
354,2017095,1830,2017,95,18,30,-34.55416666,-58.50906357,A,0.03725,0.025,0.0177,0,20170951830
355,2017096,1320,2017,96,13,20,-34.55416666,-58.50906357,T,0.12,0.0825,0.0159,0,20170961320
356,2017096,1455,2017,96,14,55,NA,NA,T,NA,NA,NA,NA,20170961455
357,2017096,1735,2017,96,17,35,NA,NA,A,NA,NA,NA,NA,20170961735
358,2017096,1910,2017,96,19,10,NA,NA,A,NA,NA,NA,NA,20170961910
359,2017097,1400,2017,97,14,0,NA,NA,T,NA,NA,NA,NA,20170971400
360,2017097,1640,2017,97,16,40,NA,NA,A,NA,NA,NA,NA,20170971640
361,2017097,1815,2017,97,18,15,-34.55416666,-58.50906357,A,0.0655,0.04525,0.0269,0,20170971815
362,2017098,1305,2017,98,13,5,NA,NA,T,NA,NA,NA,NA,20170981305
363,2017098,1445,2017,98,14,45,NA,NA,T,NA,NA,NA,NA,20170981445
364,2017098,1720,2017,98,17,20,NA,NA,A,NA,NA,NA,NA,20170981720
365,2017098,1900,2017,98,19,0,NA,NA,A,NA,NA,NA,NA,20170981900
366,2017099,1350,2017,99,13,50,NA,NA,T,NA,NA,NA,NA,20170991350
367,2017099,1625,2017,99,16,25,NA,NA,A,NA,NA,NA,NA,20170991625
368,2017099,1805,2017,99,18,5,NA,NA,A,NA,NA,NA,NA,20170991805
369,2017100,1255,2017,100,12,55,NA,NA,T,NA,NA,NA,NA,20171001255
370,2017100,1430,2017,100,14,30,NA,NA,T,NA,NA,NA,NA,20171001430
371,2017100,1710,2017,100,17,10,NA,NA,A,NA,NA,NA,NA,20171001710
372,2017100,1845,2017,100,18,45,NA,NA,A,NA,NA,NA,NA,20171001845
373,2017101,1335,2017,101,13,35,NA,NA,T,NA,NA,NA,NA,20171011335
374,2017101,1515,2017,101,15,15,NA,NA,T,NA,NA,NA,NA,20171011515
375,2017101,1615,2017,101,16,15,NA,NA,A,NA,NA,NA,NA,20171011615
376,2017101,1750,2017,101,17,50,NA,NA,A,NA,NA,NA,NA,20171011750
377,2017102,1240,2017,102,12,40,NA,NA,T,NA,NA,NA,NA,20171021240
378,2017102,1655,2017,102,16,55,NA,NA,A,NA,NA,NA,NA,20171021655
379,2017102,1835,2017,102,18,35,-34.55416666,-58.50906357,A,0.07525,0.05175,0.0123,0,20171021835
380,2017103,1325,2017,103,13,25,-34.55416666,-58.50906357,T,0.09525,0.06525,0.0158,0,20171031325
381,2017103,1505,2017,103,15,5,NA,NA,T,NA,NA,NA,NA,20171031505
382,2017103,1740,2017,103,17,40,NA,NA,A,NA,NA,NA,NA,20171031740
383,2017103,1915,2017,103,19,15,NA,NA,A,NA,NA,NA,NA,20171031915
384,2017104,1230,2017,104,12,30,NA,NA,T,NA,NA,NA,NA,20171041230
385,2017104,1405,2017,104,14,5,NA,NA,T,NA,NA,NA,NA,20171041405
386,2017104,1645,2017,104,16,45,NA,NA,A,NA,NA,NA,NA,20171041645
387,2017104,1825,2017,104,18,25,-34.55416666,-58.50906357,A,0.07875,0.054,0.0175,0,20171041825
388,2017105,1315,2017,105,13,15,NA,NA,T,NA,NA,NA,NA,20171051315
389,2017105,1450,2017,105,14,50,NA,NA,T,NA,NA,NA,NA,20171051450
390,2017105,1730,2017,105,17,30,NA,NA,A,NA,NA,NA,NA,20171051730
391,2017105,1905,2017,105,19,5,NA,NA,A,NA,NA,NA,NA,20171051905
392,2017106,1355,2017,106,13,55,NA,NA,T,NA,NA,NA,NA,20171061355
393,2017106,1630,2017,106,16,30,NA,NA,A,NA,NA,NA,NA,20171061630
394,2017106,1810,2017,106,18,10,NA,NA,A,NA,NA,NA,NA,20171061810
395,2017107,1300,2017,107,13,0,NA,NA,T,NA,NA,NA,NA,20171071300
396,2017107,1440,2017,107,14,40,NA,NA,T,NA,NA,NA,NA,20171071440
397,2017107,1715,2017,107,17,15,NA,NA,A,NA,NA,NA,NA,20171071715
398,2017107,1850,2017,107,18,50,NA,NA,A,NA,NA,NA,NA,20171071850
399,2017108,1345,2017,108,13,45,NA,NA,T,NA,NA,NA,NA,20171081345
400,2017108,1620,2017,108,16,20,NA,NA,A,NA,NA,NA,NA,20171081620
401,2017108,1800,2017,108,18,0,NA,NA,A,NA,NA,NA,NA,20171081800
402,2017109,1250,2017,109,12,50,NA,NA,T,NA,NA,NA,NA,20171091250
403,2017109,1425,2017,109,14,25,NA,NA,T,NA,NA,NA,NA,20171091425
404,2017109,1705,2017,109,17,5,NA,NA,A,NA,NA,NA,NA,20171091705
405,2017109,1840,2017,109,18,40,NA,NA,A,NA,NA,NA,NA,20171091840
406,2017110,1330,2017,110,13,30,NA,NA,T,NA,NA,NA,NA,20171101330
407,2017110,1510,2017,110,15,10,NA,NA,T,NA,NA,NA,NA,20171101510
408,2017110,1610,2017,110,16,10,NA,NA,A,NA,NA,NA,NA,20171101610
409,2017110,1745,2017,110,17,45,NA,NA,A,NA,NA,NA,NA,20171101745
410,2017111,1235,2017,111,12,35,NA,NA,T,NA,NA,NA,NA,20171111235
411,2017111,1415,2017,111,14,15,NA,NA,T,NA,NA,NA,NA,20171111415
412,2017111,1650,2017,111,16,50,NA,NA,A,NA,NA,NA,NA,20171111650
413,2017111,1830,2017,111,18,30,-34.55416666,-58.50906357,A,0.0365,0.02475,0.0134,0,20171111830
414,2017112,1320,2017,112,13,20,NA,NA,T,NA,NA,NA,NA,20171121320
415,2017112,1455,2017,112,14,55,NA,NA,T,NA,NA,NA,NA,20171121455
416,2017112,1735,2017,112,17,35,NA,NA,A,NA,NA,NA,NA,20171121735
417,2017112,1910,2017,112,19,10,NA,NA,A,NA,NA,NA,NA,20171121910
418,2017113,1400,2017,113,14,0,NA,NA,T,NA,NA,NA,NA,20171131400
419,2017113,1640,2017,113,16,40,NA,NA,A,NA,NA,NA,NA,20171131640
420,2017113,1815,2017,113,18,15,NA,NA,A,NA,NA,NA,NA,20171131815
421,2017114,1720,2017,114,17,20,-34.55416666,-58.50906357,A,0.1395,0.09575,0.0101,0,20171141720
422,2017114,1900,2017,114,19,0,NA,NA,A,NA,NA,NA,NA,20171141900
423,2017115,1350,2017,115,13,50,NA,NA,T,NA,NA,NA,NA,20171151350
424,2017115,1625,2017,115,16,25,NA,NA,A,NA,NA,NA,NA,20171151625
425,2017115,1805,2017,115,18,5,NA,NA,A,NA,NA,NA,NA,20171151805
426,2017116,1255,2017,116,12,55,NA,NA,T,NA,NA,NA,NA,20171161255
427,2017116,1430,2017,116,14,30,NA,NA,T,NA,NA,NA,NA,20171161430
428,2017116,1710,2017,116,17,10,NA,NA,A,NA,NA,NA,NA,20171161710
429,2017116,1845,2017,116,18,45,NA,NA,A,NA,NA,NA,NA,20171161845
430,2017117,1335,2017,117,13,35,NA,NA,T,NA,NA,NA,NA,20171171335
431,2017117,1515,2017,117,15,15,NA,NA,T,NA,NA,NA,NA,20171171515
432,2017117,1615,2017,117,16,15,NA,NA,A,NA,NA,NA,NA,20171171615
433,2017117,1750,2017,117,17,50,NA,NA,A,NA,NA,NA,NA,20171171750
434,2017118,1240,2017,118,12,40,NA,NA,T,NA,NA,NA,NA,20171181240
435,2017118,1420,2017,118,14,20,NA,NA,T,NA,NA,NA,NA,20171181420
436,2017118,1655,2017,118,16,55,NA,NA,A,NA,NA,NA,NA,20171181655
437,2017118,1835,2017,118,18,35,-34.55416666,-58.50906357,A,0.05,0.034,0.0131,0,20171181835
438,2017119,1325,2017,119,13,25,-34.55416666,-58.50906357,T,0.1455,0.09975,0.0161,0,20171191325
439,2017119,1505,2017,119,15,5,NA,NA,T,NA,NA,NA,NA,20171191505
440,2017119,1740,2017,119,17,40,-34.55416666,-58.50906357,A,0.16225,0.11175,0.0262,0,20171191740
441,2017119,1915,2017,119,19,15,NA,NA,A,NA,NA,NA,NA,20171191915
442,2017120,1230,2017,120,12,30,NA,NA,T,NA,NA,NA,NA,20171201230
443,2017120,1410,2017,120,14,10,NA,NA,T,NA,NA,NA,NA,20171201410
444,2017120,1645,2017,120,16,45,NA,NA,A,NA,NA,NA,NA,20171201645
445,2017120,1825,2017,120,18,25,-34.55416666,-58.50906357,A,0.052,0.0355,0.0171,0,20171201825
446,2017121,1315,2017,121,13,15,-34.55416666,-58.50906357,T,0.0755,0.05125,0.0114,0,20171211315
447,2017121,1450,2017,121,14,50,-34.55416666,-58.50906357,T,0.0245,0.0165,0.0067,0,20171211450
448,2017121,1730,2017,121,17,30,-34.55416666,-58.50906357,A,0.09025,0.062,0.0144,0,20171211730
449,2017121,1905,2017,121,19,5,NA,NA,A,NA,NA,NA,NA,20171211905
450,2017122,1355,2017,122,13,55,NA,NA,T,NA,NA,NA,NA,20171221355
451,2017122,1630,2017,122,16,30,NA,NA,A,NA,NA,NA,NA,20171221630
452,2017122,1810,2017,122,18,10,NA,NA,A,NA,NA,NA,NA,20171221810
453,2017123,1300,2017,123,13,0,NA,NA,T,NA,NA,NA,NA,20171231300
454,2017123,1440,2017,123,14,40,-34.55416666,-58.50906357,T,0.11225,0.077,0.0091,0,20171231440
455,2017123,1715,2017,123,17,15,-34.55416666,-58.50906357,A,0.2115,0.1465,0.0088,0,20171231715
456,2017123,1850,2017,123,18,50,NA,NA,A,NA,NA,NA,NA,20171231850
457,2017124,1345,2017,124,13,45,-34.55416666,-58.50906357,T,0.10725,0.0735,0.0236,0,20171241345
458,2017124,1620,2017,124,16,20,NA,NA,A,NA,NA,NA,NA,20171241620
459,2017124,1800,2017,124,18,0,-34.55416666,-58.50906357,A,0.0825,0.0565,0.0279,0,20171241800
460,2017125,1250,2017,125,12,50,NA,NA,T,NA,NA,NA,NA,20171251250
461,2017125,1425,2017,125,14,25,NA,NA,T,NA,NA,NA,NA,20171251425
462,2017125,1705,2017,125,17,5,NA,NA,A,NA,NA,NA,NA,20171251705
463,2017125,1840,2017,125,18,40,NA,NA,A,NA,NA,NA,NA,20171251840
464,2017126,1330,2017,126,13,30,NA,NA,T,NA,NA,NA,NA,20171261330
465,2017126,1510,2017,126,15,10,NA,NA,T,NA,NA,NA,NA,20171261510
466,2017126,1610,2017,126,16,10,NA,NA,A,NA,NA,NA,NA,20171261610
467,2017126,1745,2017,126,17,45,NA,NA,A,NA,NA,NA,NA,20171261745
468,2017127,1235,2017,127,12,35,NA,NA,T,NA,NA,NA,NA,20171271235
469,2017127,1415,2017,127,14,15,NA,NA,T,NA,NA,NA,NA,20171271415
470,2017127,1650,2017,127,16,50,NA,NA,A,NA,NA,NA,NA,20171271650
471,2017127,1830,2017,127,18,30,NA,NA,A,NA,NA,NA,NA,20171271830
472,2017128,1320,2017,128,13,20,NA,NA,T,NA,NA,NA,NA,20171281320
473,2017128,1455,2017,128,14,55,NA,NA,T,NA,NA,NA,NA,20171281455
474,2017128,1735,2017,128,17,35,NA,NA,A,NA,NA,NA,NA,20171281735
475,2017128,1910,2017,128,19,10,NA,NA,A,NA,NA,NA,NA,20171281910
476,2017129,1400,2017,129,14,0,NA,NA,T,NA,NA,NA,NA,20171291400
477,2017129,1640,2017,129,16,40,NA,NA,A,NA,NA,NA,NA,20171291640
478,2017129,1815,2017,129,18,15,-34.55416666,-58.50906357,A,0.054,0.03733,0.0153,0,20171291815
479,2017130,1305,2017,130,13,5,NA,NA,T,NA,NA,NA,NA,20171301305
480,2017130,1445,2017,130,14,45,-34.55416666,-58.50906357,T,0.03375,0.023,0.0062,0,20171301445
481,2017130,1720,2017,130,17,20,-34.55416666,-58.50906357,A,0.08625,0.05925,0.0105,0,20171301720
482,2017130,1900,2017,130,19,0,NA,NA,A,NA,NA,NA,NA,20171301900
483,2017131,1350,2017,131,13,50,NA,NA,T,NA,NA,NA,NA,20171311350
484,2017131,1625,2017,131,16,25,NA,NA,A,NA,NA,NA,NA,20171311625
485,2017131,1805,2017,131,18,5,NA,NA,A,NA,NA,NA,NA,20171311805
486,2017132,1255,2017,132,12,55,NA,NA,T,NA,NA,NA,NA,20171321255
487,2017132,1430,2017,132,14,30,NA,NA,T,NA,NA,NA,NA,20171321430
488,2017132,1710,2017,132,17,10,NA,NA,A,NA,NA,NA,NA,20171321710
489,2017132,1845,2017,132,18,45,NA,NA,A,NA,NA,NA,NA,20171321845
490,2017133,1335,2017,133,13,35,NA,NA,T,NA,NA,NA,NA,20171331335
491,2017133,1515,2017,133,15,15,NA,NA,T,NA,NA,NA,NA,20171331515
492,2017133,1615,2017,133,16,15,NA,NA,A,NA,NA,NA,NA,20171331615
493,2017133,1750,2017,133,17,50,NA,NA,A,NA,NA,NA,NA,20171331750
494,2017134,1240,2017,134,12,40,NA,NA,T,NA,NA,NA,NA,20171341240
495,2017134,1420,2017,134,14,20,NA,NA,T,NA,NA,NA,NA,20171341420
496,2017134,1655,2017,134,16,55,NA,NA,A,NA,NA,NA,NA,20171341655
497,2017134,1835,2017,134,18,35,NA,NA,A,NA,NA,NA,NA,20171341835
498,2017135,1325,2017,135,13,25,NA,NA,T,NA,NA,NA,NA,20171351325
499,2017135,1505,2017,135,15,5,NA,NA,T,NA,NA,NA,NA,20171351505
500,2017135,1740,2017,135,17,40,-34.55416666,-58.50906357,A,0.125,0.086,0.0206,0,20171351740
501,2017135,1915,2017,135,19,15,NA,NA,A,NA,NA,NA,NA,20171351915
502,2017136,1230,2017,136,12,30,NA,NA,T,NA,NA,NA,NA,20171361230
503,2017136,1410,2017,136,14,10,NA,NA,T,NA,NA,NA,NA,20171361410
504,2017136,1645,2017,136,16,45,NA,NA,A,NA,NA,NA,NA,20171361645
505,2017136,1825,2017,136,18,25,-34.55416666,-58.50906357,A,0.09675,0.066,0.0145,0,20171361825
506,2017137,1315,2017,137,13,15,-34.55416666,-58.50906357,T,0.129,0.08875,0.0109,0,20171371315
507,2017137,1450,2017,137,14,50,-34.55416666,-58.50906357,T,0.07025,0.04775,0.0047,0,20171371450
508,2017137,1730,2017,137,17,30,-34.55416666,-58.50906357,A,0.12625,0.087,0.0122,0,20171371730
509,2017137,1905,2017,137,19,5,NA,NA,A,NA,NA,NA,NA,20171371905
510,2017138,1355,2017,138,13,55,NA,NA,T,NA,NA,NA,NA,20171381355
511,2017138,1630,2017,138,16,30,NA,NA,A,NA,NA,NA,NA,20171381630
512,2017138,1810,2017,138,18,10,NA,NA,A,NA,NA,NA,NA,20171381810
513,2017139,1300,2017,139,13,0,NA,NA,T,NA,NA,NA,NA,20171391300
514,2017139,1440,2017,139,14,40,NA,NA,T,NA,NA,NA,NA,20171391440
515,2017139,1715,2017,139,17,15,NA,NA,A,NA,NA,NA,NA,20171391715
516,2017139,1850,2017,139,18,50,NA,NA,A,NA,NA,NA,NA,20171391850
517,2017140,1345,2017,140,13,45,NA,NA,T,NA,NA,NA,NA,20171401345
518,2017140,1620,2017,140,16,20,NA,NA,A,NA,NA,NA,NA,20171401620
519,2017140,1800,2017,140,18,0,NA,NA,A,NA,NA,NA,NA,20171401800
520,2017141,1250,2017,141,12,50,NA,NA,T,NA,NA,NA,NA,20171411250
521,2017141,1425,2017,141,14,25,NA,NA,T,NA,NA,NA,NA,20171411425
522,2017141,1705,2017,141,17,5,-34.55416666,-58.50906357,A,0.10567,0.07267,0.0061,0,20171411705
523,2017141,1840,2017,141,18,40,-34.55416666,-58.50906357,A,0.02425,0.01675,0.0091,0,20171411840
524,2017142,1330,2017,142,13,30,NA,NA,T,NA,NA,NA,NA,20171421330
525,2017142,1510,2017,142,15,10,NA,NA,T,NA,NA,NA,NA,20171421510
526,2017142,1610,2017,142,16,10,NA,NA,A,NA,NA,NA,NA,20171421610
527,2017142,1745,2017,142,17,45,-34.55416666,-58.50906357,A,0.04425,0.03025,0.0227,0,20171421745
528,2017143,1235,2017,143,12,35,NA,NA,T,NA,NA,NA,NA,20171431235
529,2017143,1415,2017,143,14,15,-34.55416666,-58.50906357,T,0.12725,0.08725,0.0194,0,20171431415
530,2017143,1650,2017,143,16,50,NA,NA,A,NA,NA,NA,NA,20171431650
531,2017143,1830,2017,143,18,30,-34.55416666,-58.50906357,A,0.03775,0.02575,0.011,0,20171431830
532,2017144,1320,2017,144,13,20,NA,NA,T,NA,NA,NA,NA,20171441320
533,2017144,1455,2017,144,14,55,NA,NA,T,NA,NA,NA,NA,20171441455
534,2017144,1735,2017,144,17,35,NA,NA,A,NA,NA,NA,NA,20171441735
535,2017144,1910,2017,144,19,10,NA,NA,A,NA,NA,NA,NA,20171441910
536,2017145,1400,2017,145,14,0,NA,NA,T,NA,NA,NA,NA,20171451400
537,2017145,1640,2017,145,16,40,NA,NA,A,NA,NA,NA,NA,20171451640
538,2017145,1815,2017,145,18,15,NA,NA,A,NA,NA,NA,NA,20171451815
539,2017146,1305,2017,146,13,5,NA,NA,T,NA,NA,NA,NA,20171461305
540,2017146,1445,2017,146,14,45,NA,NA,T,NA,NA,NA,NA,20171461445
541,2017146,1720,2017,146,17,20,NA,NA,A,NA,NA,NA,NA,20171461720
542,2017146,1900,2017,146,19,0,NA,NA,A,NA,NA,NA,NA,20171461900
543,2017147,1350,2017,147,13,50,NA,NA,T,NA,NA,NA,NA,20171471350
544,2017147,1625,2017,147,16,25,NA,NA,A,NA,NA,NA,NA,20171471625
545,2017147,1805,2017,147,18,5,NA,NA,A,NA,NA,NA,NA,20171471805
546,2017148,1255,2017,148,12,55,NA,NA,T,NA,NA,NA,NA,20171481255
547,2017148,1430,2017,148,14,30,NA,NA,T,NA,NA,NA,NA,20171481430
548,2017148,1710,2017,148,17,10,NA,NA,A,NA,NA,NA,NA,20171481710
549,2017148,1845,2017,148,18,45,NA,NA,A,NA,NA,NA,NA,20171481845
550,2017149,1335,2017,149,13,35,NA,NA,T,NA,NA,NA,NA,20171491335
551,2017149,1515,2017,149,15,15,NA,NA,T,NA,NA,NA,NA,20171491515
552,2017149,1615,2017,149,16,15,NA,NA,A,NA,NA,NA,NA,20171491615
553,2017149,1750,2017,149,17,50,NA,NA,A,NA,NA,NA,NA,20171491750
554,2017150,1240,2017,150,12,40,NA,NA,T,NA,NA,NA,NA,20171501240
555,2017150,1420,2017,150,14,20,-34.55416666,-58.50906357,T,0.1345,0.09275,0.0149,0,20171501420
556,2017150,1655,2017,150,16,55,NA,NA,A,NA,NA,NA,NA,20171501655
557,2017150,1835,2017,150,18,35,-34.55416666,-58.50906357,A,0.12733,0.08733,0.009,0,20171501835
558,2017151,1325,2017,151,13,25,-34.55416666,-58.50906357,T,0.07925,0.05425,0.0112,0,20171511325
559,2017151,1505,2017,151,15,5,NA,NA,T,NA,NA,NA,NA,20171511505
560,2017151,1740,2017,151,17,40,NA,NA,A,NA,NA,NA,NA,20171511740
561,2017151,1915,2017,151,19,15,NA,NA,A,NA,NA,NA,NA,20171511915
562,2017152,1230,2017,152,12,30,NA,NA,T,NA,NA,NA,NA,20171521230
563,2017152,1410,2017,152,14,10,NA,NA,T,NA,NA,NA,NA,20171521410
564,2017152,1645,2017,152,16,45,NA,NA,A,NA,NA,NA,NA,20171521645
565,2017152,1825,2017,152,18,25,NA,NA,A,NA,NA,NA,NA,20171521825
566,2017153,1315,2017,153,13,15,-34.55416666,-58.50906357,T,0.12225,0.084,0.0091,0,20171531315
567,2017153,1450,2017,153,14,50,-34.55416666,-58.50906357,T,0.0875,0.05975,0.0053,0,20171531450
568,2017153,1730,2017,153,17,30,NA,NA,A,NA,NA,NA,NA,20171531730
569,2017153,1905,2017,153,19,5,NA,NA,A,NA,NA,NA,NA,20171531905
570,2017154,1355,2017,154,13,55,NA,NA,T,NA,NA,NA,NA,20171541355
571,2017154,1630,2017,154,16,30,NA,NA,A,NA,NA,NA,NA,20171541630
572,2017154,1810,2017,154,18,10,NA,NA,A,NA,NA,NA,NA,20171541810
573,2017155,1300,2017,155,13,0,NA,NA,T,NA,NA,NA,NA,20171551300
574,2017155,1440,2017,155,14,40,NA,NA,T,NA,NA,NA,NA,20171551440
575,2017155,1715,2017,155,17,15,NA,NA,A,NA,NA,NA,NA,20171551715
576,2017155,1850,2017,155,18,50,NA,NA,A,NA,NA,NA,NA,20171551850
577,2017156,1345,2017,156,13,45,NA,NA,T,NA,NA,NA,NA,20171561345
578,2017156,1620,2017,156,16,20,NA,NA,A,NA,NA,NA,NA,20171561620
579,2017156,1800,2017,156,18,0,NA,NA,A,NA,NA,NA,NA,20171561800
580,2017157,1250,2017,157,12,50,NA,NA,T,NA,NA,NA,NA,20171571250
581,2017157,1425,2017,157,14,25,-34.55416666,-58.50906357,T,0.043,0.02967,0.0124,0,20171571425
582,2017157,1705,2017,157,17,5,-34.55416666,-58.50906357,A,0.0705,0.04825,0.0056,0,20171571705
583,2017157,1840,2017,157,18,40,-34.55416666,-58.50906357,A,0.025,0.017,0.0086,0,20171571840
584,2017158,1330,2017,158,13,30,NA,NA,T,NA,NA,NA,NA,20171581330
585,2017158,1510,2017,158,15,10,NA,NA,T,NA,NA,NA,NA,20171581510
586,2017158,1605,2017,158,16,5,NA,NA,A,NA,NA,NA,NA,20171581605
587,2017158,1745,2017,158,17,45,NA,NA,A,NA,NA,NA,NA,20171581745
588,2017159,1235,2017,159,12,35,NA,NA,T,NA,NA,NA,NA,20171591235
589,2017159,1415,2017,159,14,15,NA,NA,T,NA,NA,NA,NA,20171591415
590,2017159,1650,2017,159,16,50,NA,NA,A,NA,NA,NA,NA,20171591650
591,2017159,1830,2017,159,18,30,NA,NA,A,NA,NA,NA,NA,20171591830
592,2017160,1320,2017,160,13,20,NA,NA,T,NA,NA,NA,NA,20171601320
593,2017160,1455,2017,160,14,55,NA,NA,T,NA,NA,NA,NA,20171601455
594,2017160,1735,2017,160,17,35,-34.55416666,-58.50906357,A,0.0455,0.031,0.0131,0,20171601735
595,2017160,1910,2017,160,19,10,NA,NA,A,NA,NA,NA,NA,20171601910
596,2017161,1400,2017,161,14,0,-34.55416666,-58.50906357,T,0.0835,0.05725,0.0233,0,20171611400
597,2017161,1640,2017,161,16,40,NA,NA,A,NA,NA,NA,NA,20171611640
598,2017161,1815,2017,161,18,15,-34.55416666,-58.50906357,A,0.0285,0.0195,0.015,0,20171611815
599,2017162,1305,2017,162,13,5,NA,NA,T,NA,NA,NA,NA,20171621305
600,2017162,1445,2017,162,14,45,NA,NA,T,NA,NA,NA,NA,20171621445
601,2017162,1720,2017,162,17,20,NA,NA,A,NA,NA,NA,NA,20171621720
602,2017162,1900,2017,162,19,0,NA,NA,A,NA,NA,NA,NA,20171621900
603,2017163,1350,2017,163,13,50,NA,NA,T,NA,NA,NA,NA,20171631350
604,2017163,1625,2017,163,16,25,NA,NA,A,NA,NA,NA,NA,20171631625
605,2017163,1805,2017,163,18,5,NA,NA,A,NA,NA,NA,NA,20171631805
606,2017164,1255,2017,164,12,55,NA,NA,T,NA,NA,NA,NA,20171641255
607,2017164,1430,2017,164,14,30,-34.55416666,-58.50906357,T,0.0995,0.06825,0.0091,0,20171641430
608,2017164,1710,2017,164,17,10,NA,NA,A,NA,NA,NA,NA,20171641710
609,2017164,1845,2017,164,18,45,NA,NA,A,NA,NA,NA,NA,20171641845
610,2017165,1335,2017,165,13,35,-34.55416666,-58.50906357,T,0.1255,0.08625,0.0152,0,20171651335
611,2017165,1515,2017,165,15,15,NA,NA,T,NA,NA,NA,NA,20171651515
612,2017165,1615,2017,165,16,15,NA,NA,A,NA,NA,NA,NA,20171651615
613,2017165,1750,2017,165,17,50,NA,NA,A,NA,NA,NA,NA,20171651750
614,2017166,1240,2017,166,12,40,NA,NA,T,NA,NA,NA,NA,20171661240
615,2017166,1420,2017,166,14,20,NA,NA,T,NA,NA,NA,NA,20171661420
616,2017166,1655,2017,166,16,55,NA,NA,A,NA,NA,NA,NA,20171661655
617,2017166,1835,2017,166,18,35,NA,NA,A,NA,NA,NA,NA,20171661835
618,2017167,1325,2017,167,13,25,NA,NA,T,NA,NA,NA,NA,20171671325
619,2017167,1505,2017,167,15,5,NA,NA,T,NA,NA,NA,NA,20171671505
620,2017167,1740,2017,167,17,40,NA,NA,A,NA,NA,NA,NA,20171671740
621,2017167,1915,2017,167,19,15,NA,NA,A,NA,NA,NA,NA,20171671915
622,2017168,1230,2017,168,12,30,NA,NA,T,NA,NA,NA,NA,20171681230
623,2017168,1410,2017,168,14,10,NA,NA,T,NA,NA,NA,NA,20171681410
624,2017168,1645,2017,168,16,45,NA,NA,A,NA,NA,NA,NA,20171681645
625,2017168,1825,2017,168,18,25,NA,NA,A,NA,NA,NA,NA,20171681825
626,2017169,1315,2017,169,13,15,-34.55416666,-58.50906357,T,0.04025,0.02725,0.0079,0,20171691315
627,2017169,1450,2017,169,14,50,-34.55416666,-58.50906357,T,0.0205,0.014,0.0055,0,20171691450
628,2017169,1730,2017,169,17,30,NA,NA,A,NA,NA,NA,NA,20171691730
629,2017169,1905,2017,169,19,5,NA,NA,A,NA,NA,NA,NA,20171691905
630,2017170,1355,2017,170,13,55,NA,NA,T,NA,NA,NA,NA,20171701355
631,2017170,1630,2017,170,16,30,NA,NA,A,NA,NA,NA,NA,20171701630
632,2017170,1810,2017,170,18,10,NA,NA,A,NA,NA,NA,NA,20171701810
633,2017171,1300,2017,171,13,0,NA,NA,T,NA,NA,NA,NA,20171711300
634,2017171,1440,2017,171,14,40,-34.55416666,-58.50906357,T,0.046,0.03125,0.0076,0,20171711440
635,2017171,1715,2017,171,17,15,-34.55416666,-58.50906357,A,0.06925,0.047,0.0081,0,20171711715
636,2017171,1850,2017,171,18,50,NA,NA,A,NA,NA,NA,NA,20171711850
637,2017172,1345,2017,172,13,45,NA,NA,T,NA,NA,NA,NA,20171721345
638,2017172,1620,2017,172,16,20,NA,NA,A,NA,NA,NA,NA,20171721620
639,2017172,1800,2017,172,18,0,NA,NA,A,NA,NA,NA,NA,20171721800
640,2017173,1250,2017,173,12,50,NA,NA,T,NA,NA,NA,NA,20171731250
641,2017173,1425,2017,173,14,25,NA,NA,T,NA,NA,NA,NA,20171731425
642,2017173,1705,2017,173,17,5,NA,NA,A,NA,NA,NA,NA,20171731705
643,2017173,1840,2017,173,18,40,NA,NA,A,NA,NA,NA,NA,20171731840
644,2017174,1330,2017,174,13,30,NA,NA,T,NA,NA,NA,NA,20171741330
645,2017174,1510,2017,174,15,10,NA,NA,T,NA,NA,NA,NA,20171741510
646,2017174,1605,2017,174,16,5,NA,NA,A,NA,NA,NA,NA,20171741605
647,2017174,1745,2017,174,17,45,NA,NA,A,NA,NA,NA,NA,20171741745
648,2017175,1235,2017,175,12,35,NA,NA,T,NA,NA,NA,NA,20171751235
649,2017175,1415,2017,175,14,15,-34.55416666,-58.50906357,T,0.36725,0.2565,0.0177,0,20171751415
650,2017175,1650,2017,175,16,50,NA,NA,A,NA,NA,NA,NA,20171751650
651,2017175,1830,2017,175,18,30,NA,NA,A,NA,NA,NA,NA,20171751830
652,2017176,1320,2017,176,13,20,NA,NA,T,NA,NA,NA,NA,20171761320
653,2017176,1455,2017,176,14,55,NA,NA,T,NA,NA,NA,NA,20171761455
654,2017176,1735,2017,176,17,35,NA,NA,A,NA,NA,NA,NA,20171761735
655,2017176,1910,2017,176,19,10,NA,NA,A,NA,NA,NA,NA,20171761910
656,2017177,1400,2017,177,14,0,NA,NA,T,NA,NA,NA,NA,20171771400
657,2017177,1640,2017,177,16,40,NA,NA,A,NA,NA,NA,NA,20171771640
658,2017177,1815,2017,177,18,15,NA,NA,A,NA,NA,NA,NA,20171771815
659,2017178,1305,2017,178,13,5,NA,NA,T,NA,NA,NA,NA,20171781305
660,2017178,1445,2017,178,14,45,NA,NA,T,NA,NA,NA,NA,20171781445
661,2017178,1720,2017,178,17,20,NA,NA,A,NA,NA,NA,NA,20171781720
662,2017178,1900,2017,178,19,0,NA,NA,A,NA,NA,NA,NA,20171781900
663,2017179,1350,2017,179,13,50,NA,NA,T,NA,NA,NA,NA,20171791350
664,2017179,1625,2017,179,16,25,NA,NA,A,NA,NA,NA,NA,20171791625
665,2017179,1805,2017,179,18,5,NA,NA,A,NA,NA,NA,NA,20171791805
666,2017180,1255,2017,180,12,55,NA,NA,T,NA,NA,NA,NA,20171801255
667,2017180,1710,2017,180,17,10,NA,NA,A,NA,NA,NA,NA,20171801710
668,2017180,1845,2017,180,18,45,NA,NA,A,NA,NA,NA,NA,20171801845
669,2017181,1335,2017,181,13,35,NA,NA,T,NA,NA,NA,NA,20171811335
670,2017181,1515,2017,181,15,15,NA,NA,T,NA,NA,NA,NA,20171811515
671,2017181,1615,2017,181,16,15,NA,NA,A,NA,NA,NA,NA,20171811615
672,2017181,1750,2017,181,17,50,NA,NA,A,NA,NA,NA,NA,20171811750
673,2017182,1240,2017,182,12,40,NA,NA,T,NA,NA,NA,NA,20171821240
674,2017182,1420,2017,182,14,20,NA,NA,T,NA,NA,NA,NA,20171821420
675,2017182,1655,2017,182,16,55,NA,NA,A,NA,NA,NA,NA,20171821655
676,2017182,1835,2017,182,18,35,NA,NA,A,NA,NA,NA,NA,20171821835
677,2017183,1325,2017,183,13,25,-34.55416666,-58.50906357,T,0.0515,0.035,0.0126,0,20171831325
678,2017183,1505,2017,183,15,5,NA,NA,T,NA,NA,NA,NA,20171831505
679,2017183,1740,2017,183,17,40,-34.55416666,-58.50906357,A,0.0385,0.0265,0.0227,0,20171831740
680,2017183,1915,2017,183,19,15,NA,NA,A,NA,NA,NA,NA,20171831915
681,2017184,1230,2017,184,12,30,NA,NA,T,NA,NA,NA,NA,20171841230
682,2017184,1410,2017,184,14,10,-34.55416666,-58.50906357,T,0.061,0.042,0.0205,0,20171841410
683,2017184,1645,2017,184,16,45,NA,NA,A,NA,NA,NA,NA,20171841645
684,2017184,1820,2017,184,18,20,-34.55416666,-58.50906357,A,0.0245,0.01675,0.0121,0,20171841820
685,2017185,1315,2017,185,13,15,-34.55416666,-58.50906357,T,0.0565,0.03875,0.0081,0,20171851315
686,2017185,1450,2017,185,14,50,-34.55416666,-58.50906357,T,0.0445,0.0305,0.0047,0,20171851450
687,2017185,1725,2017,185,17,25,-34.55416666,-58.50906357,A,0.08425,0.0575,0.0117,0,20171851725
688,2017185,1905,2017,185,19,5,NA,NA,A,NA,NA,NA,NA,20171851905
689,2017186,1355,2017,186,13,55,NA,NA,T,NA,NA,NA,NA,20171861355
690,2017186,1630,2017,186,16,30,NA,NA,A,NA,NA,NA,NA,20171861630
691,2017186,1810,2017,186,18,10,NA,NA,A,NA,NA,NA,NA,20171861810
692,2017187,1300,2017,187,13,0,NA,NA,T,NA,NA,NA,NA,20171871300
693,2017187,1440,2017,187,14,40,NA,NA,T,NA,NA,NA,NA,20171871440
694,2017187,1715,2017,187,17,15,NA,NA,A,NA,NA,NA,NA,20171871715
695,2017187,1850,2017,187,18,50,NA,NA,A,NA,NA,NA,NA,20171871850
696,2017188,1345,2017,188,13,45,NA,NA,T,NA,NA,NA,NA,20171881345
697,2017188,1620,2017,188,16,20,NA,NA,A,NA,NA,NA,NA,20171881620
698,2017188,1800,2017,188,18,0,NA,NA,A,NA,NA,NA,NA,20171881800
699,2017189,1250,2017,189,12,50,NA,NA,T,NA,NA,NA,NA,20171891250
700,2017189,1425,2017,189,14,25,NA,NA,T,NA,NA,NA,NA,20171891425
701,2017189,1705,2017,189,17,5,NA,NA,A,NA,NA,NA,NA,20171891705
702,2017189,1840,2017,189,18,40,NA,NA,A,NA,NA,NA,NA,20171891840
703,2017190,1330,2017,190,13,30,NA,NA,T,NA,NA,NA,NA,20171901330
704,2017190,1510,2017,190,15,10,NA,NA,T,NA,NA,NA,NA,20171901510
705,2017190,1745,2017,190,17,45,NA,NA,A,NA,NA,NA,NA,20171901745
706,2017191,1235,2017,191,12,35,NA,NA,T,NA,NA,NA,NA,20171911235
707,2017191,1415,2017,191,14,15,NA,NA,T,NA,NA,NA,NA,20171911415
708,2017191,1650,2017,191,16,50,NA,NA,A,NA,NA,NA,NA,20171911650
709,2017191,1830,2017,191,18,30,NA,NA,A,NA,NA,NA,NA,20171911830
710,2017192,1320,2017,192,13,20,-34.55416666,-58.50906357,T,0.09633,0.066,0.0112,0,20171921320
711,2017192,1455,2017,192,14,55,NA,NA,T,NA,NA,NA,NA,20171921455
712,2017192,1735,2017,192,17,35,-34.55416666,-58.50906357,A,0.09875,0.06775,0.0159,0,20171921735
713,2017192,1910,2017,192,19,10,NA,NA,A,NA,NA,NA,NA,20171921910
714,2017193,1400,2017,193,14,0,NA,NA,T,NA,NA,NA,NA,20171931400
715,2017193,1640,2017,193,16,40,NA,NA,A,NA,NA,NA,NA,20171931640
716,2017193,1815,2017,193,18,15,NA,NA,A,NA,NA,NA,NA,20171931815
717,2017194,1305,2017,194,13,5,NA,NA,T,NA,NA,NA,NA,20171941305
718,2017194,1445,2017,194,14,45,NA,NA,T,NA,NA,NA,NA,20171941445
719,2017194,1720,2017,194,17,20,NA,NA,A,NA,NA,NA,NA,20171941720
720,2017194,1900,2017,194,19,0,NA,NA,A,NA,NA,NA,NA,20171941900
721,2017195,1350,2017,195,13,50,NA,NA,T,NA,NA,NA,NA,20171951350
722,2017195,1625,2017,195,16,25,NA,NA,A,NA,NA,NA,NA,20171951625
723,2017195,1805,2017,195,18,5,NA,NA,A,NA,NA,NA,NA,20171951805
724,2017196,1255,2017,196,12,55,NA,NA,T,NA,NA,NA,NA,20171961255
725,2017196,1430,2017,196,14,30,NA,NA,T,NA,NA,NA,NA,20171961430
726,2017196,1710,2017,196,17,10,NA,NA,A,NA,NA,NA,NA,20171961710
727,2017196,1845,2017,196,18,45,NA,NA,A,NA,NA,NA,NA,20171961845
728,2017197,1335,2017,197,13,35,NA,NA,T,NA,NA,NA,NA,20171971335
729,2017197,1515,2017,197,15,15,NA,NA,T,NA,NA,NA,NA,20171971515
730,2017197,1615,2017,197,16,15,NA,NA,A,NA,NA,NA,NA,20171971615
731,2017197,1750,2017,197,17,50,NA,NA,A,NA,NA,NA,NA,20171971750
732,2017198,1240,2017,198,12,40,NA,NA,T,NA,NA,NA,NA,20171981240
733,2017198,1420,2017,198,14,20,-34.55416666,-58.50906357,T,0.05125,0.035,0.0146,0,20171981420
734,2017198,1655,2017,198,16,55,NA,NA,A,NA,NA,NA,NA,20171981655
735,2017198,1835,2017,198,18,35,-34.55416666,-58.50906357,A,0.0245,0.01675,0.0107,0,20171981835
736,2017199,1325,2017,199,13,25,-34.55416666,-58.50906357,T,0.0715,0.04875,0.0126,0,20171991325
737,2017199,1505,2017,199,15,5,NA,NA,T,NA,NA,NA,NA,20171991505
738,2017199,1740,2017,199,17,40,-34.55416666,-58.50906357,A,0.0335,0.02275,0.0203,0,20171991740
739,2017199,1915,2017,199,19,15,NA,NA,A,NA,NA,NA,NA,20171991915
740,2017200,1230,2017,200,12,30,NA,NA,T,NA,NA,NA,NA,20172001230
741,2017200,1410,2017,200,14,10,NA,NA,T,NA,NA,NA,NA,20172001410
742,2017200,1645,2017,200,16,45,NA,NA,A,NA,NA,NA,NA,20172001645
743,2017200,1820,2017,200,18,20,NA,NA,A,NA,NA,NA,NA,20172001820
744,2017201,1315,2017,201,13,15,NA,NA,T,NA,NA,NA,NA,20172011315
745,2017201,1450,2017,201,14,50,-34.55416666,-58.50906357,T,0.0675,0.04625,0.0061,0,20172011450
746,2017201,1725,2017,201,17,25,-34.55416666,-58.50906357,A,0.10725,0.07375,0.0143,0,20172011725
747,2017201,1905,2017,201,19,5,NA,NA,A,NA,NA,NA,NA,20172011905
748,2017202,1355,2017,202,13,55,NA,NA,T,NA,NA,NA,NA,20172021355
749,2017202,1630,2017,202,16,30,NA,NA,A,NA,NA,NA,NA,20172021630
750,2017202,1810,2017,202,18,10,NA,NA,A,NA,NA,NA,NA,20172021810
751,2017203,1300,2017,203,13,0,NA,NA,T,NA,NA,NA,NA,20172031300
752,2017203,1440,2017,203,14,40,NA,NA,T,NA,NA,NA,NA,20172031440
753,2017203,1715,2017,203,17,15,NA,NA,A,NA,NA,NA,NA,20172031715
754,2017203,1850,2017,203,18,50,NA,NA,A,NA,NA,NA,NA,20172031850
755,2017204,1345,2017,204,13,45,NA,NA,T,NA,NA,NA,NA,20172041345
756,2017204,1620,2017,204,16,20,NA,NA,A,NA,NA,NA,NA,20172041620
757,2017204,1800,2017,204,18,0,NA,NA,A,NA,NA,NA,NA,20172041800
758,2017205,1250,2017,205,12,50,NA,NA,T,NA,NA,NA,NA,20172051250
759,2017205,1425,2017,205,14,25,NA,NA,T,NA,NA,NA,NA,20172051425
760,2017205,1705,2017,205,17,5,NA,NA,A,NA,NA,NA,NA,20172051705
761,2017205,1840,2017,205,18,40,NA,NA,A,NA,NA,NA,NA,20172051840
762,2017206,1330,2017,206,13,30,NA,NA,T,NA,NA,NA,NA,20172061330
763,2017206,1510,2017,206,15,10,NA,NA,T,NA,NA,NA,NA,20172061510
764,2017206,1745,2017,206,17,45,NA,NA,A,NA,NA,NA,NA,20172061745
765,2017207,1235,2017,207,12,35,NA,NA,T,NA,NA,NA,NA,20172071235
766,2017207,1415,2017,207,14,15,NA,NA,T,NA,NA,NA,NA,20172071415
767,2017207,1650,2017,207,16,50,NA,NA,A,NA,NA,NA,NA,20172071650
768,2017207,1830,2017,207,18,30,NA,NA,A,NA,NA,NA,NA,20172071830
769,2017208,1320,2017,208,13,20,NA,NA,T,NA,NA,NA,NA,20172081320
770,2017208,1455,2017,208,14,55,NA,NA,T,NA,NA,NA,NA,20172081455
771,2017208,1735,2017,208,17,35,-34.55416666,-58.50906357,A,0.32367,0.22667,0.0178,0,20172081735
772,2017208,1910,2017,208,19,10,NA,NA,A,NA,NA,NA,NA,20172081910
773,2017209,1400,2017,209,14,0,NA,NA,T,NA,NA,NA,NA,20172091400
774,2017209,1640,2017,209,16,40,NA,NA,A,NA,NA,NA,NA,20172091640
775,2017209,1815,2017,209,18,15,NA,NA,A,NA,NA,NA,NA,20172091815
776,2017210,1305,2017,210,13,5,NA,NA,T,NA,NA,NA,NA,20172101305
777,2017210,1445,2017,210,14,45,NA,NA,T,NA,NA,NA,NA,20172101445
778,2017210,1720,2017,210,17,20,NA,NA,A,NA,NA,NA,NA,20172101720
779,2017210,1900,2017,210,19,0,NA,NA,A,NA,NA,NA,NA,20172101900
780,2017211,1350,2017,211,13,50,NA,NA,T,NA,NA,NA,NA,20172111350
781,2017211,1625,2017,211,16,25,NA,NA,A,NA,NA,NA,NA,20172111625
782,2017211,1805,2017,211,18,5,NA,NA,A,NA,NA,NA,NA,20172111805
783,2017212,1255,2017,212,12,55,NA,NA,T,NA,NA,NA,NA,20172121255
784,2017212,1430,2017,212,14,30,NA,NA,T,NA,NA,NA,NA,20172121430
785,2017212,1710,2017,212,17,10,NA,NA,A,NA,NA,NA,NA,20172121710
786,2017212,1845,2017,212,18,45,NA,NA,A,NA,NA,NA,NA,20172121845
787,2017213,1335,2017,213,13,35,NA,NA,T,NA,NA,NA,NA,20172131335
788,2017213,1515,2017,213,15,15,NA,NA,T,NA,NA,NA,NA,20172131515
789,2017213,1615,2017,213,16,15,NA,NA,A,NA,NA,NA,NA,20172131615
790,2017213,1750,2017,213,17,50,NA,NA,A,NA,NA,NA,NA,20172131750
791,2017214,1240,2017,214,12,40,NA,NA,T,NA,NA,NA,NA,20172141240
792,2017214,1420,2017,214,14,20,NA,NA,T,NA,NA,NA,NA,20172141420
793,2017214,1655,2017,214,16,55,NA,NA,A,NA,NA,NA,NA,20172141655
794,2017214,1835,2017,214,18,35,-34.55416666,-58.50906357,A,0.05825,0.03975,0.0116,0,20172141835
795,2017215,1325,2017,215,13,25,-34.55416666,-58.50906357,T,0.08875,0.06075,0.0138,0,20172151325
796,2017215,1505,2017,215,15,5,NA,NA,T,NA,NA,NA,NA,20172151505
797,2017215,1740,2017,215,17,40,-34.55416666,-58.50906357,A,0.07175,0.04925,0.0246,0,20172151740
798,2017215,1915,2017,215,19,15,NA,NA,A,NA,NA,NA,NA,20172151915
799,2017216,1230,2017,216,12,30,NA,NA,T,NA,NA,NA,NA,20172161230
800,2017216,1410,2017,216,14,10,NA,NA,T,NA,NA,NA,NA,20172161410
801,2017216,1645,2017,216,16,45,NA,NA,A,NA,NA,NA,NA,20172161645
802,2017216,1820,2017,216,18,20,-34.55416666,-58.50906357,A,0.0335,0.0225,0.0159,0,20172161820
803,2017217,1315,2017,217,13,15,-34.55416666,-58.50906357,T,0.05225,0.0355,0.0105,0,20172171315
804,2017217,1450,2017,217,14,50,-34.5625,-58.51492525,T,0.0515,0.035,0.0086,0,20172171450
805,2017217,1725,2017,217,17,25,NA,NA,A,NA,NA,NA,NA,20172171725
806,2017217,1905,2017,217,19,5,NA,NA,A,NA,NA,NA,NA,20172171905
807,2017218,1355,2017,218,13,55,-34.55416666,-58.50906357,T,0.2145,0.149,0.0276,0,20172181355
808,2017218,1630,2017,218,16,30,NA,NA,A,NA,NA,NA,NA,20172181630
809,2017218,1810,2017,218,18,10,-34.55416666,-58.50906357,A,0.29275,0.20325,0.0221,0,20172181810
810,2017219,1300,2017,219,13,0,NA,NA,T,NA,NA,NA,NA,20172191300
811,2017219,1440,2017,219,14,40,NA,NA,T,NA,NA,NA,NA,20172191440
812,2017219,1715,2017,219,17,15,-34.55416666,-58.50906357,A,0.226,0.15675,0.0115,0,20172191715
813,2017219,1850,2017,219,18,50,NA,NA,A,NA,NA,NA,NA,20172191850
814,2017220,1345,2017,220,13,45,NA,NA,T,NA,NA,NA,NA,20172201345
815,2017220,1620,2017,220,16,20,NA,NA,A,NA,NA,NA,NA,20172201620
816,2017220,1800,2017,220,18,0,NA,NA,A,NA,NA,NA,NA,20172201800
817,2017221,1250,2017,221,12,50,NA,NA,T,NA,NA,NA,NA,20172211250
818,2017221,1425,2017,221,14,25,NA,NA,T,NA,NA,NA,NA,20172211425
819,2017221,1705,2017,221,17,5,NA,NA,A,NA,NA,NA,NA,20172211705
820,2017221,1840,2017,221,18,40,NA,NA,A,NA,NA,NA,NA,20172211840
821,2017222,1330,2017,222,13,30,NA,NA,T,NA,NA,NA,NA,20172221330
822,2017222,1510,2017,222,15,10,NA,NA,T,NA,NA,NA,NA,20172221510
823,2017222,1745,2017,222,17,45,NA,NA,A,NA,NA,NA,NA,20172221745
824,2017223,1235,2017,223,12,35,NA,NA,T,NA,NA,NA,NA,20172231235
825,2017223,1415,2017,223,14,15,NA,NA,T,NA,NA,NA,NA,20172231415
826,2017223,1650,2017,223,16,50,NA,NA,A,NA,NA,NA,NA,20172231650
827,2017223,1830,2017,223,18,30,NA,NA,A,NA,NA,NA,NA,20172231830
828,2017224,1320,2017,224,13,20,NA,NA,T,NA,NA,NA,NA,20172241320
829,2017224,1455,2017,224,14,55,NA,NA,T,NA,NA,NA,NA,20172241455
830,2017224,1735,2017,224,17,35,NA,NA,A,NA,NA,NA,NA,20172241735
831,2017224,1910,2017,224,19,10,NA,NA,A,NA,NA,NA,NA,20172241910
832,2017225,1400,2017,225,14,0,NA,NA,T,NA,NA,NA,NA,20172251400
833,2017225,1640,2017,225,16,40,NA,NA,A,NA,NA,NA,NA,20172251640
834,2017225,1815,2017,225,18,15,-34.55416666,-58.50906357,A,0.07967,0.054,0.0205,0,20172251815
835,2017226,1305,2017,226,13,5,NA,NA,T,NA,NA,NA,NA,20172261305
836,2017226,1445,2017,226,14,45,-34.55416666,-58.50906357,T,0.019,0.013,0.0094,0,20172261445
837,2017226,1720,2017,226,17,20,-34.55416666,-58.50906357,A,0.0505,0.03425,0.0143,0,20172261720
838,2017226,1900,2017,226,19,0,NA,NA,A,NA,NA,NA,NA,20172261900
839,2017227,1350,2017,227,13,50,-34.55416666,-58.50906357,T,0.0345,0.02375,0.0294,0,20172271350
840,2017227,1625,2017,227,16,25,NA,NA,A,NA,NA,NA,NA,20172271625
841,2017227,1805,2017,227,18,5,-34.5625,-58.51492525,A,0.071,0.0485,0.0312,0,20172271805
842,2017228,1255,2017,228,12,55,NA,NA,T,NA,NA,NA,NA,20172281255
843,2017228,1430,2017,228,14,30,-34.55416666,-58.50906357,T,0.019,0.013,0.0135,0,20172281430
844,2017228,1710,2017,228,17,10,-34.55416666,-58.50906357,A,0.059,0.04025,0.0094,0,20172281710
845,2017228,1845,2017,228,18,45,NA,NA,A,NA,NA,NA,NA,20172281845
846,2017229,1335,2017,229,13,35,NA,NA,T,NA,NA,NA,NA,20172291335
847,2017229,1515,2017,229,15,15,NA,NA,T,NA,NA,NA,NA,20172291515
848,2017229,1615,2017,229,16,15,NA,NA,A,NA,NA,NA,NA,20172291615
849,2017229,1750,2017,229,17,50,-34.55416666,-58.50906357,A,0.08325,0.057,0.0318,0,20172291750
850,2017230,1240,2017,230,12,40,NA,NA,T,NA,NA,NA,NA,20172301240
851,2017230,1420,2017,230,14,20,NA,NA,T,NA,NA,NA,NA,20172301420
852,2017230,1655,2017,230,16,55,NA,NA,A,NA,NA,NA,NA,20172301655
853,2017230,1835,2017,230,18,35,NA,NA,A,NA,NA,NA,NA,20172301835
854,2017231,1325,2017,231,13,25,NA,NA,T,NA,NA,NA,NA,20172311325
855,2017231,1505,2017,231,15,5,NA,NA,T,NA,NA,NA,NA,20172311505
856,2017231,1740,2017,231,17,40,NA,NA,A,NA,NA,NA,NA,20172311740
857,2017231,1915,2017,231,19,15,NA,NA,A,NA,NA,NA,NA,20172311915
858,2017232,1230,2017,232,12,30,NA,NA,T,NA,NA,NA,NA,20172321230
859,2017232,1410,2017,232,14,10,-34.55416666,-58.50906357,T,0.0445,0.0305,0.0328,0,20172321410
860,2017232,1645,2017,232,16,45,NA,NA,A,NA,NA,NA,NA,20172321645
861,2017232,1820,2017,232,18,20,-34.55416666,-58.50906357,A,0.0255,0.0175,0.0194,0,20172321820
862,2017233,1315,2017,233,13,15,-34.55416666,-58.50906357,T,0.05425,0.03725,0.0129,0,20172331315
863,2017233,1450,2017,233,14,50,-34.55416666,-58.50906357,T,0.019,0.013,0.0077,0,20172331450
864,2017233,1725,2017,233,17,25,-34.55416666,-58.50906357,A,0.0775,0.05275,0.0183,0,20172331725
865,2017233,1905,2017,233,19,5,NA,NA,A,NA,NA,NA,NA,20172331905
866,2017234,1355,2017,234,13,55,NA,NA,T,NA,NA,NA,NA,20172341355
867,2017234,1630,2017,234,16,30,NA,NA,A,NA,NA,NA,NA,20172341630
868,2017234,1810,2017,234,18,10,NA,NA,A,NA,NA,NA,NA,20172341810
869,2017235,1300,2017,235,13,0,NA,NA,T,NA,NA,NA,NA,20172351300
870,2017235,1440,2017,235,14,40,NA,NA,T,NA,NA,NA,NA,20172351440
871,2017235,1715,2017,235,17,15,NA,NA,A,NA,NA,NA,NA,20172351715
872,2017235,1850,2017,235,18,50,NA,NA,A,NA,NA,NA,NA,20172351850
873,2017236,1345,2017,236,13,45,NA,NA,T,NA,NA,NA,NA,20172361345
874,2017236,1620,2017,236,16,20,NA,NA,A,NA,NA,NA,NA,20172361620
875,2017236,1800,2017,236,18,0,NA,NA,A,NA,NA,NA,NA,20172361800
876,2017237,1250,2017,237,12,50,NA,NA,T,NA,NA,NA,NA,20172371250
877,2017237,1425,2017,237,14,25,NA,NA,T,NA,NA,NA,NA,20172371425
878,2017237,1705,2017,237,17,5,NA,NA,A,NA,NA,NA,NA,20172371705
879,2017237,1840,2017,237,18,40,NA,NA,A,NA,NA,NA,NA,20172371840
880,2017238,1330,2017,238,13,30,NA,NA,T,NA,NA,NA,NA,20172381330
881,2017238,1510,2017,238,15,10,NA,NA,T,NA,NA,NA,NA,20172381510
882,2017238,1745,2017,238,17,45,NA,NA,A,NA,NA,NA,NA,20172381745
883,2017239,1235,2017,239,12,35,NA,NA,T,NA,NA,NA,NA,20172391235
884,2017239,1415,2017,239,14,15,NA,NA,T,NA,NA,NA,NA,20172391415
885,2017239,1650,2017,239,16,50,NA,NA,A,NA,NA,NA,NA,20172391650
886,2017239,1830,2017,239,18,30,NA,NA,A,NA,NA,NA,NA,20172391830
887,2017240,1320,2017,240,13,20,NA,NA,T,NA,NA,NA,NA,20172401320
888,2017240,1455,2017,240,14,55,NA,NA,T,NA,NA,NA,NA,20172401455
889,2017240,1735,2017,240,17,35,NA,NA,A,NA,NA,NA,NA,20172401735
890,2017240,1910,2017,240,19,10,NA,NA,A,NA,NA,NA,NA,20172401910
891,2017241,1400,2017,241,14,0,NA,NA,T,NA,NA,NA,NA,20172411400
892,2017241,1640,2017,241,16,40,NA,NA,A,NA,NA,NA,NA,20172411640
893,2017241,1815,2017,241,18,15,NA,NA,A,NA,NA,NA,NA,20172411815
894,2017242,1305,2017,242,13,5,NA,NA,T,NA,NA,NA,NA,20172421305
895,2017242,1445,2017,242,14,45,-34.55416666,-58.50906357,T,0.019,0.013,0.01,0,20172421445
896,2017242,1720,2017,242,17,20,-34.55416666,-58.50906357,A,0.065,0.0445,0.0123,0,20172421720
897,2017242,1900,2017,242,19,0,NA,NA,A,NA,NA,NA,NA,20172421900
898,2017243,1350,2017,243,13,50,-34.55416666,-58.50906357,T,0.0225,0.0155,0.03,0,20172431350
899,2017243,1625,2017,243,16,25,NA,NA,A,NA,NA,NA,NA,20172431625
900,2017243,1805,2017,243,18,5,-34.55416666,-58.50906357,A,0.0265,0.01825,0.0272,0,20172431805
901,2017244,1255,2017,244,12,55,NA,NA,T,NA,NA,NA,NA,20172441255
902,2017244,1430,2017,244,14,30,NA,NA,T,NA,NA,NA,NA,20172441430
903,2017244,1710,2017,244,17,10,NA,NA,A,NA,NA,NA,NA,20172441710
904,2017244,1845,2017,244,18,45,NA,NA,A,NA,NA,NA,NA,20172441845
905,2017245,1335,2017,245,13,35,NA,NA,T,NA,NA,NA,NA,20172451335
906,2017245,1515,2017,245,15,15,NA,NA,T,NA,NA,NA,NA,20172451515
907,2017245,1615,2017,245,16,15,NA,NA,A,NA,NA,NA,NA,20172451615
908,2017245,1750,2017,245,17,50,NA,NA,A,NA,NA,NA,NA,20172451750
909,2017246,1240,2017,246,12,40,NA,NA,T,NA,NA,NA,NA,20172461240
910,2017246,1420,2017,246,14,20,NA,NA,T,NA,NA,NA,NA,20172461420
911,2017246,1655,2017,246,16,55,NA,NA,A,NA,NA,NA,NA,20172461655
912,2017246,1835,2017,246,18,35,NA,NA,A,NA,NA,NA,NA,20172461835
913,2017247,1325,2017,247,13,25,NA,NA,T,NA,NA,NA,NA,20172471325
914,2017247,1505,2017,247,15,5,NA,NA,T,NA,NA,NA,NA,20172471505
915,2017247,1740,2017,247,17,40,NA,NA,A,NA,NA,NA,NA,20172471740
916,2017247,1915,2017,247,19,15,NA,NA,A,NA,NA,NA,NA,20172471915
917,2017248,1230,2017,248,12,30,NA,NA,T,NA,NA,NA,NA,20172481230
918,2017248,1410,2017,248,14,10,NA,NA,T,NA,NA,NA,NA,20172481410
919,2017248,1645,2017,248,16,45,NA,NA,A,NA,NA,NA,NA,20172481645
920,2017248,1820,2017,248,18,20,-34.55416666,-58.50906357,A,0.03575,0.02425,0.0158,0,20172481820
921,2017249,1315,2017,249,13,15,NA,NA,T,NA,NA,NA,NA,20172491315
922,2017249,1450,2017,249,14,50,NA,NA,T,NA,NA,NA,NA,20172491450
923,2017249,1725,2017,249,17,25,NA,NA,A,NA,NA,NA,NA,20172491725
924,2017249,1905,2017,249,19,5,NA,NA,A,NA,NA,NA,NA,20172491905
925,2017250,1355,2017,250,13,55,NA,NA,T,NA,NA,NA,NA,20172501355
926,2017250,1630,2017,250,16,30,NA,NA,A,NA,NA,NA,NA,20172501630
927,2017250,1810,2017,250,18,10,NA,NA,A,NA,NA,NA,NA,20172501810
928,2017251,1300,2017,251,13,0,NA,NA,T,NA,NA,NA,NA,20172511300
929,2017251,1440,2017,251,14,40,NA,NA,T,NA,NA,NA,NA,20172511440
930,2017251,1715,2017,251,17,15,NA,NA,A,NA,NA,NA,NA,20172511715
931,2017251,1850,2017,251,18,50,NA,NA,A,NA,NA,NA,NA,20172511850
932,2017252,1345,2017,252,13,45,NA,NA,T,NA,NA,NA,NA,20172521345
933,2017252,1620,2017,252,16,20,NA,NA,A,NA,NA,NA,NA,20172521620
934,2017252,1800,2017,252,18,0,NA,NA,A,NA,NA,NA,NA,20172521800
935,2017253,1250,2017,253,12,50,NA,NA,T,NA,NA,NA,NA,20172531250
936,2017253,1425,2017,253,14,25,NA,NA,T,NA,NA,NA,NA,20172531425
937,2017253,1705,2017,253,17,5,NA,NA,A,NA,NA,NA,NA,20172531705
938,2017253,1840,2017,253,18,40,NA,NA,A,NA,NA,NA,NA,20172531840
939,2017254,1330,2017,254,13,30,NA,NA,T,NA,NA,NA,NA,20172541330
940,2017254,1510,2017,254,15,10,NA,NA,T,NA,NA,NA,NA,20172541510
941,2017254,1605,2017,254,16,5,NA,NA,A,NA,NA,NA,NA,20172541605
942,2017254,1745,2017,254,17,45,-34.5625,-58.51492525,A,0.04,0.027,0.0396,0,20172541745
943,2017255,1235,2017,255,12,35,NA,NA,T,NA,NA,NA,NA,20172551235
944,2017255,1415,2017,255,14,15,-34.55416666,-58.50906357,T,0.06775,0.0465,0.0316,0,20172551415
945,2017255,1650,2017,255,16,50,NA,NA,A,NA,NA,NA,NA,20172551650
946,2017255,1830,2017,255,18,30,-34.55416666,-58.50906357,A,0.06125,0.042,0.0202,0,20172551830
947,2017256,1320,2017,256,13,20,NA,NA,T,NA,NA,NA,NA,20172561320
948,2017256,1455,2017,256,14,55,NA,NA,T,NA,NA,NA,NA,20172561455
949,2017256,1735,2017,256,17,35,-34.55416666,-58.50906357,A,0.24775,0.17175,0.0273,0,20172561735
950,2017256,1910,2017,256,19,10,NA,NA,A,NA,NA,NA,NA,20172561910
951,2017257,1400,2017,257,14,0,-34.55416666,-58.50906357,T,0.147,0.10075,0.0406,0,20172571400
952,2017257,1640,2017,257,16,40,NA,NA,A,NA,NA,NA,NA,20172571640
953,2017257,1815,2017,257,18,15,-34.55416666,-58.50906357,A,0.08825,0.0605,0.0223,0,20172571815
954,2017258,1305,2017,258,13,5,NA,NA,T,NA,NA,NA,NA,20172581305
955,2017258,1445,2017,258,14,45,NA,NA,T,NA,NA,NA,NA,20172581445
956,2017258,1720,2017,258,17,20,NA,NA,A,NA,NA,NA,NA,20172581720
957,2017258,1900,2017,258,19,0,NA,NA,A,NA,NA,NA,NA,20172581900
958,2017259,1350,2017,259,13,50,NA,NA,T,NA,NA,NA,NA,20172591350
959,2017259,1625,2017,259,16,25,NA,NA,A,NA,NA,NA,NA,20172591625
960,2017259,1805,2017,259,18,5,-34.55416666,-58.50906357,A,0.1695,0.1165,0.039,0,20172591805
961,2017260,1255,2017,260,12,55,NA,NA,T,NA,NA,NA,NA,20172601255
962,2017260,1430,2017,260,14,30,NA,NA,T,NA,NA,NA,NA,20172601430
963,2017260,1710,2017,260,17,10,-34.55416666,-58.50906357,A,0.154,0.10575,0.0121,0,20172601710
964,2017260,1845,2017,260,18,45,NA,NA,A,NA,NA,NA,NA,20172601845
965,2017261,1335,2017,261,13,35,-34.55416666,-58.50906357,T,0.04725,0.03225,0.0322,0,20172611335
966,2017261,1515,2017,261,15,15,NA,NA,T,NA,NA,NA,NA,20172611515
967,2017261,1615,2017,261,16,15,NA,NA,A,NA,NA,NA,NA,20172611615
968,2017261,1750,2017,261,17,50,-34.55416666,-58.50906357,A,0.0575,0.03925,0.044,0,20172611750
969,2017262,1240,2017,262,12,40,NA,NA,T,NA,NA,NA,NA,20172621240
970,2017262,1420,2017,262,14,20,-34.55416666,-58.50906357,T,0.05725,0.03925,0.0256,0,20172621420
971,2017262,1655,2017,262,16,55,NA,NA,A,NA,NA,NA,NA,20172621655
972,2017262,1835,2017,262,18,35,-34.5625,-58.51492525,A,0.051,0.035,0.0184,0,20172621835
973,2017263,1325,2017,263,13,25,NA,NA,T,NA,NA,NA,NA,20172631325
974,2017263,1505,2017,263,15,5,NA,NA,T,NA,NA,NA,NA,20172631505
975,2017263,1740,2017,263,17,40,NA,NA,A,NA,NA,NA,NA,20172631740
976,2017263,1915,2017,263,19,15,NA,NA,A,NA,NA,NA,NA,20172631915
977,2017264,1230,2017,264,12,30,NA,NA,T,NA,NA,NA,NA,20172641230
978,2017264,1410,2017,264,14,10,NA,NA,T,NA,NA,NA,NA,20172641410
979,2017264,1645,2017,264,16,45,NA,NA,A,NA,NA,NA,NA,20172641645
980,2017264,1820,2017,264,18,20,NA,NA,A,NA,NA,NA,NA,20172641820
981,2017265,1315,2017,265,13,15,NA,NA,T,NA,NA,NA,NA,20172651315
982,2017265,1450,2017,265,14,50,-34.55416666,-58.50906357,T,0.0475,0.03225,0.0085,0,20172651450
983,2017265,1725,2017,265,17,25,-34.55416666,-58.50906357,A,0.13625,0.09375,0.0228,0,20172651725
984,2017265,1905,2017,265,19,5,NA,NA,A,NA,NA,NA,NA,20172651905
985,2017266,1355,2017,266,13,55,-34.55416666,-58.50906357,T,0.0625,0.04275,0.0704,0,20172661355
986,2017266,1630,2017,266,16,30,NA,NA,A,NA,NA,NA,NA,20172661630
987,2017266,1810,2017,266,18,10,-34.55416666,-58.50906357,A,0.11975,0.0825,0.0398,0,20172661810
988,2017267,1300,2017,267,13,0,NA,NA,T,NA,NA,NA,NA,20172671300
989,2017267,1440,2017,267,14,40,NA,NA,T,NA,NA,NA,NA,20172671440
990,2017267,1715,2017,267,17,15,NA,NA,A,NA,NA,NA,NA,20172671715
991,2017267,1850,2017,267,18,50,NA,NA,A,NA,NA,NA,NA,20172671850
992,2017268,1345,2017,268,13,45,-34.55416666,-58.50906357,T,0.308,0.21475,0.0515,0,20172681345
993,2017268,1620,2017,268,16,20,NA,NA,A,NA,NA,NA,NA,20172681620
994,2017268,1800,2017,268,18,0,-34.55416666,-58.50906357,A,0.304,0.2115,0.0667,0,20172681800
995,2017269,1250,2017,269,12,50,NA,NA,T,NA,NA,NA,NA,20172691250
996,2017269,1425,2017,269,14,25,NA,NA,T,NA,NA,NA,NA,20172691425
997,2017269,1705,2017,269,17,5,NA,NA,A,NA,NA,NA,NA,20172691705
998,2017269,1840,2017,269,18,40,NA,NA,A,NA,NA,NA,NA,20172691840
999,2017270,1330,2017,270,13,30,-34.55416666,-58.50906357,T,0.22525,0.156,0.0252,0,20172701330
1000,2017270,1510,2017,270,15,10,NA,NA,T,NA,NA,NA,NA,20172701510
1001,2017270,1605,2017,270,16,5,NA,NA,A,NA,NA,NA,NA,20172701605
1002,2017270,1745,2017,270,17,45,NA,NA,A,NA,NA,NA,NA,20172701745
1003,2017271,1235,2017,271,12,35,NA,NA,T,NA,NA,NA,NA,20172711235
1004,2017271,1415,2017,271,14,15,NA,NA,T,NA,NA,NA,NA,20172711415
1005,2017271,1650,2017,271,16,50,NA,NA,A,NA,NA,NA,NA,20172711650
1006,2017271,1830,2017,271,18,30,NA,NA,A,NA,NA,NA,NA,20172711830
1007,2017272,1320,2017,272,13,20,NA,NA,T,NA,NA,NA,NA,20172721320
1008,2017272,1455,2017,272,14,55,NA,NA,T,NA,NA,NA,NA,20172721455
1009,2017272,1735,2017,272,17,35,NA,NA,A,NA,NA,NA,NA,20172721735
1010,2017272,1910,2017,272,19,10,NA,NA,A,NA,NA,NA,NA,20172721910
1011,2017273,1400,2017,273,14,0,NA,NA,T,NA,NA,NA,NA,20172731400
1012,2017273,1640,2017,273,16,40,NA,NA,A,NA,NA,NA,NA,20172731640
1013,2017273,1815,2017,273,18,15,NA,NA,A,NA,NA,NA,NA,20172731815
1014,2017274,1305,2017,274,13,5,NA,NA,T,NA,NA,NA,NA,20172741305
1015,2017274,1445,2017,274,14,45,NA,NA,T,NA,NA,NA,NA,20172741445
1016,2017274,1720,2017,274,17,20,NA,NA,A,NA,NA,NA,NA,20172741720
1017,2017274,1900,2017,274,19,0,NA,NA,A,NA,NA,NA,NA,20172741900
1018,2017275,1350,2017,275,13,50,NA,NA,T,NA,NA,NA,NA,20172751350
1019,2017275,1625,2017,275,16,25,NA,NA,A,NA,NA,NA,NA,20172751625
1020,2017275,1805,2017,275,18,5,NA,NA,A,NA,NA,NA,NA,20172751805
1021,2017276,1255,2017,276,12,55,NA,NA,T,NA,NA,NA,NA,20172761255
1022,2017276,1430,2017,276,14,30,NA,NA,T,NA,NA,NA,NA,20172761430
1023,2017276,1710,2017,276,17,10,NA,NA,A,NA,NA,NA,NA,20172761710
1024,2017276,1845,2017,276,18,45,NA,NA,A,NA,NA,NA,NA,20172761845
1025,2017277,1335,2017,277,13,35,NA,NA,T,NA,NA,NA,NA,20172771335
1026,2017277,1515,2017,277,15,15,NA,NA,T,NA,NA,NA,NA,20172771515
1027,2017277,1615,2017,277,16,15,NA,NA,A,NA,NA,NA,NA,20172771615
1028,2017277,1750,2017,277,17,50,NA,NA,A,NA,NA,NA,NA,20172771750
1029,2017278,1240,2017,278,12,40,NA,NA,T,NA,NA,NA,NA,20172781240
1030,2017278,1420,2017,278,14,20,NA,NA,T,NA,NA,NA,NA,20172781420
1031,2017278,1655,2017,278,16,55,NA,NA,A,NA,NA,NA,NA,20172781655
1032,2017278,1835,2017,278,18,35,-34.55416666,-58.50906357,A,0.0495,0.03375,0.0162,0,20172781835
1033,2017279,1325,2017,279,13,25,-34.55416666,-58.50906357,T,0.0415,0.0285,0.0224,0,20172791325
1034,2017279,1505,2017,279,15,5,NA,NA,T,NA,NA,NA,NA,20172791505
1035,2017279,1740,2017,279,17,40,-34.55416666,-58.50906357,A,0.08425,0.0575,0.0354,0,20172791740
1036,2017279,1915,2017,279,19,15,NA,NA,A,NA,NA,NA,NA,20172791915
1037,2017280,1230,2017,280,12,30,NA,NA,T,NA,NA,NA,NA,20172801230
1038,2017280,1410,2017,280,14,10,-34.55416666,-58.50906357,T,0.07425,0.0505,0.0489,0,20172801410
1039,2017280,1645,2017,280,16,45,NA,NA,A,NA,NA,NA,NA,20172801645
1040,2017280,1820,2017,280,18,20,NA,NA,A,NA,NA,NA,NA,20172801820
1041,2017281,1315,2017,281,13,15,NA,NA,T,NA,NA,NA,NA,20172811315
1042,2017281,1450,2017,281,14,50,NA,NA,T,NA,NA,NA,NA,20172811450
1043,2017281,1725,2017,281,17,25,NA,NA,A,NA,NA,NA,NA,20172811725
1044,2017281,1905,2017,281,19,5,NA,NA,A,NA,NA,NA,NA,20172811905
1045,2017282,1355,2017,282,13,55,NA,NA,T,NA,NA,NA,NA,20172821355
1046,2017282,1630,2017,282,16,30,NA,NA,A,NA,NA,NA,NA,20172821630
1047,2017282,1810,2017,282,18,10,NA,NA,A,NA,NA,NA,NA,20172821810
1048,2017283,1300,2017,283,13,0,NA,NA,T,NA,NA,NA,NA,20172831300
1049,2017283,1440,2017,283,14,40,NA,NA,T,NA,NA,NA,NA,20172831440
1050,2017283,1715,2017,283,17,15,NA,NA,A,NA,NA,NA,NA,20172831715
1051,2017283,1850,2017,283,18,50,NA,NA,A,NA,NA,NA,NA,20172831850
1052,2017284,1345,2017,284,13,45,NA,NA,T,NA,NA,NA,NA,20172841345
1053,2017284,1620,2017,284,16,20,NA,NA,A,NA,NA,NA,NA,20172841620
1054,2017284,1800,2017,284,18,0,NA,NA,A,NA,NA,NA,NA,20172841800
1055,2017285,1250,2017,285,12,50,NA,NA,T,NA,NA,NA,NA,20172851250
1056,2017285,1425,2017,285,14,25,NA,NA,T,NA,NA,NA,NA,20172851425
1057,2017285,1705,2017,285,17,5,NA,NA,A,NA,NA,NA,NA,20172851705
1058,2017285,1840,2017,285,18,40,NA,NA,A,NA,NA,NA,NA,20172851840
1059,2017286,1330,2017,286,13,30,NA,NA,T,NA,NA,NA,NA,20172861330
1060,2017286,1510,2017,286,15,10,NA,NA,T,NA,NA,NA,NA,20172861510
1061,2017286,1605,2017,286,16,5,NA,NA,A,NA,NA,NA,NA,20172861605
1062,2017286,1745,2017,286,17,45,NA,NA,A,NA,NA,NA,NA,20172861745
1063,2017287,1235,2017,287,12,35,NA,NA,T,NA,NA,NA,NA,20172871235
1064,2017287,1415,2017,287,14,15,-34.55416666,-58.50906357,T,0.07475,0.051,0.0572,0,20172871415
1065,2017287,1650,2017,287,16,50,NA,NA,A,NA,NA,NA,NA,20172871650
1066,2017287,1830,2017,287,18,30,-34.55416666,-58.50906357,A,0.04975,0.034,0.0234,0,20172871830
1067,2017288,1320,2017,288,13,20,-34.55416666,-58.50906357,T,0.054,0.03675,0.0245,0,20172881320
1068,2017288,1455,2017,288,14,55,NA,NA,T,NA,NA,NA,NA,20172881455
1069,2017288,1735,2017,288,17,35,-34.55416666,-58.50906357,A,0.121,0.083,0.0408,0,20172881735
1070,2017288,1910,2017,288,19,10,NA,NA,A,NA,NA,NA,NA,20172881910
1071,2017289,1400,2017,289,14,0,-34.55416666,-58.50906357,T,0.03125,0.021,0.077,0,20172891400
1072,2017289,1640,2017,289,16,40,NA,NA,A,NA,NA,NA,NA,20172891640
1073,2017289,1815,2017,289,18,15,NA,NA,A,NA,NA,NA,NA,20172891815
1074,2017290,1305,2017,290,13,5,NA,NA,T,NA,NA,NA,NA,20172901305
1075,2017290,1445,2017,290,14,45,NA,NA,T,NA,NA,NA,NA,20172901445
1076,2017290,1720,2017,290,17,20,NA,NA,A,NA,NA,NA,NA,20172901720
1077,2017290,1900,2017,290,19,0,NA,NA,A,NA,NA,NA,NA,20172901900
1078,2017291,1350,2017,291,13,50,NA,NA,T,NA,NA,NA,NA,20172911350
1079,2017291,1625,2017,291,16,25,NA,NA,A,NA,NA,NA,NA,20172911625
1080,2017291,1805,2017,291,18,5,NA,NA,A,NA,NA,NA,NA,20172911805
1081,2017292,1255,2017,292,12,55,NA,NA,T,NA,NA,NA,NA,20172921255
1082,2017292,1430,2017,292,14,30,-34.55416666,-58.50906357,T,0.02725,0.0185,0.0233,0,20172921430
1083,2017292,1710,2017,292,17,10,-34.55416666,-58.50906357,A,0.08975,0.0615,0.0122,0,20172921710
1084,2017292,1845,2017,292,18,45,NA,NA,A,NA,NA,NA,NA,20172921845
1085,2017293,1335,2017,293,13,35,-34.55416666,-58.50906357,T,0.053,0.0365,0.0463,0,20172931335
1086,2017293,1515,2017,293,15,15,NA,NA,T,NA,NA,NA,NA,20172931515
1087,2017293,1615,2017,293,16,15,NA,NA,A,NA,NA,NA,NA,20172931615
1088,2017293,1750,2017,293,17,50,NA,NA,A,NA,NA,NA,NA,20172931750
1089,2017294,1240,2017,294,12,40,NA,NA,T,NA,NA,NA,NA,20172941240
1090,2017294,1420,2017,294,14,20,-34.55416666,-58.50906357,T,0.07225,0.0495,0.0444,0,20172941420
1091,2017294,1655,2017,294,16,55,NA,NA,A,NA,NA,NA,NA,20172941655
1092,2017294,1835,2017,294,18,35,NA,NA,A,NA,NA,NA,NA,20172941835
1093,2017295,1325,2017,295,13,25,-34.55416666,-58.50906357,T,0.101,0.069,0.0292,0,20172951325
1094,2017295,1505,2017,295,15,5,NA,NA,T,NA,NA,NA,NA,20172951505
1095,2017295,1740,2017,295,17,40,-34.55416666,-58.50906357,A,0.1205,0.08275,0.0495,0,20172951740
1096,2017295,1915,2017,295,19,15,NA,NA,A,NA,NA,NA,NA,20172951915
1097,2017296,1230,2017,296,12,30,NA,NA,T,NA,NA,NA,NA,20172961230
1098,2017296,1410,2017,296,14,10,-34.5625,-58.50480593,T,0.117,0.081,0.0557,0,20172961410
1099,2017296,1645,2017,296,16,45,NA,NA,A,NA,NA,NA,NA,20172961645
1100,2017296,1825,2017,296,18,25,NA,NA,A,NA,NA,NA,NA,20172961825
1101,2017297,1315,2017,297,13,15,NA,NA,T,NA,NA,NA,NA,20172971315
1102,2017297,1450,2017,297,14,50,NA,NA,T,NA,NA,NA,NA,20172971450
1103,2017297,1730,2017,297,17,30,NA,NA,A,NA,NA,NA,NA,20172971730
1104,2017297,1905,2017,297,19,5,NA,NA,A,NA,NA,NA,NA,20172971905
1105,2017298,1355,2017,298,13,55,NA,NA,T,NA,NA,NA,NA,20172981355
1106,2017298,1630,2017,298,16,30,NA,NA,A,NA,NA,NA,NA,20172981630
1107,2017298,1810,2017,298,18,10,NA,NA,A,NA,NA,NA,NA,20172981810
1108,2017299,1300,2017,299,13,0,NA,NA,T,NA,NA,NA,NA,20172991300
1109,2017299,1440,2017,299,14,40,NA,NA,T,NA,NA,NA,NA,20172991440
1110,2017299,1715,2017,299,17,15,NA,NA,A,NA,NA,NA,NA,20172991715
1111,2017299,1850,2017,299,18,50,NA,NA,A,NA,NA,NA,NA,20172991850
1112,2017300,1345,2017,300,13,45,NA,NA,T,NA,NA,NA,NA,20173001345
1113,2017300,1620,2017,300,16,20,NA,NA,A,NA,NA,NA,NA,20173001620
1114,2017300,1800,2017,300,18,0,NA,NA,A,NA,NA,NA,NA,20173001800
1115,2017301,1250,2017,301,12,50,NA,NA,T,NA,NA,NA,NA,20173011250
1116,2017301,1425,2017,301,14,25,NA,NA,T,NA,NA,NA,NA,20173011425
1117,2017301,1705,2017,301,17,5,-34.55416666,-58.50906357,A,0.13475,0.09275,0.0084,0,20173011705
1118,2017301,1840,2017,301,18,40,-34.55416666,-58.50906357,A,0.10625,0.073,0.0135,0,20173011840
1119,2017302,1330,2017,302,13,30,NA,NA,T,NA,NA,NA,NA,20173021330
1120,2017302,1510,2017,302,15,10,NA,NA,T,NA,NA,NA,NA,20173021510
1121,2017302,1605,2017,302,16,5,NA,NA,A,NA,NA,NA,NA,20173021605
1122,2017302,1745,2017,302,17,45,NA,NA,A,NA,NA,NA,NA,20173021745
1123,2017303,1235,2017,303,12,35,NA,NA,T,NA,NA,NA,NA,20173031235
1124,2017303,1415,2017,303,14,15,NA,NA,T,NA,NA,NA,NA,20173031415
1125,2017303,1650,2017,303,16,50,NA,NA,A,NA,NA,NA,NA,20173031650
1126,2017303,1830,2017,303,18,30,NA,NA,A,NA,NA,NA,NA,20173031830
1127,2017304,1320,2017,304,13,20,-34.55416666,-58.50906357,T,0.03725,0.0255,0.0249,0,20173041320
1128,2017304,1455,2017,304,14,55,NA,NA,T,NA,NA,NA,NA,20173041455
1129,2017304,1735,2017,304,17,35,-34.55416666,-58.50906357,A,0.10075,0.06925,0.033,0,20173041735
1130,2017304,1910,2017,304,19,10,NA,NA,A,NA,NA,NA,NA,20173041910
1131,2017305,1400,2017,305,14,0,NA,NA,T,NA,NA,NA,NA,20173051400
1132,2017305,1640,2017,305,16,40,NA,NA,A,NA,NA,NA,NA,20173051640
1133,2017305,1815,2017,305,18,15,NA,NA,A,NA,NA,NA,NA,20173051815
1134,2017306,1305,2017,306,13,5,NA,NA,T,NA,NA,NA,NA,20173061305
1135,2017306,1445,2017,306,14,45,NA,NA,T,NA,NA,NA,NA,20173061445
1136,2017306,1720,2017,306,17,20,NA,NA,A,NA,NA,NA,NA,20173061720
1137,2017306,1900,2017,306,19,0,NA,NA,A,NA,NA,NA,NA,20173061900
1138,2017307,1350,2017,307,13,50,NA,NA,T,NA,NA,NA,NA,20173071350
1139,2017307,1625,2017,307,16,25,NA,NA,A,NA,NA,NA,NA,20173071625
1140,2017307,1805,2017,307,18,5,-34.55416666,-58.50906357,A,0.06075,0.0415,0.0573,0,20173071805
1141,2017308,1255,2017,308,12,55,NA,NA,T,NA,NA,NA,NA,20173081255
1142,2017308,1430,2017,308,14,30,-34.55416666,-58.50906357,T,0.0335,0.0225,0.0261,0,20173081430
1143,2017308,1710,2017,308,17,10,NA,NA,A,NA,NA,NA,NA,20173081710
1144,2017308,1845,2017,308,18,45,NA,NA,A,NA,NA,NA,NA,20173081845
1145,2017309,1335,2017,309,13,35,-34.55416666,-58.50906357,T,0.0385,0.026,0.0478,0,20173091335
1146,2017309,1515,2017,309,15,15,NA,NA,T,NA,NA,NA,NA,20173091515
1147,2017309,1615,2017,309,16,15,NA,NA,A,NA,NA,NA,NA,20173091615
1148,2017309,1750,2017,309,17,50,NA,NA,A,NA,NA,NA,NA,20173091750
1149,2017310,1240,2017,310,12,40,NA,NA,T,NA,NA,NA,NA,20173101240
1150,2017310,1420,2017,310,14,20,NA,NA,T,NA,NA,NA,NA,20173101420
1151,2017310,1655,2017,310,16,55,NA,NA,A,NA,NA,NA,NA,20173101655
1152,2017310,1835,2017,310,18,35,NA,NA,A,NA,NA,NA,NA,20173101835
1153,2017311,1325,2017,311,13,25,NA,NA,T,NA,NA,NA,NA,20173111325
1154,2017311,1505,2017,311,15,5,NA,NA,T,NA,NA,NA,NA,20173111505
1155,2017311,1740,2017,311,17,40,NA,NA,A,NA,NA,NA,NA,20173111740
1156,2017311,1915,2017,311,19,15,NA,NA,A,NA,NA,NA,NA,20173111915
1157,2017312,1230,2017,312,12,30,NA,NA,T,NA,NA,NA,NA,20173121230
1158,2017312,1410,2017,312,14,10,NA,NA,T,NA,NA,NA,NA,20173121410
1159,2017312,1645,2017,312,16,45,NA,NA,A,NA,NA,NA,NA,20173121645
1160,2017312,1825,2017,312,18,25,NA,NA,A,NA,NA,NA,NA,20173121825
1161,2017313,1315,2017,313,13,15,-34.55416666,-58.50906357,T,0.034,0.02325,0.0236,0,20173131315
1162,2017313,1450,2017,313,14,50,-34.55416666,-58.50906357,T,0.024,0.01625,0.0144,0,20173131450
1163,2017313,1730,2017,313,17,30,NA,NA,A,NA,NA,NA,NA,20173131730
1164,2017313,1905,2017,313,19,5,NA,NA,A,NA,NA,NA,NA,20173131905
1165,2017314,1355,2017,314,13,55,-34.55416666,-58.50906357,T,0.04925,0.0335,0.0834,0,20173141355
1166,2017314,1630,2017,314,16,30,NA,NA,A,NA,NA,NA,NA,20173141630
1167,2017314,1810,2017,314,18,10,NA,NA,A,NA,NA,NA,NA,20173141810
1168,2017315,1300,2017,315,13,0,NA,NA,T,NA,NA,NA,NA,20173151300
1169,2017315,1440,2017,315,14,40,-34.55416666,-58.50906357,T,0.034,0.02325,0.0223,0,20173151440
1170,2017315,1715,2017,315,17,15,-34.55416666,-58.50906357,A,0.09625,0.066,0.0182,0,20173151715
1171,2017315,1850,2017,315,18,50,NA,NA,A,NA,NA,NA,NA,20173151850
1172,2017316,1345,2017,316,13,45,-34.55416666,-58.50906357,T,0.04625,0.0315,0.0671,0,20173161345
1173,2017316,1620,2017,316,16,20,NA,NA,A,NA,NA,NA,NA,20173161620
1174,2017316,1800,2017,316,18,0,-34.55416666,-58.50906357,A,0.11075,0.07625,0.0535,0,20173161800
1175,2017317,1250,2017,317,12,50,NA,NA,T,NA,NA,NA,NA,20173171250
1176,2017317,1425,2017,317,14,25,-34.55416666,-58.50906357,T,0.06025,0.04125,0.0299,0,20173171425
1177,2017317,1705,2017,317,17,5,-34.5625,-58.51492525,A,0.1835,0.126,0.0113,0,20173171705
1178,2017317,1840,2017,317,18,40,-34.55416666,-58.50906357,A,0.214,0.14825,0.0227,0,20173171840
1179,2017318,1330,2017,318,13,30,-34.5625,-58.51492525,T,0.099,0.068,0.0422,0,20173181330
1180,2017318,1510,2017,318,15,10,NA,NA,T,NA,NA,NA,NA,20173181510
1181,2017318,1745,2017,318,17,45,-34.55416666,-58.50906357,A,0.04625,0.0315,0.0532,0,20173181745
1182,2017319,1235,2017,319,12,35,NA,NA,T,NA,NA,NA,NA,20173191235
1183,2017319,1415,2017,319,14,15,-34.55416666,-58.50906357,T,0.10525,0.072,0.0539,0,20173191415
1184,2017319,1650,2017,319,16,50,NA,NA,A,NA,NA,NA,NA,20173191650
1185,2017319,1830,2017,319,18,30,NA,NA,A,NA,NA,NA,NA,20173191830
1186,2017320,1320,2017,320,13,20,-34.55416666,-58.50906357,T,0.05325,0.03625,0.0303,0,20173201320
1187,2017320,1455,2017,320,14,55,NA,NA,T,NA,NA,NA,NA,20173201455
1188,2017320,1735,2017,320,17,35,NA,NA,A,NA,NA,NA,NA,20173201735
1189,2017320,1910,2017,320,19,10,NA,NA,A,NA,NA,NA,NA,20173201910
1190,2017321,1400,2017,321,14,0,-34.55416666,-58.50906357,T,0.037,0.025,0.0735,0,20173211400
1191,2017321,1640,2017,321,16,40,NA,NA,A,NA,NA,NA,NA,20173211640
1192,2017321,1815,2017,321,18,15,NA,NA,A,NA,NA,NA,NA,20173211815
1193,2017322,1305,2017,322,13,5,NA,NA,T,NA,NA,NA,NA,20173221305
1194,2017322,1445,2017,322,14,45,NA,NA,T,NA,NA,NA,NA,20173221445
1195,2017322,1720,2017,322,17,20,NA,NA,A,NA,NA,NA,NA,20173221720
1196,2017322,1900,2017,322,19,0,NA,NA,A,NA,NA,NA,NA,20173221900
1197,2017323,1350,2017,323,13,50,-34.55416666,-58.50906357,T,0.02525,0.01675,0.0713,0,20173231350
1198,2017323,1625,2017,323,16,25,NA,NA,A,NA,NA,NA,NA,20173231625
1199,2017323,1805,2017,323,18,5,NA,NA,A,NA,NA,NA,NA,20173231805
1200,2017324,1255,2017,324,12,55,NA,NA,T,NA,NA,NA,NA,20173241255
1201,2017324,1430,2017,324,14,30,NA,NA,T,NA,NA,NA,NA,20173241430
1202,2017324,1710,2017,324,17,10,NA,NA,A,NA,NA,NA,NA,20173241710
1203,2017324,1845,2017,324,18,45,NA,NA,A,NA,NA,NA,NA,20173241845
1204,2017325,1335,2017,325,13,35,-34.55416666,-58.50906357,T,0.06825,0.0465,0.043,0,20173251335
1205,2017325,1515,2017,325,15,15,NA,NA,T,NA,NA,NA,NA,20173251515
1206,2017325,1615,2017,325,16,15,NA,NA,A,NA,NA,NA,NA,20173251615
1207,2017325,1750,2017,325,17,50,-34.5625,-58.51492525,A,0.158,0.109,0.0833,0,20173251750
1208,2017326,1240,2017,326,12,40,NA,NA,T,NA,NA,NA,NA,20173261240
1209,2017326,1420,2017,326,14,20,-34.55416666,-58.49894527,T,0.157,0.108,0.0384,0,20173261420
1210,2017326,1655,2017,326,16,55,NA,NA,A,NA,NA,NA,NA,20173261655
1211,2017326,1835,2017,326,18,35,NA,NA,A,NA,NA,NA,NA,20173261835
1212,2017327,1325,2017,327,13,25,-34.55416666,-58.50906357,T,0.146,0.1005,0.0282,0,20173271325
1213,2017327,1505,2017,327,15,5,NA,NA,T,NA,NA,NA,NA,20173271505
1214,2017327,1740,2017,327,17,40,NA,NA,A,NA,NA,NA,NA,20173271740
1215,2017327,1915,2017,327,19,15,NA,NA,A,NA,NA,NA,NA,20173271915
1216,2017328,1230,2017,328,12,30,NA,NA,T,NA,NA,NA,NA,20173281230
1217,2017328,1410,2017,328,14,10,NA,NA,T,NA,NA,NA,NA,20173281410
1218,2017328,1645,2017,328,16,45,NA,NA,A,NA,NA,NA,NA,20173281645
1219,2017328,1825,2017,328,18,25,NA,NA,A,NA,NA,NA,NA,20173281825
1220,2017329,1315,2017,329,13,15,-34.55416666,-58.50906357,T,0.1115,0.07675,0.0185,0,20173291315
1221,2017329,1450,2017,329,14,50,-34.55416666,-58.50906357,T,0.04425,0.03,0.0107,0,20173291450
1222,2017329,1730,2017,329,17,30,-34.55416666,-58.50906357,A,0.14333,0.09867,0.0257,0,20173291730
1223,2017329,1905,2017,329,19,5,NA,NA,A,NA,NA,NA,NA,20173291905
1224,2017330,1355,2017,330,13,55,-34.55416666,-58.50906357,T,0.07275,0.0495,0.0603,0,20173301355
1225,2017330,1630,2017,330,16,30,NA,NA,A,NA,NA,NA,NA,20173301630
1226,2017330,1810,2017,330,18,10,-34.55416666,-58.50906357,A,0.0835,0.057,0.0458,0,20173301810
1227,2017331,1300,2017,331,13,0,NA,NA,T,NA,NA,NA,NA,20173311300
1228,2017331,1440,2017,331,14,40,-34.55416666,-58.50906357,T,0.13975,0.09625,0.0222,0,20173311440
1229,2017331,1715,2017,331,17,15,-34.55416666,-58.50906357,A,0.205,0.142,0.0215,0,20173311715
1230,2017331,1850,2017,331,18,50,NA,NA,A,NA,NA,NA,NA,20173311850
1231,2017332,1345,2017,332,13,45,-34.55416666,-58.50906357,T,0.146,0.1005,0.0569,0,20173321345
1232,2017332,1620,2017,332,16,20,NA,NA,A,NA,NA,NA,NA,20173321620
1233,2017332,1800,2017,332,18,0,-34.55416666,-58.50906357,A,0.171,0.1175,0.0665,0,20173321800
1234,2017333,1250,2017,333,12,50,NA,NA,T,NA,NA,NA,NA,20173331250
1235,2017333,1425,2017,333,14,25,NA,NA,T,NA,NA,NA,NA,20173331425
1236,2017333,1705,2017,333,17,5,NA,NA,A,NA,NA,NA,NA,20173331705
1237,2017333,1840,2017,333,18,40,NA,NA,A,NA,NA,NA,NA,20173331840
1238,2017334,1330,2017,334,13,30,-34.55416666,-58.50906357,T,0.14675,0.101,0.0389,0,20173341330
1239,2017334,1510,2017,334,15,10,NA,NA,T,NA,NA,NA,NA,20173341510
1240,2017334,1745,2017,334,17,45,-34.55416666,-58.50906357,A,0.20575,0.1425,0.0579,0,20173341745
1241,2017335,1235,2017,335,12,35,NA,NA,T,NA,NA,NA,NA,20173351235
1242,2017335,1415,2017,335,14,15,-34.55416666,-58.50906357,T,0.0805,0.05525,0.0521,0,20173351415
1243,2017335,1650,2017,335,16,50,NA,NA,A,NA,NA,NA,NA,20173351650
1244,2017335,1830,2017,335,18,30,NA,NA,A,NA,NA,NA,NA,20173351830
1245,2017336,1320,2017,336,13,20,NA,NA,T,NA,NA,NA,NA,20173361320
1246,2017336,1455,2017,336,14,55,NA,NA,T,NA,NA,NA,NA,20173361455
1247,2017336,1735,2017,336,17,35,NA,NA,A,NA,NA,NA,NA,20173361735
1248,2017336,1910,2017,336,19,10,NA,NA,A,NA,NA,NA,NA,20173361910
1249,2017337,1400,2017,337,14,0,NA,NA,T,NA,NA,NA,NA,20173371400
1250,2017337,1640,2017,337,16,40,NA,NA,A,NA,NA,NA,NA,20173371640
1251,2017337,1815,2017,337,18,15,NA,NA,A,NA,NA,NA,NA,20173371815
1252,2017338,1305,2017,338,13,5,NA,NA,T,NA,NA,NA,NA,20173381305
1253,2017338,1445,2017,338,14,45,NA,NA,T,NA,NA,NA,NA,20173381445
1254,2017338,1720,2017,338,17,20,NA,NA,A,NA,NA,NA,NA,20173381720
1255,2017338,1900,2017,338,19,0,NA,NA,A,NA,NA,NA,NA,20173381900
1256,2017339,1350,2017,339,13,50,-34.55416666,-58.50906357,T,0.178,0.1225,0.076,0,20173391350
1257,2017339,1625,2017,339,16,25,NA,NA,A,NA,NA,NA,NA,20173391625
1258,2017339,1805,2017,339,18,5,-34.55416666,-58.50906357,A,0.251,0.1735,0.0652,0,20173391805
1259,2017340,1255,2017,340,12,55,NA,NA,T,NA,NA,NA,NA,20173401255
1260,2017340,1430,2017,340,14,30,NA,NA,T,NA,NA,NA,NA,20173401430
1261,2017340,1710,2017,340,17,10,NA,NA,A,NA,NA,NA,NA,20173401710
1262,2017340,1845,2017,340,18,45,NA,NA,A,NA,NA,NA,NA,20173401845
1263,2017341,1335,2017,341,13,35,-34.55416666,-58.50906357,T,0.09525,0.0655,0.0486,0,20173411335
1264,2017341,1515,2017,341,15,15,NA,NA,T,NA,NA,NA,NA,20173411515
1265,2017341,1615,2017,341,16,15,NA,NA,A,NA,NA,NA,NA,20173411615
1266,2017341,1750,2017,341,17,50,-34.55416666,-58.50906357,A,0.24925,0.173,0.077,0,20173411750
1267,2017342,1240,2017,342,12,40,NA,NA,T,NA,NA,NA,NA,20173421240
1268,2017342,1420,2017,342,14,20,NA,NA,T,NA,NA,NA,NA,20173421420
1269,2017342,1655,2017,342,16,55,NA,NA,A,NA,NA,NA,NA,20173421655
1270,2017342,1835,2017,342,18,35,NA,NA,A,NA,NA,NA,NA,20173421835
1271,2017343,1325,2017,343,13,25,-34.55416666,-58.50906357,T,0.10175,0.06975,0.0305,0,20173431325
1272,2017343,1505,2017,343,15,5,NA,NA,T,NA,NA,NA,NA,20173431505
1273,2017343,1740,2017,343,17,40,NA,NA,A,NA,NA,NA,NA,20173431740
1274,2017343,1915,2017,343,19,15,NA,NA,A,NA,NA,NA,NA,20173431915
1275,2017344,1230,2017,344,12,30,NA,NA,T,NA,NA,NA,NA,20173441230
1276,2017344,1410,2017,344,14,10,NA,NA,T,NA,NA,NA,NA,20173441410
1277,2017344,1645,2017,344,16,45,NA,NA,A,NA,NA,NA,NA,20173441645
1278,2017344,1825,2017,344,18,25,-34.55416666,-58.50906357,A,0.1055,0.07225,0.0357,0,20173441825
1279,2017345,1315,2017,345,13,15,-34.55416666,-58.50906357,T,0.08375,0.057,0.0183,0,20173451315
1280,2017345,1450,2017,345,14,50,-34.55416666,-58.50906357,T,0.03825,0.02625,0.0135,0,20173451450
1281,2017345,1730,2017,345,17,30,NA,NA,A,NA,NA,NA,NA,20173451730
1282,2017345,1905,2017,345,19,5,NA,NA,A,NA,NA,NA,NA,20173451905
1283,2017346,1355,2017,346,13,55,NA,NA,T,NA,NA,NA,NA,20173461355
1284,2017346,1630,2017,346,16,30,NA,NA,A,NA,NA,NA,NA,20173461630
1285,2017346,1810,2017,346,18,10,NA,NA,A,NA,NA,NA,NA,20173461810
1286,2017347,1300,2017,347,13,0,NA,NA,T,NA,NA,NA,NA,20173471300
1287,2017347,1440,2017,347,14,40,NA,NA,T,NA,NA,NA,NA,20173471440
1288,2017347,1715,2017,347,17,15,NA,NA,A,NA,NA,NA,NA,20173471715
1289,2017347,1850,2017,347,18,50,NA,NA,A,NA,NA,NA,NA,20173471850
1290,2017348,1345,2017,348,13,45,-34.55416666,-58.50906357,T,0.1065,0.073,0.0543,0,20173481345
1291,2017348,1620,2017,348,16,20,NA,NA,A,NA,NA,NA,NA,20173481620
1292,2017348,1800,2017,348,18,0,-34.55416666,-58.50906357,A,0.14775,0.10125,0.0708,0,20173481800
1293,2017349,1250,2017,349,12,50,NA,NA,T,NA,NA,NA,NA,20173491250
1294,2017349,1425,2017,349,14,25,-34.55416666,-58.50906357,T,0.12225,0.084,0.038,0,20173491425
1295,2017349,1705,2017,349,17,5,-34.55416666,-58.50906357,A,0.17733,0.12167,0.0173,0,20173491705
1296,2017349,1840,2017,349,18,40,-34.5625,-58.51492525,A,0.1185,0.0815,0.0165,0,20173491840
1297,2017350,1330,2017,350,13,30,NA,NA,T,NA,NA,NA,NA,20173501330
1298,2017350,1510,2017,350,15,10,NA,NA,T,NA,NA,NA,NA,20173501510
1299,2017350,1745,2017,350,17,45,NA,NA,A,NA,NA,NA,NA,20173501745
1300,2017351,1235,2017,351,12,35,NA,NA,T,NA,NA,NA,NA,20173511235
1301,2017351,1415,2017,351,14,15,NA,NA,T,NA,NA,NA,NA,20173511415
1302,2017351,1650,2017,351,16,50,NA,NA,A,NA,NA,NA,NA,20173511650
1303,2017351,1830,2017,351,18,30,-34.55416666,-58.50906357,A,0.1565,0.108,0.029,0,20173511830
1304,2017352,1320,2017,352,13,20,-34.55416666,-58.50906357,T,0.19825,0.1365,0.0282,0,20173521320
1305,2017352,1455,2017,352,14,55,NA,NA,T,NA,NA,NA,NA,20173521455
1306,2017352,1735,2017,352,17,35,NA,NA,A,NA,NA,NA,NA,20173521735
1307,2017352,1910,2017,352,19,10,NA,NA,A,NA,NA,NA,NA,20173521910
1308,2017353,1400,2017,353,14,0,NA,NA,T,NA,NA,NA,NA,20173531400
1309,2017353,1640,2017,353,16,40,NA,NA,A,NA,NA,NA,NA,20173531640
1310,2017353,1815,2017,353,18,15,NA,NA,A,NA,NA,NA,NA,20173531815
1311,2017354,1305,2017,354,13,5,NA,NA,T,NA,NA,NA,NA,20173541305
1312,2017354,1445,2017,354,14,45,-34.55416666,-58.50906357,T,0.10175,0.06975,0.0153,0,20173541445
1313,2017354,1720,2017,354,17,20,-34.55416666,-58.50906357,A,0.20525,0.1425,0.0287,0,20173541720
1314,2017354,1900,2017,354,19,0,NA,NA,A,NA,NA,NA,NA,20173541900
1315,2017355,1350,2017,355,13,50,NA,NA,T,NA,NA,NA,NA,20173551350
1316,2017355,1625,2017,355,16,25,NA,NA,A,NA,NA,NA,NA,20173551625
1317,2017355,1805,2017,355,18,5,NA,NA,A,NA,NA,NA,NA,20173551805
1318,2017356,1255,2017,356,12,55,NA,NA,T,NA,NA,NA,NA,20173561255
1319,2017356,1430,2017,356,14,30,NA,NA,T,NA,NA,NA,NA,20173561430
1320,2017356,1710,2017,356,17,10,-34.55416666,-58.49894527,A,0.22,0.152,0.0128,0,20173561710
1321,2017356,1845,2017,356,18,45,NA,NA,A,NA,NA,NA,NA,20173561845
1322,2017357,1335,2017,357,13,35,NA,NA,T,NA,NA,NA,NA,20173571335
1323,2017357,1515,2017,357,15,15,NA,NA,T,NA,NA,NA,NA,20173571515
1324,2017357,1615,2017,357,16,15,NA,NA,A,NA,NA,NA,NA,20173571615
1325,2017357,1750,2017,357,17,50,NA,NA,A,NA,NA,NA,NA,20173571750
1326,2017358,1240,2017,358,12,40,NA,NA,T,NA,NA,NA,NA,20173581240
1327,2017358,1420,2017,358,14,20,NA,NA,T,NA,NA,NA,NA,20173581420
1328,2017358,1655,2017,358,16,55,NA,NA,A,NA,NA,NA,NA,20173581655
1329,2017358,1835,2017,358,18,35,-34.55416666,-58.50906357,A,0.11175,0.077,0.0272,0,20173581835
1330,2017359,1325,2017,359,13,25,-34.55416666,-58.50906357,T,0.13675,0.094,0.0379,0,20173591325
1331,2017359,1505,2017,359,15,5,NA,NA,T,NA,NA,NA,NA,20173591505
1332,2017359,1740,2017,359,17,40,-34.55416666,-58.49894527,A,0.20833,0.14433,0.0465,0,20173591740
1333,2017359,1915,2017,359,19,15,NA,NA,A,NA,NA,NA,NA,20173591915
1334,2017360,1230,2017,360,12,30,NA,NA,T,NA,NA,NA,NA,20173601230
1335,2017360,1410,2017,360,14,10,NA,NA,T,NA,NA,NA,NA,20173601410
1336,2017360,1645,2017,360,16,45,NA,NA,A,NA,NA,NA,NA,20173601645
1337,2017360,1825,2017,360,18,25,NA,NA,A,NA,NA,NA,NA,20173601825
1338,2017361,1315,2017,361,13,15,NA,NA,T,NA,NA,NA,NA,20173611315
1339,2017361,1450,2017,361,14,50,NA,NA,T,NA,NA,NA,NA,20173611450
1340,2017361,1730,2017,361,17,30,NA,NA,A,NA,NA,NA,NA,20173611730
1341,2017361,1905,2017,361,19,5,NA,NA,A,NA,NA,NA,NA,20173611905
1342,2017362,1355,2017,362,13,55,-34.55416666,-58.50906357,T,0.1695,0.11675,0.1131,0,20173621355
1343,2017362,1630,2017,362,16,30,NA,NA,A,NA,NA,NA,NA,20173621630
1344,2017362,1810,2017,362,18,10,-34.55416666,-58.50906357,A,0.141,0.0965,0.0676,0,20173621810
1345,2017363,1300,2017,363,13,0,NA,NA,T,NA,NA,NA,NA,20173631300
1346,2017363,1440,2017,363,14,40,-34.55416666,-58.50906357,T,0.1385,0.09525,0.0229,0,20173631440
1347,2017363,1715,2017,363,17,15,-34.5625,-58.51492525,A,0.4025,0.2825,0.0214,0,20173631715
1348,2017363,1850,2017,363,18,50,NA,NA,A,NA,NA,NA,NA,20173631850
1349,2017364,1345,2017,364,13,45,-34.55416666,-58.50906357,T,0.117,0.08025,0.0678,0,20173641345
1350,2017364,1620,2017,364,16,20,NA,NA,A,NA,NA,NA,NA,20173641620
1351,2017364,1800,2017,364,18,0,NA,NA,A,NA,NA,NA,NA,20173641800
1352,2017365,1250,2017,365,12,50,NA,NA,T,NA,NA,NA,NA,20173651250
1353,2017365,1425,2017,365,14,25,NA,NA,T,NA,NA,NA,NA,20173651425
1354,2017365,1705,2017,365,17,5,NA,NA,A,NA,NA,NA,NA,20173651705
1355,2017365,1840,2017,365,18,40,NA,NA,A,NA,NA,NA,NA,20173651840
1,2018001,1330,2018,1,13,30,NA,NA,T,NA,NA,NA,NA,20180011330
2,2018001,1510,2018,1,15,10,NA,NA,T,NA,NA,NA,NA,20180011510
3,2018001,1610,2018,1,16,10,NA,NA,A,NA,NA,NA,NA,20180011610
4,2018001,1745,2018,1,17,45,NA,NA,A,NA,NA,NA,NA,20180011745
5,2018002,1235,2018,2,12,35,NA,NA,T,NA,NA,NA,NA,20180021235
6,2018002,1415,2018,2,14,15,NA,NA,T,NA,NA,NA,NA,20180021415
7,2018002,1650,2018,2,16,50,NA,NA,A,NA,NA,NA,NA,20180021650
8,2018002,1830,2018,2,18,30,NA,NA,A,NA,NA,NA,NA,20180021830
9,2018003,1320,2018,3,13,20,-34.55416666,-58.50906357,T,0.09675,0.06625,0.0274,0,20180031320
10,2018003,1455,2018,3,14,55,NA,NA,T,NA,NA,NA,NA,20180031455
11,2018003,1735,2018,3,17,35,NA,NA,A,NA,NA,NA,NA,20180031735
12,2018003,1910,2018,3,19,10,NA,NA,A,NA,NA,NA,NA,20180031910
13,2018004,1400,2018,4,14,0,-34.55416666,-58.50906357,T,0.311,0.21725,0.083,0,20180041400
14,2018004,1640,2018,4,16,40,NA,NA,A,NA,NA,NA,NA,20180041640
15,2018004,1815,2018,4,18,15,-34.55416666,-58.50906357,A,0.149,0.10233,0.0426,0,20180041815
16,2018005,1305,2018,5,13,5,NA,NA,T,NA,NA,NA,NA,20180051305
17,2018005,1445,2018,5,14,45,NA,NA,T,NA,NA,NA,NA,20180051445
18,2018005,1720,2018,5,17,20,NA,NA,A,NA,NA,NA,NA,20180051720
19,2018005,1900,2018,5,19,0,NA,NA,A,NA,NA,NA,NA,20180051900
20,2018006,1350,2018,6,13,50,-34.55416666,-58.50906357,T,0.137,0.09425,0.0657,0,20180061350
21,2018006,1625,2018,6,16,25,NA,NA,A,NA,NA,NA,NA,20180061625
22,2018006,1805,2018,6,18,5,-34.55416666,-58.50906357,A,0.24325,0.16875,0.0647,0,20180061805
23,2018007,1255,2018,7,12,55,NA,NA,T,NA,NA,NA,NA,20180071255
24,2018007,1430,2018,7,14,30,-34.55416666,-58.50906357,T,0.1365,0.094,0.0247,0,20180071430
25,2018007,1710,2018,7,17,10,-34.55416666,-58.50906357,A,0.18775,0.129,0.0164,0,20180071710
26,2018007,1845,2018,7,18,45,NA,NA,A,NA,NA,NA,NA,20180071845
27,2018008,1335,2018,8,13,35,-34.55416666,-58.50906357,T,0.13025,0.0895,0.0445,0,20180081335
28,2018008,1515,2018,8,15,15,NA,NA,T,NA,NA,NA,NA,20180081515
29,2018008,1615,2018,8,16,15,NA,NA,A,NA,NA,NA,NA,20180081615
30,2018008,1750,2018,8,17,50,-34.55416666,-58.50906357,A,0.2475,0.1715,0.0728,0,20180081750
31,2018009,1240,2018,9,12,40,NA,NA,T,NA,NA,NA,NA,20180091240
32,2018009,1420,2018,9,14,20,-34.55416666,-58.50906357,T,0.12275,0.0845,0.0464,0,20180091420
33,2018009,1655,2018,9,16,55,NA,NA,A,NA,NA,NA,NA,20180091655
34,2018009,1835,2018,9,18,35,-34.55416666,-58.50906357,A,0.077,0.05267,0.018,0,20180091835
35,2018010,1325,2018,10,13,25,-34.55416666,-58.50906357,T,0.187,0.129,0.0333,0,20180101325
36,2018010,1505,2018,10,15,5,NA,NA,T,NA,NA,NA,NA,20180101505
37,2018010,1740,2018,10,17,40,-34.55416666,-58.50906357,A,0.182,0.1255,0.0637,0,20180101740
38,2018010,1915,2018,10,19,15,NA,NA,A,NA,NA,NA,NA,20180101915
39,2018011,1230,2018,11,12,30,NA,NA,T,NA,NA,NA,NA,20180111230
40,2018011,1410,2018,11,14,10,-34.55416666,-58.50906357,T,0.174,0.12025,0.077,0,20180111410
41,2018011,1645,2018,11,16,45,NA,NA,A,NA,NA,NA,NA,20180111645
42,2018011,1825,2018,11,18,25,-34.55416666,-58.50906357,A,0.26125,0.181,0.0439,0,20180111825
43,2018012,1315,2018,12,13,15,NA,NA,T,NA,NA,NA,NA,20180121315
44,2018012,1450,2018,12,14,50,NA,NA,T,NA,NA,NA,NA,20180121450
45,2018012,1730,2018,12,17,30,NA,NA,A,NA,NA,NA,NA,20180121730
46,2018012,1905,2018,12,19,5,NA,NA,A,NA,NA,NA,NA,20180121905
47,2018013,1355,2018,13,13,55,NA,NA,T,NA,NA,NA,NA,20180131355
48,2018013,1630,2018,13,16,30,NA,NA,A,NA,NA,NA,NA,20180131630
49,2018013,1810,2018,13,18,10,NA,NA,A,NA,NA,NA,NA,20180131810
50,2018014,1300,2018,14,13,0,NA,NA,T,NA,NA,NA,NA,20180141300
51,2018014,1440,2018,14,14,40,NA,NA,T,NA,NA,NA,NA,20180141440
52,2018014,1715,2018,14,17,15,NA,NA,A,NA,NA,NA,NA,20180141715
53,2018014,1850,2018,14,18,50,NA,NA,A,NA,NA,NA,NA,20180141850
54,2018015,1345,2018,15,13,45,-34.55416666,-58.50906357,T,0.14175,0.09725,0.0714,0,20180151345
55,2018015,1620,2018,15,16,20,NA,NA,A,NA,NA,NA,NA,20180151620
56,2018015,1800,2018,15,18,0,-34.55416666,-58.50906357,A,0.4035,0.2845,0.0994,0,20180151800
57,2018016,1250,2018,16,12,50,NA,NA,T,NA,NA,NA,NA,20180161250
58,2018016,1425,2018,16,14,25,NA,NA,T,NA,NA,NA,NA,20180161425
59,2018016,1705,2018,16,17,5,NA,NA,A,NA,NA,NA,NA,20180161705
60,2018016,1840,2018,16,18,40,-34.55416666,-58.50906357,A,0.2495,0.17275,0.0219,0,20180161840
61,2018017,1330,2018,17,13,30,NA,NA,T,NA,NA,NA,NA,20180171330
62,2018017,1510,2018,17,15,10,NA,NA,T,NA,NA,NA,NA,20180171510
63,2018017,1610,2018,17,16,10,NA,NA,A,NA,NA,NA,NA,20180171610
64,2018017,1745,2018,17,17,45,NA,NA,A,NA,NA,NA,NA,20180171745
65,2018018,1235,2018,18,12,35,NA,NA,T,NA,NA,NA,NA,20180181235
66,2018018,1415,2018,18,14,15,NA,NA,T,NA,NA,NA,NA,20180181415
67,2018018,1650,2018,18,16,50,NA,NA,A,NA,NA,NA,NA,20180181650
68,2018018,1830,2018,18,18,30,NA,NA,A,NA,NA,NA,NA,20180181830
69,2018019,1320,2018,19,13,20,-34.55416666,-58.50906357,T,0.0555,0.038,0.0269,0,20180191320
70,2018019,1455,2018,19,14,55,NA,NA,T,NA,NA,NA,NA,20180191455
71,2018019,1735,2018,19,17,35,-34.55416666,-58.50906357,A,0.228,0.158,0.0602,0,20180191735
72,2018019,1910,2018,19,19,10,NA,NA,A,NA,NA,NA,NA,20180191910
73,2018020,1400,2018,20,14,0,-34.55416666,-58.50906357,T,0.12125,0.08325,0.0922,0,20180201400
74,2018020,1640,2018,20,16,40,NA,NA,A,NA,NA,NA,NA,20180201640
75,2018020,1815,2018,20,18,15,-34.55416666,-58.50906357,A,0.1395,0.09575,0.0518,0,20180201815
76,2018021,1305,2018,21,13,5,NA,NA,T,NA,NA,NA,NA,20180211305
77,2018021,1445,2018,21,14,45,-34.55416666,-58.50906357,T,0.214,0.1485,0.0269,0,20180211445
78,2018021,1720,2018,21,17,20,NA,NA,A,NA,NA,NA,NA,20180211720
79,2018021,1900,2018,21,19,0,NA,NA,A,NA,NA,NA,NA,20180211900
80,2018022,1350,2018,22,13,50,-34.5625,-58.51492525,T,0.066,0.045,0.0657,0,20180221350
81,2018022,1625,2018,22,16,25,NA,NA,A,NA,NA,NA,NA,20180221625
82,2018022,1805,2018,22,18,5,NA,NA,A,NA,NA,NA,NA,20180221805
83,2018023,1255,2018,23,12,55,NA,NA,T,NA,NA,NA,NA,20180231255
84,2018023,1430,2018,23,14,30,NA,NA,T,NA,NA,NA,NA,20180231430
85,2018023,1710,2018,23,17,10,NA,NA,A,NA,NA,NA,NA,20180231710
86,2018023,1845,2018,23,18,45,NA,NA,A,NA,NA,NA,NA,20180231845
87,2018024,1335,2018,24,13,35,-34.55416666,-58.50906357,T,0.17025,0.11725,0.0524,0,20180241335
88,2018024,1515,2018,24,15,15,NA,NA,T,NA,NA,NA,NA,20180241515
89,2018024,1615,2018,24,16,15,NA,NA,A,NA,NA,NA,NA,20180241615
90,2018024,1750,2018,24,17,50,NA,NA,A,NA,NA,NA,NA,20180241750
91,2018025,1240,2018,25,12,40,NA,NA,T,NA,NA,NA,NA,20180251240
92,2018025,1420,2018,25,14,20,NA,NA,T,NA,NA,NA,NA,20180251420
93,2018025,1655,2018,25,16,55,NA,NA,A,NA,NA,NA,NA,20180251655
94,2018025,1835,2018,25,18,35,-34.55416666,-58.50906357,A,0.17175,0.11825,0.0256,0,20180251835
95,2018026,1325,2018,26,13,25,NA,NA,T,NA,NA,NA,NA,20180261325
96,2018026,1505,2018,26,15,5,NA,NA,T,NA,NA,NA,NA,20180261505
97,2018026,1740,2018,26,17,40,NA,NA,A,NA,NA,NA,NA,20180261740
98,2018026,1915,2018,26,19,15,NA,NA,A,NA,NA,NA,NA,20180261915
99,2018027,1230,2018,27,12,30,NA,NA,T,NA,NA,NA,NA,20180271230
100,2018027,1410,2018,27,14,10,NA,NA,T,NA,NA,NA,NA,20180271410
101,2018027,1645,2018,27,16,45,NA,NA,A,NA,NA,NA,NA,20180271645
102,2018027,1825,2018,27,18,25,NA,NA,A,NA,NA,NA,NA,20180271825
103,2018028,1315,2018,28,13,15,-34.55416666,-58.50906357,T,0.11825,0.0815,0.0199,0,20180281315
104,2018028,1450,2018,28,14,50,-34.55416666,-58.50906357,T,0.1255,0.0865,0.0137,0,20180281450
105,2018028,1730,2018,28,17,30,NA,NA,A,NA,NA,NA,NA,20180281730
106,2018028,1905,2018,28,19,5,NA,NA,A,NA,NA,NA,NA,20180281905
107,2018029,1355,2018,29,13,55,-34.55416666,-58.50906357,T,0.125,0.08625,0.0871,0,20180291355
108,2018029,1635,2018,29,16,35,NA,NA,A,NA,NA,NA,NA,20180291635
109,2018029,1810,2018,29,18,10,-34.55416666,-58.50906357,A,0.09,0.06175,0.063,0,20180291810
110,2018030,1300,2018,30,13,0,NA,NA,T,NA,NA,NA,NA,20180301300
111,2018030,1440,2018,30,14,40,-34.55416666,-58.50906357,T,0.0965,0.066,0.0211,0,20180301440
112,2018030,1715,2018,30,17,15,-34.55416666,-58.50906357,A,0.2015,0.139,0.0259,0,20180301715
113,2018030,1850,2018,30,18,50,NA,NA,A,NA,NA,NA,NA,20180301850
114,2018031,1345,2018,31,13,45,NA,NA,T,NA,NA,NA,NA,20180311345
115,2018031,1620,2018,31,16,20,NA,NA,A,NA,NA,NA,NA,20180311620
116,2018031,1800,2018,31,18,0,NA,NA,A,NA,NA,NA,NA,20180311800
117,2018032,1250,2018,32,12,50,NA,NA,T,NA,NA,NA,NA,20180321250
118,2018032,1425,2018,32,14,25,-34.55416666,-58.50906357,T,0.4205,0.2955,0.0354,0,20180321425
119,2018032,1705,2018,32,17,5,-34.55416666,-58.50906357,A,0.39725,0.2785,0.0151,0,20180321705
120,2018032,1840,2018,32,18,40,-34.55416666,-58.50906357,A,0.122,0.0835,0.0218,0,20180321840
121,2018033,1330,2018,33,13,30,-34.55416666,-58.50906357,T,0.22025,0.1525,0.0389,0,20180331330
122,2018033,1510,2018,33,15,10,NA,NA,T,NA,NA,NA,NA,20180331510
123,2018033,1610,2018,33,16,10,NA,NA,A,NA,NA,NA,NA,20180331610
124,2018033,1745,2018,33,17,45,-34.55416666,-58.50906357,A,0.56575,0.4025,0.0694,0,20180331745
125,2018034,1235,2018,34,12,35,NA,NA,T,NA,NA,NA,NA,20180341235
126,2018034,1415,2018,34,14,15,-34.55416666,-58.50906357,T,0.1425,0.098,0.0523,0,20180341415
127,2018034,1650,2018,34,16,50,NA,NA,A,NA,NA,NA,NA,20180341650
128,2018034,1830,2018,34,18,30,-34.55416666,-58.50906357,A,0.06975,0.04775,0.034,0,20180341830
129,2018035,1320,2018,35,13,20,NA,NA,T,NA,NA,NA,NA,20180351320
130,2018035,1455,2018,35,14,55,NA,NA,T,NA,NA,NA,NA,20180351455
131,2018035,1735,2018,35,17,35,-34.55416666,-58.50906357,A,0.30475,0.212,0.0529,0,20180351735
132,2018035,1910,2018,35,19,10,NA,NA,A,NA,NA,NA,NA,20180351910
133,2018036,1400,2018,36,14,0,-34.55416666,-58.50906357,T,0.11325,0.078,0.0871,0,20180361400
134,2018036,1640,2018,36,16,40,NA,NA,A,NA,NA,NA,NA,20180361640
135,2018036,1815,2018,36,18,15,-34.55416666,-58.50906357,A,0.176,0.121,0.0486,0,20180361815
136,2018037,1305,2018,37,13,5,NA,NA,T,NA,NA,NA,NA,20180371305
137,2018037,1445,2018,37,14,45,NA,NA,T,NA,NA,NA,NA,20180371445
138,2018037,1720,2018,37,17,20,NA,NA,A,NA,NA,NA,NA,20180371720
139,2018037,1900,2018,37,19,0,NA,NA,A,NA,NA,NA,NA,20180371900
140,2018038,1350,2018,38,13,50,-34.55416666,-58.50906357,T,0.05825,0.03975,0.0778,0,20180381350
141,2018038,1625,2018,38,16,25,NA,NA,A,NA,NA,NA,NA,20180381625
142,2018038,1805,2018,38,18,5,NA,NA,A,NA,NA,NA,NA,20180381805
143,2018039,1255,2018,39,12,55,NA,NA,T,NA,NA,NA,NA,20180391255
144,2018039,1430,2018,39,14,30,-34.55416666,-58.50906357,T,0.1295,0.089,0.024,0,20180391430
145,2018039,1710,2018,39,17,10,-34.55416666,-58.50906357,A,0.25333,0.17567,0.0134,0,20180391710
146,2018039,1845,2018,39,18,45,NA,NA,A,NA,NA,NA,NA,20180391845
147,2018040,1335,2018,40,13,35,NA,NA,T,NA,NA,NA,NA,20180401335
148,2018040,1515,2018,40,15,15,NA,NA,T,NA,NA,NA,NA,20180401515
149,2018040,1615,2018,40,16,15,NA,NA,A,NA,NA,NA,NA,20180401615
150,2018040,1755,2018,40,17,55,NA,NA,A,NA,NA,NA,NA,20180401755
151,2018041,1240,2018,41,12,40,NA,NA,T,NA,NA,NA,NA,20180411240
152,2018041,1420,2018,41,14,20,NA,NA,T,NA,NA,NA,NA,20180411420
153,2018041,1655,2018,41,16,55,NA,NA,A,NA,NA,NA,NA,20180411655
154,2018041,1835,2018,41,18,35,NA,NA,A,NA,NA,NA,NA,20180411835
155,2018042,1325,2018,42,13,25,NA,NA,T,NA,NA,NA,NA,20180421325
156,2018042,1505,2018,42,15,5,NA,NA,T,NA,NA,NA,NA,20180421505
157,2018042,1740,2018,42,17,40,NA,NA,A,NA,NA,NA,NA,20180421740
158,2018042,1915,2018,42,19,15,NA,NA,A,NA,NA,NA,NA,20180421915
159,2018043,1230,2018,43,12,30,NA,NA,T,NA,NA,NA,NA,20180431230
160,2018043,1410,2018,43,14,10,-34.55416666,-58.50906357,T,0.2135,0.14775,0.0393,0,20180431410
161,2018043,1645,2018,43,16,45,NA,NA,A,NA,NA,NA,NA,20180431645
162,2018043,1825,2018,43,18,25,-34.55416666,-58.50906357,A,0.1135,0.078,0.0345,0,20180431825
163,2018044,1315,2018,44,13,15,-34.55416666,-58.50906357,T,0.08325,0.05725,0.0171,0,20180441315
164,2018044,1450,2018,44,14,50,-34.55416666,-58.50906357,T,0.03175,0.02125,0.0084,0,20180441450
165,2018044,1730,2018,44,17,30,-34.55416666,-58.50906357,A,0.22925,0.1585,0.0332,0,20180441730
166,2018044,1905,2018,44,19,5,NA,NA,A,NA,NA,NA,NA,20180441905
167,2018045,1355,2018,45,13,55,-34.55416666,-58.50906357,T,0.099,0.068,0.0766,0,20180451355
168,2018045,1635,2018,45,16,35,NA,NA,A,NA,NA,NA,NA,20180451635
169,2018045,1810,2018,45,18,10,-34.55416666,-58.50906357,A,0.106,0.0725,0.0595,0,20180451810
170,2018046,1300,2018,46,13,0,NA,NA,T,NA,NA,NA,NA,20180461300
171,2018046,1440,2018,46,14,40,-34.55416666,-58.50906357,T,0.064,0.044,0.0151,0,20180461440
172,2018046,1715,2018,46,17,15,-34.55416666,-58.50906357,A,0.18067,0.12433,0.0193,0,20180461715
173,2018046,1855,2018,46,18,55,NA,NA,A,NA,NA,NA,NA,20180461855
174,2018047,1345,2018,47,13,45,-34.55416666,-58.50906357,T,0.12125,0.08325,0.0472,0,20180471345
175,2018047,1620,2018,47,16,20,NA,NA,A,NA,NA,NA,NA,20180471620
176,2018047,1800,2018,47,18,0,-34.55416666,-58.50906357,A,0.157,0.108,0.0659,0,20180471800
177,2018048,1250,2018,48,12,50,NA,NA,T,NA,NA,NA,NA,20180481250
178,2018048,1425,2018,48,14,25,-34.55416666,-58.50906357,T,0.11425,0.0785,0.0233,0,20180481425
179,2018048,1705,2018,48,17,5,-34.55416666,-58.50906357,A,0.2035,0.14075,0.0106,0,20180481705
180,2018048,1840,2018,48,18,40,-34.55416666,-58.50906357,A,0.149,0.10225,0.0188,0,20180481840
181,2018049,1330,2018,49,13,30,-34.55416666,-58.50906357,T,0.1035,0.07125,0.033,0,20180491330
182,2018049,1510,2018,49,15,10,NA,NA,T,NA,NA,NA,NA,20180491510
183,2018049,1745,2018,49,17,45,NA,NA,A,NA,NA,NA,NA,20180491745
184,2018050,1235,2018,50,12,35,NA,NA,T,NA,NA,NA,NA,20180501235
185,2018050,1415,2018,50,14,15,NA,NA,T,NA,NA,NA,NA,20180501415
186,2018050,1650,2018,50,16,50,NA,NA,A,NA,NA,NA,NA,20180501650
187,2018050,1830,2018,50,18,30,NA,NA,A,NA,NA,NA,NA,20180501830
188,2018051,1320,2018,51,13,20,NA,NA,T,NA,NA,NA,NA,20180511320
189,2018051,1455,2018,51,14,55,NA,NA,T,NA,NA,NA,NA,20180511455
190,2018051,1735,2018,51,17,35,NA,NA,A,NA,NA,NA,NA,20180511735
191,2018051,1910,2018,51,19,10,NA,NA,A,NA,NA,NA,NA,20180511910
192,2018052,1400,2018,52,14,0,NA,NA,T,NA,NA,NA,NA,20180521400
193,2018052,1640,2018,52,16,40,NA,NA,A,NA,NA,NA,NA,20180521640
194,2018052,1815,2018,52,18,15,NA,NA,A,NA,NA,NA,NA,20180521815
195,2018053,1305,2018,53,13,5,NA,NA,T,NA,NA,NA,NA,20180531305
196,2018053,1445,2018,53,14,45,-34.55416666,-58.50906357,T,0.047,0.03225,0.0137,0,20180531445
197,2018053,1720,2018,53,17,20,NA,NA,A,NA,NA,NA,NA,20180531720
198,2018053,1900,2018,53,19,0,NA,NA,A,NA,NA,NA,NA,20180531900
199,2018054,1350,2018,54,13,50,-34.55416666,-58.50906357,T,0.162,0.11133,0.0641,0,20180541350
200,2018054,1625,2018,54,16,25,NA,NA,A,NA,NA,NA,NA,20180541625
201,2018054,1805,2018,54,18,5,NA,NA,A,NA,NA,NA,NA,20180541805
202,2018055,1255,2018,55,12,55,NA,NA,T,NA,NA,NA,NA,20180551255
203,2018055,1430,2018,55,14,30,NA,NA,T,NA,NA,NA,NA,20180551430
204,2018055,1710,2018,55,17,10,NA,NA,A,NA,NA,NA,NA,20180551710
205,2018055,1845,2018,55,18,45,NA,NA,A,NA,NA,NA,NA,20180551845
206,2018056,1335,2018,56,13,35,NA,NA,T,NA,NA,NA,NA,20180561335
207,2018056,1515,2018,56,15,15,NA,NA,T,NA,NA,NA,NA,20180561515
208,2018056,1615,2018,56,16,15,NA,NA,A,NA,NA,NA,NA,20180561615
209,2018056,1755,2018,56,17,55,NA,NA,A,NA,NA,NA,NA,20180561755
210,2018057,1240,2018,57,12,40,NA,NA,T,NA,NA,NA,NA,20180571240
211,2018057,1420,2018,57,14,20,-34.55416666,-58.50906357,T,0.209,0.1445,0.0355,0,20180571420
212,2018057,1700,2018,57,17,0,NA,NA,A,NA,NA,NA,NA,20180571700
213,2018057,1835,2018,57,18,35,-34.55416666,-58.50906357,A,0.115,0.079,0.0235,0,20180571835
214,2018058,1325,2018,58,13,25,-34.55416666,-58.50906357,T,0.11225,0.07725,0.0271,0,20180581325
215,2018058,1505,2018,58,15,5,NA,NA,T,NA,NA,NA,NA,20180581505
216,2018058,1740,2018,58,17,40,NA,NA,A,NA,NA,NA,NA,20180581740
217,2018058,1915,2018,58,19,15,NA,NA,A,NA,NA,NA,NA,20180581915
218,2018059,1230,2018,59,12,30,NA,NA,T,NA,NA,NA,NA,20180591230
219,2018059,1410,2018,59,14,10,NA,NA,T,NA,NA,NA,NA,20180591410
220,2018059,1645,2018,59,16,45,NA,NA,A,NA,NA,NA,NA,20180591645
221,2018059,1825,2018,59,18,25,-34.55416666,-58.50906357,A,0.17875,0.123,0.0342,0,20180591825
222,2018060,1315,2018,60,13,15,NA,NA,T,NA,NA,NA,NA,20180601315
223,2018060,1450,2018,60,14,50,-34.55416666,-58.50906357,T,0.088,0.06025,0.0104,0,20180601450
224,2018060,1730,2018,60,17,30,-34.55416666,-58.49894527,A,0.426,0.3,0.0266,0,20180601730
225,2018060,1905,2018,60,19,5,NA,NA,A,NA,NA,NA,NA,20180601905
226,2018061,1355,2018,61,13,55,-34.55416666,-58.50906357,T,0.09225,0.06325,0.0741,0,20180611355
227,2018061,1635,2018,61,16,35,NA,NA,A,NA,NA,NA,NA,20180611635
228,2018061,1810,2018,61,18,10,-34.55416666,-58.50906357,A,0.14325,0.0985,0.0544,0,20180611810
229,2018062,1300,2018,62,13,0,NA,NA,T,NA,NA,NA,NA,20180621300
230,2018062,1440,2018,62,14,40,-34.55416666,-58.50906357,T,0.08975,0.0615,0.0165,0,20180621440
231,2018062,1715,2018,62,17,15,-34.55416666,-58.50906357,A,0.224,0.15533,0.0198,0,20180621715
232,2018062,1855,2018,62,18,55,NA,NA,A,NA,NA,NA,NA,20180621855
233,2018063,1345,2018,63,13,45,-34.55416666,-58.50906357,T,0.0865,0.05925,0.0518,0,20180631345
234,2018063,1620,2018,63,16,20,NA,NA,A,NA,NA,NA,NA,20180631620
235,2018063,1800,2018,63,18,0,-34.55416666,-58.50906357,A,0.142,0.09775,0.0744,0,20180631800
236,2018064,1250,2018,64,12,50,NA,NA,T,NA,NA,NA,NA,20180641250
237,2018064,1425,2018,64,14,25,NA,NA,T,NA,NA,NA,NA,20180641425
238,2018064,1705,2018,64,17,5,NA,NA,A,NA,NA,NA,NA,20180641705
239,2018064,1840,2018,64,18,40,NA,NA,A,NA,NA,NA,NA,20180641840
240,2018065,1330,2018,65,13,30,-34.55416666,-58.50906357,T,0.08825,0.0605,0.0327,0,20180651330
241,2018065,1510,2018,65,15,10,NA,NA,T,NA,NA,NA,NA,20180651510
242,2018065,1745,2018,65,17,45,-34.55416666,-58.50906357,A,0.21675,0.14975,0.0581,0,20180651745
243,2018066,1235,2018,66,12,35,NA,NA,T,NA,NA,NA,NA,20180661235
244,2018066,1415,2018,66,14,15,-34.55416666,-58.50906357,T,0.14675,0.10075,0.0431,0,20180661415
245,2018066,1650,2018,66,16,50,NA,NA,A,NA,NA,NA,NA,20180661650
246,2018066,1830,2018,66,18,30,-34.55416666,-58.50906357,A,0.09175,0.063,0.0238,0,20180661830
247,2018067,1320,2018,67,13,20,-34.55416666,-58.50906357,T,0.07975,0.0545,0.0185,0,20180671320
248,2018067,1455,2018,67,14,55,NA,NA,T,NA,NA,NA,NA,20180671455
249,2018067,1735,2018,67,17,35,-34.55416666,-58.50906357,A,0.20275,0.13975,0.0408,0,20180671735
250,2018067,1910,2018,67,19,10,NA,NA,A,NA,NA,NA,NA,20180671910
251,2018068,1400,2018,68,14,0,-34.55416666,-58.50906357,T,0.1755,0.121,0.0692,0,20180681400
252,2018068,1640,2018,68,16,40,NA,NA,A,NA,NA,NA,NA,20180681640
253,2018068,1815,2018,68,18,15,-34.55416666,-58.50906357,A,0.11575,0.0795,0.0409,0,20180681815
254,2018069,1305,2018,69,13,5,NA,NA,T,NA,NA,NA,NA,20180691305
255,2018069,1445,2018,69,14,45,-34.55416666,-58.50906357,T,0.0685,0.047,0.0096,0,20180691445
256,2018069,1720,2018,69,17,20,-34.55416666,-58.50906357,A,0.216,0.15,0.0225,0,20180691720
257,2018069,1900,2018,69,19,0,NA,NA,A,NA,NA,NA,NA,20180691900
258,2018070,1350,2018,70,13,50,-34.55416666,-58.50906357,T,0.09125,0.0625,0.064,0,20180701350
259,2018070,1625,2018,70,16,25,NA,NA,A,NA,NA,NA,NA,20180701625
260,2018070,1805,2018,70,18,5,NA,NA,A,NA,NA,NA,NA,20180701805
261,2018071,1255,2018,71,12,55,NA,NA,T,NA,NA,NA,NA,20180711255
262,2018071,1430,2018,71,14,30,-34.55416666,-58.50906357,T,0.04625,0.0315,0.0191,0,20180711430
263,2018071,1710,2018,71,17,10,-34.55416666,-58.50906357,A,0.1125,0.07725,0.0131,0,20180711710
264,2018071,1845,2018,71,18,45,NA,NA,A,NA,NA,NA,NA,20180711845
265,2018072,1335,2018,72,13,35,-34.55416666,-58.50906357,T,0.09775,0.0665,0.038,0,20180721335
266,2018072,1515,2018,72,15,15,NA,NA,T,NA,NA,NA,NA,20180721515
267,2018072,1615,2018,72,16,15,NA,NA,A,NA,NA,NA,NA,20180721615
268,2018072,1755,2018,72,17,55,-34.55416666,-58.50906357,A,0.17725,0.12225,0.0701,0,20180721755
269,2018073,1240,2018,73,12,40,NA,NA,T,NA,NA,NA,NA,20180731240
270,2018073,1420,2018,73,14,20,-34.55416666,-58.50906357,T,0.2985,0.20775,0.0336,0,20180731420
271,2018073,1700,2018,73,17,0,NA,NA,A,NA,NA,NA,NA,20180731700
272,2018073,1835,2018,73,18,35,NA,NA,A,NA,NA,NA,NA,20180731835
273,2018074,1325,2018,74,13,25,-34.55416666,-58.50906357,T,0.10375,0.071,0.0231,0,20180741325
274,2018074,1505,2018,74,15,5,NA,NA,T,NA,NA,NA,NA,20180741505
275,2018074,1740,2018,74,17,40,-34.55416666,-58.50906357,A,0.2125,0.147,0.049,0,20180741740
276,2018074,1915,2018,74,19,15,NA,NA,A,NA,NA,NA,NA,20180741915
277,2018075,1230,2018,75,12,30,NA,NA,T,NA,NA,NA,NA,20180751230
278,2018075,1410,2018,75,14,10,-34.55416666,-58.50906357,T,0.1815,0.125,0.0519,0,20180751410
279,2018075,1645,2018,75,16,45,NA,NA,A,NA,NA,NA,NA,20180751645
280,2018075,1825,2018,75,18,25,-34.55416666,-58.50906357,A,0.069,0.04725,0.0283,0,20180751825
281,2018076,1315,2018,76,13,15,NA,NA,T,NA,NA,NA,NA,20180761315
282,2018076,1450,2018,76,14,50,NA,NA,T,NA,NA,NA,NA,20180761450
283,2018076,1730,2018,76,17,30,NA,NA,A,NA,NA,NA,NA,20180761730
284,2018076,1905,2018,76,19,5,NA,NA,A,NA,NA,NA,NA,20180761905
285,2018077,1355,2018,77,13,55,NA,NA,T,NA,NA,NA,NA,20180771355
286,2018077,1635,2018,77,16,35,NA,NA,A,NA,NA,NA,NA,20180771635
287,2018077,1810,2018,77,18,10,NA,NA,A,NA,NA,NA,NA,20180771810
288,2018078,1300,2018,78,13,0,NA,NA,T,NA,NA,NA,NA,20180781300
289,2018078,1440,2018,78,14,40,-34.55416666,-58.50906357,T,0.03375,0.02275,0.0145,0,20180781440
290,2018078,1715,2018,78,17,15,-34.55416666,-58.50906357,A,0.13475,0.09225,0.0113,0,20180781715
291,2018078,1855,2018,78,18,55,NA,NA,A,NA,NA,NA,NA,20180781855
292,2018079,1345,2018,79,13,45,-34.55416666,-58.50906357,T,0.083,0.05675,0.0307,0,20180791345
293,2018079,1620,2018,79,16,20,NA,NA,A,NA,NA,NA,NA,20180791620
294,2018079,1800,2018,79,18,0,-34.55416666,-58.49894527,A,0.1505,0.1035,0.0466,0,20180791800
295,2018080,1250,2018,80,12,50,NA,NA,T,NA,NA,NA,NA,20180801250
296,2018080,1425,2018,80,14,25,NA,NA,T,NA,NA,NA,NA,20180801425
297,2018080,1705,2018,80,17,5,-34.55416666,-58.50906357,A,0.14775,0.10175,0.0099,0,20180801705
298,2018080,1840,2018,80,18,40,-34.55416666,-58.50906357,A,0.10433,0.07167,0.0128,0,20180801840
299,2018081,1330,2018,81,13,30,NA,NA,T,NA,NA,NA,NA,20180811330
300,2018081,1510,2018,81,15,10,NA,NA,T,NA,NA,NA,NA,20180811510
301,2018081,1745,2018,81,17,45,NA,NA,A,NA,NA,NA,NA,20180811745
302,2018082,1235,2018,82,12,35,NA,NA,T,NA,NA,NA,NA,20180821235
303,2018082,1415,2018,82,14,15,-34.55416666,-58.50906357,T,0.22175,0.15425,0.0391,0,20180821415
304,2018082,1650,2018,82,16,50,NA,NA,A,NA,NA,NA,NA,20180821650
305,2018082,1830,2018,82,18,30,-34.5625,-58.51492525,A,0.1435,0.0985,0.0215,0,20180821830
306,2018083,1320,2018,83,13,20,-34.55416666,-58.50906357,T,0.10825,0.0745,0.016,0,20180831320
307,2018083,1455,2018,83,14,55,NA,NA,T,NA,NA,NA,NA,20180831455
308,2018083,1735,2018,83,17,35,NA,NA,A,NA,NA,NA,NA,20180831735
309,2018083,1910,2018,83,19,10,NA,NA,A,NA,NA,NA,NA,20180831910
310,2018084,1400,2018,84,14,0,NA,NA,T,NA,NA,NA,NA,20180841400
311,2018084,1640,2018,84,16,40,NA,NA,A,NA,NA,NA,NA,20180841640
312,2018084,1815,2018,84,18,15,NA,NA,A,NA,NA,NA,NA,20180841815
313,2018085,1305,2018,85,13,5,NA,NA,T,NA,NA,NA,NA,20180851305
314,2018085,1445,2018,85,14,45,NA,NA,T,NA,NA,NA,NA,20180851445
315,2018085,1720,2018,85,17,20,NA,NA,A,NA,NA,NA,NA,20180851720
316,2018085,1900,2018,85,19,0,NA,NA,A,NA,NA,NA,NA,20180851900
317,2018086,1350,2018,86,13,50,NA,NA,T,NA,NA,NA,NA,20180861350
318,2018086,1625,2018,86,16,25,NA,NA,A,NA,NA,NA,NA,20180861625
319,2018086,1805,2018,86,18,5,-34.55416666,-58.50906357,A,0.155,0.1065,0.045,0,20180861805
320,2018087,1255,2018,87,12,55,NA,NA,T,NA,NA,NA,NA,20180871255
321,2018087,1430,2018,87,14,30,NA,NA,T,NA,NA,NA,NA,20180871430
322,2018087,1710,2018,87,17,10,NA,NA,A,NA,NA,NA,NA,20180871710
323,2018087,1845,2018,87,18,45,NA,NA,A,NA,NA,NA,NA,20180871845
324,2018088,1335,2018,88,13,35,-34.55416666,-58.50906357,T,0.12675,0.08725,0.0336,0,20180881335
325,2018088,1515,2018,88,15,15,NA,NA,T,NA,NA,NA,NA,20180881515
326,2018088,1615,2018,88,16,15,NA,NA,A,NA,NA,NA,NA,20180881615
327,2018088,1755,2018,88,17,55,NA,NA,A,NA,NA,NA,NA,20180881755
328,2018089,1240,2018,89,12,40,NA,NA,T,NA,NA,NA,NA,20180891240
329,2018089,1420,2018,89,14,20,-34.55416666,-58.50906357,T,0.14875,0.10225,0.023,0,20180891420
330,2018089,1700,2018,89,17,0,NA,NA,A,NA,NA,NA,NA,20180891700
331,2018089,1835,2018,89,18,35,-34.55416666,-58.50906357,A,0.22375,0.155,0.0177,0,20180891835
332,2018090,1325,2018,90,13,25,-34.55416666,-58.50906357,T,0.15375,0.10575,0.0203,0,20180901325
333,2018090,1505,2018,90,15,5,NA,NA,T,NA,NA,NA,NA,20180901505
334,2018090,1740,2018,90,17,40,-34.55416666,-58.50906357,A,0.2845,0.19775,0.0285,0,20180901740
335,2018090,1915,2018,90,19,15,NA,NA,A,NA,NA,NA,NA,20180901915
336,2018091,1230,2018,91,12,30,NA,NA,T,NA,NA,NA,NA,20180911230
337,2018091,1410,2018,91,14,10,NA,NA,T,NA,NA,NA,NA,20180911410
338,2018091,1645,2018,91,16,45,NA,NA,A,NA,NA,NA,NA,20180911645
339,2018091,1825,2018,91,18,25,NA,NA,A,NA,NA,NA,NA,20180911825
340,2018092,1315,2018,92,13,15,NA,NA,T,NA,NA,NA,NA,20180921315
341,2018092,1450,2018,92,14,50,NA,NA,T,NA,NA,NA,NA,20180921450
342,2018092,1730,2018,92,17,30,NA,NA,A,NA,NA,NA,NA,20180921730
343,2018092,1905,2018,92,19,5,NA,NA,A,NA,NA,NA,NA,20180921905
344,2018093,1355,2018,93,13,55,NA,NA,T,NA,NA,NA,NA,20180931355
345,2018093,1635,2018,93,16,35,NA,NA,A,NA,NA,NA,NA,20180931635
346,2018093,1810,2018,93,18,10,-34.55416666,-58.49894527,A,0.124,0.085,0.03,0,20180931810
347,2018094,1300,2018,94,13,0,NA,NA,T,NA,NA,NA,NA,20180941300
348,2018094,1440,2018,94,14,40,NA,NA,T,NA,NA,NA,NA,20180941440
349,2018094,1715,2018,94,17,15,-34.55416666,-58.50906357,A,0.11667,0.08,0.0109,0,20180941715
350,2018094,1855,2018,94,18,55,NA,NA,A,NA,NA,NA,NA,20180941855
351,2018095,1345,2018,95,13,45,NA,NA,T,NA,NA,NA,NA,20180951345
352,2018095,1620,2018,95,16,20,NA,NA,A,NA,NA,NA,NA,20180951620
353,2018095,1800,2018,95,18,0,NA,NA,A,NA,NA,NA,NA,20180951800
354,2018096,1250,2018,96,12,50,NA,NA,T,NA,NA,NA,NA,20180961250
355,2018096,1425,2018,96,14,25,NA,NA,T,NA,NA,NA,NA,20180961425
356,2018096,1705,2018,96,17,5,NA,NA,A,NA,NA,NA,NA,20180961705
357,2018096,1840,2018,96,18,40,NA,NA,A,NA,NA,NA,NA,20180961840
358,2018097,1330,2018,97,13,30,NA,NA,T,NA,NA,NA,NA,20180971330
359,2018097,1510,2018,97,15,10,NA,NA,T,NA,NA,NA,NA,20180971510
360,2018097,1610,2018,97,16,10,NA,NA,A,NA,NA,NA,NA,20180971610
361,2018097,1745,2018,97,17,45,NA,NA,A,NA,NA,NA,NA,20180971745
362,2018098,1235,2018,98,12,35,NA,NA,T,NA,NA,NA,NA,20180981235
363,2018098,1415,2018,98,14,15,NA,NA,T,NA,NA,NA,NA,20180981415
364,2018098,1650,2018,98,16,50,NA,NA,A,NA,NA,NA,NA,20180981650
365,2018098,1830,2018,98,18,30,NA,NA,A,NA,NA,NA,NA,20180981830
366,2018099,1320,2018,99,13,20,-34.55416666,-58.50906357,T,0.2035,0.1405,0.0178,0,20180991320
367,2018099,1455,2018,99,14,55,NA,NA,T,NA,NA,NA,NA,20180991455
368,2018099,1735,2018,99,17,35,-34.55416666,-58.50906357,A,0.23925,0.166,0.0235,0,20180991735
369,2018099,1910,2018,99,19,10,NA,NA,A,NA,NA,NA,NA,20180991910
370,2018100,1400,2018,100,14,0,NA,NA,T,NA,NA,NA,NA,20181001400
371,2018100,1640,2018,100,16,40,NA,NA,A,NA,NA,NA,NA,20181001640
372,2018100,1815,2018,100,18,15,NA,NA,A,NA,NA,NA,NA,20181001815
373,2018101,1305,2018,101,13,5,NA,NA,T,NA,NA,NA,NA,20181011305
374,2018101,1445,2018,101,14,45,NA,NA,T,NA,NA,NA,NA,20181011445
375,2018101,1720,2018,101,17,20,NA,NA,A,NA,NA,NA,NA,20181011720
376,2018101,1900,2018,101,19,0,NA,NA,A,NA,NA,NA,NA,20181011900
377,2018102,1350,2018,102,13,50,NA,NA,T,NA,NA,NA,NA,20181021350
378,2018102,1625,2018,102,16,25,NA,NA,A,NA,NA,NA,NA,20181021625
379,2018102,1805,2018,102,18,5,NA,NA,A,NA,NA,NA,NA,20181021805
380,2018103,1255,2018,103,12,55,NA,NA,T,NA,NA,NA,NA,20181031255
381,2018103,1435,2018,103,14,35,NA,NA,T,NA,NA,NA,NA,20181031435
382,2018103,1710,2018,103,17,10,-34.55416666,-58.50906357,A,0.09875,0.06775,0.0102,0,20181031710
383,2018103,1845,2018,103,18,45,NA,NA,A,NA,NA,NA,NA,20181031845
384,2018104,1340,2018,104,13,40,-34.55416666,-58.50906357,T,0.1235,0.085,0.0195,0,20181041340
385,2018104,1515,2018,104,15,15,NA,NA,T,NA,NA,NA,NA,20181041515
386,2018104,1615,2018,104,16,15,NA,NA,A,NA,NA,NA,NA,20181041615
387,2018104,1755,2018,104,17,55,-34.55416666,-58.50906357,A,0.1465,0.10075,0.0269,0,20181041755
388,2018105,1240,2018,105,12,40,NA,NA,T,NA,NA,NA,NA,20181051240
389,2018105,1420,2018,105,14,20,-34.55416666,-58.50906357,T,0.145,0.09975,0.018,0,20181051420
390,2018105,1700,2018,105,17,0,NA,NA,A,NA,NA,NA,NA,20181051700
391,2018105,1835,2018,105,18,35,-34.55416666,-58.50906357,A,0.07925,0.05425,0.0158,0,20181051835
392,2018106,1325,2018,106,13,25,NA,NA,T,NA,NA,NA,NA,20181061325
393,2018106,1505,2018,106,15,5,NA,NA,T,NA,NA,NA,NA,20181061505
394,2018106,1740,2018,106,17,40,-34.55416666,-58.50906357,A,0.18375,0.1265,0.0295,0,20181061740
395,2018106,1915,2018,106,19,15,NA,NA,A,NA,NA,NA,NA,20181061915
396,2018107,1230,2018,107,12,30,NA,NA,T,NA,NA,NA,NA,20181071230
397,2018107,1410,2018,107,14,10,-34.55416666,-58.50906357,T,0.16675,0.11475,0.0332,0,20181071410
398,2018107,1645,2018,107,16,45,NA,NA,A,NA,NA,NA,NA,20181071645
399,2018107,1825,2018,107,18,25,NA,NA,A,NA,NA,NA,NA,20181071825
400,2018108,1315,2018,108,13,15,NA,NA,T,NA,NA,NA,NA,20181081315
401,2018108,1450,2018,108,14,50,NA,NA,T,NA,NA,NA,NA,20181081450
402,2018108,1730,2018,108,17,30,NA,NA,A,NA,NA,NA,NA,20181081730
403,2018108,1905,2018,108,19,5,NA,NA,A,NA,NA,NA,NA,20181081905
404,2018109,1355,2018,109,13,55,NA,NA,T,NA,NA,NA,NA,20181091355
405,2018109,1635,2018,109,16,35,NA,NA,A,NA,NA,NA,NA,20181091635
406,2018109,1810,2018,109,18,10,NA,NA,A,NA,NA,NA,NA,20181091810
407,2018110,1300,2018,110,13,0,NA,NA,T,NA,NA,NA,NA,20181101300
408,2018110,1440,2018,110,14,40,NA,NA,T,NA,NA,NA,NA,20181101440
409,2018110,1715,2018,110,17,15,NA,NA,A,NA,NA,NA,NA,20181101715
410,2018110,1855,2018,110,18,55,NA,NA,A,NA,NA,NA,NA,20181101855
411,2018111,1345,2018,111,13,45,NA,NA,T,NA,NA,NA,NA,20181111345
412,2018111,1620,2018,111,16,20,NA,NA,A,NA,NA,NA,NA,20181111620
413,2018111,1800,2018,111,18,0,NA,NA,A,NA,NA,NA,NA,20181111800
414,2018112,1250,2018,112,12,50,NA,NA,T,NA,NA,NA,NA,20181121250
415,2018112,1425,2018,112,14,25,NA,NA,T,NA,NA,NA,NA,20181121425
416,2018112,1705,2018,112,17,5,-34.5625,-58.51492525,A,0.3315,0.2315,0.0054,0,20181121705
417,2018112,1840,2018,112,18,40,-34.5625,-58.51492525,A,0.248,0.172,0.0109,0,20181121840
418,2018113,1330,2018,113,13,30,NA,NA,T,NA,NA,NA,NA,20181131330
419,2018113,1510,2018,113,15,10,NA,NA,T,NA,NA,NA,NA,20181131510
420,2018113,1610,2018,113,16,10,NA,NA,A,NA,NA,NA,NA,20181131610
421,2018113,1745,2018,113,17,45,NA,NA,A,NA,NA,NA,NA,20181131745
422,2018114,1235,2018,114,12,35,NA,NA,T,NA,NA,NA,NA,20181141235
423,2018114,1415,2018,114,14,15,NA,NA,T,NA,NA,NA,NA,20181141415
424,2018114,1650,2018,114,16,50,NA,NA,A,NA,NA,NA,NA,20181141650
425,2018114,1830,2018,114,18,30,NA,NA,A,NA,NA,NA,NA,20181141830
426,2018115,1320,2018,115,13,20,NA,NA,T,NA,NA,NA,NA,20181151320
427,2018115,1455,2018,115,14,55,NA,NA,T,NA,NA,NA,NA,20181151455
428,2018115,1735,2018,115,17,35,NA,NA,A,NA,NA,NA,NA,20181151735
429,2018115,1910,2018,115,19,10,NA,NA,A,NA,NA,NA,NA,20181151910
430,2018116,1400,2018,116,14,0,NA,NA,T,NA,NA,NA,NA,20181161400
431,2018116,1640,2018,116,16,40,NA,NA,A,NA,NA,NA,NA,20181161640
432,2018116,1815,2018,116,18,15,NA,NA,A,NA,NA,NA,NA,20181161815
433,2018117,1305,2018,117,13,5,NA,NA,T,NA,NA,NA,NA,20181171305
434,2018117,1445,2018,117,14,45,-34.55416666,-58.50906357,T,0.20267,0.14,0.008,0,20181171445
435,2018117,1720,2018,117,17,20,NA,NA,A,NA,NA,NA,NA,20181171720
436,2018117,1900,2018,117,19,0,NA,NA,A,NA,NA,NA,NA,20181171900
437,2018118,1350,2018,118,13,50,NA,NA,T,NA,NA,NA,NA,20181181350
438,2018118,1625,2018,118,16,25,NA,NA,A,NA,NA,NA,NA,20181181625
439,2018118,1805,2018,118,18,5,NA,NA,A,NA,NA,NA,NA,20181181805
440,2018119,1255,2018,119,12,55,NA,NA,T,NA,NA,NA,NA,20181191255
441,2018119,1435,2018,119,14,35,NA,NA,T,NA,NA,NA,NA,20181191435
442,2018119,1710,2018,119,17,10,NA,NA,A,NA,NA,NA,NA,20181191710
443,2018119,1845,2018,119,18,45,NA,NA,A,NA,NA,NA,NA,20181191845
444,2018120,1340,2018,120,13,40,-34.55416666,-58.50906357,T,0.2265,0.1575,0.0217,0,20181201340
445,2018120,1515,2018,120,15,15,NA,NA,T,NA,NA,NA,NA,20181201515
446,2018120,1615,2018,120,16,15,NA,NA,A,NA,NA,NA,NA,20181201615
447,2018120,1755,2018,120,17,55,NA,NA,A,NA,NA,NA,NA,20181201755
448,2018121,1245,2018,121,12,45,NA,NA,T,NA,NA,NA,NA,20181211245
449,2018121,1420,2018,121,14,20,NA,NA,T,NA,NA,NA,NA,20181211420
450,2018121,1700,2018,121,17,0,NA,NA,A,NA,NA,NA,NA,20181211700
451,2018121,1835,2018,121,18,35,NA,NA,A,NA,NA,NA,NA,20181211835
452,2018122,1325,2018,122,13,25,NA,NA,T,NA,NA,NA,NA,20181221325
453,2018122,1505,2018,122,15,5,NA,NA,T,NA,NA,NA,NA,20181221505
454,2018122,1740,2018,122,17,40,NA,NA,A,NA,NA,NA,NA,20181221740
455,2018122,1915,2018,122,19,15,NA,NA,A,NA,NA,NA,NA,20181221915
456,2018123,1230,2018,123,12,30,NA,NA,T,NA,NA,NA,NA,20181231230
457,2018123,1410,2018,123,14,10,-34.5625,-58.51492525,T,0.36,0.2515,0.0261,0,20181231410
458,2018123,1645,2018,123,16,45,NA,NA,A,NA,NA,NA,NA,20181231645
459,2018123,1825,2018,123,18,25,-34.55416666,-58.50906357,A,0.13175,0.09075,0.0123,0,20181231825
460,2018124,1315,2018,124,13,15,NA,NA,T,NA,NA,NA,NA,20181241315
461,2018124,1450,2018,124,14,50,NA,NA,T,NA,NA,NA,NA,20181241450
462,2018124,1730,2018,124,17,30,NA,NA,A,NA,NA,NA,NA,20181241730
463,2018124,1905,2018,124,19,5,NA,NA,A,NA,NA,NA,NA,20181241905
464,2018125,1355,2018,125,13,55,NA,NA,T,NA,NA,NA,NA,20181251355
465,2018125,1635,2018,125,16,35,NA,NA,A,NA,NA,NA,NA,20181251635
466,2018125,1810,2018,125,18,10,NA,NA,A,NA,NA,NA,NA,20181251810
467,2018126,1300,2018,126,13,0,NA,NA,T,NA,NA,NA,NA,20181261300
468,2018126,1440,2018,126,14,40,NA,NA,T,NA,NA,NA,NA,20181261440
469,2018126,1715,2018,126,17,15,NA,NA,A,NA,NA,NA,NA,20181261715
470,2018126,1855,2018,126,18,55,NA,NA,A,NA,NA,NA,NA,20181261855
471,2018127,1345,2018,127,13,45,NA,NA,T,NA,NA,NA,NA,20181271345
472,2018127,1620,2018,127,16,20,NA,NA,A,NA,NA,NA,NA,20181271620
473,2018127,1800,2018,127,18,0,NA,NA,A,NA,NA,NA,NA,20181271800
474,2018128,1250,2018,128,12,50,NA,NA,T,NA,NA,NA,NA,20181281250
475,2018128,1425,2018,128,14,25,NA,NA,T,NA,NA,NA,NA,20181281425
476,2018128,1705,2018,128,17,5,NA,NA,A,NA,NA,NA,NA,20181281705
477,2018128,1840,2018,128,18,40,NA,NA,A,NA,NA,NA,NA,20181281840
478,2018129,1330,2018,129,13,30,NA,NA,T,NA,NA,NA,NA,20181291330
479,2018129,1510,2018,129,15,10,NA,NA,T,NA,NA,NA,NA,20181291510
480,2018129,1610,2018,129,16,10,NA,NA,A,NA,NA,NA,NA,20181291610
481,2018129,1745,2018,129,17,45,NA,NA,A,NA,NA,NA,NA,20181291745
482,2018130,1235,2018,130,12,35,NA,NA,T,NA,NA,NA,NA,20181301235
483,2018130,1415,2018,130,14,15,NA,NA,T,NA,NA,NA,NA,20181301415
484,2018130,1650,2018,130,16,50,NA,NA,A,NA,NA,NA,NA,20181301650
485,2018130,1830,2018,130,18,30,NA,NA,A,NA,NA,NA,NA,20181301830
486,2018131,1320,2018,131,13,20,NA,NA,T,NA,NA,NA,NA,20181311320
487,2018131,1500,2018,131,15,0,NA,NA,T,NA,NA,NA,NA,20181311500
488,2018131,1735,2018,131,17,35,NA,NA,A,NA,NA,NA,NA,20181311735
489,2018131,1910,2018,131,19,10,NA,NA,A,NA,NA,NA,NA,20181311910
490,2018132,1405,2018,132,14,5,NA,NA,T,NA,NA,NA,NA,20181321405
491,2018132,1640,2018,132,16,40,NA,NA,A,NA,NA,NA,NA,20181321640
492,2018132,1815,2018,132,18,15,NA,NA,A,NA,NA,NA,NA,20181321815
493,2018133,1310,2018,133,13,10,NA,NA,T,NA,NA,NA,NA,20181331310
494,2018133,1445,2018,133,14,45,-34.55416666,-58.50906357,T,0.0905,0.062,0.0052,0,20181331445
495,2018133,1720,2018,133,17,20,NA,NA,A,NA,NA,NA,NA,20181331720
496,2018133,1900,2018,133,19,0,NA,NA,A,NA,NA,NA,NA,20181331900
497,2018134,1350,2018,134,13,50,NA,NA,T,NA,NA,NA,NA,20181341350
498,2018134,1625,2018,134,16,25,NA,NA,A,NA,NA,NA,NA,20181341625
499,2018134,1805,2018,134,18,5,NA,NA,A,NA,NA,NA,NA,20181341805
500,2018135,1255,2018,135,12,55,NA,NA,T,NA,NA,NA,NA,20181351255
501,2018135,1435,2018,135,14,35,NA,NA,T,NA,NA,NA,NA,20181351435
502,2018135,1710,2018,135,17,10,NA,NA,A,NA,NA,NA,NA,20181351710
503,2018135,1845,2018,135,18,45,NA,NA,A,NA,NA,NA,NA,20181351845
504,2018136,1340,2018,136,13,40,NA,NA,T,NA,NA,NA,NA,20181361340
505,2018136,1515,2018,136,15,15,NA,NA,T,NA,NA,NA,NA,20181361515
506,2018136,1615,2018,136,16,15,NA,NA,A,NA,NA,NA,NA,20181361615
507,2018136,1755,2018,136,17,55,NA,NA,A,NA,NA,NA,NA,20181361755
508,2018137,1245,2018,137,12,45,NA,NA,T,NA,NA,NA,NA,20181371245
509,2018137,1420,2018,137,14,20,NA,NA,T,NA,NA,NA,NA,20181371420
510,2018137,1700,2018,137,17,0,NA,NA,A,NA,NA,NA,NA,20181371700
511,2018137,1835,2018,137,18,35,NA,NA,A,NA,NA,NA,NA,20181371835
512,2018138,1325,2018,138,13,25,-34.55416666,-58.50906357,T,0.15975,0.1095,0.0123,0,20181381325
513,2018138,1505,2018,138,15,5,NA,NA,T,NA,NA,NA,NA,20181381505
514,2018138,1740,2018,138,17,40,NA,NA,A,NA,NA,NA,NA,20181381740
515,2018138,1915,2018,138,19,15,NA,NA,A,NA,NA,NA,NA,20181381915
516,2018139,1230,2018,139,12,30,NA,NA,T,NA,NA,NA,NA,20181391230
517,2018139,1410,2018,139,14,10,NA,NA,T,NA,NA,NA,NA,20181391410
518,2018139,1645,2018,139,16,45,NA,NA,A,NA,NA,NA,NA,20181391645
519,2018139,1825,2018,139,18,25,NA,NA,A,NA,NA,NA,NA,20181391825
520,2018140,1315,2018,140,13,15,NA,NA,T,NA,NA,NA,NA,20181401315
521,2018140,1450,2018,140,14,50,NA,NA,T,NA,NA,NA,NA,20181401450
522,2018140,1730,2018,140,17,30,NA,NA,A,NA,NA,NA,NA,20181401730
523,2018140,1905,2018,140,19,5,NA,NA,A,NA,NA,NA,NA,20181401905
524,2018141,1355,2018,141,13,55,NA,NA,T,NA,NA,NA,NA,20181411355
525,2018141,1635,2018,141,16,35,NA,NA,A,NA,NA,NA,NA,20181411635
526,2018141,1810,2018,141,18,10,NA,NA,A,NA,NA,NA,NA,20181411810
527,2018142,1300,2018,142,13,0,NA,NA,T,NA,NA,NA,NA,20181421300
528,2018142,1440,2018,142,14,40,-34.55416666,-58.50906357,T,0.04775,0.03225,0.0074,0,20181421440
529,2018142,1715,2018,142,17,15,-34.55416666,-58.50906357,A,0.09225,0.06325,0.0072,0,20181421715
530,2018142,1855,2018,142,18,55,NA,NA,A,NA,NA,NA,NA,20181421855
531,2018143,1345,2018,143,13,45,-34.5625,-58.50480593,T,0.128,0.088,0.0177,0,20181431345
532,2018143,1620,2018,143,16,20,NA,NA,A,NA,NA,NA,NA,20181431620
533,2018143,1800,2018,143,18,0,-34.55416666,-58.50906357,A,0.13725,0.09425,0.0186,0,20181431800
534,2018144,1250,2018,144,12,50,NA,NA,T,NA,NA,NA,NA,20181441250
535,2018144,1425,2018,144,14,25,-34.55416666,-58.50906357,T,0.1035,0.07125,0.0103,0,20181441425
536,2018144,1705,2018,144,17,5,-34.55416666,-58.50906357,A,0.11,0.0755,0.0055,0,20181441705
537,2018144,1840,2018,144,18,40,NA,NA,A,NA,NA,NA,NA,20181441840
538,2018145,1330,2018,145,13,30,NA,NA,T,NA,NA,NA,NA,20181451330
539,2018145,1510,2018,145,15,10,NA,NA,T,NA,NA,NA,NA,20181451510
540,2018145,1610,2018,145,16,10,NA,NA,A,NA,NA,NA,NA,20181451610
541,2018145,1745,2018,145,17,45,-34.55416666,-58.50906357,A,0.0755,0.0515,0.0171,0,20181451745
542,2018146,1235,2018,146,12,35,NA,NA,T,NA,NA,NA,NA,20181461235
543,2018146,1415,2018,146,14,15,-34.55416666,-58.49894527,T,0.184,0.126,0.0142,0,20181461415
544,2018146,1650,2018,146,16,50,NA,NA,A,NA,NA,NA,NA,20181461650
545,2018146,1830,2018,146,18,30,NA,NA,A,NA,NA,NA,NA,20181461830
546,2018147,1320,2018,147,13,20,-34.55416666,-58.50906357,T,0.236,0.164,0.0086,0,20181471320
547,2018147,1500,2018,147,15,0,NA,NA,T,NA,NA,NA,NA,20181471500
548,2018147,1735,2018,147,17,35,NA,NA,A,NA,NA,NA,NA,20181471735
549,2018147,1910,2018,147,19,10,NA,NA,A,NA,NA,NA,NA,20181471910
550,2018148,1405,2018,148,14,5,NA,NA,T,NA,NA,NA,NA,20181481405
551,2018148,1640,2018,148,16,40,NA,NA,A,NA,NA,NA,NA,20181481640
552,2018148,1815,2018,148,18,15,NA,NA,A,NA,NA,NA,NA,20181481815
553,2018149,1310,2018,149,13,10,NA,NA,T,NA,NA,NA,NA,20181491310
554,2018149,1445,2018,149,14,45,NA,NA,T,NA,NA,NA,NA,20181491445
555,2018149,1720,2018,149,17,20,NA,NA,A,NA,NA,NA,NA,20181491720
556,2018149,1900,2018,149,19,0,NA,NA,A,NA,NA,NA,NA,20181491900
557,2018150,1350,2018,150,13,50,NA,NA,T,NA,NA,NA,NA,20181501350
558,2018150,1625,2018,150,16,25,NA,NA,A,NA,NA,NA,NA,20181501625
559,2018150,1805,2018,150,18,5,NA,NA,A,NA,NA,NA,NA,20181501805
560,2018151,1255,2018,151,12,55,NA,NA,T,NA,NA,NA,NA,20181511255
561,2018151,1435,2018,151,14,35,NA,NA,T,NA,NA,NA,NA,20181511435
562,2018151,1710,2018,151,17,10,NA,NA,A,NA,NA,NA,NA,20181511710
563,2018151,1845,2018,151,18,45,NA,NA,A,NA,NA,NA,NA,20181511845
564,2018152,1340,2018,152,13,40,NA,NA,T,NA,NA,NA,NA,20181521340
565,2018152,1515,2018,152,15,15,NA,NA,T,NA,NA,NA,NA,20181521515
566,2018152,1615,2018,152,16,15,NA,NA,A,NA,NA,NA,NA,20181521615
567,2018152,1755,2018,152,17,55,NA,NA,A,NA,NA,NA,NA,20181521755
568,2018153,1245,2018,153,12,45,NA,NA,T,NA,NA,NA,NA,20181531245
569,2018153,1420,2018,153,14,20,NA,NA,T,NA,NA,NA,NA,20181531420
570,2018153,1655,2018,153,16,55,NA,NA,A,NA,NA,NA,NA,20181531655
571,2018153,1835,2018,153,18,35,NA,NA,A,NA,NA,NA,NA,20181531835
572,2018154,1325,2018,154,13,25,-34.55416666,-58.50906357,T,0.08375,0.05725,0.0133,0,20181541325
573,2018154,1505,2018,154,15,5,NA,NA,T,NA,NA,NA,NA,20181541505
574,2018154,1740,2018,154,17,40,NA,NA,A,NA,NA,NA,NA,20181541740
575,2018154,1915,2018,154,19,15,NA,NA,A,NA,NA,NA,NA,20181541915
576,2018155,1230,2018,155,12,30,NA,NA,T,NA,NA,NA,NA,20181551230
577,2018155,1410,2018,155,14,10,NA,NA,T,NA,NA,NA,NA,20181551410
578,2018155,1645,2018,155,16,45,NA,NA,A,NA,NA,NA,NA,20181551645
579,2018155,1825,2018,155,18,25,NA,NA,A,NA,NA,NA,NA,20181551825
580,2018156,1315,2018,156,13,15,NA,NA,T,NA,NA,NA,NA,20181561315
581,2018156,1450,2018,156,14,50,-34.55416666,-58.50906357,T,0.12875,0.0885,0.0086,0,20181561450
582,2018156,1730,2018,156,17,30,-34.55416666,-58.50906357,A,0.175,0.12,0.0147,0,20181561730
583,2018156,1905,2018,156,19,5,NA,NA,A,NA,NA,NA,NA,20181561905
584,2018157,1355,2018,157,13,55,NA,NA,T,NA,NA,NA,NA,20181571355
585,2018157,1635,2018,157,16,35,NA,NA,A,NA,NA,NA,NA,20181571635
586,2018157,1810,2018,157,18,10,-34.5625,-58.51492525,A,0.081,0.0555,0.0177,0,20181571810
587,2018158,1300,2018,158,13,0,NA,NA,T,NA,NA,NA,NA,20181581300
588,2018158,1440,2018,158,14,40,-34.55416666,-58.50906357,T,0.0665,0.0455,0.0087,0,20181581440
589,2018158,1715,2018,158,17,15,-34.55416666,-58.50906357,A,0.06825,0.0465,0.0088,0,20181581715
590,2018158,1855,2018,158,18,55,NA,NA,A,NA,NA,NA,NA,20181581855
591,2018159,1345,2018,159,13,45,NA,NA,T,NA,NA,NA,NA,20181591345
592,2018159,1620,2018,159,16,20,NA,NA,A,NA,NA,NA,NA,20181591620
593,2018159,1800,2018,159,18,0,-34.55416666,-58.50906357,A,0.0345,0.0235,0.0195,0,20181591800
594,2018160,1250,2018,160,12,50,NA,NA,T,NA,NA,NA,NA,20181601250
595,2018160,1425,2018,160,14,25,NA,NA,T,NA,NA,NA,NA,20181601425
596,2018160,1705,2018,160,17,5,NA,NA,A,NA,NA,NA,NA,20181601705
597,2018160,1840,2018,160,18,40,NA,NA,A,NA,NA,NA,NA,20181601840
598,2018161,1330,2018,161,13,30,NA,NA,T,NA,NA,NA,NA,20181611330
599,2018161,1510,2018,161,15,10,NA,NA,T,NA,NA,NA,NA,20181611510
600,2018161,1610,2018,161,16,10,NA,NA,A,NA,NA,NA,NA,20181611610
601,2018161,1745,2018,161,17,45,NA,NA,A,NA,NA,NA,NA,20181611745
602,2018162,1235,2018,162,12,35,NA,NA,T,NA,NA,NA,NA,20181621235
603,2018162,1415,2018,162,14,15,NA,NA,T,NA,NA,NA,NA,20181621415
604,2018162,1650,2018,162,16,50,NA,NA,A,NA,NA,NA,NA,20181621650
605,2018162,1830,2018,162,18,30,NA,NA,A,NA,NA,NA,NA,20181621830
606,2018163,1320,2018,163,13,20,NA,NA,T,NA,NA,NA,NA,20181631320
607,2018163,1500,2018,163,15,0,NA,NA,T,NA,NA,NA,NA,20181631500
608,2018163,1735,2018,163,17,35,NA,NA,A,NA,NA,NA,NA,20181631735
609,2018163,1910,2018,163,19,10,NA,NA,A,NA,NA,NA,NA,20181631910
610,2018164,1405,2018,164,14,5,NA,NA,T,NA,NA,NA,NA,20181641405
611,2018164,1640,2018,164,16,40,NA,NA,A,NA,NA,NA,NA,20181641640
612,2018164,1815,2018,164,18,15,NA,NA,A,NA,NA,NA,NA,20181641815
613,2018165,1310,2018,165,13,10,NA,NA,T,NA,NA,NA,NA,20181651310
614,2018165,1445,2018,165,14,45,-34.55416666,-58.50906357,T,0.03825,0.026,0.0069,0,20181651445
615,2018165,1720,2018,165,17,20,NA,NA,A,NA,NA,NA,NA,20181651720
616,2018165,1900,2018,165,19,0,NA,NA,A,NA,NA,NA,NA,20181651900
617,2018166,1350,2018,166,13,50,NA,NA,T,NA,NA,NA,NA,20181661350
618,2018166,1625,2018,166,16,25,NA,NA,A,NA,NA,NA,NA,20181661625
619,2018166,1805,2018,166,18,5,NA,NA,A,NA,NA,NA,NA,20181661805
620,2018167,1255,2018,167,12,55,NA,NA,T,NA,NA,NA,NA,20181671255
621,2018167,1435,2018,167,14,35,-34.55416666,-58.50906357,T,0.06475,0.04425,0.0101,0,20181671435
622,2018167,1710,2018,167,17,10,-34.55416666,-58.50906357,A,0.0835,0.05725,0.0084,0,20181671710
623,2018167,1845,2018,167,18,45,NA,NA,A,NA,NA,NA,NA,20181671845
624,2018168,1340,2018,168,13,40,-34.55416666,-58.49894527,T,0.0725,0.0495,0.0151,0,20181681340
625,2018168,1515,2018,168,15,15,NA,NA,T,NA,NA,NA,NA,20181681515
626,2018168,1615,2018,168,16,15,NA,NA,A,NA,NA,NA,NA,20181681615
627,2018168,1755,2018,168,17,55,NA,NA,A,NA,NA,NA,NA,20181681755
628,2018169,1245,2018,169,12,45,NA,NA,T,NA,NA,NA,NA,20181691245
629,2018169,1420,2018,169,14,20,NA,NA,T,NA,NA,NA,NA,20181691420
630,2018169,1655,2018,169,16,55,NA,NA,A,NA,NA,NA,NA,20181691655
631,2018169,1835,2018,169,18,35,-34.55416666,-58.50906357,A,0.02,0.013,0.0093,0,20181691835
632,2018170,1325,2018,170,13,25,NA,NA,T,NA,NA,NA,NA,20181701325
633,2018170,1505,2018,170,15,5,NA,NA,T,NA,NA,NA,NA,20181701505
634,2018170,1740,2018,170,17,40,NA,NA,A,NA,NA,NA,NA,20181701740
635,2018170,1915,2018,170,19,15,NA,NA,A,NA,NA,NA,NA,20181701915
636,2018171,1230,2018,171,12,30,NA,NA,T,NA,NA,NA,NA,20181711230
637,2018171,1410,2018,171,14,10,-34.55416666,-58.50906357,T,0.2825,0.196,0.0185,0,20181711410
638,2018171,1645,2018,171,16,45,NA,NA,A,NA,NA,NA,NA,20181711645
639,2018171,1825,2018,171,18,25,-34.5625,-58.51492525,A,0.147,0.101,0.0138,0,20181711825
640,2018172,1315,2018,172,13,15,NA,NA,T,NA,NA,NA,NA,20181721315
641,2018172,1450,2018,172,14,50,-34.55416666,-58.50906357,T,0.019,0.013,0.0036,0,20181721450
642,2018172,1730,2018,172,17,30,-34.55416666,-58.50906357,A,0.043,0.0295,0.0104,0,20181721730
643,2018172,1905,2018,172,19,5,NA,NA,A,NA,NA,NA,NA,20181721905
644,2018173,1355,2018,173,13,55,NA,NA,T,NA,NA,NA,NA,20181731355
645,2018173,1635,2018,173,16,35,NA,NA,A,NA,NA,NA,NA,20181731635
646,2018173,1810,2018,173,18,10,-34.55416666,-58.50906357,A,0.10975,0.0755,0.0187,0,20181731810
647,2018174,1300,2018,174,13,0,NA,NA,T,NA,NA,NA,NA,20181741300
648,2018174,1440,2018,174,14,40,-34.55416666,-58.50906357,T,0.04625,0.0315,0.0093,0,20181741440
649,2018174,1715,2018,174,17,15,-34.55416666,-58.50906357,A,0.05825,0.03975,0.0097,0,20181741715
650,2018174,1850,2018,174,18,50,NA,NA,A,NA,NA,NA,NA,20181741850
651,2018175,1345,2018,175,13,45,NA,NA,T,NA,NA,NA,NA,20181751345
652,2018175,1620,2018,175,16,20,NA,NA,A,NA,NA,NA,NA,20181751620
653,2018175,1800,2018,175,18,0,-34.55416666,-58.50906357,A,0.0595,0.041,0.0221,0,20181751800
654,2018176,1250,2018,176,12,50,NA,NA,T,NA,NA,NA,NA,20181761250
655,2018176,1425,2018,176,14,25,-34.55416666,-58.50906357,T,0.08575,0.0585,0.0122,0,20181761425
656,2018176,1705,2018,176,17,5,-34.55416666,-58.50906357,A,0.07175,0.049,0.0071,0,20181761705
657,2018176,1840,2018,176,18,40,NA,NA,A,NA,NA,NA,NA,20181761840
658,2018177,1330,2018,177,13,30,NA,NA,T,NA,NA,NA,NA,20181771330
659,2018177,1510,2018,177,15,10,NA,NA,T,NA,NA,NA,NA,20181771510
660,2018177,1745,2018,177,17,45,NA,NA,A,NA,NA,NA,NA,20181771745
661,2018178,1235,2018,178,12,35,NA,NA,T,NA,NA,NA,NA,20181781235
662,2018178,1415,2018,178,14,15,-34.55416666,-58.50906357,T,0.14275,0.098,0.0184,0,20181781415
663,2018178,1650,2018,178,16,50,NA,NA,A,NA,NA,NA,NA,20181781650
664,2018178,1830,2018,178,18,30,-34.55416666,-58.50906357,A,0.03775,0.0255,0.012,0,20181781830
665,2018179,1320,2018,179,13,20,-34.55416666,-58.50906357,T,0.15267,0.10467,0.0105,0,20181791320
666,2018179,1500,2018,179,15,0,NA,NA,T,NA,NA,NA,NA,20181791500
667,2018179,1735,2018,179,17,35,-34.55416666,-58.50906357,A,0.11025,0.07575,0.0175,0,20181791735
668,2018179,1910,2018,179,19,10,NA,NA,A,NA,NA,NA,NA,20181791910
669,2018180,1405,2018,180,14,5,NA,NA,T,NA,NA,NA,NA,20181801405
670,2018180,1640,2018,180,16,40,NA,NA,A,NA,NA,NA,NA,20181801640
671,2018180,1815,2018,180,18,15,NA,NA,A,NA,NA,NA,NA,20181801815
672,2018181,1310,2018,181,13,10,NA,NA,T,NA,NA,NA,NA,20181811310
673,2018181,1445,2018,181,14,45,NA,NA,T,NA,NA,NA,NA,20181811445
674,2018181,1720,2018,181,17,20,NA,NA,A,NA,NA,NA,NA,20181811720
675,2018181,1900,2018,181,19,0,NA,NA,A,NA,NA,NA,NA,20181811900
676,2018182,1350,2018,182,13,50,NA,NA,T,NA,NA,NA,NA,20181821350
677,2018182,1625,2018,182,16,25,NA,NA,A,NA,NA,NA,NA,20181821625
678,2018182,1805,2018,182,18,5,NA,NA,A,NA,NA,NA,NA,20181821805
679,2018183,1255,2018,183,12,55,NA,NA,T,NA,NA,NA,NA,20181831255
680,2018183,1435,2018,183,14,35,NA,NA,T,NA,NA,NA,NA,20181831435
681,2018183,1710,2018,183,17,10,NA,NA,A,NA,NA,NA,NA,20181831710
682,2018183,1845,2018,183,18,45,NA,NA,A,NA,NA,NA,NA,20181831845
683,2018184,1340,2018,184,13,40,NA,NA,T,NA,NA,NA,NA,20181841340
684,2018184,1515,2018,184,15,15,NA,NA,T,NA,NA,NA,NA,20181841515
685,2018184,1615,2018,184,16,15,NA,NA,A,NA,NA,NA,NA,20181841615
686,2018184,1755,2018,184,17,55,NA,NA,A,NA,NA,NA,NA,20181841755
687,2018185,1245,2018,185,12,45,NA,NA,T,NA,NA,NA,NA,20181851245
688,2018185,1420,2018,185,14,20,NA,NA,T,NA,NA,NA,NA,20181851420
689,2018185,1655,2018,185,16,55,NA,NA,A,NA,NA,NA,NA,20181851655
690,2018185,1835,2018,185,18,35,NA,NA,A,NA,NA,NA,NA,20181851835
691,2018186,1325,2018,186,13,25,NA,NA,T,NA,NA,NA,NA,20181861325
692,2018186,1505,2018,186,15,5,NA,NA,T,NA,NA,NA,NA,20181861505
693,2018186,1740,2018,186,17,40,NA,NA,A,NA,NA,NA,NA,20181861740
694,2018186,1915,2018,186,19,15,NA,NA,A,NA,NA,NA,NA,20181861915
695,2018187,1230,2018,187,12,30,NA,NA,T,NA,NA,NA,NA,20181871230
696,2018187,1410,2018,187,14,10,NA,NA,T,NA,NA,NA,NA,20181871410
697,2018187,1645,2018,187,16,45,NA,NA,A,NA,NA,NA,NA,20181871645
698,2018187,1825,2018,187,18,25,NA,NA,A,NA,NA,NA,NA,20181871825
699,2018188,1315,2018,188,13,15,NA,NA,T,NA,NA,NA,NA,20181881315
700,2018188,1450,2018,188,14,50,NA,NA,T,NA,NA,NA,NA,20181881450
701,2018188,1730,2018,188,17,30,NA,NA,A,NA,NA,NA,NA,20181881730
702,2018188,1905,2018,188,19,5,NA,NA,A,NA,NA,NA,NA,20181881905
703,2018189,1355,2018,189,13,55,NA,NA,T,NA,NA,NA,NA,20181891355
704,2018189,1635,2018,189,16,35,NA,NA,A,NA,NA,NA,NA,20181891635
705,2018189,1810,2018,189,18,10,NA,NA,A,NA,NA,NA,NA,20181891810
706,2018190,1300,2018,190,13,0,NA,NA,T,NA,NA,NA,NA,20181901300
707,2018190,1440,2018,190,14,40,NA,NA,T,NA,NA,NA,NA,20181901440
708,2018190,1715,2018,190,17,15,NA,NA,A,NA,NA,NA,NA,20181901715
709,2018190,1850,2018,190,18,50,NA,NA,A,NA,NA,NA,NA,20181901850
710,2018191,1345,2018,191,13,45,NA,NA,T,NA,NA,NA,NA,20181911345
711,2018191,1620,2018,191,16,20,NA,NA,A,NA,NA,NA,NA,20181911620
712,2018191,1800,2018,191,18,0,NA,NA,A,NA,NA,NA,NA,20181911800
713,2018192,1250,2018,192,12,50,NA,NA,T,NA,NA,NA,NA,20181921250
714,2018192,1425,2018,192,14,25,NA,NA,T,NA,NA,NA,NA,20181921425
715,2018192,1705,2018,192,17,5,NA,NA,A,NA,NA,NA,NA,20181921705
716,2018192,1840,2018,192,18,40,NA,NA,A,NA,NA,NA,NA,20181921840
717,2018193,1330,2018,193,13,30,NA,NA,T,NA,NA,NA,NA,20181931330
718,2018193,1510,2018,193,15,10,NA,NA,T,NA,NA,NA,NA,20181931510
719,2018193,1745,2018,193,17,45,NA,NA,A,NA,NA,NA,NA,20181931745
720,2018194,1235,2018,194,12,35,NA,NA,T,NA,NA,NA,NA,20181941235
721,2018194,1415,2018,194,14,15,NA,NA,T,NA,NA,NA,NA,20181941415
722,2018194,1650,2018,194,16,50,NA,NA,A,NA,NA,NA,NA,20181941650
723,2018194,1830,2018,194,18,30,NA,NA,A,NA,NA,NA,NA,20181941830
724,2018195,1320,2018,195,13,20,NA,NA,T,NA,NA,NA,NA,20181951320
725,2018195,1500,2018,195,15,0,NA,NA,T,NA,NA,NA,NA,20181951500
726,2018195,1735,2018,195,17,35,NA,NA,A,NA,NA,NA,NA,20181951735
727,2018195,1910,2018,195,19,10,NA,NA,A,NA,NA,NA,NA,20181951910
728,2018196,1405,2018,196,14,5,NA,NA,T,NA,NA,NA,NA,20181961405
729,2018196,1640,2018,196,16,40,NA,NA,A,NA,NA,NA,NA,20181961640
730,2018196,1815,2018,196,18,15,-34.55416666,-58.50906357,A,0.05875,0.04025,0.0203,0,20181961815
731,2018197,1310,2018,197,13,10,NA,NA,T,NA,NA,NA,NA,20181971310
732,2018197,1445,2018,197,14,45,NA,NA,T,NA,NA,NA,NA,20181971445
733,2018197,1720,2018,197,17,20,NA,NA,A,NA,NA,NA,NA,20181971720
734,2018197,1900,2018,197,19,0,NA,NA,A,NA,NA,NA,NA,20181971900
735,2018198,1350,2018,198,13,50,NA,NA,T,NA,NA,NA,NA,20181981350
736,2018198,1625,2018,198,16,25,NA,NA,A,NA,NA,NA,NA,20181981625
737,2018198,1805,2018,198,18,5,NA,NA,A,NA,NA,NA,NA,20181981805
738,2018199,1255,2018,199,12,55,NA,NA,T,NA,NA,NA,NA,20181991255
739,2018199,1435,2018,199,14,35,NA,NA,T,NA,NA,NA,NA,20181991435
740,2018199,1710,2018,199,17,10,NA,NA,A,NA,NA,NA,NA,20181991710
741,2018199,1845,2018,199,18,45,NA,NA,A,NA,NA,NA,NA,20181991845
742,2018200,1340,2018,200,13,40,NA,NA,T,NA,NA,NA,NA,20182001340
743,2018200,1515,2018,200,15,15,NA,NA,T,NA,NA,NA,NA,20182001515
744,2018200,1615,2018,200,16,15,NA,NA,A,NA,NA,NA,NA,20182001615
745,2018200,1755,2018,200,17,55,NA,NA,A,NA,NA,NA,NA,20182001755
746,2018201,1245,2018,201,12,45,NA,NA,T,NA,NA,NA,NA,20182011245
747,2018201,1420,2018,201,14,20,NA,NA,T,NA,NA,NA,NA,20182011420
748,2018201,1700,2018,201,17,0,NA,NA,A,NA,NA,NA,NA,20182011700
749,2018201,1835,2018,201,18,35,NA,NA,A,NA,NA,NA,NA,20182011835
750,2018202,1325,2018,202,13,25,-34.55416666,-58.50906357,T,0.04925,0.0335,0.016,0,20182021325
751,2018202,1505,2018,202,15,5,NA,NA,T,NA,NA,NA,NA,20182021505
752,2018202,1740,2018,202,17,40,-34.55416666,-58.50906357,A,0.037,0.02525,0.0277,0,20182021740
753,2018202,1915,2018,202,19,15,NA,NA,A,NA,NA,NA,NA,20182021915
754,2018203,1230,2018,203,12,30,NA,NA,T,NA,NA,NA,NA,20182031230
755,2018203,1410,2018,203,14,10,NA,NA,T,NA,NA,NA,NA,20182031410
756,2018203,1645,2018,203,16,45,NA,NA,A,NA,NA,NA,NA,20182031645
757,2018203,1825,2018,203,18,25,NA,NA,A,NA,NA,NA,NA,20182031825
758,2018204,1315,2018,204,13,15,-34.55416666,-58.50906357,T,0.027,0.0185,0.0124,0,20182041315
759,2018204,1450,2018,204,14,50,-34.55416666,-58.50906357,T,0.019,0.013,0.0066,0,20182041450
760,2018204,1730,2018,204,17,30,-34.55416666,-58.50906357,A,0.0565,0.0385,0.0156,0,20182041730
761,2018204,1905,2018,204,19,5,NA,NA,A,NA,NA,NA,NA,20182041905
762,2018205,1355,2018,205,13,55,NA,NA,T,NA,NA,NA,NA,20182051355
763,2018205,1635,2018,205,16,35,NA,NA,A,NA,NA,NA,NA,20182051635
764,2018205,1810,2018,205,18,10,-34.55416666,-58.50906357,A,0.02825,0.01925,0.0239,0,20182051810
765,2018206,1300,2018,206,13,0,NA,NA,T,NA,NA,NA,NA,20182061300
766,2018206,1440,2018,206,14,40,NA,NA,T,NA,NA,NA,NA,20182061440
767,2018206,1715,2018,206,17,15,NA,NA,A,NA,NA,NA,NA,20182061715
768,2018206,1855,2018,206,18,55,NA,NA,A,NA,NA,NA,NA,20182061855
769,2018207,1345,2018,207,13,45,NA,NA,T,NA,NA,NA,NA,20182071345
770,2018207,1620,2018,207,16,20,NA,NA,A,NA,NA,NA,NA,20182071620
771,2018207,1800,2018,207,18,0,NA,NA,A,NA,NA,NA,NA,20182071800
772,2018208,1250,2018,208,12,50,NA,NA,T,NA,NA,NA,NA,20182081250
773,2018208,1425,2018,208,14,25,NA,NA,T,NA,NA,NA,NA,20182081425
774,2018208,1705,2018,208,17,5,NA,NA,A,NA,NA,NA,NA,20182081705
775,2018208,1840,2018,208,18,40,NA,NA,A,NA,NA,NA,NA,20182081840
776,2018209,1330,2018,209,13,30,NA,NA,T,NA,NA,NA,NA,20182091330
777,2018209,1510,2018,209,15,10,NA,NA,T,NA,NA,NA,NA,20182091510
778,2018209,1610,2018,209,16,10,NA,NA,A,NA,NA,NA,NA,20182091610
779,2018209,1745,2018,209,17,45,NA,NA,A,NA,NA,NA,NA,20182091745
780,2018210,1235,2018,210,12,35,NA,NA,T,NA,NA,NA,NA,20182101235
781,2018210,1415,2018,210,14,15,NA,NA,T,NA,NA,NA,NA,20182101415
782,2018210,1650,2018,210,16,50,NA,NA,A,NA,NA,NA,NA,20182101650
783,2018210,1830,2018,210,18,30,NA,NA,A,NA,NA,NA,NA,20182101830
784,2018211,1320,2018,211,13,20,NA,NA,T,NA,NA,NA,NA,20182111320
785,2018211,1500,2018,211,15,0,NA,NA,T,NA,NA,NA,NA,20182111500
786,2018211,1735,2018,211,17,35,-34.55416666,-58.50906357,A,0.071,0.0485,0.0209,0,20182111735
787,2018211,1910,2018,211,19,10,NA,NA,A,NA,NA,NA,NA,20182111910
788,2018212,1405,2018,212,14,5,-34.55416666,-58.50906357,T,0.04,0.02725,0.0317,0,20182121405
789,2018212,1640,2018,212,16,40,NA,NA,A,NA,NA,NA,NA,20182121640
790,2018212,1820,2018,212,18,20,-34.55416666,-58.50906357,A,0.0265,0.01825,0.0199,0,20182121820
791,2018213,1310,2018,213,13,10,-34.55416666,-58.50906357,T,0.1075,0.0735,0.0095,0,20182131310
792,2018213,1445,2018,213,14,45,-34.55416666,-58.50906357,T,0.03325,0.0225,0.0086,0,20182131445
793,2018213,1725,2018,213,17,25,-34.55416666,-58.50906357,A,0.07125,0.0485,0.0146,0,20182131725
794,2018213,1900,2018,213,19,0,NA,NA,A,NA,NA,NA,NA,20182131900
795,2018214,1350,2018,214,13,50,-34.55416666,-58.50906357,T,0.0655,0.0445,0.0309,0,20182141350
796,2018214,1625,2018,214,16,25,NA,NA,A,NA,NA,NA,NA,20182141625
797,2018214,1805,2018,214,18,5,-34.55416666,-58.50906357,A,0.03475,0.02375,0.0298,0,20182141805
798,2018215,1255,2018,215,12,55,NA,NA,T,NA,NA,NA,NA,20182151255
799,2018215,1435,2018,215,14,35,NA,NA,T,NA,NA,NA,NA,20182151435
800,2018215,1710,2018,215,17,10,NA,NA,A,NA,NA,NA,NA,20182151710
801,2018215,1845,2018,215,18,45,NA,NA,A,NA,NA,NA,NA,20182151845
802,2018216,1340,2018,216,13,40,NA,NA,T,NA,NA,NA,NA,20182161340
803,2018216,1515,2018,216,15,15,NA,NA,T,NA,NA,NA,NA,20182161515
804,2018216,1615,2018,216,16,15,NA,NA,A,NA,NA,NA,NA,20182161615
805,2018216,1755,2018,216,17,55,-34.55416666,-58.50906357,A,0.0465,0.032,0.0353,0,20182161755
806,2018217,1245,2018,217,12,45,NA,NA,T,NA,NA,NA,NA,20182171245
807,2018217,1420,2018,217,14,20,-34.55416666,-58.50906357,T,0.07925,0.054,0.0205,0,20182171420
808,2018217,1700,2018,217,17,0,NA,NA,A,NA,NA,NA,NA,20182171700
809,2018217,1835,2018,217,18,35,NA,NA,A,NA,NA,NA,NA,20182171835
810,2018218,1325,2018,218,13,25,-34.55416666,-58.50906357,T,0.082,0.056,0.0169,0,20182181325
811,2018218,1505,2018,218,15,5,NA,NA,T,NA,NA,NA,NA,20182181505
812,2018218,1740,2018,218,17,40,-34.55416666,-58.50906357,A,0.0355,0.024,0.0322,0,20182181740
813,2018218,1915,2018,218,19,15,NA,NA,A,NA,NA,NA,NA,20182181915
814,2018219,1230,2018,219,12,30,NA,NA,T,NA,NA,NA,NA,20182191230
815,2018219,1410,2018,219,14,10,NA,NA,T,NA,NA,NA,NA,20182191410
816,2018219,1645,2018,219,16,45,NA,NA,A,NA,NA,NA,NA,20182191645
817,2018219,1825,2018,219,18,25,NA,NA,A,NA,NA,NA,NA,20182191825
818,2018220,1315,2018,220,13,15,NA,NA,T,NA,NA,NA,NA,20182201315
819,2018220,1450,2018,220,14,50,NA,NA,T,NA,NA,NA,NA,20182201450
820,2018220,1730,2018,220,17,30,NA,NA,A,NA,NA,NA,NA,20182201730
821,2018220,1905,2018,220,19,5,NA,NA,A,NA,NA,NA,NA,20182201905
822,2018221,1355,2018,221,13,55,NA,NA,T,NA,NA,NA,NA,20182211355
823,2018221,1635,2018,221,16,35,NA,NA,A,NA,NA,NA,NA,20182211635
824,2018221,1810,2018,221,18,10,NA,NA,A,NA,NA,NA,NA,20182211810
825,2018222,1300,2018,222,13,0,NA,NA,T,NA,NA,NA,NA,20182221300
826,2018222,1440,2018,222,14,40,-34.55416666,-58.50906357,T,0.04975,0.034,0.0111,0,20182221440
827,2018222,1715,2018,222,17,15,NA,NA,A,NA,NA,NA,NA,20182221715
828,2018222,1855,2018,222,18,55,NA,NA,A,NA,NA,NA,NA,20182221855
829,2018223,1345,2018,223,13,45,NA,NA,T,NA,NA,NA,NA,20182231345
830,2018223,1620,2018,223,16,20,NA,NA,A,NA,NA,NA,NA,20182231620
831,2018223,1800,2018,223,18,0,NA,NA,A,NA,NA,NA,NA,20182231800
832,2018224,1250,2018,224,12,50,NA,NA,T,NA,NA,NA,NA,20182241250
833,2018224,1425,2018,224,14,25,NA,NA,T,NA,NA,NA,NA,20182241425
834,2018224,1705,2018,224,17,5,-34.55416666,-58.50906357,A,0.09875,0.0675,0.0092,0,20182241705
835,2018224,1840,2018,224,18,40,-34.55416666,-58.50906357,A,0.07975,0.05475,0.0126,0,20182241840
836,2018225,1330,2018,225,13,30,NA,NA,T,NA,NA,NA,NA,20182251330
837,2018225,1510,2018,225,15,10,NA,NA,T,NA,NA,NA,NA,20182251510
838,2018225,1610,2018,225,16,10,NA,NA,A,NA,NA,NA,NA,20182251610
839,2018225,1745,2018,225,17,45,NA,NA,A,NA,NA,NA,NA,20182251745
840,2018226,1235,2018,226,12,35,NA,NA,T,NA,NA,NA,NA,20182261235
841,2018226,1415,2018,226,14,15,NA,NA,T,NA,NA,NA,NA,20182261415
842,2018226,1650,2018,226,16,50,NA,NA,A,NA,NA,NA,NA,20182261650
843,2018226,1830,2018,226,18,30,NA,NA,A,NA,NA,NA,NA,20182261830
844,2018227,1320,2018,227,13,20,NA,NA,T,NA,NA,NA,NA,20182271320
845,2018227,1500,2018,227,15,0,NA,NA,T,NA,NA,NA,NA,20182271500
846,2018227,1735,2018,227,17,35,NA,NA,A,NA,NA,NA,NA,20182271735
847,2018227,1910,2018,227,19,10,NA,NA,A,NA,NA,NA,NA,20182271910
848,2018228,1405,2018,228,14,5,-34.55416666,-58.50906357,T,0.0425,0.029,0.048,0,20182281405
849,2018228,1640,2018,228,16,40,NA,NA,A,NA,NA,NA,NA,20182281640
850,2018228,1815,2018,228,18,15,-34.55416666,-58.50906357,A,0.0645,0.044,0.0258,0,20182281815
851,2018229,1310,2018,229,13,10,-34.55416666,-58.50906357,T,0.11125,0.0765,0.0115,0,20182291310
852,2018229,1445,2018,229,14,45,NA,NA,T,NA,NA,NA,NA,20182291445
853,2018229,1720,2018,229,17,20,NA,NA,A,NA,NA,NA,NA,20182291720
854,2018229,1900,2018,229,19,0,NA,NA,A,NA,NA,NA,NA,20182291900
855,2018230,1350,2018,230,13,50,NA,NA,T,NA,NA,NA,NA,20182301350
856,2018230,1625,2018,230,16,25,NA,NA,A,NA,NA,NA,NA,20182301625
857,2018230,1805,2018,230,18,5,NA,NA,A,NA,NA,NA,NA,20182301805
858,2018231,1255,2018,231,12,55,NA,NA,T,NA,NA,NA,NA,20182311255
859,2018231,1435,2018,231,14,35,-34.55416666,-58.50906357,T,0.045,0.03075,0.0135,0,20182311435
860,2018231,1710,2018,231,17,10,NA,NA,A,NA,NA,NA,NA,20182311710
861,2018231,1845,2018,231,18,45,NA,NA,A,NA,NA,NA,NA,20182311845
862,2018232,1340,2018,232,13,40,-34.55416666,-58.50906357,T,0.05225,0.03575,0.0252,0,20182321340
863,2018232,1515,2018,232,15,15,NA,NA,T,NA,NA,NA,NA,20182321515
864,2018232,1615,2018,232,16,15,NA,NA,A,NA,NA,NA,NA,20182321615
865,2018232,1755,2018,232,17,55,NA,NA,A,NA,NA,NA,NA,20182321755
866,2018233,1245,2018,233,12,45,NA,NA,T,NA,NA,NA,NA,20182331245
867,2018233,1420,2018,233,14,20,-34.55416666,-58.50906357,T,0.023,0.01575,0.0236,0,20182331420
868,2018233,1700,2018,233,17,0,NA,NA,A,NA,NA,NA,NA,20182331700
869,2018233,1835,2018,233,18,35,-34.55416666,-58.50906357,A,0.06875,0.047,0.0124,0,20182331835
870,2018234,1325,2018,234,13,25,-34.55416666,-58.50906357,T,0.0925,0.0635,0.0167,0,20182341325
871,2018234,1505,2018,234,15,5,NA,NA,T,NA,NA,NA,NA,20182341505
872,2018234,1740,2018,234,17,40,NA,NA,A,NA,NA,NA,NA,20182341740
873,2018234,1915,2018,234,19,15,NA,NA,A,NA,NA,NA,NA,20182341915
874,2018235,1230,2018,235,12,30,NA,NA,T,NA,NA,NA,NA,20182351230
875,2018235,1410,2018,235,14,10,NA,NA,T,NA,NA,NA,NA,20182351410
876,2018235,1645,2018,235,16,45,NA,NA,A,NA,NA,NA,NA,20182351645
877,2018235,1825,2018,235,18,25,NA,NA,A,NA,NA,NA,NA,20182351825
878,2018236,1315,2018,236,13,15,NA,NA,T,NA,NA,NA,NA,20182361315
879,2018236,1450,2018,236,14,50,NA,NA,T,NA,NA,NA,NA,20182361450
880,2018236,1730,2018,236,17,30,NA,NA,A,NA,NA,NA,NA,20182361730
881,2018236,1905,2018,236,19,5,NA,NA,A,NA,NA,NA,NA,20182361905
882,2018237,1355,2018,237,13,55,-34.55416666,-58.50906357,T,0.027,0.018,0.0447,0,20182371355
883,2018237,1635,2018,237,16,35,NA,NA,A,NA,NA,NA,NA,20182371635
884,2018237,1810,2018,237,18,10,-34.55416666,-58.50906357,A,0.019,0.013,0.0347,0,20182371810
885,2018238,1300,2018,238,13,0,NA,NA,T,NA,NA,NA,NA,20182381300
886,2018238,1440,2018,238,14,40,-34.55416666,-58.50906357,T,0.0195,0.0135,0.0148,0,20182381440
887,2018238,1715,2018,238,17,15,-34.55416666,-58.50906357,A,0.0725,0.0495,0.0174,0,20182381715
888,2018238,1855,2018,238,18,55,NA,NA,A,NA,NA,NA,NA,20182381855
889,2018239,1345,2018,239,13,45,-34.55416666,-58.50906357,T,0.03725,0.02575,0.0341,0,20182391345
890,2018239,1620,2018,239,16,20,NA,NA,A,NA,NA,NA,NA,20182391620
891,2018239,1800,2018,239,18,0,NA,NA,A,NA,NA,NA,NA,20182391800
892,2018240,1250,2018,240,12,50,NA,NA,T,NA,NA,NA,NA,20182401250
893,2018240,1425,2018,240,14,25,NA,NA,T,NA,NA,NA,NA,20182401425
894,2018240,1705,2018,240,17,5,-34.5625,-58.51492525,A,0.1645,0.113,0.0125,0,20182401705
895,2018240,1840,2018,240,18,40,-34.55416666,-58.50906357,A,0.13125,0.0905,0.013,0,20182401840
896,2018241,1330,2018,241,13,30,-34.55416666,-58.50906357,T,0.2475,0.1715,0.0242,0,20182411330
897,2018241,1510,2018,241,15,10,NA,NA,T,NA,NA,NA,NA,20182411510
898,2018241,1610,2018,241,16,10,NA,NA,A,NA,NA,NA,NA,20182411610
899,2018241,1745,2018,241,17,45,-34.55416666,-58.50906357,A,0.19575,0.135,0.0485,0,20182411745
900,2018242,1235,2018,242,12,35,NA,NA,T,NA,NA,NA,NA,20182421235
901,2018242,1415,2018,242,14,15,NA,NA,T,NA,NA,NA,NA,20182421415
902,2018242,1650,2018,242,16,50,NA,NA,A,NA,NA,NA,NA,20182421650
903,2018242,1830,2018,242,18,30,NA,NA,A,NA,NA,NA,NA,20182421830
904,2018243,1320,2018,243,13,20,NA,NA,T,NA,NA,NA,NA,20182431320
905,2018243,1500,2018,243,15,0,NA,NA,T,NA,NA,NA,NA,20182431500
906,2018243,1735,2018,243,17,35,NA,NA,A,NA,NA,NA,NA,20182431735
907,2018243,1910,2018,243,19,10,NA,NA,A,NA,NA,NA,NA,20182431910
908,2018244,1405,2018,244,14,5,NA,NA,T,NA,NA,NA,NA,20182441405
909,2018244,1640,2018,244,16,40,NA,NA,A,NA,NA,NA,NA,20182441640
910,2018244,1815,2018,244,18,15,NA,NA,A,NA,NA,NA,NA,20182441815
911,2018245,1310,2018,245,13,10,-34.55416666,-58.50906357,T,0.10675,0.07325,0.0133,0,20182451310
912,2018245,1445,2018,245,14,45,NA,NA,T,NA,NA,NA,NA,20182451445
913,2018245,1720,2018,245,17,20,-34.55416666,-58.50906357,A,0.121,0.083,0.0209,0,20182451720
914,2018245,1900,2018,245,19,0,NA,NA,A,NA,NA,NA,NA,20182451900
915,2018246,1350,2018,246,13,50,NA,NA,T,NA,NA,NA,NA,20182461350
916,2018246,1625,2018,246,16,25,NA,NA,A,NA,NA,NA,NA,20182461625
917,2018246,1805,2018,246,18,5,NA,NA,A,NA,NA,NA,NA,20182461805
918,2018247,1255,2018,247,12,55,NA,NA,T,NA,NA,NA,NA,20182471255
919,2018247,1435,2018,247,14,35,-34.55416666,-58.50906357,T,0.019,0.013,0.0197,0,20182471435
920,2018247,1710,2018,247,17,10,-34.55416666,-58.50906357,A,0.06925,0.04725,0.0128,0,20182471710
921,2018247,1845,2018,247,18,45,NA,NA,A,NA,NA,NA,NA,20182471845
922,2018248,1340,2018,248,13,40,NA,NA,T,NA,NA,NA,NA,20182481340
923,2018248,1515,2018,248,15,15,NA,NA,T,NA,NA,NA,NA,20182481515
924,2018248,1615,2018,248,16,15,NA,NA,A,NA,NA,NA,NA,20182481615
925,2018248,1755,2018,248,17,55,NA,NA,A,NA,NA,NA,NA,20182481755
926,2018249,1245,2018,249,12,45,NA,NA,T,NA,NA,NA,NA,20182491245
927,2018249,1420,2018,249,14,20,-34.55416666,-58.50906357,T,0.1645,0.113,0.0342,0,20182491420
928,2018249,1655,2018,249,16,55,NA,NA,A,NA,NA,NA,NA,20182491655
929,2018249,1835,2018,249,18,35,-34.55416666,-58.50906357,A,0.16067,0.11067,0.0167,0,20182491835
930,2018250,1325,2018,250,13,25,-34.55416666,-58.50906357,T,0.2405,0.1665,0.0225,0,20182501325
931,2018250,1505,2018,250,15,5,NA,NA,T,NA,NA,NA,NA,20182501505
932,2018250,1740,2018,250,17,40,NA,NA,A,NA,NA,NA,NA,20182501740
933,2018250,1915,2018,250,19,15,NA,NA,A,NA,NA,NA,NA,20182501915
934,2018251,1230,2018,251,12,30,NA,NA,T,NA,NA,NA,NA,20182511230
935,2018251,1410,2018,251,14,10,NA,NA,T,NA,NA,NA,NA,20182511410
936,2018251,1645,2018,251,16,45,NA,NA,A,NA,NA,NA,NA,20182511645
937,2018251,1825,2018,251,18,25,-34.5625,-58.51492525,A,0.6415,0.458,0.0252,0,20182511825
938,2018252,1315,2018,252,13,15,NA,NA,T,NA,NA,NA,NA,20182521315
939,2018252,1450,2018,252,14,50,-34.55416666,-58.50906357,T,0.32175,0.22475,0.0099,0,20182521450
940,2018252,1730,2018,252,17,30,NA,NA,A,NA,NA,NA,NA,20182521730
941,2018252,1905,2018,252,19,5,NA,NA,A,NA,NA,NA,NA,20182521905
942,2018253,1355,2018,253,13,55,NA,NA,T,NA,NA,NA,NA,20182531355
943,2018253,1635,2018,253,16,35,NA,NA,A,NA,NA,NA,NA,20182531635
944,2018253,1810,2018,253,18,10,NA,NA,A,NA,NA,NA,NA,20182531810
945,2018254,1300,2018,254,13,0,NA,NA,T,NA,NA,NA,NA,20182541300
946,2018254,1440,2018,254,14,40,NA,NA,T,NA,NA,NA,NA,20182541440
947,2018254,1715,2018,254,17,15,-34.55416666,-58.50906357,A,0.179,0.123,0.0173,0,20182541715
948,2018254,1850,2018,254,18,50,NA,NA,A,NA,NA,NA,NA,20182541850
949,2018255,1345,2018,255,13,45,NA,NA,T,NA,NA,NA,NA,20182551345
950,2018255,1620,2018,255,16,20,NA,NA,A,NA,NA,NA,NA,20182551620
951,2018255,1800,2018,255,18,0,NA,NA,A,NA,NA,NA,NA,20182551800
952,2018256,1250,2018,256,12,50,NA,NA,T,NA,NA,NA,NA,20182561250
953,2018256,1425,2018,256,14,25,NA,NA,T,NA,NA,NA,NA,20182561425
954,2018256,1705,2018,256,17,5,NA,NA,A,NA,NA,NA,NA,20182561705
955,2018256,1840,2018,256,18,40,-34.5625,-58.51492525,A,0.2945,0.2045,0.0166,0,20182561840
956,2018257,1330,2018,257,13,30,NA,NA,T,NA,NA,NA,NA,20182571330
957,2018257,1510,2018,257,15,10,NA,NA,T,NA,NA,NA,NA,20182571510
958,2018257,1610,2018,257,16,10,NA,NA,A,NA,NA,NA,NA,20182571610
959,2018257,1745,2018,257,17,45,NA,NA,A,NA,NA,NA,NA,20182571745
960,2018258,1235,2018,258,12,35,NA,NA,T,NA,NA,NA,NA,20182581235
961,2018258,1415,2018,258,14,15,NA,NA,T,NA,NA,NA,NA,20182581415
962,2018258,1650,2018,258,16,50,NA,NA,A,NA,NA,NA,NA,20182581650
963,2018258,1830,2018,258,18,30,NA,NA,A,NA,NA,NA,NA,20182581830
964,2018259,1320,2018,259,13,20,NA,NA,T,NA,NA,NA,NA,20182591320
965,2018259,1500,2018,259,15,0,NA,NA,T,NA,NA,NA,NA,20182591500
966,2018259,1735,2018,259,17,35,NA,NA,A,NA,NA,NA,NA,20182591735
967,2018259,1910,2018,259,19,10,NA,NA,A,NA,NA,NA,NA,20182591910
968,2018260,1405,2018,260,14,5,NA,NA,T,NA,NA,NA,NA,20182601405
969,2018260,1640,2018,260,16,40,NA,NA,A,NA,NA,NA,NA,20182601640
970,2018260,1815,2018,260,18,15,NA,NA,A,NA,NA,NA,NA,20182601815
971,2018261,1310,2018,261,13,10,NA,NA,T,NA,NA,NA,NA,20182611310
972,2018261,1445,2018,261,14,45,NA,NA,T,NA,NA,NA,NA,20182611445
973,2018261,1720,2018,261,17,20,NA,NA,A,NA,NA,NA,NA,20182611720
974,2018261,1900,2018,261,19,0,NA,NA,A,NA,NA,NA,NA,20182611900
975,2018262,1350,2018,262,13,50,-34.55416666,-58.50906357,T,0.029,0.019,0.0549,0,20182621350
976,2018262,1625,2018,262,16,25,NA,NA,A,NA,NA,NA,NA,20182621625
977,2018262,1805,2018,262,18,5,NA,NA,A,NA,NA,NA,NA,20182621805
978,2018263,1255,2018,263,12,55,NA,NA,T,NA,NA,NA,NA,20182631255
979,2018263,1435,2018,263,14,35,NA,NA,T,NA,NA,NA,NA,20182631435
980,2018263,1710,2018,263,17,10,NA,NA,A,NA,NA,NA,NA,20182631710
981,2018263,1845,2018,263,18,45,NA,NA,A,NA,NA,NA,NA,20182631845
982,2018264,1340,2018,264,13,40,NA,NA,T,NA,NA,NA,NA,20182641340
983,2018264,1515,2018,264,15,15,NA,NA,T,NA,NA,NA,NA,20182641515
984,2018264,1615,2018,264,16,15,NA,NA,A,NA,NA,NA,NA,20182641615
985,2018264,1750,2018,264,17,50,-34.55416666,-58.50906357,A,0.13925,0.09575,0.0457,0,20182641750
986,2018265,1245,2018,265,12,45,NA,NA,T,NA,NA,NA,NA,20182651245
987,2018265,1420,2018,265,14,20,NA,NA,T,NA,NA,NA,NA,20182651420
988,2018265,1655,2018,265,16,55,NA,NA,A,NA,NA,NA,NA,20182651655
989,2018265,1835,2018,265,18,35,NA,NA,A,NA,NA,NA,NA,20182651835
990,2018266,1325,2018,266,13,25,NA,NA,T,NA,NA,NA,NA,20182661325
991,2018266,1505,2018,266,15,5,NA,NA,T,NA,NA,NA,NA,20182661505
992,2018266,1740,2018,266,17,40,NA,NA,A,NA,NA,NA,NA,20182661740
993,2018266,1915,2018,266,19,15,NA,NA,A,NA,NA,NA,NA,20182661915
994,2018267,1230,2018,267,12,30,NA,NA,T,NA,NA,NA,NA,20182671230
995,2018267,1410,2018,267,14,10,NA,NA,T,NA,NA,NA,NA,20182671410
996,2018267,1645,2018,267,16,45,NA,NA,A,NA,NA,NA,NA,20182671645
997,2018267,1825,2018,267,18,25,NA,NA,A,NA,NA,NA,NA,20182671825
998,2018268,1315,2018,268,13,15,NA,NA,T,NA,NA,NA,NA,20182681315
999,2018268,1450,2018,268,14,50,-34.55416666,-58.50906357,T,0.019,0.013,0.0116,0,20182681450
1000,2018268,1730,2018,268,17,30,-34.55416666,-58.50906357,A,0.0865,0.05925,0.0276,0,20182681730
1001,2018268,1905,2018,268,19,5,NA,NA,A,NA,NA,NA,NA,20182681905
1002,2018269,1355,2018,269,13,55,NA,NA,T,NA,NA,NA,NA,20182691355
1003,2018269,1630,2018,269,16,30,NA,NA,A,NA,NA,NA,NA,20182691630
1004,2018269,1810,2018,269,18,10,NA,NA,A,NA,NA,NA,NA,20182691810
1005,2018270,1300,2018,270,13,0,NA,NA,T,NA,NA,NA,NA,20182701300
1006,2018270,1440,2018,270,14,40,NA,NA,T,NA,NA,NA,NA,20182701440
1007,2018270,1715,2018,270,17,15,NA,NA,A,NA,NA,NA,NA,20182701715
1008,2018270,1850,2018,270,18,50,NA,NA,A,NA,NA,NA,NA,20182701850
1009,2018271,1345,2018,271,13,45,NA,NA,T,NA,NA,NA,NA,20182711345
1010,2018271,1620,2018,271,16,20,NA,NA,A,NA,NA,NA,NA,20182711620
1011,2018271,1800,2018,271,18,0,NA,NA,A,NA,NA,NA,NA,20182711800
1012,2018272,1250,2018,272,12,50,NA,NA,T,NA,NA,NA,NA,20182721250
1013,2018272,1425,2018,272,14,25,NA,NA,T,NA,NA,NA,NA,20182721425
1014,2018272,1705,2018,272,17,5,NA,NA,A,NA,NA,NA,NA,20182721705
1015,2018272,1840,2018,272,18,40,NA,NA,A,NA,NA,NA,NA,20182721840
1016,2018273,1330,2018,273,13,30,NA,NA,T,NA,NA,NA,NA,20182731330
1017,2018273,1510,2018,273,15,10,NA,NA,T,NA,NA,NA,NA,20182731510
1018,2018273,1610,2018,273,16,10,NA,NA,A,NA,NA,NA,NA,20182731610
1019,2018273,1745,2018,273,17,45,NA,NA,A,NA,NA,NA,NA,20182731745
1020,2018274,1235,2018,274,12,35,NA,NA,T,NA,NA,NA,NA,20182741235
1021,2018274,1415,2018,274,14,15,NA,NA,T,NA,NA,NA,NA,20182741415
1022,2018274,1650,2018,274,16,50,NA,NA,A,NA,NA,NA,NA,20182741650
1023,2018274,1830,2018,274,18,30,NA,NA,A,NA,NA,NA,NA,20182741830
1024,2018275,1320,2018,275,13,20,-34.55416666,-58.50906357,T,0.022,0.015,0.0248,0,20182751320
1025,2018275,1500,2018,275,15,0,NA,NA,T,NA,NA,NA,NA,20182751500
1026,2018275,1735,2018,275,17,35,-34.5625,-58.51492525,A,0.0415,0.0285,0.0342,0,20182751735
1027,2018275,1910,2018,275,19,10,NA,NA,A,NA,NA,NA,NA,20182751910
1028,2018276,1400,2018,276,14,0,-34.55416666,-58.50906357,T,0.019,0.013,0.0842,0,20182761400
1029,2018276,1640,2018,276,16,40,NA,NA,A,NA,NA,NA,NA,20182761640
1030,2018276,1815,2018,276,18,15,NA,NA,A,NA,NA,NA,NA,20182761815
1031,2018277,1305,2018,277,13,5,-34.55416666,-58.50906357,T,0.08325,0.05675,0.0182,0,20182771305
1032,2018277,1445,2018,277,14,45,-34.55416666,-58.50906357,T,0.02675,0.01825,0.0161,0,20182771445
1033,2018277,1720,2018,277,17,20,NA,NA,A,NA,NA,NA,NA,20182771720
1034,2018277,1900,2018,277,19,0,NA,NA,A,NA,NA,NA,NA,20182771900
1035,2018278,1350,2018,278,13,50,-34.55416666,-58.50906357,T,0.019,0.013,0.0719,0,20182781350
1036,2018278,1625,2018,278,16,25,NA,NA,A,NA,NA,NA,NA,20182781625
1037,2018278,1805,2018,278,18,5,NA,NA,A,NA,NA,NA,NA,20182781805
1038,2018279,1255,2018,279,12,55,NA,NA,T,NA,NA,NA,NA,20182791255
1039,2018279,1435,2018,279,14,35,-34.55416666,-58.50906357,T,0.05825,0.03975,0.0255,0,20182791435
1040,2018279,1710,2018,279,17,10,-34.55416666,-58.50906357,A,0.142,0.0975,0.013,0,20182791710
1041,2018279,1845,2018,279,18,45,NA,NA,A,NA,NA,NA,NA,20182791845
1042,2018280,1340,2018,280,13,40,-34.55416666,-58.50906357,T,0.05625,0.03825,0.0483,0,20182801340
1043,2018280,1515,2018,280,15,15,NA,NA,T,NA,NA,NA,NA,20182801515
1044,2018280,1615,2018,280,16,15,NA,NA,A,NA,NA,NA,NA,20182801615
1045,2018280,1750,2018,280,17,50,-34.55416666,-58.50906357,A,0.07975,0.0545,0.0527,0,20182801750
1046,2018281,1655,2018,281,16,55,NA,NA,A,NA,NA,NA,NA,20182811655
1047,2018281,1835,2018,281,18,35,NA,NA,A,NA,NA,NA,NA,20182811835
1048,2018282,1325,2018,282,13,25,NA,NA,T,NA,NA,NA,NA,20182821325
1049,2018282,1505,2018,282,15,5,NA,NA,T,NA,NA,NA,NA,20182821505
1050,2018282,1740,2018,282,17,40,-34.5625,-58.51492525,A,0.08,0.055,0.0434,0,20182821740
1051,2018282,1915,2018,282,19,15,NA,NA,A,NA,NA,NA,NA,20182821915
1052,2018283,1230,2018,283,12,30,NA,NA,T,NA,NA,NA,NA,20182831230
1053,2018283,1410,2018,283,14,10,-34.55416666,-58.50906357,T,0.0325,0.02225,0.0531,0,20182831410
1054,2018283,1645,2018,283,16,45,NA,NA,A,NA,NA,NA,NA,20182831645
1055,2018283,1825,2018,283,18,25,-34.5625,-58.51492525,A,0.168,0.1155,0.0266,0,20182831825
1056,2018284,1315,2018,284,13,15,NA,NA,T,NA,NA,NA,NA,20182841315
1057,2018284,1450,2018,284,14,50,NA,NA,T,NA,NA,NA,NA,20182841450
1058,2018284,1730,2018,284,17,30,NA,NA,A,NA,NA,NA,NA,20182841730
1059,2018284,1905,2018,284,19,5,NA,NA,A,NA,NA,NA,NA,20182841905
1060,2018285,1355,2018,285,13,55,NA,NA,T,NA,NA,NA,NA,20182851355
1061,2018285,1630,2018,285,16,30,NA,NA,A,NA,NA,NA,NA,20182851630
1062,2018285,1810,2018,285,18,10,NA,NA,A,NA,NA,NA,NA,20182851810
1063,2018286,1300,2018,286,13,0,NA,NA,T,NA,NA,NA,NA,20182861300
1064,2018286,1440,2018,286,14,40,-34.55416666,-58.50906357,T,0.06575,0.04475,0.0166,0,20182861440
1065,2018286,1715,2018,286,17,15,NA,NA,A,NA,NA,NA,NA,20182861715
1066,2018286,1850,2018,286,18,50,NA,NA,A,NA,NA,NA,NA,20182861850
1067,2018287,1345,2018,287,13,45,-34.55416666,-58.50906357,T,0.11075,0.07575,0.0465,0,20182871345
1068,2018287,1620,2018,287,16,20,NA,NA,A,NA,NA,NA,NA,20182871620
1069,2018287,1800,2018,287,18,0,-34.55416666,-58.50906357,A,0.1755,0.121,0.0663,0,20182871800
1070,2018288,1250,2018,288,12,50,NA,NA,T,NA,NA,NA,NA,20182881250
1071,2018288,1425,2018,288,14,25,-34.55416666,-58.50906357,T,0.0345,0.0235,0.0375,0,20182881425
1072,2018288,1705,2018,288,17,5,-34.5625,-58.51492525,A,0.1055,0.0725,0.0102,0,20182881705
1073,2018288,1840,2018,288,18,40,-34.55416666,-58.50906357,A,0.071,0.04875,0.014,0,20182881840
1074,2018289,1330,2018,289,13,30,-34.55416666,-58.50906357,T,0.067,0.046,0.0355,0,20182891330
1075,2018289,1510,2018,289,15,10,NA,NA,T,NA,NA,NA,NA,20182891510
1076,2018289,1610,2018,289,16,10,NA,NA,A,NA,NA,NA,NA,20182891610
1077,2018289,1745,2018,289,17,45,-34.55416666,-58.50906357,A,0.04525,0.031,0.0619,0,20182891745
1078,2018290,1235,2018,290,12,35,NA,NA,T,NA,NA,NA,NA,20182901235
1079,2018290,1415,2018,290,14,15,NA,NA,T,NA,NA,NA,NA,20182901415
1080,2018290,1650,2018,290,16,50,NA,NA,A,NA,NA,NA,NA,20182901650
1081,2018290,1830,2018,290,18,30,NA,NA,A,NA,NA,NA,NA,20182901830
1082,2018291,1320,2018,291,13,20,NA,NA,T,NA,NA,NA,NA,20182911320
1083,2018291,1455,2018,291,14,55,NA,NA,T,NA,NA,NA,NA,20182911455
1084,2018291,1735,2018,291,17,35,NA,NA,A,NA,NA,NA,NA,20182911735
1085,2018291,1910,2018,291,19,10,NA,NA,A,NA,NA,NA,NA,20182911910
1086,2018292,1400,2018,292,14,0,NA,NA,T,NA,NA,NA,NA,20182921400
1087,2018292,1640,2018,292,16,40,NA,NA,A,NA,NA,NA,NA,20182921640
1088,2018292,1815,2018,292,18,15,-34.55416666,-58.50906357,A,0.134,0.09225,0.043,0,20182921815
1089,2018293,1305,2018,293,13,5,NA,NA,T,NA,NA,NA,NA,20182931305
1090,2018293,1445,2018,293,14,45,NA,NA,T,NA,NA,NA,NA,20182931445
1091,2018293,1720,2018,293,17,20,NA,NA,A,NA,NA,NA,NA,20182931720
1092,2018293,1900,2018,293,19,0,NA,NA,A,NA,NA,NA,NA,20182931900
1093,2018294,1350,2018,294,13,50,NA,NA,T,NA,NA,NA,NA,20182941350
1094,2018294,1625,2018,294,16,25,NA,NA,A,NA,NA,NA,NA,20182941625
1095,2018294,1805,2018,294,18,5,NA,NA,A,NA,NA,NA,NA,20182941805
1096,2018295,1255,2018,295,12,55,NA,NA,T,NA,NA,NA,NA,20182951255
1097,2018295,1435,2018,295,14,35,NA,NA,T,NA,NA,NA,NA,20182951435
1098,2018295,1710,2018,295,17,10,NA,NA,A,NA,NA,NA,NA,20182951710
1099,2018295,1845,2018,295,18,45,NA,NA,A,NA,NA,NA,NA,20182951845
1100,2018296,1340,2018,296,13,40,NA,NA,T,NA,NA,NA,NA,20182961340
1101,2018296,1515,2018,296,15,15,NA,NA,T,NA,NA,NA,NA,20182961515
1102,2018296,1615,2018,296,16,15,NA,NA,A,NA,NA,NA,NA,20182961615
1103,2018296,1750,2018,296,17,50,NA,NA,A,NA,NA,NA,NA,20182961750
1104,2018297,1240,2018,297,12,40,NA,NA,T,NA,NA,NA,NA,20182971240
1105,2018297,1420,2018,297,14,20,NA,NA,T,NA,NA,NA,NA,20182971420
1106,2018297,1655,2018,297,16,55,NA,NA,A,NA,NA,NA,NA,20182971655
1107,2018297,1835,2018,297,18,35,NA,NA,A,NA,NA,NA,NA,20182971835
1108,2018298,1325,2018,298,13,25,NA,NA,T,NA,NA,NA,NA,20182981325
1109,2018298,1505,2018,298,15,5,NA,NA,T,NA,NA,NA,NA,20182981505
1110,2018298,1740,2018,298,17,40,NA,NA,A,NA,NA,NA,NA,20182981740
1111,2018298,1915,2018,298,19,15,NA,NA,A,NA,NA,NA,NA,20182981915
1112,2018299,1230,2018,299,12,30,NA,NA,T,NA,NA,NA,NA,20182991230
1113,2018299,1410,2018,299,14,10,NA,NA,T,NA,NA,NA,NA,20182991410
1114,2018299,1645,2018,299,16,45,NA,NA,A,NA,NA,NA,NA,20182991645
1115,2018299,1825,2018,299,18,25,NA,NA,A,NA,NA,NA,NA,20182991825
1116,2018300,1315,2018,300,13,15,NA,NA,T,NA,NA,NA,NA,20183001315
1117,2018300,1450,2018,300,14,50,NA,NA,T,NA,NA,NA,NA,20183001450
1118,2018300,1730,2018,300,17,30,NA,NA,A,NA,NA,NA,NA,20183001730
1119,2018300,1905,2018,300,19,5,NA,NA,A,NA,NA,NA,NA,20183001905
1120,2018301,1355,2018,301,13,55,NA,NA,T,NA,NA,NA,NA,20183011355
1121,2018301,1630,2018,301,16,30,NA,NA,A,NA,NA,NA,NA,20183011630
1122,2018301,1810,2018,301,18,10,-34.55416666,-58.50906357,A,0.11975,0.08225,0.052,0,20183011810
1123,2018302,1300,2018,302,13,0,NA,NA,T,NA,NA,NA,NA,20183021300
1124,2018302,1440,2018,302,14,40,NA,NA,T,NA,NA,NA,NA,20183021440
1125,2018302,1715,2018,302,17,15,NA,NA,A,NA,NA,NA,NA,20183021715
1126,2018302,1850,2018,302,18,50,NA,NA,A,NA,NA,NA,NA,20183021850
1127,2018303,1345,2018,303,13,45,NA,NA,T,NA,NA,NA,NA,20183031345
1128,2018303,1620,2018,303,16,20,NA,NA,A,NA,NA,NA,NA,20183031620
1129,2018303,1800,2018,303,18,0,NA,NA,A,NA,NA,NA,NA,20183031800
1130,2018304,1250,2018,304,12,50,NA,NA,T,NA,NA,NA,NA,20183041250
1131,2018304,1425,2018,304,14,25,NA,NA,T,NA,NA,NA,NA,20183041425
1132,2018304,1705,2018,304,17,5,NA,NA,A,NA,NA,NA,NA,20183041705
1133,2018304,1840,2018,304,18,40,NA,NA,A,NA,NA,NA,NA,20183041840
1134,2018305,1330,2018,305,13,30,-34.55416666,-58.50906357,T,0.075,0.05125,0.041,0,20183051330
1135,2018305,1510,2018,305,15,10,NA,NA,T,NA,NA,NA,NA,20183051510
1136,2018305,1610,2018,305,16,10,NA,NA,A,NA,NA,NA,NA,20183051610
1137,2018305,1745,2018,305,17,45,NA,NA,A,NA,NA,NA,NA,20183051745
1138,2018306,1235,2018,306,12,35,NA,NA,T,NA,NA,NA,NA,20183061235
1139,2018306,1415,2018,306,14,15,NA,NA,T,NA,NA,NA,NA,20183061415
1140,2018306,1650,2018,306,16,50,NA,NA,A,NA,NA,NA,NA,20183061650
1141,2018306,1830,2018,306,18,30,NA,NA,A,NA,NA,NA,NA,20183061830
1142,2018307,1320,2018,307,13,20,-34.55416666,-58.50906357,T,0.0815,0.05575,0.0278,0,20183071320
1143,2018307,1455,2018,307,14,55,NA,NA,T,NA,NA,NA,NA,20183071455
1144,2018307,1735,2018,307,17,35,NA,NA,A,NA,NA,NA,NA,20183071735
1145,2018307,1910,2018,307,19,10,NA,NA,A,NA,NA,NA,NA,20183071910
1146,2018308,1400,2018,308,14,0,-34.55416666,-58.50906357,T,0.019,0.013,0.0779,0,20183081400
1147,2018308,1640,2018,308,16,40,NA,NA,A,NA,NA,NA,NA,20183081640
1148,2018308,1815,2018,308,18,15,-34.55416666,-58.50906357,A,0.0525,0.036,0.0436,0,20183081815
1149,2018309,1305,2018,309,13,5,NA,NA,T,NA,NA,NA,NA,20183091305
1150,2018309,1445,2018,309,14,45,NA,NA,T,NA,NA,NA,NA,20183091445
1151,2018309,1720,2018,309,17,20,-34.55416666,-58.50906357,A,0.15325,0.1055,0.0232,0,20183091720
1152,2018309,1900,2018,309,19,0,NA,NA,A,NA,NA,NA,NA,20183091900
1153,2018310,1350,2018,310,13,50,NA,NA,T,NA,NA,NA,NA,20183101350
1154,2018310,1625,2018,310,16,25,NA,NA,A,NA,NA,NA,NA,20183101625
1155,2018310,1805,2018,310,18,5,NA,NA,A,NA,NA,NA,NA,20183101805
1156,2018311,1255,2018,311,12,55,NA,NA,T,NA,NA,NA,NA,20183111255
1157,2018311,1435,2018,311,14,35,NA,NA,T,NA,NA,NA,NA,20183111435
1158,2018311,1710,2018,311,17,10,NA,NA,A,NA,NA,NA,NA,20183111710
1159,2018311,1845,2018,311,18,45,NA,NA,A,NA,NA,NA,NA,20183111845
1160,2018312,1340,2018,312,13,40,-34.55416666,-58.50906357,T,0.093,0.064,0.0571,0,20183121340
1161,2018312,1515,2018,312,15,15,NA,NA,T,NA,NA,NA,NA,20183121515
1162,2018312,1615,2018,312,16,15,NA,NA,A,NA,NA,NA,NA,20183121615
1163,2018312,1750,2018,312,17,50,-34.55416666,-58.50906357,A,0.148,0.10167,0.0597,0,20183121750
1164,2018313,1240,2018,313,12,40,NA,NA,T,NA,NA,NA,NA,20183131240
1165,2018313,1420,2018,313,14,20,-34.55416666,-58.50906357,T,0.09725,0.06675,0.039,0,20183131420
1166,2018313,1655,2018,313,16,55,NA,NA,A,NA,NA,NA,NA,20183131655
1167,2018313,1835,2018,313,18,35,NA,NA,A,NA,NA,NA,NA,20183131835
1168,2018314,1325,2018,314,13,25,NA,NA,T,NA,NA,NA,NA,20183141325
1169,2018314,1505,2018,314,15,5,NA,NA,T,NA,NA,NA,NA,20183141505
1170,2018314,1740,2018,314,17,40,NA,NA,A,NA,NA,NA,NA,20183141740
1171,2018314,1915,2018,314,19,15,NA,NA,A,NA,NA,NA,NA,20183141915
1172,2018315,1230,2018,315,12,30,NA,NA,T,NA,NA,NA,NA,20183151230
1173,2018315,1410,2018,315,14,10,NA,NA,T,NA,NA,NA,NA,20183151410
1174,2018315,1645,2018,315,16,45,NA,NA,A,NA,NA,NA,NA,20183151645
1175,2018315,1825,2018,315,18,25,NA,NA,A,NA,NA,NA,NA,20183151825
1176,2018316,1315,2018,316,13,15,NA,NA,T,NA,NA,NA,NA,20183161315
1177,2018316,1450,2018,316,14,50,NA,NA,T,NA,NA,NA,NA,20183161450
1178,2018316,1730,2018,316,17,30,NA,NA,A,NA,NA,NA,NA,20183161730
1179,2018316,1905,2018,316,19,5,NA,NA,A,NA,NA,NA,NA,20183161905
1180,2018317,1355,2018,317,13,55,NA,NA,T,NA,NA,NA,NA,20183171355
1181,2018317,1630,2018,317,16,30,NA,NA,A,NA,NA,NA,NA,20183171630
1182,2018317,1810,2018,317,18,10,NA,NA,A,NA,NA,NA,NA,20183171810
1183,2018318,1300,2018,318,13,0,NA,NA,T,NA,NA,NA,NA,20183181300
1184,2018318,1440,2018,318,14,40,-34.55416666,-58.50906357,T,0.04225,0.02875,0.0268,0,20183181440
1185,2018318,1715,2018,318,17,15,NA,NA,A,NA,NA,NA,NA,20183181715
1186,2018318,1850,2018,318,18,50,NA,NA,A,NA,NA,NA,NA,20183181850
1187,2018319,1345,2018,319,13,45,-34.55416666,-58.50906357,T,0.02825,0.0195,0.0662,0,20183191345
1188,2018319,1620,2018,319,16,20,NA,NA,A,NA,NA,NA,NA,20183191620
1189,2018319,1800,2018,319,18,0,-34.55416666,-58.50906357,A,0.06467,0.04433,0.0647,0,20183191800
1190,2018320,1250,2018,320,12,50,NA,NA,T,NA,NA,NA,NA,20183201250
1191,2018320,1425,2018,320,14,25,NA,NA,T,NA,NA,NA,NA,20183201425
1192,2018320,1705,2018,320,17,5,NA,NA,A,NA,NA,NA,NA,20183201705
1193,2018320,1840,2018,320,18,40,NA,NA,A,NA,NA,NA,NA,20183201840
1194,2018321,1330,2018,321,13,30,NA,NA,T,NA,NA,NA,NA,20183211330
1195,2018321,1510,2018,321,15,10,NA,NA,T,NA,NA,NA,NA,20183211510
1196,2018321,1745,2018,321,17,45,NA,NA,A,NA,NA,NA,NA,20183211745
1197,2018322,1235,2018,322,12,35,NA,NA,T,NA,NA,NA,NA,20183221235
1198,2018322,1415,2018,322,14,15,NA,NA,T,NA,NA,NA,NA,20183221415
1199,2018322,1650,2018,322,16,50,NA,NA,A,NA,NA,NA,NA,20183221650
1200,2018322,1830,2018,322,18,30,-34.55416666,-58.50906357,A,0.19125,0.132,0.0214,0,20183221830
1201,2018323,1320,2018,323,13,20,-34.55416666,-58.50906357,T,0.07025,0.04825,0.0216,0,20183231320
1202,2018323,1455,2018,323,14,55,NA,NA,T,NA,NA,NA,NA,20183231455
1203,2018323,1735,2018,323,17,35,-34.55416666,-58.50906357,A,0.1025,0.07025,0.0376,0,20183231735
1204,2018323,1910,2018,323,19,10,NA,NA,A,NA,NA,NA,NA,20183231910
1205,2018324,1400,2018,324,14,0,-34.55416666,-58.50906357,T,0.0205,0.014,0.0702,0,20183241400
1206,2018324,1640,2018,324,16,40,NA,NA,A,NA,NA,NA,NA,20183241640
1207,2018324,1815,2018,324,18,15,-34.55416666,-58.50906357,A,0.0925,0.0635,0.0341,0,20183241815
1208,2018325,1305,2018,325,13,5,NA,NA,T,NA,NA,NA,NA,20183251305
1209,2018325,1445,2018,325,14,45,-34.55416666,-58.50906357,T,0.042,0.02875,0.016,0,20183251445
1210,2018325,1720,2018,325,17,20,-34.55416666,-58.50906357,A,0.1425,0.09825,0.0226,0,20183251720
1211,2018325,1900,2018,325,19,0,NA,NA,A,NA,NA,NA,NA,20183251900
1212,2018326,1350,2018,326,13,50,NA,NA,T,NA,NA,NA,NA,20183261350
1213,2018326,1625,2018,326,16,25,NA,NA,A,NA,NA,NA,NA,20183261625
1214,2018326,1805,2018,326,18,5,NA,NA,A,NA,NA,NA,NA,20183261805
1215,2018327,1255,2018,327,12,55,NA,NA,T,NA,NA,NA,NA,20183271255
1216,2018327,1430,2018,327,14,30,NA,NA,T,NA,NA,NA,NA,20183271430
1217,2018327,1710,2018,327,17,10,NA,NA,A,NA,NA,NA,NA,20183271710
1218,2018327,1845,2018,327,18,45,NA,NA,A,NA,NA,NA,NA,20183271845
1219,2018328,1335,2018,328,13,35,NA,NA,T,NA,NA,NA,NA,20183281335
1220,2018328,1515,2018,328,15,15,NA,NA,T,NA,NA,NA,NA,20183281515
1221,2018328,1615,2018,328,16,15,NA,NA,A,NA,NA,NA,NA,20183281615
1222,2018328,1750,2018,328,17,50,NA,NA,A,NA,NA,NA,NA,20183281750
1223,2018329,1240,2018,329,12,40,NA,NA,T,NA,NA,NA,NA,20183291240
1224,2018329,1420,2018,329,14,20,-34.55416666,-58.50906357,T,0.044,0.02975,0.0419,0,20183291420
1225,2018329,1655,2018,329,16,55,NA,NA,A,NA,NA,NA,NA,20183291655
1226,2018329,1835,2018,329,18,35,NA,NA,A,NA,NA,NA,NA,20183291835
1227,2018330,1325,2018,330,13,25,NA,NA,T,NA,NA,NA,NA,20183301325
1228,2018330,1505,2018,330,15,5,NA,NA,T,NA,NA,NA,NA,20183301505
1229,2018330,1740,2018,330,17,40,NA,NA,A,NA,NA,NA,NA,20183301740
1230,2018330,1915,2018,330,19,15,NA,NA,A,NA,NA,NA,NA,20183301915
1231,2018331,1230,2018,331,12,30,NA,NA,T,NA,NA,NA,NA,20183311230
1232,2018331,1410,2018,331,14,10,NA,NA,T,NA,NA,NA,NA,20183311410
1233,2018331,1645,2018,331,16,45,NA,NA,A,NA,NA,NA,NA,20183311645
1234,2018331,1825,2018,331,18,25,NA,NA,A,NA,NA,NA,NA,20183311825
1235,2018332,1315,2018,332,13,15,NA,NA,T,NA,NA,NA,NA,20183321315
1236,2018332,1450,2018,332,14,50,NA,NA,T,NA,NA,NA,NA,20183321450
1237,2018332,1730,2018,332,17,30,-34.55416666,-58.50906357,A,0.2715,0.1885,0.0304,0,20183321730
1238,2018332,1905,2018,332,19,5,NA,NA,A,NA,NA,NA,NA,20183321905
1239,2018333,1355,2018,333,13,55,NA,NA,T,NA,NA,NA,NA,20183331355
1240,2018333,1630,2018,333,16,30,NA,NA,A,NA,NA,NA,NA,20183331630
1241,2018333,1810,2018,333,18,10,NA,NA,A,NA,NA,NA,NA,20183331810
1242,2018334,1300,2018,334,13,0,NA,NA,T,NA,NA,NA,NA,20183341300
1243,2018334,1440,2018,334,14,40,NA,NA,T,NA,NA,NA,NA,20183341440
1244,2018334,1715,2018,334,17,15,NA,NA,A,NA,NA,NA,NA,20183341715
1245,2018334,1850,2018,334,18,50,NA,NA,A,NA,NA,NA,NA,20183341850
1246,2018335,1345,2018,335,13,45,NA,NA,T,NA,NA,NA,NA,20183351345
1247,2018335,1620,2018,335,16,20,NA,NA,A,NA,NA,NA,NA,20183351620
1248,2018335,1800,2018,335,18,0,NA,NA,A,NA,NA,NA,NA,20183351800
1249,2018336,1250,2018,336,12,50,NA,NA,T,NA,NA,NA,NA,20183361250
1250,2018336,1425,2018,336,14,25,NA,NA,T,NA,NA,NA,NA,20183361425
1251,2018336,1705,2018,336,17,5,-34.5625,-58.51492525,A,0.1885,0.1295,0.0099,0,20183361705
1252,2018336,1840,2018,336,18,40,-34.5625,-58.51492525,A,0.122,0.084,0.0146,0,20183361840
1253,2018337,1330,2018,337,13,30,NA,NA,T,NA,NA,NA,NA,20183371330
1254,2018337,1510,2018,337,15,10,NA,NA,T,NA,NA,NA,NA,20183371510
1255,2018337,1745,2018,337,17,45,NA,NA,A,NA,NA,NA,NA,20183371745
1256,2018338,1235,2018,338,12,35,NA,NA,T,NA,NA,NA,NA,20183381235
1257,2018338,1415,2018,338,14,15,-34.55416666,-58.50906357,T,0.021,0.014,0.071,0,20183381415
1258,2018338,1650,2018,338,16,50,NA,NA,A,NA,NA,NA,NA,20183381650
1259,2018338,1830,2018,338,18,30,-34.55416666,-58.50906357,A,0.1025,0.07025,0.0321,0,20183381830
1260,2018339,1320,2018,339,13,20,NA,NA,T,NA,NA,NA,NA,20183391320
1261,2018339,1735,2018,339,17,35,NA,NA,A,NA,NA,NA,NA,20183391735
1262,2018339,1910,2018,339,19,10,NA,NA,A,NA,NA,NA,NA,20183391910
1263,2018340,1400,2018,340,14,0,-34.55416666,-58.50906357,T,0.152,0.105,0.067,0,20183401400
1264,2018340,1640,2018,340,16,40,NA,NA,A,NA,NA,NA,NA,20183401640
1265,2018340,1815,2018,340,18,15,NA,NA,A,NA,NA,NA,NA,20183401815
1266,2018341,1305,2018,341,13,5,NA,NA,T,NA,NA,NA,NA,20183411305
1267,2018341,1445,2018,341,14,45,NA,NA,T,NA,NA,NA,NA,20183411445
1268,2018341,1720,2018,341,17,20,-34.55416666,-58.50906357,A,0.22775,0.158,0.0194,0,20183411720
1269,2018341,1900,2018,341,19,0,NA,NA,A,NA,NA,NA,NA,20183411900
1270,2018342,1350,2018,342,13,50,-34.55416666,-58.50906357,T,0.04975,0.03375,0.0705,0,20183421350
1271,2018342,1625,2018,342,16,25,NA,NA,A,NA,NA,NA,NA,20183421625
1272,2018342,1805,2018,342,18,5,-34.55416666,-58.50906357,A,0.09725,0.06675,0.0769,0,20183421805
1273,2018343,1255,2018,343,12,55,NA,NA,T,NA,NA,NA,NA,20183431255
1274,2018343,1430,2018,343,14,30,NA,NA,T,NA,NA,NA,NA,20183431430
1275,2018343,1710,2018,343,17,10,NA,NA,A,NA,NA,NA,NA,20183431710
1276,2018343,1845,2018,343,18,45,NA,NA,A,NA,NA,NA,NA,20183431845
1277,2018344,1335,2018,344,13,35,-34.55416666,-58.50906357,T,0.086,0.05875,0.0435,0,20183441335
1278,2018344,1515,2018,344,15,15,NA,NA,T,NA,NA,NA,NA,20183441515
1279,2018344,1615,2018,344,16,15,NA,NA,A,NA,NA,NA,NA,20183441615
1280,2018344,1750,2018,344,17,50,-34.55416666,-58.50906357,A,0.15275,0.105,0.0612,0,20183441750
1281,2018345,1240,2018,345,12,40,NA,NA,T,NA,NA,NA,NA,20183451240
1282,2018345,1420,2018,345,14,20,NA,NA,T,NA,NA,NA,NA,20183451420
1283,2018345,1655,2018,345,16,55,NA,NA,A,NA,NA,NA,NA,20183451655
1284,2018345,1835,2018,345,18,35,NA,NA,A,NA,NA,NA,NA,20183451835
1285,2018346,1325,2018,346,13,25,-34.55416666,-58.50906357,T,0.1125,0.0775,0.0321,0,20183461325
1286,2018346,1505,2018,346,15,5,NA,NA,T,NA,NA,NA,NA,20183461505
1287,2018346,1740,2018,346,17,40,NA,NA,A,NA,NA,NA,NA,20183461740
1288,2018346,1915,2018,346,19,15,NA,NA,A,NA,NA,NA,NA,20183461915
1289,2018347,1230,2018,347,12,30,NA,NA,T,NA,NA,NA,NA,20183471230
1290,2018347,1410,2018,347,14,10,NA,NA,T,NA,NA,NA,NA,20183471410
1291,2018347,1645,2018,347,16,45,NA,NA,A,NA,NA,NA,NA,20183471645
1292,2018347,1825,2018,347,18,25,NA,NA,A,NA,NA,NA,NA,20183471825
1293,2018348,1315,2018,348,13,15,-34.55416666,-58.50906357,T,0.28725,0.19875,0.0256,0,20183481315
1294,2018348,1450,2018,348,14,50,-34.55416666,-58.50906357,T,0.3805,0.266,0.0143,0,20183481450
1295,2018348,1730,2018,348,17,30,NA,NA,A,NA,NA,NA,NA,20183481730
1296,2018348,1905,2018,348,19,5,NA,NA,A,NA,NA,NA,NA,20183481905
1297,2018349,1355,2018,349,13,55,-34.55416666,-58.50906357,T,0.047,0.032,0.1007,0,20183491355
1298,2018349,1630,2018,349,16,30,NA,NA,A,NA,NA,NA,NA,20183491630
1299,2018349,1810,2018,349,18,10,-34.55416666,-58.50906357,A,0.10775,0.07375,0.0623,0,20183491810
1300,2018350,1300,2018,350,13,0,NA,NA,T,NA,NA,NA,NA,20183501300
1301,2018350,1440,2018,350,14,40,-34.55416666,-58.50906357,T,0.07075,0.0485,0.0173,0,20183501440
1302,2018350,1715,2018,350,17,15,NA,NA,A,NA,NA,NA,NA,20183501715
1303,2018350,1850,2018,350,18,50,NA,NA,A,NA,NA,NA,NA,20183501850
1304,2018351,1345,2018,351,13,45,NA,NA,T,NA,NA,NA,NA,20183511345
1305,2018351,1620,2018,351,16,20,NA,NA,A,NA,NA,NA,NA,20183511620
1306,2018351,1800,2018,351,18,0,NA,NA,A,NA,NA,NA,NA,20183511800
1307,2018352,1250,2018,352,12,50,NA,NA,T,NA,NA,NA,NA,20183521250
1308,2018352,1425,2018,352,14,25,NA,NA,T,NA,NA,NA,NA,20183521425
1309,2018352,1705,2018,352,17,5,NA,NA,A,NA,NA,NA,NA,20183521705
1310,2018352,1840,2018,352,18,40,NA,NA,A,NA,NA,NA,NA,20183521840
1311,2018353,1330,2018,353,13,30,NA,NA,T,NA,NA,NA,NA,20183531330
1312,2018353,1510,2018,353,15,10,NA,NA,T,NA,NA,NA,NA,20183531510
1313,2018353,1745,2018,353,17,45,-34.55416666,-58.49894527,A,0.417,0.294,0.0522,0,20183531745
1314,2018354,1235,2018,354,12,35,NA,NA,T,NA,NA,NA,NA,20183541235
1315,2018354,1415,2018,354,14,15,NA,NA,T,NA,NA,NA,NA,20183541415
1316,2018354,1650,2018,354,16,50,NA,NA,A,NA,NA,NA,NA,20183541650
1317,2018354,1830,2018,354,18,30,NA,NA,A,NA,NA,NA,NA,20183541830
1318,2018355,1320,2018,355,13,20,NA,NA,T,NA,NA,NA,NA,20183551320
1319,2018355,1455,2018,355,14,55,NA,NA,T,NA,NA,NA,NA,20183551455
1320,2018355,1735,2018,355,17,35,NA,NA,A,NA,NA,NA,NA,20183551735
1321,2018355,1910,2018,355,19,10,NA,NA,A,NA,NA,NA,NA,20183551910
1322,2018356,1400,2018,356,14,0,-34.55416666,-58.50906357,T,0.12475,0.08575,0.0902,0,20183561400
1323,2018356,1640,2018,356,16,40,NA,NA,A,NA,NA,NA,NA,20183561640
1324,2018356,1815,2018,356,18,15,NA,NA,A,NA,NA,NA,NA,20183561815
1325,2018357,1305,2018,357,13,5,NA,NA,T,NA,NA,NA,NA,20183571305
1326,2018357,1445,2018,357,14,45,-34.55416666,-58.50906357,T,0.071,0.04825,0.0133,0,20183571445
1327,2018357,1720,2018,357,17,20,-34.55416666,-58.50906357,A,0.22467,0.156,0.0256,0,20183571720
1328,2018357,1900,2018,357,19,0,NA,NA,A,NA,NA,NA,NA,20183571900
1329,2018358,1350,2018,358,13,50,-34.55416666,-58.50906357,T,0.127,0.08725,0.0698,0,20183581350
1330,2018358,1625,2018,358,16,25,NA,NA,A,NA,NA,NA,NA,20183581625
1331,2018358,1805,2018,358,18,5,-34.55416666,-58.50906357,A,0.16325,0.1125,0.067,0,20183581805
1332,2018359,1255,2018,359,12,55,NA,NA,T,NA,NA,NA,NA,20183591255
1333,2018359,1430,2018,359,14,30,-34.55416666,-58.50906357,T,0.07975,0.0545,0.0219,0,20183591430
1334,2018359,1710,2018,359,17,10,-34.55416666,-58.50906357,A,0.13033,0.08967,0.0123,0,20183591710
1335,2018359,1845,2018,359,18,45,NA,NA,A,NA,NA,NA,NA,20183591845
1336,2018360,1335,2018,360,13,35,-34.55416666,-58.50906357,T,0.115,0.079,0.0443,0,20183601335
1337,2018360,1515,2018,360,15,15,NA,NA,T,NA,NA,NA,NA,20183601515
1338,2018360,1615,2018,360,16,15,NA,NA,A,NA,NA,NA,NA,20183601615
1339,2018360,1750,2018,360,17,50,-34.55416666,-58.50906357,A,0.216,0.15,0.0898,0,20183601750
1340,2018361,1240,2018,361,12,40,NA,NA,T,NA,NA,NA,NA,20183611240
1341,2018361,1420,2018,361,14,20,NA,NA,T,NA,NA,NA,NA,20183611420
1342,2018361,1655,2018,361,16,55,NA,NA,A,NA,NA,NA,NA,20183611655
1343,2018361,1835,2018,361,18,35,NA,NA,A,NA,NA,NA,NA,20183611835
1344,2018362,1325,2018,362,13,25,NA,NA,T,NA,NA,NA,NA,20183621325
1345,2018362,1505,2018,362,15,5,NA,NA,T,NA,NA,NA,NA,20183621505
1346,2018362,1740,2018,362,17,40,NA,NA,A,NA,NA,NA,NA,20183621740
1347,2018362,1915,2018,362,19,15,NA,NA,A,NA,NA,NA,NA,20183621915
1348,2018363,1230,2018,363,12,30,NA,NA,T,NA,NA,NA,NA,20183631230
1349,2018363,1410,2018,363,14,10,NA,NA,T,NA,NA,NA,NA,20183631410
1350,2018363,1645,2018,363,16,45,NA,NA,A,NA,NA,NA,NA,20183631645
1351,2018363,1825,2018,363,18,25,-34.55416666,-58.50906357,A,0.1135,0.07775,0.038,0,20183631825
1352,2018364,1315,2018,364,13,15,NA,NA,T,NA,NA,NA,NA,20183641315
1353,2018364,1450,2018,364,14,50,NA,NA,T,NA,NA,NA,NA,20183641450
1354,2018364,1730,2018,364,17,30,NA,NA,A,NA,NA,NA,NA,20183641730
1355,2018364,1905,2018,364,19,5,NA,NA,A,NA,NA,NA,NA,20183641905
1356,2018365,1355,2018,365,13,55,-34.55416666,-58.50906357,T,0.148,0.10175,0.0658,0,20183651355
1357,2018365,1630,2018,365,16,30,NA,NA,A,NA,NA,NA,NA,20183651630
1358,2018365,1810,2018,365,18,10,-34.55416666,-58.50906357,A,0.1335,0.09175,0.0458,0,20183651810
1,2019001,1300,2019,1,13,0,NA,NA,T,NA,NA,NA,NA,20190011300
2,2019001,1440,2019,1,14,40,NA,NA,T,NA,NA,NA,NA,20190011440
3,2019001,1715,2019,1,17,15,NA,NA,A,NA,NA,NA,NA,20190011715
4,2019001,1850,2019,1,18,50,NA,NA,A,NA,NA,NA,NA,20190011850
5,2019002,1345,2019,2,13,45,NA,NA,T,NA,NA,NA,NA,20190021345
6,2019002,1620,2019,2,16,20,NA,NA,A,NA,NA,NA,NA,20190021620
7,2019002,1800,2019,2,18,0,NA,NA,A,NA,NA,NA,NA,20190021800
8,2019003,1250,2019,3,12,50,NA,NA,T,NA,NA,NA,NA,20190031250
9,2019003,1425,2019,3,14,25,NA,NA,T,NA,NA,NA,NA,20190031425
10,2019003,1705,2019,3,17,5,-34.55416666,-58.50906357,A,0.20625,0.1425,0.0103,0,20190031705
11,2019003,1840,2019,3,18,40,NA,NA,A,NA,NA,NA,NA,20190031840
12,2019004,1330,2019,4,13,30,-34.55416666,-58.50906357,T,0.11675,0.08,0.0336,0,20190041330
13,2019004,1510,2019,4,15,10,NA,NA,T,NA,NA,NA,NA,20190041510
14,2019004,1610,2019,4,16,10,NA,NA,A,NA,NA,NA,NA,20190041610
15,2019004,1745,2019,4,17,45,-34.55416666,-58.50906357,A,0.187,0.12875,0.0541,0,20190041745
16,2019005,1235,2019,5,12,35,NA,NA,T,NA,NA,NA,NA,20190051235
17,2019005,1415,2019,5,14,15,NA,NA,T,NA,NA,NA,NA,20190051415
18,2019005,1650,2019,5,16,50,NA,NA,A,NA,NA,NA,NA,20190051650
19,2019005,1830,2019,5,18,30,-34.55416666,-58.50906357,A,0.1155,0.0795,0.0322,0,20190051830
20,2019006,1320,2019,6,13,20,NA,NA,T,NA,NA,NA,NA,20190061320
21,2019006,1455,2019,6,14,55,NA,NA,T,NA,NA,NA,NA,20190061455
22,2019006,1735,2019,6,17,35,NA,NA,A,NA,NA,NA,NA,20190061735
23,2019006,1910,2019,6,19,10,NA,NA,A,NA,NA,NA,NA,20190061910
24,2019007,1400,2019,7,14,0,NA,NA,T,NA,NA,NA,NA,20190071400
25,2019007,1640,2019,7,16,40,NA,NA,A,NA,NA,NA,NA,20190071640
26,2019007,1815,2019,7,18,15,NA,NA,A,NA,NA,NA,NA,20190071815
27,2019008,1305,2019,8,13,5,NA,NA,T,NA,NA,NA,NA,20190081305
28,2019008,1445,2019,8,14,45,NA,NA,T,NA,NA,NA,NA,20190081445
29,2019008,1720,2019,8,17,20,NA,NA,A,NA,NA,NA,NA,20190081720
30,2019008,1900,2019,8,19,0,NA,NA,A,NA,NA,NA,NA,20190081900
31,2019009,1350,2019,9,13,50,NA,NA,T,NA,NA,NA,NA,20190091350
32,2019009,1625,2019,9,16,25,NA,NA,A,NA,NA,NA,NA,20190091625
33,2019009,1805,2019,9,18,5,NA,NA,A,NA,NA,NA,NA,20190091805
34,2019010,1255,2019,10,12,55,NA,NA,T,NA,NA,NA,NA,20190101255
35,2019010,1430,2019,10,14,30,NA,NA,T,NA,NA,NA,NA,20190101430
36,2019010,1710,2019,10,17,10,NA,NA,A,NA,NA,NA,NA,20190101710
37,2019010,1845,2019,10,18,45,NA,NA,A,NA,NA,NA,NA,20190101845
38,2019011,1335,2019,11,13,35,-34.55416666,-58.50906357,T,0.07775,0.053,0.0452,0,20190111335
39,2019011,1515,2019,11,15,15,NA,NA,T,NA,NA,NA,NA,20190111515
40,2019011,1615,2019,11,16,15,NA,NA,A,NA,NA,NA,NA,20190111615
41,2019011,1750,2019,11,17,50,-34.55416666,-58.50906357,A,0.1915,0.13225,0.0744,0,20190111750
42,2019012,1240,2019,12,12,40,NA,NA,T,NA,NA,NA,NA,20190121240
43,2019012,1420,2019,12,14,20,NA,NA,T,NA,NA,NA,NA,20190121420
44,2019012,1655,2019,12,16,55,NA,NA,A,NA,NA,NA,NA,20190121655
45,2019012,1835,2019,12,18,35,-34.55416666,-58.50906357,A,0.11325,0.07775,0.0304,0,20190121835
46,2019013,1325,2019,13,13,25,NA,NA,T,NA,NA,NA,NA,20190131325
47,2019013,1505,2019,13,15,5,NA,NA,T,NA,NA,NA,NA,20190131505
48,2019013,1740,2019,13,17,40,NA,NA,A,NA,NA,NA,NA,20190131740
49,2019013,1915,2019,13,19,15,NA,NA,A,NA,NA,NA,NA,20190131915
50,2019014,1230,2019,14,12,30,NA,NA,T,NA,NA,NA,NA,20190141230
51,2019014,1410,2019,14,14,10,NA,NA,T,NA,NA,NA,NA,20190141410
52,2019014,1645,2019,14,16,45,NA,NA,A,NA,NA,NA,NA,20190141645
53,2019014,1825,2019,14,18,25,NA,NA,A,NA,NA,NA,NA,20190141825
54,2019015,1315,2019,15,13,15,NA,NA,T,NA,NA,NA,NA,20190151315
55,2019015,1450,2019,15,14,50,NA,NA,T,NA,NA,NA,NA,20190151450
56,2019015,1730,2019,15,17,30,NA,NA,A,NA,NA,NA,NA,20190151730
57,2019015,1905,2019,15,19,5,NA,NA,A,NA,NA,NA,NA,20190151905
58,2019016,1355,2019,16,13,55,NA,NA,T,NA,NA,NA,NA,20190161355
59,2019016,1630,2019,16,16,30,NA,NA,A,NA,NA,NA,NA,20190161630
60,2019016,1810,2019,16,18,10,-34.55416666,-58.50906357,A,0.16625,0.1145,0.0579,0,20190161810
61,2019017,1300,2019,17,13,0,NA,NA,T,NA,NA,NA,NA,20190171300
62,2019017,1440,2019,17,14,40,-34.55416666,-58.50906357,T,0.26025,0.18025,0.0198,0,20190171440
63,2019017,1715,2019,17,17,15,NA,NA,A,NA,NA,NA,NA,20190171715
64,2019017,1850,2019,17,18,50,NA,NA,A,NA,NA,NA,NA,20190171850
65,2019018,1345,2019,18,13,45,NA,NA,T,NA,NA,NA,NA,20190181345
66,2019018,1620,2019,18,16,20,NA,NA,A,NA,NA,NA,NA,20190181620
67,2019018,1800,2019,18,18,0,NA,NA,A,NA,NA,NA,NA,20190181800
68,2019019,1250,2019,19,12,50,NA,NA,T,NA,NA,NA,NA,20190191250
69,2019019,1425,2019,19,14,25,NA,NA,T,NA,NA,NA,NA,20190191425
70,2019019,1705,2019,19,17,5,-34.55416666,-58.50906357,A,0.2185,0.1515,0.0156,0,20190191705
71,2019019,1840,2019,19,18,40,-34.55416666,-58.50906357,A,0.2805,0.194,0.0227,0,20190191840
72,2019020,1330,2019,20,13,30,-34.5625,-58.51492525,T,0.172,0.118,0.0338,0,20190201330
73,2019020,1510,2019,20,15,10,NA,NA,T,NA,NA,NA,NA,20190201510
74,2019020,1610,2019,20,16,10,NA,NA,A,NA,NA,NA,NA,20190201610
75,2019020,1745,2019,20,17,45,NA,NA,A,NA,NA,NA,NA,20190201745
76,2019021,1235,2019,21,12,35,NA,NA,T,NA,NA,NA,NA,20190211235
77,2019021,1415,2019,21,14,15,NA,NA,T,NA,NA,NA,NA,20190211415
78,2019021,1650,2019,21,16,50,NA,NA,A,NA,NA,NA,NA,20190211650
79,2019021,1830,2019,21,18,30,NA,NA,A,NA,NA,NA,NA,20190211830
80,2019022,1320,2019,22,13,20,-34.55416666,-58.50906357,T,0.113,0.0775,0.0256,0,20190221320
81,2019022,1455,2019,22,14,55,NA,NA,T,NA,NA,NA,NA,20190221455
82,2019022,1735,2019,22,17,35,NA,NA,A,NA,NA,NA,NA,20190221735
83,2019022,1910,2019,22,19,10,NA,NA,A,NA,NA,NA,NA,20190221910
84,2019023,1400,2019,23,14,0,NA,NA,T,NA,NA,NA,NA,20190231400
85,2019023,1640,2019,23,16,40,NA,NA,A,NA,NA,NA,NA,20190231640
86,2019023,1815,2019,23,18,15,NA,NA,A,NA,NA,NA,NA,20190231815
87,2019024,1305,2019,24,13,5,NA,NA,T,NA,NA,NA,NA,20190241305
88,2019024,1445,2019,24,14,45,NA,NA,T,NA,NA,NA,NA,20190241445
89,2019024,1720,2019,24,17,20,-34.55416666,-58.50906357,A,0.2595,0.18025,0.0297,0,20190241720
90,2019024,1900,2019,24,19,0,NA,NA,A,NA,NA,NA,NA,20190241900
91,2019025,1350,2019,25,13,50,NA,NA,T,NA,NA,NA,NA,20190251350
92,2019025,1625,2019,25,16,25,NA,NA,A,NA,NA,NA,NA,20190251625
93,2019025,1805,2019,25,18,5,NA,NA,A,NA,NA,NA,NA,20190251805
94,2019026,1255,2019,26,12,55,NA,NA,T,NA,NA,NA,NA,20190261255
95,2019026,1430,2019,26,14,30,NA,NA,T,NA,NA,NA,NA,20190261430
96,2019026,1710,2019,26,17,10,NA,NA,A,NA,NA,NA,NA,20190261710
97,2019026,1845,2019,26,18,45,NA,NA,A,NA,NA,NA,NA,20190261845
98,2019027,1335,2019,27,13,35,NA,NA,T,NA,NA,NA,NA,20190271335
99,2019027,1515,2019,27,15,15,NA,NA,T,NA,NA,NA,NA,20190271515
100,2019027,1615,2019,27,16,15,NA,NA,A,NA,NA,NA,NA,20190271615
101,2019027,1750,2019,27,17,50,-34.55416666,-58.50906357,A,0.3485,0.2435,0.0778,0,20190271750
102,2019028,1240,2019,28,12,40,NA,NA,T,NA,NA,NA,NA,20190281240
103,2019028,1420,2019,28,14,20,NA,NA,T,NA,NA,NA,NA,20190281420
104,2019028,1655,2019,28,16,55,NA,NA,A,NA,NA,NA,NA,20190281655
105,2019028,1835,2019,28,18,35,NA,NA,A,NA,NA,NA,NA,20190281835
106,2019029,1325,2019,29,13,25,-34.55416666,-58.50906357,T,0.2205,0.1525,0.0311,0,20190291325
107,2019029,1505,2019,29,15,5,NA,NA,T,NA,NA,NA,NA,20190291505
108,2019029,1740,2019,29,17,40,NA,NA,A,NA,NA,NA,NA,20190291740
109,2019029,1915,2019,29,19,15,NA,NA,A,NA,NA,NA,NA,20190291915
110,2019030,1230,2019,30,12,30,NA,NA,T,NA,NA,NA,NA,20190301230
111,2019030,1405,2019,30,14,5,NA,NA,T,NA,NA,NA,NA,20190301405
112,2019030,1645,2019,30,16,45,NA,NA,A,NA,NA,NA,NA,20190301645
113,2019030,1825,2019,30,18,25,NA,NA,A,NA,NA,NA,NA,20190301825
114,2019031,1315,2019,31,13,15,-34.55416666,-58.50906357,T,0.09775,0.06725,0.0196,0,20190311315
115,2019031,1450,2019,31,14,50,-34.55416666,-58.50906357,T,0.049,0.0335,0.0112,0,20190311450
116,2019031,1730,2019,31,17,30,NA,NA,A,NA,NA,NA,NA,20190311730
117,2019031,1905,2019,31,19,5,NA,NA,A,NA,NA,NA,NA,20190311905
118,2019032,1355,2019,32,13,55,NA,NA,T,NA,NA,NA,NA,20190321355
119,2019032,1630,2019,32,16,30,NA,NA,A,NA,NA,NA,NA,20190321630
120,2019032,1810,2019,32,18,10,NA,NA,A,NA,NA,NA,NA,20190321810
121,2019033,1300,2019,33,13,0,NA,NA,T,NA,NA,NA,NA,20190331300
122,2019033,1440,2019,33,14,40,-34.55416666,-58.50906357,T,0.07275,0.04975,0.0177,0,20190331440
123,2019033,1715,2019,33,17,15,NA,NA,A,NA,NA,NA,NA,20190331715
124,2019033,1850,2019,33,18,50,NA,NA,A,NA,NA,NA,NA,20190331850
125,2019034,1345,2019,34,13,45,-34.55416666,-58.50906357,T,0.19225,0.13225,0.0607,0,20190341345
126,2019034,1620,2019,34,16,20,NA,NA,A,NA,NA,NA,NA,20190341620
127,2019034,1800,2019,34,18,0,-34.55416666,-58.50906357,A,0.244,0.1695,0.0587,0,20190341800
128,2019035,1250,2019,35,12,50,NA,NA,T,NA,NA,NA,NA,20190351250
129,2019035,1425,2019,35,14,25,-34.55416666,-58.50906357,T,0.12267,0.08433,0.0249,0,20190351425
130,2019035,1705,2019,35,17,5,-34.55416666,-58.50906357,A,0.13975,0.09625,0.0114,0,20190351705
131,2019035,1840,2019,35,18,40,-34.55416666,-58.50906357,A,0.1265,0.08675,0.0167,0,20190351840
132,2019036,1330,2019,36,13,30,-34.55416666,-58.50906357,T,0.1095,0.075,0.033,0,20190361330
133,2019036,1510,2019,36,15,10,NA,NA,T,NA,NA,NA,NA,20190361510
134,2019036,1745,2019,36,17,45,-34.55416666,-58.50906357,A,0.177,0.1225,0.0565,0,20190361745
135,2019037,1235,2019,37,12,35,NA,NA,T,NA,NA,NA,NA,20190371235
136,2019037,1415,2019,37,14,15,-34.55416666,-58.50906357,T,0.2325,0.161,0.0439,0,20190371415
137,2019037,1650,2019,37,16,50,NA,NA,A,NA,NA,NA,NA,20190371650
138,2019037,1830,2019,37,18,30,NA,NA,A,NA,NA,NA,NA,20190371830
139,2019038,1320,2019,38,13,20,-34.55416666,-58.50906357,T,0.09975,0.06825,0.0229,0,20190381320
140,2019038,1455,2019,38,14,55,NA,NA,T,NA,NA,NA,NA,20190381455
141,2019038,1735,2019,38,17,35,NA,NA,A,NA,NA,NA,NA,20190381735
142,2019038,1910,2019,38,19,10,NA,NA,A,NA,NA,NA,NA,20190381910
143,2019039,1400,2019,39,14,0,-34.55416666,-58.50906357,T,0.15,0.103,0.0963,0,20190391400
144,2019039,1640,2019,39,16,40,NA,NA,A,NA,NA,NA,NA,20190391640
145,2019039,1815,2019,39,18,15,NA,NA,A,NA,NA,NA,NA,20190391815
146,2019040,1305,2019,40,13,5,NA,NA,T,NA,NA,NA,NA,20190401305
147,2019040,1445,2019,40,14,45,-34.55416666,-58.50906357,T,0.1665,0.1145,0.0132,0,20190401445
148,2019040,1720,2019,40,17,20,NA,NA,A,NA,NA,NA,NA,20190401720
149,2019040,1900,2019,40,19,0,NA,NA,A,NA,NA,NA,NA,20190401900
150,2019041,1350,2019,41,13,50,-34.55416666,-58.50906357,T,0.133,0.0915,0.0963,0,20190411350
151,2019041,1625,2019,41,16,25,NA,NA,A,NA,NA,NA,NA,20190411625
152,2019041,1805,2019,41,18,5,NA,NA,A,NA,NA,NA,NA,20190411805
153,2019042,1255,2019,42,12,55,NA,NA,T,NA,NA,NA,NA,20190421255
154,2019042,1430,2019,42,14,30,NA,NA,T,NA,NA,NA,NA,20190421430
155,2019042,1710,2019,42,17,10,NA,NA,A,NA,NA,NA,NA,20190421710
156,2019042,1845,2019,42,18,45,NA,NA,A,NA,NA,NA,NA,20190421845
157,2019043,1335,2019,43,13,35,-34.55416666,-58.49894527,T,0.213,0.14767,0.0403,0,20190431335
158,2019043,1515,2019,43,15,15,NA,NA,T,NA,NA,NA,NA,20190431515
159,2019043,1615,2019,43,16,15,NA,NA,A,NA,NA,NA,NA,20190431615
160,2019043,1750,2019,43,17,50,-34.55416666,-58.49894527,A,0.319,0.223,0.0555,0,20190431750
161,2019044,1240,2019,44,12,40,NA,NA,T,NA,NA,NA,NA,20190441240
162,2019044,1420,2019,44,14,20,-34.55416666,-58.50906357,T,0.15625,0.10775,0.0302,0,20190441420
163,2019044,1655,2019,44,16,55,NA,NA,A,NA,NA,NA,NA,20190441655
164,2019044,1835,2019,44,18,35,-34.55416666,-58.50906357,A,0.1205,0.08275,0.0149,0,20190441835
165,2019045,1325,2019,45,13,25,NA,NA,T,NA,NA,NA,NA,20190451325
166,2019045,1505,2019,45,15,5,NA,NA,T,NA,NA,NA,NA,20190451505
167,2019045,1740,2019,45,17,40,NA,NA,A,NA,NA,NA,NA,20190451740
168,2019045,1915,2019,45,19,15,NA,NA,A,NA,NA,NA,NA,20190451915
169,2019046,1230,2019,46,12,30,NA,NA,T,NA,NA,NA,NA,20190461230
170,2019046,1410,2019,46,14,10,-34.55416666,-58.50906357,T,0.19075,0.13175,0.046,0,20190461410
171,2019046,1645,2019,46,16,45,NA,NA,A,NA,NA,NA,NA,20190461645
172,2019046,1825,2019,46,18,25,-34.55416666,-58.50906357,A,0.222,0.15325,0.0254,0,20190461825
173,2019047,1315,2019,47,13,15,-34.55416666,-58.50906357,T,0.095,0.065,0.011,0,20190471315
174,2019047,1450,2019,47,14,50,-34.55416666,-58.50906357,T,0.026,0.0175,0.008,0,20190471450
175,2019047,1730,2019,47,17,30,-34.55416666,-58.50906357,A,0.2155,0.1495,0.0379,0,20190471730
176,2019047,1905,2019,47,19,5,NA,NA,A,NA,NA,NA,NA,20190471905
177,2019048,1355,2019,48,13,55,-34.55416666,-58.50906357,T,0.121,0.08333,0.0702,0,20190481355
178,2019048,1630,2019,48,16,30,NA,NA,A,NA,NA,NA,NA,20190481630
179,2019048,1810,2019,48,18,10,-34.55416666,-58.50906357,A,0.10025,0.06875,0.0542,0,20190481810
180,2019049,1300,2019,49,13,0,NA,NA,T,NA,NA,NA,NA,20190491300
181,2019049,1440,2019,49,14,40,NA,NA,T,NA,NA,NA,NA,20190491440
182,2019049,1715,2019,49,17,15,NA,NA,A,NA,NA,NA,NA,20190491715
183,2019049,1850,2019,49,18,50,NA,NA,A,NA,NA,NA,NA,20190491850
184,2019050,1345,2019,50,13,45,-34.55416666,-58.50906357,T,0.0995,0.06825,0.0504,0,20190501345
185,2019050,1620,2019,50,16,20,NA,NA,A,NA,NA,NA,NA,20190501620
186,2019050,1800,2019,50,18,0,NA,NA,A,NA,NA,NA,NA,20190501800
187,2019051,1250,2019,51,12,50,NA,NA,T,NA,NA,NA,NA,20190511250
188,2019051,1425,2019,51,14,25,-34.55416666,-58.50906357,T,0.1295,0.089,0.0302,0,20190511425
189,2019051,1705,2019,51,17,5,NA,NA,A,NA,NA,NA,NA,20190511705
190,2019051,1840,2019,51,18,40,-34.5625,-58.51492525,A,0.196,0.1355,0.0191,0,20190511840
191,2019052,1330,2019,52,13,30,-34.55416666,-58.50906357,T,0.19775,0.1365,0.0324,0,20190521330
192,2019052,1510,2019,52,15,10,NA,NA,T,NA,NA,NA,NA,20190521510
193,2019052,1745,2019,52,17,45,NA,NA,A,NA,NA,NA,NA,20190521745
194,2019053,1235,2019,53,12,35,NA,NA,T,NA,NA,NA,NA,20190531235
195,2019053,1415,2019,53,14,15,NA,NA,T,NA,NA,NA,NA,20190531415
196,2019053,1650,2019,53,16,50,NA,NA,A,NA,NA,NA,NA,20190531650
197,2019053,1830,2019,53,18,30,NA,NA,A,NA,NA,NA,NA,20190531830
198,2019054,1320,2019,54,13,20,NA,NA,T,NA,NA,NA,NA,20190541320
199,2019054,1455,2019,54,14,55,NA,NA,T,NA,NA,NA,NA,20190541455
200,2019054,1735,2019,54,17,35,NA,NA,A,NA,NA,NA,NA,20190541735
201,2019054,1910,2019,54,19,10,NA,NA,A,NA,NA,NA,NA,20190541910
202,2019055,1400,2019,55,14,0,NA,NA,T,NA,NA,NA,NA,20190551400
203,2019055,1640,2019,55,16,40,NA,NA,A,NA,NA,NA,NA,20190551640
204,2019055,1815,2019,55,18,15,-34.55416666,-58.50906357,A,0.30225,0.2105,0.035,0,20190551815
205,2019056,1305,2019,56,13,5,NA,NA,T,NA,NA,NA,NA,20190561305
206,2019056,1445,2019,56,14,45,NA,NA,T,NA,NA,NA,NA,20190561445
207,2019056,1720,2019,56,17,20,NA,NA,A,NA,NA,NA,NA,20190561720
208,2019056,1900,2019,56,19,0,NA,NA,A,NA,NA,NA,NA,20190561900
209,2019057,1350,2019,57,13,50,-34.55416666,-58.50906357,T,0.08575,0.0585,0.0507,0,20190571350
210,2019057,1625,2019,57,16,25,NA,NA,A,NA,NA,NA,NA,20190571625
211,2019057,1805,2019,57,18,5,-34.55416666,-58.50906357,A,0.076,0.05175,0.0523,0,20190571805
212,2019058,1255,2019,58,12,55,NA,NA,T,NA,NA,NA,NA,20190581255
213,2019058,1430,2019,58,14,30,-34.55416666,-58.50906357,T,0.11275,0.0775,0.0229,0,20190581430
214,2019058,1710,2019,58,17,10,-34.55416666,-58.50906357,A,0.1835,0.1265,0.0165,0,20190581710
215,2019058,1845,2019,58,18,45,NA,NA,A,NA,NA,NA,NA,20190581845
216,2019059,1335,2019,59,13,35,-34.55416666,-58.50906357,T,0.06975,0.04775,0.0298,0,20190591335
217,2019059,1515,2019,59,15,15,NA,NA,T,NA,NA,NA,NA,20190591515
218,2019059,1615,2019,59,16,15,NA,NA,A,NA,NA,NA,NA,20190591615
219,2019059,1750,2019,59,17,50,-34.55416666,-58.50906357,A,0.16325,0.1125,0.05,0,20190591750
220,2019060,1240,2019,60,12,40,NA,NA,T,NA,NA,NA,NA,20190601240
221,2019060,1420,2019,60,14,20,NA,NA,T,NA,NA,NA,NA,20190601420
222,2019060,1655,2019,60,16,55,NA,NA,A,NA,NA,NA,NA,20190601655
223,2019060,1835,2019,60,18,35,-34.55416666,-58.50906357,A,0.139,0.0955,0.0176,0,20190601835
224,2019061,1325,2019,61,13,25,NA,NA,T,NA,NA,NA,NA,20190611325
225,2019061,1505,2019,61,15,5,NA,NA,T,NA,NA,NA,NA,20190611505
226,2019061,1740,2019,61,17,40,-34.55416666,-58.50906357,A,0.18075,0.124,0.0383,0,20190611740
227,2019061,1915,2019,61,19,15,NA,NA,A,NA,NA,NA,NA,20190611915
228,2019062,1230,2019,62,12,30,NA,NA,T,NA,NA,NA,NA,20190621230
229,2019062,1410,2019,62,14,10,-34.55416666,-58.50906357,T,0.155,0.10625,0.0433,0,20190621410
230,2019062,1645,2019,62,16,45,NA,NA,A,NA,NA,NA,NA,20190621645
231,2019062,1825,2019,62,18,25,-34.55416666,-58.50906357,A,0.107,0.07325,0.0301,0,20190621825
232,2019063,1315,2019,63,13,15,NA,NA,T,NA,NA,NA,NA,20190631315
233,2019063,1450,2019,63,14,50,NA,NA,T,NA,NA,NA,NA,20190631450
234,2019063,1730,2019,63,17,30,NA,NA,A,NA,NA,NA,NA,20190631730
235,2019063,1905,2019,63,19,5,NA,NA,A,NA,NA,NA,NA,20190631905
236,2019064,1355,2019,64,13,55,NA,NA,T,NA,NA,NA,NA,20190641355
237,2019064,1635,2019,64,16,35,NA,NA,A,NA,NA,NA,NA,20190641635
238,2019064,1810,2019,64,18,10,-34.55416666,-58.50906357,A,0.1865,0.12825,0.0475,0,20190641810
239,2019065,1300,2019,65,13,0,NA,NA,T,NA,NA,NA,NA,20190651300
240,2019065,1440,2019,65,14,40,NA,NA,T,NA,NA,NA,NA,20190651440
241,2019065,1715,2019,65,17,15,-34.55416666,-58.50906357,A,0.17675,0.12125,0.0145,0,20190651715
242,2019065,1850,2019,65,18,50,NA,NA,A,NA,NA,NA,NA,20190651850
243,2019066,1345,2019,66,13,45,-34.55416666,-58.50906357,T,0.121,0.083,0.0381,0,20190661345
244,2019066,1800,2019,66,18,0,NA,NA,A,NA,NA,NA,NA,20190661800
245,2019067,1250,2019,67,12,50,NA,NA,T,NA,NA,NA,NA,20190671250
246,2019067,1425,2019,67,14,25,NA,NA,T,NA,NA,NA,NA,20190671425
247,2019067,1705,2019,67,17,5,-34.55416666,-58.50906357,A,0.185,0.127,0.01,0,20190671705
248,2019067,1840,2019,67,18,40,NA,NA,A,NA,NA,NA,NA,20190671840
249,2019068,1330,2019,68,13,30,-34.55416666,-58.50906357,T,0.17525,0.1205,0.0287,0,20190681330
250,2019068,1510,2019,68,15,10,NA,NA,T,NA,NA,NA,NA,20190681510
251,2019068,1745,2019,68,17,45,NA,NA,A,NA,NA,NA,NA,20190681745
252,2019069,1235,2019,69,12,35,NA,NA,T,NA,NA,NA,NA,20190691235
253,2019069,1415,2019,69,14,15,NA,NA,T,NA,NA,NA,NA,20190691415
254,2019069,1650,2019,69,16,50,NA,NA,A,NA,NA,NA,NA,20190691650
255,2019069,1830,2019,69,18,30,-34.55416666,-58.50906357,A,0.1015,0.0695,0.0237,0,20190691830
256,2019070,1320,2019,70,13,20,-34.55416666,-58.50906357,T,0.124,0.08525,0.0192,0,20190701320
257,2019070,1455,2019,70,14,55,NA,NA,T,NA,NA,NA,NA,20190701455
258,2019070,1735,2019,70,17,35,NA,NA,A,NA,NA,NA,NA,20190701735
259,2019070,1910,2019,70,19,10,NA,NA,A,NA,NA,NA,NA,20190701910
260,2019071,1400,2019,71,14,0,NA,NA,T,NA,NA,NA,NA,20190711400
261,2019071,1640,2019,71,16,40,NA,NA,A,NA,NA,NA,NA,20190711640
262,2019071,1815,2019,71,18,15,NA,NA,A,NA,NA,NA,NA,20190711815
263,2019072,1305,2019,72,13,5,NA,NA,T,NA,NA,NA,NA,20190721305
264,2019072,1445,2019,72,14,45,NA,NA,T,NA,NA,NA,NA,20190721445
265,2019072,1720,2019,72,17,20,NA,NA,A,NA,NA,NA,NA,20190721720
266,2019072,1900,2019,72,19,0,NA,NA,A,NA,NA,NA,NA,20190721900
267,2019073,1350,2019,73,13,50,NA,NA,T,NA,NA,NA,NA,20190731350
268,2019073,1625,2019,73,16,25,NA,NA,A,NA,NA,NA,NA,20190731625
269,2019073,1805,2019,73,18,5,NA,NA,A,NA,NA,NA,NA,20190731805
270,2019074,1255,2019,74,12,55,NA,NA,T,NA,NA,NA,NA,20190741255
271,2019074,1430,2019,74,14,30,NA,NA,T,NA,NA,NA,NA,20190741430
272,2019074,1710,2019,74,17,10,NA,NA,A,NA,NA,NA,NA,20190741710
273,2019074,1845,2019,74,18,45,NA,NA,A,NA,NA,NA,NA,20190741845
274,2019075,1335,2019,75,13,35,NA,NA,T,NA,NA,NA,NA,20190751335
275,2019075,1515,2019,75,15,15,NA,NA,T,NA,NA,NA,NA,20190751515
276,2019075,1615,2019,75,16,15,NA,NA,A,NA,NA,NA,NA,20190751615
277,2019075,1755,2019,75,17,55,NA,NA,A,NA,NA,NA,NA,20190751755
278,2019076,1240,2019,76,12,40,NA,NA,T,NA,NA,NA,NA,20190761240
279,2019076,1420,2019,76,14,20,NA,NA,T,NA,NA,NA,NA,20190761420
280,2019076,1655,2019,76,16,55,NA,NA,A,NA,NA,NA,NA,20190761655
281,2019076,1835,2019,76,18,35,NA,NA,A,NA,NA,NA,NA,20190761835
282,2019077,1325,2019,77,13,25,-34.55416666,-58.50906357,T,0.104,0.0715,0.0236,0,20190771325
283,2019077,1505,2019,77,15,5,NA,NA,T,NA,NA,NA,NA,20190771505
284,2019077,1740,2019,77,17,40,NA,NA,A,NA,NA,NA,NA,20190771740
285,2019077,1915,2019,77,19,15,NA,NA,A,NA,NA,NA,NA,20190771915
286,2019078,1230,2019,78,12,30,NA,NA,T,NA,NA,NA,NA,20190781230
287,2019078,1410,2019,78,14,10,NA,NA,T,NA,NA,NA,NA,20190781410
288,2019078,1645,2019,78,16,45,NA,NA,A,NA,NA,NA,NA,20190781645
289,2019078,1825,2019,78,18,25,NA,NA,A,NA,NA,NA,NA,20190781825
290,2019079,1315,2019,79,13,15,-34.55416666,-58.50906357,T,0.085,0.0585,0.0178,0,20190791315
291,2019079,1450,2019,79,14,50,NA,NA,T,NA,NA,NA,NA,20190791450
292,2019079,1730,2019,79,17,30,NA,NA,A,NA,NA,NA,NA,20190791730
293,2019079,1905,2019,79,19,5,NA,NA,A,NA,NA,NA,NA,20190791905
294,2019080,1355,2019,80,13,55,-34.55416666,-58.49894527,T,0.1105,0.0755,0.0309,0,20190801355
295,2019080,1635,2019,80,16,35,NA,NA,A,NA,NA,NA,NA,20190801635
296,2019080,1810,2019,80,18,10,NA,NA,A,NA,NA,NA,NA,20190801810
297,2019081,1300,2019,81,13,0,NA,NA,T,NA,NA,NA,NA,20190811300
298,2019081,1440,2019,81,14,40,NA,NA,T,NA,NA,NA,NA,20190811440
299,2019081,1715,2019,81,17,15,NA,NA,A,NA,NA,NA,NA,20190811715
300,2019081,1850,2019,81,18,50,NA,NA,A,NA,NA,NA,NA,20190811850
301,2019082,1345,2019,82,13,45,NA,NA,T,NA,NA,NA,NA,20190821345
302,2019082,1620,2019,82,16,20,NA,NA,A,NA,NA,NA,NA,20190821620
303,2019082,1800,2019,82,18,0,NA,NA,A,NA,NA,NA,NA,20190821800
304,2019083,1250,2019,83,12,50,NA,NA,T,NA,NA,NA,NA,20190831250
305,2019083,1425,2019,83,14,25,-34.55416666,-58.50906357,T,0.08175,0.056,0.0205,0,20190831425
306,2019083,1705,2019,83,17,5,NA,NA,A,NA,NA,NA,NA,20190831705
307,2019083,1840,2019,83,18,40,NA,NA,A,NA,NA,NA,NA,20190831840
308,2019084,1330,2019,84,13,30,-34.55416666,-58.50906357,T,0.1635,0.11225,0.0272,0,20190841330
309,2019084,1510,2019,84,15,10,NA,NA,T,NA,NA,NA,NA,20190841510
310,2019084,1610,2019,84,16,10,NA,NA,A,NA,NA,NA,NA,20190841610
311,2019084,1745,2019,84,17,45,NA,NA,A,NA,NA,NA,NA,20190841745
312,2019085,1235,2019,85,12,35,NA,NA,T,NA,NA,NA,NA,20190851235
313,2019085,1415,2019,85,14,15,NA,NA,T,NA,NA,NA,NA,20190851415
314,2019085,1650,2019,85,16,50,NA,NA,A,NA,NA,NA,NA,20190851650
315,2019085,1830,2019,85,18,30,NA,NA,A,NA,NA,NA,NA,20190851830
316,2019086,1320,2019,86,13,20,NA,NA,T,NA,NA,NA,NA,20190861320
317,2019086,1455,2019,86,14,55,NA,NA,T,NA,NA,NA,NA,20190861455
318,2019086,1735,2019,86,17,35,NA,NA,A,NA,NA,NA,NA,20190861735
319,2019086,1910,2019,86,19,10,NA,NA,A,NA,NA,NA,NA,20190861910
320,2019087,1400,2019,87,14,0,-34.55416666,-58.50906357,T,0.15975,0.11,0.0395,0,20190871400
321,2019087,1640,2019,87,16,40,NA,NA,A,NA,NA,NA,NA,20190871640
322,2019087,1815,2019,87,18,15,-34.55416666,-58.50906357,A,0.11,0.0755,0.0309,0,20190871815
323,2019088,1305,2019,88,13,5,NA,NA,T,NA,NA,NA,NA,20190881305
324,2019088,1445,2019,88,14,45,-34.55416666,-58.50906357,T,0.10325,0.0705,0.011,0,20190881445
325,2019088,1720,2019,88,17,20,NA,NA,A,NA,NA,NA,NA,20190881720
326,2019088,1900,2019,88,19,0,NA,NA,A,NA,NA,NA,NA,20190881900
327,2019089,1350,2019,89,13,50,-34.55416666,-58.50906357,T,0.13125,0.09,0.0484,0,20190891350
328,2019089,1625,2019,89,16,25,NA,NA,A,NA,NA,NA,NA,20190891625
329,2019089,1805,2019,89,18,5,-34.55416666,-58.50906357,A,0.29,0.2015,0.0462,0,20190891805
330,2019090,1255,2019,90,12,55,NA,NA,T,NA,NA,NA,NA,20190901255
331,2019090,1430,2019,90,14,30,-34.55416666,-58.50906357,T,0.18725,0.129,0.0168,0,20190901430
332,2019090,1710,2019,90,17,10,NA,NA,A,NA,NA,NA,NA,20190901710
333,2019090,1845,2019,90,18,45,NA,NA,A,NA,NA,NA,NA,20190901845
334,2019091,1335,2019,91,13,35,NA,NA,T,NA,NA,NA,NA,20190911335
335,2019091,1515,2019,91,15,15,NA,NA,T,NA,NA,NA,NA,20190911515
336,2019091,1615,2019,91,16,15,NA,NA,A,NA,NA,NA,NA,20190911615
337,2019091,1755,2019,91,17,55,NA,NA,A,NA,NA,NA,NA,20190911755
338,2019092,1240,2019,92,12,40,NA,NA,T,NA,NA,NA,NA,20190921240
339,2019092,1420,2019,92,14,20,-34.55416666,-58.50906357,T,0.16325,0.11225,0.0254,0,20190921420
340,2019092,1655,2019,92,16,55,NA,NA,A,NA,NA,NA,NA,20190921655
341,2019092,1835,2019,92,18,35,NA,NA,A,NA,NA,NA,NA,20190921835
342,2019093,1325,2019,93,13,25,-34.55416666,-58.50906357,T,0.1415,0.097,0.022,0,20190931325
343,2019093,1505,2019,93,15,5,NA,NA,T,NA,NA,NA,NA,20190931505
344,2019093,1740,2019,93,17,40,-34.55416666,-58.50906357,A,0.12425,0.0855,0.0267,0,20190931740
345,2019093,1915,2019,93,19,15,NA,NA,A,NA,NA,NA,NA,20190931915
346,2019094,1230,2019,94,12,30,NA,NA,T,NA,NA,NA,NA,20190941230
347,2019094,1410,2019,94,14,10,-34.55416666,-58.50906357,T,0.30125,0.21,0.0302,0,20190941410
348,2019094,1825,2019,94,18,25,NA,NA,A,NA,NA,NA,NA,20190941825
349,2019095,1315,2019,95,13,15,-34.55416666,-58.50906357,T,0.12,0.08275,0.0146,0,20190951315
350,2019095,1450,2019,95,14,50,-34.55416666,-58.50906357,T,0.032,0.02175,0.0091,0,20190951450
351,2019095,1730,2019,95,17,30,-34.55416666,-58.50906357,A,0.13375,0.0915,0.0206,0,20190951730
352,2019095,1905,2019,95,19,5,NA,NA,A,NA,NA,NA,NA,20190951905
353,2019096,1355,2019,96,13,55,NA,NA,T,NA,NA,NA,NA,20190961355
354,2019096,1635,2019,96,16,35,NA,NA,A,NA,NA,NA,NA,20190961635
355,2019096,1810,2019,96,18,10,NA,NA,A,NA,NA,NA,NA,20190961810
356,2019097,1300,2019,97,13,0,NA,NA,T,NA,NA,NA,NA,20190971300
357,2019097,1440,2019,97,14,40,-34.55416666,-58.50906357,T,0.0495,0.03375,0.0121,0,20190971440
358,2019097,1715,2019,97,17,15,-34.55416666,-58.50906357,A,0.14767,0.10167,0.0126,0,20190971715
359,2019097,1855,2019,97,18,55,NA,NA,A,NA,NA,NA,NA,20190971855
360,2019098,1345,2019,98,13,45,-34.55416666,-58.50906357,T,0.08225,0.0565,0.0364,0,20190981345
361,2019098,1620,2019,98,16,20,NA,NA,A,NA,NA,NA,NA,20190981620
362,2019098,1800,2019,98,18,0,-34.55416666,-58.50906357,A,0.0915,0.06275,0.0432,0,20190981800
363,2019099,1250,2019,99,12,50,NA,NA,T,NA,NA,NA,NA,20190991250
364,2019099,1425,2019,99,14,25,-34.55416666,-58.50906357,T,0.069,0.047,0.018,0,20190991425
365,2019099,1705,2019,99,17,5,-34.5625,-58.51492525,A,0.081,0.0555,0.0066,0,20190991705
366,2019099,1840,2019,99,18,40,-34.5625,-58.51492525,A,0.0415,0.0285,0.0093,0,20190991840
367,2019100,1330,2019,100,13,30,NA,NA,T,NA,NA,NA,NA,20191001330
368,2019100,1510,2019,100,15,10,NA,NA,T,NA,NA,NA,NA,20191001510
369,2019100,1610,2019,100,16,10,NA,NA,A,NA,NA,NA,NA,20191001610
370,2019100,1745,2019,100,17,45,NA,NA,A,NA,NA,NA,NA,20191001745
371,2019101,1235,2019,101,12,35,NA,NA,T,NA,NA,NA,NA,20191011235
372,2019101,1415,2019,101,14,15,NA,NA,T,NA,NA,NA,NA,20191011415
373,2019101,1650,2019,101,16,50,NA,NA,A,NA,NA,NA,NA,20191011650
374,2019101,1830,2019,101,18,30,-34.55416666,-58.50906357,A,0.142,0.0975,0.016,0,20191011830
375,2019102,1320,2019,102,13,20,NA,NA,T,NA,NA,NA,NA,20191021320
376,2019102,1455,2019,102,14,55,NA,NA,T,NA,NA,NA,NA,20191021455
377,2019102,1735,2019,102,17,35,-34.55416666,-58.50906357,A,0.16375,0.1125,0.023,0,20191021735
378,2019102,1910,2019,102,19,10,NA,NA,A,NA,NA,NA,NA,20191021910
379,2019103,1400,2019,103,14,0,NA,NA,T,NA,NA,NA,NA,20191031400
380,2019103,1640,2019,103,16,40,NA,NA,A,NA,NA,NA,NA,20191031640
381,2019103,1815,2019,103,18,15,-34.55416666,-58.50906357,A,0.0855,0.0585,0.0242,0,20191031815
382,2019104,1305,2019,104,13,5,NA,NA,T,NA,NA,NA,NA,20191041305
383,2019104,1445,2019,104,14,45,NA,NA,T,NA,NA,NA,NA,20191041445
384,2019104,1720,2019,104,17,20,-34.55416666,-58.50906357,A,0.23425,0.1625,0.0107,0,20191041720
385,2019104,1900,2019,104,19,0,NA,NA,A,NA,NA,NA,NA,20191041900
386,2019105,1350,2019,105,13,50,NA,NA,T,NA,NA,NA,NA,20191051350
387,2019105,1625,2019,105,16,25,NA,NA,A,NA,NA,NA,NA,20191051625
388,2019105,1805,2019,105,18,5,NA,NA,A,NA,NA,NA,NA,20191051805
389,2019106,1255,2019,106,12,55,NA,NA,T,NA,NA,NA,NA,20191061255
390,2019106,1430,2019,106,14,30,NA,NA,T,NA,NA,NA,NA,20191061430
391,2019106,1710,2019,106,17,10,-34.55416666,-58.50906357,A,0.0855,0.05825,0.0068,0,20191061710
392,2019106,1845,2019,106,18,45,NA,NA,A,NA,NA,NA,NA,20191061845
393,2019107,1335,2019,107,13,35,-34.55416666,-58.50906357,T,0.0865,0.05925,0.02,0,20191071335
394,2019107,1515,2019,107,15,15,NA,NA,T,NA,NA,NA,NA,20191071515
395,2019107,1615,2019,107,16,15,NA,NA,A,NA,NA,NA,NA,20191071615
396,2019107,1755,2019,107,17,55,NA,NA,A,NA,NA,NA,NA,20191071755
397,2019108,1240,2019,108,12,40,NA,NA,T,NA,NA,NA,NA,20191081240
398,2019108,1420,2019,108,14,20,NA,NA,T,NA,NA,NA,NA,20191081420
399,2019108,1655,2019,108,16,55,NA,NA,A,NA,NA,NA,NA,20191081655
400,2019108,1835,2019,108,18,35,NA,NA,A,NA,NA,NA,NA,20191081835
401,2019109,1325,2019,109,13,25,NA,NA,T,NA,NA,NA,NA,20191091325
402,2019109,1505,2019,109,15,5,NA,NA,T,NA,NA,NA,NA,20191091505
403,2019109,1740,2019,109,17,40,NA,NA,A,NA,NA,NA,NA,20191091740
404,2019109,1915,2019,109,19,15,NA,NA,A,NA,NA,NA,NA,20191091915
405,2019110,1230,2019,110,12,30,NA,NA,T,NA,NA,NA,NA,20191101230
406,2019110,1410,2019,110,14,10,NA,NA,T,NA,NA,NA,NA,20191101410
407,2019110,1645,2019,110,16,45,NA,NA,A,NA,NA,NA,NA,20191101645
408,2019110,1825,2019,110,18,25,-34.55416666,-58.50906357,A,0.05575,0.038,0.0186,0,20191101825
409,2019111,1315,2019,111,13,15,-34.55416666,-58.50906357,T,0.07875,0.05375,0.0138,0,20191111315
410,2019111,1450,2019,111,14,50,-34.55416666,-58.50906357,T,0.033,0.022,0.0054,0,20191111450
411,2019111,1730,2019,111,17,30,-34.55416666,-58.50906357,A,0.13825,0.095,0.0118,0,20191111730
412,2019111,1905,2019,111,19,5,NA,NA,A,NA,NA,NA,NA,20191111905
413,2019112,1355,2019,112,13,55,NA,NA,T,NA,NA,NA,NA,20191121355
414,2019112,1635,2019,112,16,35,NA,NA,A,NA,NA,NA,NA,20191121635
415,2019112,1810,2019,112,18,10,NA,NA,A,NA,NA,NA,NA,20191121810
416,2019113,1300,2019,113,13,0,NA,NA,T,NA,NA,NA,NA,20191131300
417,2019113,1440,2019,113,14,40,NA,NA,T,NA,NA,NA,NA,20191131440
418,2019113,1715,2019,113,17,15,NA,NA,A,NA,NA,NA,NA,20191131715
419,2019113,1850,2019,113,18,50,NA,NA,A,NA,NA,NA,NA,20191131850
420,2019114,1345,2019,114,13,45,NA,NA,T,NA,NA,NA,NA,20191141345
421,2019114,1620,2019,114,16,20,NA,NA,A,NA,NA,NA,NA,20191141620
422,2019114,1800,2019,114,18,0,NA,NA,A,NA,NA,NA,NA,20191141800
423,2019115,1250,2019,115,12,50,NA,NA,T,NA,NA,NA,NA,20191151250
424,2019115,1425,2019,115,14,25,NA,NA,T,NA,NA,NA,NA,20191151425
425,2019115,1705,2019,115,17,5,NA,NA,A,NA,NA,NA,NA,20191151705
426,2019115,1840,2019,115,18,40,NA,NA,A,NA,NA,NA,NA,20191151840
427,2019116,1330,2019,116,13,30,NA,NA,T,NA,NA,NA,NA,20191161330
428,2019116,1510,2019,116,15,10,NA,NA,T,NA,NA,NA,NA,20191161510
429,2019116,1610,2019,116,16,10,NA,NA,A,NA,NA,NA,NA,20191161610
430,2019116,1745,2019,116,17,45,NA,NA,A,NA,NA,NA,NA,20191161745
431,2019117,1235,2019,117,12,35,NA,NA,T,NA,NA,NA,NA,20191171235
432,2019117,1415,2019,117,14,15,NA,NA,T,NA,NA,NA,NA,20191171415
433,2019117,1650,2019,117,16,50,NA,NA,A,NA,NA,NA,NA,20191171650
434,2019117,1830,2019,117,18,30,NA,NA,A,NA,NA,NA,NA,20191171830
435,2019118,1320,2019,118,13,20,NA,NA,T,NA,NA,NA,NA,20191181320
436,2019118,1455,2019,118,14,55,NA,NA,T,NA,NA,NA,NA,20191181455
437,2019118,1735,2019,118,17,35,-34.55416666,-58.50906357,A,0.18525,0.1275,0.0136,0,20191181735
438,2019118,1910,2019,118,19,10,NA,NA,A,NA,NA,NA,NA,20191181910
439,2019119,1400,2019,119,14,0,NA,NA,T,NA,NA,NA,NA,20191191400
440,2019119,1640,2019,119,16,40,NA,NA,A,NA,NA,NA,NA,20191191640
441,2019119,1815,2019,119,18,15,NA,NA,A,NA,NA,NA,NA,20191191815
442,2019120,1305,2019,120,13,5,NA,NA,T,NA,NA,NA,NA,20191201305
443,2019120,1445,2019,120,14,45,NA,NA,T,NA,NA,NA,NA,20191201445
444,2019120,1720,2019,120,17,20,NA,NA,A,NA,NA,NA,NA,20191201720
445,2019120,1900,2019,120,19,0,NA,NA,A,NA,NA,NA,NA,20191201900
446,2019121,1350,2019,121,13,50,NA,NA,T,NA,NA,NA,NA,20191211350
447,2019121,1625,2019,121,16,25,NA,NA,A,NA,NA,NA,NA,20191211625
448,2019121,1805,2019,121,18,5,NA,NA,A,NA,NA,NA,NA,20191211805
449,2019122,1255,2019,122,12,55,NA,NA,T,NA,NA,NA,NA,20191221255
450,2019122,1430,2019,122,14,30,NA,NA,T,NA,NA,NA,NA,20191221430
451,2019122,1710,2019,122,17,10,NA,NA,A,NA,NA,NA,NA,20191221710
452,2019122,1845,2019,122,18,45,NA,NA,A,NA,NA,NA,NA,20191221845
453,2019123,1335,2019,123,13,35,NA,NA,T,NA,NA,NA,NA,20191231335
454,2019123,1515,2019,123,15,15,NA,NA,T,NA,NA,NA,NA,20191231515
455,2019123,1615,2019,123,16,15,NA,NA,A,NA,NA,NA,NA,20191231615
456,2019123,1750,2019,123,17,50,NA,NA,A,NA,NA,NA,NA,20191231750
457,2019124,1240,2019,124,12,40,NA,NA,T,NA,NA,NA,NA,20191241240
458,2019124,1420,2019,124,14,20,NA,NA,T,NA,NA,NA,NA,20191241420
459,2019124,1655,2019,124,16,55,NA,NA,A,NA,NA,NA,NA,20191241655
460,2019124,1835,2019,124,18,35,NA,NA,A,NA,NA,NA,NA,20191241835
461,2019125,1325,2019,125,13,25,NA,NA,T,NA,NA,NA,NA,20191251325
462,2019125,1505,2019,125,15,5,NA,NA,T,NA,NA,NA,NA,20191251505
463,2019125,1740,2019,125,17,40,NA,NA,A,NA,NA,NA,NA,20191251740
464,2019125,1915,2019,125,19,15,NA,NA,A,NA,NA,NA,NA,20191251915
465,2019126,1230,2019,126,12,30,NA,NA,T,NA,NA,NA,NA,20191261230
466,2019126,1410,2019,126,14,10,NA,NA,T,NA,NA,NA,NA,20191261410
467,2019126,1645,2019,126,16,45,NA,NA,A,NA,NA,NA,NA,20191261645
468,2019126,1825,2019,126,18,25,-34.55416666,-58.50906357,A,0.0335,0.02275,0.0174,0,20191261825
469,2019127,1315,2019,127,13,15,NA,NA,T,NA,NA,NA,NA,20191271315
470,2019127,1450,2019,127,14,50,NA,NA,T,NA,NA,NA,NA,20191271450
471,2019127,1730,2019,127,17,30,-34.55416666,-58.50906357,A,0.09475,0.06475,0.0135,0,20191271730
472,2019127,1905,2019,127,19,5,NA,NA,A,NA,NA,NA,NA,20191271905
473,2019128,1355,2019,128,13,55,-34.55416666,-58.50906357,T,0.181,0.1245,0.024,0,20191281355
474,2019128,1635,2019,128,16,35,NA,NA,A,NA,NA,NA,NA,20191281635
475,2019128,1810,2019,128,18,10,-34.55416666,-58.50906357,A,0.053,0.03625,0.0182,0,20191281810
476,2019129,1300,2019,129,13,0,NA,NA,T,NA,NA,NA,NA,20191291300
477,2019129,1440,2019,129,14,40,NA,NA,T,NA,NA,NA,NA,20191291440
478,2019129,1715,2019,129,17,15,NA,NA,A,NA,NA,NA,NA,20191291715
479,2019129,1850,2019,129,18,50,NA,NA,A,NA,NA,NA,NA,20191291850
480,2019130,1345,2019,130,13,45,NA,NA,T,NA,NA,NA,NA,20191301345
481,2019130,1620,2019,130,16,20,NA,NA,A,NA,NA,NA,NA,20191301620
482,2019130,1800,2019,130,18,0,NA,NA,A,NA,NA,NA,NA,20191301800
483,2019131,1250,2019,131,12,50,NA,NA,T,NA,NA,NA,NA,20191311250
484,2019131,1425,2019,131,14,25,-34.55416666,-58.50906357,T,0.0875,0.0595,0.0111,0,20191311425
485,2019131,1705,2019,131,17,5,-34.55416666,-58.50906357,A,0.06525,0.045,0.0044,0,20191311705
486,2019131,1840,2019,131,18,40,-34.5625,-58.51492525,A,0.032,0.022,0.0083,0,20191311840
487,2019132,1330,2019,132,13,30,-34.55416666,-58.50906357,T,0.08675,0.0595,0.0138,0,20191321330
488,2019132,1510,2019,132,15,10,NA,NA,T,NA,NA,NA,NA,20191321510
489,2019132,1610,2019,132,16,10,NA,NA,A,NA,NA,NA,NA,20191321610
490,2019132,1745,2019,132,17,45,-34.55416666,-58.50906357,A,0.06175,0.04225,0.0261,0,20191321745
491,2019133,1235,2019,133,12,35,NA,NA,T,NA,NA,NA,NA,20191331235
492,2019133,1415,2019,133,14,15,-34.55416666,-58.49894527,T,0.125,0.086,0.0176,0,20191331415
493,2019133,1650,2019,133,16,50,NA,NA,A,NA,NA,NA,NA,20191331650
494,2019133,1830,2019,133,18,30,-34.55416666,-58.50906357,A,0.04625,0.03175,0.0105,0,20191331830
495,2019134,1320,2019,134,13,20,-34.55416666,-58.50906357,T,0.08375,0.05725,0.0102,0,20191341320
496,2019134,1455,2019,134,14,55,NA,NA,T,NA,NA,NA,NA,20191341455
497,2019134,1735,2019,134,17,35,NA,NA,A,NA,NA,NA,NA,20191341735
498,2019134,1910,2019,134,19,10,NA,NA,A,NA,NA,NA,NA,20191341910
499,2019135,1400,2019,135,14,0,NA,NA,T,NA,NA,NA,NA,20191351400
500,2019135,1640,2019,135,16,40,NA,NA,A,NA,NA,NA,NA,20191351640
501,2019135,1815,2019,135,18,15,NA,NA,A,NA,NA,NA,NA,20191351815
502,2019136,1305,2019,136,13,5,NA,NA,T,NA,NA,NA,NA,20191361305
503,2019136,1445,2019,136,14,45,-34.55416666,-58.50906357,T,0.08825,0.0605,0.0073,0,20191361445
504,2019136,1720,2019,136,17,20,-34.55416666,-58.50906357,A,0.09725,0.06675,0.0107,0,20191361720
505,2019136,1900,2019,136,19,0,NA,NA,A,NA,NA,NA,NA,20191361900
506,2019137,1350,2019,137,13,50,-34.55416666,-58.49894527,T,0.1715,0.118,0.0226,0,20191371350
507,2019137,1625,2019,137,16,25,NA,NA,A,NA,NA,NA,NA,20191371625
508,2019137,1805,2019,137,18,5,NA,NA,A,NA,NA,NA,NA,20191371805
509,2019138,1255,2019,138,12,55,NA,NA,T,NA,NA,NA,NA,20191381255
510,2019138,1430,2019,138,14,30,-34.55416666,-58.50906357,T,0.13567,0.093,0.011,0,20191381430
511,2019138,1710,2019,138,17,10,NA,NA,A,NA,NA,NA,NA,20191381710
512,2019138,1845,2019,138,18,45,NA,NA,A,NA,NA,NA,NA,20191381845
513,2019139,1335,2019,139,13,35,NA,NA,T,NA,NA,NA,NA,20191391335
514,2019139,1515,2019,139,15,15,NA,NA,T,NA,NA,NA,NA,20191391515
515,2019139,1615,2019,139,16,15,NA,NA,A,NA,NA,NA,NA,20191391615
516,2019139,1750,2019,139,17,50,NA,NA,A,NA,NA,NA,NA,20191391750
517,2019140,1240,2019,140,12,40,NA,NA,T,NA,NA,NA,NA,20191401240
518,2019140,1420,2019,140,14,20,NA,NA,T,NA,NA,NA,NA,20191401420
519,2019140,1655,2019,140,16,55,NA,NA,A,NA,NA,NA,NA,20191401655
520,2019140,1835,2019,140,18,35,NA,NA,A,NA,NA,NA,NA,20191401835
521,2019141,1325,2019,141,13,25,NA,NA,T,NA,NA,NA,NA,20191411325
522,2019141,1505,2019,141,15,5,NA,NA,T,NA,NA,NA,NA,20191411505
523,2019141,1740,2019,141,17,40,NA,NA,A,NA,NA,NA,NA,20191411740
524,2019141,1915,2019,141,19,15,NA,NA,A,NA,NA,NA,NA,20191411915
525,2019142,1230,2019,142,12,30,NA,NA,T,NA,NA,NA,NA,20191421230
526,2019142,1410,2019,142,14,10,NA,NA,T,NA,NA,NA,NA,20191421410
527,2019142,1645,2019,142,16,45,NA,NA,A,NA,NA,NA,NA,20191421645
528,2019142,1825,2019,142,18,25,NA,NA,A,NA,NA,NA,NA,20191421825
529,2019143,1315,2019,143,13,15,-34.55416666,-58.50906357,T,0.0595,0.0405,0.0076,0,20191431315
530,2019143,1450,2019,143,14,50,NA,NA,T,NA,NA,NA,NA,20191431450
531,2019143,1730,2019,143,17,30,NA,NA,A,NA,NA,NA,NA,20191431730
532,2019143,1905,2019,143,19,5,NA,NA,A,NA,NA,NA,NA,20191431905
533,2019144,1355,2019,144,13,55,NA,NA,T,NA,NA,NA,NA,20191441355
534,2019144,1630,2019,144,16,30,NA,NA,A,NA,NA,NA,NA,20191441630
535,2019144,1810,2019,144,18,10,-34.55416666,-58.50906357,A,0.0585,0.04,0.0188,0,20191441810
536,2019145,1300,2019,145,13,0,NA,NA,T,NA,NA,NA,NA,20191451300
537,2019145,1440,2019,145,14,40,NA,NA,T,NA,NA,NA,NA,20191451440
538,2019145,1715,2019,145,17,15,NA,NA,A,NA,NA,NA,NA,20191451715
539,2019145,1850,2019,145,18,50,NA,NA,A,NA,NA,NA,NA,20191451850
540,2019146,1345,2019,146,13,45,NA,NA,T,NA,NA,NA,NA,20191461345
541,2019146,1620,2019,146,16,20,NA,NA,A,NA,NA,NA,NA,20191461620
542,2019146,1800,2019,146,18,0,NA,NA,A,NA,NA,NA,NA,20191461800
543,2019147,1250,2019,147,12,50,NA,NA,T,NA,NA,NA,NA,20191471250
544,2019147,1425,2019,147,14,25,NA,NA,T,NA,NA,NA,NA,20191471425
545,2019147,1705,2019,147,17,5,NA,NA,A,NA,NA,NA,NA,20191471705
546,2019147,1840,2019,147,18,40,NA,NA,A,NA,NA,NA,NA,20191471840
547,2019148,1330,2019,148,13,30,-34.55416666,-58.50906357,T,0.33,0.231,0.0144,0,20191481330
548,2019148,1510,2019,148,15,10,NA,NA,T,NA,NA,NA,NA,20191481510
549,2019148,1610,2019,148,16,10,NA,NA,A,NA,NA,NA,NA,20191481610
550,2019148,1745,2019,148,17,45,-34.55416666,-58.50906357,A,0.1255,0.08625,0.0218,0,20191481745
551,2019149,1235,2019,149,12,35,NA,NA,T,NA,NA,NA,NA,20191491235
552,2019149,1415,2019,149,14,15,NA,NA,T,NA,NA,NA,NA,20191491415
553,2019149,1650,2019,149,16,50,NA,NA,A,NA,NA,NA,NA,20191491650
554,2019149,1830,2019,149,18,30,NA,NA,A,NA,NA,NA,NA,20191491830
555,2019150,1320,2019,150,13,20,NA,NA,T,NA,NA,NA,NA,20191501320
556,2019150,1455,2019,150,14,55,NA,NA,T,NA,NA,NA,NA,20191501455
557,2019150,1735,2019,150,17,35,NA,NA,A,NA,NA,NA,NA,20191501735
558,2019150,1910,2019,150,19,10,NA,NA,A,NA,NA,NA,NA,20191501910
559,2019151,1400,2019,151,14,0,NA,NA,T,NA,NA,NA,NA,20191511400
560,2019151,1640,2019,151,16,40,NA,NA,A,NA,NA,NA,NA,20191511640
561,2019151,1815,2019,151,18,15,-34.55416666,-58.50906357,A,0.1055,0.072,0.0158,0,20191511815
562,2019152,1305,2019,152,13,5,NA,NA,T,NA,NA,NA,NA,20191521305
563,2019152,1445,2019,152,14,45,NA,NA,T,NA,NA,NA,NA,20191521445
564,2019152,1720,2019,152,17,20,NA,NA,A,NA,NA,NA,NA,20191521720
565,2019152,1900,2019,152,19,0,NA,NA,A,NA,NA,NA,NA,20191521900
566,2019153,1350,2019,153,13,50,-34.55416666,-58.50906357,T,0.1885,0.1295,0.0163,0,20191531350
567,2019153,1625,2019,153,16,25,NA,NA,A,NA,NA,NA,NA,20191531625
568,2019153,1805,2019,153,18,5,NA,NA,A,NA,NA,NA,NA,20191531805
569,2019154,1255,2019,154,12,55,NA,NA,T,NA,NA,NA,NA,20191541255
570,2019154,1430,2019,154,14,30,-34.55416666,-58.50906357,T,0.06875,0.047,0.0075,0,20191541430
571,2019154,1710,2019,154,17,10,-34.55416666,-58.50906357,A,0.0585,0.04025,0.005,0,20191541710
572,2019154,1845,2019,154,18,45,NA,NA,A,NA,NA,NA,NA,20191541845
573,2019155,1335,2019,155,13,35,NA,NA,T,NA,NA,NA,NA,20191551335
574,2019155,1515,2019,155,15,15,NA,NA,T,NA,NA,NA,NA,20191551515
575,2019155,1615,2019,155,16,15,NA,NA,A,NA,NA,NA,NA,20191551615
576,2019155,1750,2019,155,17,50,NA,NA,A,NA,NA,NA,NA,20191551750
577,2019156,1240,2019,156,12,40,NA,NA,T,NA,NA,NA,NA,20191561240
578,2019156,1420,2019,156,14,20,NA,NA,T,NA,NA,NA,NA,20191561420
579,2019156,1655,2019,156,16,55,NA,NA,A,NA,NA,NA,NA,20191561655
580,2019156,1835,2019,156,18,35,NA,NA,A,NA,NA,NA,NA,20191561835
581,2019157,1325,2019,157,13,25,NA,NA,T,NA,NA,NA,NA,20191571325
582,2019157,1505,2019,157,15,5,NA,NA,T,NA,NA,NA,NA,20191571505
583,2019157,1740,2019,157,17,40,NA,NA,A,NA,NA,NA,NA,20191571740
584,2019157,1915,2019,157,19,15,NA,NA,A,NA,NA,NA,NA,20191571915
585,2019158,1230,2019,158,12,30,NA,NA,T,NA,NA,NA,NA,20191581230
586,2019158,1410,2019,158,14,10,NA,NA,T,NA,NA,NA,NA,20191581410
587,2019158,1645,2019,158,16,45,NA,NA,A,NA,NA,NA,NA,20191581645
588,2019158,1825,2019,158,18,25,-34.55416666,-58.50906357,A,0.02875,0.0195,0.0099,0,20191581825
589,2019159,1315,2019,159,13,15,-34.55416666,-58.50906357,T,0.05375,0.03725,0.0089,0,20191591315
590,2019159,1450,2019,159,14,50,-34.55416666,-58.50906357,T,0.024,0.01625,0.0054,0,20191591450
591,2019159,1730,2019,159,17,30,-34.55416666,-58.50906357,A,0.06575,0.045,0.0105,0,20191591730
592,2019159,1905,2019,159,19,5,NA,NA,A,NA,NA,NA,NA,20191591905
593,2019160,1355,2019,160,13,55,NA,NA,T,NA,NA,NA,NA,20191601355
594,2019160,1630,2019,160,16,30,NA,NA,A,NA,NA,NA,NA,20191601630
595,2019160,1810,2019,160,18,10,-34.55416666,-58.50906357,A,0.0725,0.0495,0.0166,0,20191601810
596,2019161,1300,2019,161,13,0,NA,NA,T,NA,NA,NA,NA,20191611300
597,2019161,1440,2019,161,14,40,NA,NA,T,NA,NA,NA,NA,20191611440
598,2019161,1715,2019,161,17,15,NA,NA,A,NA,NA,NA,NA,20191611715
599,2019161,1850,2019,161,18,50,NA,NA,A,NA,NA,NA,NA,20191611850
600,2019162,1345,2019,162,13,45,NA,NA,T,NA,NA,NA,NA,20191621345
601,2019162,1620,2019,162,16,20,NA,NA,A,NA,NA,NA,NA,20191621620
602,2019162,1800,2019,162,18,0,NA,NA,A,NA,NA,NA,NA,20191621800
603,2019163,1250,2019,163,12,50,NA,NA,T,NA,NA,NA,NA,20191631250
604,2019163,1425,2019,163,14,25,NA,NA,T,NA,NA,NA,NA,20191631425
605,2019163,1705,2019,163,17,5,NA,NA,A,NA,NA,NA,NA,20191631705
606,2019163,1840,2019,163,18,40,NA,NA,A,NA,NA,NA,NA,20191631840
607,2019164,1330,2019,164,13,30,NA,NA,T,NA,NA,NA,NA,20191641330
608,2019164,1510,2019,164,15,10,NA,NA,T,NA,NA,NA,NA,20191641510
609,2019164,1610,2019,164,16,10,NA,NA,A,NA,NA,NA,NA,20191641610
610,2019164,1745,2019,164,17,45,NA,NA,A,NA,NA,NA,NA,20191641745
611,2019165,1235,2019,165,12,35,NA,NA,T,NA,NA,NA,NA,20191651235
612,2019165,1415,2019,165,14,15,NA,NA,T,NA,NA,NA,NA,20191651415
613,2019165,1650,2019,165,16,50,NA,NA,A,NA,NA,NA,NA,20191651650
614,2019165,1830,2019,165,18,30,NA,NA,A,NA,NA,NA,NA,20191651830
615,2019166,1320,2019,166,13,20,NA,NA,T,NA,NA,NA,NA,20191661320
616,2019166,1455,2019,166,14,55,NA,NA,T,NA,NA,NA,NA,20191661455
617,2019166,1735,2019,166,17,35,NA,NA,A,NA,NA,NA,NA,20191661735
618,2019166,1910,2019,166,19,10,NA,NA,A,NA,NA,NA,NA,20191661910
619,2019167,1400,2019,167,14,0,NA,NA,T,NA,NA,NA,NA,20191671400
620,2019167,1640,2019,167,16,40,NA,NA,A,NA,NA,NA,NA,20191671640
621,2019167,1815,2019,167,18,15,NA,NA,A,NA,NA,NA,NA,20191671815
622,2019168,1305,2019,168,13,5,NA,NA,T,NA,NA,NA,NA,20191681305
623,2019168,1445,2019,168,14,45,NA,NA,T,NA,NA,NA,NA,20191681445
624,2019168,1720,2019,168,17,20,NA,NA,A,NA,NA,NA,NA,20191681720
625,2019168,1900,2019,168,19,0,NA,NA,A,NA,NA,NA,NA,20191681900
626,2019169,1350,2019,169,13,50,NA,NA,T,NA,NA,NA,NA,20191691350
627,2019169,1625,2019,169,16,25,NA,NA,A,NA,NA,NA,NA,20191691625
628,2019169,1805,2019,169,18,5,NA,NA,A,NA,NA,NA,NA,20191691805
629,2019170,1255,2019,170,12,55,NA,NA,T,NA,NA,NA,NA,20191701255
630,2019170,1430,2019,170,14,30,-34.55416666,-58.50906357,T,0.0595,0.0405,0.0087,0,20191701430
631,2019170,1710,2019,170,17,10,-34.55416666,-58.50906357,A,0.05075,0.0345,0.0064,0,20191701710
632,2019170,1845,2019,170,18,45,NA,NA,A,NA,NA,NA,NA,20191701845
633,2019171,1335,2019,171,13,35,-34.55416666,-58.50906357,T,0.10975,0.07525,0.0148,0,20191711335
634,2019171,1515,2019,171,15,15,NA,NA,T,NA,NA,NA,NA,20191711515
635,2019171,1615,2019,171,16,15,NA,NA,A,NA,NA,NA,NA,20191711615
636,2019171,1750,2019,171,17,50,NA,NA,A,NA,NA,NA,NA,20191711750
637,2019172,1240,2019,172,12,40,NA,NA,T,NA,NA,NA,NA,20191721240
638,2019172,1420,2019,172,14,20,NA,NA,T,NA,NA,NA,NA,20191721420
639,2019172,1655,2019,172,16,55,NA,NA,A,NA,NA,NA,NA,20191721655
640,2019172,1835,2019,172,18,35,NA,NA,A,NA,NA,NA,NA,20191721835
641,2019173,1325,2019,173,13,25,NA,NA,T,NA,NA,NA,NA,20191731325
642,2019173,1505,2019,173,15,5,NA,NA,T,NA,NA,NA,NA,20191731505
643,2019173,1740,2019,173,17,40,-34.55416666,-58.50906357,A,0.2745,0.19025,0.0173,0,20191731740
644,2019173,1915,2019,173,19,15,NA,NA,A,NA,NA,NA,NA,20191731915
645,2019174,1230,2019,174,12,30,NA,NA,T,NA,NA,NA,NA,20191741230
646,2019174,1410,2019,174,14,10,NA,NA,T,NA,NA,NA,NA,20191741410
647,2019174,1645,2019,174,16,45,NA,NA,A,NA,NA,NA,NA,20191741645
648,2019174,1825,2019,174,18,25,NA,NA,A,NA,NA,NA,NA,20191741825
649,2019175,1315,2019,175,13,15,NA,NA,T,NA,NA,NA,NA,20191751315
650,2019175,1450,2019,175,14,50,NA,NA,T,NA,NA,NA,NA,20191751450
651,2019175,1730,2019,175,17,30,NA,NA,A,NA,NA,NA,NA,20191751730
652,2019175,1905,2019,175,19,5,NA,NA,A,NA,NA,NA,NA,20191751905
653,2019176,1355,2019,176,13,55,-34.55416666,-58.50906357,T,0.0935,0.064,0.0242,0,20191761355
654,2019176,1630,2019,176,16,30,NA,NA,A,NA,NA,NA,NA,20191761630
655,2019176,1810,2019,176,18,10,-34.55416666,-58.50906357,A,0.0315,0.02175,0.02,0,20191761810
656,2019177,1300,2019,177,13,0,NA,NA,T,NA,NA,NA,NA,20191771300
657,2019177,1440,2019,177,14,40,NA,NA,T,NA,NA,NA,NA,20191771440
658,2019177,1715,2019,177,17,15,NA,NA,A,NA,NA,NA,NA,20191771715
659,2019177,1850,2019,177,18,50,NA,NA,A,NA,NA,NA,NA,20191771850
660,2019178,1345,2019,178,13,45,NA,NA,T,NA,NA,NA,NA,20191781345
661,2019178,1620,2019,178,16,20,NA,NA,A,NA,NA,NA,NA,20191781620
662,2019178,1800,2019,178,18,0,-34.5625,-58.51492525,A,0.103,0.071,0.0247,0,20191781800
663,2019179,1250,2019,179,12,50,NA,NA,T,NA,NA,NA,NA,20191791250
664,2019179,1425,2019,179,14,25,NA,NA,T,NA,NA,NA,NA,20191791425
665,2019179,1705,2019,179,17,5,NA,NA,A,NA,NA,NA,NA,20191791705
666,2019179,1840,2019,179,18,40,NA,NA,A,NA,NA,NA,NA,20191791840
667,2019180,1330,2019,180,13,30,NA,NA,T,NA,NA,NA,NA,20191801330
668,2019180,1510,2019,180,15,10,NA,NA,T,NA,NA,NA,NA,20191801510
669,2019180,1745,2019,180,17,45,NA,NA,A,NA,NA,NA,NA,20191801745
670,2019181,1235,2019,181,12,35,NA,NA,T,NA,NA,NA,NA,20191811235
671,2019181,1415,2019,181,14,15,NA,NA,T,NA,NA,NA,NA,20191811415
672,2019181,1650,2019,181,16,50,NA,NA,A,NA,NA,NA,NA,20191811650
673,2019181,1830,2019,181,18,30,NA,NA,A,NA,NA,NA,NA,20191811830
674,2019182,1320,2019,182,13,20,-34.55416666,-58.50906357,T,0.07575,0.05175,0.0115,0,20191821320
675,2019182,1455,2019,182,14,55,NA,NA,T,NA,NA,NA,NA,20191821455
676,2019182,1735,2019,182,17,35,-34.55416666,-58.50906357,A,0.03825,0.02625,0.0153,0,20191821735
677,2019182,1910,2019,182,19,10,NA,NA,A,NA,NA,NA,NA,20191821910
678,2019183,1400,2019,183,14,0,NA,NA,T,NA,NA,NA,NA,20191831400
679,2019183,1640,2019,183,16,40,NA,NA,A,NA,NA,NA,NA,20191831640
680,2019183,1815,2019,183,18,15,NA,NA,A,NA,NA,NA,NA,20191831815
681,2019184,1305,2019,184,13,5,NA,NA,T,NA,NA,NA,NA,20191841305
682,2019184,1445,2019,184,14,45,-34.55416666,-58.50906357,T,0.032,0.022,0.0052,0,20191841445
683,2019184,1720,2019,184,17,20,-34.55416666,-58.50906357,A,0.046,0.03125,0.0102,0,20191841720
684,2019184,1900,2019,184,19,0,NA,NA,A,NA,NA,NA,NA,20191841900
685,2019185,1350,2019,185,13,50,NA,NA,T,NA,NA,NA,NA,20191851350
686,2019185,1625,2019,185,16,25,NA,NA,A,NA,NA,NA,NA,20191851625
687,2019185,1805,2019,185,18,5,-34.55416666,-58.50906357,A,0.035,0.0235,0.0216,0,20191851805
688,2019186,1255,2019,186,12,55,NA,NA,T,NA,NA,NA,NA,20191861255
689,2019186,1430,2019,186,14,30,-34.55416666,-58.50906357,T,0.05425,0.0375,0.0108,0,20191861430
690,2019186,1710,2019,186,17,10,NA,NA,A,NA,NA,NA,NA,20191861710
691,2019186,1845,2019,186,18,45,NA,NA,A,NA,NA,NA,NA,20191861845
692,2019187,1335,2019,187,13,35,-34.55416666,-58.50906357,T,0.0825,0.0565,0.0164,0,20191871335
693,2019187,1515,2019,187,15,15,NA,NA,T,NA,NA,NA,NA,20191871515
694,2019187,1615,2019,187,16,15,NA,NA,A,NA,NA,NA,NA,20191871615
695,2019187,1750,2019,187,17,50,-34.55416666,-58.50906357,A,0.0475,0.03225,0.0246,0,20191871750
696,2019188,1240,2019,188,12,40,NA,NA,T,NA,NA,NA,NA,20191881240
697,2019188,1420,2019,188,14,20,NA,NA,T,NA,NA,NA,NA,20191881420
698,2019188,1655,2019,188,16,55,NA,NA,A,NA,NA,NA,NA,20191881655
699,2019188,1835,2019,188,18,35,NA,NA,A,NA,NA,NA,NA,20191881835
700,2019189,1325,2019,189,13,25,-34.55416666,-58.50906357,T,0.093,0.06375,0.0115,0,20191891325
701,2019189,1505,2019,189,15,5,NA,NA,T,NA,NA,NA,NA,20191891505
702,2019189,1740,2019,189,17,40,NA,NA,A,NA,NA,NA,NA,20191891740
703,2019189,1915,2019,189,19,15,NA,NA,A,NA,NA,NA,NA,20191891915
704,2019190,1230,2019,190,12,30,NA,NA,T,NA,NA,NA,NA,20191901230
705,2019190,1405,2019,190,14,5,NA,NA,T,NA,NA,NA,NA,20191901405
706,2019190,1645,2019,190,16,45,NA,NA,A,NA,NA,NA,NA,20191901645
707,2019190,1825,2019,190,18,25,NA,NA,A,NA,NA,NA,NA,20191901825
708,2019191,1310,2019,191,13,10,NA,NA,T,NA,NA,NA,NA,20191911310
709,2019191,1450,2019,191,14,50,NA,NA,T,NA,NA,NA,NA,20191911450
710,2019191,1730,2019,191,17,30,NA,NA,A,NA,NA,NA,NA,20191911730
711,2019191,1905,2019,191,19,5,NA,NA,A,NA,NA,NA,NA,20191911905
712,2019192,1355,2019,192,13,55,NA,NA,T,NA,NA,NA,NA,20191921355
713,2019192,1630,2019,192,16,30,NA,NA,A,NA,NA,NA,NA,20191921630
714,2019192,1810,2019,192,18,10,NA,NA,A,NA,NA,NA,NA,20191921810
715,2019193,1300,2019,193,13,0,NA,NA,T,NA,NA,NA,NA,20191931300
716,2019193,1440,2019,193,14,40,NA,NA,T,NA,NA,NA,NA,20191931440
717,2019193,1715,2019,193,17,15,NA,NA,A,NA,NA,NA,NA,20191931715
718,2019193,1850,2019,193,18,50,NA,NA,A,NA,NA,NA,NA,20191931850
719,2019194,1345,2019,194,13,45,NA,NA,T,NA,NA,NA,NA,20191941345
720,2019194,1620,2019,194,16,20,NA,NA,A,NA,NA,NA,NA,20191941620
721,2019194,1800,2019,194,18,0,-34.55416666,-58.50906357,A,0.17875,0.123,0.0265,0,20191941800
722,2019195,1250,2019,195,12,50,NA,NA,T,NA,NA,NA,NA,20191951250
723,2019195,1425,2019,195,14,25,NA,NA,T,NA,NA,NA,NA,20191951425
724,2019195,1705,2019,195,17,5,NA,NA,A,NA,NA,NA,NA,20191951705
725,2019195,1840,2019,195,18,40,-34.55416666,-58.50906357,A,0.1375,0.0945,0.0082,0,20191951840
726,2019196,1330,2019,196,13,30,-34.55416666,-58.50906357,T,0.2065,0.14325,0.013,0,20191961330
727,2019196,1510,2019,196,15,10,NA,NA,T,NA,NA,NA,NA,20191961510
728,2019196,1745,2019,196,17,45,-34.55416666,-58.50906357,A,0.0255,0.017,0.0249,0,20191961745
729,2019197,1235,2019,197,12,35,NA,NA,T,NA,NA,NA,NA,20191971235
730,2019197,1415,2019,197,14,15,-34.55416666,-58.50906357,T,0.11725,0.0805,0.0187,0,20191971415
731,2019197,1650,2019,197,16,50,NA,NA,A,NA,NA,NA,NA,20191971650
732,2019197,1830,2019,197,18,30,-34.55416666,-58.50906357,A,0.046,0.03125,0.0112,0,20191971830
733,2019198,1320,2019,198,13,20,-34.55416666,-58.50906357,T,0.08925,0.061,0.0096,0,20191981320
734,2019198,1455,2019,198,14,55,NA,NA,T,NA,NA,NA,NA,20191981455
735,2019198,1735,2019,198,17,35,NA,NA,A,NA,NA,NA,NA,20191981735
736,2019198,1910,2019,198,19,10,NA,NA,A,NA,NA,NA,NA,20191981910
737,2019199,1400,2019,199,14,0,NA,NA,T,NA,NA,NA,NA,20191991400
738,2019199,1640,2019,199,16,40,NA,NA,A,NA,NA,NA,NA,20191991640
739,2019199,1815,2019,199,18,15,NA,NA,A,NA,NA,NA,NA,20191991815
740,2019200,1305,2019,200,13,5,NA,NA,T,NA,NA,NA,NA,20192001305
741,2019200,1445,2019,200,14,45,NA,NA,T,NA,NA,NA,NA,20192001445
742,2019200,1720,2019,200,17,20,NA,NA,A,NA,NA,NA,NA,20192001720
743,2019200,1900,2019,200,19,0,NA,NA,A,NA,NA,NA,NA,20192001900
744,2019201,1350,2019,201,13,50,NA,NA,T,NA,NA,NA,NA,20192011350
745,2019201,1625,2019,201,16,25,NA,NA,A,NA,NA,NA,NA,20192011625
746,2019201,1805,2019,201,18,5,NA,NA,A,NA,NA,NA,NA,20192011805
747,2019202,1255,2019,202,12,55,NA,NA,T,NA,NA,NA,NA,20192021255
748,2019202,1430,2019,202,14,30,NA,NA,T,NA,NA,NA,NA,20192021430
749,2019202,1710,2019,202,17,10,NA,NA,A,NA,NA,NA,NA,20192021710
750,2019202,1845,2019,202,18,45,NA,NA,A,NA,NA,NA,NA,20192021845
751,2019203,1335,2019,203,13,35,NA,NA,T,NA,NA,NA,NA,20192031335
752,2019203,1515,2019,203,15,15,NA,NA,T,NA,NA,NA,NA,20192031515
753,2019203,1615,2019,203,16,15,NA,NA,A,NA,NA,NA,NA,20192031615
754,2019203,1750,2019,203,17,50,NA,NA,A,NA,NA,NA,NA,20192031750
755,2019204,1240,2019,204,12,40,NA,NA,T,NA,NA,NA,NA,20192041240
756,2019204,1420,2019,204,14,20,NA,NA,T,NA,NA,NA,NA,20192041420
757,2019204,1655,2019,204,16,55,NA,NA,A,NA,NA,NA,NA,20192041655
758,2019204,1835,2019,204,18,35,NA,NA,A,NA,NA,NA,NA,20192041835
759,2019205,1325,2019,205,13,25,NA,NA,T,NA,NA,NA,NA,20192051325
760,2019205,1505,2019,205,15,5,NA,NA,T,NA,NA,NA,NA,20192051505
761,2019205,1740,2019,205,17,40,NA,NA,A,NA,NA,NA,NA,20192051740
762,2019205,1915,2019,205,19,15,NA,NA,A,NA,NA,NA,NA,20192051915
763,2019206,1230,2019,206,12,30,NA,NA,T,NA,NA,NA,NA,20192061230
764,2019206,1405,2019,206,14,5,NA,NA,T,NA,NA,NA,NA,20192061405
765,2019206,1645,2019,206,16,45,NA,NA,A,NA,NA,NA,NA,20192061645
766,2019206,1825,2019,206,18,25,NA,NA,A,NA,NA,NA,NA,20192061825
767,2019207,1310,2019,207,13,10,NA,NA,T,NA,NA,NA,NA,20192071310
768,2019207,1450,2019,207,14,50,NA,NA,T,NA,NA,NA,NA,20192071450
769,2019207,1730,2019,207,17,30,NA,NA,A,NA,NA,NA,NA,20192071730
770,2019207,1905,2019,207,19,5,NA,NA,A,NA,NA,NA,NA,20192071905
771,2019208,1355,2019,208,13,55,NA,NA,T,NA,NA,NA,NA,20192081355
772,2019208,1630,2019,208,16,30,NA,NA,A,NA,NA,NA,NA,20192081630
773,2019208,1810,2019,208,18,10,-34.55416666,-58.50906357,A,0.137,0.094,0.0206,0,20192081810
774,2019209,1300,2019,209,13,0,NA,NA,T,NA,NA,NA,NA,20192091300
775,2019209,1440,2019,209,14,40,NA,NA,T,NA,NA,NA,NA,20192091440
776,2019209,1715,2019,209,17,15,NA,NA,A,NA,NA,NA,NA,20192091715
777,2019209,1850,2019,209,18,50,NA,NA,A,NA,NA,NA,NA,20192091850
778,2019210,1345,2019,210,13,45,NA,NA,T,NA,NA,NA,NA,20192101345
779,2019210,1620,2019,210,16,20,NA,NA,A,NA,NA,NA,NA,20192101620
780,2019210,1800,2019,210,18,0,NA,NA,A,NA,NA,NA,NA,20192101800
781,2019211,1250,2019,211,12,50,NA,NA,T,NA,NA,NA,NA,20192111250
782,2019211,1425,2019,211,14,25,NA,NA,T,NA,NA,NA,NA,20192111425
783,2019211,1705,2019,211,17,5,NA,NA,A,NA,NA,NA,NA,20192111705
784,2019211,1840,2019,211,18,40,NA,NA,A,NA,NA,NA,NA,20192111840
785,2019212,1330,2019,212,13,30,NA,NA,T,NA,NA,NA,NA,20192121330
786,2019212,1510,2019,212,15,10,NA,NA,T,NA,NA,NA,NA,20192121510
787,2019212,1745,2019,212,17,45,-34.55416666,-58.49894527,A,0.0785,0.054,0.0215,0,20192121745
788,2019213,1235,2019,213,12,35,NA,NA,T,NA,NA,NA,NA,20192131235
789,2019213,1415,2019,213,14,15,NA,NA,T,NA,NA,NA,NA,20192131415
790,2019213,1650,2019,213,16,50,NA,NA,A,NA,NA,NA,NA,20192131650
791,2019213,1830,2019,213,18,30,-34.55416666,-58.50906357,A,0.0245,0.01675,0.0162,0,20192131830
792,2019214,1320,2019,214,13,20,-34.55416666,-58.50906357,T,0.05225,0.03575,0.0152,0,20192141320
793,2019214,1455,2019,214,14,55,NA,NA,T,NA,NA,NA,NA,20192141455
794,2019214,1735,2019,214,17,35,-34.55416666,-58.50906357,A,0.04725,0.03225,0.0157,0,20192141735
795,2019214,1910,2019,214,19,10,NA,NA,A,NA,NA,NA,NA,20192141910
796,2019215,1400,2019,215,14,0,NA,NA,T,NA,NA,NA,NA,20192151400
797,2019215,1640,2019,215,16,40,NA,NA,A,NA,NA,NA,NA,20192151640
798,2019215,1815,2019,215,18,15,-34.55416666,-58.50906357,A,0.04375,0.03,0.0253,0,20192151815
799,2019216,1305,2019,216,13,5,NA,NA,T,NA,NA,NA,NA,20192161305
800,2019216,1445,2019,216,14,45,-34.55416666,-58.50906357,T,0.036,0.0245,0.0105,0,20192161445
801,2019216,1720,2019,216,17,20,-34.55416666,-58.50906357,A,0.0575,0.0395,0.0134,0,20192161720
802,2019216,1900,2019,216,19,0,NA,NA,A,NA,NA,NA,NA,20192161900
803,2019217,1350,2019,217,13,50,-34.55416666,-58.50906357,T,0.04625,0.0315,0.0266,0,20192171350
804,2019217,1625,2019,217,16,25,NA,NA,A,NA,NA,NA,NA,20192171625
805,2019217,1805,2019,217,18,5,-34.55416666,-58.50906357,A,0.02425,0.01625,0.0264,0,20192171805
806,2019218,1255,2019,218,12,55,NA,NA,T,NA,NA,NA,NA,20192181255
807,2019218,1430,2019,218,14,30,-34.55416666,-58.50906357,T,0.10125,0.0695,0.0125,0,20192181430
808,2019218,1710,2019,218,17,10,-34.55416666,-58.50906357,A,0.1105,0.07575,0.0106,0,20192181710
809,2019218,1845,2019,218,18,45,NA,NA,A,NA,NA,NA,NA,20192181845
810,2019219,1335,2019,219,13,35,NA,NA,T,NA,NA,NA,NA,20192191335
811,2019219,1515,2019,219,15,15,NA,NA,T,NA,NA,NA,NA,20192191515
812,2019219,1615,2019,219,16,15,NA,NA,A,NA,NA,NA,NA,20192191615
813,2019219,1750,2019,219,17,50,NA,NA,A,NA,NA,NA,NA,20192191750
814,2019220,1240,2019,220,12,40,NA,NA,T,NA,NA,NA,NA,20192201240
815,2019220,1420,2019,220,14,20,NA,NA,T,NA,NA,NA,NA,20192201420
816,2019220,1655,2019,220,16,55,NA,NA,A,NA,NA,NA,NA,20192201655
817,2019220,1835,2019,220,18,35,NA,NA,A,NA,NA,NA,NA,20192201835
818,2019221,1325,2019,221,13,25,NA,NA,T,NA,NA,NA,NA,20192211325
819,2019221,1505,2019,221,15,5,NA,NA,T,NA,NA,NA,NA,20192211505
820,2019221,1740,2019,221,17,40,NA,NA,A,NA,NA,NA,NA,20192211740
821,2019221,1915,2019,221,19,15,NA,NA,A,NA,NA,NA,NA,20192211915
822,2019222,1230,2019,222,12,30,NA,NA,T,NA,NA,NA,NA,20192221230
823,2019222,1405,2019,222,14,5,NA,NA,T,NA,NA,NA,NA,20192221405
824,2019222,1645,2019,222,16,45,NA,NA,A,NA,NA,NA,NA,20192221645
825,2019222,1825,2019,222,18,25,-34.55416666,-58.50906357,A,0.066,0.045,0.0188,0,20192221825
826,2019223,1310,2019,223,13,10,NA,NA,T,NA,NA,NA,NA,20192231310
827,2019223,1450,2019,223,14,50,-34.55416666,-58.50906357,T,0.043,0.02925,0.0083,0,20192231450
828,2019223,1730,2019,223,17,30,-34.55416666,-58.50906357,A,0.15425,0.106,0.0172,0,20192231730
829,2019223,1905,2019,223,19,5,NA,NA,A,NA,NA,NA,NA,20192231905
830,2019224,1355,2019,224,13,55,NA,NA,T,NA,NA,NA,NA,20192241355
831,2019224,1630,2019,224,16,30,NA,NA,A,NA,NA,NA,NA,20192241630
832,2019224,1810,2019,224,18,10,NA,NA,A,NA,NA,NA,NA,20192241810
833,2019225,1300,2019,225,13,0,NA,NA,T,NA,NA,NA,NA,20192251300
834,2019225,1440,2019,225,14,40,-34.55416666,-58.50906357,T,0.03475,0.02375,0.0111,0,20192251440
835,2019225,1715,2019,225,17,15,NA,NA,A,NA,NA,NA,NA,20192251715
836,2019225,1850,2019,225,18,50,NA,NA,A,NA,NA,NA,NA,20192251850
837,2019226,1345,2019,226,13,45,-34.55416666,-58.50906357,T,0.11,0.076,0.0285,0,20192261345
838,2019226,1620,2019,226,16,20,NA,NA,A,NA,NA,NA,NA,20192261620
839,2019226,1800,2019,226,18,0,-34.55416666,-58.50906357,A,0.04075,0.028,0.0357,0,20192261800
840,2019227,1250,2019,227,12,50,NA,NA,T,NA,NA,NA,NA,20192271250
841,2019227,1425,2019,227,14,25,NA,NA,T,NA,NA,NA,NA,20192271425
842,2019227,1705,2019,227,17,5,NA,NA,A,NA,NA,NA,NA,20192271705
843,2019227,1840,2019,227,18,40,NA,NA,A,NA,NA,NA,NA,20192271840
844,2019228,1330,2019,228,13,30,NA,NA,T,NA,NA,NA,NA,20192281330
845,2019228,1510,2019,228,15,10,NA,NA,T,NA,NA,NA,NA,20192281510
846,2019228,1745,2019,228,17,45,NA,NA,A,NA,NA,NA,NA,20192281745
847,2019229,1235,2019,229,12,35,NA,NA,T,NA,NA,NA,NA,20192291235
848,2019229,1415,2019,229,14,15,NA,NA,T,NA,NA,NA,NA,20192291415
849,2019229,1650,2019,229,16,50,NA,NA,A,NA,NA,NA,NA,20192291650
850,2019229,1830,2019,229,18,30,NA,NA,A,NA,NA,NA,NA,20192291830
851,2019230,1320,2019,230,13,20,NA,NA,T,NA,NA,NA,NA,20192301320
852,2019230,1455,2019,230,14,55,NA,NA,T,NA,NA,NA,NA,20192301455
853,2019230,1735,2019,230,17,35,NA,NA,A,NA,NA,NA,NA,20192301735
854,2019230,1910,2019,230,19,10,NA,NA,A,NA,NA,NA,NA,20192301910
855,2019231,1400,2019,231,14,0,NA,NA,T,NA,NA,NA,NA,20192311400
856,2019231,1640,2019,231,16,40,NA,NA,A,NA,NA,NA,NA,20192311640
857,2019231,1815,2019,231,18,15,NA,NA,A,NA,NA,NA,NA,20192311815
858,2019233,1350,2019,233,13,50,NA,NA,T,NA,NA,NA,NA,20192331350
859,2019233,1625,2019,233,16,25,NA,NA,A,NA,NA,NA,NA,20192331625
860,2019233,1805,2019,233,18,5,NA,NA,A,NA,NA,NA,NA,20192331805
861,2019234,1255,2019,234,12,55,NA,NA,T,NA,NA,NA,NA,20192341255
862,2019234,1430,2019,234,14,30,NA,NA,T,NA,NA,NA,NA,20192341430
863,2019234,1710,2019,234,17,10,-34.55416666,-58.50906357,A,0.132,0.09067,0.0108,0,20192341710
864,2019234,1845,2019,234,18,45,NA,NA,A,NA,NA,NA,NA,20192341845
865,2019235,1335,2019,235,13,35,-34.55416666,-58.50906357,T,0.102,0.07,0.0249,0,20192351335
866,2019235,1515,2019,235,15,15,NA,NA,T,NA,NA,NA,NA,20192351515
867,2019235,1615,2019,235,16,15,NA,NA,A,NA,NA,NA,NA,20192351615
868,2019235,1750,2019,235,17,50,-34.55416666,-58.50906357,A,0.058,0.0395,0.0425,0,20192351750
869,2019237,1325,2019,237,13,25,NA,NA,T,NA,NA,NA,NA,20192371325
870,2019237,1500,2019,237,15,0,NA,NA,T,NA,NA,NA,NA,20192371500
871,2019237,1740,2019,237,17,40,NA,NA,A,NA,NA,NA,NA,20192371740
872,2019237,1915,2019,237,19,15,NA,NA,A,NA,NA,NA,NA,20192371915
873,2019238,1230,2019,238,12,30,NA,NA,T,NA,NA,NA,NA,20192381230
874,2019238,1405,2019,238,14,5,NA,NA,T,NA,NA,NA,NA,20192381405
875,2019238,1645,2019,238,16,45,NA,NA,A,NA,NA,NA,NA,20192381645
876,2019238,1825,2019,238,18,25,NA,NA,A,NA,NA,NA,NA,20192381825
877,2019239,1310,2019,239,13,10,NA,NA,T,NA,NA,NA,NA,20192391310
878,2019239,1450,2019,239,14,50,NA,NA,T,NA,NA,NA,NA,20192391450
879,2019239,1730,2019,239,17,30,-34.55416666,-58.50906357,A,0.165,0.11325,0.0222,0,20192391730
880,2019239,1905,2019,239,19,5,NA,NA,A,NA,NA,NA,NA,20192391905
881,2019240,1355,2019,240,13,55,NA,NA,T,NA,NA,NA,NA,20192401355
882,2019240,1630,2019,240,16,30,NA,NA,A,NA,NA,NA,NA,20192401630
883,2019240,1810,2019,240,18,10,NA,NA,A,NA,NA,NA,NA,20192401810
884,2019241,1300,2019,241,13,0,NA,NA,T,NA,NA,NA,NA,20192411300
885,2019241,1440,2019,241,14,40,NA,NA,T,NA,NA,NA,NA,20192411440
886,2019241,1715,2019,241,17,15,NA,NA,A,NA,NA,NA,NA,20192411715
887,2019241,1850,2019,241,18,50,NA,NA,A,NA,NA,NA,NA,20192411850
888,2019242,1345,2019,242,13,45,NA,NA,T,NA,NA,NA,NA,20192421345
889,2019242,1620,2019,242,16,20,NA,NA,A,NA,NA,NA,NA,20192421620
890,2019242,1800,2019,242,18,0,NA,NA,A,NA,NA,NA,NA,20192421800
891,2019243,1250,2019,243,12,50,NA,NA,T,NA,NA,NA,NA,20192431250
892,2019243,1425,2019,243,14,25,-34.55416666,-58.50906357,T,0.03125,0.021,0.0224,0,20192431425
893,2019243,1705,2019,243,17,5,NA,NA,A,NA,NA,NA,NA,20192431705
894,2019243,1840,2019,243,18,40,NA,NA,A,NA,NA,NA,NA,20192431840
895,2019244,1330,2019,244,13,30,-34.55416666,-58.50906357,T,0.04875,0.0335,0.0316,0,20192441330
896,2019244,1510,2019,244,15,10,NA,NA,T,NA,NA,NA,NA,20192441510
897,2019244,1605,2019,244,16,5,NA,NA,A,NA,NA,NA,NA,20192441605
898,2019244,1745,2019,244,17,45,-34.55416666,-58.50906357,A,0.024,0.016,0.0579,0,20192441745
899,2019245,1235,2019,245,12,35,NA,NA,T,NA,NA,NA,NA,20192451235
900,2019245,1415,2019,245,14,15,NA,NA,T,NA,NA,NA,NA,20192451415
901,2019245,1650,2019,245,16,50,NA,NA,A,NA,NA,NA,NA,20192451650
902,2019245,1830,2019,245,18,30,NA,NA,A,NA,NA,NA,NA,20192451830
903,2019246,1320,2019,246,13,20,-34.55416666,-58.50906357,T,0.041,0.028,0.0228,0,20192461320
904,2019246,1455,2019,246,14,55,NA,NA,T,NA,NA,NA,NA,20192461455
905,2019246,1735,2019,246,17,35,-34.55416666,-58.50906357,A,0.073,0.04975,0.0318,0,20192461735
906,2019246,1910,2019,246,19,10,NA,NA,A,NA,NA,NA,NA,20192461910
907,2019247,1400,2019,247,14,0,NA,NA,T,NA,NA,NA,NA,20192471400
908,2019247,1640,2019,247,16,40,NA,NA,A,NA,NA,NA,NA,20192471640
909,2019247,1815,2019,247,18,15,-34.55416666,-58.50906357,A,0.0615,0.042,0.0287,0,20192471815
910,2019248,1305,2019,248,13,5,NA,NA,T,NA,NA,NA,NA,20192481305
911,2019248,1445,2019,248,14,45,NA,NA,T,NA,NA,NA,NA,20192481445
912,2019248,1720,2019,248,17,20,-34.55416666,-58.50906357,A,0.14375,0.099,0.015,0,20192481720
913,2019248,1900,2019,248,19,0,NA,NA,A,NA,NA,NA,NA,20192481900
914,2019249,1350,2019,249,13,50,NA,NA,T,NA,NA,NA,NA,20192491350
915,2019249,1625,2019,249,16,25,NA,NA,A,NA,NA,NA,NA,20192491625
916,2019249,1805,2019,249,18,5,NA,NA,A,NA,NA,NA,NA,20192491805
917,2019250,1255,2019,250,12,55,NA,NA,T,NA,NA,NA,NA,20192501255
918,2019250,1430,2019,250,14,30,NA,NA,T,NA,NA,NA,NA,20192501430
919,2019250,1710,2019,250,17,10,NA,NA,A,NA,NA,NA,NA,20192501710
920,2019250,1845,2019,250,18,45,NA,NA,A,NA,NA,NA,NA,20192501845
921,2019251,1335,2019,251,13,35,NA,NA,T,NA,NA,NA,NA,20192511335
922,2019251,1515,2019,251,15,15,NA,NA,T,NA,NA,NA,NA,20192511515
923,2019251,1615,2019,251,16,15,NA,NA,A,NA,NA,NA,NA,20192511615
924,2019251,1750,2019,251,17,50,-34.55416666,-58.50906357,A,0.305,0.21225,0.0486,0,20192511750
925,2019252,1240,2019,252,12,40,NA,NA,T,NA,NA,NA,NA,20192521240
926,2019252,1420,2019,252,14,20,NA,NA,T,NA,NA,NA,NA,20192521420
927,2019252,1655,2019,252,16,55,NA,NA,A,NA,NA,NA,NA,20192521655
928,2019252,1835,2019,252,18,35,NA,NA,A,NA,NA,NA,NA,20192521835
929,2019253,1325,2019,253,13,25,NA,NA,T,NA,NA,NA,NA,20192531325
930,2019253,1500,2019,253,15,0,NA,NA,T,NA,NA,NA,NA,20192531500
931,2019253,1740,2019,253,17,40,NA,NA,A,NA,NA,NA,NA,20192531740
932,2019253,1915,2019,253,19,15,NA,NA,A,NA,NA,NA,NA,20192531915
933,2019254,1230,2019,254,12,30,NA,NA,T,NA,NA,NA,NA,20192541230
934,2019254,1405,2019,254,14,5,NA,NA,T,NA,NA,NA,NA,20192541405
935,2019254,1645,2019,254,16,45,NA,NA,A,NA,NA,NA,NA,20192541645
936,2019254,1825,2019,254,18,25,NA,NA,A,NA,NA,NA,NA,20192541825
937,2019255,1310,2019,255,13,10,-34.55416666,-58.50906357,T,0.047,0.032,0.0149,0,20192551310
938,2019255,1450,2019,255,14,50,-34.55416666,-58.50906357,T,0.02275,0.0155,0.0076,0,20192551450
939,2019255,1725,2019,255,17,25,-34.55416666,-58.50906357,A,0.1105,0.076,0.025,0,20192551725
940,2019255,1905,2019,255,19,5,NA,NA,A,NA,NA,NA,NA,20192551905
941,2019256,1355,2019,256,13,55,-34.55416666,-58.50906357,T,0.1795,0.12325,0.0486,0,20192561355
942,2019256,1630,2019,256,16,30,NA,NA,A,NA,NA,NA,NA,20192561630
943,2019256,1810,2019,256,18,10,NA,NA,A,NA,NA,NA,NA,20192561810
944,2019257,1300,2019,257,13,0,NA,NA,T,NA,NA,NA,NA,20192571300
945,2019257,1440,2019,257,14,40,-34.55416666,-58.50906357,T,0.027,0.0185,0.0168,0,20192571440
946,2019257,1715,2019,257,17,15,-34.55416666,-58.50906357,A,0.1155,0.07925,0.016,0,20192571715
947,2019257,1850,2019,257,18,50,NA,NA,A,NA,NA,NA,NA,20192571850
948,2019258,1345,2019,258,13,45,NA,NA,T,NA,NA,NA,NA,20192581345
949,2019258,1620,2019,258,16,20,NA,NA,A,NA,NA,NA,NA,20192581620
950,2019258,1800,2019,258,18,0,-34.55416666,-58.50906357,A,0.3485,0.24375,0.0493,0,20192581800
951,2019259,1250,2019,259,12,50,NA,NA,T,NA,NA,NA,NA,20192591250
952,2019259,1425,2019,259,14,25,NA,NA,T,NA,NA,NA,NA,20192591425
953,2019259,1705,2019,259,17,5,NA,NA,A,NA,NA,NA,NA,20192591705
954,2019259,1840,2019,259,18,40,NA,NA,A,NA,NA,NA,NA,20192591840
955,2019260,1330,2019,260,13,30,-34.55416666,-58.50906357,T,0.0305,0.02075,0.0294,0,20192601330
956,2019260,1510,2019,260,15,10,NA,NA,T,NA,NA,NA,NA,20192601510
957,2019260,1605,2019,260,16,5,NA,NA,A,NA,NA,NA,NA,20192601605
958,2019260,1745,2019,260,17,45,-34.55416666,-58.50906357,A,0.03,0.0205,0.0538,0,20192601745
959,2019261,1235,2019,261,12,35,NA,NA,T,NA,NA,NA,NA,20192611235
960,2019261,1415,2019,261,14,15,-34.55416666,-58.50906357,T,0.0495,0.03375,0.0404,0,20192611415
961,2019261,1650,2019,261,16,50,NA,NA,A,NA,NA,NA,NA,20192611650
962,2019261,1830,2019,261,18,30,-34.55416666,-58.50906357,A,0.06275,0.043,0.0198,0,20192611830
963,2019262,1320,2019,262,13,20,NA,NA,T,NA,NA,NA,NA,20192621320
964,2019262,1455,2019,262,14,55,NA,NA,T,NA,NA,NA,NA,20192621455
965,2019262,1735,2019,262,17,35,NA,NA,A,NA,NA,NA,NA,20192621735
966,2019262,1910,2019,262,19,10,NA,NA,A,NA,NA,NA,NA,20192621910
967,2019263,1400,2019,263,14,0,-34.55416666,-58.50906357,T,0.06025,0.04125,0.0548,0,20192631400
968,2019263,1640,2019,263,16,40,NA,NA,A,NA,NA,NA,NA,20192631640
969,2019263,1815,2019,263,18,15,-34.55416666,-58.50906357,A,0.03625,0.0245,0.0305,0,20192631815
970,2019264,1305,2019,264,13,5,NA,NA,T,NA,NA,NA,NA,20192641305
971,2019264,1445,2019,264,14,45,-34.55416666,-58.50906357,T,0.04875,0.03325,0.012,0,20192641445
972,2019264,1720,2019,264,17,20,-34.55416666,-58.50906357,A,0.14725,0.10125,0.0212,0,20192641720
973,2019264,1900,2019,264,19,0,NA,NA,A,NA,NA,NA,NA,20192641900
974,2019265,1350,2019,265,13,50,-34.55416666,-58.50906357,T,0.0195,0.0135,0.0636,0,20192651350
975,2019265,1625,2019,265,16,25,NA,NA,A,NA,NA,NA,NA,20192651625
976,2019265,1805,2019,265,18,5,-34.55416666,-58.50906357,A,0.07425,0.05075,0.0525,0,20192651805
977,2019266,1255,2019,266,12,55,NA,NA,T,NA,NA,NA,NA,20192661255
978,2019266,1430,2019,266,14,30,NA,NA,T,NA,NA,NA,NA,20192661430
979,2019266,1710,2019,266,17,10,NA,NA,A,NA,NA,NA,NA,20192661710
980,2019266,1845,2019,266,18,45,NA,NA,A,NA,NA,NA,NA,20192661845
981,2019267,1335,2019,267,13,35,-34.55416666,-58.50906357,T,0.08725,0.06,0.0349,0,20192671335
982,2019267,1515,2019,267,15,15,NA,NA,T,NA,NA,NA,NA,20192671515
983,2019267,1615,2019,267,16,15,NA,NA,A,NA,NA,NA,NA,20192671615
984,2019267,1750,2019,267,17,50,-34.55416666,-58.50906357,A,0.1025,0.07075,0.0488,0,20192671750
985,2019268,1240,2019,268,12,40,NA,NA,T,NA,NA,NA,NA,20192681240
986,2019268,1420,2019,268,14,20,-34.55416666,-58.50906357,T,0.13,0.0895,0.0391,0,20192681420
987,2019268,1655,2019,268,16,55,NA,NA,A,NA,NA,NA,NA,20192681655
988,2019268,1835,2019,268,18,35,-34.5625,-58.51492525,A,0.1195,0.0815,0.013,0,20192681835
989,2019269,1325,2019,269,13,25,-34.55416666,-58.50906357,T,0.07225,0.04925,0.0245,0,20192691325
990,2019269,1500,2019,269,15,0,NA,NA,T,NA,NA,NA,NA,20192691500
991,2019269,1740,2019,269,17,40,-34.55416666,-58.50906357,A,0.068,0.04675,0.046,0,20192691740
992,2019269,1915,2019,269,19,15,NA,NA,A,NA,NA,NA,NA,20192691915
993,2019270,1230,2019,270,12,30,NA,NA,T,NA,NA,NA,NA,20192701230
994,2019270,1405,2019,270,14,5,NA,NA,T,NA,NA,NA,NA,20192701405
995,2019270,1645,2019,270,16,45,NA,NA,A,NA,NA,NA,NA,20192701645
996,2019270,1825,2019,270,18,25,NA,NA,A,NA,NA,NA,NA,20192701825
997,2019271,1310,2019,271,13,10,NA,NA,T,NA,NA,NA,NA,20192711310
998,2019271,1450,2019,271,14,50,-34.55416666,-58.50906357,T,0.12925,0.08875,0.0124,0,20192711450
999,2019271,1730,2019,271,17,30,-34.55416666,-58.50906357,A,0.21233,0.147,0.0284,0,20192711730
1000,2019271,1905,2019,271,19,5,NA,NA,A,NA,NA,NA,NA,20192711905
1001,2019272,1355,2019,272,13,55,-34.55416666,-58.50906357,T,0.116,0.07933,0.0681,0,20192721355
1002,2019272,1630,2019,272,16,30,NA,NA,A,NA,NA,NA,NA,20192721630
1003,2019272,1810,2019,272,18,10,-34.55416666,-58.50906357,A,0.14775,0.10175,0.0464,0,20192721810
1004,2019273,1300,2019,273,13,0,NA,NA,T,NA,NA,NA,NA,20192731300
1005,2019273,1440,2019,273,14,40,NA,NA,T,NA,NA,NA,NA,20192731440
1006,2019273,1715,2019,273,17,15,NA,NA,A,NA,NA,NA,NA,20192731715
1007,2019273,1850,2019,273,18,50,NA,NA,A,NA,NA,NA,NA,20192731850
1008,2019274,1345,2019,274,13,45,NA,NA,T,NA,NA,NA,NA,20192741345
1009,2019274,1620,2019,274,16,20,NA,NA,A,NA,NA,NA,NA,20192741620
1010,2019274,1800,2019,274,18,0,NA,NA,A,NA,NA,NA,NA,20192741800
1011,2019275,1250,2019,275,12,50,NA,NA,T,NA,NA,NA,NA,20192751250
1012,2019275,1425,2019,275,14,25,NA,NA,T,NA,NA,NA,NA,20192751425
1013,2019275,1840,2019,275,18,40,NA,NA,A,NA,NA,NA,NA,20192751840
1014,2019276,1330,2019,276,13,30,NA,NA,T,NA,NA,NA,NA,20192761330
1015,2019276,1510,2019,276,15,10,NA,NA,T,NA,NA,NA,NA,20192761510
1016,2019276,1605,2019,276,16,5,NA,NA,A,NA,NA,NA,NA,20192761605
1017,2019276,1745,2019,276,17,45,NA,NA,A,NA,NA,NA,NA,20192761745
1018,2019277,1235,2019,277,12,35,NA,NA,T,NA,NA,NA,NA,20192771235
1019,2019277,1415,2019,277,14,15,NA,NA,T,NA,NA,NA,NA,20192771415
1020,2019277,1650,2019,277,16,50,NA,NA,A,NA,NA,NA,NA,20192771650
1021,2019277,1830,2019,277,18,30,NA,NA,A,NA,NA,NA,NA,20192771830
1022,2019278,1320,2019,278,13,20,NA,NA,T,NA,NA,NA,NA,20192781320
1023,2019278,1455,2019,278,14,55,NA,NA,T,NA,NA,NA,NA,20192781455
1024,2019278,1735,2019,278,17,35,NA,NA,A,NA,NA,NA,NA,20192781735
1025,2019278,1910,2019,278,19,10,NA,NA,A,NA,NA,NA,NA,20192781910
1026,2019279,1400,2019,279,14,0,-34.55416666,-58.50906357,T,0.07375,0.05025,0.0838,0,20192791400
1027,2019279,1640,2019,279,16,40,NA,NA,A,NA,NA,NA,NA,20192791640
1028,2019279,1815,2019,279,18,15,-34.55416666,-58.50906357,A,0.092,0.063,0.0387,0,20192791815
1029,2019280,1305,2019,280,13,5,NA,NA,T,NA,NA,NA,NA,20192801305
1030,2019280,1445,2019,280,14,45,NA,NA,T,NA,NA,NA,NA,20192801445
1031,2019280,1720,2019,280,17,20,NA,NA,A,NA,NA,NA,NA,20192801720
1032,2019280,1900,2019,280,19,0,NA,NA,A,NA,NA,NA,NA,20192801900
1033,2019281,1350,2019,281,13,50,-34.55416666,-58.50906357,T,0.02075,0.014,0.0704,0,20192811350
1034,2019281,1625,2019,281,16,25,NA,NA,A,NA,NA,NA,NA,20192811625
1035,2019281,1805,2019,281,18,5,-34.55416666,-58.50906357,A,0.08075,0.0555,0.0563,0,20192811805
1036,2019282,1255,2019,282,12,55,NA,NA,T,NA,NA,NA,NA,20192821255
1037,2019282,1430,2019,282,14,30,NA,NA,T,NA,NA,NA,NA,20192821430
1038,2019282,1710,2019,282,17,10,NA,NA,A,NA,NA,NA,NA,20192821710
1039,2019282,1845,2019,282,18,45,NA,NA,A,NA,NA,NA,NA,20192821845
1040,2019283,1335,2019,283,13,35,NA,NA,T,NA,NA,NA,NA,20192831335
1041,2019283,1515,2019,283,15,15,NA,NA,T,NA,NA,NA,NA,20192831515
1042,2019283,1615,2019,283,16,15,NA,NA,A,NA,NA,NA,NA,20192831615
1043,2019283,1750,2019,283,17,50,NA,NA,A,NA,NA,NA,NA,20192831750
1044,2019284,1240,2019,284,12,40,NA,NA,T,NA,NA,NA,NA,20192841240
1045,2019284,1420,2019,284,14,20,NA,NA,T,NA,NA,NA,NA,20192841420
1046,2019284,1655,2019,284,16,55,NA,NA,A,NA,NA,NA,NA,20192841655
1047,2019284,1835,2019,284,18,35,NA,NA,A,NA,NA,NA,NA,20192841835
1048,2019285,1325,2019,285,13,25,NA,NA,T,NA,NA,NA,NA,20192851325
1049,2019285,1500,2019,285,15,0,NA,NA,T,NA,NA,NA,NA,20192851500
1050,2019285,1740,2019,285,17,40,NA,NA,A,NA,NA,NA,NA,20192851740
1051,2019285,1915,2019,285,19,15,NA,NA,A,NA,NA,NA,NA,20192851915
1052,2019286,1230,2019,286,12,30,NA,NA,T,NA,NA,NA,NA,20192861230
1053,2019286,1405,2019,286,14,5,NA,NA,T,NA,NA,NA,NA,20192861405
1054,2019286,1645,2019,286,16,45,NA,NA,A,NA,NA,NA,NA,20192861645
1055,2019286,1825,2019,286,18,25,NA,NA,A,NA,NA,NA,NA,20192861825
1056,2019287,1310,2019,287,13,10,NA,NA,T,NA,NA,NA,NA,20192871310
1057,2019287,1450,2019,287,14,50,NA,NA,T,NA,NA,NA,NA,20192871450
1058,2019287,1730,2019,287,17,30,NA,NA,A,NA,NA,NA,NA,20192871730
1059,2019287,1905,2019,287,19,5,NA,NA,A,NA,NA,NA,NA,20192871905
1060,2019288,1355,2019,288,13,55,NA,NA,T,NA,NA,NA,NA,20192881355
1061,2019288,1630,2019,288,16,30,NA,NA,A,NA,NA,NA,NA,20192881630
1062,2019288,1810,2019,288,18,10,NA,NA,A,NA,NA,NA,NA,20192881810
1063,2019289,1300,2019,289,13,0,NA,NA,T,NA,NA,NA,NA,20192891300
1064,2019289,1440,2019,289,14,40,NA,NA,T,NA,NA,NA,NA,20192891440
1065,2019289,1715,2019,289,17,15,NA,NA,A,NA,NA,NA,NA,20192891715
1066,2019289,1850,2019,289,18,50,NA,NA,A,NA,NA,NA,NA,20192891850
1067,2019290,1345,2019,290,13,45,NA,NA,T,NA,NA,NA,NA,20192901345
1068,2019290,1620,2019,290,16,20,NA,NA,A,NA,NA,NA,NA,20192901620
1069,2019290,1800,2019,290,18,0,NA,NA,A,NA,NA,NA,NA,20192901800
1070,2019291,1245,2019,291,12,45,NA,NA,T,NA,NA,NA,NA,20192911245
1071,2019291,1425,2019,291,14,25,-34.55416666,-58.49894527,T,0.116,0.0795,0.0287,0,20192911425
1072,2019291,1705,2019,291,17,5,-34.55416666,-58.50906357,A,0.10833,0.07467,0.0081,0,20192911705
1073,2019291,1840,2019,291,18,40,-34.55416666,-58.50906357,A,0.08533,0.05833,0.011,0,20192911840
1074,2019292,1330,2019,292,13,30,-34.55416666,-58.50906357,T,0.06825,0.04675,0.0317,0,20192921330
1075,2019292,1510,2019,292,15,10,NA,NA,T,NA,NA,NA,NA,20192921510
1076,2019292,1605,2019,292,16,5,NA,NA,A,NA,NA,NA,NA,20192921605
1077,2019292,1745,2019,292,17,45,NA,NA,A,NA,NA,NA,NA,20192921745
1078,2019293,1235,2019,293,12,35,NA,NA,T,NA,NA,NA,NA,20192931235
1079,2019293,1415,2019,293,14,15,NA,NA,T,NA,NA,NA,NA,20192931415
1080,2019293,1650,2019,293,16,50,NA,NA,A,NA,NA,NA,NA,20192931650
1081,2019293,1830,2019,293,18,30,NA,NA,A,NA,NA,NA,NA,20192931830
1082,2019294,1320,2019,294,13,20,NA,NA,T,NA,NA,NA,NA,20192941320
1083,2019294,1455,2019,294,14,55,NA,NA,T,NA,NA,NA,NA,20192941455
1084,2019294,1735,2019,294,17,35,-34.55416666,-58.50906357,A,0.3655,0.2555,0.0379,0,20192941735
1085,2019294,1910,2019,294,19,10,NA,NA,A,NA,NA,NA,NA,20192941910
1086,2019295,1400,2019,295,14,0,NA,NA,T,NA,NA,NA,NA,20192951400
1087,2019295,1640,2019,295,16,40,NA,NA,A,NA,NA,NA,NA,20192951640
1088,2019295,1815,2019,295,18,15,NA,NA,A,NA,NA,NA,NA,20192951815
1089,2019296,1305,2019,296,13,5,NA,NA,T,NA,NA,NA,NA,20192961305
1090,2019296,1445,2019,296,14,45,-34.55416666,-58.50906357,T,0.023,0.01575,0.0147,0,20192961445
1091,2019296,1720,2019,296,17,20,-34.55416666,-58.50906357,A,0.1315,0.09025,0.0217,0,20192961720
1092,2019296,1900,2019,296,19,0,NA,NA,A,NA,NA,NA,NA,20192961900
1093,2019297,1350,2019,297,13,50,-34.55416666,-58.50906357,T,0.036,0.0245,0.0777,0,20192971350
1094,2019297,1625,2019,297,16,25,NA,NA,A,NA,NA,NA,NA,20192971625
1095,2019297,1805,2019,297,18,5,-34.55416666,-58.50906357,A,0.13425,0.09225,0.0621,0,20192971805
1096,2019298,1255,2019,298,12,55,NA,NA,T,NA,NA,NA,NA,20192981255
1097,2019298,1430,2019,298,14,30,-34.55416666,-58.50906357,T,0.03925,0.02675,0.0274,0,20192981430
1098,2019298,1710,2019,298,17,10,NA,NA,A,NA,NA,NA,NA,20192981710
1099,2019298,1845,2019,298,18,45,NA,NA,A,NA,NA,NA,NA,20192981845
1100,2019299,1335,2019,299,13,35,NA,NA,T,NA,NA,NA,NA,20192991335
1101,2019299,1515,2019,299,15,15,NA,NA,T,NA,NA,NA,NA,20192991515
1102,2019299,1615,2019,299,16,15,NA,NA,A,NA,NA,NA,NA,20192991615
1103,2019299,1750,2019,299,17,50,-34.55416666,-58.50906357,A,0.09725,0.06675,0.0758,0,20192991750
1104,2019300,1240,2019,300,12,40,NA,NA,T,NA,NA,NA,NA,20193001240
1105,2019300,1420,2019,300,14,20,NA,NA,T,NA,NA,NA,NA,20193001420
1106,2019300,1655,2019,300,16,55,NA,NA,A,NA,NA,NA,NA,20193001655
1107,2019300,1835,2019,300,18,35,NA,NA,A,NA,NA,NA,NA,20193001835
1108,2019301,1325,2019,301,13,25,NA,NA,T,NA,NA,NA,NA,20193011325
1109,2019301,1500,2019,301,15,0,NA,NA,T,NA,NA,NA,NA,20193011500
1110,2019301,1740,2019,301,17,40,NA,NA,A,NA,NA,NA,NA,20193011740
1111,2019301,1915,2019,301,19,15,NA,NA,A,NA,NA,NA,NA,20193011915
1112,2019302,1230,2019,302,12,30,NA,NA,T,NA,NA,NA,NA,20193021230
1113,2019302,1405,2019,302,14,5,NA,NA,T,NA,NA,NA,NA,20193021405
1114,2019302,1645,2019,302,16,45,NA,NA,A,NA,NA,NA,NA,20193021645
1115,2019302,1825,2019,302,18,25,-34.55416666,-58.50906357,A,0.1025,0.07025,0.0323,0,20193021825
1116,2019303,1310,2019,303,13,10,NA,NA,T,NA,NA,NA,NA,20193031310
1117,2019303,1450,2019,303,14,50,NA,NA,T,NA,NA,NA,NA,20193031450
1118,2019303,1730,2019,303,17,30,NA,NA,A,NA,NA,NA,NA,20193031730
1119,2019303,1905,2019,303,19,5,NA,NA,A,NA,NA,NA,NA,20193031905
1120,2019304,1355,2019,304,13,55,-34.55416666,-58.50906357,T,0.03425,0.0235,0.0929,0,20193041355
1121,2019304,1630,2019,304,16,30,NA,NA,A,NA,NA,NA,NA,20193041630
1122,2019304,1810,2019,304,18,10,-34.55416666,-58.50906357,A,0.11775,0.08075,0.0507,0,20193041810
1123,2019305,1300,2019,305,13,0,NA,NA,T,NA,NA,NA,NA,20193051300
1124,2019305,1440,2019,305,14,40,NA,NA,T,NA,NA,NA,NA,20193051440
1125,2019305,1715,2019,305,17,15,NA,NA,A,NA,NA,NA,NA,20193051715
1126,2019305,1850,2019,305,18,50,NA,NA,A,NA,NA,NA,NA,20193051850
1127,2019306,1345,2019,306,13,45,NA,NA,T,NA,NA,NA,NA,20193061345
1128,2019306,1620,2019,306,16,20,NA,NA,A,NA,NA,NA,NA,20193061620
1129,2019306,1800,2019,306,18,0,-34.55416666,-58.50906357,A,0.32175,0.2245,0.073,0,20193061800
1130,2019307,1245,2019,307,12,45,NA,NA,T,NA,NA,NA,NA,20193071245
1131,2019307,1425,2019,307,14,25,NA,NA,T,NA,NA,NA,NA,20193071425
1132,2019307,1705,2019,307,17,5,-34.5625,-58.51492525,A,0.104,0.0715,0.0109,0,20193071705
1133,2019307,1840,2019,307,18,40,-34.55416666,-58.50906357,A,0.11267,0.07733,0.0193,0,20193071840
1134,2019308,1330,2019,308,13,30,NA,NA,T,NA,NA,NA,NA,20193081330
1135,2019308,1510,2019,308,15,10,NA,NA,T,NA,NA,NA,NA,20193081510
1136,2019308,1745,2019,308,17,45,NA,NA,A,NA,NA,NA,NA,20193081745
1137,2019309,1235,2019,309,12,35,NA,NA,T,NA,NA,NA,NA,20193091235
1138,2019309,1415,2019,309,14,15,-34.55416666,-58.50906357,T,0.0395,0.027,0.0652,0,20193091415
1139,2019309,1650,2019,309,16,50,NA,NA,A,NA,NA,NA,NA,20193091650
1140,2019309,1830,2019,309,18,30,-34.55416666,-58.50906357,A,0.07975,0.0545,0.0232,0,20193091830
1141,2019310,1320,2019,310,13,20,NA,NA,T,NA,NA,NA,NA,20193101320
1142,2019310,1455,2019,310,14,55,NA,NA,T,NA,NA,NA,NA,20193101455
1143,2019310,1735,2019,310,17,35,NA,NA,A,NA,NA,NA,NA,20193101735
1144,2019310,1910,2019,310,19,10,NA,NA,A,NA,NA,NA,NA,20193101910
1145,2019311,1400,2019,311,14,0,-34.55416666,-58.50906357,T,0.019,0.013,0.0767,0,20193111400
1146,2019311,1640,2019,311,16,40,NA,NA,A,NA,NA,NA,NA,20193111640
1147,2019311,1815,2019,311,18,15,-34.55416666,-58.50906357,A,0.09425,0.0645,0.0406,0,20193111815
1148,2019312,1305,2019,312,13,5,NA,NA,T,NA,NA,NA,NA,20193121305
1149,2019312,1445,2019,312,14,45,NA,NA,T,NA,NA,NA,NA,20193121445
1150,2019312,1720,2019,312,17,20,-34.55416666,-58.50906357,A,0.225,0.15625,0.0255,0,20193121720
1151,2019312,1900,2019,312,19,0,NA,NA,A,NA,NA,NA,NA,20193121900
1152,2019313,1350,2019,313,13,50,NA,NA,T,NA,NA,NA,NA,20193131350
1153,2019313,1625,2019,313,16,25,NA,NA,A,NA,NA,NA,NA,20193131625
1154,2019313,1805,2019,313,18,5,NA,NA,A,NA,NA,NA,NA,20193131805
1155,2019314,1255,2019,314,12,55,NA,NA,T,NA,NA,NA,NA,20193141255
1156,2019314,1430,2019,314,14,30,-34.55416666,-58.50906357,T,0.063,0.043,0.0312,0,20193141430
1157,2019314,1710,2019,314,17,10,-34.55416666,-58.50906357,A,0.12533,0.08633,0.0158,0,20193141710
1158,2019314,1845,2019,314,18,45,NA,NA,A,NA,NA,NA,NA,20193141845
1159,2019315,1335,2019,315,13,35,NA,NA,T,NA,NA,NA,NA,20193151335
1160,2019315,1515,2019,315,15,15,NA,NA,T,NA,NA,NA,NA,20193151515
1161,2019315,1615,2019,315,16,15,NA,NA,A,NA,NA,NA,NA,20193151615
1162,2019315,1750,2019,315,17,50,NA,NA,A,NA,NA,NA,NA,20193151750
1163,2019316,1240,2019,316,12,40,NA,NA,T,NA,NA,NA,NA,20193161240
1164,2019316,1420,2019,316,14,20,-34.55416666,-58.50906357,T,0.14425,0.09875,0.0511,0,20193161420
1165,2019316,1655,2019,316,16,55,NA,NA,A,NA,NA,NA,NA,20193161655
1166,2019316,1835,2019,316,18,35,NA,NA,A,NA,NA,NA,NA,20193161835
1167,2019317,1325,2019,317,13,25,NA,NA,T,NA,NA,NA,NA,20193171325
1168,2019317,1500,2019,317,15,0,NA,NA,T,NA,NA,NA,NA,20193171500
1169,2019317,1740,2019,317,17,40,NA,NA,A,NA,NA,NA,NA,20193171740
1170,2019317,1915,2019,317,19,15,NA,NA,A,NA,NA,NA,NA,20193171915
1171,2019318,1230,2019,318,12,30,NA,NA,T,NA,NA,NA,NA,20193181230
1172,2019318,1405,2019,318,14,5,NA,NA,T,NA,NA,NA,NA,20193181405
1173,2019318,1645,2019,318,16,45,NA,NA,A,NA,NA,NA,NA,20193181645
1174,2019318,1825,2019,318,18,25,-34.55416666,-58.50906357,A,0.12125,0.0835,0.0315,0,20193181825
1175,2019319,1310,2019,319,13,10,-34.55416666,-58.50906357,T,0.16125,0.11075,0.022,0,20193191310
1176,2019319,1450,2019,319,14,50,-34.55416666,-58.50906357,T,0.1195,0.08225,0.016,0,20193191450
1177,2019319,1730,2019,319,17,30,-34.55416666,-58.50906357,A,0.1505,0.10375,0.0342,0,20193191730
1178,2019319,1905,2019,319,19,5,NA,NA,A,NA,NA,NA,NA,20193191905
1179,2019320,1355,2019,320,13,55,NA,NA,T,NA,NA,NA,NA,20193201355
1180,2019320,1630,2019,320,16,30,NA,NA,A,NA,NA,NA,NA,20193201630
1181,2019320,1810,2019,320,18,10,NA,NA,A,NA,NA,NA,NA,20193201810
1182,2019321,1300,2019,321,13,0,NA,NA,T,NA,NA,NA,NA,20193211300
1183,2019321,1440,2019,321,14,40,NA,NA,T,NA,NA,NA,NA,20193211440
1184,2019321,1715,2019,321,17,15,NA,NA,A,NA,NA,NA,NA,20193211715
1185,2019321,1850,2019,321,18,50,NA,NA,A,NA,NA,NA,NA,20193211850
1186,2019322,1345,2019,322,13,45,NA,NA,T,NA,NA,NA,NA,20193221345
1187,2019322,1620,2019,322,16,20,NA,NA,A,NA,NA,NA,NA,20193221620
1188,2019322,1800,2019,322,18,0,NA,NA,A,NA,NA,NA,NA,20193221800
1189,2019323,1245,2019,323,12,45,NA,NA,T,NA,NA,NA,NA,20193231245
1190,2019323,1425,2019,323,14,25,NA,NA,T,NA,NA,NA,NA,20193231425
1191,2019323,1705,2019,323,17,5,-34.55416666,-58.50906357,A,0.2495,0.17275,0.0121,0,20193231705
1192,2019323,1840,2019,323,18,40,-34.55416666,-58.50906357,A,0.1845,0.12725,0.02,0,20193231840
1193,2019324,1330,2019,324,13,30,-34.55416666,-58.50906357,T,0.09175,0.06275,0.0413,0,20193241330
1194,2019324,1510,2019,324,15,10,NA,NA,T,NA,NA,NA,NA,20193241510
1195,2019324,1745,2019,324,17,45,-34.55416666,-58.50906357,A,0.1235,0.085,0.0747,0,20193241745
1196,2019325,1235,2019,325,12,35,NA,NA,T,NA,NA,NA,NA,20193251235
1197,2019325,1415,2019,325,14,15,NA,NA,T,NA,NA,NA,NA,20193251415
1198,2019325,1650,2019,325,16,50,NA,NA,A,NA,NA,NA,NA,20193251650
1199,2019325,1830,2019,325,18,30,NA,NA,A,NA,NA,NA,NA,20193251830
1200,2019326,1320,2019,326,13,20,-34.55416666,-58.50906357,T,0.5465,0.388,0.0278,0,20193261320
1201,2019326,1455,2019,326,14,55,NA,NA,T,NA,NA,NA,NA,20193261455
1202,2019326,1735,2019,326,17,35,NA,NA,A,NA,NA,NA,NA,20193261735
1203,2019326,1910,2019,326,19,10,NA,NA,A,NA,NA,NA,NA,20193261910
1204,2019327,1400,2019,327,14,0,NA,NA,T,NA,NA,NA,NA,20193271400
1205,2019327,1640,2019,327,16,40,NA,NA,A,NA,NA,NA,NA,20193271640
1206,2019327,1815,2019,327,18,15,NA,NA,A,NA,NA,NA,NA,20193271815
1207,2019328,1305,2019,328,13,5,NA,NA,T,NA,NA,NA,NA,20193281305
1208,2019328,1445,2019,328,14,45,NA,NA,T,NA,NA,NA,NA,20193281445
1209,2019328,1720,2019,328,17,20,-34.55416666,-58.50906357,A,0.184,0.12625,0.0254,0,20193281720
1210,2019328,1900,2019,328,19,0,NA,NA,A,NA,NA,NA,NA,20193281900
1211,2019329,1350,2019,329,13,50,NA,NA,T,NA,NA,NA,NA,20193291350
1212,2019329,1625,2019,329,16,25,NA,NA,A,NA,NA,NA,NA,20193291625
1213,2019329,1805,2019,329,18,5,NA,NA,A,NA,NA,NA,NA,20193291805
1214,2019330,1255,2019,330,12,55,NA,NA,T,NA,NA,NA,NA,20193301255
1215,2019330,1430,2019,330,14,30,NA,NA,T,NA,NA,NA,NA,20193301430
1216,2019330,1710,2019,330,17,10,NA,NA,A,NA,NA,NA,NA,20193301710
1217,2019330,1845,2019,330,18,45,NA,NA,A,NA,NA,NA,NA,20193301845
1218,2019331,1335,2019,331,13,35,-34.55416666,-58.50906357,T,0.107,0.07325,0.0573,0,20193311335
1219,2019331,1515,2019,331,15,15,NA,NA,T,NA,NA,NA,NA,20193311515
1220,2019331,1615,2019,331,16,15,NA,NA,A,NA,NA,NA,NA,20193311615
1221,2019331,1750,2019,331,17,50,-34.55416666,-58.50906357,A,0.1575,0.10825,0.0936,0,20193311750
1222,2019332,1240,2019,332,12,40,NA,NA,T,NA,NA,NA,NA,20193321240
1223,2019332,1420,2019,332,14,20,-34.55416666,-58.50906357,T,0.031,0.021,0.0547,0,20193321420
1224,2019332,1655,2019,332,16,55,NA,NA,A,NA,NA,NA,NA,20193321655
1225,2019332,1835,2019,332,18,35,-34.55416666,-58.50906357,A,0.10225,0.07,0.0239,0,20193321835
1226,2019333,1325,2019,333,13,25,-34.55416666,-58.50906357,T,0.10225,0.07025,0.0317,0,20193331325
1227,2019333,1500,2019,333,15,0,NA,NA,T,NA,NA,NA,NA,20193331500
1228,2019333,1740,2019,333,17,40,NA,NA,A,NA,NA,NA,NA,20193331740
1229,2019333,1915,2019,333,19,15,NA,NA,A,NA,NA,NA,NA,20193331915
1230,2019334,1230,2019,334,12,30,NA,NA,T,NA,NA,NA,NA,20193341230
1231,2019334,1405,2019,334,14,5,NA,NA,T,NA,NA,NA,NA,20193341405
1232,2019334,1645,2019,334,16,45,NA,NA,A,NA,NA,NA,NA,20193341645
1233,2019334,1820,2019,334,18,20,NA,NA,A,NA,NA,NA,NA,20193341820
1234,2019335,1310,2019,335,13,10,-34.55416666,-58.50906357,T,0.1,0.06875,0.0219,0,20193351310
1235,2019335,1450,2019,335,14,50,-34.55416666,-58.50906357,T,0.02033,0.014,0.0111,0,20193351450
1236,2019335,1725,2019,335,17,25,NA,NA,A,NA,NA,NA,NA,20193351725
1237,2019335,1905,2019,335,19,5,NA,NA,A,NA,NA,NA,NA,20193351905
1238,2019336,1355,2019,336,13,55,-34.55416666,-58.50906357,T,0.071,0.0485,0.1153,0,20193361355
1239,2019336,1630,2019,336,16,30,NA,NA,A,NA,NA,NA,NA,20193361630
1240,2019336,1810,2019,336,18,10,-34.55416666,-58.50906357,A,0.11075,0.076,0.0714,0,20193361810
1241,2019337,1300,2019,337,13,0,NA,NA,T,NA,NA,NA,NA,20193371300
1242,2019337,1440,2019,337,14,40,NA,NA,T,NA,NA,NA,NA,20193371440
1243,2019337,1715,2019,337,17,15,NA,NA,A,NA,NA,NA,NA,20193371715
1244,2019337,1850,2019,337,18,50,NA,NA,A,NA,NA,NA,NA,20193371850
1245,2019338,1345,2019,338,13,45,NA,NA,T,NA,NA,NA,NA,20193381345
1246,2019338,1620,2019,338,16,20,NA,NA,A,NA,NA,NA,NA,20193381620
1247,2019338,1800,2019,338,18,0,NA,NA,A,NA,NA,NA,NA,20193381800
1248,2019339,1245,2019,339,12,45,NA,NA,T,NA,NA,NA,NA,20193391245
1249,2019339,1425,2019,339,14,25,-34.55416666,-58.50906357,T,0.06375,0.04375,0.0439,0,20193391425
1250,2019339,1705,2019,339,17,5,-34.55416666,-58.50906357,A,0.157,0.10775,0.0124,0,20193391705
1251,2019339,1840,2019,339,18,40,-34.55416666,-58.50906357,A,0.10075,0.06925,0.019,0,20193391840
1252,2019340,1330,2019,340,13,30,-34.55416666,-58.50906357,T,0.09875,0.06775,0.0476,0,20193401330
1253,2019340,1510,2019,340,15,10,NA,NA,T,NA,NA,NA,NA,20193401510
1254,2019340,1745,2019,340,17,45,NA,NA,A,NA,NA,NA,NA,20193401745
1255,2019341,1235,2019,341,12,35,NA,NA,T,NA,NA,NA,NA,20193411235
1256,2019341,1415,2019,341,14,15,-34.55416666,-58.50906357,T,0.14267,0.09833,0.0796,0,20193411415
1257,2019341,1650,2019,341,16,50,NA,NA,A,NA,NA,NA,NA,20193411650
1258,2019341,1830,2019,341,18,30,NA,NA,A,NA,NA,NA,NA,20193411830
1259,2019342,1320,2019,342,13,20,NA,NA,T,NA,NA,NA,NA,20193421320
1260,2019342,1455,2019,342,14,55,NA,NA,T,NA,NA,NA,NA,20193421455
1261,2019342,1735,2019,342,17,35,NA,NA,A,NA,NA,NA,NA,20193421735
1262,2019342,1910,2019,342,19,10,NA,NA,A,NA,NA,NA,NA,20193421910
1263,2019343,1400,2019,343,14,0,-34.55416666,-58.50906357,T,0.0225,0.015,0.1124,0,20193431400
1264,2019343,1640,2019,343,16,40,NA,NA,A,NA,NA,NA,NA,20193431640
1265,2019343,1815,2019,343,18,15,NA,NA,A,NA,NA,NA,NA,20193431815
1266,2019344,1305,2019,344,13,5,NA,NA,T,NA,NA,NA,NA,20193441305
1267,2019344,1445,2019,344,14,45,-34.55416666,-58.50906357,T,0.08725,0.05975,0.0192,0,20193441445
1268,2019344,1720,2019,344,17,20,-34.55416666,-58.50906357,A,0.24267,0.168,0.0326,0,20193441720
1269,2019344,1900,2019,344,19,0,NA,NA,A,NA,NA,NA,NA,20193441900
1270,2019345,1350,2019,345,13,50,-34.55416666,-58.50906357,T,0.0885,0.06075,0.0752,0,20193451350
1271,2019345,1625,2019,345,16,25,NA,NA,A,NA,NA,NA,NA,20193451625
1272,2019345,1805,2019,345,18,5,-34.5625,-58.50480593,A,0.249,0.172,0.058,0,20193451805
1273,2019346,1255,2019,346,12,55,NA,NA,T,NA,NA,NA,NA,20193461255
1274,2019346,1430,2019,346,14,30,NA,NA,T,NA,NA,NA,NA,20193461430
1275,2019346,1710,2019,346,17,10,-34.55416666,-58.50906357,A,0.25325,0.1755,0.012,0,20193461710
1276,2019346,1845,2019,346,18,45,NA,NA,A,NA,NA,NA,NA,20193461845
1277,2019347,1335,2019,347,13,35,-34.55416666,-58.50906357,T,0.16575,0.114,0.0415,0,20193471335
1278,2019347,1515,2019,347,15,15,NA,NA,T,NA,NA,NA,NA,20193471515
1279,2019347,1615,2019,347,16,15,NA,NA,A,NA,NA,NA,NA,20193471615
1280,2019347,1750,2019,347,17,50,-34.55416666,-58.50906357,A,0.20775,0.14425,0.0816,0,20193471750
1281,2019348,1240,2019,348,12,40,NA,NA,T,NA,NA,NA,NA,20193481240
1282,2019348,1420,2019,348,14,20,NA,NA,T,NA,NA,NA,NA,20193481420
1283,2019348,1655,2019,348,16,55,NA,NA,A,NA,NA,NA,NA,20193481655
1284,2019348,1835,2019,348,18,35,NA,NA,A,NA,NA,NA,NA,20193481835
1285,2019349,1325,2019,349,13,25,NA,NA,T,NA,NA,NA,NA,20193491325
1286,2019349,1500,2019,349,15,0,NA,NA,T,NA,NA,NA,NA,20193491500
1287,2019349,1740,2019,349,17,40,NA,NA,A,NA,NA,NA,NA,20193491740
1288,2019349,1915,2019,349,19,15,NA,NA,A,NA,NA,NA,NA,20193491915
1289,2019350,1230,2019,350,12,30,NA,NA,T,NA,NA,NA,NA,20193501230
1290,2019350,1405,2019,350,14,5,NA,NA,T,NA,NA,NA,NA,20193501405
1291,2019350,1645,2019,350,16,45,NA,NA,A,NA,NA,NA,NA,20193501645
1292,2019350,1825,2019,350,18,25,NA,NA,A,NA,NA,NA,NA,20193501825
1293,2019351,1310,2019,351,13,10,-34.55416666,-58.50906357,T,0.1165,0.07975,0.0197,0,20193511310
1294,2019351,1450,2019,351,14,50,NA,NA,T,NA,NA,NA,NA,20193511450
1295,2019351,1730,2019,351,17,30,-34.55416666,-58.50906357,A,0.22875,0.15825,0.0421,0,20193511730
1296,2019351,1905,2019,351,19,5,NA,NA,A,NA,NA,NA,NA,20193511905
1297,2019352,1355,2019,352,13,55,-34.5625,-58.50480593,T,0.123,0.084,0.075,0,20193521355
1298,2019352,1630,2019,352,16,30,NA,NA,A,NA,NA,NA,NA,20193521630
1299,2019352,1810,2019,352,18,10,NA,NA,A,NA,NA,NA,NA,20193521810
1300,2019353,1300,2019,353,13,0,NA,NA,T,NA,NA,NA,NA,20193531300
1301,2019353,1440,2019,353,14,40,-34.55416666,-58.50906357,T,0.0795,0.0545,0.0248,0,20193531440
1302,2019353,1715,2019,353,17,15,-34.55416666,-58.50906357,A,0.241,0.16725,0.0242,0,20193531715
1303,2019353,1850,2019,353,18,50,NA,NA,A,NA,NA,NA,NA,20193531850
1304,2019354,1345,2019,354,13,45,NA,NA,T,NA,NA,NA,NA,20193541345
1305,2019354,1620,2019,354,16,20,NA,NA,A,NA,NA,NA,NA,20193541620
1306,2019354,1800,2019,354,18,0,NA,NA,A,NA,NA,NA,NA,20193541800
1307,2019355,1245,2019,355,12,45,NA,NA,T,NA,NA,NA,NA,20193551245
1308,2019355,1425,2019,355,14,25,NA,NA,T,NA,NA,NA,NA,20193551425
1309,2019355,1705,2019,355,17,5,NA,NA,A,NA,NA,NA,NA,20193551705
1310,2019355,1840,2019,355,18,40,NA,NA,A,NA,NA,NA,NA,20193551840
1311,2019356,1330,2019,356,13,30,-34.55416666,-58.50906357,T,0.1375,0.09425,0.0453,0,20193561330
1312,2019356,1510,2019,356,15,10,NA,NA,T,NA,NA,NA,NA,20193561510
1313,2019356,1605,2019,356,16,5,NA,NA,A,NA,NA,NA,NA,20193561605
1314,2019356,1745,2019,356,17,45,-34.55416666,-58.50906357,A,0.131,0.09,0.0789,0,20193561745
1315,2019357,1235,2019,357,12,35,NA,NA,T,NA,NA,NA,NA,20193571235
1316,2019357,1415,2019,357,14,15,NA,NA,T,NA,NA,NA,NA,20193571415
1317,2019357,1650,2019,357,16,50,NA,NA,A,NA,NA,NA,NA,20193571650
1318,2019357,1830,2019,357,18,30,-34.55416666,-58.50906357,A,0.18225,0.1255,0.0281,0,20193571830
1319,2019358,1320,2019,358,13,20,-34.55416666,-58.50906357,T,0.1035,0.071,0.0227,0,20193581320
1320,2019358,1455,2019,358,14,55,NA,NA,T,NA,NA,NA,NA,20193581455
1321,2019358,1735,2019,358,17,35,-34.55416666,-58.50906357,A,0.127,0.08725,0.0498,0,20193581735
1322,2019358,1910,2019,358,19,10,NA,NA,A,NA,NA,NA,NA,20193581910
1323,2019359,1400,2019,359,14,0,NA,NA,T,NA,NA,NA,NA,20193591400
1324,2019359,1640,2019,359,16,40,NA,NA,A,NA,NA,NA,NA,20193591640
1325,2019359,1815,2019,359,18,15,NA,NA,A,NA,NA,NA,NA,20193591815
1326,2019360,1305,2019,360,13,5,NA,NA,T,NA,NA,NA,NA,20193601305
1327,2019360,1445,2019,360,14,45,-34.55416666,-58.50906357,T,0.21175,0.147,0.0152,0,20193601445
1328,2019360,1720,2019,360,17,20,NA,NA,A,NA,NA,NA,NA,20193601720
1329,2019360,1900,2019,360,19,0,NA,NA,A,NA,NA,NA,NA,20193601900
1330,2019361,1350,2019,361,13,50,-34.55416666,-58.50906357,T,0.278,0.19325,0.0882,0,20193611350
1331,2019361,1625,2019,361,16,25,NA,NA,A,NA,NA,NA,NA,20193611625
1332,2019361,1805,2019,361,18,5,-34.55416666,-58.49894527,A,0.3025,0.2105,0.0468,0,20193611805
1333,2019362,1255,2019,362,12,55,NA,NA,T,NA,NA,NA,NA,20193621255
1334,2019362,1430,2019,362,14,30,NA,NA,T,NA,NA,NA,NA,20193621430
1335,2019362,1710,2019,362,17,10,NA,NA,A,NA,NA,NA,NA,20193621710
1336,2019362,1845,2019,362,18,45,NA,NA,A,NA,NA,NA,NA,20193621845
1337,2019363,1335,2019,363,13,35,NA,NA,T,NA,NA,NA,NA,20193631335
1338,2019363,1515,2019,363,15,15,NA,NA,T,NA,NA,NA,NA,20193631515
1339,2019363,1615,2019,363,16,15,NA,NA,A,NA,NA,NA,NA,20193631615
1340,2019363,1750,2019,363,17,50,NA,NA,A,NA,NA,NA,NA,20193631750
1341,2019364,1240,2019,364,12,40,NA,NA,T,NA,NA,NA,NA,20193641240
1342,2019364,1420,2019,364,14,20,NA,NA,T,NA,NA,NA,NA,20193641420
1343,2019364,1655,2019,364,16,55,NA,NA,A,NA,NA,NA,NA,20193641655
1344,2019364,1835,2019,364,18,35,NA,NA,A,NA,NA,NA,NA,20193641835
1345,2019365,1325,2019,365,13,25,NA,NA,T,NA,NA,NA,NA,20193651325
1346,2019365,1500,2019,365,15,0,NA,NA,T,NA,NA,NA,NA,20193651500
1347,2019365,1740,2019,365,17,40,NA,NA,A,NA,NA,NA,NA,20193651740
1348,2019365,1915,2019,365,19,15,NA,NA,A,NA,NA,NA,NA,20193651915
1,2020001,1230,2020,1,12,30,NA,NA,T,NA,NA,NA,NA,20200011230
2,2020001,1405,2020,1,14,5,NA,NA,T,NA,NA,NA,NA,20200011405
3,2020001,1645,2020,1,16,45,NA,NA,A,NA,NA,NA,NA,20200011645
4,2020001,1825,2020,1,18,25,NA,NA,A,NA,NA,NA,NA,20200011825
5,2020002,1310,2020,2,13,10,NA,NA,T,NA,NA,NA,NA,20200021310
6,2020002,1450,2020,2,14,50,NA,NA,T,NA,NA,NA,NA,20200021450
7,2020002,1730,2020,2,17,30,-34.5625,-58.50480593,A,0.276,0.191,0.0303,0,20200021730
8,2020002,1905,2020,2,19,5,NA,NA,A,NA,NA,NA,NA,20200021905
9,2020003,1355,2020,3,13,55,-34.55416666,-58.50906357,T,0.29033,0.20167,0.0772,0,20200031355
10,2020003,1630,2020,3,16,30,NA,NA,A,NA,NA,NA,NA,20200031630
11,2020003,1810,2020,3,18,10,-34.55416666,-58.50906357,A,0.15525,0.10675,0.0584,0,20200031810
12,2020004,1300,2020,4,13,0,NA,NA,T,NA,NA,NA,NA,20200041300
13,2020004,1440,2020,4,14,40,-34.55416666,-58.50906357,T,0.05775,0.03925,0.0185,0,20200041440
14,2020004,1715,2020,4,17,15,-34.55416666,-58.50906357,A,0.195,0.13425,0.0207,0,20200041715
15,2020004,1850,2020,4,18,50,NA,NA,A,NA,NA,NA,NA,20200041850
16,2020005,1345,2020,5,13,45,NA,NA,T,NA,NA,NA,NA,20200051345
17,2020005,1620,2020,5,16,20,NA,NA,A,NA,NA,NA,NA,20200051620
18,2020005,1800,2020,5,18,0,NA,NA,A,NA,NA,NA,NA,20200051800
19,2020006,1245,2020,6,12,45,NA,NA,T,NA,NA,NA,NA,20200061245
20,2020006,1425,2020,6,14,25,NA,NA,T,NA,NA,NA,NA,20200061425
21,2020006,1705,2020,6,17,5,NA,NA,A,NA,NA,NA,NA,20200061705
22,2020006,1840,2020,6,18,40,NA,NA,A,NA,NA,NA,NA,20200061840
23,2020007,1330,2020,7,13,30,-34.55416666,-58.50906357,T,0.112,0.07675,0.0399,0,20200071330
24,2020007,1510,2020,7,15,10,NA,NA,T,NA,NA,NA,NA,20200071510
25,2020007,1605,2020,7,16,5,NA,NA,A,NA,NA,NA,NA,20200071605
26,2020007,1745,2020,7,17,45,NA,NA,A,NA,NA,NA,NA,20200071745
27,2020008,1235,2020,8,12,35,NA,NA,T,NA,NA,NA,NA,20200081235
28,2020008,1415,2020,8,14,15,-34.55416666,-58.50906357,T,0.41975,0.2955,0.0527,0,20200081415
29,2020008,1650,2020,8,16,50,NA,NA,A,NA,NA,NA,NA,20200081650
30,2020008,1830,2020,8,18,30,-34.55416666,-58.50906357,A,0.20167,0.139,0.0323,0,20200081830
31,2020009,1320,2020,9,13,20,NA,NA,T,NA,NA,NA,NA,20200091320
32,2020009,1455,2020,9,14,55,NA,NA,T,NA,NA,NA,NA,20200091455
33,2020009,1735,2020,9,17,35,-34.55416666,-58.49894527,A,0.26133,0.18133,0.0426,0,20200091735
34,2020009,1910,2020,9,19,10,NA,NA,A,NA,NA,NA,NA,20200091910
35,2020010,1400,2020,10,14,0,NA,NA,T,NA,NA,NA,NA,20200101400
36,2020010,1640,2020,10,16,40,NA,NA,A,NA,NA,NA,NA,20200101640
37,2020010,1815,2020,10,18,15,NA,NA,A,NA,NA,NA,NA,20200101815
38,2020011,1305,2020,11,13,5,NA,NA,T,NA,NA,NA,NA,20200111305
39,2020011,1445,2020,11,14,45,NA,NA,T,NA,NA,NA,NA,20200111445
40,2020011,1720,2020,11,17,20,-34.55416666,-58.49894527,A,0.27367,0.18967,0.0282,0,20200111720
41,2020011,1900,2020,11,19,0,NA,NA,A,NA,NA,NA,NA,20200111900
42,2020012,1350,2020,12,13,50,-34.55416666,-58.50906357,T,0.127,0.087,0.0764,0,20200121350
43,2020012,1625,2020,12,16,25,NA,NA,A,NA,NA,NA,NA,20200121625
44,2020012,1805,2020,12,18,5,-34.55416666,-58.50906357,A,0.37775,0.264,0.0673,0,20200121805
45,2020013,1255,2020,13,12,55,NA,NA,T,NA,NA,NA,NA,20200131255
46,2020013,1430,2020,13,14,30,NA,NA,T,NA,NA,NA,NA,20200131430
47,2020013,1710,2020,13,17,10,-34.55416666,-58.50906357,A,0.24367,0.169,0.0249,0,20200131710
48,2020013,1845,2020,13,18,45,NA,NA,A,NA,NA,NA,NA,20200131845
49,2020014,1335,2020,14,13,35,NA,NA,T,NA,NA,NA,NA,20200141335
50,2020014,1515,2020,14,15,15,NA,NA,T,NA,NA,NA,NA,20200141515
51,2020014,1615,2020,14,16,15,NA,NA,A,NA,NA,NA,NA,20200141615
52,2020014,1750,2020,14,17,50,NA,NA,A,NA,NA,NA,NA,20200141750
53,2020015,1240,2020,15,12,40,NA,NA,T,NA,NA,NA,NA,20200151240
54,2020015,1420,2020,15,14,20,NA,NA,T,NA,NA,NA,NA,20200151420
55,2020015,1655,2020,15,16,55,NA,NA,A,NA,NA,NA,NA,20200151655
56,2020015,1835,2020,15,18,35,NA,NA,A,NA,NA,NA,NA,20200151835
57,2020016,1325,2020,16,13,25,-34.55416666,-58.50906357,T,0.219,0.152,0.0326,0,20200161325
58,2020016,1500,2020,16,15,0,NA,NA,T,NA,NA,NA,NA,20200161500
59,2020016,1740,2020,16,17,40,NA,NA,A,NA,NA,NA,NA,20200161740
60,2020016,1915,2020,16,19,15,NA,NA,A,NA,NA,NA,NA,20200161915
61,2020017,1230,2020,17,12,30,NA,NA,T,NA,NA,NA,NA,20200171230
62,2020017,1405,2020,17,14,5,-34.55416666,-58.50906357,T,0.29675,0.2065,0.0838,0,20200171405
63,2020017,1645,2020,17,16,45,NA,NA,A,NA,NA,NA,NA,20200171645
64,2020017,1825,2020,17,18,25,-34.55416666,-58.49894527,A,0.304,0.2115,0.0401,0,20200171825
65,2020018,1310,2020,18,13,10,-34.55416666,-58.50906357,T,0.213,0.14675,0.019,0,20200181310
66,2020018,1450,2020,18,14,50,-34.55416666,-58.50906357,T,0.1605,0.1105,0.0094,0,20200181450
67,2020018,1730,2020,18,17,30,-34.55416666,-58.50906357,A,0.34475,0.241,0.0418,0,20200181730
68,2020018,1905,2020,18,19,5,NA,NA,A,NA,NA,NA,NA,20200181905
69,2020019,1355,2020,19,13,55,-34.55416666,-58.50906357,T,0.20267,0.14033,0.1234,0,20200191355
70,2020019,1630,2020,19,16,30,NA,NA,A,NA,NA,NA,NA,20200191630
71,2020019,1810,2020,19,18,10,-34.55416666,-58.50906357,A,0.17125,0.118,0.0593,0,20200191810
72,2020020,1300,2020,20,13,0,NA,NA,T,NA,NA,NA,NA,20200201300
73,2020020,1440,2020,20,14,40,NA,NA,T,NA,NA,NA,NA,20200201440
74,2020020,1715,2020,20,17,15,-34.55416666,-58.50906357,A,0.504,0.35525,0.0179,0,20200201715
75,2020020,1850,2020,20,18,50,NA,NA,A,NA,NA,NA,NA,20200201850
76,2020021,1345,2020,21,13,45,NA,NA,T,NA,NA,NA,NA,20200211345
77,2020021,1620,2020,21,16,20,NA,NA,A,NA,NA,NA,NA,20200211620
78,2020021,1800,2020,21,18,0,NA,NA,A,NA,NA,NA,NA,20200211800
79,2020022,1250,2020,22,12,50,NA,NA,T,NA,NA,NA,NA,20200221250
80,2020022,1425,2020,22,14,25,NA,NA,T,NA,NA,NA,NA,20200221425
81,2020022,1705,2020,22,17,5,-34.55416666,-58.50906357,A,0.38,0.26625,0.0105,0,20200221705
82,2020022,1840,2020,22,18,40,-34.55416666,-58.50906357,A,0.27275,0.18875,0.0141,0,20200221840
83,2020023,1330,2020,23,13,30,-34.55416666,-58.50906357,T,0.157,0.108,0.0394,0,20200231330
84,2020023,1510,2020,23,15,10,NA,NA,T,NA,NA,NA,NA,20200231510
85,2020023,1745,2020,23,17,45,NA,NA,A,NA,NA,NA,NA,20200231745
86,2020024,1235,2020,24,12,35,NA,NA,T,NA,NA,NA,NA,20200241235
87,2020024,1415,2020,24,14,15,-34.55416666,-58.50906357,T,0.15425,0.106,0.0406,0,20200241415
88,2020024,1650,2020,24,16,50,NA,NA,A,NA,NA,NA,NA,20200241650
89,2020024,1830,2020,24,18,30,-34.55416666,-58.50906357,A,0.13975,0.096,0.0325,0,20200241830
90,2020025,1320,2020,25,13,20,NA,NA,T,NA,NA,NA,NA,20200251320
91,2020025,1455,2020,25,14,55,NA,NA,T,NA,NA,NA,NA,20200251455
92,2020025,1735,2020,25,17,35,-34.55416666,-58.50906357,A,0.267,0.185,0.0379,0,20200251735
93,2020025,1910,2020,25,19,10,NA,NA,A,NA,NA,NA,NA,20200251910
94,2020026,1400,2020,26,14,0,NA,NA,T,NA,NA,NA,NA,20200261400
95,2020026,1640,2020,26,16,40,NA,NA,A,NA,NA,NA,NA,20200261640
96,2020026,1815,2020,26,18,15,NA,NA,A,NA,NA,NA,NA,20200261815
97,2020027,1305,2020,27,13,5,NA,NA,T,NA,NA,NA,NA,20200271305
98,2020027,1445,2020,27,14,45,-34.55416666,-58.50906357,T,0.0915,0.0625,0.013,0,20200271445
99,2020027,1720,2020,27,17,20,-34.55416666,-58.50906357,A,0.266,0.18425,0.0287,0,20200271720
100,2020027,1900,2020,27,19,0,NA,NA,A,NA,NA,NA,NA,20200271900
101,2020028,1350,2020,28,13,50,-34.55416666,-58.50906357,T,0.095,0.06525,0.0772,0,20200281350
102,2020028,1625,2020,28,16,25,NA,NA,A,NA,NA,NA,NA,20200281625
103,2020028,1805,2020,28,18,5,-34.55416666,-58.50906357,A,0.11575,0.07925,0.0822,0,20200281805
104,2020029,1255,2020,29,12,55,NA,NA,T,NA,NA,NA,NA,20200291255
105,2020029,1430,2020,29,14,30,NA,NA,T,NA,NA,NA,NA,20200291430
106,2020029,1710,2020,29,17,10,NA,NA,A,NA,NA,NA,NA,20200291710
107,2020029,1845,2020,29,18,45,NA,NA,A,NA,NA,NA,NA,20200291845
108,2020030,1335,2020,30,13,35,-34.55416666,-58.50906357,T,0.113,0.07775,0.0474,0,20200301335
109,2020030,1515,2020,30,15,15,NA,NA,T,NA,NA,NA,NA,20200301515
110,2020030,1615,2020,30,16,15,NA,NA,A,NA,NA,NA,NA,20200301615
111,2020030,1750,2020,30,17,50,-34.55416666,-58.50906357,A,0.14625,0.1005,0.086,0,20200301750
112,2020031,1240,2020,31,12,40,NA,NA,T,NA,NA,NA,NA,20200311240
113,2020031,1420,2020,31,14,20,-34.55416666,-58.50906357,T,0.16625,0.11425,0.0354,0,20200311420
114,2020031,1655,2020,31,16,55,NA,NA,A,NA,NA,NA,NA,20200311655
115,2020031,1835,2020,31,18,35,-34.55416666,-58.50906357,A,0.09267,0.06367,0.019,0,20200311835
116,2020032,1325,2020,32,13,25,-34.55416666,-58.50906357,T,0.134,0.09225,0.0259,0,20200321325
117,2020032,1505,2020,32,15,5,NA,NA,T,NA,NA,NA,NA,20200321505
118,2020032,1740,2020,32,17,40,-34.55416666,-58.50906357,A,0.2195,0.15225,0.0578,0,20200321740
119,2020032,1915,2020,32,19,15,NA,NA,A,NA,NA,NA,NA,20200321915
120,2020033,1230,2020,33,12,30,NA,NA,T,NA,NA,NA,NA,20200331230
121,2020033,1410,2020,33,14,10,-34.55416666,-58.50906357,T,0.22025,0.15275,0.0571,0,20200331410
122,2020033,1645,2020,33,16,45,NA,NA,A,NA,NA,NA,NA,20200331645
123,2020033,1825,2020,33,18,25,-34.55416666,-58.50906357,A,0.15175,0.10425,0.0336,0,20200331825
124,2020034,1315,2020,34,13,15,-34.55416666,-58.50906357,T,0.1075,0.074,0.0146,0,20200341315
125,2020034,1450,2020,34,14,50,-34.55416666,-58.50906357,T,0.064,0.04375,0.0084,0,20200341450
126,2020034,1730,2020,34,17,30,-34.55416666,-58.50906357,A,0.25,0.17325,0.0327,0,20200341730
127,2020034,1905,2020,34,19,5,NA,NA,A,NA,NA,NA,NA,20200341905
128,2020035,1355,2020,35,13,55,-34.55416666,-58.50906357,T,0.11467,0.07867,0.0802,0,20200351355
129,2020035,1630,2020,35,16,30,NA,NA,A,NA,NA,NA,NA,20200351630
130,2020035,1810,2020,35,18,10,-34.55416666,-58.50906357,A,0.17825,0.1225,0.0597,0,20200351810
131,2020036,1300,2020,36,13,0,NA,NA,T,NA,NA,NA,NA,20200361300
132,2020036,1440,2020,36,14,40,NA,NA,T,NA,NA,NA,NA,20200361440
133,2020036,1715,2020,36,17,15,NA,NA,A,NA,NA,NA,NA,20200361715
134,2020036,1850,2020,36,18,50,NA,NA,A,NA,NA,NA,NA,20200361850
135,2020037,1345,2020,37,13,45,-34.55416666,-58.50906357,T,0.20675,0.14275,0.0479,0,20200371345
136,2020037,1620,2020,37,16,20,NA,NA,A,NA,NA,NA,NA,20200371620
137,2020037,1800,2020,37,18,0,NA,NA,A,NA,NA,NA,NA,20200371800
138,2020038,1250,2020,38,12,50,NA,NA,T,NA,NA,NA,NA,20200381250
139,2020038,1425,2020,38,14,25,NA,NA,T,NA,NA,NA,NA,20200381425
140,2020038,1705,2020,38,17,5,NA,NA,A,NA,NA,NA,NA,20200381705
141,2020038,1840,2020,38,18,40,NA,NA,A,NA,NA,NA,NA,20200381840
142,2020039,1330,2020,39,13,30,NA,NA,T,NA,NA,NA,NA,20200391330
143,2020039,1510,2020,39,15,10,NA,NA,T,NA,NA,NA,NA,20200391510
144,2020039,1745,2020,39,17,45,NA,NA,A,NA,NA,NA,NA,20200391745
145,2020040,1235,2020,40,12,35,NA,NA,T,NA,NA,NA,NA,20200401235
146,2020040,1415,2020,40,14,15,NA,NA,T,NA,NA,NA,NA,20200401415
147,2020040,1650,2020,40,16,50,NA,NA,A,NA,NA,NA,NA,20200401650
148,2020040,1830,2020,40,18,30,-34.55416666,-58.50906357,A,0.32767,0.229,0.0269,0,20200401830
149,2020041,1320,2020,41,13,20,-34.55416666,-58.50906357,T,0.1265,0.087,0.0221,0,20200411320
150,2020041,1455,2020,41,14,55,NA,NA,T,NA,NA,NA,NA,20200411455
151,2020041,1735,2020,41,17,35,NA,NA,A,NA,NA,NA,NA,20200411735
152,2020041,1910,2020,41,19,10,NA,NA,A,NA,NA,NA,NA,20200411910
153,2020042,1400,2020,42,14,0,NA,NA,T,NA,NA,NA,NA,20200421400
154,2020042,1640,2020,42,16,40,NA,NA,A,NA,NA,NA,NA,20200421640
155,2020042,1815,2020,42,18,15,-34.55416666,-58.50906357,A,0.17375,0.11975,0.0392,0,20200421815
156,2020043,1305,2020,43,13,5,NA,NA,T,NA,NA,NA,NA,20200431305
157,2020043,1445,2020,43,14,45,-34.55416666,-58.50906357,T,0.061,0.042,0.0111,0,20200431445
158,2020043,1720,2020,43,17,20,-34.55416666,-58.50906357,A,0.22175,0.15375,0.0223,0,20200431720
159,2020043,1900,2020,43,19,0,NA,NA,A,NA,NA,NA,NA,20200431900
160,2020044,1350,2020,44,13,50,NA,NA,T,NA,NA,NA,NA,20200441350
161,2020044,1625,2020,44,16,25,NA,NA,A,NA,NA,NA,NA,20200441625
162,2020044,1805,2020,44,18,5,-34.55416666,-58.50906357,A,0.16925,0.11625,0.0574,0,20200441805
163,2020045,1255,2020,45,12,55,NA,NA,T,NA,NA,NA,NA,20200451255
164,2020045,1430,2020,45,14,30,-34.55416666,-58.50906357,T,0.19225,0.13225,0.0196,0,20200451430
165,2020045,1710,2020,45,17,10,-34.55416666,-58.50906357,A,0.275,0.19075,0.0174,0,20200451710
166,2020045,1845,2020,45,18,45,NA,NA,A,NA,NA,NA,NA,20200451845
167,2020046,1335,2020,46,13,35,-34.55416666,-58.50906357,T,0.07975,0.0545,0.0429,0,20200461335
168,2020046,1515,2020,46,15,15,NA,NA,T,NA,NA,NA,NA,20200461515
169,2020046,1615,2020,46,16,15,NA,NA,A,NA,NA,NA,NA,20200461615
170,2020046,1750,2020,46,17,50,-34.55416666,-58.50906357,A,0.20125,0.1385,0.0699,0,20200461750
171,2020047,1240,2020,47,12,40,NA,NA,T,NA,NA,NA,NA,20200471240
172,2020047,1420,2020,47,14,20,NA,NA,T,NA,NA,NA,NA,20200471420
173,2020047,1655,2020,47,16,55,NA,NA,A,NA,NA,NA,NA,20200471655
174,2020047,1835,2020,47,18,35,NA,NA,A,NA,NA,NA,NA,20200471835
175,2020048,1325,2020,48,13,25,NA,NA,T,NA,NA,NA,NA,20200481325
176,2020048,1505,2020,48,15,5,NA,NA,T,NA,NA,NA,NA,20200481505
177,2020048,1740,2020,48,17,40,NA,NA,A,NA,NA,NA,NA,20200481740
178,2020048,1915,2020,48,19,15,NA,NA,A,NA,NA,NA,NA,20200481915
179,2020049,1230,2020,49,12,30,NA,NA,T,NA,NA,NA,NA,20200491230
180,2020049,1410,2020,49,14,10,NA,NA,T,NA,NA,NA,NA,20200491410
181,2020049,1645,2020,49,16,45,NA,NA,A,NA,NA,NA,NA,20200491645
182,2020049,1825,2020,49,18,25,-34.55416666,-58.50906357,A,0.18,0.1235,0.0388,0,20200491825
183,2020050,1315,2020,50,13,15,-34.55416666,-58.50906357,T,0.131,0.09025,0.0181,0,20200501315
184,2020050,1450,2020,50,14,50,-34.55416666,-58.50906357,T,0.043,0.02925,0.0095,0,20200501450
185,2020050,1730,2020,50,17,30,-34.55416666,-58.50906357,A,0.25725,0.1785,0.0363,0,20200501730
186,2020050,1905,2020,50,19,5,NA,NA,A,NA,NA,NA,NA,20200501905
187,2020051,1355,2020,51,13,55,-34.55416666,-58.50906357,T,0.18525,0.1275,0.0563,0,20200511355
188,2020051,1630,2020,51,16,30,NA,NA,A,NA,NA,NA,NA,20200511630
189,2020051,1810,2020,51,18,10,NA,NA,A,NA,NA,NA,NA,20200511810
190,2020052,1300,2020,52,13,0,NA,NA,T,NA,NA,NA,NA,20200521300
191,2020052,1440,2020,52,14,40,NA,NA,T,NA,NA,NA,NA,20200521440
192,2020052,1715,2020,52,17,15,NA,NA,A,NA,NA,NA,NA,20200521715
193,2020052,1850,2020,52,18,50,NA,NA,A,NA,NA,NA,NA,20200521850
194,2020053,1345,2020,53,13,45,-34.55416666,-58.50906357,T,0.15925,0.10925,0.0442,0,20200531345
195,2020053,1620,2020,53,16,20,NA,NA,A,NA,NA,NA,NA,20200531620
196,2020053,1800,2020,53,18,0,-34.55416666,-58.50906357,A,0.226,0.15675,0.0607,0,20200531800
197,2020054,1250,2020,54,12,50,NA,NA,T,NA,NA,NA,NA,20200541250
198,2020054,1425,2020,54,14,25,-34.55416666,-58.50906357,T,0.194,0.1335,0.0205,0,20200541425
199,2020054,1705,2020,54,17,5,-34.55416666,-58.50906357,A,0.322,0.22475,0.0096,0,20200541705
200,2020054,1840,2020,54,18,40,NA,NA,A,NA,NA,NA,NA,20200541840
201,2020055,1330,2020,55,13,30,-34.55416666,-58.50906357,T,0.11725,0.0805,0.0279,0,20200551330
202,2020055,1510,2020,55,15,10,NA,NA,T,NA,NA,NA,NA,20200551510
203,2020055,1745,2020,55,17,45,-34.55416666,-58.50906357,A,0.2035,0.1405,0.0666,0,20200551745
204,2020056,1235,2020,56,12,35,NA,NA,T,NA,NA,NA,NA,20200561235
205,2020056,1415,2020,56,14,15,NA,NA,T,NA,NA,NA,NA,20200561415
206,2020056,1650,2020,56,16,50,NA,NA,A,NA,NA,NA,NA,20200561650
207,2020056,1830,2020,56,18,30,-34.55416666,-58.50906357,A,0.10125,0.06925,0.0254,0,20200561830
208,2020057,1320,2020,57,13,20,-34.55416666,-58.50906357,T,0.13125,0.09,0.0218,0,20200571320
209,2020057,1455,2020,57,14,55,NA,NA,T,NA,NA,NA,NA,20200571455
210,2020057,1735,2020,57,17,35,NA,NA,A,NA,NA,NA,NA,20200571735
211,2020057,1910,2020,57,19,10,NA,NA,A,NA,NA,NA,NA,20200571910
212,2020058,1400,2020,58,14,0,-34.55416666,-58.50906357,T,0.12225,0.084,0.0664,0,20200581400
213,2020058,1640,2020,58,16,40,NA,NA,A,NA,NA,NA,NA,20200581640
214,2020058,1815,2020,58,18,15,NA,NA,A,NA,NA,NA,NA,20200581815
215,2020059,1305,2020,59,13,5,-34.55416666,-58.50906357,T,0.15775,0.1085,0.0181,0,20200591305
216,2020059,1445,2020,59,14,45,-34.55416666,-58.50906357,T,0.07825,0.0535,0.0096,0,20200591445
217,2020059,1720,2020,59,17,20,-34.55416666,-58.50906357,A,0.29825,0.20775,0.0235,0,20200591720
218,2020059,1900,2020,59,19,0,NA,NA,A,NA,NA,NA,NA,20200591900
219,2020060,1350,2020,60,13,50,NA,NA,T,NA,NA,NA,NA,20200601350
220,2020060,1625,2020,60,16,25,NA,NA,A,NA,NA,NA,NA,20200601625
221,2020060,1805,2020,60,18,5,-34.55416666,-58.50906357,A,0.123,0.08475,0.0737,0,20200601805
222,2020061,1255,2020,61,12,55,NA,NA,T,NA,NA,NA,NA,20200611255
223,2020061,1430,2020,61,14,30,-34.55416666,-58.50906357,T,0.11675,0.0805,0.0171,0,20200611430
224,2020061,1710,2020,61,17,10,-34.55416666,-58.50906357,A,0.27033,0.18767,0.014,0,20200611710
225,2020061,1845,2020,61,18,45,NA,NA,A,NA,NA,NA,NA,20200611845
226,2020062,1340,2020,62,13,40,-34.55416666,-58.50906357,T,0.12075,0.08275,0.0459,0,20200621340
227,2020062,1515,2020,62,15,15,NA,NA,T,NA,NA,NA,NA,20200621515
228,2020062,1615,2020,62,16,15,NA,NA,A,NA,NA,NA,NA,20200621615
229,2020062,1750,2020,62,17,50,-34.55416666,-58.50906357,A,0.23825,0.16525,0.0639,0,20200621750
230,2020063,1240,2020,63,12,40,NA,NA,T,NA,NA,NA,NA,20200631240
231,2020063,1420,2020,63,14,20,-34.55416666,-58.50906357,T,0.11725,0.0805,0.0284,0,20200631420
232,2020063,1655,2020,63,16,55,NA,NA,A,NA,NA,NA,NA,20200631655
233,2020063,1835,2020,63,18,35,-34.55416666,-58.50906357,A,0.102,0.06975,0.0189,0,20200631835
234,2020064,1325,2020,64,13,25,-34.55416666,-58.50906357,T,0.122,0.08375,0.0236,0,20200641325
235,2020064,1505,2020,64,15,5,NA,NA,T,NA,NA,NA,NA,20200641505
236,2020064,1740,2020,64,17,40,-34.55416666,-58.50906357,A,0.242,0.1675,0.0501,0,20200641740
237,2020064,1915,2020,64,19,15,NA,NA,A,NA,NA,NA,NA,20200641915
238,2020065,1230,2020,65,12,30,NA,NA,T,NA,NA,NA,NA,20200651230
239,2020065,1410,2020,65,14,10,-34.55416666,-58.50906357,T,0.153,0.10475,0.055,0,20200651410
240,2020065,1645,2020,65,16,45,NA,NA,A,NA,NA,NA,NA,20200651645
241,2020065,1825,2020,65,18,25,NA,NA,A,NA,NA,NA,NA,20200651825
242,2020066,1315,2020,66,13,15,NA,NA,T,NA,NA,NA,NA,20200661315
243,2020066,1450,2020,66,14,50,NA,NA,T,NA,NA,NA,NA,20200661450
244,2020066,1730,2020,66,17,30,NA,NA,A,NA,NA,NA,NA,20200661730
245,2020066,1905,2020,66,19,5,NA,NA,A,NA,NA,NA,NA,20200661905
246,2020067,1355,2020,67,13,55,NA,NA,T,NA,NA,NA,NA,20200671355
247,2020067,1635,2020,67,16,35,NA,NA,A,NA,NA,NA,NA,20200671635
248,2020067,1810,2020,67,18,10,NA,NA,A,NA,NA,NA,NA,20200671810
249,2020068,1300,2020,68,13,0,NA,NA,T,NA,NA,NA,NA,20200681300
250,2020068,1440,2020,68,14,40,NA,NA,T,NA,NA,NA,NA,20200681440
251,2020068,1715,2020,68,17,15,NA,NA,A,NA,NA,NA,NA,20200681715
252,2020068,1850,2020,68,18,50,NA,NA,A,NA,NA,NA,NA,20200681850
253,2020069,1345,2020,69,13,45,NA,NA,T,NA,NA,NA,NA,20200691345
254,2020069,1620,2020,69,16,20,NA,NA,A,NA,NA,NA,NA,20200691620
255,2020069,1800,2020,69,18,0,NA,NA,A,NA,NA,NA,NA,20200691800
256,2020070,1250,2020,70,12,50,NA,NA,T,NA,NA,NA,NA,20200701250
257,2020070,1425,2020,70,14,25,NA,NA,T,NA,NA,NA,NA,20200701425
258,2020070,1705,2020,70,17,5,NA,NA,A,NA,NA,NA,NA,20200701705
259,2020070,1840,2020,70,18,40,-34.55416666,-58.50906357,A,0.1705,0.117,0.0186,0,20200701840
260,2020071,1330,2020,71,13,30,NA,NA,T,NA,NA,NA,NA,20200711330
261,2020071,1510,2020,71,15,10,NA,NA,T,NA,NA,NA,NA,20200711510
262,2020071,1745,2020,71,17,45,NA,NA,A,NA,NA,NA,NA,20200711745
263,2020072,1235,2020,72,12,35,NA,NA,T,NA,NA,NA,NA,20200721235
264,2020072,1415,2020,72,14,15,NA,NA,T,NA,NA,NA,NA,20200721415
265,2020072,1650,2020,72,16,50,NA,NA,A,NA,NA,NA,NA,20200721650
266,2020072,1830,2020,72,18,30,-34.55416666,-58.50906357,A,0.248,0.17175,0.0256,0,20200721830
267,2020073,1320,2020,73,13,20,-34.55416666,-58.50906357,T,0.1705,0.117,0.0206,0,20200731320
268,2020073,1455,2020,73,14,55,NA,NA,T,NA,NA,NA,NA,20200731455
269,2020073,1735,2020,73,17,35,-34.55416666,-58.50906357,A,0.50675,0.3575,0.0441,0,20200731735
270,2020073,1910,2020,73,19,10,NA,NA,A,NA,NA,NA,NA,20200731910
271,2020074,1400,2020,74,14,0,NA,NA,T,NA,NA,NA,NA,20200741400
272,2020074,1640,2020,74,16,40,NA,NA,A,NA,NA,NA,NA,20200741640
273,2020074,1815,2020,74,18,15,NA,NA,A,NA,NA,NA,NA,20200741815
274,2020075,1305,2020,75,13,5,NA,NA,T,NA,NA,NA,NA,20200751305
275,2020075,1445,2020,75,14,45,NA,NA,T,NA,NA,NA,NA,20200751445
276,2020075,1720,2020,75,17,20,NA,NA,A,NA,NA,NA,NA,20200751720
277,2020075,1900,2020,75,19,0,NA,NA,A,NA,NA,NA,NA,20200751900
278,2020076,1350,2020,76,13,50,NA,NA,T,NA,NA,NA,NA,20200761350
279,2020076,1625,2020,76,16,25,NA,NA,A,NA,NA,NA,NA,20200761625
280,2020076,1805,2020,76,18,5,NA,NA,A,NA,NA,NA,NA,20200761805
281,2020077,1255,2020,77,12,55,NA,NA,T,NA,NA,NA,NA,20200771255
282,2020077,1430,2020,77,14,30,NA,NA,T,NA,NA,NA,NA,20200771430
283,2020077,1710,2020,77,17,10,NA,NA,A,NA,NA,NA,NA,20200771710
284,2020077,1845,2020,77,18,45,NA,NA,A,NA,NA,NA,NA,20200771845
285,2020078,1335,2020,78,13,35,NA,NA,T,NA,NA,NA,NA,20200781335
286,2020078,1515,2020,78,15,15,NA,NA,T,NA,NA,NA,NA,20200781515
287,2020078,1615,2020,78,16,15,NA,NA,A,NA,NA,NA,NA,20200781615
288,2020078,1750,2020,78,17,50,NA,NA,A,NA,NA,NA,NA,20200781750
289,2020079,1240,2020,79,12,40,NA,NA,T,NA,NA,NA,NA,20200791240
290,2020079,1420,2020,79,14,20,NA,NA,T,NA,NA,NA,NA,20200791420
291,2020079,1655,2020,79,16,55,NA,NA,A,NA,NA,NA,NA,20200791655
292,2020079,1835,2020,79,18,35,NA,NA,A,NA,NA,NA,NA,20200791835
293,2020080,1325,2020,80,13,25,-34.55416666,-58.50906357,T,0.1055,0.07225,0.0152,0,20200801325
294,2020080,1505,2020,80,15,5,NA,NA,T,NA,NA,NA,NA,20200801505
295,2020080,1740,2020,80,17,40,NA,NA,A,NA,NA,NA,NA,20200801740
296,2020080,1915,2020,80,19,15,NA,NA,A,NA,NA,NA,NA,20200801915
297,2020081,1230,2020,81,12,30,NA,NA,T,NA,NA,NA,NA,20200811230
298,2020081,1410,2020,81,14,10,NA,NA,T,NA,NA,NA,NA,20200811410
299,2020081,1645,2020,81,16,45,NA,NA,A,NA,NA,NA,NA,20200811645
300,2020081,1825,2020,81,18,25,NA,NA,A,NA,NA,NA,NA,20200811825
301,2020082,1315,2020,82,13,15,NA,NA,T,NA,NA,NA,NA,20200821315
302,2020082,1450,2020,82,14,50,-34.55416666,-58.50906357,T,0.03425,0.0235,0.0071,0,20200821450
303,2020082,1730,2020,82,17,30,NA,NA,A,NA,NA,NA,NA,20200821730
304,2020082,1905,2020,82,19,5,NA,NA,A,NA,NA,NA,NA,20200821905
305,2020083,1355,2020,83,13,55,NA,NA,T,NA,NA,NA,NA,20200831355
306,2020083,1635,2020,83,16,35,NA,NA,A,NA,NA,NA,NA,20200831635
307,2020083,1810,2020,83,18,10,-34.55416666,-58.50906357,A,0.05425,0.03725,0.0278,0,20200831810
308,2020084,1300,2020,84,13,0,NA,NA,T,NA,NA,NA,NA,20200841300
309,2020084,1440,2020,84,14,40,NA,NA,T,NA,NA,NA,NA,20200841440
310,2020084,1715,2020,84,17,15,-34.55416666,-58.50906357,A,0.326,0.228,0.0116,0,20200841715
311,2020084,1850,2020,84,18,50,NA,NA,A,NA,NA,NA,NA,20200841850
312,2020085,1345,2020,85,13,45,NA,NA,T,NA,NA,NA,NA,20200851345
313,2020085,1620,2020,85,16,20,NA,NA,A,NA,NA,NA,NA,20200851620
314,2020085,1800,2020,85,18,0,NA,NA,A,NA,NA,NA,NA,20200851800
315,2020086,1250,2020,86,12,50,NA,NA,T,NA,NA,NA,NA,20200861250
316,2020086,1425,2020,86,14,25,NA,NA,T,NA,NA,NA,NA,20200861425
317,2020086,1705,2020,86,17,5,NA,NA,A,NA,NA,NA,NA,20200861705
318,2020086,1840,2020,86,18,40,NA,NA,A,NA,NA,NA,NA,20200861840
319,2020087,1330,2020,87,13,30,NA,NA,T,NA,NA,NA,NA,20200871330
320,2020087,1510,2020,87,15,10,NA,NA,T,NA,NA,NA,NA,20200871510
321,2020087,1610,2020,87,16,10,NA,NA,A,NA,NA,NA,NA,20200871610
322,2020087,1745,2020,87,17,45,NA,NA,A,NA,NA,NA,NA,20200871745
323,2020088,1235,2020,88,12,35,NA,NA,T,NA,NA,NA,NA,20200881235
324,2020088,1415,2020,88,14,15,NA,NA,T,NA,NA,NA,NA,20200881415
325,2020088,1650,2020,88,16,50,NA,NA,A,NA,NA,NA,NA,20200881650
326,2020088,1830,2020,88,18,30,-34.55416666,-58.49894527,A,0.326,0.228,0.0209,0,20200881830
327,2020089,1320,2020,89,13,20,NA,NA,T,NA,NA,NA,NA,20200891320
328,2020089,1455,2020,89,14,55,NA,NA,T,NA,NA,NA,NA,20200891455
329,2020089,1735,2020,89,17,35,NA,NA,A,NA,NA,NA,NA,20200891735
330,2020089,1910,2020,89,19,10,NA,NA,A,NA,NA,NA,NA,20200891910
331,2020090,1400,2020,90,14,0,NA,NA,T,NA,NA,NA,NA,20200901400
332,2020090,1640,2020,90,16,40,NA,NA,A,NA,NA,NA,NA,20200901640
333,2020090,1815,2020,90,18,15,-34.55416666,-58.50906357,A,0.2875,0.19925,0.0266,0,20200901815
334,2020091,1305,2020,91,13,5,NA,NA,T,NA,NA,NA,NA,20200911305
335,2020091,1445,2020,91,14,45,NA,NA,T,NA,NA,NA,NA,20200911445
336,2020091,1720,2020,91,17,20,NA,NA,A,NA,NA,NA,NA,20200911720
337,2020091,1900,2020,91,19,0,NA,NA,A,NA,NA,NA,NA,20200911900
338,2020092,1350,2020,92,13,50,NA,NA,T,NA,NA,NA,NA,20200921350
339,2020092,1625,2020,92,16,25,NA,NA,A,NA,NA,NA,NA,20200921625
340,2020092,1805,2020,92,18,5,NA,NA,A,NA,NA,NA,NA,20200921805
341,2020093,1255,2020,93,12,55,NA,NA,T,NA,NA,NA,NA,20200931255
342,2020093,1430,2020,93,14,30,NA,NA,T,NA,NA,NA,NA,20200931430
343,2020093,1710,2020,93,17,10,-34.55416666,-58.49894527,A,0.119,0.0815,0.0099,0,20200931710
344,2020093,1845,2020,93,18,45,NA,NA,A,NA,NA,NA,NA,20200931845
345,2020094,1335,2020,94,13,35,-34.55416666,-58.50906357,T,0.125,0.0855,0.0284,0,20200941335
346,2020094,1515,2020,94,15,15,NA,NA,T,NA,NA,NA,NA,20200941515
347,2020094,1615,2020,94,16,15,NA,NA,A,NA,NA,NA,NA,20200941615
348,2020094,1750,2020,94,17,50,NA,NA,A,NA,NA,NA,NA,20200941750
349,2020095,1240,2020,95,12,40,NA,NA,T,NA,NA,NA,NA,20200951240
350,2020095,1420,2020,95,14,20,-34.55416666,-58.50906357,T,0.13225,0.091,0.021,0,20200951420
351,2020095,1655,2020,95,16,55,NA,NA,A,NA,NA,NA,NA,20200951655
352,2020095,1835,2020,95,18,35,-34.55416666,-58.50906357,A,0.06067,0.04167,0.015,0,20200951835
353,2020096,1325,2020,96,13,25,NA,NA,T,NA,NA,NA,NA,20200961325
354,2020096,1505,2020,96,15,5,NA,NA,T,NA,NA,NA,NA,20200961505
355,2020096,1740,2020,96,17,40,NA,NA,A,NA,NA,NA,NA,20200961740
356,2020096,1915,2020,96,19,15,NA,NA,A,NA,NA,NA,NA,20200961915
357,2020097,1230,2020,97,12,30,NA,NA,T,NA,NA,NA,NA,20200971230
358,2020097,1410,2020,97,14,10,NA,NA,T,NA,NA,NA,NA,20200971410
359,2020097,1645,2020,97,16,45,NA,NA,A,NA,NA,NA,NA,20200971645
360,2020097,1825,2020,97,18,25,-34.55416666,-58.50906357,A,0.07975,0.0545,0.022,0,20200971825
361,2020098,1315,2020,98,13,15,-34.55416666,-58.50906357,T,0.088,0.0605,0.014,0,20200981315
362,2020098,1450,2020,98,14,50,NA,NA,T,NA,NA,NA,NA,20200981450
363,2020098,1730,2020,98,17,30,NA,NA,A,NA,NA,NA,NA,20200981730
364,2020098,1905,2020,98,19,5,NA,NA,A,NA,NA,NA,NA,20200981905
365,2020099,1355,2020,99,13,55,NA,NA,T,NA,NA,NA,NA,20200991355
366,2020099,1635,2020,99,16,35,NA,NA,A,NA,NA,NA,NA,20200991635
367,2020099,1810,2020,99,18,10,-34.55416666,-58.50906357,A,0.0655,0.04475,0.0313,0,20200991810
368,2020100,1300,2020,100,13,0,NA,NA,T,NA,NA,NA,NA,20201001300
369,2020100,1440,2020,100,14,40,-34.55416666,-58.50906357,T,0.08975,0.06125,0.0114,0,20201001440
370,2020100,1715,2020,100,17,15,NA,NA,A,NA,NA,NA,NA,20201001715
371,2020100,1850,2020,100,18,50,NA,NA,A,NA,NA,NA,NA,20201001850
372,2020101,1345,2020,101,13,45,NA,NA,T,NA,NA,NA,NA,20201011345
373,2020101,1620,2020,101,16,20,NA,NA,A,NA,NA,NA,NA,20201011620
374,2020101,1800,2020,101,18,0,-34.55416666,-58.50906357,A,0.111,0.07625,0.0369,0,20201011800
375,2020102,1250,2020,102,12,50,NA,NA,T,NA,NA,NA,NA,20201021250
376,2020102,1425,2020,102,14,25,-34.55416666,-58.50906357,T,0.1085,0.0745,0.0166,0,20201021425
377,2020102,1705,2020,102,17,5,-34.55416666,-58.49894527,A,0.152,0.104,0.0084,0,20201021705
378,2020102,1840,2020,102,18,40,NA,NA,A,NA,NA,NA,NA,20201021840
379,2020103,1330,2020,103,13,30,-34.55416666,-58.50906357,T,0.1285,0.08825,0.0199,0,20201031330
380,2020103,1510,2020,103,15,10,NA,NA,T,NA,NA,NA,NA,20201031510
381,2020103,1610,2020,103,16,10,NA,NA,A,NA,NA,NA,NA,20201031610
382,2020103,1745,2020,103,17,45,NA,NA,A,NA,NA,NA,NA,20201031745
383,2020104,1235,2020,104,12,35,NA,NA,T,NA,NA,NA,NA,20201041235
384,2020104,1415,2020,104,14,15,NA,NA,T,NA,NA,NA,NA,20201041415
385,2020104,1650,2020,104,16,50,NA,NA,A,NA,NA,NA,NA,20201041650
386,2020104,1830,2020,104,18,30,NA,NA,A,NA,NA,NA,NA,20201041830
387,2020105,1320,2020,105,13,20,-34.55416666,-58.50906357,T,0.0895,0.0615,0.0209,0,20201051320
388,2020105,1455,2020,105,14,55,NA,NA,T,NA,NA,NA,NA,20201051455
389,2020105,1735,2020,105,17,35,NA,NA,A,NA,NA,NA,NA,20201051735
390,2020105,1910,2020,105,19,10,NA,NA,A,NA,NA,NA,NA,20201051910
391,2020106,1400,2020,106,14,0,NA,NA,T,NA,NA,NA,NA,20201061400
392,2020106,1640,2020,106,16,40,NA,NA,A,NA,NA,NA,NA,20201061640
393,2020106,1815,2020,106,18,15,-34.55416666,-58.50906357,A,0.05875,0.04025,0.0254,0,20201061815
394,2020107,1305,2020,107,13,5,NA,NA,T,NA,NA,NA,NA,20201071305
395,2020107,1445,2020,107,14,45,NA,NA,T,NA,NA,NA,NA,20201071445
396,2020107,1720,2020,107,17,20,-34.55416666,-58.50906357,A,0.12475,0.0855,0.0125,0,20201071720
397,2020107,1900,2020,107,19,0,NA,NA,A,NA,NA,NA,NA,20201071900
398,2020108,1350,2020,108,13,50,NA,NA,T,NA,NA,NA,NA,20201081350
399,2020108,1625,2020,108,16,25,NA,NA,A,NA,NA,NA,NA,20201081625
400,2020108,1805,2020,108,18,5,-34.55416666,-58.49894527,A,0.067,0.046,0.0268,0,20201081805
401,2020109,1255,2020,109,12,55,NA,NA,T,NA,NA,NA,NA,20201091255
402,2020109,1430,2020,109,14,30,-34.55416666,-58.50906357,T,0.07675,0.05225,0.0123,0,20201091430
403,2020109,1710,2020,109,17,10,-34.55416666,-58.50906357,A,0.102,0.07025,0.0065,0,20201091710
404,2020109,1845,2020,109,18,45,NA,NA,A,NA,NA,NA,NA,20201091845
405,2020110,1335,2020,110,13,35,NA,NA,T,NA,NA,NA,NA,20201101335
406,2020110,1515,2020,110,15,15,NA,NA,T,NA,NA,NA,NA,20201101515
407,2020110,1615,2020,110,16,15,NA,NA,A,NA,NA,NA,NA,20201101615
408,2020110,1750,2020,110,17,50,-34.55416666,-58.50906357,A,0.102,0.07,0.0309,0,20201101750
409,2020111,1240,2020,111,12,40,NA,NA,T,NA,NA,NA,NA,20201111240
410,2020111,1420,2020,111,14,20,NA,NA,T,NA,NA,NA,NA,20201111420
411,2020111,1655,2020,111,16,55,NA,NA,A,NA,NA,NA,NA,20201111655
412,2020111,1835,2020,111,18,35,-34.55416666,-58.50906357,A,0.132,0.091,0.0133,0,20201111835
413,2020112,1325,2020,112,13,25,NA,NA,T,NA,NA,NA,NA,20201121325
414,2020112,1505,2020,112,15,5,NA,NA,T,NA,NA,NA,NA,20201121505
415,2020112,1740,2020,112,17,40,-34.55416666,-58.50906357,A,0.2395,0.166,0.0231,0,20201121740
416,2020112,1915,2020,112,19,15,NA,NA,A,NA,NA,NA,NA,20201121915
417,2020113,1230,2020,113,12,30,NA,NA,T,NA,NA,NA,NA,20201131230
418,2020113,1410,2020,113,14,10,NA,NA,T,NA,NA,NA,NA,20201131410
419,2020113,1645,2020,113,16,45,NA,NA,A,NA,NA,NA,NA,20201131645
420,2020113,1825,2020,113,18,25,-34.5625,-58.50480593,A,0.412,0.29,0.0185,0,20201131825
421,2020114,1315,2020,114,13,15,NA,NA,T,NA,NA,NA,NA,20201141315
422,2020114,1450,2020,114,14,50,NA,NA,T,NA,NA,NA,NA,20201141450
423,2020114,1730,2020,114,17,30,NA,NA,A,NA,NA,NA,NA,20201141730
424,2020114,1905,2020,114,19,5,NA,NA,A,NA,NA,NA,NA,20201141905
425,2020115,1355,2020,115,13,55,NA,NA,T,NA,NA,NA,NA,20201151355
426,2020115,1635,2020,115,16,35,NA,NA,A,NA,NA,NA,NA,20201151635
427,2020115,1810,2020,115,18,10,NA,NA,A,NA,NA,NA,NA,20201151810
428,2020116,1300,2020,116,13,0,NA,NA,T,NA,NA,NA,NA,20201161300
429,2020116,1440,2020,116,14,40,NA,NA,T,NA,NA,NA,NA,20201161440
430,2020116,1715,2020,116,17,15,NA,NA,A,NA,NA,NA,NA,20201161715
431,2020116,1850,2020,116,18,50,NA,NA,A,NA,NA,NA,NA,20201161850
432,2020117,1345,2020,117,13,45,NA,NA,T,NA,NA,NA,NA,20201171345
433,2020117,1620,2020,117,16,20,NA,NA,A,NA,NA,NA,NA,20201171620
434,2020117,1800,2020,117,18,0,-34.55416666,-58.49894527,A,0.224,0.1555,0.0242,0,20201171800
435,2020118,1250,2020,118,12,50,NA,NA,T,NA,NA,NA,NA,20201181250
436,2020118,1425,2020,118,14,25,NA,NA,T,NA,NA,NA,NA,20201181425
437,2020118,1705,2020,118,17,5,NA,NA,A,NA,NA,NA,NA,20201181705
438,2020118,1840,2020,118,18,40,NA,NA,A,NA,NA,NA,NA,20201181840
439,2020119,1330,2020,119,13,30,NA,NA,T,NA,NA,NA,NA,20201191330
440,2020119,1510,2020,119,15,10,NA,NA,T,NA,NA,NA,NA,20201191510
441,2020119,1610,2020,119,16,10,NA,NA,A,NA,NA,NA,NA,20201191610
442,2020119,1745,2020,119,17,45,NA,NA,A,NA,NA,NA,NA,20201191745
443,2020120,1235,2020,120,12,35,NA,NA,T,NA,NA,NA,NA,20201201235
444,2020120,1415,2020,120,14,15,NA,NA,T,NA,NA,NA,NA,20201201415
445,2020120,1650,2020,120,16,50,NA,NA,A,NA,NA,NA,NA,20201201650
446,2020120,1830,2020,120,18,30,-34.55416666,-58.50906357,A,0.05275,0.036,0.0146,0,20201201830
447,2020121,1320,2020,121,13,20,-34.55416666,-58.50906357,T,0.08825,0.06,0.0129,0,20201211320
448,2020121,1455,2020,121,14,55,NA,NA,T,NA,NA,NA,NA,20201211455
449,2020121,1735,2020,121,17,35,-34.55416666,-58.50906357,A,0.13025,0.08925,0.0173,0,20201211735
450,2020121,1910,2020,121,19,10,NA,NA,A,NA,NA,NA,NA,20201211910
451,2020122,1400,2020,122,14,0,-34.55416666,-58.50906357,T,0.209,0.145,0.0303,0,20201221400
452,2020122,1640,2020,122,16,40,NA,NA,A,NA,NA,NA,NA,20201221640
453,2020122,1815,2020,122,18,15,-34.55416666,-58.50906357,A,0.07625,0.05225,0.0187,0,20201221815
454,2020123,1305,2020,123,13,5,NA,NA,T,NA,NA,NA,NA,20201231305
455,2020123,1445,2020,123,14,45,NA,NA,T,NA,NA,NA,NA,20201231445
456,2020123,1720,2020,123,17,20,NA,NA,A,NA,NA,NA,NA,20201231720
457,2020123,1900,2020,123,19,0,NA,NA,A,NA,NA,NA,NA,20201231900
458,2020124,1350,2020,124,13,50,NA,NA,T,NA,NA,NA,NA,20201241350
459,2020124,1625,2020,124,16,25,NA,NA,A,NA,NA,NA,NA,20201241625
460,2020124,1805,2020,124,18,5,NA,NA,A,NA,NA,NA,NA,20201241805
461,2020125,1255,2020,125,12,55,NA,NA,T,NA,NA,NA,NA,20201251255
462,2020125,1430,2020,125,14,30,NA,NA,T,NA,NA,NA,NA,20201251430
463,2020125,1710,2020,125,17,10,NA,NA,A,NA,NA,NA,NA,20201251710
464,2020125,1845,2020,125,18,45,NA,NA,A,NA,NA,NA,NA,20201251845
465,2020126,1335,2020,126,13,35,NA,NA,T,NA,NA,NA,NA,20201261335
466,2020126,1515,2020,126,15,15,NA,NA,T,NA,NA,NA,NA,20201261515
467,2020126,1615,2020,126,16,15,NA,NA,A,NA,NA,NA,NA,20201261615
468,2020126,1750,2020,126,17,50,NA,NA,A,NA,NA,NA,NA,20201261750
469,2020127,1240,2020,127,12,40,NA,NA,T,NA,NA,NA,NA,20201271240
470,2020127,1420,2020,127,14,20,NA,NA,T,NA,NA,NA,NA,20201271420
471,2020127,1655,2020,127,16,55,NA,NA,A,NA,NA,NA,NA,20201271655
472,2020127,1835,2020,127,18,35,NA,NA,A,NA,NA,NA,NA,20201271835
473,2020128,1325,2020,128,13,25,NA,NA,T,NA,NA,NA,NA,20201281325
474,2020128,1505,2020,128,15,5,NA,NA,T,NA,NA,NA,NA,20201281505
475,2020128,1740,2020,128,17,40,-34.55416666,-58.50906357,A,0.1055,0.072,0.0197,0,20201281740
476,2020128,1915,2020,128,19,15,NA,NA,A,NA,NA,NA,NA,20201281915
477,2020129,1230,2020,129,12,30,NA,NA,T,NA,NA,NA,NA,20201291230
478,2020129,1405,2020,129,14,5,NA,NA,T,NA,NA,NA,NA,20201291405
479,2020129,1645,2020,129,16,45,NA,NA,A,NA,NA,NA,NA,20201291645
480,2020129,1825,2020,129,18,25,NA,NA,A,NA,NA,NA,NA,20201291825
481,2020130,1310,2020,130,13,10,-34.55416666,-58.50906357,T,0.103,0.0705,0.0084,0,20201301310
482,2020130,1450,2020,130,14,50,-34.55416666,-58.50906357,T,0.07275,0.0495,0.0075,0,20201301450
483,2020130,1730,2020,130,17,30,-34.55416666,-58.50906357,A,0.13425,0.09225,0.0134,0,20201301730
484,2020130,1905,2020,130,19,5,NA,NA,A,NA,NA,NA,NA,20201301905
485,2020131,1355,2020,131,13,55,NA,NA,T,NA,NA,NA,NA,20201311355
486,2020131,1630,2020,131,16,30,NA,NA,A,NA,NA,NA,NA,20201311630
487,2020131,1810,2020,131,18,10,-34.55416666,-58.50906357,A,0.1265,0.08675,0.019,0,20201311810
488,2020132,1300,2020,132,13,0,NA,NA,T,NA,NA,NA,NA,20201321300
489,2020132,1440,2020,132,14,40,-34.55416666,-58.50906357,T,0.11775,0.081,0.0092,0,20201321440
490,2020132,1715,2020,132,17,15,NA,NA,A,NA,NA,NA,NA,20201321715
491,2020132,1850,2020,132,18,50,NA,NA,A,NA,NA,NA,NA,20201321850
492,2020133,1345,2020,133,13,45,NA,NA,T,NA,NA,NA,NA,20201331345
493,2020133,1620,2020,133,16,20,NA,NA,A,NA,NA,NA,NA,20201331620
494,2020133,1800,2020,133,18,0,-34.55416666,-58.50906357,A,0.0745,0.051,0.0248,0,20201331800
495,2020134,1250,2020,134,12,50,NA,NA,T,NA,NA,NA,NA,20201341250
496,2020134,1425,2020,134,14,25,-34.55416666,-58.50906357,T,0.128,0.088,0.0157,0,20201341425
497,2020134,1705,2020,134,17,5,-34.55416666,-58.50906357,A,0.1165,0.08,0.0071,0,20201341705
498,2020134,1840,2020,134,18,40,-34.55416666,-58.49894527,A,0.0905,0.062,0.01,0,20201341840
499,2020135,1330,2020,135,13,30,-34.55416666,-58.49894527,T,0.0905,0.062,0.0147,0,20201351330
500,2020135,1510,2020,135,15,10,NA,NA,T,NA,NA,NA,NA,20201351510
501,2020135,1610,2020,135,16,10,NA,NA,A,NA,NA,NA,NA,20201351610
502,2020135,1745,2020,135,17,45,NA,NA,A,NA,NA,NA,NA,20201351745
503,2020136,1235,2020,136,12,35,NA,NA,T,NA,NA,NA,NA,20201361235
504,2020136,1415,2020,136,14,15,NA,NA,T,NA,NA,NA,NA,20201361415
505,2020136,1650,2020,136,16,50,NA,NA,A,NA,NA,NA,NA,20201361650
506,2020136,1830,2020,136,18,30,NA,NA,A,NA,NA,NA,NA,20201361830
507,2020137,1320,2020,137,13,20,NA,NA,T,NA,NA,NA,NA,20201371320
508,2020137,1455,2020,137,14,55,NA,NA,T,NA,NA,NA,NA,20201371455
509,2020137,1735,2020,137,17,35,-34.55416666,-58.50906357,A,0.10725,0.0735,0.0153,0,20201371735
510,2020137,1910,2020,137,19,10,NA,NA,A,NA,NA,NA,NA,20201371910
511,2020138,1400,2020,138,14,0,-34.55416666,-58.50906357,T,0.1755,0.121,0.0264,0,20201381400
512,2020138,1640,2020,138,16,40,NA,NA,A,NA,NA,NA,NA,20201381640
513,2020138,1815,2020,138,18,15,-34.55416666,-58.50906357,A,0.18575,0.1275,0.0174,0,20201381815
514,2020139,1305,2020,139,13,5,NA,NA,T,NA,NA,NA,NA,20201391305
515,2020139,1445,2020,139,14,45,-34.55416666,-58.50906357,T,0.1215,0.0835,0.0085,0,20201391445
516,2020139,1720,2020,139,17,20,-34.55416666,-58.50906357,A,0.1485,0.102,0.0114,0,20201391720
517,2020139,1900,2020,139,19,0,NA,NA,A,NA,NA,NA,NA,20201391900
518,2020140,1350,2020,140,13,50,-34.55416666,-58.49894527,T,0.143,0.098,0.0201,0,20201401350
519,2020140,1625,2020,140,16,25,NA,NA,A,NA,NA,NA,NA,20201401625
520,2020140,1805,2020,140,18,5,-34.55416666,-58.50906357,A,0.114,0.07825,0.0232,0,20201401805
521,2020141,1255,2020,141,12,55,NA,NA,T,NA,NA,NA,NA,20201411255
522,2020141,1430,2020,141,14,30,NA,NA,T,NA,NA,NA,NA,20201411430
523,2020141,1710,2020,141,17,10,NA,NA,A,NA,NA,NA,NA,20201411710
524,2020141,1845,2020,141,18,45,NA,NA,A,NA,NA,NA,NA,20201411845
525,2020142,1335,2020,142,13,35,NA,NA,T,NA,NA,NA,NA,20201421335
526,2020142,1515,2020,142,15,15,NA,NA,T,NA,NA,NA,NA,20201421515
527,2020142,1615,2020,142,16,15,NA,NA,A,NA,NA,NA,NA,20201421615
528,2020142,1750,2020,142,17,50,NA,NA,A,NA,NA,NA,NA,20201421750
529,2020143,1240,2020,143,12,40,NA,NA,T,NA,NA,NA,NA,20201431240
530,2020143,1420,2020,143,14,20,NA,NA,T,NA,NA,NA,NA,20201431420
531,2020143,1655,2020,143,16,55,NA,NA,A,NA,NA,NA,NA,20201431655
532,2020143,1835,2020,143,18,35,NA,NA,A,NA,NA,NA,NA,20201431835
533,2020144,1325,2020,144,13,25,-34.55416666,-58.50906357,T,0.1315,0.09025,0.0132,0,20201441325
534,2020144,1505,2020,144,15,5,NA,NA,T,NA,NA,NA,NA,20201441505
535,2020144,1740,2020,144,17,40,NA,NA,A,NA,NA,NA,NA,20201441740
536,2020144,1915,2020,144,19,15,NA,NA,A,NA,NA,NA,NA,20201441915
537,2020145,1230,2020,145,12,30,NA,NA,T,NA,NA,NA,NA,20201451230
538,2020145,1405,2020,145,14,5,NA,NA,T,NA,NA,NA,NA,20201451405
539,2020145,1645,2020,145,16,45,NA,NA,A,NA,NA,NA,NA,20201451645
540,2020145,1825,2020,145,18,25,NA,NA,A,NA,NA,NA,NA,20201451825
541,2020146,1310,2020,146,13,10,NA,NA,T,NA,NA,NA,NA,20201461310
542,2020146,1450,2020,146,14,50,NA,NA,T,NA,NA,NA,NA,20201461450
543,2020146,1730,2020,146,17,30,NA,NA,A,NA,NA,NA,NA,20201461730
544,2020146,1905,2020,146,19,5,NA,NA,A,NA,NA,NA,NA,20201461905
545,2020147,1355,2020,147,13,55,NA,NA,T,NA,NA,NA,NA,20201471355
546,2020147,1630,2020,147,16,30,NA,NA,A,NA,NA,NA,NA,20201471630
547,2020147,1810,2020,147,18,10,-34.55416666,-58.50906357,A,0.061,0.042,0.0191,0,20201471810
548,2020148,1300,2020,148,13,0,NA,NA,T,NA,NA,NA,NA,20201481300
549,2020148,1440,2020,148,14,40,-34.55416666,-58.50906357,T,0.0675,0.04625,0.0084,0,20201481440
550,2020148,1715,2020,148,17,15,-34.55416666,-58.50906357,A,0.12725,0.0875,0.0085,0,20201481715
551,2020148,1850,2020,148,18,50,NA,NA,A,NA,NA,NA,NA,20201481850
552,2020149,1345,2020,149,13,45,-34.55416666,-58.50906357,T,0.15925,0.1095,0.0207,0,20201491345
553,2020149,1620,2020,149,16,20,NA,NA,A,NA,NA,NA,NA,20201491620
554,2020149,1800,2020,149,18,0,-34.55416666,-58.50906357,A,0.11675,0.0805,0.025,0,20201491800
555,2020150,1250,2020,150,12,50,NA,NA,T,NA,NA,NA,NA,20201501250
556,2020150,1425,2020,150,14,25,NA,NA,T,NA,NA,NA,NA,20201501425
557,2020150,1705,2020,150,17,5,NA,NA,A,NA,NA,NA,NA,20201501705
558,2020150,1840,2020,150,18,40,NA,NA,A,NA,NA,NA,NA,20201501840
559,2020151,1330,2020,151,13,30,NA,NA,T,NA,NA,NA,NA,20201511330
560,2020151,1510,2020,151,15,10,NA,NA,T,NA,NA,NA,NA,20201511510
561,2020151,1745,2020,151,17,45,NA,NA,A,NA,NA,NA,NA,20201511745
562,2020152,1235,2020,152,12,35,NA,NA,T,NA,NA,NA,NA,20201521235
563,2020152,1415,2020,152,14,15,NA,NA,T,NA,NA,NA,NA,20201521415
564,2020152,1650,2020,152,16,50,NA,NA,A,NA,NA,NA,NA,20201521650
565,2020152,1830,2020,152,18,30,NA,NA,A,NA,NA,NA,NA,20201521830
566,2020153,1320,2020,153,13,20,-34.55416666,-58.50906357,T,0.086,0.05875,0.0103,0,20201531320
567,2020153,1455,2020,153,14,55,NA,NA,T,NA,NA,NA,NA,20201531455
568,2020153,1735,2020,153,17,35,NA,NA,A,NA,NA,NA,NA,20201531735
569,2020153,1910,2020,153,19,10,NA,NA,A,NA,NA,NA,NA,20201531910
570,2020154,1400,2020,154,14,0,NA,NA,T,NA,NA,NA,NA,20201541400
571,2020154,1640,2020,154,16,40,NA,NA,A,NA,NA,NA,NA,20201541640
572,2020154,1815,2020,154,18,15,-34.55416666,-58.50906357,A,0.07775,0.05325,0.0139,0,20201541815
573,2020155,1305,2020,155,13,5,NA,NA,T,NA,NA,NA,NA,20201551305
574,2020155,1445,2020,155,14,45,NA,NA,T,NA,NA,NA,NA,20201551445
575,2020155,1720,2020,155,17,20,NA,NA,A,NA,NA,NA,NA,20201551720
576,2020155,1900,2020,155,19,0,NA,NA,A,NA,NA,NA,NA,20201551900
577,2020156,1350,2020,156,13,50,-34.55416666,-58.50906357,T,0.1775,0.122,0.0251,0,20201561350
578,2020156,1625,2020,156,16,25,NA,NA,A,NA,NA,NA,NA,20201561625
579,2020156,1805,2020,156,18,5,-34.55416666,-58.50906357,A,0.09575,0.0655,0.0244,0,20201561805
580,2020157,1255,2020,157,12,55,NA,NA,T,NA,NA,NA,NA,20201571255
581,2020157,1430,2020,157,14,30,NA,NA,T,NA,NA,NA,NA,20201571430
582,2020157,1710,2020,157,17,10,NA,NA,A,NA,NA,NA,NA,20201571710
583,2020157,1845,2020,157,18,45,NA,NA,A,NA,NA,NA,NA,20201571845
584,2020158,1335,2020,158,13,35,NA,NA,T,NA,NA,NA,NA,20201581335
585,2020158,1515,2020,158,15,15,NA,NA,T,NA,NA,NA,NA,20201581515
586,2020158,1615,2020,158,16,15,NA,NA,A,NA,NA,NA,NA,20201581615
587,2020158,1750,2020,158,17,50,NA,NA,A,NA,NA,NA,NA,20201581750
588,2020159,1240,2020,159,12,40,NA,NA,T,NA,NA,NA,NA,20201591240
589,2020159,1420,2020,159,14,20,NA,NA,T,NA,NA,NA,NA,20201591420
590,2020159,1655,2020,159,16,55,NA,NA,A,NA,NA,NA,NA,20201591655
591,2020159,1835,2020,159,18,35,NA,NA,A,NA,NA,NA,NA,20201591835
592,2020160,1325,2020,160,13,25,NA,NA,T,NA,NA,NA,NA,20201601325
593,2020160,1505,2020,160,15,5,NA,NA,T,NA,NA,NA,NA,20201601505
594,2020160,1740,2020,160,17,40,NA,NA,A,NA,NA,NA,NA,20201601740
595,2020160,1915,2020,160,19,15,NA,NA,A,NA,NA,NA,NA,20201601915
596,2020161,1230,2020,161,12,30,NA,NA,T,NA,NA,NA,NA,20201611230
597,2020161,1405,2020,161,14,5,-34.55416666,-58.50906357,T,0.2435,0.1685,0.0269,0,20201611405
598,2020161,1645,2020,161,16,45,NA,NA,A,NA,NA,NA,NA,20201611645
599,2020161,1825,2020,161,18,25,NA,NA,A,NA,NA,NA,NA,20201611825
600,2020162,1310,2020,162,13,10,-34.55416666,-58.50906357,T,0.1355,0.09325,0.0109,0,20201621310
601,2020162,1450,2020,162,14,50,-34.55416666,-58.50906357,T,0.10075,0.06925,0.0048,0,20201621450
602,2020162,1730,2020,162,17,30,-34.55416666,-58.50906357,A,0.15375,0.106,0.0108,0,20201621730
603,2020162,1905,2020,162,19,5,NA,NA,A,NA,NA,NA,NA,20201621905
604,2020163,1355,2020,163,13,55,NA,NA,T,NA,NA,NA,NA,20201631355
605,2020163,1630,2020,163,16,30,NA,NA,A,NA,NA,NA,NA,20201631630
606,2020163,1810,2020,163,18,10,NA,NA,A,NA,NA,NA,NA,20201631810
607,2020164,1300,2020,164,13,0,NA,NA,T,NA,NA,NA,NA,20201641300
608,2020164,1440,2020,164,14,40,NA,NA,T,NA,NA,NA,NA,20201641440
609,2020164,1715,2020,164,17,15,NA,NA,A,NA,NA,NA,NA,20201641715
610,2020164,1850,2020,164,18,50,NA,NA,A,NA,NA,NA,NA,20201641850
611,2020165,1345,2020,165,13,45,NA,NA,T,NA,NA,NA,NA,20201651345
612,2020165,1620,2020,165,16,20,NA,NA,A,NA,NA,NA,NA,20201651620
613,2020165,1800,2020,165,18,0,NA,NA,A,NA,NA,NA,NA,20201651800
614,2020166,1250,2020,166,12,50,NA,NA,T,NA,NA,NA,NA,20201661250
615,2020166,1425,2020,166,14,25,NA,NA,T,NA,NA,NA,NA,20201661425
616,2020166,1705,2020,166,17,5,-34.55416666,-58.50906357,A,0.06825,0.047,0.0078,0,20201661705
617,2020166,1840,2020,166,18,40,-34.5625,-58.51492525,A,0.0245,0.0165,0.0057,0,20201661840
618,2020167,1330,2020,167,13,30,NA,NA,T,NA,NA,NA,NA,20201671330
619,2020167,1510,2020,167,15,10,NA,NA,T,NA,NA,NA,NA,20201671510
620,2020167,1745,2020,167,17,45,NA,NA,A,NA,NA,NA,NA,20201671745
621,2020168,1235,2020,168,12,35,NA,NA,T,NA,NA,NA,NA,20201681235
622,2020168,1415,2020,168,14,15,NA,NA,T,NA,NA,NA,NA,20201681415
623,2020168,1650,2020,168,16,50,NA,NA,A,NA,NA,NA,NA,20201681650
624,2020168,1830,2020,168,18,30,NA,NA,A,NA,NA,NA,NA,20201681830
625,2020169,1320,2020,169,13,20,NA,NA,T,NA,NA,NA,NA,20201691320
626,2020169,1455,2020,169,14,55,NA,NA,T,NA,NA,NA,NA,20201691455
627,2020169,1735,2020,169,17,35,NA,NA,A,NA,NA,NA,NA,20201691735
628,2020169,1910,2020,169,19,10,NA,NA,A,NA,NA,NA,NA,20201691910
629,2020170,1400,2020,170,14,0,NA,NA,T,NA,NA,NA,NA,20201701400
630,2020170,1640,2020,170,16,40,NA,NA,A,NA,NA,NA,NA,20201701640
631,2020170,1815,2020,170,18,15,NA,NA,A,NA,NA,NA,NA,20201701815
632,2020171,1305,2020,171,13,5,NA,NA,T,NA,NA,NA,NA,20201711305
633,2020171,1445,2020,171,14,45,NA,NA,T,NA,NA,NA,NA,20201711445
634,2020171,1720,2020,171,17,20,NA,NA,A,NA,NA,NA,NA,20201711720
635,2020171,1900,2020,171,19,0,NA,NA,A,NA,NA,NA,NA,20201711900
636,2020172,1350,2020,172,13,50,NA,NA,T,NA,NA,NA,NA,20201721350
637,2020172,1625,2020,172,16,25,NA,NA,A,NA,NA,NA,NA,20201721625
638,2020172,1805,2020,172,18,5,NA,NA,A,NA,NA,NA,NA,20201721805
639,2020173,1255,2020,173,12,55,NA,NA,T,NA,NA,NA,NA,20201731255
640,2020173,1430,2020,173,14,30,NA,NA,T,NA,NA,NA,NA,20201731430
641,2020173,1710,2020,173,17,10,-34.55416666,-58.50906357,A,0.12625,0.0865,0.0073,0,20201731710
642,2020173,1845,2020,173,18,45,NA,NA,A,NA,NA,NA,NA,20201731845
643,2020174,1335,2020,174,13,35,NA,NA,T,NA,NA,NA,NA,20201741335
644,2020174,1515,2020,174,15,15,NA,NA,T,NA,NA,NA,NA,20201741515
645,2020174,1615,2020,174,16,15,NA,NA,A,NA,NA,NA,NA,20201741615
646,2020174,1750,2020,174,17,50,NA,NA,A,NA,NA,NA,NA,20201741750
647,2020175,1240,2020,175,12,40,NA,NA,T,NA,NA,NA,NA,20201751240
648,2020175,1420,2020,175,14,20,NA,NA,T,NA,NA,NA,NA,20201751420
649,2020175,1655,2020,175,16,55,NA,NA,A,NA,NA,NA,NA,20201751655
650,2020175,1835,2020,175,18,35,NA,NA,A,NA,NA,NA,NA,20201751835
651,2020176,1325,2020,176,13,25,NA,NA,T,NA,NA,NA,NA,20201761325
652,2020176,1505,2020,176,15,5,NA,NA,T,NA,NA,NA,NA,20201761505
653,2020176,1740,2020,176,17,40,NA,NA,A,NA,NA,NA,NA,20201761740
654,2020176,1915,2020,176,19,15,NA,NA,A,NA,NA,NA,NA,20201761915
655,2020177,1230,2020,177,12,30,NA,NA,T,NA,NA,NA,NA,20201771230
656,2020177,1405,2020,177,14,5,NA,NA,T,NA,NA,NA,NA,20201771405
657,2020177,1645,2020,177,16,45,NA,NA,A,NA,NA,NA,NA,20201771645
658,2020177,1825,2020,177,18,25,-34.55416666,-58.50906357,A,0.031,0.021,0.0137,0,20201771825
659,2020178,1310,2020,178,13,10,-34.55416666,-58.50906357,T,0.06375,0.0435,0.0088,0,20201781310
660,2020178,1450,2020,178,14,50,-34.55416666,-58.50906357,T,0.04575,0.03125,0.0048,0,20201781450
661,2020178,1730,2020,178,17,30,NA,NA,A,NA,NA,NA,NA,20201781730
662,2020178,1905,2020,178,19,5,NA,NA,A,NA,NA,NA,NA,20201781905
663,2020179,1355,2020,179,13,55,NA,NA,T,NA,NA,NA,NA,20201791355
664,2020179,1630,2020,179,16,30,NA,NA,A,NA,NA,NA,NA,20201791630
665,2020179,1810,2020,179,18,10,NA,NA,A,NA,NA,NA,NA,20201791810
666,2020180,1300,2020,180,13,0,NA,NA,T,NA,NA,NA,NA,20201801300
667,2020180,1440,2020,180,14,40,NA,NA,T,NA,NA,NA,NA,20201801440
668,2020180,1715,2020,180,17,15,NA,NA,A,NA,NA,NA,NA,20201801715
669,2020180,1850,2020,180,18,50,NA,NA,A,NA,NA,NA,NA,20201801850
670,2020181,1345,2020,181,13,45,NA,NA,T,NA,NA,NA,NA,20201811345
671,2020181,1620,2020,181,16,20,NA,NA,A,NA,NA,NA,NA,20201811620
672,2020181,1800,2020,181,18,0,NA,NA,A,NA,NA,NA,NA,20201811800
673,2020182,1250,2020,182,12,50,NA,NA,T,NA,NA,NA,NA,20201821250
674,2020182,1425,2020,182,14,25,NA,NA,T,NA,NA,NA,NA,20201821425
675,2020182,1705,2020,182,17,5,NA,NA,A,NA,NA,NA,NA,20201821705
676,2020182,1840,2020,182,18,40,NA,NA,A,NA,NA,NA,NA,20201821840
677,2020183,1330,2020,183,13,30,NA,NA,T,NA,NA,NA,NA,20201831330
678,2020183,1510,2020,183,15,10,NA,NA,T,NA,NA,NA,NA,20201831510
679,2020183,1745,2020,183,17,45,NA,NA,A,NA,NA,NA,NA,20201831745
680,2020184,1235,2020,184,12,35,NA,NA,T,NA,NA,NA,NA,20201841235
681,2020184,1415,2020,184,14,15,NA,NA,T,NA,NA,NA,NA,20201841415
682,2020184,1650,2020,184,16,50,NA,NA,A,NA,NA,NA,NA,20201841650
683,2020184,1830,2020,184,18,30,NA,NA,A,NA,NA,NA,NA,20201841830
684,2020185,1320,2020,185,13,20,NA,NA,T,NA,NA,NA,NA,20201851320
685,2020185,1455,2020,185,14,55,NA,NA,T,NA,NA,NA,NA,20201851455
686,2020185,1735,2020,185,17,35,NA,NA,A,NA,NA,NA,NA,20201851735
687,2020185,1910,2020,185,19,10,NA,NA,A,NA,NA,NA,NA,20201851910
688,2020186,1400,2020,186,14,0,NA,NA,T,NA,NA,NA,NA,20201861400
689,2020186,1640,2020,186,16,40,NA,NA,A,NA,NA,NA,NA,20201861640
690,2020186,1815,2020,186,18,15,NA,NA,A,NA,NA,NA,NA,20201861815
691,2020187,1305,2020,187,13,5,NA,NA,T,NA,NA,NA,NA,20201871305
692,2020187,1445,2020,187,14,45,-34.55416666,-58.50906357,T,0.0975,0.067,0.0073,0,20201871445
693,2020187,1720,2020,187,17,20,NA,NA,A,NA,NA,NA,NA,20201871720
694,2020187,1900,2020,187,19,0,NA,NA,A,NA,NA,NA,NA,20201871900
695,2020188,1350,2020,188,13,50,NA,NA,T,NA,NA,NA,NA,20201881350
696,2020188,1625,2020,188,16,25,NA,NA,A,NA,NA,NA,NA,20201881625
697,2020188,1805,2020,188,18,5,NA,NA,A,NA,NA,NA,NA,20201881805
698,2020189,1255,2020,189,12,55,NA,NA,T,NA,NA,NA,NA,20201891255
699,2020189,1430,2020,189,14,30,NA,NA,T,NA,NA,NA,NA,20201891430
700,2020189,1710,2020,189,17,10,NA,NA,A,NA,NA,NA,NA,20201891710
701,2020189,1845,2020,189,18,45,NA,NA,A,NA,NA,NA,NA,20201891845
702,2020190,1335,2020,190,13,35,NA,NA,T,NA,NA,NA,NA,20201901335
703,2020190,1515,2020,190,15,15,NA,NA,T,NA,NA,NA,NA,20201901515
704,2020190,1615,2020,190,16,15,NA,NA,A,NA,NA,NA,NA,20201901615
705,2020190,1750,2020,190,17,50,NA,NA,A,NA,NA,NA,NA,20201901750
706,2020191,1240,2020,191,12,40,NA,NA,T,NA,NA,NA,NA,20201911240
707,2020191,1420,2020,191,14,20,NA,NA,T,NA,NA,NA,NA,20201911420
708,2020191,1655,2020,191,16,55,NA,NA,A,NA,NA,NA,NA,20201911655
709,2020191,1835,2020,191,18,35,-34.55416666,-58.50906357,A,0.04675,0.03225,0.012,0,20201911835
710,2020192,1325,2020,192,13,25,NA,NA,T,NA,NA,NA,NA,20201921325
711,2020192,1505,2020,192,15,5,NA,NA,T,NA,NA,NA,NA,20201921505
712,2020192,1740,2020,192,17,40,NA,NA,A,NA,NA,NA,NA,20201921740
713,2020192,1915,2020,192,19,15,NA,NA,A,NA,NA,NA,NA,20201921915
714,2020193,1230,2020,193,12,30,NA,NA,T,NA,NA,NA,NA,20201931230
715,2020193,1405,2020,193,14,5,NA,NA,T,NA,NA,NA,NA,20201931405
716,2020193,1645,2020,193,16,45,NA,NA,A,NA,NA,NA,NA,20201931645
717,2020193,1825,2020,193,18,25,NA,NA,A,NA,NA,NA,NA,20201931825
718,2020194,1310,2020,194,13,10,NA,NA,T,NA,NA,NA,NA,20201941310
719,2020194,1450,2020,194,14,50,NA,NA,T,NA,NA,NA,NA,20201941450
720,2020194,1730,2020,194,17,30,NA,NA,A,NA,NA,NA,NA,20201941730
721,2020194,1905,2020,194,19,5,NA,NA,A,NA,NA,NA,NA,20201941905
722,2020195,1355,2020,195,13,55,NA,NA,T,NA,NA,NA,NA,20201951355
723,2020195,1630,2020,195,16,30,NA,NA,A,NA,NA,NA,NA,20201951630
724,2020195,1810,2020,195,18,10,-34.55416666,-58.50906357,A,0.02325,0.01575,0.0198,0,20201951810
725,2020196,1300,2020,196,13,0,NA,NA,T,NA,NA,NA,NA,20201961300
726,2020196,1440,2020,196,14,40,-34.55416666,-58.50906357,T,0.03725,0.0255,0.0091,0,20201961440
727,2020196,1715,2020,196,17,15,-34.55416666,-58.50906357,A,0.044,0.03,0.0101,0,20201961715
728,2020196,1850,2020,196,18,50,NA,NA,A,NA,NA,NA,NA,20201961850
729,2020197,1345,2020,197,13,45,-34.55416666,-58.50906357,T,0.197,0.13567,0.0207,0,20201971345
730,2020197,1620,2020,197,16,20,NA,NA,A,NA,NA,NA,NA,20201971620
731,2020197,1800,2020,197,18,0,-34.55416666,-58.50906357,A,0.1015,0.07,0.0259,0,20201971800
732,2020198,1250,2020,198,12,50,NA,NA,T,NA,NA,NA,NA,20201981250
733,2020198,1425,2020,198,14,25,NA,NA,T,NA,NA,NA,NA,20201981425
734,2020198,1705,2020,198,17,5,NA,NA,A,NA,NA,NA,NA,20201981705
735,2020198,1840,2020,198,18,40,-34.55416666,-58.50906357,A,0.0485,0.0335,0.0088,0,20201981840
736,2020199,1330,2020,199,13,30,-34.55416666,-58.50906357,T,0.0605,0.04125,0.0143,0,20201991330
737,2020199,1510,2020,199,15,10,NA,NA,T,NA,NA,NA,NA,20201991510
738,2020199,1745,2020,199,17,45,NA,NA,A,NA,NA,NA,NA,20201991745
739,2020200,1235,2020,200,12,35,NA,NA,T,NA,NA,NA,NA,20202001235
740,2020200,1415,2020,200,14,15,NA,NA,T,NA,NA,NA,NA,20202001415
741,2020200,1650,2020,200,16,50,NA,NA,A,NA,NA,NA,NA,20202001650
742,2020200,1830,2020,200,18,30,NA,NA,A,NA,NA,NA,NA,20202001830
743,2020201,1320,2020,201,13,20,NA,NA,T,NA,NA,NA,NA,20202011320
744,2020201,1455,2020,201,14,55,NA,NA,T,NA,NA,NA,NA,20202011455
745,2020201,1735,2020,201,17,35,NA,NA,A,NA,NA,NA,NA,20202011735
746,2020201,1910,2020,201,19,10,NA,NA,A,NA,NA,NA,NA,20202011910
747,2020202,1400,2020,202,14,0,NA,NA,T,NA,NA,NA,NA,20202021400
748,2020202,1640,2020,202,16,40,NA,NA,A,NA,NA,NA,NA,20202021640
749,2020202,1815,2020,202,18,15,NA,NA,A,NA,NA,NA,NA,20202021815
750,2020203,1305,2020,203,13,5,NA,NA,T,NA,NA,NA,NA,20202031305
751,2020203,1445,2020,203,14,45,NA,NA,T,NA,NA,NA,NA,20202031445
752,2020203,1720,2020,203,17,20,NA,NA,A,NA,NA,NA,NA,20202031720
753,2020203,1900,2020,203,19,0,NA,NA,A,NA,NA,NA,NA,20202031900
754,2020204,1350,2020,204,13,50,NA,NA,T,NA,NA,NA,NA,20202041350
755,2020204,1625,2020,204,16,25,NA,NA,A,NA,NA,NA,NA,20202041625
756,2020204,1805,2020,204,18,5,NA,NA,A,NA,NA,NA,NA,20202041805
757,2020205,1255,2020,205,12,55,NA,NA,T,NA,NA,NA,NA,20202051255
758,2020205,1430,2020,205,14,30,NA,NA,T,NA,NA,NA,NA,20202051430
759,2020205,1710,2020,205,17,10,NA,NA,A,NA,NA,NA,NA,20202051710
760,2020205,1845,2020,205,18,45,NA,NA,A,NA,NA,NA,NA,20202051845
761,2020206,1335,2020,206,13,35,NA,NA,T,NA,NA,NA,NA,20202061335
762,2020206,1515,2020,206,15,15,NA,NA,T,NA,NA,NA,NA,20202061515
763,2020206,1615,2020,206,16,15,NA,NA,A,NA,NA,NA,NA,20202061615
764,2020206,1750,2020,206,17,50,NA,NA,A,NA,NA,NA,NA,20202061750
765,2020207,1240,2020,207,12,40,NA,NA,T,NA,NA,NA,NA,20202071240
766,2020207,1420,2020,207,14,20,NA,NA,T,NA,NA,NA,NA,20202071420
767,2020207,1655,2020,207,16,55,NA,NA,A,NA,NA,NA,NA,20202071655
768,2020207,1835,2020,207,18,35,NA,NA,A,NA,NA,NA,NA,20202071835
769,2020208,1325,2020,208,13,25,NA,NA,T,NA,NA,NA,NA,20202081325
770,2020208,1505,2020,208,15,5,NA,NA,T,NA,NA,NA,NA,20202081505
771,2020208,1740,2020,208,17,40,NA,NA,A,NA,NA,NA,NA,20202081740
772,2020208,1915,2020,208,19,15,NA,NA,A,NA,NA,NA,NA,20202081915
773,2020209,1230,2020,209,12,30,NA,NA,T,NA,NA,NA,NA,20202091230
774,2020209,1405,2020,209,14,5,NA,NA,T,NA,NA,NA,NA,20202091405
775,2020209,1645,2020,209,16,45,NA,NA,A,NA,NA,NA,NA,20202091645
776,2020209,1825,2020,209,18,25,NA,NA,A,NA,NA,NA,NA,20202091825
777,2020210,1310,2020,210,13,10,-34.55416666,-58.50906357,T,0.04625,0.0315,0.0091,0,20202101310
778,2020210,1450,2020,210,14,50,-34.55416666,-58.50906357,T,0.02475,0.01725,0.0073,0,20202101450
779,2020210,1730,2020,210,17,30,-34.55416666,-58.50906357,A,0.0335,0.023,0.0184,0,20202101730
780,2020210,1905,2020,210,19,5,NA,NA,A,NA,NA,NA,NA,20202101905
781,2020211,1355,2020,211,13,55,-34.55416666,-58.50906357,T,0.058,0.0395,0.0328,0,20202111355
782,2020211,1630,2020,211,16,30,NA,NA,A,NA,NA,NA,NA,20202111630
783,2020211,1810,2020,211,18,10,-34.55416666,-58.50906357,A,0.056,0.03825,0.0262,0,20202111810
784,2020212,1300,2020,212,13,0,NA,NA,T,NA,NA,NA,NA,20202121300
785,2020212,1440,2020,212,14,40,-34.55416666,-58.50906357,T,0.0555,0.0375,0.0109,0,20202121440
786,2020212,1715,2020,212,17,15,-34.55416666,-58.50906357,A,0.064,0.04375,0.0098,0,20202121715
787,2020212,1850,2020,212,18,50,NA,NA,A,NA,NA,NA,NA,20202121850
788,2020213,1345,2020,213,13,45,NA,NA,T,NA,NA,NA,NA,20202131345
789,2020213,1620,2020,213,16,20,NA,NA,A,NA,NA,NA,NA,20202131620
790,2020213,1800,2020,213,18,0,-34.55416666,-58.50906357,A,0.16025,0.11,0.0271,0,20202131800
791,2020214,1250,2020,214,12,50,NA,NA,T,NA,NA,NA,NA,20202141250
792,2020214,1425,2020,214,14,25,NA,NA,T,NA,NA,NA,NA,20202141425
793,2020214,1705,2020,214,17,5,NA,NA,A,NA,NA,NA,NA,20202141705
794,2020214,1840,2020,214,18,40,NA,NA,A,NA,NA,NA,NA,20202141840
795,2020215,1330,2020,215,13,30,NA,NA,T,NA,NA,NA,NA,20202151330
796,2020215,1510,2020,215,15,10,NA,NA,T,NA,NA,NA,NA,20202151510
797,2020215,1610,2020,215,16,10,NA,NA,A,NA,NA,NA,NA,20202151610
798,2020215,1745,2020,215,17,45,NA,NA,A,NA,NA,NA,NA,20202151745
799,2020216,1235,2020,216,12,35,NA,NA,T,NA,NA,NA,NA,20202161235
800,2020216,1415,2020,216,14,15,NA,NA,T,NA,NA,NA,NA,20202161415
801,2020216,1650,2020,216,16,50,NA,NA,A,NA,NA,NA,NA,20202161650
802,2020216,1830,2020,216,18,30,-34.55416666,-58.50906357,A,0.39625,0.2785,0.0164,0,20202161830
803,2020217,1320,2020,217,13,20,-34.55416666,-58.50906357,T,0.12125,0.0835,0.0143,0,20202171320
804,2020217,1455,2020,217,14,55,NA,NA,T,NA,NA,NA,NA,20202171455
805,2020217,1735,2020,217,17,35,-34.55416666,-58.50906357,A,0.20475,0.142,0.0242,0,20202171735
806,2020217,1910,2020,217,19,10,NA,NA,A,NA,NA,NA,NA,20202171910
807,2020218,1400,2020,218,14,0,-34.55416666,-58.50906357,T,0.71475,0.5125,0.038,0,20202181400
808,2020218,1640,2020,218,16,40,NA,NA,A,NA,NA,NA,NA,20202181640
809,2020218,1815,2020,218,18,15,NA,NA,A,NA,NA,NA,NA,20202181815
810,2020219,1305,2020,219,13,5,NA,NA,T,NA,NA,NA,NA,20202191305
811,2020219,1445,2020,219,14,45,NA,NA,T,NA,NA,NA,NA,20202191445
812,2020219,1720,2020,219,17,20,NA,NA,A,NA,NA,NA,NA,20202191720
813,2020219,1900,2020,219,19,0,NA,NA,A,NA,NA,NA,NA,20202191900
814,2020220,1350,2020,220,13,50,NA,NA,T,NA,NA,NA,NA,20202201350
815,2020220,1625,2020,220,16,25,NA,NA,A,NA,NA,NA,NA,20202201625
816,2020220,1805,2020,220,18,5,NA,NA,A,NA,NA,NA,NA,20202201805
817,2020221,1255,2020,221,12,55,NA,NA,T,NA,NA,NA,NA,20202211255
818,2020221,1430,2020,221,14,30,NA,NA,T,NA,NA,NA,NA,20202211430
819,2020221,1710,2020,221,17,10,NA,NA,A,NA,NA,NA,NA,20202211710
820,2020221,1845,2020,221,18,45,NA,NA,A,NA,NA,NA,NA,20202211845
821,2020222,1335,2020,222,13,35,NA,NA,T,NA,NA,NA,NA,20202221335
822,2020222,1515,2020,222,15,15,NA,NA,T,NA,NA,NA,NA,20202221515
823,2020222,1615,2020,222,16,15,NA,NA,A,NA,NA,NA,NA,20202221615
824,2020222,1750,2020,222,17,50,NA,NA,A,NA,NA,NA,NA,20202221750
825,2020223,1240,2020,223,12,40,NA,NA,T,NA,NA,NA,NA,20202231240
826,2020223,1420,2020,223,14,20,NA,NA,T,NA,NA,NA,NA,20202231420
827,2020223,1655,2020,223,16,55,NA,NA,A,NA,NA,NA,NA,20202231655
828,2020223,1835,2020,223,18,35,-34.55416666,-58.50906357,A,0.02275,0.0155,0.0148,0,20202231835
829,2020224,1325,2020,224,13,25,-34.55416666,-58.50906357,T,0.04475,0.0305,0.0176,0,20202241325
830,2020224,1505,2020,224,15,5,NA,NA,T,NA,NA,NA,NA,20202241505
831,2020224,1740,2020,224,17,40,-34.55416666,-58.50906357,A,0.02325,0.016,0.0307,0,20202241740
832,2020224,1915,2020,224,19,15,NA,NA,A,NA,NA,NA,NA,20202241915
833,2020225,1230,2020,225,12,30,NA,NA,T,NA,NA,NA,NA,20202251230
834,2020225,1405,2020,225,14,5,-34.55416666,-58.50906357,T,0.039,0.0265,0.0354,0,20202251405
835,2020225,1645,2020,225,16,45,NA,NA,A,NA,NA,NA,NA,20202251645
836,2020225,1825,2020,225,18,25,-34.55416666,-58.50906357,A,0.10725,0.0735,0.0187,0,20202251825
837,2020226,1310,2020,226,13,10,-34.55416666,-58.50906357,T,0.23975,0.16625,0.0117,0,20202261310
838,2020226,1450,2020,226,14,50,-34.55416666,-58.50906357,T,0.20475,0.141,0.0079,0,20202261450
839,2020226,1730,2020,226,17,30,-34.55416666,-58.50906357,A,0.21525,0.14925,0.0198,0,20202261730
840,2020226,1905,2020,226,19,5,NA,NA,A,NA,NA,NA,NA,20202261905
841,2020227,1355,2020,227,13,55,NA,NA,T,NA,NA,NA,NA,20202271355
842,2020227,1630,2020,227,16,30,NA,NA,A,NA,NA,NA,NA,20202271630
843,2020227,1810,2020,227,18,10,-34.55416666,-58.50906357,A,0.03925,0.0265,0.0289,0,20202271810
844,2020228,1300,2020,228,13,0,NA,NA,T,NA,NA,NA,NA,20202281300
845,2020228,1440,2020,228,14,40,-34.55416666,-58.50906357,T,0.02525,0.01725,0.0128,0,20202281440
846,2020228,1715,2020,228,17,15,-34.55416666,-58.50906357,A,0.061,0.04175,0.014,0,20202281715
847,2020228,1850,2020,228,18,50,NA,NA,A,NA,NA,NA,NA,20202281850
848,2020229,1345,2020,229,13,45,-34.55416666,-58.50906357,T,0.1035,0.07075,0.0305,0,20202291345
849,2020230,1250,2020,230,12,50,NA,NA,T,NA,NA,NA,NA,20202301250
850,2020230,1425,2020,230,14,25,-34.55416666,-58.50906357,T,0.044,0.02975,0.0193,0,20202301425
851,2020231,1330,2020,231,13,30,-34.55416666,-58.50906357,T,0.16825,0.1155,0.0221,0,20202311330
852,2020231,1510,2020,231,15,10,NA,NA,T,NA,NA,NA,NA,20202311510
853,2020232,1235,2020,232,12,35,NA,NA,T,NA,NA,NA,NA,20202321235
854,2020232,1415,2020,232,14,15,NA,NA,T,NA,NA,NA,NA,20202321415
855,2020233,1320,2020,233,13,20,-34.55416666,-58.50906357,T,0.05225,0.0355,0.0168,0,20202331320
856,2020233,1455,2020,233,14,55,NA,NA,T,NA,NA,NA,NA,20202331455
857,2020234,1400,2020,234,14,0,-34.55416666,-58.50906357,T,0.0405,0.0275,0.0427,0,20202341400
858,2020235,1305,2020,235,13,5,NA,NA,T,NA,NA,NA,NA,20202351305
859,2020235,1445,2020,235,14,45,-34.55416666,-58.50906357,T,0.2465,0.17075,0.0115,0,20202351445
860,2020236,1350,2020,236,13,50,-34.55416666,-58.50906357,T,0.02267,0.01567,0.0399,0,20202361350
861,2020237,1255,2020,237,12,55,NA,NA,T,NA,NA,NA,NA,20202371255
862,2020237,1430,2020,237,14,30,-34.55416666,-58.50906357,T,0.1675,0.1155,0.0173,0,20202371430
863,2020238,1335,2020,238,13,35,NA,NA,T,NA,NA,NA,NA,20202381335
864,2020238,1515,2020,238,15,15,NA,NA,T,NA,NA,NA,NA,20202381515
865,2020239,1240,2020,239,12,40,NA,NA,T,NA,NA,NA,NA,20202391240
866,2020239,1420,2020,239,14,20,NA,NA,T,NA,NA,NA,NA,20202391420
867,2020240,1325,2020,240,13,25,-34.55416666,-58.50906357,T,0.10825,0.0745,0.0212,0,20202401325
868,2020240,1505,2020,240,15,5,NA,NA,T,NA,NA,NA,NA,20202401505
869,2020241,1230,2020,241,12,30,NA,NA,T,NA,NA,NA,NA,20202411230
870,2020241,1405,2020,241,14,5,NA,NA,T,NA,NA,NA,NA,20202411405
871,2020242,1310,2020,242,13,10,NA,NA,T,NA,NA,NA,NA,20202421310
872,2020242,1450,2020,242,14,50,NA,NA,T,NA,NA,NA,NA,20202421450
873,2020243,1355,2020,243,13,55,-34.55416666,-58.50906357,T,0.0815,0.05575,0.0473,0,20202431355
874,2020244,1300,2020,244,13,0,NA,NA,T,NA,NA,NA,NA,20202441300
875,2020244,1440,2020,244,14,40,NA,NA,T,NA,NA,NA,NA,20202441440
876,2020245,1345,2020,245,13,45,NA,NA,T,NA,NA,NA,NA,20202451345
877,2020246,1250,2020,246,12,50,NA,NA,T,NA,NA,NA,NA,20202461250
878,2020246,1425,2020,246,14,25,NA,NA,T,NA,NA,NA,NA,20202461425
879,2020247,1330,2020,247,13,30,NA,NA,T,NA,NA,NA,NA,20202471330
880,2020247,1510,2020,247,15,10,NA,NA,T,NA,NA,NA,NA,20202471510
881,2020247,1610,2020,247,16,10,NA,NA,A,NA,NA,NA,NA,20202471610
882,2020247,1745,2020,247,17,45,NA,NA,A,NA,NA,NA,NA,20202471745
883,2020248,1235,2020,248,12,35,NA,NA,T,NA,NA,NA,NA,20202481235
884,2020248,1415,2020,248,14,15,NA,NA,T,NA,NA,NA,NA,20202481415
885,2020248,1650,2020,248,16,50,NA,NA,A,NA,NA,NA,NA,20202481650
886,2020248,1830,2020,248,18,30,NA,NA,A,NA,NA,NA,NA,20202481830
887,2020249,1320,2020,249,13,20,NA,NA,T,NA,NA,NA,NA,20202491320
888,2020249,1455,2020,249,14,55,NA,NA,T,NA,NA,NA,NA,20202491455
889,2020249,1735,2020,249,17,35,-34.55416666,-58.50906357,A,0.0795,0.05425,0.0366,0,20202491735
890,2020249,1910,2020,249,19,10,NA,NA,A,NA,NA,NA,NA,20202491910
891,2020250,1400,2020,250,14,0,NA,NA,T,NA,NA,NA,NA,20202501400
892,2020250,1640,2020,250,16,40,NA,NA,A,NA,NA,NA,NA,20202501640
893,2020250,1815,2020,250,18,15,NA,NA,A,NA,NA,NA,NA,20202501815
894,2020251,1305,2020,251,13,5,NA,NA,T,NA,NA,NA,NA,20202511305
895,2020251,1445,2020,251,14,45,-34.55416666,-58.50906357,T,0.053,0.036,0.0181,0,20202511445
896,2020251,1720,2020,251,17,20,NA,NA,A,NA,NA,NA,NA,20202511720
897,2020251,1900,2020,251,19,0,NA,NA,A,NA,NA,NA,NA,20202511900
898,2020252,1350,2020,252,13,50,-34.55416666,-58.50906357,T,0.03425,0.02325,0.0485,0,20202521350
899,2020252,1625,2020,252,16,25,NA,NA,A,NA,NA,NA,NA,20202521625
900,2020252,1805,2020,252,18,5,-34.55416666,-58.50906357,A,0.11075,0.07625,0.0425,0,20202521805
901,2020253,1255,2020,253,12,55,NA,NA,T,NA,NA,NA,NA,20202531255
902,2020253,1430,2020,253,14,30,NA,NA,T,NA,NA,NA,NA,20202531430
903,2020253,1710,2020,253,17,10,NA,NA,A,NA,NA,NA,NA,20202531710
904,2020253,1845,2020,253,18,45,NA,NA,A,NA,NA,NA,NA,20202531845
905,2020254,1335,2020,254,13,35,-34.55416666,-58.50906357,T,0.10625,0.073,0.0325,0,20202541335
906,2020254,1515,2020,254,15,15,NA,NA,T,NA,NA,NA,NA,20202541515
907,2020254,1615,2020,254,16,15,NA,NA,A,NA,NA,NA,NA,20202541615
908,2020254,1750,2020,254,17,50,-34.55416666,-58.50906357,A,0.021,0.0145,0.0556,0,20202541750
909,2020255,1240,2020,255,12,40,NA,NA,T,NA,NA,NA,NA,20202551240
910,2020255,1420,2020,255,14,20,-34.55416666,-58.50906357,T,0.16125,0.1105,0.034,0,20202551420
911,2020255,1655,2020,255,16,55,NA,NA,A,NA,NA,NA,NA,20202551655
912,2020255,1835,2020,255,18,35,NA,NA,A,NA,NA,NA,NA,20202551835
913,2020256,1325,2020,256,13,25,-34.55416666,-58.50906357,T,0.07925,0.054,0.0238,0,20202561325
914,2020256,1505,2020,256,15,5,NA,NA,T,NA,NA,NA,NA,20202561505
915,2020256,1740,2020,256,17,40,-34.55416666,-58.50906357,A,0.05025,0.03425,0.0445,0,20202561740
916,2020256,1915,2020,256,19,15,NA,NA,A,NA,NA,NA,NA,20202561915
917,2020257,1230,2020,257,12,30,NA,NA,T,NA,NA,NA,NA,20202571230
918,2020257,1405,2020,257,14,5,NA,NA,T,NA,NA,NA,NA,20202571405
919,2020257,1645,2020,257,16,45,NA,NA,A,NA,NA,NA,NA,20202571645
920,2020257,1825,2020,257,18,25,-34.55416666,-58.50906357,A,0.19575,0.135,0.0266,0,20202571825
921,2020258,1310,2020,258,13,10,-34.55416666,-58.50906357,T,0.03825,0.026,0.0183,0,20202581310
922,2020258,1450,2020,258,14,50,-34.55416666,-58.50906357,T,0.019,0.013,0.0121,0,20202581450
923,2020258,1730,2020,258,17,30,-34.55416666,-58.50906357,A,0.045,0.03075,0.0277,0,20202581730
924,2020258,1905,2020,258,19,5,NA,NA,A,NA,NA,NA,NA,20202581905
925,2020259,1355,2020,259,13,55,NA,NA,T,NA,NA,NA,NA,20202591355
926,2020259,1630,2020,259,16,30,NA,NA,A,NA,NA,NA,NA,20202591630
927,2020259,1810,2020,259,18,10,NA,NA,A,NA,NA,NA,NA,20202591810
928,2020260,1300,2020,260,13,0,NA,NA,T,NA,NA,NA,NA,20202601300
929,2020260,1440,2020,260,14,40,-34.55416666,-58.50906357,T,0.034,0.023,0.0183,0,20202601440
930,2020260,1715,2020,260,17,15,-34.55416666,-58.50906357,A,0.144,0.099,0.0169,0,20202601715
931,2020260,1850,2020,260,18,50,NA,NA,A,NA,NA,NA,NA,20202601850
932,2020261,1345,2020,261,13,45,NA,NA,T,NA,NA,NA,NA,20202611345
933,2020261,1620,2020,261,16,20,NA,NA,A,NA,NA,NA,NA,20202611620
934,2020261,1800,2020,261,18,0,NA,NA,A,NA,NA,NA,NA,20202611800
935,2020262,1250,2020,262,12,50,NA,NA,T,NA,NA,NA,NA,20202621250
936,2020262,1425,2020,262,14,25,-34.55416666,-58.50906357,T,0.026,0.01775,0.0304,0,20202621425
937,2020262,1705,2020,262,17,5,-34.55416666,-58.50906357,A,0.12067,0.083,0.0109,0,20202621705
938,2020262,1840,2020,262,18,40,-34.55416666,-58.50906357,A,0.148,0.102,0.0177,0,20202621840
939,2020263,1330,2020,263,13,30,-34.55416666,-58.50906357,T,0.05625,0.0385,0.0307,0,20202631330
940,2020263,1510,2020,263,15,10,NA,NA,T,NA,NA,NA,NA,20202631510
941,2020263,1610,2020,263,16,10,NA,NA,A,NA,NA,NA,NA,20202631610
942,2020263,1745,2020,263,17,45,-34.55416666,-58.50906357,A,0.023,0.015,0.0561,0,20202631745
943,2020264,1235,2020,264,12,35,NA,NA,T,NA,NA,NA,NA,20202641235
944,2020264,1415,2020,264,14,15,-34.55416666,-58.50906357,T,0.08575,0.059,0.0413,0,20202641415
945,2020264,1650,2020,264,16,50,NA,NA,A,NA,NA,NA,NA,20202641650
946,2020264,1830,2020,264,18,30,-34.55416666,-58.50906357,A,0.03875,0.0265,0.0234,0,20202641830
947,2020265,1320,2020,265,13,20,-34.55416666,-58.50906357,T,0.06125,0.0415,0.0225,0,20202651320
948,2020265,1455,2020,265,14,55,NA,NA,T,NA,NA,NA,NA,20202651455
949,2020265,1735,2020,265,17,35,NA,NA,A,NA,NA,NA,NA,20202651735
950,2020265,1910,2020,265,19,10,NA,NA,A,NA,NA,NA,NA,20202651910
951,2020266,1400,2020,266,14,0,NA,NA,T,NA,NA,NA,NA,20202661400
952,2020266,1640,2020,266,16,40,NA,NA,A,NA,NA,NA,NA,20202661640
953,2020266,1815,2020,266,18,15,NA,NA,A,NA,NA,NA,NA,20202661815
954,2020267,1305,2020,267,13,5,NA,NA,T,NA,NA,NA,NA,20202671305
955,2020267,1445,2020,267,14,45,-34.55416666,-58.50906357,T,0.24,0.16625,0.0135,0,20202671445
956,2020267,1720,2020,267,17,20,-34.55416666,-58.50906357,A,0.26075,0.181,0.019,0,20202671720
957,2020267,1900,2020,267,19,0,NA,NA,A,NA,NA,NA,NA,20202671900
958,2020268,1350,2020,268,13,50,NA,NA,T,NA,NA,NA,NA,20202681350
959,2020268,1625,2020,268,16,25,NA,NA,A,NA,NA,NA,NA,20202681625
960,2020268,1805,2020,268,18,5,NA,NA,A,NA,NA,NA,NA,20202681805
961,2020269,1255,2020,269,12,55,NA,NA,T,NA,NA,NA,NA,20202691255
962,2020269,1430,2020,269,14,30,NA,NA,T,NA,NA,NA,NA,20202691430
963,2020269,1710,2020,269,17,10,NA,NA,A,NA,NA,NA,NA,20202691710
964,2020269,1845,2020,269,18,45,NA,NA,A,NA,NA,NA,NA,20202691845
965,2020270,1335,2020,270,13,35,NA,NA,T,NA,NA,NA,NA,20202701335
966,2020270,1515,2020,270,15,15,NA,NA,T,NA,NA,NA,NA,20202701515
967,2020270,1615,2020,270,16,15,NA,NA,A,NA,NA,NA,NA,20202701615
968,2020270,1750,2020,270,17,50,NA,NA,A,NA,NA,NA,NA,20202701750
969,2020271,1240,2020,271,12,40,NA,NA,T,NA,NA,NA,NA,20202711240
970,2020271,1420,2020,271,14,20,NA,NA,T,NA,NA,NA,NA,20202711420
971,2020271,1655,2020,271,16,55,NA,NA,A,NA,NA,NA,NA,20202711655
972,2020271,1835,2020,271,18,35,NA,NA,A,NA,NA,NA,NA,20202711835
973,2020272,1325,2020,272,13,25,-34.55416666,-58.50906357,T,0.06575,0.045,0.0272,0,20202721325
974,2020272,1505,2020,272,15,5,NA,NA,T,NA,NA,NA,NA,20202721505
975,2020272,1740,2020,272,17,40,-34.55416666,-58.50906357,A,0.028,0.01925,0.0433,0,20202721740
976,2020272,1915,2020,272,19,15,NA,NA,A,NA,NA,NA,NA,20202721915
977,2020273,1230,2020,273,12,30,NA,NA,T,NA,NA,NA,NA,20202731230
978,2020273,1405,2020,273,14,5,-34.55416666,-58.50906357,T,0.04975,0.03375,0.0466,0,20202731405
979,2020273,1645,2020,273,16,45,NA,NA,A,NA,NA,NA,NA,20202731645
980,2020273,1825,2020,273,18,25,-34.55416666,-58.50906357,A,0.08133,0.05533,0.0291,0,20202731825
981,2020274,1310,2020,274,13,10,-34.55416666,-58.50906357,T,0.326,0.22825,0.0212,0,20202741310
982,2020274,1450,2020,274,14,50,-34.55416666,-58.50906357,T,0.39175,0.27475,0.0116,0,20202741450
983,2020274,1730,2020,274,17,30,-34.55416666,-58.50906357,A,0.1785,0.123,0.0267,0,20202741730
984,2020274,1905,2020,274,19,5,NA,NA,A,NA,NA,NA,NA,20202741905
985,2020275,1355,2020,275,13,55,NA,NA,T,NA,NA,NA,NA,20202751355
986,2020275,1630,2020,275,16,30,NA,NA,A,NA,NA,NA,NA,20202751630
987,2020275,1810,2020,275,18,10,NA,NA,A,NA,NA,NA,NA,20202751810
988,2020276,1300,2020,276,13,0,NA,NA,T,NA,NA,NA,NA,20202761300
989,2020276,1440,2020,276,14,40,-34.55416666,-58.50906357,T,0.14175,0.0975,0.0195,0,20202761440
990,2020276,1715,2020,276,17,15,NA,NA,A,NA,NA,NA,NA,20202761715
991,2020276,1850,2020,276,18,50,NA,NA,A,NA,NA,NA,NA,20202761850
992,2020277,1345,2020,277,13,45,NA,NA,T,NA,NA,NA,NA,20202771345
993,2020277,1620,2020,277,16,20,NA,NA,A,NA,NA,NA,NA,20202771620
994,2020277,1800,2020,277,18,0,NA,NA,A,NA,NA,NA,NA,20202771800
995,2020278,1250,2020,278,12,50,NA,NA,T,NA,NA,NA,NA,20202781250
996,2020278,1425,2020,278,14,25,NA,NA,T,NA,NA,NA,NA,20202781425
997,2020278,1705,2020,278,17,5,NA,NA,A,NA,NA,NA,NA,20202781705
998,2020278,1840,2020,278,18,40,NA,NA,A,NA,NA,NA,NA,20202781840
999,2020279,1330,2020,279,13,30,NA,NA,T,NA,NA,NA,NA,20202791330
1000,2020279,1510,2020,279,15,10,NA,NA,T,NA,NA,NA,NA,20202791510
1001,2020279,1610,2020,279,16,10,NA,NA,A,NA,NA,NA,NA,20202791610
1002,2020279,1745,2020,279,17,45,NA,NA,A,NA,NA,NA,NA,20202791745
1003,2020280,1235,2020,280,12,35,NA,NA,T,NA,NA,NA,NA,20202801235
1004,2020280,1415,2020,280,14,15,-34.5625,-58.51492525,T,0.288,0.2005,0.0519,0,20202801415
1005,2020280,1650,2020,280,16,50,NA,NA,A,NA,NA,NA,NA,20202801650
1006,2020280,1830,2020,280,18,30,-34.55416666,-58.50906357,A,0.17825,0.1225,0.0196,0,20202801830
1007,2020281,1320,2020,281,13,20,-34.55416666,-58.50906357,T,0.1225,0.084,0.0192,0,20202811320
1008,2020281,1455,2020,281,14,55,NA,NA,T,NA,NA,NA,NA,20202811455
1009,2020281,1735,2020,281,17,35,-34.55416666,-58.50906357,A,0.22825,0.15825,0.0279,0,20202811735
1010,2020281,1910,2020,281,19,10,NA,NA,A,NA,NA,NA,NA,20202811910
1011,2020282,1400,2020,282,14,0,-34.55416666,-58.50906357,T,0.038,0.026,0.0537,0,20202821400
1012,2020282,1640,2020,282,16,40,NA,NA,A,NA,NA,NA,NA,20202821640
1013,2020282,1815,2020,282,18,15,-34.55416666,-58.50906357,A,0.05775,0.0395,0.0295,0,20202821815
1014,2020283,1305,2020,283,13,5,NA,NA,T,NA,NA,NA,NA,20202831305
1015,2020283,1445,2020,283,14,45,-34.55416666,-58.50906357,T,0.02,0.014,0.0127,0,20202831445
1016,2020283,1720,2020,283,17,20,-34.55416666,-58.50906357,A,0.10075,0.06925,0.0202,0,20202831720
1017,2020283,1900,2020,283,19,0,NA,NA,A,NA,NA,NA,NA,20202831900
1018,2020284,1350,2020,284,13,50,-34.55416666,-58.50906357,T,0.02,0.0135,0.0639,0,20202841350
1019,2020284,1625,2020,284,16,25,NA,NA,A,NA,NA,NA,NA,20202841625
1020,2020284,1805,2020,284,18,5,-34.55416666,-58.50906357,A,0.0415,0.02825,0.0596,0,20202841805
1021,2020285,1255,2020,285,12,55,NA,NA,T,NA,NA,NA,NA,20202851255
1022,2020285,1430,2020,285,14,30,NA,NA,T,NA,NA,NA,NA,20202851430
1023,2020285,1710,2020,285,17,10,NA,NA,A,NA,NA,NA,NA,20202851710
1024,2020285,1845,2020,285,18,45,NA,NA,A,NA,NA,NA,NA,20202851845
1025,2020286,1335,2020,286,13,35,-34.55416666,-58.50906357,T,0.098,0.06725,0.0439,0,20202861335
1026,2020286,1515,2020,286,15,15,NA,NA,T,NA,NA,NA,NA,20202861515
1027,2020286,1615,2020,286,16,15,NA,NA,A,NA,NA,NA,NA,20202861615
1028,2020286,1750,2020,286,17,50,-34.55416666,-58.50906357,A,0.06,0.04125,0.0673,0,20202861750
1029,2020287,1240,2020,287,12,40,NA,NA,T,NA,NA,NA,NA,20202871240
1030,2020287,1420,2020,287,14,20,-34.55416666,-58.50906357,T,0.03325,0.02225,0.044,0,20202871420
1031,2020287,1655,2020,287,16,55,NA,NA,A,NA,NA,NA,NA,20202871655
1032,2020287,1835,2020,287,18,35,-34.55416666,-58.50906357,A,0.09675,0.06625,0.0184,0,20202871835
1033,2020288,1325,2020,288,13,25,-34.55416666,-58.50906357,T,0.189,0.12975,0.0276,0,20202881325
1034,2020288,1505,2020,288,15,5,NA,NA,T,NA,NA,NA,NA,20202881505
1035,2020288,1740,2020,288,17,40,NA,NA,A,NA,NA,NA,NA,20202881740
1036,2020288,1915,2020,288,19,15,NA,NA,A,NA,NA,NA,NA,20202881915
1037,2020289,1230,2020,289,12,30,NA,NA,T,NA,NA,NA,NA,20202891230
1038,2020289,1405,2020,289,14,5,NA,NA,T,NA,NA,NA,NA,20202891405
1039,2020289,1645,2020,289,16,45,NA,NA,A,NA,NA,NA,NA,20202891645
1040,2020289,1825,2020,289,18,25,NA,NA,A,NA,NA,NA,NA,20202891825
1041,2020290,1310,2020,290,13,10,NA,NA,T,NA,NA,NA,NA,20202901310
1042,2020290,1450,2020,290,14,50,-34.55416666,-58.50906357,T,0.06525,0.0445,0.0136,0,20202901450
1043,2020290,1730,2020,290,17,30,-34.55416666,-58.50906357,A,0.162,0.11125,0.0321,0,20202901730
1044,2020290,1905,2020,290,19,5,NA,NA,A,NA,NA,NA,NA,20202901905
1045,2020291,1355,2020,291,13,55,NA,NA,T,NA,NA,NA,NA,20202911355
1046,2020291,1630,2020,291,16,30,NA,NA,A,NA,NA,NA,NA,20202911630
1047,2020291,1810,2020,291,18,10,-34.55416666,-58.50906357,A,0.4545,0.32,0.0298,0,20202911810
1048,2020292,1300,2020,292,13,0,NA,NA,T,NA,NA,NA,NA,20202921300
1049,2020292,1440,2020,292,14,40,-34.55416666,-58.50906357,T,0.257,0.17833,0.0157,0,20202921440
1050,2020292,1715,2020,292,17,15,-34.55416666,-58.50906357,A,0.46625,0.32875,0.0126,0,20202921715
1051,2020292,1850,2020,292,18,50,NA,NA,A,NA,NA,NA,NA,20202921850
1052,2020293,1345,2020,293,13,45,NA,NA,T,NA,NA,NA,NA,20202931345
1053,2020293,1620,2020,293,16,20,NA,NA,A,NA,NA,NA,NA,20202931620
1054,2020293,1800,2020,293,18,0,NA,NA,A,NA,NA,NA,NA,20202931800
1055,2020294,1250,2020,294,12,50,NA,NA,T,NA,NA,NA,NA,20202941250
1056,2020294,1425,2020,294,14,25,NA,NA,T,NA,NA,NA,NA,20202941425
1057,2020294,1705,2020,294,17,5,NA,NA,A,NA,NA,NA,NA,20202941705
1058,2020294,1840,2020,294,18,40,NA,NA,A,NA,NA,NA,NA,20202941840
1059,2020295,1330,2020,295,13,30,NA,NA,T,NA,NA,NA,NA,20202951330
1060,2020295,1510,2020,295,15,10,NA,NA,T,NA,NA,NA,NA,20202951510
1061,2020295,1745,2020,295,17,45,NA,NA,A,NA,NA,NA,NA,20202951745
1062,2020296,1235,2020,296,12,35,NA,NA,T,NA,NA,NA,NA,20202961235
1063,2020296,1415,2020,296,14,15,NA,NA,T,NA,NA,NA,NA,20202961415
1064,2020296,1650,2020,296,16,50,NA,NA,A,NA,NA,NA,NA,20202961650
1065,2020296,1830,2020,296,18,30,NA,NA,A,NA,NA,NA,NA,20202961830
1066,2020297,1320,2020,297,13,20,NA,NA,T,NA,NA,NA,NA,20202971320
1067,2020297,1455,2020,297,14,55,NA,NA,T,NA,NA,NA,NA,20202971455
1068,2020297,1735,2020,297,17,35,NA,NA,A,NA,NA,NA,NA,20202971735
1069,2020297,1910,2020,297,19,10,NA,NA,A,NA,NA,NA,NA,20202971910
1070,2020298,1400,2020,298,14,0,NA,NA,T,NA,NA,NA,NA,20202981400
1071,2020298,1640,2020,298,16,40,NA,NA,A,NA,NA,NA,NA,20202981640
1072,2020298,1815,2020,298,18,15,NA,NA,A,NA,NA,NA,NA,20202981815
1073,2020299,1305,2020,299,13,5,NA,NA,T,NA,NA,NA,NA,20202991305
1074,2020299,1445,2020,299,14,45,NA,NA,T,NA,NA,NA,NA,20202991445
1075,2020299,1720,2020,299,17,20,NA,NA,A,NA,NA,NA,NA,20202991720
1076,2020299,1900,2020,299,19,0,NA,NA,A,NA,NA,NA,NA,20202991900
1077,2020300,1350,2020,300,13,50,-34.55416666,-58.50906357,T,0.0915,0.06275,0.048,0,20203001350
1078,2020300,1625,2020,300,16,25,NA,NA,A,NA,NA,NA,NA,20203001625
1079,2020300,1805,2020,300,18,5,-34.55416666,-58.50906357,A,0.072,0.04925,0.0399,0,20203001805
1080,2020301,1255,2020,301,12,55,NA,NA,T,NA,NA,NA,NA,20203011255
1081,2020301,1430,2020,301,14,30,-34.55416666,-58.50906357,T,0.019,0.013,0.0215,0,20203011430
1082,2020301,1710,2020,301,17,10,-34.55416666,-58.50906357,A,0.06775,0.0465,0.0101,0,20203011710
1083,2020301,1845,2020,301,18,45,NA,NA,A,NA,NA,NA,NA,20203011845
1084,2020302,1335,2020,302,13,35,NA,NA,T,NA,NA,NA,NA,20203021335
1085,2020302,1515,2020,302,15,15,NA,NA,T,NA,NA,NA,NA,20203021515
1086,2020302,1615,2020,302,16,15,NA,NA,A,NA,NA,NA,NA,20203021615
1087,2020302,1750,2020,302,17,50,NA,NA,A,NA,NA,NA,NA,20203021750
1088,2020303,1240,2020,303,12,40,NA,NA,T,NA,NA,NA,NA,20203031240
1089,2020303,1420,2020,303,14,20,NA,NA,T,NA,NA,NA,NA,20203031420
1090,2020303,1655,2020,303,16,55,NA,NA,A,NA,NA,NA,NA,20203031655
1091,2020303,1835,2020,303,18,35,NA,NA,A,NA,NA,NA,NA,20203031835
1092,2020304,1325,2020,304,13,25,NA,NA,T,NA,NA,NA,NA,20203041325
1093,2020304,1500,2020,304,15,0,NA,NA,T,NA,NA,NA,NA,20203041500
1094,2020304,1740,2020,304,17,40,NA,NA,A,NA,NA,NA,NA,20203041740
1095,2020304,1915,2020,304,19,15,NA,NA,A,NA,NA,NA,NA,20203041915
1096,2020305,1230,2020,305,12,30,NA,NA,T,NA,NA,NA,NA,20203051230
1097,2020305,1405,2020,305,14,5,-34.5625,-58.51492525,T,0.048,0.0325,0.0689,0,20203051405
1098,2020305,1645,2020,305,16,45,NA,NA,A,NA,NA,NA,NA,20203051645
1099,2020305,1825,2020,305,18,25,-34.55416666,-58.50906357,A,0.08,0.0545,0.0219,0,20203051825
1100,2020306,1310,2020,306,13,10,-34.55416666,-58.50906357,T,0.09325,0.06425,0.0234,0,20203061310
1101,2020306,1450,2020,306,14,50,-34.55416666,-58.50906357,T,0.02025,0.014,0.0165,0,20203061450
1102,2020306,1730,2020,306,17,30,-34.55416666,-58.50906357,A,0.104,0.0715,0.0325,0,20203061730
1103,2020306,1905,2020,306,19,5,NA,NA,A,NA,NA,NA,NA,20203061905
1104,2020307,1355,2020,307,13,55,-34.55416666,-58.50906357,T,0.0765,0.05225,0.0828,0,20203071355
1105,2020307,1630,2020,307,16,30,NA,NA,A,NA,NA,NA,NA,20203071630
1106,2020307,1810,2020,307,18,10,-34.55416666,-58.50906357,A,0.086,0.059,0.053,0,20203071810
1107,2020308,1300,2020,308,13,0,NA,NA,T,NA,NA,NA,NA,20203081300
1108,2020308,1440,2020,308,14,40,-34.55416666,-58.50906357,T,0.06625,0.04525,0.0246,0,20203081440
1109,2020308,1715,2020,308,17,15,-34.55416666,-58.50906357,A,0.13025,0.0895,0.0156,0,20203081715
1110,2020308,1850,2020,308,18,50,NA,NA,A,NA,NA,NA,NA,20203081850
1111,2020309,1345,2020,309,13,45,-34.55416666,-58.50906357,T,0.0475,0.03225,0.0559,0,20203091345
1112,2020309,1620,2020,309,16,20,NA,NA,A,NA,NA,NA,NA,20203091620
1113,2020309,1800,2020,309,18,0,NA,NA,A,NA,NA,NA,NA,20203091800
1114,2020310,1250,2020,310,12,50,NA,NA,T,NA,NA,NA,NA,20203101250
1115,2020310,1425,2020,310,14,25,-34.55416666,-58.50906357,T,0.055,0.0375,0.0379,0,20203101425
1116,2020310,1705,2020,310,17,5,-34.55416666,-58.50906357,A,0.1045,0.07175,0.0103,0,20203101705
1117,2020310,1840,2020,310,18,40,-34.55416666,-58.50906357,A,0.09775,0.067,0.0191,0,20203101840
1118,2020311,1330,2020,311,13,30,-34.55416666,-58.50906357,T,0.2405,0.16675,0.0411,0,20203111330
1119,2020311,1510,2020,311,15,10,NA,NA,T,NA,NA,NA,NA,20203111510
1120,2020311,1605,2020,311,16,5,NA,NA,A,NA,NA,NA,NA,20203111605
1121,2020311,1745,2020,311,17,45,NA,NA,A,NA,NA,NA,NA,20203111745
1122,2020312,1235,2020,312,12,35,NA,NA,T,NA,NA,NA,NA,20203121235
1123,2020312,1415,2020,312,14,15,-34.55416666,-58.50906357,T,0.1645,0.113,0.068,0,20203121415
1124,2020312,1650,2020,312,16,50,NA,NA,A,NA,NA,NA,NA,20203121650
1125,2020312,1830,2020,312,18,30,-34.55416666,-58.50906357,A,0.166,0.114,0.0292,0,20203121830
1126,2020313,1320,2020,313,13,20,-34.55416666,-58.50906357,T,0.11025,0.0755,0.0283,0,20203131320
1127,2020313,1455,2020,313,14,55,NA,NA,T,NA,NA,NA,NA,20203131455
1128,2020313,1735,2020,313,17,35,-34.55416666,-58.50906357,A,0.13875,0.09525,0.0445,0,20203131735
1129,2020313,1910,2020,313,19,10,NA,NA,A,NA,NA,NA,NA,20203131910
1130,2020314,1400,2020,314,14,0,NA,NA,T,NA,NA,NA,NA,20203141400
1131,2020314,1640,2020,314,16,40,NA,NA,A,NA,NA,NA,NA,20203141640
1132,2020314,1815,2020,314,18,15,NA,NA,A,NA,NA,NA,NA,20203141815
1133,2020315,1305,2020,315,13,5,NA,NA,T,NA,NA,NA,NA,20203151305
1134,2020315,1445,2020,315,14,45,NA,NA,T,NA,NA,NA,NA,20203151445
1135,2020315,1720,2020,315,17,20,-34.55416666,-58.50906357,A,0.141,0.0965,0.0273,0,20203151720
1136,2020315,1900,2020,315,19,0,NA,NA,A,NA,NA,NA,NA,20203151900
1137,2020316,1350,2020,316,13,50,-34.55416666,-58.50906357,T,0.0875,0.05975,0.0601,0,20203161350
1138,2020316,1625,2020,316,16,25,NA,NA,A,NA,NA,NA,NA,20203161625
1139,2020316,1805,2020,316,18,5,-34.55416666,-58.50906357,A,0.11625,0.07975,0.0522,0,20203161805
1140,2020317,1255,2020,317,12,55,NA,NA,T,NA,NA,NA,NA,20203171255
1141,2020317,1430,2020,317,14,30,NA,NA,T,NA,NA,NA,NA,20203171430
1142,2020317,1710,2020,317,17,10,-34.55416666,-58.50906357,A,0.18475,0.127,0.0122,0,20203171710
1143,2020317,1845,2020,317,18,45,NA,NA,A,NA,NA,NA,NA,20203171845
1144,2020318,1335,2020,318,13,35,-34.55416666,-58.50906357,T,0.189,0.13,0.0291,0,20203181335
1145,2020318,1515,2020,318,15,15,NA,NA,T,NA,NA,NA,NA,20203181515
1146,2020318,1615,2020,318,16,15,NA,NA,A,NA,NA,NA,NA,20203181615
1147,2020318,1750,2020,318,17,50,-34.55416666,-58.50906357,A,0.15025,0.10325,0.0466,0,20203181750
1148,2020319,1240,2020,319,12,40,NA,NA,T,NA,NA,NA,NA,20203191240
1149,2020319,1420,2020,319,14,20,NA,NA,T,NA,NA,NA,NA,20203191420
1150,2020319,1655,2020,319,16,55,NA,NA,A,NA,NA,NA,NA,20203191655
1151,2020319,1835,2020,319,18,35,NA,NA,A,NA,NA,NA,NA,20203191835
1152,2020320,1325,2020,320,13,25,-34.55416666,-58.50906357,T,0.137,0.094,0.0305,0,20203201325
1153,2020320,1500,2020,320,15,0,NA,NA,T,NA,NA,NA,NA,20203201500
1154,2020320,1740,2020,320,17,40,NA,NA,A,NA,NA,NA,NA,20203201740
1155,2020320,1915,2020,320,19,15,NA,NA,A,NA,NA,NA,NA,20203201915
1156,2020321,1230,2020,321,12,30,NA,NA,T,NA,NA,NA,NA,20203211230
1157,2020321,1405,2020,321,14,5,-34.55416666,-58.50906357,T,0.021,0.014,0.0637,0,20203211405
1158,2020321,1645,2020,321,16,45,NA,NA,A,NA,NA,NA,NA,20203211645
1159,2020321,1825,2020,321,18,25,NA,NA,A,NA,NA,NA,NA,20203211825
1160,2020322,1310,2020,322,13,10,-34.55416666,-58.50906357,T,0.1945,0.1345,0.0222,0,20203221310
1161,2020322,1450,2020,322,14,50,-34.55416666,-58.50906357,T,0.04767,0.033,0.012,0,20203221450
1162,2020322,1730,2020,322,17,30,NA,NA,A,NA,NA,NA,NA,20203221730
1163,2020322,1905,2020,322,19,5,NA,NA,A,NA,NA,NA,NA,20203221905
1164,2020323,1355,2020,323,13,55,-34.55416666,-58.50906357,T,0.0875,0.06,0.0761,0,20203231355
1165,2020323,1630,2020,323,16,30,NA,NA,A,NA,NA,NA,NA,20203231630
1166,2020323,1810,2020,323,18,10,NA,NA,A,NA,NA,NA,NA,20203231810
1167,2020324,1300,2020,324,13,0,NA,NA,T,NA,NA,NA,NA,20203241300
1168,2020324,1440,2020,324,14,40,NA,NA,T,NA,NA,NA,NA,20203241440
1169,2020324,1715,2020,324,17,15,-34.55416666,-58.50906357,A,0.2965,0.206,0.0163,0,20203241715
1170,2020324,1850,2020,324,18,50,NA,NA,A,NA,NA,NA,NA,20203241850
1171,2020325,1345,2020,325,13,45,-34.55416666,-58.50906357,T,0.13625,0.0935,0.0592,0,20203251345
1172,2020325,1620,2020,325,16,20,NA,NA,A,NA,NA,NA,NA,20203251620
1173,2020325,1800,2020,325,18,0,-34.55416666,-58.50906357,A,0.1145,0.07875,0.0701,0,20203251800
1174,2020326,1250,2020,326,12,50,NA,NA,T,NA,NA,NA,NA,20203261250
1175,2020326,1425,2020,326,14,25,-34.55416666,-58.50906357,T,0.096,0.066,0.0337,0,20203261425
1176,2020326,1705,2020,326,17,5,NA,NA,A,NA,NA,NA,NA,20203261705
1177,2020326,1840,2020,326,18,40,NA,NA,A,NA,NA,NA,NA,20203261840
1178,2020327,1330,2020,327,13,30,-34.55416666,-58.50906357,T,0.136,0.0935,0.0354,0,20203271330
1179,2020327,1510,2020,327,15,10,NA,NA,T,NA,NA,NA,NA,20203271510
1180,2020327,1605,2020,327,16,5,NA,NA,A,NA,NA,NA,NA,20203271605
1181,2020327,1745,2020,327,17,45,-34.55416666,-58.50906357,A,0.142,0.09775,0.0501,0,20203271745
1182,2020328,1235,2020,328,12,35,NA,NA,T,NA,NA,NA,NA,20203281235
1183,2020328,1415,2020,328,14,15,NA,NA,T,NA,NA,NA,NA,20203281415
1184,2020328,1650,2020,328,16,50,NA,NA,A,NA,NA,NA,NA,20203281650
1185,2020328,1830,2020,328,18,30,-34.55416666,-58.50906357,A,0.08067,0.05567,0.0269,0,20203281830
1186,2020329,1320,2020,329,13,20,NA,NA,T,NA,NA,NA,NA,20203291320
1187,2020329,1455,2020,329,14,55,NA,NA,T,NA,NA,NA,NA,20203291455
1188,2020329,1735,2020,329,17,35,NA,NA,A,NA,NA,NA,NA,20203291735
1189,2020329,1910,2020,329,19,10,NA,NA,A,NA,NA,NA,NA,20203291910
1190,2020330,1400,2020,330,14,0,NA,NA,T,NA,NA,NA,NA,20203301400
1191,2020330,1640,2020,330,16,40,NA,NA,A,NA,NA,NA,NA,20203301640
1192,2020330,1815,2020,330,18,15,NA,NA,A,NA,NA,NA,NA,20203301815
1193,2020331,1305,2020,331,13,5,NA,NA,T,NA,NA,NA,NA,20203311305
1194,2020331,1445,2020,331,14,45,-34.55416666,-58.50906357,T,0.04225,0.029,0.0134,0,20203311445
1195,2020331,1720,2020,331,17,20,-34.55416666,-58.50906357,A,0.15675,0.10775,0.0221,0,20203311720
1196,2020331,1900,2020,331,19,0,NA,NA,A,NA,NA,NA,NA,20203311900
1197,2020332,1350,2020,332,13,50,-34.55416666,-58.50906357,T,0.10775,0.074,0.0769,0,20203321350
1198,2020332,1625,2020,332,16,25,NA,NA,A,NA,NA,NA,NA,20203321625
1199,2020332,1805,2020,332,18,5,-34.55416666,-58.50906357,A,0.09075,0.06175,0.0669,0,20203321805
1200,2020333,1255,2020,333,12,55,NA,NA,T,NA,NA,NA,NA,20203331255
1201,2020333,1430,2020,333,14,30,NA,NA,T,NA,NA,NA,NA,20203331430
1202,2020333,1710,2020,333,17,10,NA,NA,A,NA,NA,NA,NA,20203331710
1203,2020333,1845,2020,333,18,45,NA,NA,A,NA,NA,NA,NA,20203331845
1204,2020334,1335,2020,334,13,35,-34.55416666,-58.50906357,T,0.12325,0.08475,0.0514,0,20203341335
1205,2020334,1515,2020,334,15,15,NA,NA,T,NA,NA,NA,NA,20203341515
1206,2020334,1615,2020,334,16,15,NA,NA,A,NA,NA,NA,NA,20203341615
1207,2020334,1750,2020,334,17,50,NA,NA,A,NA,NA,NA,NA,20203341750
1208,2020335,1240,2020,335,12,40,NA,NA,T,NA,NA,NA,NA,20203351240
1209,2020335,1420,2020,335,14,20,NA,NA,T,NA,NA,NA,NA,20203351420
1210,2020335,1655,2020,335,16,55,NA,NA,A,NA,NA,NA,NA,20203351655
1211,2020335,1835,2020,335,18,35,-34.55416666,-58.50906357,A,0.11625,0.07975,0.0253,0,20203351835
1212,2020336,1325,2020,336,13,25,NA,NA,T,NA,NA,NA,NA,20203361325
1213,2020336,1500,2020,336,15,0,NA,NA,T,NA,NA,NA,NA,20203361500
1214,2020336,1740,2020,336,17,40,NA,NA,A,NA,NA,NA,NA,20203361740
1215,2020336,1915,2020,336,19,15,NA,NA,A,NA,NA,NA,NA,20203361915
1216,2020337,1230,2020,337,12,30,NA,NA,T,NA,NA,NA,NA,20203371230
1217,2020337,1405,2020,337,14,5,NA,NA,T,NA,NA,NA,NA,20203371405
1218,2020337,1645,2020,337,16,45,NA,NA,A,NA,NA,NA,NA,20203371645
1219,2020337,1825,2020,337,18,25,NA,NA,A,NA,NA,NA,NA,20203371825
1220,2020338,1310,2020,338,13,10,-34.55416666,-58.50906357,T,0.05825,0.04,0.024,0,20203381310
1221,2020338,1450,2020,338,14,50,-34.55416666,-58.50906357,T,0.0195,0.0135,0.0132,0,20203381450
1222,2020338,1730,2020,338,17,30,NA,NA,A,NA,NA,NA,NA,20203381730
1223,2020338,1905,2020,338,19,5,NA,NA,A,NA,NA,NA,NA,20203381905
1224,2020339,1355,2020,339,13,55,NA,NA,T,NA,NA,NA,NA,20203391355
1225,2020339,1630,2020,339,16,30,NA,NA,A,NA,NA,NA,NA,20203391630
1226,2020339,1810,2020,339,18,10,NA,NA,A,NA,NA,NA,NA,20203391810
1227,2020340,1300,2020,340,13,0,NA,NA,T,NA,NA,NA,NA,20203401300
1228,2020340,1440,2020,340,14,40,NA,NA,T,NA,NA,NA,NA,20203401440
1229,2020340,1715,2020,340,17,15,-34.55416666,-58.50906357,A,0.2105,0.146,0.0184,0,20203401715
1230,2020340,1850,2020,340,18,50,NA,NA,A,NA,NA,NA,NA,20203401850
1231,2020341,1345,2020,341,13,45,-34.55416666,-58.50906357,T,0.18525,0.12775,0.0502,0,20203411345
1232,2020341,1620,2020,341,16,20,NA,NA,A,NA,NA,NA,NA,20203411620
1233,2020341,1800,2020,341,18,0,-34.55416666,-58.50906357,A,0.11375,0.078,0.0626,0,20203411800
1234,2020342,1245,2020,342,12,45,NA,NA,T,NA,NA,NA,NA,20203421245
1235,2020342,1425,2020,342,14,25,-34.55416666,-58.50906357,T,0.155,0.1065,0.0351,0,20203421425
1236,2020342,1705,2020,342,17,5,-34.55416666,-58.50906357,A,0.155,0.1065,0.0101,0,20203421705
1237,2020342,1840,2020,342,18,40,-34.5625,-58.51492525,A,0.109,0.075,0.023,0,20203421840
1238,2020343,1330,2020,343,13,30,-34.55416666,-58.50906357,T,0.1775,0.122,0.0383,0,20203431330
1239,2020343,1510,2020,343,15,10,NA,NA,T,NA,NA,NA,NA,20203431510
1240,2020343,1605,2020,343,16,5,NA,NA,A,NA,NA,NA,NA,20203431605
1241,2020343,1745,2020,343,17,45,-34.55416666,-58.50906357,A,0.17225,0.11875,0.0597,0,20203431745
1242,2020344,1235,2020,344,12,35,NA,NA,T,NA,NA,NA,NA,20203441235
1243,2020344,1415,2020,344,14,15,-34.5625,-58.51492525,T,0.0365,0.0245,0.0662,0,20203441415
1244,2020344,1650,2020,344,16,50,NA,NA,A,NA,NA,NA,NA,20203441650
1245,2020344,1830,2020,344,18,30,-34.55416666,-58.50906357,A,0.222,0.154,0.0282,0,20203441830
1246,2020345,1320,2020,345,13,20,-34.55416666,-58.50906357,T,0.14625,0.1005,0.0263,0,20203451320
1247,2020345,1455,2020,345,14,55,NA,NA,T,NA,NA,NA,NA,20203451455
1248,2020345,1735,2020,345,17,35,NA,NA,A,NA,NA,NA,NA,20203451735
1249,2020345,1910,2020,345,19,10,NA,NA,A,NA,NA,NA,NA,20203451910
1250,2020346,1400,2020,346,14,0,NA,NA,T,NA,NA,NA,NA,20203461400
1251,2020346,1640,2020,346,16,40,NA,NA,A,NA,NA,NA,NA,20203461640
1252,2020346,1815,2020,346,18,15,-34.55416666,-58.50906357,A,0.11175,0.07675,0.0466,0,20203461815
1253,2020347,1305,2020,347,13,5,NA,NA,T,NA,NA,NA,NA,20203471305
1254,2020347,1445,2020,347,14,45,NA,NA,T,NA,NA,NA,NA,20203471445
1255,2020347,1720,2020,347,17,20,NA,NA,A,NA,NA,NA,NA,20203471720
1256,2020347,1900,2020,347,19,0,NA,NA,A,NA,NA,NA,NA,20203471900
1257,2020348,1350,2020,348,13,50,NA,NA,T,NA,NA,NA,NA,20203481350
1258,2020348,1625,2020,348,16,25,NA,NA,A,NA,NA,NA,NA,20203481625
1259,2020348,1805,2020,348,18,5,NA,NA,A,NA,NA,NA,NA,20203481805
1260,2020349,1255,2020,349,12,55,NA,NA,T,NA,NA,NA,NA,20203491255
1261,2020349,1430,2020,349,14,30,-34.55416666,-58.50906357,T,0.067,0.046,0.0293,0,20203491430
1262,2020349,1710,2020,349,17,10,-34.55416666,-58.50906357,A,0.019,0.013,0.0112,0,20203491710
1263,2020349,1845,2020,349,18,45,NA,NA,A,NA,NA,NA,NA,20203491845
1264,2020350,1335,2020,350,13,35,NA,NA,T,NA,NA,NA,NA,20203501335
1265,2020350,1515,2020,350,15,15,NA,NA,T,NA,NA,NA,NA,20203501515
1266,2020350,1615,2020,350,16,15,NA,NA,A,NA,NA,NA,NA,20203501615
1267,2020350,1750,2020,350,17,50,NA,NA,A,NA,NA,NA,NA,20203501750
1268,2020351,1240,2020,351,12,40,NA,NA,T,NA,NA,NA,NA,20203511240
1269,2020351,1655,2020,351,16,55,NA,NA,A,NA,NA,NA,NA,20203511655
1270,2020351,1835,2020,351,18,35,-34.5625,-58.51492525,A,0.079,0.054,0.0124,0,20203511835
1271,2020352,1325,2020,352,13,25,-34.55416666,-58.50906357,T,0.1695,0.11675,0.0301,0,20203521325
1272,2020352,1500,2020,352,15,0,NA,NA,T,NA,NA,NA,NA,20203521500
1273,2020352,1740,2020,352,17,40,NA,NA,A,NA,NA,NA,NA,20203521740
1274,2020352,1915,2020,352,19,15,NA,NA,A,NA,NA,NA,NA,20203521915
1275,2020353,1230,2020,353,12,30,NA,NA,T,NA,NA,NA,NA,20203531230
1276,2020353,1405,2020,353,14,5,NA,NA,T,NA,NA,NA,NA,20203531405
1277,2020353,1645,2020,353,16,45,NA,NA,A,NA,NA,NA,NA,20203531645
1278,2020353,1825,2020,353,18,25,NA,NA,A,NA,NA,NA,NA,20203531825
1279,2020354,1310,2020,354,13,10,-34.5625,-58.51492525,T,0.318,0.222,0.0211,0,20203541310
1280,2020354,1450,2020,354,14,50,-34.55416666,-58.50906357,T,0.0425,0.02875,0.0107,0,20203541450
1281,2020354,1730,2020,354,17,30,NA,NA,A,NA,NA,NA,NA,20203541730
1282,2020354,1905,2020,354,19,5,NA,NA,A,NA,NA,NA,NA,20203541905
1283,2020355,1355,2020,355,13,55,NA,NA,T,NA,NA,NA,NA,20203551355
1284,2020355,1630,2020,355,16,30,NA,NA,A,NA,NA,NA,NA,20203551630
1285,2020355,1810,2020,355,18,10,NA,NA,A,NA,NA,NA,NA,20203551810
1286,2020356,1300,2020,356,13,0,NA,NA,T,NA,NA,NA,NA,20203561300
1287,2020356,1440,2020,356,14,40,-34.55416666,-58.50906357,T,0.038,0.026,0.0182,0,20203561440
1288,2020356,1715,2020,356,17,15,-34.55416666,-58.50906357,A,0.1985,0.13725,0.0194,0,20203561715
1289,2020356,1850,2020,356,18,50,NA,NA,A,NA,NA,NA,NA,20203561850
1290,2020357,1345,2020,357,13,45,-34.55416666,-58.50906357,T,0.12925,0.089,0.0924,0,20203571345
1291,2020357,1620,2020,357,16,20,NA,NA,A,NA,NA,NA,NA,20203571620
1292,2020357,1800,2020,357,18,0,-34.55416666,-58.50906357,A,0.1175,0.0805,0.1291,0,20203571800
1293,2020358,1245,2020,358,12,45,NA,NA,T,NA,NA,NA,NA,20203581245
1294,2020358,1425,2020,358,14,25,NA,NA,T,NA,NA,NA,NA,20203581425
1295,2020358,1705,2020,358,17,5,-34.55416666,-58.50906357,A,0.186,0.12775,0.0104,0,20203581705
1296,2020358,1840,2020,358,18,40,-34.55416666,-58.50906357,A,0.09967,0.06833,0.0187,0,20203581840
1297,2020359,1330,2020,359,13,30,-34.55416666,-58.50906357,T,0.13075,0.09,0.0409,0,20203591330
1298,2020359,1510,2020,359,15,10,NA,NA,T,NA,NA,NA,NA,20203591510
1299,2020359,1605,2020,359,16,5,NA,NA,A,NA,NA,NA,NA,20203591605
1300,2020359,1745,2020,359,17,45,NA,NA,A,NA,NA,NA,NA,20203591745
1301,2020360,1235,2020,360,12,35,NA,NA,T,NA,NA,NA,NA,20203601235
1302,2020360,1415,2020,360,14,15,NA,NA,T,NA,NA,NA,NA,20203601415
1303,2020360,1650,2020,360,16,50,NA,NA,A,NA,NA,NA,NA,20203601650
1304,2020360,1830,2020,360,18,30,NA,NA,A,NA,NA,NA,NA,20203601830
1305,2020361,1320,2020,361,13,20,-34.55416666,-58.50906357,T,0.1475,0.10175,0.0229,0,20203611320
1306,2020361,1455,2020,361,14,55,NA,NA,T,NA,NA,NA,NA,20203611455
1307,2020361,1735,2020,361,17,35,-34.55416666,-58.50906357,A,0.16575,0.114,0.0425,0,20203611735
1308,2020361,1910,2020,361,19,10,NA,NA,A,NA,NA,NA,NA,20203611910
1309,2020362,1400,2020,362,14,0,NA,NA,T,NA,NA,NA,NA,20203621400
1310,2020362,1640,2020,362,16,40,NA,NA,A,NA,NA,NA,NA,20203621640
1311,2020362,1815,2020,362,18,15,-34.55416666,-58.50906357,A,0.11425,0.0785,0.0516,0,20203621815
1312,2020363,1305,2020,363,13,5,NA,NA,T,NA,NA,NA,NA,20203631305
1313,2020363,1445,2020,363,14,45,-34.55416666,-58.50906357,T,0.096,0.0655,0.0121,0,20203631445
1314,2020363,1720,2020,363,17,20,-34.55416666,-58.50906357,A,0.22675,0.15725,0.0268,0,20203631720
1315,2020363,1900,2020,363,19,0,NA,NA,A,NA,NA,NA,NA,20203631900
1316,2020364,1350,2020,364,13,50,NA,NA,T,NA,NA,NA,NA,20203641350
1317,2020364,1625,2020,364,16,25,NA,NA,A,NA,NA,NA,NA,20203641625
1318,2020364,1805,2020,364,18,5,NA,NA,A,NA,NA,NA,NA,20203641805
1319,2020365,1255,2020,365,12,55,NA,NA,T,NA,NA,NA,NA,20203651255
1320,2020365,1430,2020,365,14,30,NA,NA,T,NA,NA,NA,NA,20203651430
1321,2020365,1710,2020,365,17,10,-34.55416666,-58.50906357,A,0.18925,0.13,0.0143,0,20203651710
1322,2020365,1845,2020,365,18,45,NA,NA,A,NA,NA,NA,NA,20203651845
1323,2020366,1335,2020,366,13,35,-34.55416666,-58.50906357,T,0.1125,0.0775,0.058,0,20203661335
1324,2020366,1515,2020,366,15,15,NA,NA,T,NA,NA,NA,NA,20203661515
1325,2020366,1615,2020,366,16,15,NA,NA,A,NA,NA,NA,NA,20203661615
1326,2020366,1750,2020,366,17,50,-34.55416666,-58.50906357,A,0.19125,0.13175,0.0964,0,20203661750
1327,2021001,1240,2021,1,12,40,NA,NA,T,NA,NA,NA,NA,20210011240
1328,2021001,1420,2021,1,14,20,-34.55416666,-58.50906357,T,0.11525,0.07925,0.0433,0,20210011420
1329,2021001,1655,2021,1,16,55,NA,NA,A,NA,NA,NA,NA,20210011655
1330,2021001,1835,2021,1,18,35,NA,NA,A,NA,NA,NA,NA,20210011835
1331,2021002,1325,2021,2,13,25,-34.55416666,-58.50906357,T,0.10475,0.07175,0.0326,0,20210021325
1332,2021002,1500,2021,2,15,0,NA,NA,T,NA,NA,NA,NA,20210021500
1333,2021002,1740,2021,2,17,40,-34.55416666,-58.50906357,A,0.18825,0.13,0.0601,0,20210021740
1334,2021002,1915,2021,2,19,15,NA,NA,A,NA,NA,NA,NA,20210021915
1335,2021003,1230,2021,3,12,30,NA,NA,T,NA,NA,NA,NA,20210031230
1336,2021003,1405,2021,3,14,5,NA,NA,T,NA,NA,NA,NA,20210031405
1337,2021003,1645,2021,3,16,45,NA,NA,A,NA,NA,NA,NA,20210031645
1338,2021003,1825,2021,3,18,25,NA,NA,A,NA,NA,NA,NA,20210031825
1339,2021004,1310,2021,4,13,10,NA,NA,T,NA,NA,NA,NA,20210041310
1340,2021004,1450,2021,4,14,50,-34.55416666,-58.50906357,T,0.102,0.07,0.0108,0,20210041450
1341,2021004,1730,2021,4,17,30,-34.55416666,-58.50906357,A,0.22733,0.15733,0.0255,0,20210041730
1342,2021004,1905,2021,4,19,5,NA,NA,A,NA,NA,NA,NA,20210041905
1343,2021005,1355,2021,5,13,55,NA,NA,T,NA,NA,NA,NA,20210051355
1344,2021005,1630,2021,5,16,30,NA,NA,A,NA,NA,NA,NA,20210051630
1345,2021005,1810,2021,5,18,10,NA,NA,A,NA,NA,NA,NA,20210051810
1346,2021006,1300,2021,6,13,0,NA,NA,T,NA,NA,NA,NA,20210061300
1347,2021006,1440,2021,6,14,40,NA,NA,T,NA,NA,NA,NA,20210061440
1348,2021006,1715,2021,6,17,15,NA,NA,A,NA,NA,NA,NA,20210061715
1349,2021006,1850,2021,6,18,50,NA,NA,A,NA,NA,NA,NA,20210061850
1350,2021007,1345,2021,7,13,45,-34.55416666,-58.50906357,T,0.05025,0.03425,0.0498,0,20210071345
1351,2021007,1620,2021,7,16,20,NA,NA,A,NA,NA,NA,NA,20210071620
1352,2021007,1800,2021,7,18,0,-34.55416666,-58.50906357,A,0.1515,0.10425,0.0655,0,20210071800
1353,2021008,1245,2021,8,12,45,NA,NA,T,NA,NA,NA,NA,20210081245
1354,2021008,1425,2021,8,14,25,-34.55416666,-58.50906357,T,0.173,0.119,0.024,0,20210081425
1355,2021008,1705,2021,8,17,5,NA,NA,A,NA,NA,NA,NA,20210081705
1356,2021008,1840,2021,8,18,40,NA,NA,A,NA,NA,NA,NA,20210081840
1357,2021009,1330,2021,9,13,30,NA,NA,T,NA,NA,NA,NA,20210091330
1358,2021009,1510,2021,9,15,10,NA,NA,T,NA,NA,NA,NA,20210091510
1359,2021009,1605,2021,9,16,5,NA,NA,A,NA,NA,NA,NA,20210091605
1360,2021009,1745,2021,9,17,45,NA,NA,A,NA,NA,NA,NA,20210091745
1361,2021010,1235,2021,10,12,35,NA,NA,T,NA,NA,NA,NA,20210101235
1362,2021010,1415,2021,10,14,15,NA,NA,T,NA,NA,NA,NA,20210101415
1363,2021010,1650,2021,10,16,50,NA,NA,A,NA,NA,NA,NA,20210101650
1364,2021010,1830,2021,10,18,30,-34.55416666,-58.50906357,A,0.08775,0.06,0.023,0,20210101830
1365,2021011,1320,2021,11,13,20,NA,NA,T,NA,NA,NA,NA,20210111320
1366,2021011,1455,2021,11,14,55,NA,NA,T,NA,NA,NA,NA,20210111455
1367,2021011,1735,2021,11,17,35,NA,NA,A,NA,NA,NA,NA,20210111735
1368,2021011,1910,2021,11,19,10,NA,NA,A,NA,NA,NA,NA,20210111910
1369,2021012,1400,2021,12,14,0,NA,NA,T,NA,NA,NA,NA,20210121400
1370,2021012,1640,2021,12,16,40,NA,NA,A,NA,NA,NA,NA,20210121640
1371,2021012,1815,2021,12,18,15,-34.55416666,-58.50906357,A,0.097,0.0665,0.0486,0,20210121815
1372,2021013,1305,2021,13,13,5,NA,NA,T,NA,NA,NA,NA,20210131305
1373,2021013,1445,2021,13,14,45,-34.55416666,-58.50906357,T,0.039,0.02675,0.0114,0,20210131445
1374,2021013,1720,2021,13,17,20,-34.55416666,-58.50906357,A,0.21225,0.14725,0.024,0,20210131720
1375,2021013,1900,2021,13,19,0,NA,NA,A,NA,NA,NA,NA,20210131900
1376,2021014,1350,2021,14,13,50,-34.5625,-58.51492525,T,0.175,0.1205,0.0665,0,20210141350
1377,2021014,1625,2021,14,16,25,NA,NA,A,NA,NA,NA,NA,20210141625
1378,2021014,1805,2021,14,18,5,-34.55416666,-58.50906357,A,0.109,0.075,0.0754,0,20210141805
1379,2021015,1255,2021,15,12,55,NA,NA,T,NA,NA,NA,NA,20210151255
1380,2021015,1430,2021,15,14,30,NA,NA,T,NA,NA,NA,NA,20210151430
1381,2021015,1710,2021,15,17,10,NA,NA,A,NA,NA,NA,NA,20210151710
1382,2021015,1845,2021,15,18,45,NA,NA,A,NA,NA,NA,NA,20210151845
1383,2021016,1335,2021,16,13,35,NA,NA,T,NA,NA,NA,NA,20210161335
1384,2021016,1515,2021,16,15,15,NA,NA,T,NA,NA,NA,NA,20210161515
1385,2021016,1615,2021,16,16,15,NA,NA,A,NA,NA,NA,NA,20210161615
1386,2021016,1750,2021,16,17,50,NA,NA,A,NA,NA,NA,NA,20210161750
1387,2021017,1240,2021,17,12,40,NA,NA,T,NA,NA,NA,NA,20210171240
1388,2021017,1420,2021,17,14,20,NA,NA,T,NA,NA,NA,NA,20210171420
1389,2021017,1655,2021,17,16,55,NA,NA,A,NA,NA,NA,NA,20210171655
1390,2021017,1835,2021,17,18,35,NA,NA,A,NA,NA,NA,NA,20210171835
1391,2021018,1325,2021,18,13,25,-34.55416666,-58.50906357,T,0.08775,0.06025,0.03,0,20210181325
1392,2021018,1500,2021,18,15,0,NA,NA,T,NA,NA,NA,NA,20210181500
1393,2021018,1740,2021,18,17,40,NA,NA,A,NA,NA,NA,NA,20210181740
1394,2021018,1915,2021,18,19,15,NA,NA,A,NA,NA,NA,NA,20210181915
1395,2021019,1230,2021,19,12,30,NA,NA,T,NA,NA,NA,NA,20210191230
1396,2021019,1405,2021,19,14,5,-34.55416666,-58.50906357,T,0.14325,0.09825,0.0543,0,20210191405
1397,2021019,1645,2021,19,16,45,NA,NA,A,NA,NA,NA,NA,20210191645
1398,2021019,1825,2021,19,18,25,-34.55416666,-58.50906357,A,0.0905,0.062,0.0385,0,20210191825
1399,2021020,1310,2021,20,13,10,-34.55416666,-58.50906357,T,0.08475,0.05825,0.0196,0,20210201310
1400,2021020,1450,2021,20,14,50,-34.55416666,-58.50906357,T,0.02,0.0135,0.0098,0,20210201450
1401,2021020,1730,2021,20,17,30,-34.55416666,-58.50906357,A,0.207,0.143,0.0324,0,20210201730
1402,2021020,1905,2021,20,19,5,NA,NA,A,NA,NA,NA,NA,20210201905
1403,2021021,1355,2021,21,13,55,-34.55416666,-58.50906357,T,0.10175,0.06975,0.0792,0,20210211355
1404,2021021,1630,2021,21,16,30,NA,NA,A,NA,NA,NA,NA,20210211630
1405,2021021,1810,2021,21,18,10,-34.55416666,-58.50906357,A,0.10075,0.06925,0.0495,0,20210211810
1406,2021022,1300,2021,22,13,0,NA,NA,T,NA,NA,NA,NA,20210221300
1407,2021022,1435,2021,22,14,35,-34.55416666,-58.50906357,T,0.09225,0.0635,0.0138,0,20210221435
1408,2021022,1715,2021,22,17,15,-34.55416666,-58.50906357,A,0.18425,0.12625,0.0164,0,20210221715
1409,2021022,1850,2021,22,18,50,NA,NA,A,NA,NA,NA,NA,20210221850
1410,2021023,1340,2021,23,13,40,-34.55416666,-58.50906357,T,0.083,0.057,0.0501,0,20210231340
1411,2021023,1620,2021,23,16,20,NA,NA,A,NA,NA,NA,NA,20210231620
1412,2021023,1800,2021,23,18,0,-34.55416666,-58.50906357,A,0.1935,0.134,0.0648,0,20210231800
1413,2021024,1245,2021,24,12,45,NA,NA,T,NA,NA,NA,NA,20210241245
1414,2021024,1425,2021,24,14,25,NA,NA,T,NA,NA,NA,NA,20210241425
1415,2021024,1705,2021,24,17,5,-34.55416666,-58.50906357,A,0.18525,0.1275,0.0105,0,20210241705
1416,2021024,1840,2021,24,18,40,-34.5625,-58.51492525,A,0.1175,0.0805,0.018,0,20210241840
1417,2021025,1330,2021,25,13,30,-34.55416666,-58.50906357,T,0.07675,0.0525,0.0348,0,20210251330
1418,2021025,1510,2021,25,15,10,NA,NA,T,NA,NA,NA,NA,20210251510
1419,2021025,1745,2021,25,17,45,NA,NA,A,NA,NA,NA,NA,20210251745
1420,2021026,1235,2021,26,12,35,NA,NA,T,NA,NA,NA,NA,20210261235
1421,2021026,1415,2021,26,14,15,NA,NA,T,NA,NA,NA,NA,20210261415
1422,2021026,1650,2021,26,16,50,NA,NA,A,NA,NA,NA,NA,20210261650
1423,2021026,1830,2021,26,18,30,NA,NA,A,NA,NA,NA,NA,20210261830
1424,2021027,1320,2021,27,13,20,-34.55416666,-58.50906357,T,0.1175,0.081,0.0255,0,20210271320
1425,2021027,1455,2021,27,14,55,NA,NA,T,NA,NA,NA,NA,20210271455
1426,2021027,1735,2021,27,17,35,NA,NA,A,NA,NA,NA,NA,20210271735
1427,2021027,1910,2021,27,19,10,NA,NA,A,NA,NA,NA,NA,20210271910
1428,2021028,1400,2021,28,14,0,NA,NA,T,NA,NA,NA,NA,20210281400
1429,2021028,1640,2021,28,16,40,NA,NA,A,NA,NA,NA,NA,20210281640
1430,2021028,1815,2021,28,18,15,NA,NA,A,NA,NA,NA,NA,20210281815
1431,2021029,1305,2021,29,13,5,NA,NA,T,NA,NA,NA,NA,20210291305
1432,2021029,1445,2021,29,14,45,NA,NA,T,NA,NA,NA,NA,20210291445
1433,2021029,1720,2021,29,17,20,NA,NA,A,NA,NA,NA,NA,20210291720
1434,2021029,1900,2021,29,19,0,NA,NA,A,NA,NA,NA,NA,20210291900
1435,2021030,1350,2021,30,13,50,NA,NA,T,NA,NA,NA,NA,20210301350
1436,2021030,1625,2021,30,16,25,NA,NA,A,NA,NA,NA,NA,20210301625
1437,2021030,1805,2021,30,18,5,NA,NA,A,NA,NA,NA,NA,20210301805
1438,2021031,1255,2021,31,12,55,NA,NA,T,NA,NA,NA,NA,20210311255
1439,2021031,1430,2021,31,14,30,NA,NA,T,NA,NA,NA,NA,20210311430
1440,2021031,1710,2021,31,17,10,NA,NA,A,NA,NA,NA,NA,20210311710
1441,2021031,1845,2021,31,18,45,NA,NA,A,NA,NA,NA,NA,20210311845
1442,2021032,1335,2021,32,13,35,NA,NA,T,NA,NA,NA,NA,20210321335
1443,2021032,1515,2021,32,15,15,NA,NA,T,NA,NA,NA,NA,20210321515
1444,2021032,1615,2021,32,16,15,NA,NA,A,NA,NA,NA,NA,20210321615
1445,2021032,1750,2021,32,17,50,NA,NA,A,NA,NA,NA,NA,20210321750
1446,2021033,1240,2021,33,12,40,NA,NA,T,NA,NA,NA,NA,20210331240
1447,2021033,1420,2021,33,14,20,NA,NA,T,NA,NA,NA,NA,20210331420
1448,2021033,1655,2021,33,16,55,NA,NA,A,NA,NA,NA,NA,20210331655
1449,2021033,1835,2021,33,18,35,NA,NA,A,NA,NA,NA,NA,20210331835
1450,2021034,1325,2021,34,13,25,NA,NA,T,NA,NA,NA,NA,20210341325
1451,2021034,1500,2021,34,15,0,NA,NA,T,NA,NA,NA,NA,20210341500
1452,2021034,1740,2021,34,17,40,NA,NA,A,NA,NA,NA,NA,20210341740
1453,2021034,1915,2021,34,19,15,NA,NA,A,NA,NA,NA,NA,20210341915
1454,2021035,1230,2021,35,12,30,NA,NA,T,NA,NA,NA,NA,20210351230
1455,2021035,1405,2021,35,14,5,NA,NA,T,NA,NA,NA,NA,20210351405
1456,2021035,1645,2021,35,16,45,NA,NA,A,NA,NA,NA,NA,20210351645
1457,2021035,1825,2021,35,18,25,-34.55416666,-58.50906357,A,0.06575,0.045,0.0307,0,20210351825
1458,2021036,1310,2021,36,13,10,-34.55416666,-58.50906357,T,0.1075,0.07375,0.0178,0,20210361310
1459,2021036,1450,2021,36,14,50,-34.55416666,-58.50906357,T,0.022,0.01475,0.0085,0,20210361450
1460,2021036,1730,2021,36,17,30,-34.55416666,-58.50906357,A,0.20575,0.14225,0.0248,0,20210361730
1461,2021036,1905,2021,36,19,5,NA,NA,A,NA,NA,NA,NA,20210361905
1462,2021037,1355,2021,37,13,55,-34.55416666,-58.50906357,T,0.12675,0.08675,0.0635,0,20210371355
1463,2021037,1630,2021,37,16,30,NA,NA,A,NA,NA,NA,NA,20210371630
1464,2021037,1810,2021,37,18,10,-34.55416666,-58.50906357,A,0.141,0.09667,0.0516,0,20210371810
1465,2021038,1300,2021,38,13,0,NA,NA,T,NA,NA,NA,NA,20210381300
1466,2021038,1435,2021,38,14,35,-34.55416666,-58.50906357,T,0.05925,0.0405,0.0127,0,20210381435
1467,2021038,1715,2021,38,17,15,NA,NA,A,NA,NA,NA,NA,20210381715
1468,2021038,1850,2021,38,18,50,NA,NA,A,NA,NA,NA,NA,20210381850
1469,2021039,1340,2021,39,13,40,NA,NA,T,NA,NA,NA,NA,20210391340
1470,2021039,1620,2021,39,16,20,NA,NA,A,NA,NA,NA,NA,20210391620
1471,2021039,1800,2021,39,18,0,NA,NA,A,NA,NA,NA,NA,20210391800
1472,2021040,1245,2021,40,12,45,NA,NA,T,NA,NA,NA,NA,20210401245
1473,2021040,1425,2021,40,14,25,NA,NA,T,NA,NA,NA,NA,20210401425
1474,2021040,1705,2021,40,17,5,NA,NA,A,NA,NA,NA,NA,20210401705
1475,2021040,1840,2021,40,18,40,NA,NA,A,NA,NA,NA,NA,20210401840
1476,2021041,1330,2021,41,13,30,NA,NA,T,NA,NA,NA,NA,20210411330
1477,2021041,1510,2021,41,15,10,NA,NA,T,NA,NA,NA,NA,20210411510
1478,2021041,1745,2021,41,17,45,NA,NA,A,NA,NA,NA,NA,20210411745
1479,2021042,1235,2021,42,12,35,NA,NA,T,NA,NA,NA,NA,20210421235
1480,2021042,1415,2021,42,14,15,NA,NA,T,NA,NA,NA,NA,20210421415
1481,2021042,1650,2021,42,16,50,NA,NA,A,NA,NA,NA,NA,20210421650
1482,2021042,1830,2021,42,18,30,NA,NA,A,NA,NA,NA,NA,20210421830
1483,2021043,1320,2021,43,13,20,NA,NA,T,NA,NA,NA,NA,20210431320
1484,2021043,1455,2021,43,14,55,NA,NA,T,NA,NA,NA,NA,20210431455
1485,2021043,1735,2021,43,17,35,NA,NA,A,NA,NA,NA,NA,20210431735
1486,2021043,1910,2021,43,19,10,NA,NA,A,NA,NA,NA,NA,20210431910
1487,2021044,1400,2021,44,14,0,NA,NA,T,NA,NA,NA,NA,20210441400
1488,2021044,1640,2021,44,16,40,NA,NA,A,NA,NA,NA,NA,20210441640
1489,2021044,1815,2021,44,18,15,NA,NA,A,NA,NA,NA,NA,20210441815
1490,2021045,1305,2021,45,13,5,NA,NA,T,NA,NA,NA,NA,20210451305
1491,2021045,1445,2021,45,14,45,NA,NA,T,NA,NA,NA,NA,20210451445
1492,2021045,1720,2021,45,17,20,NA,NA,A,NA,NA,NA,NA,20210451720
1493,2021045,1900,2021,45,19,0,NA,NA,A,NA,NA,NA,NA,20210451900
1494,2021046,1350,2021,46,13,50,NA,NA,T,NA,NA,NA,NA,20210461350
1495,2021046,1625,2021,46,16,25,NA,NA,A,NA,NA,NA,NA,20210461625
1496,2021046,1805,2021,46,18,5,NA,NA,A,NA,NA,NA,NA,20210461805
1497,2021047,1255,2021,47,12,55,NA,NA,T,NA,NA,NA,NA,20210471255
1498,2021047,1430,2021,47,14,30,NA,NA,T,NA,NA,NA,NA,20210471430
1499,2021047,1710,2021,47,17,10,NA,NA,A,NA,NA,NA,NA,20210471710
1500,2021047,1845,2021,47,18,45,NA,NA,A,NA,NA,NA,NA,20210471845
1501,2021048,1335,2021,48,13,35,NA,NA,T,NA,NA,NA,NA,20210481335
1502,2021048,1515,2021,48,15,15,NA,NA,T,NA,NA,NA,NA,20210481515
1503,2021048,1615,2021,48,16,15,NA,NA,A,NA,NA,NA,NA,20210481615
1504,2021048,1750,2021,48,17,50,NA,NA,A,NA,NA,NA,NA,20210481750
1505,2021049,1240,2021,49,12,40,NA,NA,T,NA,NA,NA,NA,20210491240
1506,2021049,1420,2021,49,14,20,-34.55416666,-58.50906357,T,0.1895,0.13075,0.0262,0,20210491420
1507,2021049,1655,2021,49,16,55,NA,NA,A,NA,NA,NA,NA,20210491655
1508,2021049,1835,2021,49,18,35,NA,NA,A,NA,NA,NA,NA,20210491835
1509,2021050,1325,2021,50,13,25,NA,NA,T,NA,NA,NA,NA,20210501325
1510,2021050,1500,2021,50,15,0,NA,NA,T,NA,NA,NA,NA,20210501500
1511,2021050,1740,2021,50,17,40,NA,NA,A,NA,NA,NA,NA,20210501740
1512,2021050,1915,2021,50,19,15,NA,NA,A,NA,NA,NA,NA,20210501915
1513,2021051,1230,2021,51,12,30,NA,NA,T,NA,NA,NA,NA,20210511230
1514,2021051,1405,2021,51,14,5,NA,NA,T,NA,NA,NA,NA,20210511405
1515,2021051,1645,2021,51,16,45,NA,NA,A,NA,NA,NA,NA,20210511645
1516,2021051,1825,2021,51,18,25,-34.55416666,-58.50906357,A,0.086,0.05875,0.0287,0,20210511825
1517,2021052,1310,2021,52,13,10,NA,NA,T,NA,NA,NA,NA,20210521310
1518,2021052,1450,2021,52,14,50,-34.55416666,-58.50906357,T,0.07867,0.054,0.0091,0,20210521450
1519,2021052,1730,2021,52,17,30,NA,NA,A,NA,NA,NA,NA,20210521730
1520,2021052,1905,2021,52,19,5,NA,NA,A,NA,NA,NA,NA,20210521905
1521,2021053,1355,2021,53,13,55,NA,NA,T,NA,NA,NA,NA,20210531355
1522,2021053,1630,2021,53,16,30,NA,NA,A,NA,NA,NA,NA,20210531630
1523,2021053,1810,2021,53,18,10,NA,NA,A,NA,NA,NA,NA,20210531810
1524,2021054,1300,2021,54,13,0,NA,NA,T,NA,NA,NA,NA,20210541300
1525,2021054,1435,2021,54,14,35,-34.55416666,-58.50906357,T,0.09867,0.06733,0.0127,0,20210541435
1526,2021054,1715,2021,54,17,15,-34.55416666,-58.50906357,A,0.3145,0.22,0.0167,0,20210541715
1527,2021054,1850,2021,54,18,50,NA,NA,A,NA,NA,NA,NA,20210541850
1528,2021055,1340,2021,55,13,40,-34.55416666,-58.50906357,T,0.059,0.04025,0.0444,0,20210551340
1529,2021055,1620,2021,55,16,20,NA,NA,A,NA,NA,NA,NA,20210551620
1530,2021055,1800,2021,55,18,0,-34.55416666,-58.50906357,A,0.114,0.07825,0.0548,0,20210551800
1531,2021056,1245,2021,56,12,45,NA,NA,T,NA,NA,NA,NA,20210561245
1532,2021056,1425,2021,56,14,25,-34.55416666,-58.50906357,T,0.11975,0.08225,0.0198,0,20210561425
1533,2021056,1705,2021,56,17,5,-34.5625,-58.51492525,A,0.268,0.186,0.0116,0,20210561705
1534,2021056,1840,2021,56,18,40,-34.5625,-58.51492525,A,0.137,0.094,0.0087,0,20210561840
1535,2021057,1330,2021,57,13,30,-34.55416666,-58.50906357,T,0.07725,0.05275,0.0293,0,20210571330
1536,2021057,1510,2021,57,15,10,NA,NA,T,NA,NA,NA,NA,20210571510
1537,2021057,1745,2021,57,17,45,-34.55416666,-58.50906357,A,0.199,0.1375,0.0429,0,20210571745
1538,2021058,1235,2021,58,12,35,NA,NA,T,NA,NA,NA,NA,20210581235
1539,2021058,1415,2021,58,14,15,NA,NA,T,NA,NA,NA,NA,20210581415
1540,2021058,1650,2021,58,16,50,NA,NA,A,NA,NA,NA,NA,20210581650
1541,2021058,1830,2021,58,18,30,-34.55416666,-58.50906357,A,0.10575,0.07225,0.0244,0,20210581830
1542,2021059,1320,2021,59,13,20,NA,NA,T,NA,NA,NA,NA,20210591320
1543,2021059,1455,2021,59,14,55,NA,NA,T,NA,NA,NA,NA,20210591455
1544,2021059,1735,2021,59,17,35,NA,NA,A,NA,NA,NA,NA,20210591735
1545,2021059,1910,2021,59,19,10,NA,NA,A,NA,NA,NA,NA,20210591910
1546,2021060,1400,2021,60,14,0,NA,NA,T,NA,NA,NA,NA,20210601400
1547,2021060,1640,2021,60,16,40,NA,NA,A,NA,NA,NA,NA,20210601640
1548,2021060,1815,2021,60,18,15,NA,NA,A,NA,NA,NA,NA,20210601815
1549,2021061,1305,2021,61,13,5,NA,NA,T,NA,NA,NA,NA,20210611305
1550,2021061,1445,2021,61,14,45,NA,NA,T,NA,NA,NA,NA,20210611445
1551,2021061,1720,2021,61,17,20,NA,NA,A,NA,NA,NA,NA,20210611720
1552,2021061,1900,2021,61,19,0,NA,NA,A,NA,NA,NA,NA,20210611900
1553,2021062,1350,2021,62,13,50,NA,NA,T,NA,NA,NA,NA,20210621350
1554,2021062,1625,2021,62,16,25,NA,NA,A,NA,NA,NA,NA,20210621625
1555,2021062,1805,2021,62,18,5,NA,NA,A,NA,NA,NA,NA,20210621805
1556,2021063,1255,2021,63,12,55,NA,NA,T,NA,NA,NA,NA,20210631255
1557,2021063,1430,2021,63,14,30,NA,NA,T,NA,NA,NA,NA,20210631430
1558,2021063,1710,2021,63,17,10,NA,NA,A,NA,NA,NA,NA,20210631710
1559,2021063,1845,2021,63,18,45,NA,NA,A,NA,NA,NA,NA,20210631845
1560,2021064,1335,2021,64,13,35,NA,NA,T,NA,NA,NA,NA,20210641335
1561,2021064,1515,2021,64,15,15,NA,NA,T,NA,NA,NA,NA,20210641515
1562,2021064,1615,2021,64,16,15,NA,NA,A,NA,NA,NA,NA,20210641615
1563,2021064,1750,2021,64,17,50,NA,NA,A,NA,NA,NA,NA,20210641750
1564,2021065,1240,2021,65,12,40,NA,NA,T,NA,NA,NA,NA,20210651240
1565,2021065,1420,2021,65,14,20,-34.55416666,-58.50906357,T,0.1805,0.12425,0.0208,0,20210651420
1566,2021065,1655,2021,65,16,55,NA,NA,A,NA,NA,NA,NA,20210651655
1567,2021065,1835,2021,65,18,35,-34.55416666,-58.50906357,A,0.08025,0.05475,0.0139,0,20210651835
1568,2021066,1325,2021,66,13,25,-34.55416666,-58.50906357,T,0.12375,0.085,0.0163,0,20210661325
1569,2021066,1500,2021,66,15,0,NA,NA,T,NA,NA,NA,NA,20210661500
1570,2021066,1740,2021,66,17,40,-34.55416666,-58.50906357,A,0.2835,0.197,0.0302,0,20210661740
1571,2021066,1915,2021,66,19,15,NA,NA,A,NA,NA,NA,NA,20210661915
1572,2021067,1225,2021,67,12,25,NA,NA,T,NA,NA,NA,NA,20210671225
1573,2021067,1405,2021,67,14,5,-34.55416666,-58.50906357,T,0.23175,0.1605,0.0389,0,20210671405
1574,2021067,1645,2021,67,16,45,NA,NA,A,NA,NA,NA,NA,20210671645
1575,2021067,1825,2021,67,18,25,NA,NA,A,NA,NA,NA,NA,20210671825
1576,2021068,1310,2021,68,13,10,-34.55416666,-58.50906357,T,0.174,0.1195,0.0225,0,20210681310
1577,2021068,1450,2021,68,14,50,-34.55416666,-58.50906357,T,0.0565,0.039,0.0095,0,20210681450
1578,2021068,1730,2021,68,17,30,-34.55416666,-58.50906357,A,0.22775,0.15775,0.0246,0,20210681730
1579,2021068,1905,2021,68,19,5,NA,NA,A,NA,NA,NA,NA,20210681905
1580,2021069,1355,2021,69,13,55,-34.55416666,-58.50906357,T,0.137,0.094,0.0591,0,20210691355
1581,2021069,1630,2021,69,16,30,NA,NA,A,NA,NA,NA,NA,20210691630
1582,2021069,1810,2021,69,18,10,NA,NA,A,NA,NA,NA,NA,20210691810
1583,2021070,1300,2021,70,13,0,NA,NA,T,NA,NA,NA,NA,20210701300
1584,2021070,1435,2021,70,14,35,NA,NA,T,NA,NA,NA,NA,20210701435
1585,2021070,1715,2021,70,17,15,NA,NA,A,NA,NA,NA,NA,20210701715
1586,2021070,1850,2021,70,18,50,NA,NA,A,NA,NA,NA,NA,20210701850
1587,2021071,1340,2021,71,13,40,NA,NA,T,NA,NA,NA,NA,20210711340
1588,2021071,1620,2021,71,16,20,NA,NA,A,NA,NA,NA,NA,20210711620
1589,2021071,1800,2021,71,18,0,NA,NA,A,NA,NA,NA,NA,20210711800
1590,2021072,1245,2021,72,12,45,NA,NA,T,NA,NA,NA,NA,20210721245
1591,2021072,1425,2021,72,14,25,-34.55416666,-58.50906357,T,0.13675,0.09425,0.0202,0,20210721425
1592,2021072,1705,2021,72,17,5,-34.55416666,-58.50906357,A,0.1375,0.0945,0.0094,0,20210721705
1593,2021072,1840,2021,72,18,40,-34.55416666,-58.50906357,A,0.08533,0.05867,0.0141,0,20210721840
1594,2021073,1330,2021,73,13,30,NA,NA,T,NA,NA,NA,NA,20210731330
1595,2021073,1510,2021,73,15,10,NA,NA,T,NA,NA,NA,NA,20210731510
1596,2021073,1745,2021,73,17,45,NA,NA,A,NA,NA,NA,NA,20210731745
1597,2021074,1235,2021,74,12,35,NA,NA,T,NA,NA,NA,NA,20210741235
1598,2021074,1410,2021,74,14,10,NA,NA,T,NA,NA,NA,NA,20210741410
1599,2021074,1650,2021,74,16,50,NA,NA,A,NA,NA,NA,NA,20210741650
1600,2021074,1830,2021,74,18,30,NA,NA,A,NA,NA,NA,NA,20210741830
1601,2021075,1315,2021,75,13,15,NA,NA,T,NA,NA,NA,NA,20210751315
1602,2021075,1455,2021,75,14,55,NA,NA,T,NA,NA,NA,NA,20210751455
1603,2021075,1735,2021,75,17,35,NA,NA,A,NA,NA,NA,NA,20210751735
1604,2021075,1910,2021,75,19,10,NA,NA,A,NA,NA,NA,NA,20210751910
1605,2021076,1400,2021,76,14,0,NA,NA,T,NA,NA,NA,NA,20210761400
1606,2021076,1640,2021,76,16,40,NA,NA,A,NA,NA,NA,NA,20210761640
1607,2021076,1815,2021,76,18,15,NA,NA,A,NA,NA,NA,NA,20210761815
1608,2021077,1305,2021,77,13,5,NA,NA,T,NA,NA,NA,NA,20210771305
1609,2021077,1445,2021,77,14,45,NA,NA,T,NA,NA,NA,NA,20210771445
1610,2021077,1720,2021,77,17,20,NA,NA,A,NA,NA,NA,NA,20210771720
1611,2021077,1900,2021,77,19,0,NA,NA,A,NA,NA,NA,NA,20210771900
1612,2021078,1350,2021,78,13,50,-34.55416666,-58.50906357,T,0.14525,0.1,0.049,0,20210781350
1613,2021078,1625,2021,78,16,25,NA,NA,A,NA,NA,NA,NA,20210781625
1614,2021078,1805,2021,78,18,5,NA,NA,A,NA,NA,NA,NA,20210781805
1615,2021079,1255,2021,79,12,55,NA,NA,T,NA,NA,NA,NA,20210791255
1616,2021079,1430,2021,79,14,30,NA,NA,T,NA,NA,NA,NA,20210791430
1617,2021079,1710,2021,79,17,10,NA,NA,A,NA,NA,NA,NA,20210791710
1618,2021079,1845,2021,79,18,45,NA,NA,A,NA,NA,NA,NA,20210791845
1619,2021080,1335,2021,80,13,35,-34.55416666,-58.50906357,T,0.3445,0.24075,0.0317,0,20210801335
1620,2021080,1515,2021,80,15,15,NA,NA,T,NA,NA,NA,NA,20210801515
1621,2021080,1615,2021,80,16,15,NA,NA,A,NA,NA,NA,NA,20210801615
1622,2021080,1750,2021,80,17,50,NA,NA,A,NA,NA,NA,NA,20210801750
1623,2021081,1240,2021,81,12,40,NA,NA,T,NA,NA,NA,NA,20210811240
1624,2021081,1420,2021,81,14,20,-34.55416666,-58.50906357,T,0.3145,0.22,0.0251,0,20210811420
1625,2021081,1655,2021,81,16,55,NA,NA,A,NA,NA,NA,NA,20210811655
1626,2021081,1835,2021,81,18,35,NA,NA,A,NA,NA,NA,NA,20210811835
1627,2021082,1325,2021,82,13,25,-34.55416666,-58.50906357,T,0.14225,0.0975,0.0197,0,20210821325
1628,2021082,1500,2021,82,15,0,NA,NA,T,NA,NA,NA,NA,20210821500
1629,2021082,1740,2021,82,17,40,NA,NA,A,NA,NA,NA,NA,20210821740
1630,2021082,1915,2021,82,19,15,NA,NA,A,NA,NA,NA,NA,20210821915
1631,2021083,1225,2021,83,12,25,NA,NA,T,NA,NA,NA,NA,20210831225
1632,2021083,1405,2021,83,14,5,NA,NA,T,NA,NA,NA,NA,20210831405
1633,2021083,1645,2021,83,16,45,NA,NA,A,NA,NA,NA,NA,20210831645
1634,2021083,1825,2021,83,18,25,NA,NA,A,NA,NA,NA,NA,20210831825
1635,2021084,1310,2021,84,13,10,NA,NA,T,NA,NA,NA,NA,20210841310
1636,2021084,1450,2021,84,14,50,NA,NA,T,NA,NA,NA,NA,20210841450
1637,2021084,1730,2021,84,17,30,NA,NA,A,NA,NA,NA,NA,20210841730
1638,2021084,1905,2021,84,19,5,NA,NA,A,NA,NA,NA,NA,20210841905
1639,2021085,1355,2021,85,13,55,NA,NA,T,NA,NA,NA,NA,20210851355
1640,2021085,1630,2021,85,16,30,NA,NA,A,NA,NA,NA,NA,20210851630
1641,2021085,1810,2021,85,18,10,NA,NA,A,NA,NA,NA,NA,20210851810
1642,2021086,1300,2021,86,13,0,NA,NA,T,NA,NA,NA,NA,20210861300
1643,2021086,1435,2021,86,14,35,NA,NA,T,NA,NA,NA,NA,20210861435
1644,2021086,1715,2021,86,17,15,NA,NA,A,NA,NA,NA,NA,20210861715
1645,2021086,1850,2021,86,18,50,NA,NA,A,NA,NA,NA,NA,20210861850
1646,2021087,1340,2021,87,13,40,NA,NA,T,NA,NA,NA,NA,20210871340
1647,2021087,1620,2021,87,16,20,NA,NA,A,NA,NA,NA,NA,20210871620
1648,2021087,1800,2021,87,18,0,NA,NA,A,NA,NA,NA,NA,20210871800
1649,2021088,1245,2021,88,12,45,NA,NA,T,NA,NA,NA,NA,20210881245
1650,2021088,1425,2021,88,14,25,NA,NA,T,NA,NA,NA,NA,20210881425
1651,2021088,1705,2021,88,17,5,NA,NA,A,NA,NA,NA,NA,20210881705
1652,2021088,1840,2021,88,18,40,NA,NA,A,NA,NA,NA,NA,20210881840
1653,2021089,1330,2021,89,13,30,-34.55416666,-58.50906357,T,0.12125,0.08325,0.0201,0,20210891330
1654,2021089,1505,2021,89,15,5,NA,NA,T,NA,NA,NA,NA,20210891505
1655,2021089,1610,2021,89,16,10,NA,NA,A,NA,NA,NA,NA,20210891610
1656,2021089,1745,2021,89,17,45,NA,NA,A,NA,NA,NA,NA,20210891745
1657,2021090,1235,2021,90,12,35,NA,NA,T,NA,NA,NA,NA,20210901235
1658,2021090,1410,2021,90,14,10,NA,NA,T,NA,NA,NA,NA,20210901410
1659,2021090,1650,2021,90,16,50,NA,NA,A,NA,NA,NA,NA,20210901650
1660,2021090,1830,2021,90,18,30,-34.55416666,-58.50906357,A,0.11675,0.08025,0.0131,0,20210901830
1661,2021091,1315,2021,91,13,15,NA,NA,T,NA,NA,NA,NA,20210911315
1662,2021091,1455,2021,91,14,55,NA,NA,T,NA,NA,NA,NA,20210911455
1663,2021091,1735,2021,91,17,35,NA,NA,A,NA,NA,NA,NA,20210911735
1664,2021091,1910,2021,91,19,10,NA,NA,A,NA,NA,NA,NA,20210911910
1665,2021092,1400,2021,92,14,0,NA,NA,T,NA,NA,NA,NA,20210921400
1666,2021092,1640,2021,92,16,40,NA,NA,A,NA,NA,NA,NA,20210921640
1667,2021092,1815,2021,92,18,15,NA,NA,A,NA,NA,NA,NA,20210921815
1668,2021093,1305,2021,93,13,5,NA,NA,T,NA,NA,NA,NA,20210931305
1669,2021093,1445,2021,93,14,45,-34.5625,-58.51492525,T,0.069,0.047,0.0079,0,20210931445
1670,2021093,1720,2021,93,17,20,-34.55416666,-58.50906357,A,0.14825,0.10175,0.013,0,20210931720
1671,2021093,1900,2021,93,19,0,NA,NA,A,NA,NA,NA,NA,20210931900
1672,2021094,1350,2021,94,13,50,NA,NA,T,NA,NA,NA,NA,20210941350
1673,2021094,1625,2021,94,16,25,NA,NA,A,NA,NA,NA,NA,20210941625
1674,2021094,1805,2021,94,18,5,-34.55416666,-58.50906357,A,0.11275,0.07725,0.0341,0,20210941805
1675,2021095,1250,2021,95,12,50,NA,NA,T,NA,NA,NA,NA,20210951250
1676,2021095,1430,2021,95,14,30,NA,NA,T,NA,NA,NA,NA,20210951430
1677,2021095,1710,2021,95,17,10,NA,NA,A,NA,NA,NA,NA,20210951710
1678,2021095,1845,2021,95,18,45,NA,NA,A,NA,NA,NA,NA,20210951845
1679,2021096,1335,2021,96,13,35,-34.55416666,-58.50906357,T,0.11625,0.07975,0.0257,0,20210961335
1680,2021096,1515,2021,96,15,15,NA,NA,T,NA,NA,NA,NA,20210961515
1681,2021096,1615,2021,96,16,15,NA,NA,A,NA,NA,NA,NA,20210961615
1682,2021096,1750,2021,96,17,50,NA,NA,A,NA,NA,NA,NA,20210961750
1683,2021097,1240,2021,97,12,40,NA,NA,T,NA,NA,NA,NA,20210971240
1684,2021097,1420,2021,97,14,20,NA,NA,T,NA,NA,NA,NA,20210971420
1685,2021097,1655,2021,97,16,55,NA,NA,A,NA,NA,NA,NA,20210971655
1686,2021097,1835,2021,97,18,35,-34.55416666,-58.50906357,A,0.13325,0.09175,0.0152,0,20210971835
1687,2021098,1325,2021,98,13,25,NA,NA,T,NA,NA,NA,NA,20210981325
1688,2021098,1500,2021,98,15,0,NA,NA,T,NA,NA,NA,NA,20210981500
1689,2021098,1740,2021,98,17,40,NA,NA,A,NA,NA,NA,NA,20210981740
1690,2021098,1915,2021,98,19,15,NA,NA,A,NA,NA,NA,NA,20210981915
1691,2021099,1225,2021,99,12,25,NA,NA,T,NA,NA,NA,NA,20210991225
1692,2021099,1405,2021,99,14,5,NA,NA,T,NA,NA,NA,NA,20210991405
1693,2021099,1645,2021,99,16,45,NA,NA,A,NA,NA,NA,NA,20210991645
1694,2021099,1825,2021,99,18,25,NA,NA,A,NA,NA,NA,NA,20210991825
1695,2021100,1310,2021,100,13,10,NA,NA,T,NA,NA,NA,NA,20211001310
1696,2021100,1450,2021,100,14,50,NA,NA,T,NA,NA,NA,NA,20211001450
1697,2021100,1730,2021,100,17,30,NA,NA,A,NA,NA,NA,NA,20211001730
1698,2021100,1905,2021,100,19,5,NA,NA,A,NA,NA,NA,NA,20211001905
1699,2021101,1355,2021,101,13,55,NA,NA,T,NA,NA,NA,NA,20211011355
1700,2021101,1630,2021,101,16,30,NA,NA,A,NA,NA,NA,NA,20211011630
1701,2021101,1810,2021,101,18,10,NA,NA,A,NA,NA,NA,NA,20211011810
1702,2021102,1300,2021,102,13,0,NA,NA,T,NA,NA,NA,NA,20211021300
1703,2021102,1435,2021,102,14,35,NA,NA,T,NA,NA,NA,NA,20211021435
1704,2021102,1715,2021,102,17,15,-34.5625,-58.50480593,A,0.122,0.084,0.0094,0,20211021715
1705,2021102,1850,2021,102,18,50,NA,NA,A,NA,NA,NA,NA,20211021850
1706,2021103,1340,2021,103,13,40,NA,NA,T,NA,NA,NA,NA,20211031340
1707,2021103,1620,2021,103,16,20,NA,NA,A,NA,NA,NA,NA,20211031620
1708,2021103,1800,2021,103,18,0,-34.55416666,-58.50906357,A,0.1145,0.07875,0.0296,0,20211031800
1709,2021104,1245,2021,104,12,45,NA,NA,T,NA,NA,NA,NA,20211041245
1710,2021104,1425,2021,104,14,25,NA,NA,T,NA,NA,NA,NA,20211041425
1711,2021104,1705,2021,104,17,5,-34.55416666,-58.49894527,A,0.1215,0.083,0.0057,0,20211041705
1712,2021104,1840,2021,104,18,40,-34.55416666,-58.50906357,A,0.0835,0.057,0.0106,0,20211041840
1713,2021105,1330,2021,105,13,30,-34.55416666,-58.50906357,T,0.109,0.07475,0.0166,0,20211051330
1714,2021105,1505,2021,105,15,5,NA,NA,T,NA,NA,NA,NA,20211051505
1715,2021105,1605,2021,105,16,5,NA,NA,A,NA,NA,NA,NA,20211051605
1716,2021105,1745,2021,105,17,45,NA,NA,A,NA,NA,NA,NA,20211051745
1717,2021106,1235,2021,106,12,35,NA,NA,T,NA,NA,NA,NA,20211061235
1718,2021106,1410,2021,106,14,10,NA,NA,T,NA,NA,NA,NA,20211061410
1719,2021106,1650,2021,106,16,50,NA,NA,A,NA,NA,NA,NA,20211061650
1720,2021106,1830,2021,106,18,30,-34.55416666,-58.50906357,A,0.115,0.07875,0.013,0,20211061830
1721,2021107,1315,2021,107,13,15,NA,NA,T,NA,NA,NA,NA,20211071315
1722,2021107,1455,2021,107,14,55,NA,NA,T,NA,NA,NA,NA,20211071455
1723,2021107,1735,2021,107,17,35,NA,NA,A,NA,NA,NA,NA,20211071735
1724,2021107,1910,2021,107,19,10,NA,NA,A,NA,NA,NA,NA,20211071910
1725,2021108,1400,2021,108,14,0,NA,NA,T,NA,NA,NA,NA,20211081400
1726,2021108,1640,2021,108,16,40,NA,NA,A,NA,NA,NA,NA,20211081640
1727,2021108,1815,2021,108,18,15,NA,NA,A,NA,NA,NA,NA,20211081815
1728,2021109,1305,2021,109,13,5,NA,NA,T,NA,NA,NA,NA,20211091305
1729,2021109,1445,2021,109,14,45,NA,NA,T,NA,NA,NA,NA,20211091445
1730,2021109,1720,2021,109,17,20,-34.55416666,-58.50906357,A,0.09725,0.0665,0.012,0,20211091720
1731,2021109,1900,2021,109,19,0,NA,NA,A,NA,NA,NA,NA,20211091900
1732,2021110,1350,2021,110,13,50,NA,NA,T,NA,NA,NA,NA,20211101350
1733,2021110,1625,2021,110,16,25,NA,NA,A,NA,NA,NA,NA,20211101625
1734,2021110,1805,2021,110,18,5,-34.55416666,-58.50906357,A,0.12725,0.08775,0.0272,0,20211101805
1735,2021111,1250,2021,111,12,50,NA,NA,T,NA,NA,NA,NA,20211111250
1736,2021111,1430,2021,111,14,30,NA,NA,T,NA,NA,NA,NA,20211111430
1737,2021111,1710,2021,111,17,10,NA,NA,A,NA,NA,NA,NA,20211111710
1738,2021111,1845,2021,111,18,45,NA,NA,A,NA,NA,NA,NA,20211111845
1739,2021112,1335,2021,112,13,35,NA,NA,T,NA,NA,NA,NA,20211121335
1740,2021112,1515,2021,112,15,15,NA,NA,T,NA,NA,NA,NA,20211121515
1741,2021112,1615,2021,112,16,15,NA,NA,A,NA,NA,NA,NA,20211121615
1742,2021112,1750,2021,112,17,50,NA,NA,A,NA,NA,NA,NA,20211121750
1743,2021113,1240,2021,113,12,40,NA,NA,T,NA,NA,NA,NA,20211131240
1744,2021113,1420,2021,113,14,20,NA,NA,T,NA,NA,NA,NA,20211131420
1745,2021113,1655,2021,113,16,55,NA,NA,A,NA,NA,NA,NA,20211131655
1746,2021113,1835,2021,113,18,35,-34.55416666,-58.50906357,A,0.12167,0.08333,0.0119,0,20211131835
1747,2021114,1325,2021,114,13,25,NA,NA,T,NA,NA,NA,NA,20211141325
1748,2021114,1500,2021,114,15,0,NA,NA,T,NA,NA,NA,NA,20211141500
1749,2021114,1740,2021,114,17,40,NA,NA,A,NA,NA,NA,NA,20211141740
1750,2021114,1915,2021,114,19,15,NA,NA,A,NA,NA,NA,NA,20211141915
1751,2021115,1225,2021,115,12,25,NA,NA,T,NA,NA,NA,NA,20211151225
1752,2021115,1405,2021,115,14,5,NA,NA,T,NA,NA,NA,NA,20211151405
1753,2021115,1645,2021,115,16,45,NA,NA,A,NA,NA,NA,NA,20211151645
1754,2021115,1825,2021,115,18,25,NA,NA,A,NA,NA,NA,NA,20211151825
1755,2021116,1310,2021,116,13,10,-34.55416666,-58.50906357,T,0.072,0.049,0.0107,0,20211161310
1756,2021116,1450,2021,116,14,50,-34.55416666,-58.50906357,T,0.071,0.0485,0.006,0,20211161450
1757,2021116,1730,2021,116,17,30,NA,NA,A,NA,NA,NA,NA,20211161730
1758,2021116,1905,2021,116,19,5,NA,NA,A,NA,NA,NA,NA,20211161905
1759,2021117,1355,2021,117,13,55,NA,NA,T,NA,NA,NA,NA,20211171355
1760,2021117,1630,2021,117,16,30,NA,NA,A,NA,NA,NA,NA,20211171630
1761,2021117,1810,2021,117,18,10,NA,NA,A,NA,NA,NA,NA,20211171810
1762,2021118,1300,2021,118,13,0,NA,NA,T,NA,NA,NA,NA,20211181300
1763,2021118,1435,2021,118,14,35,-34.55416666,-58.50906357,T,0.09275,0.0635,0.0103,0,20211181435
1764,2021118,1715,2021,118,17,15,NA,NA,A,NA,NA,NA,NA,20211181715
1765,2021118,1850,2021,118,18,50,NA,NA,A,NA,NA,NA,NA,20211181850
1766,2021119,1340,2021,119,13,40,-34.55416666,-58.50906357,T,0.077,0.052,0.0241,0,20211191340
1767,2021119,1620,2021,119,16,20,NA,NA,A,NA,NA,NA,NA,20211191620
1768,2021119,1800,2021,119,18,0,-34.55416666,-58.50906357,A,0.10825,0.07425,0.0283,0,20211191800
1769,2021120,1245,2021,120,12,45,NA,NA,T,NA,NA,NA,NA,20211201245
1770,2021120,1425,2021,120,14,25,NA,NA,T,NA,NA,NA,NA,20211201425
1771,2021120,1705,2021,120,17,5,-34.55416666,-58.50906357,A,0.0785,0.0535,0.0058,0,20211201705
1772,2021120,1840,2021,120,18,40,-34.55416666,-58.50906357,A,0.04925,0.0335,0.0063,0,20211201840
1773,2021121,1330,2021,121,13,30,-34.55416666,-58.50906357,T,0.1435,0.09875,0.0157,0,20211211330
1774,2021121,1505,2021,121,15,5,NA,NA,T,NA,NA,NA,NA,20211211505
1775,2021121,1605,2021,121,16,5,NA,NA,A,NA,NA,NA,NA,20211211605
1776,2021121,1745,2021,121,17,45,NA,NA,A,NA,NA,NA,NA,20211211745
1777,2021122,1235,2021,122,12,35,NA,NA,T,NA,NA,NA,NA,20211221235
1778,2021122,1410,2021,122,14,10,NA,NA,T,NA,NA,NA,NA,20211221410
1779,2021122,1650,2021,122,16,50,NA,NA,A,NA,NA,NA,NA,20211221650
1780,2021122,1830,2021,122,18,30,NA,NA,A,NA,NA,NA,NA,20211221830
1781,2021123,1315,2021,123,13,15,NA,NA,T,NA,NA,NA,NA,20211231315
1782,2021123,1455,2021,123,14,55,NA,NA,T,NA,NA,NA,NA,20211231455
1783,2021123,1735,2021,123,17,35,NA,NA,A,NA,NA,NA,NA,20211231735
1784,2021123,1910,2021,123,19,10,NA,NA,A,NA,NA,NA,NA,20211231910
1785,2021124,1400,2021,124,14,0,NA,NA,T,NA,NA,NA,NA,20211241400
1786,2021124,1640,2021,124,16,40,NA,NA,A,NA,NA,NA,NA,20211241640
1787,2021124,1815,2021,124,18,15,NA,NA,A,NA,NA,NA,NA,20211241815
1788,2021125,1305,2021,125,13,5,NA,NA,T,NA,NA,NA,NA,20211251305
1789,2021125,1440,2021,125,14,40,NA,NA,T,NA,NA,NA,NA,20211251440
1790,2021125,1720,2021,125,17,20,-34.55416666,-58.50906357,A,0.0895,0.06125,0.01,0,20211251720
1791,2021125,1900,2021,125,19,0,NA,NA,A,NA,NA,NA,NA,20211251900
1792,2021126,1345,2021,126,13,45,NA,NA,T,NA,NA,NA,NA,20211261345
1793,2021126,1625,2021,126,16,25,NA,NA,A,NA,NA,NA,NA,20211261625
1794,2021126,1805,2021,126,18,5,NA,NA,A,NA,NA,NA,NA,20211261805
1795,2021127,1250,2021,127,12,50,NA,NA,T,NA,NA,NA,NA,20211271250
1796,2021127,1430,2021,127,14,30,-34.55416666,-58.50906357,T,0.07633,0.05233,0.0106,0,20211271430
1797,2021127,1710,2021,127,17,10,-34.55416666,-58.50906357,A,0.0785,0.0535,0.0061,0,20211271710
1798,2021127,1845,2021,127,18,45,NA,NA,A,NA,NA,NA,NA,20211271845
1799,2021128,1335,2021,128,13,35,NA,NA,T,NA,NA,NA,NA,20211281335
1800,2021128,1515,2021,128,15,15,NA,NA,T,NA,NA,NA,NA,20211281515
1801,2021128,1615,2021,128,16,15,NA,NA,A,NA,NA,NA,NA,20211281615
1802,2021128,1750,2021,128,17,50,NA,NA,A,NA,NA,NA,NA,20211281750
1803,2021129,1240,2021,129,12,40,NA,NA,T,NA,NA,NA,NA,20211291240
1804,2021129,1420,2021,129,14,20,NA,NA,T,NA,NA,NA,NA,20211291420
1805,2021129,1655,2021,129,16,55,NA,NA,A,NA,NA,NA,NA,20211291655
1806,2021129,1835,2021,129,18,35,NA,NA,A,NA,NA,NA,NA,20211291835
1807,2021130,1325,2021,130,13,25,NA,NA,T,NA,NA,NA,NA,20211301325
1808,2021130,1500,2021,130,15,0,NA,NA,T,NA,NA,NA,NA,20211301500
1809,2021130,1740,2021,130,17,40,NA,NA,A,NA,NA,NA,NA,20211301740
1810,2021130,1915,2021,130,19,15,NA,NA,A,NA,NA,NA,NA,20211301915
1811,2021131,1225,2021,131,12,25,NA,NA,T,NA,NA,NA,NA,20211311225
1812,2021131,1405,2021,131,14,5,NA,NA,T,NA,NA,NA,NA,20211311405
1813,2021131,1645,2021,131,16,45,NA,NA,A,NA,NA,NA,NA,20211311645
1814,2021131,1825,2021,131,18,25,-34.55416666,-58.50906357,A,0.04475,0.0305,0.0139,0,20211311825
1815,2021132,1310,2021,132,13,10,-34.55416666,-58.50906357,T,0.07225,0.0495,0.0103,0,20211321310
1816,2021132,1450,2021,132,14,50,-34.55416666,-58.50906357,T,0.04275,0.02925,0.0051,0,20211321450
1817,2021132,1730,2021,132,17,30,-34.55416666,-58.50906357,A,0.0815,0.05575,0.0141,0,20211321730
1818,2021132,1905,2021,132,19,5,NA,NA,A,NA,NA,NA,NA,20211321905
1819,2021133,1355,2021,133,13,55,NA,NA,T,NA,NA,NA,NA,20211331355
1820,2021133,1630,2021,133,16,30,NA,NA,A,NA,NA,NA,NA,20211331630
1821,2021133,1810,2021,133,18,10,NA,NA,A,NA,NA,NA,NA,20211331810
1822,2021134,1300,2021,134,13,0,NA,NA,T,NA,NA,NA,NA,20211341300
1823,2021134,1435,2021,134,14,35,NA,NA,T,NA,NA,NA,NA,20211341435
1824,2021134,1715,2021,134,17,15,NA,NA,A,NA,NA,NA,NA,20211341715
1825,2021134,1850,2021,134,18,50,NA,NA,A,NA,NA,NA,NA,20211341850
1826,2021135,1340,2021,135,13,40,NA,NA,T,NA,NA,NA,NA,20211351340
1827,2021135,1620,2021,135,16,20,NA,NA,A,NA,NA,NA,NA,20211351620
1828,2021135,1800,2021,135,18,0,NA,NA,A,NA,NA,NA,NA,20211351800
1829,2021136,1245,2021,136,12,45,NA,NA,T,NA,NA,NA,NA,20211361245
1830,2021136,1425,2021,136,14,25,NA,NA,T,NA,NA,NA,NA,20211361425
1831,2021136,1705,2021,136,17,5,NA,NA,A,NA,NA,NA,NA,20211361705
1832,2021136,1840,2021,136,18,40,NA,NA,A,NA,NA,NA,NA,20211361840
1833,2021137,1330,2021,137,13,30,NA,NA,T,NA,NA,NA,NA,20211371330
1834,2021137,1505,2021,137,15,5,NA,NA,T,NA,NA,NA,NA,20211371505
1835,2021137,1745,2021,137,17,45,NA,NA,A,NA,NA,NA,NA,20211371745
1836,2021138,1235,2021,138,12,35,NA,NA,T,NA,NA,NA,NA,20211381235
1837,2021138,1410,2021,138,14,10,NA,NA,T,NA,NA,NA,NA,20211381410
1838,2021138,1650,2021,138,16,50,NA,NA,A,NA,NA,NA,NA,20211381650
1839,2021138,1830,2021,138,18,30,NA,NA,A,NA,NA,NA,NA,20211381830
1840,2021139,1315,2021,139,13,15,NA,NA,T,NA,NA,NA,NA,20211391315
1841,2021139,1455,2021,139,14,55,NA,NA,T,NA,NA,NA,NA,20211391455
1842,2021139,1735,2021,139,17,35,-34.55416666,-58.50906357,A,0.1395,0.096,0.0158,0,20211391735
1843,2021139,1910,2021,139,19,10,NA,NA,A,NA,NA,NA,NA,20211391910
1844,2021140,1400,2021,140,14,0,-34.55416666,-58.50906357,T,0.14375,0.09875,0.0241,0,20211401400
1845,2021140,1640,2021,140,16,40,NA,NA,A,NA,NA,NA,NA,20211401640
1846,2021140,1815,2021,140,18,15,NA,NA,A,NA,NA,NA,NA,20211401815
1847,2021141,1305,2021,141,13,5,NA,NA,T,NA,NA,NA,NA,20211411305
1848,2021141,1440,2021,141,14,40,NA,NA,T,NA,NA,NA,NA,20211411440
1849,2021141,1720,2021,141,17,20,NA,NA,A,NA,NA,NA,NA,20211411720
1850,2021141,1900,2021,141,19,0,NA,NA,A,NA,NA,NA,NA,20211411900
1851,2021142,1345,2021,142,13,45,NA,NA,T,NA,NA,NA,NA,20211421345
1852,2021142,1625,2021,142,16,25,NA,NA,A,NA,NA,NA,NA,20211421625
1853,2021142,1805,2021,142,18,5,NA,NA,A,NA,NA,NA,NA,20211421805
1854,2021143,1250,2021,143,12,50,NA,NA,T,NA,NA,NA,NA,20211431250
1855,2021143,1430,2021,143,14,30,NA,NA,T,NA,NA,NA,NA,20211431430
1856,2021143,1710,2021,143,17,10,NA,NA,A,NA,NA,NA,NA,20211431710
1857,2021143,1845,2021,143,18,45,NA,NA,A,NA,NA,NA,NA,20211431845
1858,2021144,1335,2021,144,13,35,NA,NA,T,NA,NA,NA,NA,20211441335
1859,2021144,1515,2021,144,15,15,NA,NA,T,NA,NA,NA,NA,20211441515
1860,2021144,1615,2021,144,16,15,NA,NA,A,NA,NA,NA,NA,20211441615
1861,2021144,1750,2021,144,17,50,NA,NA,A,NA,NA,NA,NA,20211441750
1862,2021145,1240,2021,145,12,40,NA,NA,T,NA,NA,NA,NA,20211451240
1863,2021145,1415,2021,145,14,15,-34.55416666,-58.49894527,T,0.136,0.094,0.0134,0,20211451415
1864,2021145,1655,2021,145,16,55,NA,NA,A,NA,NA,NA,NA,20211451655
1865,2021145,1835,2021,145,18,35,-34.55416666,-58.50906357,A,0.03833,0.02633,0.0086,0,20211451835
1866,2021146,1325,2021,146,13,25,NA,NA,T,NA,NA,NA,NA,20211461325
1867,2021146,1500,2021,146,15,0,NA,NA,T,NA,NA,NA,NA,20211461500
1868,2021146,1740,2021,146,17,40,-34.55416666,-58.50906357,A,0.098,0.067,0.0161,0,20211461740
1869,2021146,1915,2021,146,19,15,NA,NA,A,NA,NA,NA,NA,20211461915
1870,2021147,1225,2021,147,12,25,NA,NA,T,NA,NA,NA,NA,20211471225
1871,2021147,1405,2021,147,14,5,NA,NA,T,NA,NA,NA,NA,20211471405
1872,2021147,1645,2021,147,16,45,NA,NA,A,NA,NA,NA,NA,20211471645
1873,2021147,1825,2021,147,18,25,-34.55416666,-58.50906357,A,0.05775,0.0395,0.011,0,20211471825
1874,2021148,1310,2021,148,13,10,NA,NA,T,NA,NA,NA,NA,20211481310
1875,2021148,1450,2021,148,14,50,NA,NA,T,NA,NA,NA,NA,20211481450
1876,2021148,1725,2021,148,17,25,NA,NA,A,NA,NA,NA,NA,20211481725
1877,2021148,1905,2021,148,19,5,NA,NA,A,NA,NA,NA,NA,20211481905
1878,2021149,1355,2021,149,13,55,NA,NA,T,NA,NA,NA,NA,20211491355
1879,2021149,1630,2021,149,16,30,NA,NA,A,NA,NA,NA,NA,20211491630
1880,2021149,1810,2021,149,18,10,NA,NA,A,NA,NA,NA,NA,20211491810
1881,2021150,1300,2021,150,13,0,NA,NA,T,NA,NA,NA,NA,20211501300
1882,2021150,1435,2021,150,14,35,-34.55416666,-58.50906357,T,0.08925,0.06125,0.0081,0,20211501435
1883,2021150,1715,2021,150,17,15,-34.55416666,-58.50906357,A,0.11925,0.08175,0.0094,0,20211501715
1884,2021150,1850,2021,150,18,50,NA,NA,A,NA,NA,NA,NA,20211501850
1885,2021151,1340,2021,151,13,40,-34.55416666,-58.50906357,T,0.08325,0.057,0.0164,0,20211511340
1886,2021151,1620,2021,151,16,20,NA,NA,A,NA,NA,NA,NA,20211511620
1887,2021151,1800,2021,151,18,0,NA,NA,A,NA,NA,NA,NA,20211511800
1888,2021152,1245,2021,152,12,45,NA,NA,T,NA,NA,NA,NA,20211521245
1889,2021152,1425,2021,152,14,25,NA,NA,T,NA,NA,NA,NA,20211521425
1890,2021152,1705,2021,152,17,5,NA,NA,A,NA,NA,NA,NA,20211521705
1891,2021152,1840,2021,152,18,40,NA,NA,A,NA,NA,NA,NA,20211521840
1892,2021153,1330,2021,153,13,30,NA,NA,T,NA,NA,NA,NA,20211531330
1893,2021153,1505,2021,153,15,5,NA,NA,T,NA,NA,NA,NA,20211531505
1894,2021153,1745,2021,153,17,45,-34.55416666,-58.50906357,A,0.02225,0.01525,0.0208,0,20211531745
1895,2021154,1235,2021,154,12,35,NA,NA,T,NA,NA,NA,NA,20211541235
1896,2021154,1410,2021,154,14,10,NA,NA,T,NA,NA,NA,NA,20211541410
1897,2021154,1650,2021,154,16,50,NA,NA,A,NA,NA,NA,NA,20211541650
1898,2021154,1830,2021,154,18,30,NA,NA,A,NA,NA,NA,NA,20211541830
1899,2021155,1315,2021,155,13,15,NA,NA,T,NA,NA,NA,NA,20211551315
1900,2021155,1455,2021,155,14,55,NA,NA,T,NA,NA,NA,NA,20211551455
1901,2021155,1735,2021,155,17,35,NA,NA,A,NA,NA,NA,NA,20211551735
1902,2021155,1910,2021,155,19,10,NA,NA,A,NA,NA,NA,NA,20211551910
1903,2021156,1400,2021,156,14,0,NA,NA,T,NA,NA,NA,NA,20211561400
1904,2021156,1640,2021,156,16,40,NA,NA,A,NA,NA,NA,NA,20211561640
1905,2021156,1815,2021,156,18,15,NA,NA,A,NA,NA,NA,NA,20211561815
1906,2021157,1305,2021,157,13,5,NA,NA,T,NA,NA,NA,NA,20211571305
1907,2021157,1440,2021,157,14,40,-34.55416666,-58.50906357,T,0.065,0.0445,0.0078,0,20211571440
1908,2021157,1720,2021,157,17,20,NA,NA,A,NA,NA,NA,NA,20211571720
1909,2021157,1900,2021,157,19,0,NA,NA,A,NA,NA,NA,NA,20211571900
1910,2021158,1345,2021,158,13,45,NA,NA,T,NA,NA,NA,NA,20211581345
1911,2021158,1625,2021,158,16,25,NA,NA,A,NA,NA,NA,NA,20211581625
1912,2021158,1805,2021,158,18,5,NA,NA,A,NA,NA,NA,NA,20211581805
1913,2021159,1250,2021,159,12,50,NA,NA,T,NA,NA,NA,NA,20211591250
1914,2021159,1430,2021,159,14,30,NA,NA,T,NA,NA,NA,NA,20211591430
1915,2021159,1710,2021,159,17,10,-34.55416666,-58.50906357,A,0.09575,0.06525,0.008,0,20211591710
1916,2021159,1845,2021,159,18,45,NA,NA,A,NA,NA,NA,NA,20211591845
1917,2021160,1335,2021,160,13,35,NA,NA,T,NA,NA,NA,NA,20211601335
1918,2021160,1515,2021,160,15,15,NA,NA,T,NA,NA,NA,NA,20211601515
1919,2021160,1615,2021,160,16,15,NA,NA,A,NA,NA,NA,NA,20211601615
1920,2021160,1750,2021,160,17,50,NA,NA,A,NA,NA,NA,NA,20211601750
1921,2021161,1240,2021,161,12,40,NA,NA,T,NA,NA,NA,NA,20211611240
1922,2021161,1415,2021,161,14,15,-34.55416666,-58.50906357,T,0.2215,0.15375,0.0151,0,20211611415
1923,2021161,1655,2021,161,16,55,NA,NA,A,NA,NA,NA,NA,20211611655
1924,2021161,1835,2021,161,18,35,NA,NA,A,NA,NA,NA,NA,20211611835
1925,2021162,1320,2021,162,13,20,NA,NA,T,NA,NA,NA,NA,20211621320
1926,2021162,1500,2021,162,15,0,NA,NA,T,NA,NA,NA,NA,20211621500
1927,2021162,1740,2021,162,17,40,NA,NA,A,NA,NA,NA,NA,20211621740
1928,2021162,1915,2021,162,19,15,NA,NA,A,NA,NA,NA,NA,20211621915
1929,2021163,1225,2021,163,12,25,NA,NA,T,NA,NA,NA,NA,20211631225
1930,2021163,1405,2021,163,14,5,-34.55416666,-58.50906357,T,0.0885,0.0605,0.0229,0,20211631405
1931,2021163,1645,2021,163,16,45,NA,NA,A,NA,NA,NA,NA,20211631645
1932,2021163,1825,2021,163,18,25,NA,NA,A,NA,NA,NA,NA,20211631825
1933,2021164,1310,2021,164,13,10,-34.55416666,-58.50906357,T,0.07875,0.05425,0.0206,0,20211641310
1934,2021164,1450,2021,164,14,50,-34.55416666,-58.50906357,T,0.0705,0.04825,0.0067,0,20211641450
1935,2021164,1730,2021,164,17,30,-34.55416666,-58.50906357,A,0.0715,0.049,0.0133,0,20211641730
1936,2021164,1905,2021,164,19,5,NA,NA,A,NA,NA,NA,NA,20211641905
1937,2021165,1355,2021,165,13,55,-34.55416666,-58.50906357,T,0.16775,0.11525,0.024,0,20211651355
1938,2021165,1630,2021,165,16,30,NA,NA,A,NA,NA,NA,NA,20211651630
1939,2021165,1810,2021,165,18,10,NA,NA,A,NA,NA,NA,NA,20211651810
1940,2021166,1300,2021,166,13,0,NA,NA,T,NA,NA,NA,NA,20211661300
1941,2021166,1435,2021,166,14,35,-34.55416666,-58.50906357,T,0.09025,0.0615,0.0083,0,20211661435
1942,2021166,1715,2021,166,17,15,NA,NA,A,NA,NA,NA,NA,20211661715
1943,2021166,1850,2021,166,18,50,NA,NA,A,NA,NA,NA,NA,20211661850
1944,2021167,1340,2021,167,13,40,NA,NA,T,NA,NA,NA,NA,20211671340
1945,2021167,1620,2021,167,16,20,NA,NA,A,NA,NA,NA,NA,20211671620
1946,2021167,1800,2021,167,18,0,NA,NA,A,NA,NA,NA,NA,20211671800
1947,2021168,1245,2021,168,12,45,NA,NA,T,NA,NA,NA,NA,20211681245
1948,2021168,1425,2021,168,14,25,-34.55416666,-58.50906357,T,0.121,0.0825,0.012,0,20211681425
1949,2021168,1705,2021,168,17,5,NA,NA,A,NA,NA,NA,NA,20211681705
1950,2021168,1840,2021,168,18,40,NA,NA,A,NA,NA,NA,NA,20211681840
1951,2021169,1330,2021,169,13,30,NA,NA,T,NA,NA,NA,NA,20211691330
1952,2021169,1505,2021,169,15,5,NA,NA,T,NA,NA,NA,NA,20211691505
1953,2021169,1745,2021,169,17,45,NA,NA,A,NA,NA,NA,NA,20211691745
1954,2021170,1235,2021,170,12,35,NA,NA,T,NA,NA,NA,NA,20211701235
1955,2021170,1410,2021,170,14,10,NA,NA,T,NA,NA,NA,NA,20211701410
1956,2021170,1650,2021,170,16,50,NA,NA,A,NA,NA,NA,NA,20211701650
1957,2021170,1830,2021,170,18,30,NA,NA,A,NA,NA,NA,NA,20211701830
1958,2021171,1315,2021,171,13,15,-34.55416666,-58.50906357,T,0.192,0.132,0.0103,0,20211711315
1959,2021171,1455,2021,171,14,55,NA,NA,T,NA,NA,NA,NA,20211711455
1960,2021171,1735,2021,171,17,35,NA,NA,A,NA,NA,NA,NA,20211711735
1961,2021171,1910,2021,171,19,10,NA,NA,A,NA,NA,NA,NA,20211711910
1962,2021172,1400,2021,172,14,0,NA,NA,T,NA,NA,NA,NA,20211721400
1963,2021172,1640,2021,172,16,40,NA,NA,A,NA,NA,NA,NA,20211721640
1964,2021172,1815,2021,172,18,15,NA,NA,A,NA,NA,NA,NA,20211721815
1965,2021173,1305,2021,173,13,5,NA,NA,T,NA,NA,NA,NA,20211731305
1966,2021173,1440,2021,173,14,40,-34.55416666,-58.50906357,T,0.118,0.08125,0.0075,0,20211731440
1967,2021173,1720,2021,173,17,20,-34.55416666,-58.50906357,A,0.10725,0.07375,0.0111,0,20211731720
1968,2021173,1900,2021,173,19,0,NA,NA,A,NA,NA,NA,NA,20211731900
1969,2021174,1345,2021,174,13,45,NA,NA,T,NA,NA,NA,NA,20211741345
1970,2021174,1625,2021,174,16,25,NA,NA,A,NA,NA,NA,NA,20211741625
1971,2021174,1805,2021,174,18,5,NA,NA,A,NA,NA,NA,NA,20211741805
1972,2021175,1250,2021,175,12,50,NA,NA,T,NA,NA,NA,NA,20211751250
1973,2021175,1430,2021,175,14,30,NA,NA,T,NA,NA,NA,NA,20211751430
1974,2021175,1710,2021,175,17,10,-34.55416666,-58.50906357,A,0.09725,0.0665,0.0079,0,20211751710
1975,2021175,1845,2021,175,18,45,NA,NA,A,NA,NA,NA,NA,20211751845
1976,2021176,1335,2021,176,13,35,NA,NA,T,NA,NA,NA,NA,20211761335
1977,2021176,1510,2021,176,15,10,NA,NA,T,NA,NA,NA,NA,20211761510
1978,2021176,1615,2021,176,16,15,NA,NA,A,NA,NA,NA,NA,20211761615
1979,2021176,1750,2021,176,17,50,-34.55416666,-58.50906357,A,0.037,0.02525,0.0264,0,20211761750
1980,2021177,1240,2021,177,12,40,NA,NA,T,NA,NA,NA,NA,20211771240
1981,2021177,1415,2021,177,14,15,NA,NA,T,NA,NA,NA,NA,20211771415
1982,2021177,1655,2021,177,16,55,NA,NA,A,NA,NA,NA,NA,20211771655
1983,2021177,1835,2021,177,18,35,NA,NA,A,NA,NA,NA,NA,20211771835
1984,2021178,1320,2021,178,13,20,NA,NA,T,NA,NA,NA,NA,20211781320
1985,2021178,1500,2021,178,15,0,NA,NA,T,NA,NA,NA,NA,20211781500
1986,2021178,1740,2021,178,17,40,NA,NA,A,NA,NA,NA,NA,20211781740
1987,2021178,1915,2021,178,19,15,NA,NA,A,NA,NA,NA,NA,20211781915
1988,2021179,1225,2021,179,12,25,NA,NA,T,NA,NA,NA,NA,20211791225
1989,2021179,1405,2021,179,14,5,NA,NA,T,NA,NA,NA,NA,20211791405
1990,2021179,1645,2021,179,16,45,NA,NA,A,NA,NA,NA,NA,20211791645
1991,2021179,1820,2021,179,18,20,NA,NA,A,NA,NA,NA,NA,20211791820
1992,2021180,1310,2021,180,13,10,NA,NA,T,NA,NA,NA,NA,20211801310
1993,2021180,1450,2021,180,14,50,NA,NA,T,NA,NA,NA,NA,20211801450
1994,2021180,1725,2021,180,17,25,NA,NA,A,NA,NA,NA,NA,20211801725
1995,2021180,1905,2021,180,19,5,NA,NA,A,NA,NA,NA,NA,20211801905
1996,2021181,1350,2021,181,13,50,NA,NA,T,NA,NA,NA,NA,20211811350
1997,2021181,1630,2021,181,16,30,NA,NA,A,NA,NA,NA,NA,20211811630
1998,2021181,1810,2021,181,18,10,NA,NA,A,NA,NA,NA,NA,20211811810
1999,2021182,1255,2021,182,12,55,NA,NA,T,NA,NA,NA,NA,20211821255
2000,2021182,1435,2021,182,14,35,NA,NA,T,NA,NA,NA,NA,20211821435
2001,2021182,1715,2021,182,17,15,NA,NA,A,NA,NA,NA,NA,20211821715
2002,2021182,1850,2021,182,18,50,NA,NA,A,NA,NA,NA,NA,20211821850
2003,2021183,1340,2021,183,13,40,NA,NA,T,NA,NA,NA,NA,20211831340
2004,2021183,1620,2021,183,16,20,NA,NA,A,NA,NA,NA,NA,20211831620
2005,2021183,1800,2021,183,18,0,-34.55416666,-58.50906357,A,0.10067,0.06867,0.0268,0,20211831800
2006,2021184,1245,2021,184,12,45,NA,NA,T,NA,NA,NA,NA,20211841245
2007,2021184,1705,2021,184,17,5,-34.55416666,-58.50906357,A,0.054,0.037,0.0065,0,20211841705
2008,2021184,1840,2021,184,18,40,-34.5625,-58.51492525,A,0.0195,0.013,0.0047,0,20211841840
2009,2021185,1330,2021,185,13,30,-34.55416666,-58.50906357,T,0.09225,0.063,0.0144,0,20211851330
2010,2021185,1505,2021,185,15,5,NA,NA,T,NA,NA,NA,NA,20211851505
2011,2021185,1745,2021,185,17,45,-34.55416666,-58.50906357,A,0.045,0.03075,0.0283,0,20211851745
2012,2021186,1235,2021,186,12,35,NA,NA,T,NA,NA,NA,NA,20211861235
2013,2021186,1410,2021,186,14,10,-34.55416666,-58.50906357,T,0.12867,0.08833,0.02,0,20211861410
2014,2021186,1650,2021,186,16,50,NA,NA,A,NA,NA,NA,NA,20211861650
2015,2021186,1830,2021,186,18,30,-34.55416666,-58.50906357,A,0.048,0.0325,0.0158,0,20211861830
2016,2021187,1315,2021,187,13,15,NA,NA,T,NA,NA,NA,NA,20211871315
2017,2021187,1455,2021,187,14,55,NA,NA,T,NA,NA,NA,NA,20211871455
2018,2021187,1735,2021,187,17,35,-34.55416666,-58.50906357,A,0.193,0.1325,0.0182,0,20211871735
2019,2021187,1910,2021,187,19,10,NA,NA,A,NA,NA,NA,NA,20211871910
2020,2021188,1400,2021,188,14,0,NA,NA,T,NA,NA,NA,NA,20211881400
2021,2021188,1640,2021,188,16,40,NA,NA,A,NA,NA,NA,NA,20211881640
2022,2021188,1815,2021,188,18,15,NA,NA,A,NA,NA,NA,NA,20211881815
2023,2021189,1305,2021,189,13,5,NA,NA,T,NA,NA,NA,NA,20211891305
2024,2021189,1440,2021,189,14,40,NA,NA,T,NA,NA,NA,NA,20211891440
2025,2021189,1720,2021,189,17,20,-34.55416666,-58.50906357,A,0.26875,0.1865,0.0114,0,20211891720
2026,2021189,1900,2021,189,19,0,NA,NA,A,NA,NA,NA,NA,20211891900
2027,2021190,1345,2021,190,13,45,-34.55416666,-58.50906357,T,0.1765,0.12125,0.0254,0,20211901345
2028,2021190,1625,2021,190,16,25,NA,NA,A,NA,NA,NA,NA,20211901625
2029,2021190,1805,2021,190,18,5,NA,NA,A,NA,NA,NA,NA,20211901805
2030,2021191,1250,2021,191,12,50,NA,NA,T,NA,NA,NA,NA,20211911250
2031,2021191,1430,2021,191,14,30,-34.55416666,-58.50906357,T,0.09975,0.06825,0.0099,0,20211911430
2032,2021191,1710,2021,191,17,10,-34.55416666,-58.50906357,A,0.05075,0.0345,0.0063,0,20211911710
2033,2021191,1845,2021,191,18,45,NA,NA,A,NA,NA,NA,NA,20211911845
2034,2021192,1335,2021,192,13,35,-34.55416666,-58.50906357,T,0.06575,0.045,0.0156,0,20211921335
2035,2021192,1510,2021,192,15,10,NA,NA,T,NA,NA,NA,NA,20211921510
2036,2021192,1615,2021,192,16,15,NA,NA,A,NA,NA,NA,NA,20211921615
2037,2021192,1750,2021,192,17,50,NA,NA,A,NA,NA,NA,NA,20211921750
2038,2021193,1240,2021,193,12,40,NA,NA,T,NA,NA,NA,NA,20211931240
2039,2021193,1415,2021,193,14,15,NA,NA,T,NA,NA,NA,NA,20211931415
2040,2021193,1655,2021,193,16,55,NA,NA,A,NA,NA,NA,NA,20211931655
2041,2021193,1835,2021,193,18,35,NA,NA,A,NA,NA,NA,NA,20211931835
2042,2021194,1320,2021,194,13,20,NA,NA,T,NA,NA,NA,NA,20211941320
2043,2021194,1500,2021,194,15,0,NA,NA,T,NA,NA,NA,NA,20211941500
2044,2021194,1740,2021,194,17,40,NA,NA,A,NA,NA,NA,NA,20211941740
2045,2021194,1915,2021,194,19,15,NA,NA,A,NA,NA,NA,NA,20211941915
2046,2021195,1225,2021,195,12,25,NA,NA,T,NA,NA,NA,NA,20211951225
2047,2021195,1405,2021,195,14,5,NA,NA,T,NA,NA,NA,NA,20211951405
2048,2021195,1645,2021,195,16,45,NA,NA,A,NA,NA,NA,NA,20211951645
2049,2021195,1825,2021,195,18,25,NA,NA,A,NA,NA,NA,NA,20211951825
2050,2021196,1310,2021,196,13,10,NA,NA,T,NA,NA,NA,NA,20211961310
2051,2021196,1445,2021,196,14,45,NA,NA,T,NA,NA,NA,NA,20211961445
2052,2021196,1730,2021,196,17,30,-34.55416666,-58.50906357,A,0.107,0.0735,0.0148,0,20211961730
2053,2021196,1905,2021,196,19,5,NA,NA,A,NA,NA,NA,NA,20211961905
2054,2021197,1350,2021,197,13,50,NA,NA,T,NA,NA,NA,NA,20211971350
2055,2021197,1630,2021,197,16,30,NA,NA,A,NA,NA,NA,NA,20211971630
2056,2021197,1810,2021,197,18,10,NA,NA,A,NA,NA,NA,NA,20211971810
2057,2021198,1255,2021,198,12,55,NA,NA,T,NA,NA,NA,NA,20211981255
2058,2021198,1435,2021,198,14,35,-34.55416666,-58.50906357,T,0.06025,0.04125,0.0084,0,20211981435
2059,2021198,1715,2021,198,17,15,NA,NA,A,NA,NA,NA,NA,20211981715
2060,2021198,1850,2021,198,18,50,NA,NA,A,NA,NA,NA,NA,20211981850
2061,2021199,1340,2021,199,13,40,NA,NA,T,NA,NA,NA,NA,20211991340
2062,2021199,1620,2021,199,16,20,NA,NA,A,NA,NA,NA,NA,20211991620
2063,2021199,1800,2021,199,18,0,NA,NA,A,NA,NA,NA,NA,20211991800
2064,2021200,1245,2021,200,12,45,NA,NA,T,NA,NA,NA,NA,20212001245
2065,2021200,1425,2021,200,14,25,NA,NA,T,NA,NA,NA,NA,20212001425
2066,2021200,1705,2021,200,17,5,-34.55416666,-58.50906357,A,0.09125,0.0625,0.0068,0,20212001705
2067,2021200,1840,2021,200,18,40,-34.55416666,-58.50906357,A,0.0405,0.0275,0.0083,0,20212001840
2068,2021201,1330,2021,201,13,30,NA,NA,T,NA,NA,NA,NA,20212011330
2069,2021201,1505,2021,201,15,5,NA,NA,T,NA,NA,NA,NA,20212011505
2070,2021201,1605,2021,201,16,5,NA,NA,A,NA,NA,NA,NA,20212011605
2071,2021201,1745,2021,201,17,45,-34.55416666,-58.50906357,A,0.03675,0.025,0.0219,0,20212011745
2072,2021202,1230,2021,202,12,30,NA,NA,T,NA,NA,NA,NA,20212021230
2073,2021202,1410,2021,202,14,10,-34.55416666,-58.50906357,T,0.162,0.1115,0.022,0,20212021410
2074,2021202,1650,2021,202,16,50,NA,NA,A,NA,NA,NA,NA,20212021650
2075,2021202,1830,2021,202,18,30,-34.55416666,-58.50906357,A,0.15933,0.10933,0.012,0,20212021830
2076,2021203,1315,2021,203,13,15,NA,NA,T,NA,NA,NA,NA,20212031315
2077,2021203,1455,2021,203,14,55,NA,NA,T,NA,NA,NA,NA,20212031455
2078,2021203,1735,2021,203,17,35,NA,NA,A,NA,NA,NA,NA,20212031735
2079,2021203,1910,2021,203,19,10,NA,NA,A,NA,NA,NA,NA,20212031910
2080,2021204,1400,2021,204,14,0,-34.55416666,-58.50906357,T,0.16875,0.116,0.0324,0,20212041400
2081,2021204,1640,2021,204,16,40,NA,NA,A,NA,NA,NA,NA,20212041640
2082,2021204,1815,2021,204,18,15,-34.55416666,-58.50906357,A,0.15625,0.10725,0.0176,0,20212041815
2083,2021205,1305,2021,205,13,5,NA,NA,T,NA,NA,NA,NA,20212051305
2084,2021205,1440,2021,205,14,40,NA,NA,T,NA,NA,NA,NA,20212051440
2085,2021205,1720,2021,205,17,20,NA,NA,A,NA,NA,NA,NA,20212051720
2086,2021205,1900,2021,205,19,0,NA,NA,A,NA,NA,NA,NA,20212051900
2087,2021206,1345,2021,206,13,45,NA,NA,T,NA,NA,NA,NA,20212061345
2088,2021206,1625,2021,206,16,25,NA,NA,A,NA,NA,NA,NA,20212061625
2089,2021206,1805,2021,206,18,5,NA,NA,A,NA,NA,NA,NA,20212061805
2090,2021207,1250,2021,207,12,50,NA,NA,T,NA,NA,NA,NA,20212071250
2091,2021207,1430,2021,207,14,30,-34.55416666,-58.50906357,T,0.0895,0.06125,0.0115,0,20212071430
2092,2021207,1710,2021,207,17,10,-34.55416666,-58.50906357,A,0.069,0.04725,0.0087,0,20212071710
2093,2021207,1845,2021,207,18,45,NA,NA,A,NA,NA,NA,NA,20212071845
2094,2021208,1335,2021,208,13,35,-34.55416666,-58.50906357,T,0.04275,0.0295,0.0176,0,20212081335
2095,2021208,1510,2021,208,15,10,NA,NA,T,NA,NA,NA,NA,20212081510
2096,2021208,1615,2021,208,16,15,NA,NA,A,NA,NA,NA,NA,20212081615
2097,2021208,1750,2021,208,17,50,NA,NA,A,NA,NA,NA,NA,20212081750
2098,2021209,1240,2021,209,12,40,NA,NA,T,NA,NA,NA,NA,20212091240
2099,2021209,1415,2021,209,14,15,NA,NA,T,NA,NA,NA,NA,20212091415
2100,2021209,1655,2021,209,16,55,NA,NA,A,NA,NA,NA,NA,20212091655
2101,2021209,1835,2021,209,18,35,NA,NA,A,NA,NA,NA,NA,20212091835
2102,2021210,1320,2021,210,13,20,-34.55416666,-58.50906357,T,0.055,0.03725,0.0118,0,20212101320
2103,2021210,1500,2021,210,15,0,NA,NA,T,NA,NA,NA,NA,20212101500
2104,2021210,1740,2021,210,17,40,NA,NA,A,NA,NA,NA,NA,20212101740
2105,2021210,1915,2021,210,19,15,NA,NA,A,NA,NA,NA,NA,20212101915
2106,2021211,1225,2021,211,12,25,NA,NA,T,NA,NA,NA,NA,20212111225
2107,2021211,1405,2021,211,14,5,-34.55416666,-58.50906357,T,0.07825,0.0535,0.0279,0,20212111405
2108,2021211,1645,2021,211,16,45,NA,NA,A,NA,NA,NA,NA,20212111645
2109,2021211,1825,2021,211,18,25,-34.55416666,-58.50906357,A,0.02933,0.02,0.0143,0,20212111825
2110,2021212,1310,2021,212,13,10,NA,NA,T,NA,NA,NA,NA,20212121310
2111,2021212,1445,2021,212,14,45,-34.55416666,-58.50906357,T,0.1025,0.07025,0.006,0,20212121445
2112,2021212,1730,2021,212,17,30,-34.55416666,-58.50906357,A,0.1455,0.09975,0.0177,0,20212121730
2113,2021212,1905,2021,212,19,5,NA,NA,A,NA,NA,NA,NA,20212121905
2114,2021213,1350,2021,213,13,50,-34.55416666,-58.50906357,T,0.157,0.108,0.0311,0,20212131350
2115,2021213,1630,2021,213,16,30,NA,NA,A,NA,NA,NA,NA,20212131630
2116,2021213,1810,2021,213,18,10,-34.55416666,-58.50906357,A,0.29225,0.2035,0.0254,0,20212131810
2117,2021214,1255,2021,214,12,55,NA,NA,T,NA,NA,NA,NA,20212141255
2118,2021214,1435,2021,214,14,35,-34.55416666,-58.50906357,T,0.13825,0.095,0.01,0,20212141435
2119,2021214,1715,2021,214,17,15,-34.55416666,-58.50906357,A,0.11225,0.07725,0.0115,0,20212141715
2120,2021214,1850,2021,214,18,50,NA,NA,A,NA,NA,NA,NA,20212141850
2121,2021215,1340,2021,215,13,40,-34.55416666,-58.50906357,T,0.0285,0.0195,0.0259,0,20212151340
2122,2021215,1620,2021,215,16,20,NA,NA,A,NA,NA,NA,NA,20212151620
2123,2021215,1800,2021,215,18,0,-34.55416666,-58.50906357,A,0.02825,0.019,0.0346,0,20212151800
2124,2021216,1245,2021,216,12,45,NA,NA,T,NA,NA,NA,NA,20212161245
2125,2021216,1420,2021,216,14,20,NA,NA,T,NA,NA,NA,NA,20212161420
2126,2021216,1705,2021,216,17,5,-34.55416666,-58.50906357,A,0.071,0.04875,0.0079,0,20212161705
2127,2021216,1840,2021,216,18,40,-34.55416666,-58.50906357,A,0.02575,0.0175,0.0111,0,20212161840
2128,2021217,1330,2021,217,13,30,NA,NA,T,NA,NA,NA,NA,20212171330
2129,2021217,1505,2021,217,15,5,NA,NA,T,NA,NA,NA,NA,20212171505
2130,2021217,1605,2021,217,16,5,NA,NA,A,NA,NA,NA,NA,20212171605
2131,2021217,1745,2021,217,17,45,NA,NA,A,NA,NA,NA,NA,20212171745
2132,2021218,1230,2021,218,12,30,NA,NA,T,NA,NA,NA,NA,20212181230
2133,2021218,1410,2021,218,14,10,-34.55416666,-58.50906357,T,0.1675,0.115,0.0269,0,20212181410
2134,2021218,1650,2021,218,16,50,NA,NA,A,NA,NA,NA,NA,20212181650
2135,2021218,1830,2021,218,18,30,-34.55416666,-58.50906357,A,0.076,0.052,0.0152,0,20212181830
2136,2021219,1315,2021,219,13,15,-34.55416666,-58.50906357,T,0.1525,0.10475,0.0131,0,20212191315
2137,2021219,1455,2021,219,14,55,NA,NA,T,NA,NA,NA,NA,20212191455
2138,2021219,1735,2021,219,17,35,-34.55416666,-58.50906357,A,0.2735,0.19,0.0236,0,20212191735
2139,2021219,1910,2021,219,19,10,NA,NA,A,NA,NA,NA,NA,20212191910
2140,2021220,1400,2021,220,14,0,NA,NA,T,NA,NA,NA,NA,20212201400
2141,2021220,1640,2021,220,16,40,NA,NA,A,NA,NA,NA,NA,20212201640
2142,2021220,1815,2021,220,18,15,NA,NA,A,NA,NA,NA,NA,20212201815
2143,2021221,1305,2021,221,13,5,NA,NA,T,NA,NA,NA,NA,20212211305
2144,2021221,1440,2021,221,14,40,NA,NA,T,NA,NA,NA,NA,20212211440
2145,2021221,1720,2021,221,17,20,NA,NA,A,NA,NA,NA,NA,20212211720
2146,2021221,1900,2021,221,19,0,NA,NA,A,NA,NA,NA,NA,20212211900
2147,2021222,1345,2021,222,13,45,NA,NA,T,NA,NA,NA,NA,20212221345
2148,2021222,1625,2021,222,16,25,NA,NA,A,NA,NA,NA,NA,20212221625
2149,2021222,1805,2021,222,18,5,-34.55416666,-58.49894527,A,0.025,0.017,0.0271,0,20212221805
2150,2021223,1250,2021,223,12,50,NA,NA,T,NA,NA,NA,NA,20212231250
2151,2021223,1430,2021,223,14,30,-34.55416666,-58.50906357,T,0.05075,0.03475,0.0133,0,20212231430
2152,2021223,1710,2021,223,17,10,-34.55416666,-58.50906357,A,0.06925,0.04725,0.0098,0,20212231710
2153,2021223,1845,2021,223,18,45,NA,NA,A,NA,NA,NA,NA,20212231845
2154,2021224,1335,2021,224,13,35,-34.55416666,-58.50906357,T,0.09925,0.068,0.0238,0,20212241335
2155,2021224,1510,2021,224,15,10,NA,NA,T,NA,NA,NA,NA,20212241510
2156,2021224,1615,2021,224,16,15,NA,NA,A,NA,NA,NA,NA,20212241615
2157,2021224,1750,2021,224,17,50,-34.55416666,-58.50906357,A,0.021,0.0145,0.0406,0,20212241750
2158,2021225,1240,2021,225,12,40,NA,NA,T,NA,NA,NA,NA,20212251240
2159,2021225,1415,2021,225,14,15,-34.55416666,-58.49894527,T,0.15,0.103,0.0199,0,20212251415
2160,2021225,1655,2021,225,16,55,NA,NA,A,NA,NA,NA,NA,20212251655
2161,2021225,1835,2021,225,18,35,NA,NA,A,NA,NA,NA,NA,20212251835
2162,2021226,1320,2021,226,13,20,-34.55416666,-58.50906357,T,0.10825,0.074,0.0173,0,20212261320
2163,2021226,1500,2021,226,15,0,NA,NA,T,NA,NA,NA,NA,20212261500
2164,2021226,1740,2021,226,17,40,NA,NA,A,NA,NA,NA,NA,20212261740
2165,2021226,1915,2021,226,19,15,NA,NA,A,NA,NA,NA,NA,20212261915
2166,2021227,1225,2021,227,12,25,NA,NA,T,NA,NA,NA,NA,20212271225
2167,2021227,1405,2021,227,14,5,NA,NA,T,NA,NA,NA,NA,20212271405
2168,2021227,1645,2021,227,16,45,NA,NA,A,NA,NA,NA,NA,20212271645
2169,2021227,1825,2021,227,18,25,NA,NA,A,NA,NA,NA,NA,20212271825
2170,2021228,1310,2021,228,13,10,NA,NA,T,NA,NA,NA,NA,20212281310
2171,2021228,1445,2021,228,14,45,NA,NA,T,NA,NA,NA,NA,20212281445
2172,2021228,1730,2021,228,17,30,-34.55416666,-58.50906357,A,0.08375,0.05725,0.0187,0,20212281730
2173,2021228,1905,2021,228,19,5,NA,NA,A,NA,NA,NA,NA,20212281905
2174,2021229,1350,2021,229,13,50,NA,NA,T,NA,NA,NA,NA,20212291350
2175,2021229,1630,2021,229,16,30,NA,NA,A,NA,NA,NA,NA,20212291630
2176,2021229,1810,2021,229,18,10,NA,NA,A,NA,NA,NA,NA,20212291810
2177,2021230,1255,2021,230,12,55,NA,NA,T,NA,NA,NA,NA,20212301255
2178,2021230,1435,2021,230,14,35,-34.55416666,-58.50906357,T,0.566,0.403,0.0105,0,20212301435
2179,2021230,1715,2021,230,17,15,-34.5625,-58.51492525,A,0.5335,0.3765,0.0124,0,20212301715
2180,2021230,1850,2021,230,18,50,NA,NA,A,NA,NA,NA,NA,20212301850
2181,2021231,1340,2021,231,13,40,NA,NA,T,NA,NA,NA,NA,20212311340
2182,2021231,1620,2021,231,16,20,NA,NA,A,NA,NA,NA,NA,20212311620
2183,2021231,1800,2021,231,18,0,-34.55416666,-58.50906357,A,0.039,0.0265,0.0392,0,20212311800
2184,2021232,1245,2021,232,12,45,NA,NA,T,NA,NA,NA,NA,20212321245
2185,2021232,1420,2021,232,14,20,NA,NA,T,NA,NA,NA,NA,20212321420
2186,2021232,1705,2021,232,17,5,-34.55416666,-58.50906357,A,0.07,0.048,0.0074,0,20212321705
2187,2021232,1840,2021,232,18,40,NA,NA,A,NA,NA,NA,NA,20212321840
2188,2021233,1325,2021,233,13,25,NA,NA,T,NA,NA,NA,NA,20212331325
2189,2021233,1505,2021,233,15,5,NA,NA,T,NA,NA,NA,NA,20212331505
2190,2021233,1605,2021,233,16,5,NA,NA,A,NA,NA,NA,NA,20212331605
2191,2021233,1745,2021,233,17,45,NA,NA,A,NA,NA,NA,NA,20212331745
2192,2021234,1230,2021,234,12,30,NA,NA,T,NA,NA,NA,NA,20212341230
2193,2021234,1410,2021,234,14,10,-34.55416666,-58.50906357,T,0.06825,0.0465,0.0317,0,20212341410
2194,2021234,1650,2021,234,16,50,NA,NA,A,NA,NA,NA,NA,20212341650
2195,2021234,1830,2021,234,18,30,-34.55416666,-58.50906357,A,0.027,0.0185,0.0159,0,20212341830
2196,2021235,1315,2021,235,13,15,NA,NA,T,NA,NA,NA,NA,20212351315
2197,2021235,1455,2021,235,14,55,NA,NA,T,NA,NA,NA,NA,20212351455
2198,2021235,1735,2021,235,17,35,NA,NA,A,NA,NA,NA,NA,20212351735
2199,2021235,1910,2021,235,19,10,NA,NA,A,NA,NA,NA,NA,20212351910
2200,2021236,1400,2021,236,14,0,NA,NA,T,NA,NA,NA,NA,20212361400
2201,2021236,1640,2021,236,16,40,NA,NA,A,NA,NA,NA,NA,20212361640
2202,2021236,1815,2021,236,18,15,NA,NA,A,NA,NA,NA,NA,20212361815
2203,2021237,1305,2021,237,13,5,NA,NA,T,NA,NA,NA,NA,20212371305
2204,2021237,1440,2021,237,14,40,NA,NA,T,NA,NA,NA,NA,20212371440
2205,2021237,1720,2021,237,17,20,NA,NA,A,NA,NA,NA,NA,20212371720
2206,2021237,1900,2021,237,19,0,NA,NA,A,NA,NA,NA,NA,20212371900
2207,2021238,1345,2021,238,13,45,-34.55416666,-58.50906357,T,0.02,0.014,0.0418,0,20212381345
2208,2021238,1625,2021,238,16,25,NA,NA,A,NA,NA,NA,NA,20212381625
2209,2021238,1805,2021,238,18,5,-34.55416666,-58.50906357,A,0.11075,0.07625,0.0405,0,20212381805
2210,2021239,1250,2021,239,12,50,NA,NA,T,NA,NA,NA,NA,20212391250
2211,2021239,1430,2021,239,14,30,NA,NA,T,NA,NA,NA,NA,20212391430
2212,2021239,1710,2021,239,17,10,NA,NA,A,NA,NA,NA,NA,20212391710
2213,2021239,1845,2021,239,18,45,NA,NA,A,NA,NA,NA,NA,20212391845
2214,2021240,1335,2021,240,13,35,NA,NA,T,NA,NA,NA,NA,20212401335
2215,2021240,1510,2021,240,15,10,NA,NA,T,NA,NA,NA,NA,20212401510
2216,2021240,1615,2021,240,16,15,NA,NA,A,NA,NA,NA,NA,20212401615
2217,2021240,1750,2021,240,17,50,NA,NA,A,NA,NA,NA,NA,20212401750
2218,2021241,1240,2021,241,12,40,NA,NA,T,NA,NA,NA,NA,20212411240
2219,2021241,1415,2021,241,14,15,-34.55416666,-58.50906357,T,0.07325,0.05025,0.0253,0,20212411415
2220,2021241,1655,2021,241,16,55,NA,NA,A,NA,NA,NA,NA,20212411655
2221,2021241,1835,2021,241,18,35,-34.55416666,-58.50906357,A,0.04925,0.03375,0.0126,0,20212411835
2222,2021242,1320,2021,242,13,20,-34.55416666,-58.50906357,T,0.064,0.04375,0.0159,0,20212421320
2223,2021242,1500,2021,242,15,0,NA,NA,T,NA,NA,NA,NA,20212421500
2224,2021242,1740,2021,242,17,40,-34.55416666,-58.50906357,A,0.023,0.0155,0.0352,0,20212421740
2225,2021242,1915,2021,242,19,15,NA,NA,A,NA,NA,NA,NA,20212421915
2226,2021243,1225,2021,243,12,25,NA,NA,T,NA,NA,NA,NA,20212431225
2227,2021243,1405,2021,243,14,5,NA,NA,T,NA,NA,NA,NA,20212431405
2228,2021243,1645,2021,243,16,45,NA,NA,A,NA,NA,NA,NA,20212431645
2229,2021243,1825,2021,243,18,25,-34.55416666,-58.50906357,A,0.53125,0.37575,0.0233,0,20212431825
2230,2021244,1310,2021,244,13,10,NA,NA,T,NA,NA,NA,NA,20212441310
2231,2021244,1445,2021,244,14,45,NA,NA,T,NA,NA,NA,NA,20212441445
2232,2021244,1730,2021,244,17,30,NA,NA,A,NA,NA,NA,NA,20212441730
2233,2021244,1905,2021,244,19,5,NA,NA,A,NA,NA,NA,NA,20212441905
2234,2021245,1350,2021,245,13,50,NA,NA,T,NA,NA,NA,NA,20212451350
2235,2021245,1630,2021,245,16,30,NA,NA,A,NA,NA,NA,NA,20212451630
2236,2021245,1810,2021,245,18,10,NA,NA,A,NA,NA,NA,NA,20212451810
2237,2021246,1255,2021,246,12,55,NA,NA,T,NA,NA,NA,NA,20212461255
2238,2021246,1435,2021,246,14,35,NA,NA,T,NA,NA,NA,NA,20212461435
2239,2021246,1715,2021,246,17,15,NA,NA,A,NA,NA,NA,NA,20212461715
2240,2021246,1850,2021,246,18,50,NA,NA,A,NA,NA,NA,NA,20212461850
2241,2021247,1340,2021,247,13,40,NA,NA,T,NA,NA,NA,NA,20212471340
2242,2021247,1620,2021,247,16,20,NA,NA,A,NA,NA,NA,NA,20212471620
2243,2021247,1800,2021,247,18,0,NA,NA,A,NA,NA,NA,NA,20212471800
2244,2021248,1245,2021,248,12,45,NA,NA,T,NA,NA,NA,NA,20212481245
2245,2021248,1420,2021,248,14,20,NA,NA,T,NA,NA,NA,NA,20212481420
2246,2021248,1705,2021,248,17,5,NA,NA,A,NA,NA,NA,NA,20212481705
2247,2021248,1840,2021,248,18,40,NA,NA,A,NA,NA,NA,NA,20212481840
2248,2021249,1325,2021,249,13,25,NA,NA,T,NA,NA,NA,NA,20212491325
2249,2021249,1505,2021,249,15,5,NA,NA,T,NA,NA,NA,NA,20212491505
2250,2021249,1605,2021,249,16,5,NA,NA,A,NA,NA,NA,NA,20212491605
2251,2021249,1745,2021,249,17,45,NA,NA,A,NA,NA,NA,NA,20212491745
2252,2021250,1230,2021,250,12,30,NA,NA,T,NA,NA,NA,NA,20212501230
2253,2021250,1410,2021,250,14,10,NA,NA,T,NA,NA,NA,NA,20212501410
2254,2021250,1650,2021,250,16,50,NA,NA,A,NA,NA,NA,NA,20212501650
2255,2021250,1830,2021,250,18,30,NA,NA,A,NA,NA,NA,NA,20212501830
2256,2021251,1315,2021,251,13,15,NA,NA,T,NA,NA,NA,NA,20212511315
2257,2021251,1450,2021,251,14,50,NA,NA,T,NA,NA,NA,NA,20212511450
2258,2021251,1735,2021,251,17,35,NA,NA,A,NA,NA,NA,NA,20212511735
2259,2021251,1910,2021,251,19,10,NA,NA,A,NA,NA,NA,NA,20212511910
2260,2021252,1355,2021,252,13,55,NA,NA,T,NA,NA,NA,NA,20212521355
2261,2021252,1640,2021,252,16,40,NA,NA,A,NA,NA,NA,NA,20212521640
2262,2021252,1815,2021,252,18,15,NA,NA,A,NA,NA,NA,NA,20212521815
2263,2021253,1300,2021,253,13,0,NA,NA,T,NA,NA,NA,NA,20212531300
2264,2021253,1440,2021,253,14,40,NA,NA,T,NA,NA,NA,NA,20212531440
2265,2021253,1720,2021,253,17,20,NA,NA,A,NA,NA,NA,NA,20212531720
2266,2021253,1900,2021,253,19,0,NA,NA,A,NA,NA,NA,NA,20212531900
2267,2021254,1345,2021,254,13,45,NA,NA,T,NA,NA,NA,NA,20212541345
2268,2021254,1625,2021,254,16,25,NA,NA,A,NA,NA,NA,NA,20212541625
2269,2021254,1805,2021,254,18,5,NA,NA,A,NA,NA,NA,NA,20212541805
2270,2021255,1250,2021,255,12,50,NA,NA,T,NA,NA,NA,NA,20212551250
2271,2021255,1430,2021,255,14,30,NA,NA,T,NA,NA,NA,NA,20212551430
2272,2021255,1710,2021,255,17,10,-34.5625,-58.51492525,A,0.246,0.17,0.019,0,20212551710
2273,2021255,1845,2021,255,18,45,NA,NA,A,NA,NA,NA,NA,20212551845
2274,2021256,1335,2021,256,13,35,NA,NA,T,NA,NA,NA,NA,20212561335
2275,2021256,1510,2021,256,15,10,NA,NA,T,NA,NA,NA,NA,20212561510
2276,2021256,1615,2021,256,16,15,NA,NA,A,NA,NA,NA,NA,20212561615
2277,2021256,1750,2021,256,17,50,NA,NA,A,NA,NA,NA,NA,20212561750
2278,2021257,1240,2021,257,12,40,NA,NA,T,NA,NA,NA,NA,20212571240
2279,2021257,1415,2021,257,14,15,-34.55416666,-58.50906357,T,0.033,0.02275,0.0327,0,20212571415
2280,2021257,1655,2021,257,16,55,NA,NA,A,NA,NA,NA,NA,20212571655
2281,2021257,1835,2021,257,18,35,NA,NA,A,NA,NA,NA,NA,20212571835
2282,2021258,1320,2021,258,13,20,-34.55416666,-58.50906357,T,0.0305,0.02075,0.0253,0,20212581320
2283,2021258,1500,2021,258,15,0,NA,NA,T,NA,NA,NA,NA,20212581500
2284,2021258,1740,2021,258,17,40,-34.55416666,-58.50906357,A,0.02975,0.02,0.0507,0,20212581740
2285,2021258,1915,2021,258,19,15,NA,NA,A,NA,NA,NA,NA,20212581915
2286,2021259,1225,2021,259,12,25,NA,NA,T,NA,NA,NA,NA,20212591225
2287,2021259,1405,2021,259,14,5,-34.55416666,-58.50906357,T,0.03275,0.02225,0.058,0,20212591405
2288,2021259,1645,2021,259,16,45,NA,NA,A,NA,NA,NA,NA,20212591645
2289,2021259,1825,2021,259,18,25,-34.55416666,-58.50906357,A,0.03033,0.021,0.029,0,20212591825
2290,2021260,1310,2021,260,13,10,-34.55416666,-58.50906357,T,0.0545,0.03725,0.019,0,20212601310
2291,2021260,1445,2021,260,14,45,-34.55416666,-58.50906357,T,0.03533,0.024,0.0111,0,20212601445
2292,2021260,1730,2021,260,17,30,-34.55416666,-58.50906357,A,0.1025,0.07025,0.0288,0,20212601730
2293,2021260,1905,2021,260,19,5,NA,NA,A,NA,NA,NA,NA,20212601905
2294,2021261,1350,2021,261,13,50,-34.55416666,-58.50906357,T,0.0265,0.01825,0.0704,0,20212611350
2295,2021261,1630,2021,261,16,30,NA,NA,A,NA,NA,NA,NA,20212611630
2296,2021261,1810,2021,261,18,10,-34.55416666,-58.50906357,A,0.04,0.02725,0.0471,0,20212611810
2297,2021262,1255,2021,262,12,55,NA,NA,T,NA,NA,NA,NA,20212621255
2298,2021262,1435,2021,262,14,35,NA,NA,T,NA,NA,NA,NA,20212621435
2299,2021262,1715,2021,262,17,15,NA,NA,A,NA,NA,NA,NA,20212621715
2300,2021262,1850,2021,262,18,50,NA,NA,A,NA,NA,NA,NA,20212621850
2301,2021263,1340,2021,263,13,40,NA,NA,T,NA,NA,NA,NA,20212631340
2302,2021263,1620,2021,263,16,20,NA,NA,A,NA,NA,NA,NA,20212631620
2303,2021263,1800,2021,263,18,0,NA,NA,A,NA,NA,NA,NA,20212631800
2304,2021264,1245,2021,264,12,45,NA,NA,T,NA,NA,NA,NA,20212641245
2305,2021264,1420,2021,264,14,20,NA,NA,T,NA,NA,NA,NA,20212641420
2306,2021264,1705,2021,264,17,5,-34.55416666,-58.50906357,A,0.2175,0.1505,0.0099,0,20212641705
2307,2021264,1840,2021,264,18,40,-34.55416666,-58.50906357,A,0.042,0.0285,0.0184,0,20212641840
2308,2021265,1745,2021,265,17,45,NA,NA,A,NA,NA,NA,NA,20212651745
2309,2021266,1230,2021,266,12,30,NA,NA,T,NA,NA,NA,NA,20212661230
2310,2021266,1410,2021,266,14,10,NA,NA,T,NA,NA,NA,NA,20212661410
2311,2021267,1315,2021,267,13,15,NA,NA,T,NA,NA,NA,NA,20212671315
2312,2021267,1450,2021,267,14,50,NA,NA,T,NA,NA,NA,NA,20212671450
2313,2021267,1910,2021,267,19,10,NA,NA,A,NA,NA,NA,NA,20212671910
2314,2021268,1355,2021,268,13,55,NA,NA,T,NA,NA,NA,NA,20212681355
2315,2021268,1640,2021,268,16,40,NA,NA,A,NA,NA,NA,NA,20212681640
2316,2021268,1815,2021,268,18,15,-34.55416666,-58.50906357,A,0.03375,0.02275,0.0386,0,20212681815
2317,2021269,1300,2021,269,13,0,NA,NA,T,NA,NA,NA,NA,20212691300
2318,2021269,1440,2021,269,14,40,-34.55416666,-58.50906357,T,0.08,0.055,0.0156,0,20212691440
2319,2021269,1720,2021,269,17,20,-34.55416666,-58.50906357,A,0.224,0.15525,0.0232,0,20212691720
2320,2021269,1900,2021,269,19,0,NA,NA,A,NA,NA,NA,NA,20212691900
2321,2021270,1345,2021,270,13,45,NA,NA,T,NA,NA,NA,NA,20212701345
2322,2021270,1625,2021,270,16,25,NA,NA,A,NA,NA,NA,NA,20212701625
2323,2021270,1805,2021,270,18,5,NA,NA,A,NA,NA,NA,NA,20212701805
2324,2021271,1250,2021,271,12,50,NA,NA,T,NA,NA,NA,NA,20212711250
2325,2021271,1430,2021,271,14,30,NA,NA,T,NA,NA,NA,NA,20212711430
2326,2021271,1710,2021,271,17,10,NA,NA,A,NA,NA,NA,NA,20212711710
2327,2021271,1845,2021,271,18,45,NA,NA,A,NA,NA,NA,NA,20212711845
2328,2021272,1335,2021,272,13,35,NA,NA,T,NA,NA,NA,NA,20212721335
2329,2021272,1510,2021,272,15,10,NA,NA,T,NA,NA,NA,NA,20212721510
2330,2021272,1615,2021,272,16,15,NA,NA,A,NA,NA,NA,NA,20212721615
2331,2021272,1750,2021,272,17,50,-34.55416666,-58.50906357,A,0.04325,0.0295,0.0722,0,20212721750
2332,2021273,1235,2021,273,12,35,NA,NA,T,NA,NA,NA,NA,20212731235
2333,2021273,1415,2021,273,14,15,NA,NA,T,NA,NA,NA,NA,20212731415
2334,2021273,1655,2021,273,16,55,NA,NA,A,NA,NA,NA,NA,20212731655
2335,2021273,1835,2021,273,18,35,NA,NA,A,NA,NA,NA,NA,20212731835
2336,2021274,1320,2021,274,13,20,-34.55416666,-58.50906357,T,0.0575,0.0395,0.029,0,20212741320
2337,2021274,1500,2021,274,15,0,NA,NA,T,NA,NA,NA,NA,20212741500
2338,2021274,1740,2021,274,17,40,-34.55416666,-58.50906357,A,0.0465,0.032,0.0517,0,20212741740
2339,2021274,1915,2021,274,19,15,NA,NA,A,NA,NA,NA,NA,20212741915
2340,2021275,1225,2021,275,12,25,NA,NA,T,NA,NA,NA,NA,20212751225
2341,2021275,1405,2021,275,14,5,NA,NA,T,NA,NA,NA,NA,20212751405
2342,2021275,1645,2021,275,16,45,NA,NA,A,NA,NA,NA,NA,20212751645
2343,2021275,1825,2021,275,18,25,NA,NA,A,NA,NA,NA,NA,20212751825
2344,2021276,1310,2021,276,13,10,-34.55416666,-58.50906357,T,0.04,0.02725,0.0219,0,20212761310
2345,2021276,1445,2021,276,14,45,-34.55416666,-58.50906357,T,0.019,0.013,0.0132,0,20212761445
2346,2021276,1730,2021,276,17,30,-34.55416666,-58.50906357,A,0.10875,0.07475,0.0321,0,20212761730
2347,2021276,1905,2021,276,19,5,NA,NA,A,NA,NA,NA,NA,20212761905
2348,2021277,1350,2021,277,13,50,-34.55416666,-58.50906357,T,0.021,0.014,0.085,0,20212771350
2349,2021277,1630,2021,277,16,30,NA,NA,A,NA,NA,NA,NA,20212771630
2350,2021277,1810,2021,277,18,10,-34.55416666,-58.50906357,A,0.02725,0.01825,0.0526,0,20212771810
2351,2021278,1255,2021,278,12,55,NA,NA,T,NA,NA,NA,NA,20212781255
2352,2021278,1435,2021,278,14,35,-34.55416666,-58.50906357,T,0.02975,0.02,0.0215,0,20212781435
2353,2021278,1715,2021,278,17,15,-34.5625,-58.51492525,A,0.2065,0.1435,0.0162,0,20212781715
2354,2021278,1850,2021,278,18,50,NA,NA,A,NA,NA,NA,NA,20212781850
2355,2021279,1340,2021,279,13,40,-34.55416666,-58.50906357,T,0.0975,0.06675,0.0494,0,20212791340
2356,2021279,1620,2021,279,16,20,NA,NA,A,NA,NA,NA,NA,20212791620
2357,2021279,1800,2021,279,18,0,NA,NA,A,NA,NA,NA,NA,20212791800
2358,2021280,1245,2021,280,12,45,NA,NA,T,NA,NA,NA,NA,20212801245
2359,2021280,1420,2021,280,14,20,-34.55416666,-58.50906357,T,0.02775,0.01875,0.0321,0,20212801420
2360,2021280,1705,2021,280,17,5,-34.55416666,-58.50906357,A,0.11625,0.08,0.0092,0,20212801705
2361,2021280,1840,2021,280,18,40,-34.5625,-58.51492525,A,0.058,0.04,0.0179,0,20212801840
2362,2021281,1325,2021,281,13,25,NA,NA,T,NA,NA,NA,NA,20212811325
2363,2021281,1505,2021,281,15,5,NA,NA,T,NA,NA,NA,NA,20212811505
2364,2021281,1745,2021,281,17,45,NA,NA,A,NA,NA,NA,NA,20212811745
2365,2021282,1230,2021,282,12,30,NA,NA,T,NA,NA,NA,NA,20212821230
2366,2021282,1410,2021,282,14,10,-34.55416666,-58.50906357,T,0.136,0.0935,0.057,0,20212821410
2367,2021282,1650,2021,282,16,50,NA,NA,A,NA,NA,NA,NA,20212821650
2368,2021282,1830,2021,282,18,30,-34.55416666,-58.50906357,A,0.142,0.0975,0.0235,0,20212821830
2369,2021283,1315,2021,283,13,15,NA,NA,T,NA,NA,NA,NA,20212831315
2370,2021283,1450,2021,283,14,50,NA,NA,T,NA,NA,NA,NA,20212831450
2371,2021283,1735,2021,283,17,35,NA,NA,A,NA,NA,NA,NA,20212831735
2372,2021283,1910,2021,283,19,10,NA,NA,A,NA,NA,NA,NA,20212831910
2373,2021284,1355,2021,284,13,55,NA,NA,T,NA,NA,NA,NA,20212841355
2374,2021284,1640,2021,284,16,40,NA,NA,A,NA,NA,NA,NA,20212841640
2375,2021284,1815,2021,284,18,15,NA,NA,A,NA,NA,NA,NA,20212841815
2376,2021285,1300,2021,285,13,0,NA,NA,T,NA,NA,NA,NA,20212851300
2377,2021285,1440,2021,285,14,40,NA,NA,T,NA,NA,NA,NA,20212851440
2378,2021285,1720,2021,285,17,20,NA,NA,A,NA,NA,NA,NA,20212851720
2379,2021285,1900,2021,285,19,0,NA,NA,A,NA,NA,NA,NA,20212851900
2380,2021286,1345,2021,286,13,45,NA,NA,T,NA,NA,NA,NA,20212861345
2381,2021286,1625,2021,286,16,25,NA,NA,A,NA,NA,NA,NA,20212861625
2382,2021286,1805,2021,286,18,5,NA,NA,A,NA,NA,NA,NA,20212861805
2383,2021287,1250,2021,287,12,50,NA,NA,T,NA,NA,NA,NA,20212871250
2384,2021287,1425,2021,287,14,25,-34.5625,-58.50480593,T,0.247,0.171,0.0233,0,20212871425
2385,2021287,1710,2021,287,17,10,NA,NA,A,NA,NA,NA,NA,20212871710
2386,2021287,1845,2021,287,18,45,NA,NA,A,NA,NA,NA,NA,20212871845
2387,2021288,1330,2021,288,13,30,-34.55416666,-58.50906357,T,0.02725,0.0185,0.0474,0,20212881330
2388,2021288,1510,2021,288,15,10,NA,NA,T,NA,NA,NA,NA,20212881510
2389,2021288,1615,2021,288,16,15,NA,NA,A,NA,NA,NA,NA,20212881615
2390,2021288,1750,2021,288,17,50,-34.55416666,-58.50906357,A,0.0595,0.04025,0.0745,0,20212881750
2391,2021289,1235,2021,289,12,35,NA,NA,T,NA,NA,NA,NA,20212891235
2392,2021289,1415,2021,289,14,15,-34.55416666,-58.50906357,T,0.0365,0.02475,0.0503,0,20212891415
2393,2021289,1655,2021,289,16,55,NA,NA,A,NA,NA,NA,NA,20212891655
2394,2021289,1835,2021,289,18,35,-34.55416666,-58.50906357,A,0.06225,0.0425,0.0203,0,20212891835
2395,2021290,1320,2021,290,13,20,-34.55416666,-58.50906357,T,0.08675,0.05925,0.0291,0,20212901320
2396,2021290,1500,2021,290,15,0,NA,NA,T,NA,NA,NA,NA,20212901500
2397,2021290,1740,2021,290,17,40,-34.55416666,-58.50906357,A,0.1875,0.1295,0.0556,0,20212901740
2398,2021290,1915,2021,290,19,15,NA,NA,A,NA,NA,NA,NA,20212901915
2399,2021291,1225,2021,291,12,25,NA,NA,T,NA,NA,NA,NA,20212911225
2400,2021291,1405,2021,291,14,5,-34.55416666,-58.50906357,T,0.019,0.013,0.0776,0,20212911405
2401,2021291,1645,2021,291,16,45,NA,NA,A,NA,NA,NA,NA,20212911645
2402,2021291,1825,2021,291,18,25,NA,NA,A,NA,NA,NA,NA,20212911825
2403,2021292,1310,2021,292,13,10,-34.55416666,-58.50906357,T,0.04625,0.0315,0.0207,0,20212921310
2404,2021292,1445,2021,292,14,45,-34.55416666,-58.50906357,T,0.02125,0.0145,0.0116,0,20212921445
2405,2021292,1730,2021,292,17,30,-34.55416666,-58.50906357,A,0.11525,0.079,0.0277,0,20212921730
2406,2021292,1905,2021,292,19,5,NA,NA,A,NA,NA,NA,NA,20212921905
2407,2021293,1350,2021,293,13,50,-34.55416666,-58.50906357,T,0.044,0.03,0.0878,0,20212931350
2408,2021293,1630,2021,293,16,30,NA,NA,A,NA,NA,NA,NA,20212931630
2409,2021293,1810,2021,293,18,10,-34.55416666,-58.50906357,A,0.22575,0.1565,0.0524,0,20212931810
2410,2021294,1255,2021,294,12,55,NA,NA,T,NA,NA,NA,NA,20212941255
2411,2021294,1435,2021,294,14,35,-34.55416666,-58.50906357,T,0.132,0.0905,0.0224,0,20212941435
2412,2021294,1715,2021,294,17,15,-34.5625,-58.51492525,A,0.2715,0.1885,0.0162,0,20212941715
2413,2021294,1850,2021,294,18,50,NA,NA,A,NA,NA,NA,NA,20212941850
2414,2021295,1340,2021,295,13,40,NA,NA,T,NA,NA,NA,NA,20212951340
2415,2021295,1620,2021,295,16,20,NA,NA,A,NA,NA,NA,NA,20212951620
2416,2021295,1800,2021,295,18,0,NA,NA,A,NA,NA,NA,NA,20212951800
2417,2021296,1245,2021,296,12,45,NA,NA,T,NA,NA,NA,NA,20212961245
2418,2021296,1420,2021,296,14,20,NA,NA,T,NA,NA,NA,NA,20212961420
2419,2021296,1705,2021,296,17,5,NA,NA,A,NA,NA,NA,NA,20212961705
2420,2021296,1840,2021,296,18,40,NA,NA,A,NA,NA,NA,NA,20212961840
2421,2021297,1325,2021,297,13,25,-34.55416666,-58.50906357,T,0.0475,0.03225,0.0396,0,20212971325
2422,2021297,1505,2021,297,15,5,NA,NA,T,NA,NA,NA,NA,20212971505
2423,2021297,1745,2021,297,17,45,-34.55416666,-58.50906357,A,0.0665,0.0455,0.0698,0,20212971745
2424,2021298,1230,2021,298,12,30,NA,NA,T,NA,NA,NA,NA,20212981230
2425,2021298,1410,2021,298,14,10,NA,NA,T,NA,NA,NA,NA,20212981410
2426,2021298,1650,2021,298,16,50,NA,NA,A,NA,NA,NA,NA,20212981650
2427,2021298,1830,2021,298,18,30,NA,NA,A,NA,NA,NA,NA,20212981830
2428,2021299,1315,2021,299,13,15,-34.55416666,-58.50906357,T,0.055,0.0375,0.0245,0,20212991315
2429,2021299,1450,2021,299,14,50,NA,NA,T,NA,NA,NA,NA,20212991450
2430,2021299,1735,2021,299,17,35,-34.55416666,-58.50906357,A,0.13525,0.093,0.0428,0,20212991735
2431,2021299,1910,2021,299,19,10,NA,NA,A,NA,NA,NA,NA,20212991910
2432,2021300,1355,2021,300,13,55,-34.55416666,-58.50906357,T,0.0305,0.0205,0.0892,0,20213001355
2433,2021300,1640,2021,300,16,40,NA,NA,A,NA,NA,NA,NA,20213001640
2434,2021300,1815,2021,300,18,15,-34.55416666,-58.50906357,A,0.06475,0.04425,0.0429,0,20213001815
2435,2021301,1300,2021,301,13,0,NA,NA,T,NA,NA,NA,NA,20213011300
2436,2021301,1440,2021,301,14,40,-34.55416666,-58.50906357,T,0.1105,0.07575,0.0173,0,20213011440
2437,2021301,1720,2021,301,17,20,NA,NA,A,NA,NA,NA,NA,20213011720
2438,2021301,1900,2021,301,19,0,NA,NA,A,NA,NA,NA,NA,20213011900
2439,2021302,1345,2021,302,13,45,-34.55416666,-58.50906357,T,0.039,0.027,0.0808,0,20213021345
2440,2021302,1625,2021,302,16,25,NA,NA,A,NA,NA,NA,NA,20213021625
2441,2021302,1805,2021,302,18,5,-34.55416666,-58.50906357,A,0.1045,0.0715,0.0654,0,20213021805
2442,2021303,1250,2021,303,12,50,NA,NA,T,NA,NA,NA,NA,20213031250
2443,2021303,1425,2021,303,14,25,-34.55416666,-58.50906357,T,0.1395,0.09575,0.0309,0,20213031425
2444,2021303,1710,2021,303,17,10,-34.5625,-58.51492525,A,0.182,0.125,0.0145,0,20213031710
2445,2021303,1845,2021,303,18,45,NA,NA,A,NA,NA,NA,NA,20213031845
2446,2021304,1330,2021,304,13,30,NA,NA,T,NA,NA,NA,NA,20213041330
2447,2021304,1510,2021,304,15,10,NA,NA,T,NA,NA,NA,NA,20213041510
2448,2021304,1615,2021,304,16,15,NA,NA,A,NA,NA,NA,NA,20213041615
2449,2021304,1750,2021,304,17,50,NA,NA,A,NA,NA,NA,NA,20213041750
2450,2021305,1235,2021,305,12,35,NA,NA,T,NA,NA,NA,NA,20213051235
2451,2021305,1415,2021,305,14,15,NA,NA,T,NA,NA,NA,NA,20213051415
2452,2021305,1655,2021,305,16,55,NA,NA,A,NA,NA,NA,NA,20213051655
2453,2021305,1835,2021,305,18,35,NA,NA,A,NA,NA,NA,NA,20213051835
2454,2021306,1320,2021,306,13,20,NA,NA,T,NA,NA,NA,NA,20213061320
2455,2021306,1500,2021,306,15,0,NA,NA,T,NA,NA,NA,NA,20213061500
2456,2021306,1740,2021,306,17,40,NA,NA,A,NA,NA,NA,NA,20213061740
2457,2021306,1915,2021,306,19,15,NA,NA,A,NA,NA,NA,NA,20213061915
2458,2021307,1225,2021,307,12,25,NA,NA,T,NA,NA,NA,NA,20213071225
2459,2021307,1400,2021,307,14,0,NA,NA,T,NA,NA,NA,NA,20213071400
2460,2021307,1645,2021,307,16,45,NA,NA,A,NA,NA,NA,NA,20213071645
2461,2021307,1825,2021,307,18,25,NA,NA,A,NA,NA,NA,NA,20213071825
2462,2021308,1305,2021,308,13,5,NA,NA,T,NA,NA,NA,NA,20213081305
2463,2021308,1445,2021,308,14,45,NA,NA,T,NA,NA,NA,NA,20213081445
2464,2021308,1730,2021,308,17,30,-34.55416666,-58.49894527,A,0.235,0.163,0.0268,0,20213081730
2465,2021308,1905,2021,308,19,5,NA,NA,A,NA,NA,NA,NA,20213081905
2466,2021309,1350,2021,309,13,50,NA,NA,T,NA,NA,NA,NA,20213091350
2467,2021309,1630,2021,309,16,30,NA,NA,A,NA,NA,NA,NA,20213091630
2468,2021309,1810,2021,309,18,10,NA,NA,A,NA,NA,NA,NA,20213091810
2469,2021310,1255,2021,310,12,55,NA,NA,T,NA,NA,NA,NA,20213101255
2470,2021310,1435,2021,310,14,35,NA,NA,T,NA,NA,NA,NA,20213101435
2471,2021310,1715,2021,310,17,15,NA,NA,A,NA,NA,NA,NA,20213101715
2472,2021310,1850,2021,310,18,50,NA,NA,A,NA,NA,NA,NA,20213101850
2473,2021311,1340,2021,311,13,40,-34.55416666,-58.50906357,T,0.119,0.082,0.0558,0,20213111340
2474,2021311,1620,2021,311,16,20,NA,NA,A,NA,NA,NA,NA,20213111620
2475,2021311,1800,2021,311,18,0,NA,NA,A,NA,NA,NA,NA,20213111800
2476,2021312,1245,2021,312,12,45,NA,NA,T,NA,NA,NA,NA,20213121245
2477,2021312,1420,2021,312,14,20,-34.55416666,-58.50906357,T,0.16225,0.1115,0.0358,0,20213121420
2478,2021312,1705,2021,312,17,5,NA,NA,A,NA,NA,NA,NA,20213121705
2479,2021312,1840,2021,312,18,40,NA,NA,A,NA,NA,NA,NA,20213121840
2480,2021313,1325,2021,313,13,25,NA,NA,T,NA,NA,NA,NA,20213131325
2481,2021313,1505,2021,313,15,5,NA,NA,T,NA,NA,NA,NA,20213131505
2482,2021313,1610,2021,313,16,10,NA,NA,A,NA,NA,NA,NA,20213131610
2483,2021313,1745,2021,313,17,45,NA,NA,A,NA,NA,NA,NA,20213131745
2484,2021314,1230,2021,314,12,30,NA,NA,T,NA,NA,NA,NA,20213141230
2485,2021314,1410,2021,314,14,10,NA,NA,T,NA,NA,NA,NA,20213141410
2486,2021314,1650,2021,314,16,50,NA,NA,A,NA,NA,NA,NA,20213141650
2487,2021314,1830,2021,314,18,30,NA,NA,A,NA,NA,NA,NA,20213141830
2488,2021315,1315,2021,315,13,15,-34.55416666,-58.50906357,T,0.12575,0.08625,0.0196,0,20213151315
2489,2021315,1450,2021,315,14,50,NA,NA,T,NA,NA,NA,NA,20213151450
2490,2021315,1735,2021,315,17,35,NA,NA,A,NA,NA,NA,NA,20213151735
2491,2021315,1910,2021,315,19,10,NA,NA,A,NA,NA,NA,NA,20213151910
2492,2021316,1355,2021,316,13,55,NA,NA,T,NA,NA,NA,NA,20213161355
2493,2021316,1640,2021,316,16,40,NA,NA,A,NA,NA,NA,NA,20213161640
2494,2021316,1815,2021,316,18,15,-34.55416666,-58.50906357,A,0.1065,0.07325,0.0478,0,20213161815
2495,2021317,1300,2021,317,13,0,NA,NA,T,NA,NA,NA,NA,20213171300
2496,2021317,1440,2021,317,14,40,-34.55416666,-58.50906357,T,0.0595,0.0405,0.0151,0,20213171440
2497,2021317,1720,2021,317,17,20,-34.55416666,-58.50906357,A,0.13025,0.0895,0.022,0,20213171720
2498,2021317,1900,2021,317,19,0,NA,NA,A,NA,NA,NA,NA,20213171900
2499,2021318,1345,2021,318,13,45,-34.55416666,-58.50906357,T,0.10025,0.06875,0.0608,0,20213181345
2500,2021318,1625,2021,318,16,25,NA,NA,A,NA,NA,NA,NA,20213181625
2501,2021318,1805,2021,318,18,5,-34.55416666,-58.50906357,A,0.08075,0.05525,0.0535,0,20213181805
2502,2021319,1250,2021,319,12,50,NA,NA,T,NA,NA,NA,NA,20213191250
2503,2021319,1425,2021,319,14,25,-34.55416666,-58.49894527,T,0.1965,0.1355,0.0231,0,20213191425
2504,2021319,1710,2021,319,17,10,NA,NA,A,NA,NA,NA,NA,20213191710
2505,2021319,1845,2021,319,18,45,NA,NA,A,NA,NA,NA,NA,20213191845
2506,2021320,1330,2021,320,13,30,NA,NA,T,NA,NA,NA,NA,20213201330
2507,2021320,1510,2021,320,15,10,NA,NA,T,NA,NA,NA,NA,20213201510
2508,2021320,1615,2021,320,16,15,NA,NA,A,NA,NA,NA,NA,20213201615
2509,2021320,1750,2021,320,17,50,NA,NA,A,NA,NA,NA,NA,20213201750
2510,2021321,1235,2021,321,12,35,NA,NA,T,NA,NA,NA,NA,20213211235
2511,2021321,1415,2021,321,14,15,NA,NA,T,NA,NA,NA,NA,20213211415
2512,2021321,1655,2021,321,16,55,NA,NA,A,NA,NA,NA,NA,20213211655
2513,2021321,1835,2021,321,18,35,-34.55416666,-58.50906357,A,0.082,0.05625,0.0201,0,20213211835
2514,2021322,1320,2021,322,13,20,-34.55416666,-58.50906357,T,0.0715,0.04925,0.0324,0,20213221320
2515,2021322,1455,2021,322,14,55,NA,NA,T,NA,NA,NA,NA,20213221455
2516,2021322,1740,2021,322,17,40,-34.55416666,-58.50906357,A,0.045,0.03075,0.0583,0,20213221740
2517,2021322,1915,2021,322,19,15,NA,NA,A,NA,NA,NA,NA,20213221915
2518,2021323,1225,2021,323,12,25,NA,NA,T,NA,NA,NA,NA,20213231225
2519,2021323,1400,2021,323,14,0,-34.55416666,-58.50906357,T,0.036,0.0245,0.0668,0,20213231400
2520,2021323,1645,2021,323,16,45,NA,NA,A,NA,NA,NA,NA,20213231645
2521,2021323,1825,2021,323,18,25,-34.5625,-58.51492525,A,0.129,0.0885,0.0321,0,20213231825
2522,2021324,1305,2021,324,13,5,-34.55416666,-58.50906357,T,0.10425,0.07175,0.0206,0,20213241305
2523,2021324,1445,2021,324,14,45,-34.55416666,-58.50906357,T,0.0905,0.062,0.0126,0,20213241445
2524,2021324,1730,2021,324,17,30,NA,NA,A,NA,NA,NA,NA,20213241730
2525,2021324,1905,2021,324,19,5,NA,NA,A,NA,NA,NA,NA,20213241905
2526,2021325,1350,2021,325,13,50,-34.55416666,-58.50906357,T,0.132,0.09075,0.0861,0,20213251350
2527,2021325,1635,2021,325,16,35,NA,NA,A,NA,NA,NA,NA,20213251635
2528,2021325,1810,2021,325,18,10,-34.55416666,-58.50906357,A,0.14075,0.09675,0.0538,0,20213251810
2529,2021326,1255,2021,326,12,55,NA,NA,T,NA,NA,NA,NA,20213261255
2530,2021326,1435,2021,326,14,35,NA,NA,T,NA,NA,NA,NA,20213261435
2531,2021326,1715,2021,326,17,15,-34.55416666,-58.50906357,A,0.203,0.1405,0.0167,0,20213261715
2532,2021326,1850,2021,326,18,50,NA,NA,A,NA,NA,NA,NA,20213261850
2533,2021327,1340,2021,327,13,40,-34.55416666,-58.50906357,T,0.074,0.0505,0.0634,0,20213271340
2534,2021327,1620,2021,327,16,20,NA,NA,A,NA,NA,NA,NA,20213271620
2535,2021327,1800,2021,327,18,0,-34.55416666,-58.50906357,A,0.128,0.08775,0.0782,0,20213271800
2536,2021328,1240,2021,328,12,40,NA,NA,T,NA,NA,NA,NA,20213281240
2537,2021328,1420,2021,328,14,20,-34.55416666,-58.50906357,T,0.16825,0.11575,0.0365,0,20213281420
2538,2021328,1705,2021,328,17,5,-34.55416666,-58.50906357,A,0.15875,0.109,0.0115,0,20213281705
2539,2021328,1840,2021,328,18,40,-34.55416666,-58.50906357,A,0.11925,0.082,0.0175,0,20213281840
2540,2021329,1325,2021,329,13,25,NA,NA,T,NA,NA,NA,NA,20213291325
2541,2021329,1505,2021,329,15,5,NA,NA,T,NA,NA,NA,NA,20213291505
2542,2021329,1610,2021,329,16,10,NA,NA,A,NA,NA,NA,NA,20213291610
2543,2021329,1745,2021,329,17,45,NA,NA,A,NA,NA,NA,NA,20213291745
2544,2021330,1230,2021,330,12,30,NA,NA,T,NA,NA,NA,NA,20213301230
2545,2021330,1410,2021,330,14,10,-34.55416666,-58.50906357,T,0.0615,0.042,0.0661,0,20213301410
2546,2021330,1650,2021,330,16,50,NA,NA,A,NA,NA,NA,NA,20213301650
2547,2021330,1830,2021,330,18,30,-34.55416666,-58.50906357,A,0.18933,0.131,0.0318,0,20213301830
2548,2021331,1315,2021,331,13,15,-34.55416666,-58.50906357,T,0.216,0.149,0.0289,0,20213311315
2549,2021331,1450,2021,331,14,50,NA,NA,T,NA,NA,NA,NA,20213311450
2550,2021331,1735,2021,331,17,35,NA,NA,A,NA,NA,NA,NA,20213311735
2551,2021331,1910,2021,331,19,10,NA,NA,A,NA,NA,NA,NA,20213311910
2552,2021332,1355,2021,332,13,55,NA,NA,T,NA,NA,NA,NA,20213321355
2553,2021332,1640,2021,332,16,40,NA,NA,A,NA,NA,NA,NA,20213321640
2554,2021332,1815,2021,332,18,15,NA,NA,A,NA,NA,NA,NA,20213321815
2555,2021333,1300,2021,333,13,0,NA,NA,T,NA,NA,NA,NA,20213331300
2556,2021333,1440,2021,333,14,40,NA,NA,T,NA,NA,NA,NA,20213331440
2557,2021333,1720,2021,333,17,20,NA,NA,A,NA,NA,NA,NA,20213331720
2558,2021333,1900,2021,333,19,0,NA,NA,A,NA,NA,NA,NA,20213331900
2559,2021334,1345,2021,334,13,45,-34.55416666,-58.50906357,T,0.04125,0.02775,0.0942,0,20213341345
2560,2021334,1625,2021,334,16,25,NA,NA,A,NA,NA,NA,NA,20213341625
2561,2021334,1805,2021,334,18,5,-34.55416666,-58.50906357,A,0.14567,0.1,0.077,0,20213341805
2562,2021335,1250,2021,335,12,50,NA,NA,T,NA,NA,NA,NA,20213351250
2563,2021335,1425,2021,335,14,25,NA,NA,T,NA,NA,NA,NA,20213351425
2564,2021335,1710,2021,335,17,10,NA,NA,A,NA,NA,NA,NA,20213351710
2565,2021335,1845,2021,335,18,45,NA,NA,A,NA,NA,NA,NA,20213351845
2566,2021336,1330,2021,336,13,30,-34.55416666,-58.50906357,T,0.17475,0.12,0.0565,0,20213361330
2567,2021336,1510,2021,336,15,10,NA,NA,T,NA,NA,NA,NA,20213361510
2568,2021336,1615,2021,336,16,15,NA,NA,A,NA,NA,NA,NA,20213361615
2569,2021336,1750,2021,336,17,50,-34.55416666,-58.50906357,A,0.2545,0.17675,0.0912,0,20213361750
2570,2021337,1235,2021,337,12,35,NA,NA,T,NA,NA,NA,NA,20213371235
2571,2021337,1415,2021,337,14,15,NA,NA,T,NA,NA,NA,NA,20213371415
2572,2021337,1655,2021,337,16,55,NA,NA,A,NA,NA,NA,NA,20213371655
2573,2021337,1835,2021,337,18,35,NA,NA,A,NA,NA,NA,NA,20213371835
2574,2021338,1320,2021,338,13,20,NA,NA,T,NA,NA,NA,NA,20213381320
2575,2021338,1455,2021,338,14,55,NA,NA,T,NA,NA,NA,NA,20213381455
2576,2021338,1740,2021,338,17,40,NA,NA,A,NA,NA,NA,NA,20213381740
2577,2021338,1915,2021,338,19,15,NA,NA,A,NA,NA,NA,NA,20213381915
2578,2021339,1225,2021,339,12,25,NA,NA,T,NA,NA,NA,NA,20213391225
2579,2021339,1400,2021,339,14,0,NA,NA,T,NA,NA,NA,NA,20213391400
2580,2021339,1645,2021,339,16,45,NA,NA,A,NA,NA,NA,NA,20213391645
2581,2021339,1825,2021,339,18,25,NA,NA,A,NA,NA,NA,NA,20213391825
2582,2021340,1305,2021,340,13,5,NA,NA,T,NA,NA,NA,NA,20213401305
2583,2021340,1445,2021,340,14,45,NA,NA,T,NA,NA,NA,NA,20213401445
2584,2021340,1730,2021,340,17,30,-34.55416666,-58.50906357,A,0.18975,0.13025,0.0396,0,20213401730
2585,2021340,1905,2021,340,19,5,NA,NA,A,NA,NA,NA,NA,20213401905
2586,2021341,1350,2021,341,13,50,-34.55416666,-58.50906357,T,0.0945,0.065,0.0744,0,20213411350
2587,2021341,1635,2021,341,16,35,NA,NA,A,NA,NA,NA,NA,20213411635
2588,2021341,1810,2021,341,18,10,-34.55416666,-58.50906357,A,0.10325,0.07075,0.05,0,20213411810
2589,2021342,1255,2021,342,12,55,NA,NA,T,NA,NA,NA,NA,20213421255
2590,2021342,1430,2021,342,14,30,NA,NA,T,NA,NA,NA,NA,20213421430
2591,2021342,1715,2021,342,17,15,-34.55416666,-58.50906357,A,0.1575,0.10825,0.0265,0,20213421715
2592,2021342,1855,2021,342,18,55,NA,NA,A,NA,NA,NA,NA,20213421855
2593,2021343,1335,2021,343,13,35,NA,NA,T,NA,NA,NA,NA,20213431335
2594,2021343,1620,2021,343,16,20,NA,NA,A,NA,NA,NA,NA,20213431620
2595,2021343,1800,2021,343,18,0,NA,NA,A,NA,NA,NA,NA,20213431800
2596,2021344,1240,2021,344,12,40,NA,NA,T,NA,NA,NA,NA,20213441240
2597,2021344,1420,2021,344,14,20,NA,NA,T,NA,NA,NA,NA,20213441420
2598,2021344,1705,2021,344,17,5,NA,NA,A,NA,NA,NA,NA,20213441705
2599,2021344,1840,2021,344,18,40,NA,NA,A,NA,NA,NA,NA,20213441840
2600,2021345,1325,2021,345,13,25,-34.55416666,-58.50906357,T,0.1825,0.1255,0.0362,0,20213451325
2601,2021345,1505,2021,345,15,5,NA,NA,T,NA,NA,NA,NA,20213451505
2602,2021345,1610,2021,345,16,10,NA,NA,A,NA,NA,NA,NA,20213451610
2603,2021345,1745,2021,345,17,45,NA,NA,A,NA,NA,NA,NA,20213451745
2604,2021346,1230,2021,346,12,30,NA,NA,T,NA,NA,NA,NA,20213461230
2605,2021346,1410,2021,346,14,10,NA,NA,T,NA,NA,NA,NA,20213461410
2606,2021346,1650,2021,346,16,50,NA,NA,A,NA,NA,NA,NA,20213461650
2607,2021346,1830,2021,346,18,30,NA,NA,A,NA,NA,NA,NA,20213461830
2608,2021347,1315,2021,347,13,15,NA,NA,T,NA,NA,NA,NA,20213471315
2609,2021347,1450,2021,347,14,50,NA,NA,T,NA,NA,NA,NA,20213471450
2610,2021347,1735,2021,347,17,35,NA,NA,A,NA,NA,NA,NA,20213471735
2611,2021347,1910,2021,347,19,10,NA,NA,A,NA,NA,NA,NA,20213471910
2612,2021348,1355,2021,348,13,55,NA,NA,T,NA,NA,NA,NA,20213481355
2613,2021348,1640,2021,348,16,40,NA,NA,A,NA,NA,NA,NA,20213481640
2614,2021348,1815,2021,348,18,15,-34.55416666,-58.50906357,A,0.18975,0.13125,0.042,0,20213481815
2615,2021349,1300,2021,349,13,0,NA,NA,T,NA,NA,NA,NA,20213491300
2616,2021349,1440,2021,349,14,40,NA,NA,T,NA,NA,NA,NA,20213491440
2617,2021349,1720,2021,349,17,20,NA,NA,A,NA,NA,NA,NA,20213491720
2618,2021349,1900,2021,349,19,0,NA,NA,A,NA,NA,NA,NA,20213491900
2619,2021350,1345,2021,350,13,45,NA,NA,T,NA,NA,NA,NA,20213501345
2620,2021350,1625,2021,350,16,25,NA,NA,A,NA,NA,NA,NA,20213501625
2621,2021350,1805,2021,350,18,5,-34.55416666,-58.50906357,A,0.178,0.12275,0.0611,0,20213501805
2622,2021351,1250,2021,351,12,50,NA,NA,T,NA,NA,NA,NA,20213511250
2623,2021351,1425,2021,351,14,25,-34.5625,-58.51492525,T,0.1215,0.0835,0.031,0,20213511425
2624,2021351,1710,2021,351,17,10,-34.55416666,-58.50906357,A,0.148,0.10175,0.0147,0,20213511710
2625,2021351,1845,2021,351,18,45,NA,NA,A,NA,NA,NA,NA,20213511845
2626,2021352,1330,2021,352,13,30,-34.55416666,-58.50906357,T,0.147,0.101,0.0438,0,20213521330
2627,2021352,1510,2021,352,15,10,NA,NA,T,NA,NA,NA,NA,20213521510
2628,2021352,1615,2021,352,16,15,NA,NA,A,NA,NA,NA,NA,20213521615
2629,2021352,1755,2021,352,17,55,-34.55416666,-58.50906357,A,0.233,0.16125,0.0677,0,20213521755
2630,2021353,1235,2021,353,12,35,NA,NA,T,NA,NA,NA,NA,20213531235
2631,2021353,1415,2021,353,14,15,-34.55416666,-58.50906357,T,0.083,0.05675,0.0366,0,20213531415
2632,2021353,1700,2021,353,17,0,NA,NA,A,NA,NA,NA,NA,20213531700
2633,2021353,1835,2021,353,18,35,-34.55416666,-58.50906357,A,0.19967,0.13767,0.0231,0,20213531835
2634,2021354,1320,2021,354,13,20,NA,NA,T,NA,NA,NA,NA,20213541320
2635,2021354,1455,2021,354,14,55,NA,NA,T,NA,NA,NA,NA,20213541455
2636,2021354,1740,2021,354,17,40,NA,NA,A,NA,NA,NA,NA,20213541740
2637,2021354,1915,2021,354,19,15,NA,NA,A,NA,NA,NA,NA,20213541915
2638,2021355,1220,2021,355,12,20,NA,NA,T,NA,NA,NA,NA,20213551220
2639,2021355,1400,2021,355,14,0,NA,NA,T,NA,NA,NA,NA,20213551400
2640,2021355,1645,2021,355,16,45,NA,NA,A,NA,NA,NA,NA,20213551645
2641,2021355,1825,2021,355,18,25,-34.55416666,-58.50906357,A,0.24425,0.16925,0.0334,0,20213551825
2642,2021356,1305,2021,356,13,5,-34.55416666,-58.50906357,T,0.1345,0.09225,0.025,0,20213561305
2643,2021356,1445,2021,356,14,45,-34.55416666,-58.50906357,T,0.059,0.04025,0.0113,0,20213561445
2644,2021356,1730,2021,356,17,30,-34.55416666,-58.50906357,A,0.21275,0.1475,0.026,0,20213561730
2645,2021356,1905,2021,356,19,5,NA,NA,A,NA,NA,NA,NA,20213561905
2646,2021357,1350,2021,357,13,50,-34.55416666,-58.50906357,T,0.16425,0.11275,0.0324,0,20213571350
2647,2021357,1635,2021,357,16,35,NA,NA,A,NA,NA,NA,NA,20213571635
2648,2021357,1810,2021,357,18,10,-34.55416666,-58.50906357,A,0.225,0.156,0.0499,0,20213571810
2649,2021358,1255,2021,358,12,55,NA,NA,T,NA,NA,NA,NA,20213581255
2650,2021358,1430,2021,358,14,30,-34.55416666,-58.50906357,T,0.137,0.094,0.0203,0,20213581430
2651,2021358,1715,2021,358,17,15,NA,NA,A,NA,NA,NA,NA,20213581715
2652,2021358,1855,2021,358,18,55,NA,NA,A,NA,NA,NA,NA,20213581855
2653,2021359,1335,2021,359,13,35,-34.55416666,-58.50906357,T,0.3605,0.252,0.0625,0,20213591335
2654,2021359,1620,2021,359,16,20,NA,NA,A,NA,NA,NA,NA,20213591620
2655,2021359,1800,2021,359,18,0,-34.55416666,-58.50906357,A,0.15425,0.10575,0.0863,0,20213591800
2656,2021360,1240,2021,360,12,40,NA,NA,T,NA,NA,NA,NA,20213601240
2657,2021360,1420,2021,360,14,20,-34.55416666,-58.50906357,T,0.09875,0.0675,0.0342,0,20213601420
2658,2021360,1705,2021,360,17,5,-34.55416666,-58.50906357,A,0.2375,0.1645,0.0128,0,20213601705
2659,2021360,1840,2021,360,18,40,NA,NA,A,NA,NA,NA,NA,20213601840
2660,2021361,1325,2021,361,13,25,NA,NA,T,NA,NA,NA,NA,20213611325
2661,2021361,1500,2021,361,15,0,NA,NA,T,NA,NA,NA,NA,20213611500
2662,2021361,1610,2021,361,16,10,NA,NA,A,NA,NA,NA,NA,20213611610
2663,2021361,1745,2021,361,17,45,-34.55416666,-58.50906357,A,0.2715,0.18825,0.0689,0,20213611745
2664,2021362,1230,2021,362,12,30,NA,NA,T,NA,NA,NA,NA,20213621230
2665,2021362,1405,2021,362,14,5,NA,NA,T,NA,NA,NA,NA,20213621405
2666,2021362,1650,2021,362,16,50,NA,NA,A,NA,NA,NA,NA,20213621650
2667,2021362,1830,2021,362,18,30,-34.5625,-58.51492525,A,0.235,0.163,0.0336,0,20213621830
2668,2021363,1310,2021,363,13,10,-34.55416666,-58.50906357,T,0.22,0.15225,0.0268,0,20213631310
2669,2021363,1450,2021,363,14,50,NA,NA,T,NA,NA,NA,NA,20213631450
2670,2021363,1735,2021,363,17,35,-34.55416666,-58.50906357,A,0.28825,0.2,0.0511,0,20213631735
2671,2021363,1910,2021,363,19,10,NA,NA,A,NA,NA,NA,NA,20213631910
2672,2021364,1355,2021,364,13,55,NA,NA,T,NA,NA,NA,NA,20213641355
2673,2021364,1640,2021,364,16,40,NA,NA,A,NA,NA,NA,NA,20213641640
2674,2021364,1815,2021,364,18,15,NA,NA,A,NA,NA,NA,NA,20213641815
2675,2021365,1300,2021,365,13,0,NA,NA,T,NA,NA,NA,NA,20213651300
2676,2021365,1440,2021,365,14,40,-34.55416666,-58.50906357,T,0.14675,0.10075,0.0131,0,20213651440
2677,2021365,1720,2021,365,17,20,-34.55416666,-58.50906357,A,0.3715,0.25975,0.0253,0,20213651720
2678,2021365,1900,2021,365,19,0,NA,NA,A,NA,NA,NA,NA,20213651900
1,2022001,1345,2022,1,13,45,NA,NA,T,NA,NA,NA,NA,20220011345
2,2022001,1625,2022,1,16,25,NA,NA,A,NA,NA,NA,NA,20220011625
3,2022001,1805,2022,1,18,5,NA,NA,A,NA,NA,NA,NA,20220011805
4,2022002,1245,2022,2,12,45,NA,NA,T,NA,NA,NA,NA,20220021245
5,2022002,1425,2022,2,14,25,-34.55416666,-58.50906357,T,0.17275,0.11875,0.0225,0,20220021425
6,2022002,1710,2022,2,17,10,NA,NA,A,NA,NA,NA,NA,20220021710
7,2022002,1845,2022,2,18,45,NA,NA,A,NA,NA,NA,NA,20220021845
8,2022003,1330,2022,3,13,30,NA,NA,T,NA,NA,NA,NA,20220031330
9,2022003,1510,2022,3,15,10,NA,NA,T,NA,NA,NA,NA,20220031510
10,2022003,1615,2022,3,16,15,NA,NA,A,NA,NA,NA,NA,20220031615
11,2022003,1755,2022,3,17,55,NA,NA,A,NA,NA,NA,NA,20220031755
12,2022004,1235,2022,4,12,35,NA,NA,T,NA,NA,NA,NA,20220041235
13,2022004,1415,2022,4,14,15,NA,NA,T,NA,NA,NA,NA,20220041415
14,2022004,1700,2022,4,17,0,NA,NA,A,NA,NA,NA,NA,20220041700
15,2022004,1835,2022,4,18,35,NA,NA,A,NA,NA,NA,NA,20220041835
16,2022005,1320,2022,5,13,20,-34.55416666,-58.50906357,T,0.10425,0.0715,0.0279,0,20220051320
17,2022005,1455,2022,5,14,55,NA,NA,T,NA,NA,NA,NA,20220051455
18,2022005,1740,2022,5,17,40,NA,NA,A,NA,NA,NA,NA,20220051740
19,2022005,1915,2022,5,19,15,NA,NA,A,NA,NA,NA,NA,20220051915
20,2022006,1220,2022,6,12,20,NA,NA,T,NA,NA,NA,NA,20220061220
21,2022006,1400,2022,6,14,0,-34.55416666,-58.50906357,T,0.08925,0.061,0.058,0,20220061400
22,2022006,1645,2022,6,16,45,NA,NA,A,NA,NA,NA,NA,20220061645
23,2022006,1825,2022,6,18,25,-34.55416666,-58.50906357,A,0.08925,0.0615,0.0364,0,20220061825
24,2022007,1305,2022,7,13,5,NA,NA,T,NA,NA,NA,NA,20220071305
25,2022007,1445,2022,7,14,45,NA,NA,T,NA,NA,NA,NA,20220071445
26,2022007,1730,2022,7,17,30,NA,NA,A,NA,NA,NA,NA,20220071730
27,2022007,1905,2022,7,19,5,NA,NA,A,NA,NA,NA,NA,20220071905
28,2022008,1350,2022,8,13,50,-34.55416666,-58.50906357,T,0.08575,0.05875,0.0748,0,20220081350
29,2022008,1635,2022,8,16,35,NA,NA,A,NA,NA,NA,NA,20220081635
30,2022008,1810,2022,8,18,10,-34.55416666,-58.50906357,A,0.10625,0.073,0.0534,0,20220081810
31,2022009,1255,2022,9,12,55,NA,NA,T,NA,NA,NA,NA,20220091255
32,2022009,1430,2022,9,14,30,-34.55416666,-58.50906357,T,0.06875,0.04675,0.0174,0,20220091430
33,2022009,1715,2022,9,17,15,-34.55416666,-58.50906357,A,0.16275,0.112,0.0203,0,20220091715
34,2022009,1855,2022,9,18,55,NA,NA,A,NA,NA,NA,NA,20220091855
35,2022010,1335,2022,10,13,35,-34.55416666,-58.50906357,T,0.09125,0.0625,0.0554,0,20220101335
36,2022010,1620,2022,10,16,20,NA,NA,A,NA,NA,NA,NA,20220101620
37,2022010,1800,2022,10,18,0,-34.55416666,-58.50906357,A,0.2795,0.194,0.0756,0,20220101800
38,2022011,1240,2022,11,12,40,NA,NA,T,NA,NA,NA,NA,20220111240
39,2022011,1420,2022,11,14,20,-34.55416666,-58.50906357,T,0.366,0.25625,0.0315,0,20220111420
40,2022011,1705,2022,11,17,5,-34.55416666,-58.50906357,A,0.384,0.269,0.0116,0,20220111705
41,2022011,1840,2022,11,18,40,-34.5625,-58.51492525,A,0.241,0.167,0.0167,0,20220111840
42,2022012,1325,2022,12,13,25,-34.55416666,-58.50906357,T,0.1625,0.11175,0.0358,0,20220121325
43,2022012,1500,2022,12,15,0,NA,NA,T,NA,NA,NA,NA,20220121500
44,2022012,1745,2022,12,17,45,NA,NA,A,NA,NA,NA,NA,20220121745
45,2022013,1230,2022,13,12,30,NA,NA,T,NA,NA,NA,NA,20220131230
46,2022013,1405,2022,13,14,5,NA,NA,T,NA,NA,NA,NA,20220131405
47,2022013,1650,2022,13,16,50,NA,NA,A,NA,NA,NA,NA,20220131650
48,2022013,1830,2022,13,18,30,-34.55416666,-58.50906357,A,0.1235,0.08475,0.03,0,20220131830
49,2022014,1310,2022,14,13,10,-34.55416666,-58.50906357,T,0.17425,0.1195,0.0243,0,20220141310
50,2022014,1450,2022,14,14,50,NA,NA,T,NA,NA,NA,NA,20220141450
51,2022014,1735,2022,14,17,35,-34.55416666,-58.50906357,A,0.79567,0.575,0.0484,0,20220141735
52,2022014,1910,2022,14,19,10,NA,NA,A,NA,NA,NA,NA,20220141910
53,2022015,1355,2022,15,13,55,-34.55416666,-58.50906357,T,0.58775,0.41925,0.0741,0,20220151355
54,2022015,1640,2022,15,16,40,NA,NA,A,NA,NA,NA,NA,20220151640
55,2022015,1815,2022,15,18,15,NA,NA,A,NA,NA,NA,NA,20220151815
56,2022016,1300,2022,16,13,0,NA,NA,T,NA,NA,NA,NA,20220161300
57,2022016,1435,2022,16,14,35,NA,NA,T,NA,NA,NA,NA,20220161435
58,2022016,1720,2022,16,17,20,NA,NA,A,NA,NA,NA,NA,20220161720
59,2022016,1900,2022,16,19,0,NA,NA,A,NA,NA,NA,NA,20220161900
60,2022017,1340,2022,17,13,40,NA,NA,T,NA,NA,NA,NA,20220171340
61,2022017,1625,2022,17,16,25,NA,NA,A,NA,NA,NA,NA,20220171625
62,2022017,1805,2022,17,18,5,NA,NA,A,NA,NA,NA,NA,20220171805
63,2022018,1245,2022,18,12,45,NA,NA,T,NA,NA,NA,NA,20220181245
64,2022018,1425,2022,18,14,25,NA,NA,T,NA,NA,NA,NA,20220181425
65,2022018,1710,2022,18,17,10,NA,NA,A,NA,NA,NA,NA,20220181710
66,2022018,1845,2022,18,18,45,NA,NA,A,NA,NA,NA,NA,20220181845
67,2022019,1330,2022,19,13,30,NA,NA,T,NA,NA,NA,NA,20220191330
68,2022019,1510,2022,19,15,10,NA,NA,T,NA,NA,NA,NA,20220191510
69,2022019,1615,2022,19,16,15,NA,NA,A,NA,NA,NA,NA,20220191615
70,2022019,1755,2022,19,17,55,NA,NA,A,NA,NA,NA,NA,20220191755
71,2022020,1235,2022,20,12,35,NA,NA,T,NA,NA,NA,NA,20220201235
72,2022020,1415,2022,20,14,15,NA,NA,T,NA,NA,NA,NA,20220201415
73,2022020,1700,2022,20,17,0,NA,NA,A,NA,NA,NA,NA,20220201700
74,2022020,1835,2022,20,18,35,NA,NA,A,NA,NA,NA,NA,20220201835
75,2022021,1320,2022,21,13,20,NA,NA,T,NA,NA,NA,NA,20220211320
76,2022021,1455,2022,21,14,55,NA,NA,T,NA,NA,NA,NA,20220211455
77,2022021,1740,2022,21,17,40,NA,NA,A,NA,NA,NA,NA,20220211740
78,2022021,1915,2022,21,19,15,NA,NA,A,NA,NA,NA,NA,20220211915
79,2022022,1220,2022,22,12,20,NA,NA,T,NA,NA,NA,NA,20220221220
80,2022022,1400,2022,22,14,0,NA,NA,T,NA,NA,NA,NA,20220221400
81,2022022,1645,2022,22,16,45,NA,NA,A,NA,NA,NA,NA,20220221645
82,2022022,1825,2022,22,18,25,NA,NA,A,NA,NA,NA,NA,20220221825
83,2022023,1305,2022,23,13,5,NA,NA,T,NA,NA,NA,NA,20220231305
84,2022023,1445,2022,23,14,45,NA,NA,T,NA,NA,NA,NA,20220231445
85,2022023,1730,2022,23,17,30,NA,NA,A,NA,NA,NA,NA,20220231730
86,2022023,1905,2022,23,19,5,NA,NA,A,NA,NA,NA,NA,20220231905
87,2022024,1350,2022,24,13,50,NA,NA,T,NA,NA,NA,NA,20220241350
88,2022024,1635,2022,24,16,35,NA,NA,A,NA,NA,NA,NA,20220241635
89,2022024,1810,2022,24,18,10,NA,NA,A,NA,NA,NA,NA,20220241810
90,2022025,1255,2022,25,12,55,NA,NA,T,NA,NA,NA,NA,20220251255
91,2022025,1430,2022,25,14,30,NA,NA,T,NA,NA,NA,NA,20220251430
92,2022025,1715,2022,25,17,15,NA,NA,A,NA,NA,NA,NA,20220251715
93,2022025,1855,2022,25,18,55,NA,NA,A,NA,NA,NA,NA,20220251855
94,2022026,1335,2022,26,13,35,NA,NA,T,NA,NA,NA,NA,20220261335
95,2022026,1620,2022,26,16,20,NA,NA,A,NA,NA,NA,NA,20220261620
96,2022026,1800,2022,26,18,0,NA,NA,A,NA,NA,NA,NA,20220261800
97,2022027,1240,2022,27,12,40,NA,NA,T,NA,NA,NA,NA,20220271240
98,2022027,1420,2022,27,14,20,NA,NA,T,NA,NA,NA,NA,20220271420
99,2022027,1705,2022,27,17,5,-34.55416666,-58.50906357,A,0.23975,0.16625,0.0105,0,20220271705
100,2022027,1840,2022,27,18,40,NA,NA,A,NA,NA,NA,NA,20220271840
101,2022028,1325,2022,28,13,25,NA,NA,T,NA,NA,NA,NA,20220281325
102,2022028,1500,2022,28,15,0,NA,NA,T,NA,NA,NA,NA,20220281500
103,2022028,1745,2022,28,17,45,NA,NA,A,NA,NA,NA,NA,20220281745
104,2022029,1230,2022,29,12,30,NA,NA,T,NA,NA,NA,NA,20220291230
105,2022029,1405,2022,29,14,5,NA,NA,T,NA,NA,NA,NA,20220291405
106,2022029,1650,2022,29,16,50,NA,NA,A,NA,NA,NA,NA,20220291650
107,2022029,1830,2022,29,18,30,NA,NA,A,NA,NA,NA,NA,20220291830
108,2022030,1310,2022,30,13,10,-34.55416666,-58.50906357,T,0.1175,0.0805,0.024,0,20220301310
109,2022030,1450,2022,30,14,50,NA,NA,T,NA,NA,NA,NA,20220301450
110,2022030,1735,2022,30,17,35,NA,NA,A,NA,NA,NA,NA,20220301735
111,2022030,1910,2022,30,19,10,NA,NA,A,NA,NA,NA,NA,20220301910
112,2022031,1355,2022,31,13,55,NA,NA,T,NA,NA,NA,NA,20220311355
113,2022031,1640,2022,31,16,40,NA,NA,A,NA,NA,NA,NA,20220311640
114,2022031,1815,2022,31,18,15,-34.55416666,-58.50906357,A,0.12575,0.0865,0.0383,0,20220311815
115,2022032,1300,2022,32,13,0,NA,NA,T,NA,NA,NA,NA,20220321300
116,2022032,1435,2022,32,14,35,-34.55416666,-58.50906357,T,0.05775,0.03975,0.0097,0,20220321435
117,2022032,1720,2022,32,17,20,-34.55416666,-58.50906357,A,0.1815,0.125,0.0203,0,20220321720
118,2022032,1900,2022,32,19,0,NA,NA,A,NA,NA,NA,NA,20220321900
119,2022033,1340,2022,33,13,40,-34.55416666,-58.50906357,T,0.06175,0.04225,0.0609,0,20220331340
120,2022033,1625,2022,33,16,25,NA,NA,A,NA,NA,NA,NA,20220331625
121,2022033,1805,2022,33,18,5,-34.55416666,-58.50906357,A,0.19625,0.13525,0.0664,0,20220331805
122,2022034,1245,2022,34,12,45,NA,NA,T,NA,NA,NA,NA,20220341245
123,2022034,1425,2022,34,14,25,NA,NA,T,NA,NA,NA,NA,20220341425
124,2022034,1710,2022,34,17,10,NA,NA,A,NA,NA,NA,NA,20220341710
125,2022034,1845,2022,34,18,45,NA,NA,A,NA,NA,NA,NA,20220341845
126,2022035,1330,2022,35,13,30,NA,NA,T,NA,NA,NA,NA,20220351330
127,2022035,1510,2022,35,15,10,NA,NA,T,NA,NA,NA,NA,20220351510
128,2022035,1615,2022,35,16,15,NA,NA,A,NA,NA,NA,NA,20220351615
129,2022035,1755,2022,35,17,55,NA,NA,A,NA,NA,NA,NA,20220351755
130,2022036,1235,2022,36,12,35,NA,NA,T,NA,NA,NA,NA,20220361235
131,2022036,1410,2022,36,14,10,NA,NA,T,NA,NA,NA,NA,20220361410
132,2022036,1700,2022,36,17,0,NA,NA,A,NA,NA,NA,NA,20220361700
133,2022036,1835,2022,36,18,35,NA,NA,A,NA,NA,NA,NA,20220361835
134,2022037,1315,2022,37,13,15,NA,NA,T,NA,NA,NA,NA,20220371315
135,2022037,1455,2022,37,14,55,NA,NA,T,NA,NA,NA,NA,20220371455
136,2022037,1740,2022,37,17,40,NA,NA,A,NA,NA,NA,NA,20220371740
137,2022037,1915,2022,37,19,15,NA,NA,A,NA,NA,NA,NA,20220371915
138,2022038,1220,2022,38,12,20,NA,NA,T,NA,NA,NA,NA,20220381220
139,2022038,1400,2022,38,14,0,NA,NA,T,NA,NA,NA,NA,20220381400
140,2022038,1645,2022,38,16,45,NA,NA,A,NA,NA,NA,NA,20220381645
141,2022038,1825,2022,38,18,25,NA,NA,A,NA,NA,NA,NA,20220381825
142,2022039,1305,2022,39,13,5,NA,NA,T,NA,NA,NA,NA,20220391305
143,2022039,1445,2022,39,14,45,NA,NA,T,NA,NA,NA,NA,20220391445
144,2022039,1730,2022,39,17,30,-34.55416666,-58.50906357,A,0.2455,0.17025,0.0325,0,20220391730
145,2022039,1905,2022,39,19,5,NA,NA,A,NA,NA,NA,NA,20220391905
146,2022040,1350,2022,40,13,50,-34.55416666,-58.49894527,T,0.184,0.126,0.0555,0,20220401350
147,2022040,1810,2022,40,18,10,-34.55416666,-58.50906357,A,0.144,0.099,0.0554,0,20220401810
148,2022041,1255,2022,41,12,55,NA,NA,T,NA,NA,NA,NA,20220411255
149,2022041,1430,2022,41,14,30,-34.55416666,-58.50906357,T,0.073,0.04975,0.0145,0,20220411430
150,2022041,1715,2022,41,17,15,-34.55416666,-58.50906357,A,0.18075,0.12425,0.0167,0,20220411715
151,2022041,1855,2022,41,18,55,NA,NA,A,NA,NA,NA,NA,20220411855
152,2022042,1335,2022,42,13,35,-34.55416666,-58.49894527,T,0.228,0.158,0.0392,0,20220421335
153,2022042,1620,2022,42,16,20,NA,NA,A,NA,NA,NA,NA,20220421620
154,2022042,1800,2022,42,18,0,NA,NA,A,NA,NA,NA,NA,20220421800
155,2022043,1240,2022,43,12,40,NA,NA,T,NA,NA,NA,NA,20220431240
156,2022043,1420,2022,43,14,20,NA,NA,T,NA,NA,NA,NA,20220431420
157,2022043,1705,2022,43,17,5,NA,NA,A,NA,NA,NA,NA,20220431705
158,2022043,1840,2022,43,18,40,NA,NA,A,NA,NA,NA,NA,20220431840
159,2022044,1325,2022,44,13,25,NA,NA,T,NA,NA,NA,NA,20220441325
160,2022044,1500,2022,44,15,0,NA,NA,T,NA,NA,NA,NA,20220441500
161,2022044,1745,2022,44,17,45,NA,NA,A,NA,NA,NA,NA,20220441745
162,2022045,1230,2022,45,12,30,NA,NA,T,NA,NA,NA,NA,20220451230
163,2022045,1405,2022,45,14,5,-34.55416666,-58.50906357,T,0.15725,0.108,0.0432,0,20220451405
164,2022045,1650,2022,45,16,50,NA,NA,A,NA,NA,NA,NA,20220451650
165,2022045,1830,2022,45,18,30,-34.55416666,-58.50906357,A,0.10125,0.06925,0.0279,0,20220451830
166,2022046,1310,2022,46,13,10,-34.55416666,-58.50906357,T,0.154,0.10575,0.022,0,20220461310
167,2022046,1450,2022,46,14,50,NA,NA,T,NA,NA,NA,NA,20220461450
168,2022046,1735,2022,46,17,35,-34.55416666,-58.50906357,A,0.405,0.285,0.041,0,20220461735
169,2022046,1910,2022,46,19,10,NA,NA,A,NA,NA,NA,NA,20220461910
170,2022047,1355,2022,47,13,55,-34.55416666,-58.50906357,T,0.0555,0.038,0.065,0,20220471355
171,2022047,1640,2022,47,16,40,NA,NA,A,NA,NA,NA,NA,20220471640
172,2022047,1815,2022,47,18,15,-34.55416666,-58.50906357,A,0.281,0.19525,0.0456,0,20220471815
173,2022048,1300,2022,48,13,0,NA,NA,T,NA,NA,NA,NA,20220481300
174,2022048,1435,2022,48,14,35,NA,NA,T,NA,NA,NA,NA,20220481435
175,2022048,1720,2022,48,17,20,-34.55416666,-58.50906357,A,0.43,0.303,0.0252,0,20220481720
176,2022048,1900,2022,48,19,0,NA,NA,A,NA,NA,NA,NA,20220481900
177,2022049,1340,2022,49,13,40,NA,NA,T,NA,NA,NA,NA,20220491340
178,2022049,1625,2022,49,16,25,NA,NA,A,NA,NA,NA,NA,20220491625
179,2022049,1805,2022,49,18,5,-34.55416666,-58.50906357,A,0.17,0.11675,0.0682,0,20220491805
180,2022050,1245,2022,50,12,45,NA,NA,T,NA,NA,NA,NA,20220501245
181,2022050,1425,2022,50,14,25,-34.55416666,-58.50906357,T,0.14775,0.1015,0.0195,0,20220501425
182,2022050,1710,2022,50,17,10,-34.55416666,-58.50906357,A,0.21133,0.14633,0.015,0,20220501710
183,2022050,1845,2022,50,18,45,NA,NA,A,NA,NA,NA,NA,20220501845
184,2022051,1330,2022,51,13,30,NA,NA,T,NA,NA,NA,NA,20220511330
185,2022051,1505,2022,51,15,5,NA,NA,T,NA,NA,NA,NA,20220511505
186,2022051,1615,2022,51,16,15,NA,NA,A,NA,NA,NA,NA,20220511615
187,2022051,1750,2022,51,17,50,NA,NA,A,NA,NA,NA,NA,20220511750
188,2022052,1235,2022,52,12,35,NA,NA,T,NA,NA,NA,NA,20220521235
189,2022052,1410,2022,52,14,10,-34.55416666,-58.50906357,T,0.1875,0.12875,0.034,0,20220521410
190,2022052,1655,2022,52,16,55,NA,NA,A,NA,NA,NA,NA,20220521655
191,2022052,1835,2022,52,18,35,NA,NA,A,NA,NA,NA,NA,20220521835
192,2022053,1315,2022,53,13,15,-34.55416666,-58.50906357,T,0.32,0.224,0.0258,0,20220531315
193,2022053,1455,2022,53,14,55,NA,NA,T,NA,NA,NA,NA,20220531455
194,2022053,1740,2022,53,17,40,NA,NA,A,NA,NA,NA,NA,20220531740
195,2022053,1915,2022,53,19,15,NA,NA,A,NA,NA,NA,NA,20220531915
196,2022054,1220,2022,54,12,20,NA,NA,T,NA,NA,NA,NA,20220541220
197,2022054,1400,2022,54,14,0,NA,NA,T,NA,NA,NA,NA,20220541400
198,2022054,1645,2022,54,16,45,NA,NA,A,NA,NA,NA,NA,20220541645
199,2022054,1825,2022,54,18,25,-34.55416666,-58.50906357,A,0.12475,0.08575,0.0352,0,20220541825
200,2022055,1305,2022,55,13,5,NA,NA,T,NA,NA,NA,NA,20220551305
201,2022055,1440,2022,55,14,40,NA,NA,T,NA,NA,NA,NA,20220551440
202,2022055,1730,2022,55,17,30,NA,NA,A,NA,NA,NA,NA,20220551730
203,2022055,1905,2022,55,19,5,NA,NA,A,NA,NA,NA,NA,20220551905
204,2022056,1345,2022,56,13,45,-34.55416666,-58.50906357,T,0.07375,0.0505,0.0703,0,20220561345
205,2022056,1630,2022,56,16,30,NA,NA,A,NA,NA,NA,NA,20220561630
206,2022056,1810,2022,56,18,10,-34.55416666,-58.50906357,A,0.13175,0.0905,0.0543,0,20220561810
207,2022057,1250,2022,57,12,50,NA,NA,T,NA,NA,NA,NA,20220571250
208,2022057,1430,2022,57,14,30,NA,NA,T,NA,NA,NA,NA,20220571430
209,2022057,1715,2022,57,17,15,NA,NA,A,NA,NA,NA,NA,20220571715
210,2022057,1850,2022,57,18,50,NA,NA,A,NA,NA,NA,NA,20220571850
211,2022058,1335,2022,58,13,35,NA,NA,T,NA,NA,NA,NA,20220581335
212,2022058,1620,2022,58,16,20,NA,NA,A,NA,NA,NA,NA,20220581620
213,2022058,1800,2022,58,18,0,NA,NA,A,NA,NA,NA,NA,20220581800
214,2022059,1240,2022,59,12,40,NA,NA,T,NA,NA,NA,NA,20220591240
215,2022059,1420,2022,59,14,20,-34.55416666,-58.49894527,T,0.1845,0.127,0.018,0,20220591420
216,2022059,1705,2022,59,17,5,-34.55416666,-58.50906357,A,0.1765,0.1215,0.0109,0,20220591705
217,2022059,1840,2022,59,18,40,-34.55416666,-58.50906357,A,0.08675,0.0595,0.0186,0,20220591840
218,2022060,1325,2022,60,13,25,-34.55416666,-58.50906357,T,0.13275,0.0915,0.0299,0,20220601325
219,2022060,1500,2022,60,15,0,NA,NA,T,NA,NA,NA,NA,20220601500
220,2022060,1745,2022,60,17,45,-34.55416666,-58.50906357,A,0.22675,0.15725,0.0562,0,20220601745
221,2022061,1225,2022,61,12,25,NA,NA,T,NA,NA,NA,NA,20220611225
222,2022061,1405,2022,61,14,5,-34.55416666,-58.49894527,T,0.182,0.125,0.0327,0,20220611405
223,2022061,1650,2022,61,16,50,NA,NA,A,NA,NA,NA,NA,20220611650
224,2022061,1830,2022,61,18,30,-34.55416666,-58.50906357,A,0.10275,0.0705,0.0241,0,20220611830
225,2022062,1310,2022,62,13,10,NA,NA,T,NA,NA,NA,NA,20220621310
226,2022062,1450,2022,62,14,50,NA,NA,T,NA,NA,NA,NA,20220621450
227,2022062,1735,2022,62,17,35,-34.55416666,-58.50906357,A,0.2805,0.1945,0.0317,0,20220621735
228,2022062,1910,2022,62,19,10,NA,NA,A,NA,NA,NA,NA,20220621910
229,2022063,1355,2022,63,13,55,NA,NA,T,NA,NA,NA,NA,20220631355
230,2022063,1640,2022,63,16,40,NA,NA,A,NA,NA,NA,NA,20220631640
231,2022063,1815,2022,63,18,15,NA,NA,A,NA,NA,NA,NA,20220631815
232,2022064,1300,2022,64,13,0,NA,NA,T,NA,NA,NA,NA,20220641300
233,2022064,1435,2022,64,14,35,NA,NA,T,NA,NA,NA,NA,20220641435
234,2022064,1720,2022,64,17,20,NA,NA,A,NA,NA,NA,NA,20220641720
235,2022064,1900,2022,64,19,0,NA,NA,A,NA,NA,NA,NA,20220641900
236,2022065,1340,2022,65,13,40,NA,NA,T,NA,NA,NA,NA,20220651340
237,2022065,1625,2022,65,16,25,NA,NA,A,NA,NA,NA,NA,20220651625
238,2022065,1805,2022,65,18,5,-34.55416666,-58.50906357,A,0.08425,0.0575,0.0559,0,20220651805
239,2022066,1245,2022,66,12,45,NA,NA,T,NA,NA,NA,NA,20220661245
240,2022066,1425,2022,66,14,25,-34.55416666,-58.50906357,T,0.2215,0.15375,0.0163,0,20220661425
241,2022066,1710,2022,66,17,10,-34.55416666,-58.50906357,A,0.15125,0.104,0.0131,0,20220661710
242,2022066,1845,2022,66,18,45,NA,NA,A,NA,NA,NA,NA,20220661845
243,2022067,1330,2022,67,13,30,-34.55416666,-58.50906357,T,0.07025,0.0475,0.0386,0,20220671330
244,2022067,1505,2022,67,15,5,NA,NA,T,NA,NA,NA,NA,20220671505
245,2022067,1615,2022,67,16,15,NA,NA,A,NA,NA,NA,NA,20220671615
246,2022067,1750,2022,67,17,50,-34.55416666,-58.50906357,A,0.1385,0.09525,0.0617,0,20220671750
247,2022068,1235,2022,68,12,35,NA,NA,T,NA,NA,NA,NA,20220681235
248,2022068,1410,2022,68,14,10,NA,NA,T,NA,NA,NA,NA,20220681410
249,2022068,1655,2022,68,16,55,NA,NA,A,NA,NA,NA,NA,20220681655
250,2022068,1835,2022,68,18,35,NA,NA,A,NA,NA,NA,NA,20220681835
251,2022069,1315,2022,69,13,15,NA,NA,T,NA,NA,NA,NA,20220691315
252,2022069,1455,2022,69,14,55,NA,NA,T,NA,NA,NA,NA,20220691455
253,2022069,1740,2022,69,17,40,NA,NA,A,NA,NA,NA,NA,20220691740
254,2022069,1915,2022,69,19,15,NA,NA,A,NA,NA,NA,NA,20220691915
255,2022070,1220,2022,70,12,20,NA,NA,T,NA,NA,NA,NA,20220701220
256,2022070,1400,2022,70,14,0,NA,NA,T,NA,NA,NA,NA,20220701400
257,2022070,1645,2022,70,16,45,NA,NA,A,NA,NA,NA,NA,20220701645
258,2022070,1820,2022,70,18,20,NA,NA,A,NA,NA,NA,NA,20220701820
259,2022071,1305,2022,71,13,5,-34.55416666,-58.50906357,T,0.11125,0.07625,0.0191,0,20220711305
260,2022071,1440,2022,71,14,40,-34.55416666,-58.50906357,T,0.076,0.05175,0.0077,0,20220711440
261,2022071,1725,2022,71,17,25,-34.55416666,-58.50906357,A,0.2225,0.15425,0.0194,0,20220711725
262,2022071,1905,2022,71,19,5,NA,NA,A,NA,NA,NA,NA,20220711905
263,2022072,1345,2022,72,13,45,-34.5625,-58.50480593,T,0.126,0.086,0.0403,0,20220721345
264,2022072,1630,2022,72,16,30,NA,NA,A,NA,NA,NA,NA,20220721630
265,2022072,1810,2022,72,18,10,-34.55416666,-58.50906357,A,0.30525,0.2125,0.0385,0,20220721810
266,2022073,1250,2022,73,12,50,NA,NA,T,NA,NA,NA,NA,20220731250
267,2022073,1430,2022,73,14,30,NA,NA,T,NA,NA,NA,NA,20220731430
268,2022073,1715,2022,73,17,15,NA,NA,A,NA,NA,NA,NA,20220731715
269,2022073,1850,2022,73,18,50,NA,NA,A,NA,NA,NA,NA,20220731850
270,2022074,1335,2022,74,13,35,NA,NA,T,NA,NA,NA,NA,20220741335
271,2022074,1620,2022,74,16,20,NA,NA,A,NA,NA,NA,NA,20220741620
272,2022074,1755,2022,74,17,55,NA,NA,A,NA,NA,NA,NA,20220741755
273,2022075,1240,2022,75,12,40,NA,NA,T,NA,NA,NA,NA,20220751240
274,2022075,1415,2022,75,14,15,-34.5625,-58.51492525,T,0.147,0.101,0.0204,0,20220751415
275,2022075,1700,2022,75,17,0,-34.55416666,-58.50906357,A,0.15175,0.10425,0.0073,0,20220751700
276,2022075,1840,2022,75,18,40,-34.5625,-58.51492525,A,0.14,0.0965,0.0173,0,20220751840
277,2022076,1320,2022,76,13,20,NA,NA,T,NA,NA,NA,NA,20220761320
278,2022076,1500,2022,76,15,0,NA,NA,T,NA,NA,NA,NA,20220761500
279,2022076,1745,2022,76,17,45,NA,NA,A,NA,NA,NA,NA,20220761745
280,2022076,1920,2022,76,19,20,NA,NA,A,NA,NA,NA,NA,20220761920
281,2022077,1225,2022,77,12,25,NA,NA,T,NA,NA,NA,NA,20220771225
282,2022077,1405,2022,77,14,5,NA,NA,T,NA,NA,NA,NA,20220771405
283,2022077,1650,2022,77,16,50,NA,NA,A,NA,NA,NA,NA,20220771650
284,2022077,1830,2022,77,18,30,NA,NA,A,NA,NA,NA,NA,20220771830
285,2022078,1310,2022,78,13,10,-34.55416666,-58.50906357,T,0.097,0.0665,0.0157,0,20220781310
286,2022078,1450,2022,78,14,50,NA,NA,T,NA,NA,NA,NA,20220781450
287,2022078,1735,2022,78,17,35,NA,NA,A,NA,NA,NA,NA,20220781735
288,2022078,1910,2022,78,19,10,NA,NA,A,NA,NA,NA,NA,20220781910
289,2022079,1355,2022,79,13,55,NA,NA,T,NA,NA,NA,NA,20220791355
290,2022079,1635,2022,79,16,35,NA,NA,A,NA,NA,NA,NA,20220791635
291,2022079,1815,2022,79,18,15,-34.55416666,-58.50906357,A,0.24925,0.173,0.0339,0,20220791815
292,2022080,1300,2022,80,13,0,NA,NA,T,NA,NA,NA,NA,20220801300
293,2022080,1435,2022,80,14,35,NA,NA,T,NA,NA,NA,NA,20220801435
294,2022080,1720,2022,80,17,20,NA,NA,A,NA,NA,NA,NA,20220801720
295,2022080,1855,2022,80,18,55,NA,NA,A,NA,NA,NA,NA,20220801855
296,2022081,1340,2022,81,13,40,NA,NA,T,NA,NA,NA,NA,20220811340
297,2022081,1625,2022,81,16,25,NA,NA,A,NA,NA,NA,NA,20220811625
298,2022081,1805,2022,81,18,5,NA,NA,A,NA,NA,NA,NA,20220811805
299,2022082,1245,2022,82,12,45,NA,NA,T,NA,NA,NA,NA,20220821245
300,2022082,1425,2022,82,14,25,NA,NA,T,NA,NA,NA,NA,20220821425
301,2022083,1330,2022,83,13,30,NA,NA,T,NA,NA,NA,NA,20220831330
302,2022083,1505,2022,83,15,5,NA,NA,T,NA,NA,NA,NA,20220831505
303,2022083,1610,2022,83,16,10,NA,NA,A,NA,NA,NA,NA,20220831610
304,2022083,1750,2022,83,17,50,NA,NA,A,NA,NA,NA,NA,20220831750
305,2022084,1235,2022,84,12,35,NA,NA,T,NA,NA,NA,NA,20220841235
306,2022084,1410,2022,84,14,10,NA,NA,T,NA,NA,NA,NA,20220841410
307,2022084,1655,2022,84,16,55,NA,NA,A,NA,NA,NA,NA,20220841655
308,2022084,1835,2022,84,18,35,NA,NA,A,NA,NA,NA,NA,20220841835
309,2022085,1315,2022,85,13,15,NA,NA,T,NA,NA,NA,NA,20220851315
310,2022085,1455,2022,85,14,55,NA,NA,T,NA,NA,NA,NA,20220851455
311,2022085,1740,2022,85,17,40,NA,NA,A,NA,NA,NA,NA,20220851740
312,2022085,1915,2022,85,19,15,NA,NA,A,NA,NA,NA,NA,20220851915
313,2022086,1220,2022,86,12,20,NA,NA,T,NA,NA,NA,NA,20220861220
314,2022086,1400,2022,86,14,0,NA,NA,T,NA,NA,NA,NA,20220861400
315,2022086,1645,2022,86,16,45,NA,NA,A,NA,NA,NA,NA,20220861645
316,2022086,1820,2022,86,18,20,-34.55416666,-58.50906357,A,0.1385,0.095,0.0248,0,20220861820
317,2022087,1305,2022,87,13,5,-34.55416666,-58.50906357,T,0.11275,0.0775,0.0141,0,20220871305
318,2022087,1440,2022,87,14,40,-34.55416666,-58.50906357,T,0.09375,0.06425,0.0062,0,20220871440
319,2022087,1725,2022,87,17,25,-34.55416666,-58.50906357,A,0.1805,0.124,0.0172,0,20220871725
320,2022087,1900,2022,87,19,0,NA,NA,A,NA,NA,NA,NA,20220871900
321,2022088,1345,2022,88,13,45,NA,NA,T,NA,NA,NA,NA,20220881345
322,2022088,1630,2022,88,16,30,NA,NA,A,NA,NA,NA,NA,20220881630
323,2022088,1810,2022,88,18,10,NA,NA,A,NA,NA,NA,NA,20220881810
324,2022089,1250,2022,89,12,50,NA,NA,T,NA,NA,NA,NA,20220891250
325,2022089,1430,2022,89,14,30,NA,NA,T,NA,NA,NA,NA,20220891430
326,2022089,1715,2022,89,17,15,NA,NA,A,NA,NA,NA,NA,20220891715
327,2022089,1850,2022,89,18,50,NA,NA,A,NA,NA,NA,NA,20220891850
328,2022090,1335,2022,90,13,35,-34.55416666,-58.50906357,T,0.12975,0.08925,0.033,0,20220901335
329,2022091,1240,2022,91,12,40,NA,NA,T,NA,NA,NA,NA,20220911240
330,2022091,1415,2022,91,14,15,NA,NA,T,NA,NA,NA,NA,20220911415
331,2022092,1320,2022,92,13,20,-34.55416666,-58.50906357,T,0.121,0.083,0.0224,0,20220921320
332,2022092,1500,2022,92,15,0,NA,NA,T,NA,NA,NA,NA,20220921500
333,2022093,1225,2022,93,12,25,NA,NA,T,NA,NA,NA,NA,20220931225
334,2022093,1405,2022,93,14,5,NA,NA,T,NA,NA,NA,NA,20220931405
335,2022094,1310,2022,94,13,10,-34.55416666,-58.50906357,T,0.0765,0.05225,0.0161,0,20220941310
336,2022094,1445,2022,94,14,45,NA,NA,T,NA,NA,NA,NA,20220941445
337,2022095,1350,2022,95,13,50,NA,NA,T,NA,NA,NA,NA,20220951350
338,2022096,1255,2022,96,12,55,NA,NA,T,NA,NA,NA,NA,20220961255
339,2022096,1435,2022,96,14,35,NA,NA,T,NA,NA,NA,NA,20220961435
340,2022097,1340,2022,97,13,40,NA,NA,T,NA,NA,NA,NA,20220971340
341,2022098,1245,2022,98,12,45,NA,NA,T,NA,NA,NA,NA,20220981245
342,2022098,1425,2022,98,14,25,NA,NA,T,NA,NA,NA,NA,20220981425
343,2022099,1330,2022,99,13,30,-34.55416666,-58.50906357,T,0.29,0.201,0.0237,0,20220991330
344,2022099,1505,2022,99,15,5,NA,NA,T,NA,NA,NA,NA,20220991505
345,2022100,1230,2022,100,12,30,NA,NA,T,NA,NA,NA,NA,20221001230
346,2022100,1410,2022,100,14,10,NA,NA,T,NA,NA,NA,NA,20221001410
347,2022101,1315,2022,101,13,15,NA,NA,T,NA,NA,NA,NA,20221011315
348,2022101,1455,2022,101,14,55,NA,NA,T,NA,NA,NA,NA,20221011455
349,2022102,1220,2022,102,12,20,NA,NA,T,NA,NA,NA,NA,20221021220
350,2022102,1400,2022,102,14,0,NA,NA,T,NA,NA,NA,NA,20221021400
351,2022103,1305,2022,103,13,5,-34.55416666,-58.50906357,T,0.09,0.0615,0.0118,0,20221031305
352,2022103,1440,2022,103,14,40,-34.55416666,-58.50906357,T,0.09375,0.064,0.0069,0,20221031440
353,2022104,1345,2022,104,13,45,NA,NA,T,NA,NA,NA,NA,20221041345
354,2022105,1250,2022,105,12,50,NA,NA,T,NA,NA,NA,NA,20221051250
355,2022105,1430,2022,105,14,30,NA,NA,T,NA,NA,NA,NA,20221051430
356,2022106,1335,2022,106,13,35,NA,NA,T,NA,NA,NA,NA,20221061335
357,2022107,1240,2022,107,12,40,NA,NA,T,NA,NA,NA,NA,20221071240
358,2022107,1415,2022,107,14,15,NA,NA,T,NA,NA,NA,NA,20221071415
359,2022107,1700,2022,107,17,0,NA,NA,A,NA,NA,NA,NA,20221071700
360,2022107,1835,2022,107,18,35,NA,NA,A,NA,NA,NA,NA,20221071835
361,2022108,1320,2022,108,13,20,NA,NA,T,NA,NA,NA,NA,20221081320
362,2022108,1500,2022,108,15,0,NA,NA,T,NA,NA,NA,NA,20221081500
363,2022108,1745,2022,108,17,45,-34.55416666,-58.50906357,A,0.17975,0.12325,0.0293,0,20221081745
364,2022108,1920,2022,108,19,20,NA,NA,A,NA,NA,NA,NA,20221081920
365,2022109,1225,2022,109,12,25,NA,NA,T,NA,NA,NA,NA,20221091225
366,2022109,1405,2022,109,14,5,-34.5625,-58.51492525,T,0.13,0.0895,0.0311,0,20221091405
367,2022109,1645,2022,109,16,45,NA,NA,A,NA,NA,NA,NA,20221091645
368,2022109,1825,2022,109,18,25,NA,NA,A,NA,NA,NA,NA,20221091825
369,2022110,1310,2022,110,13,10,-34.55416666,-58.50906357,T,0.1085,0.07475,0.02,0,20221101310
370,2022110,1445,2022,110,14,45,NA,NA,T,NA,NA,NA,NA,20221101445
371,2022110,1730,2022,110,17,30,NA,NA,A,NA,NA,NA,NA,20221101730
372,2022110,1905,2022,110,19,5,NA,NA,A,NA,NA,NA,NA,20221101905
373,2022111,1350,2022,111,13,50,NA,NA,T,NA,NA,NA,NA,20221111350
374,2022111,1635,2022,111,16,35,NA,NA,A,NA,NA,NA,NA,20221111635
375,2022111,1815,2022,111,18,15,NA,NA,A,NA,NA,NA,NA,20221111815
376,2022112,1255,2022,112,12,55,NA,NA,T,NA,NA,NA,NA,20221121255
377,2022112,1435,2022,112,14,35,NA,NA,T,NA,NA,NA,NA,20221121435
378,2022112,1720,2022,112,17,20,NA,NA,A,NA,NA,NA,NA,20221121720
379,2022112,1855,2022,112,18,55,NA,NA,A,NA,NA,NA,NA,20221121855
380,2022113,1340,2022,113,13,40,NA,NA,T,NA,NA,NA,NA,20221131340
381,2022113,1620,2022,113,16,20,NA,NA,A,NA,NA,NA,NA,20221131620
382,2022113,1800,2022,113,18,0,NA,NA,A,NA,NA,NA,NA,20221131800
383,2022114,1245,2022,114,12,45,NA,NA,T,NA,NA,NA,NA,20221141245
384,2022114,1425,2022,114,14,25,-34.55416666,-58.50906357,T,0.19975,0.138,0.0091,0,20221141425
385,2022114,1705,2022,114,17,5,-34.55416666,-58.50906357,A,0.16125,0.111,0.0052,0,20221141705
386,2022114,1845,2022,114,18,45,-34.55416666,-58.50906357,A,0.082,0.05625,0.0107,0,20221141845
387,2022115,1330,2022,115,13,30,-34.55416666,-58.50906357,T,0.25075,0.1735,0.02,0,20221151330
388,2022115,1505,2022,115,15,5,NA,NA,T,NA,NA,NA,NA,20221151505
389,2022115,1750,2022,115,17,50,-34.55416666,-58.50906357,A,0.13875,0.0955,0.0279,0,20221151750
390,2022116,1230,2022,116,12,30,NA,NA,T,NA,NA,NA,NA,20221161230
391,2022116,1410,2022,116,14,10,NA,NA,T,NA,NA,NA,NA,20221161410
392,2022116,1655,2022,116,16,55,NA,NA,A,NA,NA,NA,NA,20221161655
393,2022116,1830,2022,116,18,30,NA,NA,A,NA,NA,NA,NA,20221161830
394,2022117,1315,2022,117,13,15,-34.55416666,-58.50906357,T,0.10825,0.07475,0.0143,0,20221171315
395,2022117,1455,2022,117,14,55,NA,NA,T,NA,NA,NA,NA,20221171455
396,2022117,1735,2022,117,17,35,-34.55416666,-58.50906357,A,0.12125,0.08325,0.0139,0,20221171735
397,2022117,1910,2022,117,19,10,NA,NA,A,NA,NA,NA,NA,20221171910
398,2022118,1220,2022,118,12,20,NA,NA,T,NA,NA,NA,NA,20221181220
399,2022118,1400,2022,118,14,0,-34.55416666,-58.50906357,T,0.16425,0.11275,0.0215,0,20221181400
400,2022118,1640,2022,118,16,40,NA,NA,A,NA,NA,NA,NA,20221181640
401,2022118,1820,2022,118,18,20,-34.55416666,-58.50906357,A,0.096,0.06575,0.018,0,20221181820
402,2022119,1305,2022,119,13,5,-34.55416666,-58.50906357,T,0.09375,0.06425,0.0101,0,20221191305
403,2022119,1440,2022,119,14,40,-34.55416666,-58.50906357,T,0.1305,0.08975,0.0058,0,20221191440
404,2022119,1725,2022,119,17,25,-34.55416666,-58.50906357,A,0.1255,0.08625,0.0102,0,20221191725
405,2022119,1900,2022,119,19,0,NA,NA,A,NA,NA,NA,NA,20221191900
406,2022120,1345,2022,120,13,45,NA,NA,T,NA,NA,NA,NA,20221201345
407,2022120,1625,2022,120,16,25,NA,NA,A,NA,NA,NA,NA,20221201625
408,2022120,1805,2022,120,18,5,NA,NA,A,NA,NA,NA,NA,20221201805
409,2022121,1250,2022,121,12,50,NA,NA,T,NA,NA,NA,NA,20221211250
410,2022121,1430,2022,121,14,30,-34.55416666,-58.50906357,T,0.13675,0.094,0.0077,0,20221211430
411,2022121,1850,2022,121,18,50,NA,NA,A,NA,NA,NA,NA,20221211850
412,2022122,1335,2022,122,13,35,NA,NA,T,NA,NA,NA,NA,20221221335
413,2022122,1615,2022,122,16,15,NA,NA,A,NA,NA,NA,NA,20221221615
414,2022122,1755,2022,122,17,55,NA,NA,A,NA,NA,NA,NA,20221221755
415,2022123,1240,2022,123,12,40,NA,NA,T,NA,NA,NA,NA,20221231240
416,2022123,1415,2022,123,14,15,-34.55416666,-58.50906357,T,0.1555,0.107,0.0112,0,20221231415
417,2022123,1700,2022,123,17,0,NA,NA,A,NA,NA,NA,NA,20221231700
418,2022123,1835,2022,123,18,35,-34.55416666,-58.50906357,A,0.09975,0.0685,0.0117,0,20221231835
419,2022124,1320,2022,124,13,20,-34.55416666,-58.50906357,T,0.1235,0.085,0.0167,0,20221241320
420,2022124,1500,2022,124,15,0,NA,NA,T,NA,NA,NA,NA,20221241500
421,2022124,1740,2022,124,17,40,-34.55416666,-58.50906357,A,0.0975,0.0665,0.0209,0,20221241740
422,2022124,1915,2022,124,19,15,NA,NA,A,NA,NA,NA,NA,20221241915
423,2022125,1225,2022,125,12,25,NA,NA,T,NA,NA,NA,NA,20221251225
424,2022125,1405,2022,125,14,5,NA,NA,T,NA,NA,NA,NA,20221251405
425,2022125,1645,2022,125,16,45,NA,NA,A,NA,NA,NA,NA,20221251645
426,2022125,1820,2022,125,18,20,-34.55416666,-58.50906357,A,0.1145,0.079,0.0164,0,20221251820
427,2022126,1310,2022,126,13,10,-34.55416666,-58.50906357,T,0.0935,0.06375,0.0124,0,20221261310
428,2022126,1445,2022,126,14,45,NA,NA,T,NA,NA,NA,NA,20221261445
429,2022126,1730,2022,126,17,30,NA,NA,A,NA,NA,NA,NA,20221261730
430,2022126,1905,2022,126,19,5,NA,NA,A,NA,NA,NA,NA,20221261905
431,2022127,1350,2022,127,13,50,-34.55416666,-58.50906357,T,0.079,0.054,0.0257,0,20221271350
432,2022127,1635,2022,127,16,35,NA,NA,A,NA,NA,NA,NA,20221271635
433,2022127,1810,2022,127,18,10,NA,NA,A,NA,NA,NA,NA,20221271810
434,2022128,1255,2022,128,12,55,NA,NA,T,NA,NA,NA,NA,20221281255
435,2022128,1435,2022,128,14,35,NA,NA,T,NA,NA,NA,NA,20221281435
436,2022128,1715,2022,128,17,15,-34.55416666,-58.50906357,A,0.10025,0.06875,0.0092,0,20221281715
437,2022128,1850,2022,128,18,50,NA,NA,A,NA,NA,NA,NA,20221281850
438,2022129,1340,2022,129,13,40,NA,NA,T,NA,NA,NA,NA,20221291340
439,2022129,1620,2022,129,16,20,NA,NA,A,NA,NA,NA,NA,20221291620
440,2022129,1800,2022,129,18,0,NA,NA,A,NA,NA,NA,NA,20221291800
441,2022130,1245,2022,130,12,45,NA,NA,T,NA,NA,NA,NA,20221301245
442,2022130,1420,2022,130,14,20,NA,NA,T,NA,NA,NA,NA,20221301420
443,2022130,1705,2022,130,17,5,NA,NA,A,NA,NA,NA,NA,20221301705
444,2022130,1840,2022,130,18,40,NA,NA,A,NA,NA,NA,NA,20221301840
445,2022131,1325,2022,131,13,25,NA,NA,T,NA,NA,NA,NA,20221311325
446,2022131,1505,2022,131,15,5,NA,NA,T,NA,NA,NA,NA,20221311505
447,2022131,1745,2022,131,17,45,NA,NA,A,NA,NA,NA,NA,20221311745
448,2022131,1920,2022,131,19,20,NA,NA,A,NA,NA,NA,NA,20221311920
449,2022132,1230,2022,132,12,30,NA,NA,T,NA,NA,NA,NA,20221321230
450,2022132,1410,2022,132,14,10,NA,NA,T,NA,NA,NA,NA,20221321410
451,2022132,1650,2022,132,16,50,NA,NA,A,NA,NA,NA,NA,20221321650
452,2022132,1830,2022,132,18,30,-34.55416666,-58.50906357,A,0.0935,0.064,0.0144,0,20221321830
453,2022133,1315,2022,133,13,15,NA,NA,T,NA,NA,NA,NA,20221331315
454,2022133,1455,2022,133,14,55,NA,NA,T,NA,NA,NA,NA,20221331455
455,2022133,1735,2022,133,17,35,NA,NA,A,NA,NA,NA,NA,20221331735
456,2022133,1910,2022,133,19,10,NA,NA,A,NA,NA,NA,NA,20221331910
457,2022134,1220,2022,134,12,20,NA,NA,T,NA,NA,NA,NA,20221341220
458,2022134,1355,2022,134,13,55,NA,NA,T,NA,NA,NA,NA,20221341355
459,2022134,1640,2022,134,16,40,NA,NA,A,NA,NA,NA,NA,20221341640
460,2022134,1815,2022,134,18,15,-34.55416666,-58.50906357,A,0.11775,0.081,0.0165,0,20221341815
461,2022135,1300,2022,135,13,0,-34.55416666,-58.50906357,T,0.06625,0.04525,0.0094,0,20221351300
462,2022135,1440,2022,135,14,40,-34.55416666,-58.50906357,T,0.121,0.083,0.0042,0,20221351440
463,2022135,1720,2022,135,17,20,-34.55416666,-58.50906357,A,0.09825,0.0675,0.0065,0,20221351720
464,2022135,1855,2022,135,18,55,NA,NA,A,NA,NA,NA,NA,20221351855
465,2022136,1345,2022,136,13,45,NA,NA,T,NA,NA,NA,NA,20221361345
466,2022136,1625,2022,136,16,25,NA,NA,A,NA,NA,NA,NA,20221361625
467,2022137,1250,2022,137,12,50,NA,NA,T,NA,NA,NA,NA,20221371250
468,2022137,1430,2022,137,14,30,NA,NA,T,NA,NA,NA,NA,20221371430
469,2022137,1710,2022,137,17,10,NA,NA,A,NA,NA,NA,NA,20221371710
470,2022137,1845,2022,137,18,45,NA,NA,A,NA,NA,NA,NA,20221371845
471,2022138,1335,2022,138,13,35,NA,NA,T,NA,NA,NA,NA,20221381335
472,2022138,1615,2022,138,16,15,NA,NA,A,NA,NA,NA,NA,20221381615
473,2022138,1750,2022,138,17,50,-34.55416666,-58.50906357,A,0.143,0.09825,0.023,0,20221381750
474,2022139,1240,2022,139,12,40,NA,NA,T,NA,NA,NA,NA,20221391240
475,2022139,1415,2022,139,14,15,-34.55416666,-58.50906357,T,0.281,0.195,0.0108,0,20221391415
476,2022139,1655,2022,139,16,55,NA,NA,A,NA,NA,NA,NA,20221391655
477,2022139,1835,2022,139,18,35,NA,NA,A,NA,NA,NA,NA,20221391835
478,2022140,1320,2022,140,13,20,-34.55416666,-58.50906357,T,0.15175,0.10425,0.0159,0,20221401320
479,2022140,1500,2022,140,15,0,NA,NA,T,NA,NA,NA,NA,20221401500
480,2022140,1740,2022,140,17,40,-34.55416666,-58.50906357,A,0.12875,0.0885,0.0156,0,20221401740
481,2022140,1915,2022,140,19,15,NA,NA,A,NA,NA,NA,NA,20221401915
482,2022141,1225,2022,141,12,25,NA,NA,T,NA,NA,NA,NA,20221411225
483,2022141,1405,2022,141,14,5,-34.55416666,-58.50906357,T,0.22075,0.153,0.0179,0,20221411405
484,2022141,1645,2022,141,16,45,NA,NA,A,NA,NA,NA,NA,20221411645
485,2022141,1820,2022,141,18,20,-34.55416666,-58.50906357,A,0.14425,0.09925,0.0169,0,20221411820
486,2022142,1310,2022,142,13,10,-34.55416666,-58.50906357,T,0.132,0.0905,0.0119,0,20221421310
487,2022142,1445,2022,142,14,45,NA,NA,T,NA,NA,NA,NA,20221421445
488,2022142,1725,2022,142,17,25,NA,NA,A,NA,NA,NA,NA,20221421725
489,2022142,1900,2022,142,19,0,NA,NA,A,NA,NA,NA,NA,20221421900
490,2022143,1350,2022,143,13,50,-34.55416666,-58.50906357,T,0.18125,0.1245,0.024,0,20221431350
491,2022143,1630,2022,143,16,30,NA,NA,A,NA,NA,NA,NA,20221431630
492,2022143,1810,2022,143,18,10,NA,NA,A,NA,NA,NA,NA,20221431810
493,2022144,1255,2022,144,12,55,NA,NA,T,NA,NA,NA,NA,20221441255
494,2022144,1435,2022,144,14,35,NA,NA,T,NA,NA,NA,NA,20221441435
495,2022144,1715,2022,144,17,15,NA,NA,A,NA,NA,NA,NA,20221441715
496,2022144,1850,2022,144,18,50,NA,NA,A,NA,NA,NA,NA,20221441850
497,2022145,1340,2022,145,13,40,NA,NA,T,NA,NA,NA,NA,20221451340
498,2022145,1620,2022,145,16,20,NA,NA,A,NA,NA,NA,NA,20221451620
499,2022145,1755,2022,145,17,55,NA,NA,A,NA,NA,NA,NA,20221451755
500,2022146,1245,2022,146,12,45,NA,NA,T,NA,NA,NA,NA,20221461245
501,2022146,1420,2022,146,14,20,-34.55416666,-58.50906357,T,0.13967,0.09633,0.0081,0,20221461420
502,2022146,1700,2022,146,17,0,NA,NA,A,NA,NA,NA,NA,20221461700
503,2022146,1840,2022,146,18,40,-34.55416666,-58.50906357,A,0.07525,0.0515,0.0103,0,20221461840
504,2022147,1325,2022,147,13,25,-34.55416666,-58.50906357,T,0.1405,0.0965,0.0169,0,20221471325
505,2022147,1505,2022,147,15,5,NA,NA,T,NA,NA,NA,NA,20221471505
506,2022147,1745,2022,147,17,45,NA,NA,A,NA,NA,NA,NA,20221471745
507,2022147,1920,2022,147,19,20,NA,NA,A,NA,NA,NA,NA,20221471920
508,2022148,1230,2022,148,12,30,NA,NA,T,NA,NA,NA,NA,20221481230
509,2022148,1410,2022,148,14,10,NA,NA,T,NA,NA,NA,NA,20221481410
510,2022148,1650,2022,148,16,50,NA,NA,A,NA,NA,NA,NA,20221481650
511,2022148,1825,2022,148,18,25,NA,NA,A,NA,NA,NA,NA,20221481825
512,2022149,1315,2022,149,13,15,-34.55416666,-58.50906357,T,0.0555,0.03775,0.0122,0,20221491315
513,2022149,1450,2022,149,14,50,NA,NA,T,NA,NA,NA,NA,20221491450
514,2022149,1730,2022,149,17,30,NA,NA,A,NA,NA,NA,NA,20221491730
515,2022149,1905,2022,149,19,5,NA,NA,A,NA,NA,NA,NA,20221491905
516,2022150,1220,2022,150,12,20,NA,NA,T,NA,NA,NA,NA,20221501220
517,2022150,1355,2022,150,13,55,-34.55416666,-58.50906357,T,0.13675,0.094,0.0195,0,20221501355
518,2022150,1635,2022,150,16,35,NA,NA,A,NA,NA,NA,NA,20221501635
519,2022150,1815,2022,150,18,15,NA,NA,A,NA,NA,NA,NA,20221501815
520,2022151,1300,2022,151,13,0,-34.55416666,-58.50906357,T,0.06725,0.04575,0.0092,0,20221511300
521,2022151,1440,2022,151,14,40,-34.55416666,-58.50906357,T,0.14025,0.0965,0.0054,0,20221511440
522,2022151,1720,2022,151,17,20,-34.55416666,-58.50906357,A,0.11175,0.07675,0.0076,0,20221511720
523,2022151,1855,2022,151,18,55,NA,NA,A,NA,NA,NA,NA,20221511855
524,2022152,1345,2022,152,13,45,NA,NA,T,NA,NA,NA,NA,20221521345
525,2022152,1625,2022,152,16,25,NA,NA,A,NA,NA,NA,NA,20221521625
526,2022152,1800,2022,152,18,0,NA,NA,A,NA,NA,NA,NA,20221521800
527,2022153,1250,2022,153,12,50,NA,NA,T,NA,NA,NA,NA,20221531250
528,2022153,1425,2022,153,14,25,-34.55416666,-58.50906357,T,0.15825,0.10875,0.0096,0,20221531425
529,2022153,1705,2022,153,17,5,-34.55416666,-58.50906357,A,0.143,0.09825,0.0067,0,20221531705
530,2022153,1845,2022,153,18,45,NA,NA,A,NA,NA,NA,NA,20221531845
531,2022154,1330,2022,154,13,30,NA,NA,T,NA,NA,NA,NA,20221541330
532,2022154,1750,2022,154,17,50,-34.55416666,-58.50906357,A,0.063,0.04325,0.0236,0,20221541750
533,2022155,1235,2022,155,12,35,NA,NA,T,NA,NA,NA,NA,20221551235
534,2022155,1415,2022,155,14,15,NA,NA,T,NA,NA,NA,NA,20221551415
535,2022155,1655,2022,155,16,55,NA,NA,A,NA,NA,NA,NA,20221551655
536,2022155,1830,2022,155,18,30,NA,NA,A,NA,NA,NA,NA,20221551830
537,2022156,1320,2022,156,13,20,NA,NA,T,NA,NA,NA,NA,20221561320
538,2022156,1500,2022,156,15,0,NA,NA,T,NA,NA,NA,NA,20221561500
539,2022156,1735,2022,156,17,35,NA,NA,A,NA,NA,NA,NA,20221561735
540,2022156,1910,2022,156,19,10,NA,NA,A,NA,NA,NA,NA,20221561910
541,2022157,1225,2022,157,12,25,NA,NA,T,NA,NA,NA,NA,20221571225
542,2022157,1400,2022,157,14,0,-34.5625,-58.51492525,T,0.479,0.3375,0.0224,0,20221571400
543,2022157,1640,2022,157,16,40,NA,NA,A,NA,NA,NA,NA,20221571640
544,2022157,1820,2022,157,18,20,NA,NA,A,NA,NA,NA,NA,20221571820
545,2022158,1310,2022,158,13,10,NA,NA,T,NA,NA,NA,NA,20221581310
546,2022158,1445,2022,158,14,45,NA,NA,T,NA,NA,NA,NA,20221581445
547,2022158,1725,2022,158,17,25,NA,NA,A,NA,NA,NA,NA,20221581725
548,2022158,1900,2022,158,19,0,NA,NA,A,NA,NA,NA,NA,20221581900
549,2022159,1350,2022,159,13,50,-34.55416666,-58.50906357,T,0.2815,0.19475,0.0257,0,20221591350
550,2022159,1630,2022,159,16,30,NA,NA,A,NA,NA,NA,NA,20221591630
551,2022159,1805,2022,159,18,5,-34.55416666,-58.50906357,A,0.2535,0.17575,0.0223,0,20221591805
552,2022160,1255,2022,160,12,55,NA,NA,T,NA,NA,NA,NA,20221601255
553,2022160,1435,2022,160,14,35,NA,NA,T,NA,NA,NA,NA,20221601435
554,2022160,1710,2022,160,17,10,NA,NA,A,NA,NA,NA,NA,20221601710
555,2022160,1850,2022,160,18,50,NA,NA,A,NA,NA,NA,NA,20221601850
556,2022161,1340,2022,161,13,40,-34.55416666,-58.50906357,T,0.033,0.0225,0.022,0,20221611340
557,2022161,1615,2022,161,16,15,NA,NA,A,NA,NA,NA,NA,20221611615
558,2022161,1755,2022,161,17,55,-34.55416666,-58.50906357,A,0.03,0.0205,0.0256,0,20221611755
559,2022162,1245,2022,162,12,45,NA,NA,T,NA,NA,NA,NA,20221621245
560,2022162,1420,2022,162,14,20,-34.55416666,-58.50906357,T,0.13525,0.093,0.0087,0,20221621420
561,2022162,1700,2022,162,17,0,NA,NA,A,NA,NA,NA,NA,20221621700
562,2022162,1835,2022,162,18,35,-34.55416666,-58.50906357,A,0.054,0.03675,0.009,0,20221621835
563,2022163,1325,2022,163,13,25,-34.55416666,-58.50906357,T,0.07875,0.0535,0.0145,0,20221631325
564,2022163,1505,2022,163,15,5,NA,NA,T,NA,NA,NA,NA,20221631505
565,2022163,1740,2022,163,17,40,-34.55416666,-58.50906357,A,0.1235,0.08475,0.0197,0,20221631740
566,2022163,1915,2022,163,19,15,NA,NA,A,NA,NA,NA,NA,20221631915
567,2022164,1230,2022,164,12,30,NA,NA,T,NA,NA,NA,NA,20221641230
568,2022164,1410,2022,164,14,10,-34.55416666,-58.50906357,T,0.14075,0.09675,0.0174,0,20221641410
569,2022164,1645,2022,164,16,45,NA,NA,A,NA,NA,NA,NA,20221641645
570,2022164,1825,2022,164,18,25,-34.55416666,-58.50906357,A,0.06133,0.04167,0.0141,0,20221641825
571,2022165,1315,2022,165,13,15,NA,NA,T,NA,NA,NA,NA,20221651315
572,2022165,1450,2022,165,14,50,NA,NA,T,NA,NA,NA,NA,20221651450
573,2022165,1730,2022,165,17,30,NA,NA,A,NA,NA,NA,NA,20221651730
574,2022165,1905,2022,165,19,5,NA,NA,A,NA,NA,NA,NA,20221651905
575,2022166,1215,2022,166,12,15,NA,NA,T,NA,NA,NA,NA,20221661215
576,2022166,1355,2022,166,13,55,NA,NA,T,NA,NA,NA,NA,20221661355
577,2022166,1630,2022,166,16,30,NA,NA,A,NA,NA,NA,NA,20221661630
578,2022166,1810,2022,166,18,10,NA,NA,A,NA,NA,NA,NA,20221661810
579,2022167,1300,2022,167,13,0,NA,NA,T,NA,NA,NA,NA,20221671300
580,2022167,1440,2022,167,14,40,NA,NA,T,NA,NA,NA,NA,20221671440
581,2022167,1715,2022,167,17,15,NA,NA,A,NA,NA,NA,NA,20221671715
582,2022167,1850,2022,167,18,50,NA,NA,A,NA,NA,NA,NA,20221671850
583,2022168,1345,2022,168,13,45,NA,NA,T,NA,NA,NA,NA,20221681345
584,2022168,1620,2022,168,16,20,NA,NA,A,NA,NA,NA,NA,20221681620
585,2022168,1800,2022,168,18,0,-34.55416666,-58.50906357,A,0.0255,0.0175,0.0239,0,20221681800
586,2022169,1250,2022,169,12,50,NA,NA,T,NA,NA,NA,NA,20221691250
587,2022169,1425,2022,169,14,25,-34.55416666,-58.50906357,T,0.11125,0.0765,0.0084,0,20221691425
588,2022169,1705,2022,169,17,5,-34.55416666,-58.50906357,A,0.06575,0.045,0.0065,0,20221691705
589,2022169,1840,2022,169,18,40,-34.55416666,-58.50906357,A,0.03275,0.0225,0.0071,0,20221691840
590,2022170,1330,2022,170,13,30,-34.55416666,-58.50906357,T,0.04975,0.034,0.0201,0,20221701330
591,2022170,1745,2022,170,17,45,NA,NA,A,NA,NA,NA,NA,20221701745
592,2022170,1920,2022,170,19,20,NA,NA,A,NA,NA,NA,NA,20221701920
593,2022171,1235,2022,171,12,35,NA,NA,T,NA,NA,NA,NA,20221711235
594,2022171,1415,2022,171,14,15,NA,NA,T,NA,NA,NA,NA,20221711415
595,2022171,1650,2022,171,16,50,NA,NA,A,NA,NA,NA,NA,20221711650
596,2022171,1830,2022,171,18,30,NA,NA,A,NA,NA,NA,NA,20221711830
597,2022172,1320,2022,172,13,20,-34.55416666,-58.50906357,T,0.10475,0.07175,0.0142,0,20221721320
598,2022172,1455,2022,172,14,55,NA,NA,T,NA,NA,NA,NA,20221721455
599,2022172,1735,2022,172,17,35,NA,NA,A,NA,NA,NA,NA,20221721735
600,2022172,1910,2022,172,19,10,NA,NA,A,NA,NA,NA,NA,20221721910
601,2022173,1225,2022,173,12,25,NA,NA,T,NA,NA,NA,NA,20221731225
602,2022173,1400,2022,173,14,0,NA,NA,T,NA,NA,NA,NA,20221731400
603,2022173,1635,2022,173,16,35,NA,NA,A,NA,NA,NA,NA,20221731635
604,2022173,1815,2022,173,18,15,NA,NA,A,NA,NA,NA,NA,20221731815
605,2022174,1305,2022,174,13,5,NA,NA,T,NA,NA,NA,NA,20221741305
606,2022174,1445,2022,174,14,45,NA,NA,T,NA,NA,NA,NA,20221741445
607,2022174,1720,2022,174,17,20,NA,NA,A,NA,NA,NA,NA,20221741720
608,2022174,1855,2022,174,18,55,NA,NA,A,NA,NA,NA,NA,20221741855
609,2022175,1350,2022,175,13,50,NA,NA,T,NA,NA,NA,NA,20221751350
610,2022175,1625,2022,175,16,25,NA,NA,A,NA,NA,NA,NA,20221751625
611,2022175,1805,2022,175,18,5,NA,NA,A,NA,NA,NA,NA,20221751805
612,2022176,1255,2022,176,12,55,NA,NA,T,NA,NA,NA,NA,20221761255
613,2022176,1435,2022,176,14,35,NA,NA,T,NA,NA,NA,NA,20221761435
614,2022176,1710,2022,176,17,10,NA,NA,A,NA,NA,NA,NA,20221761710
615,2022176,1845,2022,176,18,45,NA,NA,A,NA,NA,NA,NA,20221761845
616,2022177,1335,2022,177,13,35,NA,NA,T,NA,NA,NA,NA,20221771335
617,2022177,1610,2022,177,16,10,NA,NA,A,NA,NA,NA,NA,20221771610
618,2022177,1750,2022,177,17,50,NA,NA,A,NA,NA,NA,NA,20221771750
619,2022178,1240,2022,178,12,40,NA,NA,T,NA,NA,NA,NA,20221781240
620,2022178,1420,2022,178,14,20,NA,NA,T,NA,NA,NA,NA,20221781420
621,2022178,1655,2022,178,16,55,NA,NA,A,NA,NA,NA,NA,20221781655
622,2022178,1835,2022,178,18,35,NA,NA,A,NA,NA,NA,NA,20221781835
623,2022179,1325,2022,179,13,25,NA,NA,T,NA,NA,NA,NA,20221791325
624,2022179,1505,2022,179,15,5,NA,NA,T,NA,NA,NA,NA,20221791505
625,2022179,1740,2022,179,17,40,NA,NA,A,NA,NA,NA,NA,20221791740
626,2022179,1915,2022,179,19,15,NA,NA,A,NA,NA,NA,NA,20221791915
627,2022180,1230,2022,180,12,30,NA,NA,T,NA,NA,NA,NA,20221801230
628,2022180,1410,2022,180,14,10,NA,NA,T,NA,NA,NA,NA,20221801410
629,2022180,1640,2022,180,16,40,NA,NA,A,NA,NA,NA,NA,20221801640
630,2022180,1820,2022,180,18,20,NA,NA,A,NA,NA,NA,NA,20221801820
631,2022181,1315,2022,181,13,15,-34.55416666,-58.50906357,T,0.04125,0.02825,0.0124,0,20221811315
632,2022181,1450,2022,181,14,50,NA,NA,T,NA,NA,NA,NA,20221811450
633,2022181,1725,2022,181,17,25,-34.55416666,-58.50906357,A,0.0615,0.042,0.0113,0,20221811725
634,2022181,1900,2022,181,19,0,NA,NA,A,NA,NA,NA,NA,20221811900
635,2022182,1215,2022,182,12,15,NA,NA,T,NA,NA,NA,NA,20221821215
636,2022182,1355,2022,182,13,55,-34.55416666,-58.50906357,T,0.1255,0.086,0.0189,0,20221821355
637,2022182,1630,2022,182,16,30,NA,NA,A,NA,NA,NA,NA,20221821630
638,2022182,1810,2022,182,18,10,NA,NA,A,NA,NA,NA,NA,20221821810
639,2022183,1300,2022,183,13,0,-34.55416666,-58.50906357,T,0.06,0.04125,0.0078,0,20221831300
640,2022183,1440,2022,183,14,40,-34.55416666,-58.50906357,T,0.10875,0.07475,0.0047,0,20221831440
641,2022183,1710,2022,183,17,10,-34.55416666,-58.50906357,A,0.07,0.04775,0.0069,0,20221831710
642,2022183,1850,2022,183,18,50,NA,NA,A,NA,NA,NA,NA,20221831850
643,2022184,1345,2022,184,13,45,NA,NA,T,NA,NA,NA,NA,20221841345
644,2022184,1615,2022,184,16,15,NA,NA,A,NA,NA,NA,NA,20221841615
645,2022184,1755,2022,184,17,55,NA,NA,A,NA,NA,NA,NA,20221841755
646,2022185,1250,2022,185,12,50,NA,NA,T,NA,NA,NA,NA,20221851250
647,2022185,1425,2022,185,14,25,NA,NA,T,NA,NA,NA,NA,20221851425
648,2022185,1700,2022,185,17,0,NA,NA,A,NA,NA,NA,NA,20221851700
649,2022185,1835,2022,185,18,35,NA,NA,A,NA,NA,NA,NA,20221851835
650,2022186,1330,2022,186,13,30,NA,NA,T,NA,NA,NA,NA,20221861330
651,2022186,1740,2022,186,17,40,NA,NA,A,NA,NA,NA,NA,20221861740
652,2022186,1920,2022,186,19,20,NA,NA,A,NA,NA,NA,NA,20221861920
653,2022187,1235,2022,187,12,35,NA,NA,T,NA,NA,NA,NA,20221871235
654,2022187,1415,2022,187,14,15,NA,NA,T,NA,NA,NA,NA,20221871415
655,2022187,1645,2022,187,16,45,NA,NA,A,NA,NA,NA,NA,20221871645
656,2022187,1825,2022,187,18,25,NA,NA,A,NA,NA,NA,NA,20221871825
657,2022188,1320,2022,188,13,20,-34.55416666,-58.50906357,T,0.0375,0.02575,0.0139,0,20221881320
658,2022188,1455,2022,188,14,55,NA,NA,T,NA,NA,NA,NA,20221881455
659,2022188,1730,2022,188,17,30,-34.55416666,-58.50906357,A,0.059,0.04025,0.0129,0,20221881730
660,2022188,1905,2022,188,19,5,NA,NA,A,NA,NA,NA,NA,20221881905
661,2022189,1225,2022,189,12,25,NA,NA,T,NA,NA,NA,NA,20221891225
662,2022189,1400,2022,189,14,0,NA,NA,T,NA,NA,NA,NA,20221891400
663,2022189,1635,2022,189,16,35,NA,NA,A,NA,NA,NA,NA,20221891635
664,2022189,1810,2022,189,18,10,NA,NA,A,NA,NA,NA,NA,20221891810
665,2022190,1305,2022,190,13,5,NA,NA,T,NA,NA,NA,NA,20221901305
666,2022190,1445,2022,190,14,45,NA,NA,T,NA,NA,NA,NA,20221901445
667,2022190,1715,2022,190,17,15,NA,NA,A,NA,NA,NA,NA,20221901715
668,2022190,1855,2022,190,18,55,NA,NA,A,NA,NA,NA,NA,20221901855
669,2022191,1350,2022,191,13,50,NA,NA,T,NA,NA,NA,NA,20221911350
670,2022191,1620,2022,191,16,20,NA,NA,A,NA,NA,NA,NA,20221911620
671,2022191,1800,2022,191,18,0,NA,NA,A,NA,NA,NA,NA,20221911800
672,2022192,1255,2022,192,12,55,NA,NA,T,NA,NA,NA,NA,20221921255
673,2022192,1430,2022,192,14,30,NA,NA,T,NA,NA,NA,NA,20221921430
674,2022192,1705,2022,192,17,5,NA,NA,A,NA,NA,NA,NA,20221921705
675,2022192,1840,2022,192,18,40,NA,NA,A,NA,NA,NA,NA,20221921840
676,2022193,1335,2022,193,13,35,-34.55416666,-58.50906357,T,0.0445,0.0305,0.0235,0,20221931335
677,2022193,1745,2022,193,17,45,NA,NA,A,NA,NA,NA,NA,20221931745
678,2022193,1920,2022,193,19,20,NA,NA,A,NA,NA,NA,NA,20221931920
679,2022194,1240,2022,194,12,40,NA,NA,T,NA,NA,NA,NA,20221941240
680,2022194,1420,2022,194,14,20,-34.55416666,-58.50906357,T,0.10125,0.06975,0.0095,0,20221941420
681,2022194,1650,2022,194,16,50,NA,NA,A,NA,NA,NA,NA,20221941650
682,2022194,1830,2022,194,18,30,-34.55416666,-58.50906357,A,0.058,0.0395,0.0137,0,20221941830
683,2022195,1325,2022,195,13,25,NA,NA,T,NA,NA,NA,NA,20221951325
684,2022195,1505,2022,195,15,5,NA,NA,T,NA,NA,NA,NA,20221951505
685,2022195,1735,2022,195,17,35,NA,NA,A,NA,NA,NA,NA,20221951735
686,2022195,1910,2022,195,19,10,NA,NA,A,NA,NA,NA,NA,20221951910
687,2022196,1230,2022,196,12,30,NA,NA,T,NA,NA,NA,NA,20221961230
688,2022196,1405,2022,196,14,5,NA,NA,T,NA,NA,NA,NA,20221961405
689,2022196,1640,2022,196,16,40,NA,NA,A,NA,NA,NA,NA,20221961640
690,2022196,1815,2022,196,18,15,NA,NA,A,NA,NA,NA,NA,20221961815
691,2022197,1310,2022,197,13,10,NA,NA,T,NA,NA,NA,NA,20221971310
692,2022197,1450,2022,197,14,50,NA,NA,T,NA,NA,NA,NA,20221971450
693,2022197,1720,2022,197,17,20,NA,NA,A,NA,NA,NA,NA,20221971720
694,2022197,1900,2022,197,19,0,NA,NA,A,NA,NA,NA,NA,20221971900
695,2022198,1215,2022,198,12,15,NA,NA,T,NA,NA,NA,NA,20221981215
696,2022198,1355,2022,198,13,55,-34.55416666,-58.50906357,T,0.068,0.04625,0.0256,0,20221981355
697,2022198,1625,2022,198,16,25,NA,NA,A,NA,NA,NA,NA,20221981625
698,2022198,1805,2022,198,18,5,NA,NA,A,NA,NA,NA,NA,20221981805
699,2022199,1300,2022,199,13,0,-34.55416666,-58.50906357,T,0.04325,0.02975,0.0094,0,20221991300
700,2022199,1440,2022,199,14,40,-34.55416666,-58.50906357,T,0.12275,0.08425,0.0074,0,20221991440
701,2022199,1710,2022,199,17,10,NA,NA,A,NA,NA,NA,NA,20221991710
702,2022199,1845,2022,199,18,45,NA,NA,A,NA,NA,NA,NA,20221991845
703,2022200,1345,2022,200,13,45,NA,NA,T,NA,NA,NA,NA,20222001345
704,2022200,1615,2022,200,16,15,NA,NA,A,NA,NA,NA,NA,20222001615
705,2022200,1750,2022,200,17,50,-34.55416666,-58.50906357,A,0.019,0.013,0.0313,0,20222001750
706,2022201,1250,2022,201,12,50,NA,NA,T,NA,NA,NA,NA,20222011250
707,2022201,1425,2022,201,14,25,-34.55416666,-58.50906357,T,0.0915,0.06275,0.0083,0,20222011425
708,2022201,1655,2022,201,16,55,NA,NA,A,NA,NA,NA,NA,20222011655
709,2022201,1835,2022,201,18,35,NA,NA,A,NA,NA,NA,NA,20222011835
710,2022202,1330,2022,202,13,30,NA,NA,T,NA,NA,NA,NA,20222021330
711,2022202,1740,2022,202,17,40,NA,NA,A,NA,NA,NA,NA,20222021740
712,2022202,1915,2022,202,19,15,NA,NA,A,NA,NA,NA,NA,20222021915
713,2022203,1235,2022,203,12,35,NA,NA,T,NA,NA,NA,NA,20222031235
714,2022203,1415,2022,203,14,15,NA,NA,T,NA,NA,NA,NA,20222031415
715,2022203,1645,2022,203,16,45,NA,NA,A,NA,NA,NA,NA,20222031645
716,2022203,1820,2022,203,18,20,-34.55416666,-58.50906357,A,0.12175,0.08375,0.0199,0,20222031820
717,2022204,1320,2022,204,13,20,NA,NA,T,NA,NA,NA,NA,20222041320
718,2022204,1455,2022,204,14,55,NA,NA,T,NA,NA,NA,NA,20222041455
719,2022204,1725,2022,204,17,25,NA,NA,A,NA,NA,NA,NA,20222041725
720,2022204,1905,2022,204,19,5,NA,NA,A,NA,NA,NA,NA,20222041905
721,2022205,1225,2022,205,12,25,NA,NA,T,NA,NA,NA,NA,20222051225
722,2022205,1400,2022,205,14,0,NA,NA,T,NA,NA,NA,NA,20222051400
723,2022205,1630,2022,205,16,30,NA,NA,A,NA,NA,NA,NA,20222051630
724,2022205,1810,2022,205,18,10,NA,NA,A,NA,NA,NA,NA,20222051810
725,2022206,1305,2022,206,13,5,NA,NA,T,NA,NA,NA,NA,20222061305
726,2022206,1445,2022,206,14,45,NA,NA,T,NA,NA,NA,NA,20222061445
727,2022206,1715,2022,206,17,15,NA,NA,A,NA,NA,NA,NA,20222061715
728,2022206,1850,2022,206,18,50,NA,NA,A,NA,NA,NA,NA,20222061850
729,2022207,1350,2022,207,13,50,NA,NA,T,NA,NA,NA,NA,20222071350
730,2022207,1620,2022,207,16,20,NA,NA,A,NA,NA,NA,NA,20222071620
731,2022207,1755,2022,207,17,55,NA,NA,A,NA,NA,NA,NA,20222071755
732,2022208,1255,2022,208,12,55,NA,NA,T,NA,NA,NA,NA,20222081255
733,2022208,1430,2022,208,14,30,NA,NA,T,NA,NA,NA,NA,20222081430
734,2022208,1700,2022,208,17,0,NA,NA,A,NA,NA,NA,NA,20222081700
735,2022208,1840,2022,208,18,40,NA,NA,A,NA,NA,NA,NA,20222081840
736,2022209,1335,2022,209,13,35,NA,NA,T,NA,NA,NA,NA,20222091335
737,2022209,1745,2022,209,17,45,NA,NA,A,NA,NA,NA,NA,20222091745
738,2022209,1920,2022,209,19,20,NA,NA,A,NA,NA,NA,NA,20222091920
739,2022210,1240,2022,210,12,40,NA,NA,T,NA,NA,NA,NA,20222101240
740,2022210,1420,2022,210,14,20,-34.55416666,-58.50906357,T,0.07125,0.049,0.0108,0,20222101420
741,2022210,1650,2022,210,16,50,NA,NA,A,NA,NA,NA,NA,20222101650
742,2022210,1825,2022,210,18,25,-34.55416666,-58.50906357,A,0.0315,0.02125,0.0183,0,20222101825
743,2022211,1325,2022,211,13,25,-34.55416666,-58.50906357,T,0.05575,0.038,0.0214,0,20222111325
744,2022211,1500,2022,211,15,0,NA,NA,T,NA,NA,NA,NA,20222111500
745,2022211,1730,2022,211,17,30,-34.55416666,-58.50906357,A,0.1585,0.109,0.016,0,20222111730
746,2022211,1905,2022,211,19,5,NA,NA,A,NA,NA,NA,NA,20222111905
747,2022212,1230,2022,212,12,30,NA,NA,T,NA,NA,NA,NA,20222121230
748,2022212,1405,2022,212,14,5,NA,NA,T,NA,NA,NA,NA,20222121405
749,2022212,1635,2022,212,16,35,NA,NA,A,NA,NA,NA,NA,20222121635
750,2022212,1815,2022,212,18,15,-34.55416666,-58.50906357,A,0.02925,0.01975,0.0274,0,20222121815
751,2022213,1310,2022,213,13,10,-34.55416666,-58.50906357,T,0.07475,0.05125,0.0137,0,20222131310
752,2022213,1450,2022,213,14,50,NA,NA,T,NA,NA,NA,NA,20222131450
753,2022213,1720,2022,213,17,20,-34.55416666,-58.50906357,A,0.073,0.05,0.0098,0,20222131720
754,2022213,1855,2022,213,18,55,NA,NA,A,NA,NA,NA,NA,20222131855
755,2022214,1215,2022,214,12,15,NA,NA,T,NA,NA,NA,NA,20222141215
756,2022214,1355,2022,214,13,55,NA,NA,T,NA,NA,NA,NA,20222141355
757,2022214,1620,2022,214,16,20,NA,NA,A,NA,NA,NA,NA,20222141620
758,2022214,1800,2022,214,18,0,NA,NA,A,NA,NA,NA,NA,20222141800
759,2022215,1300,2022,215,13,0,NA,NA,T,NA,NA,NA,NA,20222151300
760,2022215,1435,2022,215,14,35,NA,NA,T,NA,NA,NA,NA,20222151435
761,2022215,1705,2022,215,17,5,NA,NA,A,NA,NA,NA,NA,20222151705
762,2022215,1845,2022,215,18,45,NA,NA,A,NA,NA,NA,NA,20222151845
763,2022216,1340,2022,216,13,40,NA,NA,T,NA,NA,NA,NA,20222161340
764,2022216,1750,2022,216,17,50,NA,NA,A,NA,NA,NA,NA,20222161750
765,2022216,1925,2022,216,19,25,NA,NA,A,NA,NA,NA,NA,20222161925
766,2022217,1245,2022,217,12,45,NA,NA,T,NA,NA,NA,NA,20222171245
767,2022217,1425,2022,217,14,25,-34.55416666,-58.50906357,T,0.07875,0.05375,0.0086,0,20222171425
768,2022217,1655,2022,217,16,55,NA,NA,A,NA,NA,NA,NA,20222171655
769,2022217,1830,2022,217,18,30,-34.55416666,-58.50906357,A,0.04275,0.029,0.0166,0,20222171830
770,2022218,1330,2022,218,13,30,NA,NA,T,NA,NA,NA,NA,20222181330
771,2022218,1735,2022,218,17,35,NA,NA,A,NA,NA,NA,NA,20222181735
772,2022218,1910,2022,218,19,10,NA,NA,A,NA,NA,NA,NA,20222181910
773,2022219,1235,2022,219,12,35,NA,NA,T,NA,NA,NA,NA,20222191235
774,2022219,1415,2022,219,14,15,-34.55416666,-58.50906357,T,0.345,0.24125,0.0144,0,20222191415
775,2022219,1640,2022,219,16,40,NA,NA,A,NA,NA,NA,NA,20222191640
776,2022219,1820,2022,219,18,20,-34.55416666,-58.50906357,A,0.23775,0.16475,0.0249,0,20222191820
777,2022220,1320,2022,220,13,20,NA,NA,T,NA,NA,NA,NA,20222201320
778,2022220,1455,2022,220,14,55,NA,NA,T,NA,NA,NA,NA,20222201455
779,2022220,1725,2022,220,17,25,NA,NA,A,NA,NA,NA,NA,20222201725
780,2022220,1900,2022,220,19,0,NA,NA,A,NA,NA,NA,NA,20222201900
781,2022221,1220,2022,221,12,20,NA,NA,T,NA,NA,NA,NA,20222211220
782,2022221,1400,2022,221,14,0,NA,NA,T,NA,NA,NA,NA,20222211400
783,2022221,1805,2022,221,18,5,NA,NA,A,NA,NA,NA,NA,20222211805
784,2022222,1305,2022,222,13,5,-34.55416666,-58.50906357,T,0.09525,0.0655,0.0112,0,20222221305
785,2022222,1445,2022,222,14,45,NA,NA,T,NA,NA,NA,NA,20222221445
786,2022222,1710,2022,222,17,10,NA,NA,A,NA,NA,NA,NA,20222221710
787,2022222,1845,2022,222,18,45,NA,NA,A,NA,NA,NA,NA,20222221845
788,2022223,1350,2022,223,13,50,-34.55416666,-58.50906357,T,0.024,0.0165,0.0383,0,20222231350
789,2022223,1615,2022,223,16,15,NA,NA,A,NA,NA,NA,NA,20222231615
790,2022223,1755,2022,223,17,55,-34.55416666,-58.50906357,A,0.02,0.0135,0.0403,0,20222231755
791,2022224,1255,2022,224,12,55,NA,NA,T,NA,NA,NA,NA,20222241255
792,2022224,1430,2022,224,14,30,-34.5625,-58.51492525,T,0.1825,0.1255,0.0077,0,20222241430
793,2022224,1655,2022,224,16,55,NA,NA,A,NA,NA,NA,NA,20222241655
794,2022224,1835,2022,224,18,35,NA,NA,A,NA,NA,NA,NA,20222241835
795,2022225,1335,2022,225,13,35,-34.55416666,-58.50906357,T,0.036,0.025,0.0358,0,20222251335
796,2022225,1740,2022,225,17,40,-34.55416666,-58.50906357,A,0.1625,0.1115,0.0212,0,20222251740
797,2022225,1915,2022,225,19,15,NA,NA,A,NA,NA,NA,NA,20222251915
798,2022226,1240,2022,226,12,40,NA,NA,T,NA,NA,NA,NA,20222261240
799,2022226,1420,2022,226,14,20,-34.55416666,-58.50906357,T,0.11525,0.07925,0.0109,0,20222261420
800,2022226,1645,2022,226,16,45,NA,NA,A,NA,NA,NA,NA,20222261645
801,2022226,1820,2022,226,18,20,-34.55416666,-58.50906357,A,0.14925,0.1025,0.018,0,20222261820
802,2022227,1325,2022,227,13,25,NA,NA,T,NA,NA,NA,NA,20222271325
803,2022227,1500,2022,227,15,0,NA,NA,T,NA,NA,NA,NA,20222271500
804,2022227,1725,2022,227,17,25,NA,NA,A,NA,NA,NA,NA,20222271725
805,2022227,1905,2022,227,19,5,NA,NA,A,NA,NA,NA,NA,20222271905
806,2022228,1230,2022,228,12,30,NA,NA,T,NA,NA,NA,NA,20222281230
807,2022228,1405,2022,228,14,5,NA,NA,T,NA,NA,NA,NA,20222281405
808,2022228,1630,2022,228,16,30,NA,NA,A,NA,NA,NA,NA,20222281630
809,2022228,1810,2022,228,18,10,NA,NA,A,NA,NA,NA,NA,20222281810
810,2022229,1310,2022,229,13,10,NA,NA,T,NA,NA,NA,NA,20222291310
811,2022229,1450,2022,229,14,50,NA,NA,T,NA,NA,NA,NA,20222291450
812,2022229,1715,2022,229,17,15,NA,NA,A,NA,NA,NA,NA,20222291715
813,2022229,1850,2022,229,18,50,NA,NA,A,NA,NA,NA,NA,20222291850
814,2022230,1215,2022,230,12,15,NA,NA,T,NA,NA,NA,NA,20222301215
815,2022230,1355,2022,230,13,55,NA,NA,T,NA,NA,NA,NA,20222301355
816,2022230,1620,2022,230,16,20,NA,NA,A,NA,NA,NA,NA,20222301620
817,2022230,1755,2022,230,17,55,NA,NA,A,NA,NA,NA,NA,20222301755
818,2022231,1300,2022,231,13,0,-34.55416666,-58.50906357,T,0.06025,0.041,0.0093,0,20222311300
819,2022231,1435,2022,231,14,35,-34.55416666,-58.50906357,T,0.0975,0.067,0.0063,0,20222311435
820,2022231,1700,2022,231,17,0,NA,NA,A,NA,NA,NA,NA,20222311700
821,2022231,1840,2022,231,18,40,-34.55416666,-58.50906357,A,0.055,0.0375,0.0157,0,20222311840
822,2022232,1340,2022,232,13,40,-34.55416666,-58.50906357,T,0.1365,0.09375,0.0376,0,20222321340
823,2022232,1745,2022,232,17,45,-34.55416666,-58.50906357,A,0.347,0.2425,0.0371,0,20222321745
824,2022232,1920,2022,232,19,20,NA,NA,A,NA,NA,NA,NA,20222321920
825,2022233,1245,2022,233,12,45,NA,NA,T,NA,NA,NA,NA,20222331245
826,2022233,1425,2022,233,14,25,NA,NA,T,NA,NA,NA,NA,20222331425
827,2022233,1650,2022,233,16,50,NA,NA,A,NA,NA,NA,NA,20222331650
828,2022233,1825,2022,233,18,25,NA,NA,A,NA,NA,NA,NA,20222331825
829,2022234,1330,2022,234,13,30,NA,NA,T,NA,NA,NA,NA,20222341330
830,2022234,1730,2022,234,17,30,NA,NA,A,NA,NA,NA,NA,20222341730
831,2022234,1910,2022,234,19,10,NA,NA,A,NA,NA,NA,NA,20222341910
832,2022235,1235,2022,235,12,35,NA,NA,T,NA,NA,NA,NA,20222351235
833,2022235,1410,2022,235,14,10,-34.55416666,-58.50906357,T,0.10925,0.075,0.0191,0,20222351410
834,2022235,1635,2022,235,16,35,NA,NA,A,NA,NA,NA,NA,20222351635
835,2022235,1815,2022,235,18,15,NA,NA,A,NA,NA,NA,NA,20222351815
836,2022236,1315,2022,236,13,15,NA,NA,T,NA,NA,NA,NA,20222361315
837,2022236,1455,2022,236,14,55,NA,NA,T,NA,NA,NA,NA,20222361455
838,2022236,1720,2022,236,17,20,-34.55416666,-58.50906357,A,0.234,0.16225,0.0138,0,20222361720
839,2022236,1855,2022,236,18,55,NA,NA,A,NA,NA,NA,NA,20222361855
840,2022237,1220,2022,237,12,20,NA,NA,T,NA,NA,NA,NA,20222371220
841,2022237,1400,2022,237,14,0,-34.55416666,-58.50906357,T,0.206,0.1425,0.0316,0,20222371400
842,2022237,1625,2022,237,16,25,NA,NA,A,NA,NA,NA,NA,20222371625
843,2022237,1800,2022,237,18,0,NA,NA,A,NA,NA,NA,NA,20222371800
844,2022238,1305,2022,238,13,5,-34.5625,-58.51492525,T,0.3945,0.276,0.0146,0,20222381305
845,2022238,1445,2022,238,14,45,NA,NA,T,NA,NA,NA,NA,20222381445
846,2022238,1705,2022,238,17,5,-34.5625,-58.50480593,A,0.363,0.254,0.0078,0,20222381705
847,2022238,1845,2022,238,18,45,NA,NA,A,NA,NA,NA,NA,20222381845
848,2022239,1350,2022,239,13,50,-34.55416666,-58.50906357,T,0.0965,0.06625,0.0443,0,20222391350
849,2022239,1750,2022,239,17,50,NA,NA,A,NA,NA,NA,NA,20222391750
850,2022239,1925,2022,239,19,25,NA,NA,A,NA,NA,NA,NA,20222391925
851,2022240,1255,2022,240,12,55,NA,NA,T,NA,NA,NA,NA,20222401255
852,2022240,1430,2022,240,14,30,-34.55416666,-58.50906357,T,0.086,0.05875,0.0095,0,20222401430
853,2022240,1655,2022,240,16,55,NA,NA,A,NA,NA,NA,NA,20222401655
854,2022240,1830,2022,240,18,30,-34.55416666,-58.50906357,A,0.0735,0.05025,0.0214,0,20222401830
855,2022241,1335,2022,241,13,35,-34.55416666,-58.50906357,T,0.02225,0.015,0.0412,0,20222411335
856,2022241,1735,2022,241,17,35,-34.55416666,-58.50906357,A,0.07125,0.0485,0.025,0,20222411735
857,2022241,1910,2022,241,19,10,NA,NA,A,NA,NA,NA,NA,20222411910
858,2022242,1240,2022,242,12,40,NA,NA,T,NA,NA,NA,NA,20222421240
859,2022242,1420,2022,242,14,20,-34.55416666,-58.50906357,T,0.0645,0.044,0.0156,0,20222421420
860,2022242,1640,2022,242,16,40,NA,NA,A,NA,NA,NA,NA,20222421640
861,2022242,1820,2022,242,18,20,-34.55416666,-58.50906357,A,0.148,0.10175,0.0295,0,20222421820
862,2022243,1325,2022,243,13,25,NA,NA,T,NA,NA,NA,NA,20222431325
863,2022243,1500,2022,243,15,0,NA,NA,T,NA,NA,NA,NA,20222431500
864,2022243,1725,2022,243,17,25,NA,NA,A,NA,NA,NA,NA,20222431725
865,2022243,1900,2022,243,19,0,NA,NA,A,NA,NA,NA,NA,20222431900
866,2022244,1230,2022,244,12,30,NA,NA,T,NA,NA,NA,NA,20222441230
867,2022244,1405,2022,244,14,5,NA,NA,T,NA,NA,NA,NA,20222441405
868,2022244,1630,2022,244,16,30,NA,NA,A,NA,NA,NA,NA,20222441630
869,2022244,1805,2022,244,18,5,NA,NA,A,NA,NA,NA,NA,20222441805
870,2022245,1310,2022,245,13,10,-34.55416666,-58.50906357,T,0.091,0.06225,0.02,0,20222451310
871,2022245,1450,2022,245,14,50,NA,NA,T,NA,NA,NA,NA,20222451450
872,2022245,1710,2022,245,17,10,-34.55416666,-58.50906357,A,0.077,0.0525,0.0096,0,20222451710
873,2022245,1850,2022,245,18,50,-34.55416666,-58.50906357,A,0.03525,0.02375,0.014,0,20222451850
874,2022246,1215,2022,246,12,15,NA,NA,T,NA,NA,NA,NA,20222461215
875,2022246,1355,2022,246,13,55,-34.55416666,-58.50906357,T,0.029,0.01975,0.044,0,20222461355
876,2022246,1615,2022,246,16,15,NA,NA,A,NA,NA,NA,NA,20222461615
877,2022246,1755,2022,246,17,55,-34.55416666,-58.50906357,A,0.03,0.02,0.049,0,20222461755
878,2022247,1300,2022,247,13,0,-34.55416666,-58.50906357,T,0.07275,0.0495,0.0151,0,20222471300
879,2022247,1435,2022,247,14,35,-34.55416666,-58.50906357,T,0.08875,0.06075,0.0077,0,20222471435
880,2022247,1700,2022,247,17,0,NA,NA,A,NA,NA,NA,NA,20222471700
881,2022247,1835,2022,247,18,35,-34.55416666,-58.50906357,A,0.06875,0.04675,0.0184,0,20222471835
882,2022248,1340,2022,248,13,40,-34.55416666,-58.50906357,T,0.0665,0.0455,0.0488,0,20222481340
883,2022248,1740,2022,248,17,40,-34.55416666,-58.50906357,A,0.093,0.0635,0.0321,0,20222481740
884,2022248,1915,2022,248,19,15,NA,NA,A,NA,NA,NA,NA,20222481915
885,2022249,1245,2022,249,12,45,NA,NA,T,NA,NA,NA,NA,20222491245
886,2022249,1425,2022,249,14,25,-34.55416666,-58.50906357,T,0.08175,0.056,0.0129,0,20222491425
887,2022249,1645,2022,249,16,45,NA,NA,A,NA,NA,NA,NA,20222491645
888,2022249,1825,2022,249,18,25,-34.55416666,-58.50906357,A,0.08975,0.061,0.0272,0,20222491825
889,2022250,1330,2022,250,13,30,-34.55416666,-58.50906357,T,0.03825,0.02625,0.0381,0,20222501330
890,2022250,1730,2022,250,17,30,-34.55416666,-58.50906357,A,0.164,0.113,0.0196,0,20222501730
891,2022250,1905,2022,250,19,5,NA,NA,A,NA,NA,NA,NA,20222501905
892,2022251,1235,2022,251,12,35,NA,NA,T,NA,NA,NA,NA,20222511235
893,2022251,1410,2022,251,14,10,-34.55416666,-58.50906357,T,0.301,0.20925,0.023,0,20222511410
894,2022251,1630,2022,251,16,30,NA,NA,A,NA,NA,NA,NA,20222511630
895,2022251,1810,2022,251,18,10,NA,NA,A,NA,NA,NA,NA,20222511810
896,2022252,1315,2022,252,13,15,NA,NA,T,NA,NA,NA,NA,20222521315
897,2022252,1455,2022,252,14,55,NA,NA,T,NA,NA,NA,NA,20222521455
898,2022252,1715,2022,252,17,15,NA,NA,A,NA,NA,NA,NA,20222521715
899,2022252,1850,2022,252,18,50,NA,NA,A,NA,NA,NA,NA,20222521850
900,2022253,1220,2022,253,12,20,NA,NA,T,NA,NA,NA,NA,20222531220
901,2022253,1400,2022,253,14,0,NA,NA,T,NA,NA,NA,NA,20222531400
902,2022253,1620,2022,253,16,20,NA,NA,A,NA,NA,NA,NA,20222531620
903,2022253,1755,2022,253,17,55,-34.55416666,-58.50906357,A,0.06525,0.04425,0.0549,0,20222531755
904,2022254,1305,2022,254,13,5,-34.55416666,-58.50906357,T,0.0955,0.0655,0.0189,0,20222541305
905,2022254,1440,2022,254,14,40,NA,NA,T,NA,NA,NA,NA,20222541440
906,2022254,1700,2022,254,17,0,NA,NA,A,NA,NA,NA,NA,20222541700
907,2022254,1840,2022,254,18,40,NA,NA,A,NA,NA,NA,NA,20222541840
908,2022255,1345,2022,255,13,45,-34.55416666,-58.50906357,T,0.025,0.017,0.0555,0,20222551345
909,2022255,1745,2022,255,17,45,-34.55416666,-58.50906357,A,0.10475,0.072,0.0398,0,20222551745
910,2022255,1920,2022,255,19,20,NA,NA,A,NA,NA,NA,NA,20222551920
911,2022256,1250,2022,256,12,50,NA,NA,T,NA,NA,NA,NA,20222561250
912,2022256,1430,2022,256,14,30,-34.55416666,-58.50906357,T,0.15825,0.109,0.0115,0,20222561430
913,2022256,1650,2022,256,16,50,NA,NA,A,NA,NA,NA,NA,20222561650
914,2022256,1825,2022,256,18,25,-34.55416666,-58.50906357,A,0.12125,0.0835,0.0261,0,20222561825
915,2022257,1335,2022,257,13,35,-34.55416666,-58.50906357,T,0.048,0.03275,0.0518,0,20222571335
916,2022257,1730,2022,257,17,30,-34.55416666,-58.50906357,A,0.33225,0.23225,0.0244,0,20222571730
917,2022257,1910,2022,257,19,10,NA,NA,A,NA,NA,NA,NA,20222571910
918,2022258,1240,2022,258,12,40,NA,NA,T,NA,NA,NA,NA,20222581240
919,2022258,1420,2022,258,14,20,-34.55416666,-58.50906357,T,0.0935,0.064,0.019,0,20222581420
920,2022258,1635,2022,258,16,35,NA,NA,A,NA,NA,NA,NA,20222581635
921,2022258,1815,2022,258,18,15,-34.55416666,-58.50906357,A,0.06925,0.0475,0.0418,0,20222581815
922,2022259,1325,2022,259,13,25,NA,NA,T,NA,NA,NA,NA,20222591325
923,2022259,1500,2022,259,15,0,NA,NA,T,NA,NA,NA,NA,20222591500
924,2022259,1720,2022,259,17,20,NA,NA,A,NA,NA,NA,NA,20222591720
925,2022259,1855,2022,259,18,55,NA,NA,A,NA,NA,NA,NA,20222591855
926,2022260,1225,2022,260,12,25,NA,NA,T,NA,NA,NA,NA,20222601225
927,2022260,1405,2022,260,14,5,NA,NA,T,NA,NA,NA,NA,20222601405
928,2022260,1625,2022,260,16,25,NA,NA,A,NA,NA,NA,NA,20222601625
929,2022260,1800,2022,260,18,0,NA,NA,A,NA,NA,NA,NA,20222601800
930,2022261,1310,2022,261,13,10,NA,NA,T,NA,NA,NA,NA,20222611310
931,2022261,1450,2022,261,14,50,NA,NA,T,NA,NA,NA,NA,20222611450
932,2022261,1705,2022,261,17,5,NA,NA,A,NA,NA,NA,NA,20222611705
933,2022261,1845,2022,261,18,45,NA,NA,A,NA,NA,NA,NA,20222611845
934,2022262,1215,2022,262,12,15,NA,NA,T,NA,NA,NA,NA,20222621215
935,2022262,1355,2022,262,13,55,NA,NA,T,NA,NA,NA,NA,20222621355
936,2022262,1750,2022,262,17,50,NA,NA,A,NA,NA,NA,NA,20222621750
937,2022262,1925,2022,262,19,25,NA,NA,A,NA,NA,NA,NA,20222621925
938,2022263,1300,2022,263,13,0,NA,NA,T,NA,NA,NA,NA,20222631300
939,2022263,1435,2022,263,14,35,NA,NA,T,NA,NA,NA,NA,20222631435
940,2022263,1655,2022,263,16,55,NA,NA,A,NA,NA,NA,NA,20222631655
941,2022263,1830,2022,263,18,30,NA,NA,A,NA,NA,NA,NA,20222631830
942,2022264,1340,2022,264,13,40,NA,NA,T,NA,NA,NA,NA,20222641340
943,2022264,1735,2022,264,17,35,NA,NA,A,NA,NA,NA,NA,20222641735
944,2022264,1910,2022,264,19,10,NA,NA,A,NA,NA,NA,NA,20222641910
945,2022265,1245,2022,265,12,45,NA,NA,T,NA,NA,NA,NA,20222651245
946,2022265,1425,2022,265,14,25,NA,NA,T,NA,NA,NA,NA,20222651425
947,2022265,1640,2022,265,16,40,NA,NA,A,NA,NA,NA,NA,20222651640
948,2022265,1820,2022,265,18,20,NA,NA,A,NA,NA,NA,NA,20222651820
949,2022266,1330,2022,266,13,30,-34.55416666,-58.50906357,T,0.0225,0.0155,0.0479,0,20222661330
950,2022266,1725,2022,266,17,25,-34.55416666,-58.50906357,A,0.12675,0.08725,0.0181,0,20222661725
951,2022266,1900,2022,266,19,0,NA,NA,A,NA,NA,NA,NA,20222661900
952,2022267,1235,2022,267,12,35,NA,NA,T,NA,NA,NA,NA,20222671235
953,2022267,1410,2022,267,14,10,-34.55416666,-58.50906357,T,0.0585,0.03975,0.0278,0,20222671410
954,2022267,1630,2022,267,16,30,NA,NA,A,NA,NA,NA,NA,20222671630
955,2022267,1805,2022,267,18,5,-34.55416666,-58.50906357,A,0.104,0.07125,0.0574,0,20222671805
956,2022268,1315,2022,268,13,15,NA,NA,T,NA,NA,NA,NA,20222681315
957,2022268,1455,2022,268,14,55,NA,NA,T,NA,NA,NA,NA,20222681455
958,2022268,1710,2022,268,17,10,NA,NA,A,NA,NA,NA,NA,20222681710
959,2022268,1850,2022,268,18,50,NA,NA,A,NA,NA,NA,NA,20222681850
960,2022269,1220,2022,269,12,20,NA,NA,T,NA,NA,NA,NA,20222691220
961,2022269,1400,2022,269,14,0,NA,NA,T,NA,NA,NA,NA,20222691400
962,2022269,1615,2022,269,16,15,NA,NA,A,NA,NA,NA,NA,20222691615
963,2022269,1755,2022,269,17,55,NA,NA,A,NA,NA,NA,NA,20222691755
964,2022270,1305,2022,270,13,5,-34.55416666,-58.50906357,T,0.09025,0.0615,0.0225,0,20222701305
965,2022270,1440,2022,270,14,40,NA,NA,T,NA,NA,NA,NA,20222701440
966,2022270,1700,2022,270,17,0,NA,NA,A,NA,NA,NA,NA,20222701700
967,2022270,1835,2022,270,18,35,NA,NA,A,NA,NA,NA,NA,20222701835
968,2022271,1345,2022,271,13,45,-34.55416666,-58.50906357,T,0.0215,0.0145,0.0682,0,20222711345
969,2022271,1740,2022,271,17,40,-34.55416666,-58.50906357,A,0.1275,0.08775,0.0394,0,20222711740
970,2022271,1915,2022,271,19,15,NA,NA,A,NA,NA,NA,NA,20222711915
971,2022272,1250,2022,272,12,50,NA,NA,T,NA,NA,NA,NA,20222721250
972,2022272,1430,2022,272,14,30,NA,NA,T,NA,NA,NA,NA,20222721430
973,2022272,1645,2022,272,16,45,NA,NA,A,NA,NA,NA,NA,20222721645
974,2022272,1825,2022,272,18,25,NA,NA,A,NA,NA,NA,NA,20222721825
975,2022273,1335,2022,273,13,35,-34.55416666,-58.50906357,T,0.052,0.0355,0.0667,0,20222731335
976,2022273,1725,2022,273,17,25,-34.55416666,-58.50906357,A,0.168,0.11525,0.0213,0,20222731725
977,2022273,1905,2022,273,19,5,NA,NA,A,NA,NA,NA,NA,20222731905
978,2022274,1240,2022,274,12,40,NA,NA,T,NA,NA,NA,NA,20222741240
979,2022274,1415,2022,274,14,15,NA,NA,T,NA,NA,NA,NA,20222741415
980,2022274,1630,2022,274,16,30,NA,NA,A,NA,NA,NA,NA,20222741630
981,2022274,1810,2022,274,18,10,NA,NA,A,NA,NA,NA,NA,20222741810
982,2022275,1320,2022,275,13,20,-34.55416666,-58.50906357,T,0.0755,0.05175,0.0422,0,20222751320
983,2022275,1500,2022,275,15,0,NA,NA,T,NA,NA,NA,NA,20222751500
984,2022275,1715,2022,275,17,15,-34.55416666,-58.50906357,A,0.33175,0.2315,0.0117,0,20222751715
985,2022275,1850,2022,275,18,50,NA,NA,A,NA,NA,NA,NA,20222751850
986,2022276,1225,2022,276,12,25,NA,NA,T,NA,NA,NA,NA,20222761225
987,2022276,1405,2022,276,14,5,NA,NA,T,NA,NA,NA,NA,20222761405
988,2022276,1620,2022,276,16,20,NA,NA,A,NA,NA,NA,NA,20222761620
989,2022276,1755,2022,276,17,55,-34.55416666,-58.50906357,A,0.152,0.1045,0.054,0,20222761755
990,2022277,1310,2022,277,13,10,-34.55416666,-58.50906357,T,0.10675,0.07325,0.0216,0,20222771310
991,2022277,1445,2022,277,14,45,NA,NA,T,NA,NA,NA,NA,20222771445
992,2022277,1700,2022,277,17,0,NA,NA,A,NA,NA,NA,NA,20222771700
993,2022277,1840,2022,277,18,40,-34.55416666,-58.50906357,A,0.08525,0.0585,0.016,0,20222771840
994,2022278,1215,2022,278,12,15,NA,NA,T,NA,NA,NA,NA,20222781215
995,2022278,1350,2022,278,13,50,-34.55416666,-58.50906357,T,0.03825,0.02675,0.053,0,20222781350
996,2022278,1745,2022,278,17,45,NA,NA,A,NA,NA,NA,NA,20222781745
997,2022278,1920,2022,278,19,20,NA,NA,A,NA,NA,NA,NA,20222781920
998,2022279,1255,2022,279,12,55,NA,NA,T,NA,NA,NA,NA,20222791255
999,2022279,1435,2022,279,14,35,NA,NA,T,NA,NA,NA,NA,20222791435
1000,2022279,1650,2022,279,16,50,NA,NA,A,NA,NA,NA,NA,20222791650
1001,2022279,1825,2022,279,18,25,NA,NA,A,NA,NA,NA,NA,20222791825
1002,2022280,1340,2022,280,13,40,-34.55416666,-58.50906357,T,0.019,0.013,0.067,0,20222801340
1003,2022280,1730,2022,280,17,30,-34.55416666,-58.50906357,A,0.15675,0.10775,0.0218,0,20222801730
1004,2022280,1910,2022,280,19,10,NA,NA,A,NA,NA,NA,NA,20222801910
1005,2022281,1245,2022,281,12,45,NA,NA,T,NA,NA,NA,NA,20222811245
1006,2022281,1425,2022,281,14,25,NA,NA,T,NA,NA,NA,NA,20222811425
1007,2022281,1635,2022,281,16,35,NA,NA,A,NA,NA,NA,NA,20222811635
1008,2022281,1815,2022,281,18,15,NA,NA,A,NA,NA,NA,NA,20222811815
1009,2022282,1330,2022,282,13,30,-34.55416666,-58.50906357,T,0.024,0.0165,0.0553,0,20222821330
1010,2022282,1720,2022,282,17,20,-34.55416666,-58.50906357,A,0.147,0.101,0.0127,0,20222821720
1011,2022282,1855,2022,282,18,55,NA,NA,A,NA,NA,NA,NA,20222821855
1012,2022283,1625,2022,283,16,25,NA,NA,A,NA,NA,NA,NA,20222831625
1013,2022283,1800,2022,283,18,0,NA,NA,A,NA,NA,NA,NA,20222831800
1014,2022284,1705,2022,284,17,5,-34.55416666,-58.50906357,A,0.2675,0.1855,0.0069,0,20222841705
1015,2022284,1845,2022,284,18,45,-34.55416666,-58.50906357,A,0.33775,0.23575,0.0199,0,20222841845
1016,2022285,1750,2022,285,17,50,-34.55416666,-58.50906357,A,0.17275,0.1185,0.0541,0,20222851750
1017,2022285,1925,2022,285,19,25,NA,NA,A,NA,NA,NA,NA,20222851925
1018,2022286,1655,2022,286,16,55,NA,NA,A,NA,NA,NA,NA,20222861655
1019,2022286,1830,2022,286,18,30,NA,NA,A,NA,NA,NA,NA,20222861830
1020,2022287,1735,2022,287,17,35,-34.55416666,-58.50906357,A,0.14325,0.0985,0.0326,0,20222871735
1021,2022287,1910,2022,287,19,10,NA,NA,A,NA,NA,NA,NA,20222871910
1022,2022288,1640,2022,288,16,40,NA,NA,A,NA,NA,NA,NA,20222881640
1023,2022288,1820,2022,288,18,20,NA,NA,A,NA,NA,NA,NA,20222881820
1024,2022289,1725,2022,289,17,25,-34.55416666,-58.50906357,A,0.20275,0.14,0.0179,0,20222891725
1025,2022289,1900,2022,289,19,0,NA,NA,A,NA,NA,NA,NA,20222891900
1026,2022290,1625,2022,290,16,25,NA,NA,A,NA,NA,NA,NA,20222901625
1027,2022290,1805,2022,290,18,5,-34.55416666,-58.50906357,A,0.24425,0.1695,0.0704,0,20222901805
1028,2022291,1710,2022,291,17,10,NA,NA,A,NA,NA,NA,NA,20222911710
1029,2022291,1845,2022,291,18,45,NA,NA,A,NA,NA,NA,NA,20222911845
1030,2022292,1615,2022,292,16,15,NA,NA,A,NA,NA,NA,NA,20222921615
1031,2022292,1750,2022,292,17,50,NA,NA,A,NA,NA,NA,NA,20222921750
1032,2022293,1655,2022,293,16,55,NA,NA,A,NA,NA,NA,NA,20222931655
1033,2022293,1835,2022,293,18,35,NA,NA,A,NA,NA,NA,NA,20222931835
1034,2022294,1740,2022,294,17,40,NA,NA,A,NA,NA,NA,NA,20222941740
1035,2022294,1915,2022,294,19,15,NA,NA,A,NA,NA,NA,NA,20222941915
1036,2022295,1645,2022,295,16,45,NA,NA,A,NA,NA,NA,NA,20222951645
1037,2022295,1820,2022,295,18,20,NA,NA,A,NA,NA,NA,NA,20222951820
1038,2022296,1725,2022,296,17,25,NA,NA,A,NA,NA,NA,NA,20222961725
1039,2022296,1905,2022,296,19,5,NA,NA,A,NA,NA,NA,NA,20222961905
1040,2022297,1230,2022,297,12,30,NA,NA,T,NA,NA,NA,NA,20222971230
1041,2022297,1410,2022,297,14,10,-34.55416666,-58.50906357,T,0.0835,0.057,0.0394,0,20222971410
1042,2022297,1630,2022,297,16,30,NA,NA,A,NA,NA,NA,NA,20222971630
1043,2022297,1810,2022,297,18,10,-34.55416666,-58.50906357,A,0.16525,0.11375,0.07,0,20222971810
1044,2022298,1310,2022,298,13,10,-34.55416666,-58.50906357,T,0.1275,0.0875,0.0372,0,20222981310
1045,2022298,1450,2022,298,14,50,NA,NA,T,NA,NA,NA,NA,20222981450
1046,2022298,1715,2022,298,17,15,NA,NA,A,NA,NA,NA,NA,20222981715
1047,2022298,1850,2022,298,18,50,NA,NA,A,NA,NA,NA,NA,20222981850
1048,2022299,1215,2022,299,12,15,NA,NA,T,NA,NA,NA,NA,20222991215
1049,2022299,1350,2022,299,13,50,NA,NA,T,NA,NA,NA,NA,20222991350
1050,2022299,1620,2022,299,16,20,NA,NA,A,NA,NA,NA,NA,20222991620
1051,2022299,1755,2022,299,17,55,NA,NA,A,NA,NA,NA,NA,20222991755
1052,2022300,1255,2022,300,12,55,-34.55416666,-58.50906357,T,0.09975,0.0685,0.0166,0,20223001255
1053,2022300,1435,2022,300,14,35,-34.55416666,-58.50906357,T,0.05625,0.0385,0.0114,0,20223001435
1054,2022300,1700,2022,300,17,0,NA,NA,A,NA,NA,NA,NA,20223001700
1055,2022300,1840,2022,300,18,40,-34.55416666,-58.50906357,A,0.087,0.05925,0.0197,0,20223001840
1056,2022301,1335,2022,301,13,35,-34.55416666,-58.50906357,T,0.02875,0.0195,0.0707,0,20223011335
1057,2022301,1745,2022,301,17,45,NA,NA,A,NA,NA,NA,NA,20223011745
1058,2022301,1920,2022,301,19,20,NA,NA,A,NA,NA,NA,NA,20223011920
1059,2022302,1240,2022,302,12,40,NA,NA,T,NA,NA,NA,NA,20223021240
1060,2022302,1415,2022,302,14,15,NA,NA,T,NA,NA,NA,NA,20223021415
1061,2022302,1645,2022,302,16,45,NA,NA,A,NA,NA,NA,NA,20223021645
1062,2022302,1825,2022,302,18,25,-34.55416666,-58.50906357,A,0.11525,0.07925,0.0378,0,20223021825
1063,2022303,1320,2022,303,13,20,NA,NA,T,NA,NA,NA,NA,20223031320
1064,2022303,1500,2022,303,15,0,NA,NA,T,NA,NA,NA,NA,20223031500
1065,2022303,1730,2022,303,17,30,NA,NA,A,NA,NA,NA,NA,20223031730
1066,2022303,1905,2022,303,19,5,NA,NA,A,NA,NA,NA,NA,20223031905
1067,2022304,1225,2022,304,12,25,NA,NA,T,NA,NA,NA,NA,20223041225
1068,2022304,1400,2022,304,14,0,NA,NA,T,NA,NA,NA,NA,20223041400
1069,2022304,1635,2022,304,16,35,NA,NA,A,NA,NA,NA,NA,20223041635
1070,2022304,1815,2022,304,18,15,NA,NA,A,NA,NA,NA,NA,20223041815
1071,2022307,1250,2022,307,12,50,NA,NA,T,NA,NA,NA,NA,20223071250
1072,2022307,1425,2022,307,14,25,-34.55416666,-58.50906357,T,0.16025,0.11025,0.0153,0,20223071425
1073,2022307,1705,2022,307,17,5,NA,NA,A,NA,NA,NA,NA,20223071705
1074,2022307,1840,2022,307,18,40,-34.55416666,-58.50906357,A,0.161,0.11067,0.0222,0,20223071840
1075,2022308,1330,2022,308,13,30,-34.55416666,-58.50906357,T,0.03125,0.02125,0.0676,0,20223081330
1076,2022308,1745,2022,308,17,45,-34.55416666,-58.50906357,A,0.08925,0.06075,0.0496,0,20223081745
1077,2022308,1920,2022,308,19,20,NA,NA,A,NA,NA,NA,NA,20223081920
1078,2022309,1235,2022,309,12,35,NA,NA,T,NA,NA,NA,NA,20223091235
1079,2022309,1410,2022,309,14,10,-34.55416666,-58.50906357,T,0.12725,0.08725,0.0301,0,20223091410
1080,2022309,1650,2022,309,16,50,NA,NA,A,NA,NA,NA,NA,20223091650
1081,2022309,1830,2022,309,18,30,-34.55416666,-58.50906357,A,0.16425,0.11275,0.0347,0,20223091830
1082,2022310,1315,2022,310,13,15,-34.55416666,-58.50906357,T,0.1105,0.07575,0.0408,0,20223101315
1083,2022310,1450,2022,310,14,50,NA,NA,T,NA,NA,NA,NA,20223101450
1084,2022310,1735,2022,310,17,35,-34.55416666,-58.50906357,A,0.15525,0.10675,0.0304,0,20223101735
1085,2022310,1910,2022,310,19,10,NA,NA,A,NA,NA,NA,NA,20223101910
1086,2022311,1220,2022,311,12,20,NA,NA,T,NA,NA,NA,NA,20223111220
1087,2022311,1355,2022,311,13,55,-34.55416666,-58.50906357,T,0.0745,0.051,0.0629,0,20223111355
1088,2022311,1640,2022,311,16,40,NA,NA,A,NA,NA,NA,NA,20223111640
1089,2022311,1815,2022,311,18,15,-34.55416666,-58.50906357,A,0.1405,0.09675,0.0575,0,20223111815
1090,2022312,1300,2022,312,13,0,NA,NA,T,NA,NA,NA,NA,20223121300
1091,2022312,1435,2022,312,14,35,NA,NA,T,NA,NA,NA,NA,20223121435
1092,2022312,1720,2022,312,17,20,-34.55416666,-58.50906357,A,0.15333,0.10533,0.0236,0,20223121720
1093,2022312,1855,2022,312,18,55,NA,NA,A,NA,NA,NA,NA,20223121855
1094,2022313,1340,2022,313,13,40,-34.55416666,-58.50906357,T,0.071,0.0485,0.0802,0,20223131340
1095,2022313,1625,2022,313,16,25,NA,NA,A,NA,NA,NA,NA,20223131625
1096,2022313,1805,2022,313,18,5,NA,NA,A,NA,NA,NA,NA,20223131805
1097,2022314,1245,2022,314,12,45,NA,NA,T,NA,NA,NA,NA,20223141245
1098,2022314,1420,2022,314,14,20,-34.55416666,-58.50906357,T,0.2925,0.20325,0.0237,0,20223141420
1099,2022314,1710,2022,314,17,10,NA,NA,A,NA,NA,NA,NA,20223141710
1100,2022314,1845,2022,314,18,45,NA,NA,A,NA,NA,NA,NA,20223141845
1101,2022315,1325,2022,315,13,25,-34.55416666,-58.50906357,T,0.06925,0.04725,0.0512,0,20223151325
1102,2022315,1750,2022,315,17,50,NA,NA,A,NA,NA,NA,NA,20223151750
1103,2022315,1925,2022,315,19,25,NA,NA,A,NA,NA,NA,NA,20223151925
1104,2022316,1225,2022,316,12,25,NA,NA,T,NA,NA,NA,NA,20223161225
1105,2022316,1405,2022,316,14,5,NA,NA,T,NA,NA,NA,NA,20223161405
1106,2022316,1655,2022,316,16,55,NA,NA,A,NA,NA,NA,NA,20223161655
1107,2022316,1835,2022,316,18,35,NA,NA,A,NA,NA,NA,NA,20223161835
1108,2022317,1310,2022,317,13,10,NA,NA,T,NA,NA,NA,NA,20223171310
1109,2022317,1445,2022,317,14,45,NA,NA,T,NA,NA,NA,NA,20223171445
1110,2022317,1735,2022,317,17,35,NA,NA,A,NA,NA,NA,NA,20223171735
1111,2022317,1915,2022,317,19,15,NA,NA,A,NA,NA,NA,NA,20223171915
1112,2022318,1210,2022,318,12,10,NA,NA,T,NA,NA,NA,NA,20223181210
1113,2022318,1350,2022,318,13,50,NA,NA,T,NA,NA,NA,NA,20223181350
1114,2022318,1640,2022,318,16,40,NA,NA,A,NA,NA,NA,NA,20223181640
1115,2022318,1820,2022,318,18,20,NA,NA,A,NA,NA,NA,NA,20223181820
1116,2022319,1255,2022,319,12,55,-34.55416666,-58.50906357,T,0.10225,0.07,0.0179,0,20223191255
1117,2022319,1430,2022,319,14,30,-34.55416666,-58.50906357,T,0.07175,0.049,0.0144,0,20223191430
1118,2022319,1725,2022,319,17,25,NA,NA,A,NA,NA,NA,NA,20223191725
1119,2022319,1900,2022,319,19,0,NA,NA,A,NA,NA,NA,NA,20223191900
1120,2022320,1335,2022,320,13,35,-34.55416666,-58.50906357,T,0.019,0.013,0.0703,0,20223201335
1121,2022320,1630,2022,320,16,30,NA,NA,A,NA,NA,NA,NA,20223201630
1122,2022320,1805,2022,320,18,5,-34.55416666,-58.50906357,A,0.30825,0.215,0.066,0,20223201805
1123,2022321,1235,2022,321,12,35,NA,NA,T,NA,NA,NA,NA,20223211235
1124,2022321,1415,2022,321,14,15,NA,NA,T,NA,NA,NA,NA,20223211415
1125,2022321,1710,2022,321,17,10,NA,NA,A,NA,NA,NA,NA,20223211710
1126,2022321,1850,2022,321,18,50,-34.55416666,-58.50906357,A,0.17367,0.11933,0.0192,0,20223211850
1127,2022322,1320,2022,322,13,20,NA,NA,T,NA,NA,NA,NA,20223221320
1128,2022322,1455,2022,322,14,55,NA,NA,T,NA,NA,NA,NA,20223221455
1129,2022322,1615,2022,322,16,15,NA,NA,A,NA,NA,NA,NA,20223221615
1130,2022322,1755,2022,322,17,55,NA,NA,A,NA,NA,NA,NA,20223221755
1131,2022323,1220,2022,323,12,20,NA,NA,T,NA,NA,NA,NA,20223231220
1132,2022323,1400,2022,323,14,0,NA,NA,T,NA,NA,NA,NA,20223231400
1133,2022323,1700,2022,323,17,0,NA,NA,A,NA,NA,NA,NA,20223231700
1134,2022323,1835,2022,323,18,35,NA,NA,A,NA,NA,NA,NA,20223231835
1135,2022324,1300,2022,324,13,0,NA,NA,T,NA,NA,NA,NA,20223241300
1136,2022324,1440,2022,324,14,40,NA,NA,T,NA,NA,NA,NA,20223241440
1137,2022324,1740,2022,324,17,40,NA,NA,A,NA,NA,NA,NA,20223241740
1138,2022324,1915,2022,324,19,15,NA,NA,A,NA,NA,NA,NA,20223241915
1139,2022325,1345,2022,325,13,45,NA,NA,T,NA,NA,NA,NA,20223251345
1140,2022325,1645,2022,325,16,45,NA,NA,A,NA,NA,NA,NA,20223251645
1141,2022325,1825,2022,325,18,25,NA,NA,A,NA,NA,NA,NA,20223251825
1142,2022326,1245,2022,326,12,45,NA,NA,T,NA,NA,NA,NA,20223261245
1143,2022326,1425,2022,326,14,25,-34.55416666,-58.50906357,T,0.11725,0.08075,0.0156,0,20223261425
1144,2022326,1730,2022,326,17,30,NA,NA,A,NA,NA,NA,NA,20223261730
1145,2022326,1905,2022,326,19,5,NA,NA,A,NA,NA,NA,NA,20223261905
1146,2022327,1330,2022,327,13,30,-34.55416666,-58.50906357,T,0.07675,0.05275,0.0539,0,20223271330
1147,2022327,1630,2022,327,16,30,NA,NA,A,NA,NA,NA,NA,20223271630
1148,2022327,1810,2022,327,18,10,-34.55416666,-58.50906357,A,0.274,0.19,0.0592,0,20223271810
1149,2022328,1230,2022,328,12,30,NA,NA,T,NA,NA,NA,NA,20223281230
1150,2022328,1410,2022,328,14,10,-34.55416666,-58.50906357,T,0.07175,0.049,0.0293,0,20223281410
1151,2022328,1715,2022,328,17,15,-34.55416666,-58.50906357,A,0.2105,0.14575,0.0116,0,20223281715
1152,2022328,1850,2022,328,18,50,NA,NA,A,NA,NA,NA,NA,20223281850
1153,2022329,1310,2022,329,13,10,NA,NA,T,NA,NA,NA,NA,20223291310
1154,2022329,1450,2022,329,14,50,NA,NA,T,NA,NA,NA,NA,20223291450
1155,2022329,1620,2022,329,16,20,NA,NA,A,NA,NA,NA,NA,20223291620
1156,2022329,1800,2022,329,18,0,-34.55416666,-58.50906357,A,0.229,0.15875,0.0626,0,20223291800
1157,2022330,1215,2022,330,12,15,NA,NA,T,NA,NA,NA,NA,20223301215
1158,2022330,1355,2022,330,13,55,-34.55416666,-58.50906357,T,0.103,0.0705,0.0628,0,20223301355
1159,2022330,1700,2022,330,17,0,NA,NA,A,NA,NA,NA,NA,20223301700
1160,2022330,1840,2022,330,18,40,NA,NA,A,NA,NA,NA,NA,20223301840
1161,2022331,1255,2022,331,12,55,NA,NA,T,NA,NA,NA,NA,20223311255
1162,2022331,1435,2022,331,14,35,-34.55416666,-58.50906357,T,0.128,0.088,0.0097,0,20223311435
1163,2022331,1745,2022,331,17,45,NA,NA,A,NA,NA,NA,NA,20223311745
1164,2022331,1920,2022,331,19,20,NA,NA,A,NA,NA,NA,NA,20223311920
1165,2022332,1335,2022,332,13,35,-34.55416666,-58.50906357,T,0.0735,0.05,0.098,0,20223321335
1166,2022332,1650,2022,332,16,50,NA,NA,A,NA,NA,NA,NA,20223321650
1167,2022332,1825,2022,332,18,25,-34.55416666,-58.50906357,A,0.2295,0.1595,0.0336,0,20223321825
1168,2022333,1240,2022,333,12,40,NA,NA,T,NA,NA,NA,NA,20223331240
1169,2022333,1420,2022,333,14,20,NA,NA,T,NA,NA,NA,NA,20223331420
1170,2022333,1730,2022,333,17,30,NA,NA,A,NA,NA,NA,NA,20223331730
1171,2022333,1910,2022,333,19,10,NA,NA,A,NA,NA,NA,NA,20223331910
1172,2022334,1320,2022,334,13,20,NA,NA,T,NA,NA,NA,NA,20223341320
1173,2022334,1500,2022,334,15,0,NA,NA,T,NA,NA,NA,NA,20223341500
1174,2022334,1635,2022,334,16,35,NA,NA,A,NA,NA,NA,NA,20223341635
1175,2022334,1815,2022,334,18,15,NA,NA,A,NA,NA,NA,NA,20223341815
1176,2022335,1225,2022,335,12,25,NA,NA,T,NA,NA,NA,NA,20223351225
1177,2022335,1400,2022,335,14,0,NA,NA,T,NA,NA,NA,NA,20223351400
1178,2022335,1720,2022,335,17,20,NA,NA,A,NA,NA,NA,NA,20223351720
1179,2022335,1855,2022,335,18,55,NA,NA,A,NA,NA,NA,NA,20223351855
1180,2022336,1305,2022,336,13,5,-34.55416666,-58.50906357,T,0.19075,0.13175,0.0267,0,20223361305
1181,2022336,1445,2022,336,14,45,NA,NA,T,NA,NA,NA,NA,20223361445
1182,2022336,1625,2022,336,16,25,NA,NA,A,NA,NA,NA,NA,20223361625
1183,2022336,1800,2022,336,18,0,-34.55416666,-58.50906357,A,0.24375,0.169,0.0834,0,20223361800
1184,2022337,1345,2022,337,13,45,-34.55416666,-58.50906357,T,0.1015,0.0695,0.0745,0,20223371345
1185,2022337,1705,2022,337,17,5,NA,NA,A,NA,NA,NA,NA,20223371705
1186,2022337,1845,2022,337,18,45,-34.55416666,-58.50906357,A,0.22175,0.15375,0.0229,0,20223371845
1187,2022338,1250,2022,338,12,50,NA,NA,T,NA,NA,NA,NA,20223381250
1188,2022338,1425,2022,338,14,25,-34.55416666,-58.50906357,T,0.14725,0.10125,0.014,0,20223381425
1189,2022338,1750,2022,338,17,50,NA,NA,A,NA,NA,NA,NA,20223381750
1190,2022338,1925,2022,338,19,25,NA,NA,A,NA,NA,NA,NA,20223381925
1191,2022339,1330,2022,339,13,30,-34.55416666,-58.50906357,T,0.09975,0.068,0.0589,0,20223391330
1192,2022339,1650,2022,339,16,50,NA,NA,A,NA,NA,NA,NA,20223391650
1193,2022339,1830,2022,339,18,30,-34.55416666,-58.50906357,A,0.22375,0.155,0.0311,0,20223391830
1194,2022340,1235,2022,340,12,35,NA,NA,T,NA,NA,NA,NA,20223401235
1195,2022340,1410,2022,340,14,10,-34.55416666,-58.50906357,T,0.11,0.07525,0.0247,0,20223401410
1196,2022340,1735,2022,340,17,35,-34.55416666,-58.50906357,A,0.11967,0.08233,0.0374,0,20223401735
1197,2022340,1910,2022,340,19,10,NA,NA,A,NA,NA,NA,NA,20223401910
1198,2022341,1315,2022,341,13,15,-34.55416666,-58.50906357,T,0.228,0.158,0.0412,0,20223411315
1199,2022341,1455,2022,341,14,55,NA,NA,T,NA,NA,NA,NA,20223411455
1200,2022341,1640,2022,341,16,40,NA,NA,A,NA,NA,NA,NA,20223411640
1201,2022341,1820,2022,341,18,20,NA,NA,A,NA,NA,NA,NA,20223411820
1202,2022342,1220,2022,342,12,20,NA,NA,T,NA,NA,NA,NA,20223421220
1203,2022342,1355,2022,342,13,55,NA,NA,T,NA,NA,NA,NA,20223421355
1204,2022342,1720,2022,342,17,20,-34.55416666,-58.50906357,A,0.247,0.171,0.0215,0,20223421720
1205,2022342,1900,2022,342,19,0,NA,NA,A,NA,NA,NA,NA,20223421900
1206,2022343,1300,2022,343,13,0,-34.55416666,-58.50906357,T,0.20975,0.14475,0.0297,0,20223431300
1207,2022343,1435,2022,343,14,35,NA,NA,T,NA,NA,NA,NA,20223431435
1208,2022343,1625,2022,343,16,25,NA,NA,A,NA,NA,NA,NA,20223431625
1209,2022343,1805,2022,343,18,5,-34.55416666,-58.50906357,A,0.31275,0.2185,0.0781,0,20223431805
1210,2022344,1340,2022,344,13,40,NA,NA,T,NA,NA,NA,NA,20223441340
1211,2022344,1710,2022,344,17,10,-34.55416666,-58.50906357,A,0.157,0.108,0.0115,0,20223441710
1212,2022344,1845,2022,344,18,45,-34.55416666,-58.50906357,A,0.175,0.12025,0.0223,0,20223441845
1213,2022345,1245,2022,345,12,45,NA,NA,T,NA,NA,NA,NA,20223451245
1214,2022345,1420,2022,345,14,20,NA,NA,T,NA,NA,NA,NA,20223451420
1215,2022345,1750,2022,345,17,50,-34.55416666,-58.50906357,A,0.1265,0.087,0.0722,0,20223451750
1216,2022345,1925,2022,345,19,25,NA,NA,A,NA,NA,NA,NA,20223451925
1217,2022346,1325,2022,346,13,25,NA,NA,T,NA,NA,NA,NA,20223461325
1218,2022346,1655,2022,346,16,55,NA,NA,A,NA,NA,NA,NA,20223461655
1219,2022346,1835,2022,346,18,35,NA,NA,A,NA,NA,NA,NA,20223461835
1220,2022347,1225,2022,347,12,25,NA,NA,T,NA,NA,NA,NA,20223471225
1221,2022347,1405,2022,347,14,5,NA,NA,T,NA,NA,NA,NA,20223471405
1222,2022347,1740,2022,347,17,40,-34.55416666,-58.50906357,A,0.2265,0.157,0.0467,0,20223471740
1223,2022347,1915,2022,347,19,15,NA,NA,A,NA,NA,NA,NA,20223471915
1224,2022348,1310,2022,348,13,10,-34.55416666,-58.50906357,T,0.196,0.13525,0.0366,0,20223481310
1225,2022348,1445,2022,348,14,45,NA,NA,T,NA,NA,NA,NA,20223481445
1226,2022348,1645,2022,348,16,45,NA,NA,A,NA,NA,NA,NA,20223481645
1227,2022348,1820,2022,348,18,20,-34.55416666,-58.50906357,A,0.24475,0.1695,0.0457,0,20223481820
1228,2022349,1210,2022,349,12,10,NA,NA,T,NA,NA,NA,NA,20223491210
1229,2022349,1350,2022,349,13,50,-34.55416666,-58.50906357,T,0.04625,0.0315,0.0635,0,20223491350
1230,2022349,1725,2022,349,17,25,-34.55416666,-58.50906357,A,0.166,0.114,0.0198,0,20223491725
1231,2022349,1900,2022,349,19,0,NA,NA,A,NA,NA,NA,NA,20223491900
1232,2022350,1255,2022,350,12,55,NA,NA,T,NA,NA,NA,NA,20223501255
1233,2022350,1430,2022,350,14,30,-34.55416666,-58.50906357,T,0.1465,0.10075,0.0105,0,20223501430
1234,2022350,1630,2022,350,16,30,NA,NA,A,NA,NA,NA,NA,20223501630
1235,2022350,1810,2022,350,18,10,NA,NA,A,NA,NA,NA,NA,20223501810
1236,2022351,1335,2022,351,13,35,-34.55416666,-58.50906357,T,0.1735,0.119,0.0717,0,20223511335
1237,2022351,1710,2022,351,17,10,-34.55416666,-58.50906357,A,0.1545,0.10625,0.0106,0,20223511710
1238,2022351,1850,2022,351,18,50,-34.55416666,-58.50906357,A,0.17575,0.1215,0.009,0,20223511850
1239,2022352,1235,2022,352,12,35,NA,NA,T,NA,NA,NA,NA,20223521235
1240,2022352,1415,2022,352,14,15,-34.55416666,-58.50906357,T,0.183,0.126,0.0261,0,20223521415
1241,2022352,1615,2022,352,16,15,NA,NA,A,NA,NA,NA,NA,20223521615
1242,2022352,1755,2022,352,17,55,NA,NA,A,NA,NA,NA,NA,20223521755
1243,2022353,1320,2022,353,13,20,-34.55416666,-58.50906357,T,0.226,0.1565,0.0449,0,20223531320
1244,2022353,1455,2022,353,14,55,NA,NA,T,NA,NA,NA,NA,20223531455
1245,2022353,1700,2022,353,17,0,NA,NA,A,NA,NA,NA,NA,20223531700
1246,2022353,1835,2022,353,18,35,-34.55416666,-58.50906357,A,0.231,0.16025,0.0274,0,20223531835
1247,2022354,1220,2022,354,12,20,NA,NA,T,NA,NA,NA,NA,20223541220
1248,2022354,1400,2022,354,14,0,-34.55416666,-58.50906357,T,0.02525,0.01725,0.0543,0,20223541400
1249,2022354,1740,2022,354,17,40,-34.55416666,-58.50906357,A,0.07875,0.0535,0.054,0,20223541740
1250,2022354,1920,2022,354,19,20,NA,NA,A,NA,NA,NA,NA,20223541920
1251,2022355,1300,2022,355,13,0,-34.55416666,-58.50906357,T,0.229,0.15825,0.0255,0,20223551300
1252,2022355,1440,2022,355,14,40,NA,NA,T,NA,NA,NA,NA,20223551440
1253,2022355,1645,2022,355,16,45,NA,NA,A,NA,NA,NA,NA,20223551645
1254,2022355,1825,2022,355,18,25,NA,NA,A,NA,NA,NA,NA,20223551825
1255,2022356,1345,2022,356,13,45,-34.55416666,-58.50906357,T,0.178,0.123,0.0688,0,20223561345
1256,2022356,1730,2022,356,17,30,NA,NA,A,NA,NA,NA,NA,20223561730
1257,2022356,1905,2022,356,19,5,NA,NA,A,NA,NA,NA,NA,20223561905
1258,2022357,1245,2022,357,12,45,NA,NA,T,NA,NA,NA,NA,20223571245
1259,2022357,1425,2022,357,14,25,NA,NA,T,NA,NA,NA,NA,20223571425
1260,2022357,1635,2022,357,16,35,NA,NA,A,NA,NA,NA,NA,20223571635
1261,2022357,1810,2022,357,18,10,NA,NA,A,NA,NA,NA,NA,20223571810
1262,2022358,1325,2022,358,13,25,NA,NA,T,NA,NA,NA,NA,20223581325
1263,2022358,1715,2022,358,17,15,NA,NA,A,NA,NA,NA,NA,20223581715
1264,2022358,1855,2022,358,18,55,NA,NA,A,NA,NA,NA,NA,20223581855
1265,2022359,1230,2022,359,12,30,NA,NA,T,NA,NA,NA,NA,20223591230
1266,2022359,1410,2022,359,14,10,NA,NA,T,NA,NA,NA,NA,20223591410
1267,2022359,1620,2022,359,16,20,NA,NA,A,NA,NA,NA,NA,20223591620
1268,2022359,1800,2022,359,18,0,NA,NA,A,NA,NA,NA,NA,20223591800
1269,2022360,1310,2022,360,13,10,-34.55416666,-58.50906357,T,0.2365,0.164,0.0292,0,20223601310
1270,2022360,1450,2022,360,14,50,NA,NA,T,NA,NA,NA,NA,20223601450
1271,2022360,1705,2022,360,17,5,NA,NA,A,NA,NA,NA,NA,20223601705
1272,2022360,1840,2022,360,18,40,-34.55416666,-58.50906357,A,0.20167,0.13867,0.0195,0,20223601840
1273,2022361,1215,2022,361,12,15,NA,NA,T,NA,NA,NA,NA,20223611215
1274,2022361,1355,2022,361,13,55,NA,NA,T,NA,NA,NA,NA,20223611355
1275,2022361,1745,2022,361,17,45,NA,NA,A,NA,NA,NA,NA,20223611745
1276,2022361,1920,2022,361,19,20,NA,NA,A,NA,NA,NA,NA,20223611920
1277,2022362,1255,2022,362,12,55,-34.55416666,-58.50906357,T,0.26275,0.182,0.0153,0,20223621255
1278,2022362,1435,2022,362,14,35,-34.55416666,-58.50906357,T,0.1645,0.11325,0.0087,0,20223621435
1279,2022362,1650,2022,362,16,50,NA,NA,A,NA,NA,NA,NA,20223621650
1280,2022362,1825,2022,362,18,25,NA,NA,A,NA,NA,NA,NA,20223621825
1281,2022363,1335,2022,363,13,35,-34.55416666,-58.50906357,T,0.17175,0.118,0.0897,0,20223631335
1282,2022363,1730,2022,363,17,30,-34.55416666,-58.50906357,A,0.24625,0.171,0.0284,0,20223631730
1283,2022363,1910,2022,363,19,10,NA,NA,A,NA,NA,NA,NA,20223631910
1284,2022364,1240,2022,364,12,40,NA,NA,T,NA,NA,NA,NA,20223641240
1285,2022364,1420,2022,364,14,20,-34.55416666,-58.50906357,T,0.16225,0.1115,0.0196,0,20223641420
1286,2022364,1635,2022,364,16,35,NA,NA,A,NA,NA,NA,NA,20223641635
1287,2022364,1815,2022,364,18,15,-34.55416666,-58.50906357,A,0.31675,0.221,0.0659,0,20223641815
1288,2022365,1320,2022,365,13,20,-34.55416666,-58.50906357,T,0.1695,0.1165,0.0515,0,20223651320
1289,2022365,1720,2022,365,17,20,-34.55416666,-58.50906357,A,0.19075,0.13125,0.0125,0,20223651720
1290,2022365,1855,2022,365,18,55,NA,NA,A,NA,NA,NA,NA,20223651855
