,date,hora,Year,DOY,Hour,Minute,Lat,Lon,AOD_Type,AOD_047,AOD_055,AOD_Uncertainty,QA_AOD,timestamp
1,2015001,1550,2015,1,15,50,NA,NA,T,NA,NA,NA,NA,20150011550
2,2015001,1845,2015,1,18,45,NA,NA,A,NA,NA,NA,NA,20150011845
3,2015002,1450,2015,2,14,50,NA,NA,T,NA,NA,NA,NA,20150021450
4,2015002,1630,2015,2,16,30,NA,NA,T,NA,NA,NA,NA,20150021630
5,2015002,1750,2015,2,17,50,6.262499999,-75.58018662,A,0.11175,0.07675,0.0086,0,20150021750
6,2015002,1930,2015,2,19,30,NA,NA,A,NA,NA,NA,NA,20150021930
7,2015003,1535,2015,3,15,35,NA,NA,T,NA,NA,NA,NA,20150031535
8,2015003,1830,2015,3,18,30,NA,NA,A,NA,NA,NA,NA,20150031830
9,2015003,1835,2015,3,18,35,6.262499999,-75.58018662,A,0.1175,0.08075,0.0296,0,20150031835
10,2015004,1440,2015,4,14,40,NA,NA,T,NA,NA,NA,NA,20150041440
11,2015004,1620,2015,4,16,20,NA,NA,T,NA,NA,NA,NA,20150041620
12,2015004,1735,2015,4,17,35,NA,NA,A,NA,NA,NA,NA,20150041735
13,2015004,1915,2015,4,19,15,NA,NA,A,NA,NA,NA,NA,20150041915
14,2015004,1920,2015,4,19,20,NA,NA,A,NA,NA,NA,NA,20150041920
15,2015005,1525,2015,5,15,25,NA,NA,T,NA,NA,NA,NA,20150051525
16,2015005,1820,2015,5,18,20,NA,NA,A,NA,NA,NA,NA,20150051820
17,2015005,1825,2015,5,18,25,NA,NA,A,NA,NA,NA,NA,20150051825
18,2015006,1430,2015,6,14,30,NA,NA,T,NA,NA,NA,NA,20150061430
19,2015006,1605,2015,6,16,5,6.262499999,-75.58018662,T,0.0505,0.03475,0.0114,0,20150061605
20,2015006,1905,2015,6,19,5,6.262499999,-75.58018662,A,0.03275,0.02225,0.0129,0,20150061905
21,2015007,1510,2015,7,15,10,NA,NA,T,NA,NA,NA,NA,20150071510
22,2015007,1805,2015,7,18,5,NA,NA,A,NA,NA,NA,NA,20150071805
23,2015007,1810,2015,7,18,10,6.262499999,-75.58018662,A,0.06225,0.0425,0.0159,0,20150071810
24,2015008,1555,2015,8,15,55,NA,NA,T,NA,NA,NA,NA,20150081555
25,2015008,1850,2015,8,18,50,NA,NA,A,NA,NA,NA,NA,20150081850
26,2015008,1855,2015,8,18,55,NA,NA,A,NA,NA,NA,NA,20150081855
27,2015009,1500,2015,9,15,0,NA,NA,T,NA,NA,NA,NA,20150091500
28,2015009,1635,2015,9,16,35,NA,NA,T,NA,NA,NA,NA,20150091635
29,2015009,1755,2015,9,17,55,NA,NA,A,NA,NA,NA,NA,20150091755
30,2015009,1935,2015,9,19,35,NA,NA,A,NA,NA,NA,NA,20150091935
31,2015010,1540,2015,10,15,40,NA,NA,T,NA,NA,NA,NA,20150101540
32,2015010,1840,2015,10,18,40,NA,NA,A,NA,NA,NA,NA,20150101840
33,2015011,1445,2015,11,14,45,NA,NA,T,NA,NA,NA,NA,20150111445
34,2015011,1625,2015,11,16,25,NA,NA,T,NA,NA,NA,NA,20150111625
35,2015011,1745,2015,11,17,45,NA,NA,A,NA,NA,NA,NA,20150111745
36,2015011,1920,2015,11,19,20,NA,NA,A,NA,NA,NA,NA,20150111920
37,2015011,1925,2015,11,19,25,NA,NA,A,NA,NA,NA,NA,20150111925
38,2015012,1530,2015,12,15,30,NA,NA,T,NA,NA,NA,NA,20150121530
39,2015012,1825,2015,12,18,25,NA,NA,A,NA,NA,NA,NA,20150121825
40,2015012,1830,2015,12,18,30,NA,NA,A,NA,NA,NA,NA,20150121830
41,2015013,1435,2015,13,14,35,NA,NA,T,NA,NA,NA,NA,20150131435
42,2015013,1610,2015,13,16,10,NA,NA,T,NA,NA,NA,NA,20150131610
43,2015013,1730,2015,13,17,30,NA,NA,A,NA,NA,NA,NA,20150131730
44,2015013,1910,2015,13,19,10,NA,NA,A,NA,NA,NA,NA,20150131910
45,2015014,1515,2015,14,15,15,NA,NA,T,NA,NA,NA,NA,20150141515
46,2015014,1815,2015,14,18,15,NA,NA,A,NA,NA,NA,NA,20150141815
47,2015015,1600,2015,15,16,0,NA,NA,T,NA,NA,NA,NA,20150151600
48,2015015,1855,2015,15,18,55,NA,NA,A,NA,NA,NA,NA,20150151855
49,2015015,1900,2015,15,19,0,NA,NA,A,NA,NA,NA,NA,20150151900
50,2015016,1505,2015,16,15,5,NA,NA,T,NA,NA,NA,NA,20150161505
51,2015016,1640,2015,16,16,40,NA,NA,T,NA,NA,NA,NA,20150161640
52,2015016,1800,2015,16,18,0,NA,NA,A,NA,NA,NA,NA,20150161800
53,2015016,1805,2015,16,18,5,NA,NA,A,NA,NA,NA,NA,20150161805
54,2015017,1550,2015,17,15,50,NA,NA,T,NA,NA,NA,NA,20150171550
55,2015017,1845,2015,17,18,45,NA,NA,A,NA,NA,NA,NA,20150171845
56,2015018,1455,2015,18,14,55,NA,NA,T,NA,NA,NA,NA,20150181455
57,2015018,1630,2015,18,16,30,NA,NA,T,NA,NA,NA,NA,20150181630
58,2015018,1750,2015,18,17,50,NA,NA,A,NA,NA,NA,NA,20150181750
59,2015018,1930,2015,18,19,30,NA,NA,A,NA,NA,NA,NA,20150181930
60,2015019,1535,2015,19,15,35,NA,NA,T,NA,NA,NA,NA,20150191535
61,2015019,1830,2015,19,18,30,NA,NA,A,NA,NA,NA,NA,20150191830
62,2015019,1835,2015,19,18,35,NA,NA,A,NA,NA,NA,NA,20150191835
63,2015020,1440,2015,20,14,40,NA,NA,T,NA,NA,NA,NA,20150201440
64,2015020,1620,2015,20,16,20,NA,NA,T,NA,NA,NA,NA,20150201620
65,2015020,1735,2015,20,17,35,NA,NA,A,NA,NA,NA,NA,20150201735
66,2015020,1915,2015,20,19,15,NA,NA,A,NA,NA,NA,NA,20150201915
67,2015020,1920,2015,20,19,20,NA,NA,A,NA,NA,NA,NA,20150201920
68,2015021,1525,2015,21,15,25,NA,NA,T,NA,NA,NA,NA,20150211525
69,2015021,1820,2015,21,18,20,NA,NA,A,NA,NA,NA,NA,20150211820
70,2015021,1825,2015,21,18,25,NA,NA,A,NA,NA,NA,NA,20150211825
71,2015022,1430,2015,22,14,30,NA,NA,T,NA,NA,NA,NA,20150221430
72,2015022,1605,2015,22,16,5,NA,NA,T,NA,NA,NA,NA,20150221605
73,2015022,1905,2015,22,19,5,NA,NA,A,NA,NA,NA,NA,20150221905
74,2015023,1510,2015,23,15,10,NA,NA,T,NA,NA,NA,NA,20150231510
75,2015023,1810,2015,23,18,10,NA,NA,A,NA,NA,NA,NA,20150231810
76,2015024,1555,2015,24,15,55,NA,NA,T,NA,NA,NA,NA,20150241555
77,2015024,1850,2015,24,18,50,NA,NA,A,NA,NA,NA,NA,20150241850
78,2015024,1855,2015,24,18,55,NA,NA,A,NA,NA,NA,NA,20150241855
79,2015025,1500,2015,25,15,0,NA,NA,T,NA,NA,NA,NA,20150251500
80,2015025,1635,2015,25,16,35,NA,NA,T,NA,NA,NA,NA,20150251635
81,2015025,1755,2015,25,17,55,NA,NA,A,NA,NA,NA,NA,20150251755
82,2015025,1935,2015,25,19,35,NA,NA,A,NA,NA,NA,NA,20150251935
83,2015026,1540,2015,26,15,40,6.262499999,-75.58018662,T,0.22975,0.15925,0.0291,0,20150261540
84,2015026,1840,2015,26,18,40,NA,NA,A,NA,NA,NA,NA,20150261840
85,2015027,1445,2015,27,14,45,NA,NA,T,NA,NA,NA,NA,20150271445
86,2015027,1625,2015,27,16,25,NA,NA,T,NA,NA,NA,NA,20150271625
87,2015027,1745,2015,27,17,45,NA,NA,A,NA,NA,NA,NA,20150271745
88,2015027,1920,2015,27,19,20,NA,NA,A,NA,NA,NA,NA,20150271920
89,2015027,1925,2015,27,19,25,NA,NA,A,NA,NA,NA,NA,20150271925
90,2015028,1530,2015,28,15,30,NA,NA,T,NA,NA,NA,NA,20150281530
91,2015028,1825,2015,28,18,25,NA,NA,A,NA,NA,NA,NA,20150281825
92,2015028,1830,2015,28,18,30,NA,NA,A,NA,NA,NA,NA,20150281830
93,2015029,1435,2015,29,14,35,NA,NA,T,NA,NA,NA,NA,20150291435
94,2015029,1610,2015,29,16,10,NA,NA,T,NA,NA,NA,NA,20150291610
95,2015029,1730,2015,29,17,30,NA,NA,A,NA,NA,NA,NA,20150291730
96,2015029,1910,2015,29,19,10,NA,NA,A,NA,NA,NA,NA,20150291910
97,2015030,1515,2015,30,15,15,NA,NA,T,NA,NA,NA,NA,20150301515
98,2015030,1815,2015,30,18,15,NA,NA,A,NA,NA,NA,NA,20150301815
99,2015031,1600,2015,31,16,0,NA,NA,T,NA,NA,NA,NA,20150311600
100,2015031,1855,2015,31,18,55,NA,NA,A,NA,NA,NA,NA,20150311855
101,2015031,1900,2015,31,19,0,NA,NA,A,NA,NA,NA,NA,20150311900
102,2015032,1505,2015,32,15,5,NA,NA,T,NA,NA,NA,NA,20150321505
103,2015032,1640,2015,32,16,40,NA,NA,T,NA,NA,NA,NA,20150321640
104,2015032,1800,2015,32,18,0,NA,NA,A,NA,NA,NA,NA,20150321800
105,2015032,1805,2015,32,18,5,NA,NA,A,NA,NA,NA,NA,20150321805
106,2015033,1550,2015,33,15,50,NA,NA,T,NA,NA,NA,NA,20150331550
107,2015033,1845,2015,33,18,45,NA,NA,A,NA,NA,NA,NA,20150331845
108,2015034,1455,2015,34,14,55,NA,NA,T,NA,NA,NA,NA,20150341455
109,2015034,1630,2015,34,16,30,NA,NA,T,NA,NA,NA,NA,20150341630
110,2015034,1750,2015,34,17,50,NA,NA,A,NA,NA,NA,NA,20150341750
111,2015034,1930,2015,34,19,30,NA,NA,A,NA,NA,NA,NA,20150341930
112,2015035,1535,2015,35,15,35,NA,NA,T,NA,NA,NA,NA,20150351535
113,2015035,1830,2015,35,18,30,NA,NA,A,NA,NA,NA,NA,20150351830
114,2015035,1835,2015,35,18,35,NA,NA,A,NA,NA,NA,NA,20150351835
115,2015036,1440,2015,36,14,40,NA,NA,T,NA,NA,NA,NA,20150361440
116,2015036,1620,2015,36,16,20,NA,NA,T,NA,NA,NA,NA,20150361620
117,2015036,1735,2015,36,17,35,NA,NA,A,NA,NA,NA,NA,20150361735
118,2015036,1915,2015,36,19,15,NA,NA,A,NA,NA,NA,NA,20150361915
119,2015036,1920,2015,36,19,20,NA,NA,A,NA,NA,NA,NA,20150361920
120,2015037,1525,2015,37,15,25,NA,NA,T,NA,NA,NA,NA,20150371525
121,2015037,1820,2015,37,18,20,NA,NA,A,NA,NA,NA,NA,20150371820
122,2015037,1825,2015,37,18,25,NA,NA,A,NA,NA,NA,NA,20150371825
123,2015038,1430,2015,38,14,30,NA,NA,T,NA,NA,NA,NA,20150381430
124,2015038,1605,2015,38,16,5,NA,NA,T,NA,NA,NA,NA,20150381605
125,2015038,1905,2015,38,19,5,NA,NA,A,NA,NA,NA,NA,20150381905
126,2015039,1510,2015,39,15,10,NA,NA,T,NA,NA,NA,NA,20150391510
127,2015039,1810,2015,39,18,10,NA,NA,A,NA,NA,NA,NA,20150391810
128,2015040,1555,2015,40,15,55,NA,NA,T,NA,NA,NA,NA,20150401555
129,2015040,1850,2015,40,18,50,NA,NA,A,NA,NA,NA,NA,20150401850
130,2015040,1855,2015,40,18,55,NA,NA,A,NA,NA,NA,NA,20150401855
131,2015041,1500,2015,41,15,0,NA,NA,T,NA,NA,NA,NA,20150411500
132,2015041,1635,2015,41,16,35,NA,NA,T,NA,NA,NA,NA,20150411635
133,2015041,1755,2015,41,17,55,NA,NA,A,NA,NA,NA,NA,20150411755
134,2015041,1935,2015,41,19,35,NA,NA,A,NA,NA,NA,NA,20150411935
135,2015042,1540,2015,42,15,40,NA,NA,T,NA,NA,NA,NA,20150421540
136,2015042,1840,2015,42,18,40,NA,NA,A,NA,NA,NA,NA,20150421840
137,2015043,1445,2015,43,14,45,NA,NA,T,NA,NA,NA,NA,20150431445
138,2015043,1625,2015,43,16,25,NA,NA,T,NA,NA,NA,NA,20150431625
139,2015043,1745,2015,43,17,45,NA,NA,A,NA,NA,NA,NA,20150431745
140,2015043,1920,2015,43,19,20,NA,NA,A,NA,NA,NA,NA,20150431920
141,2015043,1925,2015,43,19,25,NA,NA,A,NA,NA,NA,NA,20150431925
142,2015044,1530,2015,44,15,30,NA,NA,T,NA,NA,NA,NA,20150441530
143,2015044,1825,2015,44,18,25,NA,NA,A,NA,NA,NA,NA,20150441825
144,2015044,1830,2015,44,18,30,NA,NA,A,NA,NA,NA,NA,20150441830
145,2015045,1435,2015,45,14,35,NA,NA,T,NA,NA,NA,NA,20150451435
146,2015045,1610,2015,45,16,10,NA,NA,T,NA,NA,NA,NA,20150451610
147,2015045,1730,2015,45,17,30,NA,NA,A,NA,NA,NA,NA,20150451730
148,2015045,1910,2015,45,19,10,NA,NA,A,NA,NA,NA,NA,20150451910
149,2015046,1515,2015,46,15,15,NA,NA,T,NA,NA,NA,NA,20150461515
150,2015046,1815,2015,46,18,15,NA,NA,A,NA,NA,NA,NA,20150461815
151,2015047,1600,2015,47,16,0,6.262499999,-75.58018662,T,0.346,0.242,0.0163,0,20150471600
152,2015047,1855,2015,47,18,55,NA,NA,A,NA,NA,NA,NA,20150471855
153,2015047,1900,2015,47,19,0,NA,NA,A,NA,NA,NA,NA,20150471900
154,2015048,1505,2015,48,15,5,NA,NA,T,NA,NA,NA,NA,20150481505
155,2015048,1640,2015,48,16,40,NA,NA,T,NA,NA,NA,NA,20150481640
156,2015048,1800,2015,48,18,0,NA,NA,A,NA,NA,NA,NA,20150481800
157,2015048,1805,2015,48,18,5,NA,NA,A,NA,NA,NA,NA,20150481805
158,2015049,1550,2015,49,15,50,NA,NA,T,NA,NA,NA,NA,20150491550
159,2015049,1845,2015,49,18,45,NA,NA,A,NA,NA,NA,NA,20150491845
160,2015050,1750,2015,50,17,50,NA,NA,A,NA,NA,NA,NA,20150501750
161,2015050,1930,2015,50,19,30,NA,NA,A,NA,NA,NA,NA,20150501930
162,2015051,1535,2015,51,15,35,6.262499999,-75.58018662,T,0.201,0.13875,0.0325,0,20150511535
163,2015051,1830,2015,51,18,30,NA,NA,A,NA,NA,NA,NA,20150511830
164,2015051,1835,2015,51,18,35,NA,NA,A,NA,NA,NA,NA,20150511835
165,2015052,1440,2015,52,14,40,NA,NA,T,NA,NA,NA,NA,20150521440
166,2015052,1620,2015,52,16,20,NA,NA,T,NA,NA,NA,NA,20150521620
167,2015052,1735,2015,52,17,35,NA,NA,A,NA,NA,NA,NA,20150521735
168,2015052,1915,2015,52,19,15,NA,NA,A,NA,NA,NA,NA,20150521915
169,2015052,1920,2015,52,19,20,NA,NA,A,NA,NA,NA,NA,20150521920
170,2015053,1525,2015,53,15,25,NA,NA,T,NA,NA,NA,NA,20150531525
171,2015053,1820,2015,53,18,20,NA,NA,A,NA,NA,NA,NA,20150531820
172,2015053,1825,2015,53,18,25,NA,NA,A,NA,NA,NA,NA,20150531825
173,2015054,1430,2015,54,14,30,NA,NA,T,NA,NA,NA,NA,20150541430
174,2015054,1605,2015,54,16,5,NA,NA,T,NA,NA,NA,NA,20150541605
175,2015054,1905,2015,54,19,5,NA,NA,A,NA,NA,NA,NA,20150541905
176,2015055,1510,2015,55,15,10,NA,NA,T,NA,NA,NA,NA,20150551510
177,2015055,1805,2015,55,18,5,NA,NA,A,NA,NA,NA,NA,20150551805
178,2015055,1810,2015,55,18,10,NA,NA,A,NA,NA,NA,NA,20150551810
179,2015056,1850,2015,56,18,50,NA,NA,A,NA,NA,NA,NA,20150561850
180,2015056,1855,2015,56,18,55,NA,NA,A,NA,NA,NA,NA,20150561855
181,2015057,1500,2015,57,15,0,NA,NA,T,NA,NA,NA,NA,20150571500
182,2015057,1635,2015,57,16,35,NA,NA,T,NA,NA,NA,NA,20150571635
183,2015057,1755,2015,57,17,55,NA,NA,A,NA,NA,NA,NA,20150571755
184,2015057,1935,2015,57,19,35,NA,NA,A,NA,NA,NA,NA,20150571935
185,2015058,1540,2015,58,15,40,NA,NA,T,NA,NA,NA,NA,20150581540
186,2015058,1840,2015,58,18,40,NA,NA,A,NA,NA,NA,NA,20150581840
187,2015059,1445,2015,59,14,45,NA,NA,T,NA,NA,NA,NA,20150591445
188,2015059,1625,2015,59,16,25,NA,NA,T,NA,NA,NA,NA,20150591625
189,2015059,1745,2015,59,17,45,NA,NA,A,NA,NA,NA,NA,20150591745
190,2015059,1920,2015,59,19,20,NA,NA,A,NA,NA,NA,NA,20150591920
191,2015059,1925,2015,59,19,25,NA,NA,A,NA,NA,NA,NA,20150591925
192,2015060,1530,2015,60,15,30,NA,NA,T,NA,NA,NA,NA,20150601530
193,2015060,1825,2015,60,18,25,NA,NA,A,NA,NA,NA,NA,20150601825
194,2015060,1830,2015,60,18,30,NA,NA,A,NA,NA,NA,NA,20150601830
195,2015061,1435,2015,61,14,35,NA,NA,T,NA,NA,NA,NA,20150611435
196,2015061,1610,2015,61,16,10,NA,NA,T,NA,NA,NA,NA,20150611610
197,2015061,1730,2015,61,17,30,NA,NA,A,NA,NA,NA,NA,20150611730
198,2015061,1910,2015,61,19,10,NA,NA,A,NA,NA,NA,NA,20150611910
199,2015062,1515,2015,62,15,15,NA,NA,T,NA,NA,NA,NA,20150621515
200,2015062,1815,2015,62,18,15,NA,NA,A,NA,NA,NA,NA,20150621815
201,2015063,1600,2015,63,16,0,NA,NA,T,NA,NA,NA,NA,20150631600
202,2015063,1855,2015,63,18,55,NA,NA,A,NA,NA,NA,NA,20150631855
203,2015063,1900,2015,63,19,0,NA,NA,A,NA,NA,NA,NA,20150631900
204,2015064,1505,2015,64,15,5,NA,NA,T,NA,NA,NA,NA,20150641505
205,2015064,1640,2015,64,16,40,NA,NA,T,NA,NA,NA,NA,20150641640
206,2015064,1800,2015,64,18,0,NA,NA,A,NA,NA,NA,NA,20150641800
207,2015064,1805,2015,64,18,5,NA,NA,A,NA,NA,NA,NA,20150641805
208,2015065,1550,2015,65,15,50,NA,NA,T,NA,NA,NA,NA,20150651550
209,2015065,1845,2015,65,18,45,NA,NA,A,NA,NA,NA,NA,20150651845
210,2015066,1450,2015,66,14,50,NA,NA,T,NA,NA,NA,NA,20150661450
211,2015066,1630,2015,66,16,30,NA,NA,T,NA,NA,NA,NA,20150661630
212,2015066,1750,2015,66,17,50,NA,NA,A,NA,NA,NA,NA,20150661750
213,2015066,1930,2015,66,19,30,NA,NA,A,NA,NA,NA,NA,20150661930
214,2015067,1535,2015,67,15,35,NA,NA,T,NA,NA,NA,NA,20150671535
215,2015067,1830,2015,67,18,30,NA,NA,A,NA,NA,NA,NA,20150671830
216,2015067,1835,2015,67,18,35,6.262499999,-75.58018662,A,0.18425,0.12725,0.034,0,20150671835
217,2015068,1440,2015,68,14,40,NA,NA,T,NA,NA,NA,NA,20150681440
218,2015068,1620,2015,68,16,20,NA,NA,T,NA,NA,NA,NA,20150681620
219,2015068,1735,2015,68,17,35,NA,NA,A,NA,NA,NA,NA,20150681735
220,2015068,1915,2015,68,19,15,NA,NA,A,NA,NA,NA,NA,20150681915
221,2015068,1920,2015,68,19,20,NA,NA,A,NA,NA,NA,NA,20150681920
222,2015069,1525,2015,69,15,25,NA,NA,T,NA,NA,NA,NA,20150691525
223,2015069,1820,2015,69,18,20,NA,NA,A,NA,NA,NA,NA,20150691820
224,2015069,1825,2015,69,18,25,NA,NA,A,NA,NA,NA,NA,20150691825
225,2015070,1430,2015,70,14,30,NA,NA,T,NA,NA,NA,NA,20150701430
226,2015070,1605,2015,70,16,5,NA,NA,T,NA,NA,NA,NA,20150701605
227,2015070,1905,2015,70,19,5,NA,NA,A,NA,NA,NA,NA,20150701905
228,2015071,1510,2015,71,15,10,NA,NA,T,NA,NA,NA,NA,20150711510
229,2015071,1810,2015,71,18,10,NA,NA,A,NA,NA,NA,NA,20150711810
230,2015072,1555,2015,72,15,55,NA,NA,T,NA,NA,NA,NA,20150721555
231,2015072,1850,2015,72,18,50,NA,NA,A,NA,NA,NA,NA,20150721850
232,2015072,1855,2015,72,18,55,NA,NA,A,NA,NA,NA,NA,20150721855
233,2015073,1500,2015,73,15,0,NA,NA,T,NA,NA,NA,NA,20150731500
234,2015073,1635,2015,73,16,35,NA,NA,T,NA,NA,NA,NA,20150731635
235,2015073,1755,2015,73,17,55,NA,NA,A,NA,NA,NA,NA,20150731755
236,2015073,1935,2015,73,19,35,NA,NA,A,NA,NA,NA,NA,20150731935
237,2015074,1540,2015,74,15,40,NA,NA,T,NA,NA,NA,NA,20150741540
238,2015074,1840,2015,74,18,40,NA,NA,A,NA,NA,NA,NA,20150741840
239,2015075,1445,2015,75,14,45,NA,NA,T,NA,NA,NA,NA,20150751445
240,2015075,1625,2015,75,16,25,NA,NA,T,NA,NA,NA,NA,20150751625
241,2015075,1745,2015,75,17,45,NA,NA,A,NA,NA,NA,NA,20150751745
242,2015075,1920,2015,75,19,20,NA,NA,A,NA,NA,NA,NA,20150751920
243,2015075,1925,2015,75,19,25,NA,NA,A,NA,NA,NA,NA,20150751925
244,2015076,1530,2015,76,15,30,NA,NA,T,NA,NA,NA,NA,20150761530
245,2015076,1825,2015,76,18,25,NA,NA,A,NA,NA,NA,NA,20150761825
246,2015076,1830,2015,76,18,30,NA,NA,A,NA,NA,NA,NA,20150761830
247,2015077,1435,2015,77,14,35,NA,NA,T,NA,NA,NA,NA,20150771435
248,2015077,1610,2015,77,16,10,NA,NA,T,NA,NA,NA,NA,20150771610
249,2015077,1910,2015,77,19,10,NA,NA,A,NA,NA,NA,NA,20150771910
250,2015078,1515,2015,78,15,15,NA,NA,T,NA,NA,NA,NA,20150781515
251,2015078,1815,2015,78,18,15,NA,NA,A,NA,NA,NA,NA,20150781815
252,2015079,1600,2015,79,16,0,NA,NA,T,NA,NA,NA,NA,20150791600
253,2015079,1855,2015,79,18,55,NA,NA,A,NA,NA,NA,NA,20150791855
254,2015079,1900,2015,79,19,0,NA,NA,A,NA,NA,NA,NA,20150791900
255,2015080,1505,2015,80,15,5,NA,NA,T,NA,NA,NA,NA,20150801505
256,2015080,1640,2015,80,16,40,NA,NA,T,NA,NA,NA,NA,20150801640
257,2015080,1800,2015,80,18,0,NA,NA,A,NA,NA,NA,NA,20150801800
258,2015080,1805,2015,80,18,5,NA,NA,A,NA,NA,NA,NA,20150801805
259,2015081,1550,2015,81,15,50,NA,NA,T,NA,NA,NA,NA,20150811550
260,2015081,1845,2015,81,18,45,NA,NA,A,NA,NA,NA,NA,20150811845
261,2015082,1455,2015,82,14,55,NA,NA,T,NA,NA,NA,NA,20150821455
262,2015082,1630,2015,82,16,30,NA,NA,T,NA,NA,NA,NA,20150821630
263,2015082,1750,2015,82,17,50,NA,NA,A,NA,NA,NA,NA,20150821750
264,2015082,1930,2015,82,19,30,NA,NA,A,NA,NA,NA,NA,20150821930
265,2015083,1535,2015,83,15,35,NA,NA,T,NA,NA,NA,NA,20150831535
266,2015083,1830,2015,83,18,30,NA,NA,A,NA,NA,NA,NA,20150831830
267,2015083,1835,2015,83,18,35,NA,NA,A,NA,NA,NA,NA,20150831835
268,2015084,1440,2015,84,14,40,NA,NA,T,NA,NA,NA,NA,20150841440
269,2015084,1620,2015,84,16,20,NA,NA,T,NA,NA,NA,NA,20150841620
270,2015084,1735,2015,84,17,35,NA,NA,A,NA,NA,NA,NA,20150841735
271,2015084,1915,2015,84,19,15,NA,NA,A,NA,NA,NA,NA,20150841915
272,2015084,1920,2015,84,19,20,NA,NA,A,NA,NA,NA,NA,20150841920
273,2015085,1525,2015,85,15,25,NA,NA,T,NA,NA,NA,NA,20150851525
274,2015085,1820,2015,85,18,20,NA,NA,A,NA,NA,NA,NA,20150851820
275,2015085,1825,2015,85,18,25,NA,NA,A,NA,NA,NA,NA,20150851825
276,2015086,1430,2015,86,14,30,NA,NA,T,NA,NA,NA,NA,20150861430
277,2015086,1605,2015,86,16,5,NA,NA,T,NA,NA,NA,NA,20150861605
278,2015086,1905,2015,86,19,5,NA,NA,A,NA,NA,NA,NA,20150861905
279,2015087,1510,2015,87,15,10,NA,NA,T,NA,NA,NA,NA,20150871510
280,2015087,1810,2015,87,18,10,NA,NA,A,NA,NA,NA,NA,20150871810
281,2015088,1555,2015,88,15,55,NA,NA,T,NA,NA,NA,NA,20150881555
282,2015088,1850,2015,88,18,50,NA,NA,A,NA,NA,NA,NA,20150881850
283,2015088,1855,2015,88,18,55,NA,NA,A,NA,NA,NA,NA,20150881855
284,2015089,1500,2015,89,15,0,NA,NA,T,NA,NA,NA,NA,20150891500
285,2015089,1635,2015,89,16,35,NA,NA,T,NA,NA,NA,NA,20150891635
286,2015089,1755,2015,89,17,55,NA,NA,A,NA,NA,NA,NA,20150891755
287,2015089,1935,2015,89,19,35,NA,NA,A,NA,NA,NA,NA,20150891935
288,2015090,1540,2015,90,15,40,NA,NA,T,NA,NA,NA,NA,20150901540
289,2015090,1840,2015,90,18,40,NA,NA,A,NA,NA,NA,NA,20150901840
290,2015091,1445,2015,91,14,45,NA,NA,T,NA,NA,NA,NA,20150911445
291,2015091,1625,2015,91,16,25,NA,NA,T,NA,NA,NA,NA,20150911625
292,2015091,1745,2015,91,17,45,NA,NA,A,NA,NA,NA,NA,20150911745
293,2015091,1920,2015,91,19,20,NA,NA,A,NA,NA,NA,NA,20150911920
294,2015091,1925,2015,91,19,25,NA,NA,A,NA,NA,NA,NA,20150911925
295,2015092,1530,2015,92,15,30,NA,NA,T,NA,NA,NA,NA,20150921530
296,2015092,1825,2015,92,18,25,NA,NA,A,NA,NA,NA,NA,20150921825
297,2015092,1830,2015,92,18,30,NA,NA,A,NA,NA,NA,NA,20150921830
298,2015093,1435,2015,93,14,35,NA,NA,T,NA,NA,NA,NA,20150931435
299,2015093,1610,2015,93,16,10,NA,NA,T,NA,NA,NA,NA,20150931610
300,2015093,1730,2015,93,17,30,NA,NA,A,NA,NA,NA,NA,20150931730
301,2015093,1910,2015,93,19,10,NA,NA,A,NA,NA,NA,NA,20150931910
302,2015094,1515,2015,94,15,15,NA,NA,T,NA,NA,NA,NA,20150941515
303,2015094,1815,2015,94,18,15,NA,NA,A,NA,NA,NA,NA,20150941815
304,2015095,1600,2015,95,16,0,NA,NA,T,NA,NA,NA,NA,20150951600
305,2015095,1855,2015,95,18,55,NA,NA,A,NA,NA,NA,NA,20150951855
306,2015095,1900,2015,95,19,0,NA,NA,A,NA,NA,NA,NA,20150951900
307,2015096,1505,2015,96,15,5,NA,NA,T,NA,NA,NA,NA,20150961505
308,2015096,1640,2015,96,16,40,NA,NA,T,NA,NA,NA,NA,20150961640
309,2015096,1800,2015,96,18,0,NA,NA,A,NA,NA,NA,NA,20150961800
310,2015096,1805,2015,96,18,5,NA,NA,A,NA,NA,NA,NA,20150961805
311,2015097,1550,2015,97,15,50,NA,NA,T,NA,NA,NA,NA,20150971550
312,2015097,1845,2015,97,18,45,NA,NA,A,NA,NA,NA,NA,20150971845
313,2015097,1850,2015,97,18,50,NA,NA,A,NA,NA,NA,NA,20150971850
314,2015098,1455,2015,98,14,55,NA,NA,T,NA,NA,NA,NA,20150981455
315,2015098,1630,2015,98,16,30,NA,NA,T,NA,NA,NA,NA,20150981630
316,2015098,1750,2015,98,17,50,NA,NA,A,NA,NA,NA,NA,20150981750
317,2015098,1930,2015,98,19,30,NA,NA,A,NA,NA,NA,NA,20150981930
318,2015099,1535,2015,99,15,35,NA,NA,T,NA,NA,NA,NA,20150991535
319,2015099,1835,2015,99,18,35,NA,NA,A,NA,NA,NA,NA,20150991835
320,2015100,1440,2015,100,14,40,NA,NA,T,NA,NA,NA,NA,20151001440
321,2015100,1620,2015,100,16,20,NA,NA,T,NA,NA,NA,NA,20151001620
322,2015100,1735,2015,100,17,35,NA,NA,A,NA,NA,NA,NA,20151001735
323,2015100,1915,2015,100,19,15,NA,NA,A,NA,NA,NA,NA,20151001915
324,2015100,1920,2015,100,19,20,NA,NA,A,NA,NA,NA,NA,20151001920
325,2015101,1525,2015,101,15,25,NA,NA,T,NA,NA,NA,NA,20151011525
326,2015101,1820,2015,101,18,20,NA,NA,A,NA,NA,NA,NA,20151011820
327,2015101,1825,2015,101,18,25,NA,NA,A,NA,NA,NA,NA,20151011825
328,2015102,1430,2015,102,14,30,NA,NA,T,NA,NA,NA,NA,20151021430
329,2015102,1605,2015,102,16,5,6.254166666,-75.57898112,T,0.144,0.099,0.0168,0,20151021605
330,2015102,1905,2015,102,19,5,NA,NA,A,NA,NA,NA,NA,20151021905
331,2015103,1510,2015,103,15,10,NA,NA,T,NA,NA,NA,NA,20151031510
332,2015103,1810,2015,103,18,10,NA,NA,A,NA,NA,NA,NA,20151031810
333,2015104,1555,2015,104,15,55,NA,NA,T,NA,NA,NA,NA,20151041555
334,2015104,1850,2015,104,18,50,NA,NA,A,NA,NA,NA,NA,20151041850
335,2015104,1855,2015,104,18,55,NA,NA,A,NA,NA,NA,NA,20151041855
336,2015105,1500,2015,105,15,0,NA,NA,T,NA,NA,NA,NA,20151051500
337,2015105,1635,2015,105,16,35,NA,NA,T,NA,NA,NA,NA,20151051635
338,2015105,1755,2015,105,17,55,NA,NA,A,NA,NA,NA,NA,20151051755
339,2015105,1935,2015,105,19,35,NA,NA,A,NA,NA,NA,NA,20151051935
340,2015106,1540,2015,106,15,40,NA,NA,T,NA,NA,NA,NA,20151061540
341,2015106,1840,2015,106,18,40,NA,NA,A,NA,NA,NA,NA,20151061840
342,2015107,1445,2015,107,14,45,NA,NA,T,NA,NA,NA,NA,20151071445
343,2015107,1625,2015,107,16,25,NA,NA,T,NA,NA,NA,NA,20151071625
344,2015107,1745,2015,107,17,45,NA,NA,A,NA,NA,NA,NA,20151071745
345,2015107,1920,2015,107,19,20,NA,NA,A,NA,NA,NA,NA,20151071920
346,2015107,1925,2015,107,19,25,NA,NA,A,NA,NA,NA,NA,20151071925
347,2015108,1530,2015,108,15,30,NA,NA,T,NA,NA,NA,NA,20151081530
348,2015108,1825,2015,108,18,25,NA,NA,A,NA,NA,NA,NA,20151081825
349,2015108,1830,2015,108,18,30,NA,NA,A,NA,NA,NA,NA,20151081830
350,2015109,1435,2015,109,14,35,NA,NA,T,NA,NA,NA,NA,20151091435
351,2015109,1610,2015,109,16,10,NA,NA,T,NA,NA,NA,NA,20151091610
352,2015109,1730,2015,109,17,30,NA,NA,A,NA,NA,NA,NA,20151091730
353,2015109,1910,2015,109,19,10,NA,NA,A,NA,NA,NA,NA,20151091910
354,2015110,1515,2015,110,15,15,NA,NA,T,NA,NA,NA,NA,20151101515
355,2015110,1815,2015,110,18,15,NA,NA,A,NA,NA,NA,NA,20151101815
356,2015111,1600,2015,111,16,0,NA,NA,T,NA,NA,NA,NA,20151111600
357,2015111,1855,2015,111,18,55,NA,NA,A,NA,NA,NA,NA,20151111855
358,2015111,1900,2015,111,19,0,NA,NA,A,NA,NA,NA,NA,20151111900
359,2015112,1640,2015,112,16,40,NA,NA,T,NA,NA,NA,NA,20151121640
360,2015112,1800,2015,112,18,0,NA,NA,A,NA,NA,NA,NA,20151121800
361,2015112,1805,2015,112,18,5,NA,NA,A,NA,NA,NA,NA,20151121805
362,2015113,1550,2015,113,15,50,NA,NA,T,NA,NA,NA,NA,20151131550
363,2015113,1845,2015,113,18,45,NA,NA,A,NA,NA,NA,NA,20151131845
364,2015113,1850,2015,113,18,50,NA,NA,A,NA,NA,NA,NA,20151131850
365,2015114,1450,2015,114,14,50,NA,NA,T,NA,NA,NA,NA,20151141450
366,2015114,1630,2015,114,16,30,NA,NA,T,NA,NA,NA,NA,20151141630
367,2015114,1750,2015,114,17,50,NA,NA,A,NA,NA,NA,NA,20151141750
368,2015114,1930,2015,114,19,30,NA,NA,A,NA,NA,NA,NA,20151141930
369,2015115,1535,2015,115,15,35,NA,NA,T,NA,NA,NA,NA,20151151535
370,2015115,1835,2015,115,18,35,NA,NA,A,NA,NA,NA,NA,20151151835
371,2015116,1440,2015,116,14,40,NA,NA,T,NA,NA,NA,NA,20151161440
372,2015116,1620,2015,116,16,20,NA,NA,T,NA,NA,NA,NA,20151161620
373,2015116,1735,2015,116,17,35,NA,NA,A,NA,NA,NA,NA,20151161735
374,2015116,1915,2015,116,19,15,NA,NA,A,NA,NA,NA,NA,20151161915
375,2015116,1920,2015,116,19,20,NA,NA,A,NA,NA,NA,NA,20151161920
376,2015117,1525,2015,117,15,25,NA,NA,T,NA,NA,NA,NA,20151171525
377,2015117,1820,2015,117,18,20,NA,NA,A,NA,NA,NA,NA,20151171820
378,2015117,1825,2015,117,18,25,NA,NA,A,NA,NA,NA,NA,20151171825
379,2015118,1430,2015,118,14,30,NA,NA,T,NA,NA,NA,NA,20151181430
380,2015118,1605,2015,118,16,5,NA,NA,T,NA,NA,NA,NA,20151181605
381,2015118,1905,2015,118,19,5,NA,NA,A,NA,NA,NA,NA,20151181905
382,2015119,1510,2015,119,15,10,NA,NA,T,NA,NA,NA,NA,20151191510
383,2015119,1810,2015,119,18,10,NA,NA,A,NA,NA,NA,NA,20151191810
384,2015120,1555,2015,120,15,55,NA,NA,T,NA,NA,NA,NA,20151201555
385,2015120,1850,2015,120,18,50,NA,NA,A,NA,NA,NA,NA,20151201850
386,2015120,1855,2015,120,18,55,NA,NA,A,NA,NA,NA,NA,20151201855
387,2015121,1500,2015,121,15,0,NA,NA,T,NA,NA,NA,NA,20151211500
388,2015121,1635,2015,121,16,35,NA,NA,T,NA,NA,NA,NA,20151211635
389,2015121,1755,2015,121,17,55,NA,NA,A,NA,NA,NA,NA,20151211755
390,2015121,1935,2015,121,19,35,NA,NA,A,NA,NA,NA,NA,20151211935
391,2015122,1540,2015,122,15,40,NA,NA,T,NA,NA,NA,NA,20151221540
392,2015122,1840,2015,122,18,40,NA,NA,A,NA,NA,NA,NA,20151221840
393,2015123,1445,2015,123,14,45,NA,NA,T,NA,NA,NA,NA,20151231445
394,2015123,1625,2015,123,16,25,NA,NA,T,NA,NA,NA,NA,20151231625
395,2015123,1745,2015,123,17,45,NA,NA,A,NA,NA,NA,NA,20151231745
396,2015123,1920,2015,123,19,20,NA,NA,A,NA,NA,NA,NA,20151231920
397,2015123,1925,2015,123,19,25,NA,NA,A,NA,NA,NA,NA,20151231925
398,2015124,1530,2015,124,15,30,NA,NA,T,NA,NA,NA,NA,20151241530
399,2015124,1825,2015,124,18,25,NA,NA,A,NA,NA,NA,NA,20151241825
400,2015124,1830,2015,124,18,30,NA,NA,A,NA,NA,NA,NA,20151241830
401,2015125,1435,2015,125,14,35,NA,NA,T,NA,NA,NA,NA,20151251435
402,2015125,1610,2015,125,16,10,NA,NA,T,NA,NA,NA,NA,20151251610
403,2015125,1730,2015,125,17,30,NA,NA,A,NA,NA,NA,NA,20151251730
404,2015125,1910,2015,125,19,10,NA,NA,A,NA,NA,NA,NA,20151251910
405,2015126,1515,2015,126,15,15,NA,NA,T,NA,NA,NA,NA,20151261515
406,2015126,1815,2015,126,18,15,NA,NA,A,NA,NA,NA,NA,20151261815
407,2015127,1600,2015,127,16,0,6.262499999,-75.58018662,T,0.1375,0.0945,0.0203,0,20151271600
408,2015127,1855,2015,127,18,55,NA,NA,A,NA,NA,NA,NA,20151271855
409,2015127,1900,2015,127,19,0,NA,NA,A,NA,NA,NA,NA,20151271900
410,2015128,1505,2015,128,15,5,NA,NA,T,NA,NA,NA,NA,20151281505
411,2015128,1640,2015,128,16,40,NA,NA,T,NA,NA,NA,NA,20151281640
412,2015128,1800,2015,128,18,0,NA,NA,A,NA,NA,NA,NA,20151281800
413,2015128,1805,2015,128,18,5,NA,NA,A,NA,NA,NA,NA,20151281805
414,2015129,1550,2015,129,15,50,NA,NA,T,NA,NA,NA,NA,20151291550
415,2015129,1845,2015,129,18,45,NA,NA,A,NA,NA,NA,NA,20151291845
416,2015129,1850,2015,129,18,50,NA,NA,A,NA,NA,NA,NA,20151291850
417,2015130,1455,2015,130,14,55,NA,NA,T,NA,NA,NA,NA,20151301455
418,2015130,1630,2015,130,16,30,NA,NA,T,NA,NA,NA,NA,20151301630
419,2015130,1750,2015,130,17,50,NA,NA,A,NA,NA,NA,NA,20151301750
420,2015130,1930,2015,130,19,30,NA,NA,A,NA,NA,NA,NA,20151301930
421,2015131,1535,2015,131,15,35,NA,NA,T,NA,NA,NA,NA,20151311535
422,2015131,1835,2015,131,18,35,NA,NA,A,NA,NA,NA,NA,20151311835
423,2015132,1440,2015,132,14,40,NA,NA,T,NA,NA,NA,NA,20151321440
424,2015132,1620,2015,132,16,20,NA,NA,T,NA,NA,NA,NA,20151321620
425,2015132,1735,2015,132,17,35,NA,NA,A,NA,NA,NA,NA,20151321735
426,2015132,1915,2015,132,19,15,NA,NA,A,NA,NA,NA,NA,20151321915
427,2015132,1920,2015,132,19,20,NA,NA,A,NA,NA,NA,NA,20151321920
428,2015133,1525,2015,133,15,25,NA,NA,T,NA,NA,NA,NA,20151331525
429,2015133,1820,2015,133,18,20,NA,NA,A,NA,NA,NA,NA,20151331820
430,2015133,1825,2015,133,18,25,NA,NA,A,NA,NA,NA,NA,20151331825
431,2015134,1430,2015,134,14,30,NA,NA,T,NA,NA,NA,NA,20151341430
432,2015134,1605,2015,134,16,5,NA,NA,T,NA,NA,NA,NA,20151341605
433,2015134,1905,2015,134,19,5,NA,NA,A,NA,NA,NA,NA,20151341905
434,2015135,1510,2015,135,15,10,NA,NA,T,NA,NA,NA,NA,20151351510
435,2015135,1810,2015,135,18,10,NA,NA,A,NA,NA,NA,NA,20151351810
436,2015136,1555,2015,136,15,55,NA,NA,T,NA,NA,NA,NA,20151361555
437,2015136,1850,2015,136,18,50,NA,NA,A,NA,NA,NA,NA,20151361850
438,2015136,1855,2015,136,18,55,NA,NA,A,NA,NA,NA,NA,20151361855
439,2015137,1500,2015,137,15,0,NA,NA,T,NA,NA,NA,NA,20151371500
440,2015137,1635,2015,137,16,35,NA,NA,T,NA,NA,NA,NA,20151371635
441,2015137,1755,2015,137,17,55,NA,NA,A,NA,NA,NA,NA,20151371755
442,2015137,1935,2015,137,19,35,NA,NA,A,NA,NA,NA,NA,20151371935
443,2015138,1540,2015,138,15,40,NA,NA,T,NA,NA,NA,NA,20151381540
444,2015138,1840,2015,138,18,40,NA,NA,A,NA,NA,NA,NA,20151381840
445,2015139,1445,2015,139,14,45,NA,NA,T,NA,NA,NA,NA,20151391445
446,2015139,1625,2015,139,16,25,NA,NA,T,NA,NA,NA,NA,20151391625
447,2015139,1745,2015,139,17,45,NA,NA,A,NA,NA,NA,NA,20151391745
448,2015139,1920,2015,139,19,20,NA,NA,A,NA,NA,NA,NA,20151391920
449,2015139,1925,2015,139,19,25,NA,NA,A,NA,NA,NA,NA,20151391925
450,2015140,1530,2015,140,15,30,NA,NA,T,NA,NA,NA,NA,20151401530
451,2015140,1825,2015,140,18,25,NA,NA,A,NA,NA,NA,NA,20151401825
452,2015140,1830,2015,140,18,30,NA,NA,A,NA,NA,NA,NA,20151401830
453,2015141,1435,2015,141,14,35,NA,NA,T,NA,NA,NA,NA,20151411435
454,2015141,1615,2015,141,16,15,NA,NA,T,NA,NA,NA,NA,20151411615
455,2015141,1730,2015,141,17,30,NA,NA,A,NA,NA,NA,NA,20151411730
456,2015141,1910,2015,141,19,10,NA,NA,A,NA,NA,NA,NA,20151411910
457,2015142,1520,2015,142,15,20,NA,NA,T,NA,NA,NA,NA,20151421520
458,2015142,1815,2015,142,18,15,NA,NA,A,NA,NA,NA,NA,20151421815
459,2015143,1600,2015,143,16,0,6.262499999,-75.58018662,T,0.13925,0.09575,0.0198,0,20151431600
460,2015143,1855,2015,143,18,55,NA,NA,A,NA,NA,NA,NA,20151431855
461,2015143,1900,2015,143,19,0,NA,NA,A,NA,NA,NA,NA,20151431900
462,2015144,1505,2015,144,15,5,NA,NA,T,NA,NA,NA,NA,20151441505
463,2015144,1640,2015,144,16,40,NA,NA,T,NA,NA,NA,NA,20151441640
464,2015144,1800,2015,144,18,0,NA,NA,A,NA,NA,NA,NA,20151441800
465,2015144,1805,2015,144,18,5,NA,NA,A,NA,NA,NA,NA,20151441805
466,2015145,1550,2015,145,15,50,NA,NA,T,NA,NA,NA,NA,20151451550
467,2015145,1845,2015,145,18,45,NA,NA,A,NA,NA,NA,NA,20151451845
468,2015146,1455,2015,146,14,55,NA,NA,T,NA,NA,NA,NA,20151461455
469,2015146,1630,2015,146,16,30,NA,NA,T,NA,NA,NA,NA,20151461630
470,2015146,1750,2015,146,17,50,NA,NA,A,NA,NA,NA,NA,20151461750
471,2015146,1930,2015,146,19,30,NA,NA,A,NA,NA,NA,NA,20151461930
472,2015147,1535,2015,147,15,35,NA,NA,T,NA,NA,NA,NA,20151471535
473,2015147,1830,2015,147,18,30,NA,NA,A,NA,NA,NA,NA,20151471830
474,2015147,1835,2015,147,18,35,NA,NA,A,NA,NA,NA,NA,20151471835
475,2015148,1440,2015,148,14,40,NA,NA,T,NA,NA,NA,NA,20151481440
476,2015148,1620,2015,148,16,20,NA,NA,T,NA,NA,NA,NA,20151481620
477,2015148,1735,2015,148,17,35,NA,NA,A,NA,NA,NA,NA,20151481735
478,2015148,1915,2015,148,19,15,NA,NA,A,NA,NA,NA,NA,20151481915
479,2015148,1920,2015,148,19,20,NA,NA,A,NA,NA,NA,NA,20151481920
480,2015149,1525,2015,149,15,25,NA,NA,T,NA,NA,NA,NA,20151491525
481,2015149,1820,2015,149,18,20,NA,NA,A,NA,NA,NA,NA,20151491820
482,2015149,1825,2015,149,18,25,NA,NA,A,NA,NA,NA,NA,20151491825
483,2015150,1430,2015,150,14,30,NA,NA,T,NA,NA,NA,NA,20151501430
484,2015150,1605,2015,150,16,5,NA,NA,T,NA,NA,NA,NA,20151501605
485,2015150,1905,2015,150,19,5,NA,NA,A,NA,NA,NA,NA,20151501905
486,2015151,1510,2015,151,15,10,6.262499999,-75.58018662,T,0.161,0.11075,0.0188,0,20151511510
487,2015151,1810,2015,151,18,10,NA,NA,A,NA,NA,NA,NA,20151511810
488,2015152,1555,2015,152,15,55,NA,NA,T,NA,NA,NA,NA,20151521555
489,2015152,1850,2015,152,18,50,NA,NA,A,NA,NA,NA,NA,20151521850
490,2015152,1855,2015,152,18,55,NA,NA,A,NA,NA,NA,NA,20151521855
491,2015153,1500,2015,153,15,0,NA,NA,T,NA,NA,NA,NA,20151531500
492,2015153,1635,2015,153,16,35,NA,NA,T,NA,NA,NA,NA,20151531635
493,2015153,1755,2015,153,17,55,NA,NA,A,NA,NA,NA,NA,20151531755
494,2015153,1935,2015,153,19,35,NA,NA,A,NA,NA,NA,NA,20151531935
495,2015154,1540,2015,154,15,40,NA,NA,T,NA,NA,NA,NA,20151541540
496,2015154,1840,2015,154,18,40,NA,NA,A,NA,NA,NA,NA,20151541840
497,2015155,1445,2015,155,14,45,NA,NA,T,NA,NA,NA,NA,20151551445
498,2015155,1625,2015,155,16,25,NA,NA,T,NA,NA,NA,NA,20151551625
499,2015155,1745,2015,155,17,45,NA,NA,A,NA,NA,NA,NA,20151551745
500,2015155,1920,2015,155,19,20,NA,NA,A,NA,NA,NA,NA,20151551920
501,2015155,1925,2015,155,19,25,NA,NA,A,NA,NA,NA,NA,20151551925
502,2015156,1530,2015,156,15,30,NA,NA,T,NA,NA,NA,NA,20151561530
503,2015156,1825,2015,156,18,25,NA,NA,A,NA,NA,NA,NA,20151561825
504,2015156,1830,2015,156,18,30,NA,NA,A,NA,NA,NA,NA,20151561830
505,2015157,1435,2015,157,14,35,NA,NA,T,NA,NA,NA,NA,20151571435
506,2015157,1615,2015,157,16,15,NA,NA,T,NA,NA,NA,NA,20151571615
507,2015157,1730,2015,157,17,30,NA,NA,A,NA,NA,NA,NA,20151571730
508,2015157,1910,2015,157,19,10,NA,NA,A,NA,NA,NA,NA,20151571910
509,2015158,1520,2015,158,15,20,NA,NA,T,NA,NA,NA,NA,20151581520
510,2015158,1815,2015,158,18,15,NA,NA,A,NA,NA,NA,NA,20151581815
511,2015159,1600,2015,159,16,0,NA,NA,T,NA,NA,NA,NA,20151591600
512,2015159,1855,2015,159,18,55,NA,NA,A,NA,NA,NA,NA,20151591855
513,2015159,1900,2015,159,19,0,NA,NA,A,NA,NA,NA,NA,20151591900
514,2015160,1505,2015,160,15,5,NA,NA,T,NA,NA,NA,NA,20151601505
515,2015160,1640,2015,160,16,40,NA,NA,T,NA,NA,NA,NA,20151601640
516,2015160,1800,2015,160,18,0,NA,NA,A,NA,NA,NA,NA,20151601800
517,2015160,1805,2015,160,18,5,NA,NA,A,NA,NA,NA,NA,20151601805
518,2015161,1550,2015,161,15,50,NA,NA,T,NA,NA,NA,NA,20151611550
519,2015161,1845,2015,161,18,45,NA,NA,A,NA,NA,NA,NA,20151611845
520,2015161,1850,2015,161,18,50,NA,NA,A,NA,NA,NA,NA,20151611850
521,2015162,1455,2015,162,14,55,NA,NA,T,NA,NA,NA,NA,20151621455
522,2015162,1630,2015,162,16,30,NA,NA,T,NA,NA,NA,NA,20151621630
523,2015162,1750,2015,162,17,50,NA,NA,A,NA,NA,NA,NA,20151621750
524,2015162,1930,2015,162,19,30,NA,NA,A,NA,NA,NA,NA,20151621930
525,2015163,1535,2015,163,15,35,NA,NA,T,NA,NA,NA,NA,20151631535
526,2015163,1830,2015,163,18,30,NA,NA,A,NA,NA,NA,NA,20151631830
527,2015163,1835,2015,163,18,35,NA,NA,A,NA,NA,NA,NA,20151631835
528,2015164,1440,2015,164,14,40,NA,NA,T,NA,NA,NA,NA,20151641440
529,2015164,1620,2015,164,16,20,NA,NA,T,NA,NA,NA,NA,20151641620
530,2015164,1735,2015,164,17,35,NA,NA,A,NA,NA,NA,NA,20151641735
531,2015164,1915,2015,164,19,15,NA,NA,A,NA,NA,NA,NA,20151641915
532,2015164,1920,2015,164,19,20,NA,NA,A,NA,NA,NA,NA,20151641920
533,2015165,1525,2015,165,15,25,NA,NA,T,NA,NA,NA,NA,20151651525
534,2015165,1820,2015,165,18,20,NA,NA,A,NA,NA,NA,NA,20151651820
535,2015165,1825,2015,165,18,25,NA,NA,A,NA,NA,NA,NA,20151651825
536,2015166,1430,2015,166,14,30,NA,NA,T,NA,NA,NA,NA,20151661430
537,2015166,1605,2015,166,16,5,NA,NA,T,NA,NA,NA,NA,20151661605
538,2015166,1905,2015,166,19,5,NA,NA,A,NA,NA,NA,NA,20151661905
539,2015167,1510,2015,167,15,10,6.262499999,-75.58018662,T,0.1085,0.0745,0.0186,0,20151671510
540,2015167,1810,2015,167,18,10,NA,NA,A,NA,NA,NA,NA,20151671810
541,2015168,1555,2015,168,15,55,NA,NA,T,NA,NA,NA,NA,20151681555
542,2015168,1850,2015,168,18,50,NA,NA,A,NA,NA,NA,NA,20151681850
543,2015168,1855,2015,168,18,55,NA,NA,A,NA,NA,NA,NA,20151681855
544,2015169,1500,2015,169,15,0,NA,NA,T,NA,NA,NA,NA,20151691500
545,2015169,1635,2015,169,16,35,NA,NA,T,NA,NA,NA,NA,20151691635
546,2015169,1755,2015,169,17,55,NA,NA,A,NA,NA,NA,NA,20151691755
547,2015169,1935,2015,169,19,35,NA,NA,A,NA,NA,NA,NA,20151691935
548,2015170,1540,2015,170,15,40,NA,NA,T,NA,NA,NA,NA,20151701540
549,2015170,1840,2015,170,18,40,NA,NA,A,NA,NA,NA,NA,20151701840
550,2015171,1445,2015,171,14,45,NA,NA,T,NA,NA,NA,NA,20151711445
551,2015171,1625,2015,171,16,25,NA,NA,T,NA,NA,NA,NA,20151711625
552,2015171,1745,2015,171,17,45,NA,NA,A,NA,NA,NA,NA,20151711745
553,2015171,1920,2015,171,19,20,NA,NA,A,NA,NA,NA,NA,20151711920
554,2015171,1925,2015,171,19,25,NA,NA,A,NA,NA,NA,NA,20151711925
555,2015172,1530,2015,172,15,30,NA,NA,T,NA,NA,NA,NA,20151721530
556,2015172,1825,2015,172,18,25,NA,NA,A,NA,NA,NA,NA,20151721825
557,2015172,1830,2015,172,18,30,NA,NA,A,NA,NA,NA,NA,20151721830
558,2015173,1435,2015,173,14,35,NA,NA,T,NA,NA,NA,NA,20151731435
559,2015173,1615,2015,173,16,15,NA,NA,T,NA,NA,NA,NA,20151731615
560,2015173,1730,2015,173,17,30,NA,NA,A,NA,NA,NA,NA,20151731730
561,2015173,1910,2015,173,19,10,NA,NA,A,NA,NA,NA,NA,20151731910
562,2015174,1520,2015,174,15,20,NA,NA,T,NA,NA,NA,NA,20151741520
563,2015174,1815,2015,174,18,15,NA,NA,A,NA,NA,NA,NA,20151741815
564,2015175,1600,2015,175,16,0,NA,NA,T,NA,NA,NA,NA,20151751600
565,2015175,1855,2015,175,18,55,NA,NA,A,NA,NA,NA,NA,20151751855
566,2015175,1900,2015,175,19,0,NA,NA,A,NA,NA,NA,NA,20151751900
567,2015176,1505,2015,176,15,5,NA,NA,T,NA,NA,NA,NA,20151761505
568,2015176,1640,2015,176,16,40,NA,NA,T,NA,NA,NA,NA,20151761640
569,2015176,1800,2015,176,18,0,NA,NA,A,NA,NA,NA,NA,20151761800
570,2015176,1805,2015,176,18,5,NA,NA,A,NA,NA,NA,NA,20151761805
571,2015177,1550,2015,177,15,50,6.262499999,-75.58018662,T,0.27,0.1875,0.0284,0,20151771550
572,2015177,1845,2015,177,18,45,NA,NA,A,NA,NA,NA,NA,20151771845
573,2015178,1455,2015,178,14,55,NA,NA,T,NA,NA,NA,NA,20151781455
574,2015178,1630,2015,178,16,30,NA,NA,T,NA,NA,NA,NA,20151781630
575,2015178,1750,2015,178,17,50,NA,NA,A,NA,NA,NA,NA,20151781750
576,2015178,1930,2015,178,19,30,NA,NA,A,NA,NA,NA,NA,20151781930
577,2015179,1535,2015,179,15,35,NA,NA,T,NA,NA,NA,NA,20151791535
578,2015179,1830,2015,179,18,30,NA,NA,A,NA,NA,NA,NA,20151791830
579,2015179,1835,2015,179,18,35,NA,NA,A,NA,NA,NA,NA,20151791835
580,2015180,1440,2015,180,14,40,NA,NA,T,NA,NA,NA,NA,20151801440
581,2015180,1620,2015,180,16,20,NA,NA,T,NA,NA,NA,NA,20151801620
582,2015180,1735,2015,180,17,35,NA,NA,A,NA,NA,NA,NA,20151801735
583,2015180,1915,2015,180,19,15,NA,NA,A,NA,NA,NA,NA,20151801915
584,2015180,1920,2015,180,19,20,NA,NA,A,NA,NA,NA,NA,20151801920
585,2015181,1525,2015,181,15,25,6.262499999,-75.58018662,T,0.07625,0.052,0.0257,0,20151811525
586,2015181,1820,2015,181,18,20,NA,NA,A,NA,NA,NA,NA,20151811820
587,2015181,1825,2015,181,18,25,NA,NA,A,NA,NA,NA,NA,20151811825
588,2015182,1430,2015,182,14,30,NA,NA,T,NA,NA,NA,NA,20151821430
589,2015182,1605,2015,182,16,5,NA,NA,T,NA,NA,NA,NA,20151821605
590,2015182,1905,2015,182,19,5,NA,NA,A,NA,NA,NA,NA,20151821905
591,2015183,1510,2015,183,15,10,NA,NA,T,NA,NA,NA,NA,20151831510
592,2015183,1805,2015,183,18,5,NA,NA,A,NA,NA,NA,NA,20151831805
593,2015183,1810,2015,183,18,10,NA,NA,A,NA,NA,NA,NA,20151831810
594,2015184,1555,2015,184,15,55,NA,NA,T,NA,NA,NA,NA,20151841555
595,2015184,1850,2015,184,18,50,NA,NA,A,NA,NA,NA,NA,20151841850
596,2015184,1855,2015,184,18,55,NA,NA,A,NA,NA,NA,NA,20151841855
597,2015185,1500,2015,185,15,0,NA,NA,T,NA,NA,NA,NA,20151851500
598,2015185,1635,2015,185,16,35,NA,NA,T,NA,NA,NA,NA,20151851635
599,2015185,1755,2015,185,17,55,NA,NA,A,NA,NA,NA,NA,20151851755
600,2015185,1935,2015,185,19,35,NA,NA,A,NA,NA,NA,NA,20151851935
601,2015186,1545,2015,186,15,45,NA,NA,T,NA,NA,NA,NA,20151861545
602,2015186,1840,2015,186,18,40,NA,NA,A,NA,NA,NA,NA,20151861840
603,2015187,1445,2015,187,14,45,NA,NA,T,NA,NA,NA,NA,20151871445
604,2015187,1625,2015,187,16,25,NA,NA,T,NA,NA,NA,NA,20151871625
605,2015187,1745,2015,187,17,45,NA,NA,A,NA,NA,NA,NA,20151871745
606,2015187,1920,2015,187,19,20,NA,NA,A,NA,NA,NA,NA,20151871920
607,2015187,1925,2015,187,19,25,NA,NA,A,NA,NA,NA,NA,20151871925
608,2015188,1530,2015,188,15,30,NA,NA,T,NA,NA,NA,NA,20151881530
609,2015188,1825,2015,188,18,25,NA,NA,A,NA,NA,NA,NA,20151881825
610,2015188,1830,2015,188,18,30,NA,NA,A,NA,NA,NA,NA,20151881830
611,2015189,1435,2015,189,14,35,NA,NA,T,NA,NA,NA,NA,20151891435
612,2015189,1615,2015,189,16,15,NA,NA,T,NA,NA,NA,NA,20151891615
613,2015189,1730,2015,189,17,30,NA,NA,A,NA,NA,NA,NA,20151891730
614,2015189,1910,2015,189,19,10,NA,NA,A,NA,NA,NA,NA,20151891910
615,2015190,1520,2015,190,15,20,NA,NA,T,NA,NA,NA,NA,20151901520
616,2015190,1815,2015,190,18,15,NA,NA,A,NA,NA,NA,NA,20151901815
617,2015191,1600,2015,191,16,0,NA,NA,T,NA,NA,NA,NA,20151911600
618,2015191,1855,2015,191,18,55,NA,NA,A,NA,NA,NA,NA,20151911855
619,2015191,1900,2015,191,19,0,NA,NA,A,NA,NA,NA,NA,20151911900
620,2015192,1505,2015,192,15,5,NA,NA,T,NA,NA,NA,NA,20151921505
621,2015192,1640,2015,192,16,40,NA,NA,T,NA,NA,NA,NA,20151921640
622,2015192,1800,2015,192,18,0,NA,NA,A,NA,NA,NA,NA,20151921800
623,2015192,1805,2015,192,18,5,NA,NA,A,NA,NA,NA,NA,20151921805
624,2015193,1550,2015,193,15,50,NA,NA,T,NA,NA,NA,NA,20151931550
625,2015193,1845,2015,193,18,45,NA,NA,A,NA,NA,NA,NA,20151931845
626,2015194,1455,2015,194,14,55,NA,NA,T,NA,NA,NA,NA,20151941455
627,2015194,1630,2015,194,16,30,NA,NA,T,NA,NA,NA,NA,20151941630
628,2015194,1750,2015,194,17,50,NA,NA,A,NA,NA,NA,NA,20151941750
629,2015194,1930,2015,194,19,30,NA,NA,A,NA,NA,NA,NA,20151941930
630,2015195,1535,2015,195,15,35,NA,NA,T,NA,NA,NA,NA,20151951535
631,2015195,1830,2015,195,18,30,NA,NA,A,NA,NA,NA,NA,20151951830
632,2015195,1835,2015,195,18,35,NA,NA,A,NA,NA,NA,NA,20151951835
633,2015196,1440,2015,196,14,40,NA,NA,T,NA,NA,NA,NA,20151961440
634,2015196,1620,2015,196,16,20,NA,NA,T,NA,NA,NA,NA,20151961620
635,2015196,1735,2015,196,17,35,NA,NA,A,NA,NA,NA,NA,20151961735
636,2015196,1915,2015,196,19,15,NA,NA,A,NA,NA,NA,NA,20151961915
637,2015196,1920,2015,196,19,20,NA,NA,A,NA,NA,NA,NA,20151961920
638,2015197,1525,2015,197,15,25,NA,NA,T,NA,NA,NA,NA,20151971525
639,2015197,1820,2015,197,18,20,NA,NA,A,NA,NA,NA,NA,20151971820
640,2015197,1825,2015,197,18,25,NA,NA,A,NA,NA,NA,NA,20151971825
641,2015198,1430,2015,198,14,30,NA,NA,T,NA,NA,NA,NA,20151981430
642,2015198,1605,2015,198,16,5,NA,NA,T,NA,NA,NA,NA,20151981605
643,2015198,1905,2015,198,19,5,NA,NA,A,NA,NA,NA,NA,20151981905
644,2015199,1510,2015,199,15,10,NA,NA,T,NA,NA,NA,NA,20151991510
645,2015199,1805,2015,199,18,5,NA,NA,A,NA,NA,NA,NA,20151991805
646,2015199,1810,2015,199,18,10,NA,NA,A,NA,NA,NA,NA,20151991810
647,2015200,1555,2015,200,15,55,NA,NA,T,NA,NA,NA,NA,20152001555
648,2015200,1850,2015,200,18,50,NA,NA,A,NA,NA,NA,NA,20152001850
649,2015200,1855,2015,200,18,55,NA,NA,A,NA,NA,NA,NA,20152001855
650,2015201,1500,2015,201,15,0,NA,NA,T,NA,NA,NA,NA,20152011500
651,2015201,1635,2015,201,16,35,NA,NA,T,NA,NA,NA,NA,20152011635
652,2015201,1755,2015,201,17,55,NA,NA,A,NA,NA,NA,NA,20152011755
653,2015201,1935,2015,201,19,35,NA,NA,A,NA,NA,NA,NA,20152011935
654,2015202,1545,2015,202,15,45,NA,NA,T,NA,NA,NA,NA,20152021545
655,2015202,1840,2015,202,18,40,NA,NA,A,NA,NA,NA,NA,20152021840
656,2015203,1445,2015,203,14,45,NA,NA,T,NA,NA,NA,NA,20152031445
657,2015203,1625,2015,203,16,25,NA,NA,T,NA,NA,NA,NA,20152031625
658,2015203,1920,2015,203,19,20,NA,NA,A,NA,NA,NA,NA,20152031920
659,2015203,1925,2015,203,19,25,NA,NA,A,NA,NA,NA,NA,20152031925
660,2015204,1530,2015,204,15,30,NA,NA,T,NA,NA,NA,NA,20152041530
661,2015204,1825,2015,204,18,25,NA,NA,A,NA,NA,NA,NA,20152041825
662,2015204,1830,2015,204,18,30,NA,NA,A,NA,NA,NA,NA,20152041830
663,2015205,1435,2015,205,14,35,NA,NA,T,NA,NA,NA,NA,20152051435
664,2015205,1615,2015,205,16,15,NA,NA,T,NA,NA,NA,NA,20152051615
665,2015205,1730,2015,205,17,30,NA,NA,A,NA,NA,NA,NA,20152051730
666,2015205,1910,2015,205,19,10,NA,NA,A,NA,NA,NA,NA,20152051910
667,2015206,1520,2015,206,15,20,6.262499999,-75.58018662,T,0.0705,0.04825,0.0212,0,20152061520
668,2015206,1815,2015,206,18,15,NA,NA,A,NA,NA,NA,NA,20152061815
669,2015207,1600,2015,207,16,0,NA,NA,T,NA,NA,NA,NA,20152071600
670,2015207,1855,2015,207,18,55,NA,NA,A,NA,NA,NA,NA,20152071855
671,2015207,1900,2015,207,19,0,NA,NA,A,NA,NA,NA,NA,20152071900
672,2015208,1505,2015,208,15,5,NA,NA,T,NA,NA,NA,NA,20152081505
673,2015208,1640,2015,208,16,40,NA,NA,T,NA,NA,NA,NA,20152081640
674,2015208,1800,2015,208,18,0,NA,NA,A,NA,NA,NA,NA,20152081800
675,2015208,1805,2015,208,18,5,NA,NA,A,NA,NA,NA,NA,20152081805
676,2015209,1550,2015,209,15,50,NA,NA,T,NA,NA,NA,NA,20152091550
677,2015209,1845,2015,209,18,45,NA,NA,A,NA,NA,NA,NA,20152091845
678,2015210,1455,2015,210,14,55,NA,NA,T,NA,NA,NA,NA,20152101455
679,2015210,1630,2015,210,16,30,NA,NA,T,NA,NA,NA,NA,20152101630
680,2015210,1750,2015,210,17,50,NA,NA,A,NA,NA,NA,NA,20152101750
681,2015210,1925,2015,210,19,25,NA,NA,A,NA,NA,NA,NA,20152101925
682,2015210,1930,2015,210,19,30,NA,NA,A,NA,NA,NA,NA,20152101930
683,2015211,1535,2015,211,15,35,NA,NA,T,NA,NA,NA,NA,20152111535
684,2015211,1830,2015,211,18,30,NA,NA,A,NA,NA,NA,NA,20152111830
685,2015211,1835,2015,211,18,35,NA,NA,A,NA,NA,NA,NA,20152111835
686,2015212,1440,2015,212,14,40,NA,NA,T,NA,NA,NA,NA,20152121440
687,2015212,1620,2015,212,16,20,NA,NA,T,NA,NA,NA,NA,20152121620
688,2015212,1735,2015,212,17,35,NA,NA,A,NA,NA,NA,NA,20152121735
689,2015212,1915,2015,212,19,15,NA,NA,A,NA,NA,NA,NA,20152121915
690,2015213,1525,2015,213,15,25,6.262499999,-75.58018662,T,0.11625,0.08,0.0258,0,20152131525
691,2015213,1820,2015,213,18,20,NA,NA,A,NA,NA,NA,NA,20152131820
692,2015214,1430,2015,214,14,30,NA,NA,T,NA,NA,NA,NA,20152141430
693,2015214,1605,2015,214,16,5,NA,NA,T,NA,NA,NA,NA,20152141605
694,2015214,1905,2015,214,19,5,NA,NA,A,NA,NA,NA,NA,20152141905
695,2015215,1510,2015,215,15,10,NA,NA,T,NA,NA,NA,NA,20152151510
696,2015215,1805,2015,215,18,5,NA,NA,A,NA,NA,NA,NA,20152151805
697,2015215,1810,2015,215,18,10,NA,NA,A,NA,NA,NA,NA,20152151810
698,2015216,1555,2015,216,15,55,NA,NA,T,NA,NA,NA,NA,20152161555
699,2015216,1850,2015,216,18,50,NA,NA,A,NA,NA,NA,NA,20152161850
700,2015216,1855,2015,216,18,55,NA,NA,A,NA,NA,NA,NA,20152161855
701,2015217,1500,2015,217,15,0,NA,NA,T,NA,NA,NA,NA,20152171500
702,2015217,1635,2015,217,16,35,NA,NA,T,NA,NA,NA,NA,20152171635
703,2015217,1755,2015,217,17,55,NA,NA,A,NA,NA,NA,NA,20152171755
704,2015217,1935,2015,217,19,35,NA,NA,A,NA,NA,NA,NA,20152171935
705,2015218,1540,2015,218,15,40,NA,NA,T,NA,NA,NA,NA,20152181540
706,2015218,1840,2015,218,18,40,NA,NA,A,NA,NA,NA,NA,20152181840
707,2015219,1445,2015,219,14,45,NA,NA,T,NA,NA,NA,NA,20152191445
708,2015219,1625,2015,219,16,25,NA,NA,T,NA,NA,NA,NA,20152191625
709,2015219,1920,2015,219,19,20,NA,NA,A,NA,NA,NA,NA,20152191920
710,2015219,1925,2015,219,19,25,NA,NA,A,NA,NA,NA,NA,20152191925
711,2015220,1530,2015,220,15,30,NA,NA,T,NA,NA,NA,NA,20152201530
712,2015220,1825,2015,220,18,25,NA,NA,A,NA,NA,NA,NA,20152201825
713,2015220,1830,2015,220,18,30,NA,NA,A,NA,NA,NA,NA,20152201830
714,2015221,1435,2015,221,14,35,NA,NA,T,NA,NA,NA,NA,20152211435
715,2015221,1615,2015,221,16,15,NA,NA,T,NA,NA,NA,NA,20152211615
716,2015221,1730,2015,221,17,30,NA,NA,A,NA,NA,NA,NA,20152211730
717,2015221,1910,2015,221,19,10,NA,NA,A,NA,NA,NA,NA,20152211910
718,2015222,1520,2015,222,15,20,NA,NA,T,NA,NA,NA,NA,20152221520
719,2015222,1815,2015,222,18,15,NA,NA,A,NA,NA,NA,NA,20152221815
720,2015223,1600,2015,223,16,0,NA,NA,T,NA,NA,NA,NA,20152231600
721,2015223,1855,2015,223,18,55,NA,NA,A,NA,NA,NA,NA,20152231855
722,2015223,1900,2015,223,19,0,NA,NA,A,NA,NA,NA,NA,20152231900
723,2015224,1505,2015,224,15,5,NA,NA,T,NA,NA,NA,NA,20152241505
724,2015224,1640,2015,224,16,40,NA,NA,T,NA,NA,NA,NA,20152241640
725,2015224,1800,2015,224,18,0,NA,NA,A,NA,NA,NA,NA,20152241800
726,2015224,1805,2015,224,18,5,NA,NA,A,NA,NA,NA,NA,20152241805
727,2015225,1550,2015,225,15,50,NA,NA,T,NA,NA,NA,NA,20152251550
728,2015225,1845,2015,225,18,45,NA,NA,A,NA,NA,NA,NA,20152251845
729,2015226,1455,2015,226,14,55,NA,NA,T,NA,NA,NA,NA,20152261455
730,2015226,1630,2015,226,16,30,NA,NA,T,NA,NA,NA,NA,20152261630
731,2015226,1750,2015,226,17,50,NA,NA,A,NA,NA,NA,NA,20152261750
732,2015226,1925,2015,226,19,25,NA,NA,A,NA,NA,NA,NA,20152261925
733,2015226,1930,2015,226,19,30,NA,NA,A,NA,NA,NA,NA,20152261930
734,2015227,1535,2015,227,15,35,NA,NA,T,NA,NA,NA,NA,20152271535
735,2015227,1830,2015,227,18,30,NA,NA,A,NA,NA,NA,NA,20152271830
736,2015227,1835,2015,227,18,35,NA,NA,A,NA,NA,NA,NA,20152271835
737,2015228,1440,2015,228,14,40,NA,NA,T,NA,NA,NA,NA,20152281440
738,2015228,1620,2015,228,16,20,NA,NA,T,NA,NA,NA,NA,20152281620
739,2015228,1735,2015,228,17,35,NA,NA,A,NA,NA,NA,NA,20152281735
740,2015228,1915,2015,228,19,15,NA,NA,A,NA,NA,NA,NA,20152281915
741,2015229,1525,2015,229,15,25,NA,NA,T,NA,NA,NA,NA,20152291525
742,2015229,1820,2015,229,18,20,NA,NA,A,NA,NA,NA,NA,20152291820
743,2015230,1430,2015,230,14,30,NA,NA,T,NA,NA,NA,NA,20152301430
744,2015230,1605,2015,230,16,5,NA,NA,T,NA,NA,NA,NA,20152301605
745,2015230,1905,2015,230,19,5,NA,NA,A,NA,NA,NA,NA,20152301905
746,2015231,1510,2015,231,15,10,NA,NA,T,NA,NA,NA,NA,20152311510
747,2015231,1805,2015,231,18,5,NA,NA,A,NA,NA,NA,NA,20152311805
748,2015231,1810,2015,231,18,10,NA,NA,A,NA,NA,NA,NA,20152311810
749,2015232,1555,2015,232,15,55,NA,NA,T,NA,NA,NA,NA,20152321555
750,2015232,1850,2015,232,18,50,NA,NA,A,NA,NA,NA,NA,20152321850
751,2015232,1855,2015,232,18,55,NA,NA,A,NA,NA,NA,NA,20152321855
752,2015233,1500,2015,233,15,0,NA,NA,T,NA,NA,NA,NA,20152331500
753,2015233,1635,2015,233,16,35,NA,NA,T,NA,NA,NA,NA,20152331635
754,2015233,1755,2015,233,17,55,NA,NA,A,NA,NA,NA,NA,20152331755
755,2015233,1935,2015,233,19,35,NA,NA,A,NA,NA,NA,NA,20152331935
756,2015234,1540,2015,234,15,40,NA,NA,T,NA,NA,NA,NA,20152341540
757,2015234,1840,2015,234,18,40,NA,NA,A,NA,NA,NA,NA,20152341840
758,2015235,1445,2015,235,14,45,NA,NA,T,NA,NA,NA,NA,20152351445
759,2015235,1625,2015,235,16,25,NA,NA,T,NA,NA,NA,NA,20152351625
760,2015235,1740,2015,235,17,40,NA,NA,A,NA,NA,NA,NA,20152351740
761,2015235,1920,2015,235,19,20,NA,NA,A,NA,NA,NA,NA,20152351920
762,2015235,1925,2015,235,19,25,NA,NA,A,NA,NA,NA,NA,20152351925
763,2015236,1530,2015,236,15,30,NA,NA,T,NA,NA,NA,NA,20152361530
764,2015236,1825,2015,236,18,25,NA,NA,A,NA,NA,NA,NA,20152361825
765,2015236,1830,2015,236,18,30,NA,NA,A,NA,NA,NA,NA,20152361830
766,2015237,1435,2015,237,14,35,NA,NA,T,NA,NA,NA,NA,20152371435
767,2015237,1615,2015,237,16,15,NA,NA,T,NA,NA,NA,NA,20152371615
768,2015237,1910,2015,237,19,10,NA,NA,A,NA,NA,NA,NA,20152371910
769,2015238,1520,2015,238,15,20,NA,NA,T,NA,NA,NA,NA,20152381520
770,2015238,1815,2015,238,18,15,NA,NA,A,NA,NA,NA,NA,20152381815
771,2015239,1600,2015,239,16,0,NA,NA,T,NA,NA,NA,NA,20152391600
772,2015239,1855,2015,239,18,55,NA,NA,A,NA,NA,NA,NA,20152391855
773,2015239,1900,2015,239,19,0,NA,NA,A,NA,NA,NA,NA,20152391900
774,2015240,1505,2015,240,15,5,6.262499999,-75.58018662,T,0.10967,0.07533,0.021,0,20152401505
775,2015240,1640,2015,240,16,40,NA,NA,T,NA,NA,NA,NA,20152401640
776,2015240,1800,2015,240,18,0,NA,NA,A,NA,NA,NA,NA,20152401800
777,2015240,1805,2015,240,18,5,6.262499999,-75.58018662,A,0.11125,0.0765,0.017,0,20152401805
778,2015241,1550,2015,241,15,50,NA,NA,T,NA,NA,NA,NA,20152411550
779,2015241,1845,2015,241,18,45,NA,NA,A,NA,NA,NA,NA,20152411845
780,2015242,1455,2015,242,14,55,NA,NA,T,NA,NA,NA,NA,20152421455
781,2015242,1630,2015,242,16,30,NA,NA,T,NA,NA,NA,NA,20152421630
782,2015242,1750,2015,242,17,50,NA,NA,A,NA,NA,NA,NA,20152421750
783,2015242,1925,2015,242,19,25,NA,NA,A,NA,NA,NA,NA,20152421925
784,2015242,1930,2015,242,19,30,NA,NA,A,NA,NA,NA,NA,20152421930
785,2015243,1535,2015,243,15,35,NA,NA,T,NA,NA,NA,NA,20152431535
786,2015243,1830,2015,243,18,30,NA,NA,A,NA,NA,NA,NA,20152431830
787,2015243,1835,2015,243,18,35,NA,NA,A,NA,NA,NA,NA,20152431835
788,2015244,1440,2015,244,14,40,NA,NA,T,NA,NA,NA,NA,20152441440
789,2015244,1620,2015,244,16,20,NA,NA,T,NA,NA,NA,NA,20152441620
790,2015244,1735,2015,244,17,35,NA,NA,A,NA,NA,NA,NA,20152441735
791,2015244,1915,2015,244,19,15,NA,NA,A,NA,NA,NA,NA,20152441915
792,2015245,1820,2015,245,18,20,NA,NA,A,NA,NA,NA,NA,20152451820
793,2015246,1430,2015,246,14,30,NA,NA,T,NA,NA,NA,NA,20152461430
794,2015246,1605,2015,246,16,5,NA,NA,T,NA,NA,NA,NA,20152461605
795,2015246,1900,2015,246,19,0,NA,NA,A,NA,NA,NA,NA,20152461900
796,2015246,1905,2015,246,19,5,NA,NA,A,NA,NA,NA,NA,20152461905
797,2015247,1510,2015,247,15,10,NA,NA,T,NA,NA,NA,NA,20152471510
798,2015247,1805,2015,247,18,5,NA,NA,A,NA,NA,NA,NA,20152471805
799,2015247,1810,2015,247,18,10,NA,NA,A,NA,NA,NA,NA,20152471810
800,2015248,1555,2015,248,15,55,NA,NA,T,NA,NA,NA,NA,20152481555
801,2015248,1850,2015,248,18,50,NA,NA,A,NA,NA,NA,NA,20152481850
802,2015248,1855,2015,248,18,55,NA,NA,A,NA,NA,NA,NA,20152481855
803,2015249,1500,2015,249,15,0,NA,NA,T,NA,NA,NA,NA,20152491500
804,2015249,1635,2015,249,16,35,NA,NA,T,NA,NA,NA,NA,20152491635
805,2015249,1755,2015,249,17,55,NA,NA,A,NA,NA,NA,NA,20152491755
806,2015249,1935,2015,249,19,35,NA,NA,A,NA,NA,NA,NA,20152491935
807,2015250,1540,2015,250,15,40,NA,NA,T,NA,NA,NA,NA,20152501540
808,2015250,1840,2015,250,18,40,NA,NA,A,NA,NA,NA,NA,20152501840
809,2015251,1445,2015,251,14,45,NA,NA,T,NA,NA,NA,NA,20152511445
810,2015251,1625,2015,251,16,25,NA,NA,T,NA,NA,NA,NA,20152511625
811,2015251,1740,2015,251,17,40,NA,NA,A,NA,NA,NA,NA,20152511740
812,2015251,1920,2015,251,19,20,NA,NA,A,NA,NA,NA,NA,20152511920
813,2015251,1925,2015,251,19,25,NA,NA,A,NA,NA,NA,NA,20152511925
814,2015252,1530,2015,252,15,30,NA,NA,T,NA,NA,NA,NA,20152521530
815,2015252,1825,2015,252,18,25,NA,NA,A,NA,NA,NA,NA,20152521825
816,2015252,1830,2015,252,18,30,NA,NA,A,NA,NA,NA,NA,20152521830
817,2015253,1435,2015,253,14,35,NA,NA,T,NA,NA,NA,NA,20152531435
818,2015253,1615,2015,253,16,15,NA,NA,T,NA,NA,NA,NA,20152531615
819,2015253,1730,2015,253,17,30,NA,NA,A,NA,NA,NA,NA,20152531730
820,2015253,1910,2015,253,19,10,NA,NA,A,NA,NA,NA,NA,20152531910
821,2015254,1520,2015,254,15,20,NA,NA,T,NA,NA,NA,NA,20152541520
822,2015254,1815,2015,254,18,15,NA,NA,A,NA,NA,NA,NA,20152541815
823,2015255,1600,2015,255,16,0,NA,NA,T,NA,NA,NA,NA,20152551600
824,2015255,1855,2015,255,18,55,NA,NA,A,NA,NA,NA,NA,20152551855
825,2015255,1900,2015,255,19,0,6.262499999,-75.58018662,A,0.03,0.02,0.022,0,20152551900
826,2015256,1505,2015,256,15,5,6.262499999,-75.58018662,T,0.15075,0.10375,0.0192,0,20152561505
827,2015256,1640,2015,256,16,40,NA,NA,T,NA,NA,NA,NA,20152561640
828,2015257,1550,2015,257,15,50,NA,NA,T,NA,NA,NA,NA,20152571550
829,2015257,1845,2015,257,18,45,NA,NA,A,NA,NA,NA,NA,20152571845
830,2015258,1455,2015,258,14,55,NA,NA,T,NA,NA,NA,NA,20152581455
831,2015258,1630,2015,258,16,30,NA,NA,T,NA,NA,NA,NA,20152581630
832,2015258,1750,2015,258,17,50,NA,NA,A,NA,NA,NA,NA,20152581750
833,2015258,1925,2015,258,19,25,NA,NA,A,NA,NA,NA,NA,20152581925
834,2015258,1930,2015,258,19,30,NA,NA,A,NA,NA,NA,NA,20152581930
835,2015259,1535,2015,259,15,35,6.254166666,-75.57898112,T,0.1605,0.11,0.0632,0,20152591535
836,2015259,1830,2015,259,18,30,NA,NA,A,NA,NA,NA,NA,20152591830
837,2015259,1835,2015,259,18,35,NA,NA,A,NA,NA,NA,NA,20152591835
838,2015260,1440,2015,260,14,40,NA,NA,T,NA,NA,NA,NA,20152601440
839,2015260,1620,2015,260,16,20,NA,NA,T,NA,NA,NA,NA,20152601620
840,2015260,1735,2015,260,17,35,NA,NA,A,NA,NA,NA,NA,20152601735
841,2015260,1915,2015,260,19,15,NA,NA,A,NA,NA,NA,NA,20152601915
842,2015261,1525,2015,261,15,25,NA,NA,T,NA,NA,NA,NA,20152611525
843,2015261,1820,2015,261,18,20,NA,NA,A,NA,NA,NA,NA,20152611820
844,2015262,1430,2015,262,14,30,NA,NA,T,NA,NA,NA,NA,20152621430
845,2015262,1605,2015,262,16,5,6.254166666,-75.57898112,T,0.123,0.085,0.0195,0,20152621605
846,2015262,1900,2015,262,19,0,NA,NA,A,NA,NA,NA,NA,20152621900
847,2015262,1905,2015,262,19,5,NA,NA,A,NA,NA,NA,NA,20152621905
848,2015263,1510,2015,263,15,10,NA,NA,T,NA,NA,NA,NA,20152631510
849,2015263,1805,2015,263,18,5,NA,NA,A,NA,NA,NA,NA,20152631805
850,2015263,1810,2015,263,18,10,NA,NA,A,NA,NA,NA,NA,20152631810
851,2015264,1555,2015,264,15,55,NA,NA,T,NA,NA,NA,NA,20152641555
852,2015264,1850,2015,264,18,50,NA,NA,A,NA,NA,NA,NA,20152641850
853,2015264,1855,2015,264,18,55,NA,NA,A,NA,NA,NA,NA,20152641855
854,2015265,1500,2015,265,15,0,NA,NA,T,NA,NA,NA,NA,20152651500
855,2015265,1635,2015,265,16,35,NA,NA,T,NA,NA,NA,NA,20152651635
856,2015265,1755,2015,265,17,55,NA,NA,A,NA,NA,NA,NA,20152651755
857,2015265,1935,2015,265,19,35,NA,NA,A,NA,NA,NA,NA,20152651935
858,2015266,1540,2015,266,15,40,NA,NA,T,NA,NA,NA,NA,20152661540
859,2015266,1840,2015,266,18,40,NA,NA,A,NA,NA,NA,NA,20152661840
860,2015267,1445,2015,267,14,45,NA,NA,T,NA,NA,NA,NA,20152671445
861,2015267,1625,2015,267,16,25,NA,NA,T,NA,NA,NA,NA,20152671625
862,2015267,1740,2015,267,17,40,NA,NA,A,NA,NA,NA,NA,20152671740
863,2015267,1920,2015,267,19,20,NA,NA,A,NA,NA,NA,NA,20152671920
864,2015267,1925,2015,267,19,25,NA,NA,A,NA,NA,NA,NA,20152671925
865,2015268,1530,2015,268,15,30,NA,NA,T,NA,NA,NA,NA,20152681530
866,2015268,1825,2015,268,18,25,NA,NA,A,NA,NA,NA,NA,20152681825
867,2015268,1830,2015,268,18,30,NA,NA,A,NA,NA,NA,NA,20152681830
868,2015269,1435,2015,269,14,35,NA,NA,T,NA,NA,NA,NA,20152691435
869,2015269,1610,2015,269,16,10,NA,NA,T,NA,NA,NA,NA,20152691610
870,2015269,1730,2015,269,17,30,NA,NA,A,NA,NA,NA,NA,20152691730
871,2015269,1910,2015,269,19,10,NA,NA,A,NA,NA,NA,NA,20152691910
872,2015270,1515,2015,270,15,15,NA,NA,T,NA,NA,NA,NA,20152701515
873,2015270,1815,2015,270,18,15,NA,NA,A,NA,NA,NA,NA,20152701815
874,2015271,1600,2015,271,16,0,NA,NA,T,NA,NA,NA,NA,20152711600
875,2015271,1855,2015,271,18,55,NA,NA,A,NA,NA,NA,NA,20152711855
876,2015271,1900,2015,271,19,0,NA,NA,A,NA,NA,NA,NA,20152711900
877,2015272,1505,2015,272,15,5,NA,NA,T,NA,NA,NA,NA,20152721505
878,2015272,1640,2015,272,16,40,NA,NA,T,NA,NA,NA,NA,20152721640
879,2015272,1800,2015,272,18,0,NA,NA,A,NA,NA,NA,NA,20152721800
880,2015272,1805,2015,272,18,5,NA,NA,A,NA,NA,NA,NA,20152721805
881,2015273,1550,2015,273,15,50,NA,NA,T,NA,NA,NA,NA,20152731550
882,2015273,1845,2015,273,18,45,NA,NA,A,NA,NA,NA,NA,20152731845
883,2015274,1630,2015,274,16,30,NA,NA,T,NA,NA,NA,NA,20152741630
884,2015274,1750,2015,274,17,50,NA,NA,A,NA,NA,NA,NA,20152741750
885,2015274,1925,2015,274,19,25,NA,NA,A,NA,NA,NA,NA,20152741925
886,2015274,1930,2015,274,19,30,NA,NA,A,NA,NA,NA,NA,20152741930
887,2015275,1535,2015,275,15,35,NA,NA,T,NA,NA,NA,NA,20152751535
888,2015275,1830,2015,275,18,30,NA,NA,A,NA,NA,NA,NA,20152751830
889,2015275,1835,2015,275,18,35,NA,NA,A,NA,NA,NA,NA,20152751835
890,2015276,1440,2015,276,14,40,NA,NA,T,NA,NA,NA,NA,20152761440
891,2015276,1620,2015,276,16,20,NA,NA,T,NA,NA,NA,NA,20152761620
892,2015276,1735,2015,276,17,35,NA,NA,A,NA,NA,NA,NA,20152761735
893,2015276,1915,2015,276,19,15,NA,NA,A,NA,NA,NA,NA,20152761915
894,2015277,1525,2015,277,15,25,NA,NA,T,NA,NA,NA,NA,20152771525
895,2015277,1820,2015,277,18,20,NA,NA,A,NA,NA,NA,NA,20152771820
896,2015278,1430,2015,278,14,30,NA,NA,T,NA,NA,NA,NA,20152781430
897,2015278,1605,2015,278,16,5,NA,NA,T,NA,NA,NA,NA,20152781605
898,2015278,1900,2015,278,19,0,NA,NA,A,NA,NA,NA,NA,20152781900
899,2015278,1905,2015,278,19,5,NA,NA,A,NA,NA,NA,NA,20152781905
900,2015279,1510,2015,279,15,10,NA,NA,T,NA,NA,NA,NA,20152791510
901,2015279,1805,2015,279,18,5,NA,NA,A,NA,NA,NA,NA,20152791805
902,2015279,1810,2015,279,18,10,NA,NA,A,NA,NA,NA,NA,20152791810
903,2015280,1555,2015,280,15,55,NA,NA,T,NA,NA,NA,NA,20152801555
904,2015280,1850,2015,280,18,50,NA,NA,A,NA,NA,NA,NA,20152801850
905,2015280,1855,2015,280,18,55,NA,NA,A,NA,NA,NA,NA,20152801855
906,2015281,1500,2015,281,15,0,NA,NA,T,NA,NA,NA,NA,20152811500
907,2015281,1635,2015,281,16,35,NA,NA,T,NA,NA,NA,NA,20152811635
908,2015281,1755,2015,281,17,55,NA,NA,A,NA,NA,NA,NA,20152811755
909,2015281,1935,2015,281,19,35,NA,NA,A,NA,NA,NA,NA,20152811935
910,2015282,1540,2015,282,15,40,NA,NA,T,NA,NA,NA,NA,20152821540
911,2015282,1840,2015,282,18,40,NA,NA,A,NA,NA,NA,NA,20152821840
912,2015283,1445,2015,283,14,45,NA,NA,T,NA,NA,NA,NA,20152831445
913,2015283,1625,2015,283,16,25,NA,NA,T,NA,NA,NA,NA,20152831625
914,2015283,1740,2015,283,17,40,NA,NA,A,NA,NA,NA,NA,20152831740
915,2015283,1920,2015,283,19,20,NA,NA,A,NA,NA,NA,NA,20152831920
916,2015283,1925,2015,283,19,25,NA,NA,A,NA,NA,NA,NA,20152831925
917,2015284,1530,2015,284,15,30,NA,NA,T,NA,NA,NA,NA,20152841530
918,2015284,1825,2015,284,18,25,NA,NA,A,NA,NA,NA,NA,20152841825
919,2015284,1830,2015,284,18,30,NA,NA,A,NA,NA,NA,NA,20152841830
920,2015285,1435,2015,285,14,35,NA,NA,T,NA,NA,NA,NA,20152851435
921,2015285,1610,2015,285,16,10,NA,NA,T,NA,NA,NA,NA,20152851610
922,2015285,1730,2015,285,17,30,NA,NA,A,NA,NA,NA,NA,20152851730
923,2015285,1910,2015,285,19,10,NA,NA,A,NA,NA,NA,NA,20152851910
924,2015286,1515,2015,286,15,15,NA,NA,T,NA,NA,NA,NA,20152861515
925,2015286,1815,2015,286,18,15,NA,NA,A,NA,NA,NA,NA,20152861815
926,2015287,1600,2015,287,16,0,NA,NA,T,NA,NA,NA,NA,20152871600
927,2015287,1855,2015,287,18,55,NA,NA,A,NA,NA,NA,NA,20152871855
928,2015287,1900,2015,287,19,0,NA,NA,A,NA,NA,NA,NA,20152871900
929,2015288,1505,2015,288,15,5,NA,NA,T,NA,NA,NA,NA,20152881505
930,2015288,1640,2015,288,16,40,NA,NA,T,NA,NA,NA,NA,20152881640
931,2015288,1800,2015,288,18,0,NA,NA,A,NA,NA,NA,NA,20152881800
932,2015288,1805,2015,288,18,5,NA,NA,A,NA,NA,NA,NA,20152881805
933,2015289,1550,2015,289,15,50,NA,NA,T,NA,NA,NA,NA,20152891550
934,2015289,1845,2015,289,18,45,NA,NA,A,NA,NA,NA,NA,20152891845
935,2015290,1455,2015,290,14,55,NA,NA,T,NA,NA,NA,NA,20152901455
936,2015290,1630,2015,290,16,30,NA,NA,T,NA,NA,NA,NA,20152901630
937,2015290,1750,2015,290,17,50,NA,NA,A,NA,NA,NA,NA,20152901750
938,2015290,1925,2015,290,19,25,NA,NA,A,NA,NA,NA,NA,20152901925
939,2015290,1930,2015,290,19,30,NA,NA,A,NA,NA,NA,NA,20152901930
940,2015291,1535,2015,291,15,35,NA,NA,T,NA,NA,NA,NA,20152911535
941,2015291,1830,2015,291,18,30,NA,NA,A,NA,NA,NA,NA,20152911830
942,2015291,1835,2015,291,18,35,NA,NA,A,NA,NA,NA,NA,20152911835
943,2015292,1440,2015,292,14,40,NA,NA,T,NA,NA,NA,NA,20152921440
944,2015292,1620,2015,292,16,20,NA,NA,T,NA,NA,NA,NA,20152921620
945,2015292,1735,2015,292,17,35,NA,NA,A,NA,NA,NA,NA,20152921735
946,2015292,1915,2015,292,19,15,NA,NA,A,NA,NA,NA,NA,20152921915
947,2015293,1525,2015,293,15,25,NA,NA,T,NA,NA,NA,NA,20152931525
948,2015293,1820,2015,293,18,20,NA,NA,A,NA,NA,NA,NA,20152931820
949,2015294,1430,2015,294,14,30,NA,NA,T,NA,NA,NA,NA,20152941430
950,2015294,1605,2015,294,16,5,NA,NA,T,NA,NA,NA,NA,20152941605
951,2015294,1900,2015,294,19,0,NA,NA,A,NA,NA,NA,NA,20152941900
952,2015294,1905,2015,294,19,5,NA,NA,A,NA,NA,NA,NA,20152941905
953,2015295,1510,2015,295,15,10,NA,NA,T,NA,NA,NA,NA,20152951510
954,2015295,1805,2015,295,18,5,NA,NA,A,NA,NA,NA,NA,20152951805
955,2015295,1810,2015,295,18,10,NA,NA,A,NA,NA,NA,NA,20152951810
956,2015296,1555,2015,296,15,55,NA,NA,T,NA,NA,NA,NA,20152961555
957,2015296,1850,2015,296,18,50,NA,NA,A,NA,NA,NA,NA,20152961850
958,2015296,1855,2015,296,18,55,NA,NA,A,NA,NA,NA,NA,20152961855
959,2015297,1500,2015,297,15,0,NA,NA,T,NA,NA,NA,NA,20152971500
960,2015297,1635,2015,297,16,35,NA,NA,T,NA,NA,NA,NA,20152971635
961,2015297,1755,2015,297,17,55,NA,NA,A,NA,NA,NA,NA,20152971755
962,2015297,1935,2015,297,19,35,NA,NA,A,NA,NA,NA,NA,20152971935
963,2015298,1540,2015,298,15,40,NA,NA,T,NA,NA,NA,NA,20152981540
964,2015298,1840,2015,298,18,40,NA,NA,A,NA,NA,NA,NA,20152981840
965,2015299,1445,2015,299,14,45,NA,NA,T,NA,NA,NA,NA,20152991445
966,2015299,1625,2015,299,16,25,NA,NA,T,NA,NA,NA,NA,20152991625
967,2015299,1740,2015,299,17,40,NA,NA,A,NA,NA,NA,NA,20152991740
968,2015299,1920,2015,299,19,20,NA,NA,A,NA,NA,NA,NA,20152991920
969,2015299,1925,2015,299,19,25,NA,NA,A,NA,NA,NA,NA,20152991925
970,2015300,1530,2015,300,15,30,NA,NA,T,NA,NA,NA,NA,20153001530
971,2015300,1825,2015,300,18,25,NA,NA,A,NA,NA,NA,NA,20153001825
972,2015300,1830,2015,300,18,30,NA,NA,A,NA,NA,NA,NA,20153001830
973,2015301,1730,2015,301,17,30,NA,NA,A,NA,NA,NA,NA,20153011730
974,2015301,1910,2015,301,19,10,NA,NA,A,NA,NA,NA,NA,20153011910
975,2015302,1515,2015,302,15,15,NA,NA,T,NA,NA,NA,NA,20153021515
976,2015302,1815,2015,302,18,15,NA,NA,A,NA,NA,NA,NA,20153021815
977,2015303,1600,2015,303,16,0,NA,NA,T,NA,NA,NA,NA,20153031600
978,2015303,1855,2015,303,18,55,NA,NA,A,NA,NA,NA,NA,20153031855
979,2015303,1900,2015,303,19,0,NA,NA,A,NA,NA,NA,NA,20153031900
980,2015304,1505,2015,304,15,5,NA,NA,T,NA,NA,NA,NA,20153041505
981,2015304,1640,2015,304,16,40,NA,NA,T,NA,NA,NA,NA,20153041640
982,2015304,1800,2015,304,18,0,NA,NA,A,NA,NA,NA,NA,20153041800
983,2015304,1805,2015,304,18,5,NA,NA,A,NA,NA,NA,NA,20153041805
984,2015305,1550,2015,305,15,50,NA,NA,T,NA,NA,NA,NA,20153051550
985,2015305,1845,2015,305,18,45,NA,NA,A,NA,NA,NA,NA,20153051845
986,2015306,1455,2015,306,14,55,NA,NA,T,NA,NA,NA,NA,20153061455
987,2015306,1630,2015,306,16,30,NA,NA,T,NA,NA,NA,NA,20153061630
988,2015306,1750,2015,306,17,50,NA,NA,A,NA,NA,NA,NA,20153061750
989,2015306,1925,2015,306,19,25,NA,NA,A,NA,NA,NA,NA,20153061925
990,2015306,1930,2015,306,19,30,NA,NA,A,NA,NA,NA,NA,20153061930
991,2015307,1535,2015,307,15,35,NA,NA,T,NA,NA,NA,NA,20153071535
992,2015307,1830,2015,307,18,30,NA,NA,A,NA,NA,NA,NA,20153071830
993,2015307,1835,2015,307,18,35,NA,NA,A,NA,NA,NA,NA,20153071835
994,2015308,1440,2015,308,14,40,NA,NA,T,NA,NA,NA,NA,20153081440
995,2015308,1620,2015,308,16,20,NA,NA,T,NA,NA,NA,NA,20153081620
996,2015308,1735,2015,308,17,35,NA,NA,A,NA,NA,NA,NA,20153081735
997,2015308,1915,2015,308,19,15,NA,NA,A,NA,NA,NA,NA,20153081915
998,2015309,1525,2015,309,15,25,NA,NA,T,NA,NA,NA,NA,20153091525
999,2015309,1820,2015,309,18,20,NA,NA,A,NA,NA,NA,NA,20153091820
1000,2015310,1430,2015,310,14,30,NA,NA,T,NA,NA,NA,NA,20153101430
1001,2015310,1605,2015,310,16,5,NA,NA,T,NA,NA,NA,NA,20153101605
1002,2015310,1900,2015,310,19,0,NA,NA,A,NA,NA,NA,NA,20153101900
1003,2015310,1905,2015,310,19,5,NA,NA,A,NA,NA,NA,NA,20153101905
1004,2015311,1510,2015,311,15,10,NA,NA,T,NA,NA,NA,NA,20153111510
1005,2015311,1805,2015,311,18,5,NA,NA,A,NA,NA,NA,NA,20153111805
1006,2015311,1810,2015,311,18,10,NA,NA,A,NA,NA,NA,NA,20153111810
1007,2015312,1555,2015,312,15,55,NA,NA,T,NA,NA,NA,NA,20153121555
1008,2015312,1850,2015,312,18,50,NA,NA,A,NA,NA,NA,NA,20153121850
1009,2015312,1855,2015,312,18,55,NA,NA,A,NA,NA,NA,NA,20153121855
1010,2015313,1500,2015,313,15,0,NA,NA,T,NA,NA,NA,NA,20153131500
1011,2015313,1635,2015,313,16,35,NA,NA,T,NA,NA,NA,NA,20153131635
1012,2015313,1755,2015,313,17,55,NA,NA,A,NA,NA,NA,NA,20153131755
1013,2015313,1935,2015,313,19,35,NA,NA,A,NA,NA,NA,NA,20153131935
1014,2015314,1540,2015,314,15,40,6.262499999,-75.58018662,T,0.17125,0.118,0.031,0,20153141540
1015,2015314,1840,2015,314,18,40,NA,NA,A,NA,NA,NA,NA,20153141840
1016,2015315,1445,2015,315,14,45,NA,NA,T,NA,NA,NA,NA,20153151445
1017,2015315,1625,2015,315,16,25,NA,NA,T,NA,NA,NA,NA,20153151625
1018,2015315,1740,2015,315,17,40,NA,NA,A,NA,NA,NA,NA,20153151740
1019,2015315,1920,2015,315,19,20,NA,NA,A,NA,NA,NA,NA,20153151920
1020,2015315,1925,2015,315,19,25,NA,NA,A,NA,NA,NA,NA,20153151925
1021,2015316,1530,2015,316,15,30,NA,NA,T,NA,NA,NA,NA,20153161530
1022,2015316,1825,2015,316,18,25,NA,NA,A,NA,NA,NA,NA,20153161825
1023,2015316,1830,2015,316,18,30,NA,NA,A,NA,NA,NA,NA,20153161830
1024,2015317,1435,2015,317,14,35,NA,NA,T,NA,NA,NA,NA,20153171435
1025,2015317,1615,2015,317,16,15,NA,NA,T,NA,NA,NA,NA,20153171615
1026,2015317,1730,2015,317,17,30,NA,NA,A,NA,NA,NA,NA,20153171730
1027,2015317,1910,2015,317,19,10,NA,NA,A,NA,NA,NA,NA,20153171910
1028,2015318,1515,2015,318,15,15,NA,NA,T,NA,NA,NA,NA,20153181515
1029,2015318,1815,2015,318,18,15,NA,NA,A,NA,NA,NA,NA,20153181815
1030,2015319,1600,2015,319,16,0,NA,NA,T,NA,NA,NA,NA,20153191600
1031,2015319,1855,2015,319,18,55,NA,NA,A,NA,NA,NA,NA,20153191855
1032,2015319,1900,2015,319,19,0,NA,NA,A,NA,NA,NA,NA,20153191900
1033,2015320,1505,2015,320,15,5,NA,NA,T,NA,NA,NA,NA,20153201505
1034,2015320,1640,2015,320,16,40,NA,NA,T,NA,NA,NA,NA,20153201640
1035,2015320,1800,2015,320,18,0,NA,NA,A,NA,NA,NA,NA,20153201800
1036,2015320,1805,2015,320,18,5,NA,NA,A,NA,NA,NA,NA,20153201805
1037,2015321,1550,2015,321,15,50,NA,NA,T,NA,NA,NA,NA,20153211550
1038,2015321,1845,2015,321,18,45,NA,NA,A,NA,NA,NA,NA,20153211845
1039,2015322,1455,2015,322,14,55,NA,NA,T,NA,NA,NA,NA,20153221455
1040,2015322,1630,2015,322,16,30,NA,NA,T,NA,NA,NA,NA,20153221630
1041,2015322,1750,2015,322,17,50,NA,NA,A,NA,NA,NA,NA,20153221750
1042,2015322,1925,2015,322,19,25,NA,NA,A,NA,NA,NA,NA,20153221925
1043,2015322,1930,2015,322,19,30,NA,NA,A,NA,NA,NA,NA,20153221930
1044,2015323,1535,2015,323,15,35,NA,NA,T,NA,NA,NA,NA,20153231535
1045,2015323,1830,2015,323,18,30,NA,NA,A,NA,NA,NA,NA,20153231830
1046,2015323,1835,2015,323,18,35,NA,NA,A,NA,NA,NA,NA,20153231835
1047,2015324,1440,2015,324,14,40,NA,NA,T,NA,NA,NA,NA,20153241440
1048,2015324,1620,2015,324,16,20,NA,NA,T,NA,NA,NA,NA,20153241620
1049,2015324,1735,2015,324,17,35,NA,NA,A,NA,NA,NA,NA,20153241735
1050,2015324,1915,2015,324,19,15,NA,NA,A,NA,NA,NA,NA,20153241915
1051,2015325,1525,2015,325,15,25,NA,NA,T,NA,NA,NA,NA,20153251525
1052,2015325,1820,2015,325,18,20,NA,NA,A,NA,NA,NA,NA,20153251820
1053,2015326,1430,2015,326,14,30,NA,NA,T,NA,NA,NA,NA,20153261430
1054,2015326,1605,2015,326,16,5,6.262499999,-75.58018662,T,0.267,0.18475,0.0128,0,20153261605
1055,2015326,1900,2015,326,19,0,NA,NA,A,NA,NA,NA,NA,20153261900
1056,2015326,1905,2015,326,19,5,NA,NA,A,NA,NA,NA,NA,20153261905
1057,2015327,1510,2015,327,15,10,NA,NA,T,NA,NA,NA,NA,20153271510
1058,2015327,1805,2015,327,18,5,NA,NA,A,NA,NA,NA,NA,20153271805
1059,2015327,1810,2015,327,18,10,NA,NA,A,NA,NA,NA,NA,20153271810
1060,2015328,1555,2015,328,15,55,NA,NA,T,NA,NA,NA,NA,20153281555
1061,2015328,1850,2015,328,18,50,NA,NA,A,NA,NA,NA,NA,20153281850
1062,2015328,1855,2015,328,18,55,NA,NA,A,NA,NA,NA,NA,20153281855
1063,2015329,1500,2015,329,15,0,NA,NA,T,NA,NA,NA,NA,20153291500
1064,2015329,1635,2015,329,16,35,NA,NA,T,NA,NA,NA,NA,20153291635
1065,2015329,1755,2015,329,17,55,NA,NA,A,NA,NA,NA,NA,20153291755
1066,2015329,1935,2015,329,19,35,NA,NA,A,NA,NA,NA,NA,20153291935
1067,2015330,1540,2015,330,15,40,NA,NA,T,NA,NA,NA,NA,20153301540
1068,2015330,1840,2015,330,18,40,NA,NA,A,NA,NA,NA,NA,20153301840
1069,2015331,1445,2015,331,14,45,NA,NA,T,NA,NA,NA,NA,20153311445
1070,2015331,1625,2015,331,16,25,NA,NA,T,NA,NA,NA,NA,20153311625
1071,2015331,1740,2015,331,17,40,NA,NA,A,NA,NA,NA,NA,20153311740
1072,2015331,1920,2015,331,19,20,NA,NA,A,NA,NA,NA,NA,20153311920
1073,2015331,1925,2015,331,19,25,NA,NA,A,NA,NA,NA,NA,20153311925
1074,2015332,1530,2015,332,15,30,NA,NA,T,NA,NA,NA,NA,20153321530
1075,2015332,1825,2015,332,18,25,NA,NA,A,NA,NA,NA,NA,20153321825
1076,2015332,1830,2015,332,18,30,NA,NA,A,NA,NA,NA,NA,20153321830
1077,2015333,1435,2015,333,14,35,NA,NA,T,NA,NA,NA,NA,20153331435
1078,2015333,1610,2015,333,16,10,6.254166666,-75.57898112,T,0.2615,0.181,0.0103,0,20153331610
1079,2015333,1730,2015,333,17,30,NA,NA,A,NA,NA,NA,NA,20153331730
1080,2015333,1910,2015,333,19,10,NA,NA,A,NA,NA,NA,NA,20153331910
1081,2015334,1515,2015,334,15,15,NA,NA,T,NA,NA,NA,NA,20153341515
1082,2015334,1815,2015,334,18,15,NA,NA,A,NA,NA,NA,NA,20153341815
1083,2015335,1600,2015,335,16,0,NA,NA,T,NA,NA,NA,NA,20153351600
1084,2015335,1855,2015,335,18,55,NA,NA,A,NA,NA,NA,NA,20153351855
1085,2015335,1900,2015,335,19,0,NA,NA,A,NA,NA,NA,NA,20153351900
1086,2015336,1505,2015,336,15,5,NA,NA,T,NA,NA,NA,NA,20153361505
1087,2015336,1640,2015,336,16,40,NA,NA,T,NA,NA,NA,NA,20153361640
1088,2015336,1800,2015,336,18,0,NA,NA,A,NA,NA,NA,NA,20153361800
1089,2015336,1805,2015,336,18,5,NA,NA,A,NA,NA,NA,NA,20153361805
1090,2015337,1550,2015,337,15,50,NA,NA,T,NA,NA,NA,NA,20153371550
1091,2015337,1845,2015,337,18,45,NA,NA,A,NA,NA,NA,NA,20153371845
1092,2015338,1455,2015,338,14,55,NA,NA,T,NA,NA,NA,NA,20153381455
1093,2015338,1630,2015,338,16,30,NA,NA,T,NA,NA,NA,NA,20153381630
1094,2015338,1750,2015,338,17,50,NA,NA,A,NA,NA,NA,NA,20153381750
1095,2015338,1925,2015,338,19,25,NA,NA,A,NA,NA,NA,NA,20153381925
1096,2015338,1930,2015,338,19,30,NA,NA,A,NA,NA,NA,NA,20153381930
1097,2015339,1535,2015,339,15,35,NA,NA,T,NA,NA,NA,NA,20153391535
1098,2015339,1830,2015,339,18,30,NA,NA,A,NA,NA,NA,NA,20153391830
1099,2015339,1835,2015,339,18,35,NA,NA,A,NA,NA,NA,NA,20153391835
1100,2015340,1440,2015,340,14,40,NA,NA,T,NA,NA,NA,NA,20153401440
1101,2015340,1620,2015,340,16,20,NA,NA,T,NA,NA,NA,NA,20153401620
1102,2015340,1735,2015,340,17,35,NA,NA,A,NA,NA,NA,NA,20153401735
1103,2015340,1915,2015,340,19,15,NA,NA,A,NA,NA,NA,NA,20153401915
1104,2015341,1525,2015,341,15,25,NA,NA,T,NA,NA,NA,NA,20153411525
1105,2015341,1820,2015,341,18,20,NA,NA,A,NA,NA,NA,NA,20153411820
1106,2015342,1430,2015,342,14,30,NA,NA,T,NA,NA,NA,NA,20153421430
1107,2015342,1605,2015,342,16,5,NA,NA,T,NA,NA,NA,NA,20153421605
1108,2015342,1900,2015,342,19,0,NA,NA,A,NA,NA,NA,NA,20153421900
1109,2015342,1905,2015,342,19,5,NA,NA,A,NA,NA,NA,NA,20153421905
1110,2015343,1510,2015,343,15,10,NA,NA,T,NA,NA,NA,NA,20153431510
1111,2015343,1805,2015,343,18,5,NA,NA,A,NA,NA,NA,NA,20153431805
1112,2015343,1810,2015,343,18,10,NA,NA,A,NA,NA,NA,NA,20153431810
1113,2015344,1555,2015,344,15,55,NA,NA,T,NA,NA,NA,NA,20153441555
1114,2015344,1850,2015,344,18,50,NA,NA,A,NA,NA,NA,NA,20153441850
1115,2015344,1855,2015,344,18,55,NA,NA,A,NA,NA,NA,NA,20153441855
1116,2015345,1500,2015,345,15,0,NA,NA,T,NA,NA,NA,NA,20153451500
1117,2015345,1635,2015,345,16,35,NA,NA,T,NA,NA,NA,NA,20153451635
1118,2015345,1755,2015,345,17,55,NA,NA,A,NA,NA,NA,NA,20153451755
1119,2015345,1935,2015,345,19,35,NA,NA,A,NA,NA,NA,NA,20153451935
1120,2015346,1540,2015,346,15,40,6.262499999,-75.58018662,T,0.0995,0.068,0.0292,0,20153461540
1121,2015346,1840,2015,346,18,40,6.262499999,-75.58018662,A,0.1155,0.0795,0.0256,0,20153461840
1122,2015347,1445,2015,347,14,45,NA,NA,T,NA,NA,NA,NA,20153471445
1123,2015347,1625,2015,347,16,25,NA,NA,T,NA,NA,NA,NA,20153471625
1124,2015347,1740,2015,347,17,40,NA,NA,A,NA,NA,NA,NA,20153471740
1125,2015347,1920,2015,347,19,20,NA,NA,A,NA,NA,NA,NA,20153471920
1126,2015347,1925,2015,347,19,25,NA,NA,A,NA,NA,NA,NA,20153471925
1127,2015348,1530,2015,348,15,30,NA,NA,T,NA,NA,NA,NA,20153481530
1128,2015348,1825,2015,348,18,25,NA,NA,A,NA,NA,NA,NA,20153481825
1129,2015348,1830,2015,348,18,30,NA,NA,A,NA,NA,NA,NA,20153481830
1130,2015349,1435,2015,349,14,35,NA,NA,T,NA,NA,NA,NA,20153491435
1131,2015349,1610,2015,349,16,10,NA,NA,T,NA,NA,NA,NA,20153491610
1132,2015349,1730,2015,349,17,30,NA,NA,A,NA,NA,NA,NA,20153491730
1133,2015349,1910,2015,349,19,10,NA,NA,A,NA,NA,NA,NA,20153491910
1134,2015350,1515,2015,350,15,15,NA,NA,T,NA,NA,NA,NA,20153501515
1135,2015350,1815,2015,350,18,15,NA,NA,A,NA,NA,NA,NA,20153501815
1136,2015351,1855,2015,351,18,55,NA,NA,A,NA,NA,NA,NA,20153511855
1137,2015351,1900,2015,351,19,0,NA,NA,A,NA,NA,NA,NA,20153511900
1138,2015352,1505,2015,352,15,5,NA,NA,T,NA,NA,NA,NA,20153521505
1139,2015352,1640,2015,352,16,40,NA,NA,T,NA,NA,NA,NA,20153521640
1140,2015352,1800,2015,352,18,0,NA,NA,A,NA,NA,NA,NA,20153521800
1141,2015352,1805,2015,352,18,5,NA,NA,A,NA,NA,NA,NA,20153521805
1142,2015353,1550,2015,353,15,50,NA,NA,T,NA,NA,NA,NA,20153531550
1143,2015353,1845,2015,353,18,45,NA,NA,A,NA,NA,NA,NA,20153531845
1144,2015354,1455,2015,354,14,55,NA,NA,T,NA,NA,NA,NA,20153541455
1145,2015354,1630,2015,354,16,30,NA,NA,T,NA,NA,NA,NA,20153541630
1146,2015354,1750,2015,354,17,50,NA,NA,A,NA,NA,NA,NA,20153541750
1147,2015354,1925,2015,354,19,25,NA,NA,A,NA,NA,NA,NA,20153541925
1148,2015354,1930,2015,354,19,30,NA,NA,A,NA,NA,NA,NA,20153541930
1149,2015355,1535,2015,355,15,35,NA,NA,T,NA,NA,NA,NA,20153551535
1150,2015355,1830,2015,355,18,30,NA,NA,A,NA,NA,NA,NA,20153551830
1151,2015355,1835,2015,355,18,35,NA,NA,A,NA,NA,NA,NA,20153551835
1152,2015356,1440,2015,356,14,40,NA,NA,T,NA,NA,NA,NA,20153561440
1153,2015356,1620,2015,356,16,20,NA,NA,T,NA,NA,NA,NA,20153561620
1154,2015356,1735,2015,356,17,35,NA,NA,A,NA,NA,NA,NA,20153561735
1155,2015356,1915,2015,356,19,15,NA,NA,A,NA,NA,NA,NA,20153561915
1156,2015357,1525,2015,357,15,25,NA,NA,T,NA,NA,NA,NA,20153571525
1157,2015357,1820,2015,357,18,20,NA,NA,A,NA,NA,NA,NA,20153571820
1158,2015358,1430,2015,358,14,30,NA,NA,T,NA,NA,NA,NA,20153581430
1159,2015358,1605,2015,358,16,5,NA,NA,T,NA,NA,NA,NA,20153581605
1160,2015358,1900,2015,358,19,0,NA,NA,A,NA,NA,NA,NA,20153581900
1161,2015358,1905,2015,358,19,5,6.262499999,-75.57180326,A,0.029,0.02,0.0167,0,20153581905
1162,2015359,1510,2015,359,15,10,6.262499999,-75.58018662,T,0.065,0.0445,0.0198,0,20153591510
1163,2015359,1805,2015,359,18,5,NA,NA,A,NA,NA,NA,NA,20153591805
1164,2015359,1810,2015,359,18,10,6.262499999,-75.58018662,A,0.124,0.0855,0.0157,0,20153591810
1165,2015360,1555,2015,360,15,55,NA,NA,T,NA,NA,NA,NA,20153601555
1166,2015360,1850,2015,360,18,50,NA,NA,A,NA,NA,NA,NA,20153601850
1167,2015360,1855,2015,360,18,55,NA,NA,A,NA,NA,NA,NA,20153601855
1168,2015361,1500,2015,361,15,0,NA,NA,T,NA,NA,NA,NA,20153611500
1169,2015361,1635,2015,361,16,35,NA,NA,T,NA,NA,NA,NA,20153611635
1170,2015361,1755,2015,361,17,55,NA,NA,A,NA,NA,NA,NA,20153611755
1171,2015361,1935,2015,361,19,35,NA,NA,A,NA,NA,NA,NA,20153611935
1172,2015362,1540,2015,362,15,40,NA,NA,T,NA,NA,NA,NA,20153621540
1173,2015362,1840,2015,362,18,40,NA,NA,A,NA,NA,NA,NA,20153621840
1174,2015363,1445,2015,363,14,45,NA,NA,T,NA,NA,NA,NA,20153631445
1175,2015363,1625,2015,363,16,25,NA,NA,T,NA,NA,NA,NA,20153631625
1176,2015363,1740,2015,363,17,40,NA,NA,A,NA,NA,NA,NA,20153631740
1177,2015363,1920,2015,363,19,20,NA,NA,A,NA,NA,NA,NA,20153631920
1178,2015363,1925,2015,363,19,25,NA,NA,A,NA,NA,NA,NA,20153631925
1179,2015364,1530,2015,364,15,30,NA,NA,T,NA,NA,NA,NA,20153641530
1180,2015364,1825,2015,364,18,25,6.262499999,-75.57180326,A,0.076,0.052,0.03,0,20153641825
1181,2015364,1830,2015,364,18,30,NA,NA,A,NA,NA,NA,NA,20153641830
1182,2015365,1435,2015,365,14,35,NA,NA,T,NA,NA,NA,NA,20153651435
1183,2015365,1610,2015,365,16,10,NA,NA,T,NA,NA,NA,NA,20153651610
1184,2015365,1730,2015,365,17,30,NA,NA,A,NA,NA,NA,NA,20153651730
1185,2015365,1910,2015,365,19,10,NA,NA,A,NA,NA,NA,NA,20153651910
1,2016001,1515,2016,1,15,15,NA,NA,T,NA,NA,NA,NA,20160011515
2,2016001,1815,2016,1,18,15,NA,NA,A,NA,NA,NA,NA,20160011815
3,2016002,1600,2016,2,16,0,NA,NA,T,NA,NA,NA,NA,20160021600
4,2016002,1855,2016,2,18,55,NA,NA,A,NA,NA,NA,NA,20160021855
5,2016002,1900,2016,2,19,0,NA,NA,A,NA,NA,NA,NA,20160021900
6,2016003,1505,2016,3,15,5,6.262499999,-75.58018662,T,0.1365,0.09375,0.0178,0,20160031505
7,2016003,1640,2016,3,16,40,NA,NA,T,NA,NA,NA,NA,20160031640
8,2016003,1800,2016,3,18,0,NA,NA,A,NA,NA,NA,NA,20160031800
9,2016003,1805,2016,3,18,5,NA,NA,A,NA,NA,NA,NA,20160031805
10,2016004,1550,2016,4,15,50,NA,NA,T,NA,NA,NA,NA,20160041550
11,2016004,1845,2016,4,18,45,NA,NA,A,NA,NA,NA,NA,20160041845
12,2016005,1455,2016,5,14,55,NA,NA,T,NA,NA,NA,NA,20160051455
13,2016005,1630,2016,5,16,30,NA,NA,T,NA,NA,NA,NA,20160051630
14,2016005,1750,2016,5,17,50,NA,NA,A,NA,NA,NA,NA,20160051750
15,2016005,1925,2016,5,19,25,NA,NA,A,NA,NA,NA,NA,20160051925
16,2016005,1930,2016,5,19,30,NA,NA,A,NA,NA,NA,NA,20160051930
17,2016006,1535,2016,6,15,35,NA,NA,T,NA,NA,NA,NA,20160061535
18,2016006,1830,2016,6,18,30,NA,NA,A,NA,NA,NA,NA,20160061830
19,2016006,1835,2016,6,18,35,NA,NA,A,NA,NA,NA,NA,20160061835
20,2016007,1440,2016,7,14,40,NA,NA,T,NA,NA,NA,NA,20160071440
21,2016007,1620,2016,7,16,20,NA,NA,T,NA,NA,NA,NA,20160071620
22,2016007,1735,2016,7,17,35,NA,NA,A,NA,NA,NA,NA,20160071735
23,2016007,1915,2016,7,19,15,NA,NA,A,NA,NA,NA,NA,20160071915
24,2016008,1525,2016,8,15,25,NA,NA,T,NA,NA,NA,NA,20160081525
25,2016008,1820,2016,8,18,20,NA,NA,A,NA,NA,NA,NA,20160081820
26,2016009,1430,2016,9,14,30,NA,NA,T,NA,NA,NA,NA,20160091430
27,2016009,1605,2016,9,16,5,NA,NA,T,NA,NA,NA,NA,20160091605
28,2016009,1900,2016,9,19,0,NA,NA,A,NA,NA,NA,NA,20160091900
29,2016009,1905,2016,9,19,5,NA,NA,A,NA,NA,NA,NA,20160091905
30,2016010,1510,2016,10,15,10,NA,NA,T,NA,NA,NA,NA,20160101510
31,2016010,1805,2016,10,18,5,NA,NA,A,NA,NA,NA,NA,20160101805
32,2016010,1810,2016,10,18,10,NA,NA,A,NA,NA,NA,NA,20160101810
33,2016011,1555,2016,11,15,55,NA,NA,T,NA,NA,NA,NA,20160111555
34,2016011,1850,2016,11,18,50,NA,NA,A,NA,NA,NA,NA,20160111850
35,2016011,1855,2016,11,18,55,NA,NA,A,NA,NA,NA,NA,20160111855
36,2016012,1500,2016,12,15,0,6.262499999,-75.58018662,T,0.2205,0.153,0.0182,0,20160121500
37,2016012,1635,2016,12,16,35,NA,NA,T,NA,NA,NA,NA,20160121635
38,2016012,1755,2016,12,17,55,NA,NA,A,NA,NA,NA,NA,20160121755
39,2016012,1935,2016,12,19,35,NA,NA,A,NA,NA,NA,NA,20160121935
40,2016013,1540,2016,13,15,40,NA,NA,T,NA,NA,NA,NA,20160131540
41,2016013,1840,2016,13,18,40,NA,NA,A,NA,NA,NA,NA,20160131840
42,2016014,1445,2016,14,14,45,NA,NA,T,NA,NA,NA,NA,20160141445
43,2016014,1625,2016,14,16,25,NA,NA,T,NA,NA,NA,NA,20160141625
44,2016014,1740,2016,14,17,40,NA,NA,A,NA,NA,NA,NA,20160141740
45,2016014,1920,2016,14,19,20,NA,NA,A,NA,NA,NA,NA,20160141920
46,2016014,1925,2016,14,19,25,NA,NA,A,NA,NA,NA,NA,20160141925
47,2016015,1530,2016,15,15,30,6.262499999,-75.58018662,T,0.22875,0.1585,0.0271,0,20160151530
48,2016015,1825,2016,15,18,25,NA,NA,A,NA,NA,NA,NA,20160151825
49,2016015,1830,2016,15,18,30,NA,NA,A,NA,NA,NA,NA,20160151830
50,2016016,1435,2016,16,14,35,NA,NA,T,NA,NA,NA,NA,20160161435
51,2016016,1610,2016,16,16,10,6.262499999,-75.58018662,T,0.16475,0.11325,0.0094,0,20160161610
52,2016016,1730,2016,16,17,30,NA,NA,A,NA,NA,NA,NA,20160161730
53,2016016,1910,2016,16,19,10,NA,NA,A,NA,NA,NA,NA,20160161910
54,2016017,1515,2016,17,15,15,6.262499999,-75.58018662,T,0.10475,0.0715,0.0218,0,20160171515
55,2016017,1815,2016,17,18,15,6.262499999,-75.58018662,A,0.13125,0.09025,0.0215,0,20160171815
56,2016018,1600,2016,18,16,0,6.262499999,-75.58018662,T,0.20825,0.144,0.0148,0,20160181600
57,2016018,1855,2016,18,18,55,NA,NA,A,NA,NA,NA,NA,20160181855
58,2016018,1900,2016,18,19,0,NA,NA,A,NA,NA,NA,NA,20160181900
59,2016019,1505,2016,19,15,5,NA,NA,T,NA,NA,NA,NA,20160191505
60,2016019,1640,2016,19,16,40,NA,NA,T,NA,NA,NA,NA,20160191640
61,2016019,1800,2016,19,18,0,NA,NA,A,NA,NA,NA,NA,20160191800
62,2016019,1805,2016,19,18,5,NA,NA,A,NA,NA,NA,NA,20160191805
63,2016020,1550,2016,20,15,50,NA,NA,T,NA,NA,NA,NA,20160201550
64,2016020,1845,2016,20,18,45,6.262499999,-75.58018662,A,0.25625,0.17775,0.025,0,20160201845
65,2016021,1455,2016,21,14,55,NA,NA,T,NA,NA,NA,NA,20160211455
66,2016021,1630,2016,21,16,30,NA,NA,T,NA,NA,NA,NA,20160211630
67,2016021,1750,2016,21,17,50,NA,NA,A,NA,NA,NA,NA,20160211750
68,2016021,1925,2016,21,19,25,NA,NA,A,NA,NA,NA,NA,20160211925
69,2016021,1930,2016,21,19,30,NA,NA,A,NA,NA,NA,NA,20160211930
70,2016022,1535,2016,22,15,35,NA,NA,T,NA,NA,NA,NA,20160221535
71,2016022,1830,2016,22,18,30,NA,NA,A,NA,NA,NA,NA,20160221830
72,2016022,1835,2016,22,18,35,NA,NA,A,NA,NA,NA,NA,20160221835
73,2016023,1440,2016,23,14,40,NA,NA,T,NA,NA,NA,NA,20160231440
74,2016023,1620,2016,23,16,20,NA,NA,T,NA,NA,NA,NA,20160231620
75,2016023,1735,2016,23,17,35,NA,NA,A,NA,NA,NA,NA,20160231735
76,2016023,1915,2016,23,19,15,NA,NA,A,NA,NA,NA,NA,20160231915
77,2016024,1525,2016,24,15,25,NA,NA,T,NA,NA,NA,NA,20160241525
78,2016024,1820,2016,24,18,20,NA,NA,A,NA,NA,NA,NA,20160241820
79,2016025,1430,2016,25,14,30,NA,NA,T,NA,NA,NA,NA,20160251430
80,2016025,1605,2016,25,16,5,NA,NA,T,NA,NA,NA,NA,20160251605
81,2016025,1900,2016,25,19,0,NA,NA,A,NA,NA,NA,NA,20160251900
82,2016025,1905,2016,25,19,5,NA,NA,A,NA,NA,NA,NA,20160251905
83,2016026,1510,2016,26,15,10,6.262499999,-75.58018662,T,0.291,0.202,0.0201,0,20160261510
84,2016026,1805,2016,26,18,5,NA,NA,A,NA,NA,NA,NA,20160261805
85,2016026,1810,2016,26,18,10,NA,NA,A,NA,NA,NA,NA,20160261810
86,2016027,1555,2016,27,15,55,NA,NA,T,NA,NA,NA,NA,20160271555
87,2016027,1850,2016,27,18,50,NA,NA,A,NA,NA,NA,NA,20160271850
88,2016027,1855,2016,27,18,55,NA,NA,A,NA,NA,NA,NA,20160271855
89,2016028,1500,2016,28,15,0,NA,NA,T,NA,NA,NA,NA,20160281500
90,2016028,1635,2016,28,16,35,NA,NA,T,NA,NA,NA,NA,20160281635
91,2016028,1755,2016,28,17,55,NA,NA,A,NA,NA,NA,NA,20160281755
92,2016028,1935,2016,28,19,35,NA,NA,A,NA,NA,NA,NA,20160281935
93,2016029,1540,2016,29,15,40,NA,NA,T,NA,NA,NA,NA,20160291540
94,2016029,1840,2016,29,18,40,NA,NA,A,NA,NA,NA,NA,20160291840
95,2016030,1445,2016,30,14,45,NA,NA,T,NA,NA,NA,NA,20160301445
96,2016030,1625,2016,30,16,25,NA,NA,T,NA,NA,NA,NA,20160301625
97,2016030,1740,2016,30,17,40,NA,NA,A,NA,NA,NA,NA,20160301740
98,2016030,1920,2016,30,19,20,NA,NA,A,NA,NA,NA,NA,20160301920
99,2016030,1925,2016,30,19,25,NA,NA,A,NA,NA,NA,NA,20160301925
100,2016031,1530,2016,31,15,30,NA,NA,T,NA,NA,NA,NA,20160311530
101,2016031,1825,2016,31,18,25,NA,NA,A,NA,NA,NA,NA,20160311825
102,2016031,1830,2016,31,18,30,NA,NA,A,NA,NA,NA,NA,20160311830
103,2016032,1435,2016,32,14,35,NA,NA,T,NA,NA,NA,NA,20160321435
104,2016032,1610,2016,32,16,10,NA,NA,T,NA,NA,NA,NA,20160321610
105,2016032,1730,2016,32,17,30,NA,NA,A,NA,NA,NA,NA,20160321730
106,2016032,1910,2016,32,19,10,NA,NA,A,NA,NA,NA,NA,20160321910
107,2016033,1515,2016,33,15,15,NA,NA,T,NA,NA,NA,NA,20160331515
108,2016033,1815,2016,33,18,15,NA,NA,A,NA,NA,NA,NA,20160331815
109,2016034,1600,2016,34,16,0,NA,NA,T,NA,NA,NA,NA,20160341600
110,2016034,1855,2016,34,18,55,NA,NA,A,NA,NA,NA,NA,20160341855
111,2016034,1900,2016,34,19,0,NA,NA,A,NA,NA,NA,NA,20160341900
112,2016035,1505,2016,35,15,5,NA,NA,T,NA,NA,NA,NA,20160351505
113,2016035,1640,2016,35,16,40,NA,NA,T,NA,NA,NA,NA,20160351640
114,2016035,1800,2016,35,18,0,NA,NA,A,NA,NA,NA,NA,20160351800
115,2016035,1805,2016,35,18,5,NA,NA,A,NA,NA,NA,NA,20160351805
116,2016036,1550,2016,36,15,50,NA,NA,T,NA,NA,NA,NA,20160361550
117,2016036,1845,2016,36,18,45,NA,NA,A,NA,NA,NA,NA,20160361845
118,2016037,1455,2016,37,14,55,NA,NA,T,NA,NA,NA,NA,20160371455
119,2016037,1630,2016,37,16,30,NA,NA,T,NA,NA,NA,NA,20160371630
120,2016037,1750,2016,37,17,50,NA,NA,A,NA,NA,NA,NA,20160371750
121,2016037,1925,2016,37,19,25,NA,NA,A,NA,NA,NA,NA,20160371925
122,2016037,1930,2016,37,19,30,NA,NA,A,NA,NA,NA,NA,20160371930
123,2016038,1535,2016,38,15,35,NA,NA,T,NA,NA,NA,NA,20160381535
124,2016038,1830,2016,38,18,30,NA,NA,A,NA,NA,NA,NA,20160381830
125,2016038,1835,2016,38,18,35,NA,NA,A,NA,NA,NA,NA,20160381835
126,2016039,1440,2016,39,14,40,NA,NA,T,NA,NA,NA,NA,20160391440
127,2016039,1620,2016,39,16,20,NA,NA,T,NA,NA,NA,NA,20160391620
128,2016039,1735,2016,39,17,35,NA,NA,A,NA,NA,NA,NA,20160391735
129,2016039,1915,2016,39,19,15,NA,NA,A,NA,NA,NA,NA,20160391915
130,2016040,1525,2016,40,15,25,NA,NA,T,NA,NA,NA,NA,20160401525
131,2016040,1820,2016,40,18,20,NA,NA,A,NA,NA,NA,NA,20160401820
132,2016041,1430,2016,41,14,30,NA,NA,T,NA,NA,NA,NA,20160411430
133,2016041,1605,2016,41,16,5,NA,NA,T,NA,NA,NA,NA,20160411605
134,2016041,1900,2016,41,19,0,NA,NA,A,NA,NA,NA,NA,20160411900
135,2016041,1905,2016,41,19,5,NA,NA,A,NA,NA,NA,NA,20160411905
136,2016042,1510,2016,42,15,10,NA,NA,T,NA,NA,NA,NA,20160421510
137,2016042,1805,2016,42,18,5,NA,NA,A,NA,NA,NA,NA,20160421805
138,2016042,1810,2016,42,18,10,NA,NA,A,NA,NA,NA,NA,20160421810
139,2016043,1555,2016,43,15,55,NA,NA,T,NA,NA,NA,NA,20160431555
140,2016043,1850,2016,43,18,50,6.262499999,-75.58018662,A,0.2915,0.203,0.0298,0,20160431850
141,2016043,1855,2016,43,18,55,NA,NA,A,NA,NA,NA,NA,20160431855
142,2016044,1500,2016,44,15,0,NA,NA,T,NA,NA,NA,NA,20160441500
143,2016044,1635,2016,44,16,35,NA,NA,T,NA,NA,NA,NA,20160441635
144,2016044,1755,2016,44,17,55,NA,NA,A,NA,NA,NA,NA,20160441755
145,2016044,1935,2016,44,19,35,NA,NA,A,NA,NA,NA,NA,20160441935
146,2016045,1540,2016,45,15,40,NA,NA,T,NA,NA,NA,NA,20160451540
147,2016045,1840,2016,45,18,40,NA,NA,A,NA,NA,NA,NA,20160451840
148,2016046,1445,2016,46,14,45,NA,NA,T,NA,NA,NA,NA,20160461445
149,2016046,1625,2016,46,16,25,NA,NA,T,NA,NA,NA,NA,20160461625
150,2016046,1740,2016,46,17,40,NA,NA,A,NA,NA,NA,NA,20160461740
151,2016046,1920,2016,46,19,20,NA,NA,A,NA,NA,NA,NA,20160461920
152,2016046,1925,2016,46,19,25,NA,NA,A,NA,NA,NA,NA,20160461925
153,2016047,1530,2016,47,15,30,NA,NA,T,NA,NA,NA,NA,20160471530
154,2016047,1825,2016,47,18,25,NA,NA,A,NA,NA,NA,NA,20160471825
155,2016047,1830,2016,47,18,30,NA,NA,A,NA,NA,NA,NA,20160471830
156,2016048,1435,2016,48,14,35,NA,NA,T,NA,NA,NA,NA,20160481435
157,2016048,1610,2016,48,16,10,NA,NA,T,NA,NA,NA,NA,20160481610
158,2016048,1730,2016,48,17,30,NA,NA,A,NA,NA,NA,NA,20160481730
159,2016048,1910,2016,48,19,10,NA,NA,A,NA,NA,NA,NA,20160481910
160,2016057,1905,2016,57,19,5,NA,NA,A,NA,NA,NA,NA,20160571905
161,2016058,1805,2016,58,18,5,NA,NA,A,NA,NA,NA,NA,20160581805
162,2016058,1810,2016,58,18,10,NA,NA,A,NA,NA,NA,NA,20160581810
163,2016059,1555,2016,59,15,55,NA,NA,T,NA,NA,NA,NA,20160591555
164,2016059,1850,2016,59,18,50,NA,NA,A,NA,NA,NA,NA,20160591850
165,2016059,1855,2016,59,18,55,NA,NA,A,NA,NA,NA,NA,20160591855
166,2016060,1500,2016,60,15,0,NA,NA,T,NA,NA,NA,NA,20160601500
167,2016060,1635,2016,60,16,35,NA,NA,T,NA,NA,NA,NA,20160601635
168,2016060,1755,2016,60,17,55,NA,NA,A,NA,NA,NA,NA,20160601755
169,2016060,1935,2016,60,19,35,NA,NA,A,NA,NA,NA,NA,20160601935
170,2016061,1540,2016,61,15,40,NA,NA,T,NA,NA,NA,NA,20160611540
171,2016061,1840,2016,61,18,40,NA,NA,A,NA,NA,NA,NA,20160611840
172,2016062,1445,2016,62,14,45,NA,NA,T,NA,NA,NA,NA,20160621445
173,2016062,1625,2016,62,16,25,NA,NA,T,NA,NA,NA,NA,20160621625
174,2016062,1920,2016,62,19,20,NA,NA,A,NA,NA,NA,NA,20160621920
175,2016062,1925,2016,62,19,25,NA,NA,A,NA,NA,NA,NA,20160621925
176,2016063,1825,2016,63,18,25,NA,NA,A,NA,NA,NA,NA,20160631825
177,2016063,1830,2016,63,18,30,NA,NA,A,NA,NA,NA,NA,20160631830
178,2016064,1435,2016,64,14,35,NA,NA,T,NA,NA,NA,NA,20160641435
179,2016064,1610,2016,64,16,10,NA,NA,T,NA,NA,NA,NA,20160641610
180,2016064,1730,2016,64,17,30,NA,NA,A,NA,NA,NA,NA,20160641730
181,2016064,1910,2016,64,19,10,NA,NA,A,NA,NA,NA,NA,20160641910
182,2016065,1515,2016,65,15,15,NA,NA,T,NA,NA,NA,NA,20160651515
183,2016065,1815,2016,65,18,15,NA,NA,A,NA,NA,NA,NA,20160651815
184,2016066,1600,2016,66,16,0,NA,NA,T,NA,NA,NA,NA,20160661600
185,2016066,1855,2016,66,18,55,NA,NA,A,NA,NA,NA,NA,20160661855
186,2016066,1900,2016,66,19,0,NA,NA,A,NA,NA,NA,NA,20160661900
187,2016067,1505,2016,67,15,5,NA,NA,T,NA,NA,NA,NA,20160671505
188,2016067,1640,2016,67,16,40,NA,NA,T,NA,NA,NA,NA,20160671640
189,2016067,1800,2016,67,18,0,NA,NA,A,NA,NA,NA,NA,20160671800
190,2016067,1805,2016,67,18,5,NA,NA,A,NA,NA,NA,NA,20160671805
191,2016068,1545,2016,68,15,45,NA,NA,T,NA,NA,NA,NA,20160681545
192,2016068,1845,2016,68,18,45,NA,NA,A,NA,NA,NA,NA,20160681845
193,2016069,1450,2016,69,14,50,NA,NA,T,NA,NA,NA,NA,20160691450
194,2016069,1630,2016,69,16,30,NA,NA,T,NA,NA,NA,NA,20160691630
195,2016069,1750,2016,69,17,50,NA,NA,A,NA,NA,NA,NA,20160691750
196,2016069,1930,2016,69,19,30,NA,NA,A,NA,NA,NA,NA,20160691930
197,2016070,1535,2016,70,15,35,NA,NA,T,NA,NA,NA,NA,20160701535
198,2016070,1830,2016,70,18,30,NA,NA,A,NA,NA,NA,NA,20160701830
199,2016070,1835,2016,70,18,35,NA,NA,A,NA,NA,NA,NA,20160701835
200,2016071,1735,2016,71,17,35,NA,NA,A,NA,NA,NA,NA,20160711735
201,2016071,1915,2016,71,19,15,NA,NA,A,NA,NA,NA,NA,20160711915
202,2016071,1920,2016,71,19,20,NA,NA,A,NA,NA,NA,NA,20160711920
203,2016072,1525,2016,72,15,25,NA,NA,T,NA,NA,NA,NA,20160721525
204,2016072,1820,2016,72,18,20,NA,NA,A,NA,NA,NA,NA,20160721820
205,2016072,1825,2016,72,18,25,NA,NA,A,NA,NA,NA,NA,20160721825
206,2016073,1425,2016,73,14,25,NA,NA,T,NA,NA,NA,NA,20160731425
207,2016073,1605,2016,73,16,5,NA,NA,T,NA,NA,NA,NA,20160731605
208,2016073,1905,2016,73,19,5,NA,NA,A,NA,NA,NA,NA,20160731905
209,2016074,1510,2016,74,15,10,NA,NA,T,NA,NA,NA,NA,20160741510
210,2016074,1805,2016,74,18,5,NA,NA,A,NA,NA,NA,NA,20160741805
211,2016074,1810,2016,74,18,10,NA,NA,A,NA,NA,NA,NA,20160741810
212,2016075,1555,2016,75,15,55,NA,NA,T,NA,NA,NA,NA,20160751555
213,2016075,1850,2016,75,18,50,NA,NA,A,NA,NA,NA,NA,20160751850
214,2016075,1855,2016,75,18,55,NA,NA,A,NA,NA,NA,NA,20160751855
215,2016076,1500,2016,76,15,0,NA,NA,T,NA,NA,NA,NA,20160761500
216,2016076,1635,2016,76,16,35,NA,NA,T,NA,NA,NA,NA,20160761635
217,2016076,1755,2016,76,17,55,NA,NA,A,NA,NA,NA,NA,20160761755
218,2016076,1935,2016,76,19,35,NA,NA,A,NA,NA,NA,NA,20160761935
219,2016077,1540,2016,77,15,40,NA,NA,T,NA,NA,NA,NA,20160771540
220,2016077,1840,2016,77,18,40,NA,NA,A,NA,NA,NA,NA,20160771840
221,2016078,1445,2016,78,14,45,NA,NA,T,NA,NA,NA,NA,20160781445
222,2016078,1625,2016,78,16,25,NA,NA,T,NA,NA,NA,NA,20160781625
223,2016078,1745,2016,78,17,45,NA,NA,A,NA,NA,NA,NA,20160781745
224,2016078,1920,2016,78,19,20,NA,NA,A,NA,NA,NA,NA,20160781920
225,2016078,1925,2016,78,19,25,NA,NA,A,NA,NA,NA,NA,20160781925
226,2016079,1530,2016,79,15,30,NA,NA,T,NA,NA,NA,NA,20160791530
227,2016079,1825,2016,79,18,25,NA,NA,A,NA,NA,NA,NA,20160791825
228,2016079,1830,2016,79,18,30,NA,NA,A,NA,NA,NA,NA,20160791830
229,2016080,1435,2016,80,14,35,NA,NA,T,NA,NA,NA,NA,20160801435
230,2016080,1610,2016,80,16,10,NA,NA,T,NA,NA,NA,NA,20160801610
231,2016080,1730,2016,80,17,30,NA,NA,A,NA,NA,NA,NA,20160801730
232,2016080,1910,2016,80,19,10,NA,NA,A,NA,NA,NA,NA,20160801910
233,2016081,1515,2016,81,15,15,NA,NA,T,NA,NA,NA,NA,20160811515
234,2016081,1815,2016,81,18,15,NA,NA,A,NA,NA,NA,NA,20160811815
235,2016082,1600,2016,82,16,0,NA,NA,T,NA,NA,NA,NA,20160821600
236,2016082,1855,2016,82,18,55,NA,NA,A,NA,NA,NA,NA,20160821855
237,2016082,1900,2016,82,19,0,NA,NA,A,NA,NA,NA,NA,20160821900
238,2016083,1505,2016,83,15,5,NA,NA,T,NA,NA,NA,NA,20160831505
239,2016083,1640,2016,83,16,40,NA,NA,T,NA,NA,NA,NA,20160831640
240,2016083,1800,2016,83,18,0,NA,NA,A,NA,NA,NA,NA,20160831800
241,2016083,1805,2016,83,18,5,NA,NA,A,NA,NA,NA,NA,20160831805
242,2016084,1545,2016,84,15,45,NA,NA,T,NA,NA,NA,NA,20160841545
243,2016084,1845,2016,84,18,45,NA,NA,A,NA,NA,NA,NA,20160841845
244,2016085,1450,2016,85,14,50,NA,NA,T,NA,NA,NA,NA,20160851450
245,2016085,1630,2016,85,16,30,NA,NA,T,NA,NA,NA,NA,20160851630
246,2016085,1750,2016,85,17,50,6.262499999,-75.58018662,A,0.44375,0.313,0.0109,0,20160851750
247,2016085,1930,2016,85,19,30,NA,NA,A,NA,NA,NA,NA,20160851930
248,2016086,1535,2016,86,15,35,NA,NA,T,NA,NA,NA,NA,20160861535
249,2016086,1830,2016,86,18,30,NA,NA,A,NA,NA,NA,NA,20160861830
250,2016086,1835,2016,86,18,35,NA,NA,A,NA,NA,NA,NA,20160861835
251,2016087,1440,2016,87,14,40,NA,NA,T,NA,NA,NA,NA,20160871440
252,2016087,1620,2016,87,16,20,NA,NA,T,NA,NA,NA,NA,20160871620
253,2016087,1735,2016,87,17,35,NA,NA,A,NA,NA,NA,NA,20160871735
254,2016087,1915,2016,87,19,15,NA,NA,A,NA,NA,NA,NA,20160871915
255,2016087,1920,2016,87,19,20,NA,NA,A,NA,NA,NA,NA,20160871920
256,2016088,1525,2016,88,15,25,NA,NA,T,NA,NA,NA,NA,20160881525
257,2016088,1820,2016,88,18,20,NA,NA,A,NA,NA,NA,NA,20160881820
258,2016088,1825,2016,88,18,25,NA,NA,A,NA,NA,NA,NA,20160881825
259,2016089,1430,2016,89,14,30,NA,NA,T,NA,NA,NA,NA,20160891430
260,2016089,1605,2016,89,16,5,NA,NA,T,NA,NA,NA,NA,20160891605
261,2016089,1905,2016,89,19,5,NA,NA,A,NA,NA,NA,NA,20160891905
262,2016090,1510,2016,90,15,10,NA,NA,T,NA,NA,NA,NA,20160901510
263,2016090,1810,2016,90,18,10,NA,NA,A,NA,NA,NA,NA,20160901810
264,2016091,1555,2016,91,15,55,NA,NA,T,NA,NA,NA,NA,20160911555
265,2016091,1850,2016,91,18,50,NA,NA,A,NA,NA,NA,NA,20160911850
266,2016091,1855,2016,91,18,55,NA,NA,A,NA,NA,NA,NA,20160911855
267,2016092,1500,2016,92,15,0,NA,NA,T,NA,NA,NA,NA,20160921500
268,2016092,1635,2016,92,16,35,NA,NA,T,NA,NA,NA,NA,20160921635
269,2016092,1755,2016,92,17,55,NA,NA,A,NA,NA,NA,NA,20160921755
270,2016092,1935,2016,92,19,35,NA,NA,A,NA,NA,NA,NA,20160921935
271,2016093,1540,2016,93,15,40,NA,NA,T,NA,NA,NA,NA,20160931540
272,2016093,1840,2016,93,18,40,NA,NA,A,NA,NA,NA,NA,20160931840
273,2016094,1445,2016,94,14,45,NA,NA,T,NA,NA,NA,NA,20160941445
274,2016094,1625,2016,94,16,25,NA,NA,T,NA,NA,NA,NA,20160941625
275,2016094,1745,2016,94,17,45,NA,NA,A,NA,NA,NA,NA,20160941745
276,2016094,1920,2016,94,19,20,NA,NA,A,NA,NA,NA,NA,20160941920
277,2016094,1925,2016,94,19,25,NA,NA,A,NA,NA,NA,NA,20160941925
278,2016095,1530,2016,95,15,30,6.262499999,-75.58018662,T,0.15825,0.109,0.0451,0,20160951530
279,2016095,1825,2016,95,18,25,NA,NA,A,NA,NA,NA,NA,20160951825
280,2016095,1830,2016,95,18,30,NA,NA,A,NA,NA,NA,NA,20160951830
281,2016096,1435,2016,96,14,35,NA,NA,T,NA,NA,NA,NA,20160961435
282,2016096,1610,2016,96,16,10,NA,NA,T,NA,NA,NA,NA,20160961610
283,2016096,1730,2016,96,17,30,NA,NA,A,NA,NA,NA,NA,20160961730
284,2016096,1910,2016,96,19,10,NA,NA,A,NA,NA,NA,NA,20160961910
285,2016097,1515,2016,97,15,15,NA,NA,T,NA,NA,NA,NA,20160971515
286,2016097,1815,2016,97,18,15,NA,NA,A,NA,NA,NA,NA,20160971815
287,2016098,1600,2016,98,16,0,NA,NA,T,NA,NA,NA,NA,20160981600
288,2016098,1855,2016,98,18,55,NA,NA,A,NA,NA,NA,NA,20160981855
289,2016098,1900,2016,98,19,0,NA,NA,A,NA,NA,NA,NA,20160981900
290,2016099,1505,2016,99,15,5,NA,NA,T,NA,NA,NA,NA,20160991505
291,2016099,1640,2016,99,16,40,NA,NA,T,NA,NA,NA,NA,20160991640
292,2016099,1800,2016,99,18,0,NA,NA,A,NA,NA,NA,NA,20160991800
293,2016099,1805,2016,99,18,5,NA,NA,A,NA,NA,NA,NA,20160991805
294,2016100,1550,2016,100,15,50,NA,NA,T,NA,NA,NA,NA,20161001550
295,2016100,1845,2016,100,18,45,NA,NA,A,NA,NA,NA,NA,20161001845
296,2016100,1850,2016,100,18,50,NA,NA,A,NA,NA,NA,NA,20161001850
297,2016101,1450,2016,101,14,50,NA,NA,T,NA,NA,NA,NA,20161011450
298,2016101,1630,2016,101,16,30,NA,NA,T,NA,NA,NA,NA,20161011630
299,2016101,1750,2016,101,17,50,NA,NA,A,NA,NA,NA,NA,20161011750
300,2016101,1930,2016,101,19,30,NA,NA,A,NA,NA,NA,NA,20161011930
301,2016102,1535,2016,102,15,35,NA,NA,T,NA,NA,NA,NA,20161021535
302,2016102,1830,2016,102,18,30,NA,NA,A,NA,NA,NA,NA,20161021830
303,2016102,1835,2016,102,18,35,NA,NA,A,NA,NA,NA,NA,20161021835
304,2016103,1440,2016,103,14,40,NA,NA,T,NA,NA,NA,NA,20161031440
305,2016103,1620,2016,103,16,20,NA,NA,T,NA,NA,NA,NA,20161031620
306,2016103,1735,2016,103,17,35,NA,NA,A,NA,NA,NA,NA,20161031735
307,2016103,1915,2016,103,19,15,NA,NA,A,NA,NA,NA,NA,20161031915
308,2016103,1920,2016,103,19,20,NA,NA,A,NA,NA,NA,NA,20161031920
309,2016104,1525,2016,104,15,25,NA,NA,T,NA,NA,NA,NA,20161041525
310,2016104,1820,2016,104,18,20,NA,NA,A,NA,NA,NA,NA,20161041820
311,2016104,1825,2016,104,18,25,NA,NA,A,NA,NA,NA,NA,20161041825
312,2016105,1905,2016,105,19,5,NA,NA,A,NA,NA,NA,NA,20161051905
313,2016106,1510,2016,106,15,10,6.262499999,-75.58018662,T,0.24075,0.16725,0.027,0,20161061510
314,2016106,1810,2016,106,18,10,NA,NA,A,NA,NA,NA,NA,20161061810
315,2016107,1555,2016,107,15,55,NA,NA,T,NA,NA,NA,NA,20161071555
316,2016107,1850,2016,107,18,50,NA,NA,A,NA,NA,NA,NA,20161071850
317,2016107,1855,2016,107,18,55,NA,NA,A,NA,NA,NA,NA,20161071855
318,2016108,1500,2016,108,15,0,NA,NA,T,NA,NA,NA,NA,20161081500
319,2016108,1635,2016,108,16,35,NA,NA,T,NA,NA,NA,NA,20161081635
320,2016108,1755,2016,108,17,55,NA,NA,A,NA,NA,NA,NA,20161081755
321,2016108,1935,2016,108,19,35,NA,NA,A,NA,NA,NA,NA,20161081935
322,2016109,1540,2016,109,15,40,NA,NA,T,NA,NA,NA,NA,20161091540
323,2016109,1840,2016,109,18,40,NA,NA,A,NA,NA,NA,NA,20161091840
324,2016110,1445,2016,110,14,45,NA,NA,T,NA,NA,NA,NA,20161101445
325,2016110,1625,2016,110,16,25,NA,NA,T,NA,NA,NA,NA,20161101625
326,2016110,1745,2016,110,17,45,NA,NA,A,NA,NA,NA,NA,20161101745
327,2016110,1920,2016,110,19,20,NA,NA,A,NA,NA,NA,NA,20161101920
328,2016110,1925,2016,110,19,25,NA,NA,A,NA,NA,NA,NA,20161101925
329,2016111,1530,2016,111,15,30,NA,NA,T,NA,NA,NA,NA,20161111530
330,2016111,1825,2016,111,18,25,NA,NA,A,NA,NA,NA,NA,20161111825
331,2016111,1830,2016,111,18,30,NA,NA,A,NA,NA,NA,NA,20161111830
332,2016112,1435,2016,112,14,35,NA,NA,T,NA,NA,NA,NA,20161121435
333,2016112,1610,2016,112,16,10,6.262499999,-75.58018662,T,0.12225,0.084,0.0136,0,20161121610
334,2016112,1730,2016,112,17,30,NA,NA,A,NA,NA,NA,NA,20161121730
335,2016112,1910,2016,112,19,10,NA,NA,A,NA,NA,NA,NA,20161121910
336,2016113,1515,2016,113,15,15,NA,NA,T,NA,NA,NA,NA,20161131515
337,2016113,1815,2016,113,18,15,NA,NA,A,NA,NA,NA,NA,20161131815
338,2016114,1600,2016,114,16,0,NA,NA,T,NA,NA,NA,NA,20161141600
339,2016114,1855,2016,114,18,55,NA,NA,A,NA,NA,NA,NA,20161141855
340,2016114,1900,2016,114,19,0,NA,NA,A,NA,NA,NA,NA,20161141900
341,2016115,1505,2016,115,15,5,NA,NA,T,NA,NA,NA,NA,20161151505
342,2016115,1640,2016,115,16,40,NA,NA,T,NA,NA,NA,NA,20161151640
343,2016115,1800,2016,115,18,0,NA,NA,A,NA,NA,NA,NA,20161151800
344,2016115,1805,2016,115,18,5,NA,NA,A,NA,NA,NA,NA,20161151805
345,2016116,1550,2016,116,15,50,NA,NA,T,NA,NA,NA,NA,20161161550
346,2016116,1845,2016,116,18,45,NA,NA,A,NA,NA,NA,NA,20161161845
347,2016116,1850,2016,116,18,50,NA,NA,A,NA,NA,NA,NA,20161161850
348,2016117,1455,2016,117,14,55,NA,NA,T,NA,NA,NA,NA,20161171455
349,2016117,1630,2016,117,16,30,NA,NA,T,NA,NA,NA,NA,20161171630
350,2016117,1750,2016,117,17,50,NA,NA,A,NA,NA,NA,NA,20161171750
351,2016117,1930,2016,117,19,30,NA,NA,A,NA,NA,NA,NA,20161171930
352,2016118,1535,2016,118,15,35,NA,NA,T,NA,NA,NA,NA,20161181535
353,2016118,1830,2016,118,18,30,NA,NA,A,NA,NA,NA,NA,20161181830
354,2016118,1835,2016,118,18,35,NA,NA,A,NA,NA,NA,NA,20161181835
355,2016119,1440,2016,119,14,40,NA,NA,T,NA,NA,NA,NA,20161191440
356,2016119,1620,2016,119,16,20,NA,NA,T,NA,NA,NA,NA,20161191620
357,2016119,1735,2016,119,17,35,NA,NA,A,NA,NA,NA,NA,20161191735
358,2016119,1915,2016,119,19,15,NA,NA,A,NA,NA,NA,NA,20161191915
359,2016119,1920,2016,119,19,20,NA,NA,A,NA,NA,NA,NA,20161191920
360,2016120,1525,2016,120,15,25,NA,NA,T,NA,NA,NA,NA,20161201525
361,2016120,1820,2016,120,18,20,NA,NA,A,NA,NA,NA,NA,20161201820
362,2016120,1825,2016,120,18,25,NA,NA,A,NA,NA,NA,NA,20161201825
363,2016121,1430,2016,121,14,30,NA,NA,T,NA,NA,NA,NA,20161211430
364,2016121,1605,2016,121,16,5,NA,NA,T,NA,NA,NA,NA,20161211605
365,2016121,1905,2016,121,19,5,NA,NA,A,NA,NA,NA,NA,20161211905
366,2016122,1510,2016,122,15,10,NA,NA,T,NA,NA,NA,NA,20161221510
367,2016122,1810,2016,122,18,10,NA,NA,A,NA,NA,NA,NA,20161221810
368,2016123,1555,2016,123,15,55,NA,NA,T,NA,NA,NA,NA,20161231555
369,2016123,1850,2016,123,18,50,NA,NA,A,NA,NA,NA,NA,20161231850
370,2016123,1855,2016,123,18,55,NA,NA,A,NA,NA,NA,NA,20161231855
371,2016124,1500,2016,124,15,0,NA,NA,T,NA,NA,NA,NA,20161241500
372,2016124,1635,2016,124,16,35,NA,NA,T,NA,NA,NA,NA,20161241635
373,2016124,1755,2016,124,17,55,NA,NA,A,NA,NA,NA,NA,20161241755
374,2016124,1935,2016,124,19,35,NA,NA,A,NA,NA,NA,NA,20161241935
375,2016125,1540,2016,125,15,40,NA,NA,T,NA,NA,NA,NA,20161251540
376,2016125,1840,2016,125,18,40,NA,NA,A,NA,NA,NA,NA,20161251840
377,2016126,1445,2016,126,14,45,NA,NA,T,NA,NA,NA,NA,20161261445
378,2016126,1625,2016,126,16,25,NA,NA,T,NA,NA,NA,NA,20161261625
379,2016126,1745,2016,126,17,45,NA,NA,A,NA,NA,NA,NA,20161261745
380,2016126,1920,2016,126,19,20,NA,NA,A,NA,NA,NA,NA,20161261920
381,2016126,1925,2016,126,19,25,NA,NA,A,NA,NA,NA,NA,20161261925
382,2016127,1530,2016,127,15,30,NA,NA,T,NA,NA,NA,NA,20161271530
383,2016127,1825,2016,127,18,25,NA,NA,A,NA,NA,NA,NA,20161271825
384,2016127,1830,2016,127,18,30,NA,NA,A,NA,NA,NA,NA,20161271830
385,2016128,1435,2016,128,14,35,NA,NA,T,NA,NA,NA,NA,20161281435
386,2016128,1610,2016,128,16,10,NA,NA,T,NA,NA,NA,NA,20161281610
387,2016128,1730,2016,128,17,30,NA,NA,A,NA,NA,NA,NA,20161281730
388,2016128,1910,2016,128,19,10,NA,NA,A,NA,NA,NA,NA,20161281910
389,2016129,1515,2016,129,15,15,NA,NA,T,NA,NA,NA,NA,20161291515
390,2016129,1815,2016,129,18,15,NA,NA,A,NA,NA,NA,NA,20161291815
391,2016130,1600,2016,130,16,0,NA,NA,T,NA,NA,NA,NA,20161301600
392,2016130,1855,2016,130,18,55,NA,NA,A,NA,NA,NA,NA,20161301855
393,2016130,1900,2016,130,19,0,NA,NA,A,NA,NA,NA,NA,20161301900
394,2016131,1505,2016,131,15,5,NA,NA,T,NA,NA,NA,NA,20161311505
395,2016131,1640,2016,131,16,40,NA,NA,T,NA,NA,NA,NA,20161311640
396,2016131,1800,2016,131,18,0,NA,NA,A,NA,NA,NA,NA,20161311800
397,2016131,1805,2016,131,18,5,NA,NA,A,NA,NA,NA,NA,20161311805
398,2016132,1550,2016,132,15,50,NA,NA,T,NA,NA,NA,NA,20161321550
399,2016132,1845,2016,132,18,45,NA,NA,A,NA,NA,NA,NA,20161321845
400,2016133,1455,2016,133,14,55,NA,NA,T,NA,NA,NA,NA,20161331455
401,2016133,1630,2016,133,16,30,NA,NA,T,NA,NA,NA,NA,20161331630
402,2016133,1750,2016,133,17,50,NA,NA,A,NA,NA,NA,NA,20161331750
403,2016133,1930,2016,133,19,30,NA,NA,A,NA,NA,NA,NA,20161331930
404,2016134,1535,2016,134,15,35,NA,NA,T,NA,NA,NA,NA,20161341535
405,2016134,1830,2016,134,18,30,NA,NA,A,NA,NA,NA,NA,20161341830
406,2016134,1835,2016,134,18,35,NA,NA,A,NA,NA,NA,NA,20161341835
407,2016135,1440,2016,135,14,40,NA,NA,T,NA,NA,NA,NA,20161351440
408,2016135,1620,2016,135,16,20,NA,NA,T,NA,NA,NA,NA,20161351620
409,2016135,1735,2016,135,17,35,NA,NA,A,NA,NA,NA,NA,20161351735
410,2016135,1915,2016,135,19,15,NA,NA,A,NA,NA,NA,NA,20161351915
411,2016135,1920,2016,135,19,20,NA,NA,A,NA,NA,NA,NA,20161351920
1,2016136,1525,2016,136,15,25,NA,NA,T,NA,NA,NA,NA,20161361525
2,2016136,1820,2016,136,18,20,NA,NA,A,NA,NA,NA,NA,20161361820
3,2016136,1825,2016,136,18,25,NA,NA,A,NA,NA,NA,NA,20161361825
4,2016137,1430,2016,137,14,30,NA,NA,T,NA,NA,NA,NA,20161371430
5,2016137,1605,2016,137,16,5,NA,NA,T,NA,NA,NA,NA,20161371605
6,2016137,1905,2016,137,19,5,NA,NA,A,NA,NA,NA,NA,20161371905
7,2016139,1555,2016,139,15,55,NA,NA,T,NA,NA,NA,NA,20161391555
8,2016139,1850,2016,139,18,50,NA,NA,A,NA,NA,NA,NA,20161391850
9,2016139,1855,2016,139,18,55,NA,NA,A,NA,NA,NA,NA,20161391855
10,2016140,1500,2016,140,15,0,NA,NA,T,NA,NA,NA,NA,20161401500
11,2016140,1635,2016,140,16,35,NA,NA,T,NA,NA,NA,NA,20161401635
12,2016140,1755,2016,140,17,55,NA,NA,A,NA,NA,NA,NA,20161401755
13,2016140,1935,2016,140,19,35,NA,NA,A,NA,NA,NA,NA,20161401935
14,2016141,1540,2016,141,15,40,NA,NA,T,NA,NA,NA,NA,20161411540
15,2016141,1840,2016,141,18,40,NA,NA,A,NA,NA,NA,NA,20161411840
16,2016142,1445,2016,142,14,45,NA,NA,T,NA,NA,NA,NA,20161421445
17,2016142,1625,2016,142,16,25,NA,NA,T,NA,NA,NA,NA,20161421625
18,2016142,1920,2016,142,19,20,NA,NA,A,NA,NA,NA,NA,20161421920
19,2016142,1925,2016,142,19,25,NA,NA,A,NA,NA,NA,NA,20161421925
20,2016143,1530,2016,143,15,30,NA,NA,T,NA,NA,NA,NA,20161431530
21,2016143,1825,2016,143,18,25,NA,NA,A,NA,NA,NA,NA,20161431825
22,2016143,1830,2016,143,18,30,NA,NA,A,NA,NA,NA,NA,20161431830
23,2016144,1435,2016,144,14,35,NA,NA,T,NA,NA,NA,NA,20161441435
24,2016144,1615,2016,144,16,15,NA,NA,T,NA,NA,NA,NA,20161441615
25,2016144,1730,2016,144,17,30,NA,NA,A,NA,NA,NA,NA,20161441730
26,2016144,1910,2016,144,19,10,NA,NA,A,NA,NA,NA,NA,20161441910
27,2016145,1520,2016,145,15,20,NA,NA,T,NA,NA,NA,NA,20161451520
28,2016145,1815,2016,145,18,15,NA,NA,A,NA,NA,NA,NA,20161451815
29,2016146,1600,2016,146,16,0,NA,NA,T,NA,NA,NA,NA,20161461600
30,2016146,1855,2016,146,18,55,NA,NA,A,NA,NA,NA,NA,20161461855
31,2016146,1900,2016,146,19,0,NA,NA,A,NA,NA,NA,NA,20161461900
32,2016147,1505,2016,147,15,5,NA,NA,T,NA,NA,NA,NA,20161471505
33,2016147,1640,2016,147,16,40,NA,NA,T,NA,NA,NA,NA,20161471640
34,2016147,1800,2016,147,18,0,NA,NA,A,NA,NA,NA,NA,20161471800
35,2016147,1805,2016,147,18,5,NA,NA,A,NA,NA,NA,NA,20161471805
36,2016148,1550,2016,148,15,50,NA,NA,T,NA,NA,NA,NA,20161481550
37,2016148,1845,2016,148,18,45,NA,NA,A,NA,NA,NA,NA,20161481845
38,2016149,1455,2016,149,14,55,NA,NA,T,NA,NA,NA,NA,20161491455
39,2016149,1630,2016,149,16,30,NA,NA,T,NA,NA,NA,NA,20161491630
40,2016149,1750,2016,149,17,50,NA,NA,A,NA,NA,NA,NA,20161491750
41,2016149,1925,2016,149,19,25,NA,NA,A,NA,NA,NA,NA,20161491925
42,2016149,1930,2016,149,19,30,NA,NA,A,NA,NA,NA,NA,20161491930
43,2016150,1535,2016,150,15,35,NA,NA,T,NA,NA,NA,NA,20161501535
44,2016150,1830,2016,150,18,30,NA,NA,A,NA,NA,NA,NA,20161501830
45,2016150,1835,2016,150,18,35,NA,NA,A,NA,NA,NA,NA,20161501835
46,2016151,1440,2016,151,14,40,NA,NA,T,NA,NA,NA,NA,20161511440
47,2016151,1620,2016,151,16,20,NA,NA,T,NA,NA,NA,NA,20161511620
48,2016151,1735,2016,151,17,35,NA,NA,A,NA,NA,NA,NA,20161511735
49,2016151,1915,2016,151,19,15,NA,NA,A,NA,NA,NA,NA,20161511915
50,2016152,1525,2016,152,15,25,NA,NA,T,NA,NA,NA,NA,20161521525
51,2016152,1820,2016,152,18,20,NA,NA,A,NA,NA,NA,NA,20161521820
52,2016153,1430,2016,153,14,30,NA,NA,T,NA,NA,NA,NA,20161531430
53,2016153,1605,2016,153,16,5,NA,NA,T,NA,NA,NA,NA,20161531605
54,2016153,1900,2016,153,19,0,NA,NA,A,NA,NA,NA,NA,20161531900
55,2016153,1905,2016,153,19,5,NA,NA,A,NA,NA,NA,NA,20161531905
56,2016154,1510,2016,154,15,10,NA,NA,T,NA,NA,NA,NA,20161541510
57,2016154,1805,2016,154,18,5,NA,NA,A,NA,NA,NA,NA,20161541805
58,2016154,1810,2016,154,18,10,NA,NA,A,NA,NA,NA,NA,20161541810
59,2016155,1555,2016,155,15,55,NA,NA,T,NA,NA,NA,NA,20161551555
60,2016155,1850,2016,155,18,50,NA,NA,A,NA,NA,NA,NA,20161551850
61,2016155,1855,2016,155,18,55,NA,NA,A,NA,NA,NA,NA,20161551855
62,2016156,1500,2016,156,15,0,6.262499999,-75.58018662,T,0.02625,0.018,0.017,0,20161561500
63,2016156,1635,2016,156,16,35,NA,NA,T,NA,NA,NA,NA,20161561635
64,2016156,1755,2016,156,17,55,NA,NA,A,NA,NA,NA,NA,20161561755
65,2016156,1935,2016,156,19,35,NA,NA,A,NA,NA,NA,NA,20161561935
66,2016157,1540,2016,157,15,40,6.262499999,-75.58018662,T,0.12825,0.08825,0.032,0,20161571540
67,2016157,1840,2016,157,18,40,6.262499999,-75.58018662,A,0.253,0.176,0.0284,0,20161571840
68,2016158,1445,2016,158,14,45,NA,NA,T,NA,NA,NA,NA,20161581445
69,2016158,1625,2016,158,16,25,NA,NA,T,NA,NA,NA,NA,20161581625
70,2016158,1740,2016,158,17,40,NA,NA,A,NA,NA,NA,NA,20161581740
71,2016158,1920,2016,158,19,20,NA,NA,A,NA,NA,NA,NA,20161581920
72,2016158,1925,2016,158,19,25,NA,NA,A,NA,NA,NA,NA,20161581925
73,2016159,1530,2016,159,15,30,NA,NA,T,NA,NA,NA,NA,20161591530
74,2016159,1825,2016,159,18,25,NA,NA,A,NA,NA,NA,NA,20161591825
75,2016159,1830,2016,159,18,30,NA,NA,A,NA,NA,NA,NA,20161591830
76,2016160,1435,2016,160,14,35,NA,NA,T,NA,NA,NA,NA,20161601435
77,2016160,1615,2016,160,16,15,6.254166666,-75.57898112,T,0.1275,0.0875,0.0127,0,20161601615
78,2016160,1730,2016,160,17,30,NA,NA,A,NA,NA,NA,NA,20161601730
79,2016160,1910,2016,160,19,10,NA,NA,A,NA,NA,NA,NA,20161601910
80,2016161,1520,2016,161,15,20,NA,NA,T,NA,NA,NA,NA,20161611520
81,2016161,1815,2016,161,18,15,NA,NA,A,NA,NA,NA,NA,20161611815
82,2016162,1600,2016,162,16,0,NA,NA,T,NA,NA,NA,NA,20161621600
83,2016162,1855,2016,162,18,55,NA,NA,A,NA,NA,NA,NA,20161621855
84,2016162,1900,2016,162,19,0,NA,NA,A,NA,NA,NA,NA,20161621900
85,2016163,1505,2016,163,15,5,NA,NA,T,NA,NA,NA,NA,20161631505
86,2016163,1640,2016,163,16,40,NA,NA,T,NA,NA,NA,NA,20161631640
87,2016163,1800,2016,163,18,0,NA,NA,A,NA,NA,NA,NA,20161631800
88,2016163,1805,2016,163,18,5,NA,NA,A,NA,NA,NA,NA,20161631805
89,2016164,1550,2016,164,15,50,6.262499999,-75.58018662,T,0.12975,0.08925,0.0283,0,20161641550
90,2016164,1845,2016,164,18,45,NA,NA,A,NA,NA,NA,NA,20161641845
91,2016165,1455,2016,165,14,55,NA,NA,T,NA,NA,NA,NA,20161651455
92,2016165,1630,2016,165,16,30,NA,NA,T,NA,NA,NA,NA,20161651630
93,2016165,1750,2016,165,17,50,NA,NA,A,NA,NA,NA,NA,20161651750
94,2016165,1925,2016,165,19,25,NA,NA,A,NA,NA,NA,NA,20161651925
95,2016165,1930,2016,165,19,30,NA,NA,A,NA,NA,NA,NA,20161651930
96,2016166,1535,2016,166,15,35,NA,NA,T,NA,NA,NA,NA,20161661535
97,2016166,1830,2016,166,18,30,NA,NA,A,NA,NA,NA,NA,20161661830
98,2016166,1835,2016,166,18,35,NA,NA,A,NA,NA,NA,NA,20161661835
99,2016167,1440,2016,167,14,40,NA,NA,T,NA,NA,NA,NA,20161671440
100,2016167,1620,2016,167,16,20,NA,NA,T,NA,NA,NA,NA,20161671620
101,2016167,1735,2016,167,17,35,NA,NA,A,NA,NA,NA,NA,20161671735
102,2016167,1915,2016,167,19,15,NA,NA,A,NA,NA,NA,NA,20161671915
103,2016168,1525,2016,168,15,25,NA,NA,T,NA,NA,NA,NA,20161681525
104,2016168,1820,2016,168,18,20,NA,NA,A,NA,NA,NA,NA,20161681820
105,2016169,1430,2016,169,14,30,NA,NA,T,NA,NA,NA,NA,20161691430
106,2016169,1605,2016,169,16,5,NA,NA,T,NA,NA,NA,NA,20161691605
107,2016169,1900,2016,169,19,0,NA,NA,A,NA,NA,NA,NA,20161691900
108,2016169,1905,2016,169,19,5,NA,NA,A,NA,NA,NA,NA,20161691905
109,2016170,1510,2016,170,15,10,NA,NA,T,NA,NA,NA,NA,20161701510
110,2016170,1805,2016,170,18,5,NA,NA,A,NA,NA,NA,NA,20161701805
111,2016170,1810,2016,170,18,10,NA,NA,A,NA,NA,NA,NA,20161701810
112,2016171,1555,2016,171,15,55,NA,NA,T,NA,NA,NA,NA,20161711555
113,2016171,1850,2016,171,18,50,NA,NA,A,NA,NA,NA,NA,20161711850
114,2016171,1855,2016,171,18,55,NA,NA,A,NA,NA,NA,NA,20161711855
115,2016172,1500,2016,172,15,0,NA,NA,T,NA,NA,NA,NA,20161721500
116,2016172,1635,2016,172,16,35,NA,NA,T,NA,NA,NA,NA,20161721635
117,2016172,1755,2016,172,17,55,NA,NA,A,NA,NA,NA,NA,20161721755
118,2016172,1935,2016,172,19,35,NA,NA,A,NA,NA,NA,NA,20161721935
119,2016173,1540,2016,173,15,40,NA,NA,T,NA,NA,NA,NA,20161731540
120,2016173,1840,2016,173,18,40,NA,NA,A,NA,NA,NA,NA,20161731840
121,2016174,1445,2016,174,14,45,NA,NA,T,NA,NA,NA,NA,20161741445
122,2016174,1625,2016,174,16,25,NA,NA,T,NA,NA,NA,NA,20161741625
123,2016174,1740,2016,174,17,40,NA,NA,A,NA,NA,NA,NA,20161741740
124,2016174,1920,2016,174,19,20,NA,NA,A,NA,NA,NA,NA,20161741920
125,2016174,1925,2016,174,19,25,NA,NA,A,NA,NA,NA,NA,20161741925
126,2016175,1530,2016,175,15,30,NA,NA,T,NA,NA,NA,NA,20161751530
127,2016175,1825,2016,175,18,25,NA,NA,A,NA,NA,NA,NA,20161751825
128,2016175,1830,2016,175,18,30,NA,NA,A,NA,NA,NA,NA,20161751830
129,2016176,1435,2016,176,14,35,NA,NA,T,NA,NA,NA,NA,20161761435
130,2016176,1615,2016,176,16,15,NA,NA,T,NA,NA,NA,NA,20161761615
131,2016176,1730,2016,176,17,30,NA,NA,A,NA,NA,NA,NA,20161761730
132,2016176,1910,2016,176,19,10,NA,NA,A,NA,NA,NA,NA,20161761910
133,2016177,1520,2016,177,15,20,NA,NA,T,NA,NA,NA,NA,20161771520
134,2016177,1815,2016,177,18,15,NA,NA,A,NA,NA,NA,NA,20161771815
135,2016178,1600,2016,178,16,0,NA,NA,T,NA,NA,NA,NA,20161781600
136,2016178,1855,2016,178,18,55,NA,NA,A,NA,NA,NA,NA,20161781855
137,2016178,1900,2016,178,19,0,NA,NA,A,NA,NA,NA,NA,20161781900
138,2016179,1505,2016,179,15,5,6.262499999,-75.58018662,T,0.02525,0.017,0.0148,0,20161791505
139,2016179,1640,2016,179,16,40,NA,NA,T,NA,NA,NA,NA,20161791640
140,2016179,1800,2016,179,18,0,6.262499999,-75.58018662,A,0.15975,0.10975,0.0155,0,20161791800
141,2016179,1805,2016,179,18,5,NA,NA,A,NA,NA,NA,NA,20161791805
142,2016180,1550,2016,180,15,50,NA,NA,T,NA,NA,NA,NA,20161801550
143,2016180,1845,2016,180,18,45,NA,NA,A,NA,NA,NA,NA,20161801845
144,2016181,1455,2016,181,14,55,NA,NA,T,NA,NA,NA,NA,20161811455
145,2016181,1630,2016,181,16,30,NA,NA,T,NA,NA,NA,NA,20161811630
146,2016181,1750,2016,181,17,50,NA,NA,A,NA,NA,NA,NA,20161811750
147,2016181,1925,2016,181,19,25,NA,NA,A,NA,NA,NA,NA,20161811925
148,2016181,1930,2016,181,19,30,NA,NA,A,NA,NA,NA,NA,20161811930
149,2016182,1535,2016,182,15,35,NA,NA,T,NA,NA,NA,NA,20161821535
150,2016182,1830,2016,182,18,30,NA,NA,A,NA,NA,NA,NA,20161821830
151,2016182,1835,2016,182,18,35,NA,NA,A,NA,NA,NA,NA,20161821835
152,2016183,1440,2016,183,14,40,NA,NA,T,NA,NA,NA,NA,20161831440
153,2016183,1620,2016,183,16,20,NA,NA,T,NA,NA,NA,NA,20161831620
154,2016183,1735,2016,183,17,35,NA,NA,A,NA,NA,NA,NA,20161831735
155,2016183,1915,2016,183,19,15,NA,NA,A,NA,NA,NA,NA,20161831915
156,2016184,1525,2016,184,15,25,NA,NA,T,NA,NA,NA,NA,20161841525
157,2016184,1820,2016,184,18,20,NA,NA,A,NA,NA,NA,NA,20161841820
158,2016185,1430,2016,185,14,30,NA,NA,T,NA,NA,NA,NA,20161851430
159,2016185,1605,2016,185,16,5,NA,NA,T,NA,NA,NA,NA,20161851605
160,2016185,1900,2016,185,19,0,NA,NA,A,NA,NA,NA,NA,20161851900
161,2016185,1905,2016,185,19,5,NA,NA,A,NA,NA,NA,NA,20161851905
162,2016186,1510,2016,186,15,10,NA,NA,T,NA,NA,NA,NA,20161861510
163,2016186,1805,2016,186,18,5,NA,NA,A,NA,NA,NA,NA,20161861805
164,2016186,1810,2016,186,18,10,NA,NA,A,NA,NA,NA,NA,20161861810
165,2016187,1555,2016,187,15,55,NA,NA,T,NA,NA,NA,NA,20161871555
166,2016187,1850,2016,187,18,50,NA,NA,A,NA,NA,NA,NA,20161871850
167,2016187,1855,2016,187,18,55,NA,NA,A,NA,NA,NA,NA,20161871855
168,2016188,1500,2016,188,15,0,NA,NA,T,NA,NA,NA,NA,20161881500
169,2016188,1635,2016,188,16,35,NA,NA,T,NA,NA,NA,NA,20161881635
170,2016188,1755,2016,188,17,55,NA,NA,A,NA,NA,NA,NA,20161881755
171,2016188,1935,2016,188,19,35,NA,NA,A,NA,NA,NA,NA,20161881935
172,2016189,1540,2016,189,15,40,NA,NA,T,NA,NA,NA,NA,20161891540
173,2016189,1835,2016,189,18,35,NA,NA,A,NA,NA,NA,NA,20161891835
174,2016189,1840,2016,189,18,40,NA,NA,A,NA,NA,NA,NA,20161891840
175,2016190,1445,2016,190,14,45,NA,NA,T,NA,NA,NA,NA,20161901445
176,2016190,1625,2016,190,16,25,NA,NA,T,NA,NA,NA,NA,20161901625
177,2016190,1740,2016,190,17,40,NA,NA,A,NA,NA,NA,NA,20161901740
178,2016190,1920,2016,190,19,20,NA,NA,A,NA,NA,NA,NA,20161901920
179,2016190,1925,2016,190,19,25,NA,NA,A,NA,NA,NA,NA,20161901925
180,2016191,1530,2016,191,15,30,6.262499999,-75.58018662,T,0.133,0.0915,0.0298,0,20161911530
181,2016191,1825,2016,191,18,25,6.262499999,-75.58018662,A,0.1055,0.0725,0.0331,0,20161911825
182,2016191,1830,2016,191,18,30,NA,NA,A,NA,NA,NA,NA,20161911830
183,2016192,1435,2016,192,14,35,NA,NA,T,NA,NA,NA,NA,20161921435
184,2016192,1615,2016,192,16,15,NA,NA,T,NA,NA,NA,NA,20161921615
185,2016192,1730,2016,192,17,30,NA,NA,A,NA,NA,NA,NA,20161921730
186,2016192,1910,2016,192,19,10,NA,NA,A,NA,NA,NA,NA,20161921910
187,2016193,1520,2016,193,15,20,NA,NA,T,NA,NA,NA,NA,20161931520
188,2016193,1815,2016,193,18,15,NA,NA,A,NA,NA,NA,NA,20161931815
189,2016194,1600,2016,194,16,0,NA,NA,T,NA,NA,NA,NA,20161941600
190,2016194,1855,2016,194,18,55,NA,NA,A,NA,NA,NA,NA,20161941855
191,2016194,1900,2016,194,19,0,NA,NA,A,NA,NA,NA,NA,20161941900
192,2016195,1505,2016,195,15,5,NA,NA,T,NA,NA,NA,NA,20161951505
193,2016195,1640,2016,195,16,40,NA,NA,T,NA,NA,NA,NA,20161951640
194,2016195,1800,2016,195,18,0,NA,NA,A,NA,NA,NA,NA,20161951800
195,2016195,1805,2016,195,18,5,NA,NA,A,NA,NA,NA,NA,20161951805
196,2016196,1550,2016,196,15,50,NA,NA,T,NA,NA,NA,NA,20161961550
197,2016196,1845,2016,196,18,45,NA,NA,A,NA,NA,NA,NA,20161961845
198,2016197,1455,2016,197,14,55,NA,NA,T,NA,NA,NA,NA,20161971455
199,2016197,1630,2016,197,16,30,NA,NA,T,NA,NA,NA,NA,20161971630
200,2016197,1750,2016,197,17,50,NA,NA,A,NA,NA,NA,NA,20161971750
201,2016197,1925,2016,197,19,25,NA,NA,A,NA,NA,NA,NA,20161971925
202,2016197,1930,2016,197,19,30,NA,NA,A,NA,NA,NA,NA,20161971930
203,2016198,1535,2016,198,15,35,NA,NA,T,NA,NA,NA,NA,20161981535
204,2016198,1830,2016,198,18,30,NA,NA,A,NA,NA,NA,NA,20161981830
205,2016198,1835,2016,198,18,35,NA,NA,A,NA,NA,NA,NA,20161981835
206,2016199,1440,2016,199,14,40,NA,NA,T,NA,NA,NA,NA,20161991440
207,2016199,1620,2016,199,16,20,NA,NA,T,NA,NA,NA,NA,20161991620
208,2016199,1735,2016,199,17,35,NA,NA,A,NA,NA,NA,NA,20161991735
209,2016199,1915,2016,199,19,15,NA,NA,A,NA,NA,NA,NA,20161991915
210,2016200,1525,2016,200,15,25,NA,NA,T,NA,NA,NA,NA,20162001525
211,2016200,1820,2016,200,18,20,NA,NA,A,NA,NA,NA,NA,20162001820
212,2016201,1430,2016,201,14,30,NA,NA,T,NA,NA,NA,NA,20162011430
213,2016201,1605,2016,201,16,5,6.262499999,-75.58018662,T,0.283,0.196,0.0157,0,20162011605
214,2016201,1900,2016,201,19,0,NA,NA,A,NA,NA,NA,NA,20162011900
215,2016201,1905,2016,201,19,5,NA,NA,A,NA,NA,NA,NA,20162011905
216,2016202,1510,2016,202,15,10,NA,NA,T,NA,NA,NA,NA,20162021510
217,2016202,1805,2016,202,18,5,NA,NA,A,NA,NA,NA,NA,20162021805
218,2016202,1810,2016,202,18,10,NA,NA,A,NA,NA,NA,NA,20162021810
219,2016203,1555,2016,203,15,55,NA,NA,T,NA,NA,NA,NA,20162031555
220,2016203,1850,2016,203,18,50,NA,NA,A,NA,NA,NA,NA,20162031850
221,2016204,1500,2016,204,15,0,NA,NA,T,NA,NA,NA,NA,20162041500
222,2016204,1635,2016,204,16,35,NA,NA,T,NA,NA,NA,NA,20162041635
223,2016204,1755,2016,204,17,55,NA,NA,A,NA,NA,NA,NA,20162041755
224,2016204,1935,2016,204,19,35,NA,NA,A,NA,NA,NA,NA,20162041935
225,2016205,1540,2016,205,15,40,NA,NA,T,NA,NA,NA,NA,20162051540
226,2016205,1835,2016,205,18,35,NA,NA,A,NA,NA,NA,NA,20162051835
227,2016205,1840,2016,205,18,40,NA,NA,A,NA,NA,NA,NA,20162051840
228,2016206,1445,2016,206,14,45,NA,NA,T,NA,NA,NA,NA,20162061445
229,2016206,1625,2016,206,16,25,NA,NA,T,NA,NA,NA,NA,20162061625
230,2016206,1740,2016,206,17,40,NA,NA,A,NA,NA,NA,NA,20162061740
231,2016206,1920,2016,206,19,20,NA,NA,A,NA,NA,NA,NA,20162061920
232,2016206,1925,2016,206,19,25,NA,NA,A,NA,NA,NA,NA,20162061925
233,2016207,1530,2016,207,15,30,NA,NA,T,NA,NA,NA,NA,20162071530
234,2016207,1825,2016,207,18,25,NA,NA,A,NA,NA,NA,NA,20162071825
235,2016207,1830,2016,207,18,30,NA,NA,A,NA,NA,NA,NA,20162071830
236,2016208,1435,2016,208,14,35,NA,NA,T,NA,NA,NA,NA,20162081435
237,2016208,1615,2016,208,16,15,NA,NA,T,NA,NA,NA,NA,20162081615
238,2016208,1730,2016,208,17,30,NA,NA,A,NA,NA,NA,NA,20162081730
239,2016208,1910,2016,208,19,10,NA,NA,A,NA,NA,NA,NA,20162081910
240,2016209,1520,2016,209,15,20,NA,NA,T,NA,NA,NA,NA,20162091520
241,2016209,1815,2016,209,18,15,NA,NA,A,NA,NA,NA,NA,20162091815
242,2016210,1600,2016,210,16,0,NA,NA,T,NA,NA,NA,NA,20162101600
243,2016210,1855,2016,210,18,55,NA,NA,A,NA,NA,NA,NA,20162101855
244,2016210,1900,2016,210,19,0,NA,NA,A,NA,NA,NA,NA,20162101900
245,2016211,1505,2016,211,15,5,NA,NA,T,NA,NA,NA,NA,20162111505
246,2016211,1640,2016,211,16,40,NA,NA,T,NA,NA,NA,NA,20162111640
247,2016211,1800,2016,211,18,0,NA,NA,A,NA,NA,NA,NA,20162111800
248,2016211,1805,2016,211,18,5,NA,NA,A,NA,NA,NA,NA,20162111805
249,2016212,1550,2016,212,15,50,NA,NA,T,NA,NA,NA,NA,20162121550
250,2016212,1845,2016,212,18,45,NA,NA,A,NA,NA,NA,NA,20162121845
251,2016213,1455,2016,213,14,55,NA,NA,T,NA,NA,NA,NA,20162131455
252,2016213,1630,2016,213,16,30,NA,NA,T,NA,NA,NA,NA,20162131630
253,2016213,1750,2016,213,17,50,NA,NA,A,NA,NA,NA,NA,20162131750
254,2016213,1925,2016,213,19,25,NA,NA,A,NA,NA,NA,NA,20162131925
255,2016213,1930,2016,213,19,30,NA,NA,A,NA,NA,NA,NA,20162131930
256,2016214,1535,2016,214,15,35,NA,NA,T,NA,NA,NA,NA,20162141535
257,2016214,1830,2016,214,18,30,NA,NA,A,NA,NA,NA,NA,20162141830
258,2016214,1835,2016,214,18,35,NA,NA,A,NA,NA,NA,NA,20162141835
259,2016215,1440,2016,215,14,40,NA,NA,T,NA,NA,NA,NA,20162151440
260,2016215,1620,2016,215,16,20,NA,NA,T,NA,NA,NA,NA,20162151620
261,2016215,1735,2016,215,17,35,NA,NA,A,NA,NA,NA,NA,20162151735
262,2016215,1915,2016,215,19,15,NA,NA,A,NA,NA,NA,NA,20162151915
263,2016216,1525,2016,216,15,25,NA,NA,T,NA,NA,NA,NA,20162161525
264,2016216,1820,2016,216,18,20,NA,NA,A,NA,NA,NA,NA,20162161820
265,2016217,1430,2016,217,14,30,NA,NA,T,NA,NA,NA,NA,20162171430
266,2016217,1605,2016,217,16,5,NA,NA,T,NA,NA,NA,NA,20162171605
267,2016217,1900,2016,217,19,0,NA,NA,A,NA,NA,NA,NA,20162171900
268,2016217,1905,2016,217,19,5,NA,NA,A,NA,NA,NA,NA,20162171905
269,2016218,1510,2016,218,15,10,NA,NA,T,NA,NA,NA,NA,20162181510
270,2016218,1805,2016,218,18,5,NA,NA,A,NA,NA,NA,NA,20162181805
271,2016218,1810,2016,218,18,10,NA,NA,A,NA,NA,NA,NA,20162181810
272,2016219,1555,2016,219,15,55,6.262499999,-75.58018662,T,0.08575,0.05875,0.0245,0,20162191555
273,2016219,1850,2016,219,18,50,NA,NA,A,NA,NA,NA,NA,20162191850
274,2016220,1500,2016,220,15,0,NA,NA,T,NA,NA,NA,NA,20162201500
275,2016220,1635,2016,220,16,35,NA,NA,T,NA,NA,NA,NA,20162201635
276,2016220,1755,2016,220,17,55,NA,NA,A,NA,NA,NA,NA,20162201755
277,2016220,1935,2016,220,19,35,NA,NA,A,NA,NA,NA,NA,20162201935
278,2016221,1540,2016,221,15,40,NA,NA,T,NA,NA,NA,NA,20162211540
279,2016221,1835,2016,221,18,35,NA,NA,A,NA,NA,NA,NA,20162211835
280,2016221,1840,2016,221,18,40,NA,NA,A,NA,NA,NA,NA,20162211840
281,2016222,1445,2016,222,14,45,NA,NA,T,NA,NA,NA,NA,20162221445
282,2016222,1625,2016,222,16,25,NA,NA,T,NA,NA,NA,NA,20162221625
283,2016222,1740,2016,222,17,40,NA,NA,A,NA,NA,NA,NA,20162221740
284,2016222,1920,2016,222,19,20,NA,NA,A,NA,NA,NA,NA,20162221920
285,2016222,1925,2016,222,19,25,NA,NA,A,NA,NA,NA,NA,20162221925
286,2016223,1530,2016,223,15,30,NA,NA,T,NA,NA,NA,NA,20162231530
287,2016223,1825,2016,223,18,25,NA,NA,A,NA,NA,NA,NA,20162231825
288,2016223,1830,2016,223,18,30,NA,NA,A,NA,NA,NA,NA,20162231830
289,2016224,1435,2016,224,14,35,NA,NA,T,NA,NA,NA,NA,20162241435
290,2016224,1615,2016,224,16,15,NA,NA,T,NA,NA,NA,NA,20162241615
291,2016224,1730,2016,224,17,30,NA,NA,A,NA,NA,NA,NA,20162241730
292,2016224,1910,2016,224,19,10,NA,NA,A,NA,NA,NA,NA,20162241910
293,2016225,1520,2016,225,15,20,NA,NA,T,NA,NA,NA,NA,20162251520
294,2016225,1815,2016,225,18,15,NA,NA,A,NA,NA,NA,NA,20162251815
295,2016226,1600,2016,226,16,0,6.262499999,-75.58018662,T,0.1195,0.08225,0.0197,0,20162261600
296,2016226,1855,2016,226,18,55,NA,NA,A,NA,NA,NA,NA,20162261855
297,2016226,1900,2016,226,19,0,NA,NA,A,NA,NA,NA,NA,20162261900
298,2016227,1505,2016,227,15,5,NA,NA,T,NA,NA,NA,NA,20162271505
299,2016227,1640,2016,227,16,40,NA,NA,T,NA,NA,NA,NA,20162271640
300,2016227,1800,2016,227,18,0,NA,NA,A,NA,NA,NA,NA,20162271800
301,2016227,1805,2016,227,18,5,NA,NA,A,NA,NA,NA,NA,20162271805
302,2016228,1550,2016,228,15,50,NA,NA,T,NA,NA,NA,NA,20162281550
303,2016228,1845,2016,228,18,45,NA,NA,A,NA,NA,NA,NA,20162281845
304,2016229,1455,2016,229,14,55,NA,NA,T,NA,NA,NA,NA,20162291455
305,2016229,1630,2016,229,16,30,NA,NA,T,NA,NA,NA,NA,20162291630
306,2016229,1750,2016,229,17,50,NA,NA,A,NA,NA,NA,NA,20162291750
307,2016229,1925,2016,229,19,25,NA,NA,A,NA,NA,NA,NA,20162291925
308,2016229,1930,2016,229,19,30,NA,NA,A,NA,NA,NA,NA,20162291930
309,2016230,1535,2016,230,15,35,NA,NA,T,NA,NA,NA,NA,20162301535
310,2016230,1830,2016,230,18,30,NA,NA,A,NA,NA,NA,NA,20162301830
311,2016230,1835,2016,230,18,35,NA,NA,A,NA,NA,NA,NA,20162301835
312,2016231,1440,2016,231,14,40,NA,NA,T,NA,NA,NA,NA,20162311440
313,2016231,1620,2016,231,16,20,NA,NA,T,NA,NA,NA,NA,20162311620
314,2016231,1735,2016,231,17,35,NA,NA,A,NA,NA,NA,NA,20162311735
315,2016231,1915,2016,231,19,15,NA,NA,A,NA,NA,NA,NA,20162311915
316,2016232,1525,2016,232,15,25,NA,NA,T,NA,NA,NA,NA,20162321525
317,2016232,1820,2016,232,18,20,NA,NA,A,NA,NA,NA,NA,20162321820
318,2016233,1430,2016,233,14,30,NA,NA,T,NA,NA,NA,NA,20162331430
319,2016233,1605,2016,233,16,5,NA,NA,T,NA,NA,NA,NA,20162331605
320,2016233,1900,2016,233,19,0,NA,NA,A,NA,NA,NA,NA,20162331900
321,2016233,1905,2016,233,19,5,NA,NA,A,NA,NA,NA,NA,20162331905
322,2016234,1510,2016,234,15,10,NA,NA,T,NA,NA,NA,NA,20162341510
323,2016234,1805,2016,234,18,5,NA,NA,A,NA,NA,NA,NA,20162341805
324,2016234,1810,2016,234,18,10,NA,NA,A,NA,NA,NA,NA,20162341810
325,2016235,1555,2016,235,15,55,NA,NA,T,NA,NA,NA,NA,20162351555
326,2016235,1850,2016,235,18,50,NA,NA,A,NA,NA,NA,NA,20162351850
327,2016236,1500,2016,236,15,0,6.262499999,-75.58018662,T,0.02175,0.015,0.0204,0,20162361500
328,2016236,1635,2016,236,16,35,NA,NA,T,NA,NA,NA,NA,20162361635
329,2016236,1755,2016,236,17,55,NA,NA,A,NA,NA,NA,NA,20162361755
330,2016236,1935,2016,236,19,35,NA,NA,A,NA,NA,NA,NA,20162361935
331,2016237,1540,2016,237,15,40,NA,NA,T,NA,NA,NA,NA,20162371540
332,2016237,1835,2016,237,18,35,NA,NA,A,NA,NA,NA,NA,20162371835
333,2016237,1840,2016,237,18,40,NA,NA,A,NA,NA,NA,NA,20162371840
334,2016238,1445,2016,238,14,45,NA,NA,T,NA,NA,NA,NA,20162381445
335,2016238,1625,2016,238,16,25,NA,NA,T,NA,NA,NA,NA,20162381625
336,2016238,1740,2016,238,17,40,NA,NA,A,NA,NA,NA,NA,20162381740
337,2016238,1920,2016,238,19,20,NA,NA,A,NA,NA,NA,NA,20162381920
338,2016238,1925,2016,238,19,25,NA,NA,A,NA,NA,NA,NA,20162381925
339,2016239,1530,2016,239,15,30,NA,NA,T,NA,NA,NA,NA,20162391530
340,2016239,1825,2016,239,18,25,NA,NA,A,NA,NA,NA,NA,20162391825
341,2016239,1830,2016,239,18,30,NA,NA,A,NA,NA,NA,NA,20162391830
342,2016240,1435,2016,240,14,35,NA,NA,T,NA,NA,NA,NA,20162401435
343,2016240,1610,2016,240,16,10,6.262499999,-75.58018662,T,0.17375,0.1195,0.0133,0,20162401610
344,2016240,1730,2016,240,17,30,NA,NA,A,NA,NA,NA,NA,20162401730
345,2016240,1910,2016,240,19,10,NA,NA,A,NA,NA,NA,NA,20162401910
346,2016241,1515,2016,241,15,15,NA,NA,T,NA,NA,NA,NA,20162411515
347,2016241,1815,2016,241,18,15,NA,NA,A,NA,NA,NA,NA,20162411815
348,2016242,1600,2016,242,16,0,NA,NA,T,NA,NA,NA,NA,20162421600
349,2016242,1855,2016,242,18,55,NA,NA,A,NA,NA,NA,NA,20162421855
350,2016242,1900,2016,242,19,0,NA,NA,A,NA,NA,NA,NA,20162421900
351,2016243,1505,2016,243,15,5,NA,NA,T,NA,NA,NA,NA,20162431505
352,2016243,1640,2016,243,16,40,NA,NA,T,NA,NA,NA,NA,20162431640
353,2016243,1800,2016,243,18,0,NA,NA,A,NA,NA,NA,NA,20162431800
354,2016243,1805,2016,243,18,5,NA,NA,A,NA,NA,NA,NA,20162431805
355,2016244,1550,2016,244,15,50,NA,NA,T,NA,NA,NA,NA,20162441550
356,2016244,1845,2016,244,18,45,NA,NA,A,NA,NA,NA,NA,20162441845
357,2016245,1455,2016,245,14,55,NA,NA,T,NA,NA,NA,NA,20162451455
358,2016245,1630,2016,245,16,30,NA,NA,T,NA,NA,NA,NA,20162451630
359,2016245,1750,2016,245,17,50,NA,NA,A,NA,NA,NA,NA,20162451750
360,2016245,1925,2016,245,19,25,NA,NA,A,NA,NA,NA,NA,20162451925
361,2016245,1930,2016,245,19,30,NA,NA,A,NA,NA,NA,NA,20162451930
362,2016246,1535,2016,246,15,35,NA,NA,T,NA,NA,NA,NA,20162461535
363,2016246,1830,2016,246,18,30,NA,NA,A,NA,NA,NA,NA,20162461830
364,2016246,1835,2016,246,18,35,NA,NA,A,NA,NA,NA,NA,20162461835
365,2016247,1440,2016,247,14,40,NA,NA,T,NA,NA,NA,NA,20162471440
366,2016247,1620,2016,247,16,20,NA,NA,T,NA,NA,NA,NA,20162471620
367,2016247,1735,2016,247,17,35,NA,NA,A,NA,NA,NA,NA,20162471735
368,2016247,1915,2016,247,19,15,NA,NA,A,NA,NA,NA,NA,20162471915
369,2016248,1525,2016,248,15,25,NA,NA,T,NA,NA,NA,NA,20162481525
370,2016248,1820,2016,248,18,20,NA,NA,A,NA,NA,NA,NA,20162481820
371,2016249,1430,2016,249,14,30,NA,NA,T,NA,NA,NA,NA,20162491430
372,2016249,1605,2016,249,16,5,NA,NA,T,NA,NA,NA,NA,20162491605
373,2016249,1900,2016,249,19,0,NA,NA,A,NA,NA,NA,NA,20162491900
374,2016249,1905,2016,249,19,5,NA,NA,A,NA,NA,NA,NA,20162491905
375,2016250,1510,2016,250,15,10,NA,NA,T,NA,NA,NA,NA,20162501510
376,2016250,1805,2016,250,18,5,NA,NA,A,NA,NA,NA,NA,20162501805
377,2016250,1810,2016,250,18,10,NA,NA,A,NA,NA,NA,NA,20162501810
378,2016251,1555,2016,251,15,55,NA,NA,T,NA,NA,NA,NA,20162511555
379,2016251,1850,2016,251,18,50,NA,NA,A,NA,NA,NA,NA,20162511850
380,2016252,1500,2016,252,15,0,NA,NA,T,NA,NA,NA,NA,20162521500
381,2016252,1635,2016,252,16,35,NA,NA,T,NA,NA,NA,NA,20162521635
382,2016252,1755,2016,252,17,55,NA,NA,A,NA,NA,NA,NA,20162521755
383,2016252,1935,2016,252,19,35,NA,NA,A,NA,NA,NA,NA,20162521935
384,2016253,1540,2016,253,15,40,NA,NA,T,NA,NA,NA,NA,20162531540
385,2016253,1835,2016,253,18,35,NA,NA,A,NA,NA,NA,NA,20162531835
386,2016253,1840,2016,253,18,40,NA,NA,A,NA,NA,NA,NA,20162531840
387,2016254,1445,2016,254,14,45,NA,NA,T,NA,NA,NA,NA,20162541445
388,2016254,1625,2016,254,16,25,NA,NA,T,NA,NA,NA,NA,20162541625
389,2016254,1740,2016,254,17,40,NA,NA,A,NA,NA,NA,NA,20162541740
390,2016254,1920,2016,254,19,20,NA,NA,A,NA,NA,NA,NA,20162541920
391,2016254,1925,2016,254,19,25,NA,NA,A,NA,NA,NA,NA,20162541925
392,2016255,1530,2016,255,15,30,NA,NA,T,NA,NA,NA,NA,20162551530
393,2016255,1825,2016,255,18,25,NA,NA,A,NA,NA,NA,NA,20162551825
394,2016255,1830,2016,255,18,30,NA,NA,A,NA,NA,NA,NA,20162551830
395,2016256,1435,2016,256,14,35,NA,NA,T,NA,NA,NA,NA,20162561435
396,2016256,1610,2016,256,16,10,NA,NA,T,NA,NA,NA,NA,20162561610
397,2016256,1730,2016,256,17,30,NA,NA,A,NA,NA,NA,NA,20162561730
398,2016256,1910,2016,256,19,10,NA,NA,A,NA,NA,NA,NA,20162561910
399,2016257,1515,2016,257,15,15,NA,NA,T,NA,NA,NA,NA,20162571515
400,2016257,1810,2016,257,18,10,NA,NA,A,NA,NA,NA,NA,20162571810
401,2016257,1815,2016,257,18,15,NA,NA,A,NA,NA,NA,NA,20162571815
402,2016258,1600,2016,258,16,0,NA,NA,T,NA,NA,NA,NA,20162581600
403,2016258,1855,2016,258,18,55,NA,NA,A,NA,NA,NA,NA,20162581855
404,2016258,1900,2016,258,19,0,NA,NA,A,NA,NA,NA,NA,20162581900
405,2016259,1505,2016,259,15,5,NA,NA,T,NA,NA,NA,NA,20162591505
406,2016259,1640,2016,259,16,40,NA,NA,T,NA,NA,NA,NA,20162591640
407,2016259,1800,2016,259,18,0,NA,NA,A,NA,NA,NA,NA,20162591800
408,2016259,1805,2016,259,18,5,NA,NA,A,NA,NA,NA,NA,20162591805
409,2016260,1550,2016,260,15,50,NA,NA,T,NA,NA,NA,NA,20162601550
410,2016260,1845,2016,260,18,45,NA,NA,A,NA,NA,NA,NA,20162601845
411,2016261,1450,2016,261,14,50,NA,NA,T,NA,NA,NA,NA,20162611450
412,2016261,1630,2016,261,16,30,NA,NA,T,NA,NA,NA,NA,20162611630
413,2016261,1750,2016,261,17,50,NA,NA,A,NA,NA,NA,NA,20162611750
414,2016261,1925,2016,261,19,25,NA,NA,A,NA,NA,NA,NA,20162611925
415,2016261,1930,2016,261,19,30,NA,NA,A,NA,NA,NA,NA,20162611930
416,2016262,1535,2016,262,15,35,NA,NA,T,NA,NA,NA,NA,20162621535
417,2016262,1830,2016,262,18,30,NA,NA,A,NA,NA,NA,NA,20162621830
418,2016262,1835,2016,262,18,35,NA,NA,A,NA,NA,NA,NA,20162621835
419,2016263,1440,2016,263,14,40,NA,NA,T,NA,NA,NA,NA,20162631440
420,2016263,1620,2016,263,16,20,NA,NA,T,NA,NA,NA,NA,20162631620
421,2016263,1735,2016,263,17,35,NA,NA,A,NA,NA,NA,NA,20162631735
422,2016263,1915,2016,263,19,15,NA,NA,A,NA,NA,NA,NA,20162631915
423,2016264,1525,2016,264,15,25,NA,NA,T,NA,NA,NA,NA,20162641525
424,2016264,1820,2016,264,18,20,NA,NA,A,NA,NA,NA,NA,20162641820
425,2016265,1430,2016,265,14,30,NA,NA,T,NA,NA,NA,NA,20162651430
426,2016265,1605,2016,265,16,5,NA,NA,T,NA,NA,NA,NA,20162651605
427,2016265,1900,2016,265,19,0,NA,NA,A,NA,NA,NA,NA,20162651900
428,2016265,1905,2016,265,19,5,NA,NA,A,NA,NA,NA,NA,20162651905
429,2016266,1510,2016,266,15,10,NA,NA,T,NA,NA,NA,NA,20162661510
430,2016266,1805,2016,266,18,5,NA,NA,A,NA,NA,NA,NA,20162661805
431,2016266,1810,2016,266,18,10,NA,NA,A,NA,NA,NA,NA,20162661810
432,2016267,1555,2016,267,15,55,6.262499999,-75.58018662,T,0.09475,0.06525,0.0262,0,20162671555
433,2016267,1850,2016,267,18,50,NA,NA,A,NA,NA,NA,NA,20162671850
434,2016268,1500,2016,268,15,0,NA,NA,T,NA,NA,NA,NA,20162681500
435,2016268,1635,2016,268,16,35,NA,NA,T,NA,NA,NA,NA,20162681635
436,2016268,1755,2016,268,17,55,NA,NA,A,NA,NA,NA,NA,20162681755
437,2016268,1935,2016,268,19,35,NA,NA,A,NA,NA,NA,NA,20162681935
438,2016269,1540,2016,269,15,40,NA,NA,T,NA,NA,NA,NA,20162691540
439,2016269,1835,2016,269,18,35,NA,NA,A,NA,NA,NA,NA,20162691835
440,2016269,1840,2016,269,18,40,NA,NA,A,NA,NA,NA,NA,20162691840
441,2016270,1445,2016,270,14,45,NA,NA,T,NA,NA,NA,NA,20162701445
442,2016270,1625,2016,270,16,25,NA,NA,T,NA,NA,NA,NA,20162701625
443,2016270,1740,2016,270,17,40,NA,NA,A,NA,NA,NA,NA,20162701740
444,2016270,1920,2016,270,19,20,NA,NA,A,NA,NA,NA,NA,20162701920
445,2016270,1925,2016,270,19,25,NA,NA,A,NA,NA,NA,NA,20162701925
446,2016271,1530,2016,271,15,30,NA,NA,T,NA,NA,NA,NA,20162711530
447,2016271,1825,2016,271,18,25,NA,NA,A,NA,NA,NA,NA,20162711825
448,2016271,1830,2016,271,18,30,NA,NA,A,NA,NA,NA,NA,20162711830
449,2016272,1435,2016,272,14,35,NA,NA,T,NA,NA,NA,NA,20162721435
450,2016272,1610,2016,272,16,10,NA,NA,T,NA,NA,NA,NA,20162721610
451,2016272,1730,2016,272,17,30,NA,NA,A,NA,NA,NA,NA,20162721730
452,2016272,1910,2016,272,19,10,NA,NA,A,NA,NA,NA,NA,20162721910
453,2016273,1515,2016,273,15,15,6.262499999,-75.57180326,T,0.32,0.224,0.0314,0,20162731515
454,2016273,1810,2016,273,18,10,NA,NA,A,NA,NA,NA,NA,20162731810
455,2016273,1815,2016,273,18,15,NA,NA,A,NA,NA,NA,NA,20162731815
456,2016274,1600,2016,274,16,0,NA,NA,T,NA,NA,NA,NA,20162741600
457,2016274,1855,2016,274,18,55,NA,NA,A,NA,NA,NA,NA,20162741855
458,2016274,1900,2016,274,19,0,NA,NA,A,NA,NA,NA,NA,20162741900
459,2016275,1505,2016,275,15,5,NA,NA,T,NA,NA,NA,NA,20162751505
460,2016275,1640,2016,275,16,40,NA,NA,T,NA,NA,NA,NA,20162751640
461,2016275,1800,2016,275,18,0,NA,NA,A,NA,NA,NA,NA,20162751800
462,2016275,1805,2016,275,18,5,NA,NA,A,NA,NA,NA,NA,20162751805
463,2016276,1550,2016,276,15,50,NA,NA,T,NA,NA,NA,NA,20162761550
464,2016276,1845,2016,276,18,45,NA,NA,A,NA,NA,NA,NA,20162761845
465,2016277,1450,2016,277,14,50,NA,NA,T,NA,NA,NA,NA,20162771450
466,2016277,1630,2016,277,16,30,NA,NA,T,NA,NA,NA,NA,20162771630
467,2016277,1750,2016,277,17,50,NA,NA,A,NA,NA,NA,NA,20162771750
468,2016277,1925,2016,277,19,25,NA,NA,A,NA,NA,NA,NA,20162771925
469,2016277,1930,2016,277,19,30,NA,NA,A,NA,NA,NA,NA,20162771930
470,2016278,1535,2016,278,15,35,NA,NA,T,NA,NA,NA,NA,20162781535
471,2016278,1830,2016,278,18,30,NA,NA,A,NA,NA,NA,NA,20162781830
472,2016278,1835,2016,278,18,35,NA,NA,A,NA,NA,NA,NA,20162781835
473,2016279,1440,2016,279,14,40,NA,NA,T,NA,NA,NA,NA,20162791440
474,2016279,1620,2016,279,16,20,NA,NA,T,NA,NA,NA,NA,20162791620
475,2016279,1735,2016,279,17,35,NA,NA,A,NA,NA,NA,NA,20162791735
476,2016279,1915,2016,279,19,15,NA,NA,A,NA,NA,NA,NA,20162791915
477,2016280,1525,2016,280,15,25,NA,NA,T,NA,NA,NA,NA,20162801525
478,2016280,1820,2016,280,18,20,NA,NA,A,NA,NA,NA,NA,20162801820
479,2016281,1430,2016,281,14,30,NA,NA,T,NA,NA,NA,NA,20162811430
480,2016281,1605,2016,281,16,5,NA,NA,T,NA,NA,NA,NA,20162811605
481,2016281,1900,2016,281,19,0,NA,NA,A,NA,NA,NA,NA,20162811900
482,2016281,1905,2016,281,19,5,NA,NA,A,NA,NA,NA,NA,20162811905
483,2016282,1510,2016,282,15,10,NA,NA,T,NA,NA,NA,NA,20162821510
484,2016282,1805,2016,282,18,5,NA,NA,A,NA,NA,NA,NA,20162821805
485,2016282,1810,2016,282,18,10,NA,NA,A,NA,NA,NA,NA,20162821810
486,2016283,1555,2016,283,15,55,NA,NA,T,NA,NA,NA,NA,20162831555
487,2016283,1850,2016,283,18,50,NA,NA,A,NA,NA,NA,NA,20162831850
488,2016284,1500,2016,284,15,0,NA,NA,T,NA,NA,NA,NA,20162841500
489,2016284,1635,2016,284,16,35,NA,NA,T,NA,NA,NA,NA,20162841635
490,2016284,1755,2016,284,17,55,NA,NA,A,NA,NA,NA,NA,20162841755
491,2016284,1935,2016,284,19,35,NA,NA,A,NA,NA,NA,NA,20162841935
492,2016285,1540,2016,285,15,40,NA,NA,T,NA,NA,NA,NA,20162851540
493,2016285,1835,2016,285,18,35,NA,NA,A,NA,NA,NA,NA,20162851835
494,2016285,1840,2016,285,18,40,NA,NA,A,NA,NA,NA,NA,20162851840
495,2016286,1445,2016,286,14,45,NA,NA,T,NA,NA,NA,NA,20162861445
496,2016286,1625,2016,286,16,25,NA,NA,T,NA,NA,NA,NA,20162861625
497,2016286,1740,2016,286,17,40,NA,NA,A,NA,NA,NA,NA,20162861740
498,2016286,1920,2016,286,19,20,NA,NA,A,NA,NA,NA,NA,20162861920
499,2016286,1925,2016,286,19,25,NA,NA,A,NA,NA,NA,NA,20162861925
500,2016287,1530,2016,287,15,30,NA,NA,T,NA,NA,NA,NA,20162871530
501,2016287,1825,2016,287,18,25,NA,NA,A,NA,NA,NA,NA,20162871825
502,2016287,1830,2016,287,18,30,NA,NA,A,NA,NA,NA,NA,20162871830
503,2016288,1435,2016,288,14,35,NA,NA,T,NA,NA,NA,NA,20162881435
504,2016288,1610,2016,288,16,10,NA,NA,T,NA,NA,NA,NA,20162881610
505,2016288,1730,2016,288,17,30,NA,NA,A,NA,NA,NA,NA,20162881730
506,2016288,1910,2016,288,19,10,6.262499999,-75.58018662,A,0.1265,0.087,0.0173,0,20162881910
507,2016289,1515,2016,289,15,15,NA,NA,T,NA,NA,NA,NA,20162891515
508,2016289,1810,2016,289,18,10,NA,NA,A,NA,NA,NA,NA,20162891810
509,2016289,1815,2016,289,18,15,NA,NA,A,NA,NA,NA,NA,20162891815
510,2016290,1600,2016,290,16,0,NA,NA,T,NA,NA,NA,NA,20162901600
511,2016290,1855,2016,290,18,55,NA,NA,A,NA,NA,NA,NA,20162901855
512,2016290,1900,2016,290,19,0,NA,NA,A,NA,NA,NA,NA,20162901900
513,2016291,1505,2016,291,15,5,NA,NA,T,NA,NA,NA,NA,20162911505
514,2016291,1640,2016,291,16,40,NA,NA,T,NA,NA,NA,NA,20162911640
515,2016291,1800,2016,291,18,0,NA,NA,A,NA,NA,NA,NA,20162911800
516,2016291,1805,2016,291,18,5,NA,NA,A,NA,NA,NA,NA,20162911805
517,2016292,1550,2016,292,15,50,NA,NA,T,NA,NA,NA,NA,20162921550
518,2016292,1845,2016,292,18,45,NA,NA,A,NA,NA,NA,NA,20162921845
519,2016293,1450,2016,293,14,50,NA,NA,T,NA,NA,NA,NA,20162931450
520,2016293,1630,2016,293,16,30,NA,NA,T,NA,NA,NA,NA,20162931630
521,2016293,1750,2016,293,17,50,NA,NA,A,NA,NA,NA,NA,20162931750
522,2016293,1925,2016,293,19,25,NA,NA,A,NA,NA,NA,NA,20162931925
523,2016293,1930,2016,293,19,30,NA,NA,A,NA,NA,NA,NA,20162931930
524,2016294,1830,2016,294,18,30,NA,NA,A,NA,NA,NA,NA,20162941830
525,2016294,1835,2016,294,18,35,NA,NA,A,NA,NA,NA,NA,20162941835
526,2016295,1440,2016,295,14,40,NA,NA,T,NA,NA,NA,NA,20162951440
527,2016295,1620,2016,295,16,20,NA,NA,T,NA,NA,NA,NA,20162951620
528,2016295,1735,2016,295,17,35,NA,NA,A,NA,NA,NA,NA,20162951735
529,2016295,1915,2016,295,19,15,NA,NA,A,NA,NA,NA,NA,20162951915
530,2016296,1525,2016,296,15,25,NA,NA,T,NA,NA,NA,NA,20162961525
531,2016296,1820,2016,296,18,20,NA,NA,A,NA,NA,NA,NA,20162961820
532,2016297,1430,2016,297,14,30,NA,NA,T,NA,NA,NA,NA,20162971430
533,2016297,1605,2016,297,16,5,NA,NA,T,NA,NA,NA,NA,20162971605
534,2016297,1900,2016,297,19,0,NA,NA,A,NA,NA,NA,NA,20162971900
535,2016297,1905,2016,297,19,5,NA,NA,A,NA,NA,NA,NA,20162971905
536,2016298,1510,2016,298,15,10,NA,NA,T,NA,NA,NA,NA,20162981510
537,2016298,1805,2016,298,18,5,NA,NA,A,NA,NA,NA,NA,20162981805
538,2016298,1810,2016,298,18,10,NA,NA,A,NA,NA,NA,NA,20162981810
539,2016299,1555,2016,299,15,55,NA,NA,T,NA,NA,NA,NA,20162991555
540,2016299,1850,2016,299,18,50,NA,NA,A,NA,NA,NA,NA,20162991850
541,2016300,1500,2016,300,15,0,NA,NA,T,NA,NA,NA,NA,20163001500
542,2016300,1635,2016,300,16,35,NA,NA,T,NA,NA,NA,NA,20163001635
543,2016300,1755,2016,300,17,55,NA,NA,A,NA,NA,NA,NA,20163001755
544,2016300,1935,2016,300,19,35,NA,NA,A,NA,NA,NA,NA,20163001935
545,2016301,1540,2016,301,15,40,6.262499999,-75.58018662,T,0.325,0.227,0.0336,0,20163011540
546,2016301,1835,2016,301,18,35,NA,NA,A,NA,NA,NA,NA,20163011835
547,2016301,1840,2016,301,18,40,NA,NA,A,NA,NA,NA,NA,20163011840
548,2016302,1445,2016,302,14,45,NA,NA,T,NA,NA,NA,NA,20163021445
549,2016302,1625,2016,302,16,25,NA,NA,T,NA,NA,NA,NA,20163021625
550,2016302,1740,2016,302,17,40,NA,NA,A,NA,NA,NA,NA,20163021740
551,2016302,1920,2016,302,19,20,NA,NA,A,NA,NA,NA,NA,20163021920
552,2016302,1925,2016,302,19,25,NA,NA,A,NA,NA,NA,NA,20163021925
553,2016303,1530,2016,303,15,30,NA,NA,T,NA,NA,NA,NA,20163031530
554,2016303,1825,2016,303,18,25,NA,NA,A,NA,NA,NA,NA,20163031825
555,2016303,1830,2016,303,18,30,NA,NA,A,NA,NA,NA,NA,20163031830
556,2016304,1435,2016,304,14,35,NA,NA,T,NA,NA,NA,NA,20163041435
557,2016304,1610,2016,304,16,10,NA,NA,T,NA,NA,NA,NA,20163041610
558,2016304,1730,2016,304,17,30,NA,NA,A,NA,NA,NA,NA,20163041730
559,2016304,1910,2016,304,19,10,NA,NA,A,NA,NA,NA,NA,20163041910
560,2016305,1515,2016,305,15,15,NA,NA,T,NA,NA,NA,NA,20163051515
561,2016305,1815,2016,305,18,15,NA,NA,A,NA,NA,NA,NA,20163051815
562,2016306,1600,2016,306,16,0,NA,NA,T,NA,NA,NA,NA,20163061600
563,2016306,1855,2016,306,18,55,NA,NA,A,NA,NA,NA,NA,20163061855
564,2016306,1900,2016,306,19,0,NA,NA,A,NA,NA,NA,NA,20163061900
565,2016307,1505,2016,307,15,5,NA,NA,T,NA,NA,NA,NA,20163071505
566,2016307,1640,2016,307,16,40,NA,NA,T,NA,NA,NA,NA,20163071640
567,2016307,1800,2016,307,18,0,NA,NA,A,NA,NA,NA,NA,20163071800
568,2016307,1805,2016,307,18,5,NA,NA,A,NA,NA,NA,NA,20163071805
569,2016308,1550,2016,308,15,50,NA,NA,T,NA,NA,NA,NA,20163081550
570,2016308,1845,2016,308,18,45,NA,NA,A,NA,NA,NA,NA,20163081845
571,2016309,1450,2016,309,14,50,NA,NA,T,NA,NA,NA,NA,20163091450
572,2016309,1630,2016,309,16,30,NA,NA,T,NA,NA,NA,NA,20163091630
573,2016309,1750,2016,309,17,50,NA,NA,A,NA,NA,NA,NA,20163091750
574,2016309,1925,2016,309,19,25,NA,NA,A,NA,NA,NA,NA,20163091925
575,2016309,1930,2016,309,19,30,NA,NA,A,NA,NA,NA,NA,20163091930
576,2016310,1535,2016,310,15,35,NA,NA,T,NA,NA,NA,NA,20163101535
577,2016310,1830,2016,310,18,30,NA,NA,A,NA,NA,NA,NA,20163101830
578,2016310,1835,2016,310,18,35,NA,NA,A,NA,NA,NA,NA,20163101835
579,2016311,1440,2016,311,14,40,NA,NA,T,NA,NA,NA,NA,20163111440
580,2016311,1620,2016,311,16,20,NA,NA,T,NA,NA,NA,NA,20163111620
581,2016311,1735,2016,311,17,35,NA,NA,A,NA,NA,NA,NA,20163111735
582,2016311,1915,2016,311,19,15,NA,NA,A,NA,NA,NA,NA,20163111915
583,2016312,1525,2016,312,15,25,NA,NA,T,NA,NA,NA,NA,20163121525
584,2016312,1820,2016,312,18,20,NA,NA,A,NA,NA,NA,NA,20163121820
585,2016313,1430,2016,313,14,30,NA,NA,T,NA,NA,NA,NA,20163131430
586,2016313,1605,2016,313,16,5,6.262499999,-75.58018662,T,0.3435,0.24,0.0145,0,20163131605
587,2016313,1900,2016,313,19,0,NA,NA,A,NA,NA,NA,NA,20163131900
588,2016313,1905,2016,313,19,5,NA,NA,A,NA,NA,NA,NA,20163131905
589,2016314,1510,2016,314,15,10,NA,NA,T,NA,NA,NA,NA,20163141510
590,2016314,1805,2016,314,18,5,NA,NA,A,NA,NA,NA,NA,20163141805
591,2016314,1810,2016,314,18,10,NA,NA,A,NA,NA,NA,NA,20163141810
592,2016315,1555,2016,315,15,55,NA,NA,T,NA,NA,NA,NA,20163151555
593,2016315,1850,2016,315,18,50,NA,NA,A,NA,NA,NA,NA,20163151850
594,2016316,1500,2016,316,15,0,NA,NA,T,NA,NA,NA,NA,20163161500
595,2016316,1635,2016,316,16,35,NA,NA,T,NA,NA,NA,NA,20163161635
596,2016316,1755,2016,316,17,55,NA,NA,A,NA,NA,NA,NA,20163161755
597,2016316,1935,2016,316,19,35,NA,NA,A,NA,NA,NA,NA,20163161935
598,2016317,1540,2016,317,15,40,NA,NA,T,NA,NA,NA,NA,20163171540
599,2016317,1835,2016,317,18,35,NA,NA,A,NA,NA,NA,NA,20163171835
600,2016317,1840,2016,317,18,40,NA,NA,A,NA,NA,NA,NA,20163171840
601,2016318,1445,2016,318,14,45,NA,NA,T,NA,NA,NA,NA,20163181445
602,2016318,1625,2016,318,16,25,NA,NA,T,NA,NA,NA,NA,20163181625
603,2016318,1740,2016,318,17,40,NA,NA,A,NA,NA,NA,NA,20163181740
604,2016318,1920,2016,318,19,20,NA,NA,A,NA,NA,NA,NA,20163181920
605,2016318,1925,2016,318,19,25,NA,NA,A,NA,NA,NA,NA,20163181925
606,2016319,1530,2016,319,15,30,NA,NA,T,NA,NA,NA,NA,20163191530
607,2016319,1825,2016,319,18,25,NA,NA,A,NA,NA,NA,NA,20163191825
608,2016319,1830,2016,319,18,30,NA,NA,A,NA,NA,NA,NA,20163191830
609,2016320,1435,2016,320,14,35,NA,NA,T,NA,NA,NA,NA,20163201435
610,2016320,1610,2016,320,16,10,NA,NA,T,NA,NA,NA,NA,20163201610
611,2016320,1730,2016,320,17,30,NA,NA,A,NA,NA,NA,NA,20163201730
612,2016320,1910,2016,320,19,10,NA,NA,A,NA,NA,NA,NA,20163201910
613,2016321,1515,2016,321,15,15,NA,NA,T,NA,NA,NA,NA,20163211515
614,2016321,1815,2016,321,18,15,NA,NA,A,NA,NA,NA,NA,20163211815
615,2016322,1600,2016,322,16,0,NA,NA,T,NA,NA,NA,NA,20163221600
616,2016322,1855,2016,322,18,55,NA,NA,A,NA,NA,NA,NA,20163221855
617,2016322,1900,2016,322,19,0,NA,NA,A,NA,NA,NA,NA,20163221900
618,2016323,1505,2016,323,15,5,NA,NA,T,NA,NA,NA,NA,20163231505
619,2016323,1640,2016,323,16,40,NA,NA,T,NA,NA,NA,NA,20163231640
620,2016323,1800,2016,323,18,0,NA,NA,A,NA,NA,NA,NA,20163231800
621,2016323,1805,2016,323,18,5,NA,NA,A,NA,NA,NA,NA,20163231805
622,2016324,1550,2016,324,15,50,NA,NA,T,NA,NA,NA,NA,20163241550
623,2016324,1845,2016,324,18,45,NA,NA,A,NA,NA,NA,NA,20163241845
624,2016325,1450,2016,325,14,50,NA,NA,T,NA,NA,NA,NA,20163251450
625,2016325,1630,2016,325,16,30,NA,NA,T,NA,NA,NA,NA,20163251630
626,2016325,1750,2016,325,17,50,NA,NA,A,NA,NA,NA,NA,20163251750
627,2016325,1925,2016,325,19,25,NA,NA,A,NA,NA,NA,NA,20163251925
628,2016325,1930,2016,325,19,30,NA,NA,A,NA,NA,NA,NA,20163251930
629,2016326,1535,2016,326,15,35,6.262499999,-75.58018662,T,0.0955,0.06575,0.0326,0,20163261535
630,2016326,1830,2016,326,18,30,NA,NA,A,NA,NA,NA,NA,20163261830
631,2016326,1835,2016,326,18,35,6.262499999,-75.58018662,A,0.16325,0.1125,0.0305,0,20163261835
632,2016327,1440,2016,327,14,40,NA,NA,T,NA,NA,NA,NA,20163271440
633,2016327,1620,2016,327,16,20,NA,NA,T,NA,NA,NA,NA,20163271620
634,2016327,1735,2016,327,17,35,NA,NA,A,NA,NA,NA,NA,20163271735
635,2016327,1915,2016,327,19,15,NA,NA,A,NA,NA,NA,NA,20163271915
636,2016328,1525,2016,328,15,25,NA,NA,T,NA,NA,NA,NA,20163281525
637,2016328,1820,2016,328,18,20,NA,NA,A,NA,NA,NA,NA,20163281820
638,2016329,1430,2016,329,14,30,NA,NA,T,NA,NA,NA,NA,20163291430
639,2016329,1605,2016,329,16,5,NA,NA,T,NA,NA,NA,NA,20163291605
640,2016329,1900,2016,329,19,0,NA,NA,A,NA,NA,NA,NA,20163291900
641,2016329,1905,2016,329,19,5,NA,NA,A,NA,NA,NA,NA,20163291905
642,2016330,1510,2016,330,15,10,NA,NA,T,NA,NA,NA,NA,20163301510
643,2016330,1805,2016,330,18,5,NA,NA,A,NA,NA,NA,NA,20163301805
644,2016330,1810,2016,330,18,10,NA,NA,A,NA,NA,NA,NA,20163301810
645,2016331,1555,2016,331,15,55,NA,NA,T,NA,NA,NA,NA,20163311555
646,2016331,1850,2016,331,18,50,NA,NA,A,NA,NA,NA,NA,20163311850
647,2016332,1500,2016,332,15,0,NA,NA,T,NA,NA,NA,NA,20163321500
648,2016332,1635,2016,332,16,35,NA,NA,T,NA,NA,NA,NA,20163321635
649,2016332,1755,2016,332,17,55,NA,NA,A,NA,NA,NA,NA,20163321755
650,2016332,1935,2016,332,19,35,NA,NA,A,NA,NA,NA,NA,20163321935
651,2016333,1540,2016,333,15,40,6.254166666,-75.57898112,T,0.2505,0.1735,0.0384,0,20163331540
652,2016333,1835,2016,333,18,35,NA,NA,A,NA,NA,NA,NA,20163331835
653,2016333,1840,2016,333,18,40,NA,NA,A,NA,NA,NA,NA,20163331840
654,2016334,1445,2016,334,14,45,NA,NA,T,NA,NA,NA,NA,20163341445
655,2016334,1625,2016,334,16,25,NA,NA,T,NA,NA,NA,NA,20163341625
656,2016334,1740,2016,334,17,40,NA,NA,A,NA,NA,NA,NA,20163341740
657,2016334,1920,2016,334,19,20,NA,NA,A,NA,NA,NA,NA,20163341920
658,2016334,1925,2016,334,19,25,NA,NA,A,NA,NA,NA,NA,20163341925
659,2016335,1530,2016,335,15,30,6.262499999,-75.58018662,T,0.3285,0.2295,0.027,0,20163351530
660,2016335,1825,2016,335,18,25,NA,NA,A,NA,NA,NA,NA,20163351825
661,2016335,1830,2016,335,18,30,NA,NA,A,NA,NA,NA,NA,20163351830
662,2016336,1435,2016,336,14,35,NA,NA,T,NA,NA,NA,NA,20163361435
663,2016336,1610,2016,336,16,10,NA,NA,T,NA,NA,NA,NA,20163361610
664,2016336,1730,2016,336,17,30,NA,NA,A,NA,NA,NA,NA,20163361730
665,2016336,1910,2016,336,19,10,NA,NA,A,NA,NA,NA,NA,20163361910
666,2016337,1515,2016,337,15,15,NA,NA,T,NA,NA,NA,NA,20163371515
667,2016337,1815,2016,337,18,15,NA,NA,A,NA,NA,NA,NA,20163371815
668,2016338,1600,2016,338,16,0,NA,NA,T,NA,NA,NA,NA,20163381600
669,2016338,1855,2016,338,18,55,NA,NA,A,NA,NA,NA,NA,20163381855
670,2016338,1900,2016,338,19,0,NA,NA,A,NA,NA,NA,NA,20163381900
671,2016339,1505,2016,339,15,5,NA,NA,T,NA,NA,NA,NA,20163391505
672,2016339,1640,2016,339,16,40,NA,NA,T,NA,NA,NA,NA,20163391640
673,2016339,1800,2016,339,18,0,NA,NA,A,NA,NA,NA,NA,20163391800
674,2016339,1805,2016,339,18,5,NA,NA,A,NA,NA,NA,NA,20163391805
675,2016340,1550,2016,340,15,50,NA,NA,T,NA,NA,NA,NA,20163401550
676,2016340,1845,2016,340,18,45,NA,NA,A,NA,NA,NA,NA,20163401845
677,2016341,1450,2016,341,14,50,NA,NA,T,NA,NA,NA,NA,20163411450
678,2016341,1630,2016,341,16,30,NA,NA,T,NA,NA,NA,NA,20163411630
679,2016341,1750,2016,341,17,50,NA,NA,A,NA,NA,NA,NA,20163411750
680,2016341,1925,2016,341,19,25,NA,NA,A,NA,NA,NA,NA,20163411925
681,2016341,1930,2016,341,19,30,NA,NA,A,NA,NA,NA,NA,20163411930
682,2016342,1535,2016,342,15,35,NA,NA,T,NA,NA,NA,NA,20163421535
683,2016342,1830,2016,342,18,30,NA,NA,A,NA,NA,NA,NA,20163421830
684,2016342,1835,2016,342,18,35,NA,NA,A,NA,NA,NA,NA,20163421835
685,2016343,1440,2016,343,14,40,NA,NA,T,NA,NA,NA,NA,20163431440
686,2016343,1620,2016,343,16,20,NA,NA,T,NA,NA,NA,NA,20163431620
687,2016343,1735,2016,343,17,35,NA,NA,A,NA,NA,NA,NA,20163431735
688,2016343,1915,2016,343,19,15,NA,NA,A,NA,NA,NA,NA,20163431915
689,2016344,1525,2016,344,15,25,NA,NA,T,NA,NA,NA,NA,20163441525
690,2016344,1820,2016,344,18,20,NA,NA,A,NA,NA,NA,NA,20163441820
691,2016345,1430,2016,345,14,30,NA,NA,T,NA,NA,NA,NA,20163451430
692,2016345,1605,2016,345,16,5,NA,NA,T,NA,NA,NA,NA,20163451605
693,2016345,1900,2016,345,19,0,NA,NA,A,NA,NA,NA,NA,20163451900
694,2016345,1905,2016,345,19,5,NA,NA,A,NA,NA,NA,NA,20163451905
695,2016346,1510,2016,346,15,10,NA,NA,T,NA,NA,NA,NA,20163461510
696,2016346,1805,2016,346,18,5,NA,NA,A,NA,NA,NA,NA,20163461805
697,2016346,1810,2016,346,18,10,NA,NA,A,NA,NA,NA,NA,20163461810
698,2016347,1555,2016,347,15,55,NA,NA,T,NA,NA,NA,NA,20163471555
699,2016347,1850,2016,347,18,50,NA,NA,A,NA,NA,NA,NA,20163471850
700,2016348,1500,2016,348,15,0,NA,NA,T,NA,NA,NA,NA,20163481500
701,2016348,1635,2016,348,16,35,NA,NA,T,NA,NA,NA,NA,20163481635
702,2016348,1755,2016,348,17,55,NA,NA,A,NA,NA,NA,NA,20163481755
703,2016348,1935,2016,348,19,35,NA,NA,A,NA,NA,NA,NA,20163481935
704,2016349,1540,2016,349,15,40,NA,NA,T,NA,NA,NA,NA,20163491540
705,2016349,1835,2016,349,18,35,NA,NA,A,NA,NA,NA,NA,20163491835
706,2016349,1840,2016,349,18,40,6.254166666,-75.57898112,A,0.1785,0.1225,0.0374,0,20163491840
707,2016350,1445,2016,350,14,45,NA,NA,T,NA,NA,NA,NA,20163501445
708,2016350,1625,2016,350,16,25,NA,NA,T,NA,NA,NA,NA,20163501625
709,2016350,1740,2016,350,17,40,NA,NA,A,NA,NA,NA,NA,20163501740
710,2016350,1920,2016,350,19,20,NA,NA,A,NA,NA,NA,NA,20163501920
711,2016350,1925,2016,350,19,25,NA,NA,A,NA,NA,NA,NA,20163501925
712,2016351,1530,2016,351,15,30,NA,NA,T,NA,NA,NA,NA,20163511530
713,2016351,1825,2016,351,18,25,NA,NA,A,NA,NA,NA,NA,20163511825
714,2016351,1830,2016,351,18,30,NA,NA,A,NA,NA,NA,NA,20163511830
715,2016352,1435,2016,352,14,35,NA,NA,T,NA,NA,NA,NA,20163521435
716,2016352,1610,2016,352,16,10,NA,NA,T,NA,NA,NA,NA,20163521610
717,2016352,1730,2016,352,17,30,NA,NA,A,NA,NA,NA,NA,20163521730
718,2016352,1910,2016,352,19,10,NA,NA,A,NA,NA,NA,NA,20163521910
719,2016353,1515,2016,353,15,15,NA,NA,T,NA,NA,NA,NA,20163531515
720,2016353,1815,2016,353,18,15,NA,NA,A,NA,NA,NA,NA,20163531815
721,2016354,1600,2016,354,16,0,NA,NA,T,NA,NA,NA,NA,20163541600
722,2016354,1855,2016,354,18,55,6.262499999,-75.58018662,A,0.13425,0.092,0.018,0,20163541855
723,2016354,1900,2016,354,19,0,NA,NA,A,NA,NA,NA,NA,20163541900
724,2016355,1505,2016,355,15,5,6.262499999,-75.58018662,T,0.166,0.114,0.0175,0,20163551505
725,2016355,1640,2016,355,16,40,NA,NA,T,NA,NA,NA,NA,20163551640
726,2016355,1800,2016,355,18,0,NA,NA,A,NA,NA,NA,NA,20163551800
727,2016355,1805,2016,355,18,5,NA,NA,A,NA,NA,NA,NA,20163551805
728,2016356,1550,2016,356,15,50,NA,NA,T,NA,NA,NA,NA,20163561550
729,2016356,1845,2016,356,18,45,NA,NA,A,NA,NA,NA,NA,20163561845
730,2016357,1450,2016,357,14,50,NA,NA,T,NA,NA,NA,NA,20163571450
731,2016357,1630,2016,357,16,30,NA,NA,T,NA,NA,NA,NA,20163571630
732,2016357,1750,2016,357,17,50,NA,NA,A,NA,NA,NA,NA,20163571750
733,2016357,1925,2016,357,19,25,NA,NA,A,NA,NA,NA,NA,20163571925
734,2016357,1930,2016,357,19,30,NA,NA,A,NA,NA,NA,NA,20163571930
735,2016358,1535,2016,358,15,35,NA,NA,T,NA,NA,NA,NA,20163581535
736,2016358,1830,2016,358,18,30,NA,NA,A,NA,NA,NA,NA,20163581830
737,2016358,1835,2016,358,18,35,NA,NA,A,NA,NA,NA,NA,20163581835
738,2016359,1440,2016,359,14,40,NA,NA,T,NA,NA,NA,NA,20163591440
739,2016359,1620,2016,359,16,20,NA,NA,T,NA,NA,NA,NA,20163591620
740,2016359,1735,2016,359,17,35,NA,NA,A,NA,NA,NA,NA,20163591735
741,2016359,1915,2016,359,19,15,NA,NA,A,NA,NA,NA,NA,20163591915
742,2016360,1525,2016,360,15,25,NA,NA,T,NA,NA,NA,NA,20163601525
743,2016360,1820,2016,360,18,20,NA,NA,A,NA,NA,NA,NA,20163601820
744,2016361,1430,2016,361,14,30,NA,NA,T,NA,NA,NA,NA,20163611430
745,2016361,1605,2016,361,16,5,NA,NA,T,NA,NA,NA,NA,20163611605
746,2016361,1900,2016,361,19,0,NA,NA,A,NA,NA,NA,NA,20163611900
747,2016361,1905,2016,361,19,5,NA,NA,A,NA,NA,NA,NA,20163611905
748,2016362,1510,2016,362,15,10,NA,NA,T,NA,NA,NA,NA,20163621510
749,2016362,1805,2016,362,18,5,NA,NA,A,NA,NA,NA,NA,20163621805
750,2016362,1810,2016,362,18,10,NA,NA,A,NA,NA,NA,NA,20163621810
751,2016363,1555,2016,363,15,55,6.262499999,-75.57180326,T,0.235,0.163,0.0216,0,20163631555
752,2016363,1850,2016,363,18,50,NA,NA,A,NA,NA,NA,NA,20163631850
753,2016364,1500,2016,364,15,0,NA,NA,T,NA,NA,NA,NA,20163641500
754,2016364,1635,2016,364,16,35,NA,NA,T,NA,NA,NA,NA,20163641635
755,2016364,1755,2016,364,17,55,NA,NA,A,NA,NA,NA,NA,20163641755
756,2016364,1935,2016,364,19,35,NA,NA,A,NA,NA,NA,NA,20163641935
757,2016365,1540,2016,365,15,40,NA,NA,T,NA,NA,NA,NA,20163651540
758,2016365,1835,2016,365,18,35,NA,NA,A,NA,NA,NA,NA,20163651835
759,2016365,1840,2016,365,18,40,NA,NA,A,NA,NA,NA,NA,20163651840
760,2016366,1445,2016,366,14,45,NA,NA,T,NA,NA,NA,NA,20163661445
761,2016366,1625,2016,366,16,25,NA,NA,T,NA,NA,NA,NA,20163661625
762,2016366,1740,2016,366,17,40,NA,NA,A,NA,NA,NA,NA,20163661740
763,2016366,1920,2016,366,19,20,NA,NA,A,NA,NA,NA,NA,20163661920
764,2016366,1925,2016,366,19,25,NA,NA,A,NA,NA,NA,NA,20163661925
1,2017001,1530,2017,1,15,30,NA,NA,T,NA,NA,NA,NA,20170011530
2,2017001,1825,2017,1,18,25,NA,NA,A,NA,NA,NA,NA,20170011825
3,2017001,1830,2017,1,18,30,NA,NA,A,NA,NA,NA,NA,20170011830
4,2017002,1435,2017,2,14,35,NA,NA,T,NA,NA,NA,NA,20170021435
5,2017002,1610,2017,2,16,10,6.262499999,-75.58018662,T,0.174,0.12,0.0091,0,20170021610
6,2017002,1730,2017,2,17,30,NA,NA,A,NA,NA,NA,NA,20170021730
7,2017002,1910,2017,2,19,10,NA,NA,A,NA,NA,NA,NA,20170021910
8,2017003,1515,2017,3,15,15,NA,NA,T,NA,NA,NA,NA,20170031515
9,2017003,1815,2017,3,18,15,NA,NA,A,NA,NA,NA,NA,20170031815
10,2017004,1600,2017,4,16,0,NA,NA,T,NA,NA,NA,NA,20170041600
11,2017004,1855,2017,4,18,55,NA,NA,A,NA,NA,NA,NA,20170041855
12,2017004,1900,2017,4,19,0,NA,NA,A,NA,NA,NA,NA,20170041900
13,2017005,1505,2017,5,15,5,NA,NA,T,NA,NA,NA,NA,20170051505
14,2017005,1640,2017,5,16,40,NA,NA,T,NA,NA,NA,NA,20170051640
15,2017005,1800,2017,5,18,0,NA,NA,A,NA,NA,NA,NA,20170051800
16,2017005,1805,2017,5,18,5,NA,NA,A,NA,NA,NA,NA,20170051805
17,2017006,1550,2017,6,15,50,6.262499999,-75.58018662,T,0.3825,0.2675,0.0242,0,20170061550
18,2017006,1845,2017,6,18,45,NA,NA,A,NA,NA,NA,NA,20170061845
19,2017007,1450,2017,7,14,50,NA,NA,T,NA,NA,NA,NA,20170071450
20,2017007,1630,2017,7,16,30,NA,NA,T,NA,NA,NA,NA,20170071630
21,2017007,1750,2017,7,17,50,NA,NA,A,NA,NA,NA,NA,20170071750
22,2017007,1925,2017,7,19,25,NA,NA,A,NA,NA,NA,NA,20170071925
23,2017007,1930,2017,7,19,30,NA,NA,A,NA,NA,NA,NA,20170071930
24,2017008,1535,2017,8,15,35,NA,NA,T,NA,NA,NA,NA,20170081535
25,2017008,1830,2017,8,18,30,NA,NA,A,NA,NA,NA,NA,20170081830
26,2017008,1835,2017,8,18,35,NA,NA,A,NA,NA,NA,NA,20170081835
27,2017009,1440,2017,9,14,40,NA,NA,T,NA,NA,NA,NA,20170091440
28,2017009,1620,2017,9,16,20,NA,NA,T,NA,NA,NA,NA,20170091620
29,2017009,1735,2017,9,17,35,NA,NA,A,NA,NA,NA,NA,20170091735
30,2017009,1915,2017,9,19,15,NA,NA,A,NA,NA,NA,NA,20170091915
31,2017010,1525,2017,10,15,25,NA,NA,T,NA,NA,NA,NA,20170101525
32,2017010,1820,2017,10,18,20,NA,NA,A,NA,NA,NA,NA,20170101820
33,2017011,1430,2017,11,14,30,NA,NA,T,NA,NA,NA,NA,20170111430
34,2017011,1605,2017,11,16,5,6.262499999,-75.58018662,T,0.1575,0.108,0.0118,0,20170111605
35,2017011,1900,2017,11,19,0,NA,NA,A,NA,NA,NA,NA,20170111900
36,2017011,1905,2017,11,19,5,NA,NA,A,NA,NA,NA,NA,20170111905
37,2017012,1510,2017,12,15,10,NA,NA,T,NA,NA,NA,NA,20170121510
38,2017012,1805,2017,12,18,5,NA,NA,A,NA,NA,NA,NA,20170121805
39,2017012,1810,2017,12,18,10,NA,NA,A,NA,NA,NA,NA,20170121810
40,2017013,1555,2017,13,15,55,NA,NA,T,NA,NA,NA,NA,20170131555
41,2017013,1850,2017,13,18,50,6.262499999,-75.58018662,A,0.24825,0.17225,0.0208,0,20170131850
42,2017014,1500,2017,14,15,0,NA,NA,T,NA,NA,NA,NA,20170141500
43,2017014,1635,2017,14,16,35,NA,NA,T,NA,NA,NA,NA,20170141635
44,2017014,1755,2017,14,17,55,NA,NA,A,NA,NA,NA,NA,20170141755
45,2017014,1935,2017,14,19,35,NA,NA,A,NA,NA,NA,NA,20170141935
46,2017015,1540,2017,15,15,40,NA,NA,T,NA,NA,NA,NA,20170151540
47,2017015,1835,2017,15,18,35,NA,NA,A,NA,NA,NA,NA,20170151835
48,2017015,1840,2017,15,18,40,NA,NA,A,NA,NA,NA,NA,20170151840
49,2017016,1445,2017,16,14,45,NA,NA,T,NA,NA,NA,NA,20170161445
50,2017016,1625,2017,16,16,25,NA,NA,T,NA,NA,NA,NA,20170161625
51,2017016,1740,2017,16,17,40,NA,NA,A,NA,NA,NA,NA,20170161740
52,2017016,1920,2017,16,19,20,NA,NA,A,NA,NA,NA,NA,20170161920
53,2017016,1925,2017,16,19,25,NA,NA,A,NA,NA,NA,NA,20170161925
54,2017017,1530,2017,17,15,30,NA,NA,T,NA,NA,NA,NA,20170171530
55,2017017,1825,2017,17,18,25,NA,NA,A,NA,NA,NA,NA,20170171825
56,2017017,1830,2017,17,18,30,NA,NA,A,NA,NA,NA,NA,20170171830
57,2017018,1435,2017,18,14,35,NA,NA,T,NA,NA,NA,NA,20170181435
58,2017018,1610,2017,18,16,10,NA,NA,T,NA,NA,NA,NA,20170181610
59,2017018,1730,2017,18,17,30,NA,NA,A,NA,NA,NA,NA,20170181730
60,2017018,1910,2017,18,19,10,NA,NA,A,NA,NA,NA,NA,20170181910
61,2017019,1515,2017,19,15,15,6.262499999,-75.58018662,T,0.1045,0.072,0.0214,0,20170191515
62,2017019,1815,2017,19,18,15,NA,NA,A,NA,NA,NA,NA,20170191815
63,2017020,1600,2017,20,16,0,NA,NA,T,NA,NA,NA,NA,20170201600
64,2017020,1855,2017,20,18,55,NA,NA,A,NA,NA,NA,NA,20170201855
65,2017020,1900,2017,20,19,0,NA,NA,A,NA,NA,NA,NA,20170201900
66,2017021,1505,2017,21,15,5,6.262499999,-75.58018662,T,0.12325,0.08475,0.0155,0,20170211505
67,2017021,1640,2017,21,16,40,NA,NA,T,NA,NA,NA,NA,20170211640
68,2017021,1800,2017,21,18,0,NA,NA,A,NA,NA,NA,NA,20170211800
69,2017021,1805,2017,21,18,5,NA,NA,A,NA,NA,NA,NA,20170211805
70,2017022,1545,2017,22,15,45,6.262499999,-75.58018662,T,0.14425,0.099,0.0254,0,20170221545
71,2017022,1845,2017,22,18,45,6.262499999,-75.58018662,A,0.1285,0.0885,0.0264,0,20170221845
72,2017023,1450,2017,23,14,50,NA,NA,T,NA,NA,NA,NA,20170231450
73,2017023,1630,2017,23,16,30,NA,NA,T,NA,NA,NA,NA,20170231630
74,2017023,1750,2017,23,17,50,6.262499999,-75.58018662,A,0.1015,0.0695,0.0091,0,20170231750
75,2017023,1925,2017,23,19,25,NA,NA,A,NA,NA,NA,NA,20170231925
76,2017023,1930,2017,23,19,30,NA,NA,A,NA,NA,NA,NA,20170231930
77,2017024,1535,2017,24,15,35,NA,NA,T,NA,NA,NA,NA,20170241535
78,2017024,1830,2017,24,18,30,NA,NA,A,NA,NA,NA,NA,20170241830
79,2017024,1835,2017,24,18,35,NA,NA,A,NA,NA,NA,NA,20170241835
80,2017025,1440,2017,25,14,40,NA,NA,T,NA,NA,NA,NA,20170251440
81,2017025,1620,2017,25,16,20,NA,NA,T,NA,NA,NA,NA,20170251620
82,2017025,1735,2017,25,17,35,NA,NA,A,NA,NA,NA,NA,20170251735
83,2017025,1915,2017,25,19,15,NA,NA,A,NA,NA,NA,NA,20170251915
84,2017026,1525,2017,26,15,25,6.254166666,-75.57898112,T,0.0645,0.044,0.0324,0,20170261525
85,2017026,1820,2017,26,18,20,NA,NA,A,NA,NA,NA,NA,20170261820
86,2017027,1425,2017,27,14,25,NA,NA,T,NA,NA,NA,NA,20170271425
87,2017027,1605,2017,27,16,5,NA,NA,T,NA,NA,NA,NA,20170271605
88,2017027,1900,2017,27,19,0,NA,NA,A,NA,NA,NA,NA,20170271900
89,2017027,1905,2017,27,19,5,6.262499999,-75.58018662,A,0.2605,0.1805,0.017,0,20170271905
90,2017028,1510,2017,28,15,10,NA,NA,T,NA,NA,NA,NA,20170281510
91,2017028,1805,2017,28,18,5,NA,NA,A,NA,NA,NA,NA,20170281805
92,2017028,1810,2017,28,18,10,NA,NA,A,NA,NA,NA,NA,20170281810
93,2017029,1555,2017,29,15,55,NA,NA,T,NA,NA,NA,NA,20170291555
94,2017029,1850,2017,29,18,50,NA,NA,A,NA,NA,NA,NA,20170291850
95,2017029,1855,2017,29,18,55,NA,NA,A,NA,NA,NA,NA,20170291855
96,2017030,1500,2017,30,15,0,NA,NA,T,NA,NA,NA,NA,20170301500
97,2017030,1635,2017,30,16,35,NA,NA,T,NA,NA,NA,NA,20170301635
98,2017030,1755,2017,30,17,55,NA,NA,A,NA,NA,NA,NA,20170301755
99,2017030,1935,2017,30,19,35,NA,NA,A,NA,NA,NA,NA,20170301935
100,2017031,1540,2017,31,15,40,NA,NA,T,NA,NA,NA,NA,20170311540
101,2017031,1840,2017,31,18,40,NA,NA,A,NA,NA,NA,NA,20170311840
102,2017032,1445,2017,32,14,45,NA,NA,T,NA,NA,NA,NA,20170321445
103,2017032,1625,2017,32,16,25,NA,NA,T,NA,NA,NA,NA,20170321625
104,2017032,1740,2017,32,17,40,NA,NA,A,NA,NA,NA,NA,20170321740
105,2017032,1920,2017,32,19,20,NA,NA,A,NA,NA,NA,NA,20170321920
106,2017032,1925,2017,32,19,25,NA,NA,A,NA,NA,NA,NA,20170321925
107,2017033,1530,2017,33,15,30,NA,NA,T,NA,NA,NA,NA,20170331530
108,2017033,1825,2017,33,18,25,NA,NA,A,NA,NA,NA,NA,20170331825
109,2017033,1830,2017,33,18,30,NA,NA,A,NA,NA,NA,NA,20170331830
110,2017034,1435,2017,34,14,35,NA,NA,T,NA,NA,NA,NA,20170341435
111,2017034,1610,2017,34,16,10,NA,NA,T,NA,NA,NA,NA,20170341610
112,2017034,1730,2017,34,17,30,NA,NA,A,NA,NA,NA,NA,20170341730
113,2017034,1910,2017,34,19,10,NA,NA,A,NA,NA,NA,NA,20170341910
114,2017035,1515,2017,35,15,15,6.262499999,-75.58018662,T,0.1615,0.111,0.0252,0,20170351515
115,2017035,1815,2017,35,18,15,NA,NA,A,NA,NA,NA,NA,20170351815
116,2017036,1600,2017,36,16,0,6.262499999,-75.58018662,T,0.05025,0.03425,0.016,0,20170361600
117,2017036,1855,2017,36,18,55,NA,NA,A,NA,NA,NA,NA,20170361855
118,2017036,1900,2017,36,19,0,6.262499999,-75.58018662,A,0.027,0.0185,0.0227,0,20170361900
119,2017037,1505,2017,37,15,5,NA,NA,T,NA,NA,NA,NA,20170371505
120,2017037,1640,2017,37,16,40,NA,NA,T,NA,NA,NA,NA,20170371640
121,2017037,1800,2017,37,18,0,NA,NA,A,NA,NA,NA,NA,20170371800
122,2017037,1805,2017,37,18,5,6.254166666,-75.57059789,A,0.132,0.091,0.0161,0,20170371805
123,2017038,1545,2017,38,15,45,6.262499999,-75.58018662,T,0.1035,0.071,0.0266,0,20170381545
124,2017038,1845,2017,38,18,45,NA,NA,A,NA,NA,NA,NA,20170381845
125,2017039,1450,2017,39,14,50,NA,NA,T,NA,NA,NA,NA,20170391450
126,2017039,1630,2017,39,16,30,NA,NA,T,NA,NA,NA,NA,20170391630
127,2017039,1750,2017,39,17,50,NA,NA,A,NA,NA,NA,NA,20170391750
128,2017039,1925,2017,39,19,25,NA,NA,A,NA,NA,NA,NA,20170391925
129,2017039,1930,2017,39,19,30,NA,NA,A,NA,NA,NA,NA,20170391930
130,2017040,1535,2017,40,15,35,NA,NA,T,NA,NA,NA,NA,20170401535
131,2017040,1830,2017,40,18,30,NA,NA,A,NA,NA,NA,NA,20170401830
132,2017040,1835,2017,40,18,35,NA,NA,A,NA,NA,NA,NA,20170401835
133,2017041,1440,2017,41,14,40,NA,NA,T,NA,NA,NA,NA,20170411440
134,2017041,1620,2017,41,16,20,NA,NA,T,NA,NA,NA,NA,20170411620
135,2017041,1735,2017,41,17,35,NA,NA,A,NA,NA,NA,NA,20170411735
136,2017041,1915,2017,41,19,15,NA,NA,A,NA,NA,NA,NA,20170411915
137,2017042,1525,2017,42,15,25,6.262499999,-75.58018662,T,0.222,0.1535,0.027,0,20170421525
138,2017042,1820,2017,42,18,20,NA,NA,A,NA,NA,NA,NA,20170421820
139,2017043,1425,2017,43,14,25,NA,NA,T,NA,NA,NA,NA,20170431425
140,2017043,1605,2017,43,16,5,NA,NA,T,NA,NA,NA,NA,20170431605
141,2017043,1900,2017,43,19,0,NA,NA,A,NA,NA,NA,NA,20170431900
142,2017043,1905,2017,43,19,5,NA,NA,A,NA,NA,NA,NA,20170431905
143,2017044,1510,2017,44,15,10,NA,NA,T,NA,NA,NA,NA,20170441510
144,2017044,1805,2017,44,18,5,NA,NA,A,NA,NA,NA,NA,20170441805
145,2017044,1810,2017,44,18,10,NA,NA,A,NA,NA,NA,NA,20170441810
146,2017045,1555,2017,45,15,55,NA,NA,T,NA,NA,NA,NA,20170451555
147,2017045,1850,2017,45,18,50,NA,NA,A,NA,NA,NA,NA,20170451850
148,2017045,1855,2017,45,18,55,NA,NA,A,NA,NA,NA,NA,20170451855
149,2017046,1500,2017,46,15,0,NA,NA,T,NA,NA,NA,NA,20170461500
150,2017046,1635,2017,46,16,35,NA,NA,T,NA,NA,NA,NA,20170461635
151,2017046,1755,2017,46,17,55,NA,NA,A,NA,NA,NA,NA,20170461755
152,2017046,1935,2017,46,19,35,NA,NA,A,NA,NA,NA,NA,20170461935
153,2017047,1840,2017,47,18,40,NA,NA,A,NA,NA,NA,NA,20170471840
154,2017048,1445,2017,48,14,45,NA,NA,T,NA,NA,NA,NA,20170481445
155,2017048,1625,2017,48,16,25,NA,NA,T,NA,NA,NA,NA,20170481625
156,2017048,1740,2017,48,17,40,NA,NA,A,NA,NA,NA,NA,20170481740
157,2017048,1920,2017,48,19,20,NA,NA,A,NA,NA,NA,NA,20170481920
158,2017048,1925,2017,48,19,25,NA,NA,A,NA,NA,NA,NA,20170481925
159,2017049,1530,2017,49,15,30,NA,NA,T,NA,NA,NA,NA,20170491530
160,2017049,1825,2017,49,18,25,NA,NA,A,NA,NA,NA,NA,20170491825
161,2017049,1830,2017,49,18,30,NA,NA,A,NA,NA,NA,NA,20170491830
162,2017050,1435,2017,50,14,35,NA,NA,T,NA,NA,NA,NA,20170501435
163,2017050,1610,2017,50,16,10,NA,NA,T,NA,NA,NA,NA,20170501610
164,2017050,1730,2017,50,17,30,NA,NA,A,NA,NA,NA,NA,20170501730
165,2017050,1910,2017,50,19,10,NA,NA,A,NA,NA,NA,NA,20170501910
166,2017051,1515,2017,51,15,15,6.262499999,-75.58018662,T,0.33325,0.23275,0.0246,0,20170511515
167,2017051,1815,2017,51,18,15,NA,NA,A,NA,NA,NA,NA,20170511815
168,2017052,1600,2017,52,16,0,NA,NA,T,NA,NA,NA,NA,20170521600
169,2017052,1855,2017,52,18,55,NA,NA,A,NA,NA,NA,NA,20170521855
170,2017052,1900,2017,52,19,0,NA,NA,A,NA,NA,NA,NA,20170521900
171,2017053,1505,2017,53,15,5,NA,NA,T,NA,NA,NA,NA,20170531505
172,2017053,1640,2017,53,16,40,NA,NA,T,NA,NA,NA,NA,20170531640
173,2017053,1800,2017,53,18,0,NA,NA,A,NA,NA,NA,NA,20170531800
174,2017053,1805,2017,53,18,5,NA,NA,A,NA,NA,NA,NA,20170531805
175,2017054,1545,2017,54,15,45,NA,NA,T,NA,NA,NA,NA,20170541545
176,2017054,1845,2017,54,18,45,NA,NA,A,NA,NA,NA,NA,20170541845
177,2017055,1450,2017,55,14,50,NA,NA,T,NA,NA,NA,NA,20170551450
178,2017055,1630,2017,55,16,30,NA,NA,T,NA,NA,NA,NA,20170551630
179,2017055,1750,2017,55,17,50,NA,NA,A,NA,NA,NA,NA,20170551750
180,2017055,1925,2017,55,19,25,NA,NA,A,NA,NA,NA,NA,20170551925
181,2017055,1930,2017,55,19,30,NA,NA,A,NA,NA,NA,NA,20170551930
182,2017056,1535,2017,56,15,35,NA,NA,T,NA,NA,NA,NA,20170561535
183,2017056,1830,2017,56,18,30,NA,NA,A,NA,NA,NA,NA,20170561830
184,2017056,1835,2017,56,18,35,NA,NA,A,NA,NA,NA,NA,20170561835
185,2017057,1440,2017,57,14,40,NA,NA,T,NA,NA,NA,NA,20170571440
186,2017057,1620,2017,57,16,20,NA,NA,T,NA,NA,NA,NA,20170571620
187,2017057,1735,2017,57,17,35,NA,NA,A,NA,NA,NA,NA,20170571735
188,2017057,1915,2017,57,19,15,NA,NA,A,NA,NA,NA,NA,20170571915
189,2017058,1525,2017,58,15,25,NA,NA,T,NA,NA,NA,NA,20170581525
190,2017058,1820,2017,58,18,20,NA,NA,A,NA,NA,NA,NA,20170581820
191,2017059,1425,2017,59,14,25,NA,NA,T,NA,NA,NA,NA,20170591425
192,2017059,1605,2017,59,16,5,NA,NA,T,NA,NA,NA,NA,20170591605
193,2017059,1900,2017,59,19,0,NA,NA,A,NA,NA,NA,NA,20170591900
194,2017059,1905,2017,59,19,5,NA,NA,A,NA,NA,NA,NA,20170591905
195,2017060,1510,2017,60,15,10,NA,NA,T,NA,NA,NA,NA,20170601510
196,2017060,1805,2017,60,18,5,NA,NA,A,NA,NA,NA,NA,20170601805
197,2017060,1810,2017,60,18,10,NA,NA,A,NA,NA,NA,NA,20170601810
198,2017061,1555,2017,61,15,55,NA,NA,T,NA,NA,NA,NA,20170611555
199,2017061,1850,2017,61,18,50,NA,NA,A,NA,NA,NA,NA,20170611850
200,2017061,1855,2017,61,18,55,NA,NA,A,NA,NA,NA,NA,20170611855
201,2017062,1500,2017,62,15,0,NA,NA,T,NA,NA,NA,NA,20170621500
202,2017062,1635,2017,62,16,35,NA,NA,T,NA,NA,NA,NA,20170621635
203,2017062,1755,2017,62,17,55,NA,NA,A,NA,NA,NA,NA,20170621755
204,2017062,1935,2017,62,19,35,NA,NA,A,NA,NA,NA,NA,20170621935
205,2017063,1540,2017,63,15,40,NA,NA,T,NA,NA,NA,NA,20170631540
206,2017063,1840,2017,63,18,40,NA,NA,A,NA,NA,NA,NA,20170631840
207,2017064,1445,2017,64,14,45,NA,NA,T,NA,NA,NA,NA,20170641445
208,2017064,1625,2017,64,16,25,NA,NA,T,NA,NA,NA,NA,20170641625
209,2017064,1740,2017,64,17,40,NA,NA,A,NA,NA,NA,NA,20170641740
210,2017064,1920,2017,64,19,20,NA,NA,A,NA,NA,NA,NA,20170641920
211,2017064,1925,2017,64,19,25,NA,NA,A,NA,NA,NA,NA,20170641925
212,2017065,1530,2017,65,15,30,NA,NA,T,NA,NA,NA,NA,20170651530
213,2017065,1825,2017,65,18,25,NA,NA,A,NA,NA,NA,NA,20170651825
214,2017065,1830,2017,65,18,30,NA,NA,A,NA,NA,NA,NA,20170651830
215,2017066,1435,2017,66,14,35,NA,NA,T,NA,NA,NA,NA,20170661435
216,2017066,1610,2017,66,16,10,NA,NA,T,NA,NA,NA,NA,20170661610
217,2017066,1730,2017,66,17,30,NA,NA,A,NA,NA,NA,NA,20170661730
218,2017066,1910,2017,66,19,10,NA,NA,A,NA,NA,NA,NA,20170661910
219,2017067,1515,2017,67,15,15,NA,NA,T,NA,NA,NA,NA,20170671515
220,2017067,1815,2017,67,18,15,NA,NA,A,NA,NA,NA,NA,20170671815
221,2017068,1600,2017,68,16,0,6.262499999,-75.58018662,T,0.39367,0.27533,0.0186,0,20170681600
222,2017068,1855,2017,68,18,55,NA,NA,A,NA,NA,NA,NA,20170681855
223,2017068,1900,2017,68,19,0,NA,NA,A,NA,NA,NA,NA,20170681900
224,2017069,1505,2017,69,15,5,NA,NA,T,NA,NA,NA,NA,20170691505
225,2017069,1640,2017,69,16,40,NA,NA,T,NA,NA,NA,NA,20170691640
226,2017069,1800,2017,69,18,0,NA,NA,A,NA,NA,NA,NA,20170691800
227,2017069,1805,2017,69,18,5,NA,NA,A,NA,NA,NA,NA,20170691805
228,2017070,1545,2017,70,15,45,NA,NA,T,NA,NA,NA,NA,20170701545
229,2017070,1845,2017,70,18,45,NA,NA,A,NA,NA,NA,NA,20170701845
230,2017071,1450,2017,71,14,50,NA,NA,T,NA,NA,NA,NA,20170711450
231,2017071,1630,2017,71,16,30,NA,NA,T,NA,NA,NA,NA,20170711630
232,2017071,1750,2017,71,17,50,NA,NA,A,NA,NA,NA,NA,20170711750
233,2017071,1925,2017,71,19,25,NA,NA,A,NA,NA,NA,NA,20170711925
234,2017071,1930,2017,71,19,30,NA,NA,A,NA,NA,NA,NA,20170711930
235,2017072,1535,2017,72,15,35,NA,NA,T,NA,NA,NA,NA,20170721535
236,2017072,1830,2017,72,18,30,NA,NA,A,NA,NA,NA,NA,20170721830
237,2017072,1835,2017,72,18,35,NA,NA,A,NA,NA,NA,NA,20170721835
238,2017073,1440,2017,73,14,40,NA,NA,T,NA,NA,NA,NA,20170731440
239,2017073,1620,2017,73,16,20,NA,NA,T,NA,NA,NA,NA,20170731620
240,2017073,1735,2017,73,17,35,NA,NA,A,NA,NA,NA,NA,20170731735
241,2017073,1915,2017,73,19,15,NA,NA,A,NA,NA,NA,NA,20170731915
242,2017073,1920,2017,73,19,20,NA,NA,A,NA,NA,NA,NA,20170731920
243,2017074,1525,2017,74,15,25,NA,NA,T,NA,NA,NA,NA,20170741525
244,2017074,1820,2017,74,18,20,NA,NA,A,NA,NA,NA,NA,20170741820
245,2017074,1825,2017,74,18,25,NA,NA,A,NA,NA,NA,NA,20170741825
246,2017075,1430,2017,75,14,30,NA,NA,T,NA,NA,NA,NA,20170751430
247,2017075,1605,2017,75,16,5,NA,NA,T,NA,NA,NA,NA,20170751605
248,2017075,1905,2017,75,19,5,NA,NA,A,NA,NA,NA,NA,20170751905
249,2017076,1510,2017,76,15,10,NA,NA,T,NA,NA,NA,NA,20170761510
250,2017076,1805,2017,76,18,5,NA,NA,A,NA,NA,NA,NA,20170761805
251,2017076,1810,2017,76,18,10,NA,NA,A,NA,NA,NA,NA,20170761810
252,2017077,1555,2017,77,15,55,NA,NA,T,NA,NA,NA,NA,20170771555
253,2017077,1850,2017,77,18,50,NA,NA,A,NA,NA,NA,NA,20170771850
254,2017077,1855,2017,77,18,55,NA,NA,A,NA,NA,NA,NA,20170771855
255,2017078,1500,2017,78,15,0,NA,NA,T,NA,NA,NA,NA,20170781500
256,2017078,1635,2017,78,16,35,NA,NA,T,NA,NA,NA,NA,20170781635
257,2017078,1755,2017,78,17,55,NA,NA,A,NA,NA,NA,NA,20170781755
258,2017078,1935,2017,78,19,35,NA,NA,A,NA,NA,NA,NA,20170781935
259,2017079,1540,2017,79,15,40,NA,NA,T,NA,NA,NA,NA,20170791540
260,2017079,1840,2017,79,18,40,NA,NA,A,NA,NA,NA,NA,20170791840
261,2017080,1445,2017,80,14,45,NA,NA,T,NA,NA,NA,NA,20170801445
262,2017080,1625,2017,80,16,25,NA,NA,T,NA,NA,NA,NA,20170801625
263,2017080,1745,2017,80,17,45,NA,NA,A,NA,NA,NA,NA,20170801745
264,2017080,1920,2017,80,19,20,NA,NA,A,NA,NA,NA,NA,20170801920
265,2017080,1925,2017,80,19,25,NA,NA,A,NA,NA,NA,NA,20170801925
266,2017081,1530,2017,81,15,30,NA,NA,T,NA,NA,NA,NA,20170811530
267,2017081,1825,2017,81,18,25,NA,NA,A,NA,NA,NA,NA,20170811825
268,2017081,1830,2017,81,18,30,NA,NA,A,NA,NA,NA,NA,20170811830
269,2017082,1435,2017,82,14,35,NA,NA,T,NA,NA,NA,NA,20170821435
270,2017082,1610,2017,82,16,10,NA,NA,T,NA,NA,NA,NA,20170821610
271,2017082,1730,2017,82,17,30,NA,NA,A,NA,NA,NA,NA,20170821730
272,2017082,1910,2017,82,19,10,NA,NA,A,NA,NA,NA,NA,20170821910
273,2017083,1515,2017,83,15,15,NA,NA,T,NA,NA,NA,NA,20170831515
274,2017083,1815,2017,83,18,15,NA,NA,A,NA,NA,NA,NA,20170831815
275,2017084,1600,2017,84,16,0,NA,NA,T,NA,NA,NA,NA,20170841600
276,2017084,1855,2017,84,18,55,NA,NA,A,NA,NA,NA,NA,20170841855
277,2017084,1900,2017,84,19,0,NA,NA,A,NA,NA,NA,NA,20170841900
278,2017085,1505,2017,85,15,5,NA,NA,T,NA,NA,NA,NA,20170851505
279,2017085,1640,2017,85,16,40,NA,NA,T,NA,NA,NA,NA,20170851640
280,2017085,1800,2017,85,18,0,NA,NA,A,NA,NA,NA,NA,20170851800
281,2017085,1805,2017,85,18,5,NA,NA,A,NA,NA,NA,NA,20170851805
282,2017086,1545,2017,86,15,45,6.262499999,-75.58018662,T,0.1405,0.097,0.0322,0,20170861545
283,2017086,1845,2017,86,18,45,NA,NA,A,NA,NA,NA,NA,20170861845
284,2017087,1450,2017,87,14,50,NA,NA,T,NA,NA,NA,NA,20170871450
285,2017087,1630,2017,87,16,30,NA,NA,T,NA,NA,NA,NA,20170871630
286,2017087,1750,2017,87,17,50,NA,NA,A,NA,NA,NA,NA,20170871750
287,2017087,1930,2017,87,19,30,NA,NA,A,NA,NA,NA,NA,20170871930
288,2017088,1535,2017,88,15,35,NA,NA,T,NA,NA,NA,NA,20170881535
289,2017088,1830,2017,88,18,30,NA,NA,A,NA,NA,NA,NA,20170881830
290,2017088,1835,2017,88,18,35,NA,NA,A,NA,NA,NA,NA,20170881835
291,2017089,1440,2017,89,14,40,NA,NA,T,NA,NA,NA,NA,20170891440
292,2017089,1620,2017,89,16,20,NA,NA,T,NA,NA,NA,NA,20170891620
293,2017089,1735,2017,89,17,35,NA,NA,A,NA,NA,NA,NA,20170891735
294,2017089,1915,2017,89,19,15,NA,NA,A,NA,NA,NA,NA,20170891915
295,2017089,1920,2017,89,19,20,NA,NA,A,NA,NA,NA,NA,20170891920
296,2017090,1525,2017,90,15,25,NA,NA,T,NA,NA,NA,NA,20170901525
297,2017090,1820,2017,90,18,20,NA,NA,A,NA,NA,NA,NA,20170901820
298,2017090,1825,2017,90,18,25,NA,NA,A,NA,NA,NA,NA,20170901825
299,2017091,1430,2017,91,14,30,NA,NA,T,NA,NA,NA,NA,20170911430
300,2017091,1605,2017,91,16,5,NA,NA,T,NA,NA,NA,NA,20170911605
301,2017091,1905,2017,91,19,5,NA,NA,A,NA,NA,NA,NA,20170911905
302,2017092,1510,2017,92,15,10,NA,NA,T,NA,NA,NA,NA,20170921510
303,2017092,1805,2017,92,18,5,NA,NA,A,NA,NA,NA,NA,20170921805
304,2017092,1810,2017,92,18,10,NA,NA,A,NA,NA,NA,NA,20170921810
305,2017093,1555,2017,93,15,55,NA,NA,T,NA,NA,NA,NA,20170931555
306,2017093,1850,2017,93,18,50,6.254166666,-75.57898112,A,0.1955,0.135,0.0387,0,20170931850
307,2017093,1855,2017,93,18,55,NA,NA,A,NA,NA,NA,NA,20170931855
308,2017094,1500,2017,94,15,0,NA,NA,T,NA,NA,NA,NA,20170941500
309,2017094,1635,2017,94,16,35,NA,NA,T,NA,NA,NA,NA,20170941635
310,2017094,1755,2017,94,17,55,NA,NA,A,NA,NA,NA,NA,20170941755
311,2017094,1935,2017,94,19,35,NA,NA,A,NA,NA,NA,NA,20170941935
312,2017095,1540,2017,95,15,40,NA,NA,T,NA,NA,NA,NA,20170951540
313,2017095,1840,2017,95,18,40,NA,NA,A,NA,NA,NA,NA,20170951840
314,2017096,1445,2017,96,14,45,NA,NA,T,NA,NA,NA,NA,20170961445
315,2017096,1625,2017,96,16,25,NA,NA,T,NA,NA,NA,NA,20170961625
316,2017096,1920,2017,96,19,20,NA,NA,A,NA,NA,NA,NA,20170961920
317,2017096,1925,2017,96,19,25,NA,NA,A,NA,NA,NA,NA,20170961925
318,2017097,1530,2017,97,15,30,NA,NA,T,NA,NA,NA,NA,20170971530
319,2017097,1825,2017,97,18,25,NA,NA,A,NA,NA,NA,NA,20170971825
320,2017097,1830,2017,97,18,30,NA,NA,A,NA,NA,NA,NA,20170971830
321,2017098,1435,2017,98,14,35,NA,NA,T,NA,NA,NA,NA,20170981435
322,2017098,1610,2017,98,16,10,NA,NA,T,NA,NA,NA,NA,20170981610
323,2017098,1730,2017,98,17,30,NA,NA,A,NA,NA,NA,NA,20170981730
324,2017098,1910,2017,98,19,10,NA,NA,A,NA,NA,NA,NA,20170981910
325,2017099,1515,2017,99,15,15,NA,NA,T,NA,NA,NA,NA,20170991515
326,2017099,1815,2017,99,18,15,NA,NA,A,NA,NA,NA,NA,20170991815
327,2017100,1600,2017,100,16,0,6.262499999,-75.58018662,T,0.33125,0.2315,0.0207,0,20171001600
328,2017100,1855,2017,100,18,55,NA,NA,A,NA,NA,NA,NA,20171001855
329,2017100,1900,2017,100,19,0,NA,NA,A,NA,NA,NA,NA,20171001900
330,2017101,1505,2017,101,15,5,NA,NA,T,NA,NA,NA,NA,20171011505
331,2017101,1640,2017,101,16,40,NA,NA,T,NA,NA,NA,NA,20171011640
332,2017101,1800,2017,101,18,0,NA,NA,A,NA,NA,NA,NA,20171011800
333,2017101,1805,2017,101,18,5,NA,NA,A,NA,NA,NA,NA,20171011805
334,2017102,1845,2017,102,18,45,NA,NA,A,NA,NA,NA,NA,20171021845
335,2017103,1450,2017,103,14,50,NA,NA,T,NA,NA,NA,NA,20171031450
336,2017103,1630,2017,103,16,30,NA,NA,T,NA,NA,NA,NA,20171031630
337,2017103,1750,2017,103,17,50,NA,NA,A,NA,NA,NA,NA,20171031750
338,2017103,1925,2017,103,19,25,NA,NA,A,NA,NA,NA,NA,20171031925
339,2017103,1930,2017,103,19,30,NA,NA,A,NA,NA,NA,NA,20171031930
340,2017104,1535,2017,104,15,35,NA,NA,T,NA,NA,NA,NA,20171041535
341,2017104,1830,2017,104,18,30,NA,NA,A,NA,NA,NA,NA,20171041830
342,2017104,1835,2017,104,18,35,NA,NA,A,NA,NA,NA,NA,20171041835
343,2017105,1440,2017,105,14,40,NA,NA,T,NA,NA,NA,NA,20171051440
344,2017105,1620,2017,105,16,20,6.262499999,-75.58018662,T,0.032,0.022,0.011,0,20171051620
345,2017105,1735,2017,105,17,35,NA,NA,A,NA,NA,NA,NA,20171051735
346,2017105,1915,2017,105,19,15,NA,NA,A,NA,NA,NA,NA,20171051915
347,2017106,1525,2017,106,15,25,NA,NA,T,NA,NA,NA,NA,20171061525
348,2017106,1820,2017,106,18,20,NA,NA,A,NA,NA,NA,NA,20171061820
349,2017107,1430,2017,107,14,30,NA,NA,T,NA,NA,NA,NA,20171071430
350,2017107,1605,2017,107,16,5,NA,NA,T,NA,NA,NA,NA,20171071605
351,2017107,1905,2017,107,19,5,NA,NA,A,NA,NA,NA,NA,20171071905
352,2017108,1510,2017,108,15,10,NA,NA,T,NA,NA,NA,NA,20171081510
353,2017108,1805,2017,108,18,5,NA,NA,A,NA,NA,NA,NA,20171081805
354,2017108,1810,2017,108,18,10,NA,NA,A,NA,NA,NA,NA,20171081810
355,2017109,1555,2017,109,15,55,NA,NA,T,NA,NA,NA,NA,20171091555
356,2017109,1850,2017,109,18,50,NA,NA,A,NA,NA,NA,NA,20171091850
357,2017109,1855,2017,109,18,55,NA,NA,A,NA,NA,NA,NA,20171091855
358,2017110,1500,2017,110,15,0,NA,NA,T,NA,NA,NA,NA,20171101500
359,2017110,1635,2017,110,16,35,NA,NA,T,NA,NA,NA,NA,20171101635
360,2017110,1755,2017,110,17,55,NA,NA,A,NA,NA,NA,NA,20171101755
361,2017110,1935,2017,110,19,35,NA,NA,A,NA,NA,NA,NA,20171101935
362,2017111,1540,2017,111,15,40,NA,NA,T,NA,NA,NA,NA,20171111540
363,2017111,1840,2017,111,18,40,NA,NA,A,NA,NA,NA,NA,20171111840
364,2017112,1445,2017,112,14,45,NA,NA,T,NA,NA,NA,NA,20171121445
365,2017112,1625,2017,112,16,25,NA,NA,T,NA,NA,NA,NA,20171121625
366,2017112,1740,2017,112,17,40,NA,NA,A,NA,NA,NA,NA,20171121740
367,2017112,1920,2017,112,19,20,NA,NA,A,NA,NA,NA,NA,20171121920
368,2017112,1925,2017,112,19,25,NA,NA,A,NA,NA,NA,NA,20171121925
369,2017113,1530,2017,113,15,30,NA,NA,T,NA,NA,NA,NA,20171131530
370,2017113,1825,2017,113,18,25,NA,NA,A,NA,NA,NA,NA,20171131825
371,2017113,1830,2017,113,18,30,NA,NA,A,NA,NA,NA,NA,20171131830
372,2017114,1730,2017,114,17,30,NA,NA,A,NA,NA,NA,NA,20171141730
373,2017114,1910,2017,114,19,10,NA,NA,A,NA,NA,NA,NA,20171141910
374,2017115,1515,2017,115,15,15,NA,NA,T,NA,NA,NA,NA,20171151515
375,2017115,1815,2017,115,18,15,NA,NA,A,NA,NA,NA,NA,20171151815
376,2017116,1600,2017,116,16,0,NA,NA,T,NA,NA,NA,NA,20171161600
377,2017116,1855,2017,116,18,55,NA,NA,A,NA,NA,NA,NA,20171161855
378,2017116,1900,2017,116,19,0,NA,NA,A,NA,NA,NA,NA,20171161900
379,2017117,1505,2017,117,15,5,NA,NA,T,NA,NA,NA,NA,20171171505
380,2017117,1640,2017,117,16,40,NA,NA,T,NA,NA,NA,NA,20171171640
381,2017117,1800,2017,117,18,0,NA,NA,A,NA,NA,NA,NA,20171171800
382,2017117,1805,2017,117,18,5,NA,NA,A,NA,NA,NA,NA,20171171805
383,2017118,1550,2017,118,15,50,NA,NA,T,NA,NA,NA,NA,20171181550
384,2017118,1845,2017,118,18,45,NA,NA,A,NA,NA,NA,NA,20171181845
385,2017119,1450,2017,119,14,50,NA,NA,T,NA,NA,NA,NA,20171191450
386,2017119,1630,2017,119,16,30,NA,NA,T,NA,NA,NA,NA,20171191630
387,2017119,1750,2017,119,17,50,NA,NA,A,NA,NA,NA,NA,20171191750
388,2017119,1925,2017,119,19,25,NA,NA,A,NA,NA,NA,NA,20171191925
389,2017119,1930,2017,119,19,30,NA,NA,A,NA,NA,NA,NA,20171191930
390,2017120,1535,2017,120,15,35,NA,NA,T,NA,NA,NA,NA,20171201535
391,2017120,1830,2017,120,18,30,NA,NA,A,NA,NA,NA,NA,20171201830
392,2017120,1835,2017,120,18,35,NA,NA,A,NA,NA,NA,NA,20171201835
393,2017121,1440,2017,121,14,40,NA,NA,T,NA,NA,NA,NA,20171211440
394,2017121,1620,2017,121,16,20,NA,NA,T,NA,NA,NA,NA,20171211620
395,2017121,1735,2017,121,17,35,NA,NA,A,NA,NA,NA,NA,20171211735
396,2017121,1915,2017,121,19,15,NA,NA,A,NA,NA,NA,NA,20171211915
397,2017122,1525,2017,122,15,25,NA,NA,T,NA,NA,NA,NA,20171221525
398,2017122,1820,2017,122,18,20,NA,NA,A,NA,NA,NA,NA,20171221820
399,2017123,1430,2017,123,14,30,NA,NA,T,NA,NA,NA,NA,20171231430
400,2017123,1605,2017,123,16,5,NA,NA,T,NA,NA,NA,NA,20171231605
401,2017123,1900,2017,123,19,0,NA,NA,A,NA,NA,NA,NA,20171231900
402,2017123,1905,2017,123,19,5,NA,NA,A,NA,NA,NA,NA,20171231905
403,2017124,1510,2017,124,15,10,6.262499999,-75.58018662,T,0.14,0.096,0.0263,0,20171241510
404,2017124,1805,2017,124,18,5,NA,NA,A,NA,NA,NA,NA,20171241805
405,2017124,1810,2017,124,18,10,NA,NA,A,NA,NA,NA,NA,20171241810
406,2017125,1555,2017,125,15,55,NA,NA,T,NA,NA,NA,NA,20171251555
407,2017125,1850,2017,125,18,50,NA,NA,A,NA,NA,NA,NA,20171251850
408,2017125,1855,2017,125,18,55,NA,NA,A,NA,NA,NA,NA,20171251855
409,2017126,1500,2017,126,15,0,NA,NA,T,NA,NA,NA,NA,20171261500
410,2017126,1635,2017,126,16,35,NA,NA,T,NA,NA,NA,NA,20171261635
411,2017126,1755,2017,126,17,55,NA,NA,A,NA,NA,NA,NA,20171261755
412,2017126,1935,2017,126,19,35,NA,NA,A,NA,NA,NA,NA,20171261935
413,2017127,1540,2017,127,15,40,NA,NA,T,NA,NA,NA,NA,20171271540
414,2017127,1840,2017,127,18,40,NA,NA,A,NA,NA,NA,NA,20171271840
415,2017128,1445,2017,128,14,45,NA,NA,T,NA,NA,NA,NA,20171281445
416,2017128,1625,2017,128,16,25,NA,NA,T,NA,NA,NA,NA,20171281625
417,2017128,1740,2017,128,17,40,NA,NA,A,NA,NA,NA,NA,20171281740
418,2017128,1920,2017,128,19,20,NA,NA,A,NA,NA,NA,NA,20171281920
419,2017128,1925,2017,128,19,25,NA,NA,A,NA,NA,NA,NA,20171281925
420,2017129,1530,2017,129,15,30,NA,NA,T,NA,NA,NA,NA,20171291530
421,2017129,1825,2017,129,18,25,NA,NA,A,NA,NA,NA,NA,20171291825
422,2017129,1830,2017,129,18,30,NA,NA,A,NA,NA,NA,NA,20171291830
423,2017130,1435,2017,130,14,35,NA,NA,T,NA,NA,NA,NA,20171301435
424,2017130,1610,2017,130,16,10,NA,NA,T,NA,NA,NA,NA,20171301610
425,2017130,1730,2017,130,17,30,NA,NA,A,NA,NA,NA,NA,20171301730
426,2017130,1910,2017,130,19,10,NA,NA,A,NA,NA,NA,NA,20171301910
427,2017131,1515,2017,131,15,15,NA,NA,T,NA,NA,NA,NA,20171311515
428,2017131,1815,2017,131,18,15,NA,NA,A,NA,NA,NA,NA,20171311815
429,2017132,1600,2017,132,16,0,NA,NA,T,NA,NA,NA,NA,20171321600
430,2017132,1855,2017,132,18,55,NA,NA,A,NA,NA,NA,NA,20171321855
431,2017132,1900,2017,132,19,0,NA,NA,A,NA,NA,NA,NA,20171321900
432,2017133,1505,2017,133,15,5,NA,NA,T,NA,NA,NA,NA,20171331505
433,2017133,1640,2017,133,16,40,NA,NA,T,NA,NA,NA,NA,20171331640
434,2017133,1800,2017,133,18,0,NA,NA,A,NA,NA,NA,NA,20171331800
435,2017133,1805,2017,133,18,5,NA,NA,A,NA,NA,NA,NA,20171331805
436,2017134,1550,2017,134,15,50,NA,NA,T,NA,NA,NA,NA,20171341550
437,2017134,1845,2017,134,18,45,NA,NA,A,NA,NA,NA,NA,20171341845
438,2017135,1450,2017,135,14,50,NA,NA,T,NA,NA,NA,NA,20171351450
439,2017135,1630,2017,135,16,30,NA,NA,T,NA,NA,NA,NA,20171351630
440,2017135,1750,2017,135,17,50,NA,NA,A,NA,NA,NA,NA,20171351750
441,2017135,1925,2017,135,19,25,NA,NA,A,NA,NA,NA,NA,20171351925
442,2017135,1930,2017,135,19,30,NA,NA,A,NA,NA,NA,NA,20171351930
443,2017136,1535,2017,136,15,35,NA,NA,T,NA,NA,NA,NA,20171361535
444,2017136,1830,2017,136,18,30,NA,NA,A,NA,NA,NA,NA,20171361830
445,2017136,1835,2017,136,18,35,NA,NA,A,NA,NA,NA,NA,20171361835
446,2017137,1440,2017,137,14,40,NA,NA,T,NA,NA,NA,NA,20171371440
447,2017137,1620,2017,137,16,20,NA,NA,T,NA,NA,NA,NA,20171371620
448,2017137,1735,2017,137,17,35,NA,NA,A,NA,NA,NA,NA,20171371735
449,2017137,1915,2017,137,19,15,NA,NA,A,NA,NA,NA,NA,20171371915
450,2017138,1525,2017,138,15,25,NA,NA,T,NA,NA,NA,NA,20171381525
451,2017138,1820,2017,138,18,20,NA,NA,A,NA,NA,NA,NA,20171381820
452,2017139,1430,2017,139,14,30,NA,NA,T,NA,NA,NA,NA,20171391430
453,2017139,1605,2017,139,16,5,6.262499999,-75.58018662,T,0.11925,0.08175,0.0162,0,20171391605
454,2017139,1900,2017,139,19,0,NA,NA,A,NA,NA,NA,NA,20171391900
455,2017139,1905,2017,139,19,5,NA,NA,A,NA,NA,NA,NA,20171391905
456,2017140,1510,2017,140,15,10,NA,NA,T,NA,NA,NA,NA,20171401510
457,2017140,1805,2017,140,18,5,NA,NA,A,NA,NA,NA,NA,20171401805
458,2017140,1810,2017,140,18,10,NA,NA,A,NA,NA,NA,NA,20171401810
459,2017141,1555,2017,141,15,55,NA,NA,T,NA,NA,NA,NA,20171411555
460,2017141,1850,2017,141,18,50,NA,NA,A,NA,NA,NA,NA,20171411850
461,2017141,1855,2017,141,18,55,NA,NA,A,NA,NA,NA,NA,20171411855
462,2017142,1500,2017,142,15,0,NA,NA,T,NA,NA,NA,NA,20171421500
463,2017142,1635,2017,142,16,35,NA,NA,T,NA,NA,NA,NA,20171421635
464,2017142,1755,2017,142,17,55,NA,NA,A,NA,NA,NA,NA,20171421755
465,2017142,1935,2017,142,19,35,NA,NA,A,NA,NA,NA,NA,20171421935
466,2017143,1540,2017,143,15,40,NA,NA,T,NA,NA,NA,NA,20171431540
467,2017143,1840,2017,143,18,40,NA,NA,A,NA,NA,NA,NA,20171431840
468,2017144,1445,2017,144,14,45,NA,NA,T,NA,NA,NA,NA,20171441445
469,2017144,1625,2017,144,16,25,NA,NA,T,NA,NA,NA,NA,20171441625
470,2017144,1740,2017,144,17,40,NA,NA,A,NA,NA,NA,NA,20171441740
471,2017144,1920,2017,144,19,20,NA,NA,A,NA,NA,NA,NA,20171441920
472,2017144,1925,2017,144,19,25,NA,NA,A,NA,NA,NA,NA,20171441925
473,2017145,1530,2017,145,15,30,NA,NA,T,NA,NA,NA,NA,20171451530
474,2017145,1825,2017,145,18,25,NA,NA,A,NA,NA,NA,NA,20171451825
475,2017145,1830,2017,145,18,30,NA,NA,A,NA,NA,NA,NA,20171451830
476,2017146,1435,2017,146,14,35,NA,NA,T,NA,NA,NA,NA,20171461435
477,2017146,1610,2017,146,16,10,NA,NA,T,NA,NA,NA,NA,20171461610
478,2017146,1730,2017,146,17,30,NA,NA,A,NA,NA,NA,NA,20171461730
479,2017146,1910,2017,146,19,10,NA,NA,A,NA,NA,NA,NA,20171461910
480,2017147,1515,2017,147,15,15,NA,NA,T,NA,NA,NA,NA,20171471515
481,2017147,1815,2017,147,18,15,NA,NA,A,NA,NA,NA,NA,20171471815
482,2017148,1600,2017,148,16,0,6.262499999,-75.58018662,T,0.111,0.07625,0.0199,0,20171481600
483,2017148,1855,2017,148,18,55,NA,NA,A,NA,NA,NA,NA,20171481855
484,2017148,1900,2017,148,19,0,NA,NA,A,NA,NA,NA,NA,20171481900
485,2017149,1505,2017,149,15,5,NA,NA,T,NA,NA,NA,NA,20171491505
486,2017149,1640,2017,149,16,40,NA,NA,T,NA,NA,NA,NA,20171491640
487,2017149,1800,2017,149,18,0,NA,NA,A,NA,NA,NA,NA,20171491800
488,2017149,1805,2017,149,18,5,NA,NA,A,NA,NA,NA,NA,20171491805
489,2017150,1550,2017,150,15,50,6.262499999,-75.58018662,T,0.157,0.108,0.0299,0,20171501550
490,2017150,1845,2017,150,18,45,NA,NA,A,NA,NA,NA,NA,20171501845
491,2017151,1450,2017,151,14,50,NA,NA,T,NA,NA,NA,NA,20171511450
492,2017151,1630,2017,151,16,30,NA,NA,T,NA,NA,NA,NA,20171511630
493,2017151,1750,2017,151,17,50,NA,NA,A,NA,NA,NA,NA,20171511750
494,2017151,1925,2017,151,19,25,NA,NA,A,NA,NA,NA,NA,20171511925
495,2017151,1930,2017,151,19,30,NA,NA,A,NA,NA,NA,NA,20171511930
496,2017152,1535,2017,152,15,35,NA,NA,T,NA,NA,NA,NA,20171521535
497,2017152,1830,2017,152,18,30,NA,NA,A,NA,NA,NA,NA,20171521830
498,2017152,1835,2017,152,18,35,NA,NA,A,NA,NA,NA,NA,20171521835
499,2017153,1440,2017,153,14,40,NA,NA,T,NA,NA,NA,NA,20171531440
500,2017153,1620,2017,153,16,20,NA,NA,T,NA,NA,NA,NA,20171531620
501,2017153,1735,2017,153,17,35,NA,NA,A,NA,NA,NA,NA,20171531735
502,2017153,1915,2017,153,19,15,NA,NA,A,NA,NA,NA,NA,20171531915
503,2017154,1525,2017,154,15,25,NA,NA,T,NA,NA,NA,NA,20171541525
504,2017154,1820,2017,154,18,20,6.262499999,-75.58018662,A,0.1665,0.1145,0.0298,0,20171541820
505,2017155,1430,2017,155,14,30,NA,NA,T,NA,NA,NA,NA,20171551430
506,2017155,1605,2017,155,16,5,NA,NA,T,NA,NA,NA,NA,20171551605
507,2017155,1900,2017,155,19,0,NA,NA,A,NA,NA,NA,NA,20171551900
508,2017155,1905,2017,155,19,5,NA,NA,A,NA,NA,NA,NA,20171551905
509,2017156,1510,2017,156,15,10,NA,NA,T,NA,NA,NA,NA,20171561510
510,2017156,1805,2017,156,18,5,NA,NA,A,NA,NA,NA,NA,20171561805
511,2017156,1810,2017,156,18,10,NA,NA,A,NA,NA,NA,NA,20171561810
512,2017157,1555,2017,157,15,55,6.262499999,-75.58018662,T,0.18075,0.1245,0.0244,0,20171571555
513,2017157,1850,2017,157,18,50,NA,NA,A,NA,NA,NA,NA,20171571850
514,2017157,1855,2017,157,18,55,NA,NA,A,NA,NA,NA,NA,20171571855
515,2017158,1500,2017,158,15,0,NA,NA,T,NA,NA,NA,NA,20171581500
516,2017158,1635,2017,158,16,35,NA,NA,T,NA,NA,NA,NA,20171581635
517,2017158,1755,2017,158,17,55,NA,NA,A,NA,NA,NA,NA,20171581755
518,2017158,1935,2017,158,19,35,NA,NA,A,NA,NA,NA,NA,20171581935
519,2017159,1540,2017,159,15,40,NA,NA,T,NA,NA,NA,NA,20171591540
520,2017159,1840,2017,159,18,40,NA,NA,A,NA,NA,NA,NA,20171591840
521,2017160,1445,2017,160,14,45,NA,NA,T,NA,NA,NA,NA,20171601445
522,2017160,1625,2017,160,16,25,NA,NA,T,NA,NA,NA,NA,20171601625
523,2017160,1740,2017,160,17,40,NA,NA,A,NA,NA,NA,NA,20171601740
524,2017160,1920,2017,160,19,20,NA,NA,A,NA,NA,NA,NA,20171601920
525,2017160,1925,2017,160,19,25,NA,NA,A,NA,NA,NA,NA,20171601925
526,2017161,1530,2017,161,15,30,NA,NA,T,NA,NA,NA,NA,20171611530
527,2017161,1825,2017,161,18,25,NA,NA,A,NA,NA,NA,NA,20171611825
528,2017161,1830,2017,161,18,30,NA,NA,A,NA,NA,NA,NA,20171611830
529,2017162,1435,2017,162,14,35,NA,NA,T,NA,NA,NA,NA,20171621435
530,2017162,1610,2017,162,16,10,NA,NA,T,NA,NA,NA,NA,20171621610
531,2017162,1730,2017,162,17,30,NA,NA,A,NA,NA,NA,NA,20171621730
532,2017162,1910,2017,162,19,10,NA,NA,A,NA,NA,NA,NA,20171621910
533,2017163,1515,2017,163,15,15,NA,NA,T,NA,NA,NA,NA,20171631515
534,2017163,1815,2017,163,18,15,NA,NA,A,NA,NA,NA,NA,20171631815
535,2017164,1600,2017,164,16,0,NA,NA,T,NA,NA,NA,NA,20171641600
536,2017164,1855,2017,164,18,55,NA,NA,A,NA,NA,NA,NA,20171641855
537,2017164,1900,2017,164,19,0,NA,NA,A,NA,NA,NA,NA,20171641900
538,2017165,1505,2017,165,15,5,NA,NA,T,NA,NA,NA,NA,20171651505
539,2017165,1640,2017,165,16,40,NA,NA,T,NA,NA,NA,NA,20171651640
540,2017165,1800,2017,165,18,0,NA,NA,A,NA,NA,NA,NA,20171651800
541,2017165,1805,2017,165,18,5,NA,NA,A,NA,NA,NA,NA,20171651805
542,2017166,1550,2017,166,15,50,NA,NA,T,NA,NA,NA,NA,20171661550
543,2017166,1845,2017,166,18,45,NA,NA,A,NA,NA,NA,NA,20171661845
544,2017167,1450,2017,167,14,50,NA,NA,T,NA,NA,NA,NA,20171671450
545,2017167,1630,2017,167,16,30,NA,NA,T,NA,NA,NA,NA,20171671630
546,2017167,1750,2017,167,17,50,NA,NA,A,NA,NA,NA,NA,20171671750
547,2017167,1925,2017,167,19,25,NA,NA,A,NA,NA,NA,NA,20171671925
548,2017167,1930,2017,167,19,30,NA,NA,A,NA,NA,NA,NA,20171671930
549,2017168,1535,2017,168,15,35,NA,NA,T,NA,NA,NA,NA,20171681535
550,2017168,1830,2017,168,18,30,NA,NA,A,NA,NA,NA,NA,20171681830
551,2017168,1835,2017,168,18,35,NA,NA,A,NA,NA,NA,NA,20171681835
552,2017169,1440,2017,169,14,40,NA,NA,T,NA,NA,NA,NA,20171691440
553,2017169,1620,2017,169,16,20,NA,NA,T,NA,NA,NA,NA,20171691620
554,2017169,1735,2017,169,17,35,NA,NA,A,NA,NA,NA,NA,20171691735
555,2017169,1915,2017,169,19,15,NA,NA,A,NA,NA,NA,NA,20171691915
556,2017170,1525,2017,170,15,25,NA,NA,T,NA,NA,NA,NA,20171701525
557,2017170,1820,2017,170,18,20,NA,NA,A,NA,NA,NA,NA,20171701820
558,2017171,1430,2017,171,14,30,NA,NA,T,NA,NA,NA,NA,20171711430
559,2017171,1605,2017,171,16,5,NA,NA,T,NA,NA,NA,NA,20171711605
560,2017171,1900,2017,171,19,0,NA,NA,A,NA,NA,NA,NA,20171711900
561,2017171,1905,2017,171,19,5,NA,NA,A,NA,NA,NA,NA,20171711905
562,2017172,1510,2017,172,15,10,NA,NA,T,NA,NA,NA,NA,20171721510
563,2017172,1805,2017,172,18,5,NA,NA,A,NA,NA,NA,NA,20171721805
564,2017172,1810,2017,172,18,10,NA,NA,A,NA,NA,NA,NA,20171721810
565,2017173,1555,2017,173,15,55,NA,NA,T,NA,NA,NA,NA,20171731555
566,2017173,1850,2017,173,18,50,NA,NA,A,NA,NA,NA,NA,20171731850
567,2017173,1855,2017,173,18,55,NA,NA,A,NA,NA,NA,NA,20171731855
568,2017174,1500,2017,174,15,0,NA,NA,T,NA,NA,NA,NA,20171741500
569,2017174,1635,2017,174,16,35,NA,NA,T,NA,NA,NA,NA,20171741635
570,2017174,1755,2017,174,17,55,NA,NA,A,NA,NA,NA,NA,20171741755
571,2017174,1935,2017,174,19,35,NA,NA,A,NA,NA,NA,NA,20171741935
572,2017175,1540,2017,175,15,40,6.262499999,-75.58018662,T,0.0665,0.0455,0.0311,0,20171751540
573,2017175,1835,2017,175,18,35,NA,NA,A,NA,NA,NA,NA,20171751835
574,2017175,1840,2017,175,18,40,NA,NA,A,NA,NA,NA,NA,20171751840
575,2017176,1445,2017,176,14,45,NA,NA,T,NA,NA,NA,NA,20171761445
576,2017176,1625,2017,176,16,25,NA,NA,T,NA,NA,NA,NA,20171761625
577,2017176,1740,2017,176,17,40,NA,NA,A,NA,NA,NA,NA,20171761740
578,2017176,1920,2017,176,19,20,NA,NA,A,NA,NA,NA,NA,20171761920
579,2017176,1925,2017,176,19,25,NA,NA,A,NA,NA,NA,NA,20171761925
580,2017177,1530,2017,177,15,30,NA,NA,T,NA,NA,NA,NA,20171771530
581,2017177,1825,2017,177,18,25,NA,NA,A,NA,NA,NA,NA,20171771825
582,2017177,1830,2017,177,18,30,NA,NA,A,NA,NA,NA,NA,20171771830
583,2017178,1435,2017,178,14,35,NA,NA,T,NA,NA,NA,NA,20171781435
584,2017178,1610,2017,178,16,10,NA,NA,T,NA,NA,NA,NA,20171781610
585,2017178,1730,2017,178,17,30,NA,NA,A,NA,NA,NA,NA,20171781730
586,2017178,1910,2017,178,19,10,NA,NA,A,NA,NA,NA,NA,20171781910
587,2017179,1515,2017,179,15,15,NA,NA,T,NA,NA,NA,NA,20171791515
588,2017179,1815,2017,179,18,15,NA,NA,A,NA,NA,NA,NA,20171791815
589,2017180,1600,2017,180,16,0,6.262499999,-75.57180326,T,0.255,0.1765,0.0187,0,20171801600
590,2017180,1855,2017,180,18,55,NA,NA,A,NA,NA,NA,NA,20171801855
591,2017180,1900,2017,180,19,0,NA,NA,A,NA,NA,NA,NA,20171801900
592,2017181,1505,2017,181,15,5,NA,NA,T,NA,NA,NA,NA,20171811505
593,2017181,1640,2017,181,16,40,NA,NA,T,NA,NA,NA,NA,20171811640
594,2017181,1800,2017,181,18,0,NA,NA,A,NA,NA,NA,NA,20171811800
595,2017181,1805,2017,181,18,5,NA,NA,A,NA,NA,NA,NA,20171811805
596,2017182,1550,2017,182,15,50,NA,NA,T,NA,NA,NA,NA,20171821550
597,2017182,1845,2017,182,18,45,NA,NA,A,NA,NA,NA,NA,20171821845
598,2017183,1450,2017,183,14,50,NA,NA,T,NA,NA,NA,NA,20171831450
599,2017183,1630,2017,183,16,30,NA,NA,T,NA,NA,NA,NA,20171831630
600,2017183,1750,2017,183,17,50,NA,NA,A,NA,NA,NA,NA,20171831750
601,2017183,1925,2017,183,19,25,NA,NA,A,NA,NA,NA,NA,20171831925
602,2017183,1930,2017,183,19,30,NA,NA,A,NA,NA,NA,NA,20171831930
603,2017184,1535,2017,184,15,35,NA,NA,T,NA,NA,NA,NA,20171841535
604,2017184,1830,2017,184,18,30,NA,NA,A,NA,NA,NA,NA,20171841830
605,2017184,1835,2017,184,18,35,NA,NA,A,NA,NA,NA,NA,20171841835
606,2017185,1440,2017,185,14,40,NA,NA,T,NA,NA,NA,NA,20171851440
607,2017185,1620,2017,185,16,20,6.262499999,-75.58018662,T,0.31675,0.22125,0.0102,0,20171851620
608,2017185,1735,2017,185,17,35,NA,NA,A,NA,NA,NA,NA,20171851735
609,2017185,1915,2017,185,19,15,NA,NA,A,NA,NA,NA,NA,20171851915
610,2017186,1525,2017,186,15,25,NA,NA,T,NA,NA,NA,NA,20171861525
611,2017186,1820,2017,186,18,20,NA,NA,A,NA,NA,NA,NA,20171861820
612,2017187,1430,2017,187,14,30,NA,NA,T,NA,NA,NA,NA,20171871430
613,2017187,1605,2017,187,16,5,NA,NA,T,NA,NA,NA,NA,20171871605
614,2017187,1900,2017,187,19,0,NA,NA,A,NA,NA,NA,NA,20171871900
615,2017187,1905,2017,187,19,5,NA,NA,A,NA,NA,NA,NA,20171871905
616,2017188,1510,2017,188,15,10,NA,NA,T,NA,NA,NA,NA,20171881510
617,2017188,1805,2017,188,18,5,NA,NA,A,NA,NA,NA,NA,20171881805
618,2017188,1810,2017,188,18,10,NA,NA,A,NA,NA,NA,NA,20171881810
619,2017189,1555,2017,189,15,55,NA,NA,T,NA,NA,NA,NA,20171891555
620,2017189,1850,2017,189,18,50,NA,NA,A,NA,NA,NA,NA,20171891850
621,2017189,1855,2017,189,18,55,NA,NA,A,NA,NA,NA,NA,20171891855
622,2017190,1500,2017,190,15,0,NA,NA,T,NA,NA,NA,NA,20171901500
623,2017190,1635,2017,190,16,35,NA,NA,T,NA,NA,NA,NA,20171901635
624,2017190,1755,2017,190,17,55,NA,NA,A,NA,NA,NA,NA,20171901755
625,2017190,1935,2017,190,19,35,NA,NA,A,NA,NA,NA,NA,20171901935
626,2017191,1540,2017,191,15,40,NA,NA,T,NA,NA,NA,NA,20171911540
627,2017191,1835,2017,191,18,35,NA,NA,A,NA,NA,NA,NA,20171911835
628,2017191,1840,2017,191,18,40,NA,NA,A,NA,NA,NA,NA,20171911840
629,2017192,1445,2017,192,14,45,NA,NA,T,NA,NA,NA,NA,20171921445
630,2017192,1625,2017,192,16,25,NA,NA,T,NA,NA,NA,NA,20171921625
631,2017192,1740,2017,192,17,40,NA,NA,A,NA,NA,NA,NA,20171921740
632,2017192,1920,2017,192,19,20,NA,NA,A,NA,NA,NA,NA,20171921920
633,2017192,1925,2017,192,19,25,NA,NA,A,NA,NA,NA,NA,20171921925
634,2017193,1530,2017,193,15,30,NA,NA,T,NA,NA,NA,NA,20171931530
635,2017193,1825,2017,193,18,25,NA,NA,A,NA,NA,NA,NA,20171931825
636,2017193,1830,2017,193,18,30,NA,NA,A,NA,NA,NA,NA,20171931830
637,2017194,1435,2017,194,14,35,NA,NA,T,NA,NA,NA,NA,20171941435
638,2017194,1610,2017,194,16,10,NA,NA,T,NA,NA,NA,NA,20171941610
639,2017194,1730,2017,194,17,30,NA,NA,A,NA,NA,NA,NA,20171941730
640,2017194,1910,2017,194,19,10,NA,NA,A,NA,NA,NA,NA,20171941910
641,2017195,1515,2017,195,15,15,NA,NA,T,NA,NA,NA,NA,20171951515
642,2017195,1815,2017,195,18,15,NA,NA,A,NA,NA,NA,NA,20171951815
643,2017196,1600,2017,196,16,0,NA,NA,T,NA,NA,NA,NA,20171961600
644,2017196,1855,2017,196,18,55,NA,NA,A,NA,NA,NA,NA,20171961855
645,2017196,1900,2017,196,19,0,NA,NA,A,NA,NA,NA,NA,20171961900
646,2017197,1505,2017,197,15,5,6.262499999,-75.58018662,T,0.2415,0.167,0.0248,0,20171971505
647,2017197,1640,2017,197,16,40,NA,NA,T,NA,NA,NA,NA,20171971640
648,2017197,1800,2017,197,18,0,NA,NA,A,NA,NA,NA,NA,20171971800
649,2017197,1805,2017,197,18,5,NA,NA,A,NA,NA,NA,NA,20171971805
650,2017198,1550,2017,198,15,50,NA,NA,T,NA,NA,NA,NA,20171981550
651,2017198,1845,2017,198,18,45,NA,NA,A,NA,NA,NA,NA,20171981845
652,2017199,1455,2017,199,14,55,NA,NA,T,NA,NA,NA,NA,20171991455
653,2017199,1630,2017,199,16,30,NA,NA,T,NA,NA,NA,NA,20171991630
654,2017199,1750,2017,199,17,50,NA,NA,A,NA,NA,NA,NA,20171991750
655,2017199,1925,2017,199,19,25,NA,NA,A,NA,NA,NA,NA,20171991925
656,2017199,1930,2017,199,19,30,NA,NA,A,NA,NA,NA,NA,20171991930
657,2017200,1535,2017,200,15,35,NA,NA,T,NA,NA,NA,NA,20172001535
658,2017200,1830,2017,200,18,30,NA,NA,A,NA,NA,NA,NA,20172001830
659,2017200,1835,2017,200,18,35,NA,NA,A,NA,NA,NA,NA,20172001835
660,2017201,1440,2017,201,14,40,NA,NA,T,NA,NA,NA,NA,20172011440
661,2017201,1620,2017,201,16,20,NA,NA,T,NA,NA,NA,NA,20172011620
662,2017201,1735,2017,201,17,35,NA,NA,A,NA,NA,NA,NA,20172011735
663,2017201,1915,2017,201,19,15,NA,NA,A,NA,NA,NA,NA,20172011915
664,2017202,1525,2017,202,15,25,6.262499999,-75.58018662,T,0.05475,0.03725,0.0257,0,20172021525
665,2017202,1820,2017,202,18,20,NA,NA,A,NA,NA,NA,NA,20172021820
666,2017203,1430,2017,203,14,30,NA,NA,T,NA,NA,NA,NA,20172031430
667,2017203,1605,2017,203,16,5,NA,NA,T,NA,NA,NA,NA,20172031605
668,2017203,1900,2017,203,19,0,NA,NA,A,NA,NA,NA,NA,20172031900
669,2017203,1905,2017,203,19,5,NA,NA,A,NA,NA,NA,NA,20172031905
670,2017204,1510,2017,204,15,10,NA,NA,T,NA,NA,NA,NA,20172041510
671,2017204,1805,2017,204,18,5,NA,NA,A,NA,NA,NA,NA,20172041805
672,2017204,1810,2017,204,18,10,NA,NA,A,NA,NA,NA,NA,20172041810
673,2017205,1555,2017,205,15,55,NA,NA,T,NA,NA,NA,NA,20172051555
674,2017205,1850,2017,205,18,50,NA,NA,A,NA,NA,NA,NA,20172051850
675,2017206,1500,2017,206,15,0,NA,NA,T,NA,NA,NA,NA,20172061500
676,2017206,1635,2017,206,16,35,NA,NA,T,NA,NA,NA,NA,20172061635
677,2017206,1755,2017,206,17,55,NA,NA,A,NA,NA,NA,NA,20172061755
678,2017206,1935,2017,206,19,35,NA,NA,A,NA,NA,NA,NA,20172061935
679,2017207,1540,2017,207,15,40,NA,NA,T,NA,NA,NA,NA,20172071540
680,2017207,1835,2017,207,18,35,NA,NA,A,NA,NA,NA,NA,20172071835
681,2017207,1840,2017,207,18,40,NA,NA,A,NA,NA,NA,NA,20172071840
682,2017208,1445,2017,208,14,45,NA,NA,T,NA,NA,NA,NA,20172081445
683,2017208,1625,2017,208,16,25,NA,NA,T,NA,NA,NA,NA,20172081625
684,2017208,1740,2017,208,17,40,NA,NA,A,NA,NA,NA,NA,20172081740
685,2017208,1920,2017,208,19,20,NA,NA,A,NA,NA,NA,NA,20172081920
686,2017208,1925,2017,208,19,25,NA,NA,A,NA,NA,NA,NA,20172081925
687,2017209,1530,2017,209,15,30,NA,NA,T,NA,NA,NA,NA,20172091530
688,2017209,1825,2017,209,18,25,NA,NA,A,NA,NA,NA,NA,20172091825
689,2017209,1830,2017,209,18,30,NA,NA,A,NA,NA,NA,NA,20172091830
690,2017210,1435,2017,210,14,35,NA,NA,T,NA,NA,NA,NA,20172101435
691,2017210,1610,2017,210,16,10,NA,NA,T,NA,NA,NA,NA,20172101610
692,2017210,1730,2017,210,17,30,NA,NA,A,NA,NA,NA,NA,20172101730
693,2017210,1910,2017,210,19,10,NA,NA,A,NA,NA,NA,NA,20172101910
694,2017211,1515,2017,211,15,15,NA,NA,T,NA,NA,NA,NA,20172111515
695,2017211,1815,2017,211,18,15,NA,NA,A,NA,NA,NA,NA,20172111815
696,2017212,1600,2017,212,16,0,NA,NA,T,NA,NA,NA,NA,20172121600
697,2017212,1855,2017,212,18,55,NA,NA,A,NA,NA,NA,NA,20172121855
698,2017212,1900,2017,212,19,0,NA,NA,A,NA,NA,NA,NA,20172121900
699,2017213,1505,2017,213,15,5,NA,NA,T,NA,NA,NA,NA,20172131505
700,2017213,1640,2017,213,16,40,NA,NA,T,NA,NA,NA,NA,20172131640
701,2017213,1800,2017,213,18,0,NA,NA,A,NA,NA,NA,NA,20172131800
702,2017213,1805,2017,213,18,5,NA,NA,A,NA,NA,NA,NA,20172131805
703,2017214,1550,2017,214,15,50,6.262499999,-75.58018662,T,0.1935,0.1335,0.0289,0,20172141550
704,2017214,1845,2017,214,18,45,NA,NA,A,NA,NA,NA,NA,20172141845
705,2017215,1455,2017,215,14,55,NA,NA,T,NA,NA,NA,NA,20172151455
706,2017215,1630,2017,215,16,30,NA,NA,T,NA,NA,NA,NA,20172151630
707,2017215,1750,2017,215,17,50,NA,NA,A,NA,NA,NA,NA,20172151750
708,2017215,1925,2017,215,19,25,NA,NA,A,NA,NA,NA,NA,20172151925
709,2017215,1930,2017,215,19,30,NA,NA,A,NA,NA,NA,NA,20172151930
710,2017216,1535,2017,216,15,35,NA,NA,T,NA,NA,NA,NA,20172161535
711,2017216,1830,2017,216,18,30,NA,NA,A,NA,NA,NA,NA,20172161830
712,2017216,1835,2017,216,18,35,NA,NA,A,NA,NA,NA,NA,20172161835
713,2017217,1440,2017,217,14,40,NA,NA,T,NA,NA,NA,NA,20172171440
714,2017217,1620,2017,217,16,20,NA,NA,T,NA,NA,NA,NA,20172171620
715,2017217,1735,2017,217,17,35,NA,NA,A,NA,NA,NA,NA,20172171735
716,2017217,1915,2017,217,19,15,NA,NA,A,NA,NA,NA,NA,20172171915
717,2017218,1525,2017,218,15,25,NA,NA,T,NA,NA,NA,NA,20172181525
718,2017218,1820,2017,218,18,20,NA,NA,A,NA,NA,NA,NA,20172181820
719,2017219,1430,2017,219,14,30,NA,NA,T,NA,NA,NA,NA,20172191430
720,2017219,1605,2017,219,16,5,6.262499999,-75.57180326,T,0.153,0.105,0.0162,0,20172191605
721,2017219,1900,2017,219,19,0,NA,NA,A,NA,NA,NA,NA,20172191900
722,2017219,1905,2017,219,19,5,NA,NA,A,NA,NA,NA,NA,20172191905
723,2017220,1510,2017,220,15,10,NA,NA,T,NA,NA,NA,NA,20172201510
724,2017220,1805,2017,220,18,5,NA,NA,A,NA,NA,NA,NA,20172201805
725,2017220,1810,2017,220,18,10,NA,NA,A,NA,NA,NA,NA,20172201810
726,2017221,1555,2017,221,15,55,NA,NA,T,NA,NA,NA,NA,20172211555
727,2017221,1850,2017,221,18,50,NA,NA,A,NA,NA,NA,NA,20172211850
728,2017222,1500,2017,222,15,0,NA,NA,T,NA,NA,NA,NA,20172221500
729,2017222,1635,2017,222,16,35,NA,NA,T,NA,NA,NA,NA,20172221635
730,2017222,1755,2017,222,17,55,NA,NA,A,NA,NA,NA,NA,20172221755
731,2017222,1935,2017,222,19,35,NA,NA,A,NA,NA,NA,NA,20172221935
732,2017223,1540,2017,223,15,40,NA,NA,T,NA,NA,NA,NA,20172231540
733,2017223,1835,2017,223,18,35,NA,NA,A,NA,NA,NA,NA,20172231835
734,2017223,1840,2017,223,18,40,NA,NA,A,NA,NA,NA,NA,20172231840
735,2017224,1445,2017,224,14,45,NA,NA,T,NA,NA,NA,NA,20172241445
736,2017224,1625,2017,224,16,25,NA,NA,T,NA,NA,NA,NA,20172241625
737,2017224,1740,2017,224,17,40,NA,NA,A,NA,NA,NA,NA,20172241740
738,2017224,1920,2017,224,19,20,NA,NA,A,NA,NA,NA,NA,20172241920
739,2017224,1925,2017,224,19,25,NA,NA,A,NA,NA,NA,NA,20172241925
740,2017225,1530,2017,225,15,30,NA,NA,T,NA,NA,NA,NA,20172251530
741,2017225,1825,2017,225,18,25,NA,NA,A,NA,NA,NA,NA,20172251825
742,2017225,1830,2017,225,18,30,NA,NA,A,NA,NA,NA,NA,20172251830
743,2017226,1435,2017,226,14,35,NA,NA,T,NA,NA,NA,NA,20172261435
744,2017226,1610,2017,226,16,10,NA,NA,T,NA,NA,NA,NA,20172261610
745,2017226,1730,2017,226,17,30,NA,NA,A,NA,NA,NA,NA,20172261730
746,2017226,1910,2017,226,19,10,6.262499999,-75.58018662,A,0.0325,0.02225,0.0173,0,20172261910
747,2017227,1515,2017,227,15,15,NA,NA,T,NA,NA,NA,NA,20172271515
748,2017227,1815,2017,227,18,15,NA,NA,A,NA,NA,NA,NA,20172271815
749,2017228,1600,2017,228,16,0,NA,NA,T,NA,NA,NA,NA,20172281600
750,2017228,1855,2017,228,18,55,NA,NA,A,NA,NA,NA,NA,20172281855
751,2017228,1900,2017,228,19,0,NA,NA,A,NA,NA,NA,NA,20172281900
752,2017229,1505,2017,229,15,5,NA,NA,T,NA,NA,NA,NA,20172291505
753,2017229,1640,2017,229,16,40,NA,NA,T,NA,NA,NA,NA,20172291640
754,2017229,1800,2017,229,18,0,NA,NA,A,NA,NA,NA,NA,20172291800
755,2017229,1805,2017,229,18,5,NA,NA,A,NA,NA,NA,NA,20172291805
756,2017230,1550,2017,230,15,50,NA,NA,T,NA,NA,NA,NA,20172301550
757,2017230,1845,2017,230,18,45,NA,NA,A,NA,NA,NA,NA,20172301845
758,2017231,1455,2017,231,14,55,NA,NA,T,NA,NA,NA,NA,20172311455
759,2017231,1630,2017,231,16,30,NA,NA,T,NA,NA,NA,NA,20172311630
760,2017231,1750,2017,231,17,50,NA,NA,A,NA,NA,NA,NA,20172311750
761,2017231,1925,2017,231,19,25,NA,NA,A,NA,NA,NA,NA,20172311925
762,2017231,1930,2017,231,19,30,NA,NA,A,NA,NA,NA,NA,20172311930
763,2017232,1535,2017,232,15,35,NA,NA,T,NA,NA,NA,NA,20172321535
764,2017232,1830,2017,232,18,30,NA,NA,A,NA,NA,NA,NA,20172321830
765,2017232,1835,2017,232,18,35,NA,NA,A,NA,NA,NA,NA,20172321835
766,2017233,1440,2017,233,14,40,NA,NA,T,NA,NA,NA,NA,20172331440
767,2017233,1620,2017,233,16,20,NA,NA,T,NA,NA,NA,NA,20172331620
768,2017233,1735,2017,233,17,35,NA,NA,A,NA,NA,NA,NA,20172331735
769,2017233,1915,2017,233,19,15,NA,NA,A,NA,NA,NA,NA,20172331915
770,2017234,1525,2017,234,15,25,NA,NA,T,NA,NA,NA,NA,20172341525
771,2017234,1820,2017,234,18,20,NA,NA,A,NA,NA,NA,NA,20172341820
772,2017235,1430,2017,235,14,30,NA,NA,T,NA,NA,NA,NA,20172351430
773,2017235,1605,2017,235,16,5,NA,NA,T,NA,NA,NA,NA,20172351605
774,2017235,1900,2017,235,19,0,NA,NA,A,NA,NA,NA,NA,20172351900
775,2017235,1905,2017,235,19,5,NA,NA,A,NA,NA,NA,NA,20172351905
776,2017236,1510,2017,236,15,10,NA,NA,T,NA,NA,NA,NA,20172361510
777,2017236,1805,2017,236,18,5,NA,NA,A,NA,NA,NA,NA,20172361805
778,2017236,1810,2017,236,18,10,NA,NA,A,NA,NA,NA,NA,20172361810
779,2017237,1555,2017,237,15,55,NA,NA,T,NA,NA,NA,NA,20172371555
780,2017237,1850,2017,237,18,50,NA,NA,A,NA,NA,NA,NA,20172371850
781,2017238,1500,2017,238,15,0,NA,NA,T,NA,NA,NA,NA,20172381500
782,2017238,1635,2017,238,16,35,NA,NA,T,NA,NA,NA,NA,20172381635
783,2017238,1755,2017,238,17,55,NA,NA,A,NA,NA,NA,NA,20172381755
784,2017238,1935,2017,238,19,35,NA,NA,A,NA,NA,NA,NA,20172381935
785,2017239,1540,2017,239,15,40,NA,NA,T,NA,NA,NA,NA,20172391540
786,2017239,1835,2017,239,18,35,NA,NA,A,NA,NA,NA,NA,20172391835
787,2017239,1840,2017,239,18,40,NA,NA,A,NA,NA,NA,NA,20172391840
788,2017240,1445,2017,240,14,45,NA,NA,T,NA,NA,NA,NA,20172401445
789,2017240,1625,2017,240,16,25,NA,NA,T,NA,NA,NA,NA,20172401625
790,2017240,1740,2017,240,17,40,NA,NA,A,NA,NA,NA,NA,20172401740
791,2017240,1920,2017,240,19,20,NA,NA,A,NA,NA,NA,NA,20172401920
792,2017240,1925,2017,240,19,25,NA,NA,A,NA,NA,NA,NA,20172401925
793,2017241,1530,2017,241,15,30,6.262499999,-75.58018662,T,0.199,0.13725,0.029,0,20172411530
794,2017241,1825,2017,241,18,25,NA,NA,A,NA,NA,NA,NA,20172411825
795,2017241,1830,2017,241,18,30,NA,NA,A,NA,NA,NA,NA,20172411830
796,2017242,1435,2017,242,14,35,NA,NA,T,NA,NA,NA,NA,20172421435
797,2017242,1610,2017,242,16,10,NA,NA,T,NA,NA,NA,NA,20172421610
798,2017242,1730,2017,242,17,30,NA,NA,A,NA,NA,NA,NA,20172421730
799,2017242,1910,2017,242,19,10,NA,NA,A,NA,NA,NA,NA,20172421910
800,2017243,1515,2017,243,15,15,NA,NA,T,NA,NA,NA,NA,20172431515
801,2017243,1815,2017,243,18,15,NA,NA,A,NA,NA,NA,NA,20172431815
802,2017244,1600,2017,244,16,0,NA,NA,T,NA,NA,NA,NA,20172441600
803,2017244,1855,2017,244,18,55,NA,NA,A,NA,NA,NA,NA,20172441855
804,2017244,1900,2017,244,19,0,NA,NA,A,NA,NA,NA,NA,20172441900
805,2017245,1505,2017,245,15,5,NA,NA,T,NA,NA,NA,NA,20172451505
806,2017245,1640,2017,245,16,40,NA,NA,T,NA,NA,NA,NA,20172451640
807,2017245,1800,2017,245,18,0,NA,NA,A,NA,NA,NA,NA,20172451800
808,2017245,1805,2017,245,18,5,NA,NA,A,NA,NA,NA,NA,20172451805
809,2017246,1550,2017,246,15,50,NA,NA,T,NA,NA,NA,NA,20172461550
810,2017246,1845,2017,246,18,45,NA,NA,A,NA,NA,NA,NA,20172461845
811,2017247,1455,2017,247,14,55,NA,NA,T,NA,NA,NA,NA,20172471455
812,2017247,1630,2017,247,16,30,NA,NA,T,NA,NA,NA,NA,20172471630
813,2017247,1750,2017,247,17,50,NA,NA,A,NA,NA,NA,NA,20172471750
814,2017247,1925,2017,247,19,25,NA,NA,A,NA,NA,NA,NA,20172471925
815,2017247,1930,2017,247,19,30,NA,NA,A,NA,NA,NA,NA,20172471930
816,2017248,1535,2017,248,15,35,NA,NA,T,NA,NA,NA,NA,20172481535
817,2017248,1830,2017,248,18,30,NA,NA,A,NA,NA,NA,NA,20172481830
818,2017248,1835,2017,248,18,35,NA,NA,A,NA,NA,NA,NA,20172481835
819,2017249,1440,2017,249,14,40,NA,NA,T,NA,NA,NA,NA,20172491440
820,2017249,1620,2017,249,16,20,NA,NA,T,NA,NA,NA,NA,20172491620
821,2017249,1735,2017,249,17,35,NA,NA,A,NA,NA,NA,NA,20172491735
822,2017249,1915,2017,249,19,15,NA,NA,A,NA,NA,NA,NA,20172491915
823,2017250,1525,2017,250,15,25,NA,NA,T,NA,NA,NA,NA,20172501525
824,2017250,1820,2017,250,18,20,NA,NA,A,NA,NA,NA,NA,20172501820
825,2017251,1430,2017,251,14,30,NA,NA,T,NA,NA,NA,NA,20172511430
826,2017251,1605,2017,251,16,5,NA,NA,T,NA,NA,NA,NA,20172511605
827,2017251,1900,2017,251,19,0,NA,NA,A,NA,NA,NA,NA,20172511900
828,2017251,1905,2017,251,19,5,NA,NA,A,NA,NA,NA,NA,20172511905
829,2017252,1510,2017,252,15,10,NA,NA,T,NA,NA,NA,NA,20172521510
830,2017252,1805,2017,252,18,5,NA,NA,A,NA,NA,NA,NA,20172521805
831,2017252,1810,2017,252,18,10,NA,NA,A,NA,NA,NA,NA,20172521810
832,2017253,1555,2017,253,15,55,NA,NA,T,NA,NA,NA,NA,20172531555
833,2017253,1850,2017,253,18,50,NA,NA,A,NA,NA,NA,NA,20172531850
834,2017254,1500,2017,254,15,0,NA,NA,T,NA,NA,NA,NA,20172541500
835,2017254,1635,2017,254,16,35,NA,NA,T,NA,NA,NA,NA,20172541635
836,2017254,1755,2017,254,17,55,NA,NA,A,NA,NA,NA,NA,20172541755
837,2017254,1935,2017,254,19,35,NA,NA,A,NA,NA,NA,NA,20172541935
838,2017255,1540,2017,255,15,40,NA,NA,T,NA,NA,NA,NA,20172551540
839,2017255,1835,2017,255,18,35,NA,NA,A,NA,NA,NA,NA,20172551835
840,2017255,1840,2017,255,18,40,NA,NA,A,NA,NA,NA,NA,20172551840
841,2017256,1445,2017,256,14,45,NA,NA,T,NA,NA,NA,NA,20172561445
842,2017256,1625,2017,256,16,25,NA,NA,T,NA,NA,NA,NA,20172561625
843,2017256,1740,2017,256,17,40,NA,NA,A,NA,NA,NA,NA,20172561740
844,2017256,1920,2017,256,19,20,NA,NA,A,NA,NA,NA,NA,20172561920
845,2017256,1925,2017,256,19,25,NA,NA,A,NA,NA,NA,NA,20172561925
846,2017257,1530,2017,257,15,30,NA,NA,T,NA,NA,NA,NA,20172571530
847,2017257,1825,2017,257,18,25,NA,NA,A,NA,NA,NA,NA,20172571825
848,2017257,1830,2017,257,18,30,NA,NA,A,NA,NA,NA,NA,20172571830
849,2017258,1435,2017,258,14,35,NA,NA,T,NA,NA,NA,NA,20172581435
850,2017258,1610,2017,258,16,10,6.262499999,-75.57180326,T,0.181,0.12467,0.0136,0,20172581610
851,2017258,1730,2017,258,17,30,NA,NA,A,NA,NA,NA,NA,20172581730
852,2017258,1910,2017,258,19,10,NA,NA,A,NA,NA,NA,NA,20172581910
853,2017259,1515,2017,259,15,15,NA,NA,T,NA,NA,NA,NA,20172591515
854,2017259,1815,2017,259,18,15,NA,NA,A,NA,NA,NA,NA,20172591815
855,2017260,1600,2017,260,16,0,NA,NA,T,NA,NA,NA,NA,20172601600
856,2017260,1855,2017,260,18,55,NA,NA,A,NA,NA,NA,NA,20172601855
857,2017260,1900,2017,260,19,0,NA,NA,A,NA,NA,NA,NA,20172601900
858,2017261,1505,2017,261,15,5,NA,NA,T,NA,NA,NA,NA,20172611505
859,2017261,1640,2017,261,16,40,NA,NA,T,NA,NA,NA,NA,20172611640
860,2017261,1800,2017,261,18,0,NA,NA,A,NA,NA,NA,NA,20172611800
861,2017261,1805,2017,261,18,5,NA,NA,A,NA,NA,NA,NA,20172611805
862,2017262,1550,2017,262,15,50,NA,NA,T,NA,NA,NA,NA,20172621550
863,2017262,1845,2017,262,18,45,NA,NA,A,NA,NA,NA,NA,20172621845
864,2017263,1455,2017,263,14,55,NA,NA,T,NA,NA,NA,NA,20172631455
865,2017263,1630,2017,263,16,30,NA,NA,T,NA,NA,NA,NA,20172631630
866,2017263,1750,2017,263,17,50,NA,NA,A,NA,NA,NA,NA,20172631750
867,2017263,1925,2017,263,19,25,NA,NA,A,NA,NA,NA,NA,20172631925
868,2017263,1930,2017,263,19,30,NA,NA,A,NA,NA,NA,NA,20172631930
869,2017264,1535,2017,264,15,35,NA,NA,T,NA,NA,NA,NA,20172641535
870,2017264,1830,2017,264,18,30,NA,NA,A,NA,NA,NA,NA,20172641830
871,2017264,1835,2017,264,18,35,NA,NA,A,NA,NA,NA,NA,20172641835
872,2017265,1440,2017,265,14,40,NA,NA,T,NA,NA,NA,NA,20172651440
873,2017265,1620,2017,265,16,20,NA,NA,T,NA,NA,NA,NA,20172651620
874,2017265,1735,2017,265,17,35,NA,NA,A,NA,NA,NA,NA,20172651735
875,2017265,1915,2017,265,19,15,NA,NA,A,NA,NA,NA,NA,20172651915
876,2017266,1525,2017,266,15,25,NA,NA,T,NA,NA,NA,NA,20172661525
877,2017266,1820,2017,266,18,20,NA,NA,A,NA,NA,NA,NA,20172661820
878,2017267,1430,2017,267,14,30,NA,NA,T,NA,NA,NA,NA,20172671430
879,2017267,1605,2017,267,16,5,NA,NA,T,NA,NA,NA,NA,20172671605
880,2017267,1900,2017,267,19,0,NA,NA,A,NA,NA,NA,NA,20172671900
881,2017267,1905,2017,267,19,5,NA,NA,A,NA,NA,NA,NA,20172671905
882,2017268,1510,2017,268,15,10,NA,NA,T,NA,NA,NA,NA,20172681510
883,2017268,1805,2017,268,18,5,NA,NA,A,NA,NA,NA,NA,20172681805
884,2017268,1810,2017,268,18,10,NA,NA,A,NA,NA,NA,NA,20172681810
885,2017269,1555,2017,269,15,55,NA,NA,T,NA,NA,NA,NA,20172691555
886,2017269,1850,2017,269,18,50,NA,NA,A,NA,NA,NA,NA,20172691850
887,2017269,1855,2017,269,18,55,NA,NA,A,NA,NA,NA,NA,20172691855
888,2017270,1500,2017,270,15,0,NA,NA,T,NA,NA,NA,NA,20172701500
889,2017270,1635,2017,270,16,35,NA,NA,T,NA,NA,NA,NA,20172701635
890,2017270,1755,2017,270,17,55,NA,NA,A,NA,NA,NA,NA,20172701755
891,2017270,1935,2017,270,19,35,NA,NA,A,NA,NA,NA,NA,20172701935
892,2017271,1540,2017,271,15,40,NA,NA,T,NA,NA,NA,NA,20172711540
893,2017271,1835,2017,271,18,35,NA,NA,A,NA,NA,NA,NA,20172711835
894,2017271,1840,2017,271,18,40,NA,NA,A,NA,NA,NA,NA,20172711840
895,2017272,1445,2017,272,14,45,NA,NA,T,NA,NA,NA,NA,20172721445
896,2017272,1625,2017,272,16,25,NA,NA,T,NA,NA,NA,NA,20172721625
897,2017272,1740,2017,272,17,40,NA,NA,A,NA,NA,NA,NA,20172721740
898,2017272,1920,2017,272,19,20,NA,NA,A,NA,NA,NA,NA,20172721920
899,2017272,1925,2017,272,19,25,NA,NA,A,NA,NA,NA,NA,20172721925
900,2017273,1530,2017,273,15,30,NA,NA,T,NA,NA,NA,NA,20172731530
901,2017273,1825,2017,273,18,25,NA,NA,A,NA,NA,NA,NA,20172731825
902,2017273,1830,2017,273,18,30,NA,NA,A,NA,NA,NA,NA,20172731830
903,2017274,1435,2017,274,14,35,NA,NA,T,NA,NA,NA,NA,20172741435
904,2017274,1610,2017,274,16,10,6.254166666,-75.57898112,T,0.338,0.236,0.0136,0,20172741610
905,2017274,1730,2017,274,17,30,NA,NA,A,NA,NA,NA,NA,20172741730
906,2017274,1910,2017,274,19,10,NA,NA,A,NA,NA,NA,NA,20172741910
907,2017275,1515,2017,275,15,15,NA,NA,T,NA,NA,NA,NA,20172751515
908,2017275,1815,2017,275,18,15,NA,NA,A,NA,NA,NA,NA,20172751815
909,2017276,1600,2017,276,16,0,NA,NA,T,NA,NA,NA,NA,20172761600
910,2017276,1855,2017,276,18,55,NA,NA,A,NA,NA,NA,NA,20172761855
911,2017276,1900,2017,276,19,0,NA,NA,A,NA,NA,NA,NA,20172761900
912,2017277,1505,2017,277,15,5,NA,NA,T,NA,NA,NA,NA,20172771505
913,2017277,1640,2017,277,16,40,NA,NA,T,NA,NA,NA,NA,20172771640
914,2017277,1800,2017,277,18,0,NA,NA,A,NA,NA,NA,NA,20172771800
915,2017277,1805,2017,277,18,5,NA,NA,A,NA,NA,NA,NA,20172771805
916,2017278,1550,2017,278,15,50,NA,NA,T,NA,NA,NA,NA,20172781550
917,2017278,1845,2017,278,18,45,NA,NA,A,NA,NA,NA,NA,20172781845
918,2017279,1455,2017,279,14,55,NA,NA,T,NA,NA,NA,NA,20172791455
919,2017279,1630,2017,279,16,30,NA,NA,T,NA,NA,NA,NA,20172791630
920,2017279,1750,2017,279,17,50,NA,NA,A,NA,NA,NA,NA,20172791750
921,2017279,1925,2017,279,19,25,NA,NA,A,NA,NA,NA,NA,20172791925
922,2017279,1930,2017,279,19,30,NA,NA,A,NA,NA,NA,NA,20172791930
923,2017280,1535,2017,280,15,35,NA,NA,T,NA,NA,NA,NA,20172801535
924,2017280,1830,2017,280,18,30,NA,NA,A,NA,NA,NA,NA,20172801830
925,2017280,1835,2017,280,18,35,NA,NA,A,NA,NA,NA,NA,20172801835
926,2017281,1440,2017,281,14,40,NA,NA,T,NA,NA,NA,NA,20172811440
927,2017281,1620,2017,281,16,20,NA,NA,T,NA,NA,NA,NA,20172811620
928,2017281,1735,2017,281,17,35,NA,NA,A,NA,NA,NA,NA,20172811735
929,2017281,1915,2017,281,19,15,NA,NA,A,NA,NA,NA,NA,20172811915
930,2017282,1525,2017,282,15,25,NA,NA,T,NA,NA,NA,NA,20172821525
931,2017282,1820,2017,282,18,20,NA,NA,A,NA,NA,NA,NA,20172821820
932,2017283,1430,2017,283,14,30,NA,NA,T,NA,NA,NA,NA,20172831430
933,2017283,1605,2017,283,16,5,6.262499999,-75.58018662,T,0.167,0.11475,0.0157,0,20172831605
934,2017283,1900,2017,283,19,0,NA,NA,A,NA,NA,NA,NA,20172831900
935,2017283,1905,2017,283,19,5,NA,NA,A,NA,NA,NA,NA,20172831905
936,2017284,1510,2017,284,15,10,NA,NA,T,NA,NA,NA,NA,20172841510
937,2017284,1805,2017,284,18,5,NA,NA,A,NA,NA,NA,NA,20172841805
938,2017284,1810,2017,284,18,10,NA,NA,A,NA,NA,NA,NA,20172841810
939,2017285,1555,2017,285,15,55,NA,NA,T,NA,NA,NA,NA,20172851555
940,2017285,1850,2017,285,18,50,NA,NA,A,NA,NA,NA,NA,20172851850
941,2017285,1855,2017,285,18,55,NA,NA,A,NA,NA,NA,NA,20172851855
942,2017286,1500,2017,286,15,0,NA,NA,T,NA,NA,NA,NA,20172861500
943,2017286,1635,2017,286,16,35,NA,NA,T,NA,NA,NA,NA,20172861635
944,2017286,1755,2017,286,17,55,NA,NA,A,NA,NA,NA,NA,20172861755
945,2017286,1935,2017,286,19,35,NA,NA,A,NA,NA,NA,NA,20172861935
946,2017287,1540,2017,287,15,40,NA,NA,T,NA,NA,NA,NA,20172871540
947,2017287,1835,2017,287,18,35,NA,NA,A,NA,NA,NA,NA,20172871835
948,2017287,1840,2017,287,18,40,NA,NA,A,NA,NA,NA,NA,20172871840
949,2017288,1445,2017,288,14,45,NA,NA,T,NA,NA,NA,NA,20172881445
950,2017288,1625,2017,288,16,25,NA,NA,T,NA,NA,NA,NA,20172881625
951,2017288,1740,2017,288,17,40,NA,NA,A,NA,NA,NA,NA,20172881740
952,2017288,1920,2017,288,19,20,NA,NA,A,NA,NA,NA,NA,20172881920
953,2017288,1925,2017,288,19,25,NA,NA,A,NA,NA,NA,NA,20172881925
954,2017289,1530,2017,289,15,30,NA,NA,T,NA,NA,NA,NA,20172891530
955,2017289,1825,2017,289,18,25,NA,NA,A,NA,NA,NA,NA,20172891825
956,2017289,1830,2017,289,18,30,NA,NA,A,NA,NA,NA,NA,20172891830
957,2017290,1435,2017,290,14,35,NA,NA,T,NA,NA,NA,NA,20172901435
958,2017290,1610,2017,290,16,10,NA,NA,T,NA,NA,NA,NA,20172901610
959,2017290,1730,2017,290,17,30,NA,NA,A,NA,NA,NA,NA,20172901730
960,2017290,1910,2017,290,19,10,NA,NA,A,NA,NA,NA,NA,20172901910
961,2017291,1515,2017,291,15,15,NA,NA,T,NA,NA,NA,NA,20172911515
962,2017291,1815,2017,291,18,15,NA,NA,A,NA,NA,NA,NA,20172911815
963,2017292,1855,2017,292,18,55,NA,NA,A,NA,NA,NA,NA,20172921855
964,2017292,1900,2017,292,19,0,NA,NA,A,NA,NA,NA,NA,20172921900
965,2017293,1505,2017,293,15,5,NA,NA,T,NA,NA,NA,NA,20172931505
966,2017293,1640,2017,293,16,40,NA,NA,T,NA,NA,NA,NA,20172931640
967,2017293,1800,2017,293,18,0,NA,NA,A,NA,NA,NA,NA,20172931800
968,2017293,1805,2017,293,18,5,NA,NA,A,NA,NA,NA,NA,20172931805
969,2017294,1550,2017,294,15,50,NA,NA,T,NA,NA,NA,NA,20172941550
970,2017294,1845,2017,294,18,45,NA,NA,A,NA,NA,NA,NA,20172941845
971,2017295,1450,2017,295,14,50,NA,NA,T,NA,NA,NA,NA,20172951450
972,2017295,1630,2017,295,16,30,NA,NA,T,NA,NA,NA,NA,20172951630
973,2017295,1750,2017,295,17,50,NA,NA,A,NA,NA,NA,NA,20172951750
974,2017295,1925,2017,295,19,25,NA,NA,A,NA,NA,NA,NA,20172951925
975,2017295,1930,2017,295,19,30,NA,NA,A,NA,NA,NA,NA,20172951930
976,2017296,1535,2017,296,15,35,NA,NA,T,NA,NA,NA,NA,20172961535
977,2017296,1830,2017,296,18,30,NA,NA,A,NA,NA,NA,NA,20172961830
978,2017296,1835,2017,296,18,35,NA,NA,A,NA,NA,NA,NA,20172961835
979,2017297,1440,2017,297,14,40,NA,NA,T,NA,NA,NA,NA,20172971440
980,2017297,1620,2017,297,16,20,NA,NA,T,NA,NA,NA,NA,20172971620
981,2017297,1735,2017,297,17,35,NA,NA,A,NA,NA,NA,NA,20172971735
982,2017297,1915,2017,297,19,15,NA,NA,A,NA,NA,NA,NA,20172971915
983,2017298,1525,2017,298,15,25,NA,NA,T,NA,NA,NA,NA,20172981525
984,2017298,1820,2017,298,18,20,NA,NA,A,NA,NA,NA,NA,20172981820
985,2017299,1430,2017,299,14,30,NA,NA,T,NA,NA,NA,NA,20172991430
986,2017299,1605,2017,299,16,5,NA,NA,T,NA,NA,NA,NA,20172991605
987,2017299,1900,2017,299,19,0,NA,NA,A,NA,NA,NA,NA,20172991900
988,2017299,1905,2017,299,19,5,NA,NA,A,NA,NA,NA,NA,20172991905
989,2017300,1510,2017,300,15,10,NA,NA,T,NA,NA,NA,NA,20173001510
990,2017300,1805,2017,300,18,5,NA,NA,A,NA,NA,NA,NA,20173001805
991,2017300,1810,2017,300,18,10,NA,NA,A,NA,NA,NA,NA,20173001810
992,2017301,1555,2017,301,15,55,NA,NA,T,NA,NA,NA,NA,20173011555
993,2017301,1850,2017,301,18,50,NA,NA,A,NA,NA,NA,NA,20173011850
994,2017301,1855,2017,301,18,55,NA,NA,A,NA,NA,NA,NA,20173011855
995,2017302,1500,2017,302,15,0,NA,NA,T,NA,NA,NA,NA,20173021500
996,2017302,1635,2017,302,16,35,NA,NA,T,NA,NA,NA,NA,20173021635
997,2017302,1755,2017,302,17,55,NA,NA,A,NA,NA,NA,NA,20173021755
998,2017302,1935,2017,302,19,35,NA,NA,A,NA,NA,NA,NA,20173021935
999,2017303,1540,2017,303,15,40,NA,NA,T,NA,NA,NA,NA,20173031540
1000,2017303,1835,2017,303,18,35,NA,NA,A,NA,NA,NA,NA,20173031835
1001,2017303,1840,2017,303,18,40,NA,NA,A,NA,NA,NA,NA,20173031840
1002,2017304,1445,2017,304,14,45,NA,NA,T,NA,NA,NA,NA,20173041445
1003,2017304,1625,2017,304,16,25,NA,NA,T,NA,NA,NA,NA,20173041625
1004,2017304,1740,2017,304,17,40,NA,NA,A,NA,NA,NA,NA,20173041740
1005,2017304,1920,2017,304,19,20,NA,NA,A,NA,NA,NA,NA,20173041920
1006,2017304,1925,2017,304,19,25,NA,NA,A,NA,NA,NA,NA,20173041925
1007,2017305,1530,2017,305,15,30,NA,NA,T,NA,NA,NA,NA,20173051530
1008,2017305,1825,2017,305,18,25,NA,NA,A,NA,NA,NA,NA,20173051825
1009,2017305,1830,2017,305,18,30,NA,NA,A,NA,NA,NA,NA,20173051830
1010,2017306,1435,2017,306,14,35,NA,NA,T,NA,NA,NA,NA,20173061435
1011,2017306,1610,2017,306,16,10,NA,NA,T,NA,NA,NA,NA,20173061610
1012,2017306,1730,2017,306,17,30,NA,NA,A,NA,NA,NA,NA,20173061730
1013,2017306,1910,2017,306,19,10,NA,NA,A,NA,NA,NA,NA,20173061910
1014,2017307,1515,2017,307,15,15,NA,NA,T,NA,NA,NA,NA,20173071515
1015,2017307,1815,2017,307,18,15,NA,NA,A,NA,NA,NA,NA,20173071815
1016,2017308,1600,2017,308,16,0,NA,NA,T,NA,NA,NA,NA,20173081600
1017,2017308,1855,2017,308,18,55,NA,NA,A,NA,NA,NA,NA,20173081855
1018,2017308,1900,2017,308,19,0,NA,NA,A,NA,NA,NA,NA,20173081900
1019,2017309,1505,2017,309,15,5,NA,NA,T,NA,NA,NA,NA,20173091505
1020,2017309,1640,2017,309,16,40,NA,NA,T,NA,NA,NA,NA,20173091640
1021,2017309,1800,2017,309,18,0,NA,NA,A,NA,NA,NA,NA,20173091800
1022,2017309,1805,2017,309,18,5,NA,NA,A,NA,NA,NA,NA,20173091805
1023,2017310,1550,2017,310,15,50,NA,NA,T,NA,NA,NA,NA,20173101550
1024,2017310,1845,2017,310,18,45,NA,NA,A,NA,NA,NA,NA,20173101845
1025,2017311,1450,2017,311,14,50,NA,NA,T,NA,NA,NA,NA,20173111450
1026,2017311,1630,2017,311,16,30,NA,NA,T,NA,NA,NA,NA,20173111630
1027,2017311,1750,2017,311,17,50,NA,NA,A,NA,NA,NA,NA,20173111750
1028,2017311,1925,2017,311,19,25,NA,NA,A,NA,NA,NA,NA,20173111925
1029,2017311,1930,2017,311,19,30,NA,NA,A,NA,NA,NA,NA,20173111930
1030,2017312,1535,2017,312,15,35,NA,NA,T,NA,NA,NA,NA,20173121535
1031,2017312,1830,2017,312,18,30,NA,NA,A,NA,NA,NA,NA,20173121830
1032,2017312,1835,2017,312,18,35,NA,NA,A,NA,NA,NA,NA,20173121835
1033,2017313,1440,2017,313,14,40,NA,NA,T,NA,NA,NA,NA,20173131440
1034,2017313,1620,2017,313,16,20,NA,NA,T,NA,NA,NA,NA,20173131620
1035,2017313,1735,2017,313,17,35,NA,NA,A,NA,NA,NA,NA,20173131735
1036,2017313,1915,2017,313,19,15,NA,NA,A,NA,NA,NA,NA,20173131915
1037,2017314,1525,2017,314,15,25,NA,NA,T,NA,NA,NA,NA,20173141525
1038,2017314,1820,2017,314,18,20,NA,NA,A,NA,NA,NA,NA,20173141820
1039,2017315,1430,2017,315,14,30,NA,NA,T,NA,NA,NA,NA,20173151430
1040,2017315,1605,2017,315,16,5,NA,NA,T,NA,NA,NA,NA,20173151605
1041,2017315,1900,2017,315,19,0,NA,NA,A,NA,NA,NA,NA,20173151900
1042,2017315,1905,2017,315,19,5,NA,NA,A,NA,NA,NA,NA,20173151905
1043,2017316,1510,2017,316,15,10,NA,NA,T,NA,NA,NA,NA,20173161510
1044,2017316,1805,2017,316,18,5,NA,NA,A,NA,NA,NA,NA,20173161805
1045,2017316,1810,2017,316,18,10,NA,NA,A,NA,NA,NA,NA,20173161810
1046,2017317,1555,2017,317,15,55,NA,NA,T,NA,NA,NA,NA,20173171555
1047,2017317,1850,2017,317,18,50,NA,NA,A,NA,NA,NA,NA,20173171850
1048,2017317,1855,2017,317,18,55,NA,NA,A,NA,NA,NA,NA,20173171855
1049,2017318,1500,2017,318,15,0,NA,NA,T,NA,NA,NA,NA,20173181500
1050,2017318,1635,2017,318,16,35,NA,NA,T,NA,NA,NA,NA,20173181635
1051,2017318,1755,2017,318,17,55,NA,NA,A,NA,NA,NA,NA,20173181755
1052,2017318,1935,2017,318,19,35,NA,NA,A,NA,NA,NA,NA,20173181935
1053,2017319,1540,2017,319,15,40,NA,NA,T,NA,NA,NA,NA,20173191540
1054,2017319,1840,2017,319,18,40,NA,NA,A,NA,NA,NA,NA,20173191840
1055,2017320,1445,2017,320,14,45,NA,NA,T,NA,NA,NA,NA,20173201445
1056,2017320,1625,2017,320,16,25,NA,NA,T,NA,NA,NA,NA,20173201625
1057,2017320,1740,2017,320,17,40,NA,NA,A,NA,NA,NA,NA,20173201740
1058,2017320,1920,2017,320,19,20,NA,NA,A,NA,NA,NA,NA,20173201920
1059,2017320,1925,2017,320,19,25,NA,NA,A,NA,NA,NA,NA,20173201925
1060,2017321,1530,2017,321,15,30,NA,NA,T,NA,NA,NA,NA,20173211530
1061,2017321,1825,2017,321,18,25,NA,NA,A,NA,NA,NA,NA,20173211825
1062,2017321,1830,2017,321,18,30,NA,NA,A,NA,NA,NA,NA,20173211830
1063,2017322,1435,2017,322,14,35,NA,NA,T,NA,NA,NA,NA,20173221435
1064,2017322,1610,2017,322,16,10,NA,NA,T,NA,NA,NA,NA,20173221610
1065,2017322,1730,2017,322,17,30,NA,NA,A,NA,NA,NA,NA,20173221730
1066,2017322,1910,2017,322,19,10,NA,NA,A,NA,NA,NA,NA,20173221910
1067,2017323,1515,2017,323,15,15,NA,NA,T,NA,NA,NA,NA,20173231515
1068,2017323,1815,2017,323,18,15,NA,NA,A,NA,NA,NA,NA,20173231815
1069,2017324,1600,2017,324,16,0,NA,NA,T,NA,NA,NA,NA,20173241600
1070,2017324,1855,2017,324,18,55,NA,NA,A,NA,NA,NA,NA,20173241855
1071,2017324,1900,2017,324,19,0,NA,NA,A,NA,NA,NA,NA,20173241900
1072,2017325,1505,2017,325,15,5,NA,NA,T,NA,NA,NA,NA,20173251505
1073,2017325,1640,2017,325,16,40,NA,NA,T,NA,NA,NA,NA,20173251640
1074,2017325,1800,2017,325,18,0,NA,NA,A,NA,NA,NA,NA,20173251800
1075,2017325,1805,2017,325,18,5,NA,NA,A,NA,NA,NA,NA,20173251805
1076,2017326,1550,2017,326,15,50,NA,NA,T,NA,NA,NA,NA,20173261550
1077,2017326,1845,2017,326,18,45,NA,NA,A,NA,NA,NA,NA,20173261845
1078,2017327,1450,2017,327,14,50,NA,NA,T,NA,NA,NA,NA,20173271450
1079,2017327,1630,2017,327,16,30,NA,NA,T,NA,NA,NA,NA,20173271630
1080,2017327,1750,2017,327,17,50,NA,NA,A,NA,NA,NA,NA,20173271750
1081,2017327,1925,2017,327,19,25,NA,NA,A,NA,NA,NA,NA,20173271925
1082,2017327,1930,2017,327,19,30,NA,NA,A,NA,NA,NA,NA,20173271930
1083,2017328,1535,2017,328,15,35,NA,NA,T,NA,NA,NA,NA,20173281535
1084,2017328,1830,2017,328,18,30,NA,NA,A,NA,NA,NA,NA,20173281830
1085,2017328,1835,2017,328,18,35,NA,NA,A,NA,NA,NA,NA,20173281835
1086,2017329,1440,2017,329,14,40,NA,NA,T,NA,NA,NA,NA,20173291440
1087,2017329,1620,2017,329,16,20,NA,NA,T,NA,NA,NA,NA,20173291620
1088,2017329,1735,2017,329,17,35,NA,NA,A,NA,NA,NA,NA,20173291735
1089,2017329,1915,2017,329,19,15,NA,NA,A,NA,NA,NA,NA,20173291915
1090,2017330,1525,2017,330,15,25,NA,NA,T,NA,NA,NA,NA,20173301525
1091,2017330,1820,2017,330,18,20,NA,NA,A,NA,NA,NA,NA,20173301820
1092,2017331,1430,2017,331,14,30,NA,NA,T,NA,NA,NA,NA,20173311430
1093,2017331,1605,2017,331,16,5,NA,NA,T,NA,NA,NA,NA,20173311605
1094,2017331,1900,2017,331,19,0,NA,NA,A,NA,NA,NA,NA,20173311900
1095,2017331,1905,2017,331,19,5,NA,NA,A,NA,NA,NA,NA,20173311905
1096,2017332,1510,2017,332,15,10,NA,NA,T,NA,NA,NA,NA,20173321510
1097,2017332,1805,2017,332,18,5,NA,NA,A,NA,NA,NA,NA,20173321805
1098,2017332,1810,2017,332,18,10,NA,NA,A,NA,NA,NA,NA,20173321810
1099,2017333,1555,2017,333,15,55,6.262499999,-75.58018662,T,0.35525,0.2485,0.0208,0,20173331555
1100,2017333,1850,2017,333,18,50,NA,NA,A,NA,NA,NA,NA,20173331850
1101,2017333,1855,2017,333,18,55,NA,NA,A,NA,NA,NA,NA,20173331855
1102,2017334,1500,2017,334,15,0,NA,NA,T,NA,NA,NA,NA,20173341500
1103,2017334,1635,2017,334,16,35,NA,NA,T,NA,NA,NA,NA,20173341635
1104,2017334,1755,2017,334,17,55,NA,NA,A,NA,NA,NA,NA,20173341755
1105,2017334,1935,2017,334,19,35,NA,NA,A,NA,NA,NA,NA,20173341935
1106,2017335,1540,2017,335,15,40,NA,NA,T,NA,NA,NA,NA,20173351540
1107,2017335,1840,2017,335,18,40,NA,NA,A,NA,NA,NA,NA,20173351840
1108,2017336,1445,2017,336,14,45,NA,NA,T,NA,NA,NA,NA,20173361445
1109,2017336,1625,2017,336,16,25,NA,NA,T,NA,NA,NA,NA,20173361625
1110,2017336,1740,2017,336,17,40,NA,NA,A,NA,NA,NA,NA,20173361740
1111,2017336,1920,2017,336,19,20,NA,NA,A,NA,NA,NA,NA,20173361920
1112,2017336,1925,2017,336,19,25,NA,NA,A,NA,NA,NA,NA,20173361925
1113,2017337,1530,2017,337,15,30,NA,NA,T,NA,NA,NA,NA,20173371530
1114,2017337,1825,2017,337,18,25,NA,NA,A,NA,NA,NA,NA,20173371825
1115,2017337,1830,2017,337,18,30,NA,NA,A,NA,NA,NA,NA,20173371830
1116,2017338,1435,2017,338,14,35,NA,NA,T,NA,NA,NA,NA,20173381435
1117,2017338,1610,2017,338,16,10,NA,NA,T,NA,NA,NA,NA,20173381610
1118,2017338,1730,2017,338,17,30,NA,NA,A,NA,NA,NA,NA,20173381730
1119,2017338,1910,2017,338,19,10,NA,NA,A,NA,NA,NA,NA,20173381910
1120,2017339,1515,2017,339,15,15,NA,NA,T,NA,NA,NA,NA,20173391515
1121,2017339,1815,2017,339,18,15,NA,NA,A,NA,NA,NA,NA,20173391815
1122,2017340,1600,2017,340,16,0,NA,NA,T,NA,NA,NA,NA,20173401600
1123,2017340,1855,2017,340,18,55,NA,NA,A,NA,NA,NA,NA,20173401855
1124,2017340,1900,2017,340,19,0,NA,NA,A,NA,NA,NA,NA,20173401900
1125,2017341,1505,2017,341,15,5,NA,NA,T,NA,NA,NA,NA,20173411505
1126,2017341,1640,2017,341,16,40,NA,NA,T,NA,NA,NA,NA,20173411640
1127,2017341,1800,2017,341,18,0,NA,NA,A,NA,NA,NA,NA,20173411800
1128,2017341,1805,2017,341,18,5,NA,NA,A,NA,NA,NA,NA,20173411805
1129,2017342,1550,2017,342,15,50,NA,NA,T,NA,NA,NA,NA,20173421550
1130,2017342,1845,2017,342,18,45,NA,NA,A,NA,NA,NA,NA,20173421845
1131,2017343,1450,2017,343,14,50,NA,NA,T,NA,NA,NA,NA,20173431450
1132,2017343,1630,2017,343,16,30,NA,NA,T,NA,NA,NA,NA,20173431630
1133,2017343,1750,2017,343,17,50,NA,NA,A,NA,NA,NA,NA,20173431750
1134,2017343,1925,2017,343,19,25,NA,NA,A,NA,NA,NA,NA,20173431925
1135,2017343,1930,2017,343,19,30,NA,NA,A,NA,NA,NA,NA,20173431930
1136,2017344,1535,2017,344,15,35,NA,NA,T,NA,NA,NA,NA,20173441535
1137,2017344,1830,2017,344,18,30,NA,NA,A,NA,NA,NA,NA,20173441830
1138,2017344,1835,2017,344,18,35,NA,NA,A,NA,NA,NA,NA,20173441835
1139,2017345,1440,2017,345,14,40,NA,NA,T,NA,NA,NA,NA,20173451440
1140,2017345,1620,2017,345,16,20,NA,NA,T,NA,NA,NA,NA,20173451620
1141,2017345,1735,2017,345,17,35,NA,NA,A,NA,NA,NA,NA,20173451735
1142,2017345,1915,2017,345,19,15,NA,NA,A,NA,NA,NA,NA,20173451915
1143,2017346,1525,2017,346,15,25,NA,NA,T,NA,NA,NA,NA,20173461525
1144,2017346,1820,2017,346,18,20,NA,NA,A,NA,NA,NA,NA,20173461820
1145,2017347,1430,2017,347,14,30,NA,NA,T,NA,NA,NA,NA,20173471430
1146,2017347,1605,2017,347,16,5,NA,NA,T,NA,NA,NA,NA,20173471605
1147,2017347,1900,2017,347,19,0,NA,NA,A,NA,NA,NA,NA,20173471900
1148,2017347,1905,2017,347,19,5,NA,NA,A,NA,NA,NA,NA,20173471905
1149,2017348,1805,2017,348,18,5,NA,NA,A,NA,NA,NA,NA,20173481805
1150,2017348,1810,2017,348,18,10,NA,NA,A,NA,NA,NA,NA,20173481810
1151,2017349,1555,2017,349,15,55,6.262499999,-75.58018662,T,0.13325,0.09175,0.0199,0,20173491555
1152,2017349,1850,2017,349,18,50,NA,NA,A,NA,NA,NA,NA,20173491850
1153,2017349,1855,2017,349,18,55,NA,NA,A,NA,NA,NA,NA,20173491855
1154,2017350,1500,2017,350,15,0,NA,NA,T,NA,NA,NA,NA,20173501500
1155,2017350,1635,2017,350,16,35,NA,NA,T,NA,NA,NA,NA,20173501635
1156,2017350,1755,2017,350,17,55,NA,NA,A,NA,NA,NA,NA,20173501755
1157,2017350,1935,2017,350,19,35,NA,NA,A,NA,NA,NA,NA,20173501935
1158,2017351,1540,2017,351,15,40,NA,NA,T,NA,NA,NA,NA,20173511540
1159,2017351,1840,2017,351,18,40,NA,NA,A,NA,NA,NA,NA,20173511840
1160,2017352,1445,2017,352,14,45,NA,NA,T,NA,NA,NA,NA,20173521445
1161,2017352,1625,2017,352,16,25,NA,NA,T,NA,NA,NA,NA,20173521625
1162,2017352,1740,2017,352,17,40,NA,NA,A,NA,NA,NA,NA,20173521740
1163,2017352,1920,2017,352,19,20,NA,NA,A,NA,NA,NA,NA,20173521920
1164,2017352,1925,2017,352,19,25,NA,NA,A,NA,NA,NA,NA,20173521925
1165,2017353,1530,2017,353,15,30,NA,NA,T,NA,NA,NA,NA,20173531530
1166,2017353,1825,2017,353,18,25,NA,NA,A,NA,NA,NA,NA,20173531825
1167,2017353,1830,2017,353,18,30,NA,NA,A,NA,NA,NA,NA,20173531830
1168,2017354,1435,2017,354,14,35,NA,NA,T,NA,NA,NA,NA,20173541435
1169,2017354,1610,2017,354,16,10,6.262499999,-75.58018662,T,0.06525,0.04475,0.0098,0,20173541610
1170,2017354,1730,2017,354,17,30,NA,NA,A,NA,NA,NA,NA,20173541730
1171,2017354,1910,2017,354,19,10,NA,NA,A,NA,NA,NA,NA,20173541910
1172,2017355,1515,2017,355,15,15,NA,NA,T,NA,NA,NA,NA,20173551515
1173,2017355,1815,2017,355,18,15,NA,NA,A,NA,NA,NA,NA,20173551815
1174,2017356,1600,2017,356,16,0,NA,NA,T,NA,NA,NA,NA,20173561600
1175,2017356,1855,2017,356,18,55,NA,NA,A,NA,NA,NA,NA,20173561855
1176,2017356,1900,2017,356,19,0,NA,NA,A,NA,NA,NA,NA,20173561900
1177,2017357,1505,2017,357,15,5,NA,NA,T,NA,NA,NA,NA,20173571505
1178,2017357,1640,2017,357,16,40,NA,NA,T,NA,NA,NA,NA,20173571640
1179,2017357,1800,2017,357,18,0,NA,NA,A,NA,NA,NA,NA,20173571800
1180,2017357,1805,2017,357,18,5,NA,NA,A,NA,NA,NA,NA,20173571805
1181,2017358,1550,2017,358,15,50,NA,NA,T,NA,NA,NA,NA,20173581550
1182,2017358,1845,2017,358,18,45,NA,NA,A,NA,NA,NA,NA,20173581845
1183,2017359,1450,2017,359,14,50,NA,NA,T,NA,NA,NA,NA,20173591450
1184,2017359,1630,2017,359,16,30,NA,NA,T,NA,NA,NA,NA,20173591630
1185,2017359,1750,2017,359,17,50,NA,NA,A,NA,NA,NA,NA,20173591750
1186,2017359,1925,2017,359,19,25,NA,NA,A,NA,NA,NA,NA,20173591925
1187,2017359,1930,2017,359,19,30,NA,NA,A,NA,NA,NA,NA,20173591930
1188,2017360,1535,2017,360,15,35,NA,NA,T,NA,NA,NA,NA,20173601535
1189,2017360,1830,2017,360,18,30,NA,NA,A,NA,NA,NA,NA,20173601830
1190,2017360,1835,2017,360,18,35,NA,NA,A,NA,NA,NA,NA,20173601835
1191,2017361,1440,2017,361,14,40,NA,NA,T,NA,NA,NA,NA,20173611440
1192,2017361,1620,2017,361,16,20,NA,NA,T,NA,NA,NA,NA,20173611620
1193,2017361,1735,2017,361,17,35,NA,NA,A,NA,NA,NA,NA,20173611735
1194,2017361,1915,2017,361,19,15,NA,NA,A,NA,NA,NA,NA,20173611915
1195,2017362,1525,2017,362,15,25,NA,NA,T,NA,NA,NA,NA,20173621525
1196,2017362,1820,2017,362,18,20,NA,NA,A,NA,NA,NA,NA,20173621820
1197,2017363,1430,2017,363,14,30,NA,NA,T,NA,NA,NA,NA,20173631430
1198,2017363,1605,2017,363,16,5,NA,NA,T,NA,NA,NA,NA,20173631605
1199,2017363,1900,2017,363,19,0,NA,NA,A,NA,NA,NA,NA,20173631900
1200,2017363,1905,2017,363,19,5,NA,NA,A,NA,NA,NA,NA,20173631905
1201,2017364,1510,2017,364,15,10,NA,NA,T,NA,NA,NA,NA,20173641510
1202,2017364,1805,2017,364,18,5,NA,NA,A,NA,NA,NA,NA,20173641805
1203,2017364,1810,2017,364,18,10,NA,NA,A,NA,NA,NA,NA,20173641810
1204,2017365,1555,2017,365,15,55,NA,NA,T,NA,NA,NA,NA,20173651555
1205,2017365,1850,2017,365,18,50,NA,NA,A,NA,NA,NA,NA,20173651850
1206,2017365,1855,2017,365,18,55,NA,NA,A,NA,NA,NA,NA,20173651855
1,2018001,1500,2018,1,15,0,NA,NA,T,NA,NA,NA,NA,20180011500
2,2018001,1635,2018,1,16,35,NA,NA,T,NA,NA,NA,NA,20180011635
3,2018001,1755,2018,1,17,55,NA,NA,A,NA,NA,NA,NA,20180011755
4,2018001,1935,2018,1,19,35,NA,NA,A,NA,NA,NA,NA,20180011935
5,2018002,1540,2018,2,15,40,NA,NA,T,NA,NA,NA,NA,20180021540
6,2018002,1840,2018,2,18,40,NA,NA,A,NA,NA,NA,NA,20180021840
7,2018003,1445,2018,3,14,45,NA,NA,T,NA,NA,NA,NA,20180031445
8,2018003,1625,2018,3,16,25,NA,NA,T,NA,NA,NA,NA,20180031625
9,2018003,1740,2018,3,17,40,NA,NA,A,NA,NA,NA,NA,20180031740
10,2018003,1920,2018,3,19,20,NA,NA,A,NA,NA,NA,NA,20180031920
11,2018003,1925,2018,3,19,25,NA,NA,A,NA,NA,NA,NA,20180031925
12,2018004,1530,2018,4,15,30,6.254166666,-75.57898112,T,0.3355,0.2345,0.0342,0,20180041530
13,2018004,1825,2018,4,18,25,NA,NA,A,NA,NA,NA,NA,20180041825
14,2018004,1830,2018,4,18,30,NA,NA,A,NA,NA,NA,NA,20180041830
15,2018005,1435,2018,5,14,35,NA,NA,T,NA,NA,NA,NA,20180051435
16,2018005,1610,2018,5,16,10,NA,NA,T,NA,NA,NA,NA,20180051610
17,2018005,1730,2018,5,17,30,NA,NA,A,NA,NA,NA,NA,20180051730
18,2018005,1910,2018,5,19,10,NA,NA,A,NA,NA,NA,NA,20180051910
19,2018006,1515,2018,6,15,15,NA,NA,T,NA,NA,NA,NA,20180061515
20,2018006,1815,2018,6,18,15,NA,NA,A,NA,NA,NA,NA,20180061815
21,2018007,1600,2018,7,16,0,6.262499999,-75.58018662,T,0.09125,0.06225,0.015,0,20180071600
22,2018007,1855,2018,7,18,55,NA,NA,A,NA,NA,NA,NA,20180071855
23,2018007,1900,2018,7,19,0,6.262499999,-75.58018662,A,0.162,0.1115,0.0236,0,20180071900
24,2018008,1505,2018,8,15,5,NA,NA,T,NA,NA,NA,NA,20180081505
25,2018008,1640,2018,8,16,40,NA,NA,T,NA,NA,NA,NA,20180081640
26,2018008,1800,2018,8,18,0,NA,NA,A,NA,NA,NA,NA,20180081800
27,2018008,1805,2018,8,18,5,NA,NA,A,NA,NA,NA,NA,20180081805
28,2018009,1550,2018,9,15,50,NA,NA,T,NA,NA,NA,NA,20180091550
29,2018009,1845,2018,9,18,45,NA,NA,A,NA,NA,NA,NA,20180091845
30,2018010,1450,2018,10,14,50,NA,NA,T,NA,NA,NA,NA,20180101450
31,2018010,1630,2018,10,16,30,NA,NA,T,NA,NA,NA,NA,20180101630
32,2018010,1750,2018,10,17,50,NA,NA,A,NA,NA,NA,NA,20180101750
33,2018010,1925,2018,10,19,25,NA,NA,A,NA,NA,NA,NA,20180101925
34,2018010,1930,2018,10,19,30,NA,NA,A,NA,NA,NA,NA,20180101930
35,2018011,1535,2018,11,15,35,NA,NA,T,NA,NA,NA,NA,20180111535
36,2018011,1830,2018,11,18,30,NA,NA,A,NA,NA,NA,NA,20180111830
37,2018011,1835,2018,11,18,35,NA,NA,A,NA,NA,NA,NA,20180111835
38,2018012,1440,2018,12,14,40,NA,NA,T,NA,NA,NA,NA,20180121440
39,2018012,1620,2018,12,16,20,NA,NA,T,NA,NA,NA,NA,20180121620
40,2018012,1735,2018,12,17,35,NA,NA,A,NA,NA,NA,NA,20180121735
41,2018012,1915,2018,12,19,15,NA,NA,A,NA,NA,NA,NA,20180121915
42,2018013,1525,2018,13,15,25,NA,NA,T,NA,NA,NA,NA,20180131525
43,2018013,1820,2018,13,18,20,NA,NA,A,NA,NA,NA,NA,20180131820
44,2018014,1430,2018,14,14,30,NA,NA,T,NA,NA,NA,NA,20180141430
45,2018014,1605,2018,14,16,5,NA,NA,T,NA,NA,NA,NA,20180141605
46,2018014,1905,2018,14,19,5,NA,NA,A,NA,NA,NA,NA,20180141905
47,2018015,1510,2018,15,15,10,NA,NA,T,NA,NA,NA,NA,20180151510
48,2018015,1805,2018,15,18,5,NA,NA,A,NA,NA,NA,NA,20180151805
49,2018015,1810,2018,15,18,10,NA,NA,A,NA,NA,NA,NA,20180151810
50,2018016,1555,2018,16,15,55,NA,NA,T,NA,NA,NA,NA,20180161555
51,2018016,1850,2018,16,18,50,NA,NA,A,NA,NA,NA,NA,20180161850
52,2018016,1855,2018,16,18,55,NA,NA,A,NA,NA,NA,NA,20180161855
53,2018017,1500,2018,17,15,0,NA,NA,T,NA,NA,NA,NA,20180171500
54,2018017,1635,2018,17,16,35,NA,NA,T,NA,NA,NA,NA,20180171635
55,2018017,1755,2018,17,17,55,NA,NA,A,NA,NA,NA,NA,20180171755
56,2018017,1935,2018,17,19,35,NA,NA,A,NA,NA,NA,NA,20180171935
57,2018018,1540,2018,18,15,40,NA,NA,T,NA,NA,NA,NA,20180181540
58,2018018,1840,2018,18,18,40,NA,NA,A,NA,NA,NA,NA,20180181840
59,2018019,1445,2018,19,14,45,NA,NA,T,NA,NA,NA,NA,20180191445
60,2018019,1625,2018,19,16,25,NA,NA,T,NA,NA,NA,NA,20180191625
61,2018019,1920,2018,19,19,20,NA,NA,A,NA,NA,NA,NA,20180191920
62,2018019,1925,2018,19,19,25,NA,NA,A,NA,NA,NA,NA,20180191925
63,2018020,1530,2018,20,15,30,6.262499999,-75.58018662,T,0.16175,0.11125,0.0255,0,20180201530
64,2018020,1825,2018,20,18,25,NA,NA,A,NA,NA,NA,NA,20180201825
65,2018020,1830,2018,20,18,30,NA,NA,A,NA,NA,NA,NA,20180201830
66,2018021,1435,2018,21,14,35,NA,NA,T,NA,NA,NA,NA,20180211435
67,2018021,1610,2018,21,16,10,6.262499999,-75.57180326,T,0.0915,0.0625,0.0098,0,20180211610
68,2018021,1730,2018,21,17,30,NA,NA,A,NA,NA,NA,NA,20180211730
69,2018021,1910,2018,21,19,10,NA,NA,A,NA,NA,NA,NA,20180211910
70,2018022,1515,2018,22,15,15,NA,NA,T,NA,NA,NA,NA,20180221515
71,2018022,1815,2018,22,18,15,NA,NA,A,NA,NA,NA,NA,20180221815
72,2018023,1600,2018,23,16,0,NA,NA,T,NA,NA,NA,NA,20180231600
73,2018023,1855,2018,23,18,55,NA,NA,A,NA,NA,NA,NA,20180231855
74,2018023,1900,2018,23,19,0,NA,NA,A,NA,NA,NA,NA,20180231900
75,2018024,1505,2018,24,15,5,NA,NA,T,NA,NA,NA,NA,20180241505
76,2018024,1640,2018,24,16,40,NA,NA,T,NA,NA,NA,NA,20180241640
77,2018024,1800,2018,24,18,0,NA,NA,A,NA,NA,NA,NA,20180241800
78,2018024,1805,2018,24,18,5,NA,NA,A,NA,NA,NA,NA,20180241805
79,2018025,1550,2018,25,15,50,NA,NA,T,NA,NA,NA,NA,20180251550
80,2018025,1845,2018,25,18,45,NA,NA,A,NA,NA,NA,NA,20180251845
81,2018026,1450,2018,26,14,50,NA,NA,T,NA,NA,NA,NA,20180261450
82,2018026,1630,2018,26,16,30,NA,NA,T,NA,NA,NA,NA,20180261630
83,2018026,1750,2018,26,17,50,NA,NA,A,NA,NA,NA,NA,20180261750
84,2018026,1925,2018,26,19,25,NA,NA,A,NA,NA,NA,NA,20180261925
85,2018026,1930,2018,26,19,30,NA,NA,A,NA,NA,NA,NA,20180261930
86,2018027,1535,2018,27,15,35,NA,NA,T,NA,NA,NA,NA,20180271535
87,2018027,1830,2018,27,18,30,NA,NA,A,NA,NA,NA,NA,20180271830
88,2018027,1835,2018,27,18,35,NA,NA,A,NA,NA,NA,NA,20180271835
89,2018028,1440,2018,28,14,40,NA,NA,T,NA,NA,NA,NA,20180281440
90,2018028,1620,2018,28,16,20,NA,NA,T,NA,NA,NA,NA,20180281620
91,2018028,1735,2018,28,17,35,NA,NA,A,NA,NA,NA,NA,20180281735
92,2018028,1915,2018,28,19,15,NA,NA,A,NA,NA,NA,NA,20180281915
93,2018028,1920,2018,28,19,20,NA,NA,A,NA,NA,NA,NA,20180281920
94,2018029,1525,2018,29,15,25,NA,NA,T,NA,NA,NA,NA,20180291525
95,2018029,1820,2018,29,18,20,NA,NA,A,NA,NA,NA,NA,20180291820
96,2018029,1825,2018,29,18,25,NA,NA,A,NA,NA,NA,NA,20180291825
97,2018030,1430,2018,30,14,30,NA,NA,T,NA,NA,NA,NA,20180301430
98,2018030,1605,2018,30,16,5,NA,NA,T,NA,NA,NA,NA,20180301605
99,2018030,1905,2018,30,19,5,NA,NA,A,NA,NA,NA,NA,20180301905
100,2018031,1510,2018,31,15,10,NA,NA,T,NA,NA,NA,NA,20180311510
101,2018031,1805,2018,31,18,5,NA,NA,A,NA,NA,NA,NA,20180311805
102,2018031,1810,2018,31,18,10,NA,NA,A,NA,NA,NA,NA,20180311810
103,2018032,1555,2018,32,15,55,NA,NA,T,NA,NA,NA,NA,20180321555
104,2018032,1850,2018,32,18,50,NA,NA,A,NA,NA,NA,NA,20180321850
105,2018032,1855,2018,32,18,55,NA,NA,A,NA,NA,NA,NA,20180321855
106,2018033,1500,2018,33,15,0,NA,NA,T,NA,NA,NA,NA,20180331500
107,2018033,1635,2018,33,16,35,NA,NA,T,NA,NA,NA,NA,20180331635
108,2018033,1755,2018,33,17,55,NA,NA,A,NA,NA,NA,NA,20180331755
109,2018033,1935,2018,33,19,35,NA,NA,A,NA,NA,NA,NA,20180331935
110,2018034,1540,2018,34,15,40,NA,NA,T,NA,NA,NA,NA,20180341540
111,2018034,1840,2018,34,18,40,NA,NA,A,NA,NA,NA,NA,20180341840
112,2018035,1445,2018,35,14,45,NA,NA,T,NA,NA,NA,NA,20180351445
113,2018035,1625,2018,35,16,25,NA,NA,T,NA,NA,NA,NA,20180351625
114,2018035,1920,2018,35,19,20,NA,NA,A,NA,NA,NA,NA,20180351920
115,2018035,1925,2018,35,19,25,NA,NA,A,NA,NA,NA,NA,20180351925
116,2018036,1530,2018,36,15,30,NA,NA,T,NA,NA,NA,NA,20180361530
117,2018036,1825,2018,36,18,25,NA,NA,A,NA,NA,NA,NA,20180361825
118,2018036,1830,2018,36,18,30,NA,NA,A,NA,NA,NA,NA,20180361830
119,2018037,1435,2018,37,14,35,NA,NA,T,NA,NA,NA,NA,20180371435
120,2018037,1610,2018,37,16,10,6.262499999,-75.58018662,T,0.16,0.11025,0.0097,0,20180371610
121,2018037,1730,2018,37,17,30,NA,NA,A,NA,NA,NA,NA,20180371730
122,2018037,1910,2018,37,19,10,NA,NA,A,NA,NA,NA,NA,20180371910
123,2018038,1515,2018,38,15,15,6.262499999,-75.58018662,T,0.09875,0.0675,0.0269,0,20180381515
124,2018038,1815,2018,38,18,15,6.262499999,-75.58018662,A,0.27225,0.1885,0.0236,0,20180381815
125,2018039,1600,2018,39,16,0,NA,NA,T,NA,NA,NA,NA,20180391600
126,2018039,1855,2018,39,18,55,NA,NA,A,NA,NA,NA,NA,20180391855
127,2018039,1900,2018,39,19,0,6.262499999,-75.58018662,A,0.3155,0.2205,0.0257,0,20180391900
128,2018040,1505,2018,40,15,5,NA,NA,T,NA,NA,NA,NA,20180401505
129,2018040,1640,2018,40,16,40,NA,NA,T,NA,NA,NA,NA,20180401640
130,2018040,1800,2018,40,18,0,NA,NA,A,NA,NA,NA,NA,20180401800
131,2018040,1805,2018,40,18,5,NA,NA,A,NA,NA,NA,NA,20180401805
132,2018041,1550,2018,41,15,50,NA,NA,T,NA,NA,NA,NA,20180411550
133,2018041,1845,2018,41,18,45,NA,NA,A,NA,NA,NA,NA,20180411845
134,2018042,1450,2018,42,14,50,NA,NA,T,NA,NA,NA,NA,20180421450
135,2018042,1630,2018,42,16,30,NA,NA,T,NA,NA,NA,NA,20180421630
136,2018042,1750,2018,42,17,50,NA,NA,A,NA,NA,NA,NA,20180421750
137,2018042,1930,2018,42,19,30,NA,NA,A,NA,NA,NA,NA,20180421930
138,2018043,1535,2018,43,15,35,NA,NA,T,NA,NA,NA,NA,20180431535
139,2018043,1830,2018,43,18,30,NA,NA,A,NA,NA,NA,NA,20180431830
140,2018043,1835,2018,43,18,35,NA,NA,A,NA,NA,NA,NA,20180431835
141,2018044,1440,2018,44,14,40,NA,NA,T,NA,NA,NA,NA,20180441440
142,2018044,1620,2018,44,16,20,NA,NA,T,NA,NA,NA,NA,20180441620
143,2018044,1735,2018,44,17,35,NA,NA,A,NA,NA,NA,NA,20180441735
144,2018044,1915,2018,44,19,15,NA,NA,A,NA,NA,NA,NA,20180441915
145,2018044,1920,2018,44,19,20,NA,NA,A,NA,NA,NA,NA,20180441920
146,2018045,1525,2018,45,15,25,NA,NA,T,NA,NA,NA,NA,20180451525
147,2018045,1820,2018,45,18,20,NA,NA,A,NA,NA,NA,NA,20180451820
148,2018045,1825,2018,45,18,25,NA,NA,A,NA,NA,NA,NA,20180451825
149,2018046,1430,2018,46,14,30,NA,NA,T,NA,NA,NA,NA,20180461430
150,2018046,1605,2018,46,16,5,NA,NA,T,NA,NA,NA,NA,20180461605
151,2018046,1905,2018,46,19,5,NA,NA,A,NA,NA,NA,NA,20180461905
152,2018047,1510,2018,47,15,10,NA,NA,T,NA,NA,NA,NA,20180471510
153,2018047,1805,2018,47,18,5,NA,NA,A,NA,NA,NA,NA,20180471805
154,2018047,1810,2018,47,18,10,NA,NA,A,NA,NA,NA,NA,20180471810
155,2018048,1555,2018,48,15,55,6.262499999,-75.58018662,T,0.5045,0.3555,0.0216,0,20180481555
156,2018048,1850,2018,48,18,50,NA,NA,A,NA,NA,NA,NA,20180481850
157,2018048,1855,2018,48,18,55,NA,NA,A,NA,NA,NA,NA,20180481855
158,2018049,1500,2018,49,15,0,NA,NA,T,NA,NA,NA,NA,20180491500
159,2018049,1635,2018,49,16,35,NA,NA,T,NA,NA,NA,NA,20180491635
160,2018049,1755,2018,49,17,55,NA,NA,A,NA,NA,NA,NA,20180491755
161,2018049,1935,2018,49,19,35,NA,NA,A,NA,NA,NA,NA,20180491935
162,2018050,1540,2018,50,15,40,NA,NA,T,NA,NA,NA,NA,20180501540
163,2018050,1840,2018,50,18,40,NA,NA,A,NA,NA,NA,NA,20180501840
164,2018051,1445,2018,51,14,45,NA,NA,T,NA,NA,NA,NA,20180511445
165,2018051,1625,2018,51,16,25,NA,NA,T,NA,NA,NA,NA,20180511625
166,2018051,1745,2018,51,17,45,NA,NA,A,NA,NA,NA,NA,20180511745
167,2018051,1920,2018,51,19,20,NA,NA,A,NA,NA,NA,NA,20180511920
168,2018051,1925,2018,51,19,25,NA,NA,A,NA,NA,NA,NA,20180511925
169,2018052,1530,2018,52,15,30,NA,NA,T,NA,NA,NA,NA,20180521530
170,2018052,1825,2018,52,18,25,NA,NA,A,NA,NA,NA,NA,20180521825
171,2018052,1830,2018,52,18,30,NA,NA,A,NA,NA,NA,NA,20180521830
172,2018053,1435,2018,53,14,35,NA,NA,T,NA,NA,NA,NA,20180531435
173,2018053,1730,2018,53,17,30,NA,NA,A,NA,NA,NA,NA,20180531730
174,2018053,1910,2018,53,19,10,NA,NA,A,NA,NA,NA,NA,20180531910
175,2018054,1515,2018,54,15,15,NA,NA,T,NA,NA,NA,NA,20180541515
176,2018054,1815,2018,54,18,15,NA,NA,A,NA,NA,NA,NA,20180541815
177,2018055,1600,2018,55,16,0,NA,NA,T,NA,NA,NA,NA,20180551600
178,2018055,1855,2018,55,18,55,NA,NA,A,NA,NA,NA,NA,20180551855
179,2018055,1900,2018,55,19,0,NA,NA,A,NA,NA,NA,NA,20180551900
180,2018056,1505,2018,56,15,5,NA,NA,T,NA,NA,NA,NA,20180561505
181,2018056,1640,2018,56,16,40,NA,NA,T,NA,NA,NA,NA,20180561640
182,2018056,1800,2018,56,18,0,NA,NA,A,NA,NA,NA,NA,20180561800
183,2018056,1805,2018,56,18,5,NA,NA,A,NA,NA,NA,NA,20180561805
184,2018057,1550,2018,57,15,50,6.262499999,-75.58018662,T,0.2435,0.16875,0.0283,0,20180571550
185,2018057,1845,2018,57,18,45,NA,NA,A,NA,NA,NA,NA,20180571845
186,2018058,1450,2018,58,14,50,NA,NA,T,NA,NA,NA,NA,20180581450
187,2018058,1630,2018,58,16,30,NA,NA,T,NA,NA,NA,NA,20180581630
188,2018058,1750,2018,58,17,50,NA,NA,A,NA,NA,NA,NA,20180581750
189,2018058,1930,2018,58,19,30,NA,NA,A,NA,NA,NA,NA,20180581930
190,2018059,1535,2018,59,15,35,NA,NA,T,NA,NA,NA,NA,20180591535
191,2018059,1830,2018,59,18,30,NA,NA,A,NA,NA,NA,NA,20180591830
192,2018059,1835,2018,59,18,35,NA,NA,A,NA,NA,NA,NA,20180591835
193,2018060,1440,2018,60,14,40,NA,NA,T,NA,NA,NA,NA,20180601440
194,2018060,1620,2018,60,16,20,6.262499999,-75.58018662,T,0.232,0.16067,0.0092,0,20180601620
195,2018060,1735,2018,60,17,35,NA,NA,A,NA,NA,NA,NA,20180601735
196,2018060,1915,2018,60,19,15,NA,NA,A,NA,NA,NA,NA,20180601915
197,2018060,1920,2018,60,19,20,NA,NA,A,NA,NA,NA,NA,20180601920
198,2018061,1525,2018,61,15,25,NA,NA,T,NA,NA,NA,NA,20180611525
199,2018061,1820,2018,61,18,20,NA,NA,A,NA,NA,NA,NA,20180611820
200,2018061,1825,2018,61,18,25,NA,NA,A,NA,NA,NA,NA,20180611825
201,2018062,1430,2018,62,14,30,NA,NA,T,NA,NA,NA,NA,20180621430
202,2018062,1605,2018,62,16,5,NA,NA,T,NA,NA,NA,NA,20180621605
203,2018062,1905,2018,62,19,5,NA,NA,A,NA,NA,NA,NA,20180621905
204,2018063,1510,2018,63,15,10,NA,NA,T,NA,NA,NA,NA,20180631510
205,2018063,1805,2018,63,18,5,NA,NA,A,NA,NA,NA,NA,20180631805
206,2018063,1810,2018,63,18,10,NA,NA,A,NA,NA,NA,NA,20180631810
207,2018064,1555,2018,64,15,55,NA,NA,T,NA,NA,NA,NA,20180641555
208,2018064,1850,2018,64,18,50,NA,NA,A,NA,NA,NA,NA,20180641850
209,2018064,1855,2018,64,18,55,NA,NA,A,NA,NA,NA,NA,20180641855
210,2018065,1500,2018,65,15,0,NA,NA,T,NA,NA,NA,NA,20180651500
211,2018065,1635,2018,65,16,35,NA,NA,T,NA,NA,NA,NA,20180651635
212,2018065,1755,2018,65,17,55,NA,NA,A,NA,NA,NA,NA,20180651755
213,2018065,1935,2018,65,19,35,NA,NA,A,NA,NA,NA,NA,20180651935
214,2018066,1540,2018,66,15,40,NA,NA,T,NA,NA,NA,NA,20180661540
215,2018066,1840,2018,66,18,40,NA,NA,A,NA,NA,NA,NA,20180661840
216,2018067,1445,2018,67,14,45,NA,NA,T,NA,NA,NA,NA,20180671445
217,2018067,1625,2018,67,16,25,NA,NA,T,NA,NA,NA,NA,20180671625
218,2018067,1745,2018,67,17,45,NA,NA,A,NA,NA,NA,NA,20180671745
219,2018067,1920,2018,67,19,20,NA,NA,A,NA,NA,NA,NA,20180671920
220,2018067,1925,2018,67,19,25,NA,NA,A,NA,NA,NA,NA,20180671925
221,2018068,1530,2018,68,15,30,NA,NA,T,NA,NA,NA,NA,20180681530
222,2018068,1825,2018,68,18,25,NA,NA,A,NA,NA,NA,NA,20180681825
223,2018068,1830,2018,68,18,30,NA,NA,A,NA,NA,NA,NA,20180681830
224,2018069,1435,2018,69,14,35,NA,NA,T,NA,NA,NA,NA,20180691435
225,2018069,1610,2018,69,16,10,NA,NA,T,NA,NA,NA,NA,20180691610
226,2018069,1730,2018,69,17,30,NA,NA,A,NA,NA,NA,NA,20180691730
227,2018069,1910,2018,69,19,10,6.262499999,-75.58018662,A,0.0775,0.05275,0.0227,0,20180691910
228,2018070,1515,2018,70,15,15,NA,NA,T,NA,NA,NA,NA,20180701515
229,2018070,1815,2018,70,18,15,6.262499999,-75.58018662,A,0.1315,0.09025,0.0259,0,20180701815
230,2018071,1600,2018,71,16,0,NA,NA,T,NA,NA,NA,NA,20180711600
231,2018071,1855,2018,71,18,55,NA,NA,A,NA,NA,NA,NA,20180711855
232,2018071,1900,2018,71,19,0,NA,NA,A,NA,NA,NA,NA,20180711900
233,2018072,1505,2018,72,15,5,NA,NA,T,NA,NA,NA,NA,20180721505
234,2018072,1640,2018,72,16,40,NA,NA,T,NA,NA,NA,NA,20180721640
235,2018072,1800,2018,72,18,0,NA,NA,A,NA,NA,NA,NA,20180721800
236,2018072,1805,2018,72,18,5,NA,NA,A,NA,NA,NA,NA,20180721805
237,2018073,1550,2018,73,15,50,NA,NA,T,NA,NA,NA,NA,20180731550
238,2018073,1845,2018,73,18,45,6.254166666,-75.57059789,A,0.202,0.14,0.0465,0,20180731845
239,2018074,1450,2018,74,14,50,NA,NA,T,NA,NA,NA,NA,20180741450
240,2018074,1630,2018,74,16,30,NA,NA,T,NA,NA,NA,NA,20180741630
241,2018074,1750,2018,74,17,50,NA,NA,A,NA,NA,NA,NA,20180741750
242,2018074,1930,2018,74,19,30,NA,NA,A,NA,NA,NA,NA,20180741930
243,2018075,1535,2018,75,15,35,NA,NA,T,NA,NA,NA,NA,20180751535
244,2018075,1830,2018,75,18,30,NA,NA,A,NA,NA,NA,NA,20180751830
245,2018075,1835,2018,75,18,35,NA,NA,A,NA,NA,NA,NA,20180751835
246,2018076,1440,2018,76,14,40,NA,NA,T,NA,NA,NA,NA,20180761440
247,2018076,1620,2018,76,16,20,NA,NA,T,NA,NA,NA,NA,20180761620
248,2018076,1735,2018,76,17,35,NA,NA,A,NA,NA,NA,NA,20180761735
249,2018076,1915,2018,76,19,15,NA,NA,A,NA,NA,NA,NA,20180761915
250,2018076,1920,2018,76,19,20,NA,NA,A,NA,NA,NA,NA,20180761920
251,2018077,1525,2018,77,15,25,NA,NA,T,NA,NA,NA,NA,20180771525
252,2018077,1820,2018,77,18,20,NA,NA,A,NA,NA,NA,NA,20180771820
253,2018077,1825,2018,77,18,25,NA,NA,A,NA,NA,NA,NA,20180771825
254,2018078,1430,2018,78,14,30,NA,NA,T,NA,NA,NA,NA,20180781430
255,2018078,1605,2018,78,16,5,NA,NA,T,NA,NA,NA,NA,20180781605
256,2018078,1905,2018,78,19,5,NA,NA,A,NA,NA,NA,NA,20180781905
257,2018079,1510,2018,79,15,10,NA,NA,T,NA,NA,NA,NA,20180791510
258,2018079,1810,2018,79,18,10,NA,NA,A,NA,NA,NA,NA,20180791810
259,2018080,1555,2018,80,15,55,NA,NA,T,NA,NA,NA,NA,20180801555
260,2018080,1850,2018,80,18,50,NA,NA,A,NA,NA,NA,NA,20180801850
261,2018080,1855,2018,80,18,55,NA,NA,A,NA,NA,NA,NA,20180801855
262,2018081,1500,2018,81,15,0,NA,NA,T,NA,NA,NA,NA,20180811500
263,2018081,1635,2018,81,16,35,NA,NA,T,NA,NA,NA,NA,20180811635
264,2018081,1755,2018,81,17,55,NA,NA,A,NA,NA,NA,NA,20180811755
265,2018081,1935,2018,81,19,35,NA,NA,A,NA,NA,NA,NA,20180811935
266,2018082,1540,2018,82,15,40,NA,NA,T,NA,NA,NA,NA,20180821540
267,2018082,1840,2018,82,18,40,NA,NA,A,NA,NA,NA,NA,20180821840
268,2018083,1445,2018,83,14,45,NA,NA,T,NA,NA,NA,NA,20180831445
269,2018083,1625,2018,83,16,25,NA,NA,T,NA,NA,NA,NA,20180831625
270,2018083,1745,2018,83,17,45,NA,NA,A,NA,NA,NA,NA,20180831745
271,2018083,1920,2018,83,19,20,NA,NA,A,NA,NA,NA,NA,20180831920
272,2018083,1925,2018,83,19,25,NA,NA,A,NA,NA,NA,NA,20180831925
273,2018084,1530,2018,84,15,30,NA,NA,T,NA,NA,NA,NA,20180841530
274,2018084,1825,2018,84,18,25,NA,NA,A,NA,NA,NA,NA,20180841825
275,2018084,1830,2018,84,18,30,NA,NA,A,NA,NA,NA,NA,20180841830
276,2018085,1435,2018,85,14,35,NA,NA,T,NA,NA,NA,NA,20180851435
277,2018085,1610,2018,85,16,10,NA,NA,T,NA,NA,NA,NA,20180851610
278,2018085,1730,2018,85,17,30,NA,NA,A,NA,NA,NA,NA,20180851730
279,2018085,1910,2018,85,19,10,NA,NA,A,NA,NA,NA,NA,20180851910
280,2018086,1515,2018,86,15,15,NA,NA,T,NA,NA,NA,NA,20180861515
281,2018086,1815,2018,86,18,15,NA,NA,A,NA,NA,NA,NA,20180861815
282,2018087,1600,2018,87,16,0,NA,NA,T,NA,NA,NA,NA,20180871600
283,2018087,1855,2018,87,18,55,NA,NA,A,NA,NA,NA,NA,20180871855
284,2018087,1900,2018,87,19,0,NA,NA,A,NA,NA,NA,NA,20180871900
285,2018088,1505,2018,88,15,5,NA,NA,T,NA,NA,NA,NA,20180881505
286,2018088,1640,2018,88,16,40,NA,NA,T,NA,NA,NA,NA,20180881640
287,2018088,1800,2018,88,18,0,NA,NA,A,NA,NA,NA,NA,20180881800
288,2018088,1805,2018,88,18,5,NA,NA,A,NA,NA,NA,NA,20180881805
289,2018089,1550,2018,89,15,50,NA,NA,T,NA,NA,NA,NA,20180891550
290,2018089,1845,2018,89,18,45,NA,NA,A,NA,NA,NA,NA,20180891845
291,2018090,1455,2018,90,14,55,NA,NA,T,NA,NA,NA,NA,20180901455
292,2018090,1630,2018,90,16,30,NA,NA,T,NA,NA,NA,NA,20180901630
293,2018090,1750,2018,90,17,50,NA,NA,A,NA,NA,NA,NA,20180901750
294,2018090,1930,2018,90,19,30,NA,NA,A,NA,NA,NA,NA,20180901930
295,2018091,1535,2018,91,15,35,NA,NA,T,NA,NA,NA,NA,20180911535
296,2018091,1830,2018,91,18,30,NA,NA,A,NA,NA,NA,NA,20180911830
297,2018091,1835,2018,91,18,35,NA,NA,A,NA,NA,NA,NA,20180911835
298,2018092,1440,2018,92,14,40,NA,NA,T,NA,NA,NA,NA,20180921440
299,2018092,1620,2018,92,16,20,NA,NA,T,NA,NA,NA,NA,20180921620
300,2018092,1735,2018,92,17,35,NA,NA,A,NA,NA,NA,NA,20180921735
301,2018092,1915,2018,92,19,15,NA,NA,A,NA,NA,NA,NA,20180921915
302,2018092,1920,2018,92,19,20,NA,NA,A,NA,NA,NA,NA,20180921920
303,2018093,1525,2018,93,15,25,NA,NA,T,NA,NA,NA,NA,20180931525
304,2018093,1820,2018,93,18,20,NA,NA,A,NA,NA,NA,NA,20180931820
305,2018093,1825,2018,93,18,25,NA,NA,A,NA,NA,NA,NA,20180931825
306,2018094,1430,2018,94,14,30,NA,NA,T,NA,NA,NA,NA,20180941430
307,2018094,1605,2018,94,16,5,NA,NA,T,NA,NA,NA,NA,20180941605
308,2018094,1905,2018,94,19,5,NA,NA,A,NA,NA,NA,NA,20180941905
309,2018095,1510,2018,95,15,10,6.262499999,-75.58018662,T,0.287,0.199,0.0267,0,20180951510
310,2018095,1810,2018,95,18,10,NA,NA,A,NA,NA,NA,NA,20180951810
311,2018096,1555,2018,96,15,55,NA,NA,T,NA,NA,NA,NA,20180961555
312,2018096,1850,2018,96,18,50,NA,NA,A,NA,NA,NA,NA,20180961850
313,2018096,1855,2018,96,18,55,NA,NA,A,NA,NA,NA,NA,20180961855
314,2018097,1500,2018,97,15,0,NA,NA,T,NA,NA,NA,NA,20180971500
315,2018097,1635,2018,97,16,35,NA,NA,T,NA,NA,NA,NA,20180971635
316,2018097,1755,2018,97,17,55,NA,NA,A,NA,NA,NA,NA,20180971755
317,2018097,1935,2018,97,19,35,NA,NA,A,NA,NA,NA,NA,20180971935
318,2018098,1540,2018,98,15,40,NA,NA,T,NA,NA,NA,NA,20180981540
319,2018098,1840,2018,98,18,40,NA,NA,A,NA,NA,NA,NA,20180981840
320,2018099,1445,2018,99,14,45,NA,NA,T,NA,NA,NA,NA,20180991445
321,2018099,1625,2018,99,16,25,NA,NA,T,NA,NA,NA,NA,20180991625
322,2018099,1745,2018,99,17,45,NA,NA,A,NA,NA,NA,NA,20180991745
323,2018099,1920,2018,99,19,20,NA,NA,A,NA,NA,NA,NA,20180991920
324,2018099,1925,2018,99,19,25,NA,NA,A,NA,NA,NA,NA,20180991925
325,2018100,1530,2018,100,15,30,NA,NA,T,NA,NA,NA,NA,20181001530
326,2018100,1825,2018,100,18,25,NA,NA,A,NA,NA,NA,NA,20181001825
327,2018100,1830,2018,100,18,30,NA,NA,A,NA,NA,NA,NA,20181001830
328,2018101,1435,2018,101,14,35,NA,NA,T,NA,NA,NA,NA,20181011435
329,2018101,1615,2018,101,16,15,NA,NA,T,NA,NA,NA,NA,20181011615
330,2018101,1730,2018,101,17,30,NA,NA,A,NA,NA,NA,NA,20181011730
331,2018101,1910,2018,101,19,10,NA,NA,A,NA,NA,NA,NA,20181011910
332,2018102,1520,2018,102,15,20,NA,NA,T,NA,NA,NA,NA,20181021520
333,2018102,1815,2018,102,18,15,NA,NA,A,NA,NA,NA,NA,20181021815
334,2018103,1600,2018,103,16,0,NA,NA,T,NA,NA,NA,NA,20181031600
335,2018103,1855,2018,103,18,55,NA,NA,A,NA,NA,NA,NA,20181031855
336,2018103,1900,2018,103,19,0,NA,NA,A,NA,NA,NA,NA,20181031900
337,2018104,1505,2018,104,15,5,NA,NA,T,NA,NA,NA,NA,20181041505
338,2018104,1640,2018,104,16,40,NA,NA,T,NA,NA,NA,NA,20181041640
339,2018104,1800,2018,104,18,0,NA,NA,A,NA,NA,NA,NA,20181041800
340,2018104,1805,2018,104,18,5,NA,NA,A,NA,NA,NA,NA,20181041805
341,2018105,1550,2018,105,15,50,NA,NA,T,NA,NA,NA,NA,20181051550
342,2018105,1845,2018,105,18,45,NA,NA,A,NA,NA,NA,NA,20181051845
343,2018106,1455,2018,106,14,55,NA,NA,T,NA,NA,NA,NA,20181061455
344,2018106,1630,2018,106,16,30,NA,NA,T,NA,NA,NA,NA,20181061630
345,2018106,1750,2018,106,17,50,NA,NA,A,NA,NA,NA,NA,20181061750
346,2018106,1930,2018,106,19,30,NA,NA,A,NA,NA,NA,NA,20181061930
347,2018107,1535,2018,107,15,35,NA,NA,T,NA,NA,NA,NA,20181071535
348,2018107,1830,2018,107,18,30,NA,NA,A,NA,NA,NA,NA,20181071830
349,2018107,1835,2018,107,18,35,NA,NA,A,NA,NA,NA,NA,20181071835
350,2018108,1440,2018,108,14,40,NA,NA,T,NA,NA,NA,NA,20181081440
351,2018108,1620,2018,108,16,20,NA,NA,T,NA,NA,NA,NA,20181081620
352,2018108,1735,2018,108,17,35,NA,NA,A,NA,NA,NA,NA,20181081735
353,2018108,1915,2018,108,19,15,NA,NA,A,NA,NA,NA,NA,20181081915
354,2018108,1920,2018,108,19,20,NA,NA,A,NA,NA,NA,NA,20181081920
355,2018109,1525,2018,109,15,25,NA,NA,T,NA,NA,NA,NA,20181091525
356,2018109,1820,2018,109,18,20,NA,NA,A,NA,NA,NA,NA,20181091820
357,2018109,1825,2018,109,18,25,NA,NA,A,NA,NA,NA,NA,20181091825
358,2018110,1430,2018,110,14,30,NA,NA,T,NA,NA,NA,NA,20181101430
359,2018110,1605,2018,110,16,5,NA,NA,T,NA,NA,NA,NA,20181101605
360,2018110,1905,2018,110,19,5,NA,NA,A,NA,NA,NA,NA,20181101905
361,2018111,1510,2018,111,15,10,NA,NA,T,NA,NA,NA,NA,20181111510
362,2018111,1810,2018,111,18,10,NA,NA,A,NA,NA,NA,NA,20181111810
363,2018112,1555,2018,112,15,55,NA,NA,T,NA,NA,NA,NA,20181121555
364,2018112,1850,2018,112,18,50,NA,NA,A,NA,NA,NA,NA,20181121850
365,2018112,1855,2018,112,18,55,NA,NA,A,NA,NA,NA,NA,20181121855
366,2018113,1500,2018,113,15,0,6.262499999,-75.58018662,T,0.0825,0.05625,0.0205,0,20181131500
367,2018113,1635,2018,113,16,35,NA,NA,T,NA,NA,NA,NA,20181131635
368,2018113,1755,2018,113,17,55,NA,NA,A,NA,NA,NA,NA,20181131755
369,2018113,1935,2018,113,19,35,NA,NA,A,NA,NA,NA,NA,20181131935
370,2018114,1540,2018,114,15,40,NA,NA,T,NA,NA,NA,NA,20181141540
371,2018114,1840,2018,114,18,40,NA,NA,A,NA,NA,NA,NA,20181141840
372,2018115,1445,2018,115,14,45,NA,NA,T,NA,NA,NA,NA,20181151445
373,2018115,1625,2018,115,16,25,NA,NA,T,NA,NA,NA,NA,20181151625
374,2018115,1745,2018,115,17,45,NA,NA,A,NA,NA,NA,NA,20181151745
375,2018115,1920,2018,115,19,20,NA,NA,A,NA,NA,NA,NA,20181151920
376,2018115,1925,2018,115,19,25,NA,NA,A,NA,NA,NA,NA,20181151925
377,2018116,1530,2018,116,15,30,NA,NA,T,NA,NA,NA,NA,20181161530
378,2018116,1825,2018,116,18,25,NA,NA,A,NA,NA,NA,NA,20181161825
379,2018116,1830,2018,116,18,30,NA,NA,A,NA,NA,NA,NA,20181161830
380,2018117,1435,2018,117,14,35,NA,NA,T,NA,NA,NA,NA,20181171435
381,2018117,1615,2018,117,16,15,NA,NA,T,NA,NA,NA,NA,20181171615
382,2018117,1730,2018,117,17,30,NA,NA,A,NA,NA,NA,NA,20181171730
383,2018117,1910,2018,117,19,10,NA,NA,A,NA,NA,NA,NA,20181171910
384,2018118,1520,2018,118,15,20,NA,NA,T,NA,NA,NA,NA,20181181520
385,2018118,1815,2018,118,18,15,NA,NA,A,NA,NA,NA,NA,20181181815
386,2018119,1600,2018,119,16,0,NA,NA,T,NA,NA,NA,NA,20181191600
387,2018119,1855,2018,119,18,55,NA,NA,A,NA,NA,NA,NA,20181191855
388,2018119,1900,2018,119,19,0,NA,NA,A,NA,NA,NA,NA,20181191900
389,2018120,1505,2018,120,15,5,NA,NA,T,NA,NA,NA,NA,20181201505
390,2018120,1640,2018,120,16,40,NA,NA,T,NA,NA,NA,NA,20181201640
391,2018120,1800,2018,120,18,0,NA,NA,A,NA,NA,NA,NA,20181201800
392,2018120,1805,2018,120,18,5,NA,NA,A,NA,NA,NA,NA,20181201805
393,2018121,1550,2018,121,15,50,NA,NA,T,NA,NA,NA,NA,20181211550
394,2018121,1845,2018,121,18,45,NA,NA,A,NA,NA,NA,NA,20181211845
395,2018122,1455,2018,122,14,55,6.254166666,-75.57059789,T,0.052,0.035,0.0104,0,20181221455
396,2018122,1630,2018,122,16,30,NA,NA,T,NA,NA,NA,NA,20181221630
397,2018122,1750,2018,122,17,50,NA,NA,A,NA,NA,NA,NA,20181221750
398,2018122,1930,2018,122,19,30,NA,NA,A,NA,NA,NA,NA,20181221930
399,2018123,1535,2018,123,15,35,NA,NA,T,NA,NA,NA,NA,20181231535
400,2018123,1830,2018,123,18,30,NA,NA,A,NA,NA,NA,NA,20181231830
401,2018123,1835,2018,123,18,35,NA,NA,A,NA,NA,NA,NA,20181231835
402,2018124,1440,2018,124,14,40,NA,NA,T,NA,NA,NA,NA,20181241440
403,2018124,1620,2018,124,16,20,NA,NA,T,NA,NA,NA,NA,20181241620
404,2018124,1735,2018,124,17,35,NA,NA,A,NA,NA,NA,NA,20181241735
405,2018124,1915,2018,124,19,15,NA,NA,A,NA,NA,NA,NA,20181241915
406,2018124,1920,2018,124,19,20,NA,NA,A,NA,NA,NA,NA,20181241920
407,2018125,1525,2018,125,15,25,NA,NA,T,NA,NA,NA,NA,20181251525
408,2018125,1820,2018,125,18,20,NA,NA,A,NA,NA,NA,NA,20181251820
409,2018125,1825,2018,125,18,25,NA,NA,A,NA,NA,NA,NA,20181251825
410,2018126,1430,2018,126,14,30,NA,NA,T,NA,NA,NA,NA,20181261430
411,2018126,1605,2018,126,16,5,6.262499999,-75.58018662,T,0.452,0.319,0.0165,0,20181261605
412,2018126,1905,2018,126,19,5,NA,NA,A,NA,NA,NA,NA,20181261905
413,2018127,1510,2018,127,15,10,NA,NA,T,NA,NA,NA,NA,20181271510
414,2018127,1805,2018,127,18,5,NA,NA,A,NA,NA,NA,NA,20181271805
415,2018127,1810,2018,127,18,10,NA,NA,A,NA,NA,NA,NA,20181271810
416,2018128,1555,2018,128,15,55,NA,NA,T,NA,NA,NA,NA,20181281555
417,2018128,1850,2018,128,18,50,NA,NA,A,NA,NA,NA,NA,20181281850
418,2018128,1855,2018,128,18,55,NA,NA,A,NA,NA,NA,NA,20181281855
419,2018129,1500,2018,129,15,0,NA,NA,T,NA,NA,NA,NA,20181291500
420,2018129,1635,2018,129,16,35,NA,NA,T,NA,NA,NA,NA,20181291635
421,2018129,1755,2018,129,17,55,NA,NA,A,NA,NA,NA,NA,20181291755
422,2018129,1935,2018,129,19,35,NA,NA,A,NA,NA,NA,NA,20181291935
423,2018130,1540,2018,130,15,40,NA,NA,T,NA,NA,NA,NA,20181301540
424,2018130,1840,2018,130,18,40,NA,NA,A,NA,NA,NA,NA,20181301840
425,2018131,1445,2018,131,14,45,NA,NA,T,NA,NA,NA,NA,20181311445
426,2018131,1625,2018,131,16,25,NA,NA,T,NA,NA,NA,NA,20181311625
427,2018131,1745,2018,131,17,45,NA,NA,A,NA,NA,NA,NA,20181311745
428,2018131,1920,2018,131,19,20,NA,NA,A,NA,NA,NA,NA,20181311920
429,2018131,1925,2018,131,19,25,NA,NA,A,NA,NA,NA,NA,20181311925
430,2018132,1530,2018,132,15,30,NA,NA,T,NA,NA,NA,NA,20181321530
431,2018132,1825,2018,132,18,25,NA,NA,A,NA,NA,NA,NA,20181321825
432,2018132,1830,2018,132,18,30,NA,NA,A,NA,NA,NA,NA,20181321830
433,2018133,1435,2018,133,14,35,NA,NA,T,NA,NA,NA,NA,20181331435
434,2018133,1615,2018,133,16,15,NA,NA,T,NA,NA,NA,NA,20181331615
435,2018133,1730,2018,133,17,30,NA,NA,A,NA,NA,NA,NA,20181331730
436,2018133,1910,2018,133,19,10,NA,NA,A,NA,NA,NA,NA,20181331910
437,2018134,1520,2018,134,15,20,NA,NA,T,NA,NA,NA,NA,20181341520
438,2018134,1815,2018,134,18,15,NA,NA,A,NA,NA,NA,NA,20181341815
439,2018135,1600,2018,135,16,0,NA,NA,T,NA,NA,NA,NA,20181351600
440,2018135,1855,2018,135,18,55,NA,NA,A,NA,NA,NA,NA,20181351855
441,2018135,1900,2018,135,19,0,NA,NA,A,NA,NA,NA,NA,20181351900
442,2018136,1505,2018,136,15,5,NA,NA,T,NA,NA,NA,NA,20181361505
443,2018136,1640,2018,136,16,40,NA,NA,T,NA,NA,NA,NA,20181361640
444,2018136,1800,2018,136,18,0,NA,NA,A,NA,NA,NA,NA,20181361800
445,2018136,1805,2018,136,18,5,NA,NA,A,NA,NA,NA,NA,20181361805
446,2018137,1550,2018,137,15,50,6.262499999,-75.58018662,T,0.17,0.11675,0.0307,0,20181371550
447,2018137,1845,2018,137,18,45,NA,NA,A,NA,NA,NA,NA,20181371845
448,2018138,1455,2018,138,14,55,NA,NA,T,NA,NA,NA,NA,20181381455
449,2018138,1630,2018,138,16,30,NA,NA,T,NA,NA,NA,NA,20181381630
450,2018138,1750,2018,138,17,50,NA,NA,A,NA,NA,NA,NA,20181381750
451,2018138,1930,2018,138,19,30,NA,NA,A,NA,NA,NA,NA,20181381930
452,2018139,1535,2018,139,15,35,NA,NA,T,NA,NA,NA,NA,20181391535
453,2018139,1830,2018,139,18,30,NA,NA,A,NA,NA,NA,NA,20181391830
454,2018139,1835,2018,139,18,35,NA,NA,A,NA,NA,NA,NA,20181391835
455,2018140,1440,2018,140,14,40,NA,NA,T,NA,NA,NA,NA,20181401440
456,2018140,1620,2018,140,16,20,NA,NA,T,NA,NA,NA,NA,20181401620
457,2018140,1735,2018,140,17,35,NA,NA,A,NA,NA,NA,NA,20181401735
458,2018140,1915,2018,140,19,15,NA,NA,A,NA,NA,NA,NA,20181401915
459,2018140,1920,2018,140,19,20,NA,NA,A,NA,NA,NA,NA,20181401920
460,2018141,1525,2018,141,15,25,NA,NA,T,NA,NA,NA,NA,20181411525
461,2018141,1820,2018,141,18,20,NA,NA,A,NA,NA,NA,NA,20181411820
462,2018141,1825,2018,141,18,25,NA,NA,A,NA,NA,NA,NA,20181411825
463,2018142,1430,2018,142,14,30,NA,NA,T,NA,NA,NA,NA,20181421430
464,2018142,1605,2018,142,16,5,NA,NA,T,NA,NA,NA,NA,20181421605
465,2018142,1905,2018,142,19,5,NA,NA,A,NA,NA,NA,NA,20181421905
466,2018143,1510,2018,143,15,10,NA,NA,T,NA,NA,NA,NA,20181431510
467,2018143,1805,2018,143,18,5,NA,NA,A,NA,NA,NA,NA,20181431805
468,2018143,1810,2018,143,18,10,NA,NA,A,NA,NA,NA,NA,20181431810
469,2018144,1555,2018,144,15,55,NA,NA,T,NA,NA,NA,NA,20181441555
470,2018144,1850,2018,144,18,50,NA,NA,A,NA,NA,NA,NA,20181441850
471,2018144,1855,2018,144,18,55,NA,NA,A,NA,NA,NA,NA,20181441855
472,2018145,1500,2018,145,15,0,NA,NA,T,NA,NA,NA,NA,20181451500
473,2018145,1635,2018,145,16,35,NA,NA,T,NA,NA,NA,NA,20181451635
474,2018145,1755,2018,145,17,55,NA,NA,A,NA,NA,NA,NA,20181451755
475,2018145,1935,2018,145,19,35,NA,NA,A,NA,NA,NA,NA,20181451935
476,2018146,1545,2018,146,15,45,NA,NA,T,NA,NA,NA,NA,20181461545
477,2018146,1840,2018,146,18,40,NA,NA,A,NA,NA,NA,NA,20181461840
478,2018147,1445,2018,147,14,45,NA,NA,T,NA,NA,NA,NA,20181471445
479,2018147,1625,2018,147,16,25,NA,NA,T,NA,NA,NA,NA,20181471625
480,2018147,1745,2018,147,17,45,NA,NA,A,NA,NA,NA,NA,20181471745
481,2018147,1920,2018,147,19,20,NA,NA,A,NA,NA,NA,NA,20181471920
482,2018147,1925,2018,147,19,25,NA,NA,A,NA,NA,NA,NA,20181471925
483,2018148,1530,2018,148,15,30,NA,NA,T,NA,NA,NA,NA,20181481530
484,2018148,1825,2018,148,18,25,NA,NA,A,NA,NA,NA,NA,20181481825
485,2018148,1830,2018,148,18,30,NA,NA,A,NA,NA,NA,NA,20181481830
486,2018149,1435,2018,149,14,35,NA,NA,T,NA,NA,NA,NA,20181491435
487,2018149,1615,2018,149,16,15,NA,NA,T,NA,NA,NA,NA,20181491615
488,2018149,1730,2018,149,17,30,NA,NA,A,NA,NA,NA,NA,20181491730
489,2018149,1910,2018,149,19,10,NA,NA,A,NA,NA,NA,NA,20181491910
490,2018150,1520,2018,150,15,20,NA,NA,T,NA,NA,NA,NA,20181501520
491,2018150,1815,2018,150,18,15,NA,NA,A,NA,NA,NA,NA,20181501815
492,2018151,1600,2018,151,16,0,NA,NA,T,NA,NA,NA,NA,20181511600
493,2018151,1855,2018,151,18,55,NA,NA,A,NA,NA,NA,NA,20181511855
494,2018151,1900,2018,151,19,0,NA,NA,A,NA,NA,NA,NA,20181511900
495,2018152,1505,2018,152,15,5,NA,NA,T,NA,NA,NA,NA,20181521505
496,2018152,1640,2018,152,16,40,NA,NA,T,NA,NA,NA,NA,20181521640
497,2018152,1800,2018,152,18,0,NA,NA,A,NA,NA,NA,NA,20181521800
498,2018152,1805,2018,152,18,5,NA,NA,A,NA,NA,NA,NA,20181521805
499,2018153,1550,2018,153,15,50,6.262499999,-75.58018662,T,0.0495,0.034,0.029,0,20181531550
500,2018153,1845,2018,153,18,45,NA,NA,A,NA,NA,NA,NA,20181531845
501,2018154,1455,2018,154,14,55,NA,NA,T,NA,NA,NA,NA,20181541455
502,2018154,1630,2018,154,16,30,NA,NA,T,NA,NA,NA,NA,20181541630
503,2018154,1750,2018,154,17,50,NA,NA,A,NA,NA,NA,NA,20181541750
504,2018154,1930,2018,154,19,30,NA,NA,A,NA,NA,NA,NA,20181541930
505,2018155,1535,2018,155,15,35,NA,NA,T,NA,NA,NA,NA,20181551535
506,2018155,1830,2018,155,18,30,NA,NA,A,NA,NA,NA,NA,20181551830
507,2018155,1835,2018,155,18,35,NA,NA,A,NA,NA,NA,NA,20181551835
508,2018156,1440,2018,156,14,40,NA,NA,T,NA,NA,NA,NA,20181561440
509,2018156,1620,2018,156,16,20,NA,NA,T,NA,NA,NA,NA,20181561620
510,2018156,1735,2018,156,17,35,NA,NA,A,NA,NA,NA,NA,20181561735
511,2018156,1915,2018,156,19,15,NA,NA,A,NA,NA,NA,NA,20181561915
512,2018156,1920,2018,156,19,20,NA,NA,A,NA,NA,NA,NA,20181561920
513,2018157,1525,2018,157,15,25,NA,NA,T,NA,NA,NA,NA,20181571525
514,2018157,1820,2018,157,18,20,NA,NA,A,NA,NA,NA,NA,20181571820
515,2018157,1825,2018,157,18,25,NA,NA,A,NA,NA,NA,NA,20181571825
516,2018158,1430,2018,158,14,30,NA,NA,T,NA,NA,NA,NA,20181581430
517,2018158,1605,2018,158,16,5,NA,NA,T,NA,NA,NA,NA,20181581605
518,2018158,1905,2018,158,19,5,NA,NA,A,NA,NA,NA,NA,20181581905
519,2018159,1510,2018,159,15,10,NA,NA,T,NA,NA,NA,NA,20181591510
520,2018159,1805,2018,159,18,5,NA,NA,A,NA,NA,NA,NA,20181591805
521,2018159,1810,2018,159,18,10,NA,NA,A,NA,NA,NA,NA,20181591810
522,2018160,1555,2018,160,15,55,NA,NA,T,NA,NA,NA,NA,20181601555
523,2018160,1850,2018,160,18,50,NA,NA,A,NA,NA,NA,NA,20181601850
524,2018160,1855,2018,160,18,55,NA,NA,A,NA,NA,NA,NA,20181601855
525,2018161,1500,2018,161,15,0,NA,NA,T,NA,NA,NA,NA,20181611500
526,2018161,1635,2018,161,16,35,NA,NA,T,NA,NA,NA,NA,20181611635
527,2018161,1755,2018,161,17,55,NA,NA,A,NA,NA,NA,NA,20181611755
528,2018161,1935,2018,161,19,35,NA,NA,A,NA,NA,NA,NA,20181611935
529,2018162,1545,2018,162,15,45,NA,NA,T,NA,NA,NA,NA,20181621545
530,2018162,1840,2018,162,18,40,NA,NA,A,NA,NA,NA,NA,20181621840
531,2018163,1450,2018,163,14,50,NA,NA,T,NA,NA,NA,NA,20181631450
532,2018163,1625,2018,163,16,25,NA,NA,T,NA,NA,NA,NA,20181631625
533,2018163,1920,2018,163,19,20,NA,NA,A,NA,NA,NA,NA,20181631920
534,2018163,1925,2018,163,19,25,NA,NA,A,NA,NA,NA,NA,20181631925
535,2018164,1530,2018,164,15,30,NA,NA,T,NA,NA,NA,NA,20181641530
536,2018164,1825,2018,164,18,25,NA,NA,A,NA,NA,NA,NA,20181641825
537,2018164,1830,2018,164,18,30,NA,NA,A,NA,NA,NA,NA,20181641830
538,2018165,1435,2018,165,14,35,NA,NA,T,NA,NA,NA,NA,20181651435
539,2018165,1615,2018,165,16,15,NA,NA,T,NA,NA,NA,NA,20181651615
540,2018165,1730,2018,165,17,30,NA,NA,A,NA,NA,NA,NA,20181651730
541,2018165,1910,2018,165,19,10,NA,NA,A,NA,NA,NA,NA,20181651910
542,2018166,1520,2018,166,15,20,NA,NA,T,NA,NA,NA,NA,20181661520
543,2018166,1815,2018,166,18,15,NA,NA,A,NA,NA,NA,NA,20181661815
544,2018167,1600,2018,167,16,0,NA,NA,T,NA,NA,NA,NA,20181671600
545,2018167,1855,2018,167,18,55,NA,NA,A,NA,NA,NA,NA,20181671855
546,2018167,1900,2018,167,19,0,NA,NA,A,NA,NA,NA,NA,20181671900
547,2018168,1505,2018,168,15,5,NA,NA,T,NA,NA,NA,NA,20181681505
548,2018168,1640,2018,168,16,40,NA,NA,T,NA,NA,NA,NA,20181681640
549,2018168,1800,2018,168,18,0,NA,NA,A,NA,NA,NA,NA,20181681800
550,2018168,1805,2018,168,18,5,NA,NA,A,NA,NA,NA,NA,20181681805
551,2018169,1550,2018,169,15,50,NA,NA,T,NA,NA,NA,NA,20181691550
552,2018169,1845,2018,169,18,45,NA,NA,A,NA,NA,NA,NA,20181691845
553,2018170,1455,2018,170,14,55,NA,NA,T,NA,NA,NA,NA,20181701455
554,2018170,1630,2018,170,16,30,NA,NA,T,NA,NA,NA,NA,20181701630
555,2018170,1750,2018,170,17,50,NA,NA,A,NA,NA,NA,NA,20181701750
556,2018170,1925,2018,170,19,25,NA,NA,A,NA,NA,NA,NA,20181701925
557,2018170,1930,2018,170,19,30,NA,NA,A,NA,NA,NA,NA,20181701930
558,2018171,1535,2018,171,15,35,NA,NA,T,NA,NA,NA,NA,20181711535
559,2018171,1830,2018,171,18,30,NA,NA,A,NA,NA,NA,NA,20181711830
560,2018171,1835,2018,171,18,35,NA,NA,A,NA,NA,NA,NA,20181711835
561,2018172,1440,2018,172,14,40,NA,NA,T,NA,NA,NA,NA,20181721440
562,2018172,1620,2018,172,16,20,NA,NA,T,NA,NA,NA,NA,20181721620
563,2018172,1735,2018,172,17,35,NA,NA,A,NA,NA,NA,NA,20181721735
564,2018172,1915,2018,172,19,15,NA,NA,A,NA,NA,NA,NA,20181721915
565,2018172,1920,2018,172,19,20,NA,NA,A,NA,NA,NA,NA,20181721920
566,2018173,1525,2018,173,15,25,NA,NA,T,NA,NA,NA,NA,20181731525
567,2018173,1820,2018,173,18,20,NA,NA,A,NA,NA,NA,NA,20181731820
568,2018173,1825,2018,173,18,25,NA,NA,A,NA,NA,NA,NA,20181731825
569,2018174,1430,2018,174,14,30,NA,NA,T,NA,NA,NA,NA,20181741430
570,2018174,1605,2018,174,16,5,NA,NA,T,NA,NA,NA,NA,20181741605
571,2018174,1905,2018,174,19,5,NA,NA,A,NA,NA,NA,NA,20181741905
572,2018175,1510,2018,175,15,10,NA,NA,T,NA,NA,NA,NA,20181751510
573,2018175,1805,2018,175,18,5,NA,NA,A,NA,NA,NA,NA,20181751805
574,2018175,1810,2018,175,18,10,NA,NA,A,NA,NA,NA,NA,20181751810
575,2018176,1555,2018,176,15,55,NA,NA,T,NA,NA,NA,NA,20181761555
576,2018176,1850,2018,176,18,50,NA,NA,A,NA,NA,NA,NA,20181761850
577,2018176,1855,2018,176,18,55,NA,NA,A,NA,NA,NA,NA,20181761855
578,2018177,1500,2018,177,15,0,NA,NA,T,NA,NA,NA,NA,20181771500
579,2018177,1635,2018,177,16,35,NA,NA,T,NA,NA,NA,NA,20181771635
580,2018177,1755,2018,177,17,55,NA,NA,A,NA,NA,NA,NA,20181771755
581,2018177,1935,2018,177,19,35,NA,NA,A,NA,NA,NA,NA,20181771935
582,2018178,1545,2018,178,15,45,NA,NA,T,NA,NA,NA,NA,20181781545
583,2018178,1840,2018,178,18,40,NA,NA,A,NA,NA,NA,NA,20181781840
584,2018179,1450,2018,179,14,50,NA,NA,T,NA,NA,NA,NA,20181791450
585,2018179,1625,2018,179,16,25,NA,NA,T,NA,NA,NA,NA,20181791625
586,2018179,1920,2018,179,19,20,NA,NA,A,NA,NA,NA,NA,20181791920
587,2018179,1925,2018,179,19,25,NA,NA,A,NA,NA,NA,NA,20181791925
588,2018180,1530,2018,180,15,30,NA,NA,T,NA,NA,NA,NA,20181801530
589,2018180,1825,2018,180,18,25,NA,NA,A,NA,NA,NA,NA,20181801825
590,2018180,1830,2018,180,18,30,NA,NA,A,NA,NA,NA,NA,20181801830
591,2018181,1435,2018,181,14,35,NA,NA,T,NA,NA,NA,NA,20181811435
592,2018181,1615,2018,181,16,15,NA,NA,T,NA,NA,NA,NA,20181811615
593,2018181,1730,2018,181,17,30,NA,NA,A,NA,NA,NA,NA,20181811730
594,2018181,1910,2018,181,19,10,NA,NA,A,NA,NA,NA,NA,20181811910
595,2018182,1520,2018,182,15,20,NA,NA,T,NA,NA,NA,NA,20181821520
596,2018182,1815,2018,182,18,15,NA,NA,A,NA,NA,NA,NA,20181821815
597,2018183,1600,2018,183,16,0,NA,NA,T,NA,NA,NA,NA,20181831600
598,2018183,1855,2018,183,18,55,NA,NA,A,NA,NA,NA,NA,20181831855
599,2018183,1900,2018,183,19,0,NA,NA,A,NA,NA,NA,NA,20181831900
600,2018184,1505,2018,184,15,5,NA,NA,T,NA,NA,NA,NA,20181841505
601,2018184,1640,2018,184,16,40,NA,NA,T,NA,NA,NA,NA,20181841640
602,2018184,1800,2018,184,18,0,NA,NA,A,NA,NA,NA,NA,20181841800
603,2018184,1805,2018,184,18,5,NA,NA,A,NA,NA,NA,NA,20181841805
604,2018185,1550,2018,185,15,50,NA,NA,T,NA,NA,NA,NA,20181851550
605,2018185,1845,2018,185,18,45,NA,NA,A,NA,NA,NA,NA,20181851845
606,2018186,1455,2018,186,14,55,NA,NA,T,NA,NA,NA,NA,20181861455
607,2018186,1630,2018,186,16,30,NA,NA,T,NA,NA,NA,NA,20181861630
608,2018186,1750,2018,186,17,50,NA,NA,A,NA,NA,NA,NA,20181861750
609,2018186,1925,2018,186,19,25,NA,NA,A,NA,NA,NA,NA,20181861925
610,2018186,1930,2018,186,19,30,NA,NA,A,NA,NA,NA,NA,20181861930
611,2018187,1535,2018,187,15,35,NA,NA,T,NA,NA,NA,NA,20181871535
612,2018187,1830,2018,187,18,30,NA,NA,A,NA,NA,NA,NA,20181871830
613,2018187,1835,2018,187,18,35,NA,NA,A,NA,NA,NA,NA,20181871835
614,2018188,1440,2018,188,14,40,NA,NA,T,NA,NA,NA,NA,20181881440
615,2018188,1620,2018,188,16,20,NA,NA,T,NA,NA,NA,NA,20181881620
616,2018188,1735,2018,188,17,35,NA,NA,A,NA,NA,NA,NA,20181881735
617,2018188,1915,2018,188,19,15,NA,NA,A,NA,NA,NA,NA,20181881915
618,2018188,1920,2018,188,19,20,NA,NA,A,NA,NA,NA,NA,20181881920
619,2018189,1525,2018,189,15,25,NA,NA,T,NA,NA,NA,NA,20181891525
620,2018189,1820,2018,189,18,20,NA,NA,A,NA,NA,NA,NA,20181891820
621,2018189,1825,2018,189,18,25,NA,NA,A,NA,NA,NA,NA,20181891825
622,2018190,1430,2018,190,14,30,NA,NA,T,NA,NA,NA,NA,20181901430
623,2018190,1605,2018,190,16,5,NA,NA,T,NA,NA,NA,NA,20181901605
624,2018190,1905,2018,190,19,5,NA,NA,A,NA,NA,NA,NA,20181901905
625,2018191,1510,2018,191,15,10,NA,NA,T,NA,NA,NA,NA,20181911510
626,2018191,1805,2018,191,18,5,NA,NA,A,NA,NA,NA,NA,20181911805
627,2018191,1810,2018,191,18,10,NA,NA,A,NA,NA,NA,NA,20181911810
628,2018192,1555,2018,192,15,55,NA,NA,T,NA,NA,NA,NA,20181921555
629,2018192,1850,2018,192,18,50,NA,NA,A,NA,NA,NA,NA,20181921850
630,2018192,1855,2018,192,18,55,NA,NA,A,NA,NA,NA,NA,20181921855
631,2018193,1500,2018,193,15,0,NA,NA,T,NA,NA,NA,NA,20181931500
632,2018193,1635,2018,193,16,35,NA,NA,T,NA,NA,NA,NA,20181931635
633,2018193,1755,2018,193,17,55,NA,NA,A,NA,NA,NA,NA,20181931755
634,2018193,1935,2018,193,19,35,NA,NA,A,NA,NA,NA,NA,20181931935
635,2018194,1545,2018,194,15,45,NA,NA,T,NA,NA,NA,NA,20181941545
636,2018194,1840,2018,194,18,40,NA,NA,A,NA,NA,NA,NA,20181941840
637,2018195,1450,2018,195,14,50,NA,NA,T,NA,NA,NA,NA,20181951450
638,2018195,1625,2018,195,16,25,NA,NA,T,NA,NA,NA,NA,20181951625
639,2018195,1920,2018,195,19,20,NA,NA,A,NA,NA,NA,NA,20181951920
640,2018195,1925,2018,195,19,25,NA,NA,A,NA,NA,NA,NA,20181951925
641,2018196,1530,2018,196,15,30,NA,NA,T,NA,NA,NA,NA,20181961530
642,2018196,1825,2018,196,18,25,NA,NA,A,NA,NA,NA,NA,20181961825
643,2018196,1830,2018,196,18,30,NA,NA,A,NA,NA,NA,NA,20181961830
644,2018197,1435,2018,197,14,35,NA,NA,T,NA,NA,NA,NA,20181971435
645,2018197,1615,2018,197,16,15,NA,NA,T,NA,NA,NA,NA,20181971615
646,2018197,1730,2018,197,17,30,NA,NA,A,NA,NA,NA,NA,20181971730
647,2018197,1910,2018,197,19,10,NA,NA,A,NA,NA,NA,NA,20181971910
648,2018198,1520,2018,198,15,20,NA,NA,T,NA,NA,NA,NA,20181981520
649,2018198,1815,2018,198,18,15,NA,NA,A,NA,NA,NA,NA,20181981815
650,2018199,1600,2018,199,16,0,NA,NA,T,NA,NA,NA,NA,20181991600
651,2018199,1855,2018,199,18,55,NA,NA,A,NA,NA,NA,NA,20181991855
652,2018199,1900,2018,199,19,0,NA,NA,A,NA,NA,NA,NA,20181991900
653,2018200,1505,2018,200,15,5,NA,NA,T,NA,NA,NA,NA,20182001505
654,2018200,1640,2018,200,16,40,NA,NA,T,NA,NA,NA,NA,20182001640
655,2018200,1800,2018,200,18,0,NA,NA,A,NA,NA,NA,NA,20182001800
656,2018200,1805,2018,200,18,5,NA,NA,A,NA,NA,NA,NA,20182001805
657,2018201,1550,2018,201,15,50,NA,NA,T,NA,NA,NA,NA,20182011550
658,2018201,1845,2018,201,18,45,NA,NA,A,NA,NA,NA,NA,20182011845
659,2018202,1455,2018,202,14,55,NA,NA,T,NA,NA,NA,NA,20182021455
660,2018202,1630,2018,202,16,30,NA,NA,T,NA,NA,NA,NA,20182021630
661,2018202,1750,2018,202,17,50,NA,NA,A,NA,NA,NA,NA,20182021750
662,2018202,1930,2018,202,19,30,NA,NA,A,NA,NA,NA,NA,20182021930
663,2018203,1535,2018,203,15,35,NA,NA,T,NA,NA,NA,NA,20182031535
664,2018203,1830,2018,203,18,30,NA,NA,A,NA,NA,NA,NA,20182031830
665,2018203,1835,2018,203,18,35,NA,NA,A,NA,NA,NA,NA,20182031835
666,2018204,1440,2018,204,14,40,NA,NA,T,NA,NA,NA,NA,20182041440
667,2018204,1620,2018,204,16,20,NA,NA,T,NA,NA,NA,NA,20182041620
668,2018204,1735,2018,204,17,35,NA,NA,A,NA,NA,NA,NA,20182041735
669,2018204,1915,2018,204,19,15,NA,NA,A,NA,NA,NA,NA,20182041915
670,2018204,1920,2018,204,19,20,NA,NA,A,NA,NA,NA,NA,20182041920
671,2018205,1525,2018,205,15,25,NA,NA,T,NA,NA,NA,NA,20182051525
672,2018205,1820,2018,205,18,20,NA,NA,A,NA,NA,NA,NA,20182051820
673,2018205,1825,2018,205,18,25,NA,NA,A,NA,NA,NA,NA,20182051825
674,2018206,1430,2018,206,14,30,NA,NA,T,NA,NA,NA,NA,20182061430
675,2018206,1605,2018,206,16,5,NA,NA,T,NA,NA,NA,NA,20182061605
676,2018206,1905,2018,206,19,5,6.262499999,-75.58018662,A,0.04733,0.03233,0.0225,0,20182061905
677,2018207,1510,2018,207,15,10,NA,NA,T,NA,NA,NA,NA,20182071510
678,2018207,1810,2018,207,18,10,NA,NA,A,NA,NA,NA,NA,20182071810
679,2018208,1555,2018,208,15,55,NA,NA,T,NA,NA,NA,NA,20182081555
680,2018208,1850,2018,208,18,50,NA,NA,A,NA,NA,NA,NA,20182081850
681,2018208,1855,2018,208,18,55,NA,NA,A,NA,NA,NA,NA,20182081855
682,2018209,1500,2018,209,15,0,NA,NA,T,NA,NA,NA,NA,20182091500
683,2018209,1635,2018,209,16,35,NA,NA,T,NA,NA,NA,NA,20182091635
684,2018209,1755,2018,209,17,55,NA,NA,A,NA,NA,NA,NA,20182091755
685,2018209,1935,2018,209,19,35,NA,NA,A,NA,NA,NA,NA,20182091935
686,2018210,1545,2018,210,15,45,NA,NA,T,NA,NA,NA,NA,20182101545
687,2018210,1840,2018,210,18,40,NA,NA,A,NA,NA,NA,NA,20182101840
688,2018211,1450,2018,211,14,50,NA,NA,T,NA,NA,NA,NA,20182111450
689,2018211,1625,2018,211,16,25,NA,NA,T,NA,NA,NA,NA,20182111625
690,2018211,1745,2018,211,17,45,NA,NA,A,NA,NA,NA,NA,20182111745
691,2018211,1920,2018,211,19,20,NA,NA,A,NA,NA,NA,NA,20182111920
692,2018211,1925,2018,211,19,25,NA,NA,A,NA,NA,NA,NA,20182111925
693,2018212,1530,2018,212,15,30,NA,NA,T,NA,NA,NA,NA,20182121530
694,2018212,1825,2018,212,18,25,NA,NA,A,NA,NA,NA,NA,20182121825
695,2018212,1830,2018,212,18,30,NA,NA,A,NA,NA,NA,NA,20182121830
696,2018213,1435,2018,213,14,35,NA,NA,T,NA,NA,NA,NA,20182131435
697,2018213,1615,2018,213,16,15,NA,NA,T,NA,NA,NA,NA,20182131615
698,2018213,1730,2018,213,17,30,NA,NA,A,NA,NA,NA,NA,20182131730
699,2018213,1910,2018,213,19,10,NA,NA,A,NA,NA,NA,NA,20182131910
700,2018214,1520,2018,214,15,20,NA,NA,T,NA,NA,NA,NA,20182141520
701,2018214,1815,2018,214,18,15,NA,NA,A,NA,NA,NA,NA,20182141815
702,2018215,1600,2018,215,16,0,NA,NA,T,NA,NA,NA,NA,20182151600
703,2018215,1855,2018,215,18,55,NA,NA,A,NA,NA,NA,NA,20182151855
704,2018215,1900,2018,215,19,0,NA,NA,A,NA,NA,NA,NA,20182151900
705,2018216,1505,2018,216,15,5,NA,NA,T,NA,NA,NA,NA,20182161505
706,2018216,1640,2018,216,16,40,NA,NA,T,NA,NA,NA,NA,20182161640
707,2018216,1800,2018,216,18,0,NA,NA,A,NA,NA,NA,NA,20182161800
708,2018216,1805,2018,216,18,5,NA,NA,A,NA,NA,NA,NA,20182161805
709,2018217,1550,2018,217,15,50,NA,NA,T,NA,NA,NA,NA,20182171550
710,2018217,1845,2018,217,18,45,NA,NA,A,NA,NA,NA,NA,20182171845
711,2018217,1850,2018,217,18,50,NA,NA,A,NA,NA,NA,NA,20182171850
712,2018218,1455,2018,218,14,55,6.262499999,-75.58018662,T,0.02325,0.01575,0.0194,0,20182181455
713,2018218,1630,2018,218,16,30,NA,NA,T,NA,NA,NA,NA,20182181630
714,2018218,1750,2018,218,17,50,NA,NA,A,NA,NA,NA,NA,20182181750
715,2018218,1930,2018,218,19,30,NA,NA,A,NA,NA,NA,NA,20182181930
716,2018219,1535,2018,219,15,35,NA,NA,T,NA,NA,NA,NA,20182191535
717,2018219,1830,2018,219,18,30,NA,NA,A,NA,NA,NA,NA,20182191830
718,2018219,1835,2018,219,18,35,NA,NA,A,NA,NA,NA,NA,20182191835
719,2018220,1440,2018,220,14,40,NA,NA,T,NA,NA,NA,NA,20182201440
720,2018220,1620,2018,220,16,20,NA,NA,T,NA,NA,NA,NA,20182201620
721,2018220,1735,2018,220,17,35,NA,NA,A,NA,NA,NA,NA,20182201735
722,2018220,1915,2018,220,19,15,NA,NA,A,NA,NA,NA,NA,20182201915
723,2018220,1920,2018,220,19,20,NA,NA,A,NA,NA,NA,NA,20182201920
724,2018221,1525,2018,221,15,25,NA,NA,T,NA,NA,NA,NA,20182211525
725,2018221,1820,2018,221,18,20,NA,NA,A,NA,NA,NA,NA,20182211820
726,2018221,1825,2018,221,18,25,NA,NA,A,NA,NA,NA,NA,20182211825
727,2018222,1430,2018,222,14,30,NA,NA,T,NA,NA,NA,NA,20182221430
728,2018222,1605,2018,222,16,5,NA,NA,T,NA,NA,NA,NA,20182221605
729,2018222,1905,2018,222,19,5,NA,NA,A,NA,NA,NA,NA,20182221905
730,2018223,1510,2018,223,15,10,6.262499999,-75.58018662,T,0.0365,0.025,0.0259,0,20182231510
731,2018223,1810,2018,223,18,10,6.254166666,-75.57898112,A,0.166,0.114,0.0236,0,20182231810
732,2018224,1555,2018,224,15,55,NA,NA,T,NA,NA,NA,NA,20182241555
733,2018224,1850,2018,224,18,50,NA,NA,A,NA,NA,NA,NA,20182241850
734,2018224,1855,2018,224,18,55,NA,NA,A,NA,NA,NA,NA,20182241855
735,2018225,1500,2018,225,15,0,NA,NA,T,NA,NA,NA,NA,20182251500
736,2018225,1635,2018,225,16,35,NA,NA,T,NA,NA,NA,NA,20182251635
737,2018225,1755,2018,225,17,55,NA,NA,A,NA,NA,NA,NA,20182251755
738,2018225,1935,2018,225,19,35,NA,NA,A,NA,NA,NA,NA,20182251935
739,2018226,1545,2018,226,15,45,NA,NA,T,NA,NA,NA,NA,20182261545
740,2018226,1840,2018,226,18,40,NA,NA,A,NA,NA,NA,NA,20182261840
741,2018227,1450,2018,227,14,50,NA,NA,T,NA,NA,NA,NA,20182271450
742,2018227,1625,2018,227,16,25,NA,NA,T,NA,NA,NA,NA,20182271625
743,2018227,1745,2018,227,17,45,NA,NA,A,NA,NA,NA,NA,20182271745
744,2018227,1920,2018,227,19,20,NA,NA,A,NA,NA,NA,NA,20182271920
745,2018227,1925,2018,227,19,25,NA,NA,A,NA,NA,NA,NA,20182271925
746,2018228,1530,2018,228,15,30,NA,NA,T,NA,NA,NA,NA,20182281530
747,2018228,1825,2018,228,18,25,NA,NA,A,NA,NA,NA,NA,20182281825
748,2018228,1830,2018,228,18,30,NA,NA,A,NA,NA,NA,NA,20182281830
749,2018229,1435,2018,229,14,35,NA,NA,T,NA,NA,NA,NA,20182291435
750,2018229,1615,2018,229,16,15,NA,NA,T,NA,NA,NA,NA,20182291615
751,2018229,1730,2018,229,17,30,NA,NA,A,NA,NA,NA,NA,20182291730
752,2018229,1910,2018,229,19,10,NA,NA,A,NA,NA,NA,NA,20182291910
753,2018230,1520,2018,230,15,20,NA,NA,T,NA,NA,NA,NA,20182301520
754,2018230,1815,2018,230,18,15,NA,NA,A,NA,NA,NA,NA,20182301815
755,2018231,1600,2018,231,16,0,NA,NA,T,NA,NA,NA,NA,20182311600
756,2018231,1855,2018,231,18,55,NA,NA,A,NA,NA,NA,NA,20182311855
757,2018231,1900,2018,231,19,0,NA,NA,A,NA,NA,NA,NA,20182311900
758,2018232,1505,2018,232,15,5,NA,NA,T,NA,NA,NA,NA,20182321505
759,2018232,1640,2018,232,16,40,NA,NA,T,NA,NA,NA,NA,20182321640
760,2018232,1800,2018,232,18,0,NA,NA,A,NA,NA,NA,NA,20182321800
761,2018232,1805,2018,232,18,5,NA,NA,A,NA,NA,NA,NA,20182321805
762,2018233,1550,2018,233,15,50,NA,NA,T,NA,NA,NA,NA,20182331550
763,2018233,1845,2018,233,18,45,NA,NA,A,NA,NA,NA,NA,20182331845
764,2018234,1455,2018,234,14,55,NA,NA,T,NA,NA,NA,NA,20182341455
765,2018234,1630,2018,234,16,30,NA,NA,T,NA,NA,NA,NA,20182341630
766,2018234,1750,2018,234,17,50,NA,NA,A,NA,NA,NA,NA,20182341750
767,2018234,1930,2018,234,19,30,NA,NA,A,NA,NA,NA,NA,20182341930
768,2018235,1535,2018,235,15,35,NA,NA,T,NA,NA,NA,NA,20182351535
769,2018235,1830,2018,235,18,30,NA,NA,A,NA,NA,NA,NA,20182351830
770,2018235,1835,2018,235,18,35,NA,NA,A,NA,NA,NA,NA,20182351835
771,2018236,1440,2018,236,14,40,NA,NA,T,NA,NA,NA,NA,20182361440
772,2018236,1620,2018,236,16,20,NA,NA,T,NA,NA,NA,NA,20182361620
773,2018236,1735,2018,236,17,35,NA,NA,A,NA,NA,NA,NA,20182361735
774,2018236,1915,2018,236,19,15,NA,NA,A,NA,NA,NA,NA,20182361915
775,2018236,1920,2018,236,19,20,NA,NA,A,NA,NA,NA,NA,20182361920
776,2018237,1525,2018,237,15,25,NA,NA,T,NA,NA,NA,NA,20182371525
777,2018237,1820,2018,237,18,20,NA,NA,A,NA,NA,NA,NA,20182371820
778,2018237,1825,2018,237,18,25,NA,NA,A,NA,NA,NA,NA,20182371825
779,2018238,1430,2018,238,14,30,NA,NA,T,NA,NA,NA,NA,20182381430
780,2018238,1605,2018,238,16,5,NA,NA,T,NA,NA,NA,NA,20182381605
781,2018238,1905,2018,238,19,5,NA,NA,A,NA,NA,NA,NA,20182381905
782,2018239,1510,2018,239,15,10,NA,NA,T,NA,NA,NA,NA,20182391510
783,2018239,1805,2018,239,18,5,NA,NA,A,NA,NA,NA,NA,20182391805
784,2018239,1810,2018,239,18,10,NA,NA,A,NA,NA,NA,NA,20182391810
785,2018240,1555,2018,240,15,55,NA,NA,T,NA,NA,NA,NA,20182401555
786,2018240,1850,2018,240,18,50,NA,NA,A,NA,NA,NA,NA,20182401850
787,2018240,1855,2018,240,18,55,NA,NA,A,NA,NA,NA,NA,20182401855
788,2018241,1500,2018,241,15,0,NA,NA,T,NA,NA,NA,NA,20182411500
789,2018241,1635,2018,241,16,35,NA,NA,T,NA,NA,NA,NA,20182411635
790,2018241,1755,2018,241,17,55,NA,NA,A,NA,NA,NA,NA,20182411755
791,2018241,1935,2018,241,19,35,NA,NA,A,NA,NA,NA,NA,20182411935
792,2018242,1545,2018,242,15,45,NA,NA,T,NA,NA,NA,NA,20182421545
793,2018242,1840,2018,242,18,40,NA,NA,A,NA,NA,NA,NA,20182421840
794,2018243,1445,2018,243,14,45,NA,NA,T,NA,NA,NA,NA,20182431445
795,2018243,1625,2018,243,16,25,NA,NA,T,NA,NA,NA,NA,20182431625
796,2018243,1745,2018,243,17,45,NA,NA,A,NA,NA,NA,NA,20182431745
797,2018243,1920,2018,243,19,20,NA,NA,A,NA,NA,NA,NA,20182431920
798,2018243,1925,2018,243,19,25,NA,NA,A,NA,NA,NA,NA,20182431925
799,2018244,1530,2018,244,15,30,NA,NA,T,NA,NA,NA,NA,20182441530
800,2018244,1825,2018,244,18,25,NA,NA,A,NA,NA,NA,NA,20182441825
801,2018244,1830,2018,244,18,30,NA,NA,A,NA,NA,NA,NA,20182441830
802,2018245,1435,2018,245,14,35,NA,NA,T,NA,NA,NA,NA,20182451435
803,2018245,1615,2018,245,16,15,NA,NA,T,NA,NA,NA,NA,20182451615
804,2018245,1730,2018,245,17,30,NA,NA,A,NA,NA,NA,NA,20182451730
805,2018245,1910,2018,245,19,10,NA,NA,A,NA,NA,NA,NA,20182451910
806,2018246,1520,2018,246,15,20,NA,NA,T,NA,NA,NA,NA,20182461520
807,2018246,1815,2018,246,18,15,NA,NA,A,NA,NA,NA,NA,20182461815
808,2018247,1600,2018,247,16,0,NA,NA,T,NA,NA,NA,NA,20182471600
809,2018247,1855,2018,247,18,55,NA,NA,A,NA,NA,NA,NA,20182471855
810,2018247,1900,2018,247,19,0,NA,NA,A,NA,NA,NA,NA,20182471900
811,2018248,1505,2018,248,15,5,NA,NA,T,NA,NA,NA,NA,20182481505
812,2018248,1640,2018,248,16,40,NA,NA,T,NA,NA,NA,NA,20182481640
813,2018248,1800,2018,248,18,0,NA,NA,A,NA,NA,NA,NA,20182481800
814,2018248,1805,2018,248,18,5,NA,NA,A,NA,NA,NA,NA,20182481805
815,2018249,1550,2018,249,15,50,NA,NA,T,NA,NA,NA,NA,20182491550
816,2018249,1845,2018,249,18,45,NA,NA,A,NA,NA,NA,NA,20182491845
817,2018250,1455,2018,250,14,55,NA,NA,T,NA,NA,NA,NA,20182501455
818,2018250,1630,2018,250,16,30,NA,NA,T,NA,NA,NA,NA,20182501630
819,2018250,1750,2018,250,17,50,NA,NA,A,NA,NA,NA,NA,20182501750
820,2018250,1930,2018,250,19,30,NA,NA,A,NA,NA,NA,NA,20182501930
821,2018251,1535,2018,251,15,35,NA,NA,T,NA,NA,NA,NA,20182511535
822,2018251,1830,2018,251,18,30,NA,NA,A,NA,NA,NA,NA,20182511830
823,2018251,1835,2018,251,18,35,NA,NA,A,NA,NA,NA,NA,20182511835
824,2018252,1440,2018,252,14,40,NA,NA,T,NA,NA,NA,NA,20182521440
825,2018252,1620,2018,252,16,20,NA,NA,T,NA,NA,NA,NA,20182521620
826,2018252,1735,2018,252,17,35,NA,NA,A,NA,NA,NA,NA,20182521735
827,2018252,1915,2018,252,19,15,NA,NA,A,NA,NA,NA,NA,20182521915
828,2018252,1920,2018,252,19,20,NA,NA,A,NA,NA,NA,NA,20182521920
829,2018253,1525,2018,253,15,25,NA,NA,T,NA,NA,NA,NA,20182531525
830,2018253,1820,2018,253,18,20,NA,NA,A,NA,NA,NA,NA,20182531820
831,2018253,1825,2018,253,18,25,NA,NA,A,NA,NA,NA,NA,20182531825
832,2018254,1430,2018,254,14,30,NA,NA,T,NA,NA,NA,NA,20182541430
833,2018254,1605,2018,254,16,5,NA,NA,T,NA,NA,NA,NA,20182541605
834,2018254,1905,2018,254,19,5,NA,NA,A,NA,NA,NA,NA,20182541905
835,2018255,1510,2018,255,15,10,NA,NA,T,NA,NA,NA,NA,20182551510
836,2018255,1805,2018,255,18,5,NA,NA,A,NA,NA,NA,NA,20182551805
837,2018255,1810,2018,255,18,10,NA,NA,A,NA,NA,NA,NA,20182551810
838,2018256,1555,2018,256,15,55,NA,NA,T,NA,NA,NA,NA,20182561555
839,2018256,1850,2018,256,18,50,NA,NA,A,NA,NA,NA,NA,20182561850
840,2018256,1855,2018,256,18,55,NA,NA,A,NA,NA,NA,NA,20182561855
841,2018257,1500,2018,257,15,0,NA,NA,T,NA,NA,NA,NA,20182571500
842,2018257,1635,2018,257,16,35,NA,NA,T,NA,NA,NA,NA,20182571635
843,2018257,1755,2018,257,17,55,NA,NA,A,NA,NA,NA,NA,20182571755
844,2018257,1935,2018,257,19,35,NA,NA,A,NA,NA,NA,NA,20182571935
845,2018258,1545,2018,258,15,45,NA,NA,T,NA,NA,NA,NA,20182581545
846,2018258,1840,2018,258,18,40,NA,NA,A,NA,NA,NA,NA,20182581840
847,2018259,1445,2018,259,14,45,NA,NA,T,NA,NA,NA,NA,20182591445
848,2018259,1625,2018,259,16,25,NA,NA,T,NA,NA,NA,NA,20182591625
849,2018259,1920,2018,259,19,20,NA,NA,A,NA,NA,NA,NA,20182591920
850,2018259,1925,2018,259,19,25,NA,NA,A,NA,NA,NA,NA,20182591925
851,2018260,1530,2018,260,15,30,NA,NA,T,NA,NA,NA,NA,20182601530
852,2018260,1825,2018,260,18,25,NA,NA,A,NA,NA,NA,NA,20182601825
853,2018260,1830,2018,260,18,30,NA,NA,A,NA,NA,NA,NA,20182601830
854,2018261,1435,2018,261,14,35,NA,NA,T,NA,NA,NA,NA,20182611435
855,2018261,1615,2018,261,16,15,6.262499999,-75.58018662,T,0.191,0.13175,0.0131,0,20182611615
856,2018261,1730,2018,261,17,30,NA,NA,A,NA,NA,NA,NA,20182611730
857,2018261,1910,2018,261,19,10,NA,NA,A,NA,NA,NA,NA,20182611910
858,2018262,1520,2018,262,15,20,NA,NA,T,NA,NA,NA,NA,20182621520
859,2018262,1815,2018,262,18,15,NA,NA,A,NA,NA,NA,NA,20182621815
860,2018263,1600,2018,263,16,0,6.262499999,-75.58018662,T,0.16825,0.1155,0.0197,0,20182631600
861,2018263,1855,2018,263,18,55,NA,NA,A,NA,NA,NA,NA,20182631855
862,2018263,1900,2018,263,19,0,NA,NA,A,NA,NA,NA,NA,20182631900
863,2018264,1505,2018,264,15,5,NA,NA,T,NA,NA,NA,NA,20182641505
864,2018264,1640,2018,264,16,40,NA,NA,T,NA,NA,NA,NA,20182641640
865,2018264,1800,2018,264,18,0,NA,NA,A,NA,NA,NA,NA,20182641800
866,2018264,1805,2018,264,18,5,NA,NA,A,NA,NA,NA,NA,20182641805
867,2018265,1550,2018,265,15,50,NA,NA,T,NA,NA,NA,NA,20182651550
868,2018265,1845,2018,265,18,45,NA,NA,A,NA,NA,NA,NA,20182651845
869,2018266,1455,2018,266,14,55,NA,NA,T,NA,NA,NA,NA,20182661455
870,2018266,1630,2018,266,16,30,NA,NA,T,NA,NA,NA,NA,20182661630
871,2018266,1750,2018,266,17,50,NA,NA,A,NA,NA,NA,NA,20182661750
872,2018266,1925,2018,266,19,25,NA,NA,A,NA,NA,NA,NA,20182661925
873,2018266,1930,2018,266,19,30,NA,NA,A,NA,NA,NA,NA,20182661930
874,2018267,1535,2018,267,15,35,NA,NA,T,NA,NA,NA,NA,20182671535
875,2018267,1830,2018,267,18,30,NA,NA,A,NA,NA,NA,NA,20182671830
876,2018267,1835,2018,267,18,35,NA,NA,A,NA,NA,NA,NA,20182671835
877,2018268,1440,2018,268,14,40,NA,NA,T,NA,NA,NA,NA,20182681440
878,2018268,1620,2018,268,16,20,NA,NA,T,NA,NA,NA,NA,20182681620
879,2018268,1735,2018,268,17,35,NA,NA,A,NA,NA,NA,NA,20182681735
880,2018268,1915,2018,268,19,15,NA,NA,A,NA,NA,NA,NA,20182681915
881,2018269,1525,2018,269,15,25,NA,NA,T,NA,NA,NA,NA,20182691525
882,2018269,1820,2018,269,18,20,NA,NA,A,NA,NA,NA,NA,20182691820
883,2018270,1430,2018,270,14,30,NA,NA,T,NA,NA,NA,NA,20182701430
884,2018270,1605,2018,270,16,5,NA,NA,T,NA,NA,NA,NA,20182701605
885,2018270,1900,2018,270,19,0,NA,NA,A,NA,NA,NA,NA,20182701900
886,2018270,1905,2018,270,19,5,NA,NA,A,NA,NA,NA,NA,20182701905
887,2018271,1510,2018,271,15,10,NA,NA,T,NA,NA,NA,NA,20182711510
888,2018271,1805,2018,271,18,5,NA,NA,A,NA,NA,NA,NA,20182711805
889,2018271,1810,2018,271,18,10,NA,NA,A,NA,NA,NA,NA,20182711810
890,2018272,1555,2018,272,15,55,NA,NA,T,NA,NA,NA,NA,20182721555
891,2018272,1850,2018,272,18,50,NA,NA,A,NA,NA,NA,NA,20182721850
892,2018272,1855,2018,272,18,55,NA,NA,A,NA,NA,NA,NA,20182721855
893,2018273,1500,2018,273,15,0,NA,NA,T,NA,NA,NA,NA,20182731500
894,2018273,1635,2018,273,16,35,NA,NA,T,NA,NA,NA,NA,20182731635
895,2018273,1755,2018,273,17,55,NA,NA,A,NA,NA,NA,NA,20182731755
896,2018273,1935,2018,273,19,35,NA,NA,A,NA,NA,NA,NA,20182731935
897,2018274,1540,2018,274,15,40,NA,NA,T,NA,NA,NA,NA,20182741540
898,2018274,1840,2018,274,18,40,NA,NA,A,NA,NA,NA,NA,20182741840
899,2018275,1445,2018,275,14,45,NA,NA,T,NA,NA,NA,NA,20182751445
900,2018275,1625,2018,275,16,25,NA,NA,T,NA,NA,NA,NA,20182751625
901,2018275,1740,2018,275,17,40,NA,NA,A,NA,NA,NA,NA,20182751740
902,2018275,1920,2018,275,19,20,NA,NA,A,NA,NA,NA,NA,20182751920
903,2018275,1925,2018,275,19,25,NA,NA,A,NA,NA,NA,NA,20182751925
904,2018276,1530,2018,276,15,30,NA,NA,T,NA,NA,NA,NA,20182761530
905,2018276,1825,2018,276,18,25,NA,NA,A,NA,NA,NA,NA,20182761825
906,2018276,1830,2018,276,18,30,NA,NA,A,NA,NA,NA,NA,20182761830
907,2018277,1435,2018,277,14,35,NA,NA,T,NA,NA,NA,NA,20182771435
908,2018277,1615,2018,277,16,15,NA,NA,T,NA,NA,NA,NA,20182771615
909,2018277,1730,2018,277,17,30,NA,NA,A,NA,NA,NA,NA,20182771730
910,2018277,1910,2018,277,19,10,NA,NA,A,NA,NA,NA,NA,20182771910
911,2018278,1520,2018,278,15,20,NA,NA,T,NA,NA,NA,NA,20182781520
912,2018278,1815,2018,278,18,15,NA,NA,A,NA,NA,NA,NA,20182781815
913,2018279,1600,2018,279,16,0,NA,NA,T,NA,NA,NA,NA,20182791600
914,2018279,1855,2018,279,18,55,NA,NA,A,NA,NA,NA,NA,20182791855
915,2018279,1900,2018,279,19,0,NA,NA,A,NA,NA,NA,NA,20182791900
916,2018280,1505,2018,280,15,5,NA,NA,T,NA,NA,NA,NA,20182801505
917,2018280,1640,2018,280,16,40,NA,NA,T,NA,NA,NA,NA,20182801640
918,2018280,1800,2018,280,18,0,NA,NA,A,NA,NA,NA,NA,20182801800
919,2018280,1805,2018,280,18,5,NA,NA,A,NA,NA,NA,NA,20182801805
920,2018281,1550,2018,281,15,50,NA,NA,T,NA,NA,NA,NA,20182811550
921,2018281,1845,2018,281,18,45,NA,NA,A,NA,NA,NA,NA,20182811845
922,2018282,1455,2018,282,14,55,NA,NA,T,NA,NA,NA,NA,20182821455
923,2018282,1630,2018,282,16,30,NA,NA,T,NA,NA,NA,NA,20182821630
924,2018282,1750,2018,282,17,50,NA,NA,A,NA,NA,NA,NA,20182821750
925,2018282,1925,2018,282,19,25,NA,NA,A,NA,NA,NA,NA,20182821925
926,2018282,1930,2018,282,19,30,NA,NA,A,NA,NA,NA,NA,20182821930
927,2018283,1535,2018,283,15,35,NA,NA,T,NA,NA,NA,NA,20182831535
928,2018283,1830,2018,283,18,30,NA,NA,A,NA,NA,NA,NA,20182831830
929,2018283,1835,2018,283,18,35,NA,NA,A,NA,NA,NA,NA,20182831835
930,2018284,1440,2018,284,14,40,NA,NA,T,NA,NA,NA,NA,20182841440
931,2018284,1620,2018,284,16,20,NA,NA,T,NA,NA,NA,NA,20182841620
932,2018284,1735,2018,284,17,35,NA,NA,A,NA,NA,NA,NA,20182841735
933,2018284,1915,2018,284,19,15,NA,NA,A,NA,NA,NA,NA,20182841915
934,2018285,1525,2018,285,15,25,NA,NA,T,NA,NA,NA,NA,20182851525
935,2018285,1820,2018,285,18,20,NA,NA,A,NA,NA,NA,NA,20182851820
936,2018286,1430,2018,286,14,30,NA,NA,T,NA,NA,NA,NA,20182861430
937,2018286,1605,2018,286,16,5,NA,NA,T,NA,NA,NA,NA,20182861605
938,2018286,1900,2018,286,19,0,NA,NA,A,NA,NA,NA,NA,20182861900
939,2018286,1905,2018,286,19,5,NA,NA,A,NA,NA,NA,NA,20182861905
940,2018287,1510,2018,287,15,10,NA,NA,T,NA,NA,NA,NA,20182871510
941,2018287,1805,2018,287,18,5,NA,NA,A,NA,NA,NA,NA,20182871805
942,2018287,1810,2018,287,18,10,NA,NA,A,NA,NA,NA,NA,20182871810
943,2018288,1555,2018,288,15,55,6.262499999,-75.58018662,T,0.1685,0.1155,0.0241,0,20182881555
944,2018288,1850,2018,288,18,50,NA,NA,A,NA,NA,NA,NA,20182881850
945,2018288,1855,2018,288,18,55,NA,NA,A,NA,NA,NA,NA,20182881855
946,2018289,1500,2018,289,15,0,NA,NA,T,NA,NA,NA,NA,20182891500
947,2018289,1635,2018,289,16,35,NA,NA,T,NA,NA,NA,NA,20182891635
948,2018289,1755,2018,289,17,55,NA,NA,A,NA,NA,NA,NA,20182891755
949,2018289,1935,2018,289,19,35,NA,NA,A,NA,NA,NA,NA,20182891935
950,2018290,1540,2018,290,15,40,NA,NA,T,NA,NA,NA,NA,20182901540
951,2018290,1840,2018,290,18,40,NA,NA,A,NA,NA,NA,NA,20182901840
952,2018291,1445,2018,291,14,45,NA,NA,T,NA,NA,NA,NA,20182911445
953,2018291,1625,2018,291,16,25,NA,NA,T,NA,NA,NA,NA,20182911625
954,2018291,1740,2018,291,17,40,NA,NA,A,NA,NA,NA,NA,20182911740
955,2018291,1920,2018,291,19,20,NA,NA,A,NA,NA,NA,NA,20182911920
956,2018291,1925,2018,291,19,25,NA,NA,A,NA,NA,NA,NA,20182911925
957,2018292,1530,2018,292,15,30,NA,NA,T,NA,NA,NA,NA,20182921530
958,2018292,1825,2018,292,18,25,NA,NA,A,NA,NA,NA,NA,20182921825
959,2018292,1830,2018,292,18,30,NA,NA,A,NA,NA,NA,NA,20182921830
960,2018293,1435,2018,293,14,35,NA,NA,T,NA,NA,NA,NA,20182931435
961,2018293,1615,2018,293,16,15,NA,NA,T,NA,NA,NA,NA,20182931615
962,2018293,1730,2018,293,17,30,NA,NA,A,NA,NA,NA,NA,20182931730
963,2018293,1910,2018,293,19,10,NA,NA,A,NA,NA,NA,NA,20182931910
964,2018294,1520,2018,294,15,20,NA,NA,T,NA,NA,NA,NA,20182941520
965,2018294,1815,2018,294,18,15,NA,NA,A,NA,NA,NA,NA,20182941815
966,2018295,1600,2018,295,16,0,NA,NA,T,NA,NA,NA,NA,20182951600
967,2018295,1855,2018,295,18,55,NA,NA,A,NA,NA,NA,NA,20182951855
968,2018295,1900,2018,295,19,0,NA,NA,A,NA,NA,NA,NA,20182951900
969,2018296,1505,2018,296,15,5,NA,NA,T,NA,NA,NA,NA,20182961505
970,2018296,1640,2018,296,16,40,NA,NA,T,NA,NA,NA,NA,20182961640
971,2018296,1800,2018,296,18,0,NA,NA,A,NA,NA,NA,NA,20182961800
972,2018296,1805,2018,296,18,5,NA,NA,A,NA,NA,NA,NA,20182961805
973,2018297,1550,2018,297,15,50,NA,NA,T,NA,NA,NA,NA,20182971550
974,2018297,1845,2018,297,18,45,NA,NA,A,NA,NA,NA,NA,20182971845
975,2018298,1455,2018,298,14,55,NA,NA,T,NA,NA,NA,NA,20182981455
976,2018298,1750,2018,298,17,50,NA,NA,A,NA,NA,NA,NA,20182981750
977,2018298,1925,2018,298,19,25,NA,NA,A,NA,NA,NA,NA,20182981925
978,2018298,1930,2018,298,19,30,NA,NA,A,NA,NA,NA,NA,20182981930
979,2018299,1535,2018,299,15,35,NA,NA,T,NA,NA,NA,NA,20182991535
980,2018299,1830,2018,299,18,30,NA,NA,A,NA,NA,NA,NA,20182991830
981,2018299,1835,2018,299,18,35,NA,NA,A,NA,NA,NA,NA,20182991835
982,2018300,1440,2018,300,14,40,NA,NA,T,NA,NA,NA,NA,20183001440
983,2018300,1620,2018,300,16,20,NA,NA,T,NA,NA,NA,NA,20183001620
984,2018300,1735,2018,300,17,35,NA,NA,A,NA,NA,NA,NA,20183001735
985,2018300,1915,2018,300,19,15,NA,NA,A,NA,NA,NA,NA,20183001915
986,2018301,1525,2018,301,15,25,NA,NA,T,NA,NA,NA,NA,20183011525
987,2018301,1820,2018,301,18,20,NA,NA,A,NA,NA,NA,NA,20183011820
988,2018302,1430,2018,302,14,30,NA,NA,T,NA,NA,NA,NA,20183021430
989,2018302,1605,2018,302,16,5,NA,NA,T,NA,NA,NA,NA,20183021605
990,2018302,1900,2018,302,19,0,NA,NA,A,NA,NA,NA,NA,20183021900
991,2018302,1905,2018,302,19,5,NA,NA,A,NA,NA,NA,NA,20183021905
992,2018303,1510,2018,303,15,10,NA,NA,T,NA,NA,NA,NA,20183031510
993,2018303,1805,2018,303,18,5,NA,NA,A,NA,NA,NA,NA,20183031805
994,2018303,1810,2018,303,18,10,NA,NA,A,NA,NA,NA,NA,20183031810
995,2018304,1555,2018,304,15,55,6.262499999,-75.58018662,T,0.3625,0.2535,0.023,0,20183041555
996,2018304,1850,2018,304,18,50,NA,NA,A,NA,NA,NA,NA,20183041850
997,2018304,1855,2018,304,18,55,NA,NA,A,NA,NA,NA,NA,20183041855
998,2018305,1500,2018,305,15,0,NA,NA,T,NA,NA,NA,NA,20183051500
999,2018305,1755,2018,305,17,55,NA,NA,A,NA,NA,NA,NA,20183051755
1000,2018305,1935,2018,305,19,35,NA,NA,A,NA,NA,NA,NA,20183051935
1001,2018306,1540,2018,306,15,40,NA,NA,T,NA,NA,NA,NA,20183061540
1002,2018306,1840,2018,306,18,40,NA,NA,A,NA,NA,NA,NA,20183061840
1003,2018307,1445,2018,307,14,45,NA,NA,T,NA,NA,NA,NA,20183071445
1004,2018307,1625,2018,307,16,25,NA,NA,T,NA,NA,NA,NA,20183071625
1005,2018307,1740,2018,307,17,40,NA,NA,A,NA,NA,NA,NA,20183071740
1006,2018307,1920,2018,307,19,20,NA,NA,A,NA,NA,NA,NA,20183071920
1007,2018307,1925,2018,307,19,25,NA,NA,A,NA,NA,NA,NA,20183071925
1008,2018308,1530,2018,308,15,30,NA,NA,T,NA,NA,NA,NA,20183081530
1009,2018308,1825,2018,308,18,25,NA,NA,A,NA,NA,NA,NA,20183081825
1010,2018308,1830,2018,308,18,30,NA,NA,A,NA,NA,NA,NA,20183081830
1011,2018309,1435,2018,309,14,35,NA,NA,T,NA,NA,NA,NA,20183091435
1012,2018309,1615,2018,309,16,15,NA,NA,T,NA,NA,NA,NA,20183091615
1013,2018309,1730,2018,309,17,30,NA,NA,A,NA,NA,NA,NA,20183091730
1014,2018309,1910,2018,309,19,10,NA,NA,A,NA,NA,NA,NA,20183091910
1015,2018310,1520,2018,310,15,20,NA,NA,T,NA,NA,NA,NA,20183101520
1016,2018310,1815,2018,310,18,15,NA,NA,A,NA,NA,NA,NA,20183101815
1017,2018311,1600,2018,311,16,0,NA,NA,T,NA,NA,NA,NA,20183111600
1018,2018311,1855,2018,311,18,55,NA,NA,A,NA,NA,NA,NA,20183111855
1019,2018311,1900,2018,311,19,0,NA,NA,A,NA,NA,NA,NA,20183111900
1020,2018312,1505,2018,312,15,5,NA,NA,T,NA,NA,NA,NA,20183121505
1021,2018312,1640,2018,312,16,40,NA,NA,T,NA,NA,NA,NA,20183121640
1022,2018312,1800,2018,312,18,0,NA,NA,A,NA,NA,NA,NA,20183121800
1023,2018312,1805,2018,312,18,5,NA,NA,A,NA,NA,NA,NA,20183121805
1024,2018313,1550,2018,313,15,50,NA,NA,T,NA,NA,NA,NA,20183131550
1025,2018313,1845,2018,313,18,45,NA,NA,A,NA,NA,NA,NA,20183131845
1026,2018314,1455,2018,314,14,55,NA,NA,T,NA,NA,NA,NA,20183141455
1027,2018314,1630,2018,314,16,30,NA,NA,T,NA,NA,NA,NA,20183141630
1028,2018314,1750,2018,314,17,50,NA,NA,A,NA,NA,NA,NA,20183141750
1029,2018314,1925,2018,314,19,25,NA,NA,A,NA,NA,NA,NA,20183141925
1030,2018314,1930,2018,314,19,30,NA,NA,A,NA,NA,NA,NA,20183141930
1031,2018315,1535,2018,315,15,35,NA,NA,T,NA,NA,NA,NA,20183151535
1032,2018315,1830,2018,315,18,30,NA,NA,A,NA,NA,NA,NA,20183151830
1033,2018315,1835,2018,315,18,35,NA,NA,A,NA,NA,NA,NA,20183151835
1034,2018316,1440,2018,316,14,40,NA,NA,T,NA,NA,NA,NA,20183161440
1035,2018316,1620,2018,316,16,20,NA,NA,T,NA,NA,NA,NA,20183161620
1036,2018316,1735,2018,316,17,35,NA,NA,A,NA,NA,NA,NA,20183161735
1037,2018316,1915,2018,316,19,15,NA,NA,A,NA,NA,NA,NA,20183161915
1038,2018317,1525,2018,317,15,25,NA,NA,T,NA,NA,NA,NA,20183171525
1039,2018317,1820,2018,317,18,20,NA,NA,A,NA,NA,NA,NA,20183171820
1040,2018318,1430,2018,318,14,30,NA,NA,T,NA,NA,NA,NA,20183181430
1041,2018318,1605,2018,318,16,5,NA,NA,T,NA,NA,NA,NA,20183181605
1042,2018318,1900,2018,318,19,0,NA,NA,A,NA,NA,NA,NA,20183181900
1043,2018318,1905,2018,318,19,5,NA,NA,A,NA,NA,NA,NA,20183181905
1044,2018319,1510,2018,319,15,10,NA,NA,T,NA,NA,NA,NA,20183191510
1045,2018319,1805,2018,319,18,5,NA,NA,A,NA,NA,NA,NA,20183191805
1046,2018319,1810,2018,319,18,10,NA,NA,A,NA,NA,NA,NA,20183191810
1047,2018320,1555,2018,320,15,55,NA,NA,T,NA,NA,NA,NA,20183201555
1048,2018320,1850,2018,320,18,50,NA,NA,A,NA,NA,NA,NA,20183201850
1049,2018320,1855,2018,320,18,55,NA,NA,A,NA,NA,NA,NA,20183201855
1050,2018321,1500,2018,321,15,0,NA,NA,T,NA,NA,NA,NA,20183211500
1051,2018321,1635,2018,321,16,35,NA,NA,T,NA,NA,NA,NA,20183211635
1052,2018321,1755,2018,321,17,55,NA,NA,A,NA,NA,NA,NA,20183211755
1053,2018321,1935,2018,321,19,35,NA,NA,A,NA,NA,NA,NA,20183211935
1054,2018322,1540,2018,322,15,40,NA,NA,T,NA,NA,NA,NA,20183221540
1055,2018322,1840,2018,322,18,40,NA,NA,A,NA,NA,NA,NA,20183221840
1056,2018323,1445,2018,323,14,45,NA,NA,T,NA,NA,NA,NA,20183231445
1057,2018323,1625,2018,323,16,25,NA,NA,T,NA,NA,NA,NA,20183231625
1058,2018323,1740,2018,323,17,40,NA,NA,A,NA,NA,NA,NA,20183231740
1059,2018323,1920,2018,323,19,20,NA,NA,A,NA,NA,NA,NA,20183231920
1060,2018323,1925,2018,323,19,25,NA,NA,A,NA,NA,NA,NA,20183231925
1061,2018324,1530,2018,324,15,30,NA,NA,T,NA,NA,NA,NA,20183241530
1062,2018324,1825,2018,324,18,25,NA,NA,A,NA,NA,NA,NA,20183241825
1063,2018324,1830,2018,324,18,30,NA,NA,A,NA,NA,NA,NA,20183241830
1064,2018325,1435,2018,325,14,35,NA,NA,T,NA,NA,NA,NA,20183251435
1065,2018325,1610,2018,325,16,10,NA,NA,T,NA,NA,NA,NA,20183251610
1066,2018325,1730,2018,325,17,30,NA,NA,A,NA,NA,NA,NA,20183251730
1067,2018325,1910,2018,325,19,10,NA,NA,A,NA,NA,NA,NA,20183251910
1068,2018326,1515,2018,326,15,15,NA,NA,T,NA,NA,NA,NA,20183261515
1069,2018326,1815,2018,326,18,15,NA,NA,A,NA,NA,NA,NA,20183261815
1070,2018327,1600,2018,327,16,0,NA,NA,T,NA,NA,NA,NA,20183271600
1071,2018327,1855,2018,327,18,55,NA,NA,A,NA,NA,NA,NA,20183271855
1072,2018327,1900,2018,327,19,0,NA,NA,A,NA,NA,NA,NA,20183271900
1073,2018328,1505,2018,328,15,5,NA,NA,T,NA,NA,NA,NA,20183281505
1074,2018328,1640,2018,328,16,40,NA,NA,T,NA,NA,NA,NA,20183281640
1075,2018328,1800,2018,328,18,0,NA,NA,A,NA,NA,NA,NA,20183281800
1076,2018328,1805,2018,328,18,5,NA,NA,A,NA,NA,NA,NA,20183281805
1077,2018329,1550,2018,329,15,50,NA,NA,T,NA,NA,NA,NA,20183291550
1078,2018329,1845,2018,329,18,45,NA,NA,A,NA,NA,NA,NA,20183291845
1079,2018330,1455,2018,330,14,55,NA,NA,T,NA,NA,NA,NA,20183301455
1080,2018330,1630,2018,330,16,30,NA,NA,T,NA,NA,NA,NA,20183301630
1081,2018330,1750,2018,330,17,50,NA,NA,A,NA,NA,NA,NA,20183301750
1082,2018330,1925,2018,330,19,25,NA,NA,A,NA,NA,NA,NA,20183301925
1083,2018330,1930,2018,330,19,30,NA,NA,A,NA,NA,NA,NA,20183301930
1084,2018331,1535,2018,331,15,35,NA,NA,T,NA,NA,NA,NA,20183311535
1085,2018331,1830,2018,331,18,30,NA,NA,A,NA,NA,NA,NA,20183311830
1086,2018331,1835,2018,331,18,35,NA,NA,A,NA,NA,NA,NA,20183311835
1087,2018332,1440,2018,332,14,40,NA,NA,T,NA,NA,NA,NA,20183321440
1088,2018332,1620,2018,332,16,20,NA,NA,T,NA,NA,NA,NA,20183321620
1089,2018332,1735,2018,332,17,35,NA,NA,A,NA,NA,NA,NA,20183321735
1090,2018332,1915,2018,332,19,15,NA,NA,A,NA,NA,NA,NA,20183321915
1091,2018333,1525,2018,333,15,25,6.262499999,-75.58018662,T,0.18825,0.12975,0.0302,0,20183331525
1092,2018333,1820,2018,333,18,20,NA,NA,A,NA,NA,NA,NA,20183331820
1093,2018334,1430,2018,334,14,30,NA,NA,T,NA,NA,NA,NA,20183341430
1094,2018334,1605,2018,334,16,5,NA,NA,T,NA,NA,NA,NA,20183341605
1095,2018334,1900,2018,334,19,0,NA,NA,A,NA,NA,NA,NA,20183341900
1096,2018334,1905,2018,334,19,5,NA,NA,A,NA,NA,NA,NA,20183341905
1097,2018335,1510,2018,335,15,10,NA,NA,T,NA,NA,NA,NA,20183351510
1098,2018335,1805,2018,335,18,5,NA,NA,A,NA,NA,NA,NA,20183351805
1099,2018335,1810,2018,335,18,10,NA,NA,A,NA,NA,NA,NA,20183351810
1100,2018336,1555,2018,336,15,55,6.262499999,-75.58018662,T,0.206,0.1425,0.0206,0,20183361555
1101,2018336,1850,2018,336,18,50,6.262499999,-75.58018662,A,0.257,0.178,0.0234,0,20183361850
1102,2018336,1855,2018,336,18,55,NA,NA,A,NA,NA,NA,NA,20183361855
1103,2018337,1500,2018,337,15,0,NA,NA,T,NA,NA,NA,NA,20183371500
1104,2018337,1635,2018,337,16,35,NA,NA,T,NA,NA,NA,NA,20183371635
1105,2018337,1755,2018,337,17,55,NA,NA,A,NA,NA,NA,NA,20183371755
1106,2018337,1935,2018,337,19,35,NA,NA,A,NA,NA,NA,NA,20183371935
1107,2018338,1540,2018,338,15,40,NA,NA,T,NA,NA,NA,NA,20183381540
1108,2018338,1840,2018,338,18,40,NA,NA,A,NA,NA,NA,NA,20183381840
1109,2018339,1445,2018,339,14,45,NA,NA,T,NA,NA,NA,NA,20183391445
1110,2018339,1740,2018,339,17,40,NA,NA,A,NA,NA,NA,NA,20183391740
1111,2018339,1920,2018,339,19,20,NA,NA,A,NA,NA,NA,NA,20183391920
1112,2018339,1925,2018,339,19,25,NA,NA,A,NA,NA,NA,NA,20183391925
1113,2018340,1530,2018,340,15,30,6.254166666,-75.57898112,T,0.3165,0.221,0.0377,0,20183401530
1114,2018340,1825,2018,340,18,25,NA,NA,A,NA,NA,NA,NA,20183401825
1115,2018340,1830,2018,340,18,30,NA,NA,A,NA,NA,NA,NA,20183401830
1116,2018341,1435,2018,341,14,35,NA,NA,T,NA,NA,NA,NA,20183411435
1117,2018341,1610,2018,341,16,10,NA,NA,T,NA,NA,NA,NA,20183411610
1118,2018341,1730,2018,341,17,30,NA,NA,A,NA,NA,NA,NA,20183411730
1119,2018341,1910,2018,341,19,10,NA,NA,A,NA,NA,NA,NA,20183411910
1120,2018342,1515,2018,342,15,15,NA,NA,T,NA,NA,NA,NA,20183421515
1121,2018342,1815,2018,342,18,15,NA,NA,A,NA,NA,NA,NA,20183421815
1122,2018343,1600,2018,343,16,0,NA,NA,T,NA,NA,NA,NA,20183431600
1123,2018343,1855,2018,343,18,55,NA,NA,A,NA,NA,NA,NA,20183431855
1124,2018343,1900,2018,343,19,0,NA,NA,A,NA,NA,NA,NA,20183431900
1125,2018344,1505,2018,344,15,5,NA,NA,T,NA,NA,NA,NA,20183441505
1126,2018344,1640,2018,344,16,40,NA,NA,T,NA,NA,NA,NA,20183441640
1127,2018344,1800,2018,344,18,0,NA,NA,A,NA,NA,NA,NA,20183441800
1128,2018344,1805,2018,344,18,5,NA,NA,A,NA,NA,NA,NA,20183441805
1129,2018345,1550,2018,345,15,50,NA,NA,T,NA,NA,NA,NA,20183451550
1130,2018345,1845,2018,345,18,45,NA,NA,A,NA,NA,NA,NA,20183451845
1131,2018346,1450,2018,346,14,50,NA,NA,T,NA,NA,NA,NA,20183461450
1132,2018346,1630,2018,346,16,30,NA,NA,T,NA,NA,NA,NA,20183461630
1133,2018346,1750,2018,346,17,50,NA,NA,A,NA,NA,NA,NA,20183461750
1134,2018346,1925,2018,346,19,25,NA,NA,A,NA,NA,NA,NA,20183461925
1135,2018346,1930,2018,346,19,30,NA,NA,A,NA,NA,NA,NA,20183461930
1136,2018347,1535,2018,347,15,35,NA,NA,T,NA,NA,NA,NA,20183471535
1137,2018347,1830,2018,347,18,30,NA,NA,A,NA,NA,NA,NA,20183471830
1138,2018347,1835,2018,347,18,35,NA,NA,A,NA,NA,NA,NA,20183471835
1139,2018348,1440,2018,348,14,40,NA,NA,T,NA,NA,NA,NA,20183481440
1140,2018348,1620,2018,348,16,20,NA,NA,T,NA,NA,NA,NA,20183481620
1141,2018348,1735,2018,348,17,35,NA,NA,A,NA,NA,NA,NA,20183481735
1142,2018348,1915,2018,348,19,15,NA,NA,A,NA,NA,NA,NA,20183481915
1143,2018349,1525,2018,349,15,25,NA,NA,T,NA,NA,NA,NA,20183491525
1144,2018349,1820,2018,349,18,20,NA,NA,A,NA,NA,NA,NA,20183491820
1145,2018350,1430,2018,350,14,30,NA,NA,T,NA,NA,NA,NA,20183501430
1146,2018350,1605,2018,350,16,5,6.254166666,-75.57898112,T,0.138,0.095,0.0126,0,20183501605
1147,2018350,1900,2018,350,19,0,NA,NA,A,NA,NA,NA,NA,20183501900
1148,2018350,1905,2018,350,19,5,NA,NA,A,NA,NA,NA,NA,20183501905
1149,2018351,1510,2018,351,15,10,NA,NA,T,NA,NA,NA,NA,20183511510
1150,2018351,1805,2018,351,18,5,NA,NA,A,NA,NA,NA,NA,20183511805
1151,2018351,1810,2018,351,18,10,NA,NA,A,NA,NA,NA,NA,20183511810
1152,2018352,1555,2018,352,15,55,NA,NA,T,NA,NA,NA,NA,20183521555
1153,2018352,1850,2018,352,18,50,NA,NA,A,NA,NA,NA,NA,20183521850
1154,2018352,1855,2018,352,18,55,NA,NA,A,NA,NA,NA,NA,20183521855
1155,2018353,1500,2018,353,15,0,NA,NA,T,NA,NA,NA,NA,20183531500
1156,2018353,1635,2018,353,16,35,NA,NA,T,NA,NA,NA,NA,20183531635
1157,2018353,1755,2018,353,17,55,NA,NA,A,NA,NA,NA,NA,20183531755
1158,2018353,1935,2018,353,19,35,NA,NA,A,NA,NA,NA,NA,20183531935
1159,2018354,1540,2018,354,15,40,NA,NA,T,NA,NA,NA,NA,20183541540
1160,2018354,1840,2018,354,18,40,NA,NA,A,NA,NA,NA,NA,20183541840
1161,2018355,1445,2018,355,14,45,NA,NA,T,NA,NA,NA,NA,20183551445
1162,2018355,1625,2018,355,16,25,NA,NA,T,NA,NA,NA,NA,20183551625
1163,2018355,1740,2018,355,17,40,NA,NA,A,NA,NA,NA,NA,20183551740
1164,2018355,1920,2018,355,19,20,NA,NA,A,NA,NA,NA,NA,20183551920
1165,2018355,1925,2018,355,19,25,NA,NA,A,NA,NA,NA,NA,20183551925
1166,2018356,1530,2018,356,15,30,NA,NA,T,NA,NA,NA,NA,20183561530
1167,2018356,1825,2018,356,18,25,NA,NA,A,NA,NA,NA,NA,20183561825
1168,2018356,1830,2018,356,18,30,NA,NA,A,NA,NA,NA,NA,20183561830
1169,2018357,1435,2018,357,14,35,NA,NA,T,NA,NA,NA,NA,20183571435
1170,2018357,1610,2018,357,16,10,NA,NA,T,NA,NA,NA,NA,20183571610
1171,2018357,1730,2018,357,17,30,NA,NA,A,NA,NA,NA,NA,20183571730
1172,2018357,1910,2018,357,19,10,NA,NA,A,NA,NA,NA,NA,20183571910
1173,2018358,1515,2018,358,15,15,NA,NA,T,NA,NA,NA,NA,20183581515
1174,2018358,1815,2018,358,18,15,NA,NA,A,NA,NA,NA,NA,20183581815
1175,2018359,1600,2018,359,16,0,6.262499999,-75.58018662,T,0.22725,0.15775,0.0151,0,20183591600
1176,2018359,1855,2018,359,18,55,NA,NA,A,NA,NA,NA,NA,20183591855
1177,2018359,1900,2018,359,19,0,NA,NA,A,NA,NA,NA,NA,20183591900
1178,2018360,1505,2018,360,15,5,NA,NA,T,NA,NA,NA,NA,20183601505
1179,2018360,1640,2018,360,16,40,NA,NA,T,NA,NA,NA,NA,20183601640
1180,2018360,1800,2018,360,18,0,NA,NA,A,NA,NA,NA,NA,20183601800
1181,2018360,1805,2018,360,18,5,NA,NA,A,NA,NA,NA,NA,20183601805
1182,2018361,1550,2018,361,15,50,6.262499999,-75.58018662,T,0.10675,0.073,0.0241,0,20183611550
1183,2018361,1845,2018,361,18,45,NA,NA,A,NA,NA,NA,NA,20183611845
1184,2018362,1450,2018,362,14,50,NA,NA,T,NA,NA,NA,NA,20183621450
1185,2018362,1630,2018,362,16,30,NA,NA,T,NA,NA,NA,NA,20183621630
1186,2018362,1750,2018,362,17,50,NA,NA,A,NA,NA,NA,NA,20183621750
1187,2018362,1925,2018,362,19,25,NA,NA,A,NA,NA,NA,NA,20183621925
1188,2018362,1930,2018,362,19,30,NA,NA,A,NA,NA,NA,NA,20183621930
1189,2018363,1535,2018,363,15,35,NA,NA,T,NA,NA,NA,NA,20183631535
1190,2018363,1830,2018,363,18,30,NA,NA,A,NA,NA,NA,NA,20183631830
1191,2018363,1835,2018,363,18,35,NA,NA,A,NA,NA,NA,NA,20183631835
1192,2018364,1440,2018,364,14,40,NA,NA,T,NA,NA,NA,NA,20183641440
1193,2018364,1620,2018,364,16,20,NA,NA,T,NA,NA,NA,NA,20183641620
1194,2018364,1735,2018,364,17,35,NA,NA,A,NA,NA,NA,NA,20183641735
1195,2018364,1915,2018,364,19,15,NA,NA,A,NA,NA,NA,NA,20183641915
1196,2018365,1525,2018,365,15,25,NA,NA,T,NA,NA,NA,NA,20183651525
1197,2018365,1820,2018,365,18,20,6.254166666,-75.57059789,A,0.141,0.097,0.0387,0,20183651820
1,2019001,1430,2019,1,14,30,NA,NA,T,NA,NA,NA,NA,20190011430
2,2019001,1605,2019,1,16,5,6.262499999,-75.58018662,T,0.02825,0.019,0.0117,0,20190011605
3,2019001,1900,2019,1,19,0,NA,NA,A,NA,NA,NA,NA,20190011900
4,2019001,1905,2019,1,19,5,NA,NA,A,NA,NA,NA,NA,20190011905
5,2019002,1510,2019,2,15,10,6.262499999,-75.58018662,T,0.029,0.0195,0.0195,0,20190021510
6,2019002,1805,2019,2,18,5,NA,NA,A,NA,NA,NA,NA,20190021805
7,2019002,1810,2019,2,18,10,6.262499999,-75.58018662,A,0.06275,0.04275,0.0156,0,20190021810
8,2019003,1555,2019,3,15,55,6.262499999,-75.58018662,T,0.064,0.04375,0.0194,0,20190031555
9,2019003,1850,2019,3,18,50,NA,NA,A,NA,NA,NA,NA,20190031850
10,2019003,1855,2019,3,18,55,NA,NA,A,NA,NA,NA,NA,20190031855
11,2019004,1500,2019,4,15,0,6.262499999,-75.58018662,T,0.042,0.029,0.014,0,20190041500
12,2019004,1635,2019,4,16,35,NA,NA,T,NA,NA,NA,NA,20190041635
13,2019004,1755,2019,4,17,55,NA,NA,A,NA,NA,NA,NA,20190041755
14,2019004,1935,2019,4,19,35,NA,NA,A,NA,NA,NA,NA,20190041935
15,2019005,1540,2019,5,15,40,NA,NA,T,NA,NA,NA,NA,20190051540
16,2019005,1840,2019,5,18,40,NA,NA,A,NA,NA,NA,NA,20190051840
17,2019006,1445,2019,6,14,45,NA,NA,T,NA,NA,NA,NA,20190061445
18,2019006,1625,2019,6,16,25,NA,NA,T,NA,NA,NA,NA,20190061625
19,2019006,1740,2019,6,17,40,NA,NA,A,NA,NA,NA,NA,20190061740
20,2019006,1920,2019,6,19,20,NA,NA,A,NA,NA,NA,NA,20190061920
21,2019006,1925,2019,6,19,25,NA,NA,A,NA,NA,NA,NA,20190061925
22,2019007,1530,2019,7,15,30,NA,NA,T,NA,NA,NA,NA,20190071530
23,2019007,1825,2019,7,18,25,NA,NA,A,NA,NA,NA,NA,20190071825
24,2019007,1830,2019,7,18,30,NA,NA,A,NA,NA,NA,NA,20190071830
25,2019008,1435,2019,8,14,35,NA,NA,T,NA,NA,NA,NA,20190081435
26,2019008,1610,2019,8,16,10,6.262499999,-75.57180326,T,0.229,0.15833,0.0096,0,20190081610
27,2019008,1730,2019,8,17,30,NA,NA,A,NA,NA,NA,NA,20190081730
28,2019008,1910,2019,8,19,10,NA,NA,A,NA,NA,NA,NA,20190081910
29,2019009,1515,2019,9,15,15,NA,NA,T,NA,NA,NA,NA,20190091515
30,2019009,1815,2019,9,18,15,NA,NA,A,NA,NA,NA,NA,20190091815
31,2019010,1600,2019,10,16,0,NA,NA,T,NA,NA,NA,NA,20190101600
32,2019010,1855,2019,10,18,55,NA,NA,A,NA,NA,NA,NA,20190101855
33,2019010,1900,2019,10,19,0,NA,NA,A,NA,NA,NA,NA,20190101900
34,2019011,1505,2019,11,15,5,NA,NA,T,NA,NA,NA,NA,20190111505
35,2019011,1640,2019,11,16,40,NA,NA,T,NA,NA,NA,NA,20190111640
36,2019011,1800,2019,11,18,0,NA,NA,A,NA,NA,NA,NA,20190111800
37,2019011,1805,2019,11,18,5,NA,NA,A,NA,NA,NA,NA,20190111805
38,2019012,1550,2019,12,15,50,NA,NA,T,NA,NA,NA,NA,20190121550
39,2019012,1845,2019,12,18,45,NA,NA,A,NA,NA,NA,NA,20190121845
40,2019013,1450,2019,13,14,50,NA,NA,T,NA,NA,NA,NA,20190131450
41,2019013,1630,2019,13,16,30,NA,NA,T,NA,NA,NA,NA,20190131630
42,2019013,1750,2019,13,17,50,NA,NA,A,NA,NA,NA,NA,20190131750
43,2019013,1925,2019,13,19,25,NA,NA,A,NA,NA,NA,NA,20190131925
44,2019013,1930,2019,13,19,30,NA,NA,A,NA,NA,NA,NA,20190131930
45,2019014,1535,2019,14,15,35,NA,NA,T,NA,NA,NA,NA,20190141535
46,2019014,1830,2019,14,18,30,NA,NA,A,NA,NA,NA,NA,20190141830
47,2019014,1835,2019,14,18,35,NA,NA,A,NA,NA,NA,NA,20190141835
48,2019015,1440,2019,15,14,40,NA,NA,T,NA,NA,NA,NA,20190151440
49,2019015,1620,2019,15,16,20,NA,NA,T,NA,NA,NA,NA,20190151620
50,2019015,1735,2019,15,17,35,NA,NA,A,NA,NA,NA,NA,20190151735
51,2019015,1915,2019,15,19,15,NA,NA,A,NA,NA,NA,NA,20190151915
52,2019016,1525,2019,16,15,25,NA,NA,T,NA,NA,NA,NA,20190161525
53,2019016,1820,2019,16,18,20,NA,NA,A,NA,NA,NA,NA,20190161820
54,2019017,1430,2019,17,14,30,NA,NA,T,NA,NA,NA,NA,20190171430
55,2019017,1605,2019,17,16,5,NA,NA,T,NA,NA,NA,NA,20190171605
56,2019017,1900,2019,17,19,0,NA,NA,A,NA,NA,NA,NA,20190171900
57,2019017,1905,2019,17,19,5,NA,NA,A,NA,NA,NA,NA,20190171905
58,2019018,1510,2019,18,15,10,NA,NA,T,NA,NA,NA,NA,20190181510
59,2019018,1805,2019,18,18,5,NA,NA,A,NA,NA,NA,NA,20190181805
60,2019018,1810,2019,18,18,10,NA,NA,A,NA,NA,NA,NA,20190181810
61,2019019,1555,2019,19,15,55,NA,NA,T,NA,NA,NA,NA,20190191555
62,2019019,1850,2019,19,18,50,NA,NA,A,NA,NA,NA,NA,20190191850
63,2019019,1855,2019,19,18,55,NA,NA,A,NA,NA,NA,NA,20190191855
64,2019020,1500,2019,20,15,0,NA,NA,T,NA,NA,NA,NA,20190201500
65,2019020,1635,2019,20,16,35,NA,NA,T,NA,NA,NA,NA,20190201635
66,2019020,1755,2019,20,17,55,NA,NA,A,NA,NA,NA,NA,20190201755
67,2019020,1935,2019,20,19,35,NA,NA,A,NA,NA,NA,NA,20190201935
68,2019021,1540,2019,21,15,40,NA,NA,T,NA,NA,NA,NA,20190211540
69,2019021,1840,2019,21,18,40,NA,NA,A,NA,NA,NA,NA,20190211840
70,2019022,1445,2019,22,14,45,NA,NA,T,NA,NA,NA,NA,20190221445
71,2019022,1625,2019,22,16,25,NA,NA,T,NA,NA,NA,NA,20190221625
72,2019022,1740,2019,22,17,40,NA,NA,A,NA,NA,NA,NA,20190221740
73,2019022,1920,2019,22,19,20,NA,NA,A,NA,NA,NA,NA,20190221920
74,2019022,1925,2019,22,19,25,NA,NA,A,NA,NA,NA,NA,20190221925
75,2019023,1530,2019,23,15,30,NA,NA,T,NA,NA,NA,NA,20190231530
76,2019023,1825,2019,23,18,25,6.254166666,-75.57059789,A,0.222,0.154,0.0446,0,20190231825
77,2019023,1830,2019,23,18,30,NA,NA,A,NA,NA,NA,NA,20190231830
78,2019024,1435,2019,24,14,35,NA,NA,T,NA,NA,NA,NA,20190241435
79,2019024,1610,2019,24,16,10,6.262499999,-75.58018662,T,0.163,0.112,0.0094,0,20190241610
80,2019024,1730,2019,24,17,30,NA,NA,A,NA,NA,NA,NA,20190241730
81,2019024,1910,2019,24,19,10,NA,NA,A,NA,NA,NA,NA,20190241910
82,2019025,1515,2019,25,15,15,NA,NA,T,NA,NA,NA,NA,20190251515
83,2019025,1815,2019,25,18,15,NA,NA,A,NA,NA,NA,NA,20190251815
84,2019026,1600,2019,26,16,0,NA,NA,T,NA,NA,NA,NA,20190261600
85,2019026,1855,2019,26,18,55,NA,NA,A,NA,NA,NA,NA,20190261855
86,2019026,1900,2019,26,19,0,NA,NA,A,NA,NA,NA,NA,20190261900
87,2019027,1505,2019,27,15,5,NA,NA,T,NA,NA,NA,NA,20190271505
88,2019027,1640,2019,27,16,40,NA,NA,T,NA,NA,NA,NA,20190271640
89,2019027,1800,2019,27,18,0,NA,NA,A,NA,NA,NA,NA,20190271800
90,2019027,1805,2019,27,18,5,NA,NA,A,NA,NA,NA,NA,20190271805
91,2019028,1550,2019,28,15,50,NA,NA,T,NA,NA,NA,NA,20190281550
92,2019028,1845,2019,28,18,45,NA,NA,A,NA,NA,NA,NA,20190281845
93,2019029,1450,2019,29,14,50,NA,NA,T,NA,NA,NA,NA,20190291450
94,2019029,1630,2019,29,16,30,NA,NA,T,NA,NA,NA,NA,20190291630
95,2019029,1750,2019,29,17,50,NA,NA,A,NA,NA,NA,NA,20190291750
96,2019029,1925,2019,29,19,25,NA,NA,A,NA,NA,NA,NA,20190291925
97,2019029,1930,2019,29,19,30,NA,NA,A,NA,NA,NA,NA,20190291930
98,2019030,1535,2019,30,15,35,NA,NA,T,NA,NA,NA,NA,20190301535
99,2019030,1830,2019,30,18,30,NA,NA,A,NA,NA,NA,NA,20190301830
100,2019030,1835,2019,30,18,35,NA,NA,A,NA,NA,NA,NA,20190301835
101,2019031,1440,2019,31,14,40,NA,NA,T,NA,NA,NA,NA,20190311440
102,2019031,1620,2019,31,16,20,NA,NA,T,NA,NA,NA,NA,20190311620
103,2019031,1735,2019,31,17,35,NA,NA,A,NA,NA,NA,NA,20190311735
104,2019031,1915,2019,31,19,15,NA,NA,A,NA,NA,NA,NA,20190311915
105,2019032,1525,2019,32,15,25,NA,NA,T,NA,NA,NA,NA,20190321525
106,2019032,1820,2019,32,18,20,NA,NA,A,NA,NA,NA,NA,20190321820
107,2019033,1430,2019,33,14,30,NA,NA,T,NA,NA,NA,NA,20190331430
108,2019033,1605,2019,33,16,5,NA,NA,T,NA,NA,NA,NA,20190331605
109,2019033,1900,2019,33,19,0,NA,NA,A,NA,NA,NA,NA,20190331900
110,2019033,1905,2019,33,19,5,NA,NA,A,NA,NA,NA,NA,20190331905
111,2019034,1510,2019,34,15,10,NA,NA,T,NA,NA,NA,NA,20190341510
112,2019034,1805,2019,34,18,5,NA,NA,A,NA,NA,NA,NA,20190341805
113,2019034,1810,2019,34,18,10,NA,NA,A,NA,NA,NA,NA,20190341810
114,2019035,1555,2019,35,15,55,NA,NA,T,NA,NA,NA,NA,20190351555
115,2019035,1850,2019,35,18,50,NA,NA,A,NA,NA,NA,NA,20190351850
116,2019035,1855,2019,35,18,55,NA,NA,A,NA,NA,NA,NA,20190351855
117,2019036,1500,2019,36,15,0,NA,NA,T,NA,NA,NA,NA,20190361500
118,2019036,1635,2019,36,16,35,NA,NA,T,NA,NA,NA,NA,20190361635
119,2019036,1755,2019,36,17,55,NA,NA,A,NA,NA,NA,NA,20190361755
120,2019036,1935,2019,36,19,35,NA,NA,A,NA,NA,NA,NA,20190361935
121,2019037,1540,2019,37,15,40,NA,NA,T,NA,NA,NA,NA,20190371540
122,2019037,1840,2019,37,18,40,NA,NA,A,NA,NA,NA,NA,20190371840
123,2019038,1445,2019,38,14,45,NA,NA,T,NA,NA,NA,NA,20190381445
124,2019038,1625,2019,38,16,25,NA,NA,T,NA,NA,NA,NA,20190381625
125,2019038,1740,2019,38,17,40,NA,NA,A,NA,NA,NA,NA,20190381740
126,2019038,1920,2019,38,19,20,NA,NA,A,NA,NA,NA,NA,20190381920
127,2019038,1925,2019,38,19,25,NA,NA,A,NA,NA,NA,NA,20190381925
128,2019039,1530,2019,39,15,30,NA,NA,T,NA,NA,NA,NA,20190391530
129,2019039,1825,2019,39,18,25,NA,NA,A,NA,NA,NA,NA,20190391825
130,2019039,1830,2019,39,18,30,NA,NA,A,NA,NA,NA,NA,20190391830
131,2019040,1435,2019,40,14,35,NA,NA,T,NA,NA,NA,NA,20190401435
132,2019040,1610,2019,40,16,10,NA,NA,T,NA,NA,NA,NA,20190401610
133,2019040,1730,2019,40,17,30,NA,NA,A,NA,NA,NA,NA,20190401730
134,2019040,1910,2019,40,19,10,NA,NA,A,NA,NA,NA,NA,20190401910
135,2019041,1515,2019,41,15,15,NA,NA,T,NA,NA,NA,NA,20190411515
136,2019041,1815,2019,41,18,15,NA,NA,A,NA,NA,NA,NA,20190411815
137,2019042,1600,2019,42,16,0,NA,NA,T,NA,NA,NA,NA,20190421600
138,2019042,1855,2019,42,18,55,NA,NA,A,NA,NA,NA,NA,20190421855
139,2019042,1900,2019,42,19,0,NA,NA,A,NA,NA,NA,NA,20190421900
140,2019043,1505,2019,43,15,5,NA,NA,T,NA,NA,NA,NA,20190431505
141,2019043,1640,2019,43,16,40,NA,NA,T,NA,NA,NA,NA,20190431640
142,2019043,1800,2019,43,18,0,NA,NA,A,NA,NA,NA,NA,20190431800
143,2019043,1805,2019,43,18,5,NA,NA,A,NA,NA,NA,NA,20190431805
144,2019044,1550,2019,44,15,50,NA,NA,T,NA,NA,NA,NA,20190441550
145,2019044,1845,2019,44,18,45,NA,NA,A,NA,NA,NA,NA,20190441845
146,2019045,1450,2019,45,14,50,NA,NA,T,NA,NA,NA,NA,20190451450
147,2019045,1630,2019,45,16,30,NA,NA,T,NA,NA,NA,NA,20190451630
148,2019045,1750,2019,45,17,50,NA,NA,A,NA,NA,NA,NA,20190451750
149,2019045,1925,2019,45,19,25,NA,NA,A,NA,NA,NA,NA,20190451925
150,2019045,1930,2019,45,19,30,NA,NA,A,NA,NA,NA,NA,20190451930
151,2019046,1535,2019,46,15,35,6.262499999,-75.58018662,T,0.29725,0.2065,0.0323,0,20190461535
152,2019046,1830,2019,46,18,30,NA,NA,A,NA,NA,NA,NA,20190461830
153,2019046,1835,2019,46,18,35,NA,NA,A,NA,NA,NA,NA,20190461835
154,2019047,1440,2019,47,14,40,NA,NA,T,NA,NA,NA,NA,20190471440
155,2019047,1620,2019,47,16,20,NA,NA,T,NA,NA,NA,NA,20190471620
156,2019047,1735,2019,47,17,35,NA,NA,A,NA,NA,NA,NA,20190471735
157,2019047,1915,2019,47,19,15,NA,NA,A,NA,NA,NA,NA,20190471915
158,2019048,1525,2019,48,15,25,NA,NA,T,NA,NA,NA,NA,20190481525
159,2019048,1820,2019,48,18,20,NA,NA,A,NA,NA,NA,NA,20190481820
160,2019049,1430,2019,49,14,30,NA,NA,T,NA,NA,NA,NA,20190491430
161,2019049,1605,2019,49,16,5,NA,NA,T,NA,NA,NA,NA,20190491605
162,2019049,1905,2019,49,19,5,NA,NA,A,NA,NA,NA,NA,20190491905
163,2019050,1510,2019,50,15,10,NA,NA,T,NA,NA,NA,NA,20190501510
164,2019050,1805,2019,50,18,5,NA,NA,A,NA,NA,NA,NA,20190501805
165,2019050,1810,2019,50,18,10,NA,NA,A,NA,NA,NA,NA,20190501810
166,2019051,1555,2019,51,15,55,NA,NA,T,NA,NA,NA,NA,20190511555
167,2019051,1850,2019,51,18,50,NA,NA,A,NA,NA,NA,NA,20190511850
168,2019051,1855,2019,51,18,55,NA,NA,A,NA,NA,NA,NA,20190511855
169,2019052,1500,2019,52,15,0,NA,NA,T,NA,NA,NA,NA,20190521500
170,2019052,1635,2019,52,16,35,NA,NA,T,NA,NA,NA,NA,20190521635
171,2019052,1755,2019,52,17,55,NA,NA,A,NA,NA,NA,NA,20190521755
172,2019052,1935,2019,52,19,35,NA,NA,A,NA,NA,NA,NA,20190521935
173,2019053,1540,2019,53,15,40,6.262499999,-75.58018662,T,0.24033,0.16667,0.0313,0,20190531540
174,2019053,1840,2019,53,18,40,NA,NA,A,NA,NA,NA,NA,20190531840
175,2019054,1445,2019,54,14,45,NA,NA,T,NA,NA,NA,NA,20190541445
176,2019054,1625,2019,54,16,25,NA,NA,T,NA,NA,NA,NA,20190541625
177,2019054,1920,2019,54,19,20,NA,NA,A,NA,NA,NA,NA,20190541920
178,2019054,1925,2019,54,19,25,NA,NA,A,NA,NA,NA,NA,20190541925
179,2019055,1530,2019,55,15,30,NA,NA,T,NA,NA,NA,NA,20190551530
180,2019055,1825,2019,55,18,25,NA,NA,A,NA,NA,NA,NA,20190551825
181,2019055,1830,2019,55,18,30,NA,NA,A,NA,NA,NA,NA,20190551830
182,2019056,1435,2019,56,14,35,NA,NA,T,NA,NA,NA,NA,20190561435
183,2019056,1610,2019,56,16,10,NA,NA,T,NA,NA,NA,NA,20190561610
184,2019056,1730,2019,56,17,30,NA,NA,A,NA,NA,NA,NA,20190561730
185,2019056,1910,2019,56,19,10,NA,NA,A,NA,NA,NA,NA,20190561910
186,2019057,1515,2019,57,15,15,NA,NA,T,NA,NA,NA,NA,20190571515
187,2019057,1815,2019,57,18,15,NA,NA,A,NA,NA,NA,NA,20190571815
188,2019058,1600,2019,58,16,0,NA,NA,T,NA,NA,NA,NA,20190581600
189,2019058,1855,2019,58,18,55,NA,NA,A,NA,NA,NA,NA,20190581855
190,2019058,1900,2019,58,19,0,NA,NA,A,NA,NA,NA,NA,20190581900
191,2019059,1505,2019,59,15,5,NA,NA,T,NA,NA,NA,NA,20190591505
192,2019059,1640,2019,59,16,40,NA,NA,T,NA,NA,NA,NA,20190591640
193,2019059,1800,2019,59,18,0,NA,NA,A,NA,NA,NA,NA,20190591800
194,2019059,1805,2019,59,18,5,NA,NA,A,NA,NA,NA,NA,20190591805
195,2019060,1550,2019,60,15,50,NA,NA,T,NA,NA,NA,NA,20190601550
196,2019060,1845,2019,60,18,45,NA,NA,A,NA,NA,NA,NA,20190601845
197,2019061,1450,2019,61,14,50,NA,NA,T,NA,NA,NA,NA,20190611450
198,2019061,1630,2019,61,16,30,NA,NA,T,NA,NA,NA,NA,20190611630
199,2019061,1750,2019,61,17,50,NA,NA,A,NA,NA,NA,NA,20190611750
200,2019061,1925,2019,61,19,25,NA,NA,A,NA,NA,NA,NA,20190611925
201,2019061,1930,2019,61,19,30,NA,NA,A,NA,NA,NA,NA,20190611930
202,2019062,1535,2019,62,15,35,NA,NA,T,NA,NA,NA,NA,20190621535
203,2019062,1830,2019,62,18,30,NA,NA,A,NA,NA,NA,NA,20190621830
204,2019062,1835,2019,62,18,35,NA,NA,A,NA,NA,NA,NA,20190621835
205,2019063,1440,2019,63,14,40,NA,NA,T,NA,NA,NA,NA,20190631440
206,2019063,1620,2019,63,16,20,NA,NA,T,NA,NA,NA,NA,20190631620
207,2019063,1735,2019,63,17,35,NA,NA,A,NA,NA,NA,NA,20190631735
208,2019063,1915,2019,63,19,15,NA,NA,A,NA,NA,NA,NA,20190631915
209,2019063,1920,2019,63,19,20,NA,NA,A,NA,NA,NA,NA,20190631920
210,2019064,1525,2019,64,15,25,NA,NA,T,NA,NA,NA,NA,20190641525
211,2019064,1820,2019,64,18,20,NA,NA,A,NA,NA,NA,NA,20190641820
212,2019065,1430,2019,65,14,30,NA,NA,T,NA,NA,NA,NA,20190651430
213,2019065,1905,2019,65,19,5,NA,NA,A,NA,NA,NA,NA,20190651905
214,2019066,1510,2019,66,15,10,NA,NA,T,NA,NA,NA,NA,20190661510
215,2019066,1805,2019,66,18,5,NA,NA,A,NA,NA,NA,NA,20190661805
216,2019066,1810,2019,66,18,10,NA,NA,A,NA,NA,NA,NA,20190661810
217,2019067,1555,2019,67,15,55,NA,NA,T,NA,NA,NA,NA,20190671555
218,2019067,1850,2019,67,18,50,NA,NA,A,NA,NA,NA,NA,20190671850
219,2019067,1855,2019,67,18,55,NA,NA,A,NA,NA,NA,NA,20190671855
220,2019068,1500,2019,68,15,0,NA,NA,T,NA,NA,NA,NA,20190681500
221,2019068,1635,2019,68,16,35,NA,NA,T,NA,NA,NA,NA,20190681635
222,2019068,1755,2019,68,17,55,NA,NA,A,NA,NA,NA,NA,20190681755
223,2019068,1935,2019,68,19,35,NA,NA,A,NA,NA,NA,NA,20190681935
224,2019069,1540,2019,69,15,40,NA,NA,T,NA,NA,NA,NA,20190691540
225,2019069,1840,2019,69,18,40,NA,NA,A,NA,NA,NA,NA,20190691840
226,2019070,1445,2019,70,14,45,NA,NA,T,NA,NA,NA,NA,20190701445
227,2019070,1625,2019,70,16,25,NA,NA,T,NA,NA,NA,NA,20190701625
228,2019070,1920,2019,70,19,20,NA,NA,A,NA,NA,NA,NA,20190701920
229,2019070,1925,2019,70,19,25,NA,NA,A,NA,NA,NA,NA,20190701925
230,2019071,1530,2019,71,15,30,NA,NA,T,NA,NA,NA,NA,20190711530
231,2019071,1825,2019,71,18,25,NA,NA,A,NA,NA,NA,NA,20190711825
232,2019071,1830,2019,71,18,30,NA,NA,A,NA,NA,NA,NA,20190711830
233,2019072,1435,2019,72,14,35,NA,NA,T,NA,NA,NA,NA,20190721435
234,2019072,1610,2019,72,16,10,NA,NA,T,NA,NA,NA,NA,20190721610
235,2019072,1730,2019,72,17,30,NA,NA,A,NA,NA,NA,NA,20190721730
236,2019072,1910,2019,72,19,10,NA,NA,A,NA,NA,NA,NA,20190721910
237,2019073,1515,2019,73,15,15,NA,NA,T,NA,NA,NA,NA,20190731515
238,2019073,1815,2019,73,18,15,NA,NA,A,NA,NA,NA,NA,20190731815
239,2019074,1600,2019,74,16,0,NA,NA,T,NA,NA,NA,NA,20190741600
240,2019074,1855,2019,74,18,55,NA,NA,A,NA,NA,NA,NA,20190741855
241,2019074,1900,2019,74,19,0,NA,NA,A,NA,NA,NA,NA,20190741900
242,2019075,1505,2019,75,15,5,NA,NA,T,NA,NA,NA,NA,20190751505
243,2019075,1640,2019,75,16,40,NA,NA,T,NA,NA,NA,NA,20190751640
244,2019075,1800,2019,75,18,0,NA,NA,A,NA,NA,NA,NA,20190751800
245,2019075,1805,2019,75,18,5,NA,NA,A,NA,NA,NA,NA,20190751805
246,2019076,1550,2019,76,15,50,NA,NA,T,NA,NA,NA,NA,20190761550
247,2019076,1845,2019,76,18,45,NA,NA,A,NA,NA,NA,NA,20190761845
248,2019077,1455,2019,77,14,55,NA,NA,T,NA,NA,NA,NA,20190771455
249,2019077,1630,2019,77,16,30,NA,NA,T,NA,NA,NA,NA,20190771630
250,2019077,1750,2019,77,17,50,NA,NA,A,NA,NA,NA,NA,20190771750
251,2019077,1925,2019,77,19,25,NA,NA,A,NA,NA,NA,NA,20190771925
252,2019077,1930,2019,77,19,30,NA,NA,A,NA,NA,NA,NA,20190771930
253,2019078,1535,2019,78,15,35,NA,NA,T,NA,NA,NA,NA,20190781535
254,2019078,1830,2019,78,18,30,NA,NA,A,NA,NA,NA,NA,20190781830
255,2019078,1835,2019,78,18,35,NA,NA,A,NA,NA,NA,NA,20190781835
256,2019079,1440,2019,79,14,40,NA,NA,T,NA,NA,NA,NA,20190791440
257,2019079,1620,2019,79,16,20,NA,NA,T,NA,NA,NA,NA,20190791620
258,2019079,1735,2019,79,17,35,NA,NA,A,NA,NA,NA,NA,20190791735
259,2019079,1915,2019,79,19,15,NA,NA,A,NA,NA,NA,NA,20190791915
260,2019079,1920,2019,79,19,20,NA,NA,A,NA,NA,NA,NA,20190791920
261,2019080,1525,2019,80,15,25,NA,NA,T,NA,NA,NA,NA,20190801525
262,2019080,1820,2019,80,18,20,NA,NA,A,NA,NA,NA,NA,20190801820
263,2019080,1825,2019,80,18,25,NA,NA,A,NA,NA,NA,NA,20190801825
264,2019081,1430,2019,81,14,30,NA,NA,T,NA,NA,NA,NA,20190811430
265,2019081,1605,2019,81,16,5,NA,NA,T,NA,NA,NA,NA,20190811605
266,2019081,1905,2019,81,19,5,NA,NA,A,NA,NA,NA,NA,20190811905
267,2019082,1510,2019,82,15,10,NA,NA,T,NA,NA,NA,NA,20190821510
268,2019082,1805,2019,82,18,5,NA,NA,A,NA,NA,NA,NA,20190821805
269,2019082,1810,2019,82,18,10,NA,NA,A,NA,NA,NA,NA,20190821810
270,2019083,1555,2019,83,15,55,NA,NA,T,NA,NA,NA,NA,20190831555
271,2019083,1850,2019,83,18,50,NA,NA,A,NA,NA,NA,NA,20190831850
272,2019083,1855,2019,83,18,55,NA,NA,A,NA,NA,NA,NA,20190831855
273,2019084,1500,2019,84,15,0,NA,NA,T,NA,NA,NA,NA,20190841500
274,2019084,1635,2019,84,16,35,NA,NA,T,NA,NA,NA,NA,20190841635
275,2019084,1755,2019,84,17,55,NA,NA,A,NA,NA,NA,NA,20190841755
276,2019084,1935,2019,84,19,35,NA,NA,A,NA,NA,NA,NA,20190841935
277,2019085,1540,2019,85,15,40,NA,NA,T,NA,NA,NA,NA,20190851540
278,2019085,1840,2019,85,18,40,NA,NA,A,NA,NA,NA,NA,20190851840
279,2019086,1445,2019,86,14,45,NA,NA,T,NA,NA,NA,NA,20190861445
280,2019086,1625,2019,86,16,25,NA,NA,T,NA,NA,NA,NA,20190861625
281,2019086,1745,2019,86,17,45,NA,NA,A,NA,NA,NA,NA,20190861745
282,2019086,1920,2019,86,19,20,NA,NA,A,NA,NA,NA,NA,20190861920
283,2019086,1925,2019,86,19,25,NA,NA,A,NA,NA,NA,NA,20190861925
284,2019087,1530,2019,87,15,30,NA,NA,T,NA,NA,NA,NA,20190871530
285,2019087,1825,2019,87,18,25,NA,NA,A,NA,NA,NA,NA,20190871825
286,2019087,1830,2019,87,18,30,NA,NA,A,NA,NA,NA,NA,20190871830
287,2019088,1435,2019,88,14,35,NA,NA,T,NA,NA,NA,NA,20190881435
288,2019088,1610,2019,88,16,10,NA,NA,T,NA,NA,NA,NA,20190881610
289,2019088,1730,2019,88,17,30,NA,NA,A,NA,NA,NA,NA,20190881730
290,2019088,1910,2019,88,19,10,NA,NA,A,NA,NA,NA,NA,20190881910
291,2019089,1515,2019,89,15,15,NA,NA,T,NA,NA,NA,NA,20190891515
292,2019089,1815,2019,89,18,15,NA,NA,A,NA,NA,NA,NA,20190891815
293,2019090,1600,2019,90,16,0,NA,NA,T,NA,NA,NA,NA,20190901600
294,2019090,1855,2019,90,18,55,NA,NA,A,NA,NA,NA,NA,20190901855
295,2019090,1900,2019,90,19,0,NA,NA,A,NA,NA,NA,NA,20190901900
296,2019091,1505,2019,91,15,5,NA,NA,T,NA,NA,NA,NA,20190911505
297,2019091,1640,2019,91,16,40,NA,NA,T,NA,NA,NA,NA,20190911640
298,2019091,1800,2019,91,18,0,NA,NA,A,NA,NA,NA,NA,20190911800
299,2019091,1805,2019,91,18,5,NA,NA,A,NA,NA,NA,NA,20190911805
300,2019092,1550,2019,92,15,50,NA,NA,T,NA,NA,NA,NA,20190921550
301,2019092,1845,2019,92,18,45,NA,NA,A,NA,NA,NA,NA,20190921845
302,2019093,1455,2019,93,14,55,NA,NA,T,NA,NA,NA,NA,20190931455
303,2019093,1630,2019,93,16,30,NA,NA,T,NA,NA,NA,NA,20190931630
304,2019093,1750,2019,93,17,50,NA,NA,A,NA,NA,NA,NA,20190931750
305,2019093,1930,2019,93,19,30,NA,NA,A,NA,NA,NA,NA,20190931930
306,2019094,1535,2019,94,15,35,NA,NA,T,NA,NA,NA,NA,20190941535
307,2019094,1830,2019,94,18,30,NA,NA,A,NA,NA,NA,NA,20190941830
308,2019094,1835,2019,94,18,35,NA,NA,A,NA,NA,NA,NA,20190941835
309,2019095,1440,2019,95,14,40,NA,NA,T,NA,NA,NA,NA,20190951440
310,2019095,1620,2019,95,16,20,NA,NA,T,NA,NA,NA,NA,20190951620
311,2019095,1735,2019,95,17,35,NA,NA,A,NA,NA,NA,NA,20190951735
312,2019095,1915,2019,95,19,15,NA,NA,A,NA,NA,NA,NA,20190951915
313,2019095,1920,2019,95,19,20,NA,NA,A,NA,NA,NA,NA,20190951920
314,2019096,1525,2019,96,15,25,NA,NA,T,NA,NA,NA,NA,20190961525
315,2019096,1820,2019,96,18,20,NA,NA,A,NA,NA,NA,NA,20190961820
316,2019096,1825,2019,96,18,25,NA,NA,A,NA,NA,NA,NA,20190961825
317,2019097,1430,2019,97,14,30,NA,NA,T,NA,NA,NA,NA,20190971430
318,2019097,1605,2019,97,16,5,NA,NA,T,NA,NA,NA,NA,20190971605
319,2019097,1905,2019,97,19,5,NA,NA,A,NA,NA,NA,NA,20190971905
320,2019098,1510,2019,98,15,10,NA,NA,T,NA,NA,NA,NA,20190981510
321,2019098,1805,2019,98,18,5,NA,NA,A,NA,NA,NA,NA,20190981805
322,2019098,1810,2019,98,18,10,NA,NA,A,NA,NA,NA,NA,20190981810
323,2019099,1555,2019,99,15,55,NA,NA,T,NA,NA,NA,NA,20190991555
324,2019099,1850,2019,99,18,50,NA,NA,A,NA,NA,NA,NA,20190991850
325,2019099,1855,2019,99,18,55,NA,NA,A,NA,NA,NA,NA,20190991855
326,2019100,1500,2019,100,15,0,NA,NA,T,NA,NA,NA,NA,20191001500
327,2019100,1635,2019,100,16,35,NA,NA,T,NA,NA,NA,NA,20191001635
328,2019100,1755,2019,100,17,55,NA,NA,A,NA,NA,NA,NA,20191001755
329,2019100,1935,2019,100,19,35,NA,NA,A,NA,NA,NA,NA,20191001935
330,2019101,1540,2019,101,15,40,NA,NA,T,NA,NA,NA,NA,20191011540
331,2019101,1840,2019,101,18,40,NA,NA,A,NA,NA,NA,NA,20191011840
332,2019102,1445,2019,102,14,45,NA,NA,T,NA,NA,NA,NA,20191021445
333,2019102,1625,2019,102,16,25,NA,NA,T,NA,NA,NA,NA,20191021625
334,2019102,1745,2019,102,17,45,NA,NA,A,NA,NA,NA,NA,20191021745
335,2019102,1920,2019,102,19,20,NA,NA,A,NA,NA,NA,NA,20191021920
336,2019102,1925,2019,102,19,25,NA,NA,A,NA,NA,NA,NA,20191021925
337,2019103,1530,2019,103,15,30,NA,NA,T,NA,NA,NA,NA,20191031530
338,2019103,1825,2019,103,18,25,NA,NA,A,NA,NA,NA,NA,20191031825
339,2019103,1830,2019,103,18,30,NA,NA,A,NA,NA,NA,NA,20191031830
340,2019104,1435,2019,104,14,35,NA,NA,T,NA,NA,NA,NA,20191041435
341,2019104,1610,2019,104,16,10,NA,NA,T,NA,NA,NA,NA,20191041610
342,2019104,1730,2019,104,17,30,NA,NA,A,NA,NA,NA,NA,20191041730
343,2019104,1910,2019,104,19,10,NA,NA,A,NA,NA,NA,NA,20191041910
344,2019105,1515,2019,105,15,15,NA,NA,T,NA,NA,NA,NA,20191051515
345,2019105,1815,2019,105,18,15,NA,NA,A,NA,NA,NA,NA,20191051815
346,2019106,1600,2019,106,16,0,NA,NA,T,NA,NA,NA,NA,20191061600
347,2019106,1855,2019,106,18,55,NA,NA,A,NA,NA,NA,NA,20191061855
348,2019106,1900,2019,106,19,0,NA,NA,A,NA,NA,NA,NA,20191061900
349,2019107,1505,2019,107,15,5,NA,NA,T,NA,NA,NA,NA,20191071505
350,2019107,1640,2019,107,16,40,NA,NA,T,NA,NA,NA,NA,20191071640
351,2019107,1800,2019,107,18,0,NA,NA,A,NA,NA,NA,NA,20191071800
352,2019107,1805,2019,107,18,5,NA,NA,A,NA,NA,NA,NA,20191071805
353,2019108,1550,2019,108,15,50,NA,NA,T,NA,NA,NA,NA,20191081550
354,2019108,1845,2019,108,18,45,NA,NA,A,NA,NA,NA,NA,20191081845
355,2019109,1455,2019,109,14,55,NA,NA,T,NA,NA,NA,NA,20191091455
356,2019109,1630,2019,109,16,30,NA,NA,T,NA,NA,NA,NA,20191091630
357,2019109,1750,2019,109,17,50,NA,NA,A,NA,NA,NA,NA,20191091750
358,2019109,1925,2019,109,19,25,NA,NA,A,NA,NA,NA,NA,20191091925
359,2019109,1930,2019,109,19,30,NA,NA,A,NA,NA,NA,NA,20191091930
360,2019110,1535,2019,110,15,35,NA,NA,T,NA,NA,NA,NA,20191101535
361,2019110,1830,2019,110,18,30,NA,NA,A,NA,NA,NA,NA,20191101830
362,2019110,1835,2019,110,18,35,NA,NA,A,NA,NA,NA,NA,20191101835
363,2019111,1440,2019,111,14,40,NA,NA,T,NA,NA,NA,NA,20191111440
364,2019111,1620,2019,111,16,20,NA,NA,T,NA,NA,NA,NA,20191111620
365,2019111,1735,2019,111,17,35,NA,NA,A,NA,NA,NA,NA,20191111735
366,2019111,1915,2019,111,19,15,NA,NA,A,NA,NA,NA,NA,20191111915
367,2019111,1920,2019,111,19,20,NA,NA,A,NA,NA,NA,NA,20191111920
368,2019112,1525,2019,112,15,25,NA,NA,T,NA,NA,NA,NA,20191121525
369,2019112,1820,2019,112,18,20,NA,NA,A,NA,NA,NA,NA,20191121820
370,2019112,1825,2019,112,18,25,NA,NA,A,NA,NA,NA,NA,20191121825
371,2019113,1430,2019,113,14,30,NA,NA,T,NA,NA,NA,NA,20191131430
372,2019113,1605,2019,113,16,5,NA,NA,T,NA,NA,NA,NA,20191131605
373,2019113,1905,2019,113,19,5,NA,NA,A,NA,NA,NA,NA,20191131905
374,2019114,1510,2019,114,15,10,NA,NA,T,NA,NA,NA,NA,20191141510
375,2019114,1805,2019,114,18,5,NA,NA,A,NA,NA,NA,NA,20191141805
376,2019114,1810,2019,114,18,10,NA,NA,A,NA,NA,NA,NA,20191141810
377,2019115,1555,2019,115,15,55,NA,NA,T,NA,NA,NA,NA,20191151555
378,2019115,1850,2019,115,18,50,NA,NA,A,NA,NA,NA,NA,20191151850
379,2019115,1855,2019,115,18,55,NA,NA,A,NA,NA,NA,NA,20191151855
380,2019116,1500,2019,116,15,0,NA,NA,T,NA,NA,NA,NA,20191161500
381,2019116,1635,2019,116,16,35,NA,NA,T,NA,NA,NA,NA,20191161635
382,2019116,1755,2019,116,17,55,NA,NA,A,NA,NA,NA,NA,20191161755
383,2019116,1935,2019,116,19,35,NA,NA,A,NA,NA,NA,NA,20191161935
384,2019117,1540,2019,117,15,40,NA,NA,T,NA,NA,NA,NA,20191171540
385,2019117,1840,2019,117,18,40,NA,NA,A,NA,NA,NA,NA,20191171840
386,2019118,1445,2019,118,14,45,NA,NA,T,NA,NA,NA,NA,20191181445
387,2019118,1625,2019,118,16,25,NA,NA,T,NA,NA,NA,NA,20191181625
388,2019118,1920,2019,118,19,20,NA,NA,A,NA,NA,NA,NA,20191181920
389,2019118,1925,2019,118,19,25,NA,NA,A,NA,NA,NA,NA,20191181925
390,2019119,1530,2019,119,15,30,NA,NA,T,NA,NA,NA,NA,20191191530
391,2019119,1825,2019,119,18,25,NA,NA,A,NA,NA,NA,NA,20191191825
392,2019119,1830,2019,119,18,30,NA,NA,A,NA,NA,NA,NA,20191191830
393,2019120,1435,2019,120,14,35,NA,NA,T,NA,NA,NA,NA,20191201435
394,2019120,1610,2019,120,16,10,NA,NA,T,NA,NA,NA,NA,20191201610
395,2019120,1730,2019,120,17,30,NA,NA,A,NA,NA,NA,NA,20191201730
396,2019120,1910,2019,120,19,10,NA,NA,A,NA,NA,NA,NA,20191201910
397,2019121,1515,2019,121,15,15,NA,NA,T,NA,NA,NA,NA,20191211515
398,2019121,1815,2019,121,18,15,NA,NA,A,NA,NA,NA,NA,20191211815
399,2019122,1600,2019,122,16,0,NA,NA,T,NA,NA,NA,NA,20191221600
400,2019122,1855,2019,122,18,55,NA,NA,A,NA,NA,NA,NA,20191221855
401,2019122,1900,2019,122,19,0,NA,NA,A,NA,NA,NA,NA,20191221900
402,2019123,1505,2019,123,15,5,NA,NA,T,NA,NA,NA,NA,20191231505
403,2019123,1640,2019,123,16,40,NA,NA,T,NA,NA,NA,NA,20191231640
404,2019123,1800,2019,123,18,0,NA,NA,A,NA,NA,NA,NA,20191231800
405,2019123,1805,2019,123,18,5,NA,NA,A,NA,NA,NA,NA,20191231805
406,2019124,1550,2019,124,15,50,NA,NA,T,NA,NA,NA,NA,20191241550
407,2019124,1845,2019,124,18,45,NA,NA,A,NA,NA,NA,NA,20191241845
408,2019125,1455,2019,125,14,55,NA,NA,T,NA,NA,NA,NA,20191251455
409,2019125,1630,2019,125,16,30,NA,NA,T,NA,NA,NA,NA,20191251630
410,2019125,1750,2019,125,17,50,NA,NA,A,NA,NA,NA,NA,20191251750
411,2019125,1925,2019,125,19,25,NA,NA,A,NA,NA,NA,NA,20191251925
412,2019125,1930,2019,125,19,30,NA,NA,A,NA,NA,NA,NA,20191251930
413,2019126,1535,2019,126,15,35,NA,NA,T,NA,NA,NA,NA,20191261535
414,2019126,1830,2019,126,18,30,NA,NA,A,NA,NA,NA,NA,20191261830
415,2019126,1835,2019,126,18,35,NA,NA,A,NA,NA,NA,NA,20191261835
416,2019127,1440,2019,127,14,40,NA,NA,T,NA,NA,NA,NA,20191271440
417,2019127,1620,2019,127,16,20,NA,NA,T,NA,NA,NA,NA,20191271620
418,2019127,1735,2019,127,17,35,NA,NA,A,NA,NA,NA,NA,20191271735
419,2019127,1915,2019,127,19,15,NA,NA,A,NA,NA,NA,NA,20191271915
420,2019127,1920,2019,127,19,20,NA,NA,A,NA,NA,NA,NA,20191271920
421,2019128,1525,2019,128,15,25,NA,NA,T,NA,NA,NA,NA,20191281525
422,2019128,1820,2019,128,18,20,NA,NA,A,NA,NA,NA,NA,20191281820
423,2019129,1430,2019,129,14,30,NA,NA,T,NA,NA,NA,NA,20191291430
424,2019129,1605,2019,129,16,5,NA,NA,T,NA,NA,NA,NA,20191291605
425,2019129,1905,2019,129,19,5,NA,NA,A,NA,NA,NA,NA,20191291905
426,2019130,1510,2019,130,15,10,NA,NA,T,NA,NA,NA,NA,20191301510
427,2019130,1805,2019,130,18,5,NA,NA,A,NA,NA,NA,NA,20191301805
428,2019130,1810,2019,130,18,10,NA,NA,A,NA,NA,NA,NA,20191301810
429,2019131,1555,2019,131,15,55,NA,NA,T,NA,NA,NA,NA,20191311555
430,2019131,1850,2019,131,18,50,NA,NA,A,NA,NA,NA,NA,20191311850
431,2019131,1855,2019,131,18,55,NA,NA,A,NA,NA,NA,NA,20191311855
432,2019132,1500,2019,132,15,0,NA,NA,T,NA,NA,NA,NA,20191321500
433,2019132,1635,2019,132,16,35,NA,NA,T,NA,NA,NA,NA,20191321635
434,2019132,1755,2019,132,17,55,NA,NA,A,NA,NA,NA,NA,20191321755
435,2019132,1935,2019,132,19,35,NA,NA,A,NA,NA,NA,NA,20191321935
436,2019133,1540,2019,133,15,40,NA,NA,T,NA,NA,NA,NA,20191331540
437,2019133,1840,2019,133,18,40,NA,NA,A,NA,NA,NA,NA,20191331840
438,2019134,1445,2019,134,14,45,NA,NA,T,NA,NA,NA,NA,20191341445
439,2019134,1625,2019,134,16,25,NA,NA,T,NA,NA,NA,NA,20191341625
440,2019134,1920,2019,134,19,20,NA,NA,A,NA,NA,NA,NA,20191341920
441,2019134,1925,2019,134,19,25,NA,NA,A,NA,NA,NA,NA,20191341925
442,2019135,1530,2019,135,15,30,NA,NA,T,NA,NA,NA,NA,20191351530
443,2019135,1825,2019,135,18,25,NA,NA,A,NA,NA,NA,NA,20191351825
444,2019135,1830,2019,135,18,30,NA,NA,A,NA,NA,NA,NA,20191351830
445,2019136,1435,2019,136,14,35,NA,NA,T,NA,NA,NA,NA,20191361435
446,2019136,1610,2019,136,16,10,NA,NA,T,NA,NA,NA,NA,20191361610
447,2019136,1730,2019,136,17,30,NA,NA,A,NA,NA,NA,NA,20191361730
448,2019136,1910,2019,136,19,10,NA,NA,A,NA,NA,NA,NA,20191361910
449,2019137,1515,2019,137,15,15,NA,NA,T,NA,NA,NA,NA,20191371515
450,2019137,1815,2019,137,18,15,NA,NA,A,NA,NA,NA,NA,20191371815
451,2019138,1600,2019,138,16,0,NA,NA,T,NA,NA,NA,NA,20191381600
452,2019138,1855,2019,138,18,55,NA,NA,A,NA,NA,NA,NA,20191381855
453,2019138,1900,2019,138,19,0,NA,NA,A,NA,NA,NA,NA,20191381900
454,2019139,1505,2019,139,15,5,NA,NA,T,NA,NA,NA,NA,20191391505
455,2019139,1640,2019,139,16,40,NA,NA,T,NA,NA,NA,NA,20191391640
456,2019139,1800,2019,139,18,0,NA,NA,A,NA,NA,NA,NA,20191391800
457,2019139,1805,2019,139,18,5,NA,NA,A,NA,NA,NA,NA,20191391805
458,2019140,1550,2019,140,15,50,NA,NA,T,NA,NA,NA,NA,20191401550
459,2019140,1845,2019,140,18,45,NA,NA,A,NA,NA,NA,NA,20191401845
460,2019141,1455,2019,141,14,55,NA,NA,T,NA,NA,NA,NA,20191411455
461,2019141,1630,2019,141,16,30,NA,NA,T,NA,NA,NA,NA,20191411630
462,2019141,1750,2019,141,17,50,NA,NA,A,NA,NA,NA,NA,20191411750
463,2019141,1925,2019,141,19,25,NA,NA,A,NA,NA,NA,NA,20191411925
464,2019141,1930,2019,141,19,30,NA,NA,A,NA,NA,NA,NA,20191411930
465,2019142,1535,2019,142,15,35,6.262499999,-75.58018662,T,0.19575,0.13525,0.0353,0,20191421535
466,2019142,1830,2019,142,18,30,NA,NA,A,NA,NA,NA,NA,20191421830
467,2019142,1835,2019,142,18,35,NA,NA,A,NA,NA,NA,NA,20191421835
468,2019143,1440,2019,143,14,40,NA,NA,T,NA,NA,NA,NA,20191431440
469,2019143,1620,2019,143,16,20,NA,NA,T,NA,NA,NA,NA,20191431620
470,2019143,1735,2019,143,17,35,NA,NA,A,NA,NA,NA,NA,20191431735
471,2019143,1915,2019,143,19,15,NA,NA,A,NA,NA,NA,NA,20191431915
472,2019144,1525,2019,144,15,25,6.262499999,-75.58018662,T,0.13475,0.09275,0.0351,0,20191441525
473,2019144,1820,2019,144,18,20,NA,NA,A,NA,NA,NA,NA,20191441820
474,2019145,1430,2019,145,14,30,NA,NA,T,NA,NA,NA,NA,20191451430
475,2019145,1605,2019,145,16,5,NA,NA,T,NA,NA,NA,NA,20191451605
476,2019145,1900,2019,145,19,0,NA,NA,A,NA,NA,NA,NA,20191451900
477,2019145,1905,2019,145,19,5,NA,NA,A,NA,NA,NA,NA,20191451905
478,2019146,1510,2019,146,15,10,NA,NA,T,NA,NA,NA,NA,20191461510
479,2019146,1805,2019,146,18,5,NA,NA,A,NA,NA,NA,NA,20191461805
480,2019146,1810,2019,146,18,10,NA,NA,A,NA,NA,NA,NA,20191461810
481,2019147,1555,2019,147,15,55,NA,NA,T,NA,NA,NA,NA,20191471555
482,2019147,1850,2019,147,18,50,NA,NA,A,NA,NA,NA,NA,20191471850
483,2019147,1855,2019,147,18,55,NA,NA,A,NA,NA,NA,NA,20191471855
484,2019148,1500,2019,148,15,0,NA,NA,T,NA,NA,NA,NA,20191481500
485,2019148,1635,2019,148,16,35,NA,NA,T,NA,NA,NA,NA,20191481635
486,2019148,1755,2019,148,17,55,NA,NA,A,NA,NA,NA,NA,20191481755
487,2019148,1935,2019,148,19,35,NA,NA,A,NA,NA,NA,NA,20191481935
488,2019149,1540,2019,149,15,40,NA,NA,T,NA,NA,NA,NA,20191491540
489,2019149,1840,2019,149,18,40,NA,NA,A,NA,NA,NA,NA,20191491840
490,2019150,1445,2019,150,14,45,NA,NA,T,NA,NA,NA,NA,20191501445
491,2019150,1625,2019,150,16,25,NA,NA,T,NA,NA,NA,NA,20191501625
492,2019150,1740,2019,150,17,40,NA,NA,A,NA,NA,NA,NA,20191501740
493,2019150,1920,2019,150,19,20,NA,NA,A,NA,NA,NA,NA,20191501920
494,2019150,1925,2019,150,19,25,NA,NA,A,NA,NA,NA,NA,20191501925
495,2019151,1530,2019,151,15,30,NA,NA,T,NA,NA,NA,NA,20191511530
496,2019151,1825,2019,151,18,25,NA,NA,A,NA,NA,NA,NA,20191511825
497,2019151,1830,2019,151,18,30,NA,NA,A,NA,NA,NA,NA,20191511830
498,2019152,1435,2019,152,14,35,NA,NA,T,NA,NA,NA,NA,20191521435
499,2019152,1610,2019,152,16,10,NA,NA,T,NA,NA,NA,NA,20191521610
500,2019152,1730,2019,152,17,30,NA,NA,A,NA,NA,NA,NA,20191521730
501,2019152,1910,2019,152,19,10,NA,NA,A,NA,NA,NA,NA,20191521910
502,2019153,1515,2019,153,15,15,NA,NA,T,NA,NA,NA,NA,20191531515
503,2019153,1815,2019,153,18,15,NA,NA,A,NA,NA,NA,NA,20191531815
504,2019154,1600,2019,154,16,0,NA,NA,T,NA,NA,NA,NA,20191541600
505,2019154,1855,2019,154,18,55,NA,NA,A,NA,NA,NA,NA,20191541855
506,2019154,1900,2019,154,19,0,NA,NA,A,NA,NA,NA,NA,20191541900
507,2019155,1505,2019,155,15,5,NA,NA,T,NA,NA,NA,NA,20191551505
508,2019155,1640,2019,155,16,40,NA,NA,T,NA,NA,NA,NA,20191551640
509,2019155,1800,2019,155,18,0,NA,NA,A,NA,NA,NA,NA,20191551800
510,2019155,1805,2019,155,18,5,NA,NA,A,NA,NA,NA,NA,20191551805
511,2019156,1550,2019,156,15,50,6.262499999,-75.58018662,T,0.17025,0.117,0.0309,0,20191561550
512,2019156,1845,2019,156,18,45,NA,NA,A,NA,NA,NA,NA,20191561845
513,2019157,1450,2019,157,14,50,NA,NA,T,NA,NA,NA,NA,20191571450
514,2019157,1630,2019,157,16,30,NA,NA,T,NA,NA,NA,NA,20191571630
515,2019157,1750,2019,157,17,50,NA,NA,A,NA,NA,NA,NA,20191571750
516,2019157,1925,2019,157,19,25,NA,NA,A,NA,NA,NA,NA,20191571925
517,2019157,1930,2019,157,19,30,NA,NA,A,NA,NA,NA,NA,20191571930
518,2019158,1535,2019,158,15,35,NA,NA,T,NA,NA,NA,NA,20191581535
519,2019158,1830,2019,158,18,30,NA,NA,A,NA,NA,NA,NA,20191581830
520,2019158,1835,2019,158,18,35,NA,NA,A,NA,NA,NA,NA,20191581835
521,2019159,1440,2019,159,14,40,NA,NA,T,NA,NA,NA,NA,20191591440
522,2019159,1620,2019,159,16,20,NA,NA,T,NA,NA,NA,NA,20191591620
523,2019159,1735,2019,159,17,35,NA,NA,A,NA,NA,NA,NA,20191591735
524,2019159,1915,2019,159,19,15,NA,NA,A,NA,NA,NA,NA,20191591915
525,2019160,1525,2019,160,15,25,NA,NA,T,NA,NA,NA,NA,20191601525
526,2019160,1820,2019,160,18,20,NA,NA,A,NA,NA,NA,NA,20191601820
527,2019161,1430,2019,161,14,30,NA,NA,T,NA,NA,NA,NA,20191611430
528,2019161,1605,2019,161,16,5,NA,NA,T,NA,NA,NA,NA,20191611605
529,2019161,1900,2019,161,19,0,NA,NA,A,NA,NA,NA,NA,20191611900
530,2019161,1905,2019,161,19,5,NA,NA,A,NA,NA,NA,NA,20191611905
531,2019162,1510,2019,162,15,10,NA,NA,T,NA,NA,NA,NA,20191621510
532,2019162,1805,2019,162,18,5,NA,NA,A,NA,NA,NA,NA,20191621805
533,2019162,1810,2019,162,18,10,NA,NA,A,NA,NA,NA,NA,20191621810
534,2019163,1555,2019,163,15,55,NA,NA,T,NA,NA,NA,NA,20191631555
535,2019163,1850,2019,163,18,50,NA,NA,A,NA,NA,NA,NA,20191631850
536,2019163,1855,2019,163,18,55,NA,NA,A,NA,NA,NA,NA,20191631855
537,2019164,1500,2019,164,15,0,NA,NA,T,NA,NA,NA,NA,20191641500
538,2019164,1635,2019,164,16,35,NA,NA,T,NA,NA,NA,NA,20191641635
539,2019164,1755,2019,164,17,55,NA,NA,A,NA,NA,NA,NA,20191641755
540,2019164,1935,2019,164,19,35,NA,NA,A,NA,NA,NA,NA,20191641935
541,2019165,1540,2019,165,15,40,NA,NA,T,NA,NA,NA,NA,20191651540
542,2019165,1840,2019,165,18,40,NA,NA,A,NA,NA,NA,NA,20191651840
543,2019166,1445,2019,166,14,45,NA,NA,T,NA,NA,NA,NA,20191661445
544,2019166,1625,2019,166,16,25,NA,NA,T,NA,NA,NA,NA,20191661625
545,2019166,1740,2019,166,17,40,NA,NA,A,NA,NA,NA,NA,20191661740
546,2019166,1920,2019,166,19,20,NA,NA,A,NA,NA,NA,NA,20191661920
547,2019166,1925,2019,166,19,25,NA,NA,A,NA,NA,NA,NA,20191661925
548,2019167,1530,2019,167,15,30,NA,NA,T,NA,NA,NA,NA,20191671530
549,2019167,1825,2019,167,18,25,NA,NA,A,NA,NA,NA,NA,20191671825
550,2019167,1830,2019,167,18,30,NA,NA,A,NA,NA,NA,NA,20191671830
551,2019168,1435,2019,168,14,35,NA,NA,T,NA,NA,NA,NA,20191681435
552,2019168,1610,2019,168,16,10,NA,NA,T,NA,NA,NA,NA,20191681610
553,2019168,1730,2019,168,17,30,NA,NA,A,NA,NA,NA,NA,20191681730
554,2019168,1910,2019,168,19,10,NA,NA,A,NA,NA,NA,NA,20191681910
555,2019169,1515,2019,169,15,15,NA,NA,T,NA,NA,NA,NA,20191691515
556,2019169,1815,2019,169,18,15,NA,NA,A,NA,NA,NA,NA,20191691815
557,2019170,1600,2019,170,16,0,NA,NA,T,NA,NA,NA,NA,20191701600
558,2019170,1855,2019,170,18,55,NA,NA,A,NA,NA,NA,NA,20191701855
559,2019170,1900,2019,170,19,0,NA,NA,A,NA,NA,NA,NA,20191701900
560,2019171,1505,2019,171,15,5,NA,NA,T,NA,NA,NA,NA,20191711505
561,2019171,1640,2019,171,16,40,NA,NA,T,NA,NA,NA,NA,20191711640
562,2019171,1800,2019,171,18,0,NA,NA,A,NA,NA,NA,NA,20191711800
563,2019171,1805,2019,171,18,5,NA,NA,A,NA,NA,NA,NA,20191711805
564,2019172,1550,2019,172,15,50,NA,NA,T,NA,NA,NA,NA,20191721550
565,2019172,1845,2019,172,18,45,NA,NA,A,NA,NA,NA,NA,20191721845
566,2019173,1450,2019,173,14,50,NA,NA,T,NA,NA,NA,NA,20191731450
567,2019173,1630,2019,173,16,30,NA,NA,T,NA,NA,NA,NA,20191731630
568,2019173,1750,2019,173,17,50,NA,NA,A,NA,NA,NA,NA,20191731750
569,2019173,1925,2019,173,19,25,NA,NA,A,NA,NA,NA,NA,20191731925
570,2019173,1930,2019,173,19,30,NA,NA,A,NA,NA,NA,NA,20191731930
571,2019174,1535,2019,174,15,35,NA,NA,T,NA,NA,NA,NA,20191741535
572,2019174,1830,2019,174,18,30,NA,NA,A,NA,NA,NA,NA,20191741830
573,2019174,1835,2019,174,18,35,NA,NA,A,NA,NA,NA,NA,20191741835
574,2019175,1440,2019,175,14,40,NA,NA,T,NA,NA,NA,NA,20191751440
575,2019175,1620,2019,175,16,20,NA,NA,T,NA,NA,NA,NA,20191751620
576,2019175,1735,2019,175,17,35,NA,NA,A,NA,NA,NA,NA,20191751735
577,2019175,1915,2019,175,19,15,NA,NA,A,NA,NA,NA,NA,20191751915
578,2019176,1525,2019,176,15,25,NA,NA,T,NA,NA,NA,NA,20191761525
579,2019176,1820,2019,176,18,20,NA,NA,A,NA,NA,NA,NA,20191761820
580,2019177,1430,2019,177,14,30,NA,NA,T,NA,NA,NA,NA,20191771430
581,2019177,1605,2019,177,16,5,6.254166666,-75.57898112,T,0.0285,0.0195,0.0157,0,20191771605
582,2019177,1900,2019,177,19,0,NA,NA,A,NA,NA,NA,NA,20191771900
583,2019177,1905,2019,177,19,5,NA,NA,A,NA,NA,NA,NA,20191771905
584,2019178,1510,2019,178,15,10,NA,NA,T,NA,NA,NA,NA,20191781510
585,2019178,1805,2019,178,18,5,NA,NA,A,NA,NA,NA,NA,20191781805
586,2019178,1810,2019,178,18,10,NA,NA,A,NA,NA,NA,NA,20191781810
587,2019179,1555,2019,179,15,55,NA,NA,T,NA,NA,NA,NA,20191791555
588,2019179,1850,2019,179,18,50,NA,NA,A,NA,NA,NA,NA,20191791850
589,2019179,1855,2019,179,18,55,NA,NA,A,NA,NA,NA,NA,20191791855
590,2019180,1500,2019,180,15,0,NA,NA,T,NA,NA,NA,NA,20191801500
591,2019180,1635,2019,180,16,35,NA,NA,T,NA,NA,NA,NA,20191801635
592,2019180,1755,2019,180,17,55,NA,NA,A,NA,NA,NA,NA,20191801755
593,2019180,1935,2019,180,19,35,NA,NA,A,NA,NA,NA,NA,20191801935
594,2019181,1540,2019,181,15,40,NA,NA,T,NA,NA,NA,NA,20191811540
595,2019181,1840,2019,181,18,40,NA,NA,A,NA,NA,NA,NA,20191811840
596,2019182,1445,2019,182,14,45,NA,NA,T,NA,NA,NA,NA,20191821445
597,2019182,1625,2019,182,16,25,NA,NA,T,NA,NA,NA,NA,20191821625
598,2019182,1740,2019,182,17,40,NA,NA,A,NA,NA,NA,NA,20191821740
599,2019182,1920,2019,182,19,20,NA,NA,A,NA,NA,NA,NA,20191821920
600,2019182,1925,2019,182,19,25,NA,NA,A,NA,NA,NA,NA,20191821925
601,2019183,1530,2019,183,15,30,NA,NA,T,NA,NA,NA,NA,20191831530
602,2019183,1825,2019,183,18,25,NA,NA,A,NA,NA,NA,NA,20191831825
603,2019183,1830,2019,183,18,30,NA,NA,A,NA,NA,NA,NA,20191831830
604,2019184,1435,2019,184,14,35,NA,NA,T,NA,NA,NA,NA,20191841435
605,2019184,1610,2019,184,16,10,NA,NA,T,NA,NA,NA,NA,20191841610
606,2019184,1730,2019,184,17,30,NA,NA,A,NA,NA,NA,NA,20191841730
607,2019184,1910,2019,184,19,10,NA,NA,A,NA,NA,NA,NA,20191841910
608,2019185,1515,2019,185,15,15,NA,NA,T,NA,NA,NA,NA,20191851515
609,2019185,1815,2019,185,18,15,NA,NA,A,NA,NA,NA,NA,20191851815
610,2019186,1600,2019,186,16,0,NA,NA,T,NA,NA,NA,NA,20191861600
611,2019186,1855,2019,186,18,55,NA,NA,A,NA,NA,NA,NA,20191861855
612,2019186,1900,2019,186,19,0,NA,NA,A,NA,NA,NA,NA,20191861900
613,2019187,1505,2019,187,15,5,NA,NA,T,NA,NA,NA,NA,20191871505
614,2019187,1640,2019,187,16,40,NA,NA,T,NA,NA,NA,NA,20191871640
615,2019187,1800,2019,187,18,0,NA,NA,A,NA,NA,NA,NA,20191871800
616,2019187,1805,2019,187,18,5,NA,NA,A,NA,NA,NA,NA,20191871805
617,2019188,1545,2019,188,15,45,NA,NA,T,NA,NA,NA,NA,20191881545
618,2019188,1845,2019,188,18,45,NA,NA,A,NA,NA,NA,NA,20191881845
619,2019189,1450,2019,189,14,50,NA,NA,T,NA,NA,NA,NA,20191891450
620,2019189,1630,2019,189,16,30,NA,NA,T,NA,NA,NA,NA,20191891630
621,2019189,1750,2019,189,17,50,NA,NA,A,NA,NA,NA,NA,20191891750
622,2019189,1925,2019,189,19,25,NA,NA,A,NA,NA,NA,NA,20191891925
623,2019189,1930,2019,189,19,30,NA,NA,A,NA,NA,NA,NA,20191891930
624,2019190,1535,2019,190,15,35,NA,NA,T,NA,NA,NA,NA,20191901535
625,2019190,1830,2019,190,18,30,NA,NA,A,NA,NA,NA,NA,20191901830
626,2019190,1835,2019,190,18,35,NA,NA,A,NA,NA,NA,NA,20191901835
627,2019191,1440,2019,191,14,40,NA,NA,T,NA,NA,NA,NA,20191911440
628,2019191,1620,2019,191,16,20,NA,NA,T,NA,NA,NA,NA,20191911620
629,2019191,1735,2019,191,17,35,NA,NA,A,NA,NA,NA,NA,20191911735
630,2019191,1915,2019,191,19,15,NA,NA,A,NA,NA,NA,NA,20191911915
631,2019192,1525,2019,192,15,25,NA,NA,T,NA,NA,NA,NA,20191921525
632,2019192,1820,2019,192,18,20,NA,NA,A,NA,NA,NA,NA,20191921820
633,2019193,1430,2019,193,14,30,NA,NA,T,NA,NA,NA,NA,20191931430
634,2019193,1605,2019,193,16,5,NA,NA,T,NA,NA,NA,NA,20191931605
635,2019193,1900,2019,193,19,0,NA,NA,A,NA,NA,NA,NA,20191931900
636,2019193,1905,2019,193,19,5,NA,NA,A,NA,NA,NA,NA,20191931905
637,2019194,1510,2019,194,15,10,NA,NA,T,NA,NA,NA,NA,20191941510
638,2019194,1805,2019,194,18,5,NA,NA,A,NA,NA,NA,NA,20191941805
639,2019194,1810,2019,194,18,10,NA,NA,A,NA,NA,NA,NA,20191941810
640,2019195,1555,2019,195,15,55,NA,NA,T,NA,NA,NA,NA,20191951555
641,2019195,1850,2019,195,18,50,NA,NA,A,NA,NA,NA,NA,20191951850
642,2019195,1855,2019,195,18,55,NA,NA,A,NA,NA,NA,NA,20191951855
643,2019196,1500,2019,196,15,0,NA,NA,T,NA,NA,NA,NA,20191961500
644,2019196,1635,2019,196,16,35,NA,NA,T,NA,NA,NA,NA,20191961635
645,2019196,1755,2019,196,17,55,NA,NA,A,NA,NA,NA,NA,20191961755
646,2019196,1935,2019,196,19,35,NA,NA,A,NA,NA,NA,NA,20191961935
647,2019197,1540,2019,197,15,40,NA,NA,T,NA,NA,NA,NA,20191971540
648,2019197,1840,2019,197,18,40,NA,NA,A,NA,NA,NA,NA,20191971840
649,2019198,1445,2019,198,14,45,NA,NA,T,NA,NA,NA,NA,20191981445
650,2019198,1625,2019,198,16,25,NA,NA,T,NA,NA,NA,NA,20191981625
651,2019198,1740,2019,198,17,40,NA,NA,A,NA,NA,NA,NA,20191981740
652,2019198,1920,2019,198,19,20,NA,NA,A,NA,NA,NA,NA,20191981920
653,2019198,1925,2019,198,19,25,NA,NA,A,NA,NA,NA,NA,20191981925
654,2019199,1530,2019,199,15,30,NA,NA,T,NA,NA,NA,NA,20191991530
655,2019199,1825,2019,199,18,25,6.254166666,-75.57898112,A,0.2055,0.142,0.0372,0,20191991825
656,2019199,1830,2019,199,18,30,NA,NA,A,NA,NA,NA,NA,20191991830
657,2019200,1435,2019,200,14,35,NA,NA,T,NA,NA,NA,NA,20192001435
658,2019200,1610,2019,200,16,10,NA,NA,T,NA,NA,NA,NA,20192001610
659,2019200,1730,2019,200,17,30,NA,NA,A,NA,NA,NA,NA,20192001730
660,2019200,1910,2019,200,19,10,NA,NA,A,NA,NA,NA,NA,20192001910
661,2019201,1515,2019,201,15,15,NA,NA,T,NA,NA,NA,NA,20192011515
662,2019201,1815,2019,201,18,15,NA,NA,A,NA,NA,NA,NA,20192011815
663,2019202,1600,2019,202,16,0,NA,NA,T,NA,NA,NA,NA,20192021600
664,2019202,1855,2019,202,18,55,NA,NA,A,NA,NA,NA,NA,20192021855
665,2019202,1900,2019,202,19,0,NA,NA,A,NA,NA,NA,NA,20192021900
666,2019203,1505,2019,203,15,5,NA,NA,T,NA,NA,NA,NA,20192031505
667,2019203,1640,2019,203,16,40,NA,NA,T,NA,NA,NA,NA,20192031640
668,2019203,1800,2019,203,18,0,NA,NA,A,NA,NA,NA,NA,20192031800
669,2019203,1805,2019,203,18,5,NA,NA,A,NA,NA,NA,NA,20192031805
670,2019204,1545,2019,204,15,45,NA,NA,T,NA,NA,NA,NA,20192041545
671,2019204,1845,2019,204,18,45,NA,NA,A,NA,NA,NA,NA,20192041845
672,2019205,1450,2019,205,14,50,NA,NA,T,NA,NA,NA,NA,20192051450
673,2019205,1630,2019,205,16,30,NA,NA,T,NA,NA,NA,NA,20192051630
674,2019205,1750,2019,205,17,50,NA,NA,A,NA,NA,NA,NA,20192051750
675,2019205,1925,2019,205,19,25,NA,NA,A,NA,NA,NA,NA,20192051925
676,2019205,1930,2019,205,19,30,NA,NA,A,NA,NA,NA,NA,20192051930
677,2019206,1535,2019,206,15,35,NA,NA,T,NA,NA,NA,NA,20192061535
678,2019206,1830,2019,206,18,30,NA,NA,A,NA,NA,NA,NA,20192061830
679,2019206,1835,2019,206,18,35,NA,NA,A,NA,NA,NA,NA,20192061835
680,2019207,1440,2019,207,14,40,NA,NA,T,NA,NA,NA,NA,20192071440
681,2019207,1620,2019,207,16,20,NA,NA,T,NA,NA,NA,NA,20192071620
682,2019207,1735,2019,207,17,35,NA,NA,A,NA,NA,NA,NA,20192071735
683,2019207,1915,2019,207,19,15,NA,NA,A,NA,NA,NA,NA,20192071915
684,2019208,1525,2019,208,15,25,NA,NA,T,NA,NA,NA,NA,20192081525
685,2019208,1820,2019,208,18,20,NA,NA,A,NA,NA,NA,NA,20192081820
686,2019209,1425,2019,209,14,25,NA,NA,T,NA,NA,NA,NA,20192091425
687,2019209,1605,2019,209,16,5,NA,NA,T,NA,NA,NA,NA,20192091605
688,2019209,1900,2019,209,19,0,NA,NA,A,NA,NA,NA,NA,20192091900
689,2019209,1905,2019,209,19,5,NA,NA,A,NA,NA,NA,NA,20192091905
690,2019210,1510,2019,210,15,10,NA,NA,T,NA,NA,NA,NA,20192101510
691,2019210,1805,2019,210,18,5,NA,NA,A,NA,NA,NA,NA,20192101805
692,2019210,1810,2019,210,18,10,NA,NA,A,NA,NA,NA,NA,20192101810
693,2019211,1555,2019,211,15,55,NA,NA,T,NA,NA,NA,NA,20192111555
694,2019211,1850,2019,211,18,50,NA,NA,A,NA,NA,NA,NA,20192111850
695,2019211,1855,2019,211,18,55,NA,NA,A,NA,NA,NA,NA,20192111855
696,2019212,1500,2019,212,15,0,NA,NA,T,NA,NA,NA,NA,20192121500
697,2019212,1635,2019,212,16,35,NA,NA,T,NA,NA,NA,NA,20192121635
698,2019212,1755,2019,212,17,55,NA,NA,A,NA,NA,NA,NA,20192121755
699,2019212,1935,2019,212,19,35,NA,NA,A,NA,NA,NA,NA,20192121935
700,2019213,1540,2019,213,15,40,NA,NA,T,NA,NA,NA,NA,20192131540
701,2019213,1840,2019,213,18,40,NA,NA,A,NA,NA,NA,NA,20192131840
702,2019214,1445,2019,214,14,45,NA,NA,T,NA,NA,NA,NA,20192141445
703,2019214,1625,2019,214,16,25,NA,NA,T,NA,NA,NA,NA,20192141625
704,2019214,1740,2019,214,17,40,NA,NA,A,NA,NA,NA,NA,20192141740
705,2019214,1920,2019,214,19,20,NA,NA,A,NA,NA,NA,NA,20192141920
706,2019214,1925,2019,214,19,25,NA,NA,A,NA,NA,NA,NA,20192141925
707,2019215,1530,2019,215,15,30,NA,NA,T,NA,NA,NA,NA,20192151530
708,2019215,1825,2019,215,18,25,NA,NA,A,NA,NA,NA,NA,20192151825
709,2019215,1830,2019,215,18,30,NA,NA,A,NA,NA,NA,NA,20192151830
710,2019216,1435,2019,216,14,35,NA,NA,T,NA,NA,NA,NA,20192161435
711,2019216,1610,2019,216,16,10,6.254166666,-75.57059789,T,0.058,0.04,0.0127,0,20192161610
712,2019216,1730,2019,216,17,30,NA,NA,A,NA,NA,NA,NA,20192161730
713,2019216,1910,2019,216,19,10,NA,NA,A,NA,NA,NA,NA,20192161910
714,2019217,1515,2019,217,15,15,NA,NA,T,NA,NA,NA,NA,20192171515
715,2019217,1815,2019,217,18,15,NA,NA,A,NA,NA,NA,NA,20192171815
716,2019218,1600,2019,218,16,0,NA,NA,T,NA,NA,NA,NA,20192181600
717,2019218,1855,2019,218,18,55,NA,NA,A,NA,NA,NA,NA,20192181855
718,2019218,1900,2019,218,19,0,NA,NA,A,NA,NA,NA,NA,20192181900
719,2019219,1505,2019,219,15,5,NA,NA,T,NA,NA,NA,NA,20192191505
720,2019219,1640,2019,219,16,40,NA,NA,T,NA,NA,NA,NA,20192191640
721,2019219,1800,2019,219,18,0,NA,NA,A,NA,NA,NA,NA,20192191800
722,2019219,1805,2019,219,18,5,NA,NA,A,NA,NA,NA,NA,20192191805
723,2019220,1545,2019,220,15,45,NA,NA,T,NA,NA,NA,NA,20192201545
724,2019220,1845,2019,220,18,45,NA,NA,A,NA,NA,NA,NA,20192201845
725,2019221,1450,2019,221,14,50,NA,NA,T,NA,NA,NA,NA,20192211450
726,2019221,1630,2019,221,16,30,NA,NA,T,NA,NA,NA,NA,20192211630
727,2019221,1750,2019,221,17,50,NA,NA,A,NA,NA,NA,NA,20192211750
728,2019221,1925,2019,221,19,25,NA,NA,A,NA,NA,NA,NA,20192211925
729,2019221,1930,2019,221,19,30,NA,NA,A,NA,NA,NA,NA,20192211930
730,2019222,1535,2019,222,15,35,NA,NA,T,NA,NA,NA,NA,20192221535
731,2019222,1830,2019,222,18,30,NA,NA,A,NA,NA,NA,NA,20192221830
732,2019222,1835,2019,222,18,35,NA,NA,A,NA,NA,NA,NA,20192221835
733,2019223,1440,2019,223,14,40,NA,NA,T,NA,NA,NA,NA,20192231440
734,2019223,1620,2019,223,16,20,NA,NA,T,NA,NA,NA,NA,20192231620
735,2019223,1735,2019,223,17,35,NA,NA,A,NA,NA,NA,NA,20192231735
736,2019223,1915,2019,223,19,15,NA,NA,A,NA,NA,NA,NA,20192231915
737,2019224,1525,2019,224,15,25,NA,NA,T,NA,NA,NA,NA,20192241525
738,2019224,1820,2019,224,18,20,NA,NA,A,NA,NA,NA,NA,20192241820
739,2019225,1425,2019,225,14,25,NA,NA,T,NA,NA,NA,NA,20192251425
740,2019225,1605,2019,225,16,5,NA,NA,T,NA,NA,NA,NA,20192251605
741,2019225,1900,2019,225,19,0,NA,NA,A,NA,NA,NA,NA,20192251900
742,2019225,1905,2019,225,19,5,NA,NA,A,NA,NA,NA,NA,20192251905
743,2019226,1510,2019,226,15,10,NA,NA,T,NA,NA,NA,NA,20192261510
744,2019226,1805,2019,226,18,5,NA,NA,A,NA,NA,NA,NA,20192261805
745,2019226,1810,2019,226,18,10,NA,NA,A,NA,NA,NA,NA,20192261810
746,2019227,1555,2019,227,15,55,NA,NA,T,NA,NA,NA,NA,20192271555
747,2019227,1850,2019,227,18,50,NA,NA,A,NA,NA,NA,NA,20192271850
748,2019227,1855,2019,227,18,55,NA,NA,A,NA,NA,NA,NA,20192271855
749,2019228,1500,2019,228,15,0,NA,NA,T,NA,NA,NA,NA,20192281500
750,2019228,1635,2019,228,16,35,NA,NA,T,NA,NA,NA,NA,20192281635
751,2019228,1755,2019,228,17,55,NA,NA,A,NA,NA,NA,NA,20192281755
752,2019228,1935,2019,228,19,35,NA,NA,A,NA,NA,NA,NA,20192281935
753,2019229,1540,2019,229,15,40,NA,NA,T,NA,NA,NA,NA,20192291540
754,2019229,1835,2019,229,18,35,NA,NA,A,NA,NA,NA,NA,20192291835
755,2019229,1840,2019,229,18,40,NA,NA,A,NA,NA,NA,NA,20192291840
756,2019230,1445,2019,230,14,45,NA,NA,T,NA,NA,NA,NA,20192301445
757,2019230,1625,2019,230,16,25,NA,NA,T,NA,NA,NA,NA,20192301625
758,2019230,1740,2019,230,17,40,NA,NA,A,NA,NA,NA,NA,20192301740
759,2019230,1920,2019,230,19,20,NA,NA,A,NA,NA,NA,NA,20192301920
760,2019230,1925,2019,230,19,25,NA,NA,A,NA,NA,NA,NA,20192301925
761,2019231,1530,2019,231,15,30,NA,NA,T,NA,NA,NA,NA,20192311530
762,2019231,1825,2019,231,18,25,NA,NA,A,NA,NA,NA,NA,20192311825
763,2019231,1830,2019,231,18,30,NA,NA,A,NA,NA,NA,NA,20192311830
764,2019232,1435,2019,232,14,35,NA,NA,T,NA,NA,NA,NA,20192321435
765,2019232,1610,2019,232,16,10,NA,NA,T,NA,NA,NA,NA,20192321610
766,2019232,1730,2019,232,17,30,NA,NA,A,NA,NA,NA,NA,20192321730
767,2019232,1910,2019,232,19,10,NA,NA,A,NA,NA,NA,NA,20192321910
768,2019233,1515,2019,233,15,15,NA,NA,T,NA,NA,NA,NA,20192331515
769,2019233,1815,2019,233,18,15,NA,NA,A,NA,NA,NA,NA,20192331815
770,2019234,1600,2019,234,16,0,NA,NA,T,NA,NA,NA,NA,20192341600
771,2019234,1855,2019,234,18,55,NA,NA,A,NA,NA,NA,NA,20192341855
772,2019234,1900,2019,234,19,0,NA,NA,A,NA,NA,NA,NA,20192341900
773,2019235,1505,2019,235,15,5,NA,NA,T,NA,NA,NA,NA,20192351505
774,2019235,1640,2019,235,16,40,NA,NA,T,NA,NA,NA,NA,20192351640
775,2019235,1800,2019,235,18,0,NA,NA,A,NA,NA,NA,NA,20192351800
776,2019235,1805,2019,235,18,5,NA,NA,A,NA,NA,NA,NA,20192351805
777,2019236,1545,2019,236,15,45,NA,NA,T,NA,NA,NA,NA,20192361545
778,2019236,1845,2019,236,18,45,NA,NA,A,NA,NA,NA,NA,20192361845
779,2019237,1450,2019,237,14,50,NA,NA,T,NA,NA,NA,NA,20192371450
780,2019237,1630,2019,237,16,30,NA,NA,T,NA,NA,NA,NA,20192371630
781,2019237,1750,2019,237,17,50,NA,NA,A,NA,NA,NA,NA,20192371750
782,2019237,1925,2019,237,19,25,NA,NA,A,NA,NA,NA,NA,20192371925
783,2019237,1930,2019,237,19,30,NA,NA,A,NA,NA,NA,NA,20192371930
784,2019238,1535,2019,238,15,35,NA,NA,T,NA,NA,NA,NA,20192381535
785,2019238,1830,2019,238,18,30,NA,NA,A,NA,NA,NA,NA,20192381830
786,2019238,1835,2019,238,18,35,NA,NA,A,NA,NA,NA,NA,20192381835
787,2019239,1440,2019,239,14,40,NA,NA,T,NA,NA,NA,NA,20192391440
788,2019239,1620,2019,239,16,20,NA,NA,T,NA,NA,NA,NA,20192391620
789,2019239,1735,2019,239,17,35,NA,NA,A,NA,NA,NA,NA,20192391735
790,2019239,1915,2019,239,19,15,NA,NA,A,NA,NA,NA,NA,20192391915
791,2019240,1525,2019,240,15,25,NA,NA,T,NA,NA,NA,NA,20192401525
792,2019240,1820,2019,240,18,20,NA,NA,A,NA,NA,NA,NA,20192401820
793,2019241,1425,2019,241,14,25,NA,NA,T,NA,NA,NA,NA,20192411425
794,2019241,1605,2019,241,16,5,NA,NA,T,NA,NA,NA,NA,20192411605
795,2019241,1900,2019,241,19,0,NA,NA,A,NA,NA,NA,NA,20192411900
796,2019241,1905,2019,241,19,5,NA,NA,A,NA,NA,NA,NA,20192411905
797,2019242,1510,2019,242,15,10,NA,NA,T,NA,NA,NA,NA,20192421510
798,2019242,1805,2019,242,18,5,NA,NA,A,NA,NA,NA,NA,20192421805
799,2019242,1810,2019,242,18,10,NA,NA,A,NA,NA,NA,NA,20192421810
800,2019243,1555,2019,243,15,55,NA,NA,T,NA,NA,NA,NA,20192431555
801,2019243,1850,2019,243,18,50,NA,NA,A,NA,NA,NA,NA,20192431850
802,2019243,1855,2019,243,18,55,NA,NA,A,NA,NA,NA,NA,20192431855
803,2019244,1500,2019,244,15,0,NA,NA,T,NA,NA,NA,NA,20192441500
804,2019244,1635,2019,244,16,35,NA,NA,T,NA,NA,NA,NA,20192441635
805,2019244,1755,2019,244,17,55,NA,NA,A,NA,NA,NA,NA,20192441755
806,2019244,1935,2019,244,19,35,NA,NA,A,NA,NA,NA,NA,20192441935
807,2019245,1540,2019,245,15,40,NA,NA,T,NA,NA,NA,NA,20192451540
808,2019245,1835,2019,245,18,35,NA,NA,A,NA,NA,NA,NA,20192451835
809,2019245,1840,2019,245,18,40,NA,NA,A,NA,NA,NA,NA,20192451840
810,2019246,1445,2019,246,14,45,NA,NA,T,NA,NA,NA,NA,20192461445
811,2019246,1625,2019,246,16,25,NA,NA,T,NA,NA,NA,NA,20192461625
812,2019246,1740,2019,246,17,40,NA,NA,A,NA,NA,NA,NA,20192461740
813,2019246,1920,2019,246,19,20,NA,NA,A,NA,NA,NA,NA,20192461920
814,2019246,1925,2019,246,19,25,NA,NA,A,NA,NA,NA,NA,20192461925
815,2019247,1530,2019,247,15,30,NA,NA,T,NA,NA,NA,NA,20192471530
816,2019247,1825,2019,247,18,25,NA,NA,A,NA,NA,NA,NA,20192471825
817,2019247,1830,2019,247,18,30,NA,NA,A,NA,NA,NA,NA,20192471830
818,2019248,1435,2019,248,14,35,NA,NA,T,NA,NA,NA,NA,20192481435
819,2019248,1610,2019,248,16,10,NA,NA,T,NA,NA,NA,NA,20192481610
820,2019248,1730,2019,248,17,30,NA,NA,A,NA,NA,NA,NA,20192481730
821,2019248,1910,2019,248,19,10,NA,NA,A,NA,NA,NA,NA,20192481910
822,2019249,1515,2019,249,15,15,NA,NA,T,NA,NA,NA,NA,20192491515
823,2019249,1815,2019,249,18,15,NA,NA,A,NA,NA,NA,NA,20192491815
824,2019250,1600,2019,250,16,0,NA,NA,T,NA,NA,NA,NA,20192501600
825,2019250,1855,2019,250,18,55,NA,NA,A,NA,NA,NA,NA,20192501855
826,2019250,1900,2019,250,19,0,NA,NA,A,NA,NA,NA,NA,20192501900
827,2019251,1505,2019,251,15,5,NA,NA,T,NA,NA,NA,NA,20192511505
828,2019251,1640,2019,251,16,40,NA,NA,T,NA,NA,NA,NA,20192511640
829,2019251,1800,2019,251,18,0,NA,NA,A,NA,NA,NA,NA,20192511800
830,2019251,1805,2019,251,18,5,NA,NA,A,NA,NA,NA,NA,20192511805
831,2019252,1545,2019,252,15,45,NA,NA,T,NA,NA,NA,NA,20192521545
832,2019252,1845,2019,252,18,45,NA,NA,A,NA,NA,NA,NA,20192521845
833,2019253,1450,2019,253,14,50,NA,NA,T,NA,NA,NA,NA,20192531450
834,2019253,1630,2019,253,16,30,NA,NA,T,NA,NA,NA,NA,20192531630
835,2019253,1750,2019,253,17,50,NA,NA,A,NA,NA,NA,NA,20192531750
836,2019253,1925,2019,253,19,25,NA,NA,A,NA,NA,NA,NA,20192531925
837,2019253,1930,2019,253,19,30,NA,NA,A,NA,NA,NA,NA,20192531930
838,2019254,1535,2019,254,15,35,NA,NA,T,NA,NA,NA,NA,20192541535
839,2019254,1830,2019,254,18,30,NA,NA,A,NA,NA,NA,NA,20192541830
840,2019254,1835,2019,254,18,35,NA,NA,A,NA,NA,NA,NA,20192541835
841,2019255,1440,2019,255,14,40,NA,NA,T,NA,NA,NA,NA,20192551440
842,2019255,1735,2019,255,17,35,NA,NA,A,NA,NA,NA,NA,20192551735
843,2019255,1915,2019,255,19,15,NA,NA,A,NA,NA,NA,NA,20192551915
844,2019256,1525,2019,256,15,25,NA,NA,T,NA,NA,NA,NA,20192561525
845,2019256,1820,2019,256,18,20,NA,NA,A,NA,NA,NA,NA,20192561820
846,2019257,1425,2019,257,14,25,NA,NA,T,NA,NA,NA,NA,20192571425
847,2019257,1605,2019,257,16,5,NA,NA,T,NA,NA,NA,NA,20192571605
848,2019257,1900,2019,257,19,0,NA,NA,A,NA,NA,NA,NA,20192571900
849,2019257,1905,2019,257,19,5,NA,NA,A,NA,NA,NA,NA,20192571905
850,2019258,1510,2019,258,15,10,NA,NA,T,NA,NA,NA,NA,20192581510
851,2019258,1805,2019,258,18,5,NA,NA,A,NA,NA,NA,NA,20192581805
852,2019258,1810,2019,258,18,10,NA,NA,A,NA,NA,NA,NA,20192581810
853,2019259,1555,2019,259,15,55,NA,NA,T,NA,NA,NA,NA,20192591555
854,2019259,1850,2019,259,18,50,NA,NA,A,NA,NA,NA,NA,20192591850
855,2019259,1855,2019,259,18,55,NA,NA,A,NA,NA,NA,NA,20192591855
856,2019260,1500,2019,260,15,0,NA,NA,T,NA,NA,NA,NA,20192601500
857,2019260,1635,2019,260,16,35,NA,NA,T,NA,NA,NA,NA,20192601635
858,2019260,1755,2019,260,17,55,NA,NA,A,NA,NA,NA,NA,20192601755
859,2019260,1935,2019,260,19,35,NA,NA,A,NA,NA,NA,NA,20192601935
860,2019261,1540,2019,261,15,40,NA,NA,T,NA,NA,NA,NA,20192611540
861,2019261,1840,2019,261,18,40,NA,NA,A,NA,NA,NA,NA,20192611840
862,2019262,1445,2019,262,14,45,NA,NA,T,NA,NA,NA,NA,20192621445
863,2019262,1625,2019,262,16,25,NA,NA,T,NA,NA,NA,NA,20192621625
864,2019262,1740,2019,262,17,40,NA,NA,A,NA,NA,NA,NA,20192621740
865,2019262,1920,2019,262,19,20,NA,NA,A,NA,NA,NA,NA,20192621920
866,2019262,1925,2019,262,19,25,NA,NA,A,NA,NA,NA,NA,20192621925
867,2019263,1530,2019,263,15,30,NA,NA,T,NA,NA,NA,NA,20192631530
868,2019263,1825,2019,263,18,25,NA,NA,A,NA,NA,NA,NA,20192631825
869,2019263,1830,2019,263,18,30,NA,NA,A,NA,NA,NA,NA,20192631830
870,2019264,1435,2019,264,14,35,NA,NA,T,NA,NA,NA,NA,20192641435
871,2019264,1610,2019,264,16,10,NA,NA,T,NA,NA,NA,NA,20192641610
872,2019264,1730,2019,264,17,30,NA,NA,A,NA,NA,NA,NA,20192641730
873,2019264,1910,2019,264,19,10,NA,NA,A,NA,NA,NA,NA,20192641910
874,2019265,1515,2019,265,15,15,NA,NA,T,NA,NA,NA,NA,20192651515
875,2019265,1815,2019,265,18,15,NA,NA,A,NA,NA,NA,NA,20192651815
876,2019266,1600,2019,266,16,0,NA,NA,T,NA,NA,NA,NA,20192661600
877,2019266,1855,2019,266,18,55,NA,NA,A,NA,NA,NA,NA,20192661855
878,2019266,1900,2019,266,19,0,NA,NA,A,NA,NA,NA,NA,20192661900
879,2019267,1505,2019,267,15,5,NA,NA,T,NA,NA,NA,NA,20192671505
880,2019267,1640,2019,267,16,40,NA,NA,T,NA,NA,NA,NA,20192671640
881,2019267,1800,2019,267,18,0,NA,NA,A,NA,NA,NA,NA,20192671800
882,2019267,1805,2019,267,18,5,NA,NA,A,NA,NA,NA,NA,20192671805
883,2019268,1545,2019,268,15,45,NA,NA,T,NA,NA,NA,NA,20192681545
884,2019268,1845,2019,268,18,45,NA,NA,A,NA,NA,NA,NA,20192681845
885,2019269,1450,2019,269,14,50,NA,NA,T,NA,NA,NA,NA,20192691450
886,2019269,1630,2019,269,16,30,NA,NA,T,NA,NA,NA,NA,20192691630
887,2019269,1750,2019,269,17,50,NA,NA,A,NA,NA,NA,NA,20192691750
888,2019269,1925,2019,269,19,25,NA,NA,A,NA,NA,NA,NA,20192691925
889,2019269,1930,2019,269,19,30,NA,NA,A,NA,NA,NA,NA,20192691930
890,2019270,1535,2019,270,15,35,NA,NA,T,NA,NA,NA,NA,20192701535
891,2019270,1830,2019,270,18,30,NA,NA,A,NA,NA,NA,NA,20192701830
892,2019270,1835,2019,270,18,35,NA,NA,A,NA,NA,NA,NA,20192701835
893,2019271,1440,2019,271,14,40,NA,NA,T,NA,NA,NA,NA,20192711440
894,2019271,1620,2019,271,16,20,NA,NA,T,NA,NA,NA,NA,20192711620
895,2019271,1735,2019,271,17,35,NA,NA,A,NA,NA,NA,NA,20192711735
896,2019271,1915,2019,271,19,15,NA,NA,A,NA,NA,NA,NA,20192711915
897,2019272,1525,2019,272,15,25,NA,NA,T,NA,NA,NA,NA,20192721525
898,2019272,1820,2019,272,18,20,NA,NA,A,NA,NA,NA,NA,20192721820
899,2019273,1425,2019,273,14,25,NA,NA,T,NA,NA,NA,NA,20192731425
900,2019273,1605,2019,273,16,5,NA,NA,T,NA,NA,NA,NA,20192731605
901,2019273,1900,2019,273,19,0,NA,NA,A,NA,NA,NA,NA,20192731900
902,2019273,1905,2019,273,19,5,NA,NA,A,NA,NA,NA,NA,20192731905
903,2019274,1510,2019,274,15,10,6.262499999,-75.58018662,T,0.20925,0.145,0.0241,0,20192741510
904,2019274,1805,2019,274,18,5,NA,NA,A,NA,NA,NA,NA,20192741805
905,2019274,1810,2019,274,18,10,NA,NA,A,NA,NA,NA,NA,20192741810
906,2019275,1555,2019,275,15,55,NA,NA,T,NA,NA,NA,NA,20192751555
907,2019275,1850,2019,275,18,50,NA,NA,A,NA,NA,NA,NA,20192751850
908,2019275,1855,2019,275,18,55,NA,NA,A,NA,NA,NA,NA,20192751855
909,2019276,1500,2019,276,15,0,NA,NA,T,NA,NA,NA,NA,20192761500
910,2019276,1635,2019,276,16,35,NA,NA,T,NA,NA,NA,NA,20192761635
911,2019276,1755,2019,276,17,55,NA,NA,A,NA,NA,NA,NA,20192761755
912,2019276,1935,2019,276,19,35,NA,NA,A,NA,NA,NA,NA,20192761935
913,2019277,1540,2019,277,15,40,NA,NA,T,NA,NA,NA,NA,20192771540
914,2019277,1840,2019,277,18,40,NA,NA,A,NA,NA,NA,NA,20192771840
915,2019278,1445,2019,278,14,45,NA,NA,T,NA,NA,NA,NA,20192781445
916,2019278,1625,2019,278,16,25,NA,NA,T,NA,NA,NA,NA,20192781625
917,2019278,1740,2019,278,17,40,NA,NA,A,NA,NA,NA,NA,20192781740
918,2019278,1920,2019,278,19,20,NA,NA,A,NA,NA,NA,NA,20192781920
919,2019278,1925,2019,278,19,25,NA,NA,A,NA,NA,NA,NA,20192781925
920,2019279,1530,2019,279,15,30,NA,NA,T,NA,NA,NA,NA,20192791530
921,2019279,1825,2019,279,18,25,NA,NA,A,NA,NA,NA,NA,20192791825
922,2019279,1830,2019,279,18,30,NA,NA,A,NA,NA,NA,NA,20192791830
923,2019280,1435,2019,280,14,35,NA,NA,T,NA,NA,NA,NA,20192801435
924,2019280,1610,2019,280,16,10,NA,NA,T,NA,NA,NA,NA,20192801610
925,2019280,1730,2019,280,17,30,NA,NA,A,NA,NA,NA,NA,20192801730
926,2019280,1910,2019,280,19,10,NA,NA,A,NA,NA,NA,NA,20192801910
927,2019281,1515,2019,281,15,15,NA,NA,T,NA,NA,NA,NA,20192811515
928,2019281,1815,2019,281,18,15,NA,NA,A,NA,NA,NA,NA,20192811815
929,2019282,1600,2019,282,16,0,6.262499999,-75.58018662,T,0.249,0.17275,0.0205,0,20192821600
930,2019282,1855,2019,282,18,55,NA,NA,A,NA,NA,NA,NA,20192821855
931,2019282,1900,2019,282,19,0,NA,NA,A,NA,NA,NA,NA,20192821900
932,2019283,1505,2019,283,15,5,NA,NA,T,NA,NA,NA,NA,20192831505
933,2019283,1640,2019,283,16,40,NA,NA,T,NA,NA,NA,NA,20192831640
934,2019283,1800,2019,283,18,0,NA,NA,A,NA,NA,NA,NA,20192831800
935,2019283,1805,2019,283,18,5,NA,NA,A,NA,NA,NA,NA,20192831805
936,2019284,1545,2019,284,15,45,NA,NA,T,NA,NA,NA,NA,20192841545
937,2019284,1845,2019,284,18,45,NA,NA,A,NA,NA,NA,NA,20192841845
938,2019285,1450,2019,285,14,50,NA,NA,T,NA,NA,NA,NA,20192851450
939,2019285,1630,2019,285,16,30,NA,NA,T,NA,NA,NA,NA,20192851630
940,2019285,1750,2019,285,17,50,NA,NA,A,NA,NA,NA,NA,20192851750
941,2019285,1925,2019,285,19,25,NA,NA,A,NA,NA,NA,NA,20192851925
942,2019285,1930,2019,285,19,30,NA,NA,A,NA,NA,NA,NA,20192851930
943,2019286,1535,2019,286,15,35,NA,NA,T,NA,NA,NA,NA,20192861535
944,2019286,1830,2019,286,18,30,NA,NA,A,NA,NA,NA,NA,20192861830
945,2019286,1835,2019,286,18,35,NA,NA,A,NA,NA,NA,NA,20192861835
946,2019287,1440,2019,287,14,40,NA,NA,T,NA,NA,NA,NA,20192871440
947,2019287,1620,2019,287,16,20,NA,NA,T,NA,NA,NA,NA,20192871620
948,2019287,1735,2019,287,17,35,NA,NA,A,NA,NA,NA,NA,20192871735
949,2019287,1915,2019,287,19,15,NA,NA,A,NA,NA,NA,NA,20192871915
950,2019288,1525,2019,288,15,25,NA,NA,T,NA,NA,NA,NA,20192881525
951,2019288,1820,2019,288,18,20,NA,NA,A,NA,NA,NA,NA,20192881820
952,2019289,1425,2019,289,14,25,NA,NA,T,NA,NA,NA,NA,20192891425
953,2019289,1605,2019,289,16,5,NA,NA,T,NA,NA,NA,NA,20192891605
954,2019289,1900,2019,289,19,0,NA,NA,A,NA,NA,NA,NA,20192891900
955,2019289,1905,2019,289,19,5,NA,NA,A,NA,NA,NA,NA,20192891905
956,2019290,1510,2019,290,15,10,NA,NA,T,NA,NA,NA,NA,20192901510
957,2019290,1805,2019,290,18,5,NA,NA,A,NA,NA,NA,NA,20192901805
958,2019290,1810,2019,290,18,10,NA,NA,A,NA,NA,NA,NA,20192901810
959,2019291,1850,2019,291,18,50,NA,NA,A,NA,NA,NA,NA,20192911850
960,2019291,1855,2019,291,18,55,NA,NA,A,NA,NA,NA,NA,20192911855
961,2019292,1500,2019,292,15,0,NA,NA,T,NA,NA,NA,NA,20192921500
962,2019292,1635,2019,292,16,35,NA,NA,T,NA,NA,NA,NA,20192921635
963,2019292,1755,2019,292,17,55,NA,NA,A,NA,NA,NA,NA,20192921755
964,2019292,1935,2019,292,19,35,NA,NA,A,NA,NA,NA,NA,20192921935
965,2019293,1540,2019,293,15,40,NA,NA,T,NA,NA,NA,NA,20192931540
966,2019293,1840,2019,293,18,40,NA,NA,A,NA,NA,NA,NA,20192931840
967,2019294,1445,2019,294,14,45,NA,NA,T,NA,NA,NA,NA,20192941445
968,2019294,1625,2019,294,16,25,NA,NA,T,NA,NA,NA,NA,20192941625
969,2019294,1740,2019,294,17,40,NA,NA,A,NA,NA,NA,NA,20192941740
970,2019294,1920,2019,294,19,20,NA,NA,A,NA,NA,NA,NA,20192941920
971,2019294,1925,2019,294,19,25,NA,NA,A,NA,NA,NA,NA,20192941925
972,2019295,1530,2019,295,15,30,NA,NA,T,NA,NA,NA,NA,20192951530
973,2019295,1825,2019,295,18,25,NA,NA,A,NA,NA,NA,NA,20192951825
974,2019295,1830,2019,295,18,30,NA,NA,A,NA,NA,NA,NA,20192951830
975,2019296,1435,2019,296,14,35,NA,NA,T,NA,NA,NA,NA,20192961435
976,2019296,1610,2019,296,16,10,6.262499999,-75.57180326,T,0.2705,0.187,0.0126,0,20192961610
977,2019296,1730,2019,296,17,30,NA,NA,A,NA,NA,NA,NA,20192961730
978,2019296,1910,2019,296,19,10,NA,NA,A,NA,NA,NA,NA,20192961910
979,2019297,1515,2019,297,15,15,NA,NA,T,NA,NA,NA,NA,20192971515
980,2019297,1815,2019,297,18,15,NA,NA,A,NA,NA,NA,NA,20192971815
981,2019298,1600,2019,298,16,0,NA,NA,T,NA,NA,NA,NA,20192981600
982,2019298,1855,2019,298,18,55,NA,NA,A,NA,NA,NA,NA,20192981855
983,2019298,1900,2019,298,19,0,NA,NA,A,NA,NA,NA,NA,20192981900
984,2019299,1505,2019,299,15,5,NA,NA,T,NA,NA,NA,NA,20192991505
985,2019299,1640,2019,299,16,40,NA,NA,T,NA,NA,NA,NA,20192991640
986,2019299,1800,2019,299,18,0,NA,NA,A,NA,NA,NA,NA,20192991800
987,2019299,1805,2019,299,18,5,NA,NA,A,NA,NA,NA,NA,20192991805
988,2019300,1545,2019,300,15,45,NA,NA,T,NA,NA,NA,NA,20193001545
989,2019300,1845,2019,300,18,45,NA,NA,A,NA,NA,NA,NA,20193001845
990,2019301,1450,2019,301,14,50,NA,NA,T,NA,NA,NA,NA,20193011450
991,2019301,1630,2019,301,16,30,NA,NA,T,NA,NA,NA,NA,20193011630
992,2019301,1750,2019,301,17,50,NA,NA,A,NA,NA,NA,NA,20193011750
993,2019301,1925,2019,301,19,25,NA,NA,A,NA,NA,NA,NA,20193011925
994,2019301,1930,2019,301,19,30,NA,NA,A,NA,NA,NA,NA,20193011930
995,2019302,1535,2019,302,15,35,NA,NA,T,NA,NA,NA,NA,20193021535
996,2019302,1830,2019,302,18,30,NA,NA,A,NA,NA,NA,NA,20193021830
997,2019302,1835,2019,302,18,35,NA,NA,A,NA,NA,NA,NA,20193021835
998,2019303,1440,2019,303,14,40,NA,NA,T,NA,NA,NA,NA,20193031440
999,2019303,1620,2019,303,16,20,NA,NA,T,NA,NA,NA,NA,20193031620
1000,2019303,1735,2019,303,17,35,NA,NA,A,NA,NA,NA,NA,20193031735
1001,2019303,1915,2019,303,19,15,NA,NA,A,NA,NA,NA,NA,20193031915
1002,2019304,1525,2019,304,15,25,NA,NA,T,NA,NA,NA,NA,20193041525
1003,2019304,1820,2019,304,18,20,NA,NA,A,NA,NA,NA,NA,20193041820
1004,2019305,1425,2019,305,14,25,NA,NA,T,NA,NA,NA,NA,20193051425
1005,2019305,1605,2019,305,16,5,NA,NA,T,NA,NA,NA,NA,20193051605
1006,2019305,1900,2019,305,19,0,NA,NA,A,NA,NA,NA,NA,20193051900
1007,2019305,1905,2019,305,19,5,NA,NA,A,NA,NA,NA,NA,20193051905
1008,2019306,1510,2019,306,15,10,NA,NA,T,NA,NA,NA,NA,20193061510
1009,2019306,1805,2019,306,18,5,NA,NA,A,NA,NA,NA,NA,20193061805
1010,2019306,1810,2019,306,18,10,NA,NA,A,NA,NA,NA,NA,20193061810
1011,2019307,1555,2019,307,15,55,NA,NA,T,NA,NA,NA,NA,20193071555
1012,2019307,1850,2019,307,18,50,NA,NA,A,NA,NA,NA,NA,20193071850
1013,2019307,1855,2019,307,18,55,NA,NA,A,NA,NA,NA,NA,20193071855
1014,2019308,1500,2019,308,15,0,NA,NA,T,NA,NA,NA,NA,20193081500
1015,2019308,1635,2019,308,16,35,NA,NA,T,NA,NA,NA,NA,20193081635
1016,2019308,1755,2019,308,17,55,NA,NA,A,NA,NA,NA,NA,20193081755
1017,2019308,1935,2019,308,19,35,NA,NA,A,NA,NA,NA,NA,20193081935
1018,2019309,1540,2019,309,15,40,NA,NA,T,NA,NA,NA,NA,20193091540
1019,2019309,1840,2019,309,18,40,NA,NA,A,NA,NA,NA,NA,20193091840
1020,2019310,1445,2019,310,14,45,NA,NA,T,NA,NA,NA,NA,20193101445
1021,2019310,1625,2019,310,16,25,NA,NA,T,NA,NA,NA,NA,20193101625
1022,2019310,1740,2019,310,17,40,NA,NA,A,NA,NA,NA,NA,20193101740
1023,2019310,1920,2019,310,19,20,NA,NA,A,NA,NA,NA,NA,20193101920
1024,2019310,1925,2019,310,19,25,NA,NA,A,NA,NA,NA,NA,20193101925
1025,2019311,1530,2019,311,15,30,NA,NA,T,NA,NA,NA,NA,20193111530
1026,2019311,1825,2019,311,18,25,6.262499999,-75.58018662,A,0.305,0.213,0.0292,0,20193111825
1027,2019311,1830,2019,311,18,30,NA,NA,A,NA,NA,NA,NA,20193111830
1028,2019312,1435,2019,312,14,35,NA,NA,T,NA,NA,NA,NA,20193121435
1029,2019312,1610,2019,312,16,10,NA,NA,T,NA,NA,NA,NA,20193121610
1030,2019312,1730,2019,312,17,30,NA,NA,A,NA,NA,NA,NA,20193121730
1031,2019312,1910,2019,312,19,10,NA,NA,A,NA,NA,NA,NA,20193121910
1032,2019313,1515,2019,313,15,15,NA,NA,T,NA,NA,NA,NA,20193131515
1033,2019313,1815,2019,313,18,15,NA,NA,A,NA,NA,NA,NA,20193131815
1034,2019314,1600,2019,314,16,0,NA,NA,T,NA,NA,NA,NA,20193141600
1035,2019314,1855,2019,314,18,55,NA,NA,A,NA,NA,NA,NA,20193141855
1036,2019314,1900,2019,314,19,0,NA,NA,A,NA,NA,NA,NA,20193141900
1037,2019315,1505,2019,315,15,5,NA,NA,T,NA,NA,NA,NA,20193151505
1038,2019315,1640,2019,315,16,40,NA,NA,T,NA,NA,NA,NA,20193151640
1039,2019315,1800,2019,315,18,0,NA,NA,A,NA,NA,NA,NA,20193151800
1040,2019315,1805,2019,315,18,5,NA,NA,A,NA,NA,NA,NA,20193151805
1041,2019316,1545,2019,316,15,45,NA,NA,T,NA,NA,NA,NA,20193161545
1042,2019316,1845,2019,316,18,45,NA,NA,A,NA,NA,NA,NA,20193161845
1043,2019317,1450,2019,317,14,50,NA,NA,T,NA,NA,NA,NA,20193171450
1044,2019317,1630,2019,317,16,30,NA,NA,T,NA,NA,NA,NA,20193171630
1045,2019317,1750,2019,317,17,50,NA,NA,A,NA,NA,NA,NA,20193171750
1046,2019317,1925,2019,317,19,25,NA,NA,A,NA,NA,NA,NA,20193171925
1047,2019317,1930,2019,317,19,30,NA,NA,A,NA,NA,NA,NA,20193171930
1048,2019318,1535,2019,318,15,35,NA,NA,T,NA,NA,NA,NA,20193181535
1049,2019318,1830,2019,318,18,30,NA,NA,A,NA,NA,NA,NA,20193181830
1050,2019318,1835,2019,318,18,35,NA,NA,A,NA,NA,NA,NA,20193181835
1051,2019319,1440,2019,319,14,40,NA,NA,T,NA,NA,NA,NA,20193191440
1052,2019319,1620,2019,319,16,20,NA,NA,T,NA,NA,NA,NA,20193191620
1053,2019319,1735,2019,319,17,35,NA,NA,A,NA,NA,NA,NA,20193191735
1054,2019319,1915,2019,319,19,15,NA,NA,A,NA,NA,NA,NA,20193191915
1055,2019320,1525,2019,320,15,25,6.254166666,-75.57898112,T,0.4315,0.3045,0.0435,0,20193201525
1056,2019320,1820,2019,320,18,20,NA,NA,A,NA,NA,NA,NA,20193201820
1057,2019321,1425,2019,321,14,25,NA,NA,T,NA,NA,NA,NA,20193211425
1058,2019321,1605,2019,321,16,5,NA,NA,T,NA,NA,NA,NA,20193211605
1059,2019321,1900,2019,321,19,0,NA,NA,A,NA,NA,NA,NA,20193211900
1060,2019321,1905,2019,321,19,5,NA,NA,A,NA,NA,NA,NA,20193211905
1061,2019322,1510,2019,322,15,10,NA,NA,T,NA,NA,NA,NA,20193221510
1062,2019322,1805,2019,322,18,5,NA,NA,A,NA,NA,NA,NA,20193221805
1063,2019322,1810,2019,322,18,10,NA,NA,A,NA,NA,NA,NA,20193221810
1064,2019323,1850,2019,323,18,50,NA,NA,A,NA,NA,NA,NA,20193231850
1065,2019323,1855,2019,323,18,55,NA,NA,A,NA,NA,NA,NA,20193231855
1066,2019324,1500,2019,324,15,0,NA,NA,T,NA,NA,NA,NA,20193241500
1067,2019324,1635,2019,324,16,35,NA,NA,T,NA,NA,NA,NA,20193241635
1068,2019324,1755,2019,324,17,55,NA,NA,A,NA,NA,NA,NA,20193241755
1069,2019324,1935,2019,324,19,35,NA,NA,A,NA,NA,NA,NA,20193241935
1070,2019325,1540,2019,325,15,40,NA,NA,T,NA,NA,NA,NA,20193251540
1071,2019325,1835,2019,325,18,35,NA,NA,A,NA,NA,NA,NA,20193251835
1072,2019325,1840,2019,325,18,40,NA,NA,A,NA,NA,NA,NA,20193251840
1073,2019326,1445,2019,326,14,45,NA,NA,T,NA,NA,NA,NA,20193261445
1074,2019326,1625,2019,326,16,25,NA,NA,T,NA,NA,NA,NA,20193261625
1075,2019326,1740,2019,326,17,40,NA,NA,A,NA,NA,NA,NA,20193261740
1076,2019326,1920,2019,326,19,20,NA,NA,A,NA,NA,NA,NA,20193261920
1077,2019326,1925,2019,326,19,25,NA,NA,A,NA,NA,NA,NA,20193261925
1078,2019327,1530,2019,327,15,30,6.262499999,-75.58018662,T,0.386,0.27,0.0294,0,20193271530
1079,2019327,1825,2019,327,18,25,NA,NA,A,NA,NA,NA,NA,20193271825
1080,2019327,1830,2019,327,18,30,NA,NA,A,NA,NA,NA,NA,20193271830
1081,2019328,1435,2019,328,14,35,NA,NA,T,NA,NA,NA,NA,20193281435
1082,2019328,1610,2019,328,16,10,6.262499999,-75.58018662,T,0.236,0.1635,0.011,0,20193281610
1083,2019328,1730,2019,328,17,30,NA,NA,A,NA,NA,NA,NA,20193281730
1084,2019328,1910,2019,328,19,10,NA,NA,A,NA,NA,NA,NA,20193281910
1085,2019329,1515,2019,329,15,15,NA,NA,T,NA,NA,NA,NA,20193291515
1086,2019329,1815,2019,329,18,15,NA,NA,A,NA,NA,NA,NA,20193291815
1087,2019330,1600,2019,330,16,0,6.262499999,-75.58018662,T,0.24567,0.17067,0.017,0,20193301600
1088,2019330,1855,2019,330,18,55,NA,NA,A,NA,NA,NA,NA,20193301855
1089,2019330,1900,2019,330,19,0,NA,NA,A,NA,NA,NA,NA,20193301900
1090,2019331,1505,2019,331,15,5,NA,NA,T,NA,NA,NA,NA,20193311505
1091,2019331,1640,2019,331,16,40,NA,NA,T,NA,NA,NA,NA,20193311640
1092,2019331,1800,2019,331,18,0,NA,NA,A,NA,NA,NA,NA,20193311800
1093,2019331,1805,2019,331,18,5,NA,NA,A,NA,NA,NA,NA,20193311805
1094,2019332,1545,2019,332,15,45,NA,NA,T,NA,NA,NA,NA,20193321545
1095,2019332,1845,2019,332,18,45,NA,NA,A,NA,NA,NA,NA,20193321845
1096,2019333,1450,2019,333,14,50,NA,NA,T,NA,NA,NA,NA,20193331450
1097,2019333,1630,2019,333,16,30,NA,NA,T,NA,NA,NA,NA,20193331630
1098,2019333,1750,2019,333,17,50,NA,NA,A,NA,NA,NA,NA,20193331750
1099,2019333,1925,2019,333,19,25,NA,NA,A,NA,NA,NA,NA,20193331925
1100,2019333,1930,2019,333,19,30,NA,NA,A,NA,NA,NA,NA,20193331930
1101,2019334,1535,2019,334,15,35,NA,NA,T,NA,NA,NA,NA,20193341535
1102,2019334,1830,2019,334,18,30,NA,NA,A,NA,NA,NA,NA,20193341830
1103,2019334,1835,2019,334,18,35,NA,NA,A,NA,NA,NA,NA,20193341835
1104,2019335,1440,2019,335,14,40,NA,NA,T,NA,NA,NA,NA,20193351440
1105,2019335,1620,2019,335,16,20,6.262499999,-75.58018662,T,0.1455,0.1,0.0086,0,20193351620
1106,2019335,1735,2019,335,17,35,NA,NA,A,NA,NA,NA,NA,20193351735
1107,2019335,1915,2019,335,19,15,NA,NA,A,NA,NA,NA,NA,20193351915
1108,2019336,1525,2019,336,15,25,NA,NA,T,NA,NA,NA,NA,20193361525
1109,2019336,1820,2019,336,18,20,NA,NA,A,NA,NA,NA,NA,20193361820
1110,2019337,1425,2019,337,14,25,NA,NA,T,NA,NA,NA,NA,20193371425
1111,2019337,1605,2019,337,16,5,NA,NA,T,NA,NA,NA,NA,20193371605
1112,2019337,1900,2019,337,19,0,NA,NA,A,NA,NA,NA,NA,20193371900
1113,2019337,1905,2019,337,19,5,NA,NA,A,NA,NA,NA,NA,20193371905
1114,2019338,1510,2019,338,15,10,NA,NA,T,NA,NA,NA,NA,20193381510
1115,2019338,1805,2019,338,18,5,NA,NA,A,NA,NA,NA,NA,20193381805
1116,2019338,1810,2019,338,18,10,NA,NA,A,NA,NA,NA,NA,20193381810
1117,2019339,1555,2019,339,15,55,6.262499999,-75.58018662,T,0.2065,0.1425,0.021,0,20193391555
1118,2019339,1850,2019,339,18,50,NA,NA,A,NA,NA,NA,NA,20193391850
1119,2019339,1855,2019,339,18,55,NA,NA,A,NA,NA,NA,NA,20193391855
1120,2019340,1500,2019,340,15,0,NA,NA,T,NA,NA,NA,NA,20193401500
1121,2019340,1635,2019,340,16,35,NA,NA,T,NA,NA,NA,NA,20193401635
1122,2019340,1755,2019,340,17,55,NA,NA,A,NA,NA,NA,NA,20193401755
1123,2019340,1935,2019,340,19,35,NA,NA,A,NA,NA,NA,NA,20193401935
1124,2019341,1540,2019,341,15,40,NA,NA,T,NA,NA,NA,NA,20193411540
1125,2019341,1835,2019,341,18,35,NA,NA,A,NA,NA,NA,NA,20193411835
1126,2019341,1840,2019,341,18,40,NA,NA,A,NA,NA,NA,NA,20193411840
1127,2019342,1445,2019,342,14,45,NA,NA,T,NA,NA,NA,NA,20193421445
1128,2019342,1625,2019,342,16,25,NA,NA,T,NA,NA,NA,NA,20193421625
1129,2019342,1740,2019,342,17,40,NA,NA,A,NA,NA,NA,NA,20193421740
1130,2019342,1920,2019,342,19,20,NA,NA,A,NA,NA,NA,NA,20193421920
1131,2019342,1925,2019,342,19,25,NA,NA,A,NA,NA,NA,NA,20193421925
1132,2019343,1530,2019,343,15,30,6.262499999,-75.58018662,T,0.17475,0.12025,0.0307,0,20193431530
1133,2019343,1825,2019,343,18,25,NA,NA,A,NA,NA,NA,NA,20193431825
1134,2019343,1830,2019,343,18,30,NA,NA,A,NA,NA,NA,NA,20193431830
1135,2019344,1435,2019,344,14,35,NA,NA,T,NA,NA,NA,NA,20193441435
1136,2019344,1610,2019,344,16,10,NA,NA,T,NA,NA,NA,NA,20193441610
1137,2019344,1730,2019,344,17,30,NA,NA,A,NA,NA,NA,NA,20193441730
1138,2019344,1910,2019,344,19,10,NA,NA,A,NA,NA,NA,NA,20193441910
1139,2019345,1815,2019,345,18,15,NA,NA,A,NA,NA,NA,NA,20193451815
1140,2019346,1600,2019,346,16,0,NA,NA,T,NA,NA,NA,NA,20193461600
1141,2019346,1855,2019,346,18,55,NA,NA,A,NA,NA,NA,NA,20193461855
1142,2019346,1900,2019,346,19,0,NA,NA,A,NA,NA,NA,NA,20193461900
1143,2019347,1505,2019,347,15,5,NA,NA,T,NA,NA,NA,NA,20193471505
1144,2019347,1640,2019,347,16,40,NA,NA,T,NA,NA,NA,NA,20193471640
1145,2019347,1800,2019,347,18,0,NA,NA,A,NA,NA,NA,NA,20193471800
1146,2019347,1805,2019,347,18,5,NA,NA,A,NA,NA,NA,NA,20193471805
1147,2019348,1545,2019,348,15,45,NA,NA,T,NA,NA,NA,NA,20193481545
1148,2019348,1845,2019,348,18,45,NA,NA,A,NA,NA,NA,NA,20193481845
1149,2019349,1450,2019,349,14,50,NA,NA,T,NA,NA,NA,NA,20193491450
1150,2019349,1630,2019,349,16,30,NA,NA,T,NA,NA,NA,NA,20193491630
1151,2019349,1750,2019,349,17,50,NA,NA,A,NA,NA,NA,NA,20193491750
1152,2019349,1925,2019,349,19,25,NA,NA,A,NA,NA,NA,NA,20193491925
1153,2019349,1930,2019,349,19,30,NA,NA,A,NA,NA,NA,NA,20193491930
1154,2019350,1535,2019,350,15,35,NA,NA,T,NA,NA,NA,NA,20193501535
1155,2019350,1830,2019,350,18,30,NA,NA,A,NA,NA,NA,NA,20193501830
1156,2019350,1835,2019,350,18,35,NA,NA,A,NA,NA,NA,NA,20193501835
1157,2019351,1440,2019,351,14,40,NA,NA,T,NA,NA,NA,NA,20193511440
1158,2019351,1620,2019,351,16,20,NA,NA,T,NA,NA,NA,NA,20193511620
1159,2019351,1735,2019,351,17,35,NA,NA,A,NA,NA,NA,NA,20193511735
1160,2019351,1915,2019,351,19,15,NA,NA,A,NA,NA,NA,NA,20193511915
1161,2019352,1525,2019,352,15,25,NA,NA,T,NA,NA,NA,NA,20193521525
1162,2019352,1820,2019,352,18,20,NA,NA,A,NA,NA,NA,NA,20193521820
1163,2019353,1425,2019,353,14,25,NA,NA,T,NA,NA,NA,NA,20193531425
1164,2019353,1605,2019,353,16,5,NA,NA,T,NA,NA,NA,NA,20193531605
1165,2019353,1900,2019,353,19,0,NA,NA,A,NA,NA,NA,NA,20193531900
1166,2019353,1905,2019,353,19,5,6.262499999,-75.58018662,A,0.1775,0.122,0.0177,0,20193531905
1167,2019354,1510,2019,354,15,10,NA,NA,T,NA,NA,NA,NA,20193541510
1168,2019354,1805,2019,354,18,5,NA,NA,A,NA,NA,NA,NA,20193541805
1169,2019354,1810,2019,354,18,10,NA,NA,A,NA,NA,NA,NA,20193541810
1170,2019355,1555,2019,355,15,55,NA,NA,T,NA,NA,NA,NA,20193551555
1171,2019355,1850,2019,355,18,50,NA,NA,A,NA,NA,NA,NA,20193551850
1172,2019355,1855,2019,355,18,55,NA,NA,A,NA,NA,NA,NA,20193551855
1173,2019356,1500,2019,356,15,0,NA,NA,T,NA,NA,NA,NA,20193561500
1174,2019356,1635,2019,356,16,35,NA,NA,T,NA,NA,NA,NA,20193561635
1175,2019356,1755,2019,356,17,55,NA,NA,A,NA,NA,NA,NA,20193561755
1176,2019356,1935,2019,356,19,35,NA,NA,A,NA,NA,NA,NA,20193561935
1177,2019357,1540,2019,357,15,40,NA,NA,T,NA,NA,NA,NA,20193571540
1178,2019357,1840,2019,357,18,40,NA,NA,A,NA,NA,NA,NA,20193571840
1179,2019358,1445,2019,358,14,45,NA,NA,T,NA,NA,NA,NA,20193581445
1180,2019358,1625,2019,358,16,25,NA,NA,T,NA,NA,NA,NA,20193581625
1181,2019358,1740,2019,358,17,40,NA,NA,A,NA,NA,NA,NA,20193581740
1182,2019358,1920,2019,358,19,20,NA,NA,A,NA,NA,NA,NA,20193581920
1183,2019358,1925,2019,358,19,25,NA,NA,A,NA,NA,NA,NA,20193581925
1184,2019359,1530,2019,359,15,30,NA,NA,T,NA,NA,NA,NA,20193591530
1185,2019359,1825,2019,359,18,25,NA,NA,A,NA,NA,NA,NA,20193591825
1186,2019359,1830,2019,359,18,30,NA,NA,A,NA,NA,NA,NA,20193591830
1187,2019360,1435,2019,360,14,35,NA,NA,T,NA,NA,NA,NA,20193601435
1188,2019360,1610,2019,360,16,10,6.262499999,-75.57180326,T,0.031,0.021,0.0095,0,20193601610
1189,2019360,1730,2019,360,17,30,NA,NA,A,NA,NA,NA,NA,20193601730
1190,2019360,1910,2019,360,19,10,NA,NA,A,NA,NA,NA,NA,20193601910
1191,2019361,1515,2019,361,15,15,NA,NA,T,NA,NA,NA,NA,20193611515
1192,2019361,1815,2019,361,18,15,NA,NA,A,NA,NA,NA,NA,20193611815
1193,2019362,1600,2019,362,16,0,NA,NA,T,NA,NA,NA,NA,20193621600
1194,2019362,1855,2019,362,18,55,NA,NA,A,NA,NA,NA,NA,20193621855
1195,2019362,1900,2019,362,19,0,NA,NA,A,NA,NA,NA,NA,20193621900
1196,2019363,1505,2019,363,15,5,NA,NA,T,NA,NA,NA,NA,20193631505
1197,2019363,1640,2019,363,16,40,NA,NA,T,NA,NA,NA,NA,20193631640
1198,2019363,1800,2019,363,18,0,NA,NA,A,NA,NA,NA,NA,20193631800
1199,2019363,1805,2019,363,18,5,NA,NA,A,NA,NA,NA,NA,20193631805
1200,2019364,1545,2019,364,15,45,NA,NA,T,NA,NA,NA,NA,20193641545
1201,2019364,1845,2019,364,18,45,NA,NA,A,NA,NA,NA,NA,20193641845
1202,2019365,1450,2019,365,14,50,NA,NA,T,NA,NA,NA,NA,20193651450
1203,2019365,1630,2019,365,16,30,NA,NA,T,NA,NA,NA,NA,20193651630
1204,2019365,1750,2019,365,17,50,NA,NA,A,NA,NA,NA,NA,20193651750
1205,2019365,1925,2019,365,19,25,NA,NA,A,NA,NA,NA,NA,20193651925
1206,2019365,1930,2019,365,19,30,NA,NA,A,NA,NA,NA,NA,20193651930
1,2020001,1535,2020,1,15,35,NA,NA,T,NA,NA,NA,NA,20200011535
2,2020001,1830,2020,1,18,30,NA,NA,A,NA,NA,NA,NA,20200011830
3,2020001,1835,2020,1,18,35,NA,NA,A,NA,NA,NA,NA,20200011835
4,2020002,1440,2020,2,14,40,NA,NA,T,NA,NA,NA,NA,20200021440
5,2020002,1620,2020,2,16,20,NA,NA,T,NA,NA,NA,NA,20200021620
6,2020002,1735,2020,2,17,35,NA,NA,A,NA,NA,NA,NA,20200021735
7,2020002,1915,2020,2,19,15,NA,NA,A,NA,NA,NA,NA,20200021915
8,2020003,1525,2020,3,15,25,6.262499999,-75.58018662,T,0.2305,0.15975,0.0283,0,20200031525
9,2020003,1820,2020,3,18,20,NA,NA,A,NA,NA,NA,NA,20200031820
10,2020004,1425,2020,4,14,25,NA,NA,T,NA,NA,NA,NA,20200041425
11,2020004,1605,2020,4,16,5,NA,NA,T,NA,NA,NA,NA,20200041605
12,2020004,1900,2020,4,19,0,NA,NA,A,NA,NA,NA,NA,20200041900
13,2020004,1905,2020,4,19,5,NA,NA,A,NA,NA,NA,NA,20200041905
14,2020005,1510,2020,5,15,10,NA,NA,T,NA,NA,NA,NA,20200051510
15,2020005,1805,2020,5,18,5,NA,NA,A,NA,NA,NA,NA,20200051805
16,2020005,1810,2020,5,18,10,NA,NA,A,NA,NA,NA,NA,20200051810
17,2020006,1555,2020,6,15,55,NA,NA,T,NA,NA,NA,NA,20200061555
18,2020006,1850,2020,6,18,50,NA,NA,A,NA,NA,NA,NA,20200061850
19,2020006,1855,2020,6,18,55,NA,NA,A,NA,NA,NA,NA,20200061855
20,2020007,1500,2020,7,15,0,6.262499999,-75.58018662,T,0.04775,0.0325,0.0215,0,20200071500
21,2020007,1635,2020,7,16,35,NA,NA,T,NA,NA,NA,NA,20200071635
22,2020007,1755,2020,7,17,55,NA,NA,A,NA,NA,NA,NA,20200071755
23,2020007,1935,2020,7,19,35,NA,NA,A,NA,NA,NA,NA,20200071935
24,2020008,1540,2020,8,15,40,NA,NA,T,NA,NA,NA,NA,20200081540
25,2020008,1840,2020,8,18,40,NA,NA,A,NA,NA,NA,NA,20200081840
26,2020009,1445,2020,9,14,45,NA,NA,T,NA,NA,NA,NA,20200091445
27,2020009,1625,2020,9,16,25,NA,NA,T,NA,NA,NA,NA,20200091625
28,2020009,1740,2020,9,17,40,NA,NA,A,NA,NA,NA,NA,20200091740
29,2020009,1920,2020,9,19,20,NA,NA,A,NA,NA,NA,NA,20200091920
30,2020009,1925,2020,9,19,25,NA,NA,A,NA,NA,NA,NA,20200091925
31,2020010,1530,2020,10,15,30,6.262499999,-75.58018662,T,0.15,0.103,0.0328,0,20200101530
32,2020010,1825,2020,10,18,25,6.262499999,-75.58018662,A,0.09225,0.0635,0.0291,0,20200101825
33,2020010,1830,2020,10,18,30,NA,NA,A,NA,NA,NA,NA,20200101830
34,2020011,1435,2020,11,14,35,NA,NA,T,NA,NA,NA,NA,20200111435
35,2020011,1610,2020,11,16,10,6.262499999,-75.58018662,T,0.04425,0.03025,0.0092,0,20200111610
36,2020011,1730,2020,11,17,30,NA,NA,A,NA,NA,NA,NA,20200111730
37,2020011,1910,2020,11,19,10,NA,NA,A,NA,NA,NA,NA,20200111910
38,2020012,1515,2020,12,15,15,6.262499999,-75.58018662,T,0.05275,0.03575,0.0233,0,20200121515
39,2020012,1815,2020,12,18,15,NA,NA,A,NA,NA,NA,NA,20200121815
40,2020013,1600,2020,13,16,0,6.262499999,-75.58018662,T,0.147,0.101,0.0148,0,20200131600
41,2020013,1855,2020,13,18,55,NA,NA,A,NA,NA,NA,NA,20200131855
42,2020013,1900,2020,13,19,0,NA,NA,A,NA,NA,NA,NA,20200131900
43,2020014,1505,2020,14,15,5,NA,NA,T,NA,NA,NA,NA,20200141505
44,2020014,1640,2020,14,16,40,NA,NA,T,NA,NA,NA,NA,20200141640
45,2020014,1800,2020,14,18,0,NA,NA,A,NA,NA,NA,NA,20200141800
46,2020014,1805,2020,14,18,5,NA,NA,A,NA,NA,NA,NA,20200141805
47,2020015,1545,2020,15,15,45,NA,NA,T,NA,NA,NA,NA,20200151545
48,2020015,1845,2020,15,18,45,NA,NA,A,NA,NA,NA,NA,20200151845
49,2020016,1450,2020,16,14,50,NA,NA,T,NA,NA,NA,NA,20200161450
50,2020016,1630,2020,16,16,30,NA,NA,T,NA,NA,NA,NA,20200161630
51,2020016,1750,2020,16,17,50,NA,NA,A,NA,NA,NA,NA,20200161750
52,2020016,1925,2020,16,19,25,NA,NA,A,NA,NA,NA,NA,20200161925
53,2020016,1930,2020,16,19,30,NA,NA,A,NA,NA,NA,NA,20200161930
54,2020017,1535,2020,17,15,35,NA,NA,T,NA,NA,NA,NA,20200171535
55,2020017,1830,2020,17,18,30,NA,NA,A,NA,NA,NA,NA,20200171830
56,2020017,1835,2020,17,18,35,NA,NA,A,NA,NA,NA,NA,20200171835
57,2020018,1440,2020,18,14,40,NA,NA,T,NA,NA,NA,NA,20200181440
58,2020018,1620,2020,18,16,20,NA,NA,T,NA,NA,NA,NA,20200181620
59,2020018,1735,2020,18,17,35,NA,NA,A,NA,NA,NA,NA,20200181735
60,2020018,1915,2020,18,19,15,NA,NA,A,NA,NA,NA,NA,20200181915
61,2020019,1525,2020,19,15,25,NA,NA,T,NA,NA,NA,NA,20200191525
62,2020019,1820,2020,19,18,20,NA,NA,A,NA,NA,NA,NA,20200191820
63,2020020,1425,2020,20,14,25,NA,NA,T,NA,NA,NA,NA,20200201425
64,2020020,1605,2020,20,16,5,NA,NA,T,NA,NA,NA,NA,20200201605
65,2020020,1900,2020,20,19,0,NA,NA,A,NA,NA,NA,NA,20200201900
66,2020020,1905,2020,20,19,5,NA,NA,A,NA,NA,NA,NA,20200201905
67,2020021,1510,2020,21,15,10,NA,NA,T,NA,NA,NA,NA,20200211510
68,2020021,1805,2020,21,18,5,NA,NA,A,NA,NA,NA,NA,20200211805
69,2020021,1810,2020,21,18,10,NA,NA,A,NA,NA,NA,NA,20200211810
70,2020022,1555,2020,22,15,55,NA,NA,T,NA,NA,NA,NA,20200221555
71,2020022,1850,2020,22,18,50,NA,NA,A,NA,NA,NA,NA,20200221850
72,2020022,1855,2020,22,18,55,NA,NA,A,NA,NA,NA,NA,20200221855
73,2020023,1500,2020,23,15,0,NA,NA,T,NA,NA,NA,NA,20200231500
74,2020023,1635,2020,23,16,35,NA,NA,T,NA,NA,NA,NA,20200231635
75,2020023,1755,2020,23,17,55,NA,NA,A,NA,NA,NA,NA,20200231755
76,2020023,1935,2020,23,19,35,NA,NA,A,NA,NA,NA,NA,20200231935
77,2020024,1540,2020,24,15,40,NA,NA,T,NA,NA,NA,NA,20200241540
78,2020024,1840,2020,24,18,40,NA,NA,A,NA,NA,NA,NA,20200241840
79,2020025,1445,2020,25,14,45,NA,NA,T,NA,NA,NA,NA,20200251445
80,2020025,1625,2020,25,16,25,NA,NA,T,NA,NA,NA,NA,20200251625
81,2020025,1740,2020,25,17,40,NA,NA,A,NA,NA,NA,NA,20200251740
82,2020025,1920,2020,25,19,20,NA,NA,A,NA,NA,NA,NA,20200251920
83,2020025,1925,2020,25,19,25,NA,NA,A,NA,NA,NA,NA,20200251925
84,2020026,1530,2020,26,15,30,NA,NA,T,NA,NA,NA,NA,20200261530
85,2020026,1825,2020,26,18,25,NA,NA,A,NA,NA,NA,NA,20200261825
86,2020026,1830,2020,26,18,30,NA,NA,A,NA,NA,NA,NA,20200261830
87,2020027,1435,2020,27,14,35,NA,NA,T,NA,NA,NA,NA,20200271435
88,2020027,1610,2020,27,16,10,6.254166666,-75.57059789,T,0.231,0.16,0.0098,0,20200271610
89,2020027,1730,2020,27,17,30,NA,NA,A,NA,NA,NA,NA,20200271730
90,2020027,1910,2020,27,19,10,NA,NA,A,NA,NA,NA,NA,20200271910
91,2020028,1515,2020,28,15,15,NA,NA,T,NA,NA,NA,NA,20200281515
92,2020028,1815,2020,28,18,15,NA,NA,A,NA,NA,NA,NA,20200281815
93,2020029,1600,2020,29,16,0,6.262499999,-75.58018662,T,0.1845,0.1265,0.0151,0,20200291600
94,2020029,1855,2020,29,18,55,NA,NA,A,NA,NA,NA,NA,20200291855
95,2020029,1900,2020,29,19,0,NA,NA,A,NA,NA,NA,NA,20200291900
96,2020030,1505,2020,30,15,5,6.262499999,-75.58018662,T,0.222,0.154,0.0203,0,20200301505
97,2020030,1640,2020,30,16,40,NA,NA,T,NA,NA,NA,NA,20200301640
98,2020030,1800,2020,30,18,0,NA,NA,A,NA,NA,NA,NA,20200301800
99,2020030,1805,2020,30,18,5,NA,NA,A,NA,NA,NA,NA,20200301805
100,2020031,1550,2020,31,15,50,NA,NA,T,NA,NA,NA,NA,20200311550
101,2020031,1845,2020,31,18,45,NA,NA,A,NA,NA,NA,NA,20200311845
102,2020032,1450,2020,32,14,50,NA,NA,T,NA,NA,NA,NA,20200321450
103,2020032,1630,2020,32,16,30,NA,NA,T,NA,NA,NA,NA,20200321630
104,2020032,1750,2020,32,17,50,NA,NA,A,NA,NA,NA,NA,20200321750
105,2020032,1925,2020,32,19,25,NA,NA,A,NA,NA,NA,NA,20200321925
106,2020032,1930,2020,32,19,30,NA,NA,A,NA,NA,NA,NA,20200321930
107,2020033,1535,2020,33,15,35,NA,NA,T,NA,NA,NA,NA,20200331535
108,2020033,1830,2020,33,18,30,NA,NA,A,NA,NA,NA,NA,20200331830
109,2020033,1835,2020,33,18,35,NA,NA,A,NA,NA,NA,NA,20200331835
110,2020034,1440,2020,34,14,40,NA,NA,T,NA,NA,NA,NA,20200341440
111,2020034,1620,2020,34,16,20,NA,NA,T,NA,NA,NA,NA,20200341620
112,2020034,1735,2020,34,17,35,NA,NA,A,NA,NA,NA,NA,20200341735
113,2020034,1915,2020,34,19,15,NA,NA,A,NA,NA,NA,NA,20200341915
114,2020035,1525,2020,35,15,25,NA,NA,T,NA,NA,NA,NA,20200351525
115,2020035,1820,2020,35,18,20,NA,NA,A,NA,NA,NA,NA,20200351820
116,2020036,1430,2020,36,14,30,NA,NA,T,NA,NA,NA,NA,20200361430
117,2020036,1605,2020,36,16,5,NA,NA,T,NA,NA,NA,NA,20200361605
118,2020036,1900,2020,36,19,0,NA,NA,A,NA,NA,NA,NA,20200361900
119,2020036,1905,2020,36,19,5,NA,NA,A,NA,NA,NA,NA,20200361905
120,2020037,1510,2020,37,15,10,NA,NA,T,NA,NA,NA,NA,20200371510
121,2020037,1805,2020,37,18,5,NA,NA,A,NA,NA,NA,NA,20200371805
122,2020037,1810,2020,37,18,10,NA,NA,A,NA,NA,NA,NA,20200371810
123,2020038,1555,2020,38,15,55,6.262499999,-75.58018662,T,0.39,0.273,0.0205,0,20200381555
124,2020038,1850,2020,38,18,50,NA,NA,A,NA,NA,NA,NA,20200381850
125,2020038,1855,2020,38,18,55,NA,NA,A,NA,NA,NA,NA,20200381855
126,2020039,1500,2020,39,15,0,NA,NA,T,NA,NA,NA,NA,20200391500
127,2020039,1635,2020,39,16,35,NA,NA,T,NA,NA,NA,NA,20200391635
128,2020039,1755,2020,39,17,55,NA,NA,A,NA,NA,NA,NA,20200391755
129,2020039,1935,2020,39,19,35,NA,NA,A,NA,NA,NA,NA,20200391935
130,2020040,1540,2020,40,15,40,NA,NA,T,NA,NA,NA,NA,20200401540
131,2020040,1840,2020,40,18,40,NA,NA,A,NA,NA,NA,NA,20200401840
132,2020041,1445,2020,41,14,45,NA,NA,T,NA,NA,NA,NA,20200411445
133,2020041,1625,2020,41,16,25,NA,NA,T,NA,NA,NA,NA,20200411625
134,2020041,1740,2020,41,17,40,NA,NA,A,NA,NA,NA,NA,20200411740
135,2020041,1920,2020,41,19,20,NA,NA,A,NA,NA,NA,NA,20200411920
136,2020041,1925,2020,41,19,25,NA,NA,A,NA,NA,NA,NA,20200411925
137,2020042,1530,2020,42,15,30,NA,NA,T,NA,NA,NA,NA,20200421530
138,2020042,1825,2020,42,18,25,NA,NA,A,NA,NA,NA,NA,20200421825
139,2020042,1830,2020,42,18,30,NA,NA,A,NA,NA,NA,NA,20200421830
140,2020043,1435,2020,43,14,35,NA,NA,T,NA,NA,NA,NA,20200431435
141,2020043,1610,2020,43,16,10,NA,NA,T,NA,NA,NA,NA,20200431610
142,2020043,1730,2020,43,17,30,NA,NA,A,NA,NA,NA,NA,20200431730
143,2020043,1910,2020,43,19,10,NA,NA,A,NA,NA,NA,NA,20200431910
144,2020044,1515,2020,44,15,15,NA,NA,T,NA,NA,NA,NA,20200441515
145,2020044,1815,2020,44,18,15,NA,NA,A,NA,NA,NA,NA,20200441815
146,2020045,1600,2020,45,16,0,NA,NA,T,NA,NA,NA,NA,20200451600
147,2020045,1855,2020,45,18,55,NA,NA,A,NA,NA,NA,NA,20200451855
148,2020045,1900,2020,45,19,0,NA,NA,A,NA,NA,NA,NA,20200451900
149,2020046,1505,2020,46,15,5,NA,NA,T,NA,NA,NA,NA,20200461505
150,2020046,1640,2020,46,16,40,NA,NA,T,NA,NA,NA,NA,20200461640
151,2020046,1800,2020,46,18,0,NA,NA,A,NA,NA,NA,NA,20200461800
152,2020046,1805,2020,46,18,5,NA,NA,A,NA,NA,NA,NA,20200461805
153,2020047,1550,2020,47,15,50,NA,NA,T,NA,NA,NA,NA,20200471550
154,2020047,1845,2020,47,18,45,NA,NA,A,NA,NA,NA,NA,20200471845
155,2020048,1455,2020,48,14,55,NA,NA,T,NA,NA,NA,NA,20200481455
156,2020048,1630,2020,48,16,30,NA,NA,T,NA,NA,NA,NA,20200481630
157,2020048,1750,2020,48,17,50,NA,NA,A,NA,NA,NA,NA,20200481750
158,2020048,1925,2020,48,19,25,NA,NA,A,NA,NA,NA,NA,20200481925
159,2020048,1930,2020,48,19,30,NA,NA,A,NA,NA,NA,NA,20200481930
160,2020049,1535,2020,49,15,35,6.262499999,-75.58018662,T,0.19325,0.1335,0.0341,0,20200491535
161,2020049,1830,2020,49,18,30,NA,NA,A,NA,NA,NA,NA,20200491830
162,2020049,1835,2020,49,18,35,6.262499999,-75.58018662,A,0.285,0.198,0.0379,0,20200491835
163,2020050,1440,2020,50,14,40,NA,NA,T,NA,NA,NA,NA,20200501440
164,2020050,1620,2020,50,16,20,NA,NA,T,NA,NA,NA,NA,20200501620
165,2020050,1735,2020,50,17,35,NA,NA,A,NA,NA,NA,NA,20200501735
166,2020050,1915,2020,50,19,15,NA,NA,A,NA,NA,NA,NA,20200501915
167,2020051,1820,2020,51,18,20,NA,NA,A,NA,NA,NA,NA,20200511820
168,2020052,1430,2020,52,14,30,NA,NA,T,NA,NA,NA,NA,20200521430
169,2020052,1605,2020,52,16,5,6.262499999,-75.57180326,T,0.537,0.378,0.0132,0,20200521605
170,2020052,1905,2020,52,19,5,NA,NA,A,NA,NA,NA,NA,20200521905
171,2020053,1510,2020,53,15,10,NA,NA,T,NA,NA,NA,NA,20200531510
172,2020053,1805,2020,53,18,5,NA,NA,A,NA,NA,NA,NA,20200531805
173,2020053,1810,2020,53,18,10,NA,NA,A,NA,NA,NA,NA,20200531810
174,2020054,1555,2020,54,15,55,NA,NA,T,NA,NA,NA,NA,20200541555
175,2020054,1850,2020,54,18,50,NA,NA,A,NA,NA,NA,NA,20200541850
176,2020054,1855,2020,54,18,55,NA,NA,A,NA,NA,NA,NA,20200541855
177,2020055,1500,2020,55,15,0,NA,NA,T,NA,NA,NA,NA,20200551500
178,2020055,1635,2020,55,16,35,NA,NA,T,NA,NA,NA,NA,20200551635
179,2020055,1755,2020,55,17,55,NA,NA,A,NA,NA,NA,NA,20200551755
180,2020055,1935,2020,55,19,35,NA,NA,A,NA,NA,NA,NA,20200551935
181,2020056,1540,2020,56,15,40,6.262499999,-75.58018662,T,0.40325,0.28325,0.033,0,20200561540
182,2020056,1840,2020,56,18,40,NA,NA,A,NA,NA,NA,NA,20200561840
183,2020057,1445,2020,57,14,45,NA,NA,T,NA,NA,NA,NA,20200571445
184,2020057,1625,2020,57,16,25,NA,NA,T,NA,NA,NA,NA,20200571625
185,2020057,1920,2020,57,19,20,NA,NA,A,NA,NA,NA,NA,20200571920
186,2020057,1925,2020,57,19,25,NA,NA,A,NA,NA,NA,NA,20200571925
187,2020058,1825,2020,58,18,25,NA,NA,A,NA,NA,NA,NA,20200581825
188,2020058,1830,2020,58,18,30,NA,NA,A,NA,NA,NA,NA,20200581830
189,2020059,1435,2020,59,14,35,NA,NA,T,NA,NA,NA,NA,20200591435
190,2020059,1615,2020,59,16,15,NA,NA,T,NA,NA,NA,NA,20200591615
191,2020059,1730,2020,59,17,30,NA,NA,A,NA,NA,NA,NA,20200591730
192,2020059,1910,2020,59,19,10,NA,NA,A,NA,NA,NA,NA,20200591910
193,2020060,1515,2020,60,15,15,NA,NA,T,NA,NA,NA,NA,20200601515
194,2020060,1815,2020,60,18,15,NA,NA,A,NA,NA,NA,NA,20200601815
195,2020061,1600,2020,61,16,0,NA,NA,T,NA,NA,NA,NA,20200611600
196,2020061,1855,2020,61,18,55,NA,NA,A,NA,NA,NA,NA,20200611855
197,2020061,1900,2020,61,19,0,NA,NA,A,NA,NA,NA,NA,20200611900
198,2020062,1505,2020,62,15,5,NA,NA,T,NA,NA,NA,NA,20200621505
199,2020062,1640,2020,62,16,40,NA,NA,T,NA,NA,NA,NA,20200621640
200,2020062,1800,2020,62,18,0,NA,NA,A,NA,NA,NA,NA,20200621800
201,2020062,1805,2020,62,18,5,NA,NA,A,NA,NA,NA,NA,20200621805
202,2020063,1550,2020,63,15,50,NA,NA,T,NA,NA,NA,NA,20200631550
203,2020063,1845,2020,63,18,45,NA,NA,A,NA,NA,NA,NA,20200631845
204,2020064,1455,2020,64,14,55,NA,NA,T,NA,NA,NA,NA,20200641455
205,2020064,1630,2020,64,16,30,NA,NA,T,NA,NA,NA,NA,20200641630
206,2020064,1750,2020,64,17,50,NA,NA,A,NA,NA,NA,NA,20200641750
207,2020064,1925,2020,64,19,25,NA,NA,A,NA,NA,NA,NA,20200641925
208,2020064,1930,2020,64,19,30,NA,NA,A,NA,NA,NA,NA,20200641930
209,2020065,1535,2020,65,15,35,NA,NA,T,NA,NA,NA,NA,20200651535
210,2020065,1830,2020,65,18,30,NA,NA,A,NA,NA,NA,NA,20200651830
211,2020065,1835,2020,65,18,35,6.262499999,-75.58018662,A,0.21775,0.15025,0.0376,0,20200651835
212,2020066,1440,2020,66,14,40,NA,NA,T,NA,NA,NA,NA,20200661440
213,2020066,1620,2020,66,16,20,NA,NA,T,NA,NA,NA,NA,20200661620
214,2020066,1735,2020,66,17,35,NA,NA,A,NA,NA,NA,NA,20200661735
215,2020066,1915,2020,66,19,15,NA,NA,A,NA,NA,NA,NA,20200661915
216,2020066,1920,2020,66,19,20,NA,NA,A,NA,NA,NA,NA,20200661920
217,2020067,1525,2020,67,15,25,NA,NA,T,NA,NA,NA,NA,20200671525
218,2020067,1820,2020,67,18,20,NA,NA,A,NA,NA,NA,NA,20200671820
219,2020068,1430,2020,68,14,30,NA,NA,T,NA,NA,NA,NA,20200681430
220,2020068,1605,2020,68,16,5,NA,NA,T,NA,NA,NA,NA,20200681605
221,2020068,1905,2020,68,19,5,NA,NA,A,NA,NA,NA,NA,20200681905
222,2020069,1510,2020,69,15,10,NA,NA,T,NA,NA,NA,NA,20200691510
223,2020069,1805,2020,69,18,5,NA,NA,A,NA,NA,NA,NA,20200691805
224,2020069,1810,2020,69,18,10,NA,NA,A,NA,NA,NA,NA,20200691810
225,2020070,1555,2020,70,15,55,NA,NA,T,NA,NA,NA,NA,20200701555
226,2020070,1850,2020,70,18,50,NA,NA,A,NA,NA,NA,NA,20200701850
227,2020070,1855,2020,70,18,55,NA,NA,A,NA,NA,NA,NA,20200701855
228,2020071,1500,2020,71,15,0,NA,NA,T,NA,NA,NA,NA,20200711500
229,2020071,1635,2020,71,16,35,NA,NA,T,NA,NA,NA,NA,20200711635
230,2020071,1755,2020,71,17,55,NA,NA,A,NA,NA,NA,NA,20200711755
231,2020071,1935,2020,71,19,35,NA,NA,A,NA,NA,NA,NA,20200711935
232,2020072,1540,2020,72,15,40,NA,NA,T,NA,NA,NA,NA,20200721540
233,2020072,1840,2020,72,18,40,NA,NA,A,NA,NA,NA,NA,20200721840
234,2020073,1445,2020,73,14,45,NA,NA,T,NA,NA,NA,NA,20200731445
235,2020073,1625,2020,73,16,25,NA,NA,T,NA,NA,NA,NA,20200731625
236,2020073,1920,2020,73,19,20,NA,NA,A,NA,NA,NA,NA,20200731920
237,2020073,1925,2020,73,19,25,NA,NA,A,NA,NA,NA,NA,20200731925
238,2020074,1530,2020,74,15,30,NA,NA,T,NA,NA,NA,NA,20200741530
239,2020074,1825,2020,74,18,25,NA,NA,A,NA,NA,NA,NA,20200741825
240,2020074,1830,2020,74,18,30,NA,NA,A,NA,NA,NA,NA,20200741830
241,2020075,1435,2020,75,14,35,NA,NA,T,NA,NA,NA,NA,20200751435
242,2020075,1610,2020,75,16,10,NA,NA,T,NA,NA,NA,NA,20200751610
243,2020075,1730,2020,75,17,30,NA,NA,A,NA,NA,NA,NA,20200751730
244,2020075,1910,2020,75,19,10,NA,NA,A,NA,NA,NA,NA,20200751910
245,2020076,1515,2020,76,15,15,NA,NA,T,NA,NA,NA,NA,20200761515
246,2020076,1815,2020,76,18,15,NA,NA,A,NA,NA,NA,NA,20200761815
247,2020077,1600,2020,77,16,0,6.262499999,-75.58018662,T,0.557,0.395,0.0187,0,20200771600
248,2020077,1855,2020,77,18,55,NA,NA,A,NA,NA,NA,NA,20200771855
249,2020077,1900,2020,77,19,0,NA,NA,A,NA,NA,NA,NA,20200771900
250,2020078,1505,2020,78,15,5,NA,NA,T,NA,NA,NA,NA,20200781505
251,2020078,1640,2020,78,16,40,NA,NA,T,NA,NA,NA,NA,20200781640
252,2020078,1800,2020,78,18,0,NA,NA,A,NA,NA,NA,NA,20200781800
253,2020078,1805,2020,78,18,5,NA,NA,A,NA,NA,NA,NA,20200781805
254,2020079,1550,2020,79,15,50,NA,NA,T,NA,NA,NA,NA,20200791550
255,2020079,1845,2020,79,18,45,NA,NA,A,NA,NA,NA,NA,20200791845
256,2020080,1455,2020,80,14,55,NA,NA,T,NA,NA,NA,NA,20200801455
257,2020080,1630,2020,80,16,30,NA,NA,T,NA,NA,NA,NA,20200801630
258,2020080,1750,2020,80,17,50,NA,NA,A,NA,NA,NA,NA,20200801750
259,2020080,1925,2020,80,19,25,NA,NA,A,NA,NA,NA,NA,20200801925
260,2020080,1930,2020,80,19,30,NA,NA,A,NA,NA,NA,NA,20200801930
261,2020081,1535,2020,81,15,35,NA,NA,T,NA,NA,NA,NA,20200811535
262,2020081,1830,2020,81,18,30,NA,NA,A,NA,NA,NA,NA,20200811830
263,2020081,1835,2020,81,18,35,NA,NA,A,NA,NA,NA,NA,20200811835
264,2020082,1440,2020,82,14,40,NA,NA,T,NA,NA,NA,NA,20200821440
265,2020082,1620,2020,82,16,20,NA,NA,T,NA,NA,NA,NA,20200821620
266,2020082,1735,2020,82,17,35,NA,NA,A,NA,NA,NA,NA,20200821735
267,2020082,1915,2020,82,19,15,NA,NA,A,NA,NA,NA,NA,20200821915
268,2020082,1920,2020,82,19,20,NA,NA,A,NA,NA,NA,NA,20200821920
269,2020083,1525,2020,83,15,25,NA,NA,T,NA,NA,NA,NA,20200831525
270,2020083,1820,2020,83,18,20,NA,NA,A,NA,NA,NA,NA,20200831820
271,2020084,1430,2020,84,14,30,NA,NA,T,NA,NA,NA,NA,20200841430
272,2020084,1605,2020,84,16,5,NA,NA,T,NA,NA,NA,NA,20200841605
273,2020084,1905,2020,84,19,5,NA,NA,A,NA,NA,NA,NA,20200841905
274,2020085,1510,2020,85,15,10,NA,NA,T,NA,NA,NA,NA,20200851510
275,2020085,1805,2020,85,18,5,NA,NA,A,NA,NA,NA,NA,20200851805
276,2020085,1810,2020,85,18,10,NA,NA,A,NA,NA,NA,NA,20200851810
277,2020086,1555,2020,86,15,55,NA,NA,T,NA,NA,NA,NA,20200861555
278,2020086,1850,2020,86,18,50,NA,NA,A,NA,NA,NA,NA,20200861850
279,2020086,1855,2020,86,18,55,NA,NA,A,NA,NA,NA,NA,20200861855
280,2020087,1500,2020,87,15,0,NA,NA,T,NA,NA,NA,NA,20200871500
281,2020087,1635,2020,87,16,35,NA,NA,T,NA,NA,NA,NA,20200871635
282,2020087,1755,2020,87,17,55,NA,NA,A,NA,NA,NA,NA,20200871755
283,2020087,1935,2020,87,19,35,NA,NA,A,NA,NA,NA,NA,20200871935
284,2020088,1540,2020,88,15,40,NA,NA,T,NA,NA,NA,NA,20200881540
285,2020088,1840,2020,88,18,40,NA,NA,A,NA,NA,NA,NA,20200881840
286,2020089,1445,2020,89,14,45,NA,NA,T,NA,NA,NA,NA,20200891445
287,2020089,1625,2020,89,16,25,NA,NA,T,NA,NA,NA,NA,20200891625
288,2020089,1920,2020,89,19,20,NA,NA,A,NA,NA,NA,NA,20200891920
289,2020089,1925,2020,89,19,25,NA,NA,A,NA,NA,NA,NA,20200891925
290,2020090,1530,2020,90,15,30,NA,NA,T,NA,NA,NA,NA,20200901530
291,2020090,1825,2020,90,18,25,NA,NA,A,NA,NA,NA,NA,20200901825
292,2020090,1830,2020,90,18,30,NA,NA,A,NA,NA,NA,NA,20200901830
293,2020091,1435,2020,91,14,35,NA,NA,T,NA,NA,NA,NA,20200911435
294,2020091,1610,2020,91,16,10,NA,NA,T,NA,NA,NA,NA,20200911610
295,2020091,1730,2020,91,17,30,NA,NA,A,NA,NA,NA,NA,20200911730
296,2020091,1910,2020,91,19,10,NA,NA,A,NA,NA,NA,NA,20200911910
297,2020092,1515,2020,92,15,15,NA,NA,T,NA,NA,NA,NA,20200921515
298,2020092,1815,2020,92,18,15,NA,NA,A,NA,NA,NA,NA,20200921815
299,2020093,1600,2020,93,16,0,6.262499999,-75.58018662,T,0.09475,0.065,0.0206,0,20200931600
300,2020093,1855,2020,93,18,55,NA,NA,A,NA,NA,NA,NA,20200931855
301,2020093,1900,2020,93,19,0,NA,NA,A,NA,NA,NA,NA,20200931900
302,2020094,1505,2020,94,15,5,NA,NA,T,NA,NA,NA,NA,20200941505
303,2020094,1640,2020,94,16,40,NA,NA,T,NA,NA,NA,NA,20200941640
304,2020094,1800,2020,94,18,0,NA,NA,A,NA,NA,NA,NA,20200941800
305,2020094,1805,2020,94,18,5,NA,NA,A,NA,NA,NA,NA,20200941805
306,2020095,1550,2020,95,15,50,NA,NA,T,NA,NA,NA,NA,20200951550
307,2020095,1845,2020,95,18,45,NA,NA,A,NA,NA,NA,NA,20200951845
308,2020096,1455,2020,96,14,55,NA,NA,T,NA,NA,NA,NA,20200961455
309,2020096,1630,2020,96,16,30,NA,NA,T,NA,NA,NA,NA,20200961630
310,2020096,1750,2020,96,17,50,NA,NA,A,NA,NA,NA,NA,20200961750
311,2020096,1925,2020,96,19,25,NA,NA,A,NA,NA,NA,NA,20200961925
312,2020096,1930,2020,96,19,30,NA,NA,A,NA,NA,NA,NA,20200961930
313,2020097,1535,2020,97,15,35,NA,NA,T,NA,NA,NA,NA,20200971535
314,2020097,1830,2020,97,18,30,NA,NA,A,NA,NA,NA,NA,20200971830
315,2020097,1835,2020,97,18,35,NA,NA,A,NA,NA,NA,NA,20200971835
316,2020098,1440,2020,98,14,40,NA,NA,T,NA,NA,NA,NA,20200981440
317,2020098,1620,2020,98,16,20,NA,NA,T,NA,NA,NA,NA,20200981620
318,2020098,1735,2020,98,17,35,NA,NA,A,NA,NA,NA,NA,20200981735
319,2020098,1915,2020,98,19,15,NA,NA,A,NA,NA,NA,NA,20200981915
320,2020098,1920,2020,98,19,20,NA,NA,A,NA,NA,NA,NA,20200981920
321,2020099,1525,2020,99,15,25,NA,NA,T,NA,NA,NA,NA,20200991525
322,2020099,1820,2020,99,18,20,NA,NA,A,NA,NA,NA,NA,20200991820
323,2020100,1430,2020,100,14,30,NA,NA,T,NA,NA,NA,NA,20201001430
324,2020100,1605,2020,100,16,5,NA,NA,T,NA,NA,NA,NA,20201001605
325,2020100,1905,2020,100,19,5,NA,NA,A,NA,NA,NA,NA,20201001905
326,2020101,1510,2020,101,15,10,NA,NA,T,NA,NA,NA,NA,20201011510
327,2020101,1805,2020,101,18,5,NA,NA,A,NA,NA,NA,NA,20201011805
328,2020101,1810,2020,101,18,10,NA,NA,A,NA,NA,NA,NA,20201011810
329,2020102,1555,2020,102,15,55,NA,NA,T,NA,NA,NA,NA,20201021555
330,2020102,1850,2020,102,18,50,NA,NA,A,NA,NA,NA,NA,20201021850
331,2020102,1855,2020,102,18,55,NA,NA,A,NA,NA,NA,NA,20201021855
332,2020103,1500,2020,103,15,0,NA,NA,T,NA,NA,NA,NA,20201031500
333,2020103,1635,2020,103,16,35,NA,NA,T,NA,NA,NA,NA,20201031635
334,2020103,1755,2020,103,17,55,NA,NA,A,NA,NA,NA,NA,20201031755
335,2020103,1935,2020,103,19,35,NA,NA,A,NA,NA,NA,NA,20201031935
336,2020104,1540,2020,104,15,40,NA,NA,T,NA,NA,NA,NA,20201041540
337,2020104,1840,2020,104,18,40,NA,NA,A,NA,NA,NA,NA,20201041840
338,2020105,1445,2020,105,14,45,NA,NA,T,NA,NA,NA,NA,20201051445
339,2020105,1625,2020,105,16,25,NA,NA,T,NA,NA,NA,NA,20201051625
340,2020105,1920,2020,105,19,20,NA,NA,A,NA,NA,NA,NA,20201051920
341,2020105,1925,2020,105,19,25,NA,NA,A,NA,NA,NA,NA,20201051925
342,2020106,1530,2020,106,15,30,NA,NA,T,NA,NA,NA,NA,20201061530
343,2020106,1825,2020,106,18,25,NA,NA,A,NA,NA,NA,NA,20201061825
344,2020106,1830,2020,106,18,30,NA,NA,A,NA,NA,NA,NA,20201061830
345,2020107,1435,2020,107,14,35,NA,NA,T,NA,NA,NA,NA,20201071435
346,2020107,1610,2020,107,16,10,NA,NA,T,NA,NA,NA,NA,20201071610
347,2020107,1730,2020,107,17,30,NA,NA,A,NA,NA,NA,NA,20201071730
348,2020107,1910,2020,107,19,10,NA,NA,A,NA,NA,NA,NA,20201071910
349,2020108,1515,2020,108,15,15,NA,NA,T,NA,NA,NA,NA,20201081515
350,2020108,1815,2020,108,18,15,NA,NA,A,NA,NA,NA,NA,20201081815
351,2020109,1600,2020,109,16,0,NA,NA,T,NA,NA,NA,NA,20201091600
352,2020109,1855,2020,109,18,55,NA,NA,A,NA,NA,NA,NA,20201091855
353,2020109,1900,2020,109,19,0,NA,NA,A,NA,NA,NA,NA,20201091900
354,2020110,1505,2020,110,15,5,NA,NA,T,NA,NA,NA,NA,20201101505
355,2020110,1640,2020,110,16,40,NA,NA,T,NA,NA,NA,NA,20201101640
356,2020110,1800,2020,110,18,0,NA,NA,A,NA,NA,NA,NA,20201101800
357,2020110,1805,2020,110,18,5,NA,NA,A,NA,NA,NA,NA,20201101805
358,2020111,1550,2020,111,15,50,NA,NA,T,NA,NA,NA,NA,20201111550
359,2020111,1845,2020,111,18,45,NA,NA,A,NA,NA,NA,NA,20201111845
360,2020112,1450,2020,112,14,50,NA,NA,T,NA,NA,NA,NA,20201121450
361,2020112,1630,2020,112,16,30,NA,NA,T,NA,NA,NA,NA,20201121630
362,2020112,1750,2020,112,17,50,NA,NA,A,NA,NA,NA,NA,20201121750
363,2020112,1925,2020,112,19,25,NA,NA,A,NA,NA,NA,NA,20201121925
364,2020112,1930,2020,112,19,30,NA,NA,A,NA,NA,NA,NA,20201121930
365,2020113,1535,2020,113,15,35,NA,NA,T,NA,NA,NA,NA,20201131535
366,2020113,1830,2020,113,18,30,NA,NA,A,NA,NA,NA,NA,20201131830
367,2020113,1835,2020,113,18,35,NA,NA,A,NA,NA,NA,NA,20201131835
368,2020114,1440,2020,114,14,40,NA,NA,T,NA,NA,NA,NA,20201141440
369,2020114,1620,2020,114,16,20,NA,NA,T,NA,NA,NA,NA,20201141620
370,2020114,1735,2020,114,17,35,NA,NA,A,NA,NA,NA,NA,20201141735
371,2020114,1915,2020,114,19,15,NA,NA,A,NA,NA,NA,NA,20201141915
372,2020114,1920,2020,114,19,20,NA,NA,A,NA,NA,NA,NA,20201141920
373,2020115,1525,2020,115,15,25,NA,NA,T,NA,NA,NA,NA,20201151525
374,2020115,1820,2020,115,18,20,NA,NA,A,NA,NA,NA,NA,20201151820
375,2020116,1430,2020,116,14,30,NA,NA,T,NA,NA,NA,NA,20201161430
376,2020116,1605,2020,116,16,5,NA,NA,T,NA,NA,NA,NA,20201161605
377,2020116,1905,2020,116,19,5,NA,NA,A,NA,NA,NA,NA,20201161905
378,2020117,1510,2020,117,15,10,NA,NA,T,NA,NA,NA,NA,20201171510
379,2020117,1805,2020,117,18,5,NA,NA,A,NA,NA,NA,NA,20201171805
380,2020117,1810,2020,117,18,10,NA,NA,A,NA,NA,NA,NA,20201171810
381,2020118,1555,2020,118,15,55,NA,NA,T,NA,NA,NA,NA,20201181555
382,2020118,1850,2020,118,18,50,NA,NA,A,NA,NA,NA,NA,20201181850
383,2020118,1855,2020,118,18,55,NA,NA,A,NA,NA,NA,NA,20201181855
384,2020119,1500,2020,119,15,0,NA,NA,T,NA,NA,NA,NA,20201191500
385,2020119,1635,2020,119,16,35,NA,NA,T,NA,NA,NA,NA,20201191635
386,2020119,1755,2020,119,17,55,NA,NA,A,NA,NA,NA,NA,20201191755
387,2020119,1935,2020,119,19,35,NA,NA,A,NA,NA,NA,NA,20201191935
388,2020120,1540,2020,120,15,40,NA,NA,T,NA,NA,NA,NA,20201201540
389,2020120,1840,2020,120,18,40,NA,NA,A,NA,NA,NA,NA,20201201840
390,2020121,1445,2020,121,14,45,NA,NA,T,NA,NA,NA,NA,20201211445
391,2020121,1625,2020,121,16,25,NA,NA,T,NA,NA,NA,NA,20201211625
392,2020121,1920,2020,121,19,20,NA,NA,A,NA,NA,NA,NA,20201211920
393,2020121,1925,2020,121,19,25,NA,NA,A,NA,NA,NA,NA,20201211925
394,2020122,1530,2020,122,15,30,NA,NA,T,NA,NA,NA,NA,20201221530
395,2020122,1825,2020,122,18,25,NA,NA,A,NA,NA,NA,NA,20201221825
396,2020122,1830,2020,122,18,30,NA,NA,A,NA,NA,NA,NA,20201221830
397,2020123,1435,2020,123,14,35,NA,NA,T,NA,NA,NA,NA,20201231435
398,2020123,1610,2020,123,16,10,NA,NA,T,NA,NA,NA,NA,20201231610
399,2020123,1730,2020,123,17,30,NA,NA,A,NA,NA,NA,NA,20201231730
400,2020123,1910,2020,123,19,10,NA,NA,A,NA,NA,NA,NA,20201231910
401,2020124,1515,2020,124,15,15,NA,NA,T,NA,NA,NA,NA,20201241515
402,2020124,1815,2020,124,18,15,NA,NA,A,NA,NA,NA,NA,20201241815
403,2020125,1600,2020,125,16,0,NA,NA,T,NA,NA,NA,NA,20201251600
404,2020125,1855,2020,125,18,55,NA,NA,A,NA,NA,NA,NA,20201251855
405,2020125,1900,2020,125,19,0,NA,NA,A,NA,NA,NA,NA,20201251900
406,2020126,1505,2020,126,15,5,NA,NA,T,NA,NA,NA,NA,20201261505
407,2020126,1640,2020,126,16,40,NA,NA,T,NA,NA,NA,NA,20201261640
408,2020126,1800,2020,126,18,0,NA,NA,A,NA,NA,NA,NA,20201261800
409,2020126,1805,2020,126,18,5,NA,NA,A,NA,NA,NA,NA,20201261805
410,2020127,1545,2020,127,15,45,NA,NA,T,NA,NA,NA,NA,20201271545
411,2020127,1845,2020,127,18,45,NA,NA,A,NA,NA,NA,NA,20201271845
412,2020128,1450,2020,128,14,50,NA,NA,T,NA,NA,NA,NA,20201281450
413,2020128,1630,2020,128,16,30,NA,NA,T,NA,NA,NA,NA,20201281630
414,2020128,1750,2020,128,17,50,NA,NA,A,NA,NA,NA,NA,20201281750
415,2020128,1925,2020,128,19,25,NA,NA,A,NA,NA,NA,NA,20201281925
416,2020128,1930,2020,128,19,30,NA,NA,A,NA,NA,NA,NA,20201281930
417,2020129,1535,2020,129,15,35,NA,NA,T,NA,NA,NA,NA,20201291535
418,2020129,1830,2020,129,18,30,NA,NA,A,NA,NA,NA,NA,20201291830
419,2020129,1835,2020,129,18,35,NA,NA,A,NA,NA,NA,NA,20201291835
420,2020130,1440,2020,130,14,40,NA,NA,T,NA,NA,NA,NA,20201301440
421,2020130,1620,2020,130,16,20,NA,NA,T,NA,NA,NA,NA,20201301620
422,2020130,1735,2020,130,17,35,NA,NA,A,NA,NA,NA,NA,20201301735
423,2020130,1915,2020,130,19,15,NA,NA,A,NA,NA,NA,NA,20201301915
424,2020131,1525,2020,131,15,25,NA,NA,T,NA,NA,NA,NA,20201311525
425,2020131,1820,2020,131,18,20,NA,NA,A,NA,NA,NA,NA,20201311820
426,2020132,1430,2020,132,14,30,NA,NA,T,NA,NA,NA,NA,20201321430
427,2020132,1605,2020,132,16,5,NA,NA,T,NA,NA,NA,NA,20201321605
428,2020132,1905,2020,132,19,5,NA,NA,A,NA,NA,NA,NA,20201321905
429,2020133,1510,2020,133,15,10,NA,NA,T,NA,NA,NA,NA,20201331510
430,2020133,1805,2020,133,18,5,NA,NA,A,NA,NA,NA,NA,20201331805
431,2020133,1810,2020,133,18,10,NA,NA,A,NA,NA,NA,NA,20201331810
432,2020134,1555,2020,134,15,55,NA,NA,T,NA,NA,NA,NA,20201341555
433,2020134,1850,2020,134,18,50,NA,NA,A,NA,NA,NA,NA,20201341850
434,2020134,1855,2020,134,18,55,NA,NA,A,NA,NA,NA,NA,20201341855
435,2020135,1500,2020,135,15,0,NA,NA,T,NA,NA,NA,NA,20201351500
436,2020135,1635,2020,135,16,35,NA,NA,T,NA,NA,NA,NA,20201351635
437,2020135,1755,2020,135,17,55,NA,NA,A,NA,NA,NA,NA,20201351755
438,2020135,1935,2020,135,19,35,NA,NA,A,NA,NA,NA,NA,20201351935
439,2020136,1540,2020,136,15,40,NA,NA,T,NA,NA,NA,NA,20201361540
440,2020136,1840,2020,136,18,40,NA,NA,A,NA,NA,NA,NA,20201361840
441,2020137,1445,2020,137,14,45,NA,NA,T,NA,NA,NA,NA,20201371445
442,2020137,1625,2020,137,16,25,NA,NA,T,NA,NA,NA,NA,20201371625
443,2020137,1740,2020,137,17,40,NA,NA,A,NA,NA,NA,NA,20201371740
444,2020137,1920,2020,137,19,20,NA,NA,A,NA,NA,NA,NA,20201371920
445,2020137,1925,2020,137,19,25,NA,NA,A,NA,NA,NA,NA,20201371925
446,2020138,1530,2020,138,15,30,NA,NA,T,NA,NA,NA,NA,20201381530
447,2020138,1825,2020,138,18,25,NA,NA,A,NA,NA,NA,NA,20201381825
448,2020138,1830,2020,138,18,30,NA,NA,A,NA,NA,NA,NA,20201381830
449,2020139,1435,2020,139,14,35,NA,NA,T,NA,NA,NA,NA,20201391435
450,2020139,1610,2020,139,16,10,NA,NA,T,NA,NA,NA,NA,20201391610
451,2020139,1730,2020,139,17,30,NA,NA,A,NA,NA,NA,NA,20201391730
452,2020139,1910,2020,139,19,10,NA,NA,A,NA,NA,NA,NA,20201391910
453,2020140,1515,2020,140,15,15,NA,NA,T,NA,NA,NA,NA,20201401515
454,2020140,1815,2020,140,18,15,NA,NA,A,NA,NA,NA,NA,20201401815
455,2020141,1600,2020,141,16,0,6.262499999,-75.58018662,T,0.05225,0.03575,0.0202,0,20201411600
456,2020141,1855,2020,141,18,55,NA,NA,A,NA,NA,NA,NA,20201411855
457,2020141,1900,2020,141,19,0,NA,NA,A,NA,NA,NA,NA,20201411900
458,2020142,1505,2020,142,15,5,NA,NA,T,NA,NA,NA,NA,20201421505
459,2020142,1640,2020,142,16,40,NA,NA,T,NA,NA,NA,NA,20201421640
460,2020142,1800,2020,142,18,0,NA,NA,A,NA,NA,NA,NA,20201421800
461,2020142,1805,2020,142,18,5,NA,NA,A,NA,NA,NA,NA,20201421805
462,2020143,1545,2020,143,15,45,NA,NA,T,NA,NA,NA,NA,20201431545
463,2020143,1845,2020,143,18,45,NA,NA,A,NA,NA,NA,NA,20201431845
464,2020144,1450,2020,144,14,50,NA,NA,T,NA,NA,NA,NA,20201441450
465,2020144,1630,2020,144,16,30,NA,NA,T,NA,NA,NA,NA,20201441630
466,2020144,1750,2020,144,17,50,NA,NA,A,NA,NA,NA,NA,20201441750
467,2020144,1925,2020,144,19,25,NA,NA,A,NA,NA,NA,NA,20201441925
468,2020144,1930,2020,144,19,30,NA,NA,A,NA,NA,NA,NA,20201441930
469,2020145,1535,2020,145,15,35,NA,NA,T,NA,NA,NA,NA,20201451535
470,2020145,1830,2020,145,18,30,NA,NA,A,NA,NA,NA,NA,20201451830
471,2020145,1835,2020,145,18,35,NA,NA,A,NA,NA,NA,NA,20201451835
472,2020146,1440,2020,146,14,40,NA,NA,T,NA,NA,NA,NA,20201461440
473,2020146,1620,2020,146,16,20,NA,NA,T,NA,NA,NA,NA,20201461620
474,2020146,1735,2020,146,17,35,NA,NA,A,NA,NA,NA,NA,20201461735
475,2020146,1915,2020,146,19,15,NA,NA,A,NA,NA,NA,NA,20201461915
476,2020147,1525,2020,147,15,25,NA,NA,T,NA,NA,NA,NA,20201471525
477,2020147,1820,2020,147,18,20,NA,NA,A,NA,NA,NA,NA,20201471820
478,2020148,1425,2020,148,14,25,NA,NA,T,NA,NA,NA,NA,20201481425
479,2020148,1605,2020,148,16,5,NA,NA,T,NA,NA,NA,NA,20201481605
480,2020148,1900,2020,148,19,0,NA,NA,A,NA,NA,NA,NA,20201481900
481,2020148,1905,2020,148,19,5,NA,NA,A,NA,NA,NA,NA,20201481905
482,2020149,1510,2020,149,15,10,NA,NA,T,NA,NA,NA,NA,20201491510
483,2020149,1805,2020,149,18,5,NA,NA,A,NA,NA,NA,NA,20201491805
484,2020149,1810,2020,149,18,10,NA,NA,A,NA,NA,NA,NA,20201491810
485,2020150,1555,2020,150,15,55,NA,NA,T,NA,NA,NA,NA,20201501555
486,2020150,1850,2020,150,18,50,NA,NA,A,NA,NA,NA,NA,20201501850
487,2020150,1855,2020,150,18,55,NA,NA,A,NA,NA,NA,NA,20201501855
488,2020151,1500,2020,151,15,0,NA,NA,T,NA,NA,NA,NA,20201511500
489,2020151,1635,2020,151,16,35,NA,NA,T,NA,NA,NA,NA,20201511635
490,2020151,1755,2020,151,17,55,NA,NA,A,NA,NA,NA,NA,20201511755
491,2020151,1935,2020,151,19,35,NA,NA,A,NA,NA,NA,NA,20201511935
492,2020152,1540,2020,152,15,40,NA,NA,T,NA,NA,NA,NA,20201521540
493,2020152,1840,2020,152,18,40,NA,NA,A,NA,NA,NA,NA,20201521840
494,2020153,1445,2020,153,14,45,NA,NA,T,NA,NA,NA,NA,20201531445
495,2020153,1625,2020,153,16,25,NA,NA,T,NA,NA,NA,NA,20201531625
496,2020153,1740,2020,153,17,40,NA,NA,A,NA,NA,NA,NA,20201531740
497,2020153,1920,2020,153,19,20,NA,NA,A,NA,NA,NA,NA,20201531920
498,2020153,1925,2020,153,19,25,NA,NA,A,NA,NA,NA,NA,20201531925
499,2020154,1530,2020,154,15,30,NA,NA,T,NA,NA,NA,NA,20201541530
500,2020154,1825,2020,154,18,25,NA,NA,A,NA,NA,NA,NA,20201541825
501,2020154,1830,2020,154,18,30,NA,NA,A,NA,NA,NA,NA,20201541830
502,2020155,1435,2020,155,14,35,NA,NA,T,NA,NA,NA,NA,20201551435
503,2020155,1610,2020,155,16,10,NA,NA,T,NA,NA,NA,NA,20201551610
504,2020155,1730,2020,155,17,30,NA,NA,A,NA,NA,NA,NA,20201551730
505,2020155,1910,2020,155,19,10,NA,NA,A,NA,NA,NA,NA,20201551910
506,2020156,1515,2020,156,15,15,NA,NA,T,NA,NA,NA,NA,20201561515
507,2020156,1815,2020,156,18,15,NA,NA,A,NA,NA,NA,NA,20201561815
508,2020157,1600,2020,157,16,0,NA,NA,T,NA,NA,NA,NA,20201571600
509,2020157,1855,2020,157,18,55,NA,NA,A,NA,NA,NA,NA,20201571855
510,2020157,1900,2020,157,19,0,NA,NA,A,NA,NA,NA,NA,20201571900
511,2020158,1505,2020,158,15,5,NA,NA,T,NA,NA,NA,NA,20201581505
512,2020158,1640,2020,158,16,40,NA,NA,T,NA,NA,NA,NA,20201581640
513,2020158,1800,2020,158,18,0,NA,NA,A,NA,NA,NA,NA,20201581800
514,2020158,1805,2020,158,18,5,NA,NA,A,NA,NA,NA,NA,20201581805
515,2020159,1545,2020,159,15,45,6.254166666,-75.57898112,T,0.1985,0.137,0.0438,0,20201591545
516,2020159,1845,2020,159,18,45,NA,NA,A,NA,NA,NA,NA,20201591845
517,2020160,1450,2020,160,14,50,NA,NA,T,NA,NA,NA,NA,20201601450
518,2020160,1630,2020,160,16,30,NA,NA,T,NA,NA,NA,NA,20201601630
519,2020160,1750,2020,160,17,50,NA,NA,A,NA,NA,NA,NA,20201601750
520,2020160,1925,2020,160,19,25,NA,NA,A,NA,NA,NA,NA,20201601925
521,2020160,1930,2020,160,19,30,NA,NA,A,NA,NA,NA,NA,20201601930
522,2020161,1535,2020,161,15,35,NA,NA,T,NA,NA,NA,NA,20201611535
523,2020161,1830,2020,161,18,30,NA,NA,A,NA,NA,NA,NA,20201611830
524,2020161,1835,2020,161,18,35,NA,NA,A,NA,NA,NA,NA,20201611835
525,2020162,1440,2020,162,14,40,NA,NA,T,NA,NA,NA,NA,20201621440
526,2020162,1620,2020,162,16,20,NA,NA,T,NA,NA,NA,NA,20201621620
527,2020162,1735,2020,162,17,35,NA,NA,A,NA,NA,NA,NA,20201621735
528,2020162,1915,2020,162,19,15,NA,NA,A,NA,NA,NA,NA,20201621915
529,2020163,1525,2020,163,15,25,NA,NA,T,NA,NA,NA,NA,20201631525
530,2020163,1820,2020,163,18,20,NA,NA,A,NA,NA,NA,NA,20201631820
531,2020164,1425,2020,164,14,25,NA,NA,T,NA,NA,NA,NA,20201641425
532,2020164,1605,2020,164,16,5,NA,NA,T,NA,NA,NA,NA,20201641605
533,2020164,1900,2020,164,19,0,NA,NA,A,NA,NA,NA,NA,20201641900
534,2020164,1905,2020,164,19,5,NA,NA,A,NA,NA,NA,NA,20201641905
535,2020165,1510,2020,165,15,10,6.262499999,-75.58018662,T,0.137,0.0945,0.0217,0,20201651510
536,2020165,1805,2020,165,18,5,NA,NA,A,NA,NA,NA,NA,20201651805
537,2020165,1810,2020,165,18,10,NA,NA,A,NA,NA,NA,NA,20201651810
538,2020166,1555,2020,166,15,55,NA,NA,T,NA,NA,NA,NA,20201661555
539,2020166,1850,2020,166,18,50,NA,NA,A,NA,NA,NA,NA,20201661850
540,2020166,1855,2020,166,18,55,NA,NA,A,NA,NA,NA,NA,20201661855
541,2020167,1500,2020,167,15,0,NA,NA,T,NA,NA,NA,NA,20201671500
542,2020167,1635,2020,167,16,35,NA,NA,T,NA,NA,NA,NA,20201671635
543,2020167,1755,2020,167,17,55,NA,NA,A,NA,NA,NA,NA,20201671755
544,2020167,1935,2020,167,19,35,NA,NA,A,NA,NA,NA,NA,20201671935
545,2020168,1540,2020,168,15,40,NA,NA,T,NA,NA,NA,NA,20201681540
546,2020168,1840,2020,168,18,40,NA,NA,A,NA,NA,NA,NA,20201681840
547,2020169,1445,2020,169,14,45,NA,NA,T,NA,NA,NA,NA,20201691445
548,2020169,1625,2020,169,16,25,NA,NA,T,NA,NA,NA,NA,20201691625
549,2020169,1740,2020,169,17,40,NA,NA,A,NA,NA,NA,NA,20201691740
550,2020169,1920,2020,169,19,20,NA,NA,A,NA,NA,NA,NA,20201691920
551,2020169,1925,2020,169,19,25,NA,NA,A,NA,NA,NA,NA,20201691925
552,2020170,1530,2020,170,15,30,NA,NA,T,NA,NA,NA,NA,20201701530
553,2020170,1825,2020,170,18,25,NA,NA,A,NA,NA,NA,NA,20201701825
554,2020170,1830,2020,170,18,30,NA,NA,A,NA,NA,NA,NA,20201701830
555,2020171,1435,2020,171,14,35,NA,NA,T,NA,NA,NA,NA,20201711435
556,2020171,1610,2020,171,16,10,6.262499999,-75.58018662,T,0.12375,0.085,0.0133,0,20201711610
557,2020171,1730,2020,171,17,30,NA,NA,A,NA,NA,NA,NA,20201711730
558,2020171,1910,2020,171,19,10,NA,NA,A,NA,NA,NA,NA,20201711910
559,2020172,1515,2020,172,15,15,NA,NA,T,NA,NA,NA,NA,20201721515
560,2020172,1815,2020,172,18,15,NA,NA,A,NA,NA,NA,NA,20201721815
561,2020173,1600,2020,173,16,0,NA,NA,T,NA,NA,NA,NA,20201731600
562,2020173,1855,2020,173,18,55,NA,NA,A,NA,NA,NA,NA,20201731855
563,2020173,1900,2020,173,19,0,NA,NA,A,NA,NA,NA,NA,20201731900
564,2020174,1505,2020,174,15,5,NA,NA,T,NA,NA,NA,NA,20201741505
565,2020174,1640,2020,174,16,40,NA,NA,T,NA,NA,NA,NA,20201741640
566,2020174,1800,2020,174,18,0,NA,NA,A,NA,NA,NA,NA,20201741800
567,2020174,1805,2020,174,18,5,NA,NA,A,NA,NA,NA,NA,20201741805
568,2020175,1545,2020,175,15,45,NA,NA,T,NA,NA,NA,NA,20201751545
569,2020175,1845,2020,175,18,45,NA,NA,A,NA,NA,NA,NA,20201751845
570,2020176,1450,2020,176,14,50,NA,NA,T,NA,NA,NA,NA,20201761450
571,2020176,1630,2020,176,16,30,NA,NA,T,NA,NA,NA,NA,20201761630
572,2020176,1750,2020,176,17,50,NA,NA,A,NA,NA,NA,NA,20201761750
573,2020176,1925,2020,176,19,25,NA,NA,A,NA,NA,NA,NA,20201761925
574,2020176,1930,2020,176,19,30,NA,NA,A,NA,NA,NA,NA,20201761930
575,2020177,1535,2020,177,15,35,NA,NA,T,NA,NA,NA,NA,20201771535
576,2020177,1830,2020,177,18,30,NA,NA,A,NA,NA,NA,NA,20201771830
577,2020177,1835,2020,177,18,35,NA,NA,A,NA,NA,NA,NA,20201771835
578,2020178,1440,2020,178,14,40,NA,NA,T,NA,NA,NA,NA,20201781440
579,2020178,1620,2020,178,16,20,NA,NA,T,NA,NA,NA,NA,20201781620
580,2020178,1735,2020,178,17,35,NA,NA,A,NA,NA,NA,NA,20201781735
581,2020178,1915,2020,178,19,15,NA,NA,A,NA,NA,NA,NA,20201781915
582,2020179,1525,2020,179,15,25,NA,NA,T,NA,NA,NA,NA,20201791525
583,2020179,1820,2020,179,18,20,NA,NA,A,NA,NA,NA,NA,20201791820
584,2020180,1425,2020,180,14,25,NA,NA,T,NA,NA,NA,NA,20201801425
585,2020180,1605,2020,180,16,5,NA,NA,T,NA,NA,NA,NA,20201801605
586,2020180,1900,2020,180,19,0,NA,NA,A,NA,NA,NA,NA,20201801900
587,2020180,1905,2020,180,19,5,NA,NA,A,NA,NA,NA,NA,20201801905
588,2020181,1510,2020,181,15,10,6.254166666,-75.57059789,T,0.214,0.148,0.0397,0,20201811510
589,2020181,1805,2020,181,18,5,NA,NA,A,NA,NA,NA,NA,20201811805
590,2020181,1810,2020,181,18,10,NA,NA,A,NA,NA,NA,NA,20201811810
591,2020182,1555,2020,182,15,55,NA,NA,T,NA,NA,NA,NA,20201821555
592,2020182,1850,2020,182,18,50,NA,NA,A,NA,NA,NA,NA,20201821850
593,2020182,1855,2020,182,18,55,NA,NA,A,NA,NA,NA,NA,20201821855
594,2020183,1500,2020,183,15,0,NA,NA,T,NA,NA,NA,NA,20201831500
595,2020183,1635,2020,183,16,35,NA,NA,T,NA,NA,NA,NA,20201831635
596,2020183,1755,2020,183,17,55,NA,NA,A,NA,NA,NA,NA,20201831755
597,2020183,1935,2020,183,19,35,NA,NA,A,NA,NA,NA,NA,20201831935
598,2020184,1540,2020,184,15,40,NA,NA,T,NA,NA,NA,NA,20201841540
599,2020184,1840,2020,184,18,40,NA,NA,A,NA,NA,NA,NA,20201841840
600,2020185,1445,2020,185,14,45,NA,NA,T,NA,NA,NA,NA,20201851445
601,2020185,1625,2020,185,16,25,NA,NA,T,NA,NA,NA,NA,20201851625
602,2020185,1740,2020,185,17,40,NA,NA,A,NA,NA,NA,NA,20201851740
603,2020185,1920,2020,185,19,20,NA,NA,A,NA,NA,NA,NA,20201851920
604,2020185,1925,2020,185,19,25,NA,NA,A,NA,NA,NA,NA,20201851925
605,2020186,1530,2020,186,15,30,NA,NA,T,NA,NA,NA,NA,20201861530
606,2020186,1825,2020,186,18,25,NA,NA,A,NA,NA,NA,NA,20201861825
607,2020186,1830,2020,186,18,30,NA,NA,A,NA,NA,NA,NA,20201861830
608,2020187,1435,2020,187,14,35,NA,NA,T,NA,NA,NA,NA,20201871435
609,2020187,1610,2020,187,16,10,NA,NA,T,NA,NA,NA,NA,20201871610
610,2020187,1730,2020,187,17,30,NA,NA,A,NA,NA,NA,NA,20201871730
611,2020187,1910,2020,187,19,10,NA,NA,A,NA,NA,NA,NA,20201871910
612,2020188,1515,2020,188,15,15,6.262499999,-75.58018662,T,0.15025,0.1035,0.0257,0,20201881515
613,2020188,1815,2020,188,18,15,NA,NA,A,NA,NA,NA,NA,20201881815
614,2020189,1600,2020,189,16,0,NA,NA,T,NA,NA,NA,NA,20201891600
615,2020189,1855,2020,189,18,55,NA,NA,A,NA,NA,NA,NA,20201891855
616,2020189,1900,2020,189,19,0,NA,NA,A,NA,NA,NA,NA,20201891900
617,2020190,1505,2020,190,15,5,NA,NA,T,NA,NA,NA,NA,20201901505
618,2020190,1640,2020,190,16,40,NA,NA,T,NA,NA,NA,NA,20201901640
619,2020190,1800,2020,190,18,0,NA,NA,A,NA,NA,NA,NA,20201901800
620,2020190,1805,2020,190,18,5,NA,NA,A,NA,NA,NA,NA,20201901805
621,2020191,1545,2020,191,15,45,NA,NA,T,NA,NA,NA,NA,20201911545
622,2020191,1845,2020,191,18,45,NA,NA,A,NA,NA,NA,NA,20201911845
623,2020192,1450,2020,192,14,50,NA,NA,T,NA,NA,NA,NA,20201921450
624,2020192,1630,2020,192,16,30,NA,NA,T,NA,NA,NA,NA,20201921630
625,2020192,1750,2020,192,17,50,NA,NA,A,NA,NA,NA,NA,20201921750
626,2020192,1925,2020,192,19,25,NA,NA,A,NA,NA,NA,NA,20201921925
627,2020192,1930,2020,192,19,30,NA,NA,A,NA,NA,NA,NA,20201921930
628,2020193,1535,2020,193,15,35,NA,NA,T,NA,NA,NA,NA,20201931535
629,2020193,1830,2020,193,18,30,NA,NA,A,NA,NA,NA,NA,20201931830
630,2020193,1835,2020,193,18,35,NA,NA,A,NA,NA,NA,NA,20201931835
631,2020194,1440,2020,194,14,40,NA,NA,T,NA,NA,NA,NA,20201941440
632,2020194,1620,2020,194,16,20,NA,NA,T,NA,NA,NA,NA,20201941620
633,2020194,1735,2020,194,17,35,NA,NA,A,NA,NA,NA,NA,20201941735
634,2020194,1915,2020,194,19,15,NA,NA,A,NA,NA,NA,NA,20201941915
635,2020195,1525,2020,195,15,25,NA,NA,T,NA,NA,NA,NA,20201951525
636,2020195,1820,2020,195,18,20,NA,NA,A,NA,NA,NA,NA,20201951820
637,2020196,1425,2020,196,14,25,NA,NA,T,NA,NA,NA,NA,20201961425
638,2020196,1605,2020,196,16,5,NA,NA,T,NA,NA,NA,NA,20201961605
639,2020196,1900,2020,196,19,0,NA,NA,A,NA,NA,NA,NA,20201961900
640,2020196,1905,2020,196,19,5,NA,NA,A,NA,NA,NA,NA,20201961905
641,2020197,1510,2020,197,15,10,NA,NA,T,NA,NA,NA,NA,20201971510
642,2020197,1805,2020,197,18,5,NA,NA,A,NA,NA,NA,NA,20201971805
643,2020197,1810,2020,197,18,10,NA,NA,A,NA,NA,NA,NA,20201971810
644,2020198,1555,2020,198,15,55,6.262499999,-75.58018662,T,0.16867,0.116,0.0238,0,20201981555
645,2020198,1850,2020,198,18,50,NA,NA,A,NA,NA,NA,NA,20201981850
646,2020198,1855,2020,198,18,55,NA,NA,A,NA,NA,NA,NA,20201981855
647,2020199,1500,2020,199,15,0,6.262499999,-75.58018662,T,0.05025,0.03425,0.016,0,20201991500
648,2020199,1635,2020,199,16,35,NA,NA,T,NA,NA,NA,NA,20201991635
649,2020199,1755,2020,199,17,55,NA,NA,A,NA,NA,NA,NA,20201991755
650,2020199,1935,2020,199,19,35,NA,NA,A,NA,NA,NA,NA,20201991935
651,2020200,1540,2020,200,15,40,NA,NA,T,NA,NA,NA,NA,20202001540
652,2020200,1840,2020,200,18,40,NA,NA,A,NA,NA,NA,NA,20202001840
653,2020201,1445,2020,201,14,45,NA,NA,T,NA,NA,NA,NA,20202011445
654,2020201,1625,2020,201,16,25,NA,NA,T,NA,NA,NA,NA,20202011625
655,2020201,1740,2020,201,17,40,NA,NA,A,NA,NA,NA,NA,20202011740
656,2020201,1920,2020,201,19,20,NA,NA,A,NA,NA,NA,NA,20202011920
657,2020201,1925,2020,201,19,25,NA,NA,A,NA,NA,NA,NA,20202011925
658,2020202,1530,2020,202,15,30,NA,NA,T,NA,NA,NA,NA,20202021530
659,2020202,1825,2020,202,18,25,NA,NA,A,NA,NA,NA,NA,20202021825
660,2020202,1830,2020,202,18,30,NA,NA,A,NA,NA,NA,NA,20202021830
661,2020203,1435,2020,203,14,35,NA,NA,T,NA,NA,NA,NA,20202031435
662,2020203,1610,2020,203,16,10,NA,NA,T,NA,NA,NA,NA,20202031610
663,2020203,1730,2020,203,17,30,NA,NA,A,NA,NA,NA,NA,20202031730
664,2020203,1910,2020,203,19,10,NA,NA,A,NA,NA,NA,NA,20202031910
665,2020204,1515,2020,204,15,15,NA,NA,T,NA,NA,NA,NA,20202041515
666,2020204,1815,2020,204,18,15,NA,NA,A,NA,NA,NA,NA,20202041815
667,2020205,1600,2020,205,16,0,NA,NA,T,NA,NA,NA,NA,20202051600
668,2020205,1855,2020,205,18,55,NA,NA,A,NA,NA,NA,NA,20202051855
669,2020205,1900,2020,205,19,0,NA,NA,A,NA,NA,NA,NA,20202051900
670,2020206,1505,2020,206,15,5,NA,NA,T,NA,NA,NA,NA,20202061505
671,2020206,1640,2020,206,16,40,NA,NA,T,NA,NA,NA,NA,20202061640
672,2020206,1800,2020,206,18,0,NA,NA,A,NA,NA,NA,NA,20202061800
673,2020206,1805,2020,206,18,5,NA,NA,A,NA,NA,NA,NA,20202061805
674,2020207,1545,2020,207,15,45,NA,NA,T,NA,NA,NA,NA,20202071545
675,2020207,1845,2020,207,18,45,NA,NA,A,NA,NA,NA,NA,20202071845
676,2020208,1450,2020,208,14,50,NA,NA,T,NA,NA,NA,NA,20202081450
677,2020208,1630,2020,208,16,30,NA,NA,T,NA,NA,NA,NA,20202081630
678,2020208,1750,2020,208,17,50,NA,NA,A,NA,NA,NA,NA,20202081750
679,2020208,1925,2020,208,19,25,NA,NA,A,NA,NA,NA,NA,20202081925
680,2020208,1930,2020,208,19,30,NA,NA,A,NA,NA,NA,NA,20202081930
681,2020209,1535,2020,209,15,35,NA,NA,T,NA,NA,NA,NA,20202091535
682,2020209,1830,2020,209,18,30,NA,NA,A,NA,NA,NA,NA,20202091830
683,2020209,1835,2020,209,18,35,NA,NA,A,NA,NA,NA,NA,20202091835
684,2020210,1440,2020,210,14,40,NA,NA,T,NA,NA,NA,NA,20202101440
685,2020210,1620,2020,210,16,20,6.262499999,-75.58018662,T,0.12375,0.085,0.0104,0,20202101620
686,2020210,1735,2020,210,17,35,NA,NA,A,NA,NA,NA,NA,20202101735
687,2020210,1915,2020,210,19,15,NA,NA,A,NA,NA,NA,NA,20202101915
688,2020211,1525,2020,211,15,25,NA,NA,T,NA,NA,NA,NA,20202111525
689,2020211,1820,2020,211,18,20,NA,NA,A,NA,NA,NA,NA,20202111820
690,2020212,1425,2020,212,14,25,NA,NA,T,NA,NA,NA,NA,20202121425
691,2020212,1605,2020,212,16,5,NA,NA,T,NA,NA,NA,NA,20202121605
692,2020212,1900,2020,212,19,0,NA,NA,A,NA,NA,NA,NA,20202121900
693,2020212,1905,2020,212,19,5,NA,NA,A,NA,NA,NA,NA,20202121905
694,2020213,1510,2020,213,15,10,NA,NA,T,NA,NA,NA,NA,20202131510
695,2020213,1805,2020,213,18,5,NA,NA,A,NA,NA,NA,NA,20202131805
696,2020213,1810,2020,213,18,10,NA,NA,A,NA,NA,NA,NA,20202131810
697,2020214,1555,2020,214,15,55,NA,NA,T,NA,NA,NA,NA,20202141555
698,2020214,1850,2020,214,18,50,NA,NA,A,NA,NA,NA,NA,20202141850
699,2020214,1855,2020,214,18,55,NA,NA,A,NA,NA,NA,NA,20202141855
700,2020215,1500,2020,215,15,0,NA,NA,T,NA,NA,NA,NA,20202151500
701,2020215,1635,2020,215,16,35,NA,NA,T,NA,NA,NA,NA,20202151635
702,2020215,1755,2020,215,17,55,NA,NA,A,NA,NA,NA,NA,20202151755
703,2020215,1935,2020,215,19,35,NA,NA,A,NA,NA,NA,NA,20202151935
704,2020216,1540,2020,216,15,40,NA,NA,T,NA,NA,NA,NA,20202161540
705,2020216,1840,2020,216,18,40,NA,NA,A,NA,NA,NA,NA,20202161840
706,2020217,1445,2020,217,14,45,NA,NA,T,NA,NA,NA,NA,20202171445
707,2020217,1625,2020,217,16,25,NA,NA,T,NA,NA,NA,NA,20202171625
708,2020217,1740,2020,217,17,40,NA,NA,A,NA,NA,NA,NA,20202171740
709,2020217,1920,2020,217,19,20,NA,NA,A,NA,NA,NA,NA,20202171920
710,2020217,1925,2020,217,19,25,NA,NA,A,NA,NA,NA,NA,20202171925
711,2020218,1530,2020,218,15,30,NA,NA,T,NA,NA,NA,NA,20202181530
712,2020218,1825,2020,218,18,25,NA,NA,A,NA,NA,NA,NA,20202181825
713,2020218,1830,2020,218,18,30,NA,NA,A,NA,NA,NA,NA,20202181830
714,2020219,1435,2020,219,14,35,NA,NA,T,NA,NA,NA,NA,20202191435
715,2020219,1610,2020,219,16,10,NA,NA,T,NA,NA,NA,NA,20202191610
716,2020219,1730,2020,219,17,30,NA,NA,A,NA,NA,NA,NA,20202191730
717,2020219,1910,2020,219,19,10,NA,NA,A,NA,NA,NA,NA,20202191910
718,2020220,1515,2020,220,15,15,NA,NA,T,NA,NA,NA,NA,20202201515
719,2020220,1815,2020,220,18,15,NA,NA,A,NA,NA,NA,NA,20202201815
720,2020221,1600,2020,221,16,0,NA,NA,T,NA,NA,NA,NA,20202211600
721,2020221,1855,2020,221,18,55,NA,NA,A,NA,NA,NA,NA,20202211855
722,2020221,1900,2020,221,19,0,NA,NA,A,NA,NA,NA,NA,20202211900
723,2020222,1505,2020,222,15,5,NA,NA,T,NA,NA,NA,NA,20202221505
724,2020222,1640,2020,222,16,40,NA,NA,T,NA,NA,NA,NA,20202221640
725,2020222,1800,2020,222,18,0,NA,NA,A,NA,NA,NA,NA,20202221800
726,2020222,1805,2020,222,18,5,NA,NA,A,NA,NA,NA,NA,20202221805
727,2020223,1545,2020,223,15,45,NA,NA,T,NA,NA,NA,NA,20202231545
728,2020223,1845,2020,223,18,45,NA,NA,A,NA,NA,NA,NA,20202231845
729,2020224,1450,2020,224,14,50,NA,NA,T,NA,NA,NA,NA,20202241450
730,2020224,1630,2020,224,16,30,NA,NA,T,NA,NA,NA,NA,20202241630
731,2020224,1750,2020,224,17,50,NA,NA,A,NA,NA,NA,NA,20202241750
732,2020224,1925,2020,224,19,25,NA,NA,A,NA,NA,NA,NA,20202241925
733,2020224,1930,2020,224,19,30,NA,NA,A,NA,NA,NA,NA,20202241930
734,2020225,1535,2020,225,15,35,6.262499999,-75.58018662,T,0.1205,0.08275,0.0331,0,20202251535
735,2020225,1830,2020,225,18,30,NA,NA,A,NA,NA,NA,NA,20202251830
736,2020225,1835,2020,225,18,35,NA,NA,A,NA,NA,NA,NA,20202251835
737,2020226,1440,2020,226,14,40,NA,NA,T,NA,NA,NA,NA,20202261440
738,2020226,1620,2020,226,16,20,NA,NA,T,NA,NA,NA,NA,20202261620
739,2020226,1735,2020,226,17,35,NA,NA,A,NA,NA,NA,NA,20202261735
740,2020226,1915,2020,226,19,15,NA,NA,A,NA,NA,NA,NA,20202261915
741,2020227,1525,2020,227,15,25,NA,NA,T,NA,NA,NA,NA,20202271525
742,2020227,1820,2020,227,18,20,NA,NA,A,NA,NA,NA,NA,20202271820
743,2020228,1425,2020,228,14,25,NA,NA,T,NA,NA,NA,NA,20202281425
744,2020228,1605,2020,228,16,5,NA,NA,T,NA,NA,NA,NA,20202281605
745,2020228,1905,2020,228,19,5,NA,NA,A,NA,NA,NA,NA,20202281905
746,2020229,1510,2020,229,15,10,NA,NA,T,NA,NA,NA,NA,20202291510
747,2020230,1555,2020,230,15,55,NA,NA,T,NA,NA,NA,NA,20202301555
748,2020231,1500,2020,231,15,0,NA,NA,T,NA,NA,NA,NA,20202311500
749,2020231,1635,2020,231,16,35,NA,NA,T,NA,NA,NA,NA,20202311635
750,2020232,1540,2020,232,15,40,NA,NA,T,NA,NA,NA,NA,20202321540
751,2020233,1445,2020,233,14,45,NA,NA,T,NA,NA,NA,NA,20202331445
752,2020233,1625,2020,233,16,25,NA,NA,T,NA,NA,NA,NA,20202331625
753,2020234,1530,2020,234,15,30,NA,NA,T,NA,NA,NA,NA,20202341530
754,2020235,1435,2020,235,14,35,NA,NA,T,NA,NA,NA,NA,20202351435
755,2020235,1610,2020,235,16,10,NA,NA,T,NA,NA,NA,NA,20202351610
756,2020236,1515,2020,236,15,15,NA,NA,T,NA,NA,NA,NA,20202361515
757,2020237,1600,2020,237,16,0,NA,NA,T,NA,NA,NA,NA,20202371600
758,2020238,1505,2020,238,15,5,NA,NA,T,NA,NA,NA,NA,20202381505
759,2020238,1640,2020,238,16,40,NA,NA,T,NA,NA,NA,NA,20202381640
760,2020239,1545,2020,239,15,45,NA,NA,T,NA,NA,NA,NA,20202391545
761,2020240,1450,2020,240,14,50,NA,NA,T,NA,NA,NA,NA,20202401450
762,2020240,1630,2020,240,16,30,NA,NA,T,NA,NA,NA,NA,20202401630
763,2020241,1535,2020,241,15,35,6.262499999,-75.58018662,T,0.252,0.1745,0.0334,0,20202411535
764,2020242,1440,2020,242,14,40,NA,NA,T,NA,NA,NA,NA,20202421440
765,2020242,1620,2020,242,16,20,NA,NA,T,NA,NA,NA,NA,20202421620
766,2020243,1525,2020,243,15,25,NA,NA,T,NA,NA,NA,NA,20202431525
767,2020244,1430,2020,244,14,30,NA,NA,T,NA,NA,NA,NA,20202441430
768,2020244,1605,2020,244,16,5,6.262499999,-75.58018662,T,0.1095,0.07525,0.0165,0,20202441605
769,2020245,1510,2020,245,15,10,NA,NA,T,NA,NA,NA,NA,20202451510
770,2020246,1555,2020,246,15,55,NA,NA,T,NA,NA,NA,NA,20202461555
771,2020247,1500,2020,247,15,0,NA,NA,T,NA,NA,NA,NA,20202471500
772,2020247,1635,2020,247,16,35,NA,NA,T,NA,NA,NA,NA,20202471635
773,2020247,1755,2020,247,17,55,NA,NA,A,NA,NA,NA,NA,20202471755
774,2020247,1935,2020,247,19,35,NA,NA,A,NA,NA,NA,NA,20202471935
775,2020248,1540,2020,248,15,40,NA,NA,T,NA,NA,NA,NA,20202481540
776,2020248,1840,2020,248,18,40,NA,NA,A,NA,NA,NA,NA,20202481840
777,2020249,1445,2020,249,14,45,NA,NA,T,NA,NA,NA,NA,20202491445
778,2020249,1625,2020,249,16,25,NA,NA,T,NA,NA,NA,NA,20202491625
779,2020249,1740,2020,249,17,40,NA,NA,A,NA,NA,NA,NA,20202491740
780,2020249,1920,2020,249,19,20,NA,NA,A,NA,NA,NA,NA,20202491920
781,2020249,1925,2020,249,19,25,NA,NA,A,NA,NA,NA,NA,20202491925
782,2020250,1530,2020,250,15,30,NA,NA,T,NA,NA,NA,NA,20202501530
783,2020250,1825,2020,250,18,25,NA,NA,A,NA,NA,NA,NA,20202501825
784,2020250,1830,2020,250,18,30,NA,NA,A,NA,NA,NA,NA,20202501830
785,2020251,1435,2020,251,14,35,NA,NA,T,NA,NA,NA,NA,20202511435
786,2020251,1610,2020,251,16,10,NA,NA,T,NA,NA,NA,NA,20202511610
787,2020251,1730,2020,251,17,30,NA,NA,A,NA,NA,NA,NA,20202511730
788,2020251,1910,2020,251,19,10,NA,NA,A,NA,NA,NA,NA,20202511910
789,2020252,1515,2020,252,15,15,NA,NA,T,NA,NA,NA,NA,20202521515
790,2020252,1815,2020,252,18,15,NA,NA,A,NA,NA,NA,NA,20202521815
791,2020253,1600,2020,253,16,0,NA,NA,T,NA,NA,NA,NA,20202531600
792,2020253,1855,2020,253,18,55,NA,NA,A,NA,NA,NA,NA,20202531855
793,2020253,1900,2020,253,19,0,NA,NA,A,NA,NA,NA,NA,20202531900
794,2020254,1505,2020,254,15,5,NA,NA,T,NA,NA,NA,NA,20202541505
795,2020254,1640,2020,254,16,40,NA,NA,T,NA,NA,NA,NA,20202541640
796,2020254,1800,2020,254,18,0,NA,NA,A,NA,NA,NA,NA,20202541800
797,2020254,1805,2020,254,18,5,NA,NA,A,NA,NA,NA,NA,20202541805
798,2020255,1545,2020,255,15,45,NA,NA,T,NA,NA,NA,NA,20202551545
799,2020255,1845,2020,255,18,45,NA,NA,A,NA,NA,NA,NA,20202551845
800,2020256,1450,2020,256,14,50,NA,NA,T,NA,NA,NA,NA,20202561450
801,2020256,1630,2020,256,16,30,NA,NA,T,NA,NA,NA,NA,20202561630
802,2020256,1750,2020,256,17,50,NA,NA,A,NA,NA,NA,NA,20202561750
803,2020256,1925,2020,256,19,25,NA,NA,A,NA,NA,NA,NA,20202561925
804,2020256,1930,2020,256,19,30,NA,NA,A,NA,NA,NA,NA,20202561930
805,2020257,1535,2020,257,15,35,NA,NA,T,NA,NA,NA,NA,20202571535
806,2020257,1830,2020,257,18,30,NA,NA,A,NA,NA,NA,NA,20202571830
807,2020257,1835,2020,257,18,35,NA,NA,A,NA,NA,NA,NA,20202571835
808,2020258,1440,2020,258,14,40,NA,NA,T,NA,NA,NA,NA,20202581440
809,2020258,1620,2020,258,16,20,NA,NA,T,NA,NA,NA,NA,20202581620
810,2020258,1735,2020,258,17,35,NA,NA,A,NA,NA,NA,NA,20202581735
811,2020258,1915,2020,258,19,15,NA,NA,A,NA,NA,NA,NA,20202581915
812,2020259,1525,2020,259,15,25,NA,NA,T,NA,NA,NA,NA,20202591525
813,2020259,1820,2020,259,18,20,NA,NA,A,NA,NA,NA,NA,20202591820
814,2020260,1425,2020,260,14,25,NA,NA,T,NA,NA,NA,NA,20202601425
815,2020260,1605,2020,260,16,5,NA,NA,T,NA,NA,NA,NA,20202601605
816,2020260,1905,2020,260,19,5,NA,NA,A,NA,NA,NA,NA,20202601905
817,2020261,1510,2020,261,15,10,NA,NA,T,NA,NA,NA,NA,20202611510
818,2020261,1805,2020,261,18,5,NA,NA,A,NA,NA,NA,NA,20202611805
819,2020261,1810,2020,261,18,10,NA,NA,A,NA,NA,NA,NA,20202611810
820,2020262,1555,2020,262,15,55,NA,NA,T,NA,NA,NA,NA,20202621555
821,2020262,1850,2020,262,18,50,NA,NA,A,NA,NA,NA,NA,20202621850
822,2020262,1855,2020,262,18,55,NA,NA,A,NA,NA,NA,NA,20202621855
823,2020263,1500,2020,263,15,0,NA,NA,T,NA,NA,NA,NA,20202631500
824,2020263,1635,2020,263,16,35,NA,NA,T,NA,NA,NA,NA,20202631635
825,2020263,1755,2020,263,17,55,NA,NA,A,NA,NA,NA,NA,20202631755
826,2020263,1935,2020,263,19,35,NA,NA,A,NA,NA,NA,NA,20202631935
827,2020264,1540,2020,264,15,40,NA,NA,T,NA,NA,NA,NA,20202641540
828,2020264,1840,2020,264,18,40,NA,NA,A,NA,NA,NA,NA,20202641840
829,2020265,1445,2020,265,14,45,NA,NA,T,NA,NA,NA,NA,20202651445
830,2020265,1625,2020,265,16,25,NA,NA,T,NA,NA,NA,NA,20202651625
831,2020265,1740,2020,265,17,40,NA,NA,A,NA,NA,NA,NA,20202651740
832,2020265,1920,2020,265,19,20,NA,NA,A,NA,NA,NA,NA,20202651920
833,2020265,1925,2020,265,19,25,NA,NA,A,NA,NA,NA,NA,20202651925
834,2020266,1530,2020,266,15,30,NA,NA,T,NA,NA,NA,NA,20202661530
835,2020266,1825,2020,266,18,25,NA,NA,A,NA,NA,NA,NA,20202661825
836,2020266,1830,2020,266,18,30,NA,NA,A,NA,NA,NA,NA,20202661830
837,2020267,1435,2020,267,14,35,NA,NA,T,NA,NA,NA,NA,20202671435
838,2020267,1610,2020,267,16,10,NA,NA,T,NA,NA,NA,NA,20202671610
839,2020267,1730,2020,267,17,30,NA,NA,A,NA,NA,NA,NA,20202671730
840,2020267,1910,2020,267,19,10,NA,NA,A,NA,NA,NA,NA,20202671910
841,2020268,1515,2020,268,15,15,NA,NA,T,NA,NA,NA,NA,20202681515
842,2020268,1815,2020,268,18,15,NA,NA,A,NA,NA,NA,NA,20202681815
843,2020269,1600,2020,269,16,0,NA,NA,T,NA,NA,NA,NA,20202691600
844,2020269,1855,2020,269,18,55,NA,NA,A,NA,NA,NA,NA,20202691855
845,2020269,1900,2020,269,19,0,NA,NA,A,NA,NA,NA,NA,20202691900
846,2020270,1505,2020,270,15,5,NA,NA,T,NA,NA,NA,NA,20202701505
847,2020270,1640,2020,270,16,40,NA,NA,T,NA,NA,NA,NA,20202701640
848,2020270,1800,2020,270,18,0,NA,NA,A,NA,NA,NA,NA,20202701800
849,2020270,1805,2020,270,18,5,NA,NA,A,NA,NA,NA,NA,20202701805
850,2020271,1545,2020,271,15,45,NA,NA,T,NA,NA,NA,NA,20202711545
851,2020271,1845,2020,271,18,45,NA,NA,A,NA,NA,NA,NA,20202711845
852,2020272,1450,2020,272,14,50,NA,NA,T,NA,NA,NA,NA,20202721450
853,2020272,1630,2020,272,16,30,NA,NA,T,NA,NA,NA,NA,20202721630
854,2020272,1750,2020,272,17,50,NA,NA,A,NA,NA,NA,NA,20202721750
855,2020272,1925,2020,272,19,25,NA,NA,A,NA,NA,NA,NA,20202721925
856,2020272,1930,2020,272,19,30,NA,NA,A,NA,NA,NA,NA,20202721930
857,2020273,1535,2020,273,15,35,NA,NA,T,NA,NA,NA,NA,20202731535
858,2020273,1830,2020,273,18,30,NA,NA,A,NA,NA,NA,NA,20202731830
859,2020273,1835,2020,273,18,35,NA,NA,A,NA,NA,NA,NA,20202731835
860,2020274,1440,2020,274,14,40,NA,NA,T,NA,NA,NA,NA,20202741440
861,2020274,1620,2020,274,16,20,NA,NA,T,NA,NA,NA,NA,20202741620
862,2020274,1735,2020,274,17,35,NA,NA,A,NA,NA,NA,NA,20202741735
863,2020274,1915,2020,274,19,15,NA,NA,A,NA,NA,NA,NA,20202741915
864,2020275,1525,2020,275,15,25,NA,NA,T,NA,NA,NA,NA,20202751525
865,2020275,1820,2020,275,18,20,NA,NA,A,NA,NA,NA,NA,20202751820
866,2020276,1425,2020,276,14,25,NA,NA,T,NA,NA,NA,NA,20202761425
867,2020276,1605,2020,276,16,5,NA,NA,T,NA,NA,NA,NA,20202761605
868,2020276,1900,2020,276,19,0,NA,NA,A,NA,NA,NA,NA,20202761900
869,2020276,1905,2020,276,19,5,NA,NA,A,NA,NA,NA,NA,20202761905
870,2020277,1510,2020,277,15,10,NA,NA,T,NA,NA,NA,NA,20202771510
871,2020277,1805,2020,277,18,5,NA,NA,A,NA,NA,NA,NA,20202771805
872,2020277,1810,2020,277,18,10,NA,NA,A,NA,NA,NA,NA,20202771810
873,2020278,1555,2020,278,15,55,NA,NA,T,NA,NA,NA,NA,20202781555
874,2020278,1850,2020,278,18,50,NA,NA,A,NA,NA,NA,NA,20202781850
875,2020278,1855,2020,278,18,55,NA,NA,A,NA,NA,NA,NA,20202781855
876,2020279,1500,2020,279,15,0,NA,NA,T,NA,NA,NA,NA,20202791500
877,2020279,1635,2020,279,16,35,NA,NA,T,NA,NA,NA,NA,20202791635
878,2020279,1755,2020,279,17,55,NA,NA,A,NA,NA,NA,NA,20202791755
879,2020279,1935,2020,279,19,35,NA,NA,A,NA,NA,NA,NA,20202791935
880,2020280,1540,2020,280,15,40,NA,NA,T,NA,NA,NA,NA,20202801540
881,2020280,1840,2020,280,18,40,NA,NA,A,NA,NA,NA,NA,20202801840
882,2020281,1445,2020,281,14,45,NA,NA,T,NA,NA,NA,NA,20202811445
883,2020281,1625,2020,281,16,25,NA,NA,T,NA,NA,NA,NA,20202811625
884,2020281,1740,2020,281,17,40,NA,NA,A,NA,NA,NA,NA,20202811740
885,2020281,1920,2020,281,19,20,NA,NA,A,NA,NA,NA,NA,20202811920
886,2020281,1925,2020,281,19,25,NA,NA,A,NA,NA,NA,NA,20202811925
887,2020282,1530,2020,282,15,30,NA,NA,T,NA,NA,NA,NA,20202821530
888,2020282,1825,2020,282,18,25,NA,NA,A,NA,NA,NA,NA,20202821825
889,2020282,1830,2020,282,18,30,NA,NA,A,NA,NA,NA,NA,20202821830
890,2020283,1435,2020,283,14,35,NA,NA,T,NA,NA,NA,NA,20202831435
891,2020283,1610,2020,283,16,10,NA,NA,T,NA,NA,NA,NA,20202831610
892,2020283,1730,2020,283,17,30,NA,NA,A,NA,NA,NA,NA,20202831730
893,2020283,1910,2020,283,19,10,NA,NA,A,NA,NA,NA,NA,20202831910
894,2020284,1515,2020,284,15,15,6.262499999,-75.58018662,T,0.058,0.03975,0.0285,0,20202841515
895,2020284,1815,2020,284,18,15,NA,NA,A,NA,NA,NA,NA,20202841815
896,2020285,1600,2020,285,16,0,NA,NA,T,NA,NA,NA,NA,20202851600
897,2020285,1855,2020,285,18,55,NA,NA,A,NA,NA,NA,NA,20202851855
898,2020285,1900,2020,285,19,0,NA,NA,A,NA,NA,NA,NA,20202851900
899,2020286,1505,2020,286,15,5,NA,NA,T,NA,NA,NA,NA,20202861505
900,2020286,1640,2020,286,16,40,NA,NA,T,NA,NA,NA,NA,20202861640
901,2020286,1800,2020,286,18,0,NA,NA,A,NA,NA,NA,NA,20202861800
902,2020286,1805,2020,286,18,5,NA,NA,A,NA,NA,NA,NA,20202861805
903,2020287,1545,2020,287,15,45,NA,NA,T,NA,NA,NA,NA,20202871545
904,2020287,1845,2020,287,18,45,NA,NA,A,NA,NA,NA,NA,20202871845
905,2020288,1450,2020,288,14,50,NA,NA,T,NA,NA,NA,NA,20202881450
906,2020288,1630,2020,288,16,30,NA,NA,T,NA,NA,NA,NA,20202881630
907,2020288,1750,2020,288,17,50,NA,NA,A,NA,NA,NA,NA,20202881750
908,2020288,1925,2020,288,19,25,NA,NA,A,NA,NA,NA,NA,20202881925
909,2020288,1930,2020,288,19,30,NA,NA,A,NA,NA,NA,NA,20202881930
910,2020289,1535,2020,289,15,35,NA,NA,T,NA,NA,NA,NA,20202891535
911,2020289,1830,2020,289,18,30,NA,NA,A,NA,NA,NA,NA,20202891830
912,2020289,1835,2020,289,18,35,NA,NA,A,NA,NA,NA,NA,20202891835
913,2020290,1440,2020,290,14,40,NA,NA,T,NA,NA,NA,NA,20202901440
914,2020290,1620,2020,290,16,20,NA,NA,T,NA,NA,NA,NA,20202901620
915,2020290,1735,2020,290,17,35,NA,NA,A,NA,NA,NA,NA,20202901735
916,2020290,1915,2020,290,19,15,NA,NA,A,NA,NA,NA,NA,20202901915
917,2020291,1525,2020,291,15,25,NA,NA,T,NA,NA,NA,NA,20202911525
918,2020291,1820,2020,291,18,20,NA,NA,A,NA,NA,NA,NA,20202911820
919,2020292,1425,2020,292,14,25,NA,NA,T,NA,NA,NA,NA,20202921425
920,2020292,1605,2020,292,16,5,NA,NA,T,NA,NA,NA,NA,20202921605
921,2020292,1900,2020,292,19,0,NA,NA,A,NA,NA,NA,NA,20202921900
922,2020292,1905,2020,292,19,5,NA,NA,A,NA,NA,NA,NA,20202921905
923,2020293,1510,2020,293,15,10,NA,NA,T,NA,NA,NA,NA,20202931510
924,2020293,1805,2020,293,18,5,NA,NA,A,NA,NA,NA,NA,20202931805
925,2020293,1810,2020,293,18,10,NA,NA,A,NA,NA,NA,NA,20202931810
926,2020294,1555,2020,294,15,55,NA,NA,T,NA,NA,NA,NA,20202941555
927,2020294,1850,2020,294,18,50,NA,NA,A,NA,NA,NA,NA,20202941850
928,2020294,1855,2020,294,18,55,NA,NA,A,NA,NA,NA,NA,20202941855
929,2020295,1500,2020,295,15,0,NA,NA,T,NA,NA,NA,NA,20202951500
930,2020295,1635,2020,295,16,35,NA,NA,T,NA,NA,NA,NA,20202951635
931,2020295,1755,2020,295,17,55,NA,NA,A,NA,NA,NA,NA,20202951755
932,2020295,1935,2020,295,19,35,NA,NA,A,NA,NA,NA,NA,20202951935
933,2020296,1540,2020,296,15,40,NA,NA,T,NA,NA,NA,NA,20202961540
934,2020296,1840,2020,296,18,40,NA,NA,A,NA,NA,NA,NA,20202961840
935,2020297,1445,2020,297,14,45,NA,NA,T,NA,NA,NA,NA,20202971445
936,2020297,1625,2020,297,16,25,NA,NA,T,NA,NA,NA,NA,20202971625
937,2020297,1740,2020,297,17,40,NA,NA,A,NA,NA,NA,NA,20202971740
938,2020297,1920,2020,297,19,20,NA,NA,A,NA,NA,NA,NA,20202971920
939,2020297,1925,2020,297,19,25,NA,NA,A,NA,NA,NA,NA,20202971925
940,2020298,1530,2020,298,15,30,NA,NA,T,NA,NA,NA,NA,20202981530
941,2020298,1825,2020,298,18,25,NA,NA,A,NA,NA,NA,NA,20202981825
942,2020298,1830,2020,298,18,30,NA,NA,A,NA,NA,NA,NA,20202981830
943,2020299,1435,2020,299,14,35,NA,NA,T,NA,NA,NA,NA,20202991435
944,2020299,1610,2020,299,16,10,NA,NA,T,NA,NA,NA,NA,20202991610
945,2020299,1730,2020,299,17,30,NA,NA,A,NA,NA,NA,NA,20202991730
946,2020299,1910,2020,299,19,10,NA,NA,A,NA,NA,NA,NA,20202991910
947,2020300,1515,2020,300,15,15,NA,NA,T,NA,NA,NA,NA,20203001515
948,2020300,1815,2020,300,18,15,NA,NA,A,NA,NA,NA,NA,20203001815
949,2020301,1600,2020,301,16,0,NA,NA,T,NA,NA,NA,NA,20203011600
950,2020301,1855,2020,301,18,55,NA,NA,A,NA,NA,NA,NA,20203011855
951,2020301,1900,2020,301,19,0,NA,NA,A,NA,NA,NA,NA,20203011900
952,2020302,1505,2020,302,15,5,NA,NA,T,NA,NA,NA,NA,20203021505
953,2020302,1640,2020,302,16,40,NA,NA,T,NA,NA,NA,NA,20203021640
954,2020302,1800,2020,302,18,0,NA,NA,A,NA,NA,NA,NA,20203021800
955,2020302,1805,2020,302,18,5,NA,NA,A,NA,NA,NA,NA,20203021805
956,2020303,1545,2020,303,15,45,NA,NA,T,NA,NA,NA,NA,20203031545
957,2020303,1845,2020,303,18,45,NA,NA,A,NA,NA,NA,NA,20203031845
958,2020304,1450,2020,304,14,50,NA,NA,T,NA,NA,NA,NA,20203041450
959,2020304,1630,2020,304,16,30,NA,NA,T,NA,NA,NA,NA,20203041630
960,2020304,1750,2020,304,17,50,NA,NA,A,NA,NA,NA,NA,20203041750
961,2020304,1925,2020,304,19,25,NA,NA,A,NA,NA,NA,NA,20203041925
962,2020304,1930,2020,304,19,30,NA,NA,A,NA,NA,NA,NA,20203041930
963,2020305,1535,2020,305,15,35,NA,NA,T,NA,NA,NA,NA,20203051535
964,2020305,1830,2020,305,18,30,NA,NA,A,NA,NA,NA,NA,20203051830
965,2020305,1835,2020,305,18,35,NA,NA,A,NA,NA,NA,NA,20203051835
966,2020306,1440,2020,306,14,40,NA,NA,T,NA,NA,NA,NA,20203061440
967,2020306,1620,2020,306,16,20,NA,NA,T,NA,NA,NA,NA,20203061620
968,2020306,1735,2020,306,17,35,NA,NA,A,NA,NA,NA,NA,20203061735
969,2020306,1915,2020,306,19,15,NA,NA,A,NA,NA,NA,NA,20203061915
970,2020307,1525,2020,307,15,25,6.262499999,-75.58018662,T,0.1715,0.11825,0.0251,0,20203071525
971,2020307,1820,2020,307,18,20,NA,NA,A,NA,NA,NA,NA,20203071820
972,2020308,1425,2020,308,14,25,NA,NA,T,NA,NA,NA,NA,20203081425
973,2020308,1605,2020,308,16,5,NA,NA,T,NA,NA,NA,NA,20203081605
974,2020308,1900,2020,308,19,0,NA,NA,A,NA,NA,NA,NA,20203081900
975,2020308,1905,2020,308,19,5,NA,NA,A,NA,NA,NA,NA,20203081905
976,2020309,1510,2020,309,15,10,NA,NA,T,NA,NA,NA,NA,20203091510
977,2020309,1805,2020,309,18,5,NA,NA,A,NA,NA,NA,NA,20203091805
978,2020309,1810,2020,309,18,10,NA,NA,A,NA,NA,NA,NA,20203091810
979,2020310,1555,2020,310,15,55,NA,NA,T,NA,NA,NA,NA,20203101555
980,2020310,1850,2020,310,18,50,NA,NA,A,NA,NA,NA,NA,20203101850
981,2020310,1855,2020,310,18,55,NA,NA,A,NA,NA,NA,NA,20203101855
982,2020311,1500,2020,311,15,0,NA,NA,T,NA,NA,NA,NA,20203111500
983,2020311,1635,2020,311,16,35,NA,NA,T,NA,NA,NA,NA,20203111635
984,2020311,1755,2020,311,17,55,NA,NA,A,NA,NA,NA,NA,20203111755
985,2020311,1935,2020,311,19,35,NA,NA,A,NA,NA,NA,NA,20203111935
986,2020312,1540,2020,312,15,40,NA,NA,T,NA,NA,NA,NA,20203121540
987,2020312,1840,2020,312,18,40,NA,NA,A,NA,NA,NA,NA,20203121840
988,2020313,1445,2020,313,14,45,NA,NA,T,NA,NA,NA,NA,20203131445
989,2020313,1625,2020,313,16,25,NA,NA,T,NA,NA,NA,NA,20203131625
990,2020313,1740,2020,313,17,40,NA,NA,A,NA,NA,NA,NA,20203131740
991,2020313,1920,2020,313,19,20,NA,NA,A,NA,NA,NA,NA,20203131920
992,2020313,1925,2020,313,19,25,NA,NA,A,NA,NA,NA,NA,20203131925
993,2020314,1530,2020,314,15,30,NA,NA,T,NA,NA,NA,NA,20203141530
994,2020314,1825,2020,314,18,25,NA,NA,A,NA,NA,NA,NA,20203141825
995,2020314,1830,2020,314,18,30,NA,NA,A,NA,NA,NA,NA,20203141830
996,2020315,1435,2020,315,14,35,NA,NA,T,NA,NA,NA,NA,20203151435
997,2020315,1610,2020,315,16,10,NA,NA,T,NA,NA,NA,NA,20203151610
998,2020315,1730,2020,315,17,30,NA,NA,A,NA,NA,NA,NA,20203151730
999,2020315,1910,2020,315,19,10,NA,NA,A,NA,NA,NA,NA,20203151910
1000,2020316,1515,2020,316,15,15,NA,NA,T,NA,NA,NA,NA,20203161515
1001,2020316,1815,2020,316,18,15,NA,NA,A,NA,NA,NA,NA,20203161815
1002,2020317,1600,2020,317,16,0,NA,NA,T,NA,NA,NA,NA,20203171600
1003,2020317,1855,2020,317,18,55,NA,NA,A,NA,NA,NA,NA,20203171855
1004,2020317,1900,2020,317,19,0,NA,NA,A,NA,NA,NA,NA,20203171900
1005,2020318,1505,2020,318,15,5,NA,NA,T,NA,NA,NA,NA,20203181505
1006,2020318,1640,2020,318,16,40,NA,NA,T,NA,NA,NA,NA,20203181640
1007,2020318,1800,2020,318,18,0,NA,NA,A,NA,NA,NA,NA,20203181800
1008,2020318,1805,2020,318,18,5,NA,NA,A,NA,NA,NA,NA,20203181805
1009,2020319,1545,2020,319,15,45,NA,NA,T,NA,NA,NA,NA,20203191545
1010,2020319,1845,2020,319,18,45,NA,NA,A,NA,NA,NA,NA,20203191845
1011,2020320,1450,2020,320,14,50,NA,NA,T,NA,NA,NA,NA,20203201450
1012,2020320,1630,2020,320,16,30,NA,NA,T,NA,NA,NA,NA,20203201630
1013,2020320,1750,2020,320,17,50,NA,NA,A,NA,NA,NA,NA,20203201750
1014,2020320,1925,2020,320,19,25,NA,NA,A,NA,NA,NA,NA,20203201925
1015,2020320,1930,2020,320,19,30,NA,NA,A,NA,NA,NA,NA,20203201930
1016,2020321,1535,2020,321,15,35,NA,NA,T,NA,NA,NA,NA,20203211535
1017,2020321,1830,2020,321,18,30,NA,NA,A,NA,NA,NA,NA,20203211830
1018,2020321,1835,2020,321,18,35,NA,NA,A,NA,NA,NA,NA,20203211835
1019,2020322,1440,2020,322,14,40,NA,NA,T,NA,NA,NA,NA,20203221440
1020,2020322,1620,2020,322,16,20,NA,NA,T,NA,NA,NA,NA,20203221620
1021,2020322,1735,2020,322,17,35,NA,NA,A,NA,NA,NA,NA,20203221735
1022,2020322,1915,2020,322,19,15,NA,NA,A,NA,NA,NA,NA,20203221915
1023,2020323,1525,2020,323,15,25,NA,NA,T,NA,NA,NA,NA,20203231525
1024,2020323,1820,2020,323,18,20,NA,NA,A,NA,NA,NA,NA,20203231820
1025,2020324,1425,2020,324,14,25,NA,NA,T,NA,NA,NA,NA,20203241425
1026,2020324,1605,2020,324,16,5,NA,NA,T,NA,NA,NA,NA,20203241605
1027,2020324,1900,2020,324,19,0,NA,NA,A,NA,NA,NA,NA,20203241900
1028,2020324,1905,2020,324,19,5,NA,NA,A,NA,NA,NA,NA,20203241905
1029,2020325,1510,2020,325,15,10,NA,NA,T,NA,NA,NA,NA,20203251510
1030,2020325,1805,2020,325,18,5,NA,NA,A,NA,NA,NA,NA,20203251805
1031,2020325,1810,2020,325,18,10,NA,NA,A,NA,NA,NA,NA,20203251810
1032,2020326,1555,2020,326,15,55,NA,NA,T,NA,NA,NA,NA,20203261555
1033,2020326,1850,2020,326,18,50,NA,NA,A,NA,NA,NA,NA,20203261850
1034,2020326,1855,2020,326,18,55,NA,NA,A,NA,NA,NA,NA,20203261855
1035,2020327,1500,2020,327,15,0,NA,NA,T,NA,NA,NA,NA,20203271500
1036,2020327,1635,2020,327,16,35,NA,NA,T,NA,NA,NA,NA,20203271635
1037,2020327,1755,2020,327,17,55,NA,NA,A,NA,NA,NA,NA,20203271755
1038,2020327,1935,2020,327,19,35,NA,NA,A,NA,NA,NA,NA,20203271935
1039,2020328,1540,2020,328,15,40,NA,NA,T,NA,NA,NA,NA,20203281540
1040,2020328,1840,2020,328,18,40,NA,NA,A,NA,NA,NA,NA,20203281840
1041,2020329,1445,2020,329,14,45,NA,NA,T,NA,NA,NA,NA,20203291445
1042,2020329,1625,2020,329,16,25,NA,NA,T,NA,NA,NA,NA,20203291625
1043,2020329,1740,2020,329,17,40,NA,NA,A,NA,NA,NA,NA,20203291740
1044,2020329,1920,2020,329,19,20,NA,NA,A,NA,NA,NA,NA,20203291920
1045,2020329,1925,2020,329,19,25,NA,NA,A,NA,NA,NA,NA,20203291925
1046,2020330,1530,2020,330,15,30,NA,NA,T,NA,NA,NA,NA,20203301530
1047,2020330,1825,2020,330,18,25,NA,NA,A,NA,NA,NA,NA,20203301825
1048,2020330,1830,2020,330,18,30,NA,NA,A,NA,NA,NA,NA,20203301830
1049,2020331,1435,2020,331,14,35,NA,NA,T,NA,NA,NA,NA,20203311435
1050,2020331,1610,2020,331,16,10,NA,NA,T,NA,NA,NA,NA,20203311610
1051,2020331,1730,2020,331,17,30,NA,NA,A,NA,NA,NA,NA,20203311730
1052,2020331,1910,2020,331,19,10,NA,NA,A,NA,NA,NA,NA,20203311910
1053,2020332,1515,2020,332,15,15,NA,NA,T,NA,NA,NA,NA,20203321515
1054,2020332,1815,2020,332,18,15,NA,NA,A,NA,NA,NA,NA,20203321815
1055,2020333,1600,2020,333,16,0,6.262499999,-75.57180326,T,0.205,0.1415,0.017,0,20203331600
1056,2020333,1855,2020,333,18,55,NA,NA,A,NA,NA,NA,NA,20203331855
1057,2020333,1900,2020,333,19,0,NA,NA,A,NA,NA,NA,NA,20203331900
1058,2020334,1505,2020,334,15,5,6.262499999,-75.58018662,T,0.204,0.141,0.0168,0,20203341505
1059,2020334,1640,2020,334,16,40,NA,NA,T,NA,NA,NA,NA,20203341640
1060,2020334,1800,2020,334,18,0,NA,NA,A,NA,NA,NA,NA,20203341800
1061,2020334,1805,2020,334,18,5,NA,NA,A,NA,NA,NA,NA,20203341805
1062,2020335,1545,2020,335,15,45,NA,NA,T,NA,NA,NA,NA,20203351545
1063,2020335,1845,2020,335,18,45,NA,NA,A,NA,NA,NA,NA,20203351845
1064,2020336,1450,2020,336,14,50,NA,NA,T,NA,NA,NA,NA,20203361450
1065,2020336,1630,2020,336,16,30,NA,NA,T,NA,NA,NA,NA,20203361630
1066,2020336,1750,2020,336,17,50,NA,NA,A,NA,NA,NA,NA,20203361750
1067,2020336,1925,2020,336,19,25,NA,NA,A,NA,NA,NA,NA,20203361925
1068,2020336,1930,2020,336,19,30,NA,NA,A,NA,NA,NA,NA,20203361930
1069,2020337,1535,2020,337,15,35,NA,NA,T,NA,NA,NA,NA,20203371535
1070,2020337,1830,2020,337,18,30,NA,NA,A,NA,NA,NA,NA,20203371830
1071,2020337,1835,2020,337,18,35,NA,NA,A,NA,NA,NA,NA,20203371835
1072,2020338,1440,2020,338,14,40,NA,NA,T,NA,NA,NA,NA,20203381440
1073,2020338,1620,2020,338,16,20,NA,NA,T,NA,NA,NA,NA,20203381620
1074,2020338,1735,2020,338,17,35,NA,NA,A,NA,NA,NA,NA,20203381735
1075,2020338,1915,2020,338,19,15,NA,NA,A,NA,NA,NA,NA,20203381915
1076,2020339,1525,2020,339,15,25,NA,NA,T,NA,NA,NA,NA,20203391525
1077,2020339,1820,2020,339,18,20,NA,NA,A,NA,NA,NA,NA,20203391820
1078,2020340,1425,2020,340,14,25,NA,NA,T,NA,NA,NA,NA,20203401425
1079,2020340,1605,2020,340,16,5,NA,NA,T,NA,NA,NA,NA,20203401605
1080,2020340,1900,2020,340,19,0,NA,NA,A,NA,NA,NA,NA,20203401900
1081,2020340,1905,2020,340,19,5,NA,NA,A,NA,NA,NA,NA,20203401905
1082,2020341,1510,2020,341,15,10,NA,NA,T,NA,NA,NA,NA,20203411510
1083,2020341,1805,2020,341,18,5,NA,NA,A,NA,NA,NA,NA,20203411805
1084,2020341,1810,2020,341,18,10,NA,NA,A,NA,NA,NA,NA,20203411810
1085,2020342,1555,2020,342,15,55,NA,NA,T,NA,NA,NA,NA,20203421555
1086,2020342,1850,2020,342,18,50,NA,NA,A,NA,NA,NA,NA,20203421850
1087,2020342,1855,2020,342,18,55,NA,NA,A,NA,NA,NA,NA,20203421855
1088,2020343,1500,2020,343,15,0,NA,NA,T,NA,NA,NA,NA,20203431500
1089,2020343,1635,2020,343,16,35,NA,NA,T,NA,NA,NA,NA,20203431635
1090,2020343,1755,2020,343,17,55,NA,NA,A,NA,NA,NA,NA,20203431755
1091,2020343,1935,2020,343,19,35,NA,NA,A,NA,NA,NA,NA,20203431935
1092,2020344,1540,2020,344,15,40,NA,NA,T,NA,NA,NA,NA,20203441540
1093,2020344,1840,2020,344,18,40,NA,NA,A,NA,NA,NA,NA,20203441840
1094,2020345,1445,2020,345,14,45,NA,NA,T,NA,NA,NA,NA,20203451445
1095,2020345,1625,2020,345,16,25,NA,NA,T,NA,NA,NA,NA,20203451625
1096,2020345,1740,2020,345,17,40,NA,NA,A,NA,NA,NA,NA,20203451740
1097,2020345,1920,2020,345,19,20,NA,NA,A,NA,NA,NA,NA,20203451920
1098,2020345,1925,2020,345,19,25,NA,NA,A,NA,NA,NA,NA,20203451925
1099,2020346,1530,2020,346,15,30,NA,NA,T,NA,NA,NA,NA,20203461530
1100,2020346,1825,2020,346,18,25,NA,NA,A,NA,NA,NA,NA,20203461825
1101,2020346,1830,2020,346,18,30,NA,NA,A,NA,NA,NA,NA,20203461830
1102,2020347,1435,2020,347,14,35,NA,NA,T,NA,NA,NA,NA,20203471435
1103,2020347,1610,2020,347,16,10,NA,NA,T,NA,NA,NA,NA,20203471610
1104,2020347,1730,2020,347,17,30,NA,NA,A,NA,NA,NA,NA,20203471730
1105,2020347,1910,2020,347,19,10,NA,NA,A,NA,NA,NA,NA,20203471910
1106,2020348,1515,2020,348,15,15,NA,NA,T,NA,NA,NA,NA,20203481515
1107,2020348,1815,2020,348,18,15,NA,NA,A,NA,NA,NA,NA,20203481815
1108,2020349,1600,2020,349,16,0,NA,NA,T,NA,NA,NA,NA,20203491600
1109,2020349,1855,2020,349,18,55,NA,NA,A,NA,NA,NA,NA,20203491855
1110,2020349,1900,2020,349,19,0,NA,NA,A,NA,NA,NA,NA,20203491900
1111,2020350,1505,2020,350,15,5,NA,NA,T,NA,NA,NA,NA,20203501505
1112,2020350,1640,2020,350,16,40,NA,NA,T,NA,NA,NA,NA,20203501640
1113,2020350,1800,2020,350,18,0,NA,NA,A,NA,NA,NA,NA,20203501800
1114,2020350,1805,2020,350,18,5,NA,NA,A,NA,NA,NA,NA,20203501805
1115,2020351,1845,2020,351,18,45,NA,NA,A,NA,NA,NA,NA,20203511845
1116,2020352,1450,2020,352,14,50,NA,NA,T,NA,NA,NA,NA,20203521450
1117,2020352,1630,2020,352,16,30,NA,NA,T,NA,NA,NA,NA,20203521630
1118,2020352,1750,2020,352,17,50,NA,NA,A,NA,NA,NA,NA,20203521750
1119,2020352,1925,2020,352,19,25,NA,NA,A,NA,NA,NA,NA,20203521925
1120,2020352,1930,2020,352,19,30,NA,NA,A,NA,NA,NA,NA,20203521930
1121,2020353,1535,2020,353,15,35,NA,NA,T,NA,NA,NA,NA,20203531535
1122,2020353,1830,2020,353,18,30,NA,NA,A,NA,NA,NA,NA,20203531830
1123,2020353,1835,2020,353,18,35,NA,NA,A,NA,NA,NA,NA,20203531835
1124,2020354,1440,2020,354,14,40,NA,NA,T,NA,NA,NA,NA,20203541440
1125,2020354,1620,2020,354,16,20,6.254166666,-75.57898112,T,0.239,0.165,0.008,0,20203541620
1126,2020354,1735,2020,354,17,35,NA,NA,A,NA,NA,NA,NA,20203541735
1127,2020354,1915,2020,354,19,15,NA,NA,A,NA,NA,NA,NA,20203541915
1128,2020355,1525,2020,355,15,25,NA,NA,T,NA,NA,NA,NA,20203551525
1129,2020355,1820,2020,355,18,20,NA,NA,A,NA,NA,NA,NA,20203551820
1130,2020356,1425,2020,356,14,25,NA,NA,T,NA,NA,NA,NA,20203561425
1131,2020356,1605,2020,356,16,5,NA,NA,T,NA,NA,NA,NA,20203561605
1132,2020356,1900,2020,356,19,0,NA,NA,A,NA,NA,NA,NA,20203561900
1133,2020356,1905,2020,356,19,5,NA,NA,A,NA,NA,NA,NA,20203561905
1134,2020357,1510,2020,357,15,10,NA,NA,T,NA,NA,NA,NA,20203571510
1135,2020357,1805,2020,357,18,5,NA,NA,A,NA,NA,NA,NA,20203571805
1136,2020357,1810,2020,357,18,10,NA,NA,A,NA,NA,NA,NA,20203571810
1137,2020358,1555,2020,358,15,55,6.262499999,-75.58018662,T,0.21325,0.14775,0.0195,0,20203581555
1138,2020358,1850,2020,358,18,50,NA,NA,A,NA,NA,NA,NA,20203581850
1139,2020358,1855,2020,358,18,55,NA,NA,A,NA,NA,NA,NA,20203581855
1140,2020359,1500,2020,359,15,0,NA,NA,T,NA,NA,NA,NA,20203591500
1141,2020359,1635,2020,359,16,35,NA,NA,T,NA,NA,NA,NA,20203591635
1142,2020359,1755,2020,359,17,55,NA,NA,A,NA,NA,NA,NA,20203591755
1143,2020359,1935,2020,359,19,35,NA,NA,A,NA,NA,NA,NA,20203591935
1144,2020360,1540,2020,360,15,40,NA,NA,T,NA,NA,NA,NA,20203601540
1145,2020360,1840,2020,360,18,40,NA,NA,A,NA,NA,NA,NA,20203601840
1146,2020361,1445,2020,361,14,45,NA,NA,T,NA,NA,NA,NA,20203611445
1147,2020361,1625,2020,361,16,25,NA,NA,T,NA,NA,NA,NA,20203611625
1148,2020361,1740,2020,361,17,40,NA,NA,A,NA,NA,NA,NA,20203611740
1149,2020361,1920,2020,361,19,20,NA,NA,A,NA,NA,NA,NA,20203611920
1150,2020361,1925,2020,361,19,25,NA,NA,A,NA,NA,NA,NA,20203611925
1151,2020362,1530,2020,362,15,30,NA,NA,T,NA,NA,NA,NA,20203621530
1152,2020362,1825,2020,362,18,25,NA,NA,A,NA,NA,NA,NA,20203621825
1153,2020362,1830,2020,362,18,30,NA,NA,A,NA,NA,NA,NA,20203621830
1154,2020363,1435,2020,363,14,35,NA,NA,T,NA,NA,NA,NA,20203631435
1155,2020363,1610,2020,363,16,10,NA,NA,T,NA,NA,NA,NA,20203631610
1156,2020363,1730,2020,363,17,30,NA,NA,A,NA,NA,NA,NA,20203631730
1157,2020363,1910,2020,363,19,10,NA,NA,A,NA,NA,NA,NA,20203631910
1158,2020364,1515,2020,364,15,15,NA,NA,T,NA,NA,NA,NA,20203641515
1159,2020364,1815,2020,364,18,15,NA,NA,A,NA,NA,NA,NA,20203641815
1160,2020365,1600,2020,365,16,0,NA,NA,T,NA,NA,NA,NA,20203651600
1161,2020365,1855,2020,365,18,55,NA,NA,A,NA,NA,NA,NA,20203651855
1162,2020365,1900,2020,365,19,0,NA,NA,A,NA,NA,NA,NA,20203651900
1163,2020366,1505,2020,366,15,5,NA,NA,T,NA,NA,NA,NA,20203661505
1164,2020366,1640,2020,366,16,40,NA,NA,T,NA,NA,NA,NA,20203661640
1165,2020366,1800,2020,366,18,0,NA,NA,A,NA,NA,NA,NA,20203661800
1166,2020366,1805,2020,366,18,5,NA,NA,A,NA,NA,NA,NA,20203661805
1,2021001,1545,2021,1,15,45,NA,NA,T,NA,NA,NA,NA,20210011545
2,2021001,1845,2021,1,18,45,NA,NA,A,NA,NA,NA,NA,20210011845
3,2021002,1450,2021,2,14,50,NA,NA,T,NA,NA,NA,NA,20210021450
4,2021002,1630,2021,2,16,30,NA,NA,T,NA,NA,NA,NA,20210021630
5,2021002,1750,2021,2,17,50,NA,NA,A,NA,NA,NA,NA,20210021750
6,2021002,1925,2021,2,19,25,NA,NA,A,NA,NA,NA,NA,20210021925
7,2021002,1930,2021,2,19,30,NA,NA,A,NA,NA,NA,NA,20210021930
8,2021003,1535,2021,3,15,35,NA,NA,T,NA,NA,NA,NA,20210031535
9,2021003,1830,2021,3,18,30,NA,NA,A,NA,NA,NA,NA,20210031830
10,2021003,1835,2021,3,18,35,NA,NA,A,NA,NA,NA,NA,20210031835
11,2021004,1440,2021,4,14,40,NA,NA,T,NA,NA,NA,NA,20210041440
12,2021004,1620,2021,4,16,20,NA,NA,T,NA,NA,NA,NA,20210041620
13,2021004,1735,2021,4,17,35,NA,NA,A,NA,NA,NA,NA,20210041735
14,2021004,1915,2021,4,19,15,NA,NA,A,NA,NA,NA,NA,20210041915
15,2021005,1520,2021,5,15,20,NA,NA,T,NA,NA,NA,NA,20210051520
16,2021005,1820,2021,5,18,20,NA,NA,A,NA,NA,NA,NA,20210051820
17,2021006,1425,2021,6,14,25,NA,NA,T,NA,NA,NA,NA,20210061425
18,2021006,1605,2021,6,16,5,NA,NA,T,NA,NA,NA,NA,20210061605
19,2021006,1900,2021,6,19,0,NA,NA,A,NA,NA,NA,NA,20210061900
20,2021006,1905,2021,6,19,5,NA,NA,A,NA,NA,NA,NA,20210061905
21,2021007,1510,2021,7,15,10,NA,NA,T,NA,NA,NA,NA,20210071510
22,2021007,1805,2021,7,18,5,NA,NA,A,NA,NA,NA,NA,20210071805
23,2021007,1810,2021,7,18,10,NA,NA,A,NA,NA,NA,NA,20210071810
24,2021008,1555,2021,8,15,55,NA,NA,T,NA,NA,NA,NA,20210081555
25,2021008,1850,2021,8,18,50,NA,NA,A,NA,NA,NA,NA,20210081850
26,2021008,1855,2021,8,18,55,NA,NA,A,NA,NA,NA,NA,20210081855
27,2021009,1500,2021,9,15,0,NA,NA,T,NA,NA,NA,NA,20210091500
28,2021009,1635,2021,9,16,35,NA,NA,T,NA,NA,NA,NA,20210091635
29,2021009,1755,2021,9,17,55,NA,NA,A,NA,NA,NA,NA,20210091755
30,2021009,1935,2021,9,19,35,NA,NA,A,NA,NA,NA,NA,20210091935
31,2021010,1540,2021,10,15,40,NA,NA,T,NA,NA,NA,NA,20210101540
32,2021010,1840,2021,10,18,40,NA,NA,A,NA,NA,NA,NA,20210101840
33,2021011,1445,2021,11,14,45,NA,NA,T,NA,NA,NA,NA,20210111445
34,2021011,1625,2021,11,16,25,NA,NA,T,NA,NA,NA,NA,20210111625
35,2021011,1740,2021,11,17,40,NA,NA,A,NA,NA,NA,NA,20210111740
36,2021011,1920,2021,11,19,20,NA,NA,A,NA,NA,NA,NA,20210111920
37,2021011,1925,2021,11,19,25,NA,NA,A,NA,NA,NA,NA,20210111925
38,2021012,1530,2021,12,15,30,NA,NA,T,NA,NA,NA,NA,20210121530
39,2021012,1825,2021,12,18,25,NA,NA,A,NA,NA,NA,NA,20210121825
40,2021012,1830,2021,12,18,30,NA,NA,A,NA,NA,NA,NA,20210121830
41,2021013,1435,2021,13,14,35,NA,NA,T,NA,NA,NA,NA,20210131435
42,2021013,1610,2021,13,16,10,NA,NA,T,NA,NA,NA,NA,20210131610
43,2021013,1730,2021,13,17,30,NA,NA,A,NA,NA,NA,NA,20210131730
44,2021013,1910,2021,13,19,10,NA,NA,A,NA,NA,NA,NA,20210131910
45,2021014,1515,2021,14,15,15,NA,NA,T,NA,NA,NA,NA,20210141515
46,2021014,1815,2021,14,18,15,NA,NA,A,NA,NA,NA,NA,20210141815
47,2021015,1600,2021,15,16,0,NA,NA,T,NA,NA,NA,NA,20210151600
48,2021015,1855,2021,15,18,55,NA,NA,A,NA,NA,NA,NA,20210151855
49,2021015,1900,2021,15,19,0,NA,NA,A,NA,NA,NA,NA,20210151900
50,2021016,1505,2021,16,15,5,6.262499999,-75.58018662,T,0.1405,0.0965,0.0199,0,20210161505
51,2021016,1640,2021,16,16,40,NA,NA,T,NA,NA,NA,NA,20210161640
52,2021016,1800,2021,16,18,0,NA,NA,A,NA,NA,NA,NA,20210161800
53,2021016,1805,2021,16,18,5,NA,NA,A,NA,NA,NA,NA,20210161805
54,2021017,1545,2021,17,15,45,6.262499999,-75.58018662,T,0.14075,0.09675,0.0243,0,20210171545
55,2021017,1845,2021,17,18,45,NA,NA,A,NA,NA,NA,NA,20210171845
56,2021018,1450,2021,18,14,50,NA,NA,T,NA,NA,NA,NA,20210181450
57,2021018,1630,2021,18,16,30,NA,NA,T,NA,NA,NA,NA,20210181630
58,2021018,1750,2021,18,17,50,NA,NA,A,NA,NA,NA,NA,20210181750
59,2021018,1925,2021,18,19,25,NA,NA,A,NA,NA,NA,NA,20210181925
60,2021018,1930,2021,18,19,30,NA,NA,A,NA,NA,NA,NA,20210181930
61,2021019,1535,2021,19,15,35,NA,NA,T,NA,NA,NA,NA,20210191535
62,2021019,1830,2021,19,18,30,NA,NA,A,NA,NA,NA,NA,20210191830
63,2021019,1835,2021,19,18,35,NA,NA,A,NA,NA,NA,NA,20210191835
64,2021020,1440,2021,20,14,40,NA,NA,T,NA,NA,NA,NA,20210201440
65,2021020,1615,2021,20,16,15,NA,NA,T,NA,NA,NA,NA,20210201615
66,2021020,1735,2021,20,17,35,NA,NA,A,NA,NA,NA,NA,20210201735
67,2021020,1915,2021,20,19,15,NA,NA,A,NA,NA,NA,NA,20210201915
68,2021021,1520,2021,21,15,20,NA,NA,T,NA,NA,NA,NA,20210211520
69,2021021,1820,2021,21,18,20,NA,NA,A,NA,NA,NA,NA,20210211820
70,2021022,1425,2021,22,14,25,NA,NA,T,NA,NA,NA,NA,20210221425
71,2021022,1605,2021,22,16,5,NA,NA,T,NA,NA,NA,NA,20210221605
72,2021022,1900,2021,22,19,0,NA,NA,A,NA,NA,NA,NA,20210221900
73,2021022,1905,2021,22,19,5,NA,NA,A,NA,NA,NA,NA,20210221905
74,2021023,1510,2021,23,15,10,NA,NA,T,NA,NA,NA,NA,20210231510
75,2021023,1805,2021,23,18,5,NA,NA,A,NA,NA,NA,NA,20210231805
76,2021023,1810,2021,23,18,10,NA,NA,A,NA,NA,NA,NA,20210231810
77,2021024,1555,2021,24,15,55,NA,NA,T,NA,NA,NA,NA,20210241555
78,2021024,1850,2021,24,18,50,NA,NA,A,NA,NA,NA,NA,20210241850
79,2021024,1855,2021,24,18,55,NA,NA,A,NA,NA,NA,NA,20210241855
80,2021025,1500,2021,25,15,0,NA,NA,T,NA,NA,NA,NA,20210251500
81,2021025,1635,2021,25,16,35,NA,NA,T,NA,NA,NA,NA,20210251635
82,2021025,1755,2021,25,17,55,NA,NA,A,NA,NA,NA,NA,20210251755
83,2021025,1935,2021,25,19,35,NA,NA,A,NA,NA,NA,NA,20210251935
84,2021026,1540,2021,26,15,40,NA,NA,T,NA,NA,NA,NA,20210261540
85,2021026,1840,2021,26,18,40,NA,NA,A,NA,NA,NA,NA,20210261840
86,2021027,1445,2021,27,14,45,NA,NA,T,NA,NA,NA,NA,20210271445
87,2021027,1625,2021,27,16,25,NA,NA,T,NA,NA,NA,NA,20210271625
88,2021027,1740,2021,27,17,40,NA,NA,A,NA,NA,NA,NA,20210271740
89,2021027,1920,2021,27,19,20,NA,NA,A,NA,NA,NA,NA,20210271920
90,2021027,1925,2021,27,19,25,NA,NA,A,NA,NA,NA,NA,20210271925
91,2021028,1530,2021,28,15,30,NA,NA,T,NA,NA,NA,NA,20210281530
92,2021028,1825,2021,28,18,25,NA,NA,A,NA,NA,NA,NA,20210281825
93,2021028,1830,2021,28,18,30,NA,NA,A,NA,NA,NA,NA,20210281830
94,2021029,1435,2021,29,14,35,NA,NA,T,NA,NA,NA,NA,20210291435
95,2021029,1610,2021,29,16,10,NA,NA,T,NA,NA,NA,NA,20210291610
96,2021029,1730,2021,29,17,30,NA,NA,A,NA,NA,NA,NA,20210291730
97,2021029,1910,2021,29,19,10,NA,NA,A,NA,NA,NA,NA,20210291910
98,2021030,1515,2021,30,15,15,NA,NA,T,NA,NA,NA,NA,20210301515
99,2021030,1815,2021,30,18,15,6.262499999,-75.58018662,A,0.11475,0.07875,0.0226,0,20210301815
100,2021031,1600,2021,31,16,0,6.262499999,-75.58018662,T,0.1485,0.1025,0.0155,0,20210311600
101,2021031,1855,2021,31,18,55,NA,NA,A,NA,NA,NA,NA,20210311855
102,2021031,1900,2021,31,19,0,NA,NA,A,NA,NA,NA,NA,20210311900
103,2021032,1505,2021,32,15,5,NA,NA,T,NA,NA,NA,NA,20210321505
104,2021032,1640,2021,32,16,40,NA,NA,T,NA,NA,NA,NA,20210321640
105,2021032,1800,2021,32,18,0,NA,NA,A,NA,NA,NA,NA,20210321800
106,2021032,1805,2021,32,18,5,NA,NA,A,NA,NA,NA,NA,20210321805
107,2021033,1545,2021,33,15,45,NA,NA,T,NA,NA,NA,NA,20210331545
108,2021033,1845,2021,33,18,45,NA,NA,A,NA,NA,NA,NA,20210331845
109,2021034,1450,2021,34,14,50,NA,NA,T,NA,NA,NA,NA,20210341450
110,2021034,1630,2021,34,16,30,NA,NA,T,NA,NA,NA,NA,20210341630
111,2021034,1750,2021,34,17,50,NA,NA,A,NA,NA,NA,NA,20210341750
112,2021034,1925,2021,34,19,25,NA,NA,A,NA,NA,NA,NA,20210341925
113,2021034,1930,2021,34,19,30,NA,NA,A,NA,NA,NA,NA,20210341930
114,2021035,1535,2021,35,15,35,NA,NA,T,NA,NA,NA,NA,20210351535
115,2021035,1830,2021,35,18,30,NA,NA,A,NA,NA,NA,NA,20210351830
116,2021035,1835,2021,35,18,35,NA,NA,A,NA,NA,NA,NA,20210351835
117,2021036,1440,2021,36,14,40,NA,NA,T,NA,NA,NA,NA,20210361440
118,2021036,1615,2021,36,16,15,NA,NA,T,NA,NA,NA,NA,20210361615
119,2021036,1735,2021,36,17,35,NA,NA,A,NA,NA,NA,NA,20210361735
120,2021036,1915,2021,36,19,15,NA,NA,A,NA,NA,NA,NA,20210361915
121,2021037,1520,2021,37,15,20,NA,NA,T,NA,NA,NA,NA,20210371520
122,2021037,1820,2021,37,18,20,NA,NA,A,NA,NA,NA,NA,20210371820
123,2021038,1425,2021,38,14,25,NA,NA,T,NA,NA,NA,NA,20210381425
124,2021038,1605,2021,38,16,5,NA,NA,T,NA,NA,NA,NA,20210381605
125,2021038,1900,2021,38,19,0,NA,NA,A,NA,NA,NA,NA,20210381900
126,2021038,1905,2021,38,19,5,NA,NA,A,NA,NA,NA,NA,20210381905
127,2021039,1510,2021,39,15,10,NA,NA,T,NA,NA,NA,NA,20210391510
128,2021039,1805,2021,39,18,5,NA,NA,A,NA,NA,NA,NA,20210391805
129,2021039,1810,2021,39,18,10,NA,NA,A,NA,NA,NA,NA,20210391810
130,2021040,1555,2021,40,15,55,NA,NA,T,NA,NA,NA,NA,20210401555
131,2021040,1850,2021,40,18,50,NA,NA,A,NA,NA,NA,NA,20210401850
132,2021040,1855,2021,40,18,55,NA,NA,A,NA,NA,NA,NA,20210401855
133,2021041,1500,2021,41,15,0,NA,NA,T,NA,NA,NA,NA,20210411500
134,2021041,1635,2021,41,16,35,NA,NA,T,NA,NA,NA,NA,20210411635
135,2021041,1755,2021,41,17,55,NA,NA,A,NA,NA,NA,NA,20210411755
136,2021041,1935,2021,41,19,35,NA,NA,A,NA,NA,NA,NA,20210411935
137,2021042,1540,2021,42,15,40,NA,NA,T,NA,NA,NA,NA,20210421540
138,2021042,1840,2021,42,18,40,NA,NA,A,NA,NA,NA,NA,20210421840
139,2021043,1445,2021,43,14,45,NA,NA,T,NA,NA,NA,NA,20210431445
140,2021043,1625,2021,43,16,25,NA,NA,T,NA,NA,NA,NA,20210431625
141,2021043,1740,2021,43,17,40,NA,NA,A,NA,NA,NA,NA,20210431740
142,2021043,1920,2021,43,19,20,NA,NA,A,NA,NA,NA,NA,20210431920
143,2021043,1925,2021,43,19,25,NA,NA,A,NA,NA,NA,NA,20210431925
144,2021044,1530,2021,44,15,30,NA,NA,T,NA,NA,NA,NA,20210441530
145,2021044,1825,2021,44,18,25,NA,NA,A,NA,NA,NA,NA,20210441825
146,2021044,1830,2021,44,18,30,NA,NA,A,NA,NA,NA,NA,20210441830
147,2021045,1435,2021,45,14,35,NA,NA,T,NA,NA,NA,NA,20210451435
148,2021045,1610,2021,45,16,10,NA,NA,T,NA,NA,NA,NA,20210451610
149,2021045,1730,2021,45,17,30,NA,NA,A,NA,NA,NA,NA,20210451730
150,2021045,1910,2021,45,19,10,NA,NA,A,NA,NA,NA,NA,20210451910
151,2021046,1515,2021,46,15,15,NA,NA,T,NA,NA,NA,NA,20210461515
152,2021046,1815,2021,46,18,15,NA,NA,A,NA,NA,NA,NA,20210461815
153,2021047,1600,2021,47,16,0,NA,NA,T,NA,NA,NA,NA,20210471600
154,2021047,1855,2021,47,18,55,NA,NA,A,NA,NA,NA,NA,20210471855
155,2021047,1900,2021,47,19,0,NA,NA,A,NA,NA,NA,NA,20210471900
156,2021048,1505,2021,48,15,5,NA,NA,T,NA,NA,NA,NA,20210481505
157,2021048,1640,2021,48,16,40,NA,NA,T,NA,NA,NA,NA,20210481640
158,2021048,1800,2021,48,18,0,NA,NA,A,NA,NA,NA,NA,20210481800
159,2021048,1805,2021,48,18,5,NA,NA,A,NA,NA,NA,NA,20210481805
160,2021049,1545,2021,49,15,45,NA,NA,T,NA,NA,NA,NA,20210491545
161,2021049,1845,2021,49,18,45,NA,NA,A,NA,NA,NA,NA,20210491845
162,2021050,1450,2021,50,14,50,NA,NA,T,NA,NA,NA,NA,20210501450
163,2021050,1630,2021,50,16,30,NA,NA,T,NA,NA,NA,NA,20210501630
164,2021050,1750,2021,50,17,50,NA,NA,A,NA,NA,NA,NA,20210501750
165,2021050,1925,2021,50,19,25,NA,NA,A,NA,NA,NA,NA,20210501925
166,2021050,1930,2021,50,19,30,NA,NA,A,NA,NA,NA,NA,20210501930
167,2021051,1535,2021,51,15,35,NA,NA,T,NA,NA,NA,NA,20210511535
168,2021051,1830,2021,51,18,30,NA,NA,A,NA,NA,NA,NA,20210511830
169,2021051,1835,2021,51,18,35,NA,NA,A,NA,NA,NA,NA,20210511835
170,2021052,1440,2021,52,14,40,NA,NA,T,NA,NA,NA,NA,20210521440
171,2021052,1615,2021,52,16,15,NA,NA,T,NA,NA,NA,NA,20210521615
172,2021052,1735,2021,52,17,35,NA,NA,A,NA,NA,NA,NA,20210521735
173,2021052,1915,2021,52,19,15,NA,NA,A,NA,NA,NA,NA,20210521915
174,2021053,1520,2021,53,15,20,NA,NA,T,NA,NA,NA,NA,20210531520
175,2021053,1820,2021,53,18,20,NA,NA,A,NA,NA,NA,NA,20210531820
176,2021054,1425,2021,54,14,25,NA,NA,T,NA,NA,NA,NA,20210541425
177,2021054,1605,2021,54,16,5,NA,NA,T,NA,NA,NA,NA,20210541605
178,2021054,1900,2021,54,19,0,NA,NA,A,NA,NA,NA,NA,20210541900
179,2021054,1905,2021,54,19,5,NA,NA,A,NA,NA,NA,NA,20210541905
180,2021055,1510,2021,55,15,10,NA,NA,T,NA,NA,NA,NA,20210551510
181,2021055,1805,2021,55,18,5,NA,NA,A,NA,NA,NA,NA,20210551805
182,2021055,1810,2021,55,18,10,NA,NA,A,NA,NA,NA,NA,20210551810
183,2021056,1555,2021,56,15,55,NA,NA,T,NA,NA,NA,NA,20210561555
184,2021056,1850,2021,56,18,50,NA,NA,A,NA,NA,NA,NA,20210561850
185,2021056,1855,2021,56,18,55,NA,NA,A,NA,NA,NA,NA,20210561855
186,2021057,1455,2021,57,14,55,NA,NA,T,NA,NA,NA,NA,20210571455
187,2021057,1635,2021,57,16,35,NA,NA,T,NA,NA,NA,NA,20210571635
188,2021057,1755,2021,57,17,55,NA,NA,A,NA,NA,NA,NA,20210571755
189,2021057,1935,2021,57,19,35,NA,NA,A,NA,NA,NA,NA,20210571935
190,2021058,1540,2021,58,15,40,NA,NA,T,NA,NA,NA,NA,20210581540
191,2021058,1840,2021,58,18,40,NA,NA,A,NA,NA,NA,NA,20210581840
192,2021059,1445,2021,59,14,45,NA,NA,T,NA,NA,NA,NA,20210591445
193,2021059,1625,2021,59,16,25,NA,NA,T,NA,NA,NA,NA,20210591625
194,2021059,1740,2021,59,17,40,NA,NA,A,NA,NA,NA,NA,20210591740
195,2021059,1920,2021,59,19,20,NA,NA,A,NA,NA,NA,NA,20210591920
196,2021059,1925,2021,59,19,25,NA,NA,A,NA,NA,NA,NA,20210591925
197,2021060,1530,2021,60,15,30,NA,NA,T,NA,NA,NA,NA,20210601530
198,2021060,1825,2021,60,18,25,NA,NA,A,NA,NA,NA,NA,20210601825
199,2021060,1830,2021,60,18,30,NA,NA,A,NA,NA,NA,NA,20210601830
200,2021061,1435,2021,61,14,35,NA,NA,T,NA,NA,NA,NA,20210611435
201,2021061,1610,2021,61,16,10,NA,NA,T,NA,NA,NA,NA,20210611610
202,2021061,1730,2021,61,17,30,NA,NA,A,NA,NA,NA,NA,20210611730
203,2021061,1910,2021,61,19,10,NA,NA,A,NA,NA,NA,NA,20210611910
204,2021062,1515,2021,62,15,15,NA,NA,T,NA,NA,NA,NA,20210621515
205,2021062,1815,2021,62,18,15,NA,NA,A,NA,NA,NA,NA,20210621815
206,2021063,1600,2021,63,16,0,NA,NA,T,NA,NA,NA,NA,20210631600
207,2021063,1855,2021,63,18,55,NA,NA,A,NA,NA,NA,NA,20210631855
208,2021063,1900,2021,63,19,0,NA,NA,A,NA,NA,NA,NA,20210631900
209,2021064,1505,2021,64,15,5,NA,NA,T,NA,NA,NA,NA,20210641505
210,2021064,1640,2021,64,16,40,NA,NA,T,NA,NA,NA,NA,20210641640
211,2021064,1800,2021,64,18,0,NA,NA,A,NA,NA,NA,NA,20210641800
212,2021064,1805,2021,64,18,5,NA,NA,A,NA,NA,NA,NA,20210641805
213,2021065,1545,2021,65,15,45,NA,NA,T,NA,NA,NA,NA,20210651545
214,2021065,1845,2021,65,18,45,NA,NA,A,NA,NA,NA,NA,20210651845
215,2021066,1450,2021,66,14,50,NA,NA,T,NA,NA,NA,NA,20210661450
216,2021066,1630,2021,66,16,30,NA,NA,T,NA,NA,NA,NA,20210661630
217,2021066,1750,2021,66,17,50,NA,NA,A,NA,NA,NA,NA,20210661750
218,2021066,1925,2021,66,19,25,NA,NA,A,NA,NA,NA,NA,20210661925
219,2021066,1930,2021,66,19,30,NA,NA,A,NA,NA,NA,NA,20210661930
220,2021067,1535,2021,67,15,35,NA,NA,T,NA,NA,NA,NA,20210671535
221,2021067,1830,2021,67,18,30,NA,NA,A,NA,NA,NA,NA,20210671830
222,2021067,1835,2021,67,18,35,NA,NA,A,NA,NA,NA,NA,20210671835
223,2021068,1440,2021,68,14,40,NA,NA,T,NA,NA,NA,NA,20210681440
224,2021068,1615,2021,68,16,15,NA,NA,T,NA,NA,NA,NA,20210681615
225,2021068,1735,2021,68,17,35,NA,NA,A,NA,NA,NA,NA,20210681735
226,2021068,1915,2021,68,19,15,NA,NA,A,NA,NA,NA,NA,20210681915
227,2021069,1520,2021,69,15,20,NA,NA,T,NA,NA,NA,NA,20210691520
228,2021069,1820,2021,69,18,20,NA,NA,A,NA,NA,NA,NA,20210691820
229,2021070,1425,2021,70,14,25,NA,NA,T,NA,NA,NA,NA,20210701425
230,2021070,1605,2021,70,16,5,NA,NA,T,NA,NA,NA,NA,20210701605
231,2021070,1900,2021,70,19,0,NA,NA,A,NA,NA,NA,NA,20210701900
232,2021070,1905,2021,70,19,5,NA,NA,A,NA,NA,NA,NA,20210701905
233,2021071,1510,2021,71,15,10,NA,NA,T,NA,NA,NA,NA,20210711510
234,2021071,1805,2021,71,18,5,NA,NA,A,NA,NA,NA,NA,20210711805
235,2021071,1810,2021,71,18,10,NA,NA,A,NA,NA,NA,NA,20210711810
236,2021072,1550,2021,72,15,50,NA,NA,T,NA,NA,NA,NA,20210721550
237,2021072,1850,2021,72,18,50,NA,NA,A,NA,NA,NA,NA,20210721850
238,2021072,1855,2021,72,18,55,NA,NA,A,NA,NA,NA,NA,20210721855
239,2021073,1455,2021,73,14,55,NA,NA,T,NA,NA,NA,NA,20210731455
240,2021073,1635,2021,73,16,35,NA,NA,T,NA,NA,NA,NA,20210731635
241,2021073,1755,2021,73,17,55,NA,NA,A,NA,NA,NA,NA,20210731755
242,2021073,1935,2021,73,19,35,NA,NA,A,NA,NA,NA,NA,20210731935
243,2021074,1540,2021,74,15,40,NA,NA,T,NA,NA,NA,NA,20210741540
244,2021074,1840,2021,74,18,40,NA,NA,A,NA,NA,NA,NA,20210741840
245,2021075,1445,2021,75,14,45,NA,NA,T,NA,NA,NA,NA,20210751445
246,2021075,1625,2021,75,16,25,NA,NA,T,NA,NA,NA,NA,20210751625
247,2021075,1740,2021,75,17,40,NA,NA,A,NA,NA,NA,NA,20210751740
248,2021075,1920,2021,75,19,20,NA,NA,A,NA,NA,NA,NA,20210751920
249,2021075,1925,2021,75,19,25,NA,NA,A,NA,NA,NA,NA,20210751925
250,2021076,1530,2021,76,15,30,NA,NA,T,NA,NA,NA,NA,20210761530
251,2021076,1825,2021,76,18,25,NA,NA,A,NA,NA,NA,NA,20210761825
252,2021076,1830,2021,76,18,30,NA,NA,A,NA,NA,NA,NA,20210761830
253,2021077,1430,2021,77,14,30,NA,NA,T,NA,NA,NA,NA,20210771430
254,2021077,1610,2021,77,16,10,NA,NA,T,NA,NA,NA,NA,20210771610
255,2021077,1730,2021,77,17,30,NA,NA,A,NA,NA,NA,NA,20210771730
256,2021077,1910,2021,77,19,10,NA,NA,A,NA,NA,NA,NA,20210771910
257,2021078,1515,2021,78,15,15,NA,NA,T,NA,NA,NA,NA,20210781515
258,2021078,1815,2021,78,18,15,NA,NA,A,NA,NA,NA,NA,20210781815
259,2021079,1600,2021,79,16,0,NA,NA,T,NA,NA,NA,NA,20210791600
260,2021079,1855,2021,79,18,55,NA,NA,A,NA,NA,NA,NA,20210791855
261,2021079,1900,2021,79,19,0,NA,NA,A,NA,NA,NA,NA,20210791900
262,2021080,1505,2021,80,15,5,NA,NA,T,NA,NA,NA,NA,20210801505
263,2021080,1640,2021,80,16,40,NA,NA,T,NA,NA,NA,NA,20210801640
264,2021080,1800,2021,80,18,0,NA,NA,A,NA,NA,NA,NA,20210801800
265,2021080,1805,2021,80,18,5,NA,NA,A,NA,NA,NA,NA,20210801805
266,2021081,1545,2021,81,15,45,NA,NA,T,NA,NA,NA,NA,20210811545
267,2021081,1845,2021,81,18,45,NA,NA,A,NA,NA,NA,NA,20210811845
268,2021082,1450,2021,82,14,50,NA,NA,T,NA,NA,NA,NA,20210821450
269,2021082,1630,2021,82,16,30,NA,NA,T,NA,NA,NA,NA,20210821630
270,2021082,1750,2021,82,17,50,NA,NA,A,NA,NA,NA,NA,20210821750
271,2021082,1925,2021,82,19,25,NA,NA,A,NA,NA,NA,NA,20210821925
272,2021082,1930,2021,82,19,30,NA,NA,A,NA,NA,NA,NA,20210821930
273,2021083,1535,2021,83,15,35,NA,NA,T,NA,NA,NA,NA,20210831535
274,2021083,1830,2021,83,18,30,NA,NA,A,NA,NA,NA,NA,20210831830
275,2021083,1835,2021,83,18,35,NA,NA,A,NA,NA,NA,NA,20210831835
276,2021084,1440,2021,84,14,40,NA,NA,T,NA,NA,NA,NA,20210841440
277,2021084,1615,2021,84,16,15,NA,NA,T,NA,NA,NA,NA,20210841615
278,2021084,1735,2021,84,17,35,NA,NA,A,NA,NA,NA,NA,20210841735
279,2021084,1915,2021,84,19,15,NA,NA,A,NA,NA,NA,NA,20210841915
280,2021085,1520,2021,85,15,20,NA,NA,T,NA,NA,NA,NA,20210851520
281,2021085,1820,2021,85,18,20,NA,NA,A,NA,NA,NA,NA,20210851820
282,2021086,1425,2021,86,14,25,NA,NA,T,NA,NA,NA,NA,20210861425
283,2021086,1605,2021,86,16,5,NA,NA,T,NA,NA,NA,NA,20210861605
284,2021086,1900,2021,86,19,0,NA,NA,A,NA,NA,NA,NA,20210861900
285,2021086,1905,2021,86,19,5,NA,NA,A,NA,NA,NA,NA,20210861905
286,2021087,1510,2021,87,15,10,NA,NA,T,NA,NA,NA,NA,20210871510
287,2021087,1805,2021,87,18,5,NA,NA,A,NA,NA,NA,NA,20210871805
288,2021087,1810,2021,87,18,10,NA,NA,A,NA,NA,NA,NA,20210871810
289,2021088,1550,2021,88,15,50,NA,NA,T,NA,NA,NA,NA,20210881550
290,2021088,1850,2021,88,18,50,NA,NA,A,NA,NA,NA,NA,20210881850
291,2021088,1855,2021,88,18,55,NA,NA,A,NA,NA,NA,NA,20210881855
292,2021089,1455,2021,89,14,55,6.254166666,-75.57898112,T,0.064,0.0435,0.025,0,20210891455
293,2021089,1635,2021,89,16,35,NA,NA,T,NA,NA,NA,NA,20210891635
294,2021089,1755,2021,89,17,55,NA,NA,A,NA,NA,NA,NA,20210891755
295,2021089,1935,2021,89,19,35,NA,NA,A,NA,NA,NA,NA,20210891935
296,2021090,1540,2021,90,15,40,NA,NA,T,NA,NA,NA,NA,20210901540
297,2021090,1840,2021,90,18,40,NA,NA,A,NA,NA,NA,NA,20210901840
298,2021091,1445,2021,91,14,45,NA,NA,T,NA,NA,NA,NA,20210911445
299,2021091,1625,2021,91,16,25,NA,NA,T,NA,NA,NA,NA,20210911625
300,2021091,1740,2021,91,17,40,NA,NA,A,NA,NA,NA,NA,20210911740
301,2021091,1920,2021,91,19,20,NA,NA,A,NA,NA,NA,NA,20210911920
302,2021091,1925,2021,91,19,25,NA,NA,A,NA,NA,NA,NA,20210911925
303,2021092,1530,2021,92,15,30,NA,NA,T,NA,NA,NA,NA,20210921530
304,2021092,1825,2021,92,18,25,NA,NA,A,NA,NA,NA,NA,20210921825
305,2021092,1830,2021,92,18,30,NA,NA,A,NA,NA,NA,NA,20210921830
306,2021093,1430,2021,93,14,30,NA,NA,T,NA,NA,NA,NA,20210931430
307,2021093,1610,2021,93,16,10,NA,NA,T,NA,NA,NA,NA,20210931610
308,2021093,1730,2021,93,17,30,NA,NA,A,NA,NA,NA,NA,20210931730
309,2021093,1910,2021,93,19,10,NA,NA,A,NA,NA,NA,NA,20210931910
310,2021094,1515,2021,94,15,15,NA,NA,T,NA,NA,NA,NA,20210941515
311,2021094,1815,2021,94,18,15,NA,NA,A,NA,NA,NA,NA,20210941815
312,2021095,1600,2021,95,16,0,NA,NA,T,NA,NA,NA,NA,20210951600
313,2021095,1855,2021,95,18,55,NA,NA,A,NA,NA,NA,NA,20210951855
314,2021095,1900,2021,95,19,0,NA,NA,A,NA,NA,NA,NA,20210951900
315,2021096,1505,2021,96,15,5,NA,NA,T,NA,NA,NA,NA,20210961505
316,2021096,1640,2021,96,16,40,NA,NA,T,NA,NA,NA,NA,20210961640
317,2021096,1800,2021,96,18,0,NA,NA,A,NA,NA,NA,NA,20210961800
318,2021096,1805,2021,96,18,5,NA,NA,A,NA,NA,NA,NA,20210961805
319,2021097,1545,2021,97,15,45,NA,NA,T,NA,NA,NA,NA,20210971545
320,2021097,1845,2021,97,18,45,NA,NA,A,NA,NA,NA,NA,20210971845
321,2021098,1450,2021,98,14,50,NA,NA,T,NA,NA,NA,NA,20210981450
322,2021098,1630,2021,98,16,30,NA,NA,T,NA,NA,NA,NA,20210981630
323,2021098,1750,2021,98,17,50,NA,NA,A,NA,NA,NA,NA,20210981750
324,2021098,1925,2021,98,19,25,NA,NA,A,NA,NA,NA,NA,20210981925
325,2021098,1930,2021,98,19,30,NA,NA,A,NA,NA,NA,NA,20210981930
326,2021099,1535,2021,99,15,35,NA,NA,T,NA,NA,NA,NA,20210991535
327,2021099,1830,2021,99,18,30,NA,NA,A,NA,NA,NA,NA,20210991830
328,2021099,1835,2021,99,18,35,NA,NA,A,NA,NA,NA,NA,20210991835
329,2021100,1440,2021,100,14,40,NA,NA,T,NA,NA,NA,NA,20211001440
330,2021100,1615,2021,100,16,15,NA,NA,T,NA,NA,NA,NA,20211001615
331,2021100,1735,2021,100,17,35,NA,NA,A,NA,NA,NA,NA,20211001735
332,2021100,1915,2021,100,19,15,NA,NA,A,NA,NA,NA,NA,20211001915
333,2021101,1520,2021,101,15,20,NA,NA,T,NA,NA,NA,NA,20211011520
334,2021101,1820,2021,101,18,20,NA,NA,A,NA,NA,NA,NA,20211011820
335,2021102,1425,2021,102,14,25,NA,NA,T,NA,NA,NA,NA,20211021425
336,2021102,1605,2021,102,16,5,NA,NA,T,NA,NA,NA,NA,20211021605
337,2021102,1900,2021,102,19,0,NA,NA,A,NA,NA,NA,NA,20211021900
338,2021102,1905,2021,102,19,5,NA,NA,A,NA,NA,NA,NA,20211021905
339,2021103,1510,2021,103,15,10,NA,NA,T,NA,NA,NA,NA,20211031510
340,2021103,1805,2021,103,18,5,NA,NA,A,NA,NA,NA,NA,20211031805
341,2021103,1810,2021,103,18,10,NA,NA,A,NA,NA,NA,NA,20211031810
342,2021104,1550,2021,104,15,50,NA,NA,T,NA,NA,NA,NA,20211041550
343,2021104,1850,2021,104,18,50,NA,NA,A,NA,NA,NA,NA,20211041850
344,2021104,1855,2021,104,18,55,NA,NA,A,NA,NA,NA,NA,20211041855
345,2021105,1455,2021,105,14,55,NA,NA,T,NA,NA,NA,NA,20211051455
346,2021105,1635,2021,105,16,35,NA,NA,T,NA,NA,NA,NA,20211051635
347,2021105,1755,2021,105,17,55,NA,NA,A,NA,NA,NA,NA,20211051755
348,2021105,1935,2021,105,19,35,NA,NA,A,NA,NA,NA,NA,20211051935
349,2021106,1540,2021,106,15,40,NA,NA,T,NA,NA,NA,NA,20211061540
350,2021106,1840,2021,106,18,40,NA,NA,A,NA,NA,NA,NA,20211061840
351,2021107,1445,2021,107,14,45,NA,NA,T,NA,NA,NA,NA,20211071445
352,2021107,1625,2021,107,16,25,NA,NA,T,NA,NA,NA,NA,20211071625
353,2021107,1740,2021,107,17,40,NA,NA,A,NA,NA,NA,NA,20211071740
354,2021107,1920,2021,107,19,20,NA,NA,A,NA,NA,NA,NA,20211071920
355,2021107,1925,2021,107,19,25,NA,NA,A,NA,NA,NA,NA,20211071925
356,2021108,1525,2021,108,15,25,NA,NA,T,NA,NA,NA,NA,20211081525
357,2021108,1825,2021,108,18,25,NA,NA,A,NA,NA,NA,NA,20211081825
358,2021108,1830,2021,108,18,30,NA,NA,A,NA,NA,NA,NA,20211081830
359,2021109,1430,2021,109,14,30,NA,NA,T,NA,NA,NA,NA,20211091430
360,2021109,1610,2021,109,16,10,NA,NA,T,NA,NA,NA,NA,20211091610
361,2021109,1730,2021,109,17,30,NA,NA,A,NA,NA,NA,NA,20211091730
362,2021109,1910,2021,109,19,10,NA,NA,A,NA,NA,NA,NA,20211091910
363,2021110,1515,2021,110,15,15,NA,NA,T,NA,NA,NA,NA,20211101515
364,2021110,1815,2021,110,18,15,NA,NA,A,NA,NA,NA,NA,20211101815
365,2021111,1600,2021,111,16,0,NA,NA,T,NA,NA,NA,NA,20211111600
366,2021111,1855,2021,111,18,55,NA,NA,A,NA,NA,NA,NA,20211111855
367,2021111,1900,2021,111,19,0,NA,NA,A,NA,NA,NA,NA,20211111900
368,2021112,1505,2021,112,15,5,NA,NA,T,NA,NA,NA,NA,20211121505
369,2021112,1640,2021,112,16,40,NA,NA,T,NA,NA,NA,NA,20211121640
370,2021112,1800,2021,112,18,0,NA,NA,A,NA,NA,NA,NA,20211121800
371,2021112,1805,2021,112,18,5,NA,NA,A,NA,NA,NA,NA,20211121805
372,2021113,1545,2021,113,15,45,NA,NA,T,NA,NA,NA,NA,20211131545
373,2021113,1845,2021,113,18,45,NA,NA,A,NA,NA,NA,NA,20211131845
374,2021114,1450,2021,114,14,50,NA,NA,T,NA,NA,NA,NA,20211141450
375,2021114,1630,2021,114,16,30,NA,NA,T,NA,NA,NA,NA,20211141630
376,2021114,1750,2021,114,17,50,NA,NA,A,NA,NA,NA,NA,20211141750
377,2021114,1925,2021,114,19,25,NA,NA,A,NA,NA,NA,NA,20211141925
378,2021114,1930,2021,114,19,30,NA,NA,A,NA,NA,NA,NA,20211141930
379,2021115,1535,2021,115,15,35,NA,NA,T,NA,NA,NA,NA,20211151535
380,2021115,1830,2021,115,18,30,NA,NA,A,NA,NA,NA,NA,20211151830
381,2021115,1835,2021,115,18,35,NA,NA,A,NA,NA,NA,NA,20211151835
382,2021116,1440,2021,116,14,40,NA,NA,T,NA,NA,NA,NA,20211161440
383,2021116,1615,2021,116,16,15,NA,NA,T,NA,NA,NA,NA,20211161615
384,2021116,1735,2021,116,17,35,NA,NA,A,NA,NA,NA,NA,20211161735
385,2021116,1915,2021,116,19,15,NA,NA,A,NA,NA,NA,NA,20211161915
386,2021117,1520,2021,117,15,20,NA,NA,T,NA,NA,NA,NA,20211171520
387,2021117,1820,2021,117,18,20,NA,NA,A,NA,NA,NA,NA,20211171820
388,2021118,1425,2021,118,14,25,NA,NA,T,NA,NA,NA,NA,20211181425
389,2021118,1605,2021,118,16,5,NA,NA,T,NA,NA,NA,NA,20211181605
390,2021118,1900,2021,118,19,0,NA,NA,A,NA,NA,NA,NA,20211181900
391,2021118,1905,2021,118,19,5,NA,NA,A,NA,NA,NA,NA,20211181905
392,2021119,1510,2021,119,15,10,NA,NA,T,NA,NA,NA,NA,20211191510
393,2021119,1805,2021,119,18,5,NA,NA,A,NA,NA,NA,NA,20211191805
394,2021119,1810,2021,119,18,10,NA,NA,A,NA,NA,NA,NA,20211191810
395,2021120,1550,2021,120,15,50,NA,NA,T,NA,NA,NA,NA,20211201550
396,2021120,1850,2021,120,18,50,NA,NA,A,NA,NA,NA,NA,20211201850
397,2021120,1855,2021,120,18,55,NA,NA,A,NA,NA,NA,NA,20211201855
398,2021121,1455,2021,121,14,55,NA,NA,T,NA,NA,NA,NA,20211211455
399,2021121,1635,2021,121,16,35,NA,NA,T,NA,NA,NA,NA,20211211635
400,2021121,1755,2021,121,17,55,NA,NA,A,NA,NA,NA,NA,20211211755
401,2021121,1935,2021,121,19,35,NA,NA,A,NA,NA,NA,NA,20211211935
402,2021122,1540,2021,122,15,40,NA,NA,T,NA,NA,NA,NA,20211221540
403,2021122,1840,2021,122,18,40,NA,NA,A,NA,NA,NA,NA,20211221840
404,2021123,1445,2021,123,14,45,NA,NA,T,NA,NA,NA,NA,20211231445
405,2021123,1620,2021,123,16,20,NA,NA,T,NA,NA,NA,NA,20211231620
406,2021123,1740,2021,123,17,40,NA,NA,A,NA,NA,NA,NA,20211231740
407,2021123,1920,2021,123,19,20,NA,NA,A,NA,NA,NA,NA,20211231920
408,2021123,1925,2021,123,19,25,NA,NA,A,NA,NA,NA,NA,20211231925
409,2021124,1525,2021,124,15,25,NA,NA,T,NA,NA,NA,NA,20211241525
410,2021124,1825,2021,124,18,25,NA,NA,A,NA,NA,NA,NA,20211241825
411,2021124,1830,2021,124,18,30,NA,NA,A,NA,NA,NA,NA,20211241830
412,2021125,1430,2021,125,14,30,NA,NA,T,NA,NA,NA,NA,20211251430
413,2021125,1610,2021,125,16,10,NA,NA,T,NA,NA,NA,NA,20211251610
414,2021125,1730,2021,125,17,30,NA,NA,A,NA,NA,NA,NA,20211251730
415,2021125,1910,2021,125,19,10,NA,NA,A,NA,NA,NA,NA,20211251910
416,2021126,1515,2021,126,15,15,NA,NA,T,NA,NA,NA,NA,20211261515
417,2021126,1815,2021,126,18,15,NA,NA,A,NA,NA,NA,NA,20211261815
418,2021127,1600,2021,127,16,0,6.262499999,-75.57180326,T,0.3575,0.25,0.0215,0,20211271600
419,2021127,1855,2021,127,18,55,NA,NA,A,NA,NA,NA,NA,20211271855
420,2021127,1900,2021,127,19,0,NA,NA,A,NA,NA,NA,NA,20211271900
421,2021128,1505,2021,128,15,5,NA,NA,T,NA,NA,NA,NA,20211281505
422,2021128,1640,2021,128,16,40,NA,NA,T,NA,NA,NA,NA,20211281640
423,2021128,1800,2021,128,18,0,NA,NA,A,NA,NA,NA,NA,20211281800
424,2021128,1805,2021,128,18,5,NA,NA,A,NA,NA,NA,NA,20211281805
425,2021129,1545,2021,129,15,45,NA,NA,T,NA,NA,NA,NA,20211291545
426,2021129,1845,2021,129,18,45,NA,NA,A,NA,NA,NA,NA,20211291845
427,2021130,1450,2021,130,14,50,NA,NA,T,NA,NA,NA,NA,20211301450
428,2021130,1630,2021,130,16,30,NA,NA,T,NA,NA,NA,NA,20211301630
429,2021130,1750,2021,130,17,50,NA,NA,A,NA,NA,NA,NA,20211301750
430,2021130,1925,2021,130,19,25,NA,NA,A,NA,NA,NA,NA,20211301925
431,2021130,1930,2021,130,19,30,NA,NA,A,NA,NA,NA,NA,20211301930
432,2021131,1535,2021,131,15,35,NA,NA,T,NA,NA,NA,NA,20211311535
433,2021131,1830,2021,131,18,30,NA,NA,A,NA,NA,NA,NA,20211311830
434,2021131,1835,2021,131,18,35,NA,NA,A,NA,NA,NA,NA,20211311835
435,2021132,1440,2021,132,14,40,NA,NA,T,NA,NA,NA,NA,20211321440
436,2021132,1615,2021,132,16,15,NA,NA,T,NA,NA,NA,NA,20211321615
437,2021132,1735,2021,132,17,35,NA,NA,A,NA,NA,NA,NA,20211321735
438,2021132,1915,2021,132,19,15,NA,NA,A,NA,NA,NA,NA,20211321915
439,2021133,1520,2021,133,15,20,NA,NA,T,NA,NA,NA,NA,20211331520
440,2021133,1820,2021,133,18,20,NA,NA,A,NA,NA,NA,NA,20211331820
441,2021134,1425,2021,134,14,25,NA,NA,T,NA,NA,NA,NA,20211341425
442,2021134,1605,2021,134,16,5,NA,NA,T,NA,NA,NA,NA,20211341605
443,2021134,1900,2021,134,19,0,NA,NA,A,NA,NA,NA,NA,20211341900
444,2021134,1905,2021,134,19,5,NA,NA,A,NA,NA,NA,NA,20211341905
445,2021135,1510,2021,135,15,10,NA,NA,T,NA,NA,NA,NA,20211351510
446,2021135,1805,2021,135,18,5,NA,NA,A,NA,NA,NA,NA,20211351805
447,2021135,1810,2021,135,18,10,NA,NA,A,NA,NA,NA,NA,20211351810
448,2021136,1550,2021,136,15,50,NA,NA,T,NA,NA,NA,NA,20211361550
449,2021136,1850,2021,136,18,50,NA,NA,A,NA,NA,NA,NA,20211361850
450,2021136,1855,2021,136,18,55,NA,NA,A,NA,NA,NA,NA,20211361855
451,2021137,1455,2021,137,14,55,NA,NA,T,NA,NA,NA,NA,20211371455
452,2021137,1635,2021,137,16,35,NA,NA,T,NA,NA,NA,NA,20211371635
453,2021137,1755,2021,137,17,55,NA,NA,A,NA,NA,NA,NA,20211371755
454,2021137,1935,2021,137,19,35,NA,NA,A,NA,NA,NA,NA,20211371935
455,2021138,1540,2021,138,15,40,NA,NA,T,NA,NA,NA,NA,20211381540
456,2021138,1835,2021,138,18,35,NA,NA,A,NA,NA,NA,NA,20211381835
457,2021138,1840,2021,138,18,40,NA,NA,A,NA,NA,NA,NA,20211381840
458,2021139,1445,2021,139,14,45,NA,NA,T,NA,NA,NA,NA,20211391445
459,2021139,1620,2021,139,16,20,NA,NA,T,NA,NA,NA,NA,20211391620
460,2021139,1740,2021,139,17,40,NA,NA,A,NA,NA,NA,NA,20211391740
461,2021139,1920,2021,139,19,20,NA,NA,A,NA,NA,NA,NA,20211391920
462,2021139,1925,2021,139,19,25,NA,NA,A,NA,NA,NA,NA,20211391925
463,2021140,1525,2021,140,15,25,NA,NA,T,NA,NA,NA,NA,20211401525
464,2021140,1825,2021,140,18,25,NA,NA,A,NA,NA,NA,NA,20211401825
465,2021140,1830,2021,140,18,30,NA,NA,A,NA,NA,NA,NA,20211401830
466,2021141,1430,2021,141,14,30,NA,NA,T,NA,NA,NA,NA,20211411430
467,2021141,1610,2021,141,16,10,NA,NA,T,NA,NA,NA,NA,20211411610
468,2021141,1730,2021,141,17,30,NA,NA,A,NA,NA,NA,NA,20211411730
469,2021141,1910,2021,141,19,10,NA,NA,A,NA,NA,NA,NA,20211411910
470,2021142,1515,2021,142,15,15,NA,NA,T,NA,NA,NA,NA,20211421515
471,2021142,1815,2021,142,18,15,NA,NA,A,NA,NA,NA,NA,20211421815
472,2021143,1600,2021,143,16,0,NA,NA,T,NA,NA,NA,NA,20211431600
473,2021143,1855,2021,143,18,55,NA,NA,A,NA,NA,NA,NA,20211431855
474,2021143,1900,2021,143,19,0,NA,NA,A,NA,NA,NA,NA,20211431900
475,2021144,1500,2021,144,15,0,NA,NA,T,NA,NA,NA,NA,20211441500
476,2021144,1640,2021,144,16,40,NA,NA,T,NA,NA,NA,NA,20211441640
477,2021144,1800,2021,144,18,0,NA,NA,A,NA,NA,NA,NA,20211441800
478,2021144,1805,2021,144,18,5,NA,NA,A,NA,NA,NA,NA,20211441805
479,2021145,1545,2021,145,15,45,NA,NA,T,NA,NA,NA,NA,20211451545
480,2021145,1845,2021,145,18,45,NA,NA,A,NA,NA,NA,NA,20211451845
481,2021146,1450,2021,146,14,50,NA,NA,T,NA,NA,NA,NA,20211461450
482,2021146,1630,2021,146,16,30,NA,NA,T,NA,NA,NA,NA,20211461630
483,2021146,1750,2021,146,17,50,NA,NA,A,NA,NA,NA,NA,20211461750
484,2021146,1925,2021,146,19,25,NA,NA,A,NA,NA,NA,NA,20211461925
485,2021146,1930,2021,146,19,30,NA,NA,A,NA,NA,NA,NA,20211461930
486,2021147,1535,2021,147,15,35,NA,NA,T,NA,NA,NA,NA,20211471535
487,2021147,1830,2021,147,18,30,NA,NA,A,NA,NA,NA,NA,20211471830
488,2021147,1835,2021,147,18,35,NA,NA,A,NA,NA,NA,NA,20211471835
489,2021148,1440,2021,148,14,40,NA,NA,T,NA,NA,NA,NA,20211481440
490,2021148,1615,2021,148,16,15,NA,NA,T,NA,NA,NA,NA,20211481615
491,2021148,1735,2021,148,17,35,NA,NA,A,NA,NA,NA,NA,20211481735
492,2021148,1915,2021,148,19,15,NA,NA,A,NA,NA,NA,NA,20211481915
493,2021149,1520,2021,149,15,20,NA,NA,T,NA,NA,NA,NA,20211491520
494,2021149,1820,2021,149,18,20,NA,NA,A,NA,NA,NA,NA,20211491820
495,2021150,1425,2021,150,14,25,NA,NA,T,NA,NA,NA,NA,20211501425
496,2021150,1605,2021,150,16,5,NA,NA,T,NA,NA,NA,NA,20211501605
497,2021150,1900,2021,150,19,0,NA,NA,A,NA,NA,NA,NA,20211501900
498,2021150,1905,2021,150,19,5,NA,NA,A,NA,NA,NA,NA,20211501905
499,2021151,1510,2021,151,15,10,NA,NA,T,NA,NA,NA,NA,20211511510
500,2021151,1805,2021,151,18,5,NA,NA,A,NA,NA,NA,NA,20211511805
501,2021151,1810,2021,151,18,10,NA,NA,A,NA,NA,NA,NA,20211511810
502,2021152,1550,2021,152,15,50,NA,NA,T,NA,NA,NA,NA,20211521550
503,2021152,1850,2021,152,18,50,NA,NA,A,NA,NA,NA,NA,20211521850
504,2021152,1855,2021,152,18,55,NA,NA,A,NA,NA,NA,NA,20211521855
505,2021153,1455,2021,153,14,55,NA,NA,T,NA,NA,NA,NA,20211531455
506,2021153,1635,2021,153,16,35,NA,NA,T,NA,NA,NA,NA,20211531635
507,2021153,1755,2021,153,17,55,NA,NA,A,NA,NA,NA,NA,20211531755
508,2021153,1935,2021,153,19,35,NA,NA,A,NA,NA,NA,NA,20211531935
509,2021154,1540,2021,154,15,40,NA,NA,T,NA,NA,NA,NA,20211541540
510,2021154,1835,2021,154,18,35,NA,NA,A,NA,NA,NA,NA,20211541835
511,2021154,1840,2021,154,18,40,NA,NA,A,NA,NA,NA,NA,20211541840
512,2021155,1445,2021,155,14,45,NA,NA,T,NA,NA,NA,NA,20211551445
513,2021155,1620,2021,155,16,20,NA,NA,T,NA,NA,NA,NA,20211551620
514,2021155,1740,2021,155,17,40,NA,NA,A,NA,NA,NA,NA,20211551740
515,2021155,1920,2021,155,19,20,NA,NA,A,NA,NA,NA,NA,20211551920
516,2021155,1925,2021,155,19,25,NA,NA,A,NA,NA,NA,NA,20211551925
517,2021156,1525,2021,156,15,25,NA,NA,T,NA,NA,NA,NA,20211561525
518,2021156,1825,2021,156,18,25,NA,NA,A,NA,NA,NA,NA,20211561825
519,2021156,1830,2021,156,18,30,NA,NA,A,NA,NA,NA,NA,20211561830
520,2021157,1430,2021,157,14,30,NA,NA,T,NA,NA,NA,NA,20211571430
521,2021157,1610,2021,157,16,10,NA,NA,T,NA,NA,NA,NA,20211571610
522,2021157,1730,2021,157,17,30,NA,NA,A,NA,NA,NA,NA,20211571730
523,2021157,1910,2021,157,19,10,NA,NA,A,NA,NA,NA,NA,20211571910
524,2021158,1515,2021,158,15,15,NA,NA,T,NA,NA,NA,NA,20211581515
525,2021158,1815,2021,158,18,15,NA,NA,A,NA,NA,NA,NA,20211581815
526,2021159,1555,2021,159,15,55,NA,NA,T,NA,NA,NA,NA,20211591555
527,2021159,1855,2021,159,18,55,NA,NA,A,NA,NA,NA,NA,20211591855
528,2021159,1900,2021,159,19,0,NA,NA,A,NA,NA,NA,NA,20211591900
529,2021160,1500,2021,160,15,0,NA,NA,T,NA,NA,NA,NA,20211601500
530,2021160,1640,2021,160,16,40,NA,NA,T,NA,NA,NA,NA,20211601640
531,2021160,1800,2021,160,18,0,NA,NA,A,NA,NA,NA,NA,20211601800
532,2021160,1805,2021,160,18,5,NA,NA,A,NA,NA,NA,NA,20211601805
533,2021161,1545,2021,161,15,45,NA,NA,T,NA,NA,NA,NA,20211611545
534,2021161,1845,2021,161,18,45,NA,NA,A,NA,NA,NA,NA,20211611845
535,2021162,1450,2021,162,14,50,NA,NA,T,NA,NA,NA,NA,20211621450
536,2021162,1630,2021,162,16,30,NA,NA,T,NA,NA,NA,NA,20211621630
537,2021162,1750,2021,162,17,50,NA,NA,A,NA,NA,NA,NA,20211621750
538,2021162,1925,2021,162,19,25,NA,NA,A,NA,NA,NA,NA,20211621925
539,2021162,1930,2021,162,19,30,NA,NA,A,NA,NA,NA,NA,20211621930
540,2021163,1535,2021,163,15,35,NA,NA,T,NA,NA,NA,NA,20211631535
541,2021163,1830,2021,163,18,30,NA,NA,A,NA,NA,NA,NA,20211631830
542,2021163,1835,2021,163,18,35,NA,NA,A,NA,NA,NA,NA,20211631835
543,2021164,1435,2021,164,14,35,NA,NA,T,NA,NA,NA,NA,20211641435
544,2021164,1615,2021,164,16,15,NA,NA,T,NA,NA,NA,NA,20211641615
545,2021164,1735,2021,164,17,35,NA,NA,A,NA,NA,NA,NA,20211641735
546,2021164,1915,2021,164,19,15,NA,NA,A,NA,NA,NA,NA,20211641915
547,2021165,1520,2021,165,15,20,NA,NA,T,NA,NA,NA,NA,20211651520
548,2021165,1820,2021,165,18,20,NA,NA,A,NA,NA,NA,NA,20211651820
549,2021166,1425,2021,166,14,25,NA,NA,T,NA,NA,NA,NA,20211661425
550,2021166,1605,2021,166,16,5,NA,NA,T,NA,NA,NA,NA,20211661605
551,2021166,1900,2021,166,19,0,NA,NA,A,NA,NA,NA,NA,20211661900
552,2021166,1905,2021,166,19,5,NA,NA,A,NA,NA,NA,NA,20211661905
553,2021167,1510,2021,167,15,10,NA,NA,T,NA,NA,NA,NA,20211671510
554,2021167,1805,2021,167,18,5,NA,NA,A,NA,NA,NA,NA,20211671805
555,2021167,1810,2021,167,18,10,NA,NA,A,NA,NA,NA,NA,20211671810
556,2021168,1550,2021,168,15,50,NA,NA,T,NA,NA,NA,NA,20211681550
557,2021168,1850,2021,168,18,50,NA,NA,A,NA,NA,NA,NA,20211681850
558,2021168,1855,2021,168,18,55,NA,NA,A,NA,NA,NA,NA,20211681855
559,2021169,1455,2021,169,14,55,NA,NA,T,NA,NA,NA,NA,20211691455
560,2021169,1630,2021,169,16,30,NA,NA,T,NA,NA,NA,NA,20211691630
561,2021169,1755,2021,169,17,55,NA,NA,A,NA,NA,NA,NA,20211691755
562,2021169,1935,2021,169,19,35,NA,NA,A,NA,NA,NA,NA,20211691935
563,2021170,1540,2021,170,15,40,NA,NA,T,NA,NA,NA,NA,20211701540
564,2021170,1835,2021,170,18,35,NA,NA,A,NA,NA,NA,NA,20211701835
565,2021170,1840,2021,170,18,40,NA,NA,A,NA,NA,NA,NA,20211701840
566,2021171,1445,2021,171,14,45,NA,NA,T,NA,NA,NA,NA,20211711445
567,2021171,1620,2021,171,16,20,NA,NA,T,NA,NA,NA,NA,20211711620
568,2021171,1740,2021,171,17,40,NA,NA,A,NA,NA,NA,NA,20211711740
569,2021171,1920,2021,171,19,20,NA,NA,A,NA,NA,NA,NA,20211711920
570,2021171,1925,2021,171,19,25,NA,NA,A,NA,NA,NA,NA,20211711925
571,2021172,1525,2021,172,15,25,NA,NA,T,NA,NA,NA,NA,20211721525
572,2021172,1825,2021,172,18,25,NA,NA,A,NA,NA,NA,NA,20211721825
573,2021172,1830,2021,172,18,30,NA,NA,A,NA,NA,NA,NA,20211721830
574,2021173,1430,2021,173,14,30,NA,NA,T,NA,NA,NA,NA,20211731430
575,2021173,1610,2021,173,16,10,NA,NA,T,NA,NA,NA,NA,20211731610
576,2021173,1730,2021,173,17,30,NA,NA,A,NA,NA,NA,NA,20211731730
577,2021173,1910,2021,173,19,10,NA,NA,A,NA,NA,NA,NA,20211731910
578,2021174,1515,2021,174,15,15,NA,NA,T,NA,NA,NA,NA,20211741515
579,2021174,1815,2021,174,18,15,NA,NA,A,NA,NA,NA,NA,20211741815
580,2021175,1555,2021,175,15,55,NA,NA,T,NA,NA,NA,NA,20211751555
581,2021175,1855,2021,175,18,55,NA,NA,A,NA,NA,NA,NA,20211751855
582,2021175,1900,2021,175,19,0,NA,NA,A,NA,NA,NA,NA,20211751900
583,2021176,1500,2021,176,15,0,NA,NA,T,NA,NA,NA,NA,20211761500
584,2021176,1635,2021,176,16,35,NA,NA,T,NA,NA,NA,NA,20211761635
585,2021176,1800,2021,176,18,0,NA,NA,A,NA,NA,NA,NA,20211761800
586,2021176,1805,2021,176,18,5,NA,NA,A,NA,NA,NA,NA,20211761805
587,2021177,1545,2021,177,15,45,NA,NA,T,NA,NA,NA,NA,20211771545
588,2021177,1845,2021,177,18,45,NA,NA,A,NA,NA,NA,NA,20211771845
589,2021178,1450,2021,178,14,50,NA,NA,T,NA,NA,NA,NA,20211781450
590,2021178,1630,2021,178,16,30,NA,NA,T,NA,NA,NA,NA,20211781630
591,2021178,1750,2021,178,17,50,NA,NA,A,NA,NA,NA,NA,20211781750
592,2021178,1925,2021,178,19,25,NA,NA,A,NA,NA,NA,NA,20211781925
593,2021178,1930,2021,178,19,30,NA,NA,A,NA,NA,NA,NA,20211781930
594,2021179,1530,2021,179,15,30,NA,NA,T,NA,NA,NA,NA,20211791530
595,2021179,1830,2021,179,18,30,NA,NA,A,NA,NA,NA,NA,20211791830
596,2021179,1835,2021,179,18,35,NA,NA,A,NA,NA,NA,NA,20211791835
597,2021180,1435,2021,180,14,35,NA,NA,T,NA,NA,NA,NA,20211801435
598,2021180,1615,2021,180,16,15,NA,NA,T,NA,NA,NA,NA,20211801615
599,2021180,1735,2021,180,17,35,NA,NA,A,NA,NA,NA,NA,20211801735
600,2021180,1915,2021,180,19,15,NA,NA,A,NA,NA,NA,NA,20211801915
601,2021181,1520,2021,181,15,20,NA,NA,T,NA,NA,NA,NA,20211811520
602,2021181,1820,2021,181,18,20,NA,NA,A,NA,NA,NA,NA,20211811820
603,2021182,1425,2021,182,14,25,NA,NA,T,NA,NA,NA,NA,20211821425
604,2021182,1605,2021,182,16,5,NA,NA,T,NA,NA,NA,NA,20211821605
605,2021182,1900,2021,182,19,0,NA,NA,A,NA,NA,NA,NA,20211821900
606,2021182,1905,2021,182,19,5,NA,NA,A,NA,NA,NA,NA,20211821905
607,2021183,1510,2021,183,15,10,NA,NA,T,NA,NA,NA,NA,20211831510
608,2021183,1805,2021,183,18,5,NA,NA,A,NA,NA,NA,NA,20211831805
609,2021183,1810,2021,183,18,10,NA,NA,A,NA,NA,NA,NA,20211831810
610,2021184,1550,2021,184,15,50,NA,NA,T,NA,NA,NA,NA,20211841550
611,2021184,1850,2021,184,18,50,NA,NA,A,NA,NA,NA,NA,20211841850
612,2021184,1855,2021,184,18,55,NA,NA,A,NA,NA,NA,NA,20211841855
613,2021185,1455,2021,185,14,55,NA,NA,T,NA,NA,NA,NA,20211851455
614,2021185,1630,2021,185,16,30,NA,NA,T,NA,NA,NA,NA,20211851630
615,2021185,1755,2021,185,17,55,NA,NA,A,NA,NA,NA,NA,20211851755
616,2021185,1935,2021,185,19,35,NA,NA,A,NA,NA,NA,NA,20211851935
617,2021186,1540,2021,186,15,40,NA,NA,T,NA,NA,NA,NA,20211861540
618,2021186,1835,2021,186,18,35,NA,NA,A,NA,NA,NA,NA,20211861835
619,2021186,1840,2021,186,18,40,NA,NA,A,NA,NA,NA,NA,20211861840
620,2021187,1445,2021,187,14,45,NA,NA,T,NA,NA,NA,NA,20211871445
621,2021187,1620,2021,187,16,20,NA,NA,T,NA,NA,NA,NA,20211871620
622,2021187,1740,2021,187,17,40,NA,NA,A,NA,NA,NA,NA,20211871740
623,2021187,1920,2021,187,19,20,NA,NA,A,NA,NA,NA,NA,20211871920
624,2021187,1925,2021,187,19,25,NA,NA,A,NA,NA,NA,NA,20211871925
625,2021188,1525,2021,188,15,25,NA,NA,T,NA,NA,NA,NA,20211881525
626,2021188,1825,2021,188,18,25,NA,NA,A,NA,NA,NA,NA,20211881825
627,2021188,1830,2021,188,18,30,NA,NA,A,NA,NA,NA,NA,20211881830
628,2021189,1430,2021,189,14,30,NA,NA,T,NA,NA,NA,NA,20211891430
629,2021189,1610,2021,189,16,10,NA,NA,T,NA,NA,NA,NA,20211891610
630,2021189,1730,2021,189,17,30,NA,NA,A,NA,NA,NA,NA,20211891730
631,2021189,1910,2021,189,19,10,NA,NA,A,NA,NA,NA,NA,20211891910
632,2021190,1515,2021,190,15,15,NA,NA,T,NA,NA,NA,NA,20211901515
633,2021190,1815,2021,190,18,15,NA,NA,A,NA,NA,NA,NA,20211901815
634,2021191,1555,2021,191,15,55,NA,NA,T,NA,NA,NA,NA,20211911555
635,2021191,1855,2021,191,18,55,NA,NA,A,NA,NA,NA,NA,20211911855
636,2021191,1900,2021,191,19,0,NA,NA,A,NA,NA,NA,NA,20211911900
637,2021192,1500,2021,192,15,0,NA,NA,T,NA,NA,NA,NA,20211921500
638,2021192,1635,2021,192,16,35,NA,NA,T,NA,NA,NA,NA,20211921635
639,2021192,1800,2021,192,18,0,NA,NA,A,NA,NA,NA,NA,20211921800
640,2021192,1805,2021,192,18,5,NA,NA,A,NA,NA,NA,NA,20211921805
641,2021193,1545,2021,193,15,45,NA,NA,T,NA,NA,NA,NA,20211931545
642,2021193,1845,2021,193,18,45,NA,NA,A,NA,NA,NA,NA,20211931845
643,2021194,1450,2021,194,14,50,NA,NA,T,NA,NA,NA,NA,20211941450
644,2021194,1625,2021,194,16,25,NA,NA,T,NA,NA,NA,NA,20211941625
645,2021194,1750,2021,194,17,50,NA,NA,A,NA,NA,NA,NA,20211941750
646,2021194,1925,2021,194,19,25,NA,NA,A,NA,NA,NA,NA,20211941925
647,2021194,1930,2021,194,19,30,NA,NA,A,NA,NA,NA,NA,20211941930
648,2021195,1530,2021,195,15,30,NA,NA,T,NA,NA,NA,NA,20211951530
649,2021195,1830,2021,195,18,30,NA,NA,A,NA,NA,NA,NA,20211951830
650,2021195,1835,2021,195,18,35,NA,NA,A,NA,NA,NA,NA,20211951835
651,2021196,1435,2021,196,14,35,NA,NA,T,NA,NA,NA,NA,20211961435
652,2021196,1615,2021,196,16,15,6.262499999,-75.58018662,T,0.043,0.02925,0.01,0,20211961615
653,2021196,1735,2021,196,17,35,NA,NA,A,NA,NA,NA,NA,20211961735
654,2021196,1915,2021,196,19,15,NA,NA,A,NA,NA,NA,NA,20211961915
655,2021197,1520,2021,197,15,20,NA,NA,T,NA,NA,NA,NA,20211971520
656,2021197,1820,2021,197,18,20,NA,NA,A,NA,NA,NA,NA,20211971820
657,2021198,1425,2021,198,14,25,NA,NA,T,NA,NA,NA,NA,20211981425
658,2021198,1605,2021,198,16,5,6.262499999,-75.58018662,T,0.13125,0.09025,0.015,0,20211981605
659,2021198,1900,2021,198,19,0,NA,NA,A,NA,NA,NA,NA,20211981900
660,2021198,1905,2021,198,19,5,NA,NA,A,NA,NA,NA,NA,20211981905
661,2021199,1510,2021,199,15,10,6.254166666,-75.57898112,T,0.166,0.114,0.0285,0,20211991510
662,2021199,1805,2021,199,18,5,NA,NA,A,NA,NA,NA,NA,20211991805
663,2021199,1810,2021,199,18,10,NA,NA,A,NA,NA,NA,NA,20211991810
664,2021200,1550,2021,200,15,50,NA,NA,T,NA,NA,NA,NA,20212001550
665,2021200,1850,2021,200,18,50,NA,NA,A,NA,NA,NA,NA,20212001850
666,2021200,1855,2021,200,18,55,NA,NA,A,NA,NA,NA,NA,20212001855
667,2021201,1455,2021,201,14,55,NA,NA,T,NA,NA,NA,NA,20212011455
668,2021201,1630,2021,201,16,30,NA,NA,T,NA,NA,NA,NA,20212011630
669,2021201,1755,2021,201,17,55,NA,NA,A,NA,NA,NA,NA,20212011755
670,2021201,1935,2021,201,19,35,NA,NA,A,NA,NA,NA,NA,20212011935
671,2021202,1535,2021,202,15,35,NA,NA,T,NA,NA,NA,NA,20212021535
672,2021202,1840,2021,202,18,40,NA,NA,A,NA,NA,NA,NA,20212021840
673,2021203,1445,2021,203,14,45,NA,NA,T,NA,NA,NA,NA,20212031445
674,2021203,1620,2021,203,16,20,NA,NA,T,NA,NA,NA,NA,20212031620
675,2021203,1740,2021,203,17,40,NA,NA,A,NA,NA,NA,NA,20212031740
676,2021203,1920,2021,203,19,20,NA,NA,A,NA,NA,NA,NA,20212031920
677,2021203,1925,2021,203,19,25,NA,NA,A,NA,NA,NA,NA,20212031925
678,2021204,1525,2021,204,15,25,NA,NA,T,NA,NA,NA,NA,20212041525
679,2021204,1825,2021,204,18,25,NA,NA,A,NA,NA,NA,NA,20212041825
680,2021204,1830,2021,204,18,30,NA,NA,A,NA,NA,NA,NA,20212041830
681,2021205,1430,2021,205,14,30,NA,NA,T,NA,NA,NA,NA,20212051430
682,2021205,1610,2021,205,16,10,NA,NA,T,NA,NA,NA,NA,20212051610
683,2021205,1730,2021,205,17,30,NA,NA,A,NA,NA,NA,NA,20212051730
684,2021205,1910,2021,205,19,10,NA,NA,A,NA,NA,NA,NA,20212051910
685,2021206,1515,2021,206,15,15,NA,NA,T,NA,NA,NA,NA,20212061515
686,2021206,1815,2021,206,18,15,NA,NA,A,NA,NA,NA,NA,20212061815
687,2021207,1555,2021,207,15,55,NA,NA,T,NA,NA,NA,NA,20212071555
688,2021207,1855,2021,207,18,55,NA,NA,A,NA,NA,NA,NA,20212071855
689,2021207,1900,2021,207,19,0,NA,NA,A,NA,NA,NA,NA,20212071900
690,2021208,1500,2021,208,15,0,NA,NA,T,NA,NA,NA,NA,20212081500
691,2021208,1635,2021,208,16,35,NA,NA,T,NA,NA,NA,NA,20212081635
692,2021208,1800,2021,208,18,0,NA,NA,A,NA,NA,NA,NA,20212081800
693,2021208,1805,2021,208,18,5,NA,NA,A,NA,NA,NA,NA,20212081805
694,2021209,1545,2021,209,15,45,NA,NA,T,NA,NA,NA,NA,20212091545
695,2021209,1845,2021,209,18,45,NA,NA,A,NA,NA,NA,NA,20212091845
696,2021210,1450,2021,210,14,50,NA,NA,T,NA,NA,NA,NA,20212101450
697,2021210,1625,2021,210,16,25,NA,NA,T,NA,NA,NA,NA,20212101625
698,2021210,1750,2021,210,17,50,NA,NA,A,NA,NA,NA,NA,20212101750
699,2021210,1925,2021,210,19,25,NA,NA,A,NA,NA,NA,NA,20212101925
700,2021210,1930,2021,210,19,30,NA,NA,A,NA,NA,NA,NA,20212101930
701,2021211,1530,2021,211,15,30,NA,NA,T,NA,NA,NA,NA,20212111530
702,2021211,1830,2021,211,18,30,NA,NA,A,NA,NA,NA,NA,20212111830
703,2021211,1835,2021,211,18,35,NA,NA,A,NA,NA,NA,NA,20212111835
704,2021212,1435,2021,212,14,35,NA,NA,T,NA,NA,NA,NA,20212121435
705,2021212,1615,2021,212,16,15,NA,NA,T,NA,NA,NA,NA,20212121615
706,2021212,1735,2021,212,17,35,NA,NA,A,NA,NA,NA,NA,20212121735
707,2021212,1915,2021,212,19,15,NA,NA,A,NA,NA,NA,NA,20212121915
708,2021213,1520,2021,213,15,20,NA,NA,T,NA,NA,NA,NA,20212131520
709,2021213,1820,2021,213,18,20,NA,NA,A,NA,NA,NA,NA,20212131820
710,2021214,1425,2021,214,14,25,NA,NA,T,NA,NA,NA,NA,20212141425
711,2021214,1600,2021,214,16,0,NA,NA,T,NA,NA,NA,NA,20212141600
712,2021214,1900,2021,214,19,0,NA,NA,A,NA,NA,NA,NA,20212141900
713,2021214,1905,2021,214,19,5,NA,NA,A,NA,NA,NA,NA,20212141905
714,2021215,1505,2021,215,15,5,NA,NA,T,NA,NA,NA,NA,20212151505
715,2021215,1805,2021,215,18,5,NA,NA,A,NA,NA,NA,NA,20212151805
716,2021215,1810,2021,215,18,10,NA,NA,A,NA,NA,NA,NA,20212151810
717,2021216,1550,2021,216,15,50,NA,NA,T,NA,NA,NA,NA,20212161550
718,2021216,1850,2021,216,18,50,NA,NA,A,NA,NA,NA,NA,20212161850
719,2021216,1855,2021,216,18,55,NA,NA,A,NA,NA,NA,NA,20212161855
720,2021217,1455,2021,217,14,55,6.262499999,-75.58018662,T,0.02775,0.0185,0.0147,0,20212171455
721,2021217,1630,2021,217,16,30,NA,NA,T,NA,NA,NA,NA,20212171630
722,2021217,1755,2021,217,17,55,6.262499999,-75.58018662,A,0.0945,0.06475,0.0134,0,20212171755
723,2021217,1935,2021,217,19,35,NA,NA,A,NA,NA,NA,NA,20212171935
724,2021218,1540,2021,218,15,40,NA,NA,T,NA,NA,NA,NA,20212181540
725,2021218,1840,2021,218,18,40,NA,NA,A,NA,NA,NA,NA,20212181840
726,2021219,1445,2021,219,14,45,NA,NA,T,NA,NA,NA,NA,20212191445
727,2021219,1620,2021,219,16,20,NA,NA,T,NA,NA,NA,NA,20212191620
728,2021219,1740,2021,219,17,40,NA,NA,A,NA,NA,NA,NA,20212191740
729,2021219,1920,2021,219,19,20,NA,NA,A,NA,NA,NA,NA,20212191920
730,2021219,1925,2021,219,19,25,NA,NA,A,NA,NA,NA,NA,20212191925
731,2021220,1525,2021,220,15,25,NA,NA,T,NA,NA,NA,NA,20212201525
732,2021220,1825,2021,220,18,25,NA,NA,A,NA,NA,NA,NA,20212201825
733,2021220,1830,2021,220,18,30,NA,NA,A,NA,NA,NA,NA,20212201830
734,2021221,1430,2021,221,14,30,NA,NA,T,NA,NA,NA,NA,20212211430
735,2021221,1610,2021,221,16,10,6.254166666,-75.57898112,T,0.2355,0.1635,0.0131,0,20212211610
736,2021221,1730,2021,221,17,30,NA,NA,A,NA,NA,NA,NA,20212211730
737,2021221,1910,2021,221,19,10,NA,NA,A,NA,NA,NA,NA,20212211910
738,2021222,1515,2021,222,15,15,NA,NA,T,NA,NA,NA,NA,20212221515
739,2021222,1815,2021,222,18,15,NA,NA,A,NA,NA,NA,NA,20212221815
740,2021223,1555,2021,223,15,55,NA,NA,T,NA,NA,NA,NA,20212231555
741,2021223,1855,2021,223,18,55,NA,NA,A,NA,NA,NA,NA,20212231855
742,2021223,1900,2021,223,19,0,NA,NA,A,NA,NA,NA,NA,20212231900
743,2021224,1500,2021,224,15,0,NA,NA,T,NA,NA,NA,NA,20212241500
744,2021224,1635,2021,224,16,35,NA,NA,T,NA,NA,NA,NA,20212241635
745,2021224,1800,2021,224,18,0,NA,NA,A,NA,NA,NA,NA,20212241800
746,2021224,1805,2021,224,18,5,NA,NA,A,NA,NA,NA,NA,20212241805
747,2021225,1545,2021,225,15,45,NA,NA,T,NA,NA,NA,NA,20212251545
748,2021225,1845,2021,225,18,45,NA,NA,A,NA,NA,NA,NA,20212251845
749,2021226,1450,2021,226,14,50,NA,NA,T,NA,NA,NA,NA,20212261450
750,2021226,1625,2021,226,16,25,NA,NA,T,NA,NA,NA,NA,20212261625
751,2021226,1750,2021,226,17,50,NA,NA,A,NA,NA,NA,NA,20212261750
752,2021226,1925,2021,226,19,25,NA,NA,A,NA,NA,NA,NA,20212261925
753,2021226,1930,2021,226,19,30,NA,NA,A,NA,NA,NA,NA,20212261930
754,2021227,1530,2021,227,15,30,NA,NA,T,NA,NA,NA,NA,20212271530
755,2021227,1830,2021,227,18,30,NA,NA,A,NA,NA,NA,NA,20212271830
756,2021227,1835,2021,227,18,35,NA,NA,A,NA,NA,NA,NA,20212271835
757,2021228,1435,2021,228,14,35,NA,NA,T,NA,NA,NA,NA,20212281435
758,2021228,1615,2021,228,16,15,NA,NA,T,NA,NA,NA,NA,20212281615
759,2021228,1735,2021,228,17,35,NA,NA,A,NA,NA,NA,NA,20212281735
760,2021228,1915,2021,228,19,15,NA,NA,A,NA,NA,NA,NA,20212281915
761,2021229,1520,2021,229,15,20,NA,NA,T,NA,NA,NA,NA,20212291520
762,2021229,1820,2021,229,18,20,NA,NA,A,NA,NA,NA,NA,20212291820
763,2021230,1425,2021,230,14,25,NA,NA,T,NA,NA,NA,NA,20212301425
764,2021230,1600,2021,230,16,0,NA,NA,T,NA,NA,NA,NA,20212301600
765,2021230,1900,2021,230,19,0,NA,NA,A,NA,NA,NA,NA,20212301900
766,2021230,1905,2021,230,19,5,NA,NA,A,NA,NA,NA,NA,20212301905
767,2021231,1505,2021,231,15,5,NA,NA,T,NA,NA,NA,NA,20212311505
768,2021231,1805,2021,231,18,5,NA,NA,A,NA,NA,NA,NA,20212311805
769,2021231,1810,2021,231,18,10,NA,NA,A,NA,NA,NA,NA,20212311810
770,2021232,1550,2021,232,15,50,NA,NA,T,NA,NA,NA,NA,20212321550
771,2021232,1850,2021,232,18,50,NA,NA,A,NA,NA,NA,NA,20212321850
772,2021232,1855,2021,232,18,55,NA,NA,A,NA,NA,NA,NA,20212321855
773,2021233,1455,2021,233,14,55,NA,NA,T,NA,NA,NA,NA,20212331455
774,2021233,1630,2021,233,16,30,NA,NA,T,NA,NA,NA,NA,20212331630
775,2021233,1755,2021,233,17,55,NA,NA,A,NA,NA,NA,NA,20212331755
776,2021233,1935,2021,233,19,35,NA,NA,A,NA,NA,NA,NA,20212331935
777,2021234,1540,2021,234,15,40,NA,NA,T,NA,NA,NA,NA,20212341540
778,2021234,1840,2021,234,18,40,NA,NA,A,NA,NA,NA,NA,20212341840
779,2021235,1440,2021,235,14,40,NA,NA,T,NA,NA,NA,NA,20212351440
780,2021235,1620,2021,235,16,20,NA,NA,T,NA,NA,NA,NA,20212351620
781,2021235,1740,2021,235,17,40,NA,NA,A,NA,NA,NA,NA,20212351740
782,2021235,1920,2021,235,19,20,NA,NA,A,NA,NA,NA,NA,20212351920
783,2021235,1925,2021,235,19,25,NA,NA,A,NA,NA,NA,NA,20212351925
784,2021236,1525,2021,236,15,25,NA,NA,T,NA,NA,NA,NA,20212361525
785,2021236,1825,2021,236,18,25,NA,NA,A,NA,NA,NA,NA,20212361825
786,2021236,1830,2021,236,18,30,NA,NA,A,NA,NA,NA,NA,20212361830
787,2021237,1430,2021,237,14,30,NA,NA,T,NA,NA,NA,NA,20212371430
788,2021237,1610,2021,237,16,10,NA,NA,T,NA,NA,NA,NA,20212371610
789,2021237,1730,2021,237,17,30,NA,NA,A,NA,NA,NA,NA,20212371730
790,2021237,1910,2021,237,19,10,NA,NA,A,NA,NA,NA,NA,20212371910
791,2021238,1515,2021,238,15,15,NA,NA,T,NA,NA,NA,NA,20212381515
792,2021238,1815,2021,238,18,15,NA,NA,A,NA,NA,NA,NA,20212381815
793,2021239,1555,2021,239,15,55,NA,NA,T,NA,NA,NA,NA,20212391555
794,2021239,1855,2021,239,18,55,NA,NA,A,NA,NA,NA,NA,20212391855
795,2021239,1900,2021,239,19,0,NA,NA,A,NA,NA,NA,NA,20212391900
796,2021240,1500,2021,240,15,0,NA,NA,T,NA,NA,NA,NA,20212401500
797,2021240,1635,2021,240,16,35,NA,NA,T,NA,NA,NA,NA,20212401635
798,2021240,1800,2021,240,18,0,NA,NA,A,NA,NA,NA,NA,20212401800
799,2021240,1805,2021,240,18,5,NA,NA,A,NA,NA,NA,NA,20212401805
800,2021241,1545,2021,241,15,45,NA,NA,T,NA,NA,NA,NA,20212411545
801,2021241,1845,2021,241,18,45,NA,NA,A,NA,NA,NA,NA,20212411845
802,2021242,1450,2021,242,14,50,NA,NA,T,NA,NA,NA,NA,20212421450
803,2021242,1625,2021,242,16,25,NA,NA,T,NA,NA,NA,NA,20212421625
804,2021242,1750,2021,242,17,50,NA,NA,A,NA,NA,NA,NA,20212421750
805,2021242,1925,2021,242,19,25,NA,NA,A,NA,NA,NA,NA,20212421925
806,2021242,1930,2021,242,19,30,NA,NA,A,NA,NA,NA,NA,20212421930
807,2021243,1530,2021,243,15,30,NA,NA,T,NA,NA,NA,NA,20212431530
808,2021243,1830,2021,243,18,30,NA,NA,A,NA,NA,NA,NA,20212431830
809,2021243,1835,2021,243,18,35,NA,NA,A,NA,NA,NA,NA,20212431835
810,2021244,1435,2021,244,14,35,NA,NA,T,NA,NA,NA,NA,20212441435
811,2021244,1615,2021,244,16,15,NA,NA,T,NA,NA,NA,NA,20212441615
812,2021244,1735,2021,244,17,35,NA,NA,A,NA,NA,NA,NA,20212441735
813,2021244,1915,2021,244,19,15,NA,NA,A,NA,NA,NA,NA,20212441915
814,2021245,1520,2021,245,15,20,NA,NA,T,NA,NA,NA,NA,20212451520
815,2021245,1820,2021,245,18,20,NA,NA,A,NA,NA,NA,NA,20212451820
816,2021246,1425,2021,246,14,25,NA,NA,T,NA,NA,NA,NA,20212461425
817,2021246,1600,2021,246,16,0,NA,NA,T,NA,NA,NA,NA,20212461600
818,2021246,1900,2021,246,19,0,NA,NA,A,NA,NA,NA,NA,20212461900
819,2021246,1905,2021,246,19,5,NA,NA,A,NA,NA,NA,NA,20212461905
820,2021247,1505,2021,247,15,5,NA,NA,T,NA,NA,NA,NA,20212471505
821,2021247,1805,2021,247,18,5,NA,NA,A,NA,NA,NA,NA,20212471805
822,2021247,1810,2021,247,18,10,NA,NA,A,NA,NA,NA,NA,20212471810
823,2021248,1550,2021,248,15,50,NA,NA,T,NA,NA,NA,NA,20212481550
824,2021248,1850,2021,248,18,50,NA,NA,A,NA,NA,NA,NA,20212481850
825,2021248,1855,2021,248,18,55,NA,NA,A,NA,NA,NA,NA,20212481855
826,2021249,1455,2021,249,14,55,NA,NA,T,NA,NA,NA,NA,20212491455
827,2021249,1630,2021,249,16,30,NA,NA,T,NA,NA,NA,NA,20212491630
828,2021249,1755,2021,249,17,55,NA,NA,A,NA,NA,NA,NA,20212491755
829,2021249,1935,2021,249,19,35,NA,NA,A,NA,NA,NA,NA,20212491935
830,2021250,1535,2021,250,15,35,NA,NA,T,NA,NA,NA,NA,20212501535
831,2021250,1840,2021,250,18,40,NA,NA,A,NA,NA,NA,NA,20212501840
832,2021251,1440,2021,251,14,40,NA,NA,T,NA,NA,NA,NA,20212511440
833,2021251,1620,2021,251,16,20,NA,NA,T,NA,NA,NA,NA,20212511620
834,2021251,1740,2021,251,17,40,NA,NA,A,NA,NA,NA,NA,20212511740
835,2021251,1920,2021,251,19,20,NA,NA,A,NA,NA,NA,NA,20212511920
836,2021251,1925,2021,251,19,25,NA,NA,A,NA,NA,NA,NA,20212511925
837,2021252,1525,2021,252,15,25,NA,NA,T,NA,NA,NA,NA,20212521525
838,2021252,1825,2021,252,18,25,NA,NA,A,NA,NA,NA,NA,20212521825
839,2021252,1830,2021,252,18,30,NA,NA,A,NA,NA,NA,NA,20212521830
840,2021253,1430,2021,253,14,30,NA,NA,T,NA,NA,NA,NA,20212531430
841,2021253,1610,2021,253,16,10,NA,NA,T,NA,NA,NA,NA,20212531610
842,2021253,1730,2021,253,17,30,NA,NA,A,NA,NA,NA,NA,20212531730
843,2021253,1910,2021,253,19,10,NA,NA,A,NA,NA,NA,NA,20212531910
844,2021254,1515,2021,254,15,15,NA,NA,T,NA,NA,NA,NA,20212541515
845,2021254,1815,2021,254,18,15,NA,NA,A,NA,NA,NA,NA,20212541815
846,2021255,1555,2021,255,15,55,NA,NA,T,NA,NA,NA,NA,20212551555
847,2021255,1855,2021,255,18,55,NA,NA,A,NA,NA,NA,NA,20212551855
848,2021255,1900,2021,255,19,0,NA,NA,A,NA,NA,NA,NA,20212551900
849,2021256,1500,2021,256,15,0,NA,NA,T,NA,NA,NA,NA,20212561500
850,2021256,1635,2021,256,16,35,NA,NA,T,NA,NA,NA,NA,20212561635
851,2021256,1800,2021,256,18,0,NA,NA,A,NA,NA,NA,NA,20212561800
852,2021256,1805,2021,256,18,5,NA,NA,A,NA,NA,NA,NA,20212561805
853,2021257,1545,2021,257,15,45,NA,NA,T,NA,NA,NA,NA,20212571545
854,2021257,1845,2021,257,18,45,NA,NA,A,NA,NA,NA,NA,20212571845
855,2021258,1450,2021,258,14,50,NA,NA,T,NA,NA,NA,NA,20212581450
856,2021258,1625,2021,258,16,25,NA,NA,T,NA,NA,NA,NA,20212581625
857,2021258,1750,2021,258,17,50,NA,NA,A,NA,NA,NA,NA,20212581750
858,2021258,1925,2021,258,19,25,NA,NA,A,NA,NA,NA,NA,20212581925
859,2021258,1930,2021,258,19,30,NA,NA,A,NA,NA,NA,NA,20212581930
860,2021259,1530,2021,259,15,30,NA,NA,T,NA,NA,NA,NA,20212591530
861,2021259,1830,2021,259,18,30,NA,NA,A,NA,NA,NA,NA,20212591830
862,2021259,1835,2021,259,18,35,NA,NA,A,NA,NA,NA,NA,20212591835
863,2021260,1435,2021,260,14,35,NA,NA,T,NA,NA,NA,NA,20212601435
864,2021260,1615,2021,260,16,15,NA,NA,T,NA,NA,NA,NA,20212601615
865,2021260,1735,2021,260,17,35,NA,NA,A,NA,NA,NA,NA,20212601735
866,2021260,1915,2021,260,19,15,NA,NA,A,NA,NA,NA,NA,20212601915
867,2021261,1520,2021,261,15,20,NA,NA,T,NA,NA,NA,NA,20212611520
868,2021261,1820,2021,261,18,20,NA,NA,A,NA,NA,NA,NA,20212611820
869,2021262,1425,2021,262,14,25,NA,NA,T,NA,NA,NA,NA,20212621425
870,2021262,1600,2021,262,16,0,6.262499999,-75.58018662,T,0.1165,0.08,0.0161,0,20212621600
871,2021262,1900,2021,262,19,0,NA,NA,A,NA,NA,NA,NA,20212621900
872,2021262,1905,2021,262,19,5,NA,NA,A,NA,NA,NA,NA,20212621905
873,2021263,1505,2021,263,15,5,NA,NA,T,NA,NA,NA,NA,20212631505
874,2021263,1805,2021,263,18,5,NA,NA,A,NA,NA,NA,NA,20212631805
875,2021263,1810,2021,263,18,10,NA,NA,A,NA,NA,NA,NA,20212631810
876,2021264,1550,2021,264,15,50,NA,NA,T,NA,NA,NA,NA,20212641550
877,2021264,1850,2021,264,18,50,NA,NA,A,NA,NA,NA,NA,20212641850
878,2021264,1855,2021,264,18,55,NA,NA,A,NA,NA,NA,NA,20212641855
879,2021265,1755,2021,265,17,55,NA,NA,A,NA,NA,NA,NA,20212651755
880,2021265,1935,2021,265,19,35,NA,NA,A,NA,NA,NA,NA,20212651935
881,2021266,1535,2021,266,15,35,NA,NA,T,NA,NA,NA,NA,20212661535
882,2021267,1440,2021,267,14,40,NA,NA,T,NA,NA,NA,NA,20212671440
883,2021267,1620,2021,267,16,20,NA,NA,T,NA,NA,NA,NA,20212671620
884,2021267,1920,2021,267,19,20,NA,NA,A,NA,NA,NA,NA,20212671920
885,2021267,1925,2021,267,19,25,NA,NA,A,NA,NA,NA,NA,20212671925
886,2021268,1525,2021,268,15,25,NA,NA,T,NA,NA,NA,NA,20212681525
887,2021268,1825,2021,268,18,25,NA,NA,A,NA,NA,NA,NA,20212681825
888,2021268,1830,2021,268,18,30,NA,NA,A,NA,NA,NA,NA,20212681830
889,2021269,1430,2021,269,14,30,NA,NA,T,NA,NA,NA,NA,20212691430
890,2021269,1610,2021,269,16,10,NA,NA,T,NA,NA,NA,NA,20212691610
891,2021269,1730,2021,269,17,30,NA,NA,A,NA,NA,NA,NA,20212691730
892,2021269,1910,2021,269,19,10,NA,NA,A,NA,NA,NA,NA,20212691910
893,2021270,1515,2021,270,15,15,NA,NA,T,NA,NA,NA,NA,20212701515
894,2021270,1815,2021,270,18,15,NA,NA,A,NA,NA,NA,NA,20212701815
895,2021271,1555,2021,271,15,55,NA,NA,T,NA,NA,NA,NA,20212711555
896,2021271,1855,2021,271,18,55,NA,NA,A,NA,NA,NA,NA,20212711855
897,2021271,1900,2021,271,19,0,NA,NA,A,NA,NA,NA,NA,20212711900
898,2021272,1500,2021,272,15,0,NA,NA,T,NA,NA,NA,NA,20212721500
899,2021272,1635,2021,272,16,35,NA,NA,T,NA,NA,NA,NA,20212721635
900,2021272,1800,2021,272,18,0,NA,NA,A,NA,NA,NA,NA,20212721800
901,2021272,1805,2021,272,18,5,NA,NA,A,NA,NA,NA,NA,20212721805
902,2021273,1545,2021,273,15,45,NA,NA,T,NA,NA,NA,NA,20212731545
903,2021273,1845,2021,273,18,45,NA,NA,A,NA,NA,NA,NA,20212731845
904,2021274,1450,2021,274,14,50,NA,NA,T,NA,NA,NA,NA,20212741450
905,2021274,1625,2021,274,16,25,NA,NA,T,NA,NA,NA,NA,20212741625
906,2021274,1750,2021,274,17,50,NA,NA,A,NA,NA,NA,NA,20212741750
907,2021274,1925,2021,274,19,25,NA,NA,A,NA,NA,NA,NA,20212741925
908,2021274,1930,2021,274,19,30,NA,NA,A,NA,NA,NA,NA,20212741930
909,2021275,1530,2021,275,15,30,NA,NA,T,NA,NA,NA,NA,20212751530
910,2021275,1830,2021,275,18,30,NA,NA,A,NA,NA,NA,NA,20212751830
911,2021275,1835,2021,275,18,35,NA,NA,A,NA,NA,NA,NA,20212751835
912,2021276,1435,2021,276,14,35,NA,NA,T,NA,NA,NA,NA,20212761435
913,2021276,1615,2021,276,16,15,6.262499999,-75.58018662,T,0.05625,0.0385,0.0104,0,20212761615
914,2021276,1735,2021,276,17,35,NA,NA,A,NA,NA,NA,NA,20212761735
915,2021276,1915,2021,276,19,15,NA,NA,A,NA,NA,NA,NA,20212761915
916,2021277,1520,2021,277,15,20,NA,NA,T,NA,NA,NA,NA,20212771520
917,2021277,1820,2021,277,18,20,NA,NA,A,NA,NA,NA,NA,20212771820
918,2021278,1425,2021,278,14,25,NA,NA,T,NA,NA,NA,NA,20212781425
919,2021278,1600,2021,278,16,0,NA,NA,T,NA,NA,NA,NA,20212781600
920,2021278,1900,2021,278,19,0,NA,NA,A,NA,NA,NA,NA,20212781900
921,2021278,1905,2021,278,19,5,NA,NA,A,NA,NA,NA,NA,20212781905
922,2021279,1505,2021,279,15,5,NA,NA,T,NA,NA,NA,NA,20212791505
923,2021279,1805,2021,279,18,5,NA,NA,A,NA,NA,NA,NA,20212791805
924,2021279,1810,2021,279,18,10,NA,NA,A,NA,NA,NA,NA,20212791810
925,2021280,1550,2021,280,15,50,6.262499999,-75.58018662,T,0.249,0.173,0.025,0,20212801550
926,2021280,1850,2021,280,18,50,NA,NA,A,NA,NA,NA,NA,20212801850
927,2021280,1855,2021,280,18,55,NA,NA,A,NA,NA,NA,NA,20212801855
928,2021281,1455,2021,281,14,55,NA,NA,T,NA,NA,NA,NA,20212811455
929,2021281,1630,2021,281,16,30,NA,NA,T,NA,NA,NA,NA,20212811630
930,2021281,1755,2021,281,17,55,NA,NA,A,NA,NA,NA,NA,20212811755
931,2021281,1935,2021,281,19,35,NA,NA,A,NA,NA,NA,NA,20212811935
932,2021282,1535,2021,282,15,35,NA,NA,T,NA,NA,NA,NA,20212821535
933,2021282,1840,2021,282,18,40,NA,NA,A,NA,NA,NA,NA,20212821840
934,2021283,1440,2021,283,14,40,NA,NA,T,NA,NA,NA,NA,20212831440
935,2021283,1620,2021,283,16,20,NA,NA,T,NA,NA,NA,NA,20212831620
936,2021283,1740,2021,283,17,40,NA,NA,A,NA,NA,NA,NA,20212831740
937,2021283,1920,2021,283,19,20,NA,NA,A,NA,NA,NA,NA,20212831920
938,2021283,1925,2021,283,19,25,NA,NA,A,NA,NA,NA,NA,20212831925
939,2021284,1525,2021,284,15,25,NA,NA,T,NA,NA,NA,NA,20212841525
940,2021284,1825,2021,284,18,25,NA,NA,A,NA,NA,NA,NA,20212841825
941,2021284,1830,2021,284,18,30,NA,NA,A,NA,NA,NA,NA,20212841830
942,2021285,1430,2021,285,14,30,NA,NA,T,NA,NA,NA,NA,20212851430
943,2021285,1605,2021,285,16,5,NA,NA,T,NA,NA,NA,NA,20212851605
944,2021285,1730,2021,285,17,30,NA,NA,A,NA,NA,NA,NA,20212851730
945,2021285,1910,2021,285,19,10,NA,NA,A,NA,NA,NA,NA,20212851910
946,2021286,1510,2021,286,15,10,NA,NA,T,NA,NA,NA,NA,20212861510
947,2021286,1815,2021,286,18,15,NA,NA,A,NA,NA,NA,NA,20212861815
948,2021287,1555,2021,287,15,55,NA,NA,T,NA,NA,NA,NA,20212871555
949,2021287,1855,2021,287,18,55,NA,NA,A,NA,NA,NA,NA,20212871855
950,2021287,1900,2021,287,19,0,NA,NA,A,NA,NA,NA,NA,20212871900
951,2021288,1500,2021,288,15,0,NA,NA,T,NA,NA,NA,NA,20212881500
952,2021288,1635,2021,288,16,35,NA,NA,T,NA,NA,NA,NA,20212881635
953,2021288,1800,2021,288,18,0,NA,NA,A,NA,NA,NA,NA,20212881800
954,2021288,1805,2021,288,18,5,NA,NA,A,NA,NA,NA,NA,20212881805
955,2021289,1545,2021,289,15,45,NA,NA,T,NA,NA,NA,NA,20212891545
956,2021289,1845,2021,289,18,45,NA,NA,A,NA,NA,NA,NA,20212891845
957,2021290,1450,2021,290,14,50,NA,NA,T,NA,NA,NA,NA,20212901450
958,2021290,1625,2021,290,16,25,NA,NA,T,NA,NA,NA,NA,20212901625
959,2021290,1750,2021,290,17,50,NA,NA,A,NA,NA,NA,NA,20212901750
960,2021290,1925,2021,290,19,25,NA,NA,A,NA,NA,NA,NA,20212901925
961,2021290,1930,2021,290,19,30,NA,NA,A,NA,NA,NA,NA,20212901930
962,2021291,1530,2021,291,15,30,NA,NA,T,NA,NA,NA,NA,20212911530
963,2021291,1830,2021,291,18,30,NA,NA,A,NA,NA,NA,NA,20212911830
964,2021291,1835,2021,291,18,35,NA,NA,A,NA,NA,NA,NA,20212911835
965,2021292,1435,2021,292,14,35,NA,NA,T,NA,NA,NA,NA,20212921435
966,2021292,1615,2021,292,16,15,NA,NA,T,NA,NA,NA,NA,20212921615
967,2021292,1735,2021,292,17,35,NA,NA,A,NA,NA,NA,NA,20212921735
968,2021292,1915,2021,292,19,15,NA,NA,A,NA,NA,NA,NA,20212921915
969,2021293,1520,2021,293,15,20,NA,NA,T,NA,NA,NA,NA,20212931520
970,2021293,1820,2021,293,18,20,NA,NA,A,NA,NA,NA,NA,20212931820
971,2021294,1425,2021,294,14,25,NA,NA,T,NA,NA,NA,NA,20212941425
972,2021294,1600,2021,294,16,0,NA,NA,T,NA,NA,NA,NA,20212941600
973,2021294,1900,2021,294,19,0,NA,NA,A,NA,NA,NA,NA,20212941900
974,2021294,1905,2021,294,19,5,NA,NA,A,NA,NA,NA,NA,20212941905
975,2021295,1505,2021,295,15,5,NA,NA,T,NA,NA,NA,NA,20212951505
976,2021295,1805,2021,295,18,5,NA,NA,A,NA,NA,NA,NA,20212951805
977,2021295,1810,2021,295,18,10,NA,NA,A,NA,NA,NA,NA,20212951810
978,2021296,1550,2021,296,15,50,NA,NA,T,NA,NA,NA,NA,20212961550
979,2021296,1850,2021,296,18,50,NA,NA,A,NA,NA,NA,NA,20212961850
980,2021296,1855,2021,296,18,55,NA,NA,A,NA,NA,NA,NA,20212961855
981,2021297,1455,2021,297,14,55,NA,NA,T,NA,NA,NA,NA,20212971455
982,2021297,1630,2021,297,16,30,NA,NA,T,NA,NA,NA,NA,20212971630
983,2021297,1755,2021,297,17,55,NA,NA,A,NA,NA,NA,NA,20212971755
984,2021297,1935,2021,297,19,35,NA,NA,A,NA,NA,NA,NA,20212971935
985,2021298,1535,2021,298,15,35,NA,NA,T,NA,NA,NA,NA,20212981535
986,2021298,1840,2021,298,18,40,NA,NA,A,NA,NA,NA,NA,20212981840
987,2021299,1440,2021,299,14,40,NA,NA,T,NA,NA,NA,NA,20212991440
988,2021299,1620,2021,299,16,20,NA,NA,T,NA,NA,NA,NA,20212991620
989,2021299,1740,2021,299,17,40,NA,NA,A,NA,NA,NA,NA,20212991740
990,2021299,1920,2021,299,19,20,NA,NA,A,NA,NA,NA,NA,20212991920
991,2021299,1925,2021,299,19,25,NA,NA,A,NA,NA,NA,NA,20212991925
992,2021300,1525,2021,300,15,25,NA,NA,T,NA,NA,NA,NA,20213001525
993,2021300,1825,2021,300,18,25,NA,NA,A,NA,NA,NA,NA,20213001825
994,2021300,1830,2021,300,18,30,NA,NA,A,NA,NA,NA,NA,20213001830
995,2021301,1430,2021,301,14,30,NA,NA,T,NA,NA,NA,NA,20213011430
996,2021301,1605,2021,301,16,5,NA,NA,T,NA,NA,NA,NA,20213011605
997,2021301,1730,2021,301,17,30,NA,NA,A,NA,NA,NA,NA,20213011730
998,2021301,1910,2021,301,19,10,NA,NA,A,NA,NA,NA,NA,20213011910
999,2021302,1510,2021,302,15,10,NA,NA,T,NA,NA,NA,NA,20213021510
1000,2021302,1815,2021,302,18,15,NA,NA,A,NA,NA,NA,NA,20213021815
1001,2021303,1555,2021,303,15,55,NA,NA,T,NA,NA,NA,NA,20213031555
1002,2021303,1855,2021,303,18,55,NA,NA,A,NA,NA,NA,NA,20213031855
1003,2021303,1900,2021,303,19,0,NA,NA,A,NA,NA,NA,NA,20213031900
1004,2021304,1500,2021,304,15,0,NA,NA,T,NA,NA,NA,NA,20213041500
1005,2021304,1635,2021,304,16,35,NA,NA,T,NA,NA,NA,NA,20213041635
1006,2021304,1800,2021,304,18,0,NA,NA,A,NA,NA,NA,NA,20213041800
1007,2021304,1805,2021,304,18,5,NA,NA,A,NA,NA,NA,NA,20213041805
1008,2021305,1540,2021,305,15,40,NA,NA,T,NA,NA,NA,NA,20213051540
1009,2021305,1845,2021,305,18,45,NA,NA,A,NA,NA,NA,NA,20213051845
1010,2021306,1445,2021,306,14,45,NA,NA,T,NA,NA,NA,NA,20213061445
1011,2021306,1625,2021,306,16,25,NA,NA,T,NA,NA,NA,NA,20213061625
1012,2021306,1750,2021,306,17,50,NA,NA,A,NA,NA,NA,NA,20213061750
1013,2021306,1925,2021,306,19,25,NA,NA,A,NA,NA,NA,NA,20213061925
1014,2021306,1930,2021,306,19,30,NA,NA,A,NA,NA,NA,NA,20213061930
1015,2021307,1530,2021,307,15,30,NA,NA,T,NA,NA,NA,NA,20213071530
1016,2021307,1830,2021,307,18,30,NA,NA,A,NA,NA,NA,NA,20213071830
1017,2021307,1835,2021,307,18,35,NA,NA,A,NA,NA,NA,NA,20213071835
1018,2021308,1435,2021,308,14,35,NA,NA,T,NA,NA,NA,NA,20213081435
1019,2021308,1615,2021,308,16,15,NA,NA,T,NA,NA,NA,NA,20213081615
1020,2021308,1735,2021,308,17,35,NA,NA,A,NA,NA,NA,NA,20213081735
1021,2021308,1915,2021,308,19,15,NA,NA,A,NA,NA,NA,NA,20213081915
1022,2021309,1520,2021,309,15,20,NA,NA,T,NA,NA,NA,NA,20213091520
1023,2021309,1820,2021,309,18,20,NA,NA,A,NA,NA,NA,NA,20213091820
1024,2021310,1420,2021,310,14,20,NA,NA,T,NA,NA,NA,NA,20213101420
1025,2021310,1600,2021,310,16,0,NA,NA,T,NA,NA,NA,NA,20213101600
1026,2021310,1905,2021,310,19,5,NA,NA,A,NA,NA,NA,NA,20213101905
1027,2021311,1505,2021,311,15,5,NA,NA,T,NA,NA,NA,NA,20213111505
1028,2021311,1805,2021,311,18,5,NA,NA,A,NA,NA,NA,NA,20213111805
1029,2021311,1810,2021,311,18,10,NA,NA,A,NA,NA,NA,NA,20213111810
1030,2021312,1550,2021,312,15,50,NA,NA,T,NA,NA,NA,NA,20213121550
1031,2021312,1850,2021,312,18,50,NA,NA,A,NA,NA,NA,NA,20213121850
1032,2021312,1855,2021,312,18,55,NA,NA,A,NA,NA,NA,NA,20213121855
1033,2021313,1455,2021,313,14,55,NA,NA,T,NA,NA,NA,NA,20213131455
1034,2021313,1630,2021,313,16,30,NA,NA,T,NA,NA,NA,NA,20213131630
1035,2021313,1755,2021,313,17,55,NA,NA,A,NA,NA,NA,NA,20213131755
1036,2021313,1935,2021,313,19,35,NA,NA,A,NA,NA,NA,NA,20213131935
1037,2021314,1535,2021,314,15,35,NA,NA,T,NA,NA,NA,NA,20213141535
1038,2021314,1840,2021,314,18,40,NA,NA,A,NA,NA,NA,NA,20213141840
1039,2021315,1440,2021,315,14,40,NA,NA,T,NA,NA,NA,NA,20213151440
1040,2021315,1620,2021,315,16,20,NA,NA,T,NA,NA,NA,NA,20213151620
1041,2021315,1920,2021,315,19,20,NA,NA,A,NA,NA,NA,NA,20213151920
1042,2021315,1925,2021,315,19,25,NA,NA,A,NA,NA,NA,NA,20213151925
1043,2021316,1525,2021,316,15,25,NA,NA,T,NA,NA,NA,NA,20213161525
1044,2021316,1825,2021,316,18,25,NA,NA,A,NA,NA,NA,NA,20213161825
1045,2021316,1830,2021,316,18,30,NA,NA,A,NA,NA,NA,NA,20213161830
1046,2021317,1430,2021,317,14,30,NA,NA,T,NA,NA,NA,NA,20213171430
1047,2021317,1605,2021,317,16,5,NA,NA,T,NA,NA,NA,NA,20213171605
1048,2021317,1730,2021,317,17,30,NA,NA,A,NA,NA,NA,NA,20213171730
1049,2021317,1910,2021,317,19,10,NA,NA,A,NA,NA,NA,NA,20213171910
1050,2021318,1510,2021,318,15,10,NA,NA,T,NA,NA,NA,NA,20213181510
1051,2021318,1815,2021,318,18,15,NA,NA,A,NA,NA,NA,NA,20213181815
1052,2021319,1555,2021,319,15,55,NA,NA,T,NA,NA,NA,NA,20213191555
1053,2021319,1855,2021,319,18,55,NA,NA,A,NA,NA,NA,NA,20213191855
1054,2021319,1900,2021,319,19,0,NA,NA,A,NA,NA,NA,NA,20213191900
1055,2021320,1500,2021,320,15,0,NA,NA,T,NA,NA,NA,NA,20213201500
1056,2021320,1635,2021,320,16,35,NA,NA,T,NA,NA,NA,NA,20213201635
1057,2021320,1800,2021,320,18,0,NA,NA,A,NA,NA,NA,NA,20213201800
1058,2021320,1805,2021,320,18,5,NA,NA,A,NA,NA,NA,NA,20213201805
1059,2021321,1540,2021,321,15,40,6.262499999,-75.57180326,T,0.442,0.31133,0.0276,0,20213211540
1060,2021321,1845,2021,321,18,45,NA,NA,A,NA,NA,NA,NA,20213211845
1061,2021322,1445,2021,322,14,45,NA,NA,T,NA,NA,NA,NA,20213221445
1062,2021322,1625,2021,322,16,25,NA,NA,T,NA,NA,NA,NA,20213221625
1063,2021322,1750,2021,322,17,50,NA,NA,A,NA,NA,NA,NA,20213221750
1064,2021322,1925,2021,322,19,25,NA,NA,A,NA,NA,NA,NA,20213221925
1065,2021322,1930,2021,322,19,30,NA,NA,A,NA,NA,NA,NA,20213221930
1066,2021323,1530,2021,323,15,30,6.262499999,-75.58018662,T,0.327,0.229,0.0318,0,20213231530
1067,2021323,1830,2021,323,18,30,NA,NA,A,NA,NA,NA,NA,20213231830
1068,2021323,1835,2021,323,18,35,NA,NA,A,NA,NA,NA,NA,20213231835
1069,2021324,1435,2021,324,14,35,NA,NA,T,NA,NA,NA,NA,20213241435
1070,2021324,1615,2021,324,16,15,NA,NA,T,NA,NA,NA,NA,20213241615
1071,2021324,1735,2021,324,17,35,NA,NA,A,NA,NA,NA,NA,20213241735
1072,2021324,1915,2021,324,19,15,NA,NA,A,NA,NA,NA,NA,20213241915
1073,2021324,1920,2021,324,19,20,NA,NA,A,NA,NA,NA,NA,20213241920
1074,2021325,1520,2021,325,15,20,NA,NA,T,NA,NA,NA,NA,20213251520
1075,2021325,1820,2021,325,18,20,NA,NA,A,NA,NA,NA,NA,20213251820
1076,2021326,1420,2021,326,14,20,NA,NA,T,NA,NA,NA,NA,20213261420
1077,2021326,1600,2021,326,16,0,NA,NA,T,NA,NA,NA,NA,20213261600
1078,2021326,1905,2021,326,19,5,NA,NA,A,NA,NA,NA,NA,20213261905
1079,2021327,1505,2021,327,15,5,NA,NA,T,NA,NA,NA,NA,20213271505
1080,2021327,1805,2021,327,18,5,NA,NA,A,NA,NA,NA,NA,20213271805
1081,2021327,1810,2021,327,18,10,NA,NA,A,NA,NA,NA,NA,20213271810
1082,2021328,1550,2021,328,15,50,NA,NA,T,NA,NA,NA,NA,20213281550
1083,2021328,1850,2021,328,18,50,NA,NA,A,NA,NA,NA,NA,20213281850
1084,2021328,1855,2021,328,18,55,NA,NA,A,NA,NA,NA,NA,20213281855
1085,2021329,1455,2021,329,14,55,NA,NA,T,NA,NA,NA,NA,20213291455
1086,2021329,1630,2021,329,16,30,NA,NA,T,NA,NA,NA,NA,20213291630
1087,2021329,1755,2021,329,17,55,NA,NA,A,NA,NA,NA,NA,20213291755
1088,2021329,1935,2021,329,19,35,NA,NA,A,NA,NA,NA,NA,20213291935
1089,2021330,1535,2021,330,15,35,NA,NA,T,NA,NA,NA,NA,20213301535
1090,2021330,1840,2021,330,18,40,NA,NA,A,NA,NA,NA,NA,20213301840
1091,2021331,1440,2021,331,14,40,NA,NA,T,NA,NA,NA,NA,20213311440
1092,2021331,1620,2021,331,16,20,NA,NA,T,NA,NA,NA,NA,20213311620
1093,2021331,1920,2021,331,19,20,NA,NA,A,NA,NA,NA,NA,20213311920
1094,2021331,1925,2021,331,19,25,NA,NA,A,NA,NA,NA,NA,20213311925
1095,2021332,1525,2021,332,15,25,NA,NA,T,NA,NA,NA,NA,20213321525
1096,2021332,1825,2021,332,18,25,NA,NA,A,NA,NA,NA,NA,20213321825
1097,2021332,1830,2021,332,18,30,NA,NA,A,NA,NA,NA,NA,20213321830
1098,2021333,1430,2021,333,14,30,NA,NA,T,NA,NA,NA,NA,20213331430
1099,2021333,1605,2021,333,16,5,NA,NA,T,NA,NA,NA,NA,20213331605
1100,2021333,1730,2021,333,17,30,NA,NA,A,NA,NA,NA,NA,20213331730
1101,2021333,1910,2021,333,19,10,NA,NA,A,NA,NA,NA,NA,20213331910
1102,2021334,1510,2021,334,15,10,NA,NA,T,NA,NA,NA,NA,20213341510
1103,2021334,1815,2021,334,18,15,NA,NA,A,NA,NA,NA,NA,20213341815
1104,2021335,1555,2021,335,15,55,NA,NA,T,NA,NA,NA,NA,20213351555
1105,2021335,1855,2021,335,18,55,NA,NA,A,NA,NA,NA,NA,20213351855
1106,2021335,1900,2021,335,19,0,NA,NA,A,NA,NA,NA,NA,20213351900
1107,2021336,1500,2021,336,15,0,6.262499999,-75.58018662,T,0.1145,0.0785,0.0157,0,20213361500
1108,2021336,1635,2021,336,16,35,NA,NA,T,NA,NA,NA,NA,20213361635
1109,2021336,1800,2021,336,18,0,NA,NA,A,NA,NA,NA,NA,20213361800
1110,2021336,1805,2021,336,18,5,NA,NA,A,NA,NA,NA,NA,20213361805
1111,2021337,1540,2021,337,15,40,NA,NA,T,NA,NA,NA,NA,20213371540
1112,2021337,1845,2021,337,18,45,NA,NA,A,NA,NA,NA,NA,20213371845
1113,2021338,1445,2021,338,14,45,NA,NA,T,NA,NA,NA,NA,20213381445
1114,2021338,1625,2021,338,16,25,NA,NA,T,NA,NA,NA,NA,20213381625
1115,2021338,1750,2021,338,17,50,NA,NA,A,NA,NA,NA,NA,20213381750
1116,2021338,1925,2021,338,19,25,NA,NA,A,NA,NA,NA,NA,20213381925
1117,2021338,1930,2021,338,19,30,NA,NA,A,NA,NA,NA,NA,20213381930
1118,2021339,1530,2021,339,15,30,NA,NA,T,NA,NA,NA,NA,20213391530
1119,2021339,1830,2021,339,18,30,NA,NA,A,NA,NA,NA,NA,20213391830
1120,2021339,1835,2021,339,18,35,NA,NA,A,NA,NA,NA,NA,20213391835
1121,2021340,1435,2021,340,14,35,NA,NA,T,NA,NA,NA,NA,20213401435
1122,2021340,1610,2021,340,16,10,NA,NA,T,NA,NA,NA,NA,20213401610
1123,2021340,1735,2021,340,17,35,NA,NA,A,NA,NA,NA,NA,20213401735
1124,2021340,1915,2021,340,19,15,NA,NA,A,NA,NA,NA,NA,20213401915
1125,2021340,1920,2021,340,19,20,NA,NA,A,NA,NA,NA,NA,20213401920
1126,2021341,1515,2021,341,15,15,NA,NA,T,NA,NA,NA,NA,20213411515
1127,2021341,1820,2021,341,18,20,NA,NA,A,NA,NA,NA,NA,20213411820
1128,2021341,1825,2021,341,18,25,NA,NA,A,NA,NA,NA,NA,20213411825
1129,2021342,1420,2021,342,14,20,NA,NA,T,NA,NA,NA,NA,20213421420
1130,2021342,1600,2021,342,16,0,NA,NA,T,NA,NA,NA,NA,20213421600
1131,2021342,1905,2021,342,19,5,NA,NA,A,NA,NA,NA,NA,20213421905
1132,2021343,1505,2021,343,15,5,NA,NA,T,NA,NA,NA,NA,20213431505
1133,2021343,1805,2021,343,18,5,NA,NA,A,NA,NA,NA,NA,20213431805
1134,2021343,1810,2021,343,18,10,NA,NA,A,NA,NA,NA,NA,20213431810
1135,2021344,1550,2021,344,15,50,NA,NA,T,NA,NA,NA,NA,20213441550
1136,2021344,1850,2021,344,18,50,NA,NA,A,NA,NA,NA,NA,20213441850
1137,2021344,1855,2021,344,18,55,NA,NA,A,NA,NA,NA,NA,20213441855
1138,2021345,1450,2021,345,14,50,NA,NA,T,NA,NA,NA,NA,20213451450
1139,2021345,1630,2021,345,16,30,NA,NA,T,NA,NA,NA,NA,20213451630
1140,2021345,1755,2021,345,17,55,NA,NA,A,NA,NA,NA,NA,20213451755
1141,2021345,1935,2021,345,19,35,NA,NA,A,NA,NA,NA,NA,20213451935
1142,2021346,1535,2021,346,15,35,NA,NA,T,NA,NA,NA,NA,20213461535
1143,2021346,1840,2021,346,18,40,NA,NA,A,NA,NA,NA,NA,20213461840
1144,2021347,1440,2021,347,14,40,NA,NA,T,NA,NA,NA,NA,20213471440
1145,2021347,1620,2021,347,16,20,NA,NA,T,NA,NA,NA,NA,20213471620
1146,2021347,1745,2021,347,17,45,NA,NA,A,NA,NA,NA,NA,20213471745
1147,2021347,1920,2021,347,19,20,NA,NA,A,NA,NA,NA,NA,20213471920
1148,2021347,1925,2021,347,19,25,NA,NA,A,NA,NA,NA,NA,20213471925
1149,2021348,1525,2021,348,15,25,NA,NA,T,NA,NA,NA,NA,20213481525
1150,2021348,1825,2021,348,18,25,NA,NA,A,NA,NA,NA,NA,20213481825
1151,2021348,1830,2021,348,18,30,NA,NA,A,NA,NA,NA,NA,20213481830
1152,2021349,1430,2021,349,14,30,NA,NA,T,NA,NA,NA,NA,20213491430
1153,2021349,1605,2021,349,16,5,6.262499999,-75.58018662,T,0.36725,0.2565,0.0097,0,20213491605
1154,2021349,1730,2021,349,17,30,NA,NA,A,NA,NA,NA,NA,20213491730
1155,2021349,1910,2021,349,19,10,NA,NA,A,NA,NA,NA,NA,20213491910
1156,2021350,1815,2021,350,18,15,NA,NA,A,NA,NA,NA,NA,20213501815
1157,2021351,1555,2021,351,15,55,NA,NA,T,NA,NA,NA,NA,20213511555
1158,2021351,1855,2021,351,18,55,NA,NA,A,NA,NA,NA,NA,20213511855
1159,2021351,1900,2021,351,19,0,NA,NA,A,NA,NA,NA,NA,20213511900
1160,2021352,1500,2021,352,15,0,NA,NA,T,NA,NA,NA,NA,20213521500
1161,2021352,1635,2021,352,16,35,NA,NA,T,NA,NA,NA,NA,20213521635
1162,2021352,1800,2021,352,18,0,NA,NA,A,NA,NA,NA,NA,20213521800
1163,2021352,1805,2021,352,18,5,NA,NA,A,NA,NA,NA,NA,20213521805
1164,2021353,1540,2021,353,15,40,NA,NA,T,NA,NA,NA,NA,20213531540
1165,2021353,1845,2021,353,18,45,NA,NA,A,NA,NA,NA,NA,20213531845
1166,2021354,1445,2021,354,14,45,NA,NA,T,NA,NA,NA,NA,20213541445
1167,2021354,1625,2021,354,16,25,NA,NA,T,NA,NA,NA,NA,20213541625
1168,2021354,1750,2021,354,17,50,NA,NA,A,NA,NA,NA,NA,20213541750
1169,2021354,1930,2021,354,19,30,NA,NA,A,NA,NA,NA,NA,20213541930
1170,2021355,1530,2021,355,15,30,NA,NA,T,NA,NA,NA,NA,20213551530
1171,2021355,1830,2021,355,18,30,NA,NA,A,NA,NA,NA,NA,20213551830
1172,2021355,1835,2021,355,18,35,NA,NA,A,NA,NA,NA,NA,20213551835
1173,2021356,1435,2021,356,14,35,NA,NA,T,NA,NA,NA,NA,20213561435
1174,2021356,1610,2021,356,16,10,NA,NA,T,NA,NA,NA,NA,20213561610
1175,2021356,1735,2021,356,17,35,NA,NA,A,NA,NA,NA,NA,20213561735
1176,2021356,1915,2021,356,19,15,NA,NA,A,NA,NA,NA,NA,20213561915
1177,2021356,1920,2021,356,19,20,NA,NA,A,NA,NA,NA,NA,20213561920
1178,2021357,1515,2021,357,15,15,NA,NA,T,NA,NA,NA,NA,20213571515
1179,2021357,1820,2021,357,18,20,NA,NA,A,NA,NA,NA,NA,20213571820
1180,2021357,1825,2021,357,18,25,NA,NA,A,NA,NA,NA,NA,20213571825
1181,2021358,1420,2021,358,14,20,NA,NA,T,NA,NA,NA,NA,20213581420
1182,2021358,1600,2021,358,16,0,NA,NA,T,NA,NA,NA,NA,20213581600
1183,2021358,1905,2021,358,19,5,NA,NA,A,NA,NA,NA,NA,20213581905
1184,2021359,1505,2021,359,15,5,NA,NA,T,NA,NA,NA,NA,20213591505
1185,2021359,1810,2021,359,18,10,NA,NA,A,NA,NA,NA,NA,20213591810
1186,2021360,1545,2021,360,15,45,NA,NA,T,NA,NA,NA,NA,20213601545
1187,2021360,1850,2021,360,18,50,NA,NA,A,NA,NA,NA,NA,20213601850
1188,2021360,1855,2021,360,18,55,NA,NA,A,NA,NA,NA,NA,20213601855
1189,2021361,1450,2021,361,14,50,NA,NA,T,NA,NA,NA,NA,20213611450
1190,2021361,1630,2021,361,16,30,NA,NA,T,NA,NA,NA,NA,20213611630
1191,2021361,1755,2021,361,17,55,NA,NA,A,NA,NA,NA,NA,20213611755
1192,2021361,1935,2021,361,19,35,NA,NA,A,NA,NA,NA,NA,20213611935
1193,2021362,1535,2021,362,15,35,NA,NA,T,NA,NA,NA,NA,20213621535
1194,2021362,1840,2021,362,18,40,NA,NA,A,NA,NA,NA,NA,20213621840
1195,2021363,1440,2021,363,14,40,NA,NA,T,NA,NA,NA,NA,20213631440
1196,2021363,1620,2021,363,16,20,NA,NA,T,NA,NA,NA,NA,20213631620
1197,2021363,1745,2021,363,17,45,NA,NA,A,NA,NA,NA,NA,20213631745
1198,2021363,1920,2021,363,19,20,NA,NA,A,NA,NA,NA,NA,20213631920
1199,2021363,1925,2021,363,19,25,NA,NA,A,NA,NA,NA,NA,20213631925
1200,2021364,1525,2021,364,15,25,NA,NA,T,NA,NA,NA,NA,20213641525
1201,2021364,1825,2021,364,18,25,NA,NA,A,NA,NA,NA,NA,20213641825
1202,2021364,1830,2021,364,18,30,NA,NA,A,NA,NA,NA,NA,20213641830
1203,2021365,1425,2021,365,14,25,NA,NA,T,NA,NA,NA,NA,20213651425
1204,2021365,1605,2021,365,16,5,NA,NA,T,NA,NA,NA,NA,20213651605
1205,2021365,1730,2021,365,17,30,NA,NA,A,NA,NA,NA,NA,20213651730
1206,2021365,1910,2021,365,19,10,NA,NA,A,NA,NA,NA,NA,20213651910
1,2022001,1510,2022,1,15,10,NA,NA,T,NA,NA,NA,NA,20220011510
2,2022001,1815,2022,1,18,15,NA,NA,A,NA,NA,NA,NA,20220011815
3,2022002,1555,2022,2,15,55,NA,NA,T,NA,NA,NA,NA,20220021555
4,2022002,1855,2022,2,18,55,NA,NA,A,NA,NA,NA,NA,20220021855
5,2022002,1900,2022,2,19,0,NA,NA,A,NA,NA,NA,NA,20220021900
6,2022003,1500,2022,3,15,0,NA,NA,T,NA,NA,NA,NA,20220031500
7,2022003,1635,2022,3,16,35,NA,NA,T,NA,NA,NA,NA,20220031635
8,2022003,1800,2022,3,18,0,NA,NA,A,NA,NA,NA,NA,20220031800
9,2022003,1805,2022,3,18,5,NA,NA,A,NA,NA,NA,NA,20220031805
10,2022004,1540,2022,4,15,40,6.262499999,-75.58018662,T,0.2405,0.16675,0.0236,0,20220041540
11,2022004,1845,2022,4,18,45,NA,NA,A,NA,NA,NA,NA,20220041845
12,2022005,1445,2022,5,14,45,NA,NA,T,NA,NA,NA,NA,20220051445
13,2022005,1625,2022,5,16,25,NA,NA,T,NA,NA,NA,NA,20220051625
14,2022005,1750,2022,5,17,50,NA,NA,A,NA,NA,NA,NA,20220051750
15,2022005,1930,2022,5,19,30,NA,NA,A,NA,NA,NA,NA,20220051930
16,2022006,1530,2022,6,15,30,NA,NA,T,NA,NA,NA,NA,20220061530
17,2022006,1830,2022,6,18,30,NA,NA,A,NA,NA,NA,NA,20220061830
18,2022006,1835,2022,6,18,35,NA,NA,A,NA,NA,NA,NA,20220061835
19,2022007,1435,2022,7,14,35,NA,NA,T,NA,NA,NA,NA,20220071435
20,2022007,1610,2022,7,16,10,NA,NA,T,NA,NA,NA,NA,20220071610
21,2022007,1735,2022,7,17,35,NA,NA,A,NA,NA,NA,NA,20220071735
22,2022007,1915,2022,7,19,15,NA,NA,A,NA,NA,NA,NA,20220071915
23,2022007,1920,2022,7,19,20,NA,NA,A,NA,NA,NA,NA,20220071920
24,2022008,1515,2022,8,15,15,NA,NA,T,NA,NA,NA,NA,20220081515
25,2022008,1820,2022,8,18,20,NA,NA,A,NA,NA,NA,NA,20220081820
26,2022008,1825,2022,8,18,25,NA,NA,A,NA,NA,NA,NA,20220081825
27,2022009,1420,2022,9,14,20,NA,NA,T,NA,NA,NA,NA,20220091420
28,2022009,1600,2022,9,16,0,NA,NA,T,NA,NA,NA,NA,20220091600
29,2022009,1905,2022,9,19,5,NA,NA,A,NA,NA,NA,NA,20220091905
30,2022010,1505,2022,10,15,5,NA,NA,T,NA,NA,NA,NA,20220101505
31,2022010,1810,2022,10,18,10,NA,NA,A,NA,NA,NA,NA,20220101810
32,2022011,1545,2022,11,15,45,NA,NA,T,NA,NA,NA,NA,20220111545
33,2022011,1850,2022,11,18,50,NA,NA,A,NA,NA,NA,NA,20220111850
34,2022011,1855,2022,11,18,55,NA,NA,A,NA,NA,NA,NA,20220111855
35,2022012,1450,2022,12,14,50,NA,NA,T,NA,NA,NA,NA,20220121450
36,2022012,1630,2022,12,16,30,NA,NA,T,NA,NA,NA,NA,20220121630
37,2022012,1755,2022,12,17,55,NA,NA,A,NA,NA,NA,NA,20220121755
38,2022012,1935,2022,12,19,35,NA,NA,A,NA,NA,NA,NA,20220121935
39,2022013,1535,2022,13,15,35,NA,NA,T,NA,NA,NA,NA,20220131535
40,2022013,1840,2022,13,18,40,NA,NA,A,NA,NA,NA,NA,20220131840
41,2022014,1440,2022,14,14,40,NA,NA,T,NA,NA,NA,NA,20220141440
42,2022014,1615,2022,14,16,15,NA,NA,T,NA,NA,NA,NA,20220141615
43,2022014,1745,2022,14,17,45,NA,NA,A,NA,NA,NA,NA,20220141745
44,2022014,1920,2022,14,19,20,NA,NA,A,NA,NA,NA,NA,20220141920
45,2022014,1925,2022,14,19,25,NA,NA,A,NA,NA,NA,NA,20220141925
46,2022015,1520,2022,15,15,20,NA,NA,T,NA,NA,NA,NA,20220151520
47,2022015,1825,2022,15,18,25,NA,NA,A,NA,NA,NA,NA,20220151825
48,2022015,1830,2022,15,18,30,NA,NA,A,NA,NA,NA,NA,20220151830
49,2022016,1425,2022,16,14,25,NA,NA,T,NA,NA,NA,NA,20220161425
50,2022016,1605,2022,16,16,5,NA,NA,T,NA,NA,NA,NA,20220161605
51,2022016,1730,2022,16,17,30,NA,NA,A,NA,NA,NA,NA,20220161730
52,2022016,1910,2022,16,19,10,NA,NA,A,NA,NA,NA,NA,20220161910
53,2022017,1510,2022,17,15,10,NA,NA,T,NA,NA,NA,NA,20220171510
54,2022017,1815,2022,17,18,15,NA,NA,A,NA,NA,NA,NA,20220171815
55,2022018,1555,2022,18,15,55,NA,NA,T,NA,NA,NA,NA,20220181555
56,2022018,1855,2022,18,18,55,NA,NA,A,NA,NA,NA,NA,20220181855
57,2022018,1900,2022,18,19,0,NA,NA,A,NA,NA,NA,NA,20220181900
58,2022019,1500,2022,19,15,0,NA,NA,T,NA,NA,NA,NA,20220191500
59,2022019,1635,2022,19,16,35,NA,NA,T,NA,NA,NA,NA,20220191635
60,2022019,1800,2022,19,18,0,NA,NA,A,NA,NA,NA,NA,20220191800
61,2022019,1805,2022,19,18,5,NA,NA,A,NA,NA,NA,NA,20220191805
62,2022020,1540,2022,20,15,40,NA,NA,T,NA,NA,NA,NA,20220201540
63,2022020,1845,2022,20,18,45,NA,NA,A,NA,NA,NA,NA,20220201845
64,2022021,1445,2022,21,14,45,NA,NA,T,NA,NA,NA,NA,20220211445
65,2022021,1625,2022,21,16,25,NA,NA,T,NA,NA,NA,NA,20220211625
66,2022021,1750,2022,21,17,50,NA,NA,A,NA,NA,NA,NA,20220211750
67,2022021,1930,2022,21,19,30,NA,NA,A,NA,NA,NA,NA,20220211930
68,2022022,1530,2022,22,15,30,NA,NA,T,NA,NA,NA,NA,20220221530
69,2022022,1830,2022,22,18,30,NA,NA,A,NA,NA,NA,NA,20220221830
70,2022022,1835,2022,22,18,35,NA,NA,A,NA,NA,NA,NA,20220221835
71,2022023,1435,2022,23,14,35,NA,NA,T,NA,NA,NA,NA,20220231435
72,2022023,1610,2022,23,16,10,NA,NA,T,NA,NA,NA,NA,20220231610
73,2022023,1735,2022,23,17,35,NA,NA,A,NA,NA,NA,NA,20220231735
74,2022023,1915,2022,23,19,15,NA,NA,A,NA,NA,NA,NA,20220231915
75,2022023,1920,2022,23,19,20,NA,NA,A,NA,NA,NA,NA,20220231920
76,2022024,1515,2022,24,15,15,NA,NA,T,NA,NA,NA,NA,20220241515
77,2022024,1820,2022,24,18,20,NA,NA,A,NA,NA,NA,NA,20220241820
78,2022024,1825,2022,24,18,25,NA,NA,A,NA,NA,NA,NA,20220241825
79,2022025,1420,2022,25,14,20,NA,NA,T,NA,NA,NA,NA,20220251420
80,2022025,1600,2022,25,16,0,NA,NA,T,NA,NA,NA,NA,20220251600
81,2022025,1905,2022,25,19,5,NA,NA,A,NA,NA,NA,NA,20220251905
82,2022026,1505,2022,26,15,5,NA,NA,T,NA,NA,NA,NA,20220261505
83,2022026,1805,2022,26,18,5,NA,NA,A,NA,NA,NA,NA,20220261805
84,2022026,1810,2022,26,18,10,NA,NA,A,NA,NA,NA,NA,20220261810
85,2022027,1545,2022,27,15,45,6.262499999,-75.58018662,T,0.3825,0.2675,0.0191,0,20220271545
86,2022027,1850,2022,27,18,50,NA,NA,A,NA,NA,NA,NA,20220271850
87,2022027,1855,2022,27,18,55,NA,NA,A,NA,NA,NA,NA,20220271855
88,2022028,1450,2022,28,14,50,6.262499999,-75.58018662,T,0.125,0.08575,0.0143,0,20220281450
89,2022028,1630,2022,28,16,30,NA,NA,T,NA,NA,NA,NA,20220281630
90,2022028,1755,2022,28,17,55,NA,NA,A,NA,NA,NA,NA,20220281755
91,2022028,1935,2022,28,19,35,NA,NA,A,NA,NA,NA,NA,20220281935
92,2022029,1535,2022,29,15,35,6.262499999,-75.58018662,T,0.17375,0.11925,0.0283,0,20220291535
93,2022029,1840,2022,29,18,40,NA,NA,A,NA,NA,NA,NA,20220291840
94,2022030,1440,2022,30,14,40,NA,NA,T,NA,NA,NA,NA,20220301440
95,2022030,1615,2022,30,16,15,NA,NA,T,NA,NA,NA,NA,20220301615
96,2022030,1745,2022,30,17,45,NA,NA,A,NA,NA,NA,NA,20220301745
97,2022030,1920,2022,30,19,20,NA,NA,A,NA,NA,NA,NA,20220301920
98,2022030,1925,2022,30,19,25,NA,NA,A,NA,NA,NA,NA,20220301925
99,2022031,1520,2022,31,15,20,6.262499999,-75.58018662,T,0.12725,0.08775,0.0259,0,20220311520
100,2022031,1825,2022,31,18,25,NA,NA,A,NA,NA,NA,NA,20220311825
101,2022031,1830,2022,31,18,30,NA,NA,A,NA,NA,NA,NA,20220311830
102,2022032,1425,2022,32,14,25,NA,NA,T,NA,NA,NA,NA,20220321425
103,2022032,1605,2022,32,16,5,6.262499999,-75.57180326,T,0.23,0.1595,0.0092,0,20220321605
104,2022032,1730,2022,32,17,30,NA,NA,A,NA,NA,NA,NA,20220321730
105,2022032,1910,2022,32,19,10,NA,NA,A,NA,NA,NA,NA,20220321910
106,2022033,1510,2022,33,15,10,NA,NA,T,NA,NA,NA,NA,20220331510
107,2022033,1815,2022,33,18,15,NA,NA,A,NA,NA,NA,NA,20220331815
108,2022034,1550,2022,34,15,50,NA,NA,T,NA,NA,NA,NA,20220341550
109,2022034,1855,2022,34,18,55,NA,NA,A,NA,NA,NA,NA,20220341855
110,2022034,1900,2022,34,19,0,NA,NA,A,NA,NA,NA,NA,20220341900
111,2022035,1455,2022,35,14,55,NA,NA,T,NA,NA,NA,NA,20220351455
112,2022035,1635,2022,35,16,35,NA,NA,T,NA,NA,NA,NA,20220351635
113,2022035,1800,2022,35,18,0,NA,NA,A,NA,NA,NA,NA,20220351800
114,2022035,1805,2022,35,18,5,NA,NA,A,NA,NA,NA,NA,20220351805
115,2022036,1540,2022,36,15,40,NA,NA,T,NA,NA,NA,NA,20220361540
116,2022036,1845,2022,36,18,45,NA,NA,A,NA,NA,NA,NA,20220361845
117,2022037,1445,2022,37,14,45,NA,NA,T,NA,NA,NA,NA,20220371445
118,2022037,1625,2022,37,16,25,NA,NA,T,NA,NA,NA,NA,20220371625
119,2022037,1750,2022,37,17,50,NA,NA,A,NA,NA,NA,NA,20220371750
120,2022037,1930,2022,37,19,30,NA,NA,A,NA,NA,NA,NA,20220371930
121,2022038,1530,2022,38,15,30,NA,NA,T,NA,NA,NA,NA,20220381530
122,2022038,1830,2022,38,18,30,NA,NA,A,NA,NA,NA,NA,20220381830
123,2022038,1835,2022,38,18,35,NA,NA,A,NA,NA,NA,NA,20220381835
124,2022039,1430,2022,39,14,30,NA,NA,T,NA,NA,NA,NA,20220391430
125,2022039,1610,2022,39,16,10,NA,NA,T,NA,NA,NA,NA,20220391610
126,2022039,1735,2022,39,17,35,NA,NA,A,NA,NA,NA,NA,20220391735
127,2022039,1915,2022,39,19,15,NA,NA,A,NA,NA,NA,NA,20220391915
128,2022039,1920,2022,39,19,20,NA,NA,A,NA,NA,NA,NA,20220391920
129,2022040,1515,2022,40,15,15,NA,NA,T,NA,NA,NA,NA,20220401515
130,2022040,1820,2022,40,18,20,NA,NA,A,NA,NA,NA,NA,20220401820
131,2022040,1825,2022,40,18,25,NA,NA,A,NA,NA,NA,NA,20220401825
132,2022041,1420,2022,41,14,20,NA,NA,T,NA,NA,NA,NA,20220411420
133,2022041,1600,2022,41,16,0,NA,NA,T,NA,NA,NA,NA,20220411600
134,2022041,1905,2022,41,19,5,NA,NA,A,NA,NA,NA,NA,20220411905
135,2022042,1505,2022,42,15,5,6.262499999,-75.58018662,T,0.1395,0.096,0.0196,0,20220421505
136,2022042,1805,2022,42,18,5,NA,NA,A,NA,NA,NA,NA,20220421805
137,2022042,1810,2022,42,18,10,NA,NA,A,NA,NA,NA,NA,20220421810
138,2022043,1545,2022,43,15,45,NA,NA,T,NA,NA,NA,NA,20220431545
139,2022043,1850,2022,43,18,50,NA,NA,A,NA,NA,NA,NA,20220431850
140,2022043,1855,2022,43,18,55,NA,NA,A,NA,NA,NA,NA,20220431855
141,2022044,1450,2022,44,14,50,NA,NA,T,NA,NA,NA,NA,20220441450
142,2022044,1625,2022,44,16,25,NA,NA,T,NA,NA,NA,NA,20220441625
143,2022044,1755,2022,44,17,55,NA,NA,A,NA,NA,NA,NA,20220441755
144,2022044,1935,2022,44,19,35,NA,NA,A,NA,NA,NA,NA,20220441935
145,2022045,1535,2022,45,15,35,NA,NA,T,NA,NA,NA,NA,20220451535
146,2022045,1840,2022,45,18,40,NA,NA,A,NA,NA,NA,NA,20220451840
147,2022046,1440,2022,46,14,40,NA,NA,T,NA,NA,NA,NA,20220461440
148,2022046,1615,2022,46,16,15,NA,NA,T,NA,NA,NA,NA,20220461615
149,2022046,1920,2022,46,19,20,NA,NA,A,NA,NA,NA,NA,20220461920
150,2022046,1925,2022,46,19,25,NA,NA,A,NA,NA,NA,NA,20220461925
151,2022047,1520,2022,47,15,20,NA,NA,T,NA,NA,NA,NA,20220471520
152,2022047,1825,2022,47,18,25,NA,NA,A,NA,NA,NA,NA,20220471825
153,2022047,1830,2022,47,18,30,NA,NA,A,NA,NA,NA,NA,20220471830
154,2022048,1425,2022,48,14,25,NA,NA,T,NA,NA,NA,NA,20220481425
155,2022048,1605,2022,48,16,5,6.262499999,-75.58018662,T,0.41675,0.29375,0.0099,0,20220481605
156,2022048,1730,2022,48,17,30,NA,NA,A,NA,NA,NA,NA,20220481730
157,2022048,1910,2022,48,19,10,NA,NA,A,NA,NA,NA,NA,20220481910
158,2022049,1510,2022,49,15,10,NA,NA,T,NA,NA,NA,NA,20220491510
159,2022049,1815,2022,49,18,15,NA,NA,A,NA,NA,NA,NA,20220491815
160,2022050,1550,2022,50,15,50,NA,NA,T,NA,NA,NA,NA,20220501550
161,2022050,1855,2022,50,18,55,NA,NA,A,NA,NA,NA,NA,20220501855
162,2022050,1900,2022,50,19,0,NA,NA,A,NA,NA,NA,NA,20220501900
163,2022051,1455,2022,51,14,55,NA,NA,T,NA,NA,NA,NA,20220511455
164,2022051,1630,2022,51,16,30,NA,NA,T,NA,NA,NA,NA,20220511630
165,2022051,1800,2022,51,18,0,NA,NA,A,NA,NA,NA,NA,20220511800
166,2022051,1805,2022,51,18,5,NA,NA,A,NA,NA,NA,NA,20220511805
167,2022052,1540,2022,52,15,40,6.262499999,-75.58018662,T,0.18675,0.12875,0.0265,0,20220521540
168,2022052,1845,2022,52,18,45,NA,NA,A,NA,NA,NA,NA,20220521845
169,2022053,1445,2022,53,14,45,NA,NA,T,NA,NA,NA,NA,20220531445
170,2022053,1620,2022,53,16,20,NA,NA,T,NA,NA,NA,NA,20220531620
171,2022053,1750,2022,53,17,50,NA,NA,A,NA,NA,NA,NA,20220531750
172,2022053,1925,2022,53,19,25,NA,NA,A,NA,NA,NA,NA,20220531925
173,2022053,1930,2022,53,19,30,NA,NA,A,NA,NA,NA,NA,20220531930
174,2022054,1525,2022,54,15,25,NA,NA,T,NA,NA,NA,NA,20220541525
175,2022054,1830,2022,54,18,30,NA,NA,A,NA,NA,NA,NA,20220541830
176,2022054,1835,2022,54,18,35,NA,NA,A,NA,NA,NA,NA,20220541835
177,2022055,1430,2022,55,14,30,NA,NA,T,NA,NA,NA,NA,20220551430
178,2022055,1610,2022,55,16,10,NA,NA,T,NA,NA,NA,NA,20220551610
179,2022055,1735,2022,55,17,35,NA,NA,A,NA,NA,NA,NA,20220551735
180,2022055,1915,2022,55,19,15,NA,NA,A,NA,NA,NA,NA,20220551915
181,2022056,1515,2022,56,15,15,NA,NA,T,NA,NA,NA,NA,20220561515
182,2022056,1820,2022,56,18,20,NA,NA,A,NA,NA,NA,NA,20220561820
183,2022057,1420,2022,57,14,20,NA,NA,T,NA,NA,NA,NA,20220571420
184,2022057,1600,2022,57,16,0,NA,NA,T,NA,NA,NA,NA,20220571600
185,2022057,1900,2022,57,19,0,NA,NA,A,NA,NA,NA,NA,20220571900
186,2022057,1905,2022,57,19,5,NA,NA,A,NA,NA,NA,NA,20220571905
187,2022058,1505,2022,58,15,5,NA,NA,T,NA,NA,NA,NA,20220581505
188,2022058,1805,2022,58,18,5,NA,NA,A,NA,NA,NA,NA,20220581805
189,2022058,1810,2022,58,18,10,NA,NA,A,NA,NA,NA,NA,20220581810
190,2022059,1545,2022,59,15,45,NA,NA,T,NA,NA,NA,NA,20220591545
191,2022059,1850,2022,59,18,50,NA,NA,A,NA,NA,NA,NA,20220591850
192,2022059,1855,2022,59,18,55,NA,NA,A,NA,NA,NA,NA,20220591855
193,2022060,1450,2022,60,14,50,NA,NA,T,NA,NA,NA,NA,20220601450
194,2022060,1625,2022,60,16,25,NA,NA,T,NA,NA,NA,NA,20220601625
195,2022060,1755,2022,60,17,55,NA,NA,A,NA,NA,NA,NA,20220601755
196,2022060,1935,2022,60,19,35,NA,NA,A,NA,NA,NA,NA,20220601935
197,2022061,1535,2022,61,15,35,NA,NA,T,NA,NA,NA,NA,20220611535
198,2022061,1835,2022,61,18,35,NA,NA,A,NA,NA,NA,NA,20220611835
199,2022061,1840,2022,61,18,40,NA,NA,A,NA,NA,NA,NA,20220611840
200,2022062,1440,2022,62,14,40,NA,NA,T,NA,NA,NA,NA,20220621440
201,2022062,1615,2022,62,16,15,NA,NA,T,NA,NA,NA,NA,20220621615
202,2022062,1740,2022,62,17,40,NA,NA,A,NA,NA,NA,NA,20220621740
203,2022062,1920,2022,62,19,20,NA,NA,A,NA,NA,NA,NA,20220621920
204,2022062,1925,2022,62,19,25,NA,NA,A,NA,NA,NA,NA,20220621925
205,2022063,1520,2022,63,15,20,NA,NA,T,NA,NA,NA,NA,20220631520
206,2022063,1825,2022,63,18,25,NA,NA,A,NA,NA,NA,NA,20220631825
207,2022063,1830,2022,63,18,30,NA,NA,A,NA,NA,NA,NA,20220631830
208,2022064,1425,2022,64,14,25,NA,NA,T,NA,NA,NA,NA,20220641425
209,2022064,1605,2022,64,16,5,NA,NA,T,NA,NA,NA,NA,20220641605
210,2022064,1730,2022,64,17,30,NA,NA,A,NA,NA,NA,NA,20220641730
211,2022064,1910,2022,64,19,10,NA,NA,A,NA,NA,NA,NA,20220641910
212,2022065,1510,2022,65,15,10,NA,NA,T,NA,NA,NA,NA,20220651510
213,2022065,1815,2022,65,18,15,NA,NA,A,NA,NA,NA,NA,20220651815
214,2022066,1550,2022,66,15,50,NA,NA,T,NA,NA,NA,NA,20220661550
215,2022066,1855,2022,66,18,55,NA,NA,A,NA,NA,NA,NA,20220661855
216,2022066,1900,2022,66,19,0,NA,NA,A,NA,NA,NA,NA,20220661900
217,2022067,1455,2022,67,14,55,NA,NA,T,NA,NA,NA,NA,20220671455
218,2022067,1630,2022,67,16,30,NA,NA,T,NA,NA,NA,NA,20220671630
219,2022067,1800,2022,67,18,0,NA,NA,A,NA,NA,NA,NA,20220671800
220,2022067,1805,2022,67,18,5,NA,NA,A,NA,NA,NA,NA,20220671805
221,2022068,1540,2022,68,15,40,NA,NA,T,NA,NA,NA,NA,20220681540
222,2022068,1845,2022,68,18,45,NA,NA,A,NA,NA,NA,NA,20220681845
223,2022069,1445,2022,69,14,45,NA,NA,T,NA,NA,NA,NA,20220691445
224,2022069,1620,2022,69,16,20,NA,NA,T,NA,NA,NA,NA,20220691620
225,2022069,1750,2022,69,17,50,NA,NA,A,NA,NA,NA,NA,20220691750
226,2022069,1925,2022,69,19,25,NA,NA,A,NA,NA,NA,NA,20220691925
227,2022069,1930,2022,69,19,30,NA,NA,A,NA,NA,NA,NA,20220691930
228,2022070,1525,2022,70,15,25,6.262499999,-75.58018662,T,0.363,0.253,0.0315,0,20220701525
229,2022070,1830,2022,70,18,30,NA,NA,A,NA,NA,NA,NA,20220701830
230,2022070,1835,2022,70,18,35,NA,NA,A,NA,NA,NA,NA,20220701835
231,2022071,1430,2022,71,14,30,NA,NA,T,NA,NA,NA,NA,20220711430
232,2022071,1610,2022,71,16,10,NA,NA,T,NA,NA,NA,NA,20220711610
233,2022071,1735,2022,71,17,35,NA,NA,A,NA,NA,NA,NA,20220711735
234,2022071,1915,2022,71,19,15,NA,NA,A,NA,NA,NA,NA,20220711915
235,2022072,1515,2022,72,15,15,NA,NA,T,NA,NA,NA,NA,20220721515
236,2022072,1820,2022,72,18,20,NA,NA,A,NA,NA,NA,NA,20220721820
237,2022073,1420,2022,73,14,20,NA,NA,T,NA,NA,NA,NA,20220731420
238,2022073,1555,2022,73,15,55,6.262499999,-75.58018662,T,0.215,0.149,0.0137,0,20220731555
239,2022073,1900,2022,73,19,0,NA,NA,A,NA,NA,NA,NA,20220731900
240,2022073,1905,2022,73,19,5,NA,NA,A,NA,NA,NA,NA,20220731905
241,2022074,1500,2022,74,15,0,NA,NA,T,NA,NA,NA,NA,20220741500
242,2022074,1805,2022,74,18,5,NA,NA,A,NA,NA,NA,NA,20220741805
243,2022074,1810,2022,74,18,10,NA,NA,A,NA,NA,NA,NA,20220741810
244,2022075,1545,2022,75,15,45,NA,NA,T,NA,NA,NA,NA,20220751545
245,2022075,1850,2022,75,18,50,NA,NA,A,NA,NA,NA,NA,20220751850
246,2022076,1450,2022,76,14,50,NA,NA,T,NA,NA,NA,NA,20220761450
247,2022076,1625,2022,76,16,25,NA,NA,T,NA,NA,NA,NA,20220761625
248,2022076,1755,2022,76,17,55,NA,NA,A,NA,NA,NA,NA,20220761755
249,2022076,1930,2022,76,19,30,NA,NA,A,NA,NA,NA,NA,20220761930
250,2022076,1935,2022,76,19,35,NA,NA,A,NA,NA,NA,NA,20220761935
251,2022077,1535,2022,77,15,35,NA,NA,T,NA,NA,NA,NA,20220771535
252,2022077,1835,2022,77,18,35,NA,NA,A,NA,NA,NA,NA,20220771835
253,2022077,1840,2022,77,18,40,NA,NA,A,NA,NA,NA,NA,20220771840
254,2022078,1440,2022,78,14,40,NA,NA,T,NA,NA,NA,NA,20220781440
255,2022078,1615,2022,78,16,15,NA,NA,T,NA,NA,NA,NA,20220781615
256,2022078,1740,2022,78,17,40,NA,NA,A,NA,NA,NA,NA,20220781740
257,2022078,1920,2022,78,19,20,NA,NA,A,NA,NA,NA,NA,20220781920
258,2022079,1520,2022,79,15,20,NA,NA,T,NA,NA,NA,NA,20220791520
259,2022079,1825,2022,79,18,25,NA,NA,A,NA,NA,NA,NA,20220791825
260,2022080,1425,2022,80,14,25,NA,NA,T,NA,NA,NA,NA,20220801425
261,2022080,1605,2022,80,16,5,NA,NA,T,NA,NA,NA,NA,20220801605
262,2022080,1730,2022,80,17,30,NA,NA,A,NA,NA,NA,NA,20220801730
263,2022080,1905,2022,80,19,5,NA,NA,A,NA,NA,NA,NA,20220801905
264,2022080,1910,2022,80,19,10,NA,NA,A,NA,NA,NA,NA,20220801910
265,2022081,1510,2022,81,15,10,NA,NA,T,NA,NA,NA,NA,20220811510
266,2022081,1810,2022,81,18,10,NA,NA,A,NA,NA,NA,NA,20220811810
267,2022081,1815,2022,81,18,15,NA,NA,A,NA,NA,NA,NA,20220811815
268,2022082,1550,2022,82,15,50,NA,NA,T,NA,NA,NA,NA,20220821550
269,2022083,1455,2022,83,14,55,NA,NA,T,NA,NA,NA,NA,20220831455
270,2022083,1630,2022,83,16,30,NA,NA,T,NA,NA,NA,NA,20220831630
271,2022083,1800,2022,83,18,0,NA,NA,A,NA,NA,NA,NA,20220831800
272,2022084,1540,2022,84,15,40,NA,NA,T,NA,NA,NA,NA,20220841540
273,2022084,1840,2022,84,18,40,NA,NA,A,NA,NA,NA,NA,20220841840
274,2022084,1845,2022,84,18,45,NA,NA,A,NA,NA,NA,NA,20220841845
275,2022085,1445,2022,85,14,45,NA,NA,T,NA,NA,NA,NA,20220851445
276,2022085,1620,2022,85,16,20,NA,NA,T,NA,NA,NA,NA,20220851620
277,2022085,1745,2022,85,17,45,NA,NA,A,NA,NA,NA,NA,20220851745
278,2022085,1925,2022,85,19,25,NA,NA,A,NA,NA,NA,NA,20220851925
279,2022085,1930,2022,85,19,30,NA,NA,A,NA,NA,NA,NA,20220851930
280,2022086,1525,2022,86,15,25,NA,NA,T,NA,NA,NA,NA,20220861525
281,2022086,1830,2022,86,18,30,NA,NA,A,NA,NA,NA,NA,20220861830
282,2022086,1835,2022,86,18,35,NA,NA,A,NA,NA,NA,NA,20220861835
283,2022087,1430,2022,87,14,30,NA,NA,T,NA,NA,NA,NA,20220871430
284,2022087,1610,2022,87,16,10,NA,NA,T,NA,NA,NA,NA,20220871610
285,2022087,1735,2022,87,17,35,NA,NA,A,NA,NA,NA,NA,20220871735
286,2022087,1915,2022,87,19,15,NA,NA,A,NA,NA,NA,NA,20220871915
287,2022088,1515,2022,88,15,15,NA,NA,T,NA,NA,NA,NA,20220881515
288,2022088,1815,2022,88,18,15,NA,NA,A,NA,NA,NA,NA,20220881815
289,2022088,1820,2022,88,18,20,NA,NA,A,NA,NA,NA,NA,20220881820
290,2022089,1420,2022,89,14,20,NA,NA,T,NA,NA,NA,NA,20220891420
291,2022089,1555,2022,89,15,55,NA,NA,T,NA,NA,NA,NA,20220891555
292,2022089,1900,2022,89,19,0,NA,NA,A,NA,NA,NA,NA,20220891900
293,2022089,1905,2022,89,19,5,NA,NA,A,NA,NA,NA,NA,20220891905
294,2022090,1500,2022,90,15,0,NA,NA,T,NA,NA,NA,NA,20220901500
295,2022091,1545,2022,91,15,45,NA,NA,T,NA,NA,NA,NA,20220911545
296,2022092,1450,2022,92,14,50,NA,NA,T,NA,NA,NA,NA,20220921450
297,2022092,1625,2022,92,16,25,NA,NA,T,NA,NA,NA,NA,20220921625
298,2022093,1530,2022,93,15,30,NA,NA,T,NA,NA,NA,NA,20220931530
299,2022094,1435,2022,94,14,35,NA,NA,T,NA,NA,NA,NA,20220941435
300,2022094,1615,2022,94,16,15,NA,NA,T,NA,NA,NA,NA,20220941615
301,2022095,1520,2022,95,15,20,NA,NA,T,NA,NA,NA,NA,20220951520
302,2022096,1425,2022,96,14,25,NA,NA,T,NA,NA,NA,NA,20220961425
303,2022096,1605,2022,96,16,5,6.262499999,-75.58018662,T,0.276,0.19125,0.0121,0,20220961605
304,2022097,1510,2022,97,15,10,NA,NA,T,NA,NA,NA,NA,20220971510
305,2022098,1550,2022,98,15,50,NA,NA,T,NA,NA,NA,NA,20220981550
306,2022099,1455,2022,99,14,55,NA,NA,T,NA,NA,NA,NA,20220991455
307,2022099,1630,2022,99,16,30,NA,NA,T,NA,NA,NA,NA,20220991630
308,2022100,1540,2022,100,15,40,NA,NA,T,NA,NA,NA,NA,20221001540
309,2022101,1445,2022,101,14,45,NA,NA,T,NA,NA,NA,NA,20221011445
310,2022101,1620,2022,101,16,20,NA,NA,T,NA,NA,NA,NA,20221011620
311,2022102,1525,2022,102,15,25,NA,NA,T,NA,NA,NA,NA,20221021525
312,2022103,1430,2022,103,14,30,NA,NA,T,NA,NA,NA,NA,20221031430
313,2022103,1610,2022,103,16,10,NA,NA,T,NA,NA,NA,NA,20221031610
314,2022104,1515,2022,104,15,15,NA,NA,T,NA,NA,NA,NA,20221041515
315,2022105,1420,2022,105,14,20,NA,NA,T,NA,NA,NA,NA,20221051420
316,2022105,1555,2022,105,15,55,NA,NA,T,NA,NA,NA,NA,20221051555
317,2022106,1500,2022,106,15,0,NA,NA,T,NA,NA,NA,NA,20221061500
318,2022107,1545,2022,107,15,45,NA,NA,T,NA,NA,NA,NA,20221071545
319,2022107,1845,2022,107,18,45,NA,NA,A,NA,NA,NA,NA,20221071845
320,2022107,1850,2022,107,18,50,NA,NA,A,NA,NA,NA,NA,20221071850
321,2022108,1450,2022,108,14,50,NA,NA,T,NA,NA,NA,NA,20221081450
322,2022108,1625,2022,108,16,25,NA,NA,T,NA,NA,NA,NA,20221081625
323,2022108,1750,2022,108,17,50,NA,NA,A,NA,NA,NA,NA,20221081750
324,2022108,1930,2022,108,19,30,NA,NA,A,NA,NA,NA,NA,20221081930
325,2022109,1530,2022,109,15,30,NA,NA,T,NA,NA,NA,NA,20221091530
326,2022109,1835,2022,109,18,35,NA,NA,A,NA,NA,NA,NA,20221091835
327,2022110,1435,2022,110,14,35,NA,NA,T,NA,NA,NA,NA,20221101435
328,2022110,1615,2022,110,16,15,NA,NA,T,NA,NA,NA,NA,20221101615
329,2022110,1740,2022,110,17,40,NA,NA,A,NA,NA,NA,NA,20221101740
330,2022110,1915,2022,110,19,15,NA,NA,A,NA,NA,NA,NA,20221101915
331,2022110,1920,2022,110,19,20,NA,NA,A,NA,NA,NA,NA,20221101920
332,2022111,1520,2022,111,15,20,NA,NA,T,NA,NA,NA,NA,20221111520
333,2022111,1820,2022,111,18,20,NA,NA,A,NA,NA,NA,NA,20221111820
334,2022111,1825,2022,111,18,25,NA,NA,A,NA,NA,NA,NA,20221111825
335,2022112,1425,2022,112,14,25,NA,NA,T,NA,NA,NA,NA,20221121425
336,2022112,1605,2022,112,16,5,NA,NA,T,NA,NA,NA,NA,20221121605
337,2022112,1905,2022,112,19,5,NA,NA,A,NA,NA,NA,NA,20221121905
338,2022113,1505,2022,113,15,5,NA,NA,T,NA,NA,NA,NA,20221131505
339,2022113,1810,2022,113,18,10,NA,NA,A,NA,NA,NA,NA,20221131810
340,2022114,1550,2022,114,15,50,NA,NA,T,NA,NA,NA,NA,20221141550
341,2022114,1850,2022,114,18,50,NA,NA,A,NA,NA,NA,NA,20221141850
342,2022114,1855,2022,114,18,55,NA,NA,A,NA,NA,NA,NA,20221141855
343,2022115,1455,2022,115,14,55,NA,NA,T,NA,NA,NA,NA,20221151455
344,2022115,1630,2022,115,16,30,NA,NA,T,NA,NA,NA,NA,20221151630
345,2022115,1755,2022,115,17,55,NA,NA,A,NA,NA,NA,NA,20221151755
346,2022115,1935,2022,115,19,35,NA,NA,A,NA,NA,NA,NA,20221151935
347,2022116,1540,2022,116,15,40,NA,NA,T,NA,NA,NA,NA,20221161540
348,2022116,1840,2022,116,18,40,NA,NA,A,NA,NA,NA,NA,20221161840
349,2022117,1445,2022,117,14,45,NA,NA,T,NA,NA,NA,NA,20221171445
350,2022117,1620,2022,117,16,20,NA,NA,T,NA,NA,NA,NA,20221171620
351,2022117,1745,2022,117,17,45,NA,NA,A,NA,NA,NA,NA,20221171745
352,2022117,1925,2022,117,19,25,NA,NA,A,NA,NA,NA,NA,20221171925
353,2022118,1525,2022,118,15,25,NA,NA,T,NA,NA,NA,NA,20221181525
354,2022118,1825,2022,118,18,25,NA,NA,A,NA,NA,NA,NA,20221181825
355,2022118,1830,2022,118,18,30,NA,NA,A,NA,NA,NA,NA,20221181830
356,2022119,1430,2022,119,14,30,NA,NA,T,NA,NA,NA,NA,20221191430
357,2022119,1610,2022,119,16,10,NA,NA,T,NA,NA,NA,NA,20221191610
358,2022119,1730,2022,119,17,30,NA,NA,A,NA,NA,NA,NA,20221191730
359,2022119,1910,2022,119,19,10,NA,NA,A,NA,NA,NA,NA,20221191910
360,2022119,1915,2022,119,19,15,NA,NA,A,NA,NA,NA,NA,20221191915
361,2022120,1515,2022,120,15,15,NA,NA,T,NA,NA,NA,NA,20221201515
362,2022120,1815,2022,120,18,15,NA,NA,A,NA,NA,NA,NA,20221201815
363,2022121,1420,2022,121,14,20,NA,NA,T,NA,NA,NA,NA,20221211420
364,2022121,1555,2022,121,15,55,NA,NA,T,NA,NA,NA,NA,20221211555
365,2022121,1855,2022,121,18,55,NA,NA,A,NA,NA,NA,NA,20221211855
366,2022121,1900,2022,121,19,0,NA,NA,A,NA,NA,NA,NA,20221211900
367,2022122,1500,2022,122,15,0,NA,NA,T,NA,NA,NA,NA,20221221500
368,2022122,1800,2022,122,18,0,NA,NA,A,NA,NA,NA,NA,20221221800
369,2022122,1805,2022,122,18,5,NA,NA,A,NA,NA,NA,NA,20221221805
370,2022123,1545,2022,123,15,45,6.262499999,-75.58018662,T,0.143,0.0985,0.0235,0,20221231545
371,2022123,1845,2022,123,18,45,NA,NA,A,NA,NA,NA,NA,20221231845
372,2022123,1850,2022,123,18,50,NA,NA,A,NA,NA,NA,NA,20221231850
373,2022124,1450,2022,124,14,50,NA,NA,T,NA,NA,NA,NA,20221241450
374,2022124,1625,2022,124,16,25,NA,NA,T,NA,NA,NA,NA,20221241625
375,2022124,1750,2022,124,17,50,NA,NA,A,NA,NA,NA,NA,20221241750
376,2022124,1930,2022,124,19,30,NA,NA,A,NA,NA,NA,NA,20221241930
377,2022125,1530,2022,125,15,30,NA,NA,T,NA,NA,NA,NA,20221251530
378,2022126,1435,2022,126,14,35,NA,NA,T,NA,NA,NA,NA,20221261435
379,2022126,1615,2022,126,16,15,NA,NA,T,NA,NA,NA,NA,20221261615
380,2022126,1735,2022,126,17,35,NA,NA,A,NA,NA,NA,NA,20221261735
381,2022126,1915,2022,126,19,15,NA,NA,A,NA,NA,NA,NA,20221261915
382,2022126,1920,2022,126,19,20,NA,NA,A,NA,NA,NA,NA,20221261920
383,2022127,1520,2022,127,15,20,NA,NA,T,NA,NA,NA,NA,20221271520
384,2022127,1820,2022,127,18,20,NA,NA,A,NA,NA,NA,NA,20221271820
385,2022127,1825,2022,127,18,25,NA,NA,A,NA,NA,NA,NA,20221271825
386,2022128,1425,2022,128,14,25,NA,NA,T,NA,NA,NA,NA,20221281425
387,2022128,1600,2022,128,16,0,6.262499999,-75.58018662,T,0.16475,0.11325,0.0122,0,20221281600
388,2022128,1905,2022,128,19,5,NA,NA,A,NA,NA,NA,NA,20221281905
389,2022129,1505,2022,129,15,5,NA,NA,T,NA,NA,NA,NA,20221291505
390,2022129,1805,2022,129,18,5,NA,NA,A,NA,NA,NA,NA,20221291805
391,2022129,1810,2022,129,18,10,NA,NA,A,NA,NA,NA,NA,20221291810
392,2022130,1550,2022,130,15,50,NA,NA,T,NA,NA,NA,NA,20221301550
393,2022130,1850,2022,130,18,50,NA,NA,A,NA,NA,NA,NA,20221301850
394,2022130,1855,2022,130,18,55,NA,NA,A,NA,NA,NA,NA,20221301855
395,2022131,1455,2022,131,14,55,NA,NA,T,NA,NA,NA,NA,20221311455
396,2022131,1630,2022,131,16,30,NA,NA,T,NA,NA,NA,NA,20221311630
397,2022131,1755,2022,131,17,55,NA,NA,A,NA,NA,NA,NA,20221311755
398,2022131,1935,2022,131,19,35,NA,NA,A,NA,NA,NA,NA,20221311935
399,2022132,1535,2022,132,15,35,6.262499999,-75.58018662,T,0.3565,0.249,0.0302,0,20221321535
400,2022132,1835,2022,132,18,35,NA,NA,A,NA,NA,NA,NA,20221321835
401,2022132,1840,2022,132,18,40,NA,NA,A,NA,NA,NA,NA,20221321840
402,2022133,1440,2022,133,14,40,NA,NA,T,NA,NA,NA,NA,20221331440
403,2022133,1620,2022,133,16,20,NA,NA,T,NA,NA,NA,NA,20221331620
404,2022133,1740,2022,133,17,40,NA,NA,A,NA,NA,NA,NA,20221331740
405,2022133,1920,2022,133,19,20,NA,NA,A,NA,NA,NA,NA,20221331920
406,2022133,1925,2022,133,19,25,NA,NA,A,NA,NA,NA,NA,20221331925
407,2022134,1525,2022,134,15,25,NA,NA,T,NA,NA,NA,NA,20221341525
408,2022134,1825,2022,134,18,25,NA,NA,A,NA,NA,NA,NA,20221341825
409,2022134,1830,2022,134,18,30,NA,NA,A,NA,NA,NA,NA,20221341830
410,2022135,1430,2022,135,14,30,NA,NA,T,NA,NA,NA,NA,20221351430
411,2022135,1610,2022,135,16,10,NA,NA,T,NA,NA,NA,NA,20221351610
412,2022135,1730,2022,135,17,30,NA,NA,A,NA,NA,NA,NA,20221351730
413,2022135,1910,2022,135,19,10,NA,NA,A,NA,NA,NA,NA,20221351910
414,2022136,1515,2022,136,15,15,NA,NA,T,NA,NA,NA,NA,20221361515
415,2022137,1415,2022,137,14,15,NA,NA,T,NA,NA,NA,NA,20221371415
416,2022137,1555,2022,137,15,55,NA,NA,T,NA,NA,NA,NA,20221371555
417,2022137,1855,2022,137,18,55,NA,NA,A,NA,NA,NA,NA,20221371855
418,2022137,1900,2022,137,19,0,NA,NA,A,NA,NA,NA,NA,20221371900
419,2022138,1500,2022,138,15,0,NA,NA,T,NA,NA,NA,NA,20221381500
420,2022138,1800,2022,138,18,0,NA,NA,A,NA,NA,NA,NA,20221381800
421,2022138,1940,2022,138,19,40,NA,NA,A,NA,NA,NA,NA,20221381940
422,2022139,1545,2022,139,15,45,NA,NA,T,NA,NA,NA,NA,20221391545
423,2022139,1840,2022,139,18,40,NA,NA,A,NA,NA,NA,NA,20221391840
424,2022139,1845,2022,139,18,45,NA,NA,A,NA,NA,NA,NA,20221391845
425,2022140,1450,2022,140,14,50,NA,NA,T,NA,NA,NA,NA,20221401450
426,2022140,1625,2022,140,16,25,NA,NA,T,NA,NA,NA,NA,20221401625
427,2022140,1745,2022,140,17,45,NA,NA,A,NA,NA,NA,NA,20221401745
428,2022140,1925,2022,140,19,25,NA,NA,A,NA,NA,NA,NA,20221401925
429,2022140,1930,2022,140,19,30,NA,NA,A,NA,NA,NA,NA,20221401930
430,2022141,1530,2022,141,15,30,NA,NA,T,NA,NA,NA,NA,20221411530
431,2022141,1830,2022,141,18,30,NA,NA,A,NA,NA,NA,NA,20221411830
432,2022141,1835,2022,141,18,35,NA,NA,A,NA,NA,NA,NA,20221411835
433,2022142,1435,2022,142,14,35,NA,NA,T,NA,NA,NA,NA,20221421435
434,2022142,1615,2022,142,16,15,NA,NA,T,NA,NA,NA,NA,20221421615
435,2022142,1735,2022,142,17,35,NA,NA,A,NA,NA,NA,NA,20221421735
436,2022142,1915,2022,142,19,15,NA,NA,A,NA,NA,NA,NA,20221421915
437,2022143,1520,2022,143,15,20,NA,NA,T,NA,NA,NA,NA,20221431520
438,2022143,1815,2022,143,18,15,NA,NA,A,NA,NA,NA,NA,20221431815
439,2022143,1820,2022,143,18,20,NA,NA,A,NA,NA,NA,NA,20221431820
440,2022144,1425,2022,144,14,25,NA,NA,T,NA,NA,NA,NA,20221441425
441,2022144,1600,2022,144,16,0,NA,NA,T,NA,NA,NA,NA,20221441600
442,2022144,1900,2022,144,19,0,NA,NA,A,NA,NA,NA,NA,20221441900
443,2022144,1905,2022,144,19,5,NA,NA,A,NA,NA,NA,NA,20221441905
444,2022145,1505,2022,145,15,5,NA,NA,T,NA,NA,NA,NA,20221451505
445,2022145,1805,2022,145,18,5,NA,NA,A,NA,NA,NA,NA,20221451805
446,2022145,1810,2022,145,18,10,NA,NA,A,NA,NA,NA,NA,20221451810
447,2022146,1550,2022,146,15,50,NA,NA,T,NA,NA,NA,NA,20221461550
448,2022146,1850,2022,146,18,50,NA,NA,A,NA,NA,NA,NA,20221461850
449,2022147,1455,2022,147,14,55,NA,NA,T,NA,NA,NA,NA,20221471455
450,2022147,1630,2022,147,16,30,NA,NA,T,NA,NA,NA,NA,20221471630
451,2022147,1750,2022,147,17,50,NA,NA,A,NA,NA,NA,NA,20221471750
452,2022147,1930,2022,147,19,30,NA,NA,A,NA,NA,NA,NA,20221471930
453,2022147,1935,2022,147,19,35,NA,NA,A,NA,NA,NA,NA,20221471935
454,2022148,1535,2022,148,15,35,NA,NA,T,NA,NA,NA,NA,20221481535
455,2022148,1835,2022,148,18,35,NA,NA,A,NA,NA,NA,NA,20221481835
456,2022148,1840,2022,148,18,40,NA,NA,A,NA,NA,NA,NA,20221481840
457,2022149,1440,2022,149,14,40,NA,NA,T,NA,NA,NA,NA,20221491440
458,2022149,1620,2022,149,16,20,NA,NA,T,NA,NA,NA,NA,20221491620
459,2022149,1740,2022,149,17,40,NA,NA,A,NA,NA,NA,NA,20221491740
460,2022149,1920,2022,149,19,20,NA,NA,A,NA,NA,NA,NA,20221491920
461,2022150,1525,2022,150,15,25,NA,NA,T,NA,NA,NA,NA,20221501525
462,2022150,1820,2022,150,18,20,NA,NA,A,NA,NA,NA,NA,20221501820
463,2022150,1825,2022,150,18,25,NA,NA,A,NA,NA,NA,NA,20221501825
464,2022151,1430,2022,151,14,30,NA,NA,T,NA,NA,NA,NA,20221511430
465,2022151,1605,2022,151,16,5,NA,NA,T,NA,NA,NA,NA,20221511605
466,2022151,1905,2022,151,19,5,NA,NA,A,NA,NA,NA,NA,20221511905
467,2022151,1910,2022,151,19,10,NA,NA,A,NA,NA,NA,NA,20221511910
468,2022152,1510,2022,152,15,10,NA,NA,T,NA,NA,NA,NA,20221521510
469,2022152,1810,2022,152,18,10,NA,NA,A,NA,NA,NA,NA,20221521810
470,2022152,1815,2022,152,18,15,NA,NA,A,NA,NA,NA,NA,20221521815
471,2022153,1415,2022,153,14,15,NA,NA,T,NA,NA,NA,NA,20221531415
472,2022153,1555,2022,153,15,55,NA,NA,T,NA,NA,NA,NA,20221531555
473,2022153,1855,2022,153,18,55,NA,NA,A,NA,NA,NA,NA,20221531855
474,2022154,1500,2022,154,15,0,NA,NA,T,NA,NA,NA,NA,20221541500
475,2022154,1755,2022,154,17,55,NA,NA,A,NA,NA,NA,NA,20221541755
476,2022154,1935,2022,154,19,35,NA,NA,A,NA,NA,NA,NA,20221541935
477,2022155,1545,2022,155,15,45,NA,NA,T,NA,NA,NA,NA,20221551545
478,2022155,1840,2022,155,18,40,NA,NA,A,NA,NA,NA,NA,20221551840
479,2022155,1845,2022,155,18,45,NA,NA,A,NA,NA,NA,NA,20221551845
480,2022156,1445,2022,156,14,45,NA,NA,T,NA,NA,NA,NA,20221561445
481,2022156,1625,2022,156,16,25,NA,NA,T,NA,NA,NA,NA,20221561625
482,2022156,1745,2022,156,17,45,NA,NA,A,NA,NA,NA,NA,20221561745
483,2022156,1925,2022,156,19,25,NA,NA,A,NA,NA,NA,NA,20221561925
484,2022157,1530,2022,157,15,30,NA,NA,T,NA,NA,NA,NA,20221571530
485,2022157,1825,2022,157,18,25,NA,NA,A,NA,NA,NA,NA,20221571825
486,2022157,1830,2022,157,18,30,NA,NA,A,NA,NA,NA,NA,20221571830
487,2022158,1435,2022,158,14,35,NA,NA,T,NA,NA,NA,NA,20221581435
488,2022158,1615,2022,158,16,15,NA,NA,T,NA,NA,NA,NA,20221581615
489,2022158,1730,2022,158,17,30,NA,NA,A,NA,NA,NA,NA,20221581730
490,2022158,1910,2022,158,19,10,NA,NA,A,NA,NA,NA,NA,20221581910
491,2022158,1915,2022,158,19,15,NA,NA,A,NA,NA,NA,NA,20221581915
492,2022159,1520,2022,159,15,20,NA,NA,T,NA,NA,NA,NA,20221591520
493,2022159,1815,2022,159,18,15,NA,NA,A,NA,NA,NA,NA,20221591815
494,2022159,1820,2022,159,18,20,NA,NA,A,NA,NA,NA,NA,20221591820
495,2022160,1425,2022,160,14,25,NA,NA,T,NA,NA,NA,NA,20221601425
496,2022160,1600,2022,160,16,0,NA,NA,T,NA,NA,NA,NA,20221601600
497,2022160,1855,2022,160,18,55,NA,NA,A,NA,NA,NA,NA,20221601855
498,2022160,1900,2022,160,19,0,NA,NA,A,NA,NA,NA,NA,20221601900
499,2022161,1505,2022,161,15,5,6.254166666,-75.57898112,T,0.262,0.182,0.027,0,20221611505
500,2022161,1800,2022,161,18,0,NA,NA,A,NA,NA,NA,NA,20221611800
501,2022161,1805,2022,161,18,5,NA,NA,A,NA,NA,NA,NA,20221611805
502,2022162,1550,2022,162,15,50,NA,NA,T,NA,NA,NA,NA,20221621550
503,2022162,1845,2022,162,18,45,NA,NA,A,NA,NA,NA,NA,20221621845
504,2022162,1850,2022,162,18,50,NA,NA,A,NA,NA,NA,NA,20221621850
505,2022163,1455,2022,163,14,55,NA,NA,T,NA,NA,NA,NA,20221631455
506,2022163,1630,2022,163,16,30,NA,NA,T,NA,NA,NA,NA,20221631630
507,2022163,1750,2022,163,17,50,NA,NA,A,NA,NA,NA,NA,20221631750
508,2022163,1930,2022,163,19,30,NA,NA,A,NA,NA,NA,NA,20221631930
509,2022164,1535,2022,164,15,35,NA,NA,T,NA,NA,NA,NA,20221641535
510,2022164,1830,2022,164,18,30,NA,NA,A,NA,NA,NA,NA,20221641830
511,2022164,1835,2022,164,18,35,NA,NA,A,NA,NA,NA,NA,20221641835
512,2022165,1440,2022,165,14,40,NA,NA,T,NA,NA,NA,NA,20221651440
513,2022165,1620,2022,165,16,20,NA,NA,T,NA,NA,NA,NA,20221651620
514,2022165,1735,2022,165,17,35,NA,NA,A,NA,NA,NA,NA,20221651735
515,2022165,1915,2022,165,19,15,NA,NA,A,NA,NA,NA,NA,20221651915
516,2022165,1920,2022,165,19,20,NA,NA,A,NA,NA,NA,NA,20221651920
517,2022166,1525,2022,166,15,25,NA,NA,T,NA,NA,NA,NA,20221661525
518,2022166,1820,2022,166,18,20,NA,NA,A,NA,NA,NA,NA,20221661820
519,2022167,1430,2022,167,14,30,NA,NA,T,NA,NA,NA,NA,20221671430
520,2022167,1605,2022,167,16,5,NA,NA,T,NA,NA,NA,NA,20221671605
521,2022167,1900,2022,167,19,0,NA,NA,A,NA,NA,NA,NA,20221671900
522,2022167,1905,2022,167,19,5,NA,NA,A,NA,NA,NA,NA,20221671905
523,2022168,1510,2022,168,15,10,NA,NA,T,NA,NA,NA,NA,20221681510
524,2022168,1805,2022,168,18,5,NA,NA,A,NA,NA,NA,NA,20221681805
525,2022168,1810,2022,168,18,10,NA,NA,A,NA,NA,NA,NA,20221681810
526,2022169,1415,2022,169,14,15,NA,NA,T,NA,NA,NA,NA,20221691415
527,2022169,1555,2022,169,15,55,NA,NA,T,NA,NA,NA,NA,20221691555
528,2022169,1850,2022,169,18,50,NA,NA,A,NA,NA,NA,NA,20221691850
529,2022170,1500,2022,170,15,0,NA,NA,T,NA,NA,NA,NA,20221701500
530,2022170,1755,2022,170,17,55,NA,NA,A,NA,NA,NA,NA,20221701755
531,2022170,1935,2022,170,19,35,NA,NA,A,NA,NA,NA,NA,20221701935
532,2022171,1540,2022,171,15,40,NA,NA,T,NA,NA,NA,NA,20221711540
533,2022171,1835,2022,171,18,35,NA,NA,A,NA,NA,NA,NA,20221711835
534,2022171,1840,2022,171,18,40,NA,NA,A,NA,NA,NA,NA,20221711840
535,2022172,1445,2022,172,14,45,NA,NA,T,NA,NA,NA,NA,20221721445
536,2022172,1625,2022,172,16,25,NA,NA,T,NA,NA,NA,NA,20221721625
537,2022172,1740,2022,172,17,40,NA,NA,A,NA,NA,NA,NA,20221721740
538,2022172,1920,2022,172,19,20,NA,NA,A,NA,NA,NA,NA,20221721920
539,2022173,1530,2022,173,15,30,6.262499999,-75.58018662,T,0.11425,0.0785,0.032,0,20221731530
540,2022173,1825,2022,173,18,25,NA,NA,A,NA,NA,NA,NA,20221731825
541,2022174,1435,2022,174,14,35,NA,NA,T,NA,NA,NA,NA,20221741435
542,2022174,1615,2022,174,16,15,NA,NA,T,NA,NA,NA,NA,20221741615
543,2022174,1905,2022,174,19,5,NA,NA,A,NA,NA,NA,NA,20221741905
544,2022174,1910,2022,174,19,10,NA,NA,A,NA,NA,NA,NA,20221741910
545,2022175,1520,2022,175,15,20,NA,NA,T,NA,NA,NA,NA,20221751520
546,2022175,1810,2022,175,18,10,NA,NA,A,NA,NA,NA,NA,20221751810
547,2022175,1815,2022,175,18,15,NA,NA,A,NA,NA,NA,NA,20221751815
548,2022176,1420,2022,176,14,20,NA,NA,T,NA,NA,NA,NA,20221761420
549,2022176,1600,2022,176,16,0,NA,NA,T,NA,NA,NA,NA,20221761600
550,2022176,1855,2022,176,18,55,NA,NA,A,NA,NA,NA,NA,20221761855
551,2022177,1505,2022,177,15,5,NA,NA,T,NA,NA,NA,NA,20221771505
552,2022177,1800,2022,177,18,0,NA,NA,A,NA,NA,NA,NA,20221771800
553,2022177,1940,2022,177,19,40,NA,NA,A,NA,NA,NA,NA,20221771940
554,2022178,1550,2022,178,15,50,NA,NA,T,NA,NA,NA,NA,20221781550
555,2022178,1840,2022,178,18,40,NA,NA,A,NA,NA,NA,NA,20221781840
556,2022178,1845,2022,178,18,45,NA,NA,A,NA,NA,NA,NA,20221781845
557,2022179,1455,2022,179,14,55,NA,NA,T,NA,NA,NA,NA,20221791455
558,2022179,1630,2022,179,16,30,NA,NA,T,NA,NA,NA,NA,20221791630
559,2022179,1745,2022,179,17,45,NA,NA,A,NA,NA,NA,NA,20221791745
560,2022179,1925,2022,179,19,25,NA,NA,A,NA,NA,NA,NA,20221791925
561,2022180,1535,2022,180,15,35,NA,NA,T,NA,NA,NA,NA,20221801535
562,2022180,1830,2022,180,18,30,NA,NA,A,NA,NA,NA,NA,20221801830
563,2022181,1440,2022,181,14,40,NA,NA,T,NA,NA,NA,NA,20221811440
564,2022181,1620,2022,181,16,20,NA,NA,T,NA,NA,NA,NA,20221811620
565,2022181,1735,2022,181,17,35,NA,NA,A,NA,NA,NA,NA,20221811735
566,2022181,1910,2022,181,19,10,NA,NA,A,NA,NA,NA,NA,20221811910
567,2022181,1915,2022,181,19,15,NA,NA,A,NA,NA,NA,NA,20221811915
568,2022182,1525,2022,182,15,25,NA,NA,T,NA,NA,NA,NA,20221821525
569,2022182,1815,2022,182,18,15,NA,NA,A,NA,NA,NA,NA,20221821815
570,2022182,1820,2022,182,18,20,NA,NA,A,NA,NA,NA,NA,20221821820
571,2022183,1430,2022,183,14,30,NA,NA,T,NA,NA,NA,NA,20221831430
572,2022183,1605,2022,183,16,5,NA,NA,T,NA,NA,NA,NA,20221831605
573,2022183,1900,2022,183,19,0,NA,NA,A,NA,NA,NA,NA,20221831900
574,2022184,1510,2022,184,15,10,NA,NA,T,NA,NA,NA,NA,20221841510
575,2022184,1805,2022,184,18,5,NA,NA,A,NA,NA,NA,NA,20221841805
576,2022185,1415,2022,185,14,15,NA,NA,T,NA,NA,NA,NA,20221851415
577,2022185,1555,2022,185,15,55,NA,NA,T,NA,NA,NA,NA,20221851555
578,2022185,1845,2022,185,18,45,NA,NA,A,NA,NA,NA,NA,20221851845
579,2022185,1850,2022,185,18,50,NA,NA,A,NA,NA,NA,NA,20221851850
580,2022186,1500,2022,186,15,0,NA,NA,T,NA,NA,NA,NA,20221861500
581,2022186,1750,2022,186,17,50,NA,NA,A,NA,NA,NA,NA,20221861750
582,2022186,1930,2022,186,19,30,NA,NA,A,NA,NA,NA,NA,20221861930
583,2022187,1540,2022,187,15,40,NA,NA,T,NA,NA,NA,NA,20221871540
584,2022187,1835,2022,187,18,35,NA,NA,A,NA,NA,NA,NA,20221871835
585,2022188,1445,2022,188,14,45,NA,NA,T,NA,NA,NA,NA,20221881445
586,2022188,1625,2022,188,16,25,NA,NA,T,NA,NA,NA,NA,20221881625
587,2022188,1740,2022,188,17,40,NA,NA,A,NA,NA,NA,NA,20221881740
588,2022188,1915,2022,188,19,15,NA,NA,A,NA,NA,NA,NA,20221881915
589,2022188,1920,2022,188,19,20,NA,NA,A,NA,NA,NA,NA,20221881920
590,2022189,1530,2022,189,15,30,NA,NA,T,NA,NA,NA,NA,20221891530
591,2022189,1820,2022,189,18,20,NA,NA,A,NA,NA,NA,NA,20221891820
592,2022189,1825,2022,189,18,25,NA,NA,A,NA,NA,NA,NA,20221891825
593,2022190,1435,2022,190,14,35,NA,NA,T,NA,NA,NA,NA,20221901435
594,2022190,1610,2022,190,16,10,NA,NA,T,NA,NA,NA,NA,20221901610
595,2022190,1905,2022,190,19,5,NA,NA,A,NA,NA,NA,NA,20221901905
596,2022191,1515,2022,191,15,15,NA,NA,T,NA,NA,NA,NA,20221911515
597,2022191,1810,2022,191,18,10,NA,NA,A,NA,NA,NA,NA,20221911810
598,2022192,1420,2022,192,14,20,NA,NA,T,NA,NA,NA,NA,20221921420
599,2022192,1600,2022,192,16,0,NA,NA,T,NA,NA,NA,NA,20221921600
600,2022192,1850,2022,192,18,50,NA,NA,A,NA,NA,NA,NA,20221921850
601,2022192,1855,2022,192,18,55,NA,NA,A,NA,NA,NA,NA,20221921855
602,2022193,1505,2022,193,15,5,NA,NA,T,NA,NA,NA,NA,20221931505
603,2022193,1755,2022,193,17,55,NA,NA,A,NA,NA,NA,NA,20221931755
604,2022193,1935,2022,193,19,35,NA,NA,A,NA,NA,NA,NA,20221931935
605,2022194,1545,2022,194,15,45,NA,NA,T,NA,NA,NA,NA,20221941545
606,2022194,1840,2022,194,18,40,NA,NA,A,NA,NA,NA,NA,20221941840
607,2022195,1450,2022,195,14,50,NA,NA,T,NA,NA,NA,NA,20221951450
608,2022195,1630,2022,195,16,30,NA,NA,T,NA,NA,NA,NA,20221951630
609,2022195,1745,2022,195,17,45,NA,NA,A,NA,NA,NA,NA,20221951745
610,2022195,1920,2022,195,19,20,NA,NA,A,NA,NA,NA,NA,20221951920
611,2022195,1925,2022,195,19,25,NA,NA,A,NA,NA,NA,NA,20221951925
612,2022196,1535,2022,196,15,35,NA,NA,T,NA,NA,NA,NA,20221961535
613,2022196,1825,2022,196,18,25,NA,NA,A,NA,NA,NA,NA,20221961825
614,2022196,1830,2022,196,18,30,NA,NA,A,NA,NA,NA,NA,20221961830
615,2022197,1440,2022,197,14,40,NA,NA,T,NA,NA,NA,NA,20221971440
616,2022197,1620,2022,197,16,20,NA,NA,T,NA,NA,NA,NA,20221971620
617,2022197,1730,2022,197,17,30,NA,NA,A,NA,NA,NA,NA,20221971730
618,2022197,1910,2022,197,19,10,NA,NA,A,NA,NA,NA,NA,20221971910
619,2022198,1525,2022,198,15,25,NA,NA,T,NA,NA,NA,NA,20221981525
620,2022198,1815,2022,198,18,15,NA,NA,A,NA,NA,NA,NA,20221981815
621,2022199,1425,2022,199,14,25,NA,NA,T,NA,NA,NA,NA,20221991425
622,2022199,1605,2022,199,16,5,NA,NA,T,NA,NA,NA,NA,20221991605
623,2022199,1855,2022,199,18,55,NA,NA,A,NA,NA,NA,NA,20221991855
624,2022199,1900,2022,199,19,0,NA,NA,A,NA,NA,NA,NA,20221991900
625,2022200,1510,2022,200,15,10,6.262499999,-75.58018662,T,0.0405,0.02775,0.0283,0,20222001510
626,2022200,1800,2022,200,18,0,NA,NA,A,NA,NA,NA,NA,20222001800
627,2022200,1940,2022,200,19,40,NA,NA,A,NA,NA,NA,NA,20222001940
628,2022201,1415,2022,201,14,15,NA,NA,T,NA,NA,NA,NA,20222011415
629,2022201,1555,2022,201,15,55,NA,NA,T,NA,NA,NA,NA,20222011555
630,2022201,1845,2022,201,18,45,NA,NA,A,NA,NA,NA,NA,20222011845
631,2022202,1500,2022,202,15,0,NA,NA,T,NA,NA,NA,NA,20222021500
632,2022202,1925,2022,202,19,25,NA,NA,A,NA,NA,NA,NA,20222021925
633,2022202,1930,2022,202,19,30,NA,NA,A,NA,NA,NA,NA,20222021930
634,2022203,1540,2022,203,15,40,NA,NA,T,NA,NA,NA,NA,20222031540
635,2022203,1830,2022,203,18,30,NA,NA,A,NA,NA,NA,NA,20222031830
636,2022203,1835,2022,203,18,35,NA,NA,A,NA,NA,NA,NA,20222031835
637,2022204,1445,2022,204,14,45,NA,NA,T,NA,NA,NA,NA,20222041445
638,2022204,1620,2022,204,16,20,NA,NA,T,NA,NA,NA,NA,20222041620
639,2022204,1735,2022,204,17,35,NA,NA,A,NA,NA,NA,NA,20222041735
640,2022204,1915,2022,204,19,15,NA,NA,A,NA,NA,NA,NA,20222041915
641,2022205,1530,2022,205,15,30,NA,NA,T,NA,NA,NA,NA,20222051530
642,2022205,1815,2022,205,18,15,NA,NA,A,NA,NA,NA,NA,20222051815
643,2022205,1820,2022,205,18,20,NA,NA,A,NA,NA,NA,NA,20222051820
644,2022206,1435,2022,206,14,35,NA,NA,T,NA,NA,NA,NA,20222061435
645,2022206,1610,2022,206,16,10,NA,NA,T,NA,NA,NA,NA,20222061610
646,2022206,1900,2022,206,19,0,NA,NA,A,NA,NA,NA,NA,20222061900
647,2022206,1905,2022,206,19,5,NA,NA,A,NA,NA,NA,NA,20222061905
648,2022207,1515,2022,207,15,15,NA,NA,T,NA,NA,NA,NA,20222071515
649,2022207,1805,2022,207,18,5,NA,NA,A,NA,NA,NA,NA,20222071805
650,2022207,1810,2022,207,18,10,NA,NA,A,NA,NA,NA,NA,20222071810
651,2022208,1420,2022,208,14,20,NA,NA,T,NA,NA,NA,NA,20222081420
652,2022208,1600,2022,208,16,0,NA,NA,T,NA,NA,NA,NA,20222081600
653,2022208,1850,2022,208,18,50,NA,NA,A,NA,NA,NA,NA,20222081850
654,2022209,1505,2022,209,15,5,NA,NA,T,NA,NA,NA,NA,20222091505
655,2022209,1750,2022,209,17,50,NA,NA,A,NA,NA,NA,NA,20222091750
656,2022209,1930,2022,209,19,30,NA,NA,A,NA,NA,NA,NA,20222091930
657,2022209,1935,2022,209,19,35,NA,NA,A,NA,NA,NA,NA,20222091935
658,2022210,1545,2022,210,15,45,6.262499999,-75.58018662,T,0.189,0.1305,0.0181,0,20222101545
659,2022210,1835,2022,210,18,35,NA,NA,A,NA,NA,NA,NA,20222101835
660,2022210,1840,2022,210,18,40,NA,NA,A,NA,NA,NA,NA,20222101840
661,2022211,1450,2022,211,14,50,6.254166666,-75.57898112,T,0.186,0.128,0.0147,0,20222111450
662,2022211,1625,2022,211,16,25,NA,NA,T,NA,NA,NA,NA,20222111625
663,2022211,1740,2022,211,17,40,NA,NA,A,NA,NA,NA,NA,20222111740
664,2022211,1920,2022,211,19,20,NA,NA,A,NA,NA,NA,NA,20222111920
665,2022212,1535,2022,212,15,35,NA,NA,T,NA,NA,NA,NA,20222121535
666,2022212,1820,2022,212,18,20,NA,NA,A,NA,NA,NA,NA,20222121820
667,2022212,1825,2022,212,18,25,NA,NA,A,NA,NA,NA,NA,20222121825
668,2022213,1440,2022,213,14,40,NA,NA,T,NA,NA,NA,NA,20222131440
669,2022213,1615,2022,213,16,15,NA,NA,T,NA,NA,NA,NA,20222131615
670,2022213,1905,2022,213,19,5,NA,NA,A,NA,NA,NA,NA,20222131905
671,2022213,1910,2022,213,19,10,NA,NA,A,NA,NA,NA,NA,20222131910
672,2022214,1520,2022,214,15,20,NA,NA,T,NA,NA,NA,NA,20222141520
673,2022214,1810,2022,214,18,10,NA,NA,A,NA,NA,NA,NA,20222141810
674,2022215,1425,2022,215,14,25,NA,NA,T,NA,NA,NA,NA,20222151425
675,2022215,1605,2022,215,16,5,NA,NA,T,NA,NA,NA,NA,20222151605
676,2022215,1850,2022,215,18,50,NA,NA,A,NA,NA,NA,NA,20222151850
677,2022215,1855,2022,215,18,55,NA,NA,A,NA,NA,NA,NA,20222151855
678,2022216,1510,2022,216,15,10,NA,NA,T,NA,NA,NA,NA,20222161510
679,2022216,1755,2022,216,17,55,NA,NA,A,NA,NA,NA,NA,20222161755
680,2022216,1935,2022,216,19,35,NA,NA,A,NA,NA,NA,NA,20222161935
681,2022216,1940,2022,216,19,40,NA,NA,A,NA,NA,NA,NA,20222161940
682,2022217,1415,2022,217,14,15,NA,NA,T,NA,NA,NA,NA,20222171415
683,2022217,1555,2022,217,15,55,NA,NA,T,NA,NA,NA,NA,20222171555
684,2022217,1840,2022,217,18,40,NA,NA,A,NA,NA,NA,NA,20222171840
685,2022218,1500,2022,218,15,0,NA,NA,T,NA,NA,NA,NA,20222181500
686,2022218,1745,2022,218,17,45,NA,NA,A,NA,NA,NA,NA,20222181745
687,2022218,1920,2022,218,19,20,NA,NA,A,NA,NA,NA,NA,20222181920
688,2022218,1925,2022,218,19,25,NA,NA,A,NA,NA,NA,NA,20222181925
689,2022219,1540,2022,219,15,40,6.262499999,-75.57180326,T,0.1985,0.137,0.0243,0,20222191540
690,2022219,1825,2022,219,18,25,NA,NA,A,NA,NA,NA,NA,20222191825
691,2022219,1830,2022,219,18,30,NA,NA,A,NA,NA,NA,NA,20222191830
692,2022220,1445,2022,220,14,45,6.262499999,-75.58018662,T,0.03475,0.0235,0.0142,0,20222201445
693,2022220,1620,2022,220,16,20,NA,NA,T,NA,NA,NA,NA,20222201620
694,2022220,1910,2022,220,19,10,NA,NA,A,NA,NA,NA,NA,20222201910
695,2022221,1530,2022,221,15,30,NA,NA,T,NA,NA,NA,NA,20222211530
696,2022221,1815,2022,221,18,15,NA,NA,A,NA,NA,NA,NA,20222211815
697,2022222,1435,2022,222,14,35,NA,NA,T,NA,NA,NA,NA,20222221435
698,2022222,1610,2022,222,16,10,NA,NA,T,NA,NA,NA,NA,20222221610
699,2022222,1855,2022,222,18,55,NA,NA,A,NA,NA,NA,NA,20222221855
700,2022222,1900,2022,222,19,0,NA,NA,A,NA,NA,NA,NA,20222221900
701,2022223,1515,2022,223,15,15,NA,NA,T,NA,NA,NA,NA,20222231515
702,2022223,1800,2022,223,18,0,NA,NA,A,NA,NA,NA,NA,20222231800
703,2022223,1940,2022,223,19,40,NA,NA,A,NA,NA,NA,NA,20222231940
704,2022224,1420,2022,224,14,20,NA,NA,T,NA,NA,NA,NA,20222241420
705,2022224,1600,2022,224,16,0,NA,NA,T,NA,NA,NA,NA,20222241600
706,2022224,1845,2022,224,18,45,NA,NA,A,NA,NA,NA,NA,20222241845
707,2022225,1505,2022,225,15,5,NA,NA,T,NA,NA,NA,NA,20222251505
708,2022225,1750,2022,225,17,50,NA,NA,A,NA,NA,NA,NA,20222251750
709,2022225,1925,2022,225,19,25,NA,NA,A,NA,NA,NA,NA,20222251925
710,2022225,1930,2022,225,19,30,NA,NA,A,NA,NA,NA,NA,20222251930
711,2022226,1545,2022,226,15,45,NA,NA,T,NA,NA,NA,NA,20222261545
712,2022226,1830,2022,226,18,30,NA,NA,A,NA,NA,NA,NA,20222261830
713,2022226,1835,2022,226,18,35,NA,NA,A,NA,NA,NA,NA,20222261835
714,2022227,1450,2022,227,14,50,NA,NA,T,NA,NA,NA,NA,20222271450
715,2022227,1625,2022,227,16,25,NA,NA,T,NA,NA,NA,NA,20222271625
716,2022227,1735,2022,227,17,35,NA,NA,A,NA,NA,NA,NA,20222271735
717,2022227,1915,2022,227,19,15,NA,NA,A,NA,NA,NA,NA,20222271915
718,2022228,1535,2022,228,15,35,NA,NA,T,NA,NA,NA,NA,20222281535
719,2022228,1820,2022,228,18,20,NA,NA,A,NA,NA,NA,NA,20222281820
720,2022229,1440,2022,229,14,40,NA,NA,T,NA,NA,NA,NA,20222291440
721,2022229,1615,2022,229,16,15,NA,NA,T,NA,NA,NA,NA,20222291615
722,2022229,1900,2022,229,19,0,NA,NA,A,NA,NA,NA,NA,20222291900
723,2022229,1905,2022,229,19,5,NA,NA,A,NA,NA,NA,NA,20222291905
724,2022230,1520,2022,230,15,20,NA,NA,T,NA,NA,NA,NA,20222301520
725,2022230,1805,2022,230,18,5,NA,NA,A,NA,NA,NA,NA,20222301805
726,2022230,1810,2022,230,18,10,NA,NA,A,NA,NA,NA,NA,20222301810
727,2022231,1425,2022,231,14,25,NA,NA,T,NA,NA,NA,NA,20222311425
728,2022231,1605,2022,231,16,5,NA,NA,T,NA,NA,NA,NA,20222311605
729,2022231,1850,2022,231,18,50,NA,NA,A,NA,NA,NA,NA,20222311850
730,2022232,1510,2022,232,15,10,NA,NA,T,NA,NA,NA,NA,20222321510
731,2022232,1755,2022,232,17,55,NA,NA,A,NA,NA,NA,NA,20222321755
732,2022232,1930,2022,232,19,30,NA,NA,A,NA,NA,NA,NA,20222321930
733,2022232,1935,2022,232,19,35,NA,NA,A,NA,NA,NA,NA,20222321935
734,2022233,1415,2022,233,14,15,NA,NA,T,NA,NA,NA,NA,20222331415
735,2022233,1550,2022,233,15,50,NA,NA,T,NA,NA,NA,NA,20222331550
736,2022233,1835,2022,233,18,35,NA,NA,A,NA,NA,NA,NA,20222331835
737,2022233,1840,2022,233,18,40,NA,NA,A,NA,NA,NA,NA,20222331840
738,2022234,1455,2022,234,14,55,NA,NA,T,NA,NA,NA,NA,20222341455
739,2022234,1740,2022,234,17,40,NA,NA,A,NA,NA,NA,NA,20222341740
740,2022234,1920,2022,234,19,20,NA,NA,A,NA,NA,NA,NA,20222341920
741,2022235,1540,2022,235,15,40,NA,NA,T,NA,NA,NA,NA,20222351540
742,2022235,1825,2022,235,18,25,NA,NA,A,NA,NA,NA,NA,20222351825
743,2022236,1445,2022,236,14,45,6.262499999,-75.58018662,T,0.19,0.131,0.017,0,20222361445
744,2022236,1620,2022,236,16,20,NA,NA,T,NA,NA,NA,NA,20222361620
745,2022236,1905,2022,236,19,5,NA,NA,A,NA,NA,NA,NA,20222361905
746,2022236,1910,2022,236,19,10,NA,NA,A,NA,NA,NA,NA,20222361910
747,2022237,1530,2022,237,15,30,NA,NA,T,NA,NA,NA,NA,20222371530
748,2022237,1810,2022,237,18,10,NA,NA,A,NA,NA,NA,NA,20222371810
749,2022237,1815,2022,237,18,15,NA,NA,A,NA,NA,NA,NA,20222371815
750,2022238,1430,2022,238,14,30,NA,NA,T,NA,NA,NA,NA,20222381430
751,2022238,1610,2022,238,16,10,NA,NA,T,NA,NA,NA,NA,20222381610
752,2022238,1855,2022,238,18,55,NA,NA,A,NA,NA,NA,NA,20222381855
753,2022239,1515,2022,239,15,15,NA,NA,T,NA,NA,NA,NA,20222391515
754,2022239,1755,2022,239,17,55,NA,NA,A,NA,NA,NA,NA,20222391755
755,2022239,1935,2022,239,19,35,NA,NA,A,NA,NA,NA,NA,20222391935
756,2022239,1940,2022,239,19,40,NA,NA,A,NA,NA,NA,NA,20222391940
757,2022240,1420,2022,240,14,20,NA,NA,T,NA,NA,NA,NA,20222401420
758,2022240,1600,2022,240,16,0,NA,NA,T,NA,NA,NA,NA,20222401600
759,2022240,1840,2022,240,18,40,NA,NA,A,NA,NA,NA,NA,20222401840
760,2022240,1845,2022,240,18,45,NA,NA,A,NA,NA,NA,NA,20222401845
761,2022241,1505,2022,241,15,5,NA,NA,T,NA,NA,NA,NA,20222411505
762,2022241,1745,2022,241,17,45,NA,NA,A,NA,NA,NA,NA,20222411745
763,2022241,1925,2022,241,19,25,NA,NA,A,NA,NA,NA,NA,20222411925
764,2022242,1545,2022,242,15,45,6.262499999,-75.58018662,T,0.07725,0.053,0.0184,0,20222421545
765,2022242,1825,2022,242,18,25,NA,NA,A,NA,NA,NA,NA,20222421825
766,2022242,1830,2022,242,18,30,NA,NA,A,NA,NA,NA,NA,20222421830
767,2022243,1450,2022,243,14,50,NA,NA,T,NA,NA,NA,NA,20222431450
768,2022243,1625,2022,243,16,25,NA,NA,T,NA,NA,NA,NA,20222431625
769,2022243,1910,2022,243,19,10,NA,NA,A,NA,NA,NA,NA,20222431910
770,2022243,1915,2022,243,19,15,NA,NA,A,NA,NA,NA,NA,20222431915
771,2022244,1535,2022,244,15,35,NA,NA,T,NA,NA,NA,NA,20222441535
772,2022244,1815,2022,244,18,15,NA,NA,A,NA,NA,NA,NA,20222441815
773,2022244,1820,2022,244,18,20,NA,NA,A,NA,NA,NA,NA,20222441820
774,2022245,1440,2022,245,14,40,NA,NA,T,NA,NA,NA,NA,20222451440
775,2022245,1615,2022,245,16,15,NA,NA,T,NA,NA,NA,NA,20222451615
776,2022245,1855,2022,245,18,55,NA,NA,A,NA,NA,NA,NA,20222451855
777,2022245,1900,2022,245,19,0,NA,NA,A,NA,NA,NA,NA,20222451900
778,2022246,1520,2022,246,15,20,NA,NA,T,NA,NA,NA,NA,20222461520
779,2022246,1800,2022,246,18,0,NA,NA,A,NA,NA,NA,NA,20222461800
780,2022246,1940,2022,246,19,40,NA,NA,A,NA,NA,NA,NA,20222461940
781,2022247,1425,2022,247,14,25,NA,NA,T,NA,NA,NA,NA,20222471425
782,2022247,1605,2022,247,16,5,NA,NA,T,NA,NA,NA,NA,20222471605
783,2022247,1845,2022,247,18,45,NA,NA,A,NA,NA,NA,NA,20222471845
784,2022248,1510,2022,248,15,10,NA,NA,T,NA,NA,NA,NA,20222481510
785,2022248,1750,2022,248,17,50,NA,NA,A,NA,NA,NA,NA,20222481750
786,2022248,1925,2022,248,19,25,NA,NA,A,NA,NA,NA,NA,20222481925
787,2022248,1930,2022,248,19,30,NA,NA,A,NA,NA,NA,NA,20222481930
788,2022249,1415,2022,249,14,15,NA,NA,T,NA,NA,NA,NA,20222491415
789,2022249,1550,2022,249,15,50,NA,NA,T,NA,NA,NA,NA,20222491550
790,2022249,1830,2022,249,18,30,NA,NA,A,NA,NA,NA,NA,20222491830
791,2022249,1835,2022,249,18,35,NA,NA,A,NA,NA,NA,NA,20222491835
792,2022250,1455,2022,250,14,55,NA,NA,T,NA,NA,NA,NA,20222501455
793,2022250,1735,2022,250,17,35,NA,NA,A,NA,NA,NA,NA,20222501735
794,2022250,1915,2022,250,19,15,NA,NA,A,NA,NA,NA,NA,20222501915
795,2022251,1540,2022,251,15,40,6.262499999,-75.58018662,T,0.197,0.136,0.0241,0,20222511540
796,2022251,1820,2022,251,18,20,NA,NA,A,NA,NA,NA,NA,20222511820
797,2022252,1445,2022,252,14,45,NA,NA,T,NA,NA,NA,NA,20222521445
798,2022252,1620,2022,252,16,20,NA,NA,T,NA,NA,NA,NA,20222521620
799,2022252,1900,2022,252,19,0,NA,NA,A,NA,NA,NA,NA,20222521900
800,2022252,1905,2022,252,19,5,NA,NA,A,NA,NA,NA,NA,20222521905
801,2022253,1525,2022,253,15,25,NA,NA,T,NA,NA,NA,NA,20222531525
802,2022253,1805,2022,253,18,5,NA,NA,A,NA,NA,NA,NA,20222531805
803,2022253,1810,2022,253,18,10,NA,NA,A,NA,NA,NA,NA,20222531810
804,2022254,1430,2022,254,14,30,NA,NA,T,NA,NA,NA,NA,20222541430
805,2022254,1610,2022,254,16,10,NA,NA,T,NA,NA,NA,NA,20222541610
806,2022254,1850,2022,254,18,50,NA,NA,A,NA,NA,NA,NA,20222541850
807,2022255,1515,2022,255,15,15,NA,NA,T,NA,NA,NA,NA,20222551515
808,2022255,1755,2022,255,17,55,NA,NA,A,NA,NA,NA,NA,20222551755
809,2022255,1930,2022,255,19,30,NA,NA,A,NA,NA,NA,NA,20222551930
810,2022255,1935,2022,255,19,35,NA,NA,A,NA,NA,NA,NA,20222551935
811,2022256,1420,2022,256,14,20,NA,NA,T,NA,NA,NA,NA,20222561420
812,2022256,1600,2022,256,16,0,NA,NA,T,NA,NA,NA,NA,20222561600
813,2022256,1835,2022,256,18,35,NA,NA,A,NA,NA,NA,NA,20222561835
814,2022256,1840,2022,256,18,40,NA,NA,A,NA,NA,NA,NA,20222561840
815,2022257,1505,2022,257,15,5,NA,NA,T,NA,NA,NA,NA,20222571505
816,2022257,1740,2022,257,17,40,NA,NA,A,NA,NA,NA,NA,20222571740
817,2022257,1920,2022,257,19,20,NA,NA,A,NA,NA,NA,NA,20222571920
818,2022258,1545,2022,258,15,45,NA,NA,T,NA,NA,NA,NA,20222581545
819,2022258,1825,2022,258,18,25,NA,NA,A,NA,NA,NA,NA,20222581825
820,2022259,1450,2022,259,14,50,NA,NA,T,NA,NA,NA,NA,20222591450
821,2022259,1625,2022,259,16,25,NA,NA,T,NA,NA,NA,NA,20222591625
822,2022259,1905,2022,259,19,5,NA,NA,A,NA,NA,NA,NA,20222591905
823,2022259,1910,2022,259,19,10,NA,NA,A,NA,NA,NA,NA,20222591910
824,2022260,1535,2022,260,15,35,NA,NA,T,NA,NA,NA,NA,20222601535
825,2022260,1810,2022,260,18,10,NA,NA,A,NA,NA,NA,NA,20222601810
826,2022260,1815,2022,260,18,15,NA,NA,A,NA,NA,NA,NA,20222601815
827,2022261,1440,2022,261,14,40,NA,NA,T,NA,NA,NA,NA,20222611440
828,2022261,1615,2022,261,16,15,NA,NA,T,NA,NA,NA,NA,20222611615
829,2022261,1855,2022,261,18,55,NA,NA,A,NA,NA,NA,NA,20222611855
830,2022262,1520,2022,262,15,20,NA,NA,T,NA,NA,NA,NA,20222621520
831,2022262,1755,2022,262,17,55,NA,NA,A,NA,NA,NA,NA,20222621755
832,2022262,1935,2022,262,19,35,NA,NA,A,NA,NA,NA,NA,20222621935
833,2022262,1940,2022,262,19,40,NA,NA,A,NA,NA,NA,NA,20222621940
834,2022263,1425,2022,263,14,25,NA,NA,T,NA,NA,NA,NA,20222631425
835,2022263,1605,2022,263,16,5,NA,NA,T,NA,NA,NA,NA,20222631605
836,2022263,1840,2022,263,18,40,NA,NA,A,NA,NA,NA,NA,20222631840
837,2022263,1845,2022,263,18,45,NA,NA,A,NA,NA,NA,NA,20222631845
838,2022264,1510,2022,264,15,10,NA,NA,T,NA,NA,NA,NA,20222641510
839,2022264,1745,2022,264,17,45,NA,NA,A,NA,NA,NA,NA,20222641745
840,2022264,1925,2022,264,19,25,NA,NA,A,NA,NA,NA,NA,20222641925
841,2022265,1415,2022,265,14,15,NA,NA,T,NA,NA,NA,NA,20222651415
842,2022265,1550,2022,265,15,50,NA,NA,T,NA,NA,NA,NA,20222651550
843,2022265,1825,2022,265,18,25,NA,NA,A,NA,NA,NA,NA,20222651825
844,2022265,1830,2022,265,18,30,NA,NA,A,NA,NA,NA,NA,20222651830
845,2022266,1455,2022,266,14,55,NA,NA,T,NA,NA,NA,NA,20222661455
846,2022266,1910,2022,266,19,10,NA,NA,A,NA,NA,NA,NA,20222661910
847,2022266,1915,2022,266,19,15,NA,NA,A,NA,NA,NA,NA,20222661915
848,2022267,1540,2022,267,15,40,NA,NA,T,NA,NA,NA,NA,20222671540
849,2022267,1815,2022,267,18,15,NA,NA,A,NA,NA,NA,NA,20222671815
850,2022267,1820,2022,267,18,20,NA,NA,A,NA,NA,NA,NA,20222671820
851,2022268,1445,2022,268,14,45,NA,NA,T,NA,NA,NA,NA,20222681445
852,2022268,1620,2022,268,16,20,NA,NA,T,NA,NA,NA,NA,20222681620
853,2022268,1855,2022,268,18,55,NA,NA,A,NA,NA,NA,NA,20222681855
854,2022268,1900,2022,268,19,0,NA,NA,A,NA,NA,NA,NA,20222681900
855,2022269,1525,2022,269,15,25,NA,NA,T,NA,NA,NA,NA,20222691525
856,2022269,1800,2022,269,18,0,NA,NA,A,NA,NA,NA,NA,20222691800
857,2022269,1940,2022,269,19,40,NA,NA,A,NA,NA,NA,NA,20222691940
858,2022270,1430,2022,270,14,30,NA,NA,T,NA,NA,NA,NA,20222701430
859,2022270,1610,2022,270,16,10,NA,NA,T,NA,NA,NA,NA,20222701610
860,2022270,1845,2022,270,18,45,NA,NA,A,NA,NA,NA,NA,20222701845
861,2022271,1515,2022,271,15,15,NA,NA,T,NA,NA,NA,NA,20222711515
862,2022271,1750,2022,271,17,50,NA,NA,A,NA,NA,NA,NA,20222711750
863,2022271,1925,2022,271,19,25,NA,NA,A,NA,NA,NA,NA,20222711925
864,2022271,1930,2022,271,19,30,NA,NA,A,NA,NA,NA,NA,20222711930
865,2022272,1420,2022,272,14,20,NA,NA,T,NA,NA,NA,NA,20222721420
866,2022272,1555,2022,272,15,55,NA,NA,T,NA,NA,NA,NA,20222721555
867,2022272,1830,2022,272,18,30,NA,NA,A,NA,NA,NA,NA,20222721830
868,2022272,1835,2022,272,18,35,NA,NA,A,NA,NA,NA,NA,20222721835
869,2022273,1500,2022,273,15,0,NA,NA,T,NA,NA,NA,NA,20222731500
870,2022273,1735,2022,273,17,35,NA,NA,A,NA,NA,NA,NA,20222731735
871,2022273,1915,2022,273,19,15,NA,NA,A,NA,NA,NA,NA,20222731915
872,2022274,1545,2022,274,15,45,NA,NA,T,NA,NA,NA,NA,20222741545
873,2022274,1820,2022,274,18,20,NA,NA,A,NA,NA,NA,NA,20222741820
874,2022275,1450,2022,275,14,50,NA,NA,T,NA,NA,NA,NA,20222751450
875,2022275,1625,2022,275,16,25,NA,NA,T,NA,NA,NA,NA,20222751625
876,2022275,1900,2022,275,19,0,NA,NA,A,NA,NA,NA,NA,20222751900
877,2022275,1905,2022,275,19,5,NA,NA,A,NA,NA,NA,NA,20222751905
878,2022276,1530,2022,276,15,30,NA,NA,T,NA,NA,NA,NA,20222761530
879,2022276,1805,2022,276,18,5,NA,NA,A,NA,NA,NA,NA,20222761805
880,2022276,1810,2022,276,18,10,NA,NA,A,NA,NA,NA,NA,20222761810
881,2022277,1435,2022,277,14,35,NA,NA,T,NA,NA,NA,NA,20222771435
882,2022277,1615,2022,277,16,15,NA,NA,T,NA,NA,NA,NA,20222771615
883,2022277,1850,2022,277,18,50,NA,NA,A,NA,NA,NA,NA,20222771850
884,2022278,1520,2022,278,15,20,NA,NA,T,NA,NA,NA,NA,20222781520
885,2022278,1755,2022,278,17,55,NA,NA,A,NA,NA,NA,NA,20222781755
886,2022278,1930,2022,278,19,30,NA,NA,A,NA,NA,NA,NA,20222781930
887,2022278,1935,2022,278,19,35,NA,NA,A,NA,NA,NA,NA,20222781935
888,2022279,1425,2022,279,14,25,NA,NA,T,NA,NA,NA,NA,20222791425
889,2022279,1605,2022,279,16,5,NA,NA,T,NA,NA,NA,NA,20222791605
890,2022279,1835,2022,279,18,35,NA,NA,A,NA,NA,NA,NA,20222791835
891,2022279,1840,2022,279,18,40,NA,NA,A,NA,NA,NA,NA,20222791840
892,2022280,1510,2022,280,15,10,NA,NA,T,NA,NA,NA,NA,20222801510
893,2022280,1740,2022,280,17,40,NA,NA,A,NA,NA,NA,NA,20222801740
894,2022280,1920,2022,280,19,20,NA,NA,A,NA,NA,NA,NA,20222801920
895,2022281,1410,2022,281,14,10,NA,NA,T,NA,NA,NA,NA,20222811410
896,2022281,1550,2022,281,15,50,NA,NA,T,NA,NA,NA,NA,20222811550
897,2022281,1825,2022,281,18,25,NA,NA,A,NA,NA,NA,NA,20222811825
898,2022282,1455,2022,282,14,55,NA,NA,T,NA,NA,NA,NA,20222821455
899,2022282,1905,2022,282,19,5,NA,NA,A,NA,NA,NA,NA,20222821905
900,2022282,1910,2022,282,19,10,NA,NA,A,NA,NA,NA,NA,20222821910
901,2022283,1810,2022,283,18,10,NA,NA,A,NA,NA,NA,NA,20222831810
902,2022283,1815,2022,283,18,15,NA,NA,A,NA,NA,NA,NA,20222831815
903,2022284,1855,2022,284,18,55,NA,NA,A,NA,NA,NA,NA,20222841855
904,2022285,1755,2022,285,17,55,NA,NA,A,NA,NA,NA,NA,20222851755
905,2022285,1935,2022,285,19,35,NA,NA,A,NA,NA,NA,NA,20222851935
906,2022285,1940,2022,285,19,40,NA,NA,A,NA,NA,NA,NA,20222851940
907,2022286,1840,2022,286,18,40,NA,NA,A,NA,NA,NA,NA,20222861840
908,2022286,1845,2022,286,18,45,NA,NA,A,NA,NA,NA,NA,20222861845
909,2022287,1745,2022,287,17,45,NA,NA,A,NA,NA,NA,NA,20222871745
910,2022287,1925,2022,287,19,25,NA,NA,A,NA,NA,NA,NA,20222871925
911,2022288,1825,2022,288,18,25,NA,NA,A,NA,NA,NA,NA,20222881825
912,2022288,1830,2022,288,18,30,NA,NA,A,NA,NA,NA,NA,20222881830
913,2022289,1910,2022,289,19,10,NA,NA,A,NA,NA,NA,NA,20222891910
914,2022290,1815,2022,290,18,15,NA,NA,A,NA,NA,NA,NA,20222901815
915,2022291,1855,2022,291,18,55,NA,NA,A,NA,NA,NA,NA,20222911855
916,2022291,1900,2022,291,19,0,NA,NA,A,NA,NA,NA,NA,20222911900
917,2022292,1800,2022,292,18,0,NA,NA,A,NA,NA,NA,NA,20222921800
918,2022292,1940,2022,292,19,40,NA,NA,A,NA,NA,NA,NA,20222921940
919,2022293,1845,2022,293,18,45,NA,NA,A,NA,NA,NA,NA,20222931845
920,2022294,1750,2022,294,17,50,NA,NA,A,NA,NA,NA,NA,20222941750
921,2022294,1925,2022,294,19,25,NA,NA,A,NA,NA,NA,NA,20222941925
922,2022294,1930,2022,294,19,30,NA,NA,A,NA,NA,NA,NA,20222941930
923,2022295,1830,2022,295,18,30,NA,NA,A,NA,NA,NA,NA,20222951830
924,2022295,1835,2022,295,18,35,NA,NA,A,NA,NA,NA,NA,20222951835
925,2022296,1735,2022,296,17,35,NA,NA,A,NA,NA,NA,NA,20222961735
926,2022296,1915,2022,296,19,15,NA,NA,A,NA,NA,NA,NA,20222961915
927,2022297,1535,2022,297,15,35,NA,NA,T,NA,NA,NA,NA,20222971535
928,2022297,1815,2022,297,18,15,NA,NA,A,NA,NA,NA,NA,20222971815
929,2022297,1820,2022,297,18,20,NA,NA,A,NA,NA,NA,NA,20222971820
930,2022298,1440,2022,298,14,40,NA,NA,T,NA,NA,NA,NA,20222981440
931,2022298,1615,2022,298,16,15,NA,NA,T,NA,NA,NA,NA,20222981615
932,2022298,1900,2022,298,19,0,NA,NA,A,NA,NA,NA,NA,20222981900
933,2022298,1905,2022,298,19,5,NA,NA,A,NA,NA,NA,NA,20222981905
934,2022299,1520,2022,299,15,20,NA,NA,T,NA,NA,NA,NA,20222991520
935,2022299,1805,2022,299,18,5,NA,NA,A,NA,NA,NA,NA,20222991805
936,2022299,1810,2022,299,18,10,NA,NA,A,NA,NA,NA,NA,20222991810
937,2022300,1425,2022,300,14,25,NA,NA,T,NA,NA,NA,NA,20223001425
938,2022300,1600,2022,300,16,0,NA,NA,T,NA,NA,NA,NA,20223001600
939,2022300,1845,2022,300,18,45,NA,NA,A,NA,NA,NA,NA,20223001845
940,2022300,1850,2022,300,18,50,NA,NA,A,NA,NA,NA,NA,20223001850
941,2022301,1505,2022,301,15,5,NA,NA,T,NA,NA,NA,NA,20223011505
942,2022301,1750,2022,301,17,50,NA,NA,A,NA,NA,NA,NA,20223011750
943,2022301,1930,2022,301,19,30,NA,NA,A,NA,NA,NA,NA,20223011930
944,2022301,1935,2022,301,19,35,NA,NA,A,NA,NA,NA,NA,20223011935
945,2022302,1545,2022,302,15,45,NA,NA,T,NA,NA,NA,NA,20223021545
946,2022302,1835,2022,302,18,35,NA,NA,A,NA,NA,NA,NA,20223021835
947,2022303,1450,2022,303,14,50,NA,NA,T,NA,NA,NA,NA,20223031450
948,2022303,1625,2022,303,16,25,NA,NA,T,NA,NA,NA,NA,20223031625
949,2022303,1740,2022,303,17,40,NA,NA,A,NA,NA,NA,NA,20223031740
950,2022303,1915,2022,303,19,15,NA,NA,A,NA,NA,NA,NA,20223031915
951,2022303,1920,2022,303,19,20,NA,NA,A,NA,NA,NA,NA,20223031920
952,2022304,1530,2022,304,15,30,6.262499999,-75.58018662,T,0.2215,0.15325,0.0282,0,20223041530
953,2022304,1820,2022,304,18,20,NA,NA,A,NA,NA,NA,NA,20223041820
954,2022304,1825,2022,304,18,25,NA,NA,A,NA,NA,NA,NA,20223041825
955,2022307,1415,2022,307,14,15,NA,NA,T,NA,NA,NA,NA,20223071415
956,2022307,1555,2022,307,15,55,NA,NA,T,NA,NA,NA,NA,20223071555
957,2022307,1850,2022,307,18,50,NA,NA,A,NA,NA,NA,NA,20223071850
958,2022307,1855,2022,307,18,55,NA,NA,A,NA,NA,NA,NA,20223071855
959,2022308,1500,2022,308,15,0,NA,NA,T,NA,NA,NA,NA,20223081500
960,2022308,1755,2022,308,17,55,NA,NA,A,NA,NA,NA,NA,20223081755
961,2022308,1935,2022,308,19,35,NA,NA,A,NA,NA,NA,NA,20223081935
962,2022309,1540,2022,309,15,40,NA,NA,T,NA,NA,NA,NA,20223091540
963,2022309,1840,2022,309,18,40,NA,NA,A,NA,NA,NA,NA,20223091840
964,2022310,1440,2022,310,14,40,NA,NA,T,NA,NA,NA,NA,20223101440
965,2022310,1620,2022,310,16,20,NA,NA,T,NA,NA,NA,NA,20223101620
966,2022310,1740,2022,310,17,40,NA,NA,A,NA,NA,NA,NA,20223101740
967,2022310,1920,2022,310,19,20,NA,NA,A,NA,NA,NA,NA,20223101920
968,2022310,1925,2022,310,19,25,NA,NA,A,NA,NA,NA,NA,20223101925
969,2022311,1525,2022,311,15,25,NA,NA,T,NA,NA,NA,NA,20223111525
970,2022311,1825,2022,311,18,25,NA,NA,A,NA,NA,NA,NA,20223111825
971,2022311,1830,2022,311,18,30,NA,NA,A,NA,NA,NA,NA,20223111830
972,2022312,1425,2022,312,14,25,NA,NA,T,NA,NA,NA,NA,20223121425
973,2022312,1605,2022,312,16,5,NA,NA,T,NA,NA,NA,NA,20223121605
974,2022312,1910,2022,312,19,10,NA,NA,A,NA,NA,NA,NA,20223121910
975,2022313,1510,2022,313,15,10,NA,NA,T,NA,NA,NA,NA,20223131510
976,2022313,1810,2022,313,18,10,NA,NA,A,NA,NA,NA,NA,20223131810
977,2022313,1815,2022,313,18,15,NA,NA,A,NA,NA,NA,NA,20223131815
978,2022314,1410,2022,314,14,10,NA,NA,T,NA,NA,NA,NA,20223141410
979,2022314,1550,2022,314,15,50,NA,NA,T,NA,NA,NA,NA,20223141550
980,2022314,1855,2022,314,18,55,NA,NA,A,NA,NA,NA,NA,20223141855
981,2022315,1450,2022,315,14,50,NA,NA,T,NA,NA,NA,NA,20223151450
982,2022315,1800,2022,315,18,0,NA,NA,A,NA,NA,NA,NA,20223151800
983,2022315,1935,2022,315,19,35,NA,NA,A,NA,NA,NA,NA,20223151935
984,2022315,1940,2022,315,19,40,NA,NA,A,NA,NA,NA,NA,20223151940
985,2022316,1535,2022,316,15,35,NA,NA,T,NA,NA,NA,NA,20223161535
986,2022316,1840,2022,316,18,40,NA,NA,A,NA,NA,NA,NA,20223161840
987,2022316,1845,2022,316,18,45,NA,NA,A,NA,NA,NA,NA,20223161845
988,2022317,1435,2022,317,14,35,NA,NA,T,NA,NA,NA,NA,20223171435
989,2022317,1615,2022,317,16,15,NA,NA,T,NA,NA,NA,NA,20223171615
990,2022317,1745,2022,317,17,45,NA,NA,A,NA,NA,NA,NA,20223171745
991,2022317,1925,2022,317,19,25,NA,NA,A,NA,NA,NA,NA,20223171925
992,2022318,1515,2022,318,15,15,NA,NA,T,NA,NA,NA,NA,20223181515
993,2022318,1830,2022,318,18,30,NA,NA,A,NA,NA,NA,NA,20223181830
994,2022319,1420,2022,319,14,20,NA,NA,T,NA,NA,NA,NA,20223191420
995,2022319,1600,2022,319,16,0,NA,NA,T,NA,NA,NA,NA,20223191600
996,2022319,1910,2022,319,19,10,NA,NA,A,NA,NA,NA,NA,20223191910
997,2022319,1915,2022,319,19,15,NA,NA,A,NA,NA,NA,NA,20223191915
998,2022320,1500,2022,320,15,0,NA,NA,T,NA,NA,NA,NA,20223201500
999,2022320,1815,2022,320,18,15,NA,NA,A,NA,NA,NA,NA,20223201815
1000,2022320,1820,2022,320,18,20,NA,NA,A,NA,NA,NA,NA,20223201820
1001,2022321,1540,2022,321,15,40,NA,NA,T,NA,NA,NA,NA,20223211540
1002,2022321,1900,2022,321,19,0,NA,NA,A,NA,NA,NA,NA,20223211900
1003,2022322,1445,2022,322,14,45,NA,NA,T,NA,NA,NA,NA,20223221445
1004,2022322,1620,2022,322,16,20,NA,NA,T,NA,NA,NA,NA,20223221620
1005,2022322,1800,2022,322,18,0,NA,NA,A,NA,NA,NA,NA,20223221800
1006,2022322,1940,2022,322,19,40,NA,NA,A,NA,NA,NA,NA,20223221940
1007,2022323,1525,2022,323,15,25,6.262499999,-75.58018662,T,0.44,0.31,0.0279,0,20223231525
1008,2022323,1845,2022,323,18,45,NA,NA,A,NA,NA,NA,NA,20223231845
1009,2022323,1850,2022,323,18,50,NA,NA,A,NA,NA,NA,NA,20223231850
1010,2022324,1430,2022,324,14,30,NA,NA,T,NA,NA,NA,NA,20223241430
1011,2022324,1610,2022,324,16,10,NA,NA,T,NA,NA,NA,NA,20223241610
1012,2022324,1750,2022,324,17,50,NA,NA,A,NA,NA,NA,NA,20223241750
1013,2022324,1930,2022,324,19,30,NA,NA,A,NA,NA,NA,NA,20223241930
1014,2022325,1510,2022,325,15,10,NA,NA,T,NA,NA,NA,NA,20223251510
1015,2022325,1830,2022,325,18,30,NA,NA,A,NA,NA,NA,NA,20223251830
1016,2022325,1835,2022,325,18,35,NA,NA,A,NA,NA,NA,NA,20223251835
1017,2022326,1415,2022,326,14,15,NA,NA,T,NA,NA,NA,NA,20223261415
1018,2022326,1550,2022,326,15,50,NA,NA,T,NA,NA,NA,NA,20223261550
1019,2022326,1735,2022,326,17,35,NA,NA,A,NA,NA,NA,NA,20223261735
1020,2022326,1915,2022,326,19,15,NA,NA,A,NA,NA,NA,NA,20223261915
1021,2022326,1920,2022,326,19,20,NA,NA,A,NA,NA,NA,NA,20223261920
1022,2022327,1455,2022,327,14,55,NA,NA,T,NA,NA,NA,NA,20223271455
1023,2022327,1820,2022,327,18,20,NA,NA,A,NA,NA,NA,NA,20223271820
1024,2022328,1535,2022,328,15,35,NA,NA,T,NA,NA,NA,NA,20223281535
1025,2022328,1900,2022,328,19,0,NA,NA,A,NA,NA,NA,NA,20223281900
1026,2022328,1905,2022,328,19,5,NA,NA,A,NA,NA,NA,NA,20223281905
1027,2022329,1440,2022,329,14,40,NA,NA,T,NA,NA,NA,NA,20223291440
1028,2022329,1615,2022,329,16,15,NA,NA,T,NA,NA,NA,NA,20223291615
1029,2022329,1805,2022,329,18,5,NA,NA,A,NA,NA,NA,NA,20223291805
1030,2022329,1810,2022,329,18,10,NA,NA,A,NA,NA,NA,NA,20223291810
1031,2022330,1520,2022,330,15,20,NA,NA,T,NA,NA,NA,NA,20223301520
1032,2022330,1850,2022,330,18,50,NA,NA,A,NA,NA,NA,NA,20223301850
1033,2022331,1425,2022,331,14,25,NA,NA,T,NA,NA,NA,NA,20223311425
1034,2022331,1600,2022,331,16,0,NA,NA,T,NA,NA,NA,NA,20223311600
1035,2022331,1755,2022,331,17,55,NA,NA,A,NA,NA,NA,NA,20223311755
1036,2022331,1930,2022,331,19,30,NA,NA,A,NA,NA,NA,NA,20223311930
1037,2022331,1935,2022,331,19,35,NA,NA,A,NA,NA,NA,NA,20223311935
1038,2022332,1505,2022,332,15,5,NA,NA,T,NA,NA,NA,NA,20223321505
1039,2022332,1835,2022,332,18,35,NA,NA,A,NA,NA,NA,NA,20223321835
1040,2022332,1840,2022,332,18,40,NA,NA,A,NA,NA,NA,NA,20223321840
1041,2022333,1545,2022,333,15,45,NA,NA,T,NA,NA,NA,NA,20223331545
1042,2022333,1740,2022,333,17,40,NA,NA,A,NA,NA,NA,NA,20223331740
1043,2022333,1920,2022,333,19,20,NA,NA,A,NA,NA,NA,NA,20223331920
1044,2022334,1450,2022,334,14,50,NA,NA,T,NA,NA,NA,NA,20223341450
1045,2022334,1825,2022,334,18,25,NA,NA,A,NA,NA,NA,NA,20223341825
1046,2022335,1530,2022,335,15,30,6.262499999,-75.58018662,T,0.095,0.065,0.024,0,20223351530
1047,2022335,1905,2022,335,19,5,NA,NA,A,NA,NA,NA,NA,20223351905
1048,2022335,1910,2022,335,19,10,NA,NA,A,NA,NA,NA,NA,20223351910
1049,2022336,1435,2022,336,14,35,NA,NA,T,NA,NA,NA,NA,20223361435
1050,2022336,1610,2022,336,16,10,NA,NA,T,NA,NA,NA,NA,20223361610
1051,2022336,1810,2022,336,18,10,NA,NA,A,NA,NA,NA,NA,20223361810
1052,2022336,1815,2022,336,18,15,NA,NA,A,NA,NA,NA,NA,20223361815
1053,2022337,1515,2022,337,15,15,6.262499999,-75.58018662,T,0.1535,0.1055,0.0274,0,20223371515
1054,2022337,1850,2022,337,18,50,NA,NA,A,NA,NA,NA,NA,20223371850
1055,2022337,1855,2022,337,18,55,NA,NA,A,NA,NA,NA,NA,20223371855
1056,2022338,1415,2022,338,14,15,NA,NA,T,NA,NA,NA,NA,20223381415
1057,2022338,1555,2022,338,15,55,NA,NA,T,NA,NA,NA,NA,20223381555
1058,2022338,1755,2022,338,17,55,NA,NA,A,NA,NA,NA,NA,20223381755
1059,2022338,1935,2022,338,19,35,NA,NA,A,NA,NA,NA,NA,20223381935
1060,2022338,1940,2022,338,19,40,NA,NA,A,NA,NA,NA,NA,20223381940
1061,2022339,1500,2022,339,15,0,NA,NA,T,NA,NA,NA,NA,20223391500
1062,2022339,1840,2022,339,18,40,NA,NA,A,NA,NA,NA,NA,20223391840
1063,2022340,1540,2022,340,15,40,NA,NA,T,NA,NA,NA,NA,20223401540
1064,2022340,1745,2022,340,17,45,NA,NA,A,NA,NA,NA,NA,20223401745
1065,2022340,1920,2022,340,19,20,NA,NA,A,NA,NA,NA,NA,20223401920
1066,2022340,1925,2022,340,19,25,NA,NA,A,NA,NA,NA,NA,20223401925
1067,2022341,1445,2022,341,14,45,NA,NA,T,NA,NA,NA,NA,20223411445
1068,2022341,1620,2022,341,16,20,NA,NA,T,NA,NA,NA,NA,20223411620
1069,2022341,1825,2022,341,18,25,NA,NA,A,NA,NA,NA,NA,20223411825
1070,2022341,1830,2022,341,18,30,NA,NA,A,NA,NA,NA,NA,20223411830
1071,2022342,1525,2022,342,15,25,NA,NA,T,NA,NA,NA,NA,20223421525
1072,2022342,1910,2022,342,19,10,NA,NA,A,NA,NA,NA,NA,20223421910
1073,2022343,1425,2022,343,14,25,NA,NA,T,NA,NA,NA,NA,20223431425
1074,2022343,1605,2022,343,16,5,NA,NA,T,NA,NA,NA,NA,20223431605
1075,2022343,1815,2022,343,18,15,NA,NA,A,NA,NA,NA,NA,20223431815
1076,2022344,1510,2022,344,15,10,NA,NA,T,NA,NA,NA,NA,20223441510
1077,2022344,1855,2022,344,18,55,NA,NA,A,NA,NA,NA,NA,20223441855
1078,2022344,1900,2022,344,19,0,NA,NA,A,NA,NA,NA,NA,20223441900
1079,2022345,1410,2022,345,14,10,NA,NA,T,NA,NA,NA,NA,20223451410
1080,2022345,1550,2022,345,15,50,NA,NA,T,NA,NA,NA,NA,20223451550
1081,2022345,1800,2022,345,18,0,NA,NA,A,NA,NA,NA,NA,20223451800
1082,2022345,1940,2022,345,19,40,NA,NA,A,NA,NA,NA,NA,20223451940
1083,2022346,1450,2022,346,14,50,NA,NA,T,NA,NA,NA,NA,20223461450
1084,2022346,1845,2022,346,18,45,NA,NA,A,NA,NA,NA,NA,20223461845
1085,2022347,1535,2022,347,15,35,NA,NA,T,NA,NA,NA,NA,20223471535
1086,2022347,1745,2022,347,17,45,NA,NA,A,NA,NA,NA,NA,20223471745
1087,2022347,1925,2022,347,19,25,NA,NA,A,NA,NA,NA,NA,20223471925
1088,2022347,1930,2022,347,19,30,NA,NA,A,NA,NA,NA,NA,20223471930
1089,2022348,1435,2022,348,14,35,NA,NA,T,NA,NA,NA,NA,20223481435
1090,2022348,1615,2022,348,16,15,NA,NA,T,NA,NA,NA,NA,20223481615
1091,2022348,1830,2022,348,18,30,NA,NA,A,NA,NA,NA,NA,20223481830
1092,2022348,1835,2022,348,18,35,NA,NA,A,NA,NA,NA,NA,20223481835
1093,2022349,1515,2022,349,15,15,NA,NA,T,NA,NA,NA,NA,20223491515
1094,2022349,1735,2022,349,17,35,NA,NA,A,NA,NA,NA,NA,20223491735
1095,2022349,1910,2022,349,19,10,NA,NA,A,NA,NA,NA,NA,20223491910
1096,2022349,1915,2022,349,19,15,NA,NA,A,NA,NA,NA,NA,20223491915
1097,2022350,1420,2022,350,14,20,NA,NA,T,NA,NA,NA,NA,20223501420
1098,2022350,1600,2022,350,16,0,NA,NA,T,NA,NA,NA,NA,20223501600
1099,2022350,1815,2022,350,18,15,NA,NA,A,NA,NA,NA,NA,20223501815
1100,2022350,1820,2022,350,18,20,NA,NA,A,NA,NA,NA,NA,20223501820
1101,2022351,1500,2022,351,15,0,NA,NA,T,NA,NA,NA,NA,20223511500
1102,2022351,1900,2022,351,19,0,NA,NA,A,NA,NA,NA,NA,20223511900
1103,2022352,1540,2022,352,15,40,NA,NA,T,NA,NA,NA,NA,20223521540
1104,2022352,1805,2022,352,18,5,NA,NA,A,NA,NA,NA,NA,20223521805
1105,2022352,1940,2022,352,19,40,NA,NA,A,NA,NA,NA,NA,20223521940
1106,2022353,1445,2022,353,14,45,NA,NA,T,NA,NA,NA,NA,20223531445
1107,2022353,1620,2022,353,16,20,NA,NA,T,NA,NA,NA,NA,20223531620
1108,2022353,1845,2022,353,18,45,NA,NA,A,NA,NA,NA,NA,20223531845
1109,2022353,1850,2022,353,18,50,NA,NA,A,NA,NA,NA,NA,20223531850
1110,2022354,1525,2022,354,15,25,6.262499999,-75.57180326,T,0.263,0.183,0.0249,0,20223541525
1111,2022354,1750,2022,354,17,50,NA,NA,A,NA,NA,NA,NA,20223541750
1112,2022354,1930,2022,354,19,30,NA,NA,A,NA,NA,NA,NA,20223541930
1113,2022355,1430,2022,355,14,30,NA,NA,T,NA,NA,NA,NA,20223551430
1114,2022355,1610,2022,355,16,10,NA,NA,T,NA,NA,NA,NA,20223551610
1115,2022355,1835,2022,355,18,35,NA,NA,A,NA,NA,NA,NA,20223551835
1116,2022356,1510,2022,356,15,10,NA,NA,T,NA,NA,NA,NA,20223561510
1117,2022356,1915,2022,356,19,15,NA,NA,A,NA,NA,NA,NA,20223561915
1118,2022356,1920,2022,356,19,20,NA,NA,A,NA,NA,NA,NA,20223561920
1119,2022357,1415,2022,357,14,15,NA,NA,T,NA,NA,NA,NA,20223571415
1120,2022357,1550,2022,357,15,50,NA,NA,T,NA,NA,NA,NA,20223571550
1121,2022357,1820,2022,357,18,20,NA,NA,A,NA,NA,NA,NA,20223571820
1122,2022357,1825,2022,357,18,25,NA,NA,A,NA,NA,NA,NA,20223571825
1123,2022358,1455,2022,358,14,55,NA,NA,T,NA,NA,NA,NA,20223581455
1124,2022358,1905,2022,358,19,5,NA,NA,A,NA,NA,NA,NA,20223581905
1125,2022359,1535,2022,359,15,35,NA,NA,T,NA,NA,NA,NA,20223591535
1126,2022359,1805,2022,359,18,5,NA,NA,A,NA,NA,NA,NA,20223591805
1127,2022359,1810,2022,359,18,10,NA,NA,A,NA,NA,NA,NA,20223591810
1128,2022360,1440,2022,360,14,40,NA,NA,T,NA,NA,NA,NA,20223601440
1129,2022360,1615,2022,360,16,15,NA,NA,T,NA,NA,NA,NA,20223601615
1130,2022360,1850,2022,360,18,50,NA,NA,A,NA,NA,NA,NA,20223601850
1131,2022361,1520,2022,361,15,20,NA,NA,T,NA,NA,NA,NA,20223611520
1132,2022361,1755,2022,361,17,55,NA,NA,A,NA,NA,NA,NA,20223611755
1133,2022361,1930,2022,361,19,30,NA,NA,A,NA,NA,NA,NA,20223611930
1134,2022361,1935,2022,361,19,35,NA,NA,A,NA,NA,NA,NA,20223611935
1135,2022362,1425,2022,362,14,25,NA,NA,T,NA,NA,NA,NA,20223621425
1136,2022362,1600,2022,362,16,0,NA,NA,T,NA,NA,NA,NA,20223621600
1137,2022362,1835,2022,362,18,35,NA,NA,A,NA,NA,NA,NA,20223621835
1138,2022362,1840,2022,362,18,40,NA,NA,A,NA,NA,NA,NA,20223621840
1139,2022363,1505,2022,363,15,5,NA,NA,T,NA,NA,NA,NA,20223631505
1140,2022363,1740,2022,363,17,40,NA,NA,A,NA,NA,NA,NA,20223631740
1141,2022363,1920,2022,363,19,20,NA,NA,A,NA,NA,NA,NA,20223631920
1142,2022364,1545,2022,364,15,45,NA,NA,T,NA,NA,NA,NA,20223641545
1143,2022364,1825,2022,364,18,25,NA,NA,A,NA,NA,NA,NA,20223641825
1144,2022365,1450,2022,365,14,50,NA,NA,T,NA,NA,NA,NA,20223651450
1145,2022365,1905,2022,365,19,5,NA,NA,A,NA,NA,NA,NA,20223651905
1146,2022365,1910,2022,365,19,10,NA,NA,A,NA,NA,NA,NA,20223651910
