,date,hora,Year,DOY,Hour,Minute,Lat,Lon,AOD_Type,AOD_047,AOD_055,AOD_Uncertainty,QA_AOD,timestamp
1,2015001,1725,2015,1,17,25,19.32916666,-99.18673365,T,0.693,0.517,0.0327,0,20150011725
2,2015001,2025,2015,1,20,25,NA,NA,A,NA,NA,NA,NA,20150012025
3,2015001,2030,2015,1,20,30,NA,NA,A,NA,NA,NA,NA,20150012030
4,2015002,1630,2015,2,16,30,NA,NA,T,NA,NA,NA,NA,20150021630
5,2015002,1805,2015,2,18,5,NA,NA,T,NA,NA,NA,NA,20150021805
6,2015002,1930,2015,2,19,30,NA,NA,A,NA,NA,NA,NA,20150021930
7,2015002,1935,2015,2,19,35,NA,NA,A,NA,NA,NA,NA,20150021935
8,2015002,2110,2015,2,21,10,NA,NA,A,NA,NA,NA,NA,20150022110
9,2015003,1710,2015,3,17,10,NA,NA,T,NA,NA,NA,NA,20150031710
10,2015003,2015,2015,3,20,15,NA,NA,A,NA,NA,NA,NA,20150032015
11,2015004,1615,2015,4,16,15,NA,NA,T,NA,NA,NA,NA,20150041615
12,2015004,1755,2015,4,17,55,NA,NA,T,NA,NA,NA,NA,20150041755
13,2015004,2055,2015,4,20,55,NA,NA,A,NA,NA,NA,NA,20150042055
14,2015004,2100,2015,4,21,0,NA,NA,A,NA,NA,NA,NA,20150042100
15,2015005,1700,2015,5,17,0,NA,NA,T,NA,NA,NA,NA,20150051700
16,2015005,2000,2015,5,20,0,NA,NA,A,NA,NA,NA,NA,20150052000
17,2015005,2005,2015,5,20,5,NA,NA,A,NA,NA,NA,NA,20150052005
18,2015006,1605,2015,6,16,5,NA,NA,T,NA,NA,NA,NA,20150061605
19,2015006,1740,2015,6,17,40,NA,NA,T,NA,NA,NA,NA,20150061740
20,2015006,1905,2015,6,19,5,NA,NA,A,NA,NA,NA,NA,20150061905
21,2015006,1910,2015,6,19,10,NA,NA,A,NA,NA,NA,NA,20150061910
22,2015006,2045,2015,6,20,45,NA,NA,A,NA,NA,NA,NA,20150062045
23,2015007,1645,2015,7,16,45,NA,NA,T,NA,NA,NA,NA,20150071645
24,2015007,1825,2015,7,18,25,NA,NA,T,NA,NA,NA,NA,20150071825
25,2015007,1950,2015,7,19,50,19.3375,-99.18296359,A,0.09025,0.06725,0.0395,0,20150071950
26,2015008,1730,2015,8,17,30,NA,NA,T,NA,NA,NA,NA,20150081730
27,2015008,2030,2015,8,20,30,NA,NA,A,NA,NA,NA,NA,20150082030
28,2015008,2035,2015,8,20,35,NA,NA,A,NA,NA,NA,NA,20150082035
29,2015009,1635,2015,9,16,35,NA,NA,T,NA,NA,NA,NA,20150091635
30,2015009,1810,2015,9,18,10,NA,NA,T,NA,NA,NA,NA,20150091810
31,2015009,1935,2015,9,19,35,NA,NA,A,NA,NA,NA,NA,20150091935
32,2015009,1940,2015,9,19,40,NA,NA,A,NA,NA,NA,NA,20150091940
33,2015010,1720,2015,10,17,20,19.3375,-99.18296359,T,0.313,0.23375,0.0525,0,20150101720
34,2015010,2025,2015,10,20,25,NA,NA,A,NA,NA,NA,NA,20150102025
35,2015011,1620,2015,11,16,20,NA,NA,T,NA,NA,NA,NA,20150111620
36,2015011,1800,2015,11,18,0,19.3375,-99.18296359,T,0.17275,0.12875,0.008,0,20150111800
37,2015011,1925,2015,11,19,25,19.3375,-99.18296359,A,0.3345,0.24975,0.0125,0,20150111925
38,2015011,2105,2015,11,21,5,NA,NA,A,NA,NA,NA,NA,20150112105
39,2015012,1705,2015,12,17,5,19.3375,-99.18296359,T,0.074,0.055,0.059,0,20150121705
40,2015012,2005,2015,12,20,5,NA,NA,A,NA,NA,NA,NA,20150122005
41,2015012,2010,2015,12,20,10,NA,NA,A,NA,NA,NA,NA,20150122010
42,2015013,1610,2015,13,16,10,NA,NA,T,NA,NA,NA,NA,20150131610
43,2015013,1750,2015,13,17,50,19.3375,-99.18296359,T,0.22825,0.17075,0.0126,0,20150131750
44,2015013,1910,2015,13,19,10,NA,NA,A,NA,NA,NA,NA,20150131910
45,2015013,2050,2015,13,20,50,NA,NA,A,NA,NA,NA,NA,20150132050
46,2015013,2055,2015,13,20,55,NA,NA,A,NA,NA,NA,NA,20150132055
47,2015014,1655,2015,14,16,55,19.3375,-99.18296359,T,0.225,0.168,0.0379,0,20150141655
48,2015014,1830,2015,14,18,30,NA,NA,T,NA,NA,NA,NA,20150141830
49,2015014,2000,2015,14,20,0,19.3375,-99.18296359,A,0.319,0.23825,0.0515,0,20150142000
50,2015015,1600,2015,15,16,0,NA,NA,T,NA,NA,NA,NA,20150151600
51,2015015,1735,2015,15,17,35,NA,NA,T,NA,NA,NA,NA,20150151735
52,2015015,1905,2015,15,19,5,NA,NA,A,NA,NA,NA,NA,20150151905
53,2015015,2040,2015,15,20,40,NA,NA,A,NA,NA,NA,NA,20150152040
54,2015016,1640,2015,16,16,40,19.3375,-99.18296359,T,0.1625,0.12125,0.0267,0,20150161640
55,2015016,1815,2015,16,18,15,NA,NA,T,NA,NA,NA,NA,20150161815
56,2015016,1945,2015,16,19,45,NA,NA,A,NA,NA,NA,NA,20150161945
57,2015017,1725,2015,17,17,25,19.3375,-99.18296359,T,0.5295,0.39525,0.0415,0,20150171725
58,2015017,2025,2015,17,20,25,NA,NA,A,NA,NA,NA,NA,20150172025
59,2015017,2030,2015,17,20,30,NA,NA,A,NA,NA,NA,NA,20150172030
60,2015018,1630,2015,18,16,30,NA,NA,T,NA,NA,NA,NA,20150181630
61,2015018,1805,2015,18,18,5,NA,NA,T,NA,NA,NA,NA,20150181805
62,2015018,1930,2015,18,19,30,NA,NA,A,NA,NA,NA,NA,20150181930
63,2015018,1935,2015,18,19,35,19.3375,-99.18296359,A,0.537,0.401,0.0167,0,20150181935
64,2015018,2110,2015,18,21,10,NA,NA,A,NA,NA,NA,NA,20150182110
65,2015019,1710,2015,19,17,10,19.3375,-99.18296359,T,0.3905,0.29175,0.0574,0,20150191710
66,2015019,2015,2015,19,20,15,NA,NA,A,NA,NA,NA,NA,20150192015
67,2015020,1615,2015,20,16,15,NA,NA,T,NA,NA,NA,NA,20150201615
68,2015020,1755,2015,20,17,55,NA,NA,T,NA,NA,NA,NA,20150201755
69,2015020,2055,2015,20,20,55,NA,NA,A,NA,NA,NA,NA,20150202055
70,2015020,2100,2015,20,21,0,NA,NA,A,NA,NA,NA,NA,20150202100
71,2015021,1700,2015,21,17,0,19.3375,-99.18296359,T,0.33467,0.25,0.0464,0,20150211700
72,2015021,2000,2015,21,20,0,NA,NA,A,NA,NA,NA,NA,20150212000
73,2015021,2005,2015,21,20,5,NA,NA,A,NA,NA,NA,NA,20150212005
74,2015022,1605,2015,22,16,5,NA,NA,T,NA,NA,NA,NA,20150221605
75,2015022,1740,2015,22,17,40,19.3375,-99.18296359,T,0.145,0.1085,0.0169,0,20150221740
76,2015022,1905,2015,22,19,5,NA,NA,A,NA,NA,NA,NA,20150221905
77,2015022,1910,2015,22,19,10,NA,NA,A,NA,NA,NA,NA,20150221910
78,2015022,2045,2015,22,20,45,NA,NA,A,NA,NA,NA,NA,20150222045
79,2015023,1645,2015,23,16,45,NA,NA,T,NA,NA,NA,NA,20150231645
80,2015023,1825,2015,23,18,25,NA,NA,T,NA,NA,NA,NA,20150231825
81,2015023,1950,2015,23,19,50,19.3375,-99.18296359,A,0.131,0.09733,0.0438,0,20150231950
82,2015024,1730,2015,24,17,30,19.3375,-99.18296359,T,0.17075,0.12725,0.0323,0,20150241730
83,2015024,2030,2015,24,20,30,NA,NA,A,NA,NA,NA,NA,20150242030
84,2015024,2035,2015,24,20,35,NA,NA,A,NA,NA,NA,NA,20150242035
85,2015025,1635,2015,25,16,35,NA,NA,T,NA,NA,NA,NA,20150251635
86,2015025,1810,2015,25,18,10,NA,NA,T,NA,NA,NA,NA,20150251810
87,2015025,1935,2015,25,19,35,NA,NA,A,NA,NA,NA,NA,20150251935
88,2015025,1940,2015,25,19,40,NA,NA,A,NA,NA,NA,NA,20150251940
89,2015026,1720,2015,26,17,20,NA,NA,T,NA,NA,NA,NA,20150261720
90,2015026,2025,2015,26,20,25,NA,NA,A,NA,NA,NA,NA,20150262025
91,2015027,1625,2015,27,16,25,NA,NA,T,NA,NA,NA,NA,20150271625
92,2015027,1800,2015,27,18,0,19.3375,-99.18296359,T,0.13425,0.10025,0.0084,0,20150271800
93,2015027,1930,2015,27,19,30,19.3375,-99.18296359,A,0.196,0.14625,0.0142,0,20150271930
94,2015027,2105,2015,27,21,5,NA,NA,A,NA,NA,NA,NA,20150272105
95,2015028,1705,2015,28,17,5,19.3375,-99.18296359,T,0.019,0.014,0.0582,0,20150281705
96,2015028,2005,2015,28,20,5,NA,NA,A,NA,NA,NA,NA,20150282005
97,2015028,2010,2015,28,20,10,19.3375,-99.18296359,A,0.0515,0.03825,0.0588,0,20150282010
98,2015029,1610,2015,29,16,10,NA,NA,T,NA,NA,NA,NA,20150291610
99,2015029,1750,2015,29,17,50,19.3375,-99.18296359,T,0.0475,0.0355,0.0135,0,20150291750
100,2015029,1910,2015,29,19,10,NA,NA,A,NA,NA,NA,NA,20150291910
101,2015029,2050,2015,29,20,50,19.3375,-99.18296359,A,0.05875,0.04375,0.0091,0,20150292050
102,2015029,2055,2015,29,20,55,NA,NA,A,NA,NA,NA,NA,20150292055
103,2015030,1655,2015,30,16,55,19.3375,-99.18296359,T,0.169,0.12625,0.0351,0,20150301655
104,2015030,1830,2015,30,18,30,NA,NA,T,NA,NA,NA,NA,20150301830
105,2015030,1955,2015,30,19,55,NA,NA,A,NA,NA,NA,NA,20150301955
106,2015030,2000,2015,30,20,0,19.3375,-99.18296359,A,0.3475,0.25925,0.0632,0,20150302000
107,2015031,1600,2015,31,16,0,NA,NA,T,NA,NA,NA,NA,20150311600
108,2015031,1735,2015,31,17,35,19.3375,-99.18296359,T,0.08,0.0595,0.0257,0,20150311735
109,2015031,1905,2015,31,19,5,NA,NA,A,NA,NA,NA,NA,20150311905
110,2015031,2040,2015,31,20,40,19.3375,-99.18296359,A,0.0595,0.044,0.0217,0,20150312040
111,2015032,1640,2015,32,16,40,19.3375,-99.18296359,T,0.10525,0.0785,0.0231,0,20150321640
112,2015032,1815,2015,32,18,15,NA,NA,T,NA,NA,NA,NA,20150321815
113,2015032,1945,2015,32,19,45,NA,NA,A,NA,NA,NA,NA,20150321945
114,2015033,1725,2015,33,17,25,NA,NA,T,NA,NA,NA,NA,20150331725
115,2015033,2025,2015,33,20,25,NA,NA,A,NA,NA,NA,NA,20150332025
116,2015033,2030,2015,33,20,30,NA,NA,A,NA,NA,NA,NA,20150332030
117,2015034,1630,2015,34,16,30,NA,NA,T,NA,NA,NA,NA,20150341630
118,2015034,1805,2015,34,18,5,NA,NA,T,NA,NA,NA,NA,20150341805
119,2015034,1930,2015,34,19,30,NA,NA,A,NA,NA,NA,NA,20150341930
120,2015034,1935,2015,34,19,35,NA,NA,A,NA,NA,NA,NA,20150341935
121,2015034,2110,2015,34,21,10,NA,NA,A,NA,NA,NA,NA,20150342110
122,2015035,1710,2015,35,17,10,19.3375,-99.18296359,T,0.0565,0.042,0.0646,0,20150351710
123,2015035,2015,2015,35,20,15,NA,NA,A,NA,NA,NA,NA,20150352015
124,2015036,1615,2015,36,16,15,NA,NA,T,NA,NA,NA,NA,20150361615
125,2015036,1755,2015,36,17,55,NA,NA,T,NA,NA,NA,NA,20150361755
126,2015036,2055,2015,36,20,55,NA,NA,A,NA,NA,NA,NA,20150362055
127,2015036,2100,2015,36,21,0,NA,NA,A,NA,NA,NA,NA,20150362100
128,2015037,1700,2015,37,17,0,NA,NA,T,NA,NA,NA,NA,20150371700
129,2015037,2000,2015,37,20,0,NA,NA,A,NA,NA,NA,NA,20150372000
130,2015037,2005,2015,37,20,5,19.3375,-99.18296359,A,0.24975,0.1865,0.0657,0,20150372005
131,2015038,1605,2015,38,16,5,NA,NA,T,NA,NA,NA,NA,20150381605
132,2015038,1740,2015,38,17,40,19.3375,-99.18296359,T,0.03375,0.02525,0.0196,0,20150381740
133,2015038,1905,2015,38,19,5,NA,NA,A,NA,NA,NA,NA,20150381905
134,2015038,1910,2015,38,19,10,NA,NA,A,NA,NA,NA,NA,20150381910
135,2015038,2045,2015,38,20,45,NA,NA,A,NA,NA,NA,NA,20150382045
136,2015039,1645,2015,39,16,45,19.3375,-99.18296359,T,0.1045,0.078,0.0304,0,20150391645
137,2015039,1825,2015,39,18,25,NA,NA,T,NA,NA,NA,NA,20150391825
138,2015039,1950,2015,39,19,50,19.3375,-99.18296359,A,0.306,0.2285,0.054,0,20150391950
139,2015040,1730,2015,40,17,30,19.3375,-99.18296359,T,0.019,0.014,0.0384,0,20150401730
140,2015040,2030,2015,40,20,30,NA,NA,A,NA,NA,NA,NA,20150402030
141,2015040,2035,2015,40,20,35,19.3375,-99.18296359,A,0.1325,0.099,0.0264,0,20150402035
142,2015041,1635,2015,41,16,35,19.3375,-99.18296359,T,0.14475,0.10825,0.0218,0,20150411635
143,2015041,1810,2015,41,18,10,NA,NA,T,NA,NA,NA,NA,20150411810
144,2015041,1935,2015,41,19,35,NA,NA,A,NA,NA,NA,NA,20150411935
145,2015041,1940,2015,41,19,40,19.3375,-99.18296359,A,0.3505,0.26175,0.0264,0,20150411940
146,2015042,1720,2015,42,17,20,19.3375,-99.18296359,T,0.3035,0.2265,0.0591,0,20150421720
147,2015042,2025,2015,42,20,25,NA,NA,A,NA,NA,NA,NA,20150422025
148,2015043,1620,2015,43,16,20,NA,NA,T,NA,NA,NA,NA,20150431620
149,2015043,1800,2015,43,18,0,NA,NA,T,NA,NA,NA,NA,20150431800
150,2015043,1930,2015,43,19,30,NA,NA,A,NA,NA,NA,NA,20150431930
151,2015043,2105,2015,43,21,5,NA,NA,A,NA,NA,NA,NA,20150432105
152,2015044,1705,2015,44,17,5,NA,NA,T,NA,NA,NA,NA,20150441705
153,2015044,2005,2015,44,20,5,NA,NA,A,NA,NA,NA,NA,20150442005
154,2015044,2010,2015,44,20,10,NA,NA,A,NA,NA,NA,NA,20150442010
155,2015045,1610,2015,45,16,10,NA,NA,T,NA,NA,NA,NA,20150451610
156,2015045,1750,2015,45,17,50,NA,NA,T,NA,NA,NA,NA,20150451750
157,2015045,1910,2015,45,19,10,NA,NA,A,NA,NA,NA,NA,20150451910
158,2015045,2050,2015,45,20,50,NA,NA,A,NA,NA,NA,NA,20150452050
159,2015045,2055,2015,45,20,55,NA,NA,A,NA,NA,NA,NA,20150452055
160,2015046,1655,2015,46,16,55,NA,NA,T,NA,NA,NA,NA,20150461655
161,2015046,1830,2015,46,18,30,NA,NA,T,NA,NA,NA,NA,20150461830
162,2015046,1955,2015,46,19,55,NA,NA,A,NA,NA,NA,NA,20150461955
163,2015046,2000,2015,46,20,0,NA,NA,A,NA,NA,NA,NA,20150462000
164,2015047,1600,2015,47,16,0,NA,NA,T,NA,NA,NA,NA,20150471600
165,2015047,1735,2015,47,17,35,NA,NA,T,NA,NA,NA,NA,20150471735
166,2015047,1905,2015,47,19,5,NA,NA,A,NA,NA,NA,NA,20150471905
167,2015047,2040,2015,47,20,40,NA,NA,A,NA,NA,NA,NA,20150472040
168,2015048,1640,2015,48,16,40,NA,NA,T,NA,NA,NA,NA,20150481640
169,2015048,1815,2015,48,18,15,NA,NA,T,NA,NA,NA,NA,20150481815
170,2015048,1945,2015,48,19,45,NA,NA,A,NA,NA,NA,NA,20150481945
171,2015049,1725,2015,49,17,25,19.3375,-99.18296359,T,0.219,0.1635,0.0493,0,20150491725
172,2015049,2025,2015,49,20,25,NA,NA,A,NA,NA,NA,NA,20150492025
173,2015049,2030,2015,49,20,30,NA,NA,A,NA,NA,NA,NA,20150492030
174,2015050,1805,2015,50,18,5,NA,NA,T,NA,NA,NA,NA,20150501805
175,2015050,1930,2015,50,19,30,NA,NA,A,NA,NA,NA,NA,20150501930
176,2015050,1935,2015,50,19,35,19.3375,-99.18296359,A,0.52525,0.39225,0.0211,0,20150501935
177,2015050,2110,2015,50,21,10,NA,NA,A,NA,NA,NA,NA,20150502110
178,2015051,1710,2015,51,17,10,19.3375,-99.18296359,T,0.2935,0.2195,0.0718,0,20150511710
179,2015051,2015,2015,51,20,15,NA,NA,A,NA,NA,NA,NA,20150512015
180,2015052,1615,2015,52,16,15,NA,NA,T,NA,NA,NA,NA,20150521615
181,2015052,1755,2015,52,17,55,19.3375,-99.18296359,T,0.32175,0.2405,0.0123,0,20150521755
182,2015052,2055,2015,52,20,55,19.3375,-99.18296359,A,0.48375,0.361,0.0132,0,20150522055
183,2015052,2100,2015,52,21,0,NA,NA,A,NA,NA,NA,NA,20150522100
184,2015053,1700,2015,53,17,0,19.3375,-99.18296359,T,0.16625,0.12425,0.0522,0,20150531700
185,2015053,2000,2015,53,20,0,NA,NA,A,NA,NA,NA,NA,20150532000
186,2015053,2005,2015,53,20,5,NA,NA,A,NA,NA,NA,NA,20150532005
187,2015054,1605,2015,54,16,5,NA,NA,T,NA,NA,NA,NA,20150541605
188,2015054,1740,2015,54,17,40,19.3375,-99.18296359,T,0.07825,0.05825,0.0212,0,20150541740
189,2015054,1905,2015,54,19,5,NA,NA,A,NA,NA,NA,NA,20150541905
190,2015054,1910,2015,54,19,10,NA,NA,A,NA,NA,NA,NA,20150541910
191,2015054,2045,2015,54,20,45,NA,NA,A,NA,NA,NA,NA,20150542045
192,2015055,1645,2015,55,16,45,19.3375,-99.18296359,T,0.1525,0.11375,0.0325,0,20150551645
193,2015055,1825,2015,55,18,25,NA,NA,T,NA,NA,NA,NA,20150551825
194,2015055,1950,2015,55,19,50,19.3375,-99.18296359,A,0.2935,0.21925,0.053,0,20150551950
195,2015056,2030,2015,56,20,30,NA,NA,A,NA,NA,NA,NA,20150562030
196,2015056,2035,2015,56,20,35,NA,NA,A,NA,NA,NA,NA,20150562035
197,2015057,1635,2015,57,16,35,19.3375,-99.18296359,T,0.17,0.127,0.0261,0,20150571635
198,2015057,1810,2015,57,18,10,NA,NA,T,NA,NA,NA,NA,20150571810
199,2015057,1935,2015,57,19,35,NA,NA,A,NA,NA,NA,NA,20150571935
200,2015057,1940,2015,57,19,40,NA,NA,A,NA,NA,NA,NA,20150571940
201,2015058,1720,2015,58,17,20,19.3375,-99.18296359,T,0.0845,0.06325,0.0716,0,20150581720
202,2015058,2025,2015,58,20,25,NA,NA,A,NA,NA,NA,NA,20150582025
203,2015059,1620,2015,59,16,20,NA,NA,T,NA,NA,NA,NA,20150591620
204,2015059,1800,2015,59,18,0,19.3375,-99.18296359,T,0.1645,0.12275,0.0106,0,20150591800
205,2015059,1930,2015,59,19,30,19.3375,-99.18296359,A,0.18725,0.1395,0.0174,0,20150591930
206,2015059,2105,2015,59,21,5,NA,NA,A,NA,NA,NA,NA,20150592105
207,2015060,1705,2015,60,17,5,19.3375,-99.18296359,T,0.14075,0.10525,0.0684,0,20150601705
208,2015060,2005,2015,60,20,5,NA,NA,A,NA,NA,NA,NA,20150602005
209,2015060,2010,2015,60,20,10,19.3375,-99.18296359,A,0.259,0.19325,0.0769,0,20150602010
210,2015061,1610,2015,61,16,10,NA,NA,T,NA,NA,NA,NA,20150611610
211,2015061,1750,2015,61,17,50,19.3375,-99.18296359,T,0.0895,0.06675,0.0173,0,20150611750
212,2015061,1910,2015,61,19,10,NA,NA,A,NA,NA,NA,NA,20150611910
213,2015061,2050,2015,61,20,50,19.3375,-99.18296359,A,0.2685,0.20025,0.0113,0,20150612050
214,2015061,2055,2015,61,20,55,NA,NA,A,NA,NA,NA,NA,20150612055
215,2015062,1655,2015,62,16,55,19.3375,-99.18296359,T,0.17875,0.1335,0.0457,0,20150621655
216,2015062,1830,2015,62,18,30,NA,NA,T,NA,NA,NA,NA,20150621830
217,2015062,1955,2015,62,19,55,NA,NA,A,NA,NA,NA,NA,20150621955
218,2015062,2000,2015,62,20,0,19.3375,-99.18296359,A,0.47733,0.35667,0.0738,0,20150622000
219,2015063,1555,2015,63,15,55,NA,NA,T,NA,NA,NA,NA,20150631555
220,2015063,1735,2015,63,17,35,19.3375,-99.18296359,T,0.346,0.25825,0.0311,0,20150631735
221,2015063,1905,2015,63,19,5,NA,NA,A,NA,NA,NA,NA,20150631905
222,2015063,2040,2015,63,20,40,NA,NA,A,NA,NA,NA,NA,20150632040
223,2015064,1640,2015,64,16,40,19.3375,-99.18296359,T,0.2035,0.152,0.0295,0,20150641640
224,2015064,1815,2015,64,18,15,NA,NA,T,NA,NA,NA,NA,20150641815
225,2015064,1945,2015,64,19,45,NA,NA,A,NA,NA,NA,NA,20150641945
226,2015065,1725,2015,65,17,25,19.3375,-99.18296359,T,0.37825,0.28225,0.0609,0,20150651725
227,2015065,2025,2015,65,20,25,NA,NA,A,NA,NA,NA,NA,20150652025
228,2015065,2030,2015,65,20,30,NA,NA,A,NA,NA,NA,NA,20150652030
229,2015066,1630,2015,66,16,30,NA,NA,T,NA,NA,NA,NA,20150661630
230,2015066,1805,2015,66,18,5,NA,NA,T,NA,NA,NA,NA,20150661805
231,2015066,1930,2015,66,19,30,NA,NA,A,NA,NA,NA,NA,20150661930
232,2015066,1935,2015,66,19,35,NA,NA,A,NA,NA,NA,NA,20150661935
233,2015066,2110,2015,66,21,10,NA,NA,A,NA,NA,NA,NA,20150662110
234,2015067,1710,2015,67,17,10,19.3375,-99.18296359,T,0.30325,0.22625,0.0824,0,20150671710
235,2015067,2015,2015,67,20,15,NA,NA,A,NA,NA,NA,NA,20150672015
236,2015068,1615,2015,68,16,15,NA,NA,T,NA,NA,NA,NA,20150681615
237,2015068,1755,2015,68,17,55,19.3375,-99.18296359,T,0.29025,0.21675,0.0145,0,20150681755
238,2015068,2055,2015,68,20,55,NA,NA,A,NA,NA,NA,NA,20150682055
239,2015068,2100,2015,68,21,0,NA,NA,A,NA,NA,NA,NA,20150682100
240,2015069,1700,2015,69,17,0,NA,NA,T,NA,NA,NA,NA,20150691700
241,2015069,2000,2015,69,20,0,NA,NA,A,NA,NA,NA,NA,20150692000
242,2015069,2005,2015,69,20,5,NA,NA,A,NA,NA,NA,NA,20150692005
243,2015070,1605,2015,70,16,5,NA,NA,T,NA,NA,NA,NA,20150701605
244,2015070,1740,2015,70,17,40,NA,NA,T,NA,NA,NA,NA,20150701740
245,2015070,1905,2015,70,19,5,NA,NA,A,NA,NA,NA,NA,20150701905
246,2015070,1910,2015,70,19,10,NA,NA,A,NA,NA,NA,NA,20150701910
247,2015070,2045,2015,70,20,45,NA,NA,A,NA,NA,NA,NA,20150702045
248,2015071,1645,2015,71,16,45,NA,NA,T,NA,NA,NA,NA,20150711645
249,2015071,1825,2015,71,18,25,NA,NA,T,NA,NA,NA,NA,20150711825
250,2015071,1950,2015,71,19,50,NA,NA,A,NA,NA,NA,NA,20150711950
251,2015072,1730,2015,72,17,30,NA,NA,T,NA,NA,NA,NA,20150721730
252,2015072,2030,2015,72,20,30,NA,NA,A,NA,NA,NA,NA,20150722030
253,2015072,2035,2015,72,20,35,NA,NA,A,NA,NA,NA,NA,20150722035
254,2015073,1635,2015,73,16,35,NA,NA,T,NA,NA,NA,NA,20150731635
255,2015073,1810,2015,73,18,10,NA,NA,T,NA,NA,NA,NA,20150731810
256,2015073,1935,2015,73,19,35,NA,NA,A,NA,NA,NA,NA,20150731935
257,2015073,1940,2015,73,19,40,NA,NA,A,NA,NA,NA,NA,20150731940
258,2015074,1720,2015,74,17,20,NA,NA,T,NA,NA,NA,NA,20150741720
259,2015074,2025,2015,74,20,25,NA,NA,A,NA,NA,NA,NA,20150742025
260,2015075,1620,2015,75,16,20,NA,NA,T,NA,NA,NA,NA,20150751620
261,2015075,1800,2015,75,18,0,NA,NA,T,NA,NA,NA,NA,20150751800
262,2015075,1930,2015,75,19,30,NA,NA,A,NA,NA,NA,NA,20150751930
263,2015075,2105,2015,75,21,5,NA,NA,A,NA,NA,NA,NA,20150752105
264,2015076,1705,2015,76,17,5,NA,NA,T,NA,NA,NA,NA,20150761705
265,2015076,2005,2015,76,20,5,NA,NA,A,NA,NA,NA,NA,20150762005
266,2015076,2010,2015,76,20,10,NA,NA,A,NA,NA,NA,NA,20150762010
267,2015077,1610,2015,77,16,10,NA,NA,T,NA,NA,NA,NA,20150771610
268,2015077,1750,2015,77,17,50,NA,NA,T,NA,NA,NA,NA,20150771750
269,2015077,1910,2015,77,19,10,NA,NA,A,NA,NA,NA,NA,20150771910
270,2015077,2050,2015,77,20,50,NA,NA,A,NA,NA,NA,NA,20150772050
271,2015077,2055,2015,77,20,55,NA,NA,A,NA,NA,NA,NA,20150772055
272,2015078,1655,2015,78,16,55,19.32916666,-99.17790253,T,0.542,0.405,0.0552,0,20150781655
273,2015078,1830,2015,78,18,30,NA,NA,T,NA,NA,NA,NA,20150781830
274,2015078,1955,2015,78,19,55,NA,NA,A,NA,NA,NA,NA,20150781955
275,2015078,2000,2015,78,20,0,NA,NA,A,NA,NA,NA,NA,20150782000
276,2015079,1600,2015,79,16,0,NA,NA,T,NA,NA,NA,NA,20150791600
277,2015079,1735,2015,79,17,35,NA,NA,T,NA,NA,NA,NA,20150791735
278,2015079,1905,2015,79,19,5,NA,NA,A,NA,NA,NA,NA,20150791905
279,2015079,2040,2015,79,20,40,NA,NA,A,NA,NA,NA,NA,20150792040
280,2015080,1640,2015,80,16,40,NA,NA,T,NA,NA,NA,NA,20150801640
281,2015080,1815,2015,80,18,15,NA,NA,T,NA,NA,NA,NA,20150801815
282,2015080,1945,2015,80,19,45,NA,NA,A,NA,NA,NA,NA,20150801945
283,2015081,1725,2015,81,17,25,NA,NA,T,NA,NA,NA,NA,20150811725
284,2015081,2025,2015,81,20,25,NA,NA,A,NA,NA,NA,NA,20150812025
285,2015081,2030,2015,81,20,30,NA,NA,A,NA,NA,NA,NA,20150812030
286,2015082,1630,2015,82,16,30,NA,NA,T,NA,NA,NA,NA,20150821630
287,2015082,1805,2015,82,18,5,NA,NA,T,NA,NA,NA,NA,20150821805
288,2015082,1930,2015,82,19,30,NA,NA,A,NA,NA,NA,NA,20150821930
289,2015082,1935,2015,82,19,35,NA,NA,A,NA,NA,NA,NA,20150821935
290,2015082,2110,2015,82,21,10,NA,NA,A,NA,NA,NA,NA,20150822110
291,2015083,1710,2015,83,17,10,19.3375,-99.18296359,T,0.09225,0.069,0.102,0,20150831710
292,2015083,2015,2015,83,20,15,NA,NA,A,NA,NA,NA,NA,20150832015
293,2015084,1615,2015,84,16,15,NA,NA,T,NA,NA,NA,NA,20150841615
294,2015084,1755,2015,84,17,55,NA,NA,T,NA,NA,NA,NA,20150841755
295,2015084,2055,2015,84,20,55,NA,NA,A,NA,NA,NA,NA,20150842055
296,2015084,2100,2015,84,21,0,NA,NA,A,NA,NA,NA,NA,20150842100
297,2015085,1700,2015,85,17,0,19.3375,-99.18296359,T,0.14725,0.10975,0.0661,0,20150851700
298,2015085,2000,2015,85,20,0,NA,NA,A,NA,NA,NA,NA,20150852000
299,2015085,2005,2015,85,20,5,NA,NA,A,NA,NA,NA,NA,20150852005
300,2015086,1605,2015,86,16,5,NA,NA,T,NA,NA,NA,NA,20150861605
301,2015086,1740,2015,86,17,40,NA,NA,T,NA,NA,NA,NA,20150861740
302,2015086,1905,2015,86,19,5,NA,NA,A,NA,NA,NA,NA,20150861905
303,2015086,1910,2015,86,19,10,NA,NA,A,NA,NA,NA,NA,20150861910
304,2015086,2045,2015,86,20,45,NA,NA,A,NA,NA,NA,NA,20150862045
305,2015087,1645,2015,87,16,45,NA,NA,T,NA,NA,NA,NA,20150871645
306,2015087,1825,2015,87,18,25,NA,NA,T,NA,NA,NA,NA,20150871825
307,2015087,1950,2015,87,19,50,NA,NA,A,NA,NA,NA,NA,20150871950
308,2015088,1730,2015,88,17,30,NA,NA,T,NA,NA,NA,NA,20150881730
309,2015088,2030,2015,88,20,30,NA,NA,A,NA,NA,NA,NA,20150882030
310,2015088,2035,2015,88,20,35,NA,NA,A,NA,NA,NA,NA,20150882035
311,2015089,1635,2015,89,16,35,19.3375,-99.18296359,T,0.18075,0.135,0.0279,0,20150891635
312,2015089,1810,2015,89,18,10,NA,NA,T,NA,NA,NA,NA,20150891810
313,2015089,1935,2015,89,19,35,NA,NA,A,NA,NA,NA,NA,20150891935
314,2015089,1940,2015,89,19,40,19.3375,-99.18296359,A,0.161,0.12025,0.0347,0,20150891940
315,2015090,1720,2015,90,17,20,19.3375,-99.18296359,T,0.07625,0.05675,0.0895,0,20150901720
316,2015090,2025,2015,90,20,25,NA,NA,A,NA,NA,NA,NA,20150902025
317,2015091,1625,2015,91,16,25,NA,NA,T,NA,NA,NA,NA,20150911625
318,2015091,1800,2015,91,18,0,NA,NA,T,NA,NA,NA,NA,20150911800
319,2015091,1930,2015,91,19,30,NA,NA,A,NA,NA,NA,NA,20150911930
320,2015091,2105,2015,91,21,5,NA,NA,A,NA,NA,NA,NA,20150912105
321,2015092,1705,2015,92,17,5,NA,NA,T,NA,NA,NA,NA,20150921705
322,2015092,2005,2015,92,20,5,NA,NA,A,NA,NA,NA,NA,20150922005
323,2015092,2010,2015,92,20,10,NA,NA,A,NA,NA,NA,NA,20150922010
324,2015093,1610,2015,93,16,10,NA,NA,T,NA,NA,NA,NA,20150931610
325,2015093,1750,2015,93,17,50,NA,NA,T,NA,NA,NA,NA,20150931750
326,2015093,1910,2015,93,19,10,NA,NA,A,NA,NA,NA,NA,20150931910
327,2015093,2050,2015,93,20,50,NA,NA,A,NA,NA,NA,NA,20150932050
328,2015093,2055,2015,93,20,55,NA,NA,A,NA,NA,NA,NA,20150932055
329,2015094,1655,2015,94,16,55,NA,NA,T,NA,NA,NA,NA,20150941655
330,2015094,1830,2015,94,18,30,NA,NA,T,NA,NA,NA,NA,20150941830
331,2015094,1955,2015,94,19,55,NA,NA,A,NA,NA,NA,NA,20150941955
332,2015094,2000,2015,94,20,0,19.3375,-99.18296359,A,0.071,0.053,0.0869,0,20150942000
333,2015095,1600,2015,95,16,0,NA,NA,T,NA,NA,NA,NA,20150951600
334,2015095,1735,2015,95,17,35,19.3375,-99.18296359,T,0.36175,0.27025,0.0423,0,20150951735
335,2015095,1905,2015,95,19,5,NA,NA,A,NA,NA,NA,NA,20150951905
336,2015095,2040,2015,95,20,40,19.3375,-99.18296359,A,0.3185,0.23775,0.032,0,20150952040
337,2015096,1640,2015,96,16,40,19.3375,-99.18296359,T,0.26325,0.19675,0.0368,0,20150961640
338,2015096,1815,2015,96,18,15,NA,NA,T,NA,NA,NA,NA,20150961815
339,2015096,1945,2015,96,19,45,19.3375,-99.18296359,A,0.391,0.292,0.0539,0,20150961945
340,2015097,1725,2015,97,17,25,NA,NA,T,NA,NA,NA,NA,20150971725
341,2015097,2025,2015,97,20,25,NA,NA,A,NA,NA,NA,NA,20150972025
342,2015097,2030,2015,97,20,30,19.3375,-99.18296359,A,0.2865,0.2135,0.0513,0,20150972030
343,2015098,1630,2015,98,16,30,NA,NA,T,NA,NA,NA,NA,20150981630
344,2015098,1805,2015,98,18,5,NA,NA,T,NA,NA,NA,NA,20150981805
345,2015098,1930,2015,98,19,30,NA,NA,A,NA,NA,NA,NA,20150981930
346,2015098,1935,2015,98,19,35,NA,NA,A,NA,NA,NA,NA,20150981935
347,2015098,2110,2015,98,21,10,NA,NA,A,NA,NA,NA,NA,20150982110
348,2015099,1710,2015,99,17,10,NA,NA,T,NA,NA,NA,NA,20150991710
349,2015099,2015,2015,99,20,15,19.3375,-99.18296359,A,0.33533,0.25033,0.0883,0,20150992015
350,2015100,1615,2015,100,16,15,NA,NA,T,NA,NA,NA,NA,20151001615
351,2015100,1755,2015,100,17,55,NA,NA,T,NA,NA,NA,NA,20151001755
352,2015100,2055,2015,100,20,55,19.3375,-99.18296359,A,0.4285,0.31975,0.0171,0,20151002055
353,2015100,2100,2015,100,21,0,NA,NA,A,NA,NA,NA,NA,20151002100
354,2015101,1700,2015,101,17,0,NA,NA,T,NA,NA,NA,NA,20151011700
355,2015101,2000,2015,101,20,0,NA,NA,A,NA,NA,NA,NA,20151012000
356,2015101,2005,2015,101,20,5,NA,NA,A,NA,NA,NA,NA,20151012005
357,2015102,1605,2015,102,16,5,NA,NA,T,NA,NA,NA,NA,20151021605
358,2015102,1740,2015,102,17,40,NA,NA,T,NA,NA,NA,NA,20151021740
359,2015102,1905,2015,102,19,5,NA,NA,A,NA,NA,NA,NA,20151021905
360,2015102,1910,2015,102,19,10,NA,NA,A,NA,NA,NA,NA,20151021910
361,2015102,2050,2015,102,20,50,NA,NA,A,NA,NA,NA,NA,20151022050
362,2015103,1645,2015,103,16,45,NA,NA,T,NA,NA,NA,NA,20151031645
363,2015103,1825,2015,103,18,25,NA,NA,T,NA,NA,NA,NA,20151031825
364,2015103,1955,2015,103,19,55,NA,NA,A,NA,NA,NA,NA,20151031955
365,2015104,1730,2015,104,17,30,NA,NA,T,NA,NA,NA,NA,20151041730
366,2015104,2030,2015,104,20,30,NA,NA,A,NA,NA,NA,NA,20151042030
367,2015104,2035,2015,104,20,35,NA,NA,A,NA,NA,NA,NA,20151042035
368,2015105,1635,2015,105,16,35,NA,NA,T,NA,NA,NA,NA,20151051635
369,2015105,1810,2015,105,18,10,NA,NA,T,NA,NA,NA,NA,20151051810
370,2015105,1935,2015,105,19,35,NA,NA,A,NA,NA,NA,NA,20151051935
371,2015105,1940,2015,105,19,40,NA,NA,A,NA,NA,NA,NA,20151051940
372,2015106,1720,2015,106,17,20,19.3375,-99.18296359,T,0.21525,0.16075,0.1136,0,20151061720
373,2015106,2020,2015,106,20,20,NA,NA,A,NA,NA,NA,NA,20151062020
374,2015106,2025,2015,106,20,25,NA,NA,A,NA,NA,NA,NA,20151062025
375,2015107,1620,2015,107,16,20,NA,NA,T,NA,NA,NA,NA,20151071620
376,2015107,1800,2015,107,18,0,NA,NA,T,NA,NA,NA,NA,20151071800
377,2015107,1930,2015,107,19,30,NA,NA,A,NA,NA,NA,NA,20151071930
378,2015107,2105,2015,107,21,5,NA,NA,A,NA,NA,NA,NA,20151072105
379,2015108,1705,2015,108,17,5,NA,NA,T,NA,NA,NA,NA,20151081705
380,2015108,2010,2015,108,20,10,NA,NA,A,NA,NA,NA,NA,20151082010
381,2015109,1610,2015,109,16,10,NA,NA,T,NA,NA,NA,NA,20151091610
382,2015109,1750,2015,109,17,50,NA,NA,T,NA,NA,NA,NA,20151091750
383,2015109,2050,2015,109,20,50,NA,NA,A,NA,NA,NA,NA,20151092050
384,2015109,2055,2015,109,20,55,NA,NA,A,NA,NA,NA,NA,20151092055
385,2015110,1655,2015,110,16,55,19.3375,-99.18296359,T,0.2115,0.158,0.0696,0,20151101655
386,2015110,1830,2015,110,18,30,NA,NA,T,NA,NA,NA,NA,20151101830
387,2015110,1955,2015,110,19,55,NA,NA,A,NA,NA,NA,NA,20151101955
388,2015110,2000,2015,110,20,0,NA,NA,A,NA,NA,NA,NA,20151102000
389,2015111,1600,2015,111,16,0,NA,NA,T,NA,NA,NA,NA,20151111600
390,2015111,1735,2015,111,17,35,19.3375,-99.18296359,T,0.31925,0.2385,0.0507,0,20151111735
391,2015111,1905,2015,111,19,5,NA,NA,A,NA,NA,NA,NA,20151111905
392,2015111,2040,2015,111,20,40,NA,NA,A,NA,NA,NA,NA,20151112040
393,2015112,1640,2015,112,16,40,NA,NA,T,NA,NA,NA,NA,20151121640
394,2015112,1815,2015,112,18,15,NA,NA,T,NA,NA,NA,NA,20151121815
395,2015112,1945,2015,112,19,45,NA,NA,A,NA,NA,NA,NA,20151121945
396,2015113,1725,2015,113,17,25,19.3375,-99.18296359,T,0.223,0.16625,0.0998,0,20151131725
397,2015113,2025,2015,113,20,25,NA,NA,A,NA,NA,NA,NA,20151132025
398,2015113,2030,2015,113,20,30,NA,NA,A,NA,NA,NA,NA,20151132030
399,2015114,1630,2015,114,16,30,NA,NA,T,NA,NA,NA,NA,20151141630
400,2015114,1805,2015,114,18,5,NA,NA,T,NA,NA,NA,NA,20151141805
401,2015114,1930,2015,114,19,30,NA,NA,A,NA,NA,NA,NA,20151141930
402,2015114,1935,2015,114,19,35,19.3375,-99.18296359,A,0.196,0.146,0.0287,0,20151141935
403,2015114,2110,2015,114,21,10,NA,NA,A,NA,NA,NA,NA,20151142110
404,2015115,1710,2015,115,17,10,NA,NA,T,NA,NA,NA,NA,20151151710
405,2015115,2015,2015,115,20,15,NA,NA,A,NA,NA,NA,NA,20151152015
406,2015116,1615,2015,116,16,15,NA,NA,T,NA,NA,NA,NA,20151161615
407,2015116,1755,2015,116,17,55,NA,NA,T,NA,NA,NA,NA,20151161755
408,2015116,2055,2015,116,20,55,NA,NA,A,NA,NA,NA,NA,20151162055
409,2015116,2100,2015,116,21,0,NA,NA,A,NA,NA,NA,NA,20151162100
410,2015117,1700,2015,117,17,0,NA,NA,T,NA,NA,NA,NA,20151171700
411,2015117,2000,2015,117,20,0,NA,NA,A,NA,NA,NA,NA,20151172000
412,2015117,2005,2015,117,20,5,NA,NA,A,NA,NA,NA,NA,20151172005
413,2015118,1605,2015,118,16,5,NA,NA,T,NA,NA,NA,NA,20151181605
414,2015118,1740,2015,118,17,40,NA,NA,T,NA,NA,NA,NA,20151181740
415,2015118,1905,2015,118,19,5,NA,NA,A,NA,NA,NA,NA,20151181905
416,2015118,1910,2015,118,19,10,NA,NA,A,NA,NA,NA,NA,20151181910
417,2015118,2050,2015,118,20,50,NA,NA,A,NA,NA,NA,NA,20151182050
418,2015119,1645,2015,119,16,45,NA,NA,T,NA,NA,NA,NA,20151191645
419,2015119,1825,2015,119,18,25,NA,NA,T,NA,NA,NA,NA,20151191825
420,2015119,1955,2015,119,19,55,NA,NA,A,NA,NA,NA,NA,20151191955
421,2015120,1730,2015,120,17,30,NA,NA,T,NA,NA,NA,NA,20151201730
422,2015120,2030,2015,120,20,30,NA,NA,A,NA,NA,NA,NA,20151202030
423,2015120,2035,2015,120,20,35,NA,NA,A,NA,NA,NA,NA,20151202035
424,2015121,1635,2015,121,16,35,NA,NA,T,NA,NA,NA,NA,20151211635
425,2015121,1810,2015,121,18,10,NA,NA,T,NA,NA,NA,NA,20151211810
426,2015121,1935,2015,121,19,35,NA,NA,A,NA,NA,NA,NA,20151211935
427,2015121,1940,2015,121,19,40,NA,NA,A,NA,NA,NA,NA,20151211940
428,2015122,1720,2015,122,17,20,NA,NA,T,NA,NA,NA,NA,20151221720
429,2015122,2020,2015,122,20,20,NA,NA,A,NA,NA,NA,NA,20151222020
430,2015122,2025,2015,122,20,25,NA,NA,A,NA,NA,NA,NA,20151222025
431,2015123,1625,2015,123,16,25,NA,NA,T,NA,NA,NA,NA,20151231625
432,2015123,1800,2015,123,18,0,NA,NA,T,NA,NA,NA,NA,20151231800
433,2015123,1930,2015,123,19,30,NA,NA,A,NA,NA,NA,NA,20151231930
434,2015123,2105,2015,123,21,5,NA,NA,A,NA,NA,NA,NA,20151232105
435,2015124,1705,2015,124,17,5,NA,NA,T,NA,NA,NA,NA,20151241705
436,2015124,2010,2015,124,20,10,NA,NA,A,NA,NA,NA,NA,20151242010
437,2015125,1610,2015,125,16,10,NA,NA,T,NA,NA,NA,NA,20151251610
438,2015125,1750,2015,125,17,50,NA,NA,T,NA,NA,NA,NA,20151251750
439,2015125,2050,2015,125,20,50,NA,NA,A,NA,NA,NA,NA,20151252050
440,2015125,2055,2015,125,20,55,NA,NA,A,NA,NA,NA,NA,20151252055
441,2015126,1655,2015,126,16,55,19.3375,-99.18296359,T,0.381,0.2845,0.0574,0,20151261655
442,2015126,1830,2015,126,18,30,NA,NA,T,NA,NA,NA,NA,20151261830
443,2015126,1955,2015,126,19,55,NA,NA,A,NA,NA,NA,NA,20151261955
444,2015126,2000,2015,126,20,0,NA,NA,A,NA,NA,NA,NA,20151262000
445,2015127,1600,2015,127,16,0,NA,NA,T,NA,NA,NA,NA,20151271600
446,2015127,1735,2015,127,17,35,NA,NA,T,NA,NA,NA,NA,20151271735
447,2015127,1905,2015,127,19,5,NA,NA,A,NA,NA,NA,NA,20151271905
448,2015127,2040,2015,127,20,40,NA,NA,A,NA,NA,NA,NA,20151272040
449,2015128,1640,2015,128,16,40,19.3375,-99.18296359,T,0.1975,0.1475,0.0246,0,20151281640
450,2015128,1820,2015,128,18,20,NA,NA,T,NA,NA,NA,NA,20151281820
451,2015128,1945,2015,128,19,45,NA,NA,A,NA,NA,NA,NA,20151281945
452,2015129,1725,2015,129,17,25,NA,NA,T,NA,NA,NA,NA,20151291725
453,2015129,2025,2015,129,20,25,NA,NA,A,NA,NA,NA,NA,20151292025
454,2015129,2030,2015,129,20,30,NA,NA,A,NA,NA,NA,NA,20151292030
455,2015130,1630,2015,130,16,30,NA,NA,T,NA,NA,NA,NA,20151301630
456,2015130,1805,2015,130,18,5,NA,NA,T,NA,NA,NA,NA,20151301805
457,2015130,1930,2015,130,19,30,NA,NA,A,NA,NA,NA,NA,20151301930
458,2015130,1935,2015,130,19,35,NA,NA,A,NA,NA,NA,NA,20151301935
459,2015130,2110,2015,130,21,10,NA,NA,A,NA,NA,NA,NA,20151302110
460,2015131,1710,2015,131,17,10,NA,NA,T,NA,NA,NA,NA,20151311710
461,2015131,2015,2015,131,20,15,NA,NA,A,NA,NA,NA,NA,20151312015
462,2015132,1615,2015,132,16,15,NA,NA,T,NA,NA,NA,NA,20151321615
463,2015132,1755,2015,132,17,55,NA,NA,T,NA,NA,NA,NA,20151321755
464,2015132,2055,2015,132,20,55,NA,NA,A,NA,NA,NA,NA,20151322055
465,2015132,2100,2015,132,21,0,NA,NA,A,NA,NA,NA,NA,20151322100
466,2015133,1700,2015,133,17,0,NA,NA,T,NA,NA,NA,NA,20151331700
467,2015133,2000,2015,133,20,0,NA,NA,A,NA,NA,NA,NA,20151332000
468,2015133,2005,2015,133,20,5,NA,NA,A,NA,NA,NA,NA,20151332005
469,2015134,1605,2015,134,16,5,NA,NA,T,NA,NA,NA,NA,20151341605
470,2015134,1745,2015,134,17,45,NA,NA,T,NA,NA,NA,NA,20151341745
471,2015134,1905,2015,134,19,5,NA,NA,A,NA,NA,NA,NA,20151341905
472,2015134,1910,2015,134,19,10,NA,NA,A,NA,NA,NA,NA,20151341910
473,2015134,2050,2015,134,20,50,NA,NA,A,NA,NA,NA,NA,20151342050
474,2015135,1645,2015,135,16,45,19.32916666,-99.18673365,T,0.5515,0.4115,0.0362,0,20151351645
475,2015135,1825,2015,135,18,25,NA,NA,T,NA,NA,NA,NA,20151351825
476,2015135,1950,2015,135,19,50,NA,NA,A,NA,NA,NA,NA,20151351950
477,2015136,1730,2015,136,17,30,NA,NA,T,NA,NA,NA,NA,20151361730
478,2015136,2030,2015,136,20,30,NA,NA,A,NA,NA,NA,NA,20151362030
479,2015136,2035,2015,136,20,35,NA,NA,A,NA,NA,NA,NA,20151362035
480,2015137,1635,2015,137,16,35,19.3375,-99.18296359,T,0.4005,0.299,0.0244,0,20151371635
481,2015137,1810,2015,137,18,10,NA,NA,T,NA,NA,NA,NA,20151371810
482,2015137,1935,2015,137,19,35,NA,NA,A,NA,NA,NA,NA,20151371935
483,2015137,1940,2015,137,19,40,NA,NA,A,NA,NA,NA,NA,20151371940
484,2015138,1720,2015,138,17,20,19.3375,-99.18296359,T,0.1545,0.1155,0.116,0,20151381720
485,2015138,2025,2015,138,20,25,NA,NA,A,NA,NA,NA,NA,20151382025
486,2015139,1625,2015,139,16,25,NA,NA,T,NA,NA,NA,NA,20151391625
487,2015139,1800,2015,139,18,0,19.3375,-99.18296359,T,0.889,0.664,0.0166,0,20151391800
488,2015139,1930,2015,139,19,30,NA,NA,A,NA,NA,NA,NA,20151391930
489,2015139,2105,2015,139,21,5,NA,NA,A,NA,NA,NA,NA,20151392105
490,2015140,1705,2015,140,17,5,NA,NA,T,NA,NA,NA,NA,20151401705
491,2015140,2005,2015,140,20,5,NA,NA,A,NA,NA,NA,NA,20151402005
492,2015140,2010,2015,140,20,10,NA,NA,A,NA,NA,NA,NA,20151402010
493,2015141,1610,2015,141,16,10,NA,NA,T,NA,NA,NA,NA,20151411610
494,2015141,1750,2015,141,17,50,NA,NA,T,NA,NA,NA,NA,20151411750
495,2015141,1910,2015,141,19,10,NA,NA,A,NA,NA,NA,NA,20151411910
496,2015141,2050,2015,141,20,50,NA,NA,A,NA,NA,NA,NA,20151412050
497,2015141,2055,2015,141,20,55,NA,NA,A,NA,NA,NA,NA,20151412055
498,2015142,1655,2015,142,16,55,NA,NA,T,NA,NA,NA,NA,20151421655
499,2015142,1830,2015,142,18,30,NA,NA,T,NA,NA,NA,NA,20151421830
500,2015142,2000,2015,142,20,0,NA,NA,A,NA,NA,NA,NA,20151422000
501,2015143,1600,2015,143,16,0,NA,NA,T,NA,NA,NA,NA,20151431600
502,2015143,1735,2015,143,17,35,NA,NA,T,NA,NA,NA,NA,20151431735
503,2015143,1905,2015,143,19,5,NA,NA,A,NA,NA,NA,NA,20151431905
504,2015143,2040,2015,143,20,40,NA,NA,A,NA,NA,NA,NA,20151432040
505,2015144,1640,2015,144,16,40,NA,NA,T,NA,NA,NA,NA,20151441640
506,2015144,1820,2015,144,18,20,NA,NA,T,NA,NA,NA,NA,20151441820
507,2015144,1945,2015,144,19,45,NA,NA,A,NA,NA,NA,NA,20151441945
508,2015145,1725,2015,145,17,25,19.3375,-99.18296359,T,0.08133,0.06067,0.0921,0,20151451725
509,2015145,2025,2015,145,20,25,NA,NA,A,NA,NA,NA,NA,20151452025
510,2015145,2030,2015,145,20,30,NA,NA,A,NA,NA,NA,NA,20151452030
511,2015146,1630,2015,146,16,30,NA,NA,T,NA,NA,NA,NA,20151461630
512,2015146,1805,2015,146,18,5,NA,NA,T,NA,NA,NA,NA,20151461805
513,2015146,1930,2015,146,19,30,NA,NA,A,NA,NA,NA,NA,20151461930
514,2015146,1935,2015,146,19,35,NA,NA,A,NA,NA,NA,NA,20151461935
515,2015146,2110,2015,146,21,10,NA,NA,A,NA,NA,NA,NA,20151462110
516,2015147,1710,2015,147,17,10,19.3375,-99.18296359,T,0.39,0.291,0.1322,0,20151471710
517,2015147,2015,2015,147,20,15,NA,NA,A,NA,NA,NA,NA,20151472015
518,2015148,1615,2015,148,16,15,NA,NA,T,NA,NA,NA,NA,20151481615
519,2015148,1755,2015,148,17,55,NA,NA,T,NA,NA,NA,NA,20151481755
520,2015148,2055,2015,148,20,55,NA,NA,A,NA,NA,NA,NA,20151482055
521,2015148,2100,2015,148,21,0,NA,NA,A,NA,NA,NA,NA,20151482100
522,2015149,1700,2015,149,17,0,NA,NA,T,NA,NA,NA,NA,20151491700
523,2015149,2000,2015,149,20,0,NA,NA,A,NA,NA,NA,NA,20151492000
524,2015149,2005,2015,149,20,5,NA,NA,A,NA,NA,NA,NA,20151492005
525,2015150,1605,2015,150,16,5,NA,NA,T,NA,NA,NA,NA,20151501605
526,2015150,1745,2015,150,17,45,NA,NA,T,NA,NA,NA,NA,20151501745
527,2015150,1905,2015,150,19,5,NA,NA,A,NA,NA,NA,NA,20151501905
528,2015150,1910,2015,150,19,10,NA,NA,A,NA,NA,NA,NA,20151501910
529,2015150,2045,2015,150,20,45,NA,NA,A,NA,NA,NA,NA,20151502045
530,2015151,1650,2015,151,16,50,NA,NA,T,NA,NA,NA,NA,20151511650
531,2015151,1825,2015,151,18,25,NA,NA,T,NA,NA,NA,NA,20151511825
532,2015151,1950,2015,151,19,50,NA,NA,A,NA,NA,NA,NA,20151511950
533,2015152,1730,2015,152,17,30,NA,NA,T,NA,NA,NA,NA,20151521730
534,2015152,2030,2015,152,20,30,NA,NA,A,NA,NA,NA,NA,20151522030
535,2015152,2035,2015,152,20,35,NA,NA,A,NA,NA,NA,NA,20151522035
536,2015153,1635,2015,153,16,35,19.32916666,-99.18673365,T,0.754,0.563,0.0158,0,20151531635
537,2015153,1810,2015,153,18,10,NA,NA,T,NA,NA,NA,NA,20151531810
538,2015153,1935,2015,153,19,35,NA,NA,A,NA,NA,NA,NA,20151531935
539,2015153,1940,2015,153,19,40,NA,NA,A,NA,NA,NA,NA,20151531940
540,2015154,1720,2015,154,17,20,NA,NA,T,NA,NA,NA,NA,20151541720
541,2015154,2025,2015,154,20,25,NA,NA,A,NA,NA,NA,NA,20151542025
542,2015155,1625,2015,155,16,25,NA,NA,T,NA,NA,NA,NA,20151551625
543,2015155,1800,2015,155,18,0,NA,NA,T,NA,NA,NA,NA,20151551800
544,2015155,1930,2015,155,19,30,NA,NA,A,NA,NA,NA,NA,20151551930
545,2015155,2105,2015,155,21,5,NA,NA,A,NA,NA,NA,NA,20151552105
546,2015156,1705,2015,156,17,5,NA,NA,T,NA,NA,NA,NA,20151561705
547,2015156,2005,2015,156,20,5,NA,NA,A,NA,NA,NA,NA,20151562005
548,2015156,2010,2015,156,20,10,NA,NA,A,NA,NA,NA,NA,20151562010
549,2015157,1610,2015,157,16,10,NA,NA,T,NA,NA,NA,NA,20151571610
550,2015157,1750,2015,157,17,50,NA,NA,T,NA,NA,NA,NA,20151571750
551,2015157,1910,2015,157,19,10,NA,NA,A,NA,NA,NA,NA,20151571910
552,2015157,2050,2015,157,20,50,NA,NA,A,NA,NA,NA,NA,20151572050
553,2015157,2055,2015,157,20,55,NA,NA,A,NA,NA,NA,NA,20151572055
554,2015158,1655,2015,158,16,55,NA,NA,T,NA,NA,NA,NA,20151581655
555,2015158,1830,2015,158,18,30,NA,NA,T,NA,NA,NA,NA,20151581830
556,2015158,1955,2015,158,19,55,NA,NA,A,NA,NA,NA,NA,20151581955
557,2015158,2000,2015,158,20,0,NA,NA,A,NA,NA,NA,NA,20151582000
558,2015159,1600,2015,159,16,0,NA,NA,T,NA,NA,NA,NA,20151591600
559,2015159,1735,2015,159,17,35,19.3375,-99.18296359,T,0.14075,0.10525,0.0484,0,20151591735
560,2015159,1905,2015,159,19,5,NA,NA,A,NA,NA,NA,NA,20151591905
561,2015159,2040,2015,159,20,40,19.3375,-99.18296359,A,0.0595,0.0445,0.0242,0,20151592040
562,2015160,1640,2015,160,16,40,19.3375,-99.18296359,T,0.2175,0.16225,0.0302,0,20151601640
563,2015160,1820,2015,160,18,20,NA,NA,T,NA,NA,NA,NA,20151601820
564,2015160,1945,2015,160,19,45,19.3375,-99.18296359,A,0.418,0.31225,0.0611,0,20151601945
565,2015161,1725,2015,161,17,25,19.3375,-99.18296359,T,0.2385,0.17775,0.0911,0,20151611725
566,2015161,2025,2015,161,20,25,NA,NA,A,NA,NA,NA,NA,20151612025
567,2015161,2030,2015,161,20,30,19.3375,-99.18296359,A,0.44075,0.32925,0.0584,0,20151612030
568,2015162,1630,2015,162,16,30,NA,NA,T,NA,NA,NA,NA,20151621630
569,2015162,1805,2015,162,18,5,NA,NA,T,NA,NA,NA,NA,20151621805
570,2015162,1930,2015,162,19,30,NA,NA,A,NA,NA,NA,NA,20151621930
571,2015162,1935,2015,162,19,35,NA,NA,A,NA,NA,NA,NA,20151621935
572,2015162,2110,2015,162,21,10,NA,NA,A,NA,NA,NA,NA,20151622110
573,2015163,1710,2015,163,17,10,NA,NA,T,NA,NA,NA,NA,20151631710
574,2015163,2015,2015,163,20,15,NA,NA,A,NA,NA,NA,NA,20151632015
575,2015164,1615,2015,164,16,15,NA,NA,T,NA,NA,NA,NA,20151641615
576,2015164,1755,2015,164,17,55,NA,NA,T,NA,NA,NA,NA,20151641755
577,2015164,2055,2015,164,20,55,NA,NA,A,NA,NA,NA,NA,20151642055
578,2015164,2100,2015,164,21,0,NA,NA,A,NA,NA,NA,NA,20151642100
579,2015165,1700,2015,165,17,0,NA,NA,T,NA,NA,NA,NA,20151651700
580,2015165,2000,2015,165,20,0,NA,NA,A,NA,NA,NA,NA,20151652000
581,2015165,2005,2015,165,20,5,NA,NA,A,NA,NA,NA,NA,20151652005
582,2015166,1605,2015,166,16,5,NA,NA,T,NA,NA,NA,NA,20151661605
583,2015166,1745,2015,166,17,45,NA,NA,T,NA,NA,NA,NA,20151661745
584,2015166,1905,2015,166,19,5,NA,NA,A,NA,NA,NA,NA,20151661905
585,2015166,1910,2015,166,19,10,NA,NA,A,NA,NA,NA,NA,20151661910
586,2015166,2045,2015,166,20,45,NA,NA,A,NA,NA,NA,NA,20151662045
587,2015167,1650,2015,167,16,50,19.3375,-99.18296359,T,0.512,0.3825,0.0492,0,20151671650
588,2015167,1825,2015,167,18,25,NA,NA,T,NA,NA,NA,NA,20151671825
589,2015167,1950,2015,167,19,50,NA,NA,A,NA,NA,NA,NA,20151671950
590,2015168,1730,2015,168,17,30,NA,NA,T,NA,NA,NA,NA,20151681730
591,2015168,2030,2015,168,20,30,NA,NA,A,NA,NA,NA,NA,20151682030
592,2015168,2035,2015,168,20,35,NA,NA,A,NA,NA,NA,NA,20151682035
593,2015169,1635,2015,169,16,35,NA,NA,T,NA,NA,NA,NA,20151691635
594,2015169,1810,2015,169,18,10,NA,NA,T,NA,NA,NA,NA,20151691810
595,2015169,1935,2015,169,19,35,NA,NA,A,NA,NA,NA,NA,20151691935
596,2015169,1940,2015,169,19,40,NA,NA,A,NA,NA,NA,NA,20151691940
597,2015170,1720,2015,170,17,20,19.3375,-99.18296359,T,0.38725,0.289,0.1297,0,20151701720
598,2015170,2025,2015,170,20,25,NA,NA,A,NA,NA,NA,NA,20151702025
599,2015171,1625,2015,171,16,25,NA,NA,T,NA,NA,NA,NA,20151711625
600,2015171,1800,2015,171,18,0,NA,NA,T,NA,NA,NA,NA,20151711800
601,2015171,1930,2015,171,19,30,NA,NA,A,NA,NA,NA,NA,20151711930
602,2015171,2105,2015,171,21,5,NA,NA,A,NA,NA,NA,NA,20151712105
603,2015172,1705,2015,172,17,5,19.3375,-99.17413201,T,0.458,0.342,0.2007,0,20151721705
604,2015172,2005,2015,172,20,5,NA,NA,A,NA,NA,NA,NA,20151722005
605,2015172,2010,2015,172,20,10,NA,NA,A,NA,NA,NA,NA,20151722010
606,2015173,1610,2015,173,16,10,NA,NA,T,NA,NA,NA,NA,20151731610
607,2015173,1750,2015,173,17,50,NA,NA,T,NA,NA,NA,NA,20151731750
608,2015173,1910,2015,173,19,10,NA,NA,A,NA,NA,NA,NA,20151731910
609,2015173,2050,2015,173,20,50,NA,NA,A,NA,NA,NA,NA,20151732050
610,2015173,2055,2015,173,20,55,NA,NA,A,NA,NA,NA,NA,20151732055
611,2015174,1655,2015,174,16,55,19.3375,-99.18296359,T,0.1905,0.1425,0.069,0,20151741655
612,2015174,1830,2015,174,18,30,NA,NA,T,NA,NA,NA,NA,20151741830
613,2015174,1955,2015,174,19,55,NA,NA,A,NA,NA,NA,NA,20151741955
614,2015174,2000,2015,174,20,0,NA,NA,A,NA,NA,NA,NA,20151742000
615,2015175,1600,2015,175,16,0,NA,NA,T,NA,NA,NA,NA,20151751600
616,2015175,1735,2015,175,17,35,NA,NA,T,NA,NA,NA,NA,20151751735
617,2015175,1905,2015,175,19,5,NA,NA,A,NA,NA,NA,NA,20151751905
618,2015175,2040,2015,175,20,40,NA,NA,A,NA,NA,NA,NA,20151752040
619,2015176,1640,2015,176,16,40,19.3375,-99.18296359,T,0.55075,0.41125,0.0359,0,20151761640
620,2015176,1820,2015,176,18,20,NA,NA,T,NA,NA,NA,NA,20151761820
621,2015176,1945,2015,176,19,45,NA,NA,A,NA,NA,NA,NA,20151761945
622,2015177,1725,2015,177,17,25,NA,NA,T,NA,NA,NA,NA,20151771725
623,2015177,2025,2015,177,20,25,NA,NA,A,NA,NA,NA,NA,20151772025
624,2015177,2030,2015,177,20,30,NA,NA,A,NA,NA,NA,NA,20151772030
625,2015178,1630,2015,178,16,30,NA,NA,T,NA,NA,NA,NA,20151781630
626,2015178,1805,2015,178,18,5,NA,NA,T,NA,NA,NA,NA,20151781805
627,2015178,1930,2015,178,19,30,NA,NA,A,NA,NA,NA,NA,20151781930
628,2015178,1935,2015,178,19,35,NA,NA,A,NA,NA,NA,NA,20151781935
629,2015178,2110,2015,178,21,10,NA,NA,A,NA,NA,NA,NA,20151782110
630,2015179,1710,2015,179,17,10,NA,NA,T,NA,NA,NA,NA,20151791710
631,2015179,2015,2015,179,20,15,NA,NA,A,NA,NA,NA,NA,20151792015
632,2015180,1615,2015,180,16,15,NA,NA,T,NA,NA,NA,NA,20151801615
633,2015180,1755,2015,180,17,55,NA,NA,T,NA,NA,NA,NA,20151801755
634,2015180,2055,2015,180,20,55,NA,NA,A,NA,NA,NA,NA,20151802055
635,2015180,2100,2015,180,21,0,NA,NA,A,NA,NA,NA,NA,20151802100
636,2015181,1700,2015,181,17,0,NA,NA,T,NA,NA,NA,NA,20151811700
637,2015181,2000,2015,181,20,0,NA,NA,A,NA,NA,NA,NA,20151812000
638,2015181,2005,2015,181,20,5,NA,NA,A,NA,NA,NA,NA,20151812005
639,2015182,1605,2015,182,16,5,NA,NA,T,NA,NA,NA,NA,20151821605
640,2015182,1745,2015,182,17,45,NA,NA,T,NA,NA,NA,NA,20151821745
641,2015182,1905,2015,182,19,5,NA,NA,A,NA,NA,NA,NA,20151821905
642,2015182,1910,2015,182,19,10,NA,NA,A,NA,NA,NA,NA,20151821910
643,2015182,2045,2015,182,20,45,NA,NA,A,NA,NA,NA,NA,20151822045
644,2015183,1650,2015,183,16,50,NA,NA,T,NA,NA,NA,NA,20151831650
645,2015183,1825,2015,183,18,25,NA,NA,T,NA,NA,NA,NA,20151831825
646,2015183,1950,2015,183,19,50,NA,NA,A,NA,NA,NA,NA,20151831950
647,2015184,1730,2015,184,17,30,NA,NA,T,NA,NA,NA,NA,20151841730
648,2015184,2030,2015,184,20,30,NA,NA,A,NA,NA,NA,NA,20151842030
649,2015184,2035,2015,184,20,35,NA,NA,A,NA,NA,NA,NA,20151842035
650,2015185,1635,2015,185,16,35,NA,NA,T,NA,NA,NA,NA,20151851635
651,2015185,1815,2015,185,18,15,NA,NA,T,NA,NA,NA,NA,20151851815
652,2015185,1935,2015,185,19,35,NA,NA,A,NA,NA,NA,NA,20151851935
653,2015185,1940,2015,185,19,40,NA,NA,A,NA,NA,NA,NA,20151851940
654,2015186,1720,2015,186,17,20,NA,NA,T,NA,NA,NA,NA,20151861720
655,2015186,2025,2015,186,20,25,NA,NA,A,NA,NA,NA,NA,20151862025
656,2015187,1625,2015,187,16,25,NA,NA,T,NA,NA,NA,NA,20151871625
657,2015187,1800,2015,187,18,0,NA,NA,T,NA,NA,NA,NA,20151871800
658,2015187,1930,2015,187,19,30,NA,NA,A,NA,NA,NA,NA,20151871930
659,2015187,2105,2015,187,21,5,NA,NA,A,NA,NA,NA,NA,20151872105
660,2015188,1705,2015,188,17,5,NA,NA,T,NA,NA,NA,NA,20151881705
661,2015188,2005,2015,188,20,5,NA,NA,A,NA,NA,NA,NA,20151882005
662,2015188,2010,2015,188,20,10,NA,NA,A,NA,NA,NA,NA,20151882010
663,2015189,1610,2015,189,16,10,NA,NA,T,NA,NA,NA,NA,20151891610
664,2015189,1750,2015,189,17,50,NA,NA,T,NA,NA,NA,NA,20151891750
665,2015189,1910,2015,189,19,10,NA,NA,A,NA,NA,NA,NA,20151891910
666,2015189,2050,2015,189,20,50,NA,NA,A,NA,NA,NA,NA,20151892050
667,2015189,2055,2015,189,20,55,NA,NA,A,NA,NA,NA,NA,20151892055
668,2015190,1655,2015,190,16,55,NA,NA,T,NA,NA,NA,NA,20151901655
669,2015190,1830,2015,190,18,30,NA,NA,T,NA,NA,NA,NA,20151901830
670,2015190,2000,2015,190,20,0,NA,NA,A,NA,NA,NA,NA,20151902000
671,2015191,1600,2015,191,16,0,NA,NA,T,NA,NA,NA,NA,20151911600
672,2015191,1735,2015,191,17,35,NA,NA,T,NA,NA,NA,NA,20151911735
673,2015191,1905,2015,191,19,5,NA,NA,A,NA,NA,NA,NA,20151911905
674,2015191,2040,2015,191,20,40,NA,NA,A,NA,NA,NA,NA,20151912040
675,2015192,1640,2015,192,16,40,NA,NA,T,NA,NA,NA,NA,20151921640
676,2015192,1820,2015,192,18,20,NA,NA,T,NA,NA,NA,NA,20151921820
677,2015192,1945,2015,192,19,45,NA,NA,A,NA,NA,NA,NA,20151921945
678,2015193,1725,2015,193,17,25,NA,NA,T,NA,NA,NA,NA,20151931725
679,2015193,2025,2015,193,20,25,NA,NA,A,NA,NA,NA,NA,20151932025
680,2015193,2030,2015,193,20,30,NA,NA,A,NA,NA,NA,NA,20151932030
681,2015194,1630,2015,194,16,30,NA,NA,T,NA,NA,NA,NA,20151941630
682,2015194,1805,2015,194,18,5,NA,NA,T,NA,NA,NA,NA,20151941805
683,2015194,1930,2015,194,19,30,NA,NA,A,NA,NA,NA,NA,20151941930
684,2015194,1935,2015,194,19,35,NA,NA,A,NA,NA,NA,NA,20151941935
685,2015194,2110,2015,194,21,10,NA,NA,A,NA,NA,NA,NA,20151942110
686,2015195,1715,2015,195,17,15,NA,NA,T,NA,NA,NA,NA,20151951715
687,2015195,2015,2015,195,20,15,NA,NA,A,NA,NA,NA,NA,20151952015
688,2015196,1615,2015,196,16,15,NA,NA,T,NA,NA,NA,NA,20151961615
689,2015196,1755,2015,196,17,55,19.3375,-99.18296359,T,0.66725,0.49825,0.0197,0,20151961755
690,2015196,2055,2015,196,20,55,NA,NA,A,NA,NA,NA,NA,20151962055
691,2015196,2100,2015,196,21,0,NA,NA,A,NA,NA,NA,NA,20151962100
692,2015197,1700,2015,197,17,0,NA,NA,T,NA,NA,NA,NA,20151971700
693,2015197,2000,2015,197,20,0,NA,NA,A,NA,NA,NA,NA,20151972000
694,2015197,2005,2015,197,20,5,NA,NA,A,NA,NA,NA,NA,20151972005
695,2015198,1605,2015,198,16,5,NA,NA,T,NA,NA,NA,NA,20151981605
696,2015198,1745,2015,198,17,45,NA,NA,T,NA,NA,NA,NA,20151981745
697,2015198,1905,2015,198,19,5,NA,NA,A,NA,NA,NA,NA,20151981905
698,2015198,1910,2015,198,19,10,NA,NA,A,NA,NA,NA,NA,20151981910
699,2015198,2045,2015,198,20,45,NA,NA,A,NA,NA,NA,NA,20151982045
700,2015199,1650,2015,199,16,50,NA,NA,T,NA,NA,NA,NA,20151991650
701,2015199,1825,2015,199,18,25,NA,NA,T,NA,NA,NA,NA,20151991825
702,2015199,1950,2015,199,19,50,NA,NA,A,NA,NA,NA,NA,20151991950
703,2015200,1730,2015,200,17,30,NA,NA,T,NA,NA,NA,NA,20152001730
704,2015200,2030,2015,200,20,30,NA,NA,A,NA,NA,NA,NA,20152002030
705,2015200,2035,2015,200,20,35,NA,NA,A,NA,NA,NA,NA,20152002035
706,2015201,1635,2015,201,16,35,NA,NA,T,NA,NA,NA,NA,20152011635
707,2015201,1815,2015,201,18,15,NA,NA,T,NA,NA,NA,NA,20152011815
708,2015201,1935,2015,201,19,35,NA,NA,A,NA,NA,NA,NA,20152011935
709,2015201,1940,2015,201,19,40,NA,NA,A,NA,NA,NA,NA,20152011940
710,2015202,1720,2015,202,17,20,NA,NA,T,NA,NA,NA,NA,20152021720
711,2015202,2020,2015,202,20,20,NA,NA,A,NA,NA,NA,NA,20152022020
712,2015203,1625,2015,203,16,25,NA,NA,T,NA,NA,NA,NA,20152031625
713,2015203,1800,2015,203,18,0,NA,NA,T,NA,NA,NA,NA,20152031800
714,2015203,1925,2015,203,19,25,NA,NA,A,NA,NA,NA,NA,20152031925
715,2015203,2105,2015,203,21,5,NA,NA,A,NA,NA,NA,NA,20152032105
716,2015204,1705,2015,204,17,5,NA,NA,T,NA,NA,NA,NA,20152041705
717,2015204,2005,2015,204,20,5,NA,NA,A,NA,NA,NA,NA,20152042005
718,2015204,2010,2015,204,20,10,NA,NA,A,NA,NA,NA,NA,20152042010
719,2015205,1610,2015,205,16,10,NA,NA,T,NA,NA,NA,NA,20152051610
720,2015205,1750,2015,205,17,50,19.3375,-99.18296359,T,0.4575,0.34175,0.0249,0,20152051750
721,2015205,1910,2015,205,19,10,NA,NA,A,NA,NA,NA,NA,20152051910
722,2015205,2050,2015,205,20,50,NA,NA,A,NA,NA,NA,NA,20152052050
723,2015205,2055,2015,205,20,55,NA,NA,A,NA,NA,NA,NA,20152052055
724,2015206,1655,2015,206,16,55,NA,NA,T,NA,NA,NA,NA,20152061655
725,2015206,1830,2015,206,18,30,NA,NA,T,NA,NA,NA,NA,20152061830
726,2015206,2000,2015,206,20,0,19.3375,-99.18296359,A,0.145,0.1085,0.1177,0,20152062000
727,2015207,1600,2015,207,16,0,NA,NA,T,NA,NA,NA,NA,20152071600
728,2015207,1735,2015,207,17,35,19.3375,-99.18296359,T,0.2345,0.17525,0.0489,0,20152071735
729,2015207,1905,2015,207,19,5,NA,NA,A,NA,NA,NA,NA,20152071905
730,2015207,2040,2015,207,20,40,NA,NA,A,NA,NA,NA,NA,20152072040
731,2015208,1640,2015,208,16,40,NA,NA,T,NA,NA,NA,NA,20152081640
732,2015208,1820,2015,208,18,20,NA,NA,T,NA,NA,NA,NA,20152081820
733,2015208,1940,2015,208,19,40,NA,NA,A,NA,NA,NA,NA,20152081940
734,2015208,1945,2015,208,19,45,NA,NA,A,NA,NA,NA,NA,20152081945
735,2015209,1725,2015,209,17,25,NA,NA,T,NA,NA,NA,NA,20152091725
736,2015209,2025,2015,209,20,25,NA,NA,A,NA,NA,NA,NA,20152092025
737,2015209,2030,2015,209,20,30,NA,NA,A,NA,NA,NA,NA,20152092030
738,2015210,1630,2015,210,16,30,NA,NA,T,NA,NA,NA,NA,20152101630
739,2015210,1805,2015,210,18,5,NA,NA,T,NA,NA,NA,NA,20152101805
740,2015210,1935,2015,210,19,35,NA,NA,A,NA,NA,NA,NA,20152101935
741,2015210,2110,2015,210,21,10,NA,NA,A,NA,NA,NA,NA,20152102110
742,2015211,1715,2015,211,17,15,NA,NA,T,NA,NA,NA,NA,20152111715
743,2015211,2015,2015,211,20,15,NA,NA,A,NA,NA,NA,NA,20152112015
744,2015212,1615,2015,212,16,15,NA,NA,T,NA,NA,NA,NA,20152121615
745,2015212,1755,2015,212,17,55,NA,NA,T,NA,NA,NA,NA,20152121755
746,2015212,2055,2015,212,20,55,NA,NA,A,NA,NA,NA,NA,20152122055
747,2015212,2100,2015,212,21,0,NA,NA,A,NA,NA,NA,NA,20152122100
748,2015213,1700,2015,213,17,0,NA,NA,T,NA,NA,NA,NA,20152131700
749,2015213,2000,2015,213,20,0,NA,NA,A,NA,NA,NA,NA,20152132000
750,2015213,2005,2015,213,20,5,NA,NA,A,NA,NA,NA,NA,20152132005
751,2015214,1605,2015,214,16,5,NA,NA,T,NA,NA,NA,NA,20152141605
752,2015214,1745,2015,214,17,45,NA,NA,T,NA,NA,NA,NA,20152141745
753,2015214,1905,2015,214,19,5,NA,NA,A,NA,NA,NA,NA,20152141905
754,2015214,1910,2015,214,19,10,NA,NA,A,NA,NA,NA,NA,20152141910
755,2015214,2045,2015,214,20,45,NA,NA,A,NA,NA,NA,NA,20152142045
756,2015215,1650,2015,215,16,50,19.32916666,-99.18673365,T,0.431,0.322,0.0401,0,20152151650
757,2015215,1825,2015,215,18,25,NA,NA,T,NA,NA,NA,NA,20152151825
758,2015215,1950,2015,215,19,50,NA,NA,A,NA,NA,NA,NA,20152151950
759,2015216,1730,2015,216,17,30,NA,NA,T,NA,NA,NA,NA,20152161730
760,2015216,2030,2015,216,20,30,NA,NA,A,NA,NA,NA,NA,20152162030
761,2015216,2035,2015,216,20,35,NA,NA,A,NA,NA,NA,NA,20152162035
762,2015217,1635,2015,217,16,35,NA,NA,T,NA,NA,NA,NA,20152171635
763,2015217,1815,2015,217,18,15,NA,NA,T,NA,NA,NA,NA,20152171815
764,2015217,1935,2015,217,19,35,NA,NA,A,NA,NA,NA,NA,20152171935
765,2015217,1940,2015,217,19,40,NA,NA,A,NA,NA,NA,NA,20152171940
766,2015218,1720,2015,218,17,20,19.3375,-99.18296359,T,0.1825,0.13625,0.1521,0,20152181720
767,2015218,2020,2015,218,20,20,NA,NA,A,NA,NA,NA,NA,20152182020
768,2015219,1625,2015,219,16,25,NA,NA,T,NA,NA,NA,NA,20152191625
769,2015219,1800,2015,219,18,0,19.3375,-99.18296359,T,0.44375,0.331,0.0166,0,20152191800
770,2015219,1925,2015,219,19,25,NA,NA,A,NA,NA,NA,NA,20152191925
771,2015219,2105,2015,219,21,5,NA,NA,A,NA,NA,NA,NA,20152192105
772,2015220,1705,2015,220,17,5,19.3375,-99.18296359,T,0.04075,0.0305,0.1501,0,20152201705
773,2015220,2005,2015,220,20,5,NA,NA,A,NA,NA,NA,NA,20152202005
774,2015220,2010,2015,220,20,10,NA,NA,A,NA,NA,NA,NA,20152202010
775,2015221,1610,2015,221,16,10,NA,NA,T,NA,NA,NA,NA,20152211610
776,2015221,1750,2015,221,17,50,NA,NA,T,NA,NA,NA,NA,20152211750
777,2015221,1910,2015,221,19,10,NA,NA,A,NA,NA,NA,NA,20152211910
778,2015221,2050,2015,221,20,50,NA,NA,A,NA,NA,NA,NA,20152212050
779,2015221,2055,2015,221,20,55,NA,NA,A,NA,NA,NA,NA,20152212055
780,2015222,1655,2015,222,16,55,19.32916666,-99.18673365,T,0.267,0.1995,0.053,0,20152221655
781,2015222,1830,2015,222,18,30,NA,NA,T,NA,NA,NA,NA,20152221830
782,2015222,2000,2015,222,20,0,19.3375,-99.18296359,A,0.1475,0.11,0.1425,0,20152222000
783,2015223,1600,2015,223,16,0,NA,NA,T,NA,NA,NA,NA,20152231600
784,2015223,1735,2015,223,17,35,NA,NA,T,NA,NA,NA,NA,20152231735
785,2015223,1900,2015,223,19,0,NA,NA,A,NA,NA,NA,NA,20152231900
786,2015223,2040,2015,223,20,40,NA,NA,A,NA,NA,NA,NA,20152232040
787,2015224,1640,2015,224,16,40,NA,NA,T,NA,NA,NA,NA,20152241640
788,2015224,1820,2015,224,18,20,NA,NA,T,NA,NA,NA,NA,20152241820
789,2015224,1940,2015,224,19,40,NA,NA,A,NA,NA,NA,NA,20152241940
790,2015224,1945,2015,224,19,45,NA,NA,A,NA,NA,NA,NA,20152241945
791,2015225,1725,2015,225,17,25,NA,NA,T,NA,NA,NA,NA,20152251725
792,2015225,2025,2015,225,20,25,NA,NA,A,NA,NA,NA,NA,20152252025
793,2015225,2030,2015,225,20,30,NA,NA,A,NA,NA,NA,NA,20152252030
794,2015226,1630,2015,226,16,30,NA,NA,T,NA,NA,NA,NA,20152261630
795,2015226,1805,2015,226,18,5,NA,NA,T,NA,NA,NA,NA,20152261805
796,2015226,1935,2015,226,19,35,NA,NA,A,NA,NA,NA,NA,20152261935
797,2015226,2110,2015,226,21,10,NA,NA,A,NA,NA,NA,NA,20152262110
798,2015227,1710,2015,227,17,10,19.3375,-99.18296359,T,0.09075,0.0675,0.1482,0,20152271710
799,2015227,2015,2015,227,20,15,NA,NA,A,NA,NA,NA,NA,20152272015
800,2015228,1615,2015,228,16,15,NA,NA,T,NA,NA,NA,NA,20152281615
801,2015228,1755,2015,228,17,55,NA,NA,T,NA,NA,NA,NA,20152281755
802,2015228,2055,2015,228,20,55,NA,NA,A,NA,NA,NA,NA,20152282055
803,2015228,2100,2015,228,21,0,NA,NA,A,NA,NA,NA,NA,20152282100
804,2015229,1700,2015,229,17,0,NA,NA,T,NA,NA,NA,NA,20152291700
805,2015229,2000,2015,229,20,0,NA,NA,A,NA,NA,NA,NA,20152292000
806,2015229,2005,2015,229,20,5,NA,NA,A,NA,NA,NA,NA,20152292005
807,2015230,1605,2015,230,16,5,NA,NA,T,NA,NA,NA,NA,20152301605
808,2015230,1745,2015,230,17,45,NA,NA,T,NA,NA,NA,NA,20152301745
809,2015230,1905,2015,230,19,5,NA,NA,A,NA,NA,NA,NA,20152301905
810,2015230,1910,2015,230,19,10,NA,NA,A,NA,NA,NA,NA,20152301910
811,2015230,2045,2015,230,20,45,NA,NA,A,NA,NA,NA,NA,20152302045
812,2015231,1650,2015,231,16,50,NA,NA,T,NA,NA,NA,NA,20152311650
813,2015231,1825,2015,231,18,25,NA,NA,T,NA,NA,NA,NA,20152311825
814,2015231,1950,2015,231,19,50,NA,NA,A,NA,NA,NA,NA,20152311950
815,2015232,1730,2015,232,17,30,NA,NA,T,NA,NA,NA,NA,20152321730
816,2015232,2030,2015,232,20,30,NA,NA,A,NA,NA,NA,NA,20152322030
817,2015232,2035,2015,232,20,35,NA,NA,A,NA,NA,NA,NA,20152322035
818,2015233,1635,2015,233,16,35,NA,NA,T,NA,NA,NA,NA,20152331635
819,2015233,1810,2015,233,18,10,NA,NA,T,NA,NA,NA,NA,20152331810
820,2015233,1935,2015,233,19,35,NA,NA,A,NA,NA,NA,NA,20152331935
821,2015233,1940,2015,233,19,40,NA,NA,A,NA,NA,NA,NA,20152331940
822,2015234,1720,2015,234,17,20,NA,NA,T,NA,NA,NA,NA,20152341720
823,2015234,2020,2015,234,20,20,NA,NA,A,NA,NA,NA,NA,20152342020
824,2015235,1625,2015,235,16,25,NA,NA,T,NA,NA,NA,NA,20152351625
825,2015235,1800,2015,235,18,0,NA,NA,T,NA,NA,NA,NA,20152351800
826,2015235,1925,2015,235,19,25,NA,NA,A,NA,NA,NA,NA,20152351925
827,2015235,2105,2015,235,21,5,NA,NA,A,NA,NA,NA,NA,20152352105
828,2015236,1705,2015,236,17,5,NA,NA,T,NA,NA,NA,NA,20152361705
829,2015236,2005,2015,236,20,5,NA,NA,A,NA,NA,NA,NA,20152362005
830,2015236,2010,2015,236,20,10,NA,NA,A,NA,NA,NA,NA,20152362010
831,2015237,1610,2015,237,16,10,NA,NA,T,NA,NA,NA,NA,20152371610
832,2015237,1750,2015,237,17,50,NA,NA,T,NA,NA,NA,NA,20152371750
833,2015237,1910,2015,237,19,10,NA,NA,A,NA,NA,NA,NA,20152371910
834,2015237,2050,2015,237,20,50,NA,NA,A,NA,NA,NA,NA,20152372050
835,2015237,2055,2015,237,20,55,NA,NA,A,NA,NA,NA,NA,20152372055
836,2015238,1655,2015,238,16,55,NA,NA,T,NA,NA,NA,NA,20152381655
837,2015238,1830,2015,238,18,30,NA,NA,T,NA,NA,NA,NA,20152381830
838,2015238,2000,2015,238,20,0,NA,NA,A,NA,NA,NA,NA,20152382000
839,2015239,1600,2015,239,16,0,NA,NA,T,NA,NA,NA,NA,20152391600
840,2015239,1735,2015,239,17,35,NA,NA,T,NA,NA,NA,NA,20152391735
841,2015239,1900,2015,239,19,0,NA,NA,A,NA,NA,NA,NA,20152391900
842,2015239,2040,2015,239,20,40,NA,NA,A,NA,NA,NA,NA,20152392040
843,2015240,1640,2015,240,16,40,NA,NA,T,NA,NA,NA,NA,20152401640
844,2015240,1820,2015,240,18,20,NA,NA,T,NA,NA,NA,NA,20152401820
845,2015240,1940,2015,240,19,40,NA,NA,A,NA,NA,NA,NA,20152401940
846,2015240,1945,2015,240,19,45,NA,NA,A,NA,NA,NA,NA,20152401945
847,2015241,1725,2015,241,17,25,NA,NA,T,NA,NA,NA,NA,20152411725
848,2015241,2025,2015,241,20,25,NA,NA,A,NA,NA,NA,NA,20152412025
849,2015241,2030,2015,241,20,30,NA,NA,A,NA,NA,NA,NA,20152412030
850,2015242,1630,2015,242,16,30,NA,NA,T,NA,NA,NA,NA,20152421630
851,2015242,1805,2015,242,18,5,NA,NA,T,NA,NA,NA,NA,20152421805
852,2015242,1935,2015,242,19,35,NA,NA,A,NA,NA,NA,NA,20152421935
853,2015242,2110,2015,242,21,10,NA,NA,A,NA,NA,NA,NA,20152422110
854,2015243,1710,2015,243,17,10,19.3375,-99.18296359,T,0.47575,0.35525,0.1347,0,20152431710
855,2015243,2015,2015,243,20,15,NA,NA,A,NA,NA,NA,NA,20152432015
856,2015244,1615,2015,244,16,15,NA,NA,T,NA,NA,NA,NA,20152441615
857,2015244,1755,2015,244,17,55,NA,NA,T,NA,NA,NA,NA,20152441755
858,2015244,2055,2015,244,20,55,NA,NA,A,NA,NA,NA,NA,20152442055
859,2015244,2100,2015,244,21,0,NA,NA,A,NA,NA,NA,NA,20152442100
860,2015245,1700,2015,245,17,0,NA,NA,T,NA,NA,NA,NA,20152451700
861,2015245,2000,2015,245,20,0,NA,NA,A,NA,NA,NA,NA,20152452000
862,2015245,2005,2015,245,20,5,NA,NA,A,NA,NA,NA,NA,20152452005
863,2015246,1605,2015,246,16,5,NA,NA,T,NA,NA,NA,NA,20152461605
864,2015246,1745,2015,246,17,45,NA,NA,T,NA,NA,NA,NA,20152461745
865,2015246,1910,2015,246,19,10,NA,NA,A,NA,NA,NA,NA,20152461910
866,2015246,2045,2015,246,20,45,NA,NA,A,NA,NA,NA,NA,20152462045
867,2015247,1650,2015,247,16,50,NA,NA,T,NA,NA,NA,NA,20152471650
868,2015247,1825,2015,247,18,25,NA,NA,T,NA,NA,NA,NA,20152471825
869,2015247,1950,2015,247,19,50,NA,NA,A,NA,NA,NA,NA,20152471950
870,2015248,1730,2015,248,17,30,NA,NA,T,NA,NA,NA,NA,20152481730
871,2015248,2030,2015,248,20,30,NA,NA,A,NA,NA,NA,NA,20152482030
872,2015248,2035,2015,248,20,35,NA,NA,A,NA,NA,NA,NA,20152482035
873,2015249,1635,2015,249,16,35,NA,NA,T,NA,NA,NA,NA,20152491635
874,2015249,1810,2015,249,18,10,NA,NA,T,NA,NA,NA,NA,20152491810
875,2015249,1935,2015,249,19,35,NA,NA,A,NA,NA,NA,NA,20152491935
876,2015249,1940,2015,249,19,40,NA,NA,A,NA,NA,NA,NA,20152491940
877,2015250,1720,2015,250,17,20,NA,NA,T,NA,NA,NA,NA,20152501720
878,2015250,2020,2015,250,20,20,NA,NA,A,NA,NA,NA,NA,20152502020
879,2015251,1625,2015,251,16,25,NA,NA,T,NA,NA,NA,NA,20152511625
880,2015251,1800,2015,251,18,0,NA,NA,T,NA,NA,NA,NA,20152511800
881,2015251,1925,2015,251,19,25,NA,NA,A,NA,NA,NA,NA,20152511925
882,2015251,2105,2015,251,21,5,NA,NA,A,NA,NA,NA,NA,20152512105
883,2015252,1705,2015,252,17,5,NA,NA,T,NA,NA,NA,NA,20152521705
884,2015252,2005,2015,252,20,5,NA,NA,A,NA,NA,NA,NA,20152522005
885,2015252,2010,2015,252,20,10,NA,NA,A,NA,NA,NA,NA,20152522010
886,2015253,1610,2015,253,16,10,NA,NA,T,NA,NA,NA,NA,20152531610
887,2015253,1750,2015,253,17,50,NA,NA,T,NA,NA,NA,NA,20152531750
888,2015253,1910,2015,253,19,10,NA,NA,A,NA,NA,NA,NA,20152531910
889,2015253,1915,2015,253,19,15,NA,NA,A,NA,NA,NA,NA,20152531915
890,2015253,2055,2015,253,20,55,NA,NA,A,NA,NA,NA,NA,20152532055
891,2015254,1655,2015,254,16,55,NA,NA,T,NA,NA,NA,NA,20152541655
892,2015254,1830,2015,254,18,30,NA,NA,T,NA,NA,NA,NA,20152541830
893,2015254,2000,2015,254,20,0,NA,NA,A,NA,NA,NA,NA,20152542000
894,2015255,1600,2015,255,16,0,NA,NA,T,NA,NA,NA,NA,20152551600
895,2015255,1735,2015,255,17,35,NA,NA,T,NA,NA,NA,NA,20152551735
896,2015255,2035,2015,255,20,35,NA,NA,A,NA,NA,NA,NA,20152552035
897,2015255,2040,2015,255,20,40,NA,NA,A,NA,NA,NA,NA,20152552040
898,2015256,1640,2015,256,16,40,NA,NA,T,NA,NA,NA,NA,20152561640
899,2015256,1820,2015,256,18,20,NA,NA,T,NA,NA,NA,NA,20152561820
900,2015257,1725,2015,257,17,25,NA,NA,T,NA,NA,NA,NA,20152571725
901,2015257,2025,2015,257,20,25,NA,NA,A,NA,NA,NA,NA,20152572025
902,2015257,2030,2015,257,20,30,NA,NA,A,NA,NA,NA,NA,20152572030
903,2015258,1630,2015,258,16,30,NA,NA,T,NA,NA,NA,NA,20152581630
904,2015258,1805,2015,258,18,5,NA,NA,T,NA,NA,NA,NA,20152581805
905,2015258,1935,2015,258,19,35,NA,NA,A,NA,NA,NA,NA,20152581935
906,2015258,2110,2015,258,21,10,NA,NA,A,NA,NA,NA,NA,20152582110
907,2015259,1710,2015,259,17,10,NA,NA,T,NA,NA,NA,NA,20152591710
908,2015259,2015,2015,259,20,15,NA,NA,A,NA,NA,NA,NA,20152592015
909,2015260,1615,2015,260,16,15,NA,NA,T,NA,NA,NA,NA,20152601615
910,2015260,1755,2015,260,17,55,NA,NA,T,NA,NA,NA,NA,20152601755
911,2015260,2055,2015,260,20,55,NA,NA,A,NA,NA,NA,NA,20152602055
912,2015260,2100,2015,260,21,0,NA,NA,A,NA,NA,NA,NA,20152602100
913,2015261,1700,2015,261,17,0,NA,NA,T,NA,NA,NA,NA,20152611700
914,2015261,2000,2015,261,20,0,NA,NA,A,NA,NA,NA,NA,20152612000
915,2015261,2005,2015,261,20,5,NA,NA,A,NA,NA,NA,NA,20152612005
916,2015262,1605,2015,262,16,5,NA,NA,T,NA,NA,NA,NA,20152621605
917,2015262,1740,2015,262,17,40,NA,NA,T,NA,NA,NA,NA,20152621740
918,2015262,1910,2015,262,19,10,NA,NA,A,NA,NA,NA,NA,20152621910
919,2015262,2045,2015,262,20,45,NA,NA,A,NA,NA,NA,NA,20152622045
920,2015263,1645,2015,263,16,45,NA,NA,T,NA,NA,NA,NA,20152631645
921,2015263,1825,2015,263,18,25,NA,NA,T,NA,NA,NA,NA,20152631825
922,2015263,1950,2015,263,19,50,NA,NA,A,NA,NA,NA,NA,20152631950
923,2015264,1730,2015,264,17,30,NA,NA,T,NA,NA,NA,NA,20152641730
924,2015264,2030,2015,264,20,30,NA,NA,A,NA,NA,NA,NA,20152642030
925,2015264,2035,2015,264,20,35,NA,NA,A,NA,NA,NA,NA,20152642035
926,2015265,1635,2015,265,16,35,NA,NA,T,NA,NA,NA,NA,20152651635
927,2015265,1810,2015,265,18,10,NA,NA,T,NA,NA,NA,NA,20152651810
928,2015265,1935,2015,265,19,35,NA,NA,A,NA,NA,NA,NA,20152651935
929,2015265,1940,2015,265,19,40,NA,NA,A,NA,NA,NA,NA,20152651940
930,2015266,1720,2015,266,17,20,19.3375,-99.18296359,T,0.2985,0.223,0.1117,0,20152661720
931,2015266,2020,2015,266,20,20,19.3375,-99.18296359,A,0.199,0.149,0.0688,0,20152662020
932,2015267,1625,2015,267,16,25,NA,NA,T,NA,NA,NA,NA,20152671625
933,2015267,1800,2015,267,18,0,NA,NA,T,NA,NA,NA,NA,20152671800
934,2015267,1925,2015,267,19,25,NA,NA,A,NA,NA,NA,NA,20152671925
935,2015267,2105,2015,267,21,5,NA,NA,A,NA,NA,NA,NA,20152672105
936,2015268,1705,2015,268,17,5,NA,NA,T,NA,NA,NA,NA,20152681705
937,2015268,2005,2015,268,20,5,NA,NA,A,NA,NA,NA,NA,20152682005
938,2015268,2010,2015,268,20,10,NA,NA,A,NA,NA,NA,NA,20152682010
939,2015269,1610,2015,269,16,10,NA,NA,T,NA,NA,NA,NA,20152691610
940,2015269,1750,2015,269,17,50,NA,NA,T,NA,NA,NA,NA,20152691750
941,2015269,1910,2015,269,19,10,NA,NA,A,NA,NA,NA,NA,20152691910
942,2015269,1915,2015,269,19,15,NA,NA,A,NA,NA,NA,NA,20152691915
943,2015269,2055,2015,269,20,55,NA,NA,A,NA,NA,NA,NA,20152692055
944,2015270,1655,2015,270,16,55,NA,NA,T,NA,NA,NA,NA,20152701655
945,2015270,1830,2015,270,18,30,NA,NA,T,NA,NA,NA,NA,20152701830
946,2015270,2000,2015,270,20,0,NA,NA,A,NA,NA,NA,NA,20152702000
947,2015271,1600,2015,271,16,0,NA,NA,T,NA,NA,NA,NA,20152711600
948,2015271,1735,2015,271,17,35,NA,NA,T,NA,NA,NA,NA,20152711735
949,2015271,2035,2015,271,20,35,NA,NA,A,NA,NA,NA,NA,20152712035
950,2015271,2040,2015,271,20,40,NA,NA,A,NA,NA,NA,NA,20152712040
951,2015272,1640,2015,272,16,40,NA,NA,T,NA,NA,NA,NA,20152721640
952,2015272,1815,2015,272,18,15,NA,NA,T,NA,NA,NA,NA,20152721815
953,2015272,1940,2015,272,19,40,NA,NA,A,NA,NA,NA,NA,20152721940
954,2015272,1945,2015,272,19,45,NA,NA,A,NA,NA,NA,NA,20152721945
955,2015273,1725,2015,273,17,25,NA,NA,T,NA,NA,NA,NA,20152731725
956,2015273,2025,2015,273,20,25,NA,NA,A,NA,NA,NA,NA,20152732025
957,2015273,2030,2015,273,20,30,NA,NA,A,NA,NA,NA,NA,20152732030
958,2015274,1630,2015,274,16,30,NA,NA,T,NA,NA,NA,NA,20152741630
959,2015274,1805,2015,274,18,5,NA,NA,T,NA,NA,NA,NA,20152741805
960,2015274,1935,2015,274,19,35,NA,NA,A,NA,NA,NA,NA,20152741935
961,2015274,2110,2015,274,21,10,NA,NA,A,NA,NA,NA,NA,20152742110
962,2015275,1710,2015,275,17,10,19.3375,-99.18296359,T,0.09375,0.06975,0.117,0,20152751710
963,2015275,2015,2015,275,20,15,19.3375,-99.18296359,A,0.082,0.06125,0.0855,0,20152752015
964,2015276,1615,2015,276,16,15,NA,NA,T,NA,NA,NA,NA,20152761615
965,2015276,1755,2015,276,17,55,19.3375,-99.18296359,T,0.22175,0.1655,0.0169,0,20152761755
966,2015276,2055,2015,276,20,55,19.3375,-99.18296359,A,0.29475,0.22025,0.0129,0,20152762055
967,2015276,2100,2015,276,21,0,NA,NA,A,NA,NA,NA,NA,20152762100
968,2015277,1700,2015,277,17,0,NA,NA,T,NA,NA,NA,NA,20152771700
969,2015277,2000,2015,277,20,0,NA,NA,A,NA,NA,NA,NA,20152772000
970,2015277,2005,2015,277,20,5,NA,NA,A,NA,NA,NA,NA,20152772005
971,2015278,1605,2015,278,16,5,NA,NA,T,NA,NA,NA,NA,20152781605
972,2015278,1740,2015,278,17,40,19.3375,-99.18296359,T,0.54975,0.411,0.0287,0,20152781740
973,2015278,1910,2015,278,19,10,NA,NA,A,NA,NA,NA,NA,20152781910
974,2015278,2045,2015,278,20,45,NA,NA,A,NA,NA,NA,NA,20152782045
975,2015279,1645,2015,279,16,45,19.3375,-99.18296359,T,0.33375,0.24975,0.031,0,20152791645
976,2015279,1825,2015,279,18,25,NA,NA,T,NA,NA,NA,NA,20152791825
977,2015279,1950,2015,279,19,50,19.3375,-99.18296359,A,0.3665,0.27375,0.0559,0,20152791950
978,2015280,1730,2015,280,17,30,19.3375,-99.18296359,T,0.3825,0.28575,0.0557,0,20152801730
979,2015280,2030,2015,280,20,30,NA,NA,A,NA,NA,NA,NA,20152802030
980,2015280,2035,2015,280,20,35,NA,NA,A,NA,NA,NA,NA,20152802035
981,2015281,1635,2015,281,16,35,19.3375,-99.18296359,T,0.417,0.3115,0.0232,0,20152811635
982,2015281,1810,2015,281,18,10,NA,NA,T,NA,NA,NA,NA,20152811810
983,2015281,1935,2015,281,19,35,NA,NA,A,NA,NA,NA,NA,20152811935
984,2015281,1940,2015,281,19,40,19.3375,-99.18296359,A,0.46475,0.347,0.0288,0,20152811940
985,2015282,1720,2015,282,17,20,NA,NA,T,NA,NA,NA,NA,20152821720
986,2015282,2020,2015,282,20,20,NA,NA,A,NA,NA,NA,NA,20152822020
987,2015283,1620,2015,283,16,20,NA,NA,T,NA,NA,NA,NA,20152831620
988,2015283,1800,2015,283,18,0,19.3375,-99.18296359,T,0.192,0.14325,0.0128,0,20152831800
989,2015283,1925,2015,283,19,25,19.3375,-99.18296359,A,0.2095,0.15625,0.0154,0,20152831925
990,2015283,2105,2015,283,21,5,NA,NA,A,NA,NA,NA,NA,20152832105
991,2015284,1705,2015,284,17,5,NA,NA,T,NA,NA,NA,NA,20152841705
992,2015284,2005,2015,284,20,5,NA,NA,A,NA,NA,NA,NA,20152842005
993,2015284,2010,2015,284,20,10,NA,NA,A,NA,NA,NA,NA,20152842010
994,2015285,1610,2015,285,16,10,NA,NA,T,NA,NA,NA,NA,20152851610
995,2015285,1750,2015,285,17,50,NA,NA,T,NA,NA,NA,NA,20152851750
996,2015285,1910,2015,285,19,10,NA,NA,A,NA,NA,NA,NA,20152851910
997,2015285,1915,2015,285,19,15,NA,NA,A,NA,NA,NA,NA,20152851915
998,2015285,2055,2015,285,20,55,NA,NA,A,NA,NA,NA,NA,20152852055
999,2015286,1655,2015,286,16,55,NA,NA,T,NA,NA,NA,NA,20152861655
1000,2015286,1830,2015,286,18,30,NA,NA,T,NA,NA,NA,NA,20152861830
1001,2015286,2000,2015,286,20,0,NA,NA,A,NA,NA,NA,NA,20152862000
1002,2015287,1600,2015,287,16,0,NA,NA,T,NA,NA,NA,NA,20152871600
1003,2015287,1735,2015,287,17,35,NA,NA,T,NA,NA,NA,NA,20152871735
1004,2015287,2035,2015,287,20,35,NA,NA,A,NA,NA,NA,NA,20152872035
1005,2015287,2040,2015,287,20,40,NA,NA,A,NA,NA,NA,NA,20152872040
1006,2015288,1640,2015,288,16,40,NA,NA,T,NA,NA,NA,NA,20152881640
1007,2015288,1815,2015,288,18,15,NA,NA,T,NA,NA,NA,NA,20152881815
1008,2015288,1940,2015,288,19,40,NA,NA,A,NA,NA,NA,NA,20152881940
1009,2015288,1945,2015,288,19,45,NA,NA,A,NA,NA,NA,NA,20152881945
1010,2015289,1725,2015,289,17,25,NA,NA,T,NA,NA,NA,NA,20152891725
1011,2015289,2025,2015,289,20,25,NA,NA,A,NA,NA,NA,NA,20152892025
1012,2015289,2030,2015,289,20,30,NA,NA,A,NA,NA,NA,NA,20152892030
1013,2015290,1630,2015,290,16,30,NA,NA,T,NA,NA,NA,NA,20152901630
1014,2015290,1805,2015,290,18,5,NA,NA,T,NA,NA,NA,NA,20152901805
1015,2015290,1935,2015,290,19,35,NA,NA,A,NA,NA,NA,NA,20152901935
1016,2015290,2110,2015,290,21,10,NA,NA,A,NA,NA,NA,NA,20152902110
1017,2015291,1710,2015,291,17,10,NA,NA,T,NA,NA,NA,NA,20152911710
1018,2015291,2015,2015,291,20,15,NA,NA,A,NA,NA,NA,NA,20152912015
1019,2015292,1615,2015,292,16,15,NA,NA,T,NA,NA,NA,NA,20152921615
1020,2015292,1755,2015,292,17,55,NA,NA,T,NA,NA,NA,NA,20152921755
1021,2015292,2055,2015,292,20,55,NA,NA,A,NA,NA,NA,NA,20152922055
1022,2015292,2100,2015,292,21,0,NA,NA,A,NA,NA,NA,NA,20152922100
1023,2015293,1700,2015,293,17,0,NA,NA,T,NA,NA,NA,NA,20152931700
1024,2015293,2000,2015,293,20,0,NA,NA,A,NA,NA,NA,NA,20152932000
1025,2015293,2005,2015,293,20,5,19.3375,-99.18296359,A,0.235,0.1755,0.0813,0,20152932005
1026,2015294,1605,2015,294,16,5,NA,NA,T,NA,NA,NA,NA,20152941605
1027,2015294,1740,2015,294,17,40,NA,NA,T,NA,NA,NA,NA,20152941740
1028,2015294,1910,2015,294,19,10,NA,NA,A,NA,NA,NA,NA,20152941910
1029,2015294,2045,2015,294,20,45,NA,NA,A,NA,NA,NA,NA,20152942045
1030,2015295,1645,2015,295,16,45,NA,NA,T,NA,NA,NA,NA,20152951645
1031,2015295,1825,2015,295,18,25,NA,NA,T,NA,NA,NA,NA,20152951825
1032,2015295,1950,2015,295,19,50,NA,NA,A,NA,NA,NA,NA,20152951950
1033,2015296,1730,2015,296,17,30,NA,NA,T,NA,NA,NA,NA,20152961730
1034,2015296,2030,2015,296,20,30,NA,NA,A,NA,NA,NA,NA,20152962030
1035,2015296,2035,2015,296,20,35,NA,NA,A,NA,NA,NA,NA,20152962035
1036,2015297,1635,2015,297,16,35,NA,NA,T,NA,NA,NA,NA,20152971635
1037,2015297,1810,2015,297,18,10,NA,NA,T,NA,NA,NA,NA,20152971810
1038,2015297,1935,2015,297,19,35,NA,NA,A,NA,NA,NA,NA,20152971935
1039,2015297,1940,2015,297,19,40,NA,NA,A,NA,NA,NA,NA,20152971940
1040,2015298,1720,2015,298,17,20,NA,NA,T,NA,NA,NA,NA,20152981720
1041,2015298,2020,2015,298,20,20,NA,NA,A,NA,NA,NA,NA,20152982020
1042,2015299,1625,2015,299,16,25,NA,NA,T,NA,NA,NA,NA,20152991625
1043,2015299,1800,2015,299,18,0,NA,NA,T,NA,NA,NA,NA,20152991800
1044,2015299,1925,2015,299,19,25,NA,NA,A,NA,NA,NA,NA,20152991925
1045,2015299,2105,2015,299,21,5,NA,NA,A,NA,NA,NA,NA,20152992105
1046,2015300,1705,2015,300,17,5,NA,NA,T,NA,NA,NA,NA,20153001705
1047,2015300,2005,2015,300,20,5,NA,NA,A,NA,NA,NA,NA,20153002005
1048,2015300,2010,2015,300,20,10,NA,NA,A,NA,NA,NA,NA,20153002010
1049,2015301,1910,2015,301,19,10,NA,NA,A,NA,NA,NA,NA,20153011910
1050,2015301,1915,2015,301,19,15,NA,NA,A,NA,NA,NA,NA,20153011915
1051,2015301,2055,2015,301,20,55,NA,NA,A,NA,NA,NA,NA,20153012055
1052,2015302,1655,2015,302,16,55,NA,NA,T,NA,NA,NA,NA,20153021655
1053,2015302,1830,2015,302,18,30,NA,NA,T,NA,NA,NA,NA,20153021830
1054,2015302,2000,2015,302,20,0,NA,NA,A,NA,NA,NA,NA,20153022000
1055,2015303,1600,2015,303,16,0,NA,NA,T,NA,NA,NA,NA,20153031600
1056,2015303,1735,2015,303,17,35,NA,NA,T,NA,NA,NA,NA,20153031735
1057,2015303,2035,2015,303,20,35,NA,NA,A,NA,NA,NA,NA,20153032035
1058,2015303,2040,2015,303,20,40,NA,NA,A,NA,NA,NA,NA,20153032040
1059,2015304,1640,2015,304,16,40,NA,NA,T,NA,NA,NA,NA,20153041640
1060,2015304,1820,2015,304,18,20,NA,NA,T,NA,NA,NA,NA,20153041820
1061,2015304,1940,2015,304,19,40,NA,NA,A,NA,NA,NA,NA,20153041940
1062,2015304,1945,2015,304,19,45,NA,NA,A,NA,NA,NA,NA,20153041945
1063,2015305,1725,2015,305,17,25,NA,NA,T,NA,NA,NA,NA,20153051725
1064,2015305,2025,2015,305,20,25,NA,NA,A,NA,NA,NA,NA,20153052025
1065,2015305,2030,2015,305,20,30,NA,NA,A,NA,NA,NA,NA,20153052030
1066,2015306,1630,2015,306,16,30,NA,NA,T,NA,NA,NA,NA,20153061630
1067,2015306,1805,2015,306,18,5,NA,NA,T,NA,NA,NA,NA,20153061805
1068,2015306,1935,2015,306,19,35,NA,NA,A,NA,NA,NA,NA,20153061935
1069,2015306,2110,2015,306,21,10,NA,NA,A,NA,NA,NA,NA,20153062110
1070,2015307,1710,2015,307,17,10,19.3375,-99.18296359,T,0.3125,0.2335,0.0791,0,20153071710
1071,2015307,2015,2015,307,20,15,NA,NA,A,NA,NA,NA,NA,20153072015
1072,2015308,1615,2015,308,16,15,NA,NA,T,NA,NA,NA,NA,20153081615
1073,2015308,1755,2015,308,17,55,19.3375,-99.18296359,T,0.2815,0.21025,0.013,0,20153081755
1074,2015308,2055,2015,308,20,55,NA,NA,A,NA,NA,NA,NA,20153082055
1075,2015308,2100,2015,308,21,0,NA,NA,A,NA,NA,NA,NA,20153082100
1076,2015309,1700,2015,309,17,0,19.3375,-99.18296359,T,0.06725,0.05,0.0538,0,20153091700
1077,2015309,2000,2015,309,20,0,NA,NA,A,NA,NA,NA,NA,20153092000
1078,2015309,2005,2015,309,20,5,19.3375,-99.18296359,A,0.11675,0.087,0.0595,0,20153092005
1079,2015310,1605,2015,310,16,5,NA,NA,T,NA,NA,NA,NA,20153101605
1080,2015310,1740,2015,310,17,40,19.3375,-99.18296359,T,0.42475,0.31725,0.0205,0,20153101740
1081,2015310,1910,2015,310,19,10,NA,NA,A,NA,NA,NA,NA,20153101910
1082,2015310,2045,2015,310,20,45,NA,NA,A,NA,NA,NA,NA,20153102045
1083,2015311,1645,2015,311,16,45,19.3375,-99.18296359,T,0.44525,0.33275,0.0335,0,20153111645
1084,2015311,1825,2015,311,18,25,NA,NA,T,NA,NA,NA,NA,20153111825
1085,2015311,1950,2015,311,19,50,NA,NA,A,NA,NA,NA,NA,20153111950
1086,2015312,1730,2015,312,17,30,NA,NA,T,NA,NA,NA,NA,20153121730
1087,2015312,2030,2015,312,20,30,NA,NA,A,NA,NA,NA,NA,20153122030
1088,2015312,2035,2015,312,20,35,NA,NA,A,NA,NA,NA,NA,20153122035
1089,2015313,1635,2015,313,16,35,19.3375,-99.18296359,T,0.14375,0.107,0.0255,0,20153131635
1090,2015313,1810,2015,313,18,10,NA,NA,T,NA,NA,NA,NA,20153131810
1091,2015313,1935,2015,313,19,35,NA,NA,A,NA,NA,NA,NA,20153131935
1092,2015313,1940,2015,313,19,40,19.3375,-99.18296359,A,0.19767,0.14767,0.0202,0,20153131940
1093,2015314,1720,2015,314,17,20,19.3375,-99.18296359,T,0.196,0.1465,0.0636,0,20153141720
1094,2015314,2020,2015,314,20,20,19.3375,-99.18296359,A,0.065,0.0485,0.0372,0,20153142020
1095,2015315,1625,2015,315,16,25,NA,NA,T,NA,NA,NA,NA,20153151625
1096,2015315,1800,2015,315,18,0,19.3375,-99.18296359,T,0.24725,0.1845,0.0098,0,20153151800
1097,2015315,1925,2015,315,19,25,NA,NA,A,NA,NA,NA,NA,20153151925
1098,2015315,2105,2015,315,21,5,NA,NA,A,NA,NA,NA,NA,20153152105
1099,2015316,1705,2015,316,17,5,19.3375,-99.18296359,T,0.27225,0.20325,0.0561,0,20153161705
1100,2015316,2005,2015,316,20,5,NA,NA,A,NA,NA,NA,NA,20153162005
1101,2015316,2010,2015,316,20,10,NA,NA,A,NA,NA,NA,NA,20153162010
1102,2015317,1610,2015,317,16,10,NA,NA,T,NA,NA,NA,NA,20153171610
1103,2015317,1750,2015,317,17,50,NA,NA,T,NA,NA,NA,NA,20153171750
1104,2015317,1910,2015,317,19,10,NA,NA,A,NA,NA,NA,NA,20153171910
1105,2015317,1915,2015,317,19,15,NA,NA,A,NA,NA,NA,NA,20153171915
1106,2015317,2055,2015,317,20,55,NA,NA,A,NA,NA,NA,NA,20153172055
1107,2015318,1655,2015,318,16,55,NA,NA,T,NA,NA,NA,NA,20153181655
1108,2015318,1830,2015,318,18,30,NA,NA,T,NA,NA,NA,NA,20153181830
1109,2015318,2000,2015,318,20,0,NA,NA,A,NA,NA,NA,NA,20153182000
1110,2015319,1600,2015,319,16,0,NA,NA,T,NA,NA,NA,NA,20153191600
1111,2015319,1735,2015,319,17,35,NA,NA,T,NA,NA,NA,NA,20153191735
1112,2015319,2035,2015,319,20,35,NA,NA,A,NA,NA,NA,NA,20153192035
1113,2015319,2040,2015,319,20,40,NA,NA,A,NA,NA,NA,NA,20153192040
1114,2015320,1640,2015,320,16,40,19.3375,-99.18296359,T,0.369,0.27575,0.0218,0,20153201640
1115,2015320,1820,2015,320,18,20,NA,NA,T,NA,NA,NA,NA,20153201820
1116,2015320,1940,2015,320,19,40,NA,NA,A,NA,NA,NA,NA,20153201940
1117,2015320,1945,2015,320,19,45,19.3375,-99.18296359,A,0.348,0.2605,0.026,0,20153201945
1118,2015321,1725,2015,321,17,25,NA,NA,T,NA,NA,NA,NA,20153211725
1119,2015321,2025,2015,321,20,25,NA,NA,A,NA,NA,NA,NA,20153212025
1120,2015321,2030,2015,321,20,30,NA,NA,A,NA,NA,NA,NA,20153212030
1121,2015322,1630,2015,322,16,30,NA,NA,T,NA,NA,NA,NA,20153221630
1122,2015322,1805,2015,322,18,5,NA,NA,T,NA,NA,NA,NA,20153221805
1123,2015322,1935,2015,322,19,35,NA,NA,A,NA,NA,NA,NA,20153221935
1124,2015322,2110,2015,322,21,10,NA,NA,A,NA,NA,NA,NA,20153222110
1125,2015323,1710,2015,323,17,10,NA,NA,T,NA,NA,NA,NA,20153231710
1126,2015323,2015,2015,323,20,15,NA,NA,A,NA,NA,NA,NA,20153232015
1127,2015324,1615,2015,324,16,15,NA,NA,T,NA,NA,NA,NA,20153241615
1128,2015324,1755,2015,324,17,55,19.3375,-99.18296359,T,0.2805,0.2095,0.0115,0,20153241755
1129,2015324,1915,2015,324,19,15,NA,NA,A,NA,NA,NA,NA,20153241915
1130,2015324,2055,2015,324,20,55,19.3375,-99.18296359,A,0.49275,0.36825,0.0087,0,20153242055
1131,2015324,2100,2015,324,21,0,NA,NA,A,NA,NA,NA,NA,20153242100
1132,2015325,1700,2015,325,17,0,19.3375,-99.18296359,T,0.42325,0.31625,0.0395,0,20153251700
1133,2015325,2000,2015,325,20,0,NA,NA,A,NA,NA,NA,NA,20153252000
1134,2015325,2005,2015,325,20,5,NA,NA,A,NA,NA,NA,NA,20153252005
1135,2015326,1605,2015,326,16,5,NA,NA,T,NA,NA,NA,NA,20153261605
1136,2015326,1740,2015,326,17,40,NA,NA,T,NA,NA,NA,NA,20153261740
1137,2015326,1910,2015,326,19,10,NA,NA,A,NA,NA,NA,NA,20153261910
1138,2015326,2045,2015,326,20,45,NA,NA,A,NA,NA,NA,NA,20153262045
1139,2015327,1645,2015,327,16,45,NA,NA,T,NA,NA,NA,NA,20153271645
1140,2015327,1825,2015,327,18,25,NA,NA,T,NA,NA,NA,NA,20153271825
1141,2015327,1950,2015,327,19,50,NA,NA,A,NA,NA,NA,NA,20153271950
1142,2015328,1730,2015,328,17,30,19.3375,-99.18296359,T,0.41433,0.30933,0.0352,0,20153281730
1143,2015328,2030,2015,328,20,30,NA,NA,A,NA,NA,NA,NA,20153282030
1144,2015328,2035,2015,328,20,35,NA,NA,A,NA,NA,NA,NA,20153282035
1145,2015329,1635,2015,329,16,35,19.3375,-99.18296359,T,0.387,0.289,0.0177,0,20153291635
1146,2015329,1810,2015,329,18,10,NA,NA,T,NA,NA,NA,NA,20153291810
1147,2015329,1935,2015,329,19,35,NA,NA,A,NA,NA,NA,NA,20153291935
1148,2015329,1940,2015,329,19,40,NA,NA,A,NA,NA,NA,NA,20153291940
1149,2015330,1720,2015,330,17,20,NA,NA,T,NA,NA,NA,NA,20153301720
1150,2015330,2020,2015,330,20,20,NA,NA,A,NA,NA,NA,NA,20153302020
1151,2015331,1625,2015,331,16,25,NA,NA,T,NA,NA,NA,NA,20153311625
1152,2015331,1800,2015,331,18,0,NA,NA,T,NA,NA,NA,NA,20153311800
1153,2015331,1925,2015,331,19,25,NA,NA,A,NA,NA,NA,NA,20153311925
1154,2015331,2105,2015,331,21,5,NA,NA,A,NA,NA,NA,NA,20153312105
1155,2015332,1705,2015,332,17,5,NA,NA,T,NA,NA,NA,NA,20153321705
1156,2015332,2005,2015,332,20,5,NA,NA,A,NA,NA,NA,NA,20153322005
1157,2015332,2010,2015,332,20,10,19.32916666,-99.18673365,A,0.488,0.364,0.0405,0,20153322010
1158,2015333,1610,2015,333,16,10,NA,NA,T,NA,NA,NA,NA,20153331610
1159,2015333,1750,2015,333,17,50,19.3375,-99.18296359,T,0.1985,0.1485,0.014,0,20153331750
1160,2015333,1910,2015,333,19,10,NA,NA,A,NA,NA,NA,NA,20153331910
1161,2015333,1915,2015,333,19,15,19.3375,-99.18296359,A,0.17675,0.13175,0.0069,0,20153331915
1162,2015333,2055,2015,333,20,55,NA,NA,A,NA,NA,NA,NA,20153332055
1163,2015334,1655,2015,334,16,55,19.3375,-99.18296359,T,0.13325,0.0995,0.0272,0,20153341655
1164,2015334,1830,2015,334,18,30,NA,NA,T,NA,NA,NA,NA,20153341830
1165,2015334,2000,2015,334,20,0,19.3375,-99.18296359,A,0.24875,0.18575,0.0439,0,20153342000
1166,2015335,1600,2015,335,16,0,NA,NA,T,NA,NA,NA,NA,20153351600
1167,2015335,1735,2015,335,17,35,19.3375,-99.18296359,T,0.29425,0.21975,0.0246,0,20153351735
1168,2015335,2035,2015,335,20,35,NA,NA,A,NA,NA,NA,NA,20153352035
1169,2015335,2040,2015,335,20,40,NA,NA,A,NA,NA,NA,NA,20153352040
1170,2015336,1640,2015,336,16,40,19.3375,-99.18296359,T,0.321,0.2395,0.0214,0,20153361640
1171,2015336,1820,2015,336,18,20,NA,NA,T,NA,NA,NA,NA,20153361820
1172,2015336,1940,2015,336,19,40,NA,NA,A,NA,NA,NA,NA,20153361940
1173,2015336,1945,2015,336,19,45,NA,NA,A,NA,NA,NA,NA,20153361945
1174,2015337,1725,2015,337,17,25,NA,NA,T,NA,NA,NA,NA,20153371725
1175,2015337,2025,2015,337,20,25,NA,NA,A,NA,NA,NA,NA,20153372025
1176,2015337,2030,2015,337,20,30,NA,NA,A,NA,NA,NA,NA,20153372030
1177,2015338,1630,2015,338,16,30,NA,NA,T,NA,NA,NA,NA,20153381630
1178,2015338,1805,2015,338,18,5,NA,NA,T,NA,NA,NA,NA,20153381805
1179,2015338,1935,2015,338,19,35,NA,NA,A,NA,NA,NA,NA,20153381935
1180,2015338,2110,2015,338,21,10,NA,NA,A,NA,NA,NA,NA,20153382110
1181,2015339,1710,2015,339,17,10,NA,NA,T,NA,NA,NA,NA,20153391710
1182,2015339,2015,2015,339,20,15,19.3375,-99.18296359,A,0.54025,0.404,0.0422,0,20153392015
1183,2015340,1615,2015,340,16,15,NA,NA,T,NA,NA,NA,NA,20153401615
1184,2015340,1755,2015,340,17,55,NA,NA,T,NA,NA,NA,NA,20153401755
1185,2015340,2055,2015,340,20,55,19.3375,-99.18296359,A,0.444,0.3315,0.0083,0,20153402055
1186,2015340,2100,2015,340,21,0,NA,NA,A,NA,NA,NA,NA,20153402100
1187,2015341,1700,2015,341,17,0,NA,NA,T,NA,NA,NA,NA,20153411700
1188,2015341,2000,2015,341,20,0,NA,NA,A,NA,NA,NA,NA,20153412000
1189,2015341,2005,2015,341,20,5,NA,NA,A,NA,NA,NA,NA,20153412005
1190,2015342,1605,2015,342,16,5,NA,NA,T,NA,NA,NA,NA,20153421605
1191,2015342,1740,2015,342,17,40,NA,NA,T,NA,NA,NA,NA,20153421740
1192,2015342,1910,2015,342,19,10,NA,NA,A,NA,NA,NA,NA,20153421910
1193,2015342,2045,2015,342,20,45,NA,NA,A,NA,NA,NA,NA,20153422045
1194,2015343,1645,2015,343,16,45,NA,NA,T,NA,NA,NA,NA,20153431645
1195,2015343,1825,2015,343,18,25,NA,NA,T,NA,NA,NA,NA,20153431825
1196,2015343,1950,2015,343,19,50,NA,NA,A,NA,NA,NA,NA,20153431950
1197,2015344,1730,2015,344,17,30,NA,NA,T,NA,NA,NA,NA,20153441730
1198,2015344,2030,2015,344,20,30,NA,NA,A,NA,NA,NA,NA,20153442030
1199,2015344,2035,2015,344,20,35,NA,NA,A,NA,NA,NA,NA,20153442035
1200,2015345,1635,2015,345,16,35,NA,NA,T,NA,NA,NA,NA,20153451635
1201,2015345,1810,2015,345,18,10,NA,NA,T,NA,NA,NA,NA,20153451810
1202,2015345,1935,2015,345,19,35,NA,NA,A,NA,NA,NA,NA,20153451935
1203,2015345,1940,2015,345,19,40,19.3375,-99.18296359,A,0.50525,0.37725,0.0183,0,20153451940
1204,2015346,1720,2015,346,17,20,NA,NA,T,NA,NA,NA,NA,20153461720
1205,2015346,2020,2015,346,20,20,NA,NA,A,NA,NA,NA,NA,20153462020
1206,2015347,1620,2015,347,16,20,NA,NA,T,NA,NA,NA,NA,20153471620
1207,2015347,1800,2015,347,18,0,NA,NA,T,NA,NA,NA,NA,20153471800
1208,2015347,1925,2015,347,19,25,NA,NA,A,NA,NA,NA,NA,20153471925
1209,2015347,2105,2015,347,21,5,NA,NA,A,NA,NA,NA,NA,20153472105
1210,2015348,1705,2015,348,17,5,19.3375,-99.18296359,T,0.25775,0.19275,0.0509,0,20153481705
1211,2015348,2005,2015,348,20,5,NA,NA,A,NA,NA,NA,NA,20153482005
1212,2015348,2010,2015,348,20,10,NA,NA,A,NA,NA,NA,NA,20153482010
1213,2015349,1610,2015,349,16,10,NA,NA,T,NA,NA,NA,NA,20153491610
1214,2015349,1750,2015,349,17,50,19.3375,-99.18296359,T,0.063,0.04675,0.0129,0,20153491750
1215,2015349,1910,2015,349,19,10,NA,NA,A,NA,NA,NA,NA,20153491910
1216,2015349,1915,2015,349,19,15,19.3375,-99.18296359,A,0.09125,0.068,0.0068,0,20153491915
1217,2015349,2055,2015,349,20,55,NA,NA,A,NA,NA,NA,NA,20153492055
1218,2015350,1655,2015,350,16,55,19.3375,-99.18296359,T,0.02775,0.0205,0.033,0,20153501655
1219,2015350,1830,2015,350,18,30,NA,NA,T,NA,NA,NA,NA,20153501830
1220,2015350,2000,2015,350,20,0,19.3375,-99.18296359,A,0.03,0.0225,0.0438,0,20153502000
1221,2015351,2035,2015,351,20,35,NA,NA,A,NA,NA,NA,NA,20153512035
1222,2015351,2040,2015,351,20,40,NA,NA,A,NA,NA,NA,NA,20153512040
1223,2015352,1640,2015,352,16,40,NA,NA,T,NA,NA,NA,NA,20153521640
1224,2015352,1815,2015,352,18,15,NA,NA,T,NA,NA,NA,NA,20153521815
1225,2015352,1940,2015,352,19,40,NA,NA,A,NA,NA,NA,NA,20153521940
1226,2015352,1945,2015,352,19,45,NA,NA,A,NA,NA,NA,NA,20153521945
1227,2015353,1725,2015,353,17,25,19.3375,-99.18296359,T,0.416,0.311,0.0392,0,20153531725
1228,2015353,2025,2015,353,20,25,NA,NA,A,NA,NA,NA,NA,20153532025
1229,2015353,2030,2015,353,20,30,19.3375,-99.18296359,A,0.55225,0.41225,0.0278,0,20153532030
1230,2015354,1630,2015,354,16,30,NA,NA,T,NA,NA,NA,NA,20153541630
1231,2015354,1805,2015,354,18,5,NA,NA,T,NA,NA,NA,NA,20153541805
1232,2015354,1935,2015,354,19,35,19.3375,-99.18296359,A,0.5285,0.39475,0.0139,0,20153541935
1233,2015354,2110,2015,354,21,10,NA,NA,A,NA,NA,NA,NA,20153542110
1234,2015355,1710,2015,355,17,10,NA,NA,T,NA,NA,NA,NA,20153551710
1235,2015355,2015,2015,355,20,15,NA,NA,A,NA,NA,NA,NA,20153552015
1236,2015356,1615,2015,356,16,15,NA,NA,T,NA,NA,NA,NA,20153561615
1237,2015356,1755,2015,356,17,55,NA,NA,T,NA,NA,NA,NA,20153561755
1238,2015356,2055,2015,356,20,55,NA,NA,A,NA,NA,NA,NA,20153562055
1239,2015356,2100,2015,356,21,0,NA,NA,A,NA,NA,NA,NA,20153562100
1240,2015357,1700,2015,357,17,0,NA,NA,T,NA,NA,NA,NA,20153571700
1241,2015357,2000,2015,357,20,0,NA,NA,A,NA,NA,NA,NA,20153572000
1242,2015357,2005,2015,357,20,5,NA,NA,A,NA,NA,NA,NA,20153572005
1243,2015358,1605,2015,358,16,5,NA,NA,T,NA,NA,NA,NA,20153581605
1244,2015358,1740,2015,358,17,40,19.3375,-99.18296359,T,0.313,0.23375,0.0164,0,20153581740
1245,2015358,1910,2015,358,19,10,NA,NA,A,NA,NA,NA,NA,20153581910
1246,2015358,2045,2015,358,20,45,NA,NA,A,NA,NA,NA,NA,20153582045
1247,2015359,1645,2015,359,16,45,NA,NA,T,NA,NA,NA,NA,20153591645
1248,2015359,1825,2015,359,18,25,NA,NA,T,NA,NA,NA,NA,20153591825
1249,2015359,1950,2015,359,19,50,NA,NA,A,NA,NA,NA,NA,20153591950
1250,2015360,1730,2015,360,17,30,19.3375,-99.18296359,T,0.2015,0.15025,0.0294,0,20153601730
1251,2015360,2030,2015,360,20,30,NA,NA,A,NA,NA,NA,NA,20153602030
1252,2015360,2035,2015,360,20,35,NA,NA,A,NA,NA,NA,NA,20153602035
1253,2015361,1635,2015,361,16,35,19.3375,-99.18296359,T,0.071,0.053,0.0201,0,20153611635
1254,2015361,1810,2015,361,18,10,NA,NA,T,NA,NA,NA,NA,20153611810
1255,2015361,1935,2015,361,19,35,NA,NA,A,NA,NA,NA,NA,20153611935
1256,2015361,1940,2015,361,19,40,19.3375,-99.18296359,A,0.08875,0.066,0.0189,0,20153611940
1257,2015362,1720,2015,362,17,20,19.3375,-99.18296359,T,0.119,0.089,0.0461,0,20153621720
1258,2015362,2020,2015,362,20,20,NA,NA,A,NA,NA,NA,NA,20153622020
1259,2015363,1625,2015,363,16,25,NA,NA,T,NA,NA,NA,NA,20153631625
1260,2015363,1800,2015,363,18,0,19.3375,-99.18296359,T,0.04925,0.03675,0.0078,0,20153631800
1261,2015363,1925,2015,363,19,25,19.3375,-99.17413201,A,0.095,0.071,0.0113,0,20153631925
1262,2015363,2105,2015,363,21,5,NA,NA,A,NA,NA,NA,NA,20153632105
1263,2015364,1705,2015,364,17,5,19.3375,-99.18296359,T,0.121,0.0905,0.0492,0,20153641705
1264,2015364,2005,2015,364,20,5,NA,NA,A,NA,NA,NA,NA,20153642005
1265,2015364,2010,2015,364,20,10,NA,NA,A,NA,NA,NA,NA,20153642010
1266,2015365,1610,2015,365,16,10,NA,NA,T,NA,NA,NA,NA,20153651610
1267,2015365,1750,2015,365,17,50,NA,NA,T,NA,NA,NA,NA,20153651750
1268,2015365,1910,2015,365,19,10,NA,NA,A,NA,NA,NA,NA,20153651910
1269,2015365,1915,2015,365,19,15,NA,NA,A,NA,NA,NA,NA,20153651915
1270,2015365,2055,2015,365,20,55,NA,NA,A,NA,NA,NA,NA,20153652055
1,2016001,1655,2016,1,16,55,19.3375,-99.18296359,T,0.57525,0.4295,0.0328,0,20160011655
2,2016001,1830,2016,1,18,30,NA,NA,T,NA,NA,NA,NA,20160011830
3,2016001,2000,2016,1,20,0,19.3375,-99.18296359,A,0.8295,0.6195,0.0437,0,20160012000
4,2016002,1600,2016,2,16,0,NA,NA,T,NA,NA,NA,NA,20160021600
5,2016002,1735,2016,2,17,35,19.3375,-99.18296359,T,0.35475,0.265,0.0214,0,20160021735
6,2016002,2035,2016,2,20,35,NA,NA,A,NA,NA,NA,NA,20160022035
7,2016002,2040,2016,2,20,40,NA,NA,A,NA,NA,NA,NA,20160022040
8,2016003,1640,2016,3,16,40,NA,NA,T,NA,NA,NA,NA,20160031640
9,2016003,1820,2016,3,18,20,NA,NA,T,NA,NA,NA,NA,20160031820
10,2016003,1940,2016,3,19,40,NA,NA,A,NA,NA,NA,NA,20160031940
11,2016003,1945,2016,3,19,45,NA,NA,A,NA,NA,NA,NA,20160031945
12,2016004,1725,2016,4,17,25,NA,NA,T,NA,NA,NA,NA,20160041725
13,2016004,2025,2016,4,20,25,NA,NA,A,NA,NA,NA,NA,20160042025
14,2016004,2030,2016,4,20,30,NA,NA,A,NA,NA,NA,NA,20160042030
15,2016005,1630,2016,5,16,30,NA,NA,T,NA,NA,NA,NA,20160051630
16,2016005,1805,2016,5,18,5,NA,NA,T,NA,NA,NA,NA,20160051805
17,2016005,1935,2016,5,19,35,NA,NA,A,NA,NA,NA,NA,20160051935
18,2016005,2110,2016,5,21,10,NA,NA,A,NA,NA,NA,NA,20160052110
19,2016006,1710,2016,6,17,10,19.3375,-99.18296359,T,0.1295,0.0965,0.0504,0,20160061710
20,2016006,2015,2016,6,20,15,NA,NA,A,NA,NA,NA,NA,20160062015
21,2016007,1615,2016,7,16,15,NA,NA,T,NA,NA,NA,NA,20160071615
22,2016007,1755,2016,7,17,55,19.3375,-99.18296359,T,0.139,0.10367,0.0099,0,20160071755
23,2016007,2055,2016,7,20,55,NA,NA,A,NA,NA,NA,NA,20160072055
24,2016007,2100,2016,7,21,0,NA,NA,A,NA,NA,NA,NA,20160072100
25,2016008,1700,2016,8,17,0,NA,NA,T,NA,NA,NA,NA,20160081700
26,2016008,2000,2016,8,20,0,NA,NA,A,NA,NA,NA,NA,20160082000
27,2016008,2005,2016,8,20,5,19.3375,-99.18296359,A,0.0635,0.04725,0.0495,0,20160082005
28,2016009,1605,2016,9,16,5,NA,NA,T,NA,NA,NA,NA,20160091605
29,2016009,1740,2016,9,17,40,19.3375,-99.18296359,T,0.09225,0.069,0.0162,0,20160091740
30,2016009,1910,2016,9,19,10,NA,NA,A,NA,NA,NA,NA,20160091910
31,2016009,2045,2016,9,20,45,NA,NA,A,NA,NA,NA,NA,20160092045
32,2016010,1645,2016,10,16,45,NA,NA,T,NA,NA,NA,NA,20160101645
33,2016010,1825,2016,10,18,25,NA,NA,T,NA,NA,NA,NA,20160101825
34,2016010,1950,2016,10,19,50,NA,NA,A,NA,NA,NA,NA,20160101950
35,2016011,1730,2016,11,17,30,19.3375,-99.18296359,T,0.047,0.035,0.0286,0,20160111730
36,2016011,2030,2016,11,20,30,NA,NA,A,NA,NA,NA,NA,20160112030
37,2016011,2035,2016,11,20,35,19.3375,-99.18296359,A,0.07175,0.05375,0.0257,0,20160112035
38,2016012,1635,2016,12,16,35,NA,NA,T,NA,NA,NA,NA,20160121635
39,2016012,1810,2016,12,18,10,NA,NA,T,NA,NA,NA,NA,20160121810
40,2016012,1935,2016,12,19,35,NA,NA,A,NA,NA,NA,NA,20160121935
41,2016012,1940,2016,12,19,40,NA,NA,A,NA,NA,NA,NA,20160121940
42,2016013,1720,2016,13,17,20,NA,NA,T,NA,NA,NA,NA,20160131720
43,2016013,2020,2016,13,20,20,NA,NA,A,NA,NA,NA,NA,20160132020
44,2016014,1625,2016,14,16,25,NA,NA,T,NA,NA,NA,NA,20160141625
45,2016014,1800,2016,14,18,0,NA,NA,T,NA,NA,NA,NA,20160141800
46,2016014,1925,2016,14,19,25,NA,NA,A,NA,NA,NA,NA,20160141925
47,2016014,2105,2016,14,21,5,NA,NA,A,NA,NA,NA,NA,20160142105
48,2016015,1705,2016,15,17,5,19.3375,-99.18296359,T,0.0445,0.033,0.054,0,20160151705
49,2016015,2005,2016,15,20,5,NA,NA,A,NA,NA,NA,NA,20160152005
50,2016015,2010,2016,15,20,10,19.3375,-99.18296359,A,0.04475,0.033,0.056,0,20160152010
51,2016016,1610,2016,16,16,10,NA,NA,T,NA,NA,NA,NA,20160161610
52,2016016,1750,2016,16,17,50,NA,NA,T,NA,NA,NA,NA,20160161750
53,2016016,1910,2016,16,19,10,NA,NA,A,NA,NA,NA,NA,20160161910
54,2016016,1915,2016,16,19,15,NA,NA,A,NA,NA,NA,NA,20160161915
55,2016016,2055,2016,16,20,55,NA,NA,A,NA,NA,NA,NA,20160162055
56,2016017,1655,2016,17,16,55,19.3375,-99.18296359,T,0.1095,0.0815,0.0338,0,20160171655
57,2016017,1830,2016,17,18,30,NA,NA,T,NA,NA,NA,NA,20160171830
58,2016017,2000,2016,17,20,0,19.3375,-99.18296359,A,0.1275,0.09525,0.0473,0,20160172000
59,2016018,1600,2016,18,16,0,NA,NA,T,NA,NA,NA,NA,20160181600
60,2016018,1735,2016,18,17,35,NA,NA,T,NA,NA,NA,NA,20160181735
61,2016018,1900,2016,18,19,0,NA,NA,A,NA,NA,NA,NA,20160181900
62,2016018,2040,2016,18,20,40,NA,NA,A,NA,NA,NA,NA,20160182040
63,2016019,1640,2016,19,16,40,NA,NA,T,NA,NA,NA,NA,20160191640
64,2016019,1820,2016,19,18,20,NA,NA,T,NA,NA,NA,NA,20160191820
65,2016019,1940,2016,19,19,40,NA,NA,A,NA,NA,NA,NA,20160191940
66,2016019,1945,2016,19,19,45,NA,NA,A,NA,NA,NA,NA,20160191945
67,2016020,1725,2016,20,17,25,NA,NA,T,NA,NA,NA,NA,20160201725
68,2016020,2025,2016,20,20,25,NA,NA,A,NA,NA,NA,NA,20160202025
69,2016020,2030,2016,20,20,30,NA,NA,A,NA,NA,NA,NA,20160202030
70,2016021,1630,2016,21,16,30,NA,NA,T,NA,NA,NA,NA,20160211630
71,2016021,1805,2016,21,18,5,NA,NA,T,NA,NA,NA,NA,20160211805
72,2016021,1935,2016,21,19,35,19.3375,-99.18296359,A,0.2445,0.1825,0.0168,0,20160211935
73,2016021,2110,2016,21,21,10,NA,NA,A,NA,NA,NA,NA,20160212110
74,2016022,1710,2016,22,17,10,19.3375,-99.18296359,T,0.24575,0.1835,0.054,0,20160221710
75,2016022,2015,2016,22,20,15,19.3375,-99.18296359,A,0.32125,0.23975,0.0492,0,20160222015
76,2016023,1615,2016,23,16,15,NA,NA,T,NA,NA,NA,NA,20160231615
77,2016023,1755,2016,23,17,55,19.3375,-99.18296359,T,0.1375,0.10275,0.01,0,20160231755
78,2016023,2055,2016,23,20,55,19.3375,-99.18296359,A,0.16475,0.123,0.0104,0,20160232055
79,2016023,2100,2016,23,21,0,NA,NA,A,NA,NA,NA,NA,20160232100
80,2016024,1700,2016,24,17,0,NA,NA,T,NA,NA,NA,NA,20160241700
81,2016024,2000,2016,24,20,0,NA,NA,A,NA,NA,NA,NA,20160242000
82,2016024,2005,2016,24,20,5,NA,NA,A,NA,NA,NA,NA,20160242005
83,2016025,1605,2016,25,16,5,NA,NA,T,NA,NA,NA,NA,20160251605
84,2016025,1740,2016,25,17,40,NA,NA,T,NA,NA,NA,NA,20160251740
85,2016025,1910,2016,25,19,10,NA,NA,A,NA,NA,NA,NA,20160251910
86,2016025,2045,2016,25,20,45,NA,NA,A,NA,NA,NA,NA,20160252045
87,2016026,1645,2016,26,16,45,NA,NA,T,NA,NA,NA,NA,20160261645
88,2016026,1825,2016,26,18,25,NA,NA,T,NA,NA,NA,NA,20160261825
89,2016026,1950,2016,26,19,50,NA,NA,A,NA,NA,NA,NA,20160261950
90,2016027,1730,2016,27,17,30,19.3375,-99.18296359,T,0.08925,0.0665,0.0301,0,20160271730
91,2016027,2030,2016,27,20,30,NA,NA,A,NA,NA,NA,NA,20160272030
92,2016027,2035,2016,27,20,35,19.3375,-99.18296359,A,0.1405,0.10475,0.0216,0,20160272035
93,2016028,1635,2016,28,16,35,NA,NA,T,NA,NA,NA,NA,20160281635
94,2016028,1810,2016,28,18,10,NA,NA,T,NA,NA,NA,NA,20160281810
95,2016028,1935,2016,28,19,35,NA,NA,A,NA,NA,NA,NA,20160281935
96,2016028,1940,2016,28,19,40,NA,NA,A,NA,NA,NA,NA,20160281940
97,2016029,1720,2016,29,17,20,NA,NA,T,NA,NA,NA,NA,20160291720
98,2016029,2020,2016,29,20,20,NA,NA,A,NA,NA,NA,NA,20160292020
99,2016030,1625,2016,30,16,25,NA,NA,T,NA,NA,NA,NA,20160301625
100,2016030,1800,2016,30,18,0,NA,NA,T,NA,NA,NA,NA,20160301800
101,2016030,1925,2016,30,19,25,NA,NA,A,NA,NA,NA,NA,20160301925
102,2016030,2105,2016,30,21,5,NA,NA,A,NA,NA,NA,NA,20160302105
103,2016031,1705,2016,31,17,5,NA,NA,T,NA,NA,NA,NA,20160311705
104,2016031,2005,2016,31,20,5,NA,NA,A,NA,NA,NA,NA,20160312005
105,2016031,2010,2016,31,20,10,NA,NA,A,NA,NA,NA,NA,20160312010
106,2016032,1610,2016,32,16,10,NA,NA,T,NA,NA,NA,NA,20160321610
107,2016032,1750,2016,32,17,50,19.3375,-99.18296359,T,0.2255,0.16825,0.0133,0,20160321750
108,2016032,1910,2016,32,19,10,NA,NA,A,NA,NA,NA,NA,20160321910
109,2016032,2050,2016,32,20,50,NA,NA,A,NA,NA,NA,NA,20160322050
110,2016032,2055,2016,32,20,55,NA,NA,A,NA,NA,NA,NA,20160322055
111,2016033,1655,2016,33,16,55,NA,NA,T,NA,NA,NA,NA,20160331655
112,2016033,1830,2016,33,18,30,NA,NA,T,NA,NA,NA,NA,20160331830
113,2016033,2000,2016,33,20,0,19.3375,-99.18296359,A,0.1585,0.11875,0.0712,0,20160332000
114,2016034,1600,2016,34,16,0,NA,NA,T,NA,NA,NA,NA,20160341600
115,2016034,1735,2016,34,17,35,19.3375,-99.18296359,T,0.187,0.1395,0.0264,0,20160341735
116,2016034,1900,2016,34,19,0,NA,NA,A,NA,NA,NA,NA,20160341900
117,2016034,2040,2016,34,20,40,19.3375,-99.18296359,A,0.209,0.15575,0.0202,0,20160342040
118,2016035,1640,2016,35,16,40,19.3375,-99.18296359,T,0.4645,0.347,0.0234,0,20160351640
119,2016035,1820,2016,35,18,20,NA,NA,T,NA,NA,NA,NA,20160351820
120,2016035,1940,2016,35,19,40,NA,NA,A,NA,NA,NA,NA,20160351940
121,2016035,1945,2016,35,19,45,19.3375,-99.18296359,A,0.74075,0.5535,0.0394,0,20160351945
122,2016036,1725,2016,36,17,25,19.3375,-99.18296359,T,0.21575,0.161,0.0539,0,20160361725
123,2016036,2025,2016,36,20,25,NA,NA,A,NA,NA,NA,NA,20160362025
124,2016036,2030,2016,36,20,30,19.3375,-99.18296359,A,0.389,0.2905,0.034,0,20160362030
125,2016037,1630,2016,37,16,30,NA,NA,T,NA,NA,NA,NA,20160371630
126,2016037,1805,2016,37,18,5,NA,NA,T,NA,NA,NA,NA,20160371805
127,2016037,1935,2016,37,19,35,19.32916666,-99.18673365,A,0.458,0.342,0.0184,0,20160371935
128,2016037,2110,2016,37,21,10,NA,NA,A,NA,NA,NA,NA,20160372110
129,2016038,1710,2016,38,17,10,NA,NA,T,NA,NA,NA,NA,20160381710
130,2016038,2015,2016,38,20,15,19.3375,-99.18296359,A,0.09475,0.0705,0.064,0,20160382015
131,2016039,1615,2016,39,16,15,NA,NA,T,NA,NA,NA,NA,20160391615
132,2016039,1755,2016,39,17,55,NA,NA,T,NA,NA,NA,NA,20160391755
133,2016039,2055,2016,39,20,55,NA,NA,A,NA,NA,NA,NA,20160392055
134,2016039,2100,2016,39,21,0,NA,NA,A,NA,NA,NA,NA,20160392100
135,2016040,1700,2016,40,17,0,NA,NA,T,NA,NA,NA,NA,20160401700
136,2016040,2000,2016,40,20,0,NA,NA,A,NA,NA,NA,NA,20160402000
137,2016040,2005,2016,40,20,5,NA,NA,A,NA,NA,NA,NA,20160402005
138,2016041,1605,2016,41,16,5,NA,NA,T,NA,NA,NA,NA,20160411605
139,2016041,1740,2016,41,17,40,NA,NA,T,NA,NA,NA,NA,20160411740
140,2016041,1910,2016,41,19,10,NA,NA,A,NA,NA,NA,NA,20160411910
141,2016041,2045,2016,41,20,45,NA,NA,A,NA,NA,NA,NA,20160412045
142,2016042,1645,2016,42,16,45,19.3375,-99.18296359,T,0.21325,0.15925,0.032,0,20160421645
143,2016042,1825,2016,42,18,25,NA,NA,T,NA,NA,NA,NA,20160421825
144,2016042,1950,2016,42,19,50,19.3375,-99.18296359,A,0.34275,0.256,0.0575,0,20160421950
145,2016043,1730,2016,43,17,30,19.3375,-99.18296359,T,0.147,0.10975,0.0417,0,20160431730
146,2016043,2030,2016,43,20,30,NA,NA,A,NA,NA,NA,NA,20160432030
147,2016043,2035,2016,43,20,35,19.3375,-99.18296359,A,0.2065,0.15425,0.0298,0,20160432035
148,2016044,1635,2016,44,16,35,NA,NA,T,NA,NA,NA,NA,20160441635
149,2016044,1810,2016,44,18,10,NA,NA,T,NA,NA,NA,NA,20160441810
150,2016044,1935,2016,44,19,35,NA,NA,A,NA,NA,NA,NA,20160441935
151,2016044,1940,2016,44,19,40,19.3375,-99.18296359,A,0.12875,0.096,0.0309,0,20160441940
152,2016045,1720,2016,45,17,20,NA,NA,T,NA,NA,NA,NA,20160451720
153,2016045,2020,2016,45,20,20,NA,NA,A,NA,NA,NA,NA,20160452020
154,2016046,1625,2016,46,16,25,NA,NA,T,NA,NA,NA,NA,20160461625
155,2016046,1800,2016,46,18,0,NA,NA,T,NA,NA,NA,NA,20160461800
156,2016046,1925,2016,46,19,25,NA,NA,A,NA,NA,NA,NA,20160461925
157,2016046,2105,2016,46,21,5,NA,NA,A,NA,NA,NA,NA,20160462105
158,2016047,1705,2016,47,17,5,NA,NA,T,NA,NA,NA,NA,20160471705
159,2016047,2005,2016,47,20,5,NA,NA,A,NA,NA,NA,NA,20160472005
160,2016047,2010,2016,47,20,10,NA,NA,A,NA,NA,NA,NA,20160472010
161,2016048,1610,2016,48,16,10,NA,NA,T,NA,NA,NA,NA,20160481610
162,2016048,1750,2016,48,17,50,19.3375,-99.18296359,T,0.0945,0.07025,0.0167,0,20160481750
163,2016048,1910,2016,48,19,10,NA,NA,A,NA,NA,NA,NA,20160481910
164,2016048,2050,2016,48,20,50,19.3375,-99.18296359,A,0.124,0.093,0.0103,0,20160482050
165,2016048,2055,2016,48,20,55,NA,NA,A,NA,NA,NA,NA,20160482055
166,2016057,1905,2016,57,19,5,NA,NA,A,NA,NA,NA,NA,20160571905
167,2016057,1910,2016,57,19,10,NA,NA,A,NA,NA,NA,NA,20160571910
168,2016057,2045,2016,57,20,45,NA,NA,A,NA,NA,NA,NA,20160572045
169,2016058,1950,2016,58,19,50,NA,NA,A,NA,NA,NA,NA,20160581950
170,2016059,1730,2016,59,17,30,NA,NA,T,NA,NA,NA,NA,20160591730
171,2016059,2030,2016,59,20,30,NA,NA,A,NA,NA,NA,NA,20160592030
172,2016059,2035,2016,59,20,35,NA,NA,A,NA,NA,NA,NA,20160592035
173,2016060,1635,2016,60,16,35,19.3375,-99.18296359,T,0.43125,0.322,0.0195,0,20160601635
174,2016060,1810,2016,60,18,10,NA,NA,T,NA,NA,NA,NA,20160601810
175,2016060,1935,2016,60,19,35,NA,NA,A,NA,NA,NA,NA,20160601935
176,2016060,1940,2016,60,19,40,NA,NA,A,NA,NA,NA,NA,20160601940
177,2016061,1715,2016,61,17,15,NA,NA,T,NA,NA,NA,NA,20160611715
178,2016061,2020,2016,61,20,20,NA,NA,A,NA,NA,NA,NA,20160612020
179,2016062,1620,2016,62,16,20,NA,NA,T,NA,NA,NA,NA,20160621620
180,2016062,1800,2016,62,18,0,NA,NA,T,NA,NA,NA,NA,20160621800
181,2016062,1925,2016,62,19,25,NA,NA,A,NA,NA,NA,NA,20160621925
182,2016062,2105,2016,62,21,5,NA,NA,A,NA,NA,NA,NA,20160622105
183,2016063,2005,2016,63,20,5,NA,NA,A,NA,NA,NA,NA,20160632005
184,2016063,2010,2016,63,20,10,NA,NA,A,NA,NA,NA,NA,20160632010
185,2016064,1610,2016,64,16,10,NA,NA,T,NA,NA,NA,NA,20160641610
186,2016064,1750,2016,64,17,50,NA,NA,T,NA,NA,NA,NA,20160641750
187,2016064,1910,2016,64,19,10,NA,NA,A,NA,NA,NA,NA,20160641910
188,2016064,2050,2016,64,20,50,NA,NA,A,NA,NA,NA,NA,20160642050
189,2016064,2055,2016,64,20,55,NA,NA,A,NA,NA,NA,NA,20160642055
190,2016065,1655,2016,65,16,55,NA,NA,T,NA,NA,NA,NA,20160651655
191,2016065,1830,2016,65,18,30,NA,NA,T,NA,NA,NA,NA,20160651830
192,2016065,2000,2016,65,20,0,19.3375,-99.18296359,A,0.0535,0.04,0.0669,0,20160652000
193,2016066,1555,2016,66,15,55,NA,NA,T,NA,NA,NA,NA,20160661555
194,2016066,1735,2016,66,17,35,19.3375,-99.18296359,T,0.22,0.16425,0.0317,0,20160661735
195,2016066,1905,2016,66,19,5,NA,NA,A,NA,NA,NA,NA,20160661905
196,2016066,2040,2016,66,20,40,19.3375,-99.18296359,A,0.36925,0.27575,0.0279,0,20160662040
197,2016067,1640,2016,67,16,40,NA,NA,T,NA,NA,NA,NA,20160671640
198,2016067,1815,2016,67,18,15,NA,NA,T,NA,NA,NA,NA,20160671815
199,2016067,1945,2016,67,19,45,NA,NA,A,NA,NA,NA,NA,20160671945
200,2016068,1725,2016,68,17,25,19.3375,-99.18296359,T,0.08175,0.06075,0.0766,0,20160681725
201,2016068,2025,2016,68,20,25,NA,NA,A,NA,NA,NA,NA,20160682025
202,2016068,2030,2016,68,20,30,NA,NA,A,NA,NA,NA,NA,20160682030
203,2016069,1630,2016,69,16,30,NA,NA,T,NA,NA,NA,NA,20160691630
204,2016069,1805,2016,69,18,5,NA,NA,T,NA,NA,NA,NA,20160691805
205,2016069,1930,2016,69,19,30,NA,NA,A,NA,NA,NA,NA,20160691930
206,2016069,1935,2016,69,19,35,NA,NA,A,NA,NA,NA,NA,20160691935
207,2016069,2110,2016,69,21,10,NA,NA,A,NA,NA,NA,NA,20160692110
208,2016070,1710,2016,70,17,10,NA,NA,T,NA,NA,NA,NA,20160701710
209,2016070,2015,2016,70,20,15,NA,NA,A,NA,NA,NA,NA,20160702015
210,2016071,1755,2016,71,17,55,19.3375,-99.18296359,T,0.037,0.02725,0.0167,0,20160711755
211,2016071,2055,2016,71,20,55,19.3375,-99.18296359,A,0.06825,0.051,0.015,0,20160712055
212,2016071,2100,2016,71,21,0,NA,NA,A,NA,NA,NA,NA,20160712100
213,2016072,1700,2016,72,17,0,19.3375,-99.18296359,T,0.11475,0.08575,0.0562,0,20160721700
214,2016072,2000,2016,72,20,0,NA,NA,A,NA,NA,NA,NA,20160722000
215,2016072,2005,2016,72,20,5,19.3375,-99.18296359,A,0.08225,0.0615,0.1119,0,20160722005
216,2016073,1605,2016,73,16,5,NA,NA,T,NA,NA,NA,NA,20160731605
217,2016073,1740,2016,73,17,40,19.3375,-99.18296359,T,0.1815,0.13575,0.0283,0,20160731740
218,2016073,1905,2016,73,19,5,NA,NA,A,NA,NA,NA,NA,20160731905
219,2016073,1910,2016,73,19,10,NA,NA,A,NA,NA,NA,NA,20160731910
220,2016073,2045,2016,73,20,45,NA,NA,A,NA,NA,NA,NA,20160732045
221,2016074,1645,2016,74,16,45,19.3375,-99.18296359,T,0.267,0.19925,0.0463,0,20160741645
222,2016074,1825,2016,74,18,25,NA,NA,T,NA,NA,NA,NA,20160741825
223,2016074,1950,2016,74,19,50,NA,NA,A,NA,NA,NA,NA,20160741950
224,2016075,1730,2016,75,17,30,19.3375,-99.18296359,T,0.32475,0.24275,0.0584,0,20160751730
225,2016075,2030,2016,75,20,30,NA,NA,A,NA,NA,NA,NA,20160752030
226,2016075,2035,2016,75,20,35,NA,NA,A,NA,NA,NA,NA,20160752035
227,2016076,1635,2016,76,16,35,NA,NA,T,NA,NA,NA,NA,20160761635
228,2016076,1810,2016,76,18,10,NA,NA,T,NA,NA,NA,NA,20160761810
229,2016076,1935,2016,76,19,35,NA,NA,A,NA,NA,NA,NA,20160761935
230,2016076,1940,2016,76,19,40,NA,NA,A,NA,NA,NA,NA,20160761940
231,2016077,1715,2016,77,17,15,NA,NA,T,NA,NA,NA,NA,20160771715
232,2016077,2025,2016,77,20,25,NA,NA,A,NA,NA,NA,NA,20160772025
233,2016078,1620,2016,78,16,20,NA,NA,T,NA,NA,NA,NA,20160781620
234,2016078,1800,2016,78,18,0,NA,NA,T,NA,NA,NA,NA,20160781800
235,2016078,1930,2016,78,19,30,NA,NA,A,NA,NA,NA,NA,20160781930
236,2016078,2105,2016,78,21,5,NA,NA,A,NA,NA,NA,NA,20160782105
237,2016079,1705,2016,79,17,5,NA,NA,T,NA,NA,NA,NA,20160791705
238,2016079,2005,2016,79,20,5,NA,NA,A,NA,NA,NA,NA,20160792005
239,2016079,2010,2016,79,20,10,NA,NA,A,NA,NA,NA,NA,20160792010
240,2016080,1610,2016,80,16,10,NA,NA,T,NA,NA,NA,NA,20160801610
241,2016080,1750,2016,80,17,50,NA,NA,T,NA,NA,NA,NA,20160801750
242,2016080,1910,2016,80,19,10,NA,NA,A,NA,NA,NA,NA,20160801910
243,2016080,2050,2016,80,20,50,NA,NA,A,NA,NA,NA,NA,20160802050
244,2016080,2055,2016,80,20,55,NA,NA,A,NA,NA,NA,NA,20160802055
245,2016081,1655,2016,81,16,55,NA,NA,T,NA,NA,NA,NA,20160811655
246,2016081,1830,2016,81,18,30,NA,NA,T,NA,NA,NA,NA,20160811830
247,2016081,2000,2016,81,20,0,NA,NA,A,NA,NA,NA,NA,20160812000
248,2016082,1555,2016,82,15,55,NA,NA,T,NA,NA,NA,NA,20160821555
249,2016082,1735,2016,82,17,35,NA,NA,T,NA,NA,NA,NA,20160821735
250,2016082,1905,2016,82,19,5,NA,NA,A,NA,NA,NA,NA,20160821905
251,2016082,2040,2016,82,20,40,NA,NA,A,NA,NA,NA,NA,20160822040
252,2016083,1640,2016,83,16,40,19.32916666,-99.18673365,T,0.306,0.229,0.0232,0,20160831640
253,2016083,1815,2016,83,18,15,NA,NA,T,NA,NA,NA,NA,20160831815
254,2016083,1945,2016,83,19,45,NA,NA,A,NA,NA,NA,NA,20160831945
255,2016084,1725,2016,84,17,25,NA,NA,T,NA,NA,NA,NA,20160841725
256,2016084,2025,2016,84,20,25,NA,NA,A,NA,NA,NA,NA,20160842025
257,2016084,2030,2016,84,20,30,NA,NA,A,NA,NA,NA,NA,20160842030
258,2016085,1630,2016,85,16,30,NA,NA,T,NA,NA,NA,NA,20160851630
259,2016085,1805,2016,85,18,5,NA,NA,T,NA,NA,NA,NA,20160851805
260,2016085,1930,2016,85,19,30,NA,NA,A,NA,NA,NA,NA,20160851930
261,2016085,1935,2016,85,19,35,NA,NA,A,NA,NA,NA,NA,20160851935
262,2016086,1710,2016,86,17,10,NA,NA,T,NA,NA,NA,NA,20160861710
263,2016086,2015,2016,86,20,15,NA,NA,A,NA,NA,NA,NA,20160862015
264,2016087,1615,2016,87,16,15,NA,NA,T,NA,NA,NA,NA,20160871615
265,2016087,1755,2016,87,17,55,NA,NA,T,NA,NA,NA,NA,20160871755
266,2016087,2055,2016,87,20,55,NA,NA,A,NA,NA,NA,NA,20160872055
267,2016087,2100,2016,87,21,0,NA,NA,A,NA,NA,NA,NA,20160872100
268,2016088,1700,2016,88,17,0,NA,NA,T,NA,NA,NA,NA,20160881700
269,2016088,2000,2016,88,20,0,NA,NA,A,NA,NA,NA,NA,20160882000
270,2016088,2005,2016,88,20,5,NA,NA,A,NA,NA,NA,NA,20160882005
271,2016089,1605,2016,89,16,5,NA,NA,T,NA,NA,NA,NA,20160891605
272,2016089,1740,2016,89,17,40,19.3375,-99.18296359,T,0.06225,0.04625,0.0338,0,20160891740
273,2016089,1905,2016,89,19,5,NA,NA,A,NA,NA,NA,NA,20160891905
274,2016089,1910,2016,89,19,10,NA,NA,A,NA,NA,NA,NA,20160891910
275,2016089,2045,2016,89,20,45,NA,NA,A,NA,NA,NA,NA,20160892045
276,2016090,1645,2016,90,16,45,NA,NA,T,NA,NA,NA,NA,20160901645
277,2016090,1825,2016,90,18,25,NA,NA,T,NA,NA,NA,NA,20160901825
278,2016090,1950,2016,90,19,50,NA,NA,A,NA,NA,NA,NA,20160901950
279,2016091,1730,2016,91,17,30,19.3375,-99.18296359,T,0.15375,0.11475,0.0792,0,20160911730
280,2016091,2030,2016,91,20,30,NA,NA,A,NA,NA,NA,NA,20160912030
281,2016091,2035,2016,91,20,35,19.3375,-99.18296359,A,0.35625,0.26625,0.0385,0,20160912035
282,2016092,1635,2016,92,16,35,19.3375,-99.18296359,T,0.14,0.1045,0.0285,0,20160921635
283,2016092,1810,2016,92,18,10,NA,NA,T,NA,NA,NA,NA,20160921810
284,2016092,1935,2016,92,19,35,NA,NA,A,NA,NA,NA,NA,20160921935
285,2016092,1940,2016,92,19,40,19.3375,-99.18296359,A,0.196,0.14667,0.0426,0,20160921940
286,2016093,1715,2016,93,17,15,19.3375,-99.18296359,T,0.0545,0.04025,0.2101,0,20160931715
287,2016093,2025,2016,93,20,25,19.3375,-99.17413201,A,0.25,0.187,0.0842,0,20160932025
288,2016094,1620,2016,94,16,20,NA,NA,T,NA,NA,NA,NA,20160941620
289,2016094,1800,2016,94,18,0,NA,NA,T,NA,NA,NA,NA,20160941800
290,2016094,1930,2016,94,19,30,NA,NA,A,NA,NA,NA,NA,20160941930
291,2016094,2105,2016,94,21,5,NA,NA,A,NA,NA,NA,NA,20160942105
292,2016095,1705,2016,95,17,5,NA,NA,T,NA,NA,NA,NA,20160951705
293,2016095,2010,2016,95,20,10,NA,NA,A,NA,NA,NA,NA,20160952010
294,2016096,1610,2016,96,16,10,NA,NA,T,NA,NA,NA,NA,20160961610
295,2016096,1750,2016,96,17,50,19.3375,-99.18296359,T,0.309,0.23075,0.027,0,20160961750
296,2016096,1910,2016,96,19,10,NA,NA,A,NA,NA,NA,NA,20160961910
297,2016096,2050,2016,96,20,50,19.3375,-99.18296359,A,0.5645,0.4215,0.014,0,20160962050
298,2016096,2055,2016,96,20,55,NA,NA,A,NA,NA,NA,NA,20160962055
299,2016097,1655,2016,97,16,55,NA,NA,T,NA,NA,NA,NA,20160971655
300,2016097,1830,2016,97,18,30,NA,NA,T,NA,NA,NA,NA,20160971830
301,2016097,1955,2016,97,19,55,NA,NA,A,NA,NA,NA,NA,20160971955
302,2016097,2000,2016,97,20,0,NA,NA,A,NA,NA,NA,NA,20160972000
303,2016098,1555,2016,98,15,55,NA,NA,T,NA,NA,NA,NA,20160981555
304,2016098,1735,2016,98,17,35,NA,NA,T,NA,NA,NA,NA,20160981735
305,2016098,1905,2016,98,19,5,NA,NA,A,NA,NA,NA,NA,20160981905
306,2016098,2040,2016,98,20,40,NA,NA,A,NA,NA,NA,NA,20160982040
307,2016099,1640,2016,99,16,40,19.3375,-99.18296359,T,0.623,0.4655,0.0423,0,20160991640
308,2016099,1815,2016,99,18,15,NA,NA,T,NA,NA,NA,NA,20160991815
309,2016099,1945,2016,99,19,45,NA,NA,A,NA,NA,NA,NA,20160991945
310,2016100,1725,2016,100,17,25,NA,NA,T,NA,NA,NA,NA,20161001725
311,2016100,2025,2016,100,20,25,NA,NA,A,NA,NA,NA,NA,20161002025
312,2016100,2030,2016,100,20,30,NA,NA,A,NA,NA,NA,NA,20161002030
313,2016101,1630,2016,101,16,30,NA,NA,T,NA,NA,NA,NA,20161011630
314,2016101,1805,2016,101,18,5,NA,NA,T,NA,NA,NA,NA,20161011805
315,2016101,1930,2016,101,19,30,NA,NA,A,NA,NA,NA,NA,20161011930
316,2016101,1935,2016,101,19,35,NA,NA,A,NA,NA,NA,NA,20161011935
317,2016102,1710,2016,102,17,10,19.3375,-99.18296359,T,0.24225,0.181,0.1548,0,20161021710
318,2016102,2015,2016,102,20,15,NA,NA,A,NA,NA,NA,NA,20161022015
319,2016103,1615,2016,103,16,15,NA,NA,T,NA,NA,NA,NA,20161031615
320,2016103,1755,2016,103,17,55,NA,NA,T,NA,NA,NA,NA,20161031755
321,2016103,2055,2016,103,20,55,NA,NA,A,NA,NA,NA,NA,20161032055
322,2016103,2100,2016,103,21,0,NA,NA,A,NA,NA,NA,NA,20161032100
323,2016104,1700,2016,104,17,0,NA,NA,T,NA,NA,NA,NA,20161041700
324,2016104,2000,2016,104,20,0,NA,NA,A,NA,NA,NA,NA,20161042000
325,2016104,2005,2016,104,20,5,NA,NA,A,NA,NA,NA,NA,20161042005
326,2016105,1740,2016,105,17,40,NA,NA,T,NA,NA,NA,NA,20161051740
327,2016105,1905,2016,105,19,5,NA,NA,A,NA,NA,NA,NA,20161051905
328,2016105,1910,2016,105,19,10,NA,NA,A,NA,NA,NA,NA,20161051910
329,2016105,2050,2016,105,20,50,NA,NA,A,NA,NA,NA,NA,20161052050
330,2016106,1645,2016,106,16,45,NA,NA,T,NA,NA,NA,NA,20161061645
331,2016106,1825,2016,106,18,25,NA,NA,T,NA,NA,NA,NA,20161061825
332,2016106,1955,2016,106,19,55,NA,NA,A,NA,NA,NA,NA,20161061955
333,2016107,1730,2016,107,17,30,NA,NA,T,NA,NA,NA,NA,20161071730
334,2016107,2030,2016,107,20,30,NA,NA,A,NA,NA,NA,NA,20161072030
335,2016107,2035,2016,107,20,35,NA,NA,A,NA,NA,NA,NA,20161072035
336,2016108,1635,2016,108,16,35,19.3375,-99.18296359,T,0.48175,0.35975,0.0249,0,20161081635
337,2016108,1810,2016,108,18,10,NA,NA,T,NA,NA,NA,NA,20161081810
338,2016108,1935,2016,108,19,35,NA,NA,A,NA,NA,NA,NA,20161081935
339,2016108,1940,2016,108,19,40,NA,NA,A,NA,NA,NA,NA,20161081940
340,2016109,1720,2016,109,17,20,NA,NA,T,NA,NA,NA,NA,20161091720
341,2016109,2020,2016,109,20,20,NA,NA,A,NA,NA,NA,NA,20161092020
342,2016109,2025,2016,109,20,25,NA,NA,A,NA,NA,NA,NA,20161092025
343,2016110,1620,2016,110,16,20,NA,NA,T,NA,NA,NA,NA,20161101620
344,2016110,1800,2016,110,18,0,NA,NA,T,NA,NA,NA,NA,20161101800
345,2016110,1930,2016,110,19,30,NA,NA,A,NA,NA,NA,NA,20161101930
346,2016110,2105,2016,110,21,5,NA,NA,A,NA,NA,NA,NA,20161102105
347,2016111,1705,2016,111,17,5,NA,NA,T,NA,NA,NA,NA,20161111705
348,2016111,2010,2016,111,20,10,NA,NA,A,NA,NA,NA,NA,20161112010
349,2016112,1610,2016,112,16,10,NA,NA,T,NA,NA,NA,NA,20161121610
350,2016112,1750,2016,112,17,50,NA,NA,T,NA,NA,NA,NA,20161121750
351,2016112,2050,2016,112,20,50,NA,NA,A,NA,NA,NA,NA,20161122050
352,2016112,2055,2016,112,20,55,NA,NA,A,NA,NA,NA,NA,20161122055
353,2016113,1655,2016,113,16,55,NA,NA,T,NA,NA,NA,NA,20161131655
354,2016113,1830,2016,113,18,30,NA,NA,T,NA,NA,NA,NA,20161131830
355,2016113,1955,2016,113,19,55,NA,NA,A,NA,NA,NA,NA,20161131955
356,2016113,2000,2016,113,20,0,NA,NA,A,NA,NA,NA,NA,20161132000
357,2016114,1600,2016,114,16,0,NA,NA,T,NA,NA,NA,NA,20161141600
358,2016114,1735,2016,114,17,35,NA,NA,T,NA,NA,NA,NA,20161141735
359,2016114,1905,2016,114,19,5,NA,NA,A,NA,NA,NA,NA,20161141905
360,2016114,2040,2016,114,20,40,NA,NA,A,NA,NA,NA,NA,20161142040
361,2016115,1640,2016,115,16,40,NA,NA,T,NA,NA,NA,NA,20161151640
362,2016115,1815,2016,115,18,15,NA,NA,T,NA,NA,NA,NA,20161151815
363,2016115,1945,2016,115,19,45,NA,NA,A,NA,NA,NA,NA,20161151945
364,2016116,1725,2016,116,17,25,NA,NA,T,NA,NA,NA,NA,20161161725
365,2016116,2025,2016,116,20,25,NA,NA,A,NA,NA,NA,NA,20161162025
366,2016116,2030,2016,116,20,30,NA,NA,A,NA,NA,NA,NA,20161162030
367,2016117,1630,2016,117,16,30,NA,NA,T,NA,NA,NA,NA,20161171630
368,2016117,1805,2016,117,18,5,NA,NA,T,NA,NA,NA,NA,20161171805
369,2016117,1930,2016,117,19,30,NA,NA,A,NA,NA,NA,NA,20161171930
370,2016117,1935,2016,117,19,35,NA,NA,A,NA,NA,NA,NA,20161171935
371,2016118,1710,2016,118,17,10,19.3375,-99.18296359,T,0.0935,0.06975,0.1836,0,20161181710
372,2016118,2015,2016,118,20,15,NA,NA,A,NA,NA,NA,NA,20161182015
373,2016119,1615,2016,119,16,15,NA,NA,T,NA,NA,NA,NA,20161191615
374,2016119,1755,2016,119,17,55,NA,NA,T,NA,NA,NA,NA,20161191755
375,2016119,2055,2016,119,20,55,NA,NA,A,NA,NA,NA,NA,20161192055
376,2016119,2100,2016,119,21,0,NA,NA,A,NA,NA,NA,NA,20161192100
377,2016120,1700,2016,120,17,0,NA,NA,T,NA,NA,NA,NA,20161201700
378,2016120,2000,2016,120,20,0,NA,NA,A,NA,NA,NA,NA,20161202000
379,2016120,2005,2016,120,20,5,NA,NA,A,NA,NA,NA,NA,20161202005
380,2016121,1605,2016,121,16,5,NA,NA,T,NA,NA,NA,NA,20161211605
381,2016121,1740,2016,121,17,40,NA,NA,T,NA,NA,NA,NA,20161211740
382,2016121,1905,2016,121,19,5,NA,NA,A,NA,NA,NA,NA,20161211905
383,2016121,1910,2016,121,19,10,NA,NA,A,NA,NA,NA,NA,20161211910
384,2016121,2045,2016,121,20,45,NA,NA,A,NA,NA,NA,NA,20161212045
385,2016122,1645,2016,122,16,45,NA,NA,T,NA,NA,NA,NA,20161221645
386,2016122,1825,2016,122,18,25,NA,NA,T,NA,NA,NA,NA,20161221825
387,2016122,1950,2016,122,19,50,NA,NA,A,NA,NA,NA,NA,20161221950
388,2016123,1730,2016,123,17,30,19.3375,-99.18296359,T,0.21775,0.16275,0.1133,0,20161231730
389,2016123,2030,2016,123,20,30,NA,NA,A,NA,NA,NA,NA,20161232030
390,2016123,2035,2016,123,20,35,NA,NA,A,NA,NA,NA,NA,20161232035
391,2016124,1635,2016,124,16,35,NA,NA,T,NA,NA,NA,NA,20161241635
392,2016124,1810,2016,124,18,10,NA,NA,T,NA,NA,NA,NA,20161241810
393,2016124,1935,2016,124,19,35,NA,NA,A,NA,NA,NA,NA,20161241935
394,2016124,1940,2016,124,19,40,NA,NA,A,NA,NA,NA,NA,20161241940
395,2016125,1720,2016,125,17,20,19.3375,-99.18296359,T,0.658,0.4915,0.1792,0,20161251720
396,2016125,2025,2016,125,20,25,NA,NA,A,NA,NA,NA,NA,20161252025
397,2016126,1625,2016,126,16,25,NA,NA,T,NA,NA,NA,NA,20161261625
398,2016126,1800,2016,126,18,0,NA,NA,T,NA,NA,NA,NA,20161261800
399,2016126,1930,2016,126,19,30,NA,NA,A,NA,NA,NA,NA,20161261930
400,2016126,2105,2016,126,21,5,NA,NA,A,NA,NA,NA,NA,20161262105
401,2016127,1705,2016,127,17,5,19.3375,-99.18296359,T,0.12675,0.09425,0.1688,0,20161271705
402,2016127,2005,2016,127,20,5,NA,NA,A,NA,NA,NA,NA,20161272005
403,2016127,2010,2016,127,20,10,NA,NA,A,NA,NA,NA,NA,20161272010
404,2016128,1610,2016,128,16,10,NA,NA,T,NA,NA,NA,NA,20161281610
405,2016128,1750,2016,128,17,50,19.3375,-99.18296359,T,0.148,0.11075,0.0293,0,20161281750
406,2016128,1910,2016,128,19,10,NA,NA,A,NA,NA,NA,NA,20161281910
407,2016128,2050,2016,128,20,50,19.3375,-99.18296359,A,0.20875,0.15575,0.0153,0,20161282050
408,2016128,2055,2016,128,20,55,NA,NA,A,NA,NA,NA,NA,20161282055
409,2016129,1655,2016,129,16,55,19.3375,-99.18296359,T,0.26575,0.1985,0.0516,0,20161291655
410,2016129,1830,2016,129,18,30,NA,NA,T,NA,NA,NA,NA,20161291830
411,2016129,2000,2016,129,20,0,NA,NA,A,NA,NA,NA,NA,20161292000
412,2016130,1600,2016,130,16,0,NA,NA,T,NA,NA,NA,NA,20161301600
413,2016130,1735,2016,130,17,35,NA,NA,T,NA,NA,NA,NA,20161301735
414,2016130,1905,2016,130,19,5,NA,NA,A,NA,NA,NA,NA,20161301905
415,2016130,2040,2016,130,20,40,NA,NA,A,NA,NA,NA,NA,20161302040
416,2016131,1640,2016,131,16,40,NA,NA,T,NA,NA,NA,NA,20161311640
417,2016131,1820,2016,131,18,20,NA,NA,T,NA,NA,NA,NA,20161311820
418,2016131,1945,2016,131,19,45,NA,NA,A,NA,NA,NA,NA,20161311945
419,2016132,1725,2016,132,17,25,NA,NA,T,NA,NA,NA,NA,20161321725
420,2016132,2025,2016,132,20,25,NA,NA,A,NA,NA,NA,NA,20161322025
421,2016132,2030,2016,132,20,30,NA,NA,A,NA,NA,NA,NA,20161322030
422,2016133,1630,2016,133,16,30,NA,NA,T,NA,NA,NA,NA,20161331630
423,2016133,1805,2016,133,18,5,NA,NA,T,NA,NA,NA,NA,20161331805
424,2016133,1930,2016,133,19,30,NA,NA,A,NA,NA,NA,NA,20161331930
425,2016133,1935,2016,133,19,35,NA,NA,A,NA,NA,NA,NA,20161331935
426,2016134,1710,2016,134,17,10,NA,NA,T,NA,NA,NA,NA,20161341710
427,2016134,2015,2016,134,20,15,19.32916666,-99.18673365,A,0.3055,0.2285,0.0614,0,20161342015
428,2016135,1615,2016,135,16,15,NA,NA,T,NA,NA,NA,NA,20161351615
429,2016135,1755,2016,135,17,55,NA,NA,T,NA,NA,NA,NA,20161351755
430,2016135,2055,2016,135,20,55,NA,NA,A,NA,NA,NA,NA,20161352055
431,2016135,2100,2016,135,21,0,NA,NA,A,NA,NA,NA,NA,20161352100
432,2016136,1700,2016,136,17,0,NA,NA,T,NA,NA,NA,NA,20161361700
433,2016136,2000,2016,136,20,0,NA,NA,A,NA,NA,NA,NA,20161362000
434,2016136,2005,2016,136,20,5,NA,NA,A,NA,NA,NA,NA,20161362005
435,2016137,1605,2016,137,16,5,NA,NA,T,NA,NA,NA,NA,20161371605
436,2016137,1745,2016,137,17,45,NA,NA,T,NA,NA,NA,NA,20161371745
437,2016137,1905,2016,137,19,5,NA,NA,A,NA,NA,NA,NA,20161371905
438,2016137,1910,2016,137,19,10,NA,NA,A,NA,NA,NA,NA,20161371910
439,2016137,2045,2016,137,20,45,NA,NA,A,NA,NA,NA,NA,20161372045
440,2016138,1645,2016,138,16,45,19.3375,-99.18296359,T,0.67967,0.50733,0.043,0,20161381645
441,2016138,1825,2016,138,18,25,NA,NA,T,NA,NA,NA,NA,20161381825
442,2016138,1950,2016,138,19,50,NA,NA,A,NA,NA,NA,NA,20161381950
443,2016139,1730,2016,139,17,30,NA,NA,T,NA,NA,NA,NA,20161391730
444,2016139,2030,2016,139,20,30,NA,NA,A,NA,NA,NA,NA,20161392030
445,2016139,2035,2016,139,20,35,NA,NA,A,NA,NA,NA,NA,20161392035
446,2016140,1635,2016,140,16,35,19.3375,-99.18296359,T,0.7295,0.545,0.022,0,20161401635
447,2016140,1810,2016,140,18,10,NA,NA,T,NA,NA,NA,NA,20161401810
448,2016140,1935,2016,140,19,35,NA,NA,A,NA,NA,NA,NA,20161401935
449,2016140,1940,2016,140,19,40,NA,NA,A,NA,NA,NA,NA,20161401940
450,2016141,1720,2016,141,17,20,19.3375,-99.18296359,T,0.30725,0.2295,0.1479,0,20161411720
451,2016141,2020,2016,141,20,20,NA,NA,A,NA,NA,NA,NA,20161412020
452,2016142,1625,2016,142,16,25,NA,NA,T,NA,NA,NA,NA,20161421625
453,2016142,1800,2016,142,18,0,NA,NA,T,NA,NA,NA,NA,20161421800
454,2016142,1925,2016,142,19,25,NA,NA,A,NA,NA,NA,NA,20161421925
455,2016142,2105,2016,142,21,5,NA,NA,A,NA,NA,NA,NA,20161422105
456,2016143,1705,2016,143,17,5,19.3375,-99.18296359,T,0.52125,0.389,0.1165,0,20161431705
457,2016143,2005,2016,143,20,5,NA,NA,A,NA,NA,NA,NA,20161432005
458,2016143,2010,2016,143,20,10,NA,NA,A,NA,NA,NA,NA,20161432010
459,2016144,1610,2016,144,16,10,NA,NA,T,NA,NA,NA,NA,20161441610
460,2016144,1750,2016,144,17,50,NA,NA,T,NA,NA,NA,NA,20161441750
461,2016144,1910,2016,144,19,10,NA,NA,A,NA,NA,NA,NA,20161441910
462,2016144,2050,2016,144,20,50,NA,NA,A,NA,NA,NA,NA,20161442050
463,2016144,2055,2016,144,20,55,NA,NA,A,NA,NA,NA,NA,20161442055
464,2016145,1655,2016,145,16,55,19.3375,-99.18296359,T,0.6245,0.4665,0.0611,0,20161451655
465,2016145,1830,2016,145,18,30,NA,NA,T,NA,NA,NA,NA,20161451830
466,2016145,2000,2016,145,20,0,NA,NA,A,NA,NA,NA,NA,20161452000
467,2016146,1600,2016,146,16,0,NA,NA,T,NA,NA,NA,NA,20161461600
468,2016146,1735,2016,146,17,35,19.3375,-99.18296359,T,0.1625,0.1215,0.0619,0,20161461735
469,2016146,1900,2016,146,19,0,NA,NA,A,NA,NA,NA,NA,20161461900
470,2016146,2040,2016,146,20,40,NA,NA,A,NA,NA,NA,NA,20161462040
471,2016147,1640,2016,147,16,40,19.3375,-99.18296359,T,0.931,0.6955,0.0341,0,20161471640
472,2016147,1820,2016,147,18,20,NA,NA,T,NA,NA,NA,NA,20161471820
473,2016147,1940,2016,147,19,40,NA,NA,A,NA,NA,NA,NA,20161471940
474,2016147,1945,2016,147,19,45,NA,NA,A,NA,NA,NA,NA,20161471945
475,2016148,1725,2016,148,17,25,19.3375,-99.18296359,T,0.33375,0.249,0.1097,0,20161481725
476,2016148,2025,2016,148,20,25,NA,NA,A,NA,NA,NA,NA,20161482025
477,2016148,2030,2016,148,20,30,NA,NA,A,NA,NA,NA,NA,20161482030
478,2016149,1630,2016,149,16,30,NA,NA,T,NA,NA,NA,NA,20161491630
479,2016149,1805,2016,149,18,5,NA,NA,T,NA,NA,NA,NA,20161491805
480,2016149,1935,2016,149,19,35,NA,NA,A,NA,NA,NA,NA,20161491935
481,2016149,2110,2016,149,21,10,NA,NA,A,NA,NA,NA,NA,20161492110
482,2016150,1710,2016,150,17,10,19.3375,-99.18296359,T,0.71425,0.5335,0.1245,0,20161501710
483,2016150,2015,2016,150,20,15,NA,NA,A,NA,NA,NA,NA,20161502015
484,2016151,1615,2016,151,16,15,NA,NA,T,NA,NA,NA,NA,20161511615
485,2016151,1755,2016,151,17,55,NA,NA,T,NA,NA,NA,NA,20161511755
486,2016151,2055,2016,151,20,55,NA,NA,A,NA,NA,NA,NA,20161512055
487,2016151,2100,2016,151,21,0,NA,NA,A,NA,NA,NA,NA,20161512100
488,2016152,1700,2016,152,17,0,19.3375,-99.18296359,T,0.4735,0.3535,0.078,0,20161521700
489,2016152,2000,2016,152,20,0,NA,NA,A,NA,NA,NA,NA,20161522000
490,2016152,2005,2016,152,20,5,NA,NA,A,NA,NA,NA,NA,20161522005
491,2016153,1605,2016,153,16,5,NA,NA,T,NA,NA,NA,NA,20161531605
492,2016153,1745,2016,153,17,45,NA,NA,T,NA,NA,NA,NA,20161531745
493,2016153,1910,2016,153,19,10,NA,NA,A,NA,NA,NA,NA,20161531910
494,2016153,2045,2016,153,20,45,NA,NA,A,NA,NA,NA,NA,20161532045
495,2016154,1650,2016,154,16,50,NA,NA,T,NA,NA,NA,NA,20161541650
496,2016154,1825,2016,154,18,25,NA,NA,T,NA,NA,NA,NA,20161541825
497,2016154,1950,2016,154,19,50,NA,NA,A,NA,NA,NA,NA,20161541950
498,2016155,1730,2016,155,17,30,NA,NA,T,NA,NA,NA,NA,20161551730
499,2016155,2030,2016,155,20,30,NA,NA,A,NA,NA,NA,NA,20161552030
500,2016155,2035,2016,155,20,35,NA,NA,A,NA,NA,NA,NA,20161552035
501,2016156,1635,2016,156,16,35,NA,NA,T,NA,NA,NA,NA,20161561635
502,2016156,1810,2016,156,18,10,NA,NA,T,NA,NA,NA,NA,20161561810
503,2016156,1935,2016,156,19,35,NA,NA,A,NA,NA,NA,NA,20161561935
504,2016156,1940,2016,156,19,40,NA,NA,A,NA,NA,NA,NA,20161561940
505,2016157,1720,2016,157,17,20,NA,NA,T,NA,NA,NA,NA,20161571720
506,2016157,2020,2016,157,20,20,NA,NA,A,NA,NA,NA,NA,20161572020
507,2016158,1625,2016,158,16,25,NA,NA,T,NA,NA,NA,NA,20161581625
508,2016158,1800,2016,158,18,0,NA,NA,T,NA,NA,NA,NA,20161581800
509,2016158,1925,2016,158,19,25,NA,NA,A,NA,NA,NA,NA,20161581925
510,2016158,2105,2016,158,21,5,NA,NA,A,NA,NA,NA,NA,20161582105
511,2016159,1705,2016,159,17,5,NA,NA,T,NA,NA,NA,NA,20161591705
512,2016159,2005,2016,159,20,5,NA,NA,A,NA,NA,NA,NA,20161592005
513,2016159,2010,2016,159,20,10,NA,NA,A,NA,NA,NA,NA,20161592010
514,2016160,1610,2016,160,16,10,NA,NA,T,NA,NA,NA,NA,20161601610
515,2016160,1750,2016,160,17,50,NA,NA,T,NA,NA,NA,NA,20161601750
516,2016160,1910,2016,160,19,10,NA,NA,A,NA,NA,NA,NA,20161601910
517,2016160,1915,2016,160,19,15,NA,NA,A,NA,NA,NA,NA,20161601915
518,2016160,2055,2016,160,20,55,NA,NA,A,NA,NA,NA,NA,20161602055
519,2016161,1655,2016,161,16,55,NA,NA,T,NA,NA,NA,NA,20161611655
520,2016161,1830,2016,161,18,30,NA,NA,T,NA,NA,NA,NA,20161611830
521,2016161,2000,2016,161,20,0,NA,NA,A,NA,NA,NA,NA,20161612000
522,2016162,1600,2016,162,16,0,NA,NA,T,NA,NA,NA,NA,20161621600
523,2016162,1735,2016,162,17,35,NA,NA,T,NA,NA,NA,NA,20161621735
524,2016162,2035,2016,162,20,35,NA,NA,A,NA,NA,NA,NA,20161622035
525,2016162,2040,2016,162,20,40,NA,NA,A,NA,NA,NA,NA,20161622040
526,2016163,1640,2016,163,16,40,NA,NA,T,NA,NA,NA,NA,20161631640
527,2016163,1820,2016,163,18,20,NA,NA,T,NA,NA,NA,NA,20161631820
528,2016163,1940,2016,163,19,40,NA,NA,A,NA,NA,NA,NA,20161631940
529,2016163,1945,2016,163,19,45,NA,NA,A,NA,NA,NA,NA,20161631945
530,2016164,1725,2016,164,17,25,NA,NA,T,NA,NA,NA,NA,20161641725
531,2016164,2025,2016,164,20,25,NA,NA,A,NA,NA,NA,NA,20161642025
532,2016164,2030,2016,164,20,30,NA,NA,A,NA,NA,NA,NA,20161642030
533,2016165,1630,2016,165,16,30,NA,NA,T,NA,NA,NA,NA,20161651630
534,2016165,1805,2016,165,18,5,NA,NA,T,NA,NA,NA,NA,20161651805
535,2016165,1935,2016,165,19,35,NA,NA,A,NA,NA,NA,NA,20161651935
536,2016165,2110,2016,165,21,10,NA,NA,A,NA,NA,NA,NA,20161652110
537,2016166,1710,2016,166,17,10,NA,NA,T,NA,NA,NA,NA,20161661710
538,2016166,2015,2016,166,20,15,NA,NA,A,NA,NA,NA,NA,20161662015
539,2016167,1615,2016,167,16,15,NA,NA,T,NA,NA,NA,NA,20161671615
540,2016167,1755,2016,167,17,55,NA,NA,T,NA,NA,NA,NA,20161671755
541,2016167,2055,2016,167,20,55,NA,NA,A,NA,NA,NA,NA,20161672055
542,2016167,2100,2016,167,21,0,NA,NA,A,NA,NA,NA,NA,20161672100
543,2016168,1700,2016,168,17,0,NA,NA,T,NA,NA,NA,NA,20161681700
544,2016168,2000,2016,168,20,0,NA,NA,A,NA,NA,NA,NA,20161682000
545,2016168,2005,2016,168,20,5,NA,NA,A,NA,NA,NA,NA,20161682005
546,2016169,1605,2016,169,16,5,NA,NA,T,NA,NA,NA,NA,20161691605
547,2016169,1745,2016,169,17,45,NA,NA,T,NA,NA,NA,NA,20161691745
548,2016169,1910,2016,169,19,10,NA,NA,A,NA,NA,NA,NA,20161691910
549,2016169,2045,2016,169,20,45,NA,NA,A,NA,NA,NA,NA,20161692045
550,2016170,1650,2016,170,16,50,NA,NA,T,NA,NA,NA,NA,20161701650
551,2016170,1825,2016,170,18,25,NA,NA,T,NA,NA,NA,NA,20161701825
552,2016170,1950,2016,170,19,50,NA,NA,A,NA,NA,NA,NA,20161701950
553,2016171,1730,2016,171,17,30,NA,NA,T,NA,NA,NA,NA,20161711730
554,2016171,2030,2016,171,20,30,NA,NA,A,NA,NA,NA,NA,20161712030
555,2016171,2035,2016,171,20,35,NA,NA,A,NA,NA,NA,NA,20161712035
556,2016172,1635,2016,172,16,35,NA,NA,T,NA,NA,NA,NA,20161721635
557,2016172,1810,2016,172,18,10,NA,NA,T,NA,NA,NA,NA,20161721810
558,2016172,1935,2016,172,19,35,NA,NA,A,NA,NA,NA,NA,20161721935
559,2016172,1940,2016,172,19,40,NA,NA,A,NA,NA,NA,NA,20161721940
560,2016173,1720,2016,173,17,20,NA,NA,T,NA,NA,NA,NA,20161731720
561,2016173,2020,2016,173,20,20,NA,NA,A,NA,NA,NA,NA,20161732020
562,2016174,1625,2016,174,16,25,NA,NA,T,NA,NA,NA,NA,20161741625
563,2016174,1800,2016,174,18,0,NA,NA,T,NA,NA,NA,NA,20161741800
564,2016174,1925,2016,174,19,25,NA,NA,A,NA,NA,NA,NA,20161741925
565,2016174,2105,2016,174,21,5,NA,NA,A,NA,NA,NA,NA,20161742105
566,2016175,1705,2016,175,17,5,NA,NA,T,NA,NA,NA,NA,20161751705
567,2016175,2005,2016,175,20,5,NA,NA,A,NA,NA,NA,NA,20161752005
568,2016175,2010,2016,175,20,10,NA,NA,A,NA,NA,NA,NA,20161752010
569,2016176,1610,2016,176,16,10,NA,NA,T,NA,NA,NA,NA,20161761610
570,2016176,1750,2016,176,17,50,NA,NA,T,NA,NA,NA,NA,20161761750
571,2016176,1910,2016,176,19,10,NA,NA,A,NA,NA,NA,NA,20161761910
572,2016176,1915,2016,176,19,15,NA,NA,A,NA,NA,NA,NA,20161761915
573,2016176,2055,2016,176,20,55,NA,NA,A,NA,NA,NA,NA,20161762055
574,2016177,1655,2016,177,16,55,NA,NA,T,NA,NA,NA,NA,20161771655
575,2016177,1830,2016,177,18,30,NA,NA,T,NA,NA,NA,NA,20161771830
576,2016177,2000,2016,177,20,0,NA,NA,A,NA,NA,NA,NA,20161772000
577,2016178,1600,2016,178,16,0,NA,NA,T,NA,NA,NA,NA,20161781600
578,2016178,1735,2016,178,17,35,NA,NA,T,NA,NA,NA,NA,20161781735
579,2016178,2035,2016,178,20,35,NA,NA,A,NA,NA,NA,NA,20161782035
580,2016178,2040,2016,178,20,40,NA,NA,A,NA,NA,NA,NA,20161782040
581,2016179,1640,2016,179,16,40,NA,NA,T,NA,NA,NA,NA,20161791640
582,2016179,1820,2016,179,18,20,NA,NA,T,NA,NA,NA,NA,20161791820
583,2016179,1940,2016,179,19,40,NA,NA,A,NA,NA,NA,NA,20161791940
584,2016179,1945,2016,179,19,45,NA,NA,A,NA,NA,NA,NA,20161791945
585,2016180,1725,2016,180,17,25,NA,NA,T,NA,NA,NA,NA,20161801725
586,2016180,2025,2016,180,20,25,NA,NA,A,NA,NA,NA,NA,20161802025
587,2016180,2030,2016,180,20,30,NA,NA,A,NA,NA,NA,NA,20161802030
588,2016181,1630,2016,181,16,30,NA,NA,T,NA,NA,NA,NA,20161811630
589,2016181,1805,2016,181,18,5,NA,NA,T,NA,NA,NA,NA,20161811805
590,2016181,1935,2016,181,19,35,NA,NA,A,NA,NA,NA,NA,20161811935
591,2016181,2110,2016,181,21,10,NA,NA,A,NA,NA,NA,NA,20161812110
592,2016182,1710,2016,182,17,10,NA,NA,T,NA,NA,NA,NA,20161821710
593,2016182,2015,2016,182,20,15,NA,NA,A,NA,NA,NA,NA,20161822015
594,2016183,1615,2016,183,16,15,NA,NA,T,NA,NA,NA,NA,20161831615
595,2016183,1755,2016,183,17,55,NA,NA,T,NA,NA,NA,NA,20161831755
596,2016183,1915,2016,183,19,15,NA,NA,A,NA,NA,NA,NA,20161831915
597,2016183,2055,2016,183,20,55,NA,NA,A,NA,NA,NA,NA,20161832055
598,2016183,2100,2016,183,21,0,NA,NA,A,NA,NA,NA,NA,20161832100
599,2016184,1700,2016,184,17,0,NA,NA,T,NA,NA,NA,NA,20161841700
600,2016184,2000,2016,184,20,0,NA,NA,A,NA,NA,NA,NA,20161842000
601,2016184,2005,2016,184,20,5,NA,NA,A,NA,NA,NA,NA,20161842005
602,2016185,1605,2016,185,16,5,NA,NA,T,NA,NA,NA,NA,20161851605
603,2016185,1745,2016,185,17,45,NA,NA,T,NA,NA,NA,NA,20161851745
604,2016185,1910,2016,185,19,10,NA,NA,A,NA,NA,NA,NA,20161851910
605,2016185,2045,2016,185,20,45,NA,NA,A,NA,NA,NA,NA,20161852045
606,2016186,1650,2016,186,16,50,NA,NA,T,NA,NA,NA,NA,20161861650
607,2016186,1825,2016,186,18,25,NA,NA,T,NA,NA,NA,NA,20161861825
608,2016186,1950,2016,186,19,50,NA,NA,A,NA,NA,NA,NA,20161861950
609,2016187,1730,2016,187,17,30,19.3375,-99.18296359,T,0.06725,0.05025,0.1106,0,20161871730
610,2016187,2030,2016,187,20,30,NA,NA,A,NA,NA,NA,NA,20161872030
611,2016187,2035,2016,187,20,35,NA,NA,A,NA,NA,NA,NA,20161872035
612,2016188,1635,2016,188,16,35,NA,NA,T,NA,NA,NA,NA,20161881635
613,2016188,1810,2016,188,18,10,NA,NA,T,NA,NA,NA,NA,20161881810
614,2016188,1935,2016,188,19,35,NA,NA,A,NA,NA,NA,NA,20161881935
615,2016188,1940,2016,188,19,40,NA,NA,A,NA,NA,NA,NA,20161881940
616,2016189,1720,2016,189,17,20,19.3375,-99.17413201,T,0.245,0.183,0.1472,0,20161891720
617,2016189,2020,2016,189,20,20,NA,NA,A,NA,NA,NA,NA,20161892020
618,2016190,1625,2016,190,16,25,NA,NA,T,NA,NA,NA,NA,20161901625
619,2016190,1800,2016,190,18,0,19.3375,-99.18296359,T,0.38775,0.28975,0.0193,0,20161901800
620,2016190,1925,2016,190,19,25,NA,NA,A,NA,NA,NA,NA,20161901925
621,2016190,2105,2016,190,21,5,NA,NA,A,NA,NA,NA,NA,20161902105
622,2016191,1705,2016,191,17,5,NA,NA,T,NA,NA,NA,NA,20161911705
623,2016191,2005,2016,191,20,5,NA,NA,A,NA,NA,NA,NA,20161912005
624,2016191,2010,2016,191,20,10,NA,NA,A,NA,NA,NA,NA,20161912010
625,2016192,1610,2016,192,16,10,NA,NA,T,NA,NA,NA,NA,20161921610
626,2016192,1750,2016,192,17,50,NA,NA,T,NA,NA,NA,NA,20161921750
627,2016192,1910,2016,192,19,10,NA,NA,A,NA,NA,NA,NA,20161921910
628,2016192,1915,2016,192,19,15,NA,NA,A,NA,NA,NA,NA,20161921915
629,2016192,2055,2016,192,20,55,NA,NA,A,NA,NA,NA,NA,20161922055
630,2016193,1655,2016,193,16,55,NA,NA,T,NA,NA,NA,NA,20161931655
631,2016193,1830,2016,193,18,30,NA,NA,T,NA,NA,NA,NA,20161931830
632,2016193,1955,2016,193,19,55,NA,NA,A,NA,NA,NA,NA,20161931955
633,2016194,1600,2016,194,16,0,NA,NA,T,NA,NA,NA,NA,20161941600
634,2016194,1735,2016,194,17,35,NA,NA,T,NA,NA,NA,NA,20161941735
635,2016194,2035,2016,194,20,35,NA,NA,A,NA,NA,NA,NA,20161942035
636,2016194,2040,2016,194,20,40,NA,NA,A,NA,NA,NA,NA,20161942040
637,2016195,1640,2016,195,16,40,NA,NA,T,NA,NA,NA,NA,20161951640
638,2016195,1820,2016,195,18,20,NA,NA,T,NA,NA,NA,NA,20161951820
639,2016195,1940,2016,195,19,40,NA,NA,A,NA,NA,NA,NA,20161951940
640,2016195,1945,2016,195,19,45,NA,NA,A,NA,NA,NA,NA,20161951945
641,2016196,1725,2016,196,17,25,NA,NA,T,NA,NA,NA,NA,20161961725
642,2016196,2030,2016,196,20,30,NA,NA,A,NA,NA,NA,NA,20161962030
643,2016197,1630,2016,197,16,30,NA,NA,T,NA,NA,NA,NA,20161971630
644,2016197,1805,2016,197,18,5,NA,NA,T,NA,NA,NA,NA,20161971805
645,2016197,1935,2016,197,19,35,NA,NA,A,NA,NA,NA,NA,20161971935
646,2016197,2110,2016,197,21,10,NA,NA,A,NA,NA,NA,NA,20161972110
647,2016198,1710,2016,198,17,10,NA,NA,T,NA,NA,NA,NA,20161981710
648,2016198,2010,2016,198,20,10,NA,NA,A,NA,NA,NA,NA,20161982010
649,2016198,2015,2016,198,20,15,NA,NA,A,NA,NA,NA,NA,20161982015
650,2016199,1615,2016,199,16,15,NA,NA,T,NA,NA,NA,NA,20161991615
651,2016199,1755,2016,199,17,55,NA,NA,T,NA,NA,NA,NA,20161991755
652,2016199,1915,2016,199,19,15,NA,NA,A,NA,NA,NA,NA,20161991915
653,2016199,2055,2016,199,20,55,NA,NA,A,NA,NA,NA,NA,20161992055
654,2016199,2100,2016,199,21,0,NA,NA,A,NA,NA,NA,NA,20161992100
655,2016200,1700,2016,200,17,0,NA,NA,T,NA,NA,NA,NA,20162001700
656,2016200,2000,2016,200,20,0,NA,NA,A,NA,NA,NA,NA,20162002000
657,2016200,2005,2016,200,20,5,NA,NA,A,NA,NA,NA,NA,20162002005
658,2016201,1605,2016,201,16,5,NA,NA,T,NA,NA,NA,NA,20162011605
659,2016201,1745,2016,201,17,45,NA,NA,T,NA,NA,NA,NA,20162011745
660,2016201,1910,2016,201,19,10,NA,NA,A,NA,NA,NA,NA,20162011910
661,2016201,2045,2016,201,20,45,NA,NA,A,NA,NA,NA,NA,20162012045
662,2016202,1650,2016,202,16,50,NA,NA,T,NA,NA,NA,NA,20162021650
663,2016202,1825,2016,202,18,25,NA,NA,T,NA,NA,NA,NA,20162021825
664,2016202,1950,2016,202,19,50,NA,NA,A,NA,NA,NA,NA,20162021950
665,2016203,1730,2016,203,17,30,NA,NA,T,NA,NA,NA,NA,20162031730
666,2016203,2030,2016,203,20,30,NA,NA,A,NA,NA,NA,NA,20162032030
667,2016203,2035,2016,203,20,35,NA,NA,A,NA,NA,NA,NA,20162032035
668,2016204,1635,2016,204,16,35,NA,NA,T,NA,NA,NA,NA,20162041635
669,2016204,1810,2016,204,18,10,NA,NA,T,NA,NA,NA,NA,20162041810
670,2016204,1935,2016,204,19,35,NA,NA,A,NA,NA,NA,NA,20162041935
671,2016204,1940,2016,204,19,40,NA,NA,A,NA,NA,NA,NA,20162041940
672,2016205,1720,2016,205,17,20,NA,NA,T,NA,NA,NA,NA,20162051720
673,2016205,2020,2016,205,20,20,NA,NA,A,NA,NA,NA,NA,20162052020
674,2016206,1625,2016,206,16,25,NA,NA,T,NA,NA,NA,NA,20162061625
675,2016206,1800,2016,206,18,0,NA,NA,T,NA,NA,NA,NA,20162061800
676,2016206,1925,2016,206,19,25,NA,NA,A,NA,NA,NA,NA,20162061925
677,2016206,2105,2016,206,21,5,NA,NA,A,NA,NA,NA,NA,20162062105
678,2016207,1705,2016,207,17,5,NA,NA,T,NA,NA,NA,NA,20162071705
679,2016207,2005,2016,207,20,5,NA,NA,A,NA,NA,NA,NA,20162072005
680,2016207,2010,2016,207,20,10,NA,NA,A,NA,NA,NA,NA,20162072010
681,2016208,1610,2016,208,16,10,NA,NA,T,NA,NA,NA,NA,20162081610
682,2016208,1750,2016,208,17,50,NA,NA,T,NA,NA,NA,NA,20162081750
683,2016208,1910,2016,208,19,10,NA,NA,A,NA,NA,NA,NA,20162081910
684,2016208,1915,2016,208,19,15,NA,NA,A,NA,NA,NA,NA,20162081915
685,2016208,2050,2016,208,20,50,NA,NA,A,NA,NA,NA,NA,20162082050
686,2016209,1655,2016,209,16,55,NA,NA,T,NA,NA,NA,NA,20162091655
687,2016209,1830,2016,209,18,30,NA,NA,T,NA,NA,NA,NA,20162091830
688,2016209,1955,2016,209,19,55,NA,NA,A,NA,NA,NA,NA,20162091955
689,2016210,1600,2016,210,16,0,NA,NA,T,NA,NA,NA,NA,20162101600
690,2016210,1735,2016,210,17,35,NA,NA,T,NA,NA,NA,NA,20162101735
691,2016210,2035,2016,210,20,35,NA,NA,A,NA,NA,NA,NA,20162102035
692,2016210,2040,2016,210,20,40,NA,NA,A,NA,NA,NA,NA,20162102040
693,2016211,1640,2016,211,16,40,19.3375,-99.18296359,T,0.273,0.204,0.0281,0,20162111640
694,2016211,1820,2016,211,18,20,NA,NA,T,NA,NA,NA,NA,20162111820
695,2016211,1940,2016,211,19,40,NA,NA,A,NA,NA,NA,NA,20162111940
696,2016211,1945,2016,211,19,45,NA,NA,A,NA,NA,NA,NA,20162111945
697,2016212,1725,2016,212,17,25,NA,NA,T,NA,NA,NA,NA,20162121725
698,2016212,2030,2016,212,20,30,NA,NA,A,NA,NA,NA,NA,20162122030
699,2016213,1630,2016,213,16,30,NA,NA,T,NA,NA,NA,NA,20162131630
700,2016213,1805,2016,213,18,5,NA,NA,T,NA,NA,NA,NA,20162131805
701,2016213,1935,2016,213,19,35,NA,NA,A,NA,NA,NA,NA,20162131935
702,2016213,2110,2016,213,21,10,NA,NA,A,NA,NA,NA,NA,20162132110
703,2016214,1710,2016,214,17,10,NA,NA,T,NA,NA,NA,NA,20162141710
704,2016214,2010,2016,214,20,10,NA,NA,A,NA,NA,NA,NA,20162142010
705,2016214,2015,2016,214,20,15,NA,NA,A,NA,NA,NA,NA,20162142015
706,2016215,1615,2016,215,16,15,NA,NA,T,NA,NA,NA,NA,20162151615
707,2016215,1755,2016,215,17,55,NA,NA,T,NA,NA,NA,NA,20162151755
708,2016215,1915,2016,215,19,15,NA,NA,A,NA,NA,NA,NA,20162151915
709,2016215,2055,2016,215,20,55,NA,NA,A,NA,NA,NA,NA,20162152055
710,2016215,2100,2016,215,21,0,NA,NA,A,NA,NA,NA,NA,20162152100
711,2016216,1700,2016,216,17,0,NA,NA,T,NA,NA,NA,NA,20162161700
712,2016216,2000,2016,216,20,0,NA,NA,A,NA,NA,NA,NA,20162162000
713,2016216,2005,2016,216,20,5,NA,NA,A,NA,NA,NA,NA,20162162005
714,2016217,1605,2016,217,16,5,NA,NA,T,NA,NA,NA,NA,20162171605
715,2016217,1745,2016,217,17,45,19.3375,-99.18296359,T,0.04425,0.033,0.0332,0,20162171745
716,2016217,1910,2016,217,19,10,NA,NA,A,NA,NA,NA,NA,20162171910
717,2016217,2045,2016,217,20,45,NA,NA,A,NA,NA,NA,NA,20162172045
718,2016218,1650,2016,218,16,50,NA,NA,T,NA,NA,NA,NA,20162181650
719,2016218,1825,2016,218,18,25,NA,NA,T,NA,NA,NA,NA,20162181825
720,2016218,1950,2016,218,19,50,NA,NA,A,NA,NA,NA,NA,20162181950
721,2016219,1730,2016,219,17,30,NA,NA,T,NA,NA,NA,NA,20162191730
722,2016219,2030,2016,219,20,30,NA,NA,A,NA,NA,NA,NA,20162192030
723,2016219,2035,2016,219,20,35,NA,NA,A,NA,NA,NA,NA,20162192035
724,2016220,1635,2016,220,16,35,NA,NA,T,NA,NA,NA,NA,20162201635
725,2016220,1810,2016,220,18,10,NA,NA,T,NA,NA,NA,NA,20162201810
726,2016220,1935,2016,220,19,35,NA,NA,A,NA,NA,NA,NA,20162201935
727,2016220,1940,2016,220,19,40,NA,NA,A,NA,NA,NA,NA,20162201940
728,2016221,1720,2016,221,17,20,NA,NA,T,NA,NA,NA,NA,20162211720
729,2016221,2020,2016,221,20,20,NA,NA,A,NA,NA,NA,NA,20162212020
730,2016222,1625,2016,222,16,25,NA,NA,T,NA,NA,NA,NA,20162221625
731,2016222,1800,2016,222,18,0,NA,NA,T,NA,NA,NA,NA,20162221800
732,2016222,1925,2016,222,19,25,NA,NA,A,NA,NA,NA,NA,20162221925
733,2016222,2105,2016,222,21,5,NA,NA,A,NA,NA,NA,NA,20162222105
734,2016223,1705,2016,223,17,5,NA,NA,T,NA,NA,NA,NA,20162231705
735,2016223,2005,2016,223,20,5,NA,NA,A,NA,NA,NA,NA,20162232005
736,2016223,2010,2016,223,20,10,NA,NA,A,NA,NA,NA,NA,20162232010
737,2016224,1610,2016,224,16,10,NA,NA,T,NA,NA,NA,NA,20162241610
738,2016224,1750,2016,224,17,50,19.3375,-99.18296359,T,0.465,0.34733,0.0248,0,20162241750
739,2016224,1910,2016,224,19,10,NA,NA,A,NA,NA,NA,NA,20162241910
740,2016224,1915,2016,224,19,15,NA,NA,A,NA,NA,NA,NA,20162241915
741,2016224,2050,2016,224,20,50,NA,NA,A,NA,NA,NA,NA,20162242050
742,2016225,1655,2016,225,16,55,NA,NA,T,NA,NA,NA,NA,20162251655
743,2016225,1830,2016,225,18,30,NA,NA,T,NA,NA,NA,NA,20162251830
744,2016225,1955,2016,225,19,55,NA,NA,A,NA,NA,NA,NA,20162251955
745,2016226,1600,2016,226,16,0,NA,NA,T,NA,NA,NA,NA,20162261600
746,2016226,1735,2016,226,17,35,NA,NA,T,NA,NA,NA,NA,20162261735
747,2016226,2035,2016,226,20,35,NA,NA,A,NA,NA,NA,NA,20162262035
748,2016226,2040,2016,226,20,40,NA,NA,A,NA,NA,NA,NA,20162262040
749,2016227,1640,2016,227,16,40,NA,NA,T,NA,NA,NA,NA,20162271640
750,2016227,1820,2016,227,18,20,NA,NA,T,NA,NA,NA,NA,20162271820
751,2016227,1940,2016,227,19,40,NA,NA,A,NA,NA,NA,NA,20162271940
752,2016227,1945,2016,227,19,45,NA,NA,A,NA,NA,NA,NA,20162271945
753,2016228,1725,2016,228,17,25,19.32916666,-99.17790253,T,0.217,0.162,0.1048,0,20162281725
754,2016228,2030,2016,228,20,30,NA,NA,A,NA,NA,NA,NA,20162282030
755,2016229,1630,2016,229,16,30,NA,NA,T,NA,NA,NA,NA,20162291630
756,2016229,1805,2016,229,18,5,NA,NA,T,NA,NA,NA,NA,20162291805
757,2016229,1935,2016,229,19,35,NA,NA,A,NA,NA,NA,NA,20162291935
758,2016229,2110,2016,229,21,10,NA,NA,A,NA,NA,NA,NA,20162292110
759,2016230,1710,2016,230,17,10,NA,NA,T,NA,NA,NA,NA,20162301710
760,2016230,2010,2016,230,20,10,NA,NA,A,NA,NA,NA,NA,20162302010
761,2016230,2015,2016,230,20,15,NA,NA,A,NA,NA,NA,NA,20162302015
762,2016231,1615,2016,231,16,15,NA,NA,T,NA,NA,NA,NA,20162311615
763,2016231,1755,2016,231,17,55,NA,NA,T,NA,NA,NA,NA,20162311755
764,2016231,1915,2016,231,19,15,NA,NA,A,NA,NA,NA,NA,20162311915
765,2016231,2055,2016,231,20,55,NA,NA,A,NA,NA,NA,NA,20162312055
766,2016231,2100,2016,231,21,0,NA,NA,A,NA,NA,NA,NA,20162312100
767,2016232,1700,2016,232,17,0,NA,NA,T,NA,NA,NA,NA,20162321700
768,2016232,2000,2016,232,20,0,NA,NA,A,NA,NA,NA,NA,20162322000
769,2016232,2005,2016,232,20,5,NA,NA,A,NA,NA,NA,NA,20162322005
770,2016233,1605,2016,233,16,5,NA,NA,T,NA,NA,NA,NA,20162331605
771,2016233,1745,2016,233,17,45,NA,NA,T,NA,NA,NA,NA,20162331745
772,2016233,1910,2016,233,19,10,NA,NA,A,NA,NA,NA,NA,20162331910
773,2016233,2045,2016,233,20,45,NA,NA,A,NA,NA,NA,NA,20162332045
774,2016234,1645,2016,234,16,45,19.3375,-99.18296359,T,0.51075,0.38175,0.0368,0,20162341645
775,2016234,1825,2016,234,18,25,NA,NA,T,NA,NA,NA,NA,20162341825
776,2016234,1950,2016,234,19,50,NA,NA,A,NA,NA,NA,NA,20162341950
777,2016235,1730,2016,235,17,30,NA,NA,T,NA,NA,NA,NA,20162351730
778,2016235,2030,2016,235,20,30,NA,NA,A,NA,NA,NA,NA,20162352030
779,2016235,2035,2016,235,20,35,NA,NA,A,NA,NA,NA,NA,20162352035
780,2016236,1635,2016,236,16,35,NA,NA,T,NA,NA,NA,NA,20162361635
781,2016236,1810,2016,236,18,10,NA,NA,T,NA,NA,NA,NA,20162361810
782,2016236,1935,2016,236,19,35,NA,NA,A,NA,NA,NA,NA,20162361935
783,2016236,1940,2016,236,19,40,NA,NA,A,NA,NA,NA,NA,20162361940
784,2016237,1720,2016,237,17,20,NA,NA,T,NA,NA,NA,NA,20162371720
785,2016237,2020,2016,237,20,20,NA,NA,A,NA,NA,NA,NA,20162372020
786,2016238,1625,2016,238,16,25,NA,NA,T,NA,NA,NA,NA,20162381625
787,2016238,1800,2016,238,18,0,NA,NA,T,NA,NA,NA,NA,20162381800
788,2016238,1925,2016,238,19,25,NA,NA,A,NA,NA,NA,NA,20162381925
789,2016238,2105,2016,238,21,5,NA,NA,A,NA,NA,NA,NA,20162382105
790,2016239,1705,2016,239,17,5,19.32916666,-99.18673365,T,0.355,0.2655,0.0455,0,20162391705
791,2016239,2005,2016,239,20,5,NA,NA,A,NA,NA,NA,NA,20162392005
792,2016239,2010,2016,239,20,10,NA,NA,A,NA,NA,NA,NA,20162392010
793,2016240,1610,2016,240,16,10,NA,NA,T,NA,NA,NA,NA,20162401610
794,2016240,1750,2016,240,17,50,NA,NA,T,NA,NA,NA,NA,20162401750
795,2016240,1910,2016,240,19,10,NA,NA,A,NA,NA,NA,NA,20162401910
796,2016240,1915,2016,240,19,15,NA,NA,A,NA,NA,NA,NA,20162401915
797,2016240,2050,2016,240,20,50,NA,NA,A,NA,NA,NA,NA,20162402050
798,2016241,1655,2016,241,16,55,NA,NA,T,NA,NA,NA,NA,20162411655
799,2016241,1830,2016,241,18,30,NA,NA,T,NA,NA,NA,NA,20162411830
800,2016241,1955,2016,241,19,55,NA,NA,A,NA,NA,NA,NA,20162411955
801,2016242,1600,2016,242,16,0,NA,NA,T,NA,NA,NA,NA,20162421600
802,2016242,1735,2016,242,17,35,NA,NA,T,NA,NA,NA,NA,20162421735
803,2016242,2035,2016,242,20,35,NA,NA,A,NA,NA,NA,NA,20162422035
804,2016242,2040,2016,242,20,40,NA,NA,A,NA,NA,NA,NA,20162422040
805,2016243,1640,2016,243,16,40,NA,NA,T,NA,NA,NA,NA,20162431640
806,2016243,1820,2016,243,18,20,NA,NA,T,NA,NA,NA,NA,20162431820
807,2016243,1940,2016,243,19,40,NA,NA,A,NA,NA,NA,NA,20162431940
808,2016243,1945,2016,243,19,45,NA,NA,A,NA,NA,NA,NA,20162431945
809,2016244,1725,2016,244,17,25,19.3375,-99.18296359,T,0.16933,0.126,0.1145,0,20162441725
810,2016244,2030,2016,244,20,30,19.3375,-99.18296359,A,0.491,0.367,0.0419,0,20162442030
811,2016245,1630,2016,245,16,30,NA,NA,T,NA,NA,NA,NA,20162451630
812,2016245,1805,2016,245,18,5,NA,NA,T,NA,NA,NA,NA,20162451805
813,2016245,1935,2016,245,19,35,NA,NA,A,NA,NA,NA,NA,20162451935
814,2016245,2110,2016,245,21,10,NA,NA,A,NA,NA,NA,NA,20162452110
815,2016246,1710,2016,246,17,10,NA,NA,T,NA,NA,NA,NA,20162461710
816,2016246,2010,2016,246,20,10,NA,NA,A,NA,NA,NA,NA,20162462010
817,2016246,2015,2016,246,20,15,NA,NA,A,NA,NA,NA,NA,20162462015
818,2016247,1615,2016,247,16,15,NA,NA,T,NA,NA,NA,NA,20162471615
819,2016247,1755,2016,247,17,55,NA,NA,T,NA,NA,NA,NA,20162471755
820,2016247,1915,2016,247,19,15,NA,NA,A,NA,NA,NA,NA,20162471915
821,2016247,2055,2016,247,20,55,NA,NA,A,NA,NA,NA,NA,20162472055
822,2016247,2100,2016,247,21,0,NA,NA,A,NA,NA,NA,NA,20162472100
823,2016248,1700,2016,248,17,0,NA,NA,T,NA,NA,NA,NA,20162481700
824,2016248,2000,2016,248,20,0,NA,NA,A,NA,NA,NA,NA,20162482000
825,2016248,2005,2016,248,20,5,NA,NA,A,NA,NA,NA,NA,20162482005
826,2016249,1605,2016,249,16,5,NA,NA,T,NA,NA,NA,NA,20162491605
827,2016249,1740,2016,249,17,40,NA,NA,T,NA,NA,NA,NA,20162491740
828,2016249,1910,2016,249,19,10,NA,NA,A,NA,NA,NA,NA,20162491910
829,2016249,2045,2016,249,20,45,NA,NA,A,NA,NA,NA,NA,20162492045
830,2016250,1645,2016,250,16,45,NA,NA,T,NA,NA,NA,NA,20162501645
831,2016250,1825,2016,250,18,25,NA,NA,T,NA,NA,NA,NA,20162501825
832,2016250,1950,2016,250,19,50,NA,NA,A,NA,NA,NA,NA,20162501950
833,2016251,1730,2016,251,17,30,NA,NA,T,NA,NA,NA,NA,20162511730
834,2016251,2030,2016,251,20,30,NA,NA,A,NA,NA,NA,NA,20162512030
835,2016251,2035,2016,251,20,35,NA,NA,A,NA,NA,NA,NA,20162512035
836,2016252,1635,2016,252,16,35,19.3375,-99.18296359,T,0.3155,0.23525,0.0157,0,20162521635
837,2016252,1810,2016,252,18,10,NA,NA,T,NA,NA,NA,NA,20162521810
838,2016252,1935,2016,252,19,35,NA,NA,A,NA,NA,NA,NA,20162521935
839,2016252,1940,2016,252,19,40,NA,NA,A,NA,NA,NA,NA,20162521940
840,2016253,1720,2016,253,17,20,NA,NA,T,NA,NA,NA,NA,20162531720
841,2016253,2020,2016,253,20,20,NA,NA,A,NA,NA,NA,NA,20162532020
842,2016254,1620,2016,254,16,20,NA,NA,T,NA,NA,NA,NA,20162541620
843,2016254,1800,2016,254,18,0,19.3375,-99.18296359,T,0.31525,0.2355,0.0135,0,20162541800
844,2016254,1925,2016,254,19,25,NA,NA,A,NA,NA,NA,NA,20162541925
845,2016254,2105,2016,254,21,5,NA,NA,A,NA,NA,NA,NA,20162542105
846,2016255,1705,2016,255,17,5,NA,NA,T,NA,NA,NA,NA,20162551705
847,2016255,2005,2016,255,20,5,NA,NA,A,NA,NA,NA,NA,20162552005
848,2016255,2010,2016,255,20,10,NA,NA,A,NA,NA,NA,NA,20162552010
849,2016256,1610,2016,256,16,10,NA,NA,T,NA,NA,NA,NA,20162561610
850,2016256,1750,2016,256,17,50,NA,NA,T,NA,NA,NA,NA,20162561750
851,2016256,1910,2016,256,19,10,NA,NA,A,NA,NA,NA,NA,20162561910
852,2016256,1915,2016,256,19,15,NA,NA,A,NA,NA,NA,NA,20162561915
853,2016256,2050,2016,256,20,50,NA,NA,A,NA,NA,NA,NA,20162562050
854,2016257,1655,2016,257,16,55,NA,NA,T,NA,NA,NA,NA,20162571655
855,2016257,1830,2016,257,18,30,NA,NA,T,NA,NA,NA,NA,20162571830
856,2016257,1955,2016,257,19,55,NA,NA,A,NA,NA,NA,NA,20162571955
857,2016258,1600,2016,258,16,0,NA,NA,T,NA,NA,NA,NA,20162581600
858,2016258,1735,2016,258,17,35,19.3375,-99.18296359,T,0.32975,0.24625,0.0503,0,20162581735
859,2016258,2035,2016,258,20,35,NA,NA,A,NA,NA,NA,NA,20162582035
860,2016258,2040,2016,258,20,40,NA,NA,A,NA,NA,NA,NA,20162582040
861,2016259,1640,2016,259,16,40,NA,NA,T,NA,NA,NA,NA,20162591640
862,2016259,1815,2016,259,18,15,NA,NA,T,NA,NA,NA,NA,20162591815
863,2016259,1940,2016,259,19,40,NA,NA,A,NA,NA,NA,NA,20162591940
864,2016259,1945,2016,259,19,45,NA,NA,A,NA,NA,NA,NA,20162591945
865,2016260,1725,2016,260,17,25,NA,NA,T,NA,NA,NA,NA,20162601725
866,2016260,2030,2016,260,20,30,NA,NA,A,NA,NA,NA,NA,20162602030
867,2016261,1630,2016,261,16,30,NA,NA,T,NA,NA,NA,NA,20162611630
868,2016261,1805,2016,261,18,5,NA,NA,T,NA,NA,NA,NA,20162611805
869,2016261,1935,2016,261,19,35,NA,NA,A,NA,NA,NA,NA,20162611935
870,2016261,2110,2016,261,21,10,NA,NA,A,NA,NA,NA,NA,20162612110
871,2016262,1710,2016,262,17,10,NA,NA,T,NA,NA,NA,NA,20162621710
872,2016262,2010,2016,262,20,10,NA,NA,A,NA,NA,NA,NA,20162622010
873,2016262,2015,2016,262,20,15,NA,NA,A,NA,NA,NA,NA,20162622015
874,2016263,1615,2016,263,16,15,NA,NA,T,NA,NA,NA,NA,20162631615
875,2016263,1755,2016,263,17,55,NA,NA,T,NA,NA,NA,NA,20162631755
876,2016263,1915,2016,263,19,15,NA,NA,A,NA,NA,NA,NA,20162631915
877,2016263,2055,2016,263,20,55,NA,NA,A,NA,NA,NA,NA,20162632055
878,2016263,2100,2016,263,21,0,NA,NA,A,NA,NA,NA,NA,20162632100
879,2016264,1700,2016,264,17,0,NA,NA,T,NA,NA,NA,NA,20162641700
880,2016264,2000,2016,264,20,0,NA,NA,A,NA,NA,NA,NA,20162642000
881,2016264,2005,2016,264,20,5,NA,NA,A,NA,NA,NA,NA,20162642005
882,2016265,1605,2016,265,16,5,NA,NA,T,NA,NA,NA,NA,20162651605
883,2016265,1740,2016,265,17,40,NA,NA,T,NA,NA,NA,NA,20162651740
884,2016265,1910,2016,265,19,10,NA,NA,A,NA,NA,NA,NA,20162651910
885,2016265,2045,2016,265,20,45,NA,NA,A,NA,NA,NA,NA,20162652045
886,2016266,1645,2016,266,16,45,NA,NA,T,NA,NA,NA,NA,20162661645
887,2016266,1825,2016,266,18,25,NA,NA,T,NA,NA,NA,NA,20162661825
888,2016266,1950,2016,266,19,50,NA,NA,A,NA,NA,NA,NA,20162661950
889,2016267,1730,2016,267,17,30,NA,NA,T,NA,NA,NA,NA,20162671730
890,2016267,2030,2016,267,20,30,NA,NA,A,NA,NA,NA,NA,20162672030
891,2016267,2035,2016,267,20,35,NA,NA,A,NA,NA,NA,NA,20162672035
892,2016268,1635,2016,268,16,35,NA,NA,T,NA,NA,NA,NA,20162681635
893,2016268,1810,2016,268,18,10,NA,NA,T,NA,NA,NA,NA,20162681810
894,2016268,1935,2016,268,19,35,NA,NA,A,NA,NA,NA,NA,20162681935
895,2016268,1940,2016,268,19,40,NA,NA,A,NA,NA,NA,NA,20162681940
896,2016269,1720,2016,269,17,20,NA,NA,T,NA,NA,NA,NA,20162691720
897,2016269,2020,2016,269,20,20,NA,NA,A,NA,NA,NA,NA,20162692020
898,2016270,1620,2016,270,16,20,NA,NA,T,NA,NA,NA,NA,20162701620
899,2016270,1800,2016,270,18,0,NA,NA,T,NA,NA,NA,NA,20162701800
900,2016270,1925,2016,270,19,25,NA,NA,A,NA,NA,NA,NA,20162701925
901,2016270,2105,2016,270,21,5,NA,NA,A,NA,NA,NA,NA,20162702105
902,2016271,1705,2016,271,17,5,NA,NA,T,NA,NA,NA,NA,20162711705
903,2016271,2005,2016,271,20,5,NA,NA,A,NA,NA,NA,NA,20162712005
904,2016271,2010,2016,271,20,10,NA,NA,A,NA,NA,NA,NA,20162712010
905,2016272,1610,2016,272,16,10,NA,NA,T,NA,NA,NA,NA,20162721610
906,2016272,1750,2016,272,17,50,NA,NA,T,NA,NA,NA,NA,20162721750
907,2016272,1910,2016,272,19,10,NA,NA,A,NA,NA,NA,NA,20162721910
908,2016272,1915,2016,272,19,15,NA,NA,A,NA,NA,NA,NA,20162721915
909,2016272,2050,2016,272,20,50,NA,NA,A,NA,NA,NA,NA,20162722050
910,2016273,1655,2016,273,16,55,NA,NA,T,NA,NA,NA,NA,20162731655
911,2016273,1830,2016,273,18,30,NA,NA,T,NA,NA,NA,NA,20162731830
912,2016273,1955,2016,273,19,55,NA,NA,A,NA,NA,NA,NA,20162731955
913,2016274,1600,2016,274,16,0,NA,NA,T,NA,NA,NA,NA,20162741600
914,2016274,1735,2016,274,17,35,NA,NA,T,NA,NA,NA,NA,20162741735
915,2016274,2035,2016,274,20,35,NA,NA,A,NA,NA,NA,NA,20162742035
916,2016274,2040,2016,274,20,40,NA,NA,A,NA,NA,NA,NA,20162742040
917,2016275,1640,2016,275,16,40,NA,NA,T,NA,NA,NA,NA,20162751640
918,2016275,1815,2016,275,18,15,NA,NA,T,NA,NA,NA,NA,20162751815
919,2016275,1940,2016,275,19,40,NA,NA,A,NA,NA,NA,NA,20162751940
920,2016275,1945,2016,275,19,45,NA,NA,A,NA,NA,NA,NA,20162751945
921,2016276,1725,2016,276,17,25,19.3375,-99.17413201,T,0.263,0.196,0.0942,0,20162761725
922,2016276,2030,2016,276,20,30,NA,NA,A,NA,NA,NA,NA,20162762030
923,2016277,1630,2016,277,16,30,NA,NA,T,NA,NA,NA,NA,20162771630
924,2016277,1805,2016,277,18,5,NA,NA,T,NA,NA,NA,NA,20162771805
925,2016277,1935,2016,277,19,35,NA,NA,A,NA,NA,NA,NA,20162771935
926,2016277,2110,2016,277,21,10,NA,NA,A,NA,NA,NA,NA,20162772110
927,2016278,1710,2016,278,17,10,NA,NA,T,NA,NA,NA,NA,20162781710
928,2016278,2010,2016,278,20,10,NA,NA,A,NA,NA,NA,NA,20162782010
929,2016278,2015,2016,278,20,15,NA,NA,A,NA,NA,NA,NA,20162782015
930,2016279,1615,2016,279,16,15,NA,NA,T,NA,NA,NA,NA,20162791615
931,2016279,1755,2016,279,17,55,19.3375,-99.18296359,T,0.1825,0.136,0.0169,0,20162791755
932,2016279,1915,2016,279,19,15,NA,NA,A,NA,NA,NA,NA,20162791915
933,2016279,2055,2016,279,20,55,NA,NA,A,NA,NA,NA,NA,20162792055
934,2016279,2100,2016,279,21,0,NA,NA,A,NA,NA,NA,NA,20162792100
935,2016280,1700,2016,280,17,0,19.3375,-99.18296359,T,0.1955,0.146,0.0679,0,20162801700
936,2016280,2000,2016,280,20,0,NA,NA,A,NA,NA,NA,NA,20162802000
937,2016280,2005,2016,280,20,5,NA,NA,A,NA,NA,NA,NA,20162802005
938,2016281,1605,2016,281,16,5,NA,NA,T,NA,NA,NA,NA,20162811605
939,2016281,1740,2016,281,17,40,19.3375,-99.18296359,T,0.237,0.17667,0.0311,0,20162811740
940,2016281,1910,2016,281,19,10,NA,NA,A,NA,NA,NA,NA,20162811910
941,2016281,2045,2016,281,20,45,NA,NA,A,NA,NA,NA,NA,20162812045
942,2016282,1645,2016,282,16,45,NA,NA,T,NA,NA,NA,NA,20162821645
943,2016282,1825,2016,282,18,25,NA,NA,T,NA,NA,NA,NA,20162821825
944,2016282,1950,2016,282,19,50,NA,NA,A,NA,NA,NA,NA,20162821950
945,2016283,1730,2016,283,17,30,NA,NA,T,NA,NA,NA,NA,20162831730
946,2016283,2030,2016,283,20,30,NA,NA,A,NA,NA,NA,NA,20162832030
947,2016283,2035,2016,283,20,35,NA,NA,A,NA,NA,NA,NA,20162832035
948,2016284,1635,2016,284,16,35,NA,NA,T,NA,NA,NA,NA,20162841635
949,2016284,1810,2016,284,18,10,NA,NA,T,NA,NA,NA,NA,20162841810
950,2016284,1935,2016,284,19,35,NA,NA,A,NA,NA,NA,NA,20162841935
951,2016284,1940,2016,284,19,40,19.3375,-99.17413201,A,0.509,0.38,0.0368,0,20162841940
952,2016285,1720,2016,285,17,20,NA,NA,T,NA,NA,NA,NA,20162851720
953,2016285,2020,2016,285,20,20,NA,NA,A,NA,NA,NA,NA,20162852020
954,2016286,1620,2016,286,16,20,NA,NA,T,NA,NA,NA,NA,20162861620
955,2016286,1800,2016,286,18,0,19.3375,-99.18296359,T,0.281,0.2095,0.0126,0,20162861800
956,2016286,1925,2016,286,19,25,NA,NA,A,NA,NA,NA,NA,20162861925
957,2016286,2105,2016,286,21,5,NA,NA,A,NA,NA,NA,NA,20162862105
958,2016287,1705,2016,287,17,5,NA,NA,T,NA,NA,NA,NA,20162871705
959,2016287,2005,2016,287,20,5,NA,NA,A,NA,NA,NA,NA,20162872005
960,2016287,2010,2016,287,20,10,NA,NA,A,NA,NA,NA,NA,20162872010
961,2016288,1610,2016,288,16,10,NA,NA,T,NA,NA,NA,NA,20162881610
962,2016288,1750,2016,288,17,50,19.3375,-99.18296359,T,0.03,0.02225,0.0196,0,20162881750
963,2016288,1910,2016,288,19,10,NA,NA,A,NA,NA,NA,NA,20162881910
964,2016288,1915,2016,288,19,15,19.3375,-99.18296359,A,0.25675,0.19175,0.0093,0,20162881915
965,2016288,2050,2016,288,20,50,NA,NA,A,NA,NA,NA,NA,20162882050
966,2016289,1655,2016,289,16,55,19.3375,-99.18296359,T,0.452,0.33775,0.0394,0,20162891655
967,2016289,1830,2016,289,18,30,NA,NA,T,NA,NA,NA,NA,20162891830
968,2016289,1955,2016,289,19,55,NA,NA,A,NA,NA,NA,NA,20162891955
969,2016290,1600,2016,290,16,0,NA,NA,T,NA,NA,NA,NA,20162901600
970,2016290,1735,2016,290,17,35,NA,NA,T,NA,NA,NA,NA,20162901735
971,2016290,2035,2016,290,20,35,NA,NA,A,NA,NA,NA,NA,20162902035
972,2016290,2040,2016,290,20,40,NA,NA,A,NA,NA,NA,NA,20162902040
973,2016291,1640,2016,291,16,40,19.3375,-99.18296359,T,0.45575,0.34025,0.0261,0,20162911640
974,2016291,1815,2016,291,18,15,NA,NA,T,NA,NA,NA,NA,20162911815
975,2016291,1940,2016,291,19,40,NA,NA,A,NA,NA,NA,NA,20162911940
976,2016291,1945,2016,291,19,45,NA,NA,A,NA,NA,NA,NA,20162911945
977,2016292,1725,2016,292,17,25,19.3375,-99.17413201,T,0.347,0.259,0.0792,0,20162921725
978,2016292,2030,2016,292,20,30,NA,NA,A,NA,NA,NA,NA,20162922030
979,2016293,1630,2016,293,16,30,NA,NA,T,NA,NA,NA,NA,20162931630
980,2016293,1805,2016,293,18,5,NA,NA,T,NA,NA,NA,NA,20162931805
981,2016293,1935,2016,293,19,35,19.3375,-99.18296359,A,0.31575,0.23575,0.0181,0,20162931935
982,2016293,2110,2016,293,21,10,NA,NA,A,NA,NA,NA,NA,20162932110
983,2016294,1710,2016,294,17,10,NA,NA,T,NA,NA,NA,NA,20162941710
984,2016294,2010,2016,294,20,10,NA,NA,A,NA,NA,NA,NA,20162942010
985,2016294,2015,2016,294,20,15,19.3375,-99.18296359,A,0.25075,0.18775,0.0527,0,20162942015
986,2016295,1615,2016,295,16,15,NA,NA,T,NA,NA,NA,NA,20162951615
987,2016295,1755,2016,295,17,55,NA,NA,T,NA,NA,NA,NA,20162951755
988,2016295,1915,2016,295,19,15,NA,NA,A,NA,NA,NA,NA,20162951915
989,2016295,2055,2016,295,20,55,NA,NA,A,NA,NA,NA,NA,20162952055
990,2016295,2100,2016,295,21,0,NA,NA,A,NA,NA,NA,NA,20162952100
991,2016296,1700,2016,296,17,0,NA,NA,T,NA,NA,NA,NA,20162961700
992,2016296,2000,2016,296,20,0,NA,NA,A,NA,NA,NA,NA,20162962000
993,2016296,2005,2016,296,20,5,NA,NA,A,NA,NA,NA,NA,20162962005
994,2016297,1605,2016,297,16,5,NA,NA,T,NA,NA,NA,NA,20162971605
995,2016297,1740,2016,297,17,40,NA,NA,T,NA,NA,NA,NA,20162971740
996,2016297,1910,2016,297,19,10,NA,NA,A,NA,NA,NA,NA,20162971910
997,2016297,2045,2016,297,20,45,NA,NA,A,NA,NA,NA,NA,20162972045
998,2016298,1645,2016,298,16,45,NA,NA,T,NA,NA,NA,NA,20162981645
999,2016298,1825,2016,298,18,25,NA,NA,T,NA,NA,NA,NA,20162981825
1000,2016298,1950,2016,298,19,50,NA,NA,A,NA,NA,NA,NA,20162981950
1001,2016299,1730,2016,299,17,30,NA,NA,T,NA,NA,NA,NA,20162991730
1002,2016299,2030,2016,299,20,30,NA,NA,A,NA,NA,NA,NA,20162992030
1003,2016299,2035,2016,299,20,35,NA,NA,A,NA,NA,NA,NA,20162992035
1004,2016300,1635,2016,300,16,35,19.3375,-99.18296359,T,0.25125,0.1875,0.02,0,20163001635
1005,2016300,1810,2016,300,18,10,NA,NA,T,NA,NA,NA,NA,20163001810
1006,2016300,1935,2016,300,19,35,NA,NA,A,NA,NA,NA,NA,20163001935
1007,2016300,1940,2016,300,19,40,NA,NA,A,NA,NA,NA,NA,20163001940
1008,2016301,1720,2016,301,17,20,NA,NA,T,NA,NA,NA,NA,20163011720
1009,2016301,2020,2016,301,20,20,NA,NA,A,NA,NA,NA,NA,20163012020
1010,2016302,1620,2016,302,16,20,NA,NA,T,NA,NA,NA,NA,20163021620
1011,2016302,1800,2016,302,18,0,NA,NA,T,NA,NA,NA,NA,20163021800
1012,2016302,1925,2016,302,19,25,NA,NA,A,NA,NA,NA,NA,20163021925
1013,2016302,2105,2016,302,21,5,NA,NA,A,NA,NA,NA,NA,20163022105
1014,2016303,1705,2016,303,17,5,19.3375,-99.18296359,T,0.126,0.094,0.0575,0,20163031705
1015,2016303,2005,2016,303,20,5,NA,NA,A,NA,NA,NA,NA,20163032005
1016,2016303,2010,2016,303,20,10,NA,NA,A,NA,NA,NA,NA,20163032010
1017,2016304,1610,2016,304,16,10,NA,NA,T,NA,NA,NA,NA,20163041610
1018,2016304,1750,2016,304,17,50,NA,NA,T,NA,NA,NA,NA,20163041750
1019,2016304,1910,2016,304,19,10,NA,NA,A,NA,NA,NA,NA,20163041910
1020,2016304,1915,2016,304,19,15,NA,NA,A,NA,NA,NA,NA,20163041915
1021,2016304,2050,2016,304,20,50,NA,NA,A,NA,NA,NA,NA,20163042050
1022,2016305,1655,2016,305,16,55,NA,NA,T,NA,NA,NA,NA,20163051655
1023,2016305,1830,2016,305,18,30,NA,NA,T,NA,NA,NA,NA,20163051830
1024,2016305,1955,2016,305,19,55,NA,NA,A,NA,NA,NA,NA,20163051955
1025,2016306,1600,2016,306,16,0,NA,NA,T,NA,NA,NA,NA,20163061600
1026,2016306,1735,2016,306,17,35,19.3375,-99.18296359,T,0.14975,0.11175,0.0309,0,20163061735
1027,2016306,2035,2016,306,20,35,NA,NA,A,NA,NA,NA,NA,20163062035
1028,2016306,2040,2016,306,20,40,NA,NA,A,NA,NA,NA,NA,20163062040
1029,2016307,1640,2016,307,16,40,19.3375,-99.18296359,T,0.2375,0.17725,0.0263,0,20163071640
1030,2016307,1815,2016,307,18,15,NA,NA,T,NA,NA,NA,NA,20163071815
1031,2016307,1940,2016,307,19,40,NA,NA,A,NA,NA,NA,NA,20163071940
1032,2016307,1945,2016,307,19,45,NA,NA,A,NA,NA,NA,NA,20163071945
1033,2016308,1725,2016,308,17,25,NA,NA,T,NA,NA,NA,NA,20163081725
1034,2016308,2030,2016,308,20,30,NA,NA,A,NA,NA,NA,NA,20163082030
1035,2016309,1630,2016,309,16,30,NA,NA,T,NA,NA,NA,NA,20163091630
1036,2016309,1805,2016,309,18,5,NA,NA,T,NA,NA,NA,NA,20163091805
1037,2016309,1935,2016,309,19,35,NA,NA,A,NA,NA,NA,NA,20163091935
1038,2016309,2110,2016,309,21,10,NA,NA,A,NA,NA,NA,NA,20163092110
1039,2016310,1710,2016,310,17,10,NA,NA,T,NA,NA,NA,NA,20163101710
1040,2016310,2010,2016,310,20,10,NA,NA,A,NA,NA,NA,NA,20163102010
1041,2016310,2015,2016,310,20,15,NA,NA,A,NA,NA,NA,NA,20163102015
1042,2016311,1615,2016,311,16,15,NA,NA,T,NA,NA,NA,NA,20163111615
1043,2016311,1755,2016,311,17,55,19.3375,-99.18296359,T,0.44,0.32875,0.0126,0,20163111755
1044,2016311,1915,2016,311,19,15,NA,NA,A,NA,NA,NA,NA,20163111915
1045,2016311,2055,2016,311,20,55,NA,NA,A,NA,NA,NA,NA,20163112055
1046,2016311,2100,2016,311,21,0,NA,NA,A,NA,NA,NA,NA,20163112100
1047,2016312,1700,2016,312,17,0,19.3375,-99.18296359,T,0.15375,0.11475,0.0538,0,20163121700
1048,2016312,2000,2016,312,20,0,NA,NA,A,NA,NA,NA,NA,20163122000
1049,2016312,2005,2016,312,20,5,NA,NA,A,NA,NA,NA,NA,20163122005
1050,2016313,1605,2016,313,16,5,NA,NA,T,NA,NA,NA,NA,20163131605
1051,2016313,1740,2016,313,17,40,NA,NA,T,NA,NA,NA,NA,20163131740
1052,2016313,1910,2016,313,19,10,NA,NA,A,NA,NA,NA,NA,20163131910
1053,2016313,2045,2016,313,20,45,NA,NA,A,NA,NA,NA,NA,20163132045
1054,2016314,1645,2016,314,16,45,NA,NA,T,NA,NA,NA,NA,20163141645
1055,2016314,1825,2016,314,18,25,NA,NA,T,NA,NA,NA,NA,20163141825
1056,2016314,1950,2016,314,19,50,NA,NA,A,NA,NA,NA,NA,20163141950
1057,2016315,1730,2016,315,17,30,NA,NA,T,NA,NA,NA,NA,20163151730
1058,2016315,2030,2016,315,20,30,NA,NA,A,NA,NA,NA,NA,20163152030
1059,2016315,2035,2016,315,20,35,NA,NA,A,NA,NA,NA,NA,20163152035
1060,2016316,1635,2016,316,16,35,NA,NA,T,NA,NA,NA,NA,20163161635
1061,2016316,1810,2016,316,18,10,NA,NA,T,NA,NA,NA,NA,20163161810
1062,2016316,1935,2016,316,19,35,NA,NA,A,NA,NA,NA,NA,20163161935
1063,2016316,1940,2016,316,19,40,NA,NA,A,NA,NA,NA,NA,20163161940
1064,2016317,1720,2016,317,17,20,NA,NA,T,NA,NA,NA,NA,20163171720
1065,2016317,2020,2016,317,20,20,NA,NA,A,NA,NA,NA,NA,20163172020
1066,2016318,1620,2016,318,16,20,NA,NA,T,NA,NA,NA,NA,20163181620
1067,2016318,1800,2016,318,18,0,NA,NA,T,NA,NA,NA,NA,20163181800
1068,2016318,1925,2016,318,19,25,NA,NA,A,NA,NA,NA,NA,20163181925
1069,2016318,2105,2016,318,21,5,NA,NA,A,NA,NA,NA,NA,20163182105
1070,2016319,1705,2016,319,17,5,19.3375,-99.18296359,T,0.42733,0.31967,0.0633,0,20163191705
1071,2016319,2005,2016,319,20,5,NA,NA,A,NA,NA,NA,NA,20163192005
1072,2016319,2010,2016,319,20,10,NA,NA,A,NA,NA,NA,NA,20163192010
1073,2016320,1610,2016,320,16,10,NA,NA,T,NA,NA,NA,NA,20163201610
1074,2016320,1750,2016,320,17,50,NA,NA,T,NA,NA,NA,NA,20163201750
1075,2016320,1910,2016,320,19,10,NA,NA,A,NA,NA,NA,NA,20163201910
1076,2016320,1915,2016,320,19,15,NA,NA,A,NA,NA,NA,NA,20163201915
1077,2016320,2050,2016,320,20,50,NA,NA,A,NA,NA,NA,NA,20163202050
1078,2016321,1655,2016,321,16,55,NA,NA,T,NA,NA,NA,NA,20163211655
1079,2016321,1830,2016,321,18,30,NA,NA,T,NA,NA,NA,NA,20163211830
1080,2016321,1955,2016,321,19,55,NA,NA,A,NA,NA,NA,NA,20163211955
1081,2016322,1600,2016,322,16,0,NA,NA,T,NA,NA,NA,NA,20163221600
1082,2016322,1735,2016,322,17,35,NA,NA,T,NA,NA,NA,NA,20163221735
1083,2016322,2035,2016,322,20,35,NA,NA,A,NA,NA,NA,NA,20163222035
1084,2016322,2040,2016,322,20,40,NA,NA,A,NA,NA,NA,NA,20163222040
1085,2016323,1640,2016,323,16,40,NA,NA,T,NA,NA,NA,NA,20163231640
1086,2016323,1815,2016,323,18,15,NA,NA,T,NA,NA,NA,NA,20163231815
1087,2016323,1940,2016,323,19,40,NA,NA,A,NA,NA,NA,NA,20163231940
1088,2016323,1945,2016,323,19,45,NA,NA,A,NA,NA,NA,NA,20163231945
1089,2016324,1725,2016,324,17,25,NA,NA,T,NA,NA,NA,NA,20163241725
1090,2016324,2030,2016,324,20,30,NA,NA,A,NA,NA,NA,NA,20163242030
1091,2016325,1630,2016,325,16,30,NA,NA,T,NA,NA,NA,NA,20163251630
1092,2016325,1805,2016,325,18,5,NA,NA,T,NA,NA,NA,NA,20163251805
1093,2016325,1935,2016,325,19,35,NA,NA,A,NA,NA,NA,NA,20163251935
1094,2016325,2110,2016,325,21,10,NA,NA,A,NA,NA,NA,NA,20163252110
1095,2016326,1710,2016,326,17,10,19.3375,-99.18296359,T,0.14725,0.11,0.0563,0,20163261710
1096,2016326,2010,2016,326,20,10,NA,NA,A,NA,NA,NA,NA,20163262010
1097,2016326,2015,2016,326,20,15,19.3375,-99.18296359,A,0.131,0.09775,0.0486,0,20163262015
1098,2016327,1615,2016,327,16,15,NA,NA,T,NA,NA,NA,NA,20163271615
1099,2016327,1755,2016,327,17,55,19.3375,-99.18296359,T,0.27975,0.20875,0.0118,0,20163271755
1100,2016327,1915,2016,327,19,15,NA,NA,A,NA,NA,NA,NA,20163271915
1101,2016327,2055,2016,327,20,55,19.3375,-99.18296359,A,0.33325,0.249,0.0085,0,20163272055
1102,2016327,2100,2016,327,21,0,NA,NA,A,NA,NA,NA,NA,20163272100
1103,2016328,1700,2016,328,17,0,19.3375,-99.18296359,T,0.176,0.1315,0.0441,0,20163281700
1104,2016328,2000,2016,328,20,0,NA,NA,A,NA,NA,NA,NA,20163282000
1105,2016328,2005,2016,328,20,5,19.3375,-99.18296359,A,0.27975,0.20925,0.0449,0,20163282005
1106,2016329,1605,2016,329,16,5,NA,NA,T,NA,NA,NA,NA,20163291605
1107,2016329,1740,2016,329,17,40,19.3375,-99.18296359,T,0.30275,0.2265,0.0189,0,20163291740
1108,2016329,1910,2016,329,19,10,NA,NA,A,NA,NA,NA,NA,20163291910
1109,2016329,2045,2016,329,20,45,NA,NA,A,NA,NA,NA,NA,20163292045
1110,2016330,1645,2016,330,16,45,19.3375,-99.18296359,T,0.57575,0.43025,0.0253,0,20163301645
1111,2016330,1825,2016,330,18,25,NA,NA,T,NA,NA,NA,NA,20163301825
1112,2016330,1950,2016,330,19,50,19.3375,-99.18296359,A,0.36775,0.27475,0.0338,0,20163301950
1113,2016331,1730,2016,331,17,30,NA,NA,T,NA,NA,NA,NA,20163311730
1114,2016331,2030,2016,331,20,30,NA,NA,A,NA,NA,NA,NA,20163312030
1115,2016331,2035,2016,331,20,35,19.3375,-99.18296359,A,0.188,0.14025,0.027,0,20163312035
1116,2016332,1635,2016,332,16,35,19.32916666,-99.18673365,T,0.435,0.325,0.0131,0,20163321635
1117,2016332,1810,2016,332,18,10,NA,NA,T,NA,NA,NA,NA,20163321810
1118,2016332,1935,2016,332,19,35,NA,NA,A,NA,NA,NA,NA,20163321935
1119,2016332,1940,2016,332,19,40,19.3375,-99.18296359,A,0.39575,0.29575,0.0186,0,20163321940
1120,2016333,1720,2016,333,17,20,19.3375,-99.18296359,T,0.059,0.0435,0.0524,0,20163331720
1121,2016333,2020,2016,333,20,20,NA,NA,A,NA,NA,NA,NA,20163332020
1122,2016334,1620,2016,334,16,20,NA,NA,T,NA,NA,NA,NA,20163341620
1123,2016334,1800,2016,334,18,0,19.3375,-99.18296359,T,0.03325,0.02475,0.0087,0,20163341800
1124,2016334,1925,2016,334,19,25,19.3375,-99.18296359,A,0.12225,0.09125,0.0106,0,20163341925
1125,2016334,2105,2016,334,21,5,NA,NA,A,NA,NA,NA,NA,20163342105
1126,2016335,1705,2016,335,17,5,19.3375,-99.18296359,T,0.05325,0.0395,0.0569,0,20163351705
1127,2016335,2005,2016,335,20,5,NA,NA,A,NA,NA,NA,NA,20163352005
1128,2016335,2010,2016,335,20,10,NA,NA,A,NA,NA,NA,NA,20163352010
1129,2016336,1610,2016,336,16,10,NA,NA,T,NA,NA,NA,NA,20163361610
1130,2016336,1750,2016,336,17,50,19.3375,-99.18296359,T,0.08475,0.06325,0.0137,0,20163361750
1131,2016336,1910,2016,336,19,10,NA,NA,A,NA,NA,NA,NA,20163361910
1132,2016336,1915,2016,336,19,15,19.3375,-99.18296359,A,0.19875,0.1485,0.0067,0,20163361915
1133,2016336,2050,2016,336,20,50,NA,NA,A,NA,NA,NA,NA,20163362050
1134,2016337,1655,2016,337,16,55,NA,NA,T,NA,NA,NA,NA,20163371655
1135,2016337,1830,2016,337,18,30,NA,NA,T,NA,NA,NA,NA,20163371830
1136,2016337,1955,2016,337,19,55,NA,NA,A,NA,NA,NA,NA,20163371955
1137,2016338,1600,2016,338,16,0,NA,NA,T,NA,NA,NA,NA,20163381600
1138,2016338,1735,2016,338,17,35,19.3375,-99.18296359,T,0.0555,0.0415,0.0235,0,20163381735
1139,2016338,2035,2016,338,20,35,NA,NA,A,NA,NA,NA,NA,20163382035
1140,2016338,2040,2016,338,20,40,19.3375,-99.18296359,A,0.13767,0.10267,0.02,0,20163382040
1141,2016339,1640,2016,339,16,40,NA,NA,T,NA,NA,NA,NA,20163391640
1142,2016339,1815,2016,339,18,15,NA,NA,T,NA,NA,NA,NA,20163391815
1143,2016339,1940,2016,339,19,40,NA,NA,A,NA,NA,NA,NA,20163391940
1144,2016339,1945,2016,339,19,45,NA,NA,A,NA,NA,NA,NA,20163391945
1145,2016340,1725,2016,340,17,25,19.3375,-99.18296359,T,0.047,0.035,0.0399,0,20163401725
1146,2016340,2030,2016,340,20,30,NA,NA,A,NA,NA,NA,NA,20163402030
1147,2016341,1630,2016,341,16,30,NA,NA,T,NA,NA,NA,NA,20163411630
1148,2016341,1805,2016,341,18,5,NA,NA,T,NA,NA,NA,NA,20163411805
1149,2016341,1935,2016,341,19,35,19.3375,-99.18296359,A,0.09875,0.07375,0.0136,0,20163411935
1150,2016341,2110,2016,341,21,10,NA,NA,A,NA,NA,NA,NA,20163412110
1151,2016342,1710,2016,342,17,10,19.3375,-99.18296359,T,0.07175,0.0535,0.0469,0,20163421710
1152,2016342,2010,2016,342,20,10,NA,NA,A,NA,NA,NA,NA,20163422010
1153,2016342,2015,2016,342,20,15,NA,NA,A,NA,NA,NA,NA,20163422015
1154,2016343,1615,2016,343,16,15,NA,NA,T,NA,NA,NA,NA,20163431615
1155,2016343,1755,2016,343,17,55,19.3375,-99.18296359,T,0.24475,0.18275,0.0105,0,20163431755
1156,2016343,1915,2016,343,19,15,NA,NA,A,NA,NA,NA,NA,20163431915
1157,2016343,2055,2016,343,20,55,19.3375,-99.18296359,A,0.4335,0.32375,0.0083,0,20163432055
1158,2016343,2100,2016,343,21,0,NA,NA,A,NA,NA,NA,NA,20163432100
1159,2016344,1700,2016,344,17,0,NA,NA,T,NA,NA,NA,NA,20163441700
1160,2016344,2000,2016,344,20,0,NA,NA,A,NA,NA,NA,NA,20163442000
1161,2016344,2005,2016,344,20,5,NA,NA,A,NA,NA,NA,NA,20163442005
1162,2016345,1605,2016,345,16,5,NA,NA,T,NA,NA,NA,NA,20163451605
1163,2016345,1740,2016,345,17,40,NA,NA,T,NA,NA,NA,NA,20163451740
1164,2016345,1910,2016,345,19,10,NA,NA,A,NA,NA,NA,NA,20163451910
1165,2016345,2045,2016,345,20,45,NA,NA,A,NA,NA,NA,NA,20163452045
1166,2016346,1645,2016,346,16,45,NA,NA,T,NA,NA,NA,NA,20163461645
1167,2016346,1825,2016,346,18,25,NA,NA,T,NA,NA,NA,NA,20163461825
1168,2016346,1950,2016,346,19,50,19.3375,-99.18296359,A,0.45075,0.3365,0.0307,0,20163461950
1169,2016347,1730,2016,347,17,30,19.3375,-99.18296359,T,0.251,0.18725,0.0286,0,20163471730
1170,2016347,2030,2016,347,20,30,NA,NA,A,NA,NA,NA,NA,20163472030
1171,2016347,2035,2016,347,20,35,NA,NA,A,NA,NA,NA,NA,20163472035
1172,2016348,1635,2016,348,16,35,19.3375,-99.18296359,T,0.2265,0.169,0.0181,0,20163481635
1173,2016348,1810,2016,348,18,10,NA,NA,T,NA,NA,NA,NA,20163481810
1174,2016348,1935,2016,348,19,35,NA,NA,A,NA,NA,NA,NA,20163481935
1175,2016348,1940,2016,348,19,40,19.3375,-99.18296359,A,0.38175,0.2855,0.0179,0,20163481940
1176,2016349,1720,2016,349,17,20,19.3375,-99.18296359,T,0.13775,0.103,0.0423,0,20163491720
1177,2016349,2020,2016,349,20,20,19.3375,-99.18296359,A,0.212,0.15825,0.0301,0,20163492020
1178,2016350,1620,2016,350,16,20,NA,NA,T,NA,NA,NA,NA,20163501620
1179,2016350,1800,2016,350,18,0,19.3375,-99.18296359,T,0.384,0.28675,0.008,0,20163501800
1180,2016350,1925,2016,350,19,25,19.3375,-99.18296359,A,0.46275,0.346,0.0107,0,20163501925
1181,2016350,2105,2016,350,21,5,NA,NA,A,NA,NA,NA,NA,20163502105
1182,2016351,1705,2016,351,17,5,19.3375,-99.18296359,T,0.35275,0.2635,0.0422,0,20163511705
1183,2016351,2005,2016,351,20,5,NA,NA,A,NA,NA,NA,NA,20163512005
1184,2016351,2010,2016,351,20,10,NA,NA,A,NA,NA,NA,NA,20163512010
1185,2016352,1610,2016,352,16,10,NA,NA,T,NA,NA,NA,NA,20163521610
1186,2016352,1750,2016,352,17,50,19.3375,-99.18296359,T,0.311,0.2325,0.0126,0,20163521750
1187,2016352,1910,2016,352,19,10,NA,NA,A,NA,NA,NA,NA,20163521910
1188,2016352,1915,2016,352,19,15,NA,NA,A,NA,NA,NA,NA,20163521915
1189,2016352,2050,2016,352,20,50,NA,NA,A,NA,NA,NA,NA,20163522050
1190,2016353,1655,2016,353,16,55,NA,NA,T,NA,NA,NA,NA,20163531655
1191,2016353,1830,2016,353,18,30,NA,NA,T,NA,NA,NA,NA,20163531830
1192,2016353,1955,2016,353,19,55,NA,NA,A,NA,NA,NA,NA,20163531955
1193,2016354,1600,2016,354,16,0,NA,NA,T,NA,NA,NA,NA,20163541600
1194,2016354,1735,2016,354,17,35,NA,NA,T,NA,NA,NA,NA,20163541735
1195,2016354,2035,2016,354,20,35,NA,NA,A,NA,NA,NA,NA,20163542035
1196,2016354,2040,2016,354,20,40,NA,NA,A,NA,NA,NA,NA,20163542040
1197,2016355,1640,2016,355,16,40,NA,NA,T,NA,NA,NA,NA,20163551640
1198,2016355,1815,2016,355,18,15,NA,NA,T,NA,NA,NA,NA,20163551815
1199,2016355,1940,2016,355,19,40,NA,NA,A,NA,NA,NA,NA,20163551940
1200,2016355,1945,2016,355,19,45,19.3375,-99.18296359,A,0.2215,0.1655,0.0241,0,20163551945
1201,2016356,1725,2016,356,17,25,19.3375,-99.18296359,T,0.0455,0.034,0.0358,0,20163561725
1202,2016356,2030,2016,356,20,30,19.3375,-99.18296359,A,0.13675,0.10225,0.0257,0,20163562030
1203,2016357,1630,2016,357,16,30,NA,NA,T,NA,NA,NA,NA,20163571630
1204,2016357,1805,2016,357,18,5,NA,NA,T,NA,NA,NA,NA,20163571805
1205,2016357,1935,2016,357,19,35,19.3375,-99.18296359,A,0.278,0.2075,0.0139,0,20163571935
1206,2016357,2110,2016,357,21,10,NA,NA,A,NA,NA,NA,NA,20163572110
1207,2016358,1710,2016,358,17,10,19.3375,-99.18296359,T,0.19225,0.144,0.0456,0,20163581710
1208,2016358,2010,2016,358,20,10,NA,NA,A,NA,NA,NA,NA,20163582010
1209,2016358,2015,2016,358,20,15,19.3375,-99.18296359,A,0.28025,0.20925,0.0391,0,20163582015
1210,2016359,1615,2016,359,16,15,NA,NA,T,NA,NA,NA,NA,20163591615
1211,2016359,1755,2016,359,17,55,19.3375,-99.18296359,T,0.10625,0.07925,0.0098,0,20163591755
1212,2016359,1915,2016,359,19,15,NA,NA,A,NA,NA,NA,NA,20163591915
1213,2016359,2055,2016,359,20,55,19.3375,-99.18296359,A,0.30825,0.23025,0.0086,0,20163592055
1214,2016359,2100,2016,359,21,0,NA,NA,A,NA,NA,NA,NA,20163592100
1215,2016360,1700,2016,360,17,0,19.3375,-99.18296359,T,0.254,0.1895,0.0361,0,20163601700
1216,2016360,2000,2016,360,20,0,NA,NA,A,NA,NA,NA,NA,20163602000
1217,2016360,2005,2016,360,20,5,19.3375,-99.18296359,A,0.3095,0.231,0.0425,0,20163602005
1218,2016361,1605,2016,361,16,5,NA,NA,T,NA,NA,NA,NA,20163611605
1219,2016361,1740,2016,361,17,40,19.3375,-99.18296359,T,0.1505,0.11275,0.0162,0,20163611740
1220,2016361,1910,2016,361,19,10,NA,NA,A,NA,NA,NA,NA,20163611910
1221,2016362,1645,2016,362,16,45,19.3375,-99.18296359,T,0.26975,0.20175,0.0257,0,20163621645
1222,2016362,1825,2016,362,18,25,NA,NA,T,NA,NA,NA,NA,20163621825
1223,2016362,1950,2016,362,19,50,19.3375,-99.17413201,A,0.425,0.317,0.0394,0,20163621950
1224,2016363,1730,2016,363,17,30,19.3375,-99.18296359,T,0.08775,0.0655,0.0283,0,20163631730
1225,2016363,2030,2016,363,20,30,NA,NA,A,NA,NA,NA,NA,20163632030
1226,2016363,2035,2016,363,20,35,19.3375,-99.18296359,A,0.2875,0.21475,0.024,0,20163632035
1227,2016364,1635,2016,364,16,35,19.3375,-99.18296359,T,0.14775,0.10975,0.0201,0,20163641635
1228,2016364,1810,2016,364,18,10,NA,NA,T,NA,NA,NA,NA,20163641810
1229,2016364,1935,2016,364,19,35,NA,NA,A,NA,NA,NA,NA,20163641935
1230,2016364,1940,2016,364,19,40,19.3375,-99.17413201,A,0.137,0.102,0.0207,0,20163641940
1231,2016365,1720,2016,365,17,20,NA,NA,T,NA,NA,NA,NA,20163651720
1232,2016365,2020,2016,365,20,20,NA,NA,A,NA,NA,NA,NA,20163652020
1233,2016366,1620,2016,366,16,20,NA,NA,T,NA,NA,NA,NA,20163661620
1234,2016366,1800,2016,366,18,0,NA,NA,T,NA,NA,NA,NA,20163661800
1235,2016366,1925,2016,366,19,25,NA,NA,A,NA,NA,NA,NA,20163661925
1236,2016366,2105,2016,366,21,5,NA,NA,A,NA,NA,NA,NA,20163662105
1,2017001,1705,2017,1,17,5,19.3375,-99.18296359,T,0.11258,0.20093,0.082,0,20170011705
2,2017001,2005,2017,1,20,5,NA,NA,A,NA,NA,NA,NA,20170012005
3,2017001,2010,2017,1,20,10,NA,NA,A,NA,NA,NA,NA,20170012010
4,2017002,1610,2017,2,16,10,NA,NA,T,NA,NA,NA,NA,20170021610
5,2017002,1750,2017,2,17,50,19.3375,-99.18296359,T,0.0732,0.1281,0.0462,0,20170021750
6,2017002,1910,2017,2,19,10,NA,NA,A,NA,NA,NA,NA,20170021910
7,2017002,1915,2017,2,19,15,19.3375,-99.18296359,A,0.06005,0.1236,0.0347,0,20170021915
8,2017002,2050,2017,2,20,50,NA,NA,A,NA,NA,NA,NA,20170022050
9,2017003,1655,2017,3,16,55,19.3375,-99.18296359,T,0.13078,0.21998,0.0842,0,20170031655
10,2017003,1830,2017,3,18,30,NA,NA,T,NA,NA,NA,NA,20170031830
11,2017003,1955,2017,3,19,55,19.3375,-99.18296359,A,0.09693,0.16548,0.0552,0,20170031955
12,2017004,1600,2017,4,16,0,NA,NA,T,NA,NA,NA,NA,20170041600
13,2017004,1735,2017,4,17,35,19.3375,-99.18296359,T,0.07695,0.13588,0.0503,0,20170041735
14,2017004,2035,2017,4,20,35,NA,NA,A,NA,NA,NA,NA,20170042035
15,2017004,2040,2017,4,20,40,19.3375,-99.18296359,A,0.14053,0.231,0.0918,0,20170042040
16,2017005,1640,2017,5,16,40,19.3375,-99.18296359,T,0.14205,0.22705,0.0883,0,20170051640
17,2017005,1815,2017,5,18,15,NA,NA,T,NA,NA,NA,NA,20170051815
18,2017005,1940,2017,5,19,40,NA,NA,A,NA,NA,NA,NA,20170051940
19,2017005,1945,2017,5,19,45,NA,NA,A,NA,NA,NA,NA,20170051945
20,2017006,1725,2017,6,17,25,19.3375,-99.18296359,T,0.0856,0.14812,0.0571,0,20170061725
21,2017006,2030,2017,6,20,30,19.3375,-99.18296359,A,0.12555,0.21325,0.0863,0,20170062030
22,2017007,1630,2017,7,16,30,NA,NA,T,NA,NA,NA,NA,20170071630
23,2017007,1805,2017,7,18,5,NA,NA,T,NA,NA,NA,NA,20170071805
24,2017007,1935,2017,7,19,35,19.3375,-99.18296359,A,0.0799,0.1407,0.0471,0,20170071935
25,2017007,2110,2017,7,21,10,NA,NA,A,NA,NA,NA,NA,20170072110
26,2017008,1710,2017,8,17,10,NA,NA,T,NA,NA,NA,NA,20170081710
27,2017008,2010,2017,8,20,10,NA,NA,A,NA,NA,NA,NA,20170082010
28,2017008,2015,2017,8,20,15,19.3375,-99.18296359,A,0.12222,0.207,0.084,0,20170082015
29,2017009,1615,2017,9,16,15,NA,NA,T,NA,NA,NA,NA,20170091615
30,2017009,1755,2017,9,17,55,19.3375,-99.18296359,T,0.08115,0.1452,0.0405,0,20170091755
31,2017009,1915,2017,9,19,15,NA,NA,A,NA,NA,NA,NA,20170091915
32,2017009,2055,2017,9,20,55,NA,NA,A,NA,NA,NA,NA,20170092055
33,2017009,2100,2017,9,21,0,NA,NA,A,NA,NA,NA,NA,20170092100
34,2017010,1700,2017,10,17,0,19.3375,-99.18296359,T,0.1221,0.2008,0.0807,0,20170101700
35,2017010,2000,2017,10,20,0,NA,NA,A,NA,NA,NA,NA,20170102000
36,2017010,2005,2017,10,20,5,19.3375,-99.18296359,A,0.1021,0.17778,0.0661,0,20170102005
37,2017011,1605,2017,11,16,5,NA,NA,T,NA,NA,NA,NA,20170111605
38,2017011,1740,2017,11,17,40,19.3375,-99.18296359,T,0.07458,0.13463,0.0502,0,20170111740
39,2017011,1910,2017,11,19,10,NA,NA,A,NA,NA,NA,NA,20170111910
40,2017011,2045,2017,11,20,45,NA,NA,A,NA,NA,NA,NA,20170112045
41,2017012,1645,2017,12,16,45,19.3375,-99.18296359,T,0.14193,0.21825,0.0893,0,20170121645
42,2017012,1825,2017,12,18,25,NA,NA,T,NA,NA,NA,NA,20170121825
43,2017012,1950,2017,12,19,50,NA,NA,A,NA,NA,NA,NA,20170121950
44,2017013,1730,2017,13,17,30,19.3375,-99.18296359,T,0.08323,0.1378,0.0539,0,20170131730
45,2017013,2030,2017,13,20,30,NA,NA,A,NA,NA,NA,NA,20170132030
46,2017013,2035,2017,13,20,35,19.3375,-99.18296359,A,0.13098,0.22393,0.085,0,20170132035
47,2017014,1635,2017,14,16,35,NA,NA,T,NA,NA,NA,NA,20170141635
48,2017014,1810,2017,14,18,10,NA,NA,T,NA,NA,NA,NA,20170141810
49,2017014,1935,2017,14,19,35,NA,NA,A,NA,NA,NA,NA,20170141935
50,2017014,1940,2017,14,19,40,NA,NA,A,NA,NA,NA,NA,20170141940
51,2017015,1715,2017,15,17,15,19.3375,-99.18296359,T,0.09415,0.16113,0.063,0,20170151715
52,2017015,2020,2017,15,20,20,19.3375,-99.18296359,A,0.12568,0.20695,0.0823,0,20170152020
53,2017016,1620,2017,16,16,20,NA,NA,T,NA,NA,NA,NA,20170161620
54,2017016,1800,2017,16,18,0,19.3375,-99.18296359,T,0.06665,0.12322,0.0376,0,20170161800
55,2017016,1925,2017,16,19,25,NA,NA,A,NA,NA,NA,NA,20170161925
56,2017016,2105,2017,16,21,5,NA,NA,A,NA,NA,NA,NA,20170162105
57,2017017,1705,2017,17,17,5,NA,NA,T,NA,NA,NA,NA,20170171705
58,2017017,2005,2017,17,20,5,NA,NA,A,NA,NA,NA,NA,20170172005
59,2017017,2010,2017,17,20,10,NA,NA,A,NA,NA,NA,NA,20170172010
60,2017018,1610,2017,18,16,10,NA,NA,T,NA,NA,NA,NA,20170181610
61,2017018,1750,2017,18,17,50,19.3375,-99.18296359,T,0.08123,0.13525,0.0447,0,20170181750
62,2017018,1910,2017,18,19,10,NA,NA,A,NA,NA,NA,NA,20170181910
63,2017018,1915,2017,18,19,15,19.3375,-99.18296359,A,0.07522,0.14082,0.0312,0,20170181915
64,2017018,2050,2017,18,20,50,NA,NA,A,NA,NA,NA,NA,20170182050
65,2017019,1655,2017,19,16,55,NA,NA,T,NA,NA,NA,NA,20170191655
66,2017019,1830,2017,19,18,30,NA,NA,T,NA,NA,NA,NA,20170191830
67,2017019,1955,2017,19,19,55,NA,NA,A,NA,NA,NA,NA,20170191955
68,2017020,1555,2017,20,15,55,NA,NA,T,NA,NA,NA,NA,20170201555
69,2017020,1735,2017,20,17,35,19.3375,-99.18296359,T,0.07735,0.13953,0.0516,0,20170201735
70,2017020,2035,2017,20,20,35,NA,NA,A,NA,NA,NA,NA,20170202035
71,2017020,2040,2017,20,20,40,NA,NA,A,NA,NA,NA,NA,20170202040
72,2017021,1640,2017,21,16,40,19.3375,-99.18296359,T,0.15188,0.2356,0.0975,0,20170211640
73,2017021,1815,2017,21,18,15,NA,NA,T,NA,NA,NA,NA,20170211815
74,2017021,1940,2017,21,19,40,NA,NA,A,NA,NA,NA,NA,20170211940
75,2017021,1945,2017,21,19,45,NA,NA,A,NA,NA,NA,NA,20170211945
76,2017022,1725,2017,22,17,25,19.3375,-99.18296359,T,0.0881,0.14418,0.0538,0,20170221725
77,2017022,2025,2017,22,20,25,NA,NA,A,NA,NA,NA,NA,20170222025
78,2017022,2030,2017,22,20,30,19.3375,-99.18296359,A,0.1295,0.21358,0.085,0,20170222030
79,2017023,1630,2017,23,16,30,NA,NA,T,NA,NA,NA,NA,20170231630
80,2017023,1805,2017,23,18,5,NA,NA,T,NA,NA,NA,NA,20170231805
81,2017023,1935,2017,23,19,35,NA,NA,A,NA,NA,NA,NA,20170231935
82,2017023,2110,2017,23,21,10,NA,NA,A,NA,NA,NA,NA,20170232110
83,2017024,1710,2017,24,17,10,19.3375,-99.18296359,T,0.10618,0.17798,0.0711,0,20170241710
84,2017024,2015,2017,24,20,15,19.3375,-99.18296359,A,0.12595,0.19705,0.0856,0,20170242015
85,2017025,1615,2017,25,16,15,NA,NA,T,NA,NA,NA,NA,20170251615
86,2017025,1755,2017,25,17,55,19.3375,-99.18296359,T,0.07178,0.12483,0.0396,0,20170251755
87,2017025,1915,2017,25,19,15,NA,NA,A,NA,NA,NA,NA,20170251915
88,2017025,2055,2017,25,20,55,19.3375,-99.18296359,A,0.06548,0.12938,0.0365,0,20170252055
89,2017025,2100,2017,25,21,0,NA,NA,A,NA,NA,NA,NA,20170252100
90,2017026,1700,2017,26,17,0,19.3375,-99.18296359,T,0.12985,0.21335,0.0935,0,20170261700
91,2017026,2000,2017,26,20,0,NA,NA,A,NA,NA,NA,NA,20170262000
92,2017026,2005,2017,26,20,5,NA,NA,A,NA,NA,NA,NA,20170262005
93,2017027,1605,2017,27,16,5,NA,NA,T,NA,NA,NA,NA,20170271605
94,2017027,1740,2017,27,17,40,19.3375,-99.18296359,T,0.07472,0.1294,0.0503,0,20170271740
95,2017027,1910,2017,27,19,10,NA,NA,A,NA,NA,NA,NA,20170271910
96,2017027,2045,2017,27,20,45,NA,NA,A,NA,NA,NA,NA,20170272045
97,2017028,1645,2017,28,16,45,19.3375,-99.18296359,T,0.14125,0.2307,0.0948,0,20170281645
98,2017028,1825,2017,28,18,25,NA,NA,T,NA,NA,NA,NA,20170281825
99,2017028,1950,2017,28,19,50,NA,NA,A,NA,NA,NA,NA,20170281950
100,2017029,1730,2017,29,17,30,NA,NA,T,NA,NA,NA,NA,20170291730
101,2017029,2030,2017,29,20,30,NA,NA,A,NA,NA,NA,NA,20170292030
102,2017029,2035,2017,29,20,35,NA,NA,A,NA,NA,NA,NA,20170292035
103,2017030,1635,2017,30,16,35,19.3375,-99.18296359,T,0.16293,0.25265,0.1155,0,20170301635
104,2017030,1810,2017,30,18,10,NA,NA,T,NA,NA,NA,NA,20170301810
105,2017030,1935,2017,30,19,35,NA,NA,A,NA,NA,NA,NA,20170301935
106,2017030,1940,2017,30,19,40,NA,NA,A,NA,NA,NA,NA,20170301940
107,2017031,1715,2017,31,17,15,19.3375,-99.18296359,T,0.09785,0.16743,0.072,0,20170311715
108,2017031,2020,2017,31,20,20,NA,NA,A,NA,NA,NA,NA,20170312020
109,2017032,1620,2017,32,16,20,NA,NA,T,NA,NA,NA,NA,20170321620
110,2017032,1800,2017,32,18,0,19.3375,-99.18296359,T,0.08475,0.14025,0.0357,0,20170321800
111,2017032,1925,2017,32,19,25,NA,NA,A,NA,NA,NA,NA,20170321925
112,2017032,2105,2017,32,21,5,NA,NA,A,NA,NA,NA,NA,20170322105
113,2017033,1705,2017,33,17,5,19.3375,-99.18296359,T,0.12363,0.19505,0.0869,0,20170331705
114,2017033,2005,2017,33,20,5,NA,NA,A,NA,NA,NA,NA,20170332005
115,2017033,2010,2017,33,20,10,NA,NA,A,NA,NA,NA,NA,20170332010
116,2017034,1610,2017,34,16,10,NA,NA,T,NA,NA,NA,NA,20170341610
117,2017034,1750,2017,34,17,50,19.3375,-99.18296359,T,0.07587,0.1317,0.0417,0,20170341750
118,2017034,1910,2017,34,19,10,NA,NA,A,NA,NA,NA,NA,20170341910
119,2017034,1915,2017,34,19,15,19.3375,-99.18296359,A,0.06228,0.13025,0.0294,0,20170341915
120,2017034,2055,2017,34,20,55,NA,NA,A,NA,NA,NA,NA,20170342055
121,2017035,1655,2017,35,16,55,19.3375,-99.18296359,T,0.1421,0.2228,0.0994,0,20170351655
122,2017035,1830,2017,35,18,30,NA,NA,T,NA,NA,NA,NA,20170351830
123,2017035,2000,2017,35,20,0,NA,NA,A,NA,NA,NA,NA,20170352000
124,2017036,1555,2017,36,15,55,NA,NA,T,NA,NA,NA,NA,20170361555
125,2017036,1735,2017,36,17,35,19.3375,-99.18296359,T,0.08285,0.14112,0.0492,0,20170361735
126,2017036,2035,2017,36,20,35,NA,NA,A,NA,NA,NA,NA,20170362035
127,2017036,2040,2017,36,20,40,NA,NA,A,NA,NA,NA,NA,20170362040
128,2017037,1640,2017,37,16,40,19.3375,-99.18296359,T,0.15652,0.24092,0.1104,0,20170371640
129,2017037,1815,2017,37,18,15,NA,NA,T,NA,NA,NA,NA,20170371815
130,2017037,1940,2017,37,19,40,NA,NA,A,NA,NA,NA,NA,20170371940
131,2017037,1945,2017,37,19,45,NA,NA,A,NA,NA,NA,NA,20170371945
132,2017038,1725,2017,38,17,25,19.3375,-99.18296359,T,0.09218,0.14942,0.0592,0,20170381725
133,2017038,2025,2017,38,20,25,NA,NA,A,NA,NA,NA,NA,20170382025
134,2017038,2030,2017,38,20,30,19.3375,-99.18296359,A,0.12795,0.207,0.0981,0,20170382030
135,2017039,1630,2017,39,16,30,NA,NA,T,NA,NA,NA,NA,20170391630
136,2017039,1805,2017,39,18,5,NA,NA,T,NA,NA,NA,NA,20170391805
137,2017039,1935,2017,39,19,35,19.3375,-99.18296359,A,0.07745,0.1329,0.0445,0,20170391935
138,2017039,2110,2017,39,21,10,NA,NA,A,NA,NA,NA,NA,20170392110
139,2017040,1710,2017,40,17,10,19.3375,-99.18296359,T,0.11483,0.18133,0.076,0,20170401710
140,2017040,2015,2017,40,20,15,NA,NA,A,NA,NA,NA,NA,20170402015
141,2017041,1615,2017,41,16,15,NA,NA,T,NA,NA,NA,NA,20170411615
142,2017041,1755,2017,41,17,55,19.3375,-99.18296359,T,0.07625,0.131,0.038,0,20170411755
143,2017041,2055,2017,41,20,55,19.3375,-99.18296359,A,0.0775,0.13832,0.034,0,20170412055
144,2017041,2100,2017,41,21,0,NA,NA,A,NA,NA,NA,NA,20170412100
145,2017042,1700,2017,42,17,0,19.3375,-99.18296359,T,0.13912,0.22025,0.1008,0,20170421700
146,2017042,2000,2017,42,20,0,NA,NA,A,NA,NA,NA,NA,20170422000
147,2017042,2005,2017,42,20,5,NA,NA,A,NA,NA,NA,NA,20170422005
148,2017043,1605,2017,43,16,5,NA,NA,T,NA,NA,NA,NA,20170431605
149,2017043,1740,2017,43,17,40,19.3375,-99.18296359,T,0.08167,0.13293,0.0475,0,20170431740
150,2017043,1910,2017,43,19,10,NA,NA,A,NA,NA,NA,NA,20170431910
151,2017043,2045,2017,43,20,45,NA,NA,A,NA,NA,NA,NA,20170432045
152,2017044,1645,2017,44,16,45,19.3375,-99.18296359,T,0.1506,0.22905,0.1011,0,20170441645
153,2017044,1825,2017,44,18,25,NA,NA,T,NA,NA,NA,NA,20170441825
154,2017044,1950,2017,44,19,50,NA,NA,A,NA,NA,NA,NA,20170441950
155,2017045,1730,2017,45,17,30,19.3375,-99.18296359,T,0.08663,0.14935,0.0553,0,20170451730
156,2017045,2030,2017,45,20,30,NA,NA,A,NA,NA,NA,NA,20170452030
157,2017045,2035,2017,45,20,35,19.3375,-99.18296359,A,0.12408,0.21603,0.0934,0,20170452035
158,2017046,1635,2017,46,16,35,19.3375,-99.18296359,T,0.1581,0.23962,0.0993,0,20170461635
159,2017046,1810,2017,46,18,10,NA,NA,T,NA,NA,NA,NA,20170461810
160,2017046,1935,2017,46,19,35,NA,NA,A,NA,NA,NA,NA,20170461935
161,2017046,1940,2017,46,19,40,19.3375,-99.18296359,A,0.08555,0.1395,0.0542,0,20170461940
162,2017047,1715,2017,47,17,15,NA,NA,T,NA,NA,NA,NA,20170471715
163,2017047,2020,2017,47,20,20,19.3375,-99.18296359,A,0.12805,0.21235,0.0978,0,20170472020
164,2017048,1620,2017,48,16,20,NA,NA,T,NA,NA,NA,NA,20170481620
165,2017048,1800,2017,48,18,0,19.3375,-99.18296359,T,0.06875,0.12758,0.0377,0,20170481800
166,2017048,1925,2017,48,19,25,19.3375,-99.18296359,A,0.0752,0.13527,0.0459,0,20170481925
167,2017048,2105,2017,48,21,5,NA,NA,A,NA,NA,NA,NA,20170482105
168,2017049,1705,2017,49,17,5,19.3375,-99.18296359,T,0.13505,0.21895,0.1008,0,20170491705
169,2017049,2005,2017,49,20,5,NA,NA,A,NA,NA,NA,NA,20170492005
170,2017049,2010,2017,49,20,10,19.3375,-99.18296359,A,0.1319,0.19875,0.0941,0,20170492010
171,2017050,1610,2017,50,16,10,NA,NA,T,NA,NA,NA,NA,20170501610
172,2017050,1750,2017,50,17,50,19.3375,-99.18296359,T,0.0815,0.131,0.0455,0,20170501750
173,2017050,1910,2017,50,19,10,NA,NA,A,NA,NA,NA,NA,20170501910
174,2017050,1915,2017,50,19,15,19.3375,-99.18296359,A,0.06245,0.12795,0.033,0,20170501915
175,2017050,2055,2017,50,20,55,NA,NA,A,NA,NA,NA,NA,20170502055
176,2017051,1655,2017,51,16,55,19.3375,-99.18296359,T,0.14827,0.23035,0.0968,0,20170511655
177,2017051,1830,2017,51,18,30,NA,NA,T,NA,NA,NA,NA,20170511830
178,2017051,2000,2017,51,20,0,19.3375,-99.18296359,A,0.10685,0.1711,0.0691,0,20170512000
179,2017052,1555,2017,52,15,55,NA,NA,T,NA,NA,NA,NA,20170521555
180,2017052,1735,2017,52,17,35,NA,NA,T,NA,NA,NA,NA,20170521735
181,2017052,1900,2017,52,19,0,NA,NA,A,NA,NA,NA,NA,20170521900
182,2017052,2040,2017,52,20,40,NA,NA,A,NA,NA,NA,NA,20170522040
183,2017053,1640,2017,53,16,40,19.3375,-99.18296359,T,0.15355,0.23718,0.0974,0,20170531640
184,2017053,1815,2017,53,18,15,NA,NA,T,NA,NA,NA,NA,20170531815
185,2017053,1940,2017,53,19,40,NA,NA,A,NA,NA,NA,NA,20170531940
186,2017053,1945,2017,53,19,45,19.3375,-99.18296359,A,0.0928,0.1493,0.0583,0,20170531945
187,2017054,1725,2017,54,17,25,19.3375,-99.18296359,T,0.09865,0.15915,0.0617,0,20170541725
188,2017054,2025,2017,54,20,25,NA,NA,A,NA,NA,NA,NA,20170542025
189,2017054,2030,2017,54,20,30,NA,NA,A,NA,NA,NA,NA,20170542030
190,2017055,1630,2017,55,16,30,NA,NA,T,NA,NA,NA,NA,20170551630
191,2017055,1805,2017,55,18,5,NA,NA,T,NA,NA,NA,NA,20170551805
192,2017055,1935,2017,55,19,35,NA,NA,A,NA,NA,NA,NA,20170551935
193,2017055,2110,2017,55,21,10,NA,NA,A,NA,NA,NA,NA,20170552110
194,2017056,1710,2017,56,17,10,19.3375,-99.18296359,T,0.12125,0.2012,0.0886,0,20170561710
195,2017056,2015,2017,56,20,15,NA,NA,A,NA,NA,NA,NA,20170562015
196,2017057,1615,2017,57,16,15,NA,NA,T,NA,NA,NA,NA,20170571615
197,2017057,1755,2017,57,17,55,19.3375,-99.18296359,T,0.07155,0.12968,0.0428,0,20170571755
198,2017057,2055,2017,57,20,55,19.3375,-99.18296359,A,0.06457,0.13128,0.0371,0,20170572055
199,2017057,2100,2017,57,21,0,NA,NA,A,NA,NA,NA,NA,20170572100
200,2017058,1700,2017,58,17,0,19.3375,-99.18296359,T,0.14583,0.22098,0.1058,0,20170581700
201,2017058,2000,2017,58,20,0,NA,NA,A,NA,NA,NA,NA,20170582000
202,2017058,2005,2017,58,20,5,NA,NA,A,NA,NA,NA,NA,20170582005
203,2017059,1605,2017,59,16,5,NA,NA,T,NA,NA,NA,NA,20170591605
204,2017059,1740,2017,59,17,40,19.3375,-99.18296359,T,0.0816,0.14082,0.0493,0,20170591740
205,2017059,1910,2017,59,19,10,NA,NA,A,NA,NA,NA,NA,20170591910
206,2017059,2045,2017,59,20,45,NA,NA,A,NA,NA,NA,NA,20170592045
207,2017060,1645,2017,60,16,45,19.3375,-99.18296359,T,0.14812,0.23558,0.1004,0,20170601645
208,2017060,1825,2017,60,18,25,NA,NA,T,NA,NA,NA,NA,20170601825
209,2017060,1950,2017,60,19,50,NA,NA,A,NA,NA,NA,NA,20170601950
210,2017061,1730,2017,61,17,30,19.3375,-99.18296359,T,0.0957,0.1584,0.0618,0,20170611730
211,2017061,2030,2017,61,20,30,NA,NA,A,NA,NA,NA,NA,20170612030
212,2017061,2035,2017,61,20,35,19.3375,-99.18296359,A,0.13953,0.22978,0.0897,0,20170612035
213,2017062,1635,2017,62,16,35,19.3375,-99.18296359,T,0.15402,0.2428,0.0966,0,20170621635
214,2017062,1810,2017,62,18,10,NA,NA,T,NA,NA,NA,NA,20170621810
215,2017062,1935,2017,62,19,35,NA,NA,A,NA,NA,NA,NA,20170621935
216,2017062,1940,2017,62,19,40,19.3375,-99.18296359,A,0.08868,0.15042,0.0488,0,20170621940
217,2017063,1715,2017,63,17,15,19.3375,-99.18296359,T,0.11665,0.19222,0.0809,0,20170631715
218,2017063,2020,2017,63,20,20,NA,NA,A,NA,NA,NA,NA,20170632020
219,2017064,1620,2017,64,16,20,NA,NA,T,NA,NA,NA,NA,20170641620
220,2017064,1800,2017,64,18,0,19.3375,-99.18296359,T,0.0751,0.14307,0.0318,0,20170641800
221,2017064,1925,2017,64,19,25,NA,NA,A,NA,NA,NA,NA,20170641925
222,2017064,2105,2017,64,21,5,NA,NA,A,NA,NA,NA,NA,20170642105
223,2017065,1705,2017,65,17,5,NA,NA,T,NA,NA,NA,NA,20170651705
224,2017065,2005,2017,65,20,5,NA,NA,A,NA,NA,NA,NA,20170652005
225,2017065,2010,2017,65,20,10,NA,NA,A,NA,NA,NA,NA,20170652010
226,2017066,1610,2017,66,16,10,NA,NA,T,NA,NA,NA,NA,20170661610
227,2017066,1750,2017,66,17,50,NA,NA,T,NA,NA,NA,NA,20170661750
228,2017066,1910,2017,66,19,10,NA,NA,A,NA,NA,NA,NA,20170661910
229,2017066,2050,2017,66,20,50,NA,NA,A,NA,NA,NA,NA,20170662050
230,2017066,2055,2017,66,20,55,NA,NA,A,NA,NA,NA,NA,20170662055
231,2017067,1655,2017,67,16,55,19.3375,-99.18296359,T,0.15378,0.23885,0.1095,0,20170671655
232,2017067,1830,2017,67,18,30,NA,NA,T,NA,NA,NA,NA,20170671830
233,2017067,2000,2017,67,20,0,NA,NA,A,NA,NA,NA,NA,20170672000
234,2017068,1555,2017,68,15,55,NA,NA,T,NA,NA,NA,NA,20170681555
235,2017068,1735,2017,68,17,35,19.3375,-99.18296359,T,0.08858,0.16163,0.055,0,20170681735
236,2017068,1900,2017,68,19,0,NA,NA,A,NA,NA,NA,NA,20170681900
237,2017068,2040,2017,68,20,40,NA,NA,A,NA,NA,NA,NA,20170682040
238,2017069,1640,2017,69,16,40,19.3375,-99.18296359,T,0.1492,0.24225,0.1029,0,20170691640
239,2017069,1815,2017,69,18,15,NA,NA,T,NA,NA,NA,NA,20170691815
240,2017069,1940,2017,69,19,40,NA,NA,A,NA,NA,NA,NA,20170691940
241,2017069,1945,2017,69,19,45,NA,NA,A,NA,NA,NA,NA,20170691945
242,2017070,1725,2017,70,17,25,NA,NA,T,NA,NA,NA,NA,20170701725
243,2017070,2025,2017,70,20,25,NA,NA,A,NA,NA,NA,NA,20170702025
244,2017070,2030,2017,70,20,30,NA,NA,A,NA,NA,NA,NA,20170702030
245,2017071,1630,2017,71,16,30,NA,NA,T,NA,NA,NA,NA,20170711630
246,2017071,1805,2017,71,18,5,NA,NA,T,NA,NA,NA,NA,20170711805
247,2017071,1935,2017,71,19,35,NA,NA,A,NA,NA,NA,NA,20170711935
248,2017071,2110,2017,71,21,10,NA,NA,A,NA,NA,NA,NA,20170712110
249,2017072,1710,2017,72,17,10,NA,NA,T,NA,NA,NA,NA,20170721710
250,2017072,2015,2017,72,20,15,NA,NA,A,NA,NA,NA,NA,20170722015
251,2017073,1615,2017,73,16,15,NA,NA,T,NA,NA,NA,NA,20170731615
252,2017073,1755,2017,73,17,55,NA,NA,T,NA,NA,NA,NA,20170731755
253,2017073,2055,2017,73,20,55,NA,NA,A,NA,NA,NA,NA,20170732055
254,2017073,2100,2017,73,21,0,NA,NA,A,NA,NA,NA,NA,20170732100
255,2017074,1700,2017,74,17,0,NA,NA,T,NA,NA,NA,NA,20170741700
256,2017074,2000,2017,74,20,0,NA,NA,A,NA,NA,NA,NA,20170742000
257,2017074,2005,2017,74,20,5,NA,NA,A,NA,NA,NA,NA,20170742005
258,2017075,1605,2017,75,16,5,NA,NA,T,NA,NA,NA,NA,20170751605
259,2017075,1740,2017,75,17,40,19.3375,-99.18296359,T,0.08183,0.14608,0.0488,0,20170751740
260,2017075,1905,2017,75,19,5,NA,NA,A,NA,NA,NA,NA,20170751905
261,2017075,1910,2017,75,19,10,NA,NA,A,NA,NA,NA,NA,20170751910
262,2017075,2045,2017,75,20,45,NA,NA,A,NA,NA,NA,NA,20170752045
263,2017076,1645,2017,76,16,45,19.3375,-99.18296359,T,0.14952,0.2415,0.1013,0,20170761645
264,2017076,1825,2017,76,18,25,NA,NA,T,NA,NA,NA,NA,20170761825
265,2017076,1950,2017,76,19,50,NA,NA,A,NA,NA,NA,NA,20170761950
266,2017077,1730,2017,77,17,30,19.3375,-99.18296359,T,0.09502,0.16555,0.0589,0,20170771730
267,2017077,2030,2017,77,20,30,NA,NA,A,NA,NA,NA,NA,20170772030
268,2017077,2035,2017,77,20,35,19.3375,-99.18296359,A,0.1264,0.21895,0.0731,0,20170772035
269,2017078,1635,2017,78,16,35,19.3375,-99.18296359,T,0.14068,0.24285,0.0925,0,20170781635
270,2017078,1810,2017,78,18,10,NA,NA,T,NA,NA,NA,NA,20170781810
271,2017078,1935,2017,78,19,35,NA,NA,A,NA,NA,NA,NA,20170781935
272,2017078,1940,2017,78,19,40,19.3375,-99.18296359,A,0.092,0.15155,0.0576,0,20170781940
273,2017079,1715,2017,79,17,15,19.3375,-99.18296359,T,0.11233,0.19413,0.0891,0,20170791715
274,2017079,2025,2017,79,20,25,NA,NA,A,NA,NA,NA,NA,20170792025
275,2017080,1620,2017,80,16,20,NA,NA,T,NA,NA,NA,NA,20170801620
276,2017080,1800,2017,80,18,0,19.3375,-99.18296359,T,0.06523,0.12663,0.0373,0,20170801800
277,2017080,1925,2017,80,19,25,19.3375,-99.18296359,A,0.07435,0.13885,0.0441,0,20170801925
278,2017080,2105,2017,80,21,5,NA,NA,A,NA,NA,NA,NA,20170802105
279,2017081,1705,2017,81,17,5,19.3375,-99.18296359,T,0.1498,0.23025,0.1039,0,20170811705
280,2017081,2005,2017,81,20,5,NA,NA,A,NA,NA,NA,NA,20170812005
281,2017081,2010,2017,81,20,10,19.3375,-99.18296359,A,0.13402,0.23285,0.0993,0,20170812010
282,2017082,1610,2017,82,16,10,NA,NA,T,NA,NA,NA,NA,20170821610
283,2017082,1750,2017,82,17,50,19.3375,-99.18296359,T,0.07812,0.13708,0.0495,0,20170821750
284,2017082,1910,2017,82,19,10,NA,NA,A,NA,NA,NA,NA,20170821910
285,2017082,2050,2017,82,20,50,19.3375,-99.18296359,A,0.05828,0.12435,0.0331,0,20170822050
286,2017082,2055,2017,82,20,55,NA,NA,A,NA,NA,NA,NA,20170822055
287,2017083,1655,2017,83,16,55,19.3375,-99.18296359,T,0.14342,0.23653,0.1009,0,20170831655
288,2017083,1830,2017,83,18,30,NA,NA,T,NA,NA,NA,NA,20170831830
289,2017083,2000,2017,83,20,0,NA,NA,A,NA,NA,NA,NA,20170832000
290,2017084,1555,2017,84,15,55,NA,NA,T,NA,NA,NA,NA,20170841555
291,2017084,1735,2017,84,17,35,19.3375,-99.18296359,T,0.08655,0.1544,0.059,0,20170841735
292,2017084,1905,2017,84,19,5,NA,NA,A,NA,NA,NA,NA,20170841905
293,2017084,2040,2017,84,20,40,NA,NA,A,NA,NA,NA,NA,20170842040
294,2017085,1640,2017,85,16,40,19.3375,-99.18296359,T,0.14508,0.2378,0.0963,0,20170851640
295,2017085,1815,2017,85,18,15,NA,NA,T,NA,NA,NA,NA,20170851815
296,2017085,1945,2017,85,19,45,NA,NA,A,NA,NA,NA,NA,20170851945
297,2017086,1725,2017,86,17,25,19.3375,-99.18296359,T,0.10595,0.18078,0.0695,0,20170861725
298,2017086,2025,2017,86,20,25,NA,NA,A,NA,NA,NA,NA,20170862025
299,2017086,2030,2017,86,20,30,NA,NA,A,NA,NA,NA,NA,20170862030
300,2017087,1630,2017,87,16,30,NA,NA,T,NA,NA,NA,NA,20170871630
301,2017087,1805,2017,87,18,5,NA,NA,T,NA,NA,NA,NA,20170871805
302,2017087,1930,2017,87,19,30,NA,NA,A,NA,NA,NA,NA,20170871930
303,2017087,1935,2017,87,19,35,NA,NA,A,NA,NA,NA,NA,20170871935
304,2017088,1710,2017,88,17,10,19.3375,-99.18296359,T,0.14232,0.22232,0.0924,0,20170881710
305,2017088,2015,2017,88,20,15,19.3375,-99.18296359,A,0.13948,0.24253,0.1037,0,20170882015
306,2017089,1615,2017,89,16,15,NA,NA,T,NA,NA,NA,NA,20170891615
307,2017089,1755,2017,89,17,55,19.3375,-99.18296359,T,0.07612,0.13305,0.0439,0,20170891755
308,2017089,2055,2017,89,20,55,19.3375,-99.18296359,A,0.06737,0.14267,0.0362,0,20170892055
309,2017089,2100,2017,89,21,0,NA,NA,A,NA,NA,NA,NA,20170892100
310,2017091,1605,2017,91,16,5,NA,NA,T,NA,NA,NA,NA,20170911605
311,2017091,1740,2017,91,17,40,19.3375,-99.18296359,T,0.08525,0.14555,0.0535,0,20170911740
312,2017091,1905,2017,91,19,5,NA,NA,A,NA,NA,NA,NA,20170911905
313,2017091,1910,2017,91,19,10,NA,NA,A,NA,NA,NA,NA,20170911910
314,2017091,2045,2017,91,20,45,NA,NA,A,NA,NA,NA,NA,20170912045
315,2017092,1645,2017,92,16,45,19.3375,-99.18296359,T,0.14505,0.23305,0.0898,0,20170921645
316,2017092,1825,2017,92,18,25,NA,NA,T,NA,NA,NA,NA,20170921825
317,2017092,1950,2017,92,19,50,19.3375,-99.18296359,A,0.11493,0.18142,0.0786,0,20170921950
318,2017093,1730,2017,93,17,30,NA,NA,T,NA,NA,NA,NA,20170931730
319,2017093,2030,2017,93,20,30,NA,NA,A,NA,NA,NA,NA,20170932030
320,2017093,2035,2017,93,20,35,NA,NA,A,NA,NA,NA,NA,20170932035
321,2017094,1635,2017,94,16,35,19.3375,-99.18296359,T,0.1518,0.23475,0.0906,0,20170941635
322,2017094,1810,2017,94,18,10,NA,NA,T,NA,NA,NA,NA,20170941810
323,2017094,1935,2017,94,19,35,NA,NA,A,NA,NA,NA,NA,20170941935
324,2017094,1940,2017,94,19,40,19.3375,-99.18296359,A,0.0876,0.16103,0.0574,0,20170941940
325,2017095,1715,2017,95,17,15,19.3375,-99.18296359,T,0.13355,0.20995,0.0955,0,20170951715
326,2017095,2020,2017,95,20,20,NA,NA,A,NA,NA,NA,NA,20170952020
327,2017096,1620,2017,96,16,20,NA,NA,T,NA,NA,NA,NA,20170961620
328,2017096,1800,2017,96,18,0,NA,NA,T,NA,NA,NA,NA,20170961800
329,2017096,1925,2017,96,19,25,NA,NA,A,NA,NA,NA,NA,20170961925
330,2017096,2105,2017,96,21,5,NA,NA,A,NA,NA,NA,NA,20170962105
331,2017097,1705,2017,97,17,5,19.3375,-99.18296359,T,0.1525,0.2539,0.1142,0,20170971705
332,2017097,2005,2017,97,20,5,NA,NA,A,NA,NA,NA,NA,20170972005
333,2017097,2010,2017,97,20,10,NA,NA,A,NA,NA,NA,NA,20170972010
334,2017098,1610,2017,98,16,10,NA,NA,T,NA,NA,NA,NA,20170981610
335,2017098,1750,2017,98,17,50,NA,NA,T,NA,NA,NA,NA,20170981750
336,2017098,1910,2017,98,19,10,NA,NA,A,NA,NA,NA,NA,20170981910
337,2017098,2050,2017,98,20,50,NA,NA,A,NA,NA,NA,NA,20170982050
338,2017098,2055,2017,98,20,55,NA,NA,A,NA,NA,NA,NA,20170982055
339,2017099,1655,2017,99,16,55,19.3375,-99.18296359,T,0.1439,0.24098,0.1048,0,20170991655
340,2017099,1830,2017,99,18,30,NA,NA,T,NA,NA,NA,NA,20170991830
341,2017099,2000,2017,99,20,0,NA,NA,A,NA,NA,NA,NA,20170992000
342,2017100,1555,2017,100,15,55,NA,NA,T,NA,NA,NA,NA,20171001555
343,2017100,1735,2017,100,17,35,19.3375,-99.18296359,T,0.09445,0.16182,0.0603,0,20171001735
344,2017100,1905,2017,100,19,5,NA,NA,A,NA,NA,NA,NA,20171001905
345,2017100,2040,2017,100,20,40,NA,NA,A,NA,NA,NA,NA,20171002040
346,2017101,1640,2017,101,16,40,19.3375,-99.18296359,T,0.13835,0.22755,0.0873,0,20171011640
347,2017101,1815,2017,101,18,15,NA,NA,T,NA,NA,NA,NA,20171011815
348,2017101,1940,2017,101,19,40,NA,NA,A,NA,NA,NA,NA,20171011940
349,2017101,1945,2017,101,19,45,NA,NA,A,NA,NA,NA,NA,20171011945
350,2017102,1725,2017,102,17,25,19.3375,-99.18296359,T,0.11143,0.18718,0.0792,0,20171021725
351,2017102,2025,2017,102,20,25,NA,NA,A,NA,NA,NA,NA,20171022025
352,2017102,2030,2017,102,20,30,19.3375,-99.18296359,A,0.1486,0.2455,0.0996,0,20171022030
353,2017103,1630,2017,103,16,30,NA,NA,T,NA,NA,NA,NA,20171031630
354,2017103,1805,2017,103,18,5,NA,NA,T,NA,NA,NA,NA,20171031805
355,2017103,1935,2017,103,19,35,NA,NA,A,NA,NA,NA,NA,20171031935
356,2017103,2110,2017,103,21,10,NA,NA,A,NA,NA,NA,NA,20171032110
357,2017104,1710,2017,104,17,10,19.3375,-99.18296359,T,0.1521,0.24942,0.1146,0,20171041710
358,2017104,2015,2017,104,20,15,NA,NA,A,NA,NA,NA,NA,20171042015
359,2017105,1615,2017,105,16,15,NA,NA,T,NA,NA,NA,NA,20171051615
360,2017105,1755,2017,105,17,55,NA,NA,T,NA,NA,NA,NA,20171051755
361,2017105,2055,2017,105,20,55,NA,NA,A,NA,NA,NA,NA,20171052055
362,2017105,2100,2017,105,21,0,NA,NA,A,NA,NA,NA,NA,20171052100
363,2017106,1700,2017,106,17,0,19.3375,-99.18296359,T,0.15325,0.24828,0.1068,0,20171061700
364,2017106,2000,2017,106,20,0,NA,NA,A,NA,NA,NA,NA,20171062000
365,2017106,2005,2017,106,20,5,NA,NA,A,NA,NA,NA,NA,20171062005
366,2017107,1605,2017,107,16,5,NA,NA,T,NA,NA,NA,NA,20171071605
367,2017107,1740,2017,107,17,40,NA,NA,T,NA,NA,NA,NA,20171071740
368,2017107,1905,2017,107,19,5,NA,NA,A,NA,NA,NA,NA,20171071905
369,2017107,1910,2017,107,19,10,NA,NA,A,NA,NA,NA,NA,20171071910
370,2017107,2045,2017,107,20,45,NA,NA,A,NA,NA,NA,NA,20171072045
371,2017108,1645,2017,108,16,45,NA,NA,T,NA,NA,NA,NA,20171081645
372,2017108,1825,2017,108,18,25,NA,NA,T,NA,NA,NA,NA,20171081825
373,2017108,1950,2017,108,19,50,NA,NA,A,NA,NA,NA,NA,20171081950
374,2017109,1730,2017,109,17,30,NA,NA,T,NA,NA,NA,NA,20171091730
375,2017109,2030,2017,109,20,30,NA,NA,A,NA,NA,NA,NA,20171092030
376,2017109,2035,2017,109,20,35,NA,NA,A,NA,NA,NA,NA,20171092035
377,2017110,1635,2017,110,16,35,19.3375,-99.18296359,T,0.13335,0.22122,0.0794,0,20171101635
378,2017110,1810,2017,110,18,10,NA,NA,T,NA,NA,NA,NA,20171101810
379,2017110,1935,2017,110,19,35,NA,NA,A,NA,NA,NA,NA,20171101935
380,2017110,1940,2017,110,19,40,19.3375,-99.18296359,A,0.08803,0.1609,0.0508,0,20171101940
381,2017111,1715,2017,111,17,15,19.3375,-99.18296359,T,0.13305,0.22015,0.1039,0,20171111715
382,2017111,2020,2017,111,20,20,NA,NA,A,NA,NA,NA,NA,20171112020
383,2017112,1620,2017,112,16,20,NA,NA,T,NA,NA,NA,NA,20171121620
384,2017112,1800,2017,112,18,0,19.3375,-99.18296359,T,0.07092,0.1306,0.0332,0,20171121800
385,2017112,1925,2017,112,19,25,19.3375,-99.18296359,A,0.07323,0.13663,0.0432,0,20171121925
386,2017112,2105,2017,112,21,5,NA,NA,A,NA,NA,NA,NA,20171122105
387,2017113,1705,2017,113,17,5,19.3375,-99.18296359,T,0.1588,0.259,0.1188,0,20171131705
388,2017113,2005,2017,113,20,5,NA,NA,A,NA,NA,NA,NA,20171132005
389,2017113,2010,2017,113,20,10,NA,NA,A,NA,NA,NA,NA,20171132010
390,2017114,1910,2017,114,19,10,NA,NA,A,NA,NA,NA,NA,20171141910
391,2017114,2050,2017,114,20,50,NA,NA,A,NA,NA,NA,NA,20171142050
392,2017114,2055,2017,114,20,55,NA,NA,A,NA,NA,NA,NA,20171142055
393,2017115,1655,2017,115,16,55,NA,NA,T,NA,NA,NA,NA,20171151655
394,2017115,1830,2017,115,18,30,NA,NA,T,NA,NA,NA,NA,20171151830
395,2017115,2000,2017,115,20,0,NA,NA,A,NA,NA,NA,NA,20171152000
396,2017116,1600,2017,116,16,0,NA,NA,T,NA,NA,NA,NA,20171161600
397,2017116,1735,2017,116,17,35,19.3375,-99.18296359,T,0.0976,0.16145,0.0636,0,20171161735
398,2017116,1900,2017,116,19,0,NA,NA,A,NA,NA,NA,NA,20171161900
399,2017116,2040,2017,116,20,40,NA,NA,A,NA,NA,NA,NA,20171162040
400,2017117,1640,2017,117,16,40,NA,NA,T,NA,NA,NA,NA,20171171640
401,2017117,1815,2017,117,18,15,NA,NA,T,NA,NA,NA,NA,20171171815
402,2017117,1940,2017,117,19,40,NA,NA,A,NA,NA,NA,NA,20171171940
403,2017117,1945,2017,117,19,45,NA,NA,A,NA,NA,NA,NA,20171171945
404,2017118,1725,2017,118,17,25,NA,NA,T,NA,NA,NA,NA,20171181725
405,2017118,2025,2017,118,20,25,NA,NA,A,NA,NA,NA,NA,20171182025
406,2017118,2030,2017,118,20,30,NA,NA,A,NA,NA,NA,NA,20171182030
407,2017119,1630,2017,119,16,30,NA,NA,T,NA,NA,NA,NA,20171191630
408,2017119,1805,2017,119,18,5,NA,NA,T,NA,NA,NA,NA,20171191805
409,2017119,1935,2017,119,19,35,NA,NA,A,NA,NA,NA,NA,20171191935
410,2017119,2110,2017,119,21,10,NA,NA,A,NA,NA,NA,NA,20171192110
411,2017120,1710,2017,120,17,10,19.3375,-99.18296359,T,0.1693,0.26515,0.1074,0,20171201710
412,2017120,2015,2017,120,20,15,NA,NA,A,NA,NA,NA,NA,20171202015
413,2017121,1615,2017,121,16,15,NA,NA,T,NA,NA,NA,NA,20171211615
414,2017121,1755,2017,121,17,55,19.3375,-99.18296359,T,0.07587,0.1442,0.04,0,20171211755
415,2017121,2055,2017,121,20,55,NA,NA,A,NA,NA,NA,NA,20171212055
416,2017121,2100,2017,121,21,0,NA,NA,A,NA,NA,NA,NA,20171212100
417,2017122,1700,2017,122,17,0,NA,NA,T,NA,NA,NA,NA,20171221700
418,2017122,2000,2017,122,20,0,NA,NA,A,NA,NA,NA,NA,20171222000
419,2017122,2005,2017,122,20,5,NA,NA,A,NA,NA,NA,NA,20171222005
420,2017123,1605,2017,123,16,5,NA,NA,T,NA,NA,NA,NA,20171231605
421,2017123,1740,2017,123,17,40,NA,NA,T,NA,NA,NA,NA,20171231740
422,2017123,1910,2017,123,19,10,NA,NA,A,NA,NA,NA,NA,20171231910
423,2017123,2045,2017,123,20,45,NA,NA,A,NA,NA,NA,NA,20171232045
424,2017124,1645,2017,124,16,45,NA,NA,T,NA,NA,NA,NA,20171241645
425,2017124,1825,2017,124,18,25,NA,NA,T,NA,NA,NA,NA,20171241825
426,2017124,1950,2017,124,19,50,NA,NA,A,NA,NA,NA,NA,20171241950
427,2017125,1730,2017,125,17,30,19.3375,-99.18296359,T,0.1334,0.20885,0.0926,0,20171251730
428,2017125,2030,2017,125,20,30,NA,NA,A,NA,NA,NA,NA,20171252030
429,2017125,2035,2017,125,20,35,NA,NA,A,NA,NA,NA,NA,20171252035
430,2017126,1635,2017,126,16,35,NA,NA,T,NA,NA,NA,NA,20171261635
431,2017126,1810,2017,126,18,10,NA,NA,T,NA,NA,NA,NA,20171261810
432,2017126,1935,2017,126,19,35,NA,NA,A,NA,NA,NA,NA,20171261935
433,2017126,1940,2017,126,19,40,NA,NA,A,NA,NA,NA,NA,20171261940
434,2017127,1720,2017,127,17,20,19.3375,-99.18296359,T,0.14877,0.23418,0.1148,0,20171271720
435,2017127,2020,2017,127,20,20,NA,NA,A,NA,NA,NA,NA,20171272020
436,2017128,1620,2017,128,16,20,NA,NA,T,NA,NA,NA,NA,20171281620
437,2017128,1800,2017,128,18,0,NA,NA,T,NA,NA,NA,NA,20171281800
438,2017128,1925,2017,128,19,25,NA,NA,A,NA,NA,NA,NA,20171281925
439,2017128,2105,2017,128,21,5,NA,NA,A,NA,NA,NA,NA,20171282105
440,2017129,1705,2017,129,17,5,NA,NA,T,NA,NA,NA,NA,20171291705
441,2017129,2005,2017,129,20,5,NA,NA,A,NA,NA,NA,NA,20171292005
442,2017129,2010,2017,129,20,10,NA,NA,A,NA,NA,NA,NA,20171292010
443,2017130,1610,2017,130,16,10,NA,NA,T,NA,NA,NA,NA,20171301610
444,2017130,1750,2017,130,17,50,NA,NA,T,NA,NA,NA,NA,20171301750
445,2017130,1910,2017,130,19,10,NA,NA,A,NA,NA,NA,NA,20171301910
446,2017130,1915,2017,130,19,15,NA,NA,A,NA,NA,NA,NA,20171301915
447,2017130,2055,2017,130,20,55,NA,NA,A,NA,NA,NA,NA,20171302055
448,2017131,1655,2017,131,16,55,19.3375,-99.18296359,T,0.141,0.24055,0.0944,0,20171311655
449,2017131,1830,2017,131,18,30,NA,NA,T,NA,NA,NA,NA,20171311830
450,2017131,2000,2017,131,20,0,NA,NA,A,NA,NA,NA,NA,20171312000
451,2017132,1600,2017,132,16,0,NA,NA,T,NA,NA,NA,NA,20171321600
452,2017132,1735,2017,132,17,35,NA,NA,T,NA,NA,NA,NA,20171321735
453,2017132,2035,2017,132,20,35,NA,NA,A,NA,NA,NA,NA,20171322035
454,2017132,2040,2017,132,20,40,NA,NA,A,NA,NA,NA,NA,20171322040
455,2017133,1640,2017,133,16,40,19.3375,-99.18296359,T,0.13358,0.22902,0.0935,0,20171331640
456,2017133,1815,2017,133,18,15,NA,NA,T,NA,NA,NA,NA,20171331815
457,2017133,1940,2017,133,19,40,NA,NA,A,NA,NA,NA,NA,20171331940
458,2017133,1945,2017,133,19,45,NA,NA,A,NA,NA,NA,NA,20171331945
459,2017134,1725,2017,134,17,25,NA,NA,T,NA,NA,NA,NA,20171341725
460,2017134,2025,2017,134,20,25,NA,NA,A,NA,NA,NA,NA,20171342025
461,2017134,2030,2017,134,20,30,NA,NA,A,NA,NA,NA,NA,20171342030
462,2017135,1630,2017,135,16,30,NA,NA,T,NA,NA,NA,NA,20171351630
463,2017135,1805,2017,135,18,5,NA,NA,T,NA,NA,NA,NA,20171351805
464,2017135,1935,2017,135,19,35,NA,NA,A,NA,NA,NA,NA,20171351935
465,2017135,2110,2017,135,21,10,NA,NA,A,NA,NA,NA,NA,20171352110
466,2017136,1710,2017,136,17,10,NA,NA,T,NA,NA,NA,NA,20171361710
467,2017136,2015,2017,136,20,15,NA,NA,A,NA,NA,NA,NA,20171362015
468,2017137,1615,2017,137,16,15,NA,NA,T,NA,NA,NA,NA,20171371615
469,2017137,1755,2017,137,17,55,NA,NA,T,NA,NA,NA,NA,20171371755
470,2017137,2055,2017,137,20,55,NA,NA,A,NA,NA,NA,NA,20171372055
471,2017137,2100,2017,137,21,0,NA,NA,A,NA,NA,NA,NA,20171372100
472,2017138,1700,2017,138,17,0,19.3375,-99.18296359,T,0.1329,0.22255,0.1043,0,20171381700
473,2017138,2000,2017,138,20,0,NA,NA,A,NA,NA,NA,NA,20171382000
474,2017138,2005,2017,138,20,5,NA,NA,A,NA,NA,NA,NA,20171382005
475,2017139,1605,2017,139,16,5,NA,NA,T,NA,NA,NA,NA,20171391605
476,2017139,1740,2017,139,17,40,19.3375,-99.18296359,T,0.09005,0.1545,0.0506,0,20171391740
477,2017139,1910,2017,139,19,10,NA,NA,A,NA,NA,NA,NA,20171391910
478,2017139,2045,2017,139,20,45,NA,NA,A,NA,NA,NA,NA,20171392045
479,2017140,1645,2017,140,16,45,19.3375,-99.18296359,T,0.12833,0.22133,0.0899,0,20171401645
480,2017140,1825,2017,140,18,25,NA,NA,T,NA,NA,NA,NA,20171401825
481,2017140,1950,2017,140,19,50,NA,NA,A,NA,NA,NA,NA,20171401950
482,2017141,1730,2017,141,17,30,19.3375,-99.18296359,T,0.1103,0.18313,0.0772,0,20171411730
483,2017141,2030,2017,141,20,30,NA,NA,A,NA,NA,NA,NA,20171412030
484,2017141,2035,2017,141,20,35,NA,NA,A,NA,NA,NA,NA,20171412035
485,2017142,1635,2017,142,16,35,NA,NA,T,NA,NA,NA,NA,20171421635
486,2017142,1810,2017,142,18,10,NA,NA,T,NA,NA,NA,NA,20171421810
487,2017142,1935,2017,142,19,35,NA,NA,A,NA,NA,NA,NA,20171421935
488,2017142,1940,2017,142,19,40,NA,NA,A,NA,NA,NA,NA,20171421940
489,2017143,1720,2017,143,17,20,19.3375,-99.18296359,T,0.14103,0.23405,0.1078,0,20171431720
490,2017143,2020,2017,143,20,20,NA,NA,A,NA,NA,NA,NA,20171432020
491,2017144,1620,2017,144,16,20,NA,NA,T,NA,NA,NA,NA,20171441620
492,2017144,1800,2017,144,18,0,NA,NA,T,NA,NA,NA,NA,20171441800
493,2017144,1925,2017,144,19,25,NA,NA,A,NA,NA,NA,NA,20171441925
494,2017144,2105,2017,144,21,5,NA,NA,A,NA,NA,NA,NA,20171442105
495,2017145,2005,2017,145,20,5,NA,NA,A,NA,NA,NA,NA,20171452005
496,2017145,2010,2017,145,20,10,NA,NA,A,NA,NA,NA,NA,20171452010
497,2017146,1610,2017,146,16,10,NA,NA,T,NA,NA,NA,NA,20171461610
498,2017146,1750,2017,146,17,50,19.3375,-99.18296359,T,0.0843,0.15322,0.0443,0,20171461750
499,2017146,1910,2017,146,19,10,NA,NA,A,NA,NA,NA,NA,20171461910
500,2017146,1915,2017,146,19,15,NA,NA,A,NA,NA,NA,NA,20171461915
501,2017146,2055,2017,146,20,55,NA,NA,A,NA,NA,NA,NA,20171462055
502,2017147,1655,2017,147,16,55,NA,NA,T,NA,NA,NA,NA,20171471655
503,2017147,1830,2017,147,18,30,NA,NA,T,NA,NA,NA,NA,20171471830
504,2017147,2000,2017,147,20,0,NA,NA,A,NA,NA,NA,NA,20171472000
505,2017148,1600,2017,148,16,0,NA,NA,T,NA,NA,NA,NA,20171481600
506,2017148,1735,2017,148,17,35,NA,NA,T,NA,NA,NA,NA,20171481735
507,2017148,2035,2017,148,20,35,NA,NA,A,NA,NA,NA,NA,20171482035
508,2017148,2040,2017,148,20,40,NA,NA,A,NA,NA,NA,NA,20171482040
509,2017149,1640,2017,149,16,40,NA,NA,T,NA,NA,NA,NA,20171491640
510,2017149,1815,2017,149,18,15,NA,NA,T,NA,NA,NA,NA,20171491815
511,2017149,1940,2017,149,19,40,NA,NA,A,NA,NA,NA,NA,20171491940
512,2017149,1945,2017,149,19,45,NA,NA,A,NA,NA,NA,NA,20171491945
513,2017150,1725,2017,150,17,25,NA,NA,T,NA,NA,NA,NA,20171501725
514,2017150,2025,2017,150,20,25,NA,NA,A,NA,NA,NA,NA,20171502025
515,2017150,2030,2017,150,20,30,NA,NA,A,NA,NA,NA,NA,20171502030
516,2017151,1630,2017,151,16,30,NA,NA,T,NA,NA,NA,NA,20171511630
517,2017151,1805,2017,151,18,5,NA,NA,T,NA,NA,NA,NA,20171511805
518,2017151,1935,2017,151,19,35,NA,NA,A,NA,NA,NA,NA,20171511935
519,2017151,2110,2017,151,21,10,NA,NA,A,NA,NA,NA,NA,20171512110
520,2017152,1710,2017,152,17,10,NA,NA,T,NA,NA,NA,NA,20171521710
521,2017152,2015,2017,152,20,15,NA,NA,A,NA,NA,NA,NA,20171522015
522,2017153,1615,2017,153,16,15,NA,NA,T,NA,NA,NA,NA,20171531615
523,2017153,1755,2017,153,17,55,NA,NA,T,NA,NA,NA,NA,20171531755
524,2017153,2055,2017,153,20,55,NA,NA,A,NA,NA,NA,NA,20171532055
525,2017153,2100,2017,153,21,0,NA,NA,A,NA,NA,NA,NA,20171532100
526,2017154,1700,2017,154,17,0,19.3375,-99.18296359,T,0.1303,0.2277,0.1013,0,20171541700
527,2017154,2000,2017,154,20,0,NA,NA,A,NA,NA,NA,NA,20171542000
528,2017154,2005,2017,154,20,5,19.3375,-99.18296359,A,0.13067,0.2521,0.1025,0,20171542005
529,2017155,1605,2017,155,16,5,NA,NA,T,NA,NA,NA,NA,20171551605
530,2017155,1740,2017,155,17,40,19.3375,-99.18296359,T,0.08738,0.16795,0.0499,0,20171551740
531,2017155,1910,2017,155,19,10,NA,NA,A,NA,NA,NA,NA,20171551910
532,2017155,2045,2017,155,20,45,NA,NA,A,NA,NA,NA,NA,20171552045
533,2017156,1645,2017,156,16,45,NA,NA,T,NA,NA,NA,NA,20171561645
534,2017156,1825,2017,156,18,25,NA,NA,T,NA,NA,NA,NA,20171561825
535,2017156,1950,2017,156,19,50,NA,NA,A,NA,NA,NA,NA,20171561950
536,2017157,1730,2017,157,17,30,NA,NA,T,NA,NA,NA,NA,20171571730
537,2017157,2030,2017,157,20,30,NA,NA,A,NA,NA,NA,NA,20171572030
538,2017157,2035,2017,157,20,35,NA,NA,A,NA,NA,NA,NA,20171572035
539,2017158,1635,2017,158,16,35,NA,NA,T,NA,NA,NA,NA,20171581635
540,2017158,1810,2017,158,18,10,NA,NA,T,NA,NA,NA,NA,20171581810
541,2017158,1935,2017,158,19,35,NA,NA,A,NA,NA,NA,NA,20171581935
542,2017158,1940,2017,158,19,40,NA,NA,A,NA,NA,NA,NA,20171581940
543,2017159,1720,2017,159,17,20,NA,NA,T,NA,NA,NA,NA,20171591720
544,2017159,2020,2017,159,20,20,NA,NA,A,NA,NA,NA,NA,20171592020
545,2017160,1620,2017,160,16,20,NA,NA,T,NA,NA,NA,NA,20171601620
546,2017160,1800,2017,160,18,0,NA,NA,T,NA,NA,NA,NA,20171601800
547,2017160,1925,2017,160,19,25,NA,NA,A,NA,NA,NA,NA,20171601925
548,2017160,2105,2017,160,21,5,NA,NA,A,NA,NA,NA,NA,20171602105
549,2017161,1705,2017,161,17,5,NA,NA,T,NA,NA,NA,NA,20171611705
550,2017161,2005,2017,161,20,5,NA,NA,A,NA,NA,NA,NA,20171612005
551,2017161,2010,2017,161,20,10,NA,NA,A,NA,NA,NA,NA,20171612010
552,2017162,1610,2017,162,16,10,NA,NA,T,NA,NA,NA,NA,20171621610
553,2017162,1750,2017,162,17,50,19.3375,-99.18296359,T,0.0839,0.16213,0.0509,0,20171621750
554,2017162,1910,2017,162,19,10,NA,NA,A,NA,NA,NA,NA,20171621910
555,2017162,1915,2017,162,19,15,NA,NA,A,NA,NA,NA,NA,20171621915
556,2017162,2055,2017,162,20,55,NA,NA,A,NA,NA,NA,NA,20171622055
557,2017163,1655,2017,163,16,55,19.3375,-99.18296359,T,0.12495,0.2506,0.087,0,20171631655
558,2017163,1830,2017,163,18,30,NA,NA,T,NA,NA,NA,NA,20171631830
559,2017163,2000,2017,163,20,0,NA,NA,A,NA,NA,NA,NA,20171632000
560,2017164,1600,2017,164,16,0,NA,NA,T,NA,NA,NA,NA,20171641600
561,2017164,1735,2017,164,17,35,19.3375,-99.18296359,T,0.09713,0.16493,0.0541,0,20171641735
562,2017164,2035,2017,164,20,35,NA,NA,A,NA,NA,NA,NA,20171642035
563,2017164,2040,2017,164,20,40,NA,NA,A,NA,NA,NA,NA,20171642040
564,2017165,1640,2017,165,16,40,NA,NA,T,NA,NA,NA,NA,20171651640
565,2017165,1815,2017,165,18,15,NA,NA,T,NA,NA,NA,NA,20171651815
566,2017165,1940,2017,165,19,40,NA,NA,A,NA,NA,NA,NA,20171651940
567,2017165,1945,2017,165,19,45,NA,NA,A,NA,NA,NA,NA,20171651945
568,2017166,1725,2017,166,17,25,19.3375,-99.18296359,T,0.11822,0.21882,0.0852,0,20171661725
569,2017166,2025,2017,166,20,25,NA,NA,A,NA,NA,NA,NA,20171662025
570,2017166,2030,2017,166,20,30,19.3375,-99.18296359,A,0.13352,0.25293,0.1146,0,20171662030
571,2017167,1630,2017,167,16,30,NA,NA,T,NA,NA,NA,NA,20171671630
572,2017167,1805,2017,167,18,5,NA,NA,T,NA,NA,NA,NA,20171671805
573,2017167,1935,2017,167,19,35,NA,NA,A,NA,NA,NA,NA,20171671935
574,2017167,2110,2017,167,21,10,NA,NA,A,NA,NA,NA,NA,20171672110
575,2017168,1710,2017,168,17,10,19.3375,-99.18296359,T,0.14,0.2596,0.1052,0,20171681710
576,2017168,2015,2017,168,20,15,19.3375,-99.18296359,A,0.14555,0.25405,0.099,0,20171682015
577,2017169,1615,2017,169,16,15,NA,NA,T,NA,NA,NA,NA,20171691615
578,2017169,1755,2017,169,17,55,NA,NA,T,NA,NA,NA,NA,20171691755
579,2017169,1915,2017,169,19,15,NA,NA,A,NA,NA,NA,NA,20171691915
580,2017169,2055,2017,169,20,55,NA,NA,A,NA,NA,NA,NA,20171692055
581,2017169,2100,2017,169,21,0,NA,NA,A,NA,NA,NA,NA,20171692100
582,2017170,1700,2017,170,17,0,NA,NA,T,NA,NA,NA,NA,20171701700
583,2017170,2000,2017,170,20,0,NA,NA,A,NA,NA,NA,NA,20171702000
584,2017170,2005,2017,170,20,5,NA,NA,A,NA,NA,NA,NA,20171702005
585,2017171,1605,2017,171,16,5,NA,NA,T,NA,NA,NA,NA,20171711605
586,2017171,1740,2017,171,17,40,19.3375,-99.18296359,T,0.08298,0.1622,0.0445,0,20171711740
587,2017171,1910,2017,171,19,10,NA,NA,A,NA,NA,NA,NA,20171711910
588,2017171,2045,2017,171,20,45,NA,NA,A,NA,NA,NA,NA,20171712045
589,2017172,1645,2017,172,16,45,19.3375,-99.18296359,T,0.14132,0.25135,0.0828,0,20171721645
590,2017172,1825,2017,172,18,25,NA,NA,T,NA,NA,NA,NA,20171721825
591,2017172,1950,2017,172,19,50,NA,NA,A,NA,NA,NA,NA,20171721950
592,2017173,1730,2017,173,17,30,NA,NA,T,NA,NA,NA,NA,20171731730
593,2017173,2030,2017,173,20,30,NA,NA,A,NA,NA,NA,NA,20171732030
594,2017173,2035,2017,173,20,35,NA,NA,A,NA,NA,NA,NA,20171732035
595,2017174,1635,2017,174,16,35,19.3375,-99.18296359,T,0.12395,0.22725,0.0748,0,20171741635
596,2017174,1810,2017,174,18,10,NA,NA,T,NA,NA,NA,NA,20171741810
597,2017174,1935,2017,174,19,35,NA,NA,A,NA,NA,NA,NA,20171741935
598,2017174,1940,2017,174,19,40,NA,NA,A,NA,NA,NA,NA,20171741940
599,2017175,1720,2017,175,17,20,NA,NA,T,NA,NA,NA,NA,20171751720
600,2017175,2020,2017,175,20,20,NA,NA,A,NA,NA,NA,NA,20171752020
601,2017176,1620,2017,176,16,20,NA,NA,T,NA,NA,NA,NA,20171761620
602,2017176,1800,2017,176,18,0,NA,NA,T,NA,NA,NA,NA,20171761800
603,2017176,1925,2017,176,19,25,NA,NA,A,NA,NA,NA,NA,20171761925
604,2017176,2105,2017,176,21,5,NA,NA,A,NA,NA,NA,NA,20171762105
605,2017177,1705,2017,177,17,5,NA,NA,T,NA,NA,NA,NA,20171771705
606,2017177,2005,2017,177,20,5,NA,NA,A,NA,NA,NA,NA,20171772005
607,2017177,2010,2017,177,20,10,NA,NA,A,NA,NA,NA,NA,20171772010
608,2017178,1610,2017,178,16,10,NA,NA,T,NA,NA,NA,NA,20171781610
609,2017178,1750,2017,178,17,50,NA,NA,T,NA,NA,NA,NA,20171781750
610,2017178,1910,2017,178,19,10,NA,NA,A,NA,NA,NA,NA,20171781910
611,2017178,1915,2017,178,19,15,NA,NA,A,NA,NA,NA,NA,20171781915
612,2017178,2055,2017,178,20,55,NA,NA,A,NA,NA,NA,NA,20171782055
613,2017179,1655,2017,179,16,55,NA,NA,T,NA,NA,NA,NA,20171791655
614,2017179,1830,2017,179,18,30,NA,NA,T,NA,NA,NA,NA,20171791830
615,2017179,1955,2017,179,19,55,NA,NA,A,NA,NA,NA,NA,20171791955
616,2017180,1600,2017,180,16,0,NA,NA,T,NA,NA,NA,NA,20171801600
617,2017180,1735,2017,180,17,35,NA,NA,T,NA,NA,NA,NA,20171801735
618,2017180,2035,2017,180,20,35,NA,NA,A,NA,NA,NA,NA,20171802035
619,2017180,2040,2017,180,20,40,NA,NA,A,NA,NA,NA,NA,20171802040
620,2017181,1640,2017,181,16,40,NA,NA,T,NA,NA,NA,NA,20171811640
621,2017181,1815,2017,181,18,15,NA,NA,T,NA,NA,NA,NA,20171811815
622,2017181,1940,2017,181,19,40,NA,NA,A,NA,NA,NA,NA,20171811940
623,2017181,1945,2017,181,19,45,NA,NA,A,NA,NA,NA,NA,20171811945
624,2017182,1725,2017,182,17,25,NA,NA,T,NA,NA,NA,NA,20171821725
625,2017182,2030,2017,182,20,30,NA,NA,A,NA,NA,NA,NA,20171822030
626,2017183,1630,2017,183,16,30,NA,NA,T,NA,NA,NA,NA,20171831630
627,2017183,1805,2017,183,18,5,NA,NA,T,NA,NA,NA,NA,20171831805
628,2017183,1935,2017,183,19,35,19.3375,-99.18296359,A,0.54975,0.411,0.0334,0,20171831935
629,2017183,2110,2017,183,21,10,NA,NA,A,NA,NA,NA,NA,20171832110
630,2017184,1710,2017,184,17,10,NA,NA,T,NA,NA,NA,NA,20171841710
631,2017184,2015,2017,184,20,15,NA,NA,A,NA,NA,NA,NA,20171842015
632,2017185,1615,2017,185,16,15,NA,NA,T,NA,NA,NA,NA,20171851615
633,2017185,1755,2017,185,17,55,NA,NA,T,NA,NA,NA,NA,20171851755
634,2017185,1915,2017,185,19,15,NA,NA,A,NA,NA,NA,NA,20171851915
635,2017185,2055,2017,185,20,55,NA,NA,A,NA,NA,NA,NA,20171852055
636,2017185,2100,2017,185,21,0,NA,NA,A,NA,NA,NA,NA,20171852100
637,2017186,2000,2017,186,20,0,NA,NA,A,NA,NA,NA,NA,20171862000
638,2017186,2005,2017,186,20,5,NA,NA,A,NA,NA,NA,NA,20171862005
639,2017187,1605,2017,187,16,5,NA,NA,T,NA,NA,NA,NA,20171871605
640,2017187,1740,2017,187,17,40,NA,NA,T,NA,NA,NA,NA,20171871740
641,2017187,1910,2017,187,19,10,NA,NA,A,NA,NA,NA,NA,20171871910
642,2017187,2045,2017,187,20,45,NA,NA,A,NA,NA,NA,NA,20171872045
643,2017188,1645,2017,188,16,45,NA,NA,T,NA,NA,NA,NA,20171881645
644,2017188,1825,2017,188,18,25,NA,NA,T,NA,NA,NA,NA,20171881825
645,2017188,1950,2017,188,19,50,NA,NA,A,NA,NA,NA,NA,20171881950
646,2017189,1730,2017,189,17,30,NA,NA,T,NA,NA,NA,NA,20171891730
647,2017189,2030,2017,189,20,30,NA,NA,A,NA,NA,NA,NA,20171892030
648,2017189,2035,2017,189,20,35,NA,NA,A,NA,NA,NA,NA,20171892035
649,2017190,1635,2017,190,16,35,NA,NA,T,NA,NA,NA,NA,20171901635
650,2017190,1810,2017,190,18,10,NA,NA,T,NA,NA,NA,NA,20171901810
651,2017190,1935,2017,190,19,35,NA,NA,A,NA,NA,NA,NA,20171901935
652,2017190,1940,2017,190,19,40,NA,NA,A,NA,NA,NA,NA,20171901940
653,2017191,1720,2017,191,17,20,NA,NA,T,NA,NA,NA,NA,20171911720
654,2017191,2020,2017,191,20,20,NA,NA,A,NA,NA,NA,NA,20171912020
655,2017192,1620,2017,192,16,20,NA,NA,T,NA,NA,NA,NA,20171921620
656,2017192,1800,2017,192,18,0,NA,NA,T,NA,NA,NA,NA,20171921800
657,2017192,1925,2017,192,19,25,NA,NA,A,NA,NA,NA,NA,20171921925
658,2017192,2105,2017,192,21,5,NA,NA,A,NA,NA,NA,NA,20171922105
659,2017193,1705,2017,193,17,5,NA,NA,T,NA,NA,NA,NA,20171931705
660,2017193,2005,2017,193,20,5,NA,NA,A,NA,NA,NA,NA,20171932005
661,2017193,2010,2017,193,20,10,NA,NA,A,NA,NA,NA,NA,20171932010
662,2017194,1610,2017,194,16,10,NA,NA,T,NA,NA,NA,NA,20171941610
663,2017194,1750,2017,194,17,50,NA,NA,T,NA,NA,NA,NA,20171941750
664,2017194,1910,2017,194,19,10,NA,NA,A,NA,NA,NA,NA,20171941910
665,2017194,1915,2017,194,19,15,NA,NA,A,NA,NA,NA,NA,20171941915
666,2017194,2050,2017,194,20,50,NA,NA,A,NA,NA,NA,NA,20171942050
667,2017195,1655,2017,195,16,55,NA,NA,T,NA,NA,NA,NA,20171951655
668,2017195,1830,2017,195,18,30,NA,NA,T,NA,NA,NA,NA,20171951830
669,2017195,1955,2017,195,19,55,NA,NA,A,NA,NA,NA,NA,20171951955
670,2017196,1600,2017,196,16,0,NA,NA,T,NA,NA,NA,NA,20171961600
671,2017196,1735,2017,196,17,35,NA,NA,T,NA,NA,NA,NA,20171961735
672,2017196,2035,2017,196,20,35,NA,NA,A,NA,NA,NA,NA,20171962035
673,2017196,2040,2017,196,20,40,NA,NA,A,NA,NA,NA,NA,20171962040
674,2017197,1640,2017,197,16,40,NA,NA,T,NA,NA,NA,NA,20171971640
675,2017197,1815,2017,197,18,15,NA,NA,T,NA,NA,NA,NA,20171971815
676,2017197,1940,2017,197,19,40,NA,NA,A,NA,NA,NA,NA,20171971940
677,2017197,1945,2017,197,19,45,NA,NA,A,NA,NA,NA,NA,20171971945
678,2017198,1725,2017,198,17,25,19.3375,-99.18296359,T,0.291,0.21767,0.1166,0,20171981725
679,2017198,2030,2017,198,20,30,NA,NA,A,NA,NA,NA,NA,20171982030
680,2017199,1630,2017,199,16,30,NA,NA,T,NA,NA,NA,NA,20171991630
681,2017199,1805,2017,199,18,5,NA,NA,T,NA,NA,NA,NA,20171991805
682,2017199,1935,2017,199,19,35,NA,NA,A,NA,NA,NA,NA,20171991935
683,2017199,2110,2017,199,21,10,NA,NA,A,NA,NA,NA,NA,20171992110
684,2017200,1710,2017,200,17,10,NA,NA,T,NA,NA,NA,NA,20172001710
685,2017200,2010,2017,200,20,10,NA,NA,A,NA,NA,NA,NA,20172002010
686,2017200,2015,2017,200,20,15,NA,NA,A,NA,NA,NA,NA,20172002015
687,2017201,1615,2017,201,16,15,NA,NA,T,NA,NA,NA,NA,20172011615
688,2017201,1755,2017,201,17,55,19.3375,-99.18296359,T,0.554,0.41375,0.0202,0,20172011755
689,2017201,1915,2017,201,19,15,NA,NA,A,NA,NA,NA,NA,20172011915
690,2017201,2055,2017,201,20,55,NA,NA,A,NA,NA,NA,NA,20172012055
691,2017201,2100,2017,201,21,0,NA,NA,A,NA,NA,NA,NA,20172012100
692,2017202,1700,2017,202,17,0,NA,NA,T,NA,NA,NA,NA,20172021700
693,2017202,2000,2017,202,20,0,NA,NA,A,NA,NA,NA,NA,20172022000
694,2017202,2005,2017,202,20,5,NA,NA,A,NA,NA,NA,NA,20172022005
695,2017203,1605,2017,203,16,5,NA,NA,T,NA,NA,NA,NA,20172031605
696,2017203,1740,2017,203,17,40,NA,NA,T,NA,NA,NA,NA,20172031740
697,2017203,1910,2017,203,19,10,NA,NA,A,NA,NA,NA,NA,20172031910
698,2017203,2045,2017,203,20,45,NA,NA,A,NA,NA,NA,NA,20172032045
699,2017204,1645,2017,204,16,45,NA,NA,T,NA,NA,NA,NA,20172041645
700,2017204,1825,2017,204,18,25,NA,NA,T,NA,NA,NA,NA,20172041825
701,2017204,1950,2017,204,19,50,NA,NA,A,NA,NA,NA,NA,20172041950
702,2017205,1730,2017,205,17,30,NA,NA,T,NA,NA,NA,NA,20172051730
703,2017205,2030,2017,205,20,30,NA,NA,A,NA,NA,NA,NA,20172052030
704,2017205,2035,2017,205,20,35,NA,NA,A,NA,NA,NA,NA,20172052035
705,2017206,1635,2017,206,16,35,NA,NA,T,NA,NA,NA,NA,20172061635
706,2017206,1810,2017,206,18,10,NA,NA,T,NA,NA,NA,NA,20172061810
707,2017206,1935,2017,206,19,35,NA,NA,A,NA,NA,NA,NA,20172061935
708,2017206,1940,2017,206,19,40,NA,NA,A,NA,NA,NA,NA,20172061940
709,2017207,1720,2017,207,17,20,NA,NA,T,NA,NA,NA,NA,20172071720
710,2017207,2020,2017,207,20,20,NA,NA,A,NA,NA,NA,NA,20172072020
711,2017208,1620,2017,208,16,20,NA,NA,T,NA,NA,NA,NA,20172081620
712,2017208,1800,2017,208,18,0,NA,NA,T,NA,NA,NA,NA,20172081800
713,2017208,1925,2017,208,19,25,NA,NA,A,NA,NA,NA,NA,20172081925
714,2017208,2105,2017,208,21,5,NA,NA,A,NA,NA,NA,NA,20172082105
715,2017209,1705,2017,209,17,5,19.3375,-99.18296359,T,0.0755,0.05625,0.2023,0,20172091705
716,2017209,2005,2017,209,20,5,NA,NA,A,NA,NA,NA,NA,20172092005
717,2017209,2010,2017,209,20,10,NA,NA,A,NA,NA,NA,NA,20172092010
718,2017210,1610,2017,210,16,10,NA,NA,T,NA,NA,NA,NA,20172101610
719,2017210,1750,2017,210,17,50,19.3375,-99.18296359,T,0.24175,0.1805,0.0254,0,20172101750
720,2017210,1910,2017,210,19,10,NA,NA,A,NA,NA,NA,NA,20172101910
721,2017210,1915,2017,210,19,15,NA,NA,A,NA,NA,NA,NA,20172101915
722,2017210,2050,2017,210,20,50,NA,NA,A,NA,NA,NA,NA,20172102050
723,2017211,1655,2017,211,16,55,NA,NA,T,NA,NA,NA,NA,20172111655
724,2017211,1830,2017,211,18,30,NA,NA,T,NA,NA,NA,NA,20172111830
725,2017211,1955,2017,211,19,55,NA,NA,A,NA,NA,NA,NA,20172111955
726,2017212,1600,2017,212,16,0,NA,NA,T,NA,NA,NA,NA,20172121600
727,2017212,1735,2017,212,17,35,NA,NA,T,NA,NA,NA,NA,20172121735
728,2017212,2035,2017,212,20,35,NA,NA,A,NA,NA,NA,NA,20172122035
729,2017212,2040,2017,212,20,40,NA,NA,A,NA,NA,NA,NA,20172122040
730,2017213,1640,2017,213,16,40,19.3375,-99.18296359,T,0.509,0.38,0.0369,0,20172131640
731,2017213,1815,2017,213,18,15,NA,NA,T,NA,NA,NA,NA,20172131815
732,2017213,1940,2017,213,19,40,NA,NA,A,NA,NA,NA,NA,20172131940
733,2017213,1945,2017,213,19,45,NA,NA,A,NA,NA,NA,NA,20172131945
734,2017214,1725,2017,214,17,25,NA,NA,T,NA,NA,NA,NA,20172141725
735,2017214,2030,2017,214,20,30,NA,NA,A,NA,NA,NA,NA,20172142030
736,2017215,1630,2017,215,16,30,NA,NA,T,NA,NA,NA,NA,20172151630
737,2017215,1805,2017,215,18,5,NA,NA,T,NA,NA,NA,NA,20172151805
738,2017215,1935,2017,215,19,35,NA,NA,A,NA,NA,NA,NA,20172151935
739,2017215,2110,2017,215,21,10,NA,NA,A,NA,NA,NA,NA,20172152110
740,2017216,1710,2017,216,17,10,NA,NA,T,NA,NA,NA,NA,20172161710
741,2017216,2010,2017,216,20,10,NA,NA,A,NA,NA,NA,NA,20172162010
742,2017216,2015,2017,216,20,15,NA,NA,A,NA,NA,NA,NA,20172162015
743,2017217,1615,2017,217,16,15,NA,NA,T,NA,NA,NA,NA,20172171615
744,2017217,1755,2017,217,17,55,NA,NA,T,NA,NA,NA,NA,20172171755
745,2017217,1915,2017,217,19,15,NA,NA,A,NA,NA,NA,NA,20172171915
746,2017217,2055,2017,217,20,55,NA,NA,A,NA,NA,NA,NA,20172172055
747,2017217,2100,2017,217,21,0,NA,NA,A,NA,NA,NA,NA,20172172100
748,2017218,1700,2017,218,17,0,19.3375,-99.18296359,T,0.1465,0.10925,0.0944,0,20172181700
749,2017218,2000,2017,218,20,0,NA,NA,A,NA,NA,NA,NA,20172182000
750,2017218,2005,2017,218,20,5,NA,NA,A,NA,NA,NA,NA,20172182005
751,2017219,1605,2017,219,16,5,NA,NA,T,NA,NA,NA,NA,20172191605
752,2017219,1740,2017,219,17,40,NA,NA,T,NA,NA,NA,NA,20172191740
753,2017219,1910,2017,219,19,10,NA,NA,A,NA,NA,NA,NA,20172191910
754,2017219,2045,2017,219,20,45,NA,NA,A,NA,NA,NA,NA,20172192045
755,2017220,1645,2017,220,16,45,NA,NA,T,NA,NA,NA,NA,20172201645
756,2017220,1825,2017,220,18,25,NA,NA,T,NA,NA,NA,NA,20172201825
757,2017220,1950,2017,220,19,50,NA,NA,A,NA,NA,NA,NA,20172201950
758,2017221,1730,2017,221,17,30,NA,NA,T,NA,NA,NA,NA,20172211730
759,2017221,2030,2017,221,20,30,NA,NA,A,NA,NA,NA,NA,20172212030
760,2017221,2035,2017,221,20,35,NA,NA,A,NA,NA,NA,NA,20172212035
761,2017222,1635,2017,222,16,35,NA,NA,T,NA,NA,NA,NA,20172221635
762,2017222,1810,2017,222,18,10,NA,NA,T,NA,NA,NA,NA,20172221810
763,2017222,1935,2017,222,19,35,NA,NA,A,NA,NA,NA,NA,20172221935
764,2017222,1940,2017,222,19,40,NA,NA,A,NA,NA,NA,NA,20172221940
765,2017223,1720,2017,223,17,20,NA,NA,T,NA,NA,NA,NA,20172231720
766,2017223,2020,2017,223,20,20,NA,NA,A,NA,NA,NA,NA,20172232020
767,2017224,1625,2017,224,16,25,NA,NA,T,NA,NA,NA,NA,20172241625
768,2017224,1800,2017,224,18,0,NA,NA,T,NA,NA,NA,NA,20172241800
769,2017224,1925,2017,224,19,25,NA,NA,A,NA,NA,NA,NA,20172241925
770,2017224,2105,2017,224,21,5,NA,NA,A,NA,NA,NA,NA,20172242105
771,2017225,1705,2017,225,17,5,NA,NA,T,NA,NA,NA,NA,20172251705
772,2017225,2005,2017,225,20,5,NA,NA,A,NA,NA,NA,NA,20172252005
773,2017225,2010,2017,225,20,10,NA,NA,A,NA,NA,NA,NA,20172252010
774,2017226,1610,2017,226,16,10,NA,NA,T,NA,NA,NA,NA,20172261610
775,2017226,1750,2017,226,17,50,19.3375,-99.17413201,T,0.234,0.175,0.0246,0,20172261750
776,2017226,1910,2017,226,19,10,NA,NA,A,NA,NA,NA,NA,20172261910
777,2017226,1915,2017,226,19,15,NA,NA,A,NA,NA,NA,NA,20172261915
778,2017226,2050,2017,226,20,50,NA,NA,A,NA,NA,NA,NA,20172262050
779,2017227,1655,2017,227,16,55,NA,NA,T,NA,NA,NA,NA,20172271655
780,2017227,1830,2017,227,18,30,NA,NA,T,NA,NA,NA,NA,20172271830
781,2017227,1955,2017,227,19,55,NA,NA,A,NA,NA,NA,NA,20172271955
782,2017228,1600,2017,228,16,0,NA,NA,T,NA,NA,NA,NA,20172281600
783,2017228,1735,2017,228,17,35,NA,NA,T,NA,NA,NA,NA,20172281735
784,2017228,2035,2017,228,20,35,NA,NA,A,NA,NA,NA,NA,20172282035
785,2017228,2040,2017,228,20,40,NA,NA,A,NA,NA,NA,NA,20172282040
786,2017229,1640,2017,229,16,40,NA,NA,T,NA,NA,NA,NA,20172291640
787,2017229,1820,2017,229,18,20,NA,NA,T,NA,NA,NA,NA,20172291820
788,2017229,1940,2017,229,19,40,NA,NA,A,NA,NA,NA,NA,20172291940
789,2017229,1945,2017,229,19,45,NA,NA,A,NA,NA,NA,NA,20172291945
790,2017230,1725,2017,230,17,25,NA,NA,T,NA,NA,NA,NA,20172301725
791,2017230,2030,2017,230,20,30,NA,NA,A,NA,NA,NA,NA,20172302030
792,2017231,1630,2017,231,16,30,NA,NA,T,NA,NA,NA,NA,20172311630
793,2017231,1805,2017,231,18,5,NA,NA,T,NA,NA,NA,NA,20172311805
794,2017231,1935,2017,231,19,35,NA,NA,A,NA,NA,NA,NA,20172311935
795,2017231,2110,2017,231,21,10,NA,NA,A,NA,NA,NA,NA,20172312110
796,2017232,1710,2017,232,17,10,NA,NA,T,NA,NA,NA,NA,20172321710
797,2017232,2010,2017,232,20,10,NA,NA,A,NA,NA,NA,NA,20172322010
798,2017232,2015,2017,232,20,15,NA,NA,A,NA,NA,NA,NA,20172322015
799,2017233,1615,2017,233,16,15,NA,NA,T,NA,NA,NA,NA,20172331615
800,2017233,1755,2017,233,17,55,NA,NA,T,NA,NA,NA,NA,20172331755
801,2017233,1915,2017,233,19,15,NA,NA,A,NA,NA,NA,NA,20172331915
802,2017233,2055,2017,233,20,55,NA,NA,A,NA,NA,NA,NA,20172332055
803,2017233,2100,2017,233,21,0,NA,NA,A,NA,NA,NA,NA,20172332100
804,2017234,1700,2017,234,17,0,NA,NA,T,NA,NA,NA,NA,20172341700
805,2017234,2000,2017,234,20,0,NA,NA,A,NA,NA,NA,NA,20172342000
806,2017234,2005,2017,234,20,5,NA,NA,A,NA,NA,NA,NA,20172342005
807,2017235,1605,2017,235,16,5,NA,NA,T,NA,NA,NA,NA,20172351605
808,2017235,1740,2017,235,17,40,NA,NA,T,NA,NA,NA,NA,20172351740
809,2017235,1910,2017,235,19,10,NA,NA,A,NA,NA,NA,NA,20172351910
810,2017235,2045,2017,235,20,45,NA,NA,A,NA,NA,NA,NA,20172352045
811,2017236,1645,2017,236,16,45,NA,NA,T,NA,NA,NA,NA,20172361645
812,2017236,1825,2017,236,18,25,NA,NA,T,NA,NA,NA,NA,20172361825
813,2017236,1950,2017,236,19,50,NA,NA,A,NA,NA,NA,NA,20172361950
814,2017237,1730,2017,237,17,30,NA,NA,T,NA,NA,NA,NA,20172371730
815,2017237,2030,2017,237,20,30,NA,NA,A,NA,NA,NA,NA,20172372030
816,2017237,2035,2017,237,20,35,NA,NA,A,NA,NA,NA,NA,20172372035
817,2017238,1635,2017,238,16,35,NA,NA,T,NA,NA,NA,NA,20172381635
818,2017238,1810,2017,238,18,10,NA,NA,T,NA,NA,NA,NA,20172381810
819,2017238,1935,2017,238,19,35,NA,NA,A,NA,NA,NA,NA,20172381935
820,2017238,1940,2017,238,19,40,NA,NA,A,NA,NA,NA,NA,20172381940
821,2017239,1720,2017,239,17,20,NA,NA,T,NA,NA,NA,NA,20172391720
822,2017239,2020,2017,239,20,20,NA,NA,A,NA,NA,NA,NA,20172392020
823,2017240,1625,2017,240,16,25,NA,NA,T,NA,NA,NA,NA,20172401625
824,2017240,1800,2017,240,18,0,NA,NA,T,NA,NA,NA,NA,20172401800
825,2017240,1925,2017,240,19,25,NA,NA,A,NA,NA,NA,NA,20172401925
826,2017240,2105,2017,240,21,5,NA,NA,A,NA,NA,NA,NA,20172402105
827,2017241,1705,2017,241,17,5,NA,NA,T,NA,NA,NA,NA,20172411705
828,2017241,2005,2017,241,20,5,NA,NA,A,NA,NA,NA,NA,20172412005
829,2017241,2010,2017,241,20,10,NA,NA,A,NA,NA,NA,NA,20172412010
830,2017242,1610,2017,242,16,10,NA,NA,T,NA,NA,NA,NA,20172421610
831,2017242,1750,2017,242,17,50,NA,NA,T,NA,NA,NA,NA,20172421750
832,2017242,1910,2017,242,19,10,NA,NA,A,NA,NA,NA,NA,20172421910
833,2017242,1915,2017,242,19,15,NA,NA,A,NA,NA,NA,NA,20172421915
834,2017242,2050,2017,242,20,50,NA,NA,A,NA,NA,NA,NA,20172422050
835,2017243,1655,2017,243,16,55,NA,NA,T,NA,NA,NA,NA,20172431655
836,2017243,1830,2017,243,18,30,NA,NA,T,NA,NA,NA,NA,20172431830
837,2017243,1955,2017,243,19,55,NA,NA,A,NA,NA,NA,NA,20172431955
838,2017244,1600,2017,244,16,0,NA,NA,T,NA,NA,NA,NA,20172441600
839,2017244,1735,2017,244,17,35,NA,NA,T,NA,NA,NA,NA,20172441735
840,2017244,2035,2017,244,20,35,NA,NA,A,NA,NA,NA,NA,20172442035
841,2017244,2040,2017,244,20,40,NA,NA,A,NA,NA,NA,NA,20172442040
842,2017245,1640,2017,245,16,40,NA,NA,T,NA,NA,NA,NA,20172451640
843,2017245,1820,2017,245,18,20,NA,NA,T,NA,NA,NA,NA,20172451820
844,2017245,1940,2017,245,19,40,NA,NA,A,NA,NA,NA,NA,20172451940
845,2017245,1945,2017,245,19,45,NA,NA,A,NA,NA,NA,NA,20172451945
846,2017246,1725,2017,246,17,25,NA,NA,T,NA,NA,NA,NA,20172461725
847,2017246,2030,2017,246,20,30,NA,NA,A,NA,NA,NA,NA,20172462030
848,2017247,1630,2017,247,16,30,NA,NA,T,NA,NA,NA,NA,20172471630
849,2017247,1805,2017,247,18,5,NA,NA,T,NA,NA,NA,NA,20172471805
850,2017247,1935,2017,247,19,35,NA,NA,A,NA,NA,NA,NA,20172471935
851,2017247,2110,2017,247,21,10,NA,NA,A,NA,NA,NA,NA,20172472110
852,2017248,1710,2017,248,17,10,NA,NA,T,NA,NA,NA,NA,20172481710
853,2017248,2010,2017,248,20,10,NA,NA,A,NA,NA,NA,NA,20172482010
854,2017248,2015,2017,248,20,15,NA,NA,A,NA,NA,NA,NA,20172482015
855,2017249,1615,2017,249,16,15,NA,NA,T,NA,NA,NA,NA,20172491615
856,2017249,1755,2017,249,17,55,NA,NA,T,NA,NA,NA,NA,20172491755
857,2017249,1915,2017,249,19,15,NA,NA,A,NA,NA,NA,NA,20172491915
858,2017249,2055,2017,249,20,55,NA,NA,A,NA,NA,NA,NA,20172492055
859,2017249,2100,2017,249,21,0,NA,NA,A,NA,NA,NA,NA,20172492100
860,2017250,1700,2017,250,17,0,NA,NA,T,NA,NA,NA,NA,20172501700
861,2017250,2000,2017,250,20,0,NA,NA,A,NA,NA,NA,NA,20172502000
862,2017250,2005,2017,250,20,5,NA,NA,A,NA,NA,NA,NA,20172502005
863,2017251,1605,2017,251,16,5,NA,NA,T,NA,NA,NA,NA,20172511605
864,2017251,1740,2017,251,17,40,NA,NA,T,NA,NA,NA,NA,20172511740
865,2017251,1910,2017,251,19,10,NA,NA,A,NA,NA,NA,NA,20172511910
866,2017251,2045,2017,251,20,45,NA,NA,A,NA,NA,NA,NA,20172512045
867,2017252,1645,2017,252,16,45,NA,NA,T,NA,NA,NA,NA,20172521645
868,2017252,1825,2017,252,18,25,NA,NA,T,NA,NA,NA,NA,20172521825
869,2017252,1950,2017,252,19,50,NA,NA,A,NA,NA,NA,NA,20172521950
870,2017253,1730,2017,253,17,30,NA,NA,T,NA,NA,NA,NA,20172531730
871,2017253,2030,2017,253,20,30,NA,NA,A,NA,NA,NA,NA,20172532030
872,2017253,2035,2017,253,20,35,NA,NA,A,NA,NA,NA,NA,20172532035
873,2017254,1635,2017,254,16,35,19.3375,-99.18296359,T,0.14,0.10425,0.0272,0,20172541635
874,2017254,1810,2017,254,18,10,NA,NA,T,NA,NA,NA,NA,20172541810
875,2017254,1935,2017,254,19,35,NA,NA,A,NA,NA,NA,NA,20172541935
876,2017254,1940,2017,254,19,40,NA,NA,A,NA,NA,NA,NA,20172541940
877,2017255,1720,2017,255,17,20,19.3375,-99.18296359,T,0.04625,0.0345,0.1092,0,20172551720
878,2017255,2020,2017,255,20,20,19.3375,-99.18296359,A,0.103,0.0765,0.0708,0,20172552020
879,2017256,1625,2017,256,16,25,NA,NA,T,NA,NA,NA,NA,20172561625
880,2017256,1800,2017,256,18,0,NA,NA,T,NA,NA,NA,NA,20172561800
881,2017256,1925,2017,256,19,25,NA,NA,A,NA,NA,NA,NA,20172561925
882,2017256,2105,2017,256,21,5,NA,NA,A,NA,NA,NA,NA,20172562105
883,2017257,1705,2017,257,17,5,NA,NA,T,NA,NA,NA,NA,20172571705
884,2017257,2005,2017,257,20,5,NA,NA,A,NA,NA,NA,NA,20172572005
885,2017257,2010,2017,257,20,10,NA,NA,A,NA,NA,NA,NA,20172572010
886,2017258,1610,2017,258,16,10,NA,NA,T,NA,NA,NA,NA,20172581610
887,2017258,1750,2017,258,17,50,19.3375,-99.18296359,T,0.1075,0.08025,0.0234,0,20172581750
888,2017258,1910,2017,258,19,10,NA,NA,A,NA,NA,NA,NA,20172581910
889,2017258,1915,2017,258,19,15,NA,NA,A,NA,NA,NA,NA,20172581915
890,2017258,2050,2017,258,20,50,NA,NA,A,NA,NA,NA,NA,20172582050
891,2017259,1655,2017,259,16,55,NA,NA,T,NA,NA,NA,NA,20172591655
892,2017259,1830,2017,259,18,30,NA,NA,T,NA,NA,NA,NA,20172591830
893,2017259,1955,2017,259,19,55,NA,NA,A,NA,NA,NA,NA,20172591955
894,2017260,1600,2017,260,16,0,NA,NA,T,NA,NA,NA,NA,20172601600
895,2017260,1735,2017,260,17,35,19.3375,-99.18296359,T,0.3585,0.268,0.0422,0,20172601735
896,2017260,2035,2017,260,20,35,NA,NA,A,NA,NA,NA,NA,20172602035
897,2017260,2040,2017,260,20,40,NA,NA,A,NA,NA,NA,NA,20172602040
898,2017261,1640,2017,261,16,40,NA,NA,T,NA,NA,NA,NA,20172611640
899,2017261,1820,2017,261,18,20,NA,NA,T,NA,NA,NA,NA,20172611820
900,2017261,1940,2017,261,19,40,NA,NA,A,NA,NA,NA,NA,20172611940
901,2017261,1945,2017,261,19,45,NA,NA,A,NA,NA,NA,NA,20172611945
902,2017262,1725,2017,262,17,25,NA,NA,T,NA,NA,NA,NA,20172621725
903,2017262,2030,2017,262,20,30,NA,NA,A,NA,NA,NA,NA,20172622030
904,2017263,1630,2017,263,16,30,NA,NA,T,NA,NA,NA,NA,20172631630
905,2017263,1805,2017,263,18,5,NA,NA,T,NA,NA,NA,NA,20172631805
906,2017263,1935,2017,263,19,35,NA,NA,A,NA,NA,NA,NA,20172631935
907,2017263,2110,2017,263,21,10,NA,NA,A,NA,NA,NA,NA,20172632110
908,2017264,1710,2017,264,17,10,NA,NA,T,NA,NA,NA,NA,20172641710
909,2017264,2010,2017,264,20,10,NA,NA,A,NA,NA,NA,NA,20172642010
910,2017264,2015,2017,264,20,15,NA,NA,A,NA,NA,NA,NA,20172642015
911,2017265,1615,2017,265,16,15,NA,NA,T,NA,NA,NA,NA,20172651615
912,2017265,1755,2017,265,17,55,NA,NA,T,NA,NA,NA,NA,20172651755
913,2017265,1915,2017,265,19,15,NA,NA,A,NA,NA,NA,NA,20172651915
914,2017265,2055,2017,265,20,55,NA,NA,A,NA,NA,NA,NA,20172652055
915,2017265,2100,2017,265,21,0,NA,NA,A,NA,NA,NA,NA,20172652100
916,2017266,1700,2017,266,17,0,NA,NA,T,NA,NA,NA,NA,20172661700
917,2017266,2000,2017,266,20,0,NA,NA,A,NA,NA,NA,NA,20172662000
918,2017266,2005,2017,266,20,5,NA,NA,A,NA,NA,NA,NA,20172662005
919,2017267,1605,2017,267,16,5,NA,NA,T,NA,NA,NA,NA,20172671605
920,2017267,1740,2017,267,17,40,NA,NA,T,NA,NA,NA,NA,20172671740
921,2017267,1910,2017,267,19,10,NA,NA,A,NA,NA,NA,NA,20172671910
922,2017267,2045,2017,267,20,45,NA,NA,A,NA,NA,NA,NA,20172672045
923,2017268,1645,2017,268,16,45,NA,NA,T,NA,NA,NA,NA,20172681645
924,2017268,1825,2017,268,18,25,NA,NA,T,NA,NA,NA,NA,20172681825
925,2017268,1950,2017,268,19,50,NA,NA,A,NA,NA,NA,NA,20172681950
926,2017269,1730,2017,269,17,30,NA,NA,T,NA,NA,NA,NA,20172691730
927,2017269,2030,2017,269,20,30,NA,NA,A,NA,NA,NA,NA,20172692030
928,2017269,2035,2017,269,20,35,NA,NA,A,NA,NA,NA,NA,20172692035
929,2017270,1635,2017,270,16,35,NA,NA,T,NA,NA,NA,NA,20172701635
930,2017270,1810,2017,270,18,10,NA,NA,T,NA,NA,NA,NA,20172701810
931,2017270,1935,2017,270,19,35,NA,NA,A,NA,NA,NA,NA,20172701935
932,2017270,1940,2017,270,19,40,NA,NA,A,NA,NA,NA,NA,20172701940
933,2017271,1720,2017,271,17,20,NA,NA,T,NA,NA,NA,NA,20172711720
934,2017271,2020,2017,271,20,20,NA,NA,A,NA,NA,NA,NA,20172712020
935,2017272,1625,2017,272,16,25,NA,NA,T,NA,NA,NA,NA,20172721625
936,2017272,1800,2017,272,18,0,NA,NA,T,NA,NA,NA,NA,20172721800
937,2017272,1925,2017,272,19,25,NA,NA,A,NA,NA,NA,NA,20172721925
938,2017272,2105,2017,272,21,5,NA,NA,A,NA,NA,NA,NA,20172722105
939,2017273,1705,2017,273,17,5,NA,NA,T,NA,NA,NA,NA,20172731705
940,2017273,2005,2017,273,20,5,NA,NA,A,NA,NA,NA,NA,20172732005
941,2017273,2010,2017,273,20,10,NA,NA,A,NA,NA,NA,NA,20172732010
942,2017274,1610,2017,274,16,10,NA,NA,T,NA,NA,NA,NA,20172741610
943,2017274,1750,2017,274,17,50,NA,NA,T,NA,NA,NA,NA,20172741750
944,2017274,1910,2017,274,19,10,NA,NA,A,NA,NA,NA,NA,20172741910
945,2017274,1915,2017,274,19,15,NA,NA,A,NA,NA,NA,NA,20172741915
946,2017274,2055,2017,274,20,55,NA,NA,A,NA,NA,NA,NA,20172742055
947,2017275,1655,2017,275,16,55,NA,NA,T,NA,NA,NA,NA,20172751655
948,2017275,1830,2017,275,18,30,NA,NA,T,NA,NA,NA,NA,20172751830
949,2017275,1955,2017,275,19,55,NA,NA,A,NA,NA,NA,NA,20172751955
950,2017276,1600,2017,276,16,0,NA,NA,T,NA,NA,NA,NA,20172761600
951,2017276,1735,2017,276,17,35,NA,NA,T,NA,NA,NA,NA,20172761735
952,2017276,2035,2017,276,20,35,NA,NA,A,NA,NA,NA,NA,20172762035
953,2017276,2040,2017,276,20,40,NA,NA,A,NA,NA,NA,NA,20172762040
954,2017277,1640,2017,277,16,40,NA,NA,T,NA,NA,NA,NA,20172771640
955,2017277,1815,2017,277,18,15,NA,NA,T,NA,NA,NA,NA,20172771815
956,2017277,1940,2017,277,19,40,NA,NA,A,NA,NA,NA,NA,20172771940
957,2017277,1945,2017,277,19,45,NA,NA,A,NA,NA,NA,NA,20172771945
958,2017278,1725,2017,278,17,25,NA,NA,T,NA,NA,NA,NA,20172781725
959,2017278,2025,2017,278,20,25,NA,NA,A,NA,NA,NA,NA,20172782025
960,2017278,2030,2017,278,20,30,NA,NA,A,NA,NA,NA,NA,20172782030
961,2017279,1630,2017,279,16,30,NA,NA,T,NA,NA,NA,NA,20172791630
962,2017279,1805,2017,279,18,5,NA,NA,T,NA,NA,NA,NA,20172791805
963,2017279,1935,2017,279,19,35,NA,NA,A,NA,NA,NA,NA,20172791935
964,2017279,2110,2017,279,21,10,NA,NA,A,NA,NA,NA,NA,20172792110
965,2017280,1710,2017,280,17,10,19.3375,-99.18296359,T,0.1875,0.14,0.0795,0,20172801710
966,2017280,2015,2017,280,20,15,19.3375,-99.17413201,A,0.358,0.267,0.0731,0,20172802015
967,2017281,1615,2017,281,16,15,NA,NA,T,NA,NA,NA,NA,20172811615
968,2017281,1755,2017,281,17,55,NA,NA,T,NA,NA,NA,NA,20172811755
969,2017281,1915,2017,281,19,15,NA,NA,A,NA,NA,NA,NA,20172811915
970,2017281,2055,2017,281,20,55,NA,NA,A,NA,NA,NA,NA,20172812055
971,2017281,2100,2017,281,21,0,NA,NA,A,NA,NA,NA,NA,20172812100
972,2017282,1700,2017,282,17,0,NA,NA,T,NA,NA,NA,NA,20172821700
973,2017282,2000,2017,282,20,0,NA,NA,A,NA,NA,NA,NA,20172822000
974,2017282,2005,2017,282,20,5,NA,NA,A,NA,NA,NA,NA,20172822005
975,2017283,1605,2017,283,16,5,NA,NA,T,NA,NA,NA,NA,20172831605
976,2017283,1740,2017,283,17,40,NA,NA,T,NA,NA,NA,NA,20172831740
977,2017283,1910,2017,283,19,10,NA,NA,A,NA,NA,NA,NA,20172831910
978,2017283,2045,2017,283,20,45,NA,NA,A,NA,NA,NA,NA,20172832045
979,2017284,1645,2017,284,16,45,NA,NA,T,NA,NA,NA,NA,20172841645
980,2017284,1825,2017,284,18,25,NA,NA,T,NA,NA,NA,NA,20172841825
981,2017284,1950,2017,284,19,50,NA,NA,A,NA,NA,NA,NA,20172841950
982,2017285,1730,2017,285,17,30,NA,NA,T,NA,NA,NA,NA,20172851730
983,2017285,2030,2017,285,20,30,NA,NA,A,NA,NA,NA,NA,20172852030
984,2017285,2035,2017,285,20,35,NA,NA,A,NA,NA,NA,NA,20172852035
985,2017286,1635,2017,286,16,35,NA,NA,T,NA,NA,NA,NA,20172861635
986,2017286,1810,2017,286,18,10,NA,NA,T,NA,NA,NA,NA,20172861810
987,2017286,1935,2017,286,19,35,NA,NA,A,NA,NA,NA,NA,20172861935
988,2017286,1940,2017,286,19,40,NA,NA,A,NA,NA,NA,NA,20172861940
989,2017287,1720,2017,287,17,20,19.3375,-99.18296359,T,0.1975,0.1475,0.0775,0,20172871720
990,2017287,2020,2017,287,20,20,NA,NA,A,NA,NA,NA,NA,20172872020
991,2017288,1620,2017,288,16,20,NA,NA,T,NA,NA,NA,NA,20172881620
992,2017288,1800,2017,288,18,0,NA,NA,T,NA,NA,NA,NA,20172881800
993,2017288,1925,2017,288,19,25,NA,NA,A,NA,NA,NA,NA,20172881925
994,2017288,2105,2017,288,21,5,NA,NA,A,NA,NA,NA,NA,20172882105
995,2017289,1705,2017,289,17,5,NA,NA,T,NA,NA,NA,NA,20172891705
996,2017289,2005,2017,289,20,5,NA,NA,A,NA,NA,NA,NA,20172892005
997,2017289,2010,2017,289,20,10,NA,NA,A,NA,NA,NA,NA,20172892010
998,2017290,1610,2017,290,16,10,NA,NA,T,NA,NA,NA,NA,20172901610
999,2017290,1750,2017,290,17,50,NA,NA,T,NA,NA,NA,NA,20172901750
1000,2017290,1910,2017,290,19,10,NA,NA,A,NA,NA,NA,NA,20172901910
1001,2017290,1915,2017,290,19,15,NA,NA,A,NA,NA,NA,NA,20172901915
1002,2017290,2055,2017,290,20,55,NA,NA,A,NA,NA,NA,NA,20172902055
1003,2017291,1655,2017,291,16,55,NA,NA,T,NA,NA,NA,NA,20172911655
1004,2017291,1830,2017,291,18,30,NA,NA,T,NA,NA,NA,NA,20172911830
1005,2017291,1955,2017,291,19,55,NA,NA,A,NA,NA,NA,NA,20172911955
1006,2017292,1735,2017,292,17,35,19.3375,-99.18296359,T,0.39525,0.29525,0.0362,0,20172921735
1007,2017292,2035,2017,292,20,35,NA,NA,A,NA,NA,NA,NA,20172922035
1008,2017292,2040,2017,292,20,40,NA,NA,A,NA,NA,NA,NA,20172922040
1009,2017293,1640,2017,293,16,40,19.3375,-99.18296359,T,0.3135,0.234,0.0301,0,20172931640
1010,2017293,1815,2017,293,18,15,NA,NA,T,NA,NA,NA,NA,20172931815
1011,2017293,1940,2017,293,19,40,NA,NA,A,NA,NA,NA,NA,20172931940
1012,2017293,1945,2017,293,19,45,NA,NA,A,NA,NA,NA,NA,20172931945
1013,2017294,1725,2017,294,17,25,19.3375,-99.18296359,T,0.288,0.21525,0.0622,0,20172941725
1014,2017294,2025,2017,294,20,25,NA,NA,A,NA,NA,NA,NA,20172942025
1015,2017294,2030,2017,294,20,30,NA,NA,A,NA,NA,NA,NA,20172942030
1016,2017295,1630,2017,295,16,30,NA,NA,T,NA,NA,NA,NA,20172951630
1017,2017295,1805,2017,295,18,5,NA,NA,T,NA,NA,NA,NA,20172951805
1018,2017295,1935,2017,295,19,35,NA,NA,A,NA,NA,NA,NA,20172951935
1019,2017295,2110,2017,295,21,10,NA,NA,A,NA,NA,NA,NA,20172952110
1020,2017296,1710,2017,296,17,10,NA,NA,T,NA,NA,NA,NA,20172961710
1021,2017296,2015,2017,296,20,15,NA,NA,A,NA,NA,NA,NA,20172962015
1022,2017297,1615,2017,297,16,15,NA,NA,T,NA,NA,NA,NA,20172971615
1023,2017297,1755,2017,297,17,55,NA,NA,T,NA,NA,NA,NA,20172971755
1024,2017297,1915,2017,297,19,15,NA,NA,A,NA,NA,NA,NA,20172971915
1025,2017297,2055,2017,297,20,55,NA,NA,A,NA,NA,NA,NA,20172972055
1026,2017297,2100,2017,297,21,0,NA,NA,A,NA,NA,NA,NA,20172972100
1027,2017298,1700,2017,298,17,0,NA,NA,T,NA,NA,NA,NA,20172981700
1028,2017298,2000,2017,298,20,0,NA,NA,A,NA,NA,NA,NA,20172982000
1029,2017298,2005,2017,298,20,5,NA,NA,A,NA,NA,NA,NA,20172982005
1030,2017299,1605,2017,299,16,5,NA,NA,T,NA,NA,NA,NA,20172991605
1031,2017299,1740,2017,299,17,40,19.3375,-99.18296359,T,0.21525,0.1605,0.0263,0,20172991740
1032,2017299,1910,2017,299,19,10,NA,NA,A,NA,NA,NA,NA,20172991910
1033,2017299,2045,2017,299,20,45,NA,NA,A,NA,NA,NA,NA,20172992045
1034,2017300,1645,2017,300,16,45,19.3375,-99.18296359,T,0.09125,0.06775,0.0338,0,20173001645
1035,2017300,1825,2017,300,18,25,NA,NA,T,NA,NA,NA,NA,20173001825
1036,2017300,1950,2017,300,19,50,19.3375,-99.18296359,A,0.25975,0.19425,0.0423,0,20173001950
1037,2017301,1730,2017,301,17,30,19.3375,-99.18296359,T,0.36375,0.2715,0.0441,0,20173011730
1038,2017301,2030,2017,301,20,30,NA,NA,A,NA,NA,NA,NA,20173012030
1039,2017301,2035,2017,301,20,35,NA,NA,A,NA,NA,NA,NA,20173012035
1040,2017302,1635,2017,302,16,35,NA,NA,T,NA,NA,NA,NA,20173021635
1041,2017302,1810,2017,302,18,10,NA,NA,T,NA,NA,NA,NA,20173021810
1042,2017302,1935,2017,302,19,35,NA,NA,A,NA,NA,NA,NA,20173021935
1043,2017302,1940,2017,302,19,40,NA,NA,A,NA,NA,NA,NA,20173021940
1044,2017303,1720,2017,303,17,20,NA,NA,T,NA,NA,NA,NA,20173031720
1045,2017303,2020,2017,303,20,20,NA,NA,A,NA,NA,NA,NA,20173032020
1046,2017304,1620,2017,304,16,20,NA,NA,T,NA,NA,NA,NA,20173041620
1047,2017304,1800,2017,304,18,0,NA,NA,T,NA,NA,NA,NA,20173041800
1048,2017304,1925,2017,304,19,25,NA,NA,A,NA,NA,NA,NA,20173041925
1049,2017304,2105,2017,304,21,5,NA,NA,A,NA,NA,NA,NA,20173042105
1050,2017305,1705,2017,305,17,5,NA,NA,T,NA,NA,NA,NA,20173051705
1051,2017305,2005,2017,305,20,5,NA,NA,A,NA,NA,NA,NA,20173052005
1052,2017305,2010,2017,305,20,10,NA,NA,A,NA,NA,NA,NA,20173052010
1053,2017306,1610,2017,306,16,10,NA,NA,T,NA,NA,NA,NA,20173061610
1054,2017306,1750,2017,306,17,50,19.3375,-99.18296359,T,0.6235,0.46575,0.0185,0,20173061750
1055,2017306,1910,2017,306,19,10,NA,NA,A,NA,NA,NA,NA,20173061910
1056,2017306,1915,2017,306,19,15,NA,NA,A,NA,NA,NA,NA,20173061915
1057,2017306,2055,2017,306,20,55,NA,NA,A,NA,NA,NA,NA,20173062055
1058,2017307,1655,2017,307,16,55,NA,NA,T,NA,NA,NA,NA,20173071655
1059,2017307,1830,2017,307,18,30,NA,NA,T,NA,NA,NA,NA,20173071830
1060,2017307,1955,2017,307,19,55,19.3375,-99.18296359,A,0.24475,0.18275,0.049,0,20173071955
1061,2017308,1600,2017,308,16,0,NA,NA,T,NA,NA,NA,NA,20173081600
1062,2017308,1735,2017,308,17,35,19.3375,-99.18296359,T,0.05,0.0375,0.0303,0,20173081735
1063,2017308,2035,2017,308,20,35,NA,NA,A,NA,NA,NA,NA,20173082035
1064,2017308,2040,2017,308,20,40,19.3375,-99.18296359,A,0.0915,0.06825,0.0249,0,20173082040
1065,2017309,1640,2017,309,16,40,19.3375,-99.18296359,T,0.195,0.1455,0.0262,0,20173091640
1066,2017309,1815,2017,309,18,15,NA,NA,T,NA,NA,NA,NA,20173091815
1067,2017309,1940,2017,309,19,40,NA,NA,A,NA,NA,NA,NA,20173091940
1068,2017309,1945,2017,309,19,45,19.3375,-99.18296359,A,0.19875,0.1485,0.029,0,20173091945
1069,2017310,1725,2017,310,17,25,19.3375,-99.18296359,T,0.123,0.09175,0.052,0,20173101725
1070,2017310,2025,2017,310,20,25,NA,NA,A,NA,NA,NA,NA,20173102025
1071,2017310,2030,2017,310,20,30,19.3375,-99.18296359,A,0.18225,0.13625,0.0314,0,20173102030
1072,2017311,1630,2017,311,16,30,NA,NA,T,NA,NA,NA,NA,20173111630
1073,2017311,1805,2017,311,18,5,NA,NA,T,NA,NA,NA,NA,20173111805
1074,2017311,1935,2017,311,19,35,19.3375,-99.18296359,A,0.11225,0.0835,0.0157,0,20173111935
1075,2017311,2110,2017,311,21,10,NA,NA,A,NA,NA,NA,NA,20173112110
1076,2017312,1710,2017,312,17,10,19.3375,-99.18296359,T,0.0765,0.057,0.0576,0,20173121710
1077,2017312,2015,2017,312,20,15,19.3375,-99.18296359,A,0.08975,0.06675,0.0481,0,20173122015
1078,2017313,1615,2017,313,16,15,NA,NA,T,NA,NA,NA,NA,20173131615
1079,2017313,1755,2017,313,17,55,19.3375,-99.18296359,T,0.319,0.23825,0.0132,0,20173131755
1080,2017313,1915,2017,313,19,15,NA,NA,A,NA,NA,NA,NA,20173131915
1081,2017313,2055,2017,313,20,55,19.3375,-99.18296359,A,0.34925,0.261,0.0094,0,20173132055
1082,2017313,2100,2017,313,21,0,NA,NA,A,NA,NA,NA,NA,20173132100
1083,2017314,1700,2017,314,17,0,19.3375,-99.18296359,T,0.36275,0.271,0.0461,0,20173141700
1084,2017314,2000,2017,314,20,0,NA,NA,A,NA,NA,NA,NA,20173142000
1085,2017314,2005,2017,314,20,5,19.3375,-99.18296359,A,0.37,0.276,0.047,0,20173142005
1086,2017315,1605,2017,315,16,5,NA,NA,T,NA,NA,NA,NA,20173151605
1087,2017315,1740,2017,315,17,40,19.3375,-99.18296359,T,0.33575,0.25075,0.021,0,20173151740
1088,2017315,1910,2017,315,19,10,NA,NA,A,NA,NA,NA,NA,20173151910
1089,2017315,2045,2017,315,20,45,NA,NA,A,NA,NA,NA,NA,20173152045
1090,2017316,1645,2017,316,16,45,19.3375,-99.18296359,T,0.28525,0.21325,0.028,0,20173161645
1091,2017316,1825,2017,316,18,25,NA,NA,T,NA,NA,NA,NA,20173161825
1092,2017316,1950,2017,316,19,50,19.3375,-99.18296359,A,0.24475,0.1825,0.0362,0,20173161950
1093,2017317,1730,2017,317,17,30,19.3375,-99.18296359,T,0.03475,0.02575,0.0374,0,20173171730
1094,2017317,2030,2017,317,20,30,NA,NA,A,NA,NA,NA,NA,20173172030
1095,2017317,2035,2017,317,20,35,19.3375,-99.18296359,A,0.05075,0.03775,0.0245,0,20173172035
1096,2017318,1635,2017,318,16,35,19.3375,-99.18296359,T,0.1015,0.07575,0.0204,0,20173181635
1097,2017318,1810,2017,318,18,10,NA,NA,T,NA,NA,NA,NA,20173181810
1098,2017318,1935,2017,318,19,35,NA,NA,A,NA,NA,NA,NA,20173181935
1099,2017318,1940,2017,318,19,40,NA,NA,A,NA,NA,NA,NA,20173181940
1100,2017319,1720,2017,319,17,20,19.3375,-99.18296359,T,0.2435,0.18175,0.0552,0,20173191720
1101,2017319,2020,2017,319,20,20,19.3375,-99.18296359,A,0.09025,0.06725,0.0377,0,20173192020
1102,2017320,1620,2017,320,16,20,NA,NA,T,NA,NA,NA,NA,20173201620
1103,2017320,1800,2017,320,18,0,19.3375,-99.18296359,T,0.08525,0.06375,0.0097,0,20173201800
1104,2017320,1925,2017,320,19,25,19.3375,-99.18296359,A,0.20725,0.155,0.0114,0,20173201925
1105,2017320,2105,2017,320,21,5,NA,NA,A,NA,NA,NA,NA,20173202105
1106,2017321,1705,2017,321,17,5,19.3375,-99.18296359,T,0.162,0.12075,0.0561,0,20173211705
1107,2017321,2005,2017,321,20,5,NA,NA,A,NA,NA,NA,NA,20173212005
1108,2017321,2010,2017,321,20,10,19.3375,-99.18296359,A,0.1785,0.13325,0.0536,0,20173212010
1109,2017322,1610,2017,322,16,10,NA,NA,T,NA,NA,NA,NA,20173221610
1110,2017322,1750,2017,322,17,50,19.3375,-99.18296359,T,0.06725,0.05025,0.0151,0,20173221750
1111,2017322,1910,2017,322,19,10,NA,NA,A,NA,NA,NA,NA,20173221910
1112,2017322,1915,2017,322,19,15,19.3375,-99.18296359,A,0.1395,0.104,0.0072,0,20173221915
1113,2017322,2055,2017,322,20,55,NA,NA,A,NA,NA,NA,NA,20173222055
1114,2017323,1655,2017,323,16,55,NA,NA,T,NA,NA,NA,NA,20173231655
1115,2017323,1830,2017,323,18,30,NA,NA,T,NA,NA,NA,NA,20173231830
1116,2017323,2000,2017,323,20,0,NA,NA,A,NA,NA,NA,NA,20173232000
1117,2017324,1600,2017,324,16,0,NA,NA,T,NA,NA,NA,NA,20173241600
1118,2017324,1735,2017,324,17,35,19.3375,-99.18296359,T,0.18,0.1345,0.0255,0,20173241735
1119,2017324,2035,2017,324,20,35,NA,NA,A,NA,NA,NA,NA,20173242035
1120,2017324,2040,2017,324,20,40,NA,NA,A,NA,NA,NA,NA,20173242040
1121,2017325,1640,2017,325,16,40,19.3375,-99.18296359,T,0.17675,0.13175,0.0236,0,20173251640
1122,2017325,1815,2017,325,18,15,NA,NA,T,NA,NA,NA,NA,20173251815
1123,2017325,1940,2017,325,19,40,NA,NA,A,NA,NA,NA,NA,20173251940
1124,2017325,1945,2017,325,19,45,19.3375,-99.18296359,A,0.35975,0.26875,0.0253,0,20173251945
1125,2017326,1725,2017,326,17,25,19.3375,-99.18296359,T,0.118,0.0885,0.0459,0,20173261725
1126,2017326,2025,2017,326,20,25,NA,NA,A,NA,NA,NA,NA,20173262025
1127,2017326,2030,2017,326,20,30,19.3375,-99.18296359,A,0.305,0.228,0.0295,0,20173262030
1128,2017327,1630,2017,327,16,30,NA,NA,T,NA,NA,NA,NA,20173271630
1129,2017327,1805,2017,327,18,5,NA,NA,T,NA,NA,NA,NA,20173271805
1130,2017327,1935,2017,327,19,35,19.3375,-99.18296359,A,0.36625,0.2735,0.0141,0,20173271935
1131,2017327,2110,2017,327,21,10,NA,NA,A,NA,NA,NA,NA,20173272110
1132,2017328,1710,2017,328,17,10,19.3375,-99.18296359,T,0.244,0.18175,0.0525,0,20173281710
1133,2017328,2015,2017,328,20,15,19.3375,-99.17413201,A,0.394,0.294,0.0578,0,20173282015
1134,2017329,1615,2017,329,16,15,NA,NA,T,NA,NA,NA,NA,20173291615
1135,2017329,1755,2017,329,17,55,19.3375,-99.18296359,T,0.1525,0.11375,0.0114,0,20173291755
1136,2017329,2055,2017,329,20,55,19.3375,-99.18296359,A,0.2575,0.19225,0.0085,0,20173292055
1137,2017329,2100,2017,329,21,0,NA,NA,A,NA,NA,NA,NA,20173292100
1138,2017330,1700,2017,330,17,0,19.3375,-99.18296359,T,0.06625,0.04925,0.0438,0,20173301700
1139,2017330,2000,2017,330,20,0,NA,NA,A,NA,NA,NA,NA,20173302000
1140,2017330,2005,2017,330,20,5,19.3375,-99.18296359,A,0.15775,0.11775,0.0435,0,20173302005
1141,2017331,1605,2017,331,16,5,NA,NA,T,NA,NA,NA,NA,20173311605
1142,2017331,1740,2017,331,17,40,19.3375,-99.18296359,T,0.08025,0.05975,0.0186,0,20173311740
1143,2017331,1910,2017,331,19,10,NA,NA,A,NA,NA,NA,NA,20173311910
1144,2017331,2045,2017,331,20,45,NA,NA,A,NA,NA,NA,NA,20173312045
1145,2017332,1645,2017,332,16,45,19.3375,-99.18296359,T,0.1595,0.11925,0.0286,0,20173321645
1146,2017332,1825,2017,332,18,25,NA,NA,T,NA,NA,NA,NA,20173321825
1147,2017332,1950,2017,332,19,50,19.3375,-99.18296359,A,0.291,0.21725,0.0342,0,20173321950
1148,2017333,1730,2017,333,17,30,19.3375,-99.18296359,T,0.11475,0.0855,0.0336,0,20173331730
1149,2017333,2030,2017,333,20,30,NA,NA,A,NA,NA,NA,NA,20173332030
1150,2017333,2035,2017,333,20,35,19.3375,-99.18296359,A,0.1355,0.101,0.0265,0,20173332035
1151,2017334,1635,2017,334,16,35,19.3375,-99.18296359,T,0.38475,0.287,0.021,0,20173341635
1152,2017334,1810,2017,334,18,10,NA,NA,T,NA,NA,NA,NA,20173341810
1153,2017334,1935,2017,334,19,35,NA,NA,A,NA,NA,NA,NA,20173341935
1154,2017334,1940,2017,334,19,40,19.3375,-99.18296359,A,0.225,0.16775,0.0185,0,20173341940
1155,2017335,1720,2017,335,17,20,19.3375,-99.18296359,T,0.3495,0.261,0.0504,0,20173351720
1156,2017335,2020,2017,335,20,20,19.3375,-99.18296359,A,0.24525,0.18325,0.0416,0,20173352020
1157,2017336,1620,2017,336,16,20,NA,NA,T,NA,NA,NA,NA,20173361620
1158,2017336,1800,2017,336,18,0,NA,NA,T,NA,NA,NA,NA,20173361800
1159,2017336,1925,2017,336,19,25,NA,NA,A,NA,NA,NA,NA,20173361925
1160,2017336,2105,2017,336,21,5,NA,NA,A,NA,NA,NA,NA,20173362105
1161,2017337,1705,2017,337,17,5,19.3375,-99.18296359,T,0.30825,0.23025,0.0552,0,20173371705
1162,2017337,2005,2017,337,20,5,NA,NA,A,NA,NA,NA,NA,20173372005
1163,2017337,2010,2017,337,20,10,19.3375,-99.18296359,A,0.5455,0.4075,0.0573,0,20173372010
1164,2017338,1610,2017,338,16,10,NA,NA,T,NA,NA,NA,NA,20173381610
1165,2017338,1750,2017,338,17,50,NA,NA,T,NA,NA,NA,NA,20173381750
1166,2017338,1910,2017,338,19,10,NA,NA,A,NA,NA,NA,NA,20173381910
1167,2017338,1915,2017,338,19,15,NA,NA,A,NA,NA,NA,NA,20173381915
1168,2017338,2055,2017,338,20,55,NA,NA,A,NA,NA,NA,NA,20173382055
1169,2017339,1655,2017,339,16,55,19.3375,-99.18296359,T,0.19675,0.147,0.035,0,20173391655
1170,2017339,1830,2017,339,18,30,NA,NA,T,NA,NA,NA,NA,20173391830
1171,2017339,2000,2017,339,20,0,19.3375,-99.18296359,A,0.3175,0.237,0.0398,0,20173392000
1172,2017340,1600,2017,340,16,0,NA,NA,T,NA,NA,NA,NA,20173401600
1173,2017340,1735,2017,340,17,35,19.3375,-99.18296359,T,0.144,0.1075,0.0232,0,20173401735
1174,2017340,2035,2017,340,20,35,NA,NA,A,NA,NA,NA,NA,20173402035
1175,2017340,2040,2017,340,20,40,19.3375,-99.18296359,A,0.20975,0.1565,0.0223,0,20173402040
1176,2017341,1640,2017,341,16,40,19.3375,-99.18296359,T,0.16675,0.124,0.0228,0,20173411640
1177,2017341,1815,2017,341,18,15,NA,NA,T,NA,NA,NA,NA,20173411815
1178,2017341,1940,2017,341,19,40,NA,NA,A,NA,NA,NA,NA,20173411940
1179,2017341,1945,2017,341,19,45,19.32916666,-99.18673365,A,0.3015,0.225,0.0232,0,20173411945
1180,2017342,1725,2017,342,17,25,NA,NA,T,NA,NA,NA,NA,20173421725
1181,2017342,2025,2017,342,20,25,NA,NA,A,NA,NA,NA,NA,20173422025
1182,2017342,2030,2017,342,20,30,19.3375,-99.18296359,A,0.0465,0.0345,0.0278,0,20173422030
1183,2017343,1630,2017,343,16,30,NA,NA,T,NA,NA,NA,NA,20173431630
1184,2017343,1805,2017,343,18,5,NA,NA,T,NA,NA,NA,NA,20173431805
1185,2017343,1935,2017,343,19,35,19.3375,-99.18296359,A,0.29825,0.2225,0.0135,0,20173431935
1186,2017343,2110,2017,343,21,10,NA,NA,A,NA,NA,NA,NA,20173432110
1187,2017344,1710,2017,344,17,10,19.3375,-99.18296359,T,0.081,0.0605,0.0537,0,20173441710
1188,2017344,2015,2017,344,20,15,19.3375,-99.18296359,A,0.07125,0.05325,0.0475,0,20173442015
1189,2017345,1615,2017,345,16,15,NA,NA,T,NA,NA,NA,NA,20173451615
1190,2017345,1755,2017,345,17,55,19.3375,-99.18296359,T,0.17975,0.13425,0.0103,0,20173451755
1191,2017345,2055,2017,345,20,55,19.3375,-99.18296359,A,0.272,0.20325,0.0082,0,20173452055
1192,2017345,2100,2017,345,21,0,NA,NA,A,NA,NA,NA,NA,20173452100
1193,2017346,1700,2017,346,17,0,19.3375,-99.18296359,T,0.07,0.052,0.0432,0,20173461700
1194,2017346,2000,2017,346,20,0,NA,NA,A,NA,NA,NA,NA,20173462000
1195,2017346,2005,2017,346,20,5,19.3375,-99.18296359,A,0.101,0.0755,0.0439,0,20173462005
1196,2017347,1605,2017,347,16,5,NA,NA,T,NA,NA,NA,NA,20173471605
1197,2017347,1740,2017,347,17,40,19.3375,-99.18296359,T,0.186,0.1385,0.0173,0,20173471740
1198,2017347,1910,2017,347,19,10,NA,NA,A,NA,NA,NA,NA,20173471910
1199,2017347,2045,2017,347,20,45,NA,NA,A,NA,NA,NA,NA,20173472045
1200,2017348,1645,2017,348,16,45,NA,NA,T,NA,NA,NA,NA,20173481645
1201,2017348,1825,2017,348,18,25,NA,NA,T,NA,NA,NA,NA,20173481825
1202,2017348,1950,2017,348,19,50,NA,NA,A,NA,NA,NA,NA,20173481950
1203,2017349,1730,2017,349,17,30,19.3375,-99.18296359,T,0.103,0.07675,0.0338,0,20173491730
1204,2017349,2030,2017,349,20,30,NA,NA,A,NA,NA,NA,NA,20173492030
1205,2017349,2035,2017,349,20,35,NA,NA,A,NA,NA,NA,NA,20173492035
1206,2017350,1635,2017,350,16,35,NA,NA,T,NA,NA,NA,NA,20173501635
1207,2017350,1810,2017,350,18,10,NA,NA,T,NA,NA,NA,NA,20173501810
1208,2017350,1935,2017,350,19,35,NA,NA,A,NA,NA,NA,NA,20173501935
1209,2017350,1940,2017,350,19,40,NA,NA,A,NA,NA,NA,NA,20173501940
1210,2017351,1715,2017,351,17,15,NA,NA,T,NA,NA,NA,NA,20173511715
1211,2017351,2020,2017,351,20,20,NA,NA,A,NA,NA,NA,NA,20173512020
1212,2017352,1620,2017,352,16,20,NA,NA,T,NA,NA,NA,NA,20173521620
1213,2017352,1800,2017,352,18,0,19.3375,-99.18296359,T,0.31375,0.23425,0.008,0,20173521800
1214,2017352,1925,2017,352,19,25,NA,NA,A,NA,NA,NA,NA,20173521925
1215,2017352,2105,2017,352,21,5,NA,NA,A,NA,NA,NA,NA,20173522105
1216,2017353,1705,2017,353,17,5,NA,NA,T,NA,NA,NA,NA,20173531705
1217,2017353,2005,2017,353,20,5,NA,NA,A,NA,NA,NA,NA,20173532005
1218,2017353,2010,2017,353,20,10,NA,NA,A,NA,NA,NA,NA,20173532010
1219,2017354,1610,2017,354,16,10,NA,NA,T,NA,NA,NA,NA,20173541610
1220,2017354,1750,2017,354,17,50,NA,NA,T,NA,NA,NA,NA,20173541750
1221,2017354,1910,2017,354,19,10,NA,NA,A,NA,NA,NA,NA,20173541910
1222,2017354,1915,2017,354,19,15,NA,NA,A,NA,NA,NA,NA,20173541915
1223,2017354,2055,2017,354,20,55,NA,NA,A,NA,NA,NA,NA,20173542055
1224,2017355,1655,2017,355,16,55,19.3375,-99.18296359,T,0.20325,0.152,0.0375,0,20173551655
1225,2017355,1830,2017,355,18,30,NA,NA,T,NA,NA,NA,NA,20173551830
1226,2017355,2000,2017,355,20,0,19.3375,-99.18296359,A,0.34175,0.25525,0.0447,0,20173552000
1227,2017356,1600,2017,356,16,0,NA,NA,T,NA,NA,NA,NA,20173561600
1228,2017356,1735,2017,356,17,35,NA,NA,T,NA,NA,NA,NA,20173561735
1229,2017356,2035,2017,356,20,35,NA,NA,A,NA,NA,NA,NA,20173562035
1230,2017356,2040,2017,356,20,40,NA,NA,A,NA,NA,NA,NA,20173562040
1231,2017357,1640,2017,357,16,40,NA,NA,T,NA,NA,NA,NA,20173571640
1232,2017357,1815,2017,357,18,15,NA,NA,T,NA,NA,NA,NA,20173571815
1233,2017357,1940,2017,357,19,40,NA,NA,A,NA,NA,NA,NA,20173571940
1234,2017357,1945,2017,357,19,45,NA,NA,A,NA,NA,NA,NA,20173571945
1235,2017358,1725,2017,358,17,25,NA,NA,T,NA,NA,NA,NA,20173581725
1236,2017358,2025,2017,358,20,25,NA,NA,A,NA,NA,NA,NA,20173582025
1237,2017358,2030,2017,358,20,30,19.3375,-99.18296359,A,0.284,0.212,0.0342,0,20173582030
1238,2017359,1630,2017,359,16,30,NA,NA,T,NA,NA,NA,NA,20173591630
1239,2017359,1805,2017,359,18,5,NA,NA,T,NA,NA,NA,NA,20173591805
1240,2017359,1935,2017,359,19,35,19.3375,-99.18296359,A,0.28525,0.213,0.0144,0,20173591935
1241,2017359,2110,2017,359,21,10,NA,NA,A,NA,NA,NA,NA,20173592110
1242,2017360,1710,2017,360,17,10,NA,NA,T,NA,NA,NA,NA,20173601710
1243,2017360,2015,2017,360,20,15,19.3375,-99.18296359,A,0.2095,0.15625,0.0534,0,20173602015
1244,2017361,1615,2017,361,16,15,NA,NA,T,NA,NA,NA,NA,20173611615
1245,2017361,1755,2017,361,17,55,19.3375,-99.18296359,T,0.15325,0.11425,0.0101,0,20173611755
1246,2017361,2055,2017,361,20,55,19.3375,-99.18296359,A,0.24775,0.185,0.009,0,20173612055
1247,2017361,2100,2017,361,21,0,NA,NA,A,NA,NA,NA,NA,20173612100
1248,2017362,1700,2017,362,17,0,19.3375,-99.18296359,T,0.277,0.207,0.0475,0,20173621700
1249,2017362,2000,2017,362,20,0,NA,NA,A,NA,NA,NA,NA,20173622000
1250,2017362,2005,2017,362,20,5,19.3375,-99.18296359,A,0.29275,0.2185,0.0453,0,20173622005
1251,2017363,1605,2017,363,16,5,NA,NA,T,NA,NA,NA,NA,20173631605
1252,2017363,1740,2017,363,17,40,NA,NA,T,NA,NA,NA,NA,20173631740
1253,2017363,1910,2017,363,19,10,NA,NA,A,NA,NA,NA,NA,20173631910
1254,2017363,2045,2017,363,20,45,NA,NA,A,NA,NA,NA,NA,20173632045
1255,2017364,1645,2017,364,16,45,NA,NA,T,NA,NA,NA,NA,20173641645
1256,2017364,1825,2017,364,18,25,NA,NA,T,NA,NA,NA,NA,20173641825
1257,2017364,1950,2017,364,19,50,19.3375,-99.18296359,A,0.2935,0.219,0.0363,0,20173641950
1258,2017365,1730,2017,365,17,30,NA,NA,T,NA,NA,NA,NA,20173651730
1259,2017365,2030,2017,365,20,30,NA,NA,A,NA,NA,NA,NA,20173652030
1260,2017365,2035,2017,365,20,35,NA,NA,A,NA,NA,NA,NA,20173652035
1,2018001,1635,2018,1,16,35,19.3375,-99.18296359,T,0.70425,0.526,0.0283,0,20180011635
2,2018001,1810,2018,1,18,10,NA,NA,T,NA,NA,NA,NA,20180011810
3,2018001,1935,2018,1,19,35,NA,NA,A,NA,NA,NA,NA,20180011935
4,2018001,1940,2018,1,19,40,19.3375,-99.18296359,A,1.13775,0.84975,0.0206,0,20180011940
5,2018002,1720,2018,2,17,20,19.3375,-99.18296359,T,0.53125,0.3965,0.0466,0,20180021720
6,2018002,2020,2018,2,20,20,NA,NA,A,NA,NA,NA,NA,20180022020
7,2018003,1620,2018,3,16,20,NA,NA,T,NA,NA,NA,NA,20180031620
8,2018003,1800,2018,3,18,0,NA,NA,T,NA,NA,NA,NA,20180031800
9,2018003,1925,2018,3,19,25,NA,NA,A,NA,NA,NA,NA,20180031925
10,2018003,2105,2018,3,21,5,NA,NA,A,NA,NA,NA,NA,20180032105
11,2018004,1705,2018,4,17,5,19.3375,-99.18296359,T,0.429,0.3205,0.0589,0,20180041705
12,2018004,2005,2018,4,20,5,NA,NA,A,NA,NA,NA,NA,20180042005
13,2018004,2010,2018,4,20,10,19.3375,-99.18296359,A,0.85075,0.6355,0.0643,0,20180042010
14,2018005,1610,2018,5,16,10,NA,NA,T,NA,NA,NA,NA,20180051610
15,2018005,1750,2018,5,17,50,19.3375,-99.18296359,T,0.56133,0.41933,0.0128,0,20180051750
16,2018005,1910,2018,5,19,10,NA,NA,A,NA,NA,NA,NA,20180051910
17,2018005,2050,2018,5,20,50,19.3375,-99.18296359,A,0.68475,0.51175,0.0078,0,20180052050
18,2018005,2055,2018,5,20,55,NA,NA,A,NA,NA,NA,NA,20180052055
19,2018006,1655,2018,6,16,55,19.3375,-99.18296359,T,0.314,0.23475,0.0394,0,20180061655
20,2018006,1830,2018,6,18,30,NA,NA,T,NA,NA,NA,NA,20180061830
21,2018006,2000,2018,6,20,0,NA,NA,A,NA,NA,NA,NA,20180062000
22,2018007,1600,2018,7,16,0,NA,NA,T,NA,NA,NA,NA,20180071600
23,2018007,1735,2018,7,17,35,19.3375,-99.18296359,T,0.12675,0.09475,0.0235,0,20180071735
24,2018007,1900,2018,7,19,0,NA,NA,A,NA,NA,NA,NA,20180071900
25,2018007,2040,2018,7,20,40,19.3375,-99.18296359,A,0.2495,0.186,0.0205,0,20180072040
26,2018008,1640,2018,8,16,40,19.3375,-99.18296359,T,0.21175,0.158,0.0232,0,20180081640
27,2018008,1815,2018,8,18,15,NA,NA,T,NA,NA,NA,NA,20180081815
28,2018008,1940,2018,8,19,40,NA,NA,A,NA,NA,NA,NA,20180081940
29,2018008,1945,2018,8,19,45,19.3375,-99.18296359,A,0.21075,0.1575,0.0295,0,20180081945
30,2018009,1725,2018,9,17,25,19.3375,-99.18296359,T,0.04,0.02975,0.0443,0,20180091725
31,2018009,2025,2018,9,20,25,NA,NA,A,NA,NA,NA,NA,20180092025
32,2018009,2030,2018,9,20,30,19.3375,-99.18296359,A,0.03975,0.0295,0.0338,0,20180092030
33,2018010,1630,2018,10,16,30,NA,NA,T,NA,NA,NA,NA,20180101630
34,2018010,1805,2018,10,18,5,NA,NA,T,NA,NA,NA,NA,20180101805
35,2018010,1935,2018,10,19,35,19.3375,-99.18296359,A,0.29075,0.217,0.0165,0,20180101935
36,2018010,2110,2018,10,21,10,NA,NA,A,NA,NA,NA,NA,20180102110
37,2018011,1710,2018,11,17,10,19.3375,-99.18296359,T,0.27625,0.20625,0.0555,0,20180111710
38,2018011,2015,2018,11,20,15,19.3375,-99.18296359,A,0.5185,0.3875,0.0525,0,20180112015
39,2018012,1615,2018,12,16,15,NA,NA,T,NA,NA,NA,NA,20180121615
40,2018012,1755,2018,12,17,55,19.3375,-99.18296359,T,0.18125,0.1355,0.0102,0,20180121755
41,2018012,2055,2018,12,20,55,19.3375,-99.18296359,A,0.23525,0.1755,0.0098,0,20180122055
42,2018012,2100,2018,12,21,0,NA,NA,A,NA,NA,NA,NA,20180122100
43,2018013,1700,2018,13,17,0,19.3375,-99.18296359,T,0.071,0.053,0.0456,0,20180131700
44,2018013,2000,2018,13,20,0,NA,NA,A,NA,NA,NA,NA,20180132000
45,2018013,2005,2018,13,20,5,19.3375,-99.18296359,A,0.25725,0.19225,0.0507,0,20180132005
46,2018014,1605,2018,14,16,5,NA,NA,T,NA,NA,NA,NA,20180141605
47,2018014,1740,2018,14,17,40,19.32916666,-99.18673365,T,0.181,0.135,0.0163,0,20180141740
48,2018014,1905,2018,14,19,5,NA,NA,A,NA,NA,NA,NA,20180141905
49,2018014,1910,2018,14,19,10,NA,NA,A,NA,NA,NA,NA,20180141910
50,2018014,2045,2018,14,20,45,NA,NA,A,NA,NA,NA,NA,20180142045
51,2018015,1645,2018,15,16,45,19.3375,-99.18296359,T,0.13725,0.1025,0.0289,0,20180151645
52,2018015,1825,2018,15,18,25,NA,NA,T,NA,NA,NA,NA,20180151825
53,2018015,1950,2018,15,19,50,19.3375,-99.18296359,A,0.179,0.13375,0.0432,0,20180151950
54,2018016,1730,2018,16,17,30,19.3375,-99.18296359,T,0.19525,0.14575,0.0343,0,20180161730
55,2018016,2030,2018,16,20,30,NA,NA,A,NA,NA,NA,NA,20180162030
56,2018016,2035,2018,16,20,35,19.3375,-99.18296359,A,0.3125,0.2335,0.0273,0,20180162035
57,2018017,1635,2018,17,16,35,NA,NA,T,NA,NA,NA,NA,20180171635
58,2018017,1810,2018,17,18,10,NA,NA,T,NA,NA,NA,NA,20180171810
59,2018017,1935,2018,17,19,35,NA,NA,A,NA,NA,NA,NA,20180171935
60,2018017,1940,2018,17,19,40,NA,NA,A,NA,NA,NA,NA,20180171940
61,2018018,1720,2018,18,17,20,NA,NA,T,NA,NA,NA,NA,20180181720
62,2018018,2020,2018,18,20,20,NA,NA,A,NA,NA,NA,NA,20180182020
63,2018019,1620,2018,19,16,20,NA,NA,T,NA,NA,NA,NA,20180191620
64,2018019,1800,2018,19,18,0,NA,NA,T,NA,NA,NA,NA,20180191800
65,2018019,1925,2018,19,19,25,NA,NA,A,NA,NA,NA,NA,20180191925
66,2018019,2105,2018,19,21,5,NA,NA,A,NA,NA,NA,NA,20180192105
67,2018020,1705,2018,20,17,5,NA,NA,T,NA,NA,NA,NA,20180201705
68,2018020,2005,2018,20,20,5,NA,NA,A,NA,NA,NA,NA,20180202005
69,2018020,2010,2018,20,20,10,NA,NA,A,NA,NA,NA,NA,20180202010
70,2018021,1610,2018,21,16,10,NA,NA,T,NA,NA,NA,NA,20180211610
71,2018021,1750,2018,21,17,50,19.3375,-99.18296359,T,0.149,0.11125,0.0133,0,20180211750
72,2018021,1910,2018,21,19,10,NA,NA,A,NA,NA,NA,NA,20180211910
73,2018021,2050,2018,21,20,50,NA,NA,A,NA,NA,NA,NA,20180212050
74,2018021,2055,2018,21,20,55,NA,NA,A,NA,NA,NA,NA,20180212055
75,2018022,1655,2018,22,16,55,NA,NA,T,NA,NA,NA,NA,20180221655
76,2018022,1830,2018,22,18,30,NA,NA,T,NA,NA,NA,NA,20180221830
77,2018022,2000,2018,22,20,0,NA,NA,A,NA,NA,NA,NA,20180222000
78,2018023,1600,2018,23,16,0,NA,NA,T,NA,NA,NA,NA,20180231600
79,2018023,1735,2018,23,17,35,19.3375,-99.18296359,T,0.53067,0.39667,0.0248,0,20180231735
80,2018023,1905,2018,23,19,5,NA,NA,A,NA,NA,NA,NA,20180231905
81,2018023,2040,2018,23,20,40,NA,NA,A,NA,NA,NA,NA,20180232040
82,2018024,1640,2018,24,16,40,NA,NA,T,NA,NA,NA,NA,20180241640
83,2018024,1815,2018,24,18,15,NA,NA,T,NA,NA,NA,NA,20180241815
84,2018024,1940,2018,24,19,40,NA,NA,A,NA,NA,NA,NA,20180241940
85,2018024,1945,2018,24,19,45,NA,NA,A,NA,NA,NA,NA,20180241945
86,2018025,1725,2018,25,17,25,NA,NA,T,NA,NA,NA,NA,20180251725
87,2018025,2025,2018,25,20,25,NA,NA,A,NA,NA,NA,NA,20180252025
88,2018025,2030,2018,25,20,30,NA,NA,A,NA,NA,NA,NA,20180252030
89,2018026,1630,2018,26,16,30,NA,NA,T,NA,NA,NA,NA,20180261630
90,2018026,1805,2018,26,18,5,NA,NA,T,NA,NA,NA,NA,20180261805
91,2018026,1935,2018,26,19,35,NA,NA,A,NA,NA,NA,NA,20180261935
92,2018026,2110,2018,26,21,10,NA,NA,A,NA,NA,NA,NA,20180262110
93,2018027,1710,2018,27,17,10,NA,NA,T,NA,NA,NA,NA,20180271710
94,2018027,2015,2018,27,20,15,NA,NA,A,NA,NA,NA,NA,20180272015
95,2018028,1615,2018,28,16,15,NA,NA,T,NA,NA,NA,NA,20180281615
96,2018028,1755,2018,28,17,55,NA,NA,T,NA,NA,NA,NA,20180281755
97,2018028,2055,2018,28,20,55,NA,NA,A,NA,NA,NA,NA,20180282055
98,2018028,2100,2018,28,21,0,NA,NA,A,NA,NA,NA,NA,20180282100
99,2018029,1700,2018,29,17,0,NA,NA,T,NA,NA,NA,NA,20180291700
100,2018029,2000,2018,29,20,0,NA,NA,A,NA,NA,NA,NA,20180292000
101,2018029,2005,2018,29,20,5,NA,NA,A,NA,NA,NA,NA,20180292005
102,2018030,1605,2018,30,16,5,NA,NA,T,NA,NA,NA,NA,20180301605
103,2018030,1740,2018,30,17,40,NA,NA,T,NA,NA,NA,NA,20180301740
104,2018030,1905,2018,30,19,5,NA,NA,A,NA,NA,NA,NA,20180301905
105,2018030,1910,2018,30,19,10,NA,NA,A,NA,NA,NA,NA,20180301910
106,2018030,2045,2018,30,20,45,NA,NA,A,NA,NA,NA,NA,20180302045
107,2018031,1645,2018,31,16,45,NA,NA,T,NA,NA,NA,NA,20180311645
108,2018031,1825,2018,31,18,25,NA,NA,T,NA,NA,NA,NA,20180311825
109,2018031,1950,2018,31,19,50,NA,NA,A,NA,NA,NA,NA,20180311950
110,2018032,1730,2018,32,17,30,NA,NA,T,NA,NA,NA,NA,20180321730
111,2018032,2030,2018,32,20,30,NA,NA,A,NA,NA,NA,NA,20180322030
112,2018032,2035,2018,32,20,35,NA,NA,A,NA,NA,NA,NA,20180322035
113,2018033,1635,2018,33,16,35,NA,NA,T,NA,NA,NA,NA,20180331635
114,2018033,1810,2018,33,18,10,NA,NA,T,NA,NA,NA,NA,20180331810
115,2018033,1935,2018,33,19,35,NA,NA,A,NA,NA,NA,NA,20180331935
116,2018033,1940,2018,33,19,40,19.3375,-99.18296359,A,0.31375,0.2345,0.0259,0,20180331940
117,2018034,1720,2018,34,17,20,NA,NA,T,NA,NA,NA,NA,20180341720
118,2018034,2025,2018,34,20,25,NA,NA,A,NA,NA,NA,NA,20180342025
119,2018035,1620,2018,35,16,20,NA,NA,T,NA,NA,NA,NA,20180351620
120,2018035,1800,2018,35,18,0,NA,NA,T,NA,NA,NA,NA,20180351800
121,2018035,1925,2018,35,19,25,NA,NA,A,NA,NA,NA,NA,20180351925
122,2018035,2105,2018,35,21,5,NA,NA,A,NA,NA,NA,NA,20180352105
123,2018036,1705,2018,36,17,5,NA,NA,T,NA,NA,NA,NA,20180361705
124,2018036,2005,2018,36,20,5,NA,NA,A,NA,NA,NA,NA,20180362005
125,2018036,2010,2018,36,20,10,NA,NA,A,NA,NA,NA,NA,20180362010
126,2018037,1610,2018,37,16,10,NA,NA,T,NA,NA,NA,NA,20180371610
127,2018037,1750,2018,37,17,50,19.3375,-99.18296359,T,0.30825,0.23,0.0156,0,20180371750
128,2018037,1910,2018,37,19,10,NA,NA,A,NA,NA,NA,NA,20180371910
129,2018037,2050,2018,37,20,50,NA,NA,A,NA,NA,NA,NA,20180372050
130,2018037,2055,2018,37,20,55,NA,NA,A,NA,NA,NA,NA,20180372055
131,2018038,1655,2018,38,16,55,NA,NA,T,NA,NA,NA,NA,20180381655
132,2018038,1830,2018,38,18,30,NA,NA,T,NA,NA,NA,NA,20180381830
133,2018038,2000,2018,38,20,0,NA,NA,A,NA,NA,NA,NA,20180382000
134,2018039,1600,2018,39,16,0,NA,NA,T,NA,NA,NA,NA,20180391600
135,2018039,1735,2018,39,17,35,NA,NA,T,NA,NA,NA,NA,20180391735
136,2018039,1905,2018,39,19,5,NA,NA,A,NA,NA,NA,NA,20180391905
137,2018039,2040,2018,39,20,40,NA,NA,A,NA,NA,NA,NA,20180392040
138,2018040,1640,2018,40,16,40,NA,NA,T,NA,NA,NA,NA,20180401640
139,2018040,1815,2018,40,18,15,NA,NA,T,NA,NA,NA,NA,20180401815
140,2018040,1945,2018,40,19,45,NA,NA,A,NA,NA,NA,NA,20180401945
141,2018041,1725,2018,41,17,25,NA,NA,T,NA,NA,NA,NA,20180411725
142,2018041,2025,2018,41,20,25,NA,NA,A,NA,NA,NA,NA,20180412025
143,2018041,2030,2018,41,20,30,NA,NA,A,NA,NA,NA,NA,20180412030
144,2018042,1630,2018,42,16,30,NA,NA,T,NA,NA,NA,NA,20180421630
145,2018042,1805,2018,42,18,5,NA,NA,T,NA,NA,NA,NA,20180421805
146,2018042,1930,2018,42,19,30,NA,NA,A,NA,NA,NA,NA,20180421930
147,2018042,1935,2018,42,19,35,NA,NA,A,NA,NA,NA,NA,20180421935
148,2018042,2110,2018,42,21,10,NA,NA,A,NA,NA,NA,NA,20180422110
149,2018043,1710,2018,43,17,10,NA,NA,T,NA,NA,NA,NA,20180431710
150,2018043,2015,2018,43,20,15,NA,NA,A,NA,NA,NA,NA,20180432015
151,2018044,1615,2018,44,16,15,NA,NA,T,NA,NA,NA,NA,20180441615
152,2018044,1755,2018,44,17,55,19.3375,-99.18296359,T,0.45775,0.34175,0.013,0,20180441755
153,2018044,2055,2018,44,20,55,19.3375,-99.18296359,A,0.7365,0.5505,0.0137,0,20180442055
154,2018044,2100,2018,44,21,0,NA,NA,A,NA,NA,NA,NA,20180442100
155,2018045,1700,2018,45,17,0,NA,NA,T,NA,NA,NA,NA,20180451700
156,2018045,2000,2018,45,20,0,NA,NA,A,NA,NA,NA,NA,20180452000
157,2018045,2005,2018,45,20,5,NA,NA,A,NA,NA,NA,NA,20180452005
158,2018046,1605,2018,46,16,5,NA,NA,T,NA,NA,NA,NA,20180461605
159,2018046,1740,2018,46,17,40,19.3375,-99.18296359,T,0.19525,0.14575,0.0207,0,20180461740
160,2018046,1905,2018,46,19,5,NA,NA,A,NA,NA,NA,NA,20180461905
161,2018046,1910,2018,46,19,10,NA,NA,A,NA,NA,NA,NA,20180461910
162,2018046,2045,2018,46,20,45,NA,NA,A,NA,NA,NA,NA,20180462045
163,2018047,1645,2018,47,16,45,19.3375,-99.18296359,T,0.0965,0.07225,0.0311,0,20180471645
164,2018047,1825,2018,47,18,25,NA,NA,T,NA,NA,NA,NA,20180471825
165,2018047,1950,2018,47,19,50,19.3375,-99.18296359,A,0.2135,0.15925,0.0443,0,20180471950
166,2018048,1730,2018,48,17,30,19.3375,-99.18296359,T,0.136,0.10125,0.0366,0,20180481730
167,2018048,2030,2018,48,20,30,NA,NA,A,NA,NA,NA,NA,20180482030
168,2018048,2035,2018,48,20,35,19.3375,-99.18296359,A,0.22925,0.17125,0.0344,0,20180482035
169,2018049,1635,2018,49,16,35,19.3375,-99.18296359,T,0.26275,0.196,0.0274,0,20180491635
170,2018049,1810,2018,49,18,10,NA,NA,T,NA,NA,NA,NA,20180491810
171,2018049,1935,2018,49,19,35,NA,NA,A,NA,NA,NA,NA,20180491935
172,2018049,1940,2018,49,19,40,19.3375,-99.18296359,A,0.375,0.27975,0.0328,0,20180491940
173,2018050,1720,2018,50,17,20,19.3375,-99.17413201,T,0.488,0.365,0.0915,0,20180501720
174,2018050,2025,2018,50,20,25,NA,NA,A,NA,NA,NA,NA,20180502025
175,2018051,1620,2018,51,16,20,NA,NA,T,NA,NA,NA,NA,20180511620
176,2018051,1800,2018,51,18,0,NA,NA,T,NA,NA,NA,NA,20180511800
177,2018051,1930,2018,51,19,30,NA,NA,A,NA,NA,NA,NA,20180511930
178,2018051,2105,2018,51,21,5,NA,NA,A,NA,NA,NA,NA,20180512105
179,2018052,1705,2018,52,17,5,19.3375,-99.18296359,T,0.2015,0.1505,0.096,0,20180521705
180,2018052,2005,2018,52,20,5,NA,NA,A,NA,NA,NA,NA,20180522005
181,2018052,2010,2018,52,20,10,NA,NA,A,NA,NA,NA,NA,20180522010
182,2018053,1750,2018,53,17,50,19.3375,-99.18296359,T,0.262,0.1955,0.0189,0,20180531750
183,2018053,1910,2018,53,19,10,NA,NA,A,NA,NA,NA,NA,20180531910
184,2018053,2050,2018,53,20,50,19.3375,-99.18296359,A,0.668,0.499,0.011,0,20180532050
185,2018053,2055,2018,53,20,55,NA,NA,A,NA,NA,NA,NA,20180532055
186,2018054,1655,2018,54,16,55,19.3375,-99.18296359,T,0.2935,0.21925,0.0555,0,20180541655
187,2018054,1830,2018,54,18,30,NA,NA,T,NA,NA,NA,NA,20180541830
188,2018054,2000,2018,54,20,0,19.3375,-99.18296359,A,0.5335,0.39875,0.0948,0,20180542000
189,2018055,1600,2018,55,16,0,NA,NA,T,NA,NA,NA,NA,20180551600
190,2018055,1735,2018,55,17,35,19.3375,-99.18296359,T,0.4445,0.332,0.0361,0,20180551735
191,2018055,1905,2018,55,19,5,NA,NA,A,NA,NA,NA,NA,20180551905
192,2018055,2040,2018,55,20,40,NA,NA,A,NA,NA,NA,NA,20180552040
193,2018056,1640,2018,56,16,40,19.3375,-99.18296359,T,0.32375,0.2415,0.0346,0,20180561640
194,2018056,1815,2018,56,18,15,NA,NA,T,NA,NA,NA,NA,20180561815
195,2018056,1945,2018,56,19,45,19.3375,-99.18296359,A,0.57567,0.43,0.0505,0,20180561945
196,2018057,1725,2018,57,17,25,19.3375,-99.18296359,T,0.2245,0.16775,0.0742,0,20180571725
197,2018057,2025,2018,57,20,25,NA,NA,A,NA,NA,NA,NA,20180572025
198,2018057,2030,2018,57,20,30,NA,NA,A,NA,NA,NA,NA,20180572030
199,2018058,1630,2018,58,16,30,NA,NA,T,NA,NA,NA,NA,20180581630
200,2018058,1805,2018,58,18,5,NA,NA,T,NA,NA,NA,NA,20180581805
201,2018058,1930,2018,58,19,30,NA,NA,A,NA,NA,NA,NA,20180581930
202,2018058,1935,2018,58,19,35,19.3375,-99.18296359,A,0.53175,0.397,0.0257,0,20180581935
203,2018058,2110,2018,58,21,10,NA,NA,A,NA,NA,NA,NA,20180582110
204,2018059,1710,2018,59,17,10,19.3375,-99.18296359,T,0.21375,0.15975,0.11,0,20180591710
205,2018059,2015,2018,59,20,15,19.3375,-99.18296359,A,0.56775,0.424,0.0904,0,20180592015
206,2018060,1615,2018,60,16,15,NA,NA,T,NA,NA,NA,NA,20180601615
207,2018060,1755,2018,60,17,55,19.3375,-99.18296359,T,0.4215,0.3145,0.0141,0,20180601755
208,2018060,2055,2018,60,20,55,NA,NA,A,NA,NA,NA,NA,20180602055
209,2018060,2100,2018,60,21,0,NA,NA,A,NA,NA,NA,NA,20180602100
210,2018061,1700,2018,61,17,0,19.3375,-99.18296359,T,0.291,0.2175,0.0766,0,20180611700
211,2018061,2000,2018,61,20,0,NA,NA,A,NA,NA,NA,NA,20180612000
212,2018061,2005,2018,61,20,5,19.3375,-99.18296359,A,0.598,0.44675,0.1102,0,20180612005
213,2018062,1605,2018,62,16,5,NA,NA,T,NA,NA,NA,NA,20180621605
214,2018062,1740,2018,62,17,40,19.3375,-99.18296359,T,0.17425,0.13,0.0259,0,20180621740
215,2018062,1905,2018,62,19,5,NA,NA,A,NA,NA,NA,NA,20180621905
216,2018062,1910,2018,62,19,10,NA,NA,A,NA,NA,NA,NA,20180621910
217,2018062,2045,2018,62,20,45,NA,NA,A,NA,NA,NA,NA,20180622045
218,2018063,1645,2018,63,16,45,19.3375,-99.18296359,T,0.14425,0.10775,0.0464,0,20180631645
219,2018063,1825,2018,63,18,25,NA,NA,T,NA,NA,NA,NA,20180631825
220,2018063,1950,2018,63,19,50,19.3375,-99.18296359,A,0.1345,0.1005,0.0704,0,20180631950
221,2018064,1730,2018,64,17,30,19.3375,-99.18296359,T,0.198,0.1475,0.0526,0,20180641730
222,2018064,2030,2018,64,20,30,NA,NA,A,NA,NA,NA,NA,20180642030
223,2018064,2035,2018,64,20,35,19.3375,-99.18296359,A,0.555,0.41425,0.0402,0,20180642035
224,2018065,1635,2018,65,16,35,19.3375,-99.18296359,T,0.434,0.32425,0.0315,0,20180651635
225,2018065,1810,2018,65,18,10,NA,NA,T,NA,NA,NA,NA,20180651810
226,2018065,1935,2018,65,19,35,NA,NA,A,NA,NA,NA,NA,20180651935
227,2018065,1940,2018,65,19,40,NA,NA,A,NA,NA,NA,NA,20180651940
228,2018066,1720,2018,66,17,20,NA,NA,T,NA,NA,NA,NA,20180661720
229,2018066,2025,2018,66,20,25,NA,NA,A,NA,NA,NA,NA,20180662025
230,2018067,1620,2018,67,16,20,NA,NA,T,NA,NA,NA,NA,20180671620
231,2018067,1800,2018,67,18,0,NA,NA,T,NA,NA,NA,NA,20180671800
232,2018067,1930,2018,67,19,30,NA,NA,A,NA,NA,NA,NA,20180671930
233,2018067,2105,2018,67,21,5,NA,NA,A,NA,NA,NA,NA,20180672105
234,2018068,1705,2018,68,17,5,19.3375,-99.18296359,T,0.1605,0.11975,0.1024,0,20180681705
235,2018068,2005,2018,68,20,5,NA,NA,A,NA,NA,NA,NA,20180682005
236,2018068,2010,2018,68,20,10,NA,NA,A,NA,NA,NA,NA,20180682010
237,2018069,1610,2018,69,16,10,NA,NA,T,NA,NA,NA,NA,20180691610
238,2018069,1750,2018,69,17,50,19.3375,-99.18296359,T,0.15425,0.11475,0.0203,0,20180691750
239,2018069,1910,2018,69,19,10,NA,NA,A,NA,NA,NA,NA,20180691910
240,2018069,2050,2018,69,20,50,19.3375,-99.18296359,A,0.4915,0.367,0.0122,0,20180692050
241,2018069,2055,2018,69,20,55,NA,NA,A,NA,NA,NA,NA,20180692055
242,2018070,1655,2018,70,16,55,19.3375,-99.18296359,T,0.086,0.06425,0.0631,0,20180701655
243,2018070,1830,2018,70,18,30,NA,NA,T,NA,NA,NA,NA,20180701830
244,2018070,1955,2018,70,19,55,NA,NA,A,NA,NA,NA,NA,20180701955
245,2018070,2000,2018,70,20,0,19.3375,-99.18296359,A,0.06825,0.05075,0.0993,0,20180702000
246,2018071,1600,2018,71,16,0,NA,NA,T,NA,NA,NA,NA,20180711600
247,2018071,1735,2018,71,17,35,19.3375,-99.18296359,T,0.46825,0.3495,0.039,0,20180711735
248,2018071,1905,2018,71,19,5,NA,NA,A,NA,NA,NA,NA,20180711905
249,2018071,2040,2018,71,20,40,NA,NA,A,NA,NA,NA,NA,20180712040
250,2018072,1640,2018,72,16,40,19.3375,-99.18296359,T,0.19275,0.144,0.0394,0,20180721640
251,2018072,1815,2018,72,18,15,NA,NA,T,NA,NA,NA,NA,20180721815
252,2018072,1945,2018,72,19,45,NA,NA,A,NA,NA,NA,NA,20180721945
253,2018073,1725,2018,73,17,25,19.3375,-99.18296359,T,0.4275,0.3195,0.0815,0,20180731725
254,2018073,2025,2018,73,20,25,NA,NA,A,NA,NA,NA,NA,20180732025
255,2018073,2030,2018,73,20,30,NA,NA,A,NA,NA,NA,NA,20180732030
256,2018074,1630,2018,74,16,30,NA,NA,T,NA,NA,NA,NA,20180741630
257,2018074,1805,2018,74,18,5,NA,NA,T,NA,NA,NA,NA,20180741805
258,2018074,1930,2018,74,19,30,NA,NA,A,NA,NA,NA,NA,20180741930
259,2018074,1935,2018,74,19,35,NA,NA,A,NA,NA,NA,NA,20180741935
260,2018074,2110,2018,74,21,10,NA,NA,A,NA,NA,NA,NA,20180742110
261,2018075,1710,2018,75,17,10,19.3375,-99.18296359,T,0.04525,0.0335,0.1185,0,20180751710
262,2018075,2015,2018,75,20,15,NA,NA,A,NA,NA,NA,NA,20180752015
263,2018076,1615,2018,76,16,15,NA,NA,T,NA,NA,NA,NA,20180761615
264,2018076,1755,2018,76,17,55,19.3375,-99.18296359,T,0.52575,0.3925,0.0162,0,20180761755
265,2018076,2055,2018,76,20,55,NA,NA,A,NA,NA,NA,NA,20180762055
266,2018076,2100,2018,76,21,0,NA,NA,A,NA,NA,NA,NA,20180762100
267,2018077,1700,2018,77,17,0,NA,NA,T,NA,NA,NA,NA,20180771700
268,2018077,2000,2018,77,20,0,NA,NA,A,NA,NA,NA,NA,20180772000
269,2018077,2005,2018,77,20,5,NA,NA,A,NA,NA,NA,NA,20180772005
270,2018078,1605,2018,78,16,5,NA,NA,T,NA,NA,NA,NA,20180781605
271,2018078,1740,2018,78,17,40,19.3375,-99.18296359,T,0.11625,0.08675,0.0306,0,20180781740
272,2018078,1905,2018,78,19,5,NA,NA,A,NA,NA,NA,NA,20180781905
273,2018078,1910,2018,78,19,10,NA,NA,A,NA,NA,NA,NA,20180781910
274,2018078,2045,2018,78,20,45,NA,NA,A,NA,NA,NA,NA,20180782045
275,2018079,1645,2018,79,16,45,19.3375,-99.18296359,T,0.18225,0.13625,0.0543,0,20180791645
276,2018079,1825,2018,79,18,25,NA,NA,T,NA,NA,NA,NA,20180791825
277,2018079,1950,2018,79,19,50,19.3375,-99.18296359,A,0.59775,0.4465,0.0805,0,20180791950
278,2018080,1730,2018,80,17,30,19.3375,-99.18296359,T,0.42025,0.31375,0.0636,0,20180801730
279,2018080,2030,2018,80,20,30,NA,NA,A,NA,NA,NA,NA,20180802030
280,2018080,2035,2018,80,20,35,NA,NA,A,NA,NA,NA,NA,20180802035
281,2018081,1635,2018,81,16,35,19.3375,-99.18296359,T,0.31625,0.23625,0.033,0,20180811635
282,2018081,1810,2018,81,18,10,NA,NA,T,NA,NA,NA,NA,20180811810
283,2018081,1935,2018,81,19,35,NA,NA,A,NA,NA,NA,NA,20180811935
284,2018081,1940,2018,81,19,40,NA,NA,A,NA,NA,NA,NA,20180811940
285,2018082,1720,2018,82,17,20,19.3375,-99.18296359,T,0.07725,0.0575,0.1266,0,20180821720
286,2018082,2025,2018,82,20,25,19.3375,-99.18296359,A,0.1085,0.081,0.0804,0,20180822025
287,2018083,1625,2018,83,16,25,NA,NA,T,NA,NA,NA,NA,20180831625
288,2018083,1800,2018,83,18,0,19.3375,-99.18296359,T,0.02425,0.01825,0.0137,0,20180831800
289,2018083,1930,2018,83,19,30,19.3375,-99.18296359,A,0.166,0.12375,0.0221,0,20180831930
290,2018083,2105,2018,83,21,5,NA,NA,A,NA,NA,NA,NA,20180832105
291,2018084,1705,2018,84,17,5,19.3375,-99.18296359,T,0.02275,0.01675,0.1248,0,20180841705
292,2018084,2005,2018,84,20,5,NA,NA,A,NA,NA,NA,NA,20180842005
293,2018084,2010,2018,84,20,10,19.3375,-99.18296359,A,0.1305,0.09725,0.1142,0,20180842010
294,2018085,1610,2018,85,16,10,NA,NA,T,NA,NA,NA,NA,20180851610
295,2018085,1750,2018,85,17,50,19.3375,-99.18296359,T,0.2475,0.18475,0.0246,0,20180851750
296,2018085,1910,2018,85,19,10,NA,NA,A,NA,NA,NA,NA,20180851910
297,2018085,2050,2018,85,20,50,NA,NA,A,NA,NA,NA,NA,20180852050
298,2018085,2055,2018,85,20,55,NA,NA,A,NA,NA,NA,NA,20180852055
299,2018086,1655,2018,86,16,55,19.3375,-99.18296359,T,0.37425,0.27975,0.0593,0,20180861655
300,2018086,1830,2018,86,18,30,NA,NA,T,NA,NA,NA,NA,20180861830
301,2018086,1955,2018,86,19,55,NA,NA,A,NA,NA,NA,NA,20180861955
302,2018086,2000,2018,86,20,0,NA,NA,A,NA,NA,NA,NA,20180862000
303,2018087,1600,2018,87,16,0,NA,NA,T,NA,NA,NA,NA,20180871600
304,2018087,1735,2018,87,17,35,19.3375,-99.18296359,T,0.13025,0.09725,0.0512,0,20180871735
305,2018087,1905,2018,87,19,5,NA,NA,A,NA,NA,NA,NA,20180871905
306,2018087,2040,2018,87,20,40,NA,NA,A,NA,NA,NA,NA,20180872040
307,2018088,1640,2018,88,16,40,19.3375,-99.18296359,T,0.36525,0.27275,0.0335,0,20180881640
308,2018088,1820,2018,88,18,20,NA,NA,T,NA,NA,NA,NA,20180881820
309,2018088,1945,2018,88,19,45,NA,NA,A,NA,NA,NA,NA,20180881945
310,2018089,1725,2018,89,17,25,NA,NA,T,NA,NA,NA,NA,20180891725
311,2018089,2025,2018,89,20,25,NA,NA,A,NA,NA,NA,NA,20180892025
312,2018089,2030,2018,89,20,30,NA,NA,A,NA,NA,NA,NA,20180892030
313,2018090,1630,2018,90,16,30,NA,NA,T,NA,NA,NA,NA,20180901630
314,2018090,1805,2018,90,18,5,NA,NA,T,NA,NA,NA,NA,20180901805
315,2018090,1930,2018,90,19,30,NA,NA,A,NA,NA,NA,NA,20180901930
316,2018090,1935,2018,90,19,35,NA,NA,A,NA,NA,NA,NA,20180901935
317,2018090,2110,2018,90,21,10,NA,NA,A,NA,NA,NA,NA,20180902110
318,2018091,1710,2018,91,17,10,19.3375,-99.18296359,T,0.09925,0.074,0.1334,0,20180911710
319,2018091,2015,2018,91,20,15,19.3375,-99.18296359,A,0.22725,0.16975,0.0969,0,20180912015
320,2018092,1615,2018,92,16,15,NA,NA,T,NA,NA,NA,NA,20180921615
321,2018092,1755,2018,92,17,55,19.3375,-99.17413201,T,0.386,0.288,0.0184,0,20180921755
322,2018092,2055,2018,92,20,55,NA,NA,A,NA,NA,NA,NA,20180922055
323,2018092,2100,2018,92,21,0,NA,NA,A,NA,NA,NA,NA,20180922100
324,2018093,1700,2018,93,17,0,NA,NA,T,NA,NA,NA,NA,20180931700
325,2018093,2000,2018,93,20,0,NA,NA,A,NA,NA,NA,NA,20180932000
326,2018093,2005,2018,93,20,5,NA,NA,A,NA,NA,NA,NA,20180932005
327,2018094,1605,2018,94,16,5,NA,NA,T,NA,NA,NA,NA,20180941605
328,2018094,1745,2018,94,17,45,19.3375,-99.18296359,T,0.58825,0.4395,0.0412,0,20180941745
329,2018094,1905,2018,94,19,5,NA,NA,A,NA,NA,NA,NA,20180941905
330,2018094,1910,2018,94,19,10,NA,NA,A,NA,NA,NA,NA,20180941910
331,2018094,2045,2018,94,20,45,NA,NA,A,NA,NA,NA,NA,20180942045
332,2018095,1645,2018,95,16,45,19.3375,-99.18296359,T,0.52175,0.3895,0.0498,0,20180951645
333,2018095,1825,2018,95,18,25,NA,NA,T,NA,NA,NA,NA,20180951825
334,2018095,1950,2018,95,19,50,NA,NA,A,NA,NA,NA,NA,20180951950
335,2018096,1730,2018,96,17,30,NA,NA,T,NA,NA,NA,NA,20180961730
336,2018096,2030,2018,96,20,30,NA,NA,A,NA,NA,NA,NA,20180962030
337,2018096,2035,2018,96,20,35,NA,NA,A,NA,NA,NA,NA,20180962035
338,2018097,1635,2018,97,16,35,19.3375,-99.18296359,T,0.402,0.30025,0.0303,0,20180971635
339,2018097,1810,2018,97,18,10,NA,NA,T,NA,NA,NA,NA,20180971810
340,2018097,1935,2018,97,19,35,NA,NA,A,NA,NA,NA,NA,20180971935
341,2018097,1940,2018,97,19,40,NA,NA,A,NA,NA,NA,NA,20180971940
342,2018098,1720,2018,98,17,20,19.3375,-99.18296359,T,0.22975,0.1715,0.1545,0,20180981720
343,2018098,2025,2018,98,20,25,NA,NA,A,NA,NA,NA,NA,20180982025
344,2018099,1625,2018,99,16,25,NA,NA,T,NA,NA,NA,NA,20180991625
345,2018099,1800,2018,99,18,0,NA,NA,T,NA,NA,NA,NA,20180991800
346,2018099,1930,2018,99,19,30,NA,NA,A,NA,NA,NA,NA,20180991930
347,2018099,2105,2018,99,21,5,NA,NA,A,NA,NA,NA,NA,20180992105
348,2018100,1705,2018,100,17,5,NA,NA,T,NA,NA,NA,NA,20181001705
349,2018100,2005,2018,100,20,5,NA,NA,A,NA,NA,NA,NA,20181002005
350,2018100,2010,2018,100,20,10,NA,NA,A,NA,NA,NA,NA,20181002010
351,2018101,1610,2018,101,16,10,NA,NA,T,NA,NA,NA,NA,20181011610
352,2018101,1750,2018,101,17,50,NA,NA,T,NA,NA,NA,NA,20181011750
353,2018101,1910,2018,101,19,10,NA,NA,A,NA,NA,NA,NA,20181011910
354,2018101,2050,2018,101,20,50,NA,NA,A,NA,NA,NA,NA,20181012050
355,2018101,2055,2018,101,20,55,NA,NA,A,NA,NA,NA,NA,20181012055
356,2018102,1655,2018,102,16,55,NA,NA,T,NA,NA,NA,NA,20181021655
357,2018102,1830,2018,102,18,30,NA,NA,T,NA,NA,NA,NA,20181021830
358,2018102,1955,2018,102,19,55,NA,NA,A,NA,NA,NA,NA,20181021955
359,2018102,2000,2018,102,20,0,NA,NA,A,NA,NA,NA,NA,20181022000
360,2018103,1600,2018,103,16,0,NA,NA,T,NA,NA,NA,NA,20181031600
361,2018103,1735,2018,103,17,35,NA,NA,T,NA,NA,NA,NA,20181031735
362,2018103,1905,2018,103,19,5,NA,NA,A,NA,NA,NA,NA,20181031905
363,2018103,2040,2018,103,20,40,NA,NA,A,NA,NA,NA,NA,20181032040
364,2018104,1640,2018,104,16,40,19.3375,-99.18296359,T,0.2805,0.2095,0.0412,0,20181041640
365,2018104,1820,2018,104,18,20,NA,NA,T,NA,NA,NA,NA,20181041820
366,2018104,1945,2018,104,19,45,NA,NA,A,NA,NA,NA,NA,20181041945
367,2018105,1725,2018,105,17,25,19.3375,-99.18296359,T,0.098,0.07325,0.133,0,20181051725
368,2018105,2025,2018,105,20,25,NA,NA,A,NA,NA,NA,NA,20181052025
369,2018105,2030,2018,105,20,30,NA,NA,A,NA,NA,NA,NA,20181052030
370,2018106,1630,2018,106,16,30,NA,NA,T,NA,NA,NA,NA,20181061630
371,2018106,1805,2018,106,18,5,NA,NA,T,NA,NA,NA,NA,20181061805
372,2018106,1930,2018,106,19,30,NA,NA,A,NA,NA,NA,NA,20181061930
373,2018106,1935,2018,106,19,35,NA,NA,A,NA,NA,NA,NA,20181061935
374,2018106,2110,2018,106,21,10,NA,NA,A,NA,NA,NA,NA,20181062110
375,2018107,1710,2018,107,17,10,19.3375,-99.18296359,T,0.34167,0.255,0.1654,0,20181071710
376,2018107,2015,2018,107,20,15,NA,NA,A,NA,NA,NA,NA,20181072015
377,2018108,1615,2018,108,16,15,NA,NA,T,NA,NA,NA,NA,20181081615
378,2018108,1755,2018,108,17,55,NA,NA,T,NA,NA,NA,NA,20181081755
379,2018108,2055,2018,108,20,55,NA,NA,A,NA,NA,NA,NA,20181082055
380,2018108,2100,2018,108,21,0,NA,NA,A,NA,NA,NA,NA,20181082100
381,2018109,1700,2018,109,17,0,19.3375,-99.18296359,T,0.20175,0.15075,0.1026,0,20181091700
382,2018109,2000,2018,109,20,0,NA,NA,A,NA,NA,NA,NA,20181092000
383,2018109,2005,2018,109,20,5,19.3375,-99.18296359,A,0.17175,0.12825,0.171,0,20181092005
384,2018110,1605,2018,110,16,5,NA,NA,T,NA,NA,NA,NA,20181101605
385,2018110,1745,2018,110,17,45,19.3375,-99.18296359,T,0.185,0.138,0.0444,0,20181101745
386,2018110,1905,2018,110,19,5,NA,NA,A,NA,NA,NA,NA,20181101905
387,2018110,1910,2018,110,19,10,NA,NA,A,NA,NA,NA,NA,20181101910
388,2018110,2045,2018,110,20,45,NA,NA,A,NA,NA,NA,NA,20181102045
389,2018111,1650,2018,111,16,50,19.3375,-99.18296359,T,0.38075,0.28425,0.0564,0,20181111650
390,2018111,1825,2018,111,18,25,NA,NA,T,NA,NA,NA,NA,20181111825
391,2018111,1950,2018,111,19,50,NA,NA,A,NA,NA,NA,NA,20181111950
392,2018112,1730,2018,112,17,30,NA,NA,T,NA,NA,NA,NA,20181121730
393,2018112,2030,2018,112,20,30,NA,NA,A,NA,NA,NA,NA,20181122030
394,2018112,2035,2018,112,20,35,NA,NA,A,NA,NA,NA,NA,20181122035
395,2018113,1635,2018,113,16,35,NA,NA,T,NA,NA,NA,NA,20181131635
396,2018113,1810,2018,113,18,10,NA,NA,T,NA,NA,NA,NA,20181131810
397,2018113,1935,2018,113,19,35,NA,NA,A,NA,NA,NA,NA,20181131935
398,2018113,1940,2018,113,19,40,NA,NA,A,NA,NA,NA,NA,20181131940
399,2018114,1720,2018,114,17,20,19.3375,-99.17413201,T,0.56733,0.42367,0.1977,0,20181141720
400,2018114,2025,2018,114,20,25,NA,NA,A,NA,NA,NA,NA,20181142025
401,2018115,1625,2018,115,16,25,NA,NA,T,NA,NA,NA,NA,20181151625
402,2018115,1800,2018,115,18,0,NA,NA,T,NA,NA,NA,NA,20181151800
403,2018115,1930,2018,115,19,30,NA,NA,A,NA,NA,NA,NA,20181151930
404,2018115,2105,2018,115,21,5,NA,NA,A,NA,NA,NA,NA,20181152105
405,2018116,1705,2018,116,17,5,19.3375,-99.18296359,T,0.514,0.384,0.1347,0,20181161705
406,2018116,2005,2018,116,20,5,NA,NA,A,NA,NA,NA,NA,20181162005
407,2018116,2010,2018,116,20,10,NA,NA,A,NA,NA,NA,NA,20181162010
408,2018117,1610,2018,117,16,10,NA,NA,T,NA,NA,NA,NA,20181171610
409,2018117,1750,2018,117,17,50,19.3375,-99.18296359,T,0.66475,0.4965,0.0354,0,20181171750
410,2018117,1910,2018,117,19,10,NA,NA,A,NA,NA,NA,NA,20181171910
411,2018117,2050,2018,117,20,50,NA,NA,A,NA,NA,NA,NA,20181172050
412,2018117,2055,2018,117,20,55,NA,NA,A,NA,NA,NA,NA,20181172055
413,2018118,1655,2018,118,16,55,NA,NA,T,NA,NA,NA,NA,20181181655
414,2018118,1830,2018,118,18,30,NA,NA,T,NA,NA,NA,NA,20181181830
415,2018118,1955,2018,118,19,55,NA,NA,A,NA,NA,NA,NA,20181181955
416,2018118,2000,2018,118,20,0,NA,NA,A,NA,NA,NA,NA,20181182000
417,2018119,1600,2018,119,16,0,NA,NA,T,NA,NA,NA,NA,20181191600
418,2018119,1735,2018,119,17,35,NA,NA,T,NA,NA,NA,NA,20181191735
419,2018119,1905,2018,119,19,5,NA,NA,A,NA,NA,NA,NA,20181191905
420,2018119,2040,2018,119,20,40,NA,NA,A,NA,NA,NA,NA,20181192040
421,2018120,1640,2018,120,16,40,NA,NA,T,NA,NA,NA,NA,20181201640
422,2018120,1820,2018,120,18,20,NA,NA,T,NA,NA,NA,NA,20181201820
423,2018120,1945,2018,120,19,45,NA,NA,A,NA,NA,NA,NA,20181201945
424,2018121,1725,2018,121,17,25,NA,NA,T,NA,NA,NA,NA,20181211725
425,2018121,2025,2018,121,20,25,NA,NA,A,NA,NA,NA,NA,20181212025
426,2018121,2030,2018,121,20,30,NA,NA,A,NA,NA,NA,NA,20181212030
427,2018122,1630,2018,122,16,30,NA,NA,T,NA,NA,NA,NA,20181221630
428,2018122,1805,2018,122,18,5,NA,NA,T,NA,NA,NA,NA,20181221805
429,2018122,1930,2018,122,19,30,NA,NA,A,NA,NA,NA,NA,20181221930
430,2018122,1935,2018,122,19,35,NA,NA,A,NA,NA,NA,NA,20181221935
431,2018122,2110,2018,122,21,10,NA,NA,A,NA,NA,NA,NA,20181222110
432,2018123,1710,2018,123,17,10,NA,NA,T,NA,NA,NA,NA,20181231710
433,2018123,2015,2018,123,20,15,NA,NA,A,NA,NA,NA,NA,20181232015
434,2018124,1615,2018,124,16,15,NA,NA,T,NA,NA,NA,NA,20181241615
435,2018124,1755,2018,124,17,55,19.3375,-99.18296359,T,0.574,0.4285,0.0225,0,20181241755
436,2018124,2055,2018,124,20,55,19.3375,-99.18296359,A,1.05275,0.7865,0.0187,0,20181242055
437,2018124,2100,2018,124,21,0,NA,NA,A,NA,NA,NA,NA,20181242100
438,2018125,1700,2018,125,17,0,NA,NA,T,NA,NA,NA,NA,20181251700
439,2018125,2000,2018,125,20,0,NA,NA,A,NA,NA,NA,NA,20181252000
440,2018125,2005,2018,125,20,5,NA,NA,A,NA,NA,NA,NA,20181252005
441,2018126,1605,2018,126,16,5,NA,NA,T,NA,NA,NA,NA,20181261605
442,2018126,1745,2018,126,17,45,NA,NA,T,NA,NA,NA,NA,20181261745
443,2018126,1905,2018,126,19,5,NA,NA,A,NA,NA,NA,NA,20181261905
444,2018126,1910,2018,126,19,10,NA,NA,A,NA,NA,NA,NA,20181261910
445,2018126,2045,2018,126,20,45,NA,NA,A,NA,NA,NA,NA,20181262045
446,2018127,1650,2018,127,16,50,NA,NA,T,NA,NA,NA,NA,20181271650
447,2018127,1825,2018,127,18,25,NA,NA,T,NA,NA,NA,NA,20181271825
448,2018127,1950,2018,127,19,50,NA,NA,A,NA,NA,NA,NA,20181271950
449,2018128,1730,2018,128,17,30,NA,NA,T,NA,NA,NA,NA,20181281730
450,2018128,2030,2018,128,20,30,NA,NA,A,NA,NA,NA,NA,20181282030
451,2018128,2035,2018,128,20,35,NA,NA,A,NA,NA,NA,NA,20181282035
452,2018129,1635,2018,129,16,35,NA,NA,T,NA,NA,NA,NA,20181291635
453,2018129,1815,2018,129,18,15,NA,NA,T,NA,NA,NA,NA,20181291815
454,2018129,1935,2018,129,19,35,NA,NA,A,NA,NA,NA,NA,20181291935
455,2018129,1940,2018,129,19,40,NA,NA,A,NA,NA,NA,NA,20181291940
456,2018130,1720,2018,130,17,20,19.3375,-99.17413201,T,0.11333,0.08433,0.185,0,20181301720
457,2018130,2025,2018,130,20,25,NA,NA,A,NA,NA,NA,NA,20181302025
458,2018131,1625,2018,131,16,25,NA,NA,T,NA,NA,NA,NA,20181311625
459,2018131,1800,2018,131,18,0,NA,NA,T,NA,NA,NA,NA,20181311800
460,2018131,1930,2018,131,19,30,19.3375,-99.18296359,A,0.84025,0.62775,0.0266,0,20181311930
461,2018131,2105,2018,131,21,5,NA,NA,A,NA,NA,NA,NA,20181312105
462,2018132,1705,2018,132,17,5,19.3375,-99.18296359,T,0.3585,0.26775,0.1505,0,20181321705
463,2018132,2005,2018,132,20,5,NA,NA,A,NA,NA,NA,NA,20181322005
464,2018132,2010,2018,132,20,10,NA,NA,A,NA,NA,NA,NA,20181322010
465,2018133,1610,2018,133,16,10,NA,NA,T,NA,NA,NA,NA,20181331610
466,2018133,1750,2018,133,17,50,19.3375,-99.18296359,T,0.41,0.3065,0.0329,0,20181331750
467,2018133,1910,2018,133,19,10,NA,NA,A,NA,NA,NA,NA,20181331910
468,2018133,2050,2018,133,20,50,NA,NA,A,NA,NA,NA,NA,20181332050
469,2018133,2055,2018,133,20,55,NA,NA,A,NA,NA,NA,NA,20181332055
470,2018134,1655,2018,134,16,55,19.3375,-99.18296359,T,0.65225,0.48725,0.0691,0,20181341655
471,2018134,1830,2018,134,18,30,NA,NA,T,NA,NA,NA,NA,20181341830
472,2018134,2000,2018,134,20,0,19.32916666,-99.18673365,A,0.335,0.2505,0.0952,0,20181342000
473,2018135,1600,2018,135,16,0,NA,NA,T,NA,NA,NA,NA,20181351600
474,2018135,1735,2018,135,17,35,19.3375,-99.18296359,T,0.03375,0.025,0.0642,0,20181351735
475,2018135,1905,2018,135,19,5,NA,NA,A,NA,NA,NA,NA,20181351905
476,2018135,2040,2018,135,20,40,19.3375,-99.18296359,A,0.19375,0.1445,0.026,0,20181352040
477,2018136,1640,2018,136,16,40,19.3375,-99.18296359,T,0.327,0.24425,0.0373,0,20181361640
478,2018136,1820,2018,136,18,20,NA,NA,T,NA,NA,NA,NA,20181361820
479,2018136,1945,2018,136,19,45,NA,NA,A,NA,NA,NA,NA,20181361945
480,2018137,1725,2018,137,17,25,NA,NA,T,NA,NA,NA,NA,20181371725
481,2018137,2025,2018,137,20,25,NA,NA,A,NA,NA,NA,NA,20181372025
482,2018137,2030,2018,137,20,30,NA,NA,A,NA,NA,NA,NA,20181372030
483,2018138,1630,2018,138,16,30,NA,NA,T,NA,NA,NA,NA,20181381630
484,2018138,1805,2018,138,18,5,NA,NA,T,NA,NA,NA,NA,20181381805
485,2018138,1930,2018,138,19,30,NA,NA,A,NA,NA,NA,NA,20181381930
486,2018138,1935,2018,138,19,35,19.3375,-99.18296359,A,0.29075,0.217,0.0311,0,20181381935
487,2018138,2110,2018,138,21,10,NA,NA,A,NA,NA,NA,NA,20181382110
488,2018139,1715,2018,139,17,15,19.3375,-99.18296359,T,0.13025,0.097,0.1663,0,20181391715
489,2018139,2015,2018,139,20,15,NA,NA,A,NA,NA,NA,NA,20181392015
490,2018140,1615,2018,140,16,15,NA,NA,T,NA,NA,NA,NA,20181401615
491,2018140,1755,2018,140,17,55,19.3375,-99.18296359,T,0.4215,0.315,0.0211,0,20181401755
492,2018140,2055,2018,140,20,55,NA,NA,A,NA,NA,NA,NA,20181402055
493,2018140,2100,2018,140,21,0,NA,NA,A,NA,NA,NA,NA,20181402100
494,2018141,1700,2018,141,17,0,NA,NA,T,NA,NA,NA,NA,20181411700
495,2018141,2000,2018,141,20,0,NA,NA,A,NA,NA,NA,NA,20181412000
496,2018141,2005,2018,141,20,5,NA,NA,A,NA,NA,NA,NA,20181412005
497,2018142,1605,2018,142,16,5,NA,NA,T,NA,NA,NA,NA,20181421605
498,2018142,1745,2018,142,17,45,NA,NA,T,NA,NA,NA,NA,20181421745
499,2018142,1905,2018,142,19,5,NA,NA,A,NA,NA,NA,NA,20181421905
500,2018142,1910,2018,142,19,10,NA,NA,A,NA,NA,NA,NA,20181421910
501,2018142,2045,2018,142,20,45,NA,NA,A,NA,NA,NA,NA,20181422045
502,2018143,1650,2018,143,16,50,19.3375,-99.18296359,T,0.43025,0.3215,0.0529,0,20181431650
503,2018143,1825,2018,143,18,25,NA,NA,T,NA,NA,NA,NA,20181431825
504,2018143,1950,2018,143,19,50,19.3375,-99.17413201,A,0.526,0.393,0.1163,0,20181431950
505,2018144,1730,2018,144,17,30,19.3375,-99.18296359,T,0.23625,0.1765,0.0836,0,20181441730
506,2018144,2030,2018,144,20,30,NA,NA,A,NA,NA,NA,NA,20181442030
507,2018144,2035,2018,144,20,35,19.32916666,-99.18673365,A,0.5455,0.407,0.0275,0,20181442035
508,2018145,1635,2018,145,16,35,19.3375,-99.18296359,T,0.2995,0.2235,0.0286,0,20181451635
509,2018145,1815,2018,145,18,15,NA,NA,T,NA,NA,NA,NA,20181451815
510,2018145,1935,2018,145,19,35,NA,NA,A,NA,NA,NA,NA,20181451935
511,2018145,1940,2018,145,19,40,19.3375,-99.18296359,A,0.25575,0.191,0.0464,0,20181451940
512,2018146,1720,2018,146,17,20,19.3375,-99.18296359,T,0.05367,0.04,0.1517,0,20181461720
513,2018146,2025,2018,146,20,25,19.3375,-99.18296359,A,0.235,0.1755,0.0803,0,20181462025
514,2018147,1625,2018,147,16,25,NA,NA,T,NA,NA,NA,NA,20181471625
515,2018147,1800,2018,147,18,0,19.3375,-99.18296359,T,0.0265,0.01975,0.017,0,20181471800
516,2018147,1925,2018,147,19,25,19.3375,-99.18296359,A,0.1635,0.122,0.0237,0,20181471925
517,2018147,2105,2018,147,21,5,NA,NA,A,NA,NA,NA,NA,20181472105
518,2018148,1705,2018,148,17,5,19.3375,-99.18296359,T,0.0545,0.04025,0.1417,0,20181481705
519,2018148,2005,2018,148,20,5,NA,NA,A,NA,NA,NA,NA,20181482005
520,2018148,2010,2018,148,20,10,19.3375,-99.18296359,A,0.24525,0.18325,0.121,0,20181482010
521,2018149,1610,2018,149,16,10,NA,NA,T,NA,NA,NA,NA,20181491610
522,2018149,1750,2018,149,17,50,19.3375,-99.18296359,T,0.05775,0.043,0.0282,0,20181491750
523,2018149,1910,2018,149,19,10,NA,NA,A,NA,NA,NA,NA,20181491910
524,2018149,2050,2018,149,20,50,19.3375,-99.18296359,A,0.286,0.2135,0.0153,0,20181492050
525,2018149,2055,2018,149,20,55,NA,NA,A,NA,NA,NA,NA,20181492055
526,2018150,1655,2018,150,16,55,19.3375,-99.18296359,T,0.30175,0.22525,0.0602,0,20181501655
527,2018150,1830,2018,150,18,30,NA,NA,T,NA,NA,NA,NA,20181501830
528,2018150,2000,2018,150,20,0,19.32916666,-99.18673365,A,0.281,0.21,0.0809,0,20181502000
529,2018151,1600,2018,151,16,0,NA,NA,T,NA,NA,NA,NA,20181511600
530,2018151,1735,2018,151,17,35,19.3375,-99.18296359,T,0.04925,0.03675,0.0558,0,20181511735
531,2018151,1905,2018,151,19,5,NA,NA,A,NA,NA,NA,NA,20181511905
532,2018151,2040,2018,151,20,40,19.3375,-99.18296359,A,0.21433,0.16,0.0256,0,20181512040
533,2018152,1640,2018,152,16,40,19.3375,-99.18296359,T,0.24375,0.182,0.0318,0,20181521640
534,2018152,1820,2018,152,18,20,NA,NA,T,NA,NA,NA,NA,20181521820
535,2018152,1945,2018,152,19,45,19.3375,-99.18296359,A,0.36,0.269,0.066,0,20181521945
536,2018153,1725,2018,153,17,25,NA,NA,T,NA,NA,NA,NA,20181531725
537,2018153,2025,2018,153,20,25,NA,NA,A,NA,NA,NA,NA,20181532025
538,2018153,2030,2018,153,20,30,NA,NA,A,NA,NA,NA,NA,20181532030
539,2018154,1630,2018,154,16,30,NA,NA,T,NA,NA,NA,NA,20181541630
540,2018154,1805,2018,154,18,5,NA,NA,T,NA,NA,NA,NA,20181541805
541,2018154,1930,2018,154,19,30,NA,NA,A,NA,NA,NA,NA,20181541930
542,2018154,1935,2018,154,19,35,NA,NA,A,NA,NA,NA,NA,20181541935
543,2018154,2110,2018,154,21,10,NA,NA,A,NA,NA,NA,NA,20181542110
544,2018155,1715,2018,155,17,15,19.3375,-99.18296359,T,0.16825,0.12575,0.1225,0,20181551715
545,2018155,2015,2018,155,20,15,19.3375,-99.18296359,A,0.23975,0.179,0.0847,0,20181552015
546,2018156,1615,2018,156,16,15,NA,NA,T,NA,NA,NA,NA,20181561615
547,2018156,1755,2018,156,17,55,19.3375,-99.18296359,T,0.29475,0.22,0.0211,0,20181561755
548,2018156,2055,2018,156,20,55,19.3375,-99.18296359,A,0.552,0.41267,0.019,0,20181562055
549,2018156,2100,2018,156,21,0,NA,NA,A,NA,NA,NA,NA,20181562100
550,2018157,1700,2018,157,17,0,NA,NA,T,NA,NA,NA,NA,20181571700
551,2018157,2000,2018,157,20,0,NA,NA,A,NA,NA,NA,NA,20181572000
552,2018157,2005,2018,157,20,5,NA,NA,A,NA,NA,NA,NA,20181572005
553,2018158,1605,2018,158,16,5,NA,NA,T,NA,NA,NA,NA,20181581605
554,2018158,1745,2018,158,17,45,NA,NA,T,NA,NA,NA,NA,20181581745
555,2018158,1905,2018,158,19,5,NA,NA,A,NA,NA,NA,NA,20181581905
556,2018158,1910,2018,158,19,10,NA,NA,A,NA,NA,NA,NA,20181581910
557,2018158,2045,2018,158,20,45,NA,NA,A,NA,NA,NA,NA,20181582045
558,2018159,1650,2018,159,16,50,NA,NA,T,NA,NA,NA,NA,20181591650
559,2018159,1825,2018,159,18,25,NA,NA,T,NA,NA,NA,NA,20181591825
560,2018159,1950,2018,159,19,50,NA,NA,A,NA,NA,NA,NA,20181591950
561,2018160,1730,2018,160,17,30,NA,NA,T,NA,NA,NA,NA,20181601730
562,2018160,2030,2018,160,20,30,NA,NA,A,NA,NA,NA,NA,20181602030
563,2018160,2035,2018,160,20,35,NA,NA,A,NA,NA,NA,NA,20181602035
564,2018161,1635,2018,161,16,35,NA,NA,T,NA,NA,NA,NA,20181611635
565,2018161,1815,2018,161,18,15,NA,NA,T,NA,NA,NA,NA,20181611815
566,2018161,1935,2018,161,19,35,NA,NA,A,NA,NA,NA,NA,20181611935
567,2018161,1940,2018,161,19,40,NA,NA,A,NA,NA,NA,NA,20181611940
568,2018162,1720,2018,162,17,20,NA,NA,T,NA,NA,NA,NA,20181621720
569,2018162,2025,2018,162,20,25,NA,NA,A,NA,NA,NA,NA,20181622025
570,2018163,1625,2018,163,16,25,NA,NA,T,NA,NA,NA,NA,20181631625
571,2018163,1800,2018,163,18,0,NA,NA,T,NA,NA,NA,NA,20181631800
572,2018163,1925,2018,163,19,25,NA,NA,A,NA,NA,NA,NA,20181631925
573,2018163,2105,2018,163,21,5,NA,NA,A,NA,NA,NA,NA,20181632105
574,2018164,1705,2018,164,17,5,NA,NA,T,NA,NA,NA,NA,20181641705
575,2018164,2005,2018,164,20,5,NA,NA,A,NA,NA,NA,NA,20181642005
576,2018164,2010,2018,164,20,10,NA,NA,A,NA,NA,NA,NA,20181642010
577,2018165,1610,2018,165,16,10,NA,NA,T,NA,NA,NA,NA,20181651610
578,2018165,1750,2018,165,17,50,NA,NA,T,NA,NA,NA,NA,20181651750
579,2018165,1910,2018,165,19,10,NA,NA,A,NA,NA,NA,NA,20181651910
580,2018165,2050,2018,165,20,50,NA,NA,A,NA,NA,NA,NA,20181652050
581,2018165,2055,2018,165,20,55,NA,NA,A,NA,NA,NA,NA,20181652055
582,2018166,1655,2018,166,16,55,NA,NA,T,NA,NA,NA,NA,20181661655
583,2018166,1830,2018,166,18,30,NA,NA,T,NA,NA,NA,NA,20181661830
584,2018166,2000,2018,166,20,0,NA,NA,A,NA,NA,NA,NA,20181662000
585,2018167,1600,2018,167,16,0,NA,NA,T,NA,NA,NA,NA,20181671600
586,2018167,1735,2018,167,17,35,NA,NA,T,NA,NA,NA,NA,20181671735
587,2018167,1905,2018,167,19,5,NA,NA,A,NA,NA,NA,NA,20181671905
588,2018167,2040,2018,167,20,40,NA,NA,A,NA,NA,NA,NA,20181672040
589,2018168,1640,2018,168,16,40,NA,NA,T,NA,NA,NA,NA,20181681640
590,2018168,1820,2018,168,18,20,NA,NA,T,NA,NA,NA,NA,20181681820
591,2018168,1945,2018,168,19,45,NA,NA,A,NA,NA,NA,NA,20181681945
592,2018169,1725,2018,169,17,25,NA,NA,T,NA,NA,NA,NA,20181691725
593,2018169,2025,2018,169,20,25,NA,NA,A,NA,NA,NA,NA,20181692025
594,2018169,2030,2018,169,20,30,NA,NA,A,NA,NA,NA,NA,20181692030
595,2018170,1630,2018,170,16,30,NA,NA,T,NA,NA,NA,NA,20181701630
596,2018170,1805,2018,170,18,5,NA,NA,T,NA,NA,NA,NA,20181701805
597,2018170,1935,2018,170,19,35,NA,NA,A,NA,NA,NA,NA,20181701935
598,2018170,2110,2018,170,21,10,NA,NA,A,NA,NA,NA,NA,20181702110
599,2018171,1715,2018,171,17,15,NA,NA,T,NA,NA,NA,NA,20181711715
600,2018171,2015,2018,171,20,15,NA,NA,A,NA,NA,NA,NA,20181712015
601,2018172,1615,2018,172,16,15,NA,NA,T,NA,NA,NA,NA,20181721615
602,2018172,1755,2018,172,17,55,NA,NA,T,NA,NA,NA,NA,20181721755
603,2018172,2055,2018,172,20,55,NA,NA,A,NA,NA,NA,NA,20181722055
604,2018172,2100,2018,172,21,0,NA,NA,A,NA,NA,NA,NA,20181722100
605,2018173,1700,2018,173,17,0,19.3375,-99.18296359,T,0.35667,0.26633,0.0786,0,20181731700
606,2018173,2000,2018,173,20,0,NA,NA,A,NA,NA,NA,NA,20181732000
607,2018173,2005,2018,173,20,5,NA,NA,A,NA,NA,NA,NA,20181732005
608,2018174,1605,2018,174,16,5,NA,NA,T,NA,NA,NA,NA,20181741605
609,2018174,1745,2018,174,17,45,NA,NA,T,NA,NA,NA,NA,20181741745
610,2018174,1905,2018,174,19,5,NA,NA,A,NA,NA,NA,NA,20181741905
611,2018174,1910,2018,174,19,10,NA,NA,A,NA,NA,NA,NA,20181741910
612,2018174,2045,2018,174,20,45,NA,NA,A,NA,NA,NA,NA,20181742045
613,2018175,1650,2018,175,16,50,19.3375,-99.18296359,T,0.41,0.30625,0.0434,0,20181751650
614,2018175,1825,2018,175,18,25,NA,NA,T,NA,NA,NA,NA,20181751825
615,2018175,1950,2018,175,19,50,NA,NA,A,NA,NA,NA,NA,20181751950
616,2018176,1730,2018,176,17,30,NA,NA,T,NA,NA,NA,NA,20181761730
617,2018176,2030,2018,176,20,30,NA,NA,A,NA,NA,NA,NA,20181762030
618,2018176,2035,2018,176,20,35,NA,NA,A,NA,NA,NA,NA,20181762035
619,2018177,1635,2018,177,16,35,NA,NA,T,NA,NA,NA,NA,20181771635
620,2018177,1815,2018,177,18,15,NA,NA,T,NA,NA,NA,NA,20181771815
621,2018177,1935,2018,177,19,35,NA,NA,A,NA,NA,NA,NA,20181771935
622,2018177,1940,2018,177,19,40,NA,NA,A,NA,NA,NA,NA,20181771940
623,2018178,1720,2018,178,17,20,NA,NA,T,NA,NA,NA,NA,20181781720
624,2018178,2020,2018,178,20,20,NA,NA,A,NA,NA,NA,NA,20181782020
625,2018179,1625,2018,179,16,25,NA,NA,T,NA,NA,NA,NA,20181791625
626,2018179,1800,2018,179,18,0,NA,NA,T,NA,NA,NA,NA,20181791800
627,2018179,1925,2018,179,19,25,NA,NA,A,NA,NA,NA,NA,20181791925
628,2018179,2105,2018,179,21,5,NA,NA,A,NA,NA,NA,NA,20181792105
629,2018180,1705,2018,180,17,5,NA,NA,T,NA,NA,NA,NA,20181801705
630,2018180,2005,2018,180,20,5,NA,NA,A,NA,NA,NA,NA,20181802005
631,2018180,2010,2018,180,20,10,NA,NA,A,NA,NA,NA,NA,20181802010
632,2018181,1610,2018,181,16,10,NA,NA,T,NA,NA,NA,NA,20181811610
633,2018181,1750,2018,181,17,50,NA,NA,T,NA,NA,NA,NA,20181811750
634,2018181,1910,2018,181,19,10,NA,NA,A,NA,NA,NA,NA,20181811910
635,2018181,2050,2018,181,20,50,NA,NA,A,NA,NA,NA,NA,20181812050
636,2018181,2055,2018,181,20,55,NA,NA,A,NA,NA,NA,NA,20181812055
637,2018182,1655,2018,182,16,55,NA,NA,T,NA,NA,NA,NA,20181821655
638,2018182,1830,2018,182,18,30,NA,NA,T,NA,NA,NA,NA,20181821830
639,2018182,2000,2018,182,20,0,NA,NA,A,NA,NA,NA,NA,20181822000
640,2018183,1600,2018,183,16,0,NA,NA,T,NA,NA,NA,NA,20181831600
641,2018183,1735,2018,183,17,35,NA,NA,T,NA,NA,NA,NA,20181831735
642,2018183,1905,2018,183,19,5,NA,NA,A,NA,NA,NA,NA,20181831905
643,2018183,2040,2018,183,20,40,NA,NA,A,NA,NA,NA,NA,20181832040
644,2018184,1640,2018,184,16,40,NA,NA,T,NA,NA,NA,NA,20181841640
645,2018184,1820,2018,184,18,20,NA,NA,T,NA,NA,NA,NA,20181841820
646,2018184,1940,2018,184,19,40,NA,NA,A,NA,NA,NA,NA,20181841940
647,2018184,1945,2018,184,19,45,NA,NA,A,NA,NA,NA,NA,20181841945
648,2018185,1725,2018,185,17,25,NA,NA,T,NA,NA,NA,NA,20181851725
649,2018185,2025,2018,185,20,25,NA,NA,A,NA,NA,NA,NA,20181852025
650,2018185,2030,2018,185,20,30,NA,NA,A,NA,NA,NA,NA,20181852030
651,2018186,1630,2018,186,16,30,NA,NA,T,NA,NA,NA,NA,20181861630
652,2018186,1805,2018,186,18,5,NA,NA,T,NA,NA,NA,NA,20181861805
653,2018186,1935,2018,186,19,35,NA,NA,A,NA,NA,NA,NA,20181861935
654,2018186,2110,2018,186,21,10,NA,NA,A,NA,NA,NA,NA,20181862110
655,2018187,1715,2018,187,17,15,NA,NA,T,NA,NA,NA,NA,20181871715
656,2018187,2015,2018,187,20,15,NA,NA,A,NA,NA,NA,NA,20181872015
657,2018188,1620,2018,188,16,20,NA,NA,T,NA,NA,NA,NA,20181881620
658,2018188,1755,2018,188,17,55,19.3375,-99.18296359,T,0.20675,0.15425,0.0199,0,20181881755
659,2018188,2055,2018,188,20,55,NA,NA,A,NA,NA,NA,NA,20181882055
660,2018188,2100,2018,188,21,0,NA,NA,A,NA,NA,NA,NA,20181882100
661,2018189,1700,2018,189,17,0,NA,NA,T,NA,NA,NA,NA,20181891700
662,2018189,2000,2018,189,20,0,NA,NA,A,NA,NA,NA,NA,20181892000
663,2018189,2005,2018,189,20,5,NA,NA,A,NA,NA,NA,NA,20181892005
664,2018190,1605,2018,190,16,5,NA,NA,T,NA,NA,NA,NA,20181901605
665,2018190,1745,2018,190,17,45,NA,NA,T,NA,NA,NA,NA,20181901745
666,2018190,1905,2018,190,19,5,NA,NA,A,NA,NA,NA,NA,20181901905
667,2018190,1910,2018,190,19,10,NA,NA,A,NA,NA,NA,NA,20181901910
668,2018190,2045,2018,190,20,45,NA,NA,A,NA,NA,NA,NA,20181902045
669,2018191,1650,2018,191,16,50,NA,NA,T,NA,NA,NA,NA,20181911650
670,2018191,1825,2018,191,18,25,NA,NA,T,NA,NA,NA,NA,20181911825
671,2018191,1950,2018,191,19,50,NA,NA,A,NA,NA,NA,NA,20181911950
672,2018192,1730,2018,192,17,30,NA,NA,T,NA,NA,NA,NA,20181921730
673,2018192,2030,2018,192,20,30,NA,NA,A,NA,NA,NA,NA,20181922030
674,2018192,2035,2018,192,20,35,NA,NA,A,NA,NA,NA,NA,20181922035
675,2018193,1635,2018,193,16,35,NA,NA,T,NA,NA,NA,NA,20181931635
676,2018193,1815,2018,193,18,15,NA,NA,T,NA,NA,NA,NA,20181931815
677,2018193,1935,2018,193,19,35,NA,NA,A,NA,NA,NA,NA,20181931935
678,2018193,1940,2018,193,19,40,NA,NA,A,NA,NA,NA,NA,20181931940
679,2018194,1720,2018,194,17,20,NA,NA,T,NA,NA,NA,NA,20181941720
680,2018194,2020,2018,194,20,20,NA,NA,A,NA,NA,NA,NA,20181942020
681,2018195,1625,2018,195,16,25,NA,NA,T,NA,NA,NA,NA,20181951625
682,2018195,1800,2018,195,18,0,NA,NA,T,NA,NA,NA,NA,20181951800
683,2018195,1925,2018,195,19,25,NA,NA,A,NA,NA,NA,NA,20181951925
684,2018195,2105,2018,195,21,5,NA,NA,A,NA,NA,NA,NA,20181952105
685,2018196,1705,2018,196,17,5,NA,NA,T,NA,NA,NA,NA,20181961705
686,2018196,2005,2018,196,20,5,NA,NA,A,NA,NA,NA,NA,20181962005
687,2018196,2010,2018,196,20,10,NA,NA,A,NA,NA,NA,NA,20181962010
688,2018197,1610,2018,197,16,10,NA,NA,T,NA,NA,NA,NA,20181971610
689,2018197,1750,2018,197,17,50,NA,NA,T,NA,NA,NA,NA,20181971750
690,2018197,1910,2018,197,19,10,NA,NA,A,NA,NA,NA,NA,20181971910
691,2018197,2050,2018,197,20,50,NA,NA,A,NA,NA,NA,NA,20181972050
692,2018197,2055,2018,197,20,55,NA,NA,A,NA,NA,NA,NA,20181972055
693,2018198,1655,2018,198,16,55,19.3375,-99.18296359,T,0.6305,0.471,0.0544,0,20181981655
694,2018198,1830,2018,198,18,30,NA,NA,T,NA,NA,NA,NA,20181981830
695,2018198,2000,2018,198,20,0,NA,NA,A,NA,NA,NA,NA,20181982000
696,2018199,1600,2018,199,16,0,NA,NA,T,NA,NA,NA,NA,20181991600
697,2018199,1735,2018,199,17,35,19.3375,-99.18296359,T,0.14275,0.1065,0.0436,0,20181991735
698,2018199,1905,2018,199,19,5,NA,NA,A,NA,NA,NA,NA,20181991905
699,2018199,2040,2018,199,20,40,NA,NA,A,NA,NA,NA,NA,20181992040
700,2018200,1640,2018,200,16,40,NA,NA,T,NA,NA,NA,NA,20182001640
701,2018200,1820,2018,200,18,20,NA,NA,T,NA,NA,NA,NA,20182001820
702,2018200,1945,2018,200,19,45,NA,NA,A,NA,NA,NA,NA,20182001945
703,2018201,1725,2018,201,17,25,NA,NA,T,NA,NA,NA,NA,20182011725
704,2018201,2025,2018,201,20,25,NA,NA,A,NA,NA,NA,NA,20182012025
705,2018201,2030,2018,201,20,30,NA,NA,A,NA,NA,NA,NA,20182012030
706,2018202,1630,2018,202,16,30,NA,NA,T,NA,NA,NA,NA,20182021630
707,2018202,1805,2018,202,18,5,NA,NA,T,NA,NA,NA,NA,20182021805
708,2018202,1930,2018,202,19,30,NA,NA,A,NA,NA,NA,NA,20182021930
709,2018202,1935,2018,202,19,35,19.32916666,-99.18673365,A,0.332,0.248,0.0283,0,20182021935
710,2018202,2110,2018,202,21,10,NA,NA,A,NA,NA,NA,NA,20182022110
711,2018203,1715,2018,203,17,15,NA,NA,T,NA,NA,NA,NA,20182031715
712,2018203,2015,2018,203,20,15,NA,NA,A,NA,NA,NA,NA,20182032015
713,2018204,1620,2018,204,16,20,NA,NA,T,NA,NA,NA,NA,20182041620
714,2018204,1755,2018,204,17,55,NA,NA,T,NA,NA,NA,NA,20182041755
715,2018204,2055,2018,204,20,55,NA,NA,A,NA,NA,NA,NA,20182042055
716,2018204,2100,2018,204,21,0,NA,NA,A,NA,NA,NA,NA,20182042100
717,2018205,1700,2018,205,17,0,19.3375,-99.18296359,T,0.235,0.17525,0.0827,0,20182051700
718,2018205,2000,2018,205,20,0,NA,NA,A,NA,NA,NA,NA,20182052000
719,2018205,2005,2018,205,20,5,NA,NA,A,NA,NA,NA,NA,20182052005
720,2018206,1605,2018,206,16,5,NA,NA,T,NA,NA,NA,NA,20182061605
721,2018206,1745,2018,206,17,45,19.3375,-99.18296359,T,0.2545,0.18975,0.0305,0,20182061745
722,2018206,1905,2018,206,19,5,NA,NA,A,NA,NA,NA,NA,20182061905
723,2018206,1910,2018,206,19,10,NA,NA,A,NA,NA,NA,NA,20182061910
724,2018206,2045,2018,206,20,45,NA,NA,A,NA,NA,NA,NA,20182062045
725,2018207,1650,2018,207,16,50,19.3375,-99.18296359,T,0.322,0.2405,0.0332,0,20182071650
726,2018207,1825,2018,207,18,25,NA,NA,T,NA,NA,NA,NA,20182071825
727,2018207,1950,2018,207,19,50,NA,NA,A,NA,NA,NA,NA,20182071950
728,2018208,1730,2018,208,17,30,19.3375,-99.18296359,T,0.325,0.24275,0.0688,0,20182081730
729,2018208,2030,2018,208,20,30,NA,NA,A,NA,NA,NA,NA,20182082030
730,2018208,2035,2018,208,20,35,NA,NA,A,NA,NA,NA,NA,20182082035
731,2018209,1635,2018,209,16,35,NA,NA,T,NA,NA,NA,NA,20182091635
732,2018209,1815,2018,209,18,15,NA,NA,T,NA,NA,NA,NA,20182091815
733,2018209,1935,2018,209,19,35,NA,NA,A,NA,NA,NA,NA,20182091935
734,2018209,1940,2018,209,19,40,NA,NA,A,NA,NA,NA,NA,20182091940
735,2018210,1720,2018,210,17,20,19.3375,-99.18296359,T,0.36133,0.26967,0.1219,0,20182101720
736,2018210,2025,2018,210,20,25,NA,NA,A,NA,NA,NA,NA,20182102025
737,2018211,1625,2018,211,16,25,NA,NA,T,NA,NA,NA,NA,20182111625
738,2018211,1800,2018,211,18,0,19.3375,-99.18296359,T,0.50367,0.37633,0.0157,0,20182111800
739,2018211,1930,2018,211,19,30,NA,NA,A,NA,NA,NA,NA,20182111930
740,2018211,2105,2018,211,21,5,NA,NA,A,NA,NA,NA,NA,20182112105
741,2018212,1705,2018,212,17,5,NA,NA,T,NA,NA,NA,NA,20182121705
742,2018212,2010,2018,212,20,10,NA,NA,A,NA,NA,NA,NA,20182122010
743,2018213,1610,2018,213,16,10,NA,NA,T,NA,NA,NA,NA,20182131610
744,2018213,1750,2018,213,17,50,NA,NA,T,NA,NA,NA,NA,20182131750
745,2018213,2050,2018,213,20,50,NA,NA,A,NA,NA,NA,NA,20182132050
746,2018213,2055,2018,213,20,55,NA,NA,A,NA,NA,NA,NA,20182132055
747,2018214,1655,2018,214,16,55,NA,NA,T,NA,NA,NA,NA,20182141655
748,2018214,1830,2018,214,18,30,NA,NA,T,NA,NA,NA,NA,20182141830
749,2018214,1955,2018,214,19,55,NA,NA,A,NA,NA,NA,NA,20182141955
750,2018214,2000,2018,214,20,0,NA,NA,A,NA,NA,NA,NA,20182142000
751,2018215,1600,2018,215,16,0,NA,NA,T,NA,NA,NA,NA,20182151600
752,2018215,1735,2018,215,17,35,NA,NA,T,NA,NA,NA,NA,20182151735
753,2018215,1905,2018,215,19,5,NA,NA,A,NA,NA,NA,NA,20182151905
754,2018215,2040,2018,215,20,40,NA,NA,A,NA,NA,NA,NA,20182152040
755,2018216,1640,2018,216,16,40,NA,NA,T,NA,NA,NA,NA,20182161640
756,2018216,1820,2018,216,18,20,NA,NA,T,NA,NA,NA,NA,20182161820
757,2018216,1945,2018,216,19,45,NA,NA,A,NA,NA,NA,NA,20182161945
758,2018217,1725,2018,217,17,25,NA,NA,T,NA,NA,NA,NA,20182171725
759,2018217,2025,2018,217,20,25,NA,NA,A,NA,NA,NA,NA,20182172025
760,2018217,2030,2018,217,20,30,NA,NA,A,NA,NA,NA,NA,20182172030
761,2018218,1630,2018,218,16,30,NA,NA,T,NA,NA,NA,NA,20182181630
762,2018218,1805,2018,218,18,5,NA,NA,T,NA,NA,NA,NA,20182181805
763,2018218,1930,2018,218,19,30,NA,NA,A,NA,NA,NA,NA,20182181930
764,2018218,1935,2018,218,19,35,NA,NA,A,NA,NA,NA,NA,20182181935
765,2018219,1715,2018,219,17,15,NA,NA,T,NA,NA,NA,NA,20182191715
766,2018219,2015,2018,219,20,15,NA,NA,A,NA,NA,NA,NA,20182192015
767,2018220,1615,2018,220,16,15,NA,NA,T,NA,NA,NA,NA,20182201615
768,2018220,1755,2018,220,17,55,NA,NA,T,NA,NA,NA,NA,20182201755
769,2018220,2055,2018,220,20,55,NA,NA,A,NA,NA,NA,NA,20182202055
770,2018220,2100,2018,220,21,0,NA,NA,A,NA,NA,NA,NA,20182202100
771,2018221,1700,2018,221,17,0,NA,NA,T,NA,NA,NA,NA,20182211700
772,2018221,2000,2018,221,20,0,NA,NA,A,NA,NA,NA,NA,20182212000
773,2018221,2005,2018,221,20,5,NA,NA,A,NA,NA,NA,NA,20182212005
774,2018222,1605,2018,222,16,5,NA,NA,T,NA,NA,NA,NA,20182221605
775,2018222,1745,2018,222,17,45,19.3375,-99.18296359,T,0.51625,0.38575,0.0352,0,20182221745
776,2018222,1905,2018,222,19,5,NA,NA,A,NA,NA,NA,NA,20182221905
777,2018222,1910,2018,222,19,10,NA,NA,A,NA,NA,NA,NA,20182221910
778,2018222,2050,2018,222,20,50,NA,NA,A,NA,NA,NA,NA,20182222050
779,2018223,1650,2018,223,16,50,NA,NA,T,NA,NA,NA,NA,20182231650
780,2018223,1825,2018,223,18,25,NA,NA,T,NA,NA,NA,NA,20182231825
781,2018223,1950,2018,223,19,50,NA,NA,A,NA,NA,NA,NA,20182231950
782,2018224,1730,2018,224,17,30,NA,NA,T,NA,NA,NA,NA,20182241730
783,2018224,2030,2018,224,20,30,NA,NA,A,NA,NA,NA,NA,20182242030
784,2018224,2035,2018,224,20,35,NA,NA,A,NA,NA,NA,NA,20182242035
785,2018225,1635,2018,225,16,35,NA,NA,T,NA,NA,NA,NA,20182251635
786,2018225,1815,2018,225,18,15,NA,NA,T,NA,NA,NA,NA,20182251815
787,2018225,1935,2018,225,19,35,NA,NA,A,NA,NA,NA,NA,20182251935
788,2018225,1940,2018,225,19,40,NA,NA,A,NA,NA,NA,NA,20182251940
789,2018226,1720,2018,226,17,20,NA,NA,T,NA,NA,NA,NA,20182261720
790,2018226,2025,2018,226,20,25,NA,NA,A,NA,NA,NA,NA,20182262025
791,2018227,1625,2018,227,16,25,NA,NA,T,NA,NA,NA,NA,20182271625
792,2018227,1800,2018,227,18,0,NA,NA,T,NA,NA,NA,NA,20182271800
793,2018227,1930,2018,227,19,30,NA,NA,A,NA,NA,NA,NA,20182271930
794,2018227,2105,2018,227,21,5,NA,NA,A,NA,NA,NA,NA,20182272105
795,2018228,1705,2018,228,17,5,19.3375,-99.18296359,T,0.148,0.11025,0.1316,0,20182281705
796,2018228,2005,2018,228,20,5,NA,NA,A,NA,NA,NA,NA,20182282005
797,2018228,2010,2018,228,20,10,NA,NA,A,NA,NA,NA,NA,20182282010
798,2018229,1610,2018,229,16,10,NA,NA,T,NA,NA,NA,NA,20182291610
799,2018229,1750,2018,229,17,50,19.3375,-99.18296359,T,0.21825,0.16275,0.0258,0,20182291750
800,2018229,1910,2018,229,19,10,NA,NA,A,NA,NA,NA,NA,20182291910
801,2018229,2050,2018,229,20,50,NA,NA,A,NA,NA,NA,NA,20182292050
802,2018229,2055,2018,229,20,55,NA,NA,A,NA,NA,NA,NA,20182292055
803,2018230,1655,2018,230,16,55,NA,NA,T,NA,NA,NA,NA,20182301655
804,2018230,1830,2018,230,18,30,NA,NA,T,NA,NA,NA,NA,20182301830
805,2018230,1955,2018,230,19,55,NA,NA,A,NA,NA,NA,NA,20182301955
806,2018230,2000,2018,230,20,0,NA,NA,A,NA,NA,NA,NA,20182302000
807,2018231,1600,2018,231,16,0,NA,NA,T,NA,NA,NA,NA,20182311600
808,2018231,1735,2018,231,17,35,NA,NA,T,NA,NA,NA,NA,20182311735
809,2018231,1905,2018,231,19,5,NA,NA,A,NA,NA,NA,NA,20182311905
810,2018231,2040,2018,231,20,40,NA,NA,A,NA,NA,NA,NA,20182312040
811,2018232,1640,2018,232,16,40,NA,NA,T,NA,NA,NA,NA,20182321640
812,2018232,1820,2018,232,18,20,NA,NA,T,NA,NA,NA,NA,20182321820
813,2018232,1945,2018,232,19,45,NA,NA,A,NA,NA,NA,NA,20182321945
814,2018233,1725,2018,233,17,25,NA,NA,T,NA,NA,NA,NA,20182331725
815,2018233,2025,2018,233,20,25,NA,NA,A,NA,NA,NA,NA,20182332025
816,2018233,2030,2018,233,20,30,NA,NA,A,NA,NA,NA,NA,20182332030
817,2018234,1630,2018,234,16,30,NA,NA,T,NA,NA,NA,NA,20182341630
818,2018234,1805,2018,234,18,5,NA,NA,T,NA,NA,NA,NA,20182341805
819,2018234,1930,2018,234,19,30,NA,NA,A,NA,NA,NA,NA,20182341930
820,2018234,1935,2018,234,19,35,NA,NA,A,NA,NA,NA,NA,20182341935
821,2018235,1715,2018,235,17,15,NA,NA,T,NA,NA,NA,NA,20182351715
822,2018235,2015,2018,235,20,15,NA,NA,A,NA,NA,NA,NA,20182352015
823,2018236,1615,2018,236,16,15,NA,NA,T,NA,NA,NA,NA,20182361615
824,2018236,1755,2018,236,17,55,NA,NA,T,NA,NA,NA,NA,20182361755
825,2018236,2055,2018,236,20,55,NA,NA,A,NA,NA,NA,NA,20182362055
826,2018236,2100,2018,236,21,0,NA,NA,A,NA,NA,NA,NA,20182362100
827,2018237,1700,2018,237,17,0,NA,NA,T,NA,NA,NA,NA,20182371700
828,2018237,2000,2018,237,20,0,NA,NA,A,NA,NA,NA,NA,20182372000
829,2018237,2005,2018,237,20,5,NA,NA,A,NA,NA,NA,NA,20182372005
830,2018238,1605,2018,238,16,5,NA,NA,T,NA,NA,NA,NA,20182381605
831,2018238,1745,2018,238,17,45,NA,NA,T,NA,NA,NA,NA,20182381745
832,2018238,1905,2018,238,19,5,NA,NA,A,NA,NA,NA,NA,20182381905
833,2018238,1910,2018,238,19,10,NA,NA,A,NA,NA,NA,NA,20182381910
834,2018238,2045,2018,238,20,45,NA,NA,A,NA,NA,NA,NA,20182382045
835,2018239,1650,2018,239,16,50,NA,NA,T,NA,NA,NA,NA,20182391650
836,2018239,1825,2018,239,18,25,NA,NA,T,NA,NA,NA,NA,20182391825
837,2018239,1950,2018,239,19,50,NA,NA,A,NA,NA,NA,NA,20182391950
838,2018240,1730,2018,240,17,30,NA,NA,T,NA,NA,NA,NA,20182401730
839,2018240,2030,2018,240,20,30,NA,NA,A,NA,NA,NA,NA,20182402030
840,2018240,2035,2018,240,20,35,NA,NA,A,NA,NA,NA,NA,20182402035
841,2018241,1635,2018,241,16,35,NA,NA,T,NA,NA,NA,NA,20182411635
842,2018241,1815,2018,241,18,15,NA,NA,T,NA,NA,NA,NA,20182411815
843,2018241,1935,2018,241,19,35,NA,NA,A,NA,NA,NA,NA,20182411935
844,2018241,1940,2018,241,19,40,NA,NA,A,NA,NA,NA,NA,20182411940
845,2018242,1720,2018,242,17,20,NA,NA,T,NA,NA,NA,NA,20182421720
846,2018242,2025,2018,242,20,25,NA,NA,A,NA,NA,NA,NA,20182422025
847,2018243,1625,2018,243,16,25,NA,NA,T,NA,NA,NA,NA,20182431625
848,2018243,1800,2018,243,18,0,NA,NA,T,NA,NA,NA,NA,20182431800
849,2018243,1930,2018,243,19,30,NA,NA,A,NA,NA,NA,NA,20182431930
850,2018243,2105,2018,243,21,5,NA,NA,A,NA,NA,NA,NA,20182432105
851,2018244,1705,2018,244,17,5,NA,NA,T,NA,NA,NA,NA,20182441705
852,2018244,2005,2018,244,20,5,NA,NA,A,NA,NA,NA,NA,20182442005
853,2018244,2010,2018,244,20,10,NA,NA,A,NA,NA,NA,NA,20182442010
854,2018245,1610,2018,245,16,10,NA,NA,T,NA,NA,NA,NA,20182451610
855,2018245,1750,2018,245,17,50,19.3375,-99.18296359,T,0.585,0.437,0.0249,0,20182451750
856,2018245,1910,2018,245,19,10,NA,NA,A,NA,NA,NA,NA,20182451910
857,2018245,2050,2018,245,20,50,NA,NA,A,NA,NA,NA,NA,20182452050
858,2018245,2055,2018,245,20,55,NA,NA,A,NA,NA,NA,NA,20182452055
859,2018246,1655,2018,246,16,55,NA,NA,T,NA,NA,NA,NA,20182461655
860,2018246,1830,2018,246,18,30,NA,NA,T,NA,NA,NA,NA,20182461830
861,2018246,2000,2018,246,20,0,NA,NA,A,NA,NA,NA,NA,20182462000
862,2018247,1600,2018,247,16,0,NA,NA,T,NA,NA,NA,NA,20182471600
863,2018247,1735,2018,247,17,35,NA,NA,T,NA,NA,NA,NA,20182471735
864,2018247,1905,2018,247,19,5,NA,NA,A,NA,NA,NA,NA,20182471905
865,2018247,2040,2018,247,20,40,NA,NA,A,NA,NA,NA,NA,20182472040
866,2018248,1640,2018,248,16,40,NA,NA,T,NA,NA,NA,NA,20182481640
867,2018248,1820,2018,248,18,20,NA,NA,T,NA,NA,NA,NA,20182481820
868,2018248,1945,2018,248,19,45,NA,NA,A,NA,NA,NA,NA,20182481945
869,2018249,1725,2018,249,17,25,NA,NA,T,NA,NA,NA,NA,20182491725
870,2018249,2025,2018,249,20,25,NA,NA,A,NA,NA,NA,NA,20182492025
871,2018249,2030,2018,249,20,30,NA,NA,A,NA,NA,NA,NA,20182492030
872,2018250,1630,2018,250,16,30,NA,NA,T,NA,NA,NA,NA,20182501630
873,2018250,1805,2018,250,18,5,NA,NA,T,NA,NA,NA,NA,20182501805
874,2018250,1930,2018,250,19,30,NA,NA,A,NA,NA,NA,NA,20182501930
875,2018250,1935,2018,250,19,35,NA,NA,A,NA,NA,NA,NA,20182501935
876,2018250,2110,2018,250,21,10,NA,NA,A,NA,NA,NA,NA,20182502110
877,2018251,1715,2018,251,17,15,NA,NA,T,NA,NA,NA,NA,20182511715
878,2018251,2015,2018,251,20,15,NA,NA,A,NA,NA,NA,NA,20182512015
879,2018252,1615,2018,252,16,15,NA,NA,T,NA,NA,NA,NA,20182521615
880,2018252,1755,2018,252,17,55,NA,NA,T,NA,NA,NA,NA,20182521755
881,2018252,2055,2018,252,20,55,NA,NA,A,NA,NA,NA,NA,20182522055
882,2018252,2100,2018,252,21,0,NA,NA,A,NA,NA,NA,NA,20182522100
883,2018253,1700,2018,253,17,0,NA,NA,T,NA,NA,NA,NA,20182531700
884,2018253,2000,2018,253,20,0,NA,NA,A,NA,NA,NA,NA,20182532000
885,2018253,2005,2018,253,20,5,NA,NA,A,NA,NA,NA,NA,20182532005
886,2018254,1605,2018,254,16,5,NA,NA,T,NA,NA,NA,NA,20182541605
887,2018254,1745,2018,254,17,45,NA,NA,T,NA,NA,NA,NA,20182541745
888,2018254,1905,2018,254,19,5,NA,NA,A,NA,NA,NA,NA,20182541905
889,2018254,1910,2018,254,19,10,NA,NA,A,NA,NA,NA,NA,20182541910
890,2018254,2045,2018,254,20,45,NA,NA,A,NA,NA,NA,NA,20182542045
891,2018255,1650,2018,255,16,50,NA,NA,T,NA,NA,NA,NA,20182551650
892,2018255,1825,2018,255,18,25,NA,NA,T,NA,NA,NA,NA,20182551825
893,2018255,1950,2018,255,19,50,NA,NA,A,NA,NA,NA,NA,20182551950
894,2018256,1730,2018,256,17,30,NA,NA,T,NA,NA,NA,NA,20182561730
895,2018256,2030,2018,256,20,30,NA,NA,A,NA,NA,NA,NA,20182562030
896,2018256,2035,2018,256,20,35,NA,NA,A,NA,NA,NA,NA,20182562035
897,2018257,1635,2018,257,16,35,NA,NA,T,NA,NA,NA,NA,20182571635
898,2018257,1815,2018,257,18,15,NA,NA,T,NA,NA,NA,NA,20182571815
899,2018257,1935,2018,257,19,35,NA,NA,A,NA,NA,NA,NA,20182571935
900,2018257,1940,2018,257,19,40,NA,NA,A,NA,NA,NA,NA,20182571940
901,2018258,1720,2018,258,17,20,NA,NA,T,NA,NA,NA,NA,20182581720
902,2018258,2020,2018,258,20,20,NA,NA,A,NA,NA,NA,NA,20182582020
903,2018259,1625,2018,259,16,25,NA,NA,T,NA,NA,NA,NA,20182591625
904,2018259,1800,2018,259,18,0,NA,NA,T,NA,NA,NA,NA,20182591800
905,2018259,1925,2018,259,19,25,NA,NA,A,NA,NA,NA,NA,20182591925
906,2018259,2105,2018,259,21,5,NA,NA,A,NA,NA,NA,NA,20182592105
907,2018260,1705,2018,260,17,5,NA,NA,T,NA,NA,NA,NA,20182601705
908,2018260,2005,2018,260,20,5,NA,NA,A,NA,NA,NA,NA,20182602005
909,2018260,2010,2018,260,20,10,NA,NA,A,NA,NA,NA,NA,20182602010
910,2018261,1610,2018,261,16,10,NA,NA,T,NA,NA,NA,NA,20182611610
911,2018261,1750,2018,261,17,50,NA,NA,T,NA,NA,NA,NA,20182611750
912,2018261,1910,2018,261,19,10,NA,NA,A,NA,NA,NA,NA,20182611910
913,2018261,2050,2018,261,20,50,NA,NA,A,NA,NA,NA,NA,20182612050
914,2018261,2055,2018,261,20,55,NA,NA,A,NA,NA,NA,NA,20182612055
915,2018262,1655,2018,262,16,55,19.3375,-99.18296359,T,0.4715,0.35225,0.0662,0,20182621655
916,2018262,1830,2018,262,18,30,NA,NA,T,NA,NA,NA,NA,20182621830
917,2018262,2000,2018,262,20,0,NA,NA,A,NA,NA,NA,NA,20182622000
918,2018263,1600,2018,263,16,0,NA,NA,T,NA,NA,NA,NA,20182631600
919,2018263,1735,2018,263,17,35,NA,NA,T,NA,NA,NA,NA,20182631735
920,2018263,1900,2018,263,19,0,NA,NA,A,NA,NA,NA,NA,20182631900
921,2018263,2040,2018,263,20,40,NA,NA,A,NA,NA,NA,NA,20182632040
922,2018264,1640,2018,264,16,40,NA,NA,T,NA,NA,NA,NA,20182641640
923,2018264,1820,2018,264,18,20,NA,NA,T,NA,NA,NA,NA,20182641820
924,2018264,1940,2018,264,19,40,NA,NA,A,NA,NA,NA,NA,20182641940
925,2018264,1945,2018,264,19,45,NA,NA,A,NA,NA,NA,NA,20182641945
926,2018265,1725,2018,265,17,25,NA,NA,T,NA,NA,NA,NA,20182651725
927,2018265,2025,2018,265,20,25,NA,NA,A,NA,NA,NA,NA,20182652025
928,2018265,2030,2018,265,20,30,NA,NA,A,NA,NA,NA,NA,20182652030
929,2018266,1630,2018,266,16,30,NA,NA,T,NA,NA,NA,NA,20182661630
930,2018266,1805,2018,266,18,5,NA,NA,T,NA,NA,NA,NA,20182661805
931,2018266,1935,2018,266,19,35,NA,NA,A,NA,NA,NA,NA,20182661935
932,2018266,2110,2018,266,21,10,NA,NA,A,NA,NA,NA,NA,20182662110
933,2018267,1710,2018,267,17,10,NA,NA,T,NA,NA,NA,NA,20182671710
934,2018267,2015,2018,267,20,15,NA,NA,A,NA,NA,NA,NA,20182672015
935,2018268,1615,2018,268,16,15,NA,NA,T,NA,NA,NA,NA,20182681615
936,2018268,1755,2018,268,17,55,NA,NA,T,NA,NA,NA,NA,20182681755
937,2018268,2055,2018,268,20,55,NA,NA,A,NA,NA,NA,NA,20182682055
938,2018268,2100,2018,268,21,0,NA,NA,A,NA,NA,NA,NA,20182682100
939,2018269,1700,2018,269,17,0,NA,NA,T,NA,NA,NA,NA,20182691700
940,2018269,2000,2018,269,20,0,NA,NA,A,NA,NA,NA,NA,20182692000
941,2018269,2005,2018,269,20,5,NA,NA,A,NA,NA,NA,NA,20182692005
942,2018270,1605,2018,270,16,5,NA,NA,T,NA,NA,NA,NA,20182701605
943,2018270,1745,2018,270,17,45,NA,NA,T,NA,NA,NA,NA,20182701745
944,2018270,1910,2018,270,19,10,NA,NA,A,NA,NA,NA,NA,20182701910
945,2018270,2045,2018,270,20,45,NA,NA,A,NA,NA,NA,NA,20182702045
946,2018271,1650,2018,271,16,50,NA,NA,T,NA,NA,NA,NA,20182711650
947,2018271,1825,2018,271,18,25,NA,NA,T,NA,NA,NA,NA,20182711825
948,2018271,1950,2018,271,19,50,NA,NA,A,NA,NA,NA,NA,20182711950
949,2018272,1730,2018,272,17,30,NA,NA,T,NA,NA,NA,NA,20182721730
950,2018272,2030,2018,272,20,30,NA,NA,A,NA,NA,NA,NA,20182722030
951,2018272,2035,2018,272,20,35,NA,NA,A,NA,NA,NA,NA,20182722035
952,2018273,1635,2018,273,16,35,NA,NA,T,NA,NA,NA,NA,20182731635
953,2018273,1815,2018,273,18,15,NA,NA,T,NA,NA,NA,NA,20182731815
954,2018273,1935,2018,273,19,35,NA,NA,A,NA,NA,NA,NA,20182731935
955,2018273,1940,2018,273,19,40,NA,NA,A,NA,NA,NA,NA,20182731940
956,2018274,1720,2018,274,17,20,NA,NA,T,NA,NA,NA,NA,20182741720
957,2018274,2020,2018,274,20,20,NA,NA,A,NA,NA,NA,NA,20182742020
958,2018275,1625,2018,275,16,25,NA,NA,T,NA,NA,NA,NA,20182751625
959,2018275,1800,2018,275,18,0,NA,NA,T,NA,NA,NA,NA,20182751800
960,2018275,1925,2018,275,19,25,NA,NA,A,NA,NA,NA,NA,20182751925
961,2018275,2105,2018,275,21,5,NA,NA,A,NA,NA,NA,NA,20182752105
962,2018276,1705,2018,276,17,5,NA,NA,T,NA,NA,NA,NA,20182761705
963,2018276,2005,2018,276,20,5,NA,NA,A,NA,NA,NA,NA,20182762005
964,2018276,2010,2018,276,20,10,NA,NA,A,NA,NA,NA,NA,20182762010
965,2018277,1610,2018,277,16,10,NA,NA,T,NA,NA,NA,NA,20182771610
966,2018277,1750,2018,277,17,50,NA,NA,T,NA,NA,NA,NA,20182771750
967,2018277,1910,2018,277,19,10,NA,NA,A,NA,NA,NA,NA,20182771910
968,2018277,2050,2018,277,20,50,NA,NA,A,NA,NA,NA,NA,20182772050
969,2018277,2055,2018,277,20,55,NA,NA,A,NA,NA,NA,NA,20182772055
970,2018278,1655,2018,278,16,55,NA,NA,T,NA,NA,NA,NA,20182781655
971,2018278,1830,2018,278,18,30,NA,NA,T,NA,NA,NA,NA,20182781830
972,2018278,2000,2018,278,20,0,19.3375,-99.18296359,A,0.37825,0.28275,0.0762,0,20182782000
973,2018279,1600,2018,279,16,0,NA,NA,T,NA,NA,NA,NA,20182791600
974,2018279,1735,2018,279,17,35,NA,NA,T,NA,NA,NA,NA,20182791735
975,2018279,1900,2018,279,19,0,NA,NA,A,NA,NA,NA,NA,20182791900
976,2018279,2040,2018,279,20,40,NA,NA,A,NA,NA,NA,NA,20182792040
977,2018280,1640,2018,280,16,40,NA,NA,T,NA,NA,NA,NA,20182801640
978,2018280,1820,2018,280,18,20,NA,NA,T,NA,NA,NA,NA,20182801820
979,2018280,1940,2018,280,19,40,NA,NA,A,NA,NA,NA,NA,20182801940
980,2018280,1945,2018,280,19,45,NA,NA,A,NA,NA,NA,NA,20182801945
981,2018281,1725,2018,281,17,25,NA,NA,T,NA,NA,NA,NA,20182811725
982,2018281,2025,2018,281,20,25,NA,NA,A,NA,NA,NA,NA,20182812025
983,2018281,2030,2018,281,20,30,NA,NA,A,NA,NA,NA,NA,20182812030
984,2018282,1630,2018,282,16,30,NA,NA,T,NA,NA,NA,NA,20182821630
985,2018282,1805,2018,282,18,5,NA,NA,T,NA,NA,NA,NA,20182821805
986,2018282,1935,2018,282,19,35,NA,NA,A,NA,NA,NA,NA,20182821935
987,2018282,2110,2018,282,21,10,NA,NA,A,NA,NA,NA,NA,20182822110
988,2018283,1710,2018,283,17,10,NA,NA,T,NA,NA,NA,NA,20182831710
989,2018283,2015,2018,283,20,15,NA,NA,A,NA,NA,NA,NA,20182832015
990,2018284,1615,2018,284,16,15,NA,NA,T,NA,NA,NA,NA,20182841615
991,2018284,1755,2018,284,17,55,NA,NA,T,NA,NA,NA,NA,20182841755
992,2018284,2055,2018,284,20,55,NA,NA,A,NA,NA,NA,NA,20182842055
993,2018284,2100,2018,284,21,0,NA,NA,A,NA,NA,NA,NA,20182842100
994,2018285,1700,2018,285,17,0,NA,NA,T,NA,NA,NA,NA,20182851700
995,2018285,2000,2018,285,20,0,NA,NA,A,NA,NA,NA,NA,20182852000
996,2018285,2005,2018,285,20,5,NA,NA,A,NA,NA,NA,NA,20182852005
997,2018286,1605,2018,286,16,5,NA,NA,T,NA,NA,NA,NA,20182861605
998,2018286,1745,2018,286,17,45,NA,NA,T,NA,NA,NA,NA,20182861745
999,2018286,1910,2018,286,19,10,NA,NA,A,NA,NA,NA,NA,20182861910
1000,2018286,2045,2018,286,20,45,NA,NA,A,NA,NA,NA,NA,20182862045
1001,2018287,1650,2018,287,16,50,NA,NA,T,NA,NA,NA,NA,20182871650
1002,2018287,1825,2018,287,18,25,NA,NA,T,NA,NA,NA,NA,20182871825
1003,2018287,1950,2018,287,19,50,NA,NA,A,NA,NA,NA,NA,20182871950
1004,2018288,1730,2018,288,17,30,NA,NA,T,NA,NA,NA,NA,20182881730
1005,2018288,2030,2018,288,20,30,NA,NA,A,NA,NA,NA,NA,20182882030
1006,2018288,2035,2018,288,20,35,NA,NA,A,NA,NA,NA,NA,20182882035
1007,2018289,1635,2018,289,16,35,NA,NA,T,NA,NA,NA,NA,20182891635
1008,2018289,1810,2018,289,18,10,NA,NA,T,NA,NA,NA,NA,20182891810
1009,2018289,1935,2018,289,19,35,NA,NA,A,NA,NA,NA,NA,20182891935
1010,2018289,1940,2018,289,19,40,NA,NA,A,NA,NA,NA,NA,20182891940
1011,2018290,1720,2018,290,17,20,NA,NA,T,NA,NA,NA,NA,20182901720
1012,2018290,2020,2018,290,20,20,NA,NA,A,NA,NA,NA,NA,20182902020
1013,2018291,1625,2018,291,16,25,NA,NA,T,NA,NA,NA,NA,20182911625
1014,2018291,1800,2018,291,18,0,NA,NA,T,NA,NA,NA,NA,20182911800
1015,2018291,1925,2018,291,19,25,NA,NA,A,NA,NA,NA,NA,20182911925
1016,2018291,2105,2018,291,21,5,NA,NA,A,NA,NA,NA,NA,20182912105
1017,2018292,1705,2018,292,17,5,NA,NA,T,NA,NA,NA,NA,20182921705
1018,2018292,2005,2018,292,20,5,NA,NA,A,NA,NA,NA,NA,20182922005
1019,2018292,2010,2018,292,20,10,NA,NA,A,NA,NA,NA,NA,20182922010
1020,2018293,1610,2018,293,16,10,NA,NA,T,NA,NA,NA,NA,20182931610
1021,2018293,1750,2018,293,17,50,NA,NA,T,NA,NA,NA,NA,20182931750
1022,2018293,1910,2018,293,19,10,NA,NA,A,NA,NA,NA,NA,20182931910
1023,2018293,2050,2018,293,20,50,NA,NA,A,NA,NA,NA,NA,20182932050
1024,2018293,2055,2018,293,20,55,NA,NA,A,NA,NA,NA,NA,20182932055
1025,2018294,1655,2018,294,16,55,NA,NA,T,NA,NA,NA,NA,20182941655
1026,2018294,1830,2018,294,18,30,NA,NA,T,NA,NA,NA,NA,20182941830
1027,2018294,2000,2018,294,20,0,NA,NA,A,NA,NA,NA,NA,20182942000
1028,2018295,1600,2018,295,16,0,NA,NA,T,NA,NA,NA,NA,20182951600
1029,2018295,1735,2018,295,17,35,NA,NA,T,NA,NA,NA,NA,20182951735
1030,2018295,1900,2018,295,19,0,NA,NA,A,NA,NA,NA,NA,20182951900
1031,2018295,2040,2018,295,20,40,19.3375,-99.18296359,A,0.13275,0.09875,0.0277,0,20182952040
1032,2018296,1640,2018,296,16,40,NA,NA,T,NA,NA,NA,NA,20182961640
1033,2018296,1820,2018,296,18,20,NA,NA,T,NA,NA,NA,NA,20182961820
1034,2018296,1940,2018,296,19,40,NA,NA,A,NA,NA,NA,NA,20182961940
1035,2018296,1945,2018,296,19,45,19.3375,-99.18296359,A,0.1945,0.14525,0.0359,0,20182961945
1036,2018297,1725,2018,297,17,25,19.3375,-99.18296359,T,0.21975,0.164,0.0655,0,20182971725
1037,2018297,2025,2018,297,20,25,NA,NA,A,NA,NA,NA,NA,20182972025
1038,2018297,2030,2018,297,20,30,NA,NA,A,NA,NA,NA,NA,20182972030
1039,2018298,1805,2018,298,18,5,NA,NA,T,NA,NA,NA,NA,20182981805
1040,2018298,1935,2018,298,19,35,NA,NA,A,NA,NA,NA,NA,20182981935
1041,2018298,2110,2018,298,21,10,NA,NA,A,NA,NA,NA,NA,20182982110
1042,2018299,1710,2018,299,17,10,19.32916666,-99.17790253,T,0.559,0.417,0.0678,0,20182991710
1043,2018299,2015,2018,299,20,15,NA,NA,A,NA,NA,NA,NA,20182992015
1044,2018300,1615,2018,300,16,15,NA,NA,T,NA,NA,NA,NA,20183001615
1045,2018300,1755,2018,300,17,55,NA,NA,T,NA,NA,NA,NA,20183001755
1046,2018300,2055,2018,300,20,55,NA,NA,A,NA,NA,NA,NA,20183002055
1047,2018300,2100,2018,300,21,0,NA,NA,A,NA,NA,NA,NA,20183002100
1048,2018301,1700,2018,301,17,0,NA,NA,T,NA,NA,NA,NA,20183011700
1049,2018301,2000,2018,301,20,0,NA,NA,A,NA,NA,NA,NA,20183012000
1050,2018301,2005,2018,301,20,5,NA,NA,A,NA,NA,NA,NA,20183012005
1051,2018302,1605,2018,302,16,5,NA,NA,T,NA,NA,NA,NA,20183021605
1052,2018302,1745,2018,302,17,45,NA,NA,T,NA,NA,NA,NA,20183021745
1053,2018302,1910,2018,302,19,10,NA,NA,A,NA,NA,NA,NA,20183021910
1054,2018302,2045,2018,302,20,45,NA,NA,A,NA,NA,NA,NA,20183022045
1055,2018303,1650,2018,303,16,50,19.3375,-99.18296359,T,0.3295,0.246,0.0298,0,20183031650
1056,2018303,1825,2018,303,18,25,NA,NA,T,NA,NA,NA,NA,20183031825
1057,2018303,1950,2018,303,19,50,NA,NA,A,NA,NA,NA,NA,20183031950
1058,2018304,1730,2018,304,17,30,NA,NA,T,NA,NA,NA,NA,20183041730
1059,2018304,2030,2018,304,20,30,NA,NA,A,NA,NA,NA,NA,20183042030
1060,2018304,2035,2018,304,20,35,NA,NA,A,NA,NA,NA,NA,20183042035
1061,2018305,1810,2018,305,18,10,NA,NA,T,NA,NA,NA,NA,20183051810
1062,2018305,1935,2018,305,19,35,NA,NA,A,NA,NA,NA,NA,20183051935
1063,2018305,1940,2018,305,19,40,NA,NA,A,NA,NA,NA,NA,20183051940
1064,2018306,1720,2018,306,17,20,NA,NA,T,NA,NA,NA,NA,20183061720
1065,2018306,2020,2018,306,20,20,NA,NA,A,NA,NA,NA,NA,20183062020
1066,2018307,1625,2018,307,16,25,NA,NA,T,NA,NA,NA,NA,20183071625
1067,2018307,1800,2018,307,18,0,NA,NA,T,NA,NA,NA,NA,20183071800
1068,2018307,1925,2018,307,19,25,NA,NA,A,NA,NA,NA,NA,20183071925
1069,2018307,2105,2018,307,21,5,NA,NA,A,NA,NA,NA,NA,20183072105
1070,2018308,1705,2018,308,17,5,NA,NA,T,NA,NA,NA,NA,20183081705
1071,2018308,2005,2018,308,20,5,NA,NA,A,NA,NA,NA,NA,20183082005
1072,2018308,2010,2018,308,20,10,NA,NA,A,NA,NA,NA,NA,20183082010
1073,2018309,1610,2018,309,16,10,NA,NA,T,NA,NA,NA,NA,20183091610
1074,2018309,1750,2018,309,17,50,NA,NA,T,NA,NA,NA,NA,20183091750
1075,2018309,1910,2018,309,19,10,NA,NA,A,NA,NA,NA,NA,20183091910
1076,2018309,1915,2018,309,19,15,NA,NA,A,NA,NA,NA,NA,20183091915
1077,2018309,2055,2018,309,20,55,NA,NA,A,NA,NA,NA,NA,20183092055
1078,2018310,1655,2018,310,16,55,19.3375,-99.18296359,T,0.1995,0.14925,0.0348,0,20183101655
1079,2018310,1830,2018,310,18,30,NA,NA,T,NA,NA,NA,NA,20183101830
1080,2018310,2000,2018,310,20,0,19.3375,-99.18296359,A,0.371,0.277,0.0422,0,20183102000
1081,2018311,1600,2018,311,16,0,NA,NA,T,NA,NA,NA,NA,20183111600
1082,2018311,1735,2018,311,17,35,19.3375,-99.18296359,T,0.38875,0.29025,0.0271,0,20183111735
1083,2018311,2035,2018,311,20,35,NA,NA,A,NA,NA,NA,NA,20183112035
1084,2018311,2040,2018,311,20,40,NA,NA,A,NA,NA,NA,NA,20183112040
1085,2018312,1640,2018,312,16,40,19.3375,-99.18296359,T,0.2025,0.1515,0.0216,0,20183121640
1086,2018312,1820,2018,312,18,20,NA,NA,T,NA,NA,NA,NA,20183121820
1087,2018312,1940,2018,312,19,40,NA,NA,A,NA,NA,NA,NA,20183121940
1088,2018312,1945,2018,312,19,45,19.3375,-99.18296359,A,0.21425,0.15975,0.0266,0,20183121945
1089,2018313,1725,2018,313,17,25,NA,NA,T,NA,NA,NA,NA,20183131725
1090,2018313,2025,2018,313,20,25,NA,NA,A,NA,NA,NA,NA,20183132025
1091,2018313,2030,2018,313,20,30,19.3375,-99.18296359,A,0.298,0.2225,0.0291,0,20183132030
1092,2018314,1630,2018,314,16,30,NA,NA,T,NA,NA,NA,NA,20183141630
1093,2018314,1805,2018,314,18,5,NA,NA,T,NA,NA,NA,NA,20183141805
1094,2018314,1935,2018,314,19,35,19.3375,-99.18296359,A,0.506,0.378,0.0147,0,20183141935
1095,2018314,2110,2018,314,21,10,NA,NA,A,NA,NA,NA,NA,20183142110
1096,2018315,1710,2018,315,17,10,NA,NA,T,NA,NA,NA,NA,20183151710
1097,2018315,2015,2018,315,20,15,NA,NA,A,NA,NA,NA,NA,20183152015
1098,2018316,1615,2018,316,16,15,NA,NA,T,NA,NA,NA,NA,20183161615
1099,2018316,1755,2018,316,17,55,NA,NA,T,NA,NA,NA,NA,20183161755
1100,2018316,2055,2018,316,20,55,NA,NA,A,NA,NA,NA,NA,20183162055
1101,2018316,2100,2018,316,21,0,NA,NA,A,NA,NA,NA,NA,20183162100
1102,2018317,1700,2018,317,17,0,NA,NA,T,NA,NA,NA,NA,20183171700
1103,2018317,2000,2018,317,20,0,NA,NA,A,NA,NA,NA,NA,20183172000
1104,2018317,2005,2018,317,20,5,NA,NA,A,NA,NA,NA,NA,20183172005
1105,2018318,1605,2018,318,16,5,NA,NA,T,NA,NA,NA,NA,20183181605
1106,2018318,1740,2018,318,17,40,NA,NA,T,NA,NA,NA,NA,20183181740
1107,2018318,1910,2018,318,19,10,NA,NA,A,NA,NA,NA,NA,20183181910
1108,2018318,2045,2018,318,20,45,NA,NA,A,NA,NA,NA,NA,20183182045
1109,2018319,1645,2018,319,16,45,NA,NA,T,NA,NA,NA,NA,20183191645
1110,2018319,1825,2018,319,18,25,NA,NA,T,NA,NA,NA,NA,20183191825
1111,2018319,1950,2018,319,19,50,19.3375,-99.18296359,A,0.3025,0.226,0.0322,0,20183191950
1112,2018320,1730,2018,320,17,30,19.3375,-99.18296359,T,0.16675,0.1245,0.0325,0,20183201730
1113,2018320,2030,2018,320,20,30,NA,NA,A,NA,NA,NA,NA,20183202030
1114,2018320,2035,2018,320,20,35,19.3375,-99.18296359,A,0.38725,0.28925,0.0239,0,20183202035
1115,2018321,1635,2018,321,16,35,19.3375,-99.18296359,T,0.118,0.088,0.02,0,20183211635
1116,2018321,1810,2018,321,18,10,NA,NA,T,NA,NA,NA,NA,20183211810
1117,2018321,1935,2018,321,19,35,NA,NA,A,NA,NA,NA,NA,20183211935
1118,2018321,1940,2018,321,19,40,19.3375,-99.18296359,A,0.27175,0.20275,0.019,0,20183211940
1119,2018322,1720,2018,322,17,20,NA,NA,T,NA,NA,NA,NA,20183221720
1120,2018322,2020,2018,322,20,20,NA,NA,A,NA,NA,NA,NA,20183222020
1121,2018323,1625,2018,323,16,25,NA,NA,T,NA,NA,NA,NA,20183231625
1122,2018323,1800,2018,323,18,0,19.3375,-99.18296359,T,0.07975,0.0595,0.0096,0,20183231800
1123,2018323,1925,2018,323,19,25,19.3375,-99.18296359,A,0.14425,0.10775,0.011,0,20183231925
1124,2018323,2105,2018,323,21,5,NA,NA,A,NA,NA,NA,NA,20183232105
1125,2018324,1705,2018,324,17,5,19.3375,-99.18296359,T,0.16775,0.12525,0.0486,0,20183241705
1126,2018324,2005,2018,324,20,5,NA,NA,A,NA,NA,NA,NA,20183242005
1127,2018324,2010,2018,324,20,10,19.3375,-99.18296359,A,0.42567,0.318,0.048,0,20183242010
1128,2018325,1610,2018,325,16,10,NA,NA,T,NA,NA,NA,NA,20183251610
1129,2018325,1750,2018,325,17,50,19.3375,-99.18296359,T,0.23975,0.179,0.0145,0,20183251750
1130,2018325,1910,2018,325,19,10,NA,NA,A,NA,NA,NA,NA,20183251910
1131,2018325,1915,2018,325,19,15,19.3375,-99.18296359,A,0.25833,0.193,0.0069,0,20183251915
1132,2018325,2055,2018,325,20,55,NA,NA,A,NA,NA,NA,NA,20183252055
1133,2018326,1655,2018,326,16,55,19.3375,-99.18296359,T,0.37875,0.283,0.0315,0,20183261655
1134,2018326,1830,2018,326,18,30,NA,NA,T,NA,NA,NA,NA,20183261830
1135,2018326,2000,2018,326,20,0,19.3375,-99.18296359,A,0.3525,0.26325,0.0373,0,20183262000
1136,2018327,1600,2018,327,16,0,NA,NA,T,NA,NA,NA,NA,20183271600
1137,2018327,1735,2018,327,17,35,19.3375,-99.18296359,T,0.35225,0.263,0.0242,0,20183271735
1138,2018327,2035,2018,327,20,35,NA,NA,A,NA,NA,NA,NA,20183272035
1139,2018327,2040,2018,327,20,40,19.3375,-99.18296359,A,0.668,0.499,0.0211,0,20183272040
1140,2018328,1640,2018,328,16,40,19.3375,-99.18296359,T,0.29375,0.2195,0.0218,0,20183281640
1141,2018328,1815,2018,328,18,15,NA,NA,T,NA,NA,NA,NA,20183281815
1142,2018328,1940,2018,328,19,40,NA,NA,A,NA,NA,NA,NA,20183281940
1143,2018328,1945,2018,328,19,45,NA,NA,A,NA,NA,NA,NA,20183281945
1144,2018329,1725,2018,329,17,25,19.3375,-99.18296359,T,0.293,0.21875,0.0385,0,20183291725
1145,2018329,2025,2018,329,20,25,NA,NA,A,NA,NA,NA,NA,20183292025
1146,2018329,2030,2018,329,20,30,19.3375,-99.18296359,A,0.1585,0.11825,0.0264,0,20183292030
1147,2018330,1630,2018,330,16,30,NA,NA,T,NA,NA,NA,NA,20183301630
1148,2018330,1805,2018,330,18,5,NA,NA,T,NA,NA,NA,NA,20183301805
1149,2018330,1935,2018,330,19,35,NA,NA,A,NA,NA,NA,NA,20183301935
1150,2018330,2110,2018,330,21,10,NA,NA,A,NA,NA,NA,NA,20183302110
1151,2018331,1710,2018,331,17,10,NA,NA,T,NA,NA,NA,NA,20183311710
1152,2018331,2015,2018,331,20,15,NA,NA,A,NA,NA,NA,NA,20183312015
1153,2018332,1615,2018,332,16,15,NA,NA,T,NA,NA,NA,NA,20183321615
1154,2018332,1755,2018,332,17,55,NA,NA,T,NA,NA,NA,NA,20183321755
1155,2018332,2055,2018,332,20,55,NA,NA,A,NA,NA,NA,NA,20183322055
1156,2018332,2100,2018,332,21,0,NA,NA,A,NA,NA,NA,NA,20183322100
1157,2018333,1700,2018,333,17,0,NA,NA,T,NA,NA,NA,NA,20183331700
1158,2018333,2000,2018,333,20,0,NA,NA,A,NA,NA,NA,NA,20183332000
1159,2018333,2005,2018,333,20,5,NA,NA,A,NA,NA,NA,NA,20183332005
1160,2018334,1605,2018,334,16,5,NA,NA,T,NA,NA,NA,NA,20183341605
1161,2018334,1740,2018,334,17,40,NA,NA,T,NA,NA,NA,NA,20183341740
1162,2018334,1910,2018,334,19,10,NA,NA,A,NA,NA,NA,NA,20183341910
1163,2018334,2045,2018,334,20,45,NA,NA,A,NA,NA,NA,NA,20183342045
1164,2018335,1645,2018,335,16,45,19.3375,-99.18296359,T,0.10225,0.07625,0.024,0,20183351645
1165,2018335,1825,2018,335,18,25,NA,NA,T,NA,NA,NA,NA,20183351825
1166,2018335,1950,2018,335,19,50,19.3375,-99.18296359,A,0.03675,0.02725,0.0432,0,20183351950
1167,2018336,1730,2018,336,17,30,19.3375,-99.18296359,T,0.02375,0.01775,0.0424,0,20183361730
1168,2018336,2030,2018,336,20,30,NA,NA,A,NA,NA,NA,NA,20183362030
1169,2018336,2035,2018,336,20,35,19.3375,-99.18296359,A,0.03525,0.026,0.0256,0,20183362035
1170,2018337,1635,2018,337,16,35,19.3375,-99.18296359,T,0.075,0.056,0.0216,0,20183371635
1171,2018337,1810,2018,337,18,10,NA,NA,T,NA,NA,NA,NA,20183371810
1172,2018337,1935,2018,337,19,35,NA,NA,A,NA,NA,NA,NA,20183371935
1173,2018337,1940,2018,337,19,40,NA,NA,A,NA,NA,NA,NA,20183371940
1174,2018338,1720,2018,338,17,20,NA,NA,T,NA,NA,NA,NA,20183381720
1175,2018338,2020,2018,338,20,20,NA,NA,A,NA,NA,NA,NA,20183382020
1176,2018339,1925,2018,339,19,25,NA,NA,A,NA,NA,NA,NA,20183391925
1177,2018339,2105,2018,339,21,5,NA,NA,A,NA,NA,NA,NA,20183392105
1178,2018340,1705,2018,340,17,5,19.3375,-99.18296359,T,0.184,0.13725,0.0563,0,20183401705
1179,2018340,2005,2018,340,20,5,NA,NA,A,NA,NA,NA,NA,20183402005
1180,2018340,2010,2018,340,20,10,NA,NA,A,NA,NA,NA,NA,20183402010
1181,2018341,1610,2018,341,16,10,NA,NA,T,NA,NA,NA,NA,20183411610
1182,2018341,1750,2018,341,17,50,NA,NA,T,NA,NA,NA,NA,20183411750
1183,2018341,1910,2018,341,19,10,NA,NA,A,NA,NA,NA,NA,20183411910
1184,2018341,1915,2018,341,19,15,NA,NA,A,NA,NA,NA,NA,20183411915
1185,2018341,2055,2018,341,20,55,NA,NA,A,NA,NA,NA,NA,20183412055
1186,2018342,1655,2018,342,16,55,19.3375,-99.18296359,T,0.0475,0.03525,0.0347,0,20183421655
1187,2018342,1830,2018,342,18,30,NA,NA,T,NA,NA,NA,NA,20183421830
1188,2018342,2000,2018,342,20,0,NA,NA,A,NA,NA,NA,NA,20183422000
1189,2018343,1600,2018,343,16,0,NA,NA,T,NA,NA,NA,NA,20183431600
1190,2018343,1735,2018,343,17,35,19.3375,-99.18296359,T,0.21375,0.1595,0.0261,0,20183431735
1191,2018343,2035,2018,343,20,35,NA,NA,A,NA,NA,NA,NA,20183432035
1192,2018343,2040,2018,343,20,40,NA,NA,A,NA,NA,NA,NA,20183432040
1193,2018344,1640,2018,344,16,40,NA,NA,T,NA,NA,NA,NA,20183441640
1194,2018344,1815,2018,344,18,15,NA,NA,T,NA,NA,NA,NA,20183441815
1195,2018344,1940,2018,344,19,40,NA,NA,A,NA,NA,NA,NA,20183441940
1196,2018344,1945,2018,344,19,45,NA,NA,A,NA,NA,NA,NA,20183441945
1197,2018345,1725,2018,345,17,25,NA,NA,T,NA,NA,NA,NA,20183451725
1198,2018345,2025,2018,345,20,25,NA,NA,A,NA,NA,NA,NA,20183452025
1199,2018345,2030,2018,345,20,30,NA,NA,A,NA,NA,NA,NA,20183452030
1200,2018346,1630,2018,346,16,30,NA,NA,T,NA,NA,NA,NA,20183461630
1201,2018346,1805,2018,346,18,5,NA,NA,T,NA,NA,NA,NA,20183461805
1202,2018346,1935,2018,346,19,35,NA,NA,A,NA,NA,NA,NA,20183461935
1203,2018346,2110,2018,346,21,10,NA,NA,A,NA,NA,NA,NA,20183462110
1204,2018347,1710,2018,347,17,10,NA,NA,T,NA,NA,NA,NA,20183471710
1205,2018347,2015,2018,347,20,15,NA,NA,A,NA,NA,NA,NA,20183472015
1206,2018348,1615,2018,348,16,15,NA,NA,T,NA,NA,NA,NA,20183481615
1207,2018348,1755,2018,348,17,55,19.3375,-99.18296359,T,0.15625,0.11675,0.0101,0,20183481755
1208,2018348,2055,2018,348,20,55,NA,NA,A,NA,NA,NA,NA,20183482055
1209,2018348,2100,2018,348,21,0,NA,NA,A,NA,NA,NA,NA,20183482100
1210,2018349,1700,2018,349,17,0,NA,NA,T,NA,NA,NA,NA,20183491700
1211,2018349,2000,2018,349,20,0,NA,NA,A,NA,NA,NA,NA,20183492000
1212,2018349,2005,2018,349,20,5,19.3375,-99.18296359,A,0.50825,0.3795,0.0403,0,20183492005
1213,2018350,1605,2018,350,16,5,NA,NA,T,NA,NA,NA,NA,20183501605
1214,2018350,1740,2018,350,17,40,19.3375,-99.18296359,T,0.17625,0.1315,0.0179,0,20183501740
1215,2018350,1910,2018,350,19,10,NA,NA,A,NA,NA,NA,NA,20183501910
1216,2018350,2045,2018,350,20,45,NA,NA,A,NA,NA,NA,NA,20183502045
1217,2018351,1645,2018,351,16,45,NA,NA,T,NA,NA,NA,NA,20183511645
1218,2018351,1825,2018,351,18,25,NA,NA,T,NA,NA,NA,NA,20183511825
1219,2018351,1950,2018,351,19,50,NA,NA,A,NA,NA,NA,NA,20183511950
1220,2018352,1730,2018,352,17,30,19.3375,-99.18296359,T,0.38375,0.28675,0.0316,0,20183521730
1221,2018352,2030,2018,352,20,30,NA,NA,A,NA,NA,NA,NA,20183522030
1222,2018352,2035,2018,352,20,35,19.3375,-99.18296359,A,0.42925,0.32075,0.0313,0,20183522035
1223,2018353,1635,2018,353,16,35,19.3375,-99.18296359,T,0.07475,0.0555,0.0228,0,20183531635
1224,2018353,1810,2018,353,18,10,NA,NA,T,NA,NA,NA,NA,20183531810
1225,2018353,1935,2018,353,19,35,NA,NA,A,NA,NA,NA,NA,20183531935
1226,2018353,1940,2018,353,19,40,NA,NA,A,NA,NA,NA,NA,20183531940
1227,2018354,1720,2018,354,17,20,19.3375,-99.18296359,T,0.065,0.0485,0.0463,0,20183541720
1228,2018354,2020,2018,354,20,20,19.3375,-99.18296359,A,0.028,0.02075,0.0378,0,20183542020
1229,2018355,1620,2018,355,16,20,NA,NA,T,NA,NA,NA,NA,20183551620
1230,2018355,1800,2018,355,18,0,19.3375,-99.18296359,T,0.05125,0.03825,0.008,0,20183551800
1231,2018355,1925,2018,355,19,25,19.3375,-99.18296359,A,0.14,0.10475,0.0112,0,20183551925
1232,2018355,2105,2018,355,21,5,NA,NA,A,NA,NA,NA,NA,20183552105
1233,2018356,1705,2018,356,17,5,19.3375,-99.18296359,T,0.15525,0.11575,0.0433,0,20183561705
1234,2018356,2005,2018,356,20,5,NA,NA,A,NA,NA,NA,NA,20183562005
1235,2018356,2010,2018,356,20,10,19.3375,-99.18296359,A,0.214,0.15975,0.0461,0,20183562010
1236,2018357,1610,2018,357,16,10,NA,NA,T,NA,NA,NA,NA,20183571610
1237,2018357,1750,2018,357,17,50,19.3375,-99.18296359,T,0.22475,0.16825,0.013,0,20183571750
1238,2018357,1910,2018,357,19,10,NA,NA,A,NA,NA,NA,NA,20183571910
1239,2018357,1915,2018,357,19,15,NA,NA,A,NA,NA,NA,NA,20183571915
1240,2018357,2055,2018,357,20,55,NA,NA,A,NA,NA,NA,NA,20183572055
1241,2018358,1655,2018,358,16,55,19.3375,-99.18296359,T,0.168,0.12525,0.029,0,20183581655
1242,2018358,1830,2018,358,18,30,NA,NA,T,NA,NA,NA,NA,20183581830
1243,2018358,2000,2018,358,20,0,NA,NA,A,NA,NA,NA,NA,20183582000
1244,2018359,1600,2018,359,16,0,NA,NA,T,NA,NA,NA,NA,20183591600
1245,2018359,1735,2018,359,17,35,NA,NA,T,NA,NA,NA,NA,20183591735
1246,2018359,2035,2018,359,20,35,NA,NA,A,NA,NA,NA,NA,20183592035
1247,2018359,2040,2018,359,20,40,NA,NA,A,NA,NA,NA,NA,20183592040
1248,2018360,1640,2018,360,16,40,NA,NA,T,NA,NA,NA,NA,20183601640
1249,2018360,1815,2018,360,18,15,NA,NA,T,NA,NA,NA,NA,20183601815
1250,2018360,1940,2018,360,19,40,NA,NA,A,NA,NA,NA,NA,20183601940
1251,2018360,1945,2018,360,19,45,NA,NA,A,NA,NA,NA,NA,20183601945
1252,2018361,1725,2018,361,17,25,19.3375,-99.18296359,T,0.082,0.06125,0.0453,0,20183611725
1253,2018361,2025,2018,361,20,25,NA,NA,A,NA,NA,NA,NA,20183612025
1254,2018361,2030,2018,361,20,30,NA,NA,A,NA,NA,NA,NA,20183612030
1255,2018362,1630,2018,362,16,30,NA,NA,T,NA,NA,NA,NA,20183621630
1256,2018362,1805,2018,362,18,5,NA,NA,T,NA,NA,NA,NA,20183621805
1257,2018362,1935,2018,362,19,35,NA,NA,A,NA,NA,NA,NA,20183621935
1258,2018362,2110,2018,362,21,10,NA,NA,A,NA,NA,NA,NA,20183622110
1259,2018363,1710,2018,363,17,10,19.3375,-99.18296359,T,0.12325,0.092,0.0455,0,20183631710
1260,2018363,2015,2018,363,20,15,NA,NA,A,NA,NA,NA,NA,20183632015
1261,2018364,1615,2018,364,16,15,NA,NA,T,NA,NA,NA,NA,20183641615
1262,2018364,1755,2018,364,17,55,19.3375,-99.18296359,T,0.1315,0.09825,0.0101,0,20183641755
1263,2018364,2055,2018,364,20,55,19.32916666,-99.17790253,A,0.197,0.147,0.009,0,20183642055
1264,2018364,2100,2018,364,21,0,NA,NA,A,NA,NA,NA,NA,20183642100
1265,2018365,1700,2018,365,17,0,19.3375,-99.18296359,T,0.198,0.14775,0.0365,0,20183651700
1266,2018365,2000,2018,365,20,0,NA,NA,A,NA,NA,NA,NA,20183652000
1267,2018365,2005,2018,365,20,5,NA,NA,A,NA,NA,NA,NA,20183652005
1,2019001,1605,2019,1,16,5,NA,NA,T,NA,NA,NA,NA,20190011605
2,2019001,1740,2019,1,17,40,19.3375,-99.18296359,T,0.36525,0.2725,0.0181,0,20190011740
3,2019001,1910,2019,1,19,10,NA,NA,A,NA,NA,NA,NA,20190011910
4,2019001,2045,2019,1,20,45,NA,NA,A,NA,NA,NA,NA,20190012045
5,2019002,1645,2019,2,16,45,NA,NA,T,NA,NA,NA,NA,20190021645
6,2019002,1825,2019,2,18,25,NA,NA,T,NA,NA,NA,NA,20190021825
7,2019002,1950,2019,2,19,50,NA,NA,A,NA,NA,NA,NA,20190021950
8,2019003,1730,2019,3,17,30,NA,NA,T,NA,NA,NA,NA,20190031730
9,2019003,2030,2019,3,20,30,NA,NA,A,NA,NA,NA,NA,20190032030
10,2019003,2035,2019,3,20,35,NA,NA,A,NA,NA,NA,NA,20190032035
11,2019004,1635,2019,4,16,35,19.3375,-99.18296359,T,0.1375,0.10225,0.0216,0,20190041635
12,2019004,1810,2019,4,18,10,NA,NA,T,NA,NA,NA,NA,20190041810
13,2019004,1935,2019,4,19,35,NA,NA,A,NA,NA,NA,NA,20190041935
14,2019004,1940,2019,4,19,40,NA,NA,A,NA,NA,NA,NA,20190041940
15,2019005,1720,2019,5,17,20,19.3375,-99.18296359,T,0.4395,0.32825,0.0452,0,20190051720
16,2019005,2020,2019,5,20,20,NA,NA,A,NA,NA,NA,NA,20190052020
17,2019006,1620,2019,6,16,20,NA,NA,T,NA,NA,NA,NA,20190061620
18,2019006,1800,2019,6,18,0,19.3375,-99.18296359,T,0.30175,0.2255,0.0083,0,20190061800
19,2019006,1925,2019,6,19,25,19.3375,-99.18296359,A,0.34975,0.26125,0.0126,0,20190061925
20,2019006,2105,2019,6,21,5,NA,NA,A,NA,NA,NA,NA,20190062105
21,2019007,1705,2019,7,17,5,19.3375,-99.18296359,T,0.144,0.1075,0.045,0,20190071705
22,2019007,2005,2019,7,20,5,NA,NA,A,NA,NA,NA,NA,20190072005
23,2019007,2010,2019,7,20,10,NA,NA,A,NA,NA,NA,NA,20190072010
24,2019008,1610,2019,8,16,10,NA,NA,T,NA,NA,NA,NA,20190081610
25,2019008,1750,2019,8,17,50,19.3375,-99.18296359,T,0.14575,0.1085,0.0129,0,20190081750
26,2019008,1910,2019,8,19,10,NA,NA,A,NA,NA,NA,NA,20190081910
27,2019008,1915,2019,8,19,15,19.3375,-99.18296359,A,0.21275,0.159,0.0079,0,20190081915
28,2019008,2055,2019,8,20,55,NA,NA,A,NA,NA,NA,NA,20190082055
29,2019009,1655,2019,9,16,55,19.3375,-99.18296359,T,0.229,0.171,0.0312,0,20190091655
30,2019009,1830,2019,9,18,30,NA,NA,T,NA,NA,NA,NA,20190091830
31,2019009,2000,2019,9,20,0,19.3375,-99.18296359,A,0.2965,0.2215,0.0481,0,20190092000
32,2019010,1600,2019,10,16,0,NA,NA,T,NA,NA,NA,NA,20190101600
33,2019010,1735,2019,10,17,35,19.3375,-99.18296359,T,0.24,0.17925,0.0247,0,20190101735
34,2019010,2035,2019,10,20,35,NA,NA,A,NA,NA,NA,NA,20190102035
35,2019010,2040,2019,10,20,40,NA,NA,A,NA,NA,NA,NA,20190102040
36,2019011,1640,2019,11,16,40,19.3375,-99.18296359,T,0.3025,0.22575,0.0224,0,20190111640
37,2019011,1815,2019,11,18,15,NA,NA,T,NA,NA,NA,NA,20190111815
38,2019011,1940,2019,11,19,40,NA,NA,A,NA,NA,NA,NA,20190111940
39,2019011,1945,2019,11,19,45,19.3375,-99.18296359,A,0.464,0.34675,0.0325,0,20190111945
40,2019012,1725,2019,12,17,25,19.3375,-99.18296359,T,0.6885,0.51425,0.0476,0,20190121725
41,2019012,2025,2019,12,20,25,NA,NA,A,NA,NA,NA,NA,20190122025
42,2019012,2030,2019,12,20,30,NA,NA,A,NA,NA,NA,NA,20190122030
43,2019013,1630,2019,13,16,30,NA,NA,T,NA,NA,NA,NA,20190131630
44,2019013,1805,2019,13,18,5,NA,NA,T,NA,NA,NA,NA,20190131805
45,2019013,1935,2019,13,19,35,NA,NA,A,NA,NA,NA,NA,20190131935
46,2019013,2110,2019,13,21,10,NA,NA,A,NA,NA,NA,NA,20190132110
47,2019014,1710,2019,14,17,10,NA,NA,T,NA,NA,NA,NA,20190141710
48,2019014,2015,2019,14,20,15,19.3375,-99.18296359,A,0.37225,0.278,0.0449,0,20190142015
49,2019015,1615,2019,15,16,15,NA,NA,T,NA,NA,NA,NA,20190151615
50,2019015,1755,2019,15,17,55,NA,NA,T,NA,NA,NA,NA,20190151755
51,2019015,2055,2019,15,20,55,NA,NA,A,NA,NA,NA,NA,20190152055
52,2019015,2100,2019,15,21,0,NA,NA,A,NA,NA,NA,NA,20190152100
53,2019016,1700,2019,16,17,0,NA,NA,T,NA,NA,NA,NA,20190161700
54,2019016,2000,2019,16,20,0,NA,NA,A,NA,NA,NA,NA,20190162000
55,2019016,2005,2019,16,20,5,NA,NA,A,NA,NA,NA,NA,20190162005
56,2019017,1605,2019,17,16,5,NA,NA,T,NA,NA,NA,NA,20190171605
57,2019017,1740,2019,17,17,40,NA,NA,T,NA,NA,NA,NA,20190171740
58,2019017,1910,2019,17,19,10,NA,NA,A,NA,NA,NA,NA,20190171910
59,2019017,2045,2019,17,20,45,NA,NA,A,NA,NA,NA,NA,20190172045
60,2019018,1645,2019,18,16,45,19.3375,-99.18296359,T,0.4215,0.31475,0.0257,0,20190181645
61,2019018,1825,2019,18,18,25,NA,NA,T,NA,NA,NA,NA,20190181825
62,2019018,1950,2019,18,19,50,NA,NA,A,NA,NA,NA,NA,20190181950
63,2019019,1730,2019,19,17,30,19.3375,-99.18296359,T,0.216,0.1615,0.0363,0,20190191730
64,2019019,2030,2019,19,20,30,NA,NA,A,NA,NA,NA,NA,20190192030
65,2019019,2035,2019,19,20,35,NA,NA,A,NA,NA,NA,NA,20190192035
66,2019020,1635,2019,20,16,35,19.3375,-99.18296359,T,0.236,0.17625,0.0207,0,20190201635
67,2019020,1810,2019,20,18,10,NA,NA,T,NA,NA,NA,NA,20190201810
68,2019020,1935,2019,20,19,35,NA,NA,A,NA,NA,NA,NA,20190201935
69,2019020,1940,2019,20,19,40,19.3375,-99.18296359,A,0.1725,0.12825,0.0254,0,20190201940
70,2019021,1720,2019,21,17,20,19.3375,-99.18296359,T,0.1115,0.083,0.053,0,20190211720
71,2019021,2020,2019,21,20,20,19.3375,-99.18296359,A,0.1335,0.09975,0.0373,0,20190212020
72,2019022,1620,2019,22,16,20,NA,NA,T,NA,NA,NA,NA,20190221620
73,2019022,1800,2019,22,18,0,19.3375,-99.18296359,T,0.04875,0.0365,0.009,0,20190221800
74,2019022,1925,2019,22,19,25,19.3375,-99.18296359,A,0.13225,0.0985,0.0143,0,20190221925
75,2019022,2105,2019,22,21,5,NA,NA,A,NA,NA,NA,NA,20190222105
76,2019023,1705,2019,23,17,5,19.3375,-99.17413201,T,0.089,0.06633,0.042,0,20190231705
77,2019023,2005,2019,23,20,5,NA,NA,A,NA,NA,NA,NA,20190232005
78,2019023,2010,2019,23,20,10,19.3375,-99.18296359,A,0.10375,0.07725,0.0579,0,20190232010
79,2019024,1610,2019,24,16,10,NA,NA,T,NA,NA,NA,NA,20190241610
80,2019024,1750,2019,24,17,50,19.3375,-99.18296359,T,0.051,0.038,0.0135,0,20190241750
81,2019024,1910,2019,24,19,10,NA,NA,A,NA,NA,NA,NA,20190241910
82,2019024,2050,2019,24,20,50,19.3375,-99.18296359,A,0.118,0.08825,0.0087,0,20190242050
83,2019024,2055,2019,24,20,55,NA,NA,A,NA,NA,NA,NA,20190242055
84,2019025,1655,2019,25,16,55,19.3375,-99.18296359,T,0.151,0.1125,0.0337,0,20190251655
85,2019025,1830,2019,25,18,30,NA,NA,T,NA,NA,NA,NA,20190251830
86,2019025,2000,2019,25,20,0,NA,NA,A,NA,NA,NA,NA,20190252000
87,2019026,1600,2019,26,16,0,NA,NA,T,NA,NA,NA,NA,20190261600
88,2019026,1735,2019,26,17,35,19.3375,-99.18296359,T,0.10875,0.081,0.027,0,20190261735
89,2019026,1900,2019,26,19,0,NA,NA,A,NA,NA,NA,NA,20190261900
90,2019026,2040,2019,26,20,40,NA,NA,A,NA,NA,NA,NA,20190262040
91,2019027,1640,2019,27,16,40,NA,NA,T,NA,NA,NA,NA,20190271640
92,2019027,1815,2019,27,18,15,NA,NA,T,NA,NA,NA,NA,20190271815
93,2019027,1940,2019,27,19,40,NA,NA,A,NA,NA,NA,NA,20190271940
94,2019027,1945,2019,27,19,45,19.3375,-99.18296359,A,0.0935,0.06975,0.0373,0,20190271945
95,2019028,1725,2019,28,17,25,19.3375,-99.18296359,T,0.0585,0.04325,0.052,0,20190281725
96,2019028,2025,2019,28,20,25,NA,NA,A,NA,NA,NA,NA,20190282025
97,2019028,2030,2019,28,20,30,19.3375,-99.18296359,A,0.1,0.0745,0.0306,0,20190282030
98,2019029,1630,2019,29,16,30,NA,NA,T,NA,NA,NA,NA,20190291630
99,2019029,1805,2019,29,18,5,NA,NA,T,NA,NA,NA,NA,20190291805
100,2019029,1935,2019,29,19,35,19.3375,-99.18296359,A,0.38025,0.2845,0.02,0,20190291935
101,2019029,2110,2019,29,21,10,NA,NA,A,NA,NA,NA,NA,20190292110
102,2019030,1710,2019,30,17,10,19.3375,-99.18296359,T,0.1135,0.08475,0.0543,0,20190301710
103,2019030,2015,2019,30,20,15,19.3375,-99.18296359,A,0.10775,0.08025,0.0507,0,20190302015
104,2019031,1615,2019,31,16,15,NA,NA,T,NA,NA,NA,NA,20190311615
105,2019031,2055,2019,31,20,55,NA,NA,A,NA,NA,NA,NA,20190312055
106,2019031,2100,2019,31,21,0,NA,NA,A,NA,NA,NA,NA,20190312100
107,2019032,1700,2019,32,17,0,19.3375,-99.18296359,T,0.0765,0.05725,0.0449,0,20190321700
108,2019032,2000,2019,32,20,0,NA,NA,A,NA,NA,NA,NA,20190322000
109,2019032,2005,2019,32,20,5,NA,NA,A,NA,NA,NA,NA,20190322005
110,2019033,1605,2019,33,16,5,NA,NA,T,NA,NA,NA,NA,20190331605
111,2019033,1740,2019,33,17,40,19.3375,-99.18296359,T,0.1895,0.14125,0.0204,0,20190331740
112,2019033,1910,2019,33,19,10,NA,NA,A,NA,NA,NA,NA,20190331910
113,2019033,2045,2019,33,20,45,NA,NA,A,NA,NA,NA,NA,20190332045
114,2019034,1645,2019,34,16,45,19.3375,-99.18296359,T,0.19675,0.14675,0.0294,0,20190341645
115,2019034,1825,2019,34,18,25,NA,NA,T,NA,NA,NA,NA,20190341825
116,2019034,1950,2019,34,19,50,19.3375,-99.18296359,A,0.46325,0.34625,0.0549,0,20190341950
117,2019035,1730,2019,35,17,30,19.3375,-99.18296359,T,0.1555,0.11625,0.0409,0,20190351730
118,2019035,2030,2019,35,20,30,NA,NA,A,NA,NA,NA,NA,20190352030
119,2019035,2035,2019,35,20,35,NA,NA,A,NA,NA,NA,NA,20190352035
120,2019036,1635,2019,36,16,35,19.3375,-99.18296359,T,0.17175,0.12825,0.0221,0,20190361635
121,2019036,1810,2019,36,18,10,NA,NA,T,NA,NA,NA,NA,20190361810
122,2019036,1935,2019,36,19,35,NA,NA,A,NA,NA,NA,NA,20190361935
123,2019036,1940,2019,36,19,40,19.3375,-99.18296359,A,0.4305,0.3215,0.0306,0,20190361940
124,2019037,1715,2019,37,17,15,19.3375,-99.18296359,T,0.23475,0.1755,0.0638,0,20190371715
125,2019037,2020,2019,37,20,20,19.3375,-99.17413201,A,0.567,0.4235,0.0463,0,20190372020
126,2019038,1620,2019,38,16,20,NA,NA,T,NA,NA,NA,NA,20190381620
127,2019038,1800,2019,38,18,0,19.3375,-99.18296359,T,0.196,0.14625,0.0093,0,20190381800
128,2019038,1925,2019,38,19,25,19.3375,-99.18296359,A,0.393,0.29375,0.0168,0,20190381925
129,2019038,2105,2019,38,21,5,NA,NA,A,NA,NA,NA,NA,20190382105
130,2019039,1705,2019,39,17,5,NA,NA,T,NA,NA,NA,NA,20190391705
131,2019039,2005,2019,39,20,5,NA,NA,A,NA,NA,NA,NA,20190392005
132,2019039,2010,2019,39,20,10,NA,NA,A,NA,NA,NA,NA,20190392010
133,2019040,1610,2019,40,16,10,NA,NA,T,NA,NA,NA,NA,20190401610
134,2019040,1750,2019,40,17,50,NA,NA,T,NA,NA,NA,NA,20190401750
135,2019040,1910,2019,40,19,10,NA,NA,A,NA,NA,NA,NA,20190401910
136,2019040,2050,2019,40,20,50,NA,NA,A,NA,NA,NA,NA,20190402050
137,2019040,2055,2019,40,20,55,NA,NA,A,NA,NA,NA,NA,20190402055
138,2019041,1655,2019,41,16,55,19.3375,-99.18296359,T,0.214,0.16,0.0406,0,20190411655
139,2019041,1830,2019,41,18,30,NA,NA,T,NA,NA,NA,NA,20190411830
140,2019041,2000,2019,41,20,0,19.3375,-99.18296359,A,0.163,0.122,0.0707,0,20190412000
141,2019042,1600,2019,42,16,0,NA,NA,T,NA,NA,NA,NA,20190421600
142,2019042,1735,2019,42,17,35,19.3375,-99.18296359,T,0.22425,0.16725,0.0315,0,20190421735
143,2019042,1900,2019,42,19,0,NA,NA,A,NA,NA,NA,NA,20190421900
144,2019042,2040,2019,42,20,40,19.3375,-99.17413201,A,0.523,0.39,0.0253,0,20190422040
145,2019043,1640,2019,43,16,40,19.3375,-99.18296359,T,0.3075,0.2295,0.0274,0,20190431640
146,2019043,1815,2019,43,18,15,NA,NA,T,NA,NA,NA,NA,20190431815
147,2019043,1940,2019,43,19,40,NA,NA,A,NA,NA,NA,NA,20190431940
148,2019043,1945,2019,43,19,45,NA,NA,A,NA,NA,NA,NA,20190431945
149,2019044,1725,2019,44,17,25,19.3375,-99.18296359,T,0.52,0.38825,0.0616,0,20190441725
150,2019044,2025,2019,44,20,25,NA,NA,A,NA,NA,NA,NA,20190442025
151,2019044,2030,2019,44,20,30,NA,NA,A,NA,NA,NA,NA,20190442030
152,2019045,1630,2019,45,16,30,NA,NA,T,NA,NA,NA,NA,20190451630
153,2019045,1805,2019,45,18,5,NA,NA,T,NA,NA,NA,NA,20190451805
154,2019045,1935,2019,45,19,35,NA,NA,A,NA,NA,NA,NA,20190451935
155,2019045,2110,2019,45,21,10,NA,NA,A,NA,NA,NA,NA,20190452110
156,2019046,1710,2019,46,17,10,19.3375,-99.18296359,T,0.128,0.0955,0.0716,0,20190461710
157,2019046,2015,2019,46,20,15,19.3375,-99.18296359,A,0.27025,0.20175,0.0613,0,20190462015
158,2019047,1615,2019,47,16,15,NA,NA,T,NA,NA,NA,NA,20190471615
159,2019047,1755,2019,47,17,55,19.3375,-99.18296359,T,0.169,0.12625,0.0127,0,20190471755
160,2019047,2055,2019,47,20,55,19.3375,-99.18296359,A,0.18875,0.14075,0.0137,0,20190472055
161,2019047,2100,2019,47,21,0,NA,NA,A,NA,NA,NA,NA,20190472100
162,2019048,1700,2019,48,17,0,19.3375,-99.18296359,T,0.136,0.1015,0.0538,0,20190481700
163,2019048,2000,2019,48,20,0,NA,NA,A,NA,NA,NA,NA,20190482000
164,2019048,2005,2019,48,20,5,19.3375,-99.18296359,A,0.25333,0.189,0.0746,0,20190482005
165,2019049,1605,2019,49,16,5,NA,NA,T,NA,NA,NA,NA,20190491605
166,2019049,1740,2019,49,17,40,19.3375,-99.18296359,T,0.084,0.06275,0.0237,0,20190491740
167,2019049,1905,2019,49,19,5,NA,NA,A,NA,NA,NA,NA,20190491905
168,2019049,1910,2019,49,19,10,NA,NA,A,NA,NA,NA,NA,20190491910
169,2019049,2045,2019,49,20,45,NA,NA,A,NA,NA,NA,NA,20190492045
170,2019050,1645,2019,50,16,45,19.3375,-99.18296359,T,0.0685,0.0515,0.0343,0,20190501645
171,2019050,1825,2019,50,18,25,NA,NA,T,NA,NA,NA,NA,20190501825
172,2019050,1950,2019,50,19,50,19.3375,-99.18296359,A,0.0495,0.03675,0.0667,0,20190501950
173,2019051,1730,2019,51,17,30,19.3375,-99.18296359,T,0.06,0.045,0.0451,0,20190511730
174,2019051,2030,2019,51,20,30,NA,NA,A,NA,NA,NA,NA,20190512030
175,2019051,2035,2019,51,20,35,19.3375,-99.18296359,A,0.06175,0.046,0.0301,0,20190512035
176,2019052,1635,2019,52,16,35,19.3375,-99.18296359,T,0.06075,0.04525,0.0237,0,20190521635
177,2019052,1810,2019,52,18,10,NA,NA,T,NA,NA,NA,NA,20190521810
178,2019052,1935,2019,52,19,35,NA,NA,A,NA,NA,NA,NA,20190521935
179,2019052,1940,2019,52,19,40,19.3375,-99.18296359,A,0.10725,0.08,0.028,0,20190521940
180,2019053,1715,2019,53,17,15,NA,NA,T,NA,NA,NA,NA,20190531715
181,2019053,2020,2019,53,20,20,NA,NA,A,NA,NA,NA,NA,20190532020
182,2019054,1620,2019,54,16,20,NA,NA,T,NA,NA,NA,NA,20190541620
183,2019054,1800,2019,54,18,0,NA,NA,T,NA,NA,NA,NA,20190541800
184,2019054,1925,2019,54,19,25,NA,NA,A,NA,NA,NA,NA,20190541925
185,2019054,2105,2019,54,21,5,NA,NA,A,NA,NA,NA,NA,20190542105
186,2019055,1705,2019,55,17,5,NA,NA,T,NA,NA,NA,NA,20190551705
187,2019055,2005,2019,55,20,5,NA,NA,A,NA,NA,NA,NA,20190552005
188,2019055,2010,2019,55,20,10,NA,NA,A,NA,NA,NA,NA,20190552010
189,2019056,1610,2019,56,16,10,NA,NA,T,NA,NA,NA,NA,20190561610
190,2019056,1750,2019,56,17,50,NA,NA,T,NA,NA,NA,NA,20190561750
191,2019056,1910,2019,56,19,10,NA,NA,A,NA,NA,NA,NA,20190561910
192,2019056,2050,2019,56,20,50,NA,NA,A,NA,NA,NA,NA,20190562050
193,2019056,2055,2019,56,20,55,NA,NA,A,NA,NA,NA,NA,20190562055
194,2019057,1655,2019,57,16,55,19.3375,-99.18296359,T,0.153,0.114,0.0483,0,20190571655
195,2019057,1830,2019,57,18,30,NA,NA,T,NA,NA,NA,NA,20190571830
196,2019057,2000,2019,57,20,0,19.3375,-99.18296359,A,0.24475,0.1825,0.0746,0,20190572000
197,2019058,1600,2019,58,16,0,NA,NA,T,NA,NA,NA,NA,20190581600
198,2019058,1735,2019,58,17,35,19.3375,-99.18296359,T,0.118,0.08775,0.0303,0,20190581735
199,2019058,1905,2019,58,19,5,NA,NA,A,NA,NA,NA,NA,20190581905
200,2019058,2040,2019,58,20,40,19.3375,-99.18296359,A,0.14025,0.10475,0.0267,0,20190582040
201,2019059,1640,2019,59,16,40,19.3375,-99.18296359,T,0.115,0.0855,0.0306,0,20190591640
202,2019059,1815,2019,59,18,15,NA,NA,T,NA,NA,NA,NA,20190591815
203,2019059,1940,2019,59,19,40,NA,NA,A,NA,NA,NA,NA,20190591940
204,2019059,1945,2019,59,19,45,19.3375,-99.18296359,A,0.22225,0.16575,0.0418,0,20190591945
205,2019060,1725,2019,60,17,25,19.3375,-99.18296359,T,0.17425,0.13025,0.0585,0,20190601725
206,2019060,2025,2019,60,20,25,NA,NA,A,NA,NA,NA,NA,20190602025
207,2019060,2030,2019,60,20,30,19.3375,-99.18296359,A,0.44375,0.3315,0.0466,0,20190602030
208,2019061,1630,2019,61,16,30,NA,NA,T,NA,NA,NA,NA,20190611630
209,2019061,1805,2019,61,18,5,NA,NA,T,NA,NA,NA,NA,20190611805
210,2019061,1935,2019,61,19,35,19.3375,-99.18296359,A,0.369,0.2755,0.0227,0,20190611935
211,2019061,2110,2019,61,21,10,NA,NA,A,NA,NA,NA,NA,20190612110
212,2019062,1710,2019,62,17,10,19.3375,-99.18296359,T,0.0955,0.07125,0.1113,0,20190621710
213,2019062,2015,2019,62,20,15,19.3375,-99.18296359,A,0.20775,0.155,0.0841,0,20190622015
214,2019063,1615,2019,63,16,15,NA,NA,T,NA,NA,NA,NA,20190631615
215,2019063,1755,2019,63,17,55,19.3375,-99.18296359,T,0.35925,0.26825,0.0141,0,20190631755
216,2019063,2055,2019,63,20,55,NA,NA,A,NA,NA,NA,NA,20190632055
217,2019063,2100,2019,63,21,0,NA,NA,A,NA,NA,NA,NA,20190632100
218,2019064,1700,2019,64,17,0,19.3375,-99.18296359,T,0.204,0.15225,0.0721,0,20190641700
219,2019064,2000,2019,64,20,0,NA,NA,A,NA,NA,NA,NA,20190642000
220,2019064,2005,2019,64,20,5,19.3375,-99.18296359,A,0.57,0.426,0.1034,0,20190642005
221,2019065,1740,2019,65,17,40,19.3375,-99.18296359,T,0.29025,0.21675,0.024,0,20190651740
222,2019065,1905,2019,65,19,5,NA,NA,A,NA,NA,NA,NA,20190651905
223,2019065,1910,2019,65,19,10,NA,NA,A,NA,NA,NA,NA,20190651910
224,2019065,2045,2019,65,20,45,NA,NA,A,NA,NA,NA,NA,20190652045
225,2019066,1645,2019,66,16,45,19.3375,-99.18296359,T,0.30625,0.229,0.0435,0,20190661645
226,2019066,1825,2019,66,18,25,NA,NA,T,NA,NA,NA,NA,20190661825
227,2019066,1950,2019,66,19,50,NA,NA,A,NA,NA,NA,NA,20190661950
228,2019067,1730,2019,67,17,30,19.3375,-99.18296359,T,0.2095,0.15625,0.0461,0,20190671730
229,2019067,2030,2019,67,20,30,NA,NA,A,NA,NA,NA,NA,20190672030
230,2019067,2035,2019,67,20,35,NA,NA,A,NA,NA,NA,NA,20190672035
231,2019068,1635,2019,68,16,35,19.3375,-99.18296359,T,0.37325,0.279,0.0285,0,20190681635
232,2019068,1810,2019,68,18,10,NA,NA,T,NA,NA,NA,NA,20190681810
233,2019068,1935,2019,68,19,35,NA,NA,A,NA,NA,NA,NA,20190681935
234,2019068,1940,2019,68,19,40,NA,NA,A,NA,NA,NA,NA,20190681940
235,2019069,1720,2019,69,17,20,19.3375,-99.18296359,T,0.453,0.3385,0.0906,0,20190691720
236,2019069,2020,2019,69,20,20,NA,NA,A,NA,NA,NA,NA,20190692020
237,2019070,1620,2019,70,16,20,NA,NA,T,NA,NA,NA,NA,20190701620
238,2019070,1800,2019,70,18,0,19.3375,-99.18296359,T,0.20125,0.15025,0.0119,0,20190701800
239,2019070,1925,2019,70,19,25,19.3375,-99.18296359,A,0.5265,0.39325,0.0187,0,20190701925
240,2019070,2105,2019,70,21,5,NA,NA,A,NA,NA,NA,NA,20190702105
241,2019071,1705,2019,71,17,5,19.3375,-99.18296359,T,0.062,0.04625,0.0977,0,20190711705
242,2019071,2005,2019,71,20,5,NA,NA,A,NA,NA,NA,NA,20190712005
243,2019071,2010,2019,71,20,10,19.3375,-99.18296359,A,0.07375,0.055,0.1015,0,20190712010
244,2019072,1610,2019,72,16,10,NA,NA,T,NA,NA,NA,NA,20190721610
245,2019072,1750,2019,72,17,50,19.3375,-99.18296359,T,0.215,0.16075,0.0193,0,20190721750
246,2019072,1910,2019,72,19,10,NA,NA,A,NA,NA,NA,NA,20190721910
247,2019072,2050,2019,72,20,50,19.3375,-99.18296359,A,0.3885,0.29025,0.0119,0,20190722050
248,2019072,2055,2019,72,20,55,NA,NA,A,NA,NA,NA,NA,20190722055
249,2019073,1655,2019,73,16,55,19.3375,-99.18296359,T,0.26525,0.198,0.0551,0,20190731655
250,2019073,1830,2019,73,18,30,NA,NA,T,NA,NA,NA,NA,20190731830
251,2019073,2000,2019,73,20,0,NA,NA,A,NA,NA,NA,NA,20190732000
252,2019074,1600,2019,74,16,0,NA,NA,T,NA,NA,NA,NA,20190741600
253,2019074,1735,2019,74,17,35,NA,NA,T,NA,NA,NA,NA,20190741735
254,2019074,1905,2019,74,19,5,NA,NA,A,NA,NA,NA,NA,20190741905
255,2019074,2040,2019,74,20,40,NA,NA,A,NA,NA,NA,NA,20190742040
256,2019075,1640,2019,75,16,40,NA,NA,T,NA,NA,NA,NA,20190751640
257,2019075,1815,2019,75,18,15,NA,NA,T,NA,NA,NA,NA,20190751815
258,2019075,1940,2019,75,19,40,NA,NA,A,NA,NA,NA,NA,20190751940
259,2019075,1945,2019,75,19,45,NA,NA,A,NA,NA,NA,NA,20190751945
260,2019076,1725,2019,76,17,25,NA,NA,T,NA,NA,NA,NA,20190761725
261,2019076,2025,2019,76,20,25,NA,NA,A,NA,NA,NA,NA,20190762025
262,2019076,2030,2019,76,20,30,NA,NA,A,NA,NA,NA,NA,20190762030
263,2019077,1630,2019,77,16,30,NA,NA,T,NA,NA,NA,NA,20190771630
264,2019077,1805,2019,77,18,5,NA,NA,T,NA,NA,NA,NA,20190771805
265,2019077,1935,2019,77,19,35,NA,NA,A,NA,NA,NA,NA,20190771935
266,2019077,2110,2019,77,21,10,NA,NA,A,NA,NA,NA,NA,20190772110
267,2019078,1710,2019,78,17,10,19.3375,-99.18296359,T,0.184,0.1375,0.11,0,20190781710
268,2019078,2015,2019,78,20,15,NA,NA,A,NA,NA,NA,NA,20190782015
269,2019079,1615,2019,79,16,15,NA,NA,T,NA,NA,NA,NA,20190791615
270,2019079,1755,2019,79,17,55,19.3375,-99.18296359,T,0.209,0.156,0.016,0,20190791755
271,2019079,2055,2019,79,20,55,19.3375,-99.18296359,A,0.356,0.26575,0.0153,0,20190792055
272,2019079,2100,2019,79,21,0,NA,NA,A,NA,NA,NA,NA,20190792100
273,2019080,1700,2019,80,17,0,19.3375,-99.18296359,T,0.38125,0.28475,0.0794,0,20190801700
274,2019080,2000,2019,80,20,0,NA,NA,A,NA,NA,NA,NA,20190802000
275,2019080,2005,2019,80,20,5,NA,NA,A,NA,NA,NA,NA,20190802005
276,2019081,1605,2019,81,16,5,NA,NA,T,NA,NA,NA,NA,20190811605
277,2019081,1740,2019,81,17,40,NA,NA,T,NA,NA,NA,NA,20190811740
278,2019081,1905,2019,81,19,5,NA,NA,A,NA,NA,NA,NA,20190811905
279,2019081,1910,2019,81,19,10,NA,NA,A,NA,NA,NA,NA,20190811910
280,2019081,2045,2019,81,20,45,NA,NA,A,NA,NA,NA,NA,20190812045
281,2019082,1645,2019,82,16,45,19.3375,-99.18296359,T,0.18375,0.137,0.0463,0,20190821645
282,2019082,1825,2019,82,18,25,NA,NA,T,NA,NA,NA,NA,20190821825
283,2019082,1950,2019,82,19,50,NA,NA,A,NA,NA,NA,NA,20190821950
284,2019083,1730,2019,83,17,30,19.3375,-99.18296359,T,0.16525,0.12325,0.0537,0,20190831730
285,2019083,2030,2019,83,20,30,NA,NA,A,NA,NA,NA,NA,20190832030
286,2019083,2035,2019,83,20,35,19.3375,-99.18296359,A,0.312,0.23325,0.0362,0,20190832035
287,2019084,1635,2019,84,16,35,19.3375,-99.18296359,T,0.13425,0.1005,0.0268,0,20190841635
288,2019084,1810,2019,84,18,10,NA,NA,T,NA,NA,NA,NA,20190841810
289,2019084,1935,2019,84,19,35,NA,NA,A,NA,NA,NA,NA,20190841935
290,2019084,1940,2019,84,19,40,19.3375,-99.18296359,A,0.16775,0.12475,0.0353,0,20190841940
291,2019085,1720,2019,85,17,20,19.3375,-99.18296359,T,0.0515,0.03825,0.1063,0,20190851720
292,2019085,2025,2019,85,20,25,19.3375,-99.18296359,A,0.0755,0.056,0.0674,0,20190852025
293,2019086,1620,2019,86,16,20,NA,NA,T,NA,NA,NA,NA,20190861620
294,2019086,1800,2019,86,18,0,19.3375,-99.18296359,T,0.05525,0.041,0.0132,0,20190861800
295,2019086,1925,2019,86,19,25,19.3375,-99.18296359,A,0.178,0.13275,0.0201,0,20190861925
296,2019086,2105,2019,86,21,5,NA,NA,A,NA,NA,NA,NA,20190862105
297,2019087,1705,2019,87,17,5,19.3375,-99.18296359,T,0.05475,0.041,0.1029,0,20190871705
298,2019087,2005,2019,87,20,5,NA,NA,A,NA,NA,NA,NA,20190872005
299,2019087,2010,2019,87,20,10,19.3375,-99.18296359,A,0.07425,0.05525,0.1109,0,20190872010
300,2019088,1610,2019,88,16,10,NA,NA,T,NA,NA,NA,NA,20190881610
301,2019088,1750,2019,88,17,50,19.3375,-99.18296359,T,0.15275,0.11375,0.0218,0,20190881750
302,2019088,1910,2019,88,19,10,NA,NA,A,NA,NA,NA,NA,20190881910
303,2019088,2050,2019,88,20,50,19.3375,-99.18296359,A,0.496,0.3705,0.0127,0,20190882050
304,2019088,2055,2019,88,20,55,NA,NA,A,NA,NA,NA,NA,20190882055
305,2019089,1655,2019,89,16,55,19.3375,-99.18296359,T,0.4255,0.31775,0.0525,0,20190891655
306,2019089,1830,2019,89,18,30,NA,NA,T,NA,NA,NA,NA,20190891830
307,2019089,2000,2019,89,20,0,NA,NA,A,NA,NA,NA,NA,20190892000
308,2019090,1600,2019,90,16,0,NA,NA,T,NA,NA,NA,NA,20190901600
309,2019090,1735,2019,90,17,35,NA,NA,T,NA,NA,NA,NA,20190901735
310,2019090,1905,2019,90,19,5,NA,NA,A,NA,NA,NA,NA,20190901905
311,2019090,2040,2019,90,20,40,NA,NA,A,NA,NA,NA,NA,20190902040
312,2019091,1640,2019,91,16,40,19.3375,-99.18296359,T,0.4395,0.32825,0.0306,0,20190911640
313,2019091,1815,2019,91,18,15,NA,NA,T,NA,NA,NA,NA,20190911815
314,2019091,1945,2019,91,19,45,NA,NA,A,NA,NA,NA,NA,20190911945
315,2019092,1725,2019,92,17,25,NA,NA,T,NA,NA,NA,NA,20190921725
316,2019092,2025,2019,92,20,25,NA,NA,A,NA,NA,NA,NA,20190922025
317,2019092,2030,2019,92,20,30,NA,NA,A,NA,NA,NA,NA,20190922030
318,2019093,1630,2019,93,16,30,NA,NA,T,NA,NA,NA,NA,20190931630
319,2019093,1805,2019,93,18,5,NA,NA,T,NA,NA,NA,NA,20190931805
320,2019093,1930,2019,93,19,30,NA,NA,A,NA,NA,NA,NA,20190931930
321,2019093,1935,2019,93,19,35,NA,NA,A,NA,NA,NA,NA,20190931935
322,2019093,2110,2019,93,21,10,NA,NA,A,NA,NA,NA,NA,20190932110
323,2019094,1710,2019,94,17,10,19.3375,-99.18296359,T,0.53425,0.39875,0.1145,0,20190941710
324,2019094,2015,2019,94,20,15,NA,NA,A,NA,NA,NA,NA,20190942015
325,2019095,1615,2019,95,16,15,NA,NA,T,NA,NA,NA,NA,20190951615
326,2019095,1755,2019,95,17,55,NA,NA,T,NA,NA,NA,NA,20190951755
327,2019095,2055,2019,95,20,55,NA,NA,A,NA,NA,NA,NA,20190952055
328,2019095,2100,2019,95,21,0,NA,NA,A,NA,NA,NA,NA,20190952100
329,2019096,1700,2019,96,17,0,NA,NA,T,NA,NA,NA,NA,20190961700
330,2019096,2000,2019,96,20,0,NA,NA,A,NA,NA,NA,NA,20190962000
331,2019096,2005,2019,96,20,5,NA,NA,A,NA,NA,NA,NA,20190962005
332,2019097,1605,2019,97,16,5,NA,NA,T,NA,NA,NA,NA,20190971605
333,2019097,1740,2019,97,17,40,19.3375,-99.18296359,T,0.46,0.3435,0.0318,0,20190971740
334,2019097,1905,2019,97,19,5,NA,NA,A,NA,NA,NA,NA,20190971905
335,2019097,1910,2019,97,19,10,NA,NA,A,NA,NA,NA,NA,20190971910
336,2019097,2045,2019,97,20,45,NA,NA,A,NA,NA,NA,NA,20190972045
337,2019098,1645,2019,98,16,45,NA,NA,T,NA,NA,NA,NA,20190981645
338,2019098,1825,2019,98,18,25,NA,NA,T,NA,NA,NA,NA,20190981825
339,2019098,1950,2019,98,19,50,NA,NA,A,NA,NA,NA,NA,20190981950
340,2019099,1730,2019,99,17,30,NA,NA,T,NA,NA,NA,NA,20190991730
341,2019099,2030,2019,99,20,30,NA,NA,A,NA,NA,NA,NA,20190992030
342,2019099,2035,2019,99,20,35,NA,NA,A,NA,NA,NA,NA,20190992035
343,2019100,1635,2019,100,16,35,19.3375,-99.18296359,T,0.2125,0.15875,0.0249,0,20191001635
344,2019100,1810,2019,100,18,10,NA,NA,T,NA,NA,NA,NA,20191001810
345,2019100,1935,2019,100,19,35,NA,NA,A,NA,NA,NA,NA,20191001935
346,2019100,1940,2019,100,19,40,19.3375,-99.18296359,A,0.5465,0.408,0.0422,0,20191001940
347,2019101,1720,2019,101,17,20,19.3375,-99.18296359,T,0.20775,0.155,0.13,0,20191011720
348,2019101,2025,2019,101,20,25,NA,NA,A,NA,NA,NA,NA,20191012025
349,2019102,1620,2019,102,16,20,NA,NA,T,NA,NA,NA,NA,20191021620
350,2019102,1800,2019,102,18,0,19.3375,-99.18296359,T,0.12075,0.09,0.0156,0,20191021800
351,2019102,1925,2019,102,19,25,19.3375,-99.18296359,A,0.31375,0.2345,0.0227,0,20191021925
352,2019102,2105,2019,102,21,5,NA,NA,A,NA,NA,NA,NA,20191022105
353,2019103,1705,2019,103,17,5,NA,NA,T,NA,NA,NA,NA,20191031705
354,2019103,2005,2019,103,20,5,NA,NA,A,NA,NA,NA,NA,20191032005
355,2019103,2010,2019,103,20,10,19.3375,-99.18296359,A,0.3995,0.2985,0.1125,0,20191032010
356,2019104,1610,2019,104,16,10,NA,NA,T,NA,NA,NA,NA,20191041610
357,2019104,1750,2019,104,17,50,19.3375,-99.18296359,T,0.681,0.50875,0.026,0,20191041750
358,2019104,1910,2019,104,19,10,NA,NA,A,NA,NA,NA,NA,20191041910
359,2019104,2050,2019,104,20,50,19.3375,-99.18296359,A,1.184,0.88425,0.0141,0,20191042050
360,2019104,2055,2019,104,20,55,NA,NA,A,NA,NA,NA,NA,20191042055
361,2019105,1655,2019,105,16,55,19.3375,-99.18296359,T,0.70475,0.5265,0.0599,0,20191051655
362,2019105,1830,2019,105,18,30,NA,NA,T,NA,NA,NA,NA,20191051830
363,2019105,2000,2019,105,20,0,NA,NA,A,NA,NA,NA,NA,20191052000
364,2019106,1600,2019,106,16,0,NA,NA,T,NA,NA,NA,NA,20191061600
365,2019106,1735,2019,106,17,35,19.3375,-99.18296359,T,0.56475,0.422,0.0511,0,20191061735
366,2019106,1905,2019,106,19,5,NA,NA,A,NA,NA,NA,NA,20191061905
367,2019106,2040,2019,106,20,40,NA,NA,A,NA,NA,NA,NA,20191062040
368,2019107,1640,2019,107,16,40,19.3375,-99.18296359,T,0.55825,0.417,0.0348,0,20191071640
369,2019107,1815,2019,107,18,15,NA,NA,T,NA,NA,NA,NA,20191071815
370,2019107,1945,2019,107,19,45,NA,NA,A,NA,NA,NA,NA,20191071945
371,2019108,1725,2019,108,17,25,19.3375,-99.18296359,T,0.06075,0.0455,0.0953,0,20191081725
372,2019108,2025,2019,108,20,25,NA,NA,A,NA,NA,NA,NA,20191082025
373,2019108,2030,2019,108,20,30,19.3375,-99.18296359,A,0.1905,0.1425,0.0511,0,20191082030
374,2019109,1630,2019,109,16,30,NA,NA,T,NA,NA,NA,NA,20191091630
375,2019109,1805,2019,109,18,5,NA,NA,T,NA,NA,NA,NA,20191091805
376,2019109,1935,2019,109,19,35,NA,NA,A,NA,NA,NA,NA,20191091935
377,2019109,2110,2019,109,21,10,NA,NA,A,NA,NA,NA,NA,20191092110
378,2019110,1710,2019,110,17,10,19.3375,-99.18296359,T,0.22425,0.1675,0.1341,0,20191101710
379,2019110,2015,2019,110,20,15,19.3375,-99.18296359,A,0.518,0.387,0.0945,0,20191102015
380,2019111,1615,2019,111,16,15,NA,NA,T,NA,NA,NA,NA,20191111615
381,2019111,1755,2019,111,17,55,19.3375,-99.18296359,T,0.241,0.17975,0.0206,0,20191111755
382,2019111,2055,2019,111,20,55,19.3375,-99.18296359,A,0.503,0.3755,0.0176,0,20191112055
383,2019111,2100,2019,111,21,0,NA,NA,A,NA,NA,NA,NA,20191112100
384,2019112,1700,2019,112,17,0,NA,NA,T,NA,NA,NA,NA,20191121700
385,2019112,2000,2019,112,20,0,NA,NA,A,NA,NA,NA,NA,20191122000
386,2019112,2005,2019,112,20,5,NA,NA,A,NA,NA,NA,NA,20191122005
387,2019113,1605,2019,113,16,5,NA,NA,T,NA,NA,NA,NA,20191131605
388,2019113,1740,2019,113,17,40,NA,NA,T,NA,NA,NA,NA,20191131740
389,2019113,1905,2019,113,19,5,NA,NA,A,NA,NA,NA,NA,20191131905
390,2019113,1910,2019,113,19,10,NA,NA,A,NA,NA,NA,NA,20191131910
391,2019113,2045,2019,113,20,45,NA,NA,A,NA,NA,NA,NA,20191132045
392,2019114,1645,2019,114,16,45,NA,NA,T,NA,NA,NA,NA,20191141645
393,2019114,1825,2019,114,18,25,NA,NA,T,NA,NA,NA,NA,20191141825
394,2019114,1950,2019,114,19,50,NA,NA,A,NA,NA,NA,NA,20191141950
395,2019115,1730,2019,115,17,30,NA,NA,T,NA,NA,NA,NA,20191151730
396,2019115,2030,2019,115,20,30,NA,NA,A,NA,NA,NA,NA,20191152030
397,2019115,2035,2019,115,20,35,19.3375,-99.17413201,A,0.672,0.502,0.0396,0,20191152035
398,2019116,1635,2019,116,16,35,NA,NA,T,NA,NA,NA,NA,20191161635
399,2019116,1810,2019,116,18,10,NA,NA,T,NA,NA,NA,NA,20191161810
400,2019116,1935,2019,116,19,35,NA,NA,A,NA,NA,NA,NA,20191161935
401,2019116,1940,2019,116,19,40,NA,NA,A,NA,NA,NA,NA,20191161940
402,2019117,1720,2019,117,17,20,19.3375,-99.18296359,T,0.681,0.50875,0.1444,0,20191171720
403,2019117,2020,2019,117,20,20,NA,NA,A,NA,NA,NA,NA,20191172020
404,2019118,1620,2019,118,16,20,NA,NA,T,NA,NA,NA,NA,20191181620
405,2019118,1800,2019,118,18,0,NA,NA,T,NA,NA,NA,NA,20191181800
406,2019118,1925,2019,118,19,25,NA,NA,A,NA,NA,NA,NA,20191181925
407,2019118,2105,2019,118,21,5,NA,NA,A,NA,NA,NA,NA,20191182105
408,2019119,1705,2019,119,17,5,NA,NA,T,NA,NA,NA,NA,20191191705
409,2019119,2005,2019,119,20,5,NA,NA,A,NA,NA,NA,NA,20191192005
410,2019119,2010,2019,119,20,10,NA,NA,A,NA,NA,NA,NA,20191192010
411,2019120,1610,2019,120,16,10,NA,NA,T,NA,NA,NA,NA,20191201610
412,2019120,1750,2019,120,17,50,19.3375,-99.18296359,T,0.6355,0.47475,0.0293,0,20191201750
413,2019120,1910,2019,120,19,10,NA,NA,A,NA,NA,NA,NA,20191201910
414,2019120,2050,2019,120,20,50,NA,NA,A,NA,NA,NA,NA,20191202050
415,2019120,2055,2019,120,20,55,NA,NA,A,NA,NA,NA,NA,20191202055
416,2019121,1655,2019,121,16,55,19.3375,-99.18296359,T,0.32375,0.242,0.0599,0,20191211655
417,2019121,1830,2019,121,18,30,NA,NA,T,NA,NA,NA,NA,20191211830
418,2019121,2000,2019,121,20,0,NA,NA,A,NA,NA,NA,NA,20191212000
419,2019122,1600,2019,122,16,0,NA,NA,T,NA,NA,NA,NA,20191221600
420,2019122,1735,2019,122,17,35,19.3375,-99.18296359,T,0.24075,0.18,0.0623,0,20191221735
421,2019122,1905,2019,122,19,5,NA,NA,A,NA,NA,NA,NA,20191221905
422,2019122,2040,2019,122,20,40,NA,NA,A,NA,NA,NA,NA,20191222040
423,2019123,1640,2019,123,16,40,19.3375,-99.18296359,T,0.4675,0.34925,0.0257,0,20191231640
424,2019123,1815,2019,123,18,15,NA,NA,T,NA,NA,NA,NA,20191231815
425,2019123,1940,2019,123,19,40,NA,NA,A,NA,NA,NA,NA,20191231940
426,2019123,1945,2019,123,19,45,NA,NA,A,NA,NA,NA,NA,20191231945
427,2019124,1725,2019,124,17,25,NA,NA,T,NA,NA,NA,NA,20191241725
428,2019124,2025,2019,124,20,25,NA,NA,A,NA,NA,NA,NA,20191242025
429,2019124,2030,2019,124,20,30,NA,NA,A,NA,NA,NA,NA,20191242030
430,2019125,1630,2019,125,16,30,NA,NA,T,NA,NA,NA,NA,20191251630
431,2019125,1805,2019,125,18,5,NA,NA,T,NA,NA,NA,NA,20191251805
432,2019125,1935,2019,125,19,35,NA,NA,A,NA,NA,NA,NA,20191251935
433,2019125,2110,2019,125,21,10,NA,NA,A,NA,NA,NA,NA,20191252110
434,2019126,1710,2019,126,17,10,NA,NA,T,NA,NA,NA,NA,20191261710
435,2019126,2015,2019,126,20,15,NA,NA,A,NA,NA,NA,NA,20191262015
436,2019127,1615,2019,127,16,15,NA,NA,T,NA,NA,NA,NA,20191271615
437,2019127,1755,2019,127,17,55,NA,NA,T,NA,NA,NA,NA,20191271755
438,2019127,2055,2019,127,20,55,NA,NA,A,NA,NA,NA,NA,20191272055
439,2019127,2100,2019,127,21,0,NA,NA,A,NA,NA,NA,NA,20191272100
440,2019128,1700,2019,128,17,0,19.3375,-99.18296359,T,0.238,0.1775,0.0891,0,20191281700
441,2019128,2000,2019,128,20,0,NA,NA,A,NA,NA,NA,NA,20191282000
442,2019128,2005,2019,128,20,5,19.3375,-99.18296359,A,0.26,0.19425,0.1402,0,20191282005
443,2019129,1605,2019,129,16,5,NA,NA,T,NA,NA,NA,NA,20191291605
444,2019129,1740,2019,129,17,40,19.3375,-99.18296359,T,0.4675,0.34925,0.0377,0,20191291740
445,2019129,1905,2019,129,19,5,NA,NA,A,NA,NA,NA,NA,20191291905
446,2019129,1910,2019,129,19,10,NA,NA,A,NA,NA,NA,NA,20191291910
447,2019129,2045,2019,129,20,45,NA,NA,A,NA,NA,NA,NA,20191292045
448,2019130,1645,2019,130,16,45,19.3375,-99.18296359,T,0.38075,0.28425,0.0445,0,20191301645
449,2019130,1825,2019,130,18,25,NA,NA,T,NA,NA,NA,NA,20191301825
450,2019130,1950,2019,130,19,50,NA,NA,A,NA,NA,NA,NA,20191301950
451,2019131,1730,2019,131,17,30,19.3375,-99.18296359,T,0.5445,0.407,0.0777,0,20191311730
452,2019131,2030,2019,131,20,30,NA,NA,A,NA,NA,NA,NA,20191312030
453,2019131,2035,2019,131,20,35,NA,NA,A,NA,NA,NA,NA,20191312035
454,2019132,1635,2019,132,16,35,19.3375,-99.18296359,T,0.9105,0.68,0.0277,0,20191321635
455,2019132,1810,2019,132,18,10,NA,NA,T,NA,NA,NA,NA,20191321810
456,2019132,1935,2019,132,19,35,NA,NA,A,NA,NA,NA,NA,20191321935
457,2019132,1940,2019,132,19,40,NA,NA,A,NA,NA,NA,NA,20191321940
458,2019133,1720,2019,133,17,20,19.3375,-99.18296359,T,1.3465,1.006,0.1364,0,20191331720
459,2019133,2020,2019,133,20,20,NA,NA,A,NA,NA,NA,NA,20191332020
460,2019134,1620,2019,134,16,20,NA,NA,T,NA,NA,NA,NA,20191341620
461,2019134,1800,2019,134,18,0,19.3375,-99.18296359,T,1.07575,0.80325,0.0179,0,20191341800
462,2019134,1925,2019,134,19,25,19.3375,-99.18296359,A,1.95,1.457,0.0245,0,20191341925
463,2019134,2105,2019,134,21,5,NA,NA,A,NA,NA,NA,NA,20191342105
464,2019135,1705,2019,135,17,5,NA,NA,T,NA,NA,NA,NA,20191351705
465,2019135,2005,2019,135,20,5,NA,NA,A,NA,NA,NA,NA,20191352005
466,2019135,2010,2019,135,20,10,NA,NA,A,NA,NA,NA,NA,20191352010
467,2019136,1610,2019,136,16,10,NA,NA,T,NA,NA,NA,NA,20191361610
468,2019136,1750,2019,136,17,50,NA,NA,T,NA,NA,NA,NA,20191361750
469,2019136,1910,2019,136,19,10,NA,NA,A,NA,NA,NA,NA,20191361910
470,2019136,2050,2019,136,20,50,NA,NA,A,NA,NA,NA,NA,20191362050
471,2019136,2055,2019,136,20,55,NA,NA,A,NA,NA,NA,NA,20191362055
472,2019137,1655,2019,137,16,55,NA,NA,T,NA,NA,NA,NA,20191371655
473,2019137,1830,2019,137,18,30,NA,NA,T,NA,NA,NA,NA,20191371830
474,2019137,2000,2019,137,20,0,NA,NA,A,NA,NA,NA,NA,20191372000
475,2019138,1600,2019,138,16,0,NA,NA,T,NA,NA,NA,NA,20191381600
476,2019138,1735,2019,138,17,35,NA,NA,T,NA,NA,NA,NA,20191381735
477,2019138,1900,2019,138,19,0,NA,NA,A,NA,NA,NA,NA,20191381900
478,2019138,2040,2019,138,20,40,NA,NA,A,NA,NA,NA,NA,20191382040
479,2019139,1640,2019,139,16,40,19.3375,-99.18296359,T,0.4705,0.35175,0.0352,0,20191391640
480,2019139,1815,2019,139,18,15,NA,NA,T,NA,NA,NA,NA,20191391815
481,2019139,1940,2019,139,19,40,NA,NA,A,NA,NA,NA,NA,20191391940
482,2019139,1945,2019,139,19,45,NA,NA,A,NA,NA,NA,NA,20191391945
483,2019140,1725,2019,140,17,25,19.3375,-99.17413201,T,0.265,0.198,0.1256,0,20191401725
484,2019140,2025,2019,140,20,25,NA,NA,A,NA,NA,NA,NA,20191402025
485,2019140,2030,2019,140,20,30,NA,NA,A,NA,NA,NA,NA,20191402030
486,2019141,1630,2019,141,16,30,NA,NA,T,NA,NA,NA,NA,20191411630
487,2019141,1805,2019,141,18,5,NA,NA,T,NA,NA,NA,NA,20191411805
488,2019141,1935,2019,141,19,35,NA,NA,A,NA,NA,NA,NA,20191411935
489,2019141,2110,2019,141,21,10,NA,NA,A,NA,NA,NA,NA,20191412110
490,2019142,1710,2019,142,17,10,19.3375,-99.18296359,T,0.273,0.204,0.1455,0,20191421710
491,2019142,2015,2019,142,20,15,NA,NA,A,NA,NA,NA,NA,20191422015
492,2019143,1615,2019,143,16,15,NA,NA,T,NA,NA,NA,NA,20191431615
493,2019143,1755,2019,143,17,55,19.3375,-99.18296359,T,0.55175,0.41225,0.0267,0,20191431755
494,2019143,2055,2019,143,20,55,NA,NA,A,NA,NA,NA,NA,20191432055
495,2019143,2100,2019,143,21,0,NA,NA,A,NA,NA,NA,NA,20191432100
496,2019144,1700,2019,144,17,0,NA,NA,T,NA,NA,NA,NA,20191441700
497,2019144,2000,2019,144,20,0,NA,NA,A,NA,NA,NA,NA,20191442000
498,2019144,2005,2019,144,20,5,NA,NA,A,NA,NA,NA,NA,20191442005
499,2019145,1605,2019,145,16,5,NA,NA,T,NA,NA,NA,NA,20191451605
500,2019145,1740,2019,145,17,40,NA,NA,T,NA,NA,NA,NA,20191451740
501,2019145,1910,2019,145,19,10,NA,NA,A,NA,NA,NA,NA,20191451910
502,2019145,2045,2019,145,20,45,NA,NA,A,NA,NA,NA,NA,20191452045
503,2019146,1645,2019,146,16,45,NA,NA,T,NA,NA,NA,NA,20191461645
504,2019146,1825,2019,146,18,25,NA,NA,T,NA,NA,NA,NA,20191461825
505,2019146,1950,2019,146,19,50,NA,NA,A,NA,NA,NA,NA,20191461950
506,2019147,1730,2019,147,17,30,NA,NA,T,NA,NA,NA,NA,20191471730
507,2019147,2030,2019,147,20,30,NA,NA,A,NA,NA,NA,NA,20191472030
508,2019147,2035,2019,147,20,35,NA,NA,A,NA,NA,NA,NA,20191472035
509,2019148,1635,2019,148,16,35,NA,NA,T,NA,NA,NA,NA,20191481635
510,2019148,1810,2019,148,18,10,NA,NA,T,NA,NA,NA,NA,20191481810
511,2019148,1935,2019,148,19,35,NA,NA,A,NA,NA,NA,NA,20191481935
512,2019148,1940,2019,148,19,40,NA,NA,A,NA,NA,NA,NA,20191481940
513,2019149,1720,2019,149,17,20,NA,NA,T,NA,NA,NA,NA,20191491720
514,2019149,2020,2019,149,20,20,NA,NA,A,NA,NA,NA,NA,20191492020
515,2019150,1620,2019,150,16,20,NA,NA,T,NA,NA,NA,NA,20191501620
516,2019150,1800,2019,150,18,0,19.3375,-99.18296359,T,0.52225,0.39025,0.0181,0,20191501800
517,2019150,1925,2019,150,19,25,NA,NA,A,NA,NA,NA,NA,20191501925
518,2019150,2105,2019,150,21,5,NA,NA,A,NA,NA,NA,NA,20191502105
519,2019151,1705,2019,151,17,5,NA,NA,T,NA,NA,NA,NA,20191511705
520,2019151,2005,2019,151,20,5,NA,NA,A,NA,NA,NA,NA,20191512005
521,2019151,2010,2019,151,20,10,NA,NA,A,NA,NA,NA,NA,20191512010
522,2019152,1610,2019,152,16,10,NA,NA,T,NA,NA,NA,NA,20191521610
523,2019152,1750,2019,152,17,50,NA,NA,T,NA,NA,NA,NA,20191521750
524,2019152,1910,2019,152,19,10,NA,NA,A,NA,NA,NA,NA,20191521910
525,2019152,2050,2019,152,20,50,NA,NA,A,NA,NA,NA,NA,20191522050
526,2019152,2055,2019,152,20,55,NA,NA,A,NA,NA,NA,NA,20191522055
527,2019153,1655,2019,153,16,55,NA,NA,T,NA,NA,NA,NA,20191531655
528,2019153,1830,2019,153,18,30,NA,NA,T,NA,NA,NA,NA,20191531830
529,2019153,2000,2019,153,20,0,NA,NA,A,NA,NA,NA,NA,20191532000
530,2019154,1600,2019,154,16,0,NA,NA,T,NA,NA,NA,NA,20191541600
531,2019154,1735,2019,154,17,35,NA,NA,T,NA,NA,NA,NA,20191541735
532,2019154,1900,2019,154,19,0,NA,NA,A,NA,NA,NA,NA,20191541900
533,2019154,2040,2019,154,20,40,NA,NA,A,NA,NA,NA,NA,20191542040
534,2019155,1640,2019,155,16,40,NA,NA,T,NA,NA,NA,NA,20191551640
535,2019155,1815,2019,155,18,15,NA,NA,T,NA,NA,NA,NA,20191551815
536,2019155,1940,2019,155,19,40,NA,NA,A,NA,NA,NA,NA,20191551940
537,2019155,1945,2019,155,19,45,NA,NA,A,NA,NA,NA,NA,20191551945
538,2019156,1725,2019,156,17,25,NA,NA,T,NA,NA,NA,NA,20191561725
539,2019156,2025,2019,156,20,25,NA,NA,A,NA,NA,NA,NA,20191562025
540,2019156,2030,2019,156,20,30,NA,NA,A,NA,NA,NA,NA,20191562030
541,2019157,1630,2019,157,16,30,NA,NA,T,NA,NA,NA,NA,20191571630
542,2019157,1805,2019,157,18,5,NA,NA,T,NA,NA,NA,NA,20191571805
543,2019157,1935,2019,157,19,35,NA,NA,A,NA,NA,NA,NA,20191571935
544,2019157,2110,2019,157,21,10,NA,NA,A,NA,NA,NA,NA,20191572110
545,2019158,1710,2019,158,17,10,NA,NA,T,NA,NA,NA,NA,20191581710
546,2019158,2015,2019,158,20,15,NA,NA,A,NA,NA,NA,NA,20191582015
547,2019159,1615,2019,159,16,15,NA,NA,T,NA,NA,NA,NA,20191591615
548,2019159,1755,2019,159,17,55,NA,NA,T,NA,NA,NA,NA,20191591755
549,2019159,2055,2019,159,20,55,NA,NA,A,NA,NA,NA,NA,20191592055
550,2019159,2100,2019,159,21,0,NA,NA,A,NA,NA,NA,NA,20191592100
551,2019160,1700,2019,160,17,0,19.3375,-99.18296359,T,0.19075,0.14225,0.1249,0,20191601700
552,2019160,2000,2019,160,20,0,NA,NA,A,NA,NA,NA,NA,20191602000
553,2019160,2005,2019,160,20,5,19.3375,-99.18296359,A,0.06225,0.0465,0.2049,0,20191602005
554,2019161,1605,2019,161,16,5,NA,NA,T,NA,NA,NA,NA,20191611605
555,2019161,1740,2019,161,17,40,NA,NA,T,NA,NA,NA,NA,20191611740
556,2019161,1910,2019,161,19,10,NA,NA,A,NA,NA,NA,NA,20191611910
557,2019161,2045,2019,161,20,45,NA,NA,A,NA,NA,NA,NA,20191612045
558,2019162,1645,2019,162,16,45,NA,NA,T,NA,NA,NA,NA,20191621645
559,2019162,1825,2019,162,18,25,NA,NA,T,NA,NA,NA,NA,20191621825
560,2019162,1950,2019,162,19,50,NA,NA,A,NA,NA,NA,NA,20191621950
561,2019163,1730,2019,163,17,30,NA,NA,T,NA,NA,NA,NA,20191631730
562,2019163,2030,2019,163,20,30,NA,NA,A,NA,NA,NA,NA,20191632030
563,2019163,2035,2019,163,20,35,NA,NA,A,NA,NA,NA,NA,20191632035
564,2019164,1635,2019,164,16,35,NA,NA,T,NA,NA,NA,NA,20191641635
565,2019164,1810,2019,164,18,10,NA,NA,T,NA,NA,NA,NA,20191641810
566,2019164,1935,2019,164,19,35,NA,NA,A,NA,NA,NA,NA,20191641935
567,2019164,1940,2019,164,19,40,NA,NA,A,NA,NA,NA,NA,20191641940
568,2019165,1720,2019,165,17,20,NA,NA,T,NA,NA,NA,NA,20191651720
569,2019165,2020,2019,165,20,20,NA,NA,A,NA,NA,NA,NA,20191652020
570,2019166,1620,2019,166,16,20,NA,NA,T,NA,NA,NA,NA,20191661620
571,2019166,1800,2019,166,18,0,NA,NA,T,NA,NA,NA,NA,20191661800
572,2019166,1925,2019,166,19,25,NA,NA,A,NA,NA,NA,NA,20191661925
573,2019166,2105,2019,166,21,5,NA,NA,A,NA,NA,NA,NA,20191662105
574,2019167,1705,2019,167,17,5,NA,NA,T,NA,NA,NA,NA,20191671705
575,2019167,2005,2019,167,20,5,NA,NA,A,NA,NA,NA,NA,20191672005
576,2019167,2010,2019,167,20,10,NA,NA,A,NA,NA,NA,NA,20191672010
577,2019168,1610,2019,168,16,10,NA,NA,T,NA,NA,NA,NA,20191681610
578,2019168,1750,2019,168,17,50,19.3375,-99.18296359,T,0.287,0.2145,0.0304,0,20191681750
579,2019168,1910,2019,168,19,10,NA,NA,A,NA,NA,NA,NA,20191681910
580,2019168,1915,2019,168,19,15,19.3375,-99.18296359,A,0.49475,0.36975,0.0151,0,20191681915
581,2019168,2055,2019,168,20,55,NA,NA,A,NA,NA,NA,NA,20191682055
582,2019169,1655,2019,169,16,55,NA,NA,T,NA,NA,NA,NA,20191691655
583,2019169,1830,2019,169,18,30,NA,NA,T,NA,NA,NA,NA,20191691830
584,2019169,2000,2019,169,20,0,NA,NA,A,NA,NA,NA,NA,20191692000
585,2019170,1600,2019,170,16,0,NA,NA,T,NA,NA,NA,NA,20191701600
586,2019170,1735,2019,170,17,35,NA,NA,T,NA,NA,NA,NA,20191701735
587,2019170,2035,2019,170,20,35,NA,NA,A,NA,NA,NA,NA,20191702035
588,2019170,2040,2019,170,20,40,NA,NA,A,NA,NA,NA,NA,20191702040
589,2019171,1640,2019,171,16,40,NA,NA,T,NA,NA,NA,NA,20191711640
590,2019171,1815,2019,171,18,15,NA,NA,T,NA,NA,NA,NA,20191711815
591,2019171,1940,2019,171,19,40,NA,NA,A,NA,NA,NA,NA,20191711940
592,2019171,1945,2019,171,19,45,NA,NA,A,NA,NA,NA,NA,20191711945
593,2019172,1725,2019,172,17,25,NA,NA,T,NA,NA,NA,NA,20191721725
594,2019172,2025,2019,172,20,25,NA,NA,A,NA,NA,NA,NA,20191722025
595,2019172,2030,2019,172,20,30,NA,NA,A,NA,NA,NA,NA,20191722030
596,2019173,1630,2019,173,16,30,NA,NA,T,NA,NA,NA,NA,20191731630
597,2019173,1805,2019,173,18,5,NA,NA,T,NA,NA,NA,NA,20191731805
598,2019173,1935,2019,173,19,35,NA,NA,A,NA,NA,NA,NA,20191731935
599,2019173,2110,2019,173,21,10,NA,NA,A,NA,NA,NA,NA,20191732110
600,2019174,1710,2019,174,17,10,NA,NA,T,NA,NA,NA,NA,20191741710
601,2019174,2015,2019,174,20,15,NA,NA,A,NA,NA,NA,NA,20191742015
602,2019175,1615,2019,175,16,15,NA,NA,T,NA,NA,NA,NA,20191751615
603,2019175,1755,2019,175,17,55,NA,NA,T,NA,NA,NA,NA,20191751755
604,2019175,2055,2019,175,20,55,NA,NA,A,NA,NA,NA,NA,20191752055
605,2019175,2100,2019,175,21,0,NA,NA,A,NA,NA,NA,NA,20191752100
606,2019176,1700,2019,176,17,0,NA,NA,T,NA,NA,NA,NA,20191761700
607,2019176,2000,2019,176,20,0,NA,NA,A,NA,NA,NA,NA,20191762000
608,2019176,2005,2019,176,20,5,NA,NA,A,NA,NA,NA,NA,20191762005
609,2019177,1605,2019,177,16,5,NA,NA,T,NA,NA,NA,NA,20191771605
610,2019177,1740,2019,177,17,40,NA,NA,T,NA,NA,NA,NA,20191771740
611,2019177,1910,2019,177,19,10,NA,NA,A,NA,NA,NA,NA,20191771910
612,2019177,2045,2019,177,20,45,NA,NA,A,NA,NA,NA,NA,20191772045
613,2019178,1825,2019,178,18,25,NA,NA,T,NA,NA,NA,NA,20191781825
614,2019178,1950,2019,178,19,50,NA,NA,A,NA,NA,NA,NA,20191781950
615,2019179,1730,2019,179,17,30,NA,NA,T,NA,NA,NA,NA,20191791730
616,2019179,2030,2019,179,20,30,NA,NA,A,NA,NA,NA,NA,20191792030
617,2019179,2035,2019,179,20,35,NA,NA,A,NA,NA,NA,NA,20191792035
618,2019180,1635,2019,180,16,35,NA,NA,T,NA,NA,NA,NA,20191801635
619,2019180,1810,2019,180,18,10,NA,NA,T,NA,NA,NA,NA,20191801810
620,2019180,1935,2019,180,19,35,NA,NA,A,NA,NA,NA,NA,20191801935
621,2019180,1940,2019,180,19,40,NA,NA,A,NA,NA,NA,NA,20191801940
622,2019181,1715,2019,181,17,15,NA,NA,T,NA,NA,NA,NA,20191811715
623,2019181,2020,2019,181,20,20,NA,NA,A,NA,NA,NA,NA,20191812020
624,2019182,1620,2019,182,16,20,NA,NA,T,NA,NA,NA,NA,20191821620
625,2019182,1800,2019,182,18,0,NA,NA,T,NA,NA,NA,NA,20191821800
626,2019182,1925,2019,182,19,25,NA,NA,A,NA,NA,NA,NA,20191821925
627,2019182,2105,2019,182,21,5,NA,NA,A,NA,NA,NA,NA,20191822105
628,2019183,1705,2019,183,17,5,NA,NA,T,NA,NA,NA,NA,20191831705
629,2019183,2005,2019,183,20,5,NA,NA,A,NA,NA,NA,NA,20191832005
630,2019183,2010,2019,183,20,10,NA,NA,A,NA,NA,NA,NA,20191832010
631,2019184,1610,2019,184,16,10,NA,NA,T,NA,NA,NA,NA,20191841610
632,2019184,1750,2019,184,17,50,NA,NA,T,NA,NA,NA,NA,20191841750
633,2019184,1910,2019,184,19,10,NA,NA,A,NA,NA,NA,NA,20191841910
634,2019184,1915,2019,184,19,15,NA,NA,A,NA,NA,NA,NA,20191841915
635,2019184,2055,2019,184,20,55,NA,NA,A,NA,NA,NA,NA,20191842055
636,2019185,1655,2019,185,16,55,NA,NA,T,NA,NA,NA,NA,20191851655
637,2019185,1830,2019,185,18,30,NA,NA,T,NA,NA,NA,NA,20191851830
638,2019185,2000,2019,185,20,0,NA,NA,A,NA,NA,NA,NA,20191852000
639,2019186,1555,2019,186,15,55,NA,NA,T,NA,NA,NA,NA,20191861555
640,2019186,1735,2019,186,17,35,NA,NA,T,NA,NA,NA,NA,20191861735
641,2019186,2035,2019,186,20,35,NA,NA,A,NA,NA,NA,NA,20191862035
642,2019186,2040,2019,186,20,40,NA,NA,A,NA,NA,NA,NA,20191862040
643,2019187,1640,2019,187,16,40,NA,NA,T,NA,NA,NA,NA,20191871640
644,2019187,1815,2019,187,18,15,NA,NA,T,NA,NA,NA,NA,20191871815
645,2019187,1940,2019,187,19,40,NA,NA,A,NA,NA,NA,NA,20191871940
646,2019187,1945,2019,187,19,45,NA,NA,A,NA,NA,NA,NA,20191871945
647,2019188,1725,2019,188,17,25,NA,NA,T,NA,NA,NA,NA,20191881725
648,2019188,2025,2019,188,20,25,NA,NA,A,NA,NA,NA,NA,20191882025
649,2019188,2030,2019,188,20,30,NA,NA,A,NA,NA,NA,NA,20191882030
650,2019189,1630,2019,189,16,30,NA,NA,T,NA,NA,NA,NA,20191891630
651,2019189,1805,2019,189,18,5,NA,NA,T,NA,NA,NA,NA,20191891805
652,2019189,1935,2019,189,19,35,NA,NA,A,NA,NA,NA,NA,20191891935
653,2019189,2110,2019,189,21,10,NA,NA,A,NA,NA,NA,NA,20191892110
654,2019190,1710,2019,190,17,10,19.3375,-99.18296359,T,0.38925,0.29075,0.1626,0,20191901710
655,2019190,2015,2019,190,20,15,NA,NA,A,NA,NA,NA,NA,20191902015
656,2019191,1615,2019,191,16,15,NA,NA,T,NA,NA,NA,NA,20191911615
657,2019191,1755,2019,191,17,55,NA,NA,T,NA,NA,NA,NA,20191911755
658,2019191,2055,2019,191,20,55,NA,NA,A,NA,NA,NA,NA,20191912055
659,2019191,2100,2019,191,21,0,NA,NA,A,NA,NA,NA,NA,20191912100
660,2019192,1700,2019,192,17,0,NA,NA,T,NA,NA,NA,NA,20191921700
661,2019192,2000,2019,192,20,0,NA,NA,A,NA,NA,NA,NA,20191922000
662,2019192,2005,2019,192,20,5,NA,NA,A,NA,NA,NA,NA,20191922005
663,2019193,1605,2019,193,16,5,NA,NA,T,NA,NA,NA,NA,20191931605
664,2019193,1740,2019,193,17,40,NA,NA,T,NA,NA,NA,NA,20191931740
665,2019193,1910,2019,193,19,10,NA,NA,A,NA,NA,NA,NA,20191931910
666,2019193,2045,2019,193,20,45,NA,NA,A,NA,NA,NA,NA,20191932045
667,2019194,1645,2019,194,16,45,NA,NA,T,NA,NA,NA,NA,20191941645
668,2019194,1825,2019,194,18,25,NA,NA,T,NA,NA,NA,NA,20191941825
669,2019194,1950,2019,194,19,50,NA,NA,A,NA,NA,NA,NA,20191941950
670,2019195,1730,2019,195,17,30,NA,NA,T,NA,NA,NA,NA,20191951730
671,2019195,2030,2019,195,20,30,NA,NA,A,NA,NA,NA,NA,20191952030
672,2019195,2035,2019,195,20,35,NA,NA,A,NA,NA,NA,NA,20191952035
673,2019196,1635,2019,196,16,35,NA,NA,T,NA,NA,NA,NA,20191961635
674,2019196,1810,2019,196,18,10,NA,NA,T,NA,NA,NA,NA,20191961810
675,2019196,1935,2019,196,19,35,NA,NA,A,NA,NA,NA,NA,20191961935
676,2019196,1940,2019,196,19,40,NA,NA,A,NA,NA,NA,NA,20191961940
677,2019197,1715,2019,197,17,15,NA,NA,T,NA,NA,NA,NA,20191971715
678,2019197,2020,2019,197,20,20,NA,NA,A,NA,NA,NA,NA,20191972020
679,2019198,1620,2019,198,16,20,NA,NA,T,NA,NA,NA,NA,20191981620
680,2019198,1800,2019,198,18,0,NA,NA,T,NA,NA,NA,NA,20191981800
681,2019198,1925,2019,198,19,25,NA,NA,A,NA,NA,NA,NA,20191981925
682,2019198,2105,2019,198,21,5,NA,NA,A,NA,NA,NA,NA,20191982105
683,2019199,1705,2019,199,17,5,NA,NA,T,NA,NA,NA,NA,20191991705
684,2019199,2005,2019,199,20,5,NA,NA,A,NA,NA,NA,NA,20191992005
685,2019199,2010,2019,199,20,10,NA,NA,A,NA,NA,NA,NA,20191992010
686,2019200,1610,2019,200,16,10,NA,NA,T,NA,NA,NA,NA,20192001610
687,2019200,1750,2019,200,17,50,NA,NA,T,NA,NA,NA,NA,20192001750
688,2019200,1910,2019,200,19,10,NA,NA,A,NA,NA,NA,NA,20192001910
689,2019200,1915,2019,200,19,15,NA,NA,A,NA,NA,NA,NA,20192001915
690,2019200,2055,2019,200,20,55,NA,NA,A,NA,NA,NA,NA,20192002055
691,2019201,1655,2019,201,16,55,NA,NA,T,NA,NA,NA,NA,20192011655
692,2019201,1830,2019,201,18,30,NA,NA,T,NA,NA,NA,NA,20192011830
693,2019201,2000,2019,201,20,0,NA,NA,A,NA,NA,NA,NA,20192012000
694,2019202,1555,2019,202,15,55,NA,NA,T,NA,NA,NA,NA,20192021555
695,2019202,1735,2019,202,17,35,19.3375,-99.18296359,T,0.39625,0.296,0.0531,0,20192021735
696,2019202,2035,2019,202,20,35,NA,NA,A,NA,NA,NA,NA,20192022035
697,2019202,2040,2019,202,20,40,NA,NA,A,NA,NA,NA,NA,20192022040
698,2019203,1640,2019,203,16,40,NA,NA,T,NA,NA,NA,NA,20192031640
699,2019203,1815,2019,203,18,15,NA,NA,T,NA,NA,NA,NA,20192031815
700,2019203,1940,2019,203,19,40,NA,NA,A,NA,NA,NA,NA,20192031940
701,2019203,1945,2019,203,19,45,NA,NA,A,NA,NA,NA,NA,20192031945
702,2019204,1725,2019,204,17,25,NA,NA,T,NA,NA,NA,NA,20192041725
703,2019204,2025,2019,204,20,25,NA,NA,A,NA,NA,NA,NA,20192042025
704,2019204,2030,2019,204,20,30,NA,NA,A,NA,NA,NA,NA,20192042030
705,2019205,1630,2019,205,16,30,NA,NA,T,NA,NA,NA,NA,20192051630
706,2019205,1805,2019,205,18,5,NA,NA,T,NA,NA,NA,NA,20192051805
707,2019205,1935,2019,205,19,35,NA,NA,A,NA,NA,NA,NA,20192051935
708,2019205,2110,2019,205,21,10,NA,NA,A,NA,NA,NA,NA,20192052110
709,2019206,1710,2019,206,17,10,NA,NA,T,NA,NA,NA,NA,20192061710
710,2019206,2015,2019,206,20,15,NA,NA,A,NA,NA,NA,NA,20192062015
711,2019207,1615,2019,207,16,15,NA,NA,T,NA,NA,NA,NA,20192071615
712,2019207,1755,2019,207,17,55,NA,NA,T,NA,NA,NA,NA,20192071755
713,2019207,2055,2019,207,20,55,NA,NA,A,NA,NA,NA,NA,20192072055
714,2019207,2100,2019,207,21,0,NA,NA,A,NA,NA,NA,NA,20192072100
715,2019208,1700,2019,208,17,0,19.3375,-99.18296359,T,0.32725,0.24425,0.0969,0,20192081700
716,2019208,2000,2019,208,20,0,NA,NA,A,NA,NA,NA,NA,20192082000
717,2019208,2005,2019,208,20,5,NA,NA,A,NA,NA,NA,NA,20192082005
718,2019209,1605,2019,209,16,5,NA,NA,T,NA,NA,NA,NA,20192091605
719,2019209,1740,2019,209,17,40,19.3375,-99.18296359,T,0.23675,0.1765,0.0436,0,20192091740
720,2019209,1910,2019,209,19,10,NA,NA,A,NA,NA,NA,NA,20192091910
721,2019209,2045,2019,209,20,45,NA,NA,A,NA,NA,NA,NA,20192092045
722,2019210,1645,2019,210,16,45,19.3375,-99.18296359,T,0.368,0.2745,0.0391,0,20192101645
723,2019210,1825,2019,210,18,25,NA,NA,T,NA,NA,NA,NA,20192101825
724,2019210,1950,2019,210,19,50,NA,NA,A,NA,NA,NA,NA,20192101950
725,2019211,1730,2019,211,17,30,NA,NA,T,NA,NA,NA,NA,20192111730
726,2019211,2030,2019,211,20,30,NA,NA,A,NA,NA,NA,NA,20192112030
727,2019211,2035,2019,211,20,35,NA,NA,A,NA,NA,NA,NA,20192112035
728,2019212,1635,2019,212,16,35,NA,NA,T,NA,NA,NA,NA,20192121635
729,2019212,1810,2019,212,18,10,NA,NA,T,NA,NA,NA,NA,20192121810
730,2019212,1935,2019,212,19,35,NA,NA,A,NA,NA,NA,NA,20192121935
731,2019212,1940,2019,212,19,40,NA,NA,A,NA,NA,NA,NA,20192121940
732,2019213,1715,2019,213,17,15,19.3375,-99.18296359,T,0.18933,0.14167,0.1227,0,20192131715
733,2019213,2020,2019,213,20,20,19.3375,-99.17413201,A,0.511,0.382,0.0824,0,20192132020
734,2019214,1620,2019,214,16,20,NA,NA,T,NA,NA,NA,NA,20192141620
735,2019214,1800,2019,214,18,0,19.3375,-99.18296359,T,0.457,0.3415,0.0168,0,20192141800
736,2019214,1925,2019,214,19,25,NA,NA,A,NA,NA,NA,NA,20192141925
737,2019214,2105,2019,214,21,5,NA,NA,A,NA,NA,NA,NA,20192142105
738,2019215,1705,2019,215,17,5,19.3375,-99.18296359,T,0.048,0.03575,0.1283,0,20192151705
739,2019215,2005,2019,215,20,5,NA,NA,A,NA,NA,NA,NA,20192152005
740,2019215,2010,2019,215,20,10,NA,NA,A,NA,NA,NA,NA,20192152010
741,2019216,1610,2019,216,16,10,NA,NA,T,NA,NA,NA,NA,20192161610
742,2019216,1750,2019,216,17,50,NA,NA,T,NA,NA,NA,NA,20192161750
743,2019216,1910,2019,216,19,10,NA,NA,A,NA,NA,NA,NA,20192161910
744,2019216,1915,2019,216,19,15,NA,NA,A,NA,NA,NA,NA,20192161915
745,2019216,2055,2019,216,20,55,NA,NA,A,NA,NA,NA,NA,20192162055
746,2019217,1655,2019,217,16,55,NA,NA,T,NA,NA,NA,NA,20192171655
747,2019217,1830,2019,217,18,30,NA,NA,T,NA,NA,NA,NA,20192171830
748,2019217,2000,2019,217,20,0,NA,NA,A,NA,NA,NA,NA,20192172000
749,2019218,1555,2019,218,15,55,NA,NA,T,NA,NA,NA,NA,20192181555
750,2019218,1735,2019,218,17,35,NA,NA,T,NA,NA,NA,NA,20192181735
751,2019218,2035,2019,218,20,35,NA,NA,A,NA,NA,NA,NA,20192182035
752,2019218,2040,2019,218,20,40,NA,NA,A,NA,NA,NA,NA,20192182040
753,2019219,1640,2019,219,16,40,NA,NA,T,NA,NA,NA,NA,20192191640
754,2019219,1815,2019,219,18,15,NA,NA,T,NA,NA,NA,NA,20192191815
755,2019219,1940,2019,219,19,40,NA,NA,A,NA,NA,NA,NA,20192191940
756,2019219,1945,2019,219,19,45,NA,NA,A,NA,NA,NA,NA,20192191945
757,2019220,1725,2019,220,17,25,NA,NA,T,NA,NA,NA,NA,20192201725
758,2019220,2025,2019,220,20,25,NA,NA,A,NA,NA,NA,NA,20192202025
759,2019220,2030,2019,220,20,30,19.3375,-99.18296359,A,0.37033,0.27667,0.0527,0,20192202030
760,2019221,1630,2019,221,16,30,NA,NA,T,NA,NA,NA,NA,20192211630
761,2019221,1805,2019,221,18,5,NA,NA,T,NA,NA,NA,NA,20192211805
762,2019221,1935,2019,221,19,35,NA,NA,A,NA,NA,NA,NA,20192211935
763,2019221,2110,2019,221,21,10,NA,NA,A,NA,NA,NA,NA,20192212110
764,2019222,1710,2019,222,17,10,NA,NA,T,NA,NA,NA,NA,20192221710
765,2019222,2015,2019,222,20,15,NA,NA,A,NA,NA,NA,NA,20192222015
766,2019223,1615,2019,223,16,15,NA,NA,T,NA,NA,NA,NA,20192231615
767,2019223,1755,2019,223,17,55,NA,NA,T,NA,NA,NA,NA,20192231755
768,2019223,1915,2019,223,19,15,NA,NA,A,NA,NA,NA,NA,20192231915
769,2019223,2055,2019,223,20,55,NA,NA,A,NA,NA,NA,NA,20192232055
770,2019223,2100,2019,223,21,0,NA,NA,A,NA,NA,NA,NA,20192232100
771,2019224,1700,2019,224,17,0,NA,NA,T,NA,NA,NA,NA,20192241700
772,2019224,2000,2019,224,20,0,NA,NA,A,NA,NA,NA,NA,20192242000
773,2019224,2005,2019,224,20,5,NA,NA,A,NA,NA,NA,NA,20192242005
774,2019225,1605,2019,225,16,5,NA,NA,T,NA,NA,NA,NA,20192251605
775,2019225,1740,2019,225,17,40,NA,NA,T,NA,NA,NA,NA,20192251740
776,2019225,1910,2019,225,19,10,NA,NA,A,NA,NA,NA,NA,20192251910
777,2019225,2045,2019,225,20,45,NA,NA,A,NA,NA,NA,NA,20192252045
778,2019226,1645,2019,226,16,45,19.3375,-99.18296359,T,0.2645,0.1975,0.0448,0,20192261645
779,2019226,1825,2019,226,18,25,NA,NA,T,NA,NA,NA,NA,20192261825
780,2019226,1950,2019,226,19,50,NA,NA,A,NA,NA,NA,NA,20192261950
781,2019227,1730,2019,227,17,30,19.3375,-99.18296359,T,0.12475,0.093,0.1037,0,20192271730
782,2019227,2030,2019,227,20,30,NA,NA,A,NA,NA,NA,NA,20192272030
783,2019227,2035,2019,227,20,35,NA,NA,A,NA,NA,NA,NA,20192272035
784,2019228,1635,2019,228,16,35,19.3375,-99.18296359,T,0.20725,0.15475,0.0197,0,20192281635
785,2019228,1810,2019,228,18,10,NA,NA,T,NA,NA,NA,NA,20192281810
786,2019228,1935,2019,228,19,35,NA,NA,A,NA,NA,NA,NA,20192281935
787,2019228,1940,2019,228,19,40,19.3375,-99.18296359,A,0.3995,0.29825,0.0588,0,20192281940
788,2019229,1715,2019,229,17,15,NA,NA,T,NA,NA,NA,NA,20192291715
789,2019229,2020,2019,229,20,20,NA,NA,A,NA,NA,NA,NA,20192292020
790,2019230,1620,2019,230,16,20,NA,NA,T,NA,NA,NA,NA,20192301620
791,2019230,1800,2019,230,18,0,NA,NA,T,NA,NA,NA,NA,20192301800
792,2019230,1925,2019,230,19,25,NA,NA,A,NA,NA,NA,NA,20192301925
793,2019230,2105,2019,230,21,5,NA,NA,A,NA,NA,NA,NA,20192302105
794,2019231,1705,2019,231,17,5,NA,NA,T,NA,NA,NA,NA,20192311705
795,2019231,2005,2019,231,20,5,NA,NA,A,NA,NA,NA,NA,20192312005
796,2019231,2010,2019,231,20,10,NA,NA,A,NA,NA,NA,NA,20192312010
797,2019232,1610,2019,232,16,10,NA,NA,T,NA,NA,NA,NA,20192321610
798,2019232,1750,2019,232,17,50,NA,NA,T,NA,NA,NA,NA,20192321750
799,2019232,1910,2019,232,19,10,NA,NA,A,NA,NA,NA,NA,20192321910
800,2019232,1915,2019,232,19,15,NA,NA,A,NA,NA,NA,NA,20192321915
801,2019232,2055,2019,232,20,55,NA,NA,A,NA,NA,NA,NA,20192322055
802,2019233,1655,2019,233,16,55,19.3375,-99.18296359,T,0.25575,0.19075,0.0764,0,20192331655
803,2019233,1830,2019,233,18,30,NA,NA,T,NA,NA,NA,NA,20192331830
804,2019233,1955,2019,233,19,55,NA,NA,A,NA,NA,NA,NA,20192331955
805,2019234,1555,2019,234,15,55,NA,NA,T,NA,NA,NA,NA,20192341555
806,2019234,1735,2019,234,17,35,NA,NA,T,NA,NA,NA,NA,20192341735
807,2019234,2035,2019,234,20,35,NA,NA,A,NA,NA,NA,NA,20192342035
808,2019234,2040,2019,234,20,40,NA,NA,A,NA,NA,NA,NA,20192342040
809,2019235,1640,2019,235,16,40,NA,NA,T,NA,NA,NA,NA,20192351640
810,2019235,1815,2019,235,18,15,NA,NA,T,NA,NA,NA,NA,20192351815
811,2019235,1940,2019,235,19,40,NA,NA,A,NA,NA,NA,NA,20192351940
812,2019235,1945,2019,235,19,45,NA,NA,A,NA,NA,NA,NA,20192351945
813,2019236,1725,2019,236,17,25,19.3375,-99.17413201,T,0.267,0.199,0.1118,0,20192361725
814,2019236,2025,2019,236,20,25,NA,NA,A,NA,NA,NA,NA,20192362025
815,2019236,2030,2019,236,20,30,NA,NA,A,NA,NA,NA,NA,20192362030
816,2019237,1630,2019,237,16,30,NA,NA,T,NA,NA,NA,NA,20192371630
817,2019237,1805,2019,237,18,5,NA,NA,T,NA,NA,NA,NA,20192371805
818,2019237,1935,2019,237,19,35,NA,NA,A,NA,NA,NA,NA,20192371935
819,2019237,2110,2019,237,21,10,NA,NA,A,NA,NA,NA,NA,20192372110
820,2019238,1710,2019,238,17,10,NA,NA,T,NA,NA,NA,NA,20192381710
821,2019238,2015,2019,238,20,15,NA,NA,A,NA,NA,NA,NA,20192382015
822,2019239,1615,2019,239,16,15,NA,NA,T,NA,NA,NA,NA,20192391615
823,2019239,1755,2019,239,17,55,NA,NA,T,NA,NA,NA,NA,20192391755
824,2019239,1915,2019,239,19,15,NA,NA,A,NA,NA,NA,NA,20192391915
825,2019239,2055,2019,239,20,55,NA,NA,A,NA,NA,NA,NA,20192392055
826,2019239,2100,2019,239,21,0,NA,NA,A,NA,NA,NA,NA,20192392100
827,2019240,1700,2019,240,17,0,NA,NA,T,NA,NA,NA,NA,20192401700
828,2019240,2000,2019,240,20,0,NA,NA,A,NA,NA,NA,NA,20192402000
829,2019240,2005,2019,240,20,5,NA,NA,A,NA,NA,NA,NA,20192402005
830,2019241,1605,2019,241,16,5,NA,NA,T,NA,NA,NA,NA,20192411605
831,2019241,1740,2019,241,17,40,19.3375,-99.18296359,T,0.33775,0.25225,0.0392,0,20192411740
832,2019241,1910,2019,241,19,10,NA,NA,A,NA,NA,NA,NA,20192411910
833,2019241,2045,2019,241,20,45,NA,NA,A,NA,NA,NA,NA,20192412045
834,2019242,1645,2019,242,16,45,19.3375,-99.18296359,T,0.16625,0.124,0.047,0,20192421645
835,2019242,1825,2019,242,18,25,NA,NA,T,NA,NA,NA,NA,20192421825
836,2019242,1950,2019,242,19,50,NA,NA,A,NA,NA,NA,NA,20192421950
837,2019243,1730,2019,243,17,30,19.3375,-99.18296359,T,0.13275,0.099,0.0797,0,20192431730
838,2019243,2030,2019,243,20,30,NA,NA,A,NA,NA,NA,NA,20192432030
839,2019243,2035,2019,243,20,35,19.3375,-99.18296359,A,0.27025,0.20175,0.0433,0,20192432035
840,2019244,1635,2019,244,16,35,19.3375,-99.18296359,T,0.18925,0.1415,0.0274,0,20192441635
841,2019244,1810,2019,244,18,10,NA,NA,T,NA,NA,NA,NA,20192441810
842,2019244,1935,2019,244,19,35,NA,NA,A,NA,NA,NA,NA,20192441935
843,2019244,1940,2019,244,19,40,19.3375,-99.18296359,A,0.3715,0.2775,0.0475,0,20192441940
844,2019245,1715,2019,245,17,15,NA,NA,T,NA,NA,NA,NA,20192451715
845,2019245,2020,2019,245,20,20,NA,NA,A,NA,NA,NA,NA,20192452020
846,2019246,1620,2019,246,16,20,NA,NA,T,NA,NA,NA,NA,20192461620
847,2019246,1800,2019,246,18,0,NA,NA,T,NA,NA,NA,NA,20192461800
848,2019246,1925,2019,246,19,25,NA,NA,A,NA,NA,NA,NA,20192461925
849,2019246,2105,2019,246,21,5,NA,NA,A,NA,NA,NA,NA,20192462105
850,2019247,1705,2019,247,17,5,NA,NA,T,NA,NA,NA,NA,20192471705
851,2019247,2005,2019,247,20,5,NA,NA,A,NA,NA,NA,NA,20192472005
852,2019247,2010,2019,247,20,10,NA,NA,A,NA,NA,NA,NA,20192472010
853,2019248,1610,2019,248,16,10,NA,NA,T,NA,NA,NA,NA,20192481610
854,2019248,1750,2019,248,17,50,NA,NA,T,NA,NA,NA,NA,20192481750
855,2019248,1910,2019,248,19,10,NA,NA,A,NA,NA,NA,NA,20192481910
856,2019248,1915,2019,248,19,15,NA,NA,A,NA,NA,NA,NA,20192481915
857,2019248,2055,2019,248,20,55,NA,NA,A,NA,NA,NA,NA,20192482055
858,2019249,1655,2019,249,16,55,NA,NA,T,NA,NA,NA,NA,20192491655
859,2019249,1830,2019,249,18,30,NA,NA,T,NA,NA,NA,NA,20192491830
860,2019249,1955,2019,249,19,55,NA,NA,A,NA,NA,NA,NA,20192491955
861,2019250,1555,2019,250,15,55,NA,NA,T,NA,NA,NA,NA,20192501555
862,2019250,1735,2019,250,17,35,NA,NA,T,NA,NA,NA,NA,20192501735
863,2019250,2035,2019,250,20,35,NA,NA,A,NA,NA,NA,NA,20192502035
864,2019250,2040,2019,250,20,40,NA,NA,A,NA,NA,NA,NA,20192502040
865,2019251,1640,2019,251,16,40,19.3375,-99.18296359,T,0.4405,0.32875,0.0359,0,20192511640
866,2019251,1815,2019,251,18,15,NA,NA,T,NA,NA,NA,NA,20192511815
867,2019251,1940,2019,251,19,40,NA,NA,A,NA,NA,NA,NA,20192511940
868,2019251,1945,2019,251,19,45,NA,NA,A,NA,NA,NA,NA,20192511945
869,2019252,1725,2019,252,17,25,NA,NA,T,NA,NA,NA,NA,20192521725
870,2019252,2025,2019,252,20,25,NA,NA,A,NA,NA,NA,NA,20192522025
871,2019252,2030,2019,252,20,30,NA,NA,A,NA,NA,NA,NA,20192522030
872,2019253,1630,2019,253,16,30,NA,NA,T,NA,NA,NA,NA,20192531630
873,2019253,1805,2019,253,18,5,NA,NA,T,NA,NA,NA,NA,20192531805
874,2019253,1935,2019,253,19,35,NA,NA,A,NA,NA,NA,NA,20192531935
875,2019253,2110,2019,253,21,10,NA,NA,A,NA,NA,NA,NA,20192532110
876,2019254,1710,2019,254,17,10,NA,NA,T,NA,NA,NA,NA,20192541710
877,2019254,2015,2019,254,20,15,NA,NA,A,NA,NA,NA,NA,20192542015
878,2019255,1755,2019,255,17,55,NA,NA,T,NA,NA,NA,NA,20192551755
879,2019255,1915,2019,255,19,15,NA,NA,A,NA,NA,NA,NA,20192551915
880,2019255,2055,2019,255,20,55,NA,NA,A,NA,NA,NA,NA,20192552055
881,2019255,2100,2019,255,21,0,NA,NA,A,NA,NA,NA,NA,20192552100
882,2019256,1700,2019,256,17,0,NA,NA,T,NA,NA,NA,NA,20192561700
883,2019256,2000,2019,256,20,0,NA,NA,A,NA,NA,NA,NA,20192562000
884,2019256,2005,2019,256,20,5,NA,NA,A,NA,NA,NA,NA,20192562005
885,2019257,1605,2019,257,16,5,NA,NA,T,NA,NA,NA,NA,20192571605
886,2019257,1740,2019,257,17,40,NA,NA,T,NA,NA,NA,NA,20192571740
887,2019257,1910,2019,257,19,10,NA,NA,A,NA,NA,NA,NA,20192571910
888,2019257,2045,2019,257,20,45,NA,NA,A,NA,NA,NA,NA,20192572045
889,2019258,1645,2019,258,16,45,NA,NA,T,NA,NA,NA,NA,20192581645
890,2019258,1820,2019,258,18,20,NA,NA,T,NA,NA,NA,NA,20192581820
891,2019258,1950,2019,258,19,50,NA,NA,A,NA,NA,NA,NA,20192581950
892,2019259,1730,2019,259,17,30,NA,NA,T,NA,NA,NA,NA,20192591730
893,2019259,2030,2019,259,20,30,NA,NA,A,NA,NA,NA,NA,20192592030
894,2019259,2035,2019,259,20,35,NA,NA,A,NA,NA,NA,NA,20192592035
895,2019260,1635,2019,260,16,35,NA,NA,T,NA,NA,NA,NA,20192601635
896,2019260,1810,2019,260,18,10,NA,NA,T,NA,NA,NA,NA,20192601810
897,2019260,1935,2019,260,19,35,NA,NA,A,NA,NA,NA,NA,20192601935
898,2019260,1940,2019,260,19,40,NA,NA,A,NA,NA,NA,NA,20192601940
899,2019261,1715,2019,261,17,15,NA,NA,T,NA,NA,NA,NA,20192611715
900,2019261,2020,2019,261,20,20,NA,NA,A,NA,NA,NA,NA,20192612020
901,2019262,1620,2019,262,16,20,NA,NA,T,NA,NA,NA,NA,20192621620
902,2019262,1800,2019,262,18,0,NA,NA,T,NA,NA,NA,NA,20192621800
903,2019262,1925,2019,262,19,25,NA,NA,A,NA,NA,NA,NA,20192621925
904,2019262,2105,2019,262,21,5,NA,NA,A,NA,NA,NA,NA,20192622105
905,2019263,1705,2019,263,17,5,NA,NA,T,NA,NA,NA,NA,20192631705
906,2019263,2005,2019,263,20,5,NA,NA,A,NA,NA,NA,NA,20192632005
907,2019263,2010,2019,263,20,10,NA,NA,A,NA,NA,NA,NA,20192632010
908,2019264,1610,2019,264,16,10,NA,NA,T,NA,NA,NA,NA,20192641610
909,2019264,1750,2019,264,17,50,NA,NA,T,NA,NA,NA,NA,20192641750
910,2019264,1910,2019,264,19,10,NA,NA,A,NA,NA,NA,NA,20192641910
911,2019264,1915,2019,264,19,15,19.3375,-99.17413201,A,0.379,0.283,0.0113,0,20192641915
912,2019264,2055,2019,264,20,55,NA,NA,A,NA,NA,NA,NA,20192642055
913,2019265,1655,2019,265,16,55,NA,NA,T,NA,NA,NA,NA,20192651655
914,2019265,1830,2019,265,18,30,NA,NA,T,NA,NA,NA,NA,20192651830
915,2019265,2000,2019,265,20,0,NA,NA,A,NA,NA,NA,NA,20192652000
916,2019266,1555,2019,266,15,55,NA,NA,T,NA,NA,NA,NA,20192661555
917,2019266,1735,2019,266,17,35,19.3375,-99.18296359,T,0.3085,0.2305,0.0502,0,20192661735
918,2019266,2035,2019,266,20,35,NA,NA,A,NA,NA,NA,NA,20192662035
919,2019266,2040,2019,266,20,40,19.32916666,-99.18673365,A,0.3635,0.271,0.0252,0,20192662040
920,2019267,1640,2019,267,16,40,19.3375,-99.18296359,T,0.73267,0.54767,0.0364,0,20192671640
921,2019267,1815,2019,267,18,15,NA,NA,T,NA,NA,NA,NA,20192671815
922,2019267,1940,2019,267,19,40,NA,NA,A,NA,NA,NA,NA,20192671940
923,2019267,1945,2019,267,19,45,NA,NA,A,NA,NA,NA,NA,20192671945
924,2019268,1725,2019,268,17,25,NA,NA,T,NA,NA,NA,NA,20192681725
925,2019268,2025,2019,268,20,25,NA,NA,A,NA,NA,NA,NA,20192682025
926,2019268,2030,2019,268,20,30,NA,NA,A,NA,NA,NA,NA,20192682030
927,2019269,1630,2019,269,16,30,NA,NA,T,NA,NA,NA,NA,20192691630
928,2019269,1805,2019,269,18,5,NA,NA,T,NA,NA,NA,NA,20192691805
929,2019269,1935,2019,269,19,35,NA,NA,A,NA,NA,NA,NA,20192691935
930,2019269,2110,2019,269,21,10,NA,NA,A,NA,NA,NA,NA,20192692110
931,2019270,1710,2019,270,17,10,19.32916666,-99.18673365,T,0.346,0.2585,0.0664,0,20192701710
932,2019270,2015,2019,270,20,15,19.3375,-99.18296359,A,0.4815,0.35975,0.0797,0,20192702015
933,2019271,1615,2019,271,16,15,NA,NA,T,NA,NA,NA,NA,20192711615
934,2019271,1755,2019,271,17,55,NA,NA,T,NA,NA,NA,NA,20192711755
935,2019271,2055,2019,271,20,55,NA,NA,A,NA,NA,NA,NA,20192712055
936,2019271,2100,2019,271,21,0,NA,NA,A,NA,NA,NA,NA,20192712100
937,2019272,1700,2019,272,17,0,NA,NA,T,NA,NA,NA,NA,20192721700
938,2019272,2000,2019,272,20,0,NA,NA,A,NA,NA,NA,NA,20192722000
939,2019272,2005,2019,272,20,5,NA,NA,A,NA,NA,NA,NA,20192722005
940,2019273,1605,2019,273,16,5,NA,NA,T,NA,NA,NA,NA,20192731605
941,2019273,1740,2019,273,17,40,NA,NA,T,NA,NA,NA,NA,20192731740
942,2019273,1910,2019,273,19,10,NA,NA,A,NA,NA,NA,NA,20192731910
943,2019273,2045,2019,273,20,45,NA,NA,A,NA,NA,NA,NA,20192732045
944,2019274,1645,2019,274,16,45,NA,NA,T,NA,NA,NA,NA,20192741645
945,2019274,1820,2019,274,18,20,NA,NA,T,NA,NA,NA,NA,20192741820
946,2019274,1950,2019,274,19,50,NA,NA,A,NA,NA,NA,NA,20192741950
947,2019275,1730,2019,275,17,30,NA,NA,T,NA,NA,NA,NA,20192751730
948,2019275,2030,2019,275,20,30,NA,NA,A,NA,NA,NA,NA,20192752030
949,2019275,2035,2019,275,20,35,NA,NA,A,NA,NA,NA,NA,20192752035
950,2019276,1635,2019,276,16,35,NA,NA,T,NA,NA,NA,NA,20192761635
951,2019276,1810,2019,276,18,10,NA,NA,T,NA,NA,NA,NA,20192761810
952,2019276,1935,2019,276,19,35,NA,NA,A,NA,NA,NA,NA,20192761935
953,2019276,1940,2019,276,19,40,NA,NA,A,NA,NA,NA,NA,20192761940
954,2019277,1715,2019,277,17,15,NA,NA,T,NA,NA,NA,NA,20192771715
955,2019277,2020,2019,277,20,20,NA,NA,A,NA,NA,NA,NA,20192772020
956,2019278,1620,2019,278,16,20,NA,NA,T,NA,NA,NA,NA,20192781620
957,2019278,1800,2019,278,18,0,NA,NA,T,NA,NA,NA,NA,20192781800
958,2019278,1925,2019,278,19,25,NA,NA,A,NA,NA,NA,NA,20192781925
959,2019278,2105,2019,278,21,5,NA,NA,A,NA,NA,NA,NA,20192782105
960,2019279,1705,2019,279,17,5,NA,NA,T,NA,NA,NA,NA,20192791705
961,2019279,2005,2019,279,20,5,NA,NA,A,NA,NA,NA,NA,20192792005
962,2019279,2010,2019,279,20,10,NA,NA,A,NA,NA,NA,NA,20192792010
963,2019280,1610,2019,280,16,10,NA,NA,T,NA,NA,NA,NA,20192801610
964,2019280,1750,2019,280,17,50,NA,NA,T,NA,NA,NA,NA,20192801750
965,2019280,1910,2019,280,19,10,NA,NA,A,NA,NA,NA,NA,20192801910
966,2019280,1915,2019,280,19,15,NA,NA,A,NA,NA,NA,NA,20192801915
967,2019280,2055,2019,280,20,55,NA,NA,A,NA,NA,NA,NA,20192802055
968,2019281,1655,2019,281,16,55,NA,NA,T,NA,NA,NA,NA,20192811655
969,2019281,1830,2019,281,18,30,NA,NA,T,NA,NA,NA,NA,20192811830
970,2019281,2000,2019,281,20,0,NA,NA,A,NA,NA,NA,NA,20192812000
971,2019282,1555,2019,282,15,55,NA,NA,T,NA,NA,NA,NA,20192821555
972,2019282,1735,2019,282,17,35,NA,NA,T,NA,NA,NA,NA,20192821735
973,2019282,2035,2019,282,20,35,NA,NA,A,NA,NA,NA,NA,20192822035
974,2019282,2040,2019,282,20,40,NA,NA,A,NA,NA,NA,NA,20192822040
975,2019283,1640,2019,283,16,40,NA,NA,T,NA,NA,NA,NA,20192831640
976,2019283,1815,2019,283,18,15,NA,NA,T,NA,NA,NA,NA,20192831815
977,2019283,1940,2019,283,19,40,NA,NA,A,NA,NA,NA,NA,20192831940
978,2019283,1945,2019,283,19,45,NA,NA,A,NA,NA,NA,NA,20192831945
979,2019284,1725,2019,284,17,25,NA,NA,T,NA,NA,NA,NA,20192841725
980,2019284,2025,2019,284,20,25,NA,NA,A,NA,NA,NA,NA,20192842025
981,2019284,2030,2019,284,20,30,NA,NA,A,NA,NA,NA,NA,20192842030
982,2019285,1630,2019,285,16,30,NA,NA,T,NA,NA,NA,NA,20192851630
983,2019285,1805,2019,285,18,5,NA,NA,T,NA,NA,NA,NA,20192851805
984,2019285,1935,2019,285,19,35,NA,NA,A,NA,NA,NA,NA,20192851935
985,2019285,2110,2019,285,21,10,NA,NA,A,NA,NA,NA,NA,20192852110
986,2019286,1710,2019,286,17,10,19.3375,-99.18296359,T,0.2585,0.193,0.0913,0,20192861710
987,2019286,2015,2019,286,20,15,19.3375,-99.18296359,A,0.4265,0.3185,0.0738,0,20192862015
988,2019287,1615,2019,287,16,15,NA,NA,T,NA,NA,NA,NA,20192871615
989,2019287,1755,2019,287,17,55,19.3375,-99.18296359,T,0.377,0.2815,0.0202,0,20192871755
990,2019287,2055,2019,287,20,55,NA,NA,A,NA,NA,NA,NA,20192872055
991,2019287,2100,2019,287,21,0,NA,NA,A,NA,NA,NA,NA,20192872100
992,2019288,1700,2019,288,17,0,NA,NA,T,NA,NA,NA,NA,20192881700
993,2019288,2000,2019,288,20,0,NA,NA,A,NA,NA,NA,NA,20192882000
994,2019288,2005,2019,288,20,5,19.3375,-99.18296359,A,0.5785,0.43225,0.0842,0,20192882005
995,2019289,1605,2019,289,16,5,NA,NA,T,NA,NA,NA,NA,20192891605
996,2019289,1740,2019,289,17,40,NA,NA,T,NA,NA,NA,NA,20192891740
997,2019289,1910,2019,289,19,10,NA,NA,A,NA,NA,NA,NA,20192891910
998,2019289,2045,2019,289,20,45,NA,NA,A,NA,NA,NA,NA,20192892045
999,2019290,1825,2019,290,18,25,NA,NA,T,NA,NA,NA,NA,20192901825
1000,2019290,1950,2019,290,19,50,NA,NA,A,NA,NA,NA,NA,20192901950
1001,2019291,1730,2019,291,17,30,NA,NA,T,NA,NA,NA,NA,20192911730
1002,2019291,2030,2019,291,20,30,NA,NA,A,NA,NA,NA,NA,20192912030
1003,2019291,2035,2019,291,20,35,NA,NA,A,NA,NA,NA,NA,20192912035
1004,2019292,1635,2019,292,16,35,NA,NA,T,NA,NA,NA,NA,20192921635
1005,2019292,1810,2019,292,18,10,NA,NA,T,NA,NA,NA,NA,20192921810
1006,2019292,1935,2019,292,19,35,NA,NA,A,NA,NA,NA,NA,20192921935
1007,2019292,1940,2019,292,19,40,NA,NA,A,NA,NA,NA,NA,20192921940
1008,2019293,1715,2019,293,17,15,NA,NA,T,NA,NA,NA,NA,20192931715
1009,2019293,2020,2019,293,20,20,NA,NA,A,NA,NA,NA,NA,20192932020
1010,2019294,1620,2019,294,16,20,NA,NA,T,NA,NA,NA,NA,20192941620
1011,2019294,1800,2019,294,18,0,NA,NA,T,NA,NA,NA,NA,20192941800
1012,2019294,1925,2019,294,19,25,NA,NA,A,NA,NA,NA,NA,20192941925
1013,2019294,2105,2019,294,21,5,NA,NA,A,NA,NA,NA,NA,20192942105
1014,2019295,1705,2019,295,17,5,NA,NA,T,NA,NA,NA,NA,20192951705
1015,2019295,2005,2019,295,20,5,NA,NA,A,NA,NA,NA,NA,20192952005
1016,2019295,2010,2019,295,20,10,NA,NA,A,NA,NA,NA,NA,20192952010
1017,2019296,1610,2019,296,16,10,NA,NA,T,NA,NA,NA,NA,20192961610
1018,2019296,1750,2019,296,17,50,NA,NA,T,NA,NA,NA,NA,20192961750
1019,2019296,1910,2019,296,19,10,NA,NA,A,NA,NA,NA,NA,20192961910
1020,2019296,1915,2019,296,19,15,NA,NA,A,NA,NA,NA,NA,20192961915
1021,2019296,2055,2019,296,20,55,NA,NA,A,NA,NA,NA,NA,20192962055
1022,2019297,1655,2019,297,16,55,19.3375,-99.18296359,T,0.44175,0.33,0.0498,0,20192971655
1023,2019297,1830,2019,297,18,30,NA,NA,T,NA,NA,NA,NA,20192971830
1024,2019297,2000,2019,297,20,0,NA,NA,A,NA,NA,NA,NA,20192972000
1025,2019298,1555,2019,298,15,55,NA,NA,T,NA,NA,NA,NA,20192981555
1026,2019298,1735,2019,298,17,35,NA,NA,T,NA,NA,NA,NA,20192981735
1027,2019298,2035,2019,298,20,35,NA,NA,A,NA,NA,NA,NA,20192982035
1028,2019298,2040,2019,298,20,40,NA,NA,A,NA,NA,NA,NA,20192982040
1029,2019299,1640,2019,299,16,40,NA,NA,T,NA,NA,NA,NA,20192991640
1030,2019299,1815,2019,299,18,15,NA,NA,T,NA,NA,NA,NA,20192991815
1031,2019299,1940,2019,299,19,40,NA,NA,A,NA,NA,NA,NA,20192991940
1032,2019299,1945,2019,299,19,45,NA,NA,A,NA,NA,NA,NA,20192991945
1033,2019300,1725,2019,300,17,25,NA,NA,T,NA,NA,NA,NA,20193001725
1034,2019300,2025,2019,300,20,25,NA,NA,A,NA,NA,NA,NA,20193002025
1035,2019300,2030,2019,300,20,30,NA,NA,A,NA,NA,NA,NA,20193002030
1036,2019301,1630,2019,301,16,30,NA,NA,T,NA,NA,NA,NA,20193011630
1037,2019301,1805,2019,301,18,5,NA,NA,T,NA,NA,NA,NA,20193011805
1038,2019301,1935,2019,301,19,35,NA,NA,A,NA,NA,NA,NA,20193011935
1039,2019301,2110,2019,301,21,10,NA,NA,A,NA,NA,NA,NA,20193012110
1040,2019302,1710,2019,302,17,10,NA,NA,T,NA,NA,NA,NA,20193021710
1041,2019302,2015,2019,302,20,15,NA,NA,A,NA,NA,NA,NA,20193022015
1042,2019303,1615,2019,303,16,15,NA,NA,T,NA,NA,NA,NA,20193031615
1043,2019303,1755,2019,303,17,55,NA,NA,T,NA,NA,NA,NA,20193031755
1044,2019303,2055,2019,303,20,55,NA,NA,A,NA,NA,NA,NA,20193032055
1045,2019303,2100,2019,303,21,0,NA,NA,A,NA,NA,NA,NA,20193032100
1046,2019304,1700,2019,304,17,0,NA,NA,T,NA,NA,NA,NA,20193041700
1047,2019304,2000,2019,304,20,0,NA,NA,A,NA,NA,NA,NA,20193042000
1048,2019304,2005,2019,304,20,5,NA,NA,A,NA,NA,NA,NA,20193042005
1049,2019305,1605,2019,305,16,5,NA,NA,T,NA,NA,NA,NA,20193051605
1050,2019305,1740,2019,305,17,40,NA,NA,T,NA,NA,NA,NA,20193051740
1051,2019305,1910,2019,305,19,10,NA,NA,A,NA,NA,NA,NA,20193051910
1052,2019305,2045,2019,305,20,45,NA,NA,A,NA,NA,NA,NA,20193052045
1053,2019306,1645,2019,306,16,45,NA,NA,T,NA,NA,NA,NA,20193061645
1054,2019306,1820,2019,306,18,20,NA,NA,T,NA,NA,NA,NA,20193061820
1055,2019306,1950,2019,306,19,50,NA,NA,A,NA,NA,NA,NA,20193061950
1056,2019307,1730,2019,307,17,30,NA,NA,T,NA,NA,NA,NA,20193071730
1057,2019307,2030,2019,307,20,30,NA,NA,A,NA,NA,NA,NA,20193072030
1058,2019307,2035,2019,307,20,35,NA,NA,A,NA,NA,NA,NA,20193072035
1059,2019308,1635,2019,308,16,35,NA,NA,T,NA,NA,NA,NA,20193081635
1060,2019308,1810,2019,308,18,10,NA,NA,T,NA,NA,NA,NA,20193081810
1061,2019308,1935,2019,308,19,35,NA,NA,A,NA,NA,NA,NA,20193081935
1062,2019308,1940,2019,308,19,40,NA,NA,A,NA,NA,NA,NA,20193081940
1063,2019309,1715,2019,309,17,15,19.3375,-99.17413201,T,0.442,0.33,0.0726,0,20193091715
1064,2019309,2020,2019,309,20,20,NA,NA,A,NA,NA,NA,NA,20193092020
1065,2019310,1620,2019,310,16,20,NA,NA,T,NA,NA,NA,NA,20193101620
1066,2019310,1800,2019,310,18,0,NA,NA,T,NA,NA,NA,NA,20193101800
1067,2019310,1925,2019,310,19,25,NA,NA,A,NA,NA,NA,NA,20193101925
1068,2019310,2105,2019,310,21,5,NA,NA,A,NA,NA,NA,NA,20193102105
1069,2019311,1705,2019,311,17,5,19.3375,-99.18296359,T,0.17325,0.1295,0.0677,0,20193111705
1070,2019311,2005,2019,311,20,5,NA,NA,A,NA,NA,NA,NA,20193112005
1071,2019311,2010,2019,311,20,10,19.3375,-99.18296359,A,0.23725,0.177,0.0657,0,20193112010
1072,2019312,1610,2019,312,16,10,NA,NA,T,NA,NA,NA,NA,20193121610
1073,2019312,1750,2019,312,17,50,19.32916666,-99.17790253,T,0.167,0.125,0.0182,0,20193121750
1074,2019312,1910,2019,312,19,10,NA,NA,A,NA,NA,NA,NA,20193121910
1075,2019312,1915,2019,312,19,15,NA,NA,A,NA,NA,NA,NA,20193121915
1076,2019312,2055,2019,312,20,55,NA,NA,A,NA,NA,NA,NA,20193122055
1077,2019313,1655,2019,313,16,55,NA,NA,T,NA,NA,NA,NA,20193131655
1078,2019313,1830,2019,313,18,30,NA,NA,T,NA,NA,NA,NA,20193131830
1079,2019313,2000,2019,313,20,0,NA,NA,A,NA,NA,NA,NA,20193132000
1080,2019314,1555,2019,314,15,55,NA,NA,T,NA,NA,NA,NA,20193141555
1081,2019314,1735,2019,314,17,35,19.3375,-99.18296359,T,0.31275,0.23375,0.0276,0,20193141735
1082,2019314,2035,2019,314,20,35,NA,NA,A,NA,NA,NA,NA,20193142035
1083,2019314,2040,2019,314,20,40,NA,NA,A,NA,NA,NA,NA,20193142040
1084,2019315,1640,2019,315,16,40,NA,NA,T,NA,NA,NA,NA,20193151640
1085,2019315,1815,2019,315,18,15,NA,NA,T,NA,NA,NA,NA,20193151815
1086,2019315,1940,2019,315,19,40,NA,NA,A,NA,NA,NA,NA,20193151940
1087,2019315,1945,2019,315,19,45,NA,NA,A,NA,NA,NA,NA,20193151945
1088,2019316,1725,2019,316,17,25,NA,NA,T,NA,NA,NA,NA,20193161725
1089,2019316,2025,2019,316,20,25,NA,NA,A,NA,NA,NA,NA,20193162025
1090,2019316,2030,2019,316,20,30,NA,NA,A,NA,NA,NA,NA,20193162030
1091,2019317,1630,2019,317,16,30,NA,NA,T,NA,NA,NA,NA,20193171630
1092,2019317,1805,2019,317,18,5,NA,NA,T,NA,NA,NA,NA,20193171805
1093,2019317,1935,2019,317,19,35,NA,NA,A,NA,NA,NA,NA,20193171935
1094,2019317,2110,2019,317,21,10,NA,NA,A,NA,NA,NA,NA,20193172110
1095,2019318,1710,2019,318,17,10,NA,NA,T,NA,NA,NA,NA,20193181710
1096,2019318,2015,2019,318,20,15,NA,NA,A,NA,NA,NA,NA,20193182015
1097,2019319,1615,2019,319,16,15,NA,NA,T,NA,NA,NA,NA,20193191615
1098,2019319,1755,2019,319,17,55,NA,NA,T,NA,NA,NA,NA,20193191755
1099,2019319,1915,2019,319,19,15,NA,NA,A,NA,NA,NA,NA,20193191915
1100,2019319,2055,2019,319,20,55,NA,NA,A,NA,NA,NA,NA,20193192055
1101,2019319,2100,2019,319,21,0,NA,NA,A,NA,NA,NA,NA,20193192100
1102,2019320,1700,2019,320,17,0,NA,NA,T,NA,NA,NA,NA,20193201700
1103,2019320,2000,2019,320,20,0,NA,NA,A,NA,NA,NA,NA,20193202000
1104,2019320,2005,2019,320,20,5,NA,NA,A,NA,NA,NA,NA,20193202005
1105,2019321,1605,2019,321,16,5,NA,NA,T,NA,NA,NA,NA,20193211605
1106,2019321,1740,2019,321,17,40,19.3375,-99.18296359,T,0.287,0.21425,0.02,0,20193211740
1107,2019321,1910,2019,321,19,10,NA,NA,A,NA,NA,NA,NA,20193211910
1108,2019321,2045,2019,321,20,45,NA,NA,A,NA,NA,NA,NA,20193212045
1109,2019322,1645,2019,322,16,45,NA,NA,T,NA,NA,NA,NA,20193221645
1110,2019322,1820,2019,322,18,20,NA,NA,T,NA,NA,NA,NA,20193221820
1111,2019322,1950,2019,322,19,50,19.3375,-99.18296359,A,0.418,0.3125,0.0339,0,20193221950
1112,2019323,1730,2019,323,17,30,19.3375,-99.17413201,T,0.477,0.356,0.0364,0,20193231730
1113,2019323,2030,2019,323,20,30,NA,NA,A,NA,NA,NA,NA,20193232030
1114,2019323,2035,2019,323,20,35,NA,NA,A,NA,NA,NA,NA,20193232035
1115,2019324,1635,2019,324,16,35,NA,NA,T,NA,NA,NA,NA,20193241635
1116,2019324,1810,2019,324,18,10,NA,NA,T,NA,NA,NA,NA,20193241810
1117,2019324,1935,2019,324,19,35,NA,NA,A,NA,NA,NA,NA,20193241935
1118,2019324,1940,2019,324,19,40,NA,NA,A,NA,NA,NA,NA,20193241940
1119,2019325,1715,2019,325,17,15,NA,NA,T,NA,NA,NA,NA,20193251715
1120,2019325,2020,2019,325,20,20,NA,NA,A,NA,NA,NA,NA,20193252020
1121,2019326,1620,2019,326,16,20,NA,NA,T,NA,NA,NA,NA,20193261620
1122,2019326,1800,2019,326,18,0,19.3375,-99.18296359,T,0.19525,0.14575,0.0095,0,20193261800
1123,2019326,1925,2019,326,19,25,19.3375,-99.18296359,A,0.32325,0.2415,0.0111,0,20193261925
1124,2019326,2105,2019,326,21,5,NA,NA,A,NA,NA,NA,NA,20193262105
1125,2019327,1705,2019,327,17,5,19.3375,-99.18296359,T,0.16925,0.12625,0.0543,0,20193271705
1126,2019327,2005,2019,327,20,5,NA,NA,A,NA,NA,NA,NA,20193272005
1127,2019327,2010,2019,327,20,10,NA,NA,A,NA,NA,NA,NA,20193272010
1128,2019328,1610,2019,328,16,10,NA,NA,T,NA,NA,NA,NA,20193281610
1129,2019328,1750,2019,328,17,50,19.3375,-99.18296359,T,0.36025,0.269,0.0147,0,20193281750
1130,2019328,1910,2019,328,19,10,NA,NA,A,NA,NA,NA,NA,20193281910
1131,2019328,1915,2019,328,19,15,19.3375,-99.18296359,A,0.3285,0.2455,0.0071,0,20193281915
1132,2019328,2055,2019,328,20,55,NA,NA,A,NA,NA,NA,NA,20193282055
1133,2019329,1655,2019,329,16,55,19.3375,-99.18296359,T,0.1715,0.12775,0.0318,0,20193291655
1134,2019329,1830,2019,329,18,30,NA,NA,T,NA,NA,NA,NA,20193291830
1135,2019329,1955,2019,329,19,55,19.3375,-99.18296359,A,0.2945,0.22025,0.0426,0,20193291955
1136,2019330,1555,2019,330,15,55,NA,NA,T,NA,NA,NA,NA,20193301555
1137,2019330,1735,2019,330,17,35,19.3375,-99.18296359,T,0.3355,0.25075,0.0246,0,20193301735
1138,2019330,2035,2019,330,20,35,NA,NA,A,NA,NA,NA,NA,20193302035
1139,2019330,2040,2019,330,20,40,NA,NA,A,NA,NA,NA,NA,20193302040
1140,2019331,1640,2019,331,16,40,19.3375,-99.18296359,T,0.22425,0.16725,0.0233,0,20193311640
1141,2019331,1815,2019,331,18,15,NA,NA,T,NA,NA,NA,NA,20193311815
1142,2019331,1940,2019,331,19,40,NA,NA,A,NA,NA,NA,NA,20193311940
1143,2019331,1945,2019,331,19,45,19.3375,-99.18296359,A,0.37125,0.2775,0.0246,0,20193311945
1144,2019332,1725,2019,332,17,25,19.3375,-99.18296359,T,0.16275,0.12175,0.0418,0,20193321725
1145,2019332,2025,2019,332,20,25,NA,NA,A,NA,NA,NA,NA,20193322025
1146,2019332,2030,2019,332,20,30,19.3375,-99.18296359,A,0.045,0.034,0.0292,0,20193322030
1147,2019333,1630,2019,333,16,30,NA,NA,T,NA,NA,NA,NA,20193331630
1148,2019333,1805,2019,333,18,5,NA,NA,T,NA,NA,NA,NA,20193331805
1149,2019333,1935,2019,333,19,35,NA,NA,A,NA,NA,NA,NA,20193331935
1150,2019333,2110,2019,333,21,10,NA,NA,A,NA,NA,NA,NA,20193332110
1151,2019334,1710,2019,334,17,10,NA,NA,T,NA,NA,NA,NA,20193341710
1152,2019334,2015,2019,334,20,15,19.3375,-99.18296359,A,0.28825,0.21525,0.0448,0,20193342015
1153,2019335,1615,2019,335,16,15,NA,NA,T,NA,NA,NA,NA,20193351615
1154,2019335,1755,2019,335,17,55,19.3375,-99.18296359,T,0.0755,0.05625,0.0111,0,20193351755
1155,2019335,1915,2019,335,19,15,NA,NA,A,NA,NA,NA,NA,20193351915
1156,2019335,2055,2019,335,20,55,19.3375,-99.18296359,A,0.17775,0.13275,0.0084,0,20193352055
1157,2019335,2100,2019,335,21,0,NA,NA,A,NA,NA,NA,NA,20193352100
1158,2019336,1700,2019,336,17,0,NA,NA,T,NA,NA,NA,NA,20193361700
1159,2019336,2000,2019,336,20,0,NA,NA,A,NA,NA,NA,NA,20193362000
1160,2019336,2005,2019,336,20,5,19.3375,-99.18296359,A,0.27225,0.20325,0.0481,0,20193362005
1161,2019337,1605,2019,337,16,5,NA,NA,T,NA,NA,NA,NA,20193371605
1162,2019337,1740,2019,337,17,40,19.3375,-99.18296359,T,0.11525,0.08625,0.0179,0,20193371740
1163,2019337,1910,2019,337,19,10,NA,NA,A,NA,NA,NA,NA,20193371910
1164,2019337,2045,2019,337,20,45,NA,NA,A,NA,NA,NA,NA,20193372045
1165,2019338,1645,2019,338,16,45,19.3375,-99.18296359,T,0.07275,0.054,0.0291,0,20193381645
1166,2019338,1820,2019,338,18,20,NA,NA,T,NA,NA,NA,NA,20193381820
1167,2019338,1950,2019,338,19,50,19.3375,-99.18296359,A,0.22025,0.1645,0.0311,0,20193381950
1168,2019339,1730,2019,339,17,30,19.3375,-99.18296359,T,0.11,0.082,0.0301,0,20193391730
1169,2019339,2030,2019,339,20,30,NA,NA,A,NA,NA,NA,NA,20193392030
1170,2019339,2035,2019,339,20,35,19.3375,-99.18296359,A,0.26425,0.19725,0.0264,0,20193392035
1171,2019340,1635,2019,340,16,35,19.3375,-99.18296359,T,0.0635,0.04775,0.0207,0,20193401635
1172,2019340,1810,2019,340,18,10,NA,NA,T,NA,NA,NA,NA,20193401810
1173,2019340,1935,2019,340,19,35,NA,NA,A,NA,NA,NA,NA,20193401935
1174,2019340,1940,2019,340,19,40,19.3375,-99.18296359,A,0.0795,0.059,0.0182,0,20193401940
1175,2019341,1715,2019,341,17,15,19.3375,-99.18296359,T,0.15525,0.11575,0.0498,0,20193411715
1176,2019341,2020,2019,341,20,20,19.3375,-99.18296359,A,0.1345,0.10025,0.0349,0,20193412020
1177,2019342,1620,2019,342,16,20,NA,NA,T,NA,NA,NA,NA,20193421620
1178,2019342,1800,2019,342,18,0,19.3375,-99.18296359,T,0.18175,0.13575,0.0086,0,20193421800
1179,2019342,1925,2019,342,19,25,19.3375,-99.18296359,A,0.28925,0.21625,0.0106,0,20193421925
1180,2019342,2105,2019,342,21,5,NA,NA,A,NA,NA,NA,NA,20193422105
1181,2019343,1705,2019,343,17,5,19.3375,-99.18296359,T,0.08,0.0595,0.0528,0,20193431705
1182,2019343,2005,2019,343,20,5,NA,NA,A,NA,NA,NA,NA,20193432005
1183,2019343,2010,2019,343,20,10,19.3375,-99.18296359,A,0.13725,0.10225,0.0541,0,20193432010
1184,2019344,1610,2019,344,16,10,NA,NA,T,NA,NA,NA,NA,20193441610
1185,2019344,1750,2019,344,17,50,NA,NA,T,NA,NA,NA,NA,20193441750
1186,2019344,1910,2019,344,19,10,NA,NA,A,NA,NA,NA,NA,20193441910
1187,2019344,1915,2019,344,19,15,19.3375,-99.18296359,A,0.291,0.21725,0.0067,0,20193441915
1188,2019344,2055,2019,344,20,55,NA,NA,A,NA,NA,NA,NA,20193442055
1189,2019345,1655,2019,345,16,55,NA,NA,T,NA,NA,NA,NA,20193451655
1190,2019345,1830,2019,345,18,30,NA,NA,T,NA,NA,NA,NA,20193451830
1191,2019345,1955,2019,345,19,55,NA,NA,A,NA,NA,NA,NA,20193451955
1192,2019346,1555,2019,346,15,55,NA,NA,T,NA,NA,NA,NA,20193461555
1193,2019346,1735,2019,346,17,35,19.3375,-99.18296359,T,0.2215,0.1655,0.0225,0,20193461735
1194,2019346,2035,2019,346,20,35,NA,NA,A,NA,NA,NA,NA,20193462035
1195,2019346,2040,2019,346,20,40,NA,NA,A,NA,NA,NA,NA,20193462040
1196,2019347,1640,2019,347,16,40,19.3375,-99.18296359,T,0.105,0.07825,0.0228,0,20193471640
1197,2019347,1815,2019,347,18,15,NA,NA,T,NA,NA,NA,NA,20193471815
1198,2019347,1940,2019,347,19,40,NA,NA,A,NA,NA,NA,NA,20193471940
1199,2019347,1945,2019,347,19,45,19.3375,-99.18296359,A,0.26925,0.201,0.0243,0,20193471945
1200,2019348,1725,2019,348,17,25,19.3375,-99.18296359,T,0.0525,0.03925,0.0398,0,20193481725
1201,2019348,2025,2019,348,20,25,NA,NA,A,NA,NA,NA,NA,20193482025
1202,2019348,2030,2019,348,20,30,19.3375,-99.18296359,A,0.09525,0.071,0.0279,0,20193482030
1203,2019349,1630,2019,349,16,30,NA,NA,T,NA,NA,NA,NA,20193491630
1204,2019349,1805,2019,349,18,5,NA,NA,T,NA,NA,NA,NA,20193491805
1205,2019349,1935,2019,349,19,35,19.3375,-99.18296359,A,0.3245,0.24225,0.0137,0,20193491935
1206,2019349,2110,2019,349,21,10,NA,NA,A,NA,NA,NA,NA,20193492110
1207,2019350,1710,2019,350,17,10,19.3375,-99.18296359,T,0.231,0.1725,0.0545,0,20193501710
1208,2019350,2015,2019,350,20,15,19.3375,-99.18296359,A,0.233,0.17375,0.0448,0,20193502015
1209,2019351,1615,2019,351,16,15,NA,NA,T,NA,NA,NA,NA,20193511615
1210,2019351,1755,2019,351,17,55,19.3375,-99.18296359,T,0.42875,0.32025,0.01,0,20193511755
1211,2019351,1915,2019,351,19,15,NA,NA,A,NA,NA,NA,NA,20193511915
1212,2019351,2055,2019,351,20,55,NA,NA,A,NA,NA,NA,NA,20193512055
1213,2019351,2100,2019,351,21,0,NA,NA,A,NA,NA,NA,NA,20193512100
1214,2019352,1700,2019,352,17,0,NA,NA,T,NA,NA,NA,NA,20193521700
1215,2019352,2000,2019,352,20,0,NA,NA,A,NA,NA,NA,NA,20193522000
1216,2019352,2005,2019,352,20,5,19.3375,-99.18296359,A,0.65367,0.48833,0.0492,0,20193522005
1217,2019353,1605,2019,353,16,5,NA,NA,T,NA,NA,NA,NA,20193531605
1218,2019353,1740,2019,353,17,40,19.3375,-99.18296359,T,0.458,0.342,0.0166,0,20193531740
1219,2019353,1910,2019,353,19,10,NA,NA,A,NA,NA,NA,NA,20193531910
1220,2019353,2045,2019,353,20,45,NA,NA,A,NA,NA,NA,NA,20193532045
1221,2019354,1645,2019,354,16,45,NA,NA,T,NA,NA,NA,NA,20193541645
1222,2019354,1820,2019,354,18,20,NA,NA,T,NA,NA,NA,NA,20193541820
1223,2019354,1950,2019,354,19,50,NA,NA,A,NA,NA,NA,NA,20193541950
1224,2019355,1730,2019,355,17,30,NA,NA,T,NA,NA,NA,NA,20193551730
1225,2019355,2030,2019,355,20,30,NA,NA,A,NA,NA,NA,NA,20193552030
1226,2019355,2035,2019,355,20,35,NA,NA,A,NA,NA,NA,NA,20193552035
1227,2019356,1635,2019,356,16,35,NA,NA,T,NA,NA,NA,NA,20193561635
1228,2019356,1810,2019,356,18,10,NA,NA,T,NA,NA,NA,NA,20193561810
1229,2019356,1935,2019,356,19,35,NA,NA,A,NA,NA,NA,NA,20193561935
1230,2019356,1940,2019,356,19,40,NA,NA,A,NA,NA,NA,NA,20193561940
1231,2019357,1715,2019,357,17,15,19.3375,-99.18296359,T,0.30625,0.22875,0.0487,0,20193571715
1232,2019357,2020,2019,357,20,20,NA,NA,A,NA,NA,NA,NA,20193572020
1233,2019358,1620,2019,358,16,20,NA,NA,T,NA,NA,NA,NA,20193581620
1234,2019358,1800,2019,358,18,0,19.3375,-99.18296359,T,0.0445,0.03275,0.0079,0,20193581800
1235,2019358,1925,2019,358,19,25,19.3375,-99.18296359,A,0.1355,0.101,0.0112,0,20193581925
1236,2019358,2105,2019,358,21,5,NA,NA,A,NA,NA,NA,NA,20193582105
1237,2019359,1705,2019,359,17,5,19.3375,-99.18296359,T,0.14925,0.11125,0.0501,0,20193591705
1238,2019359,2005,2019,359,20,5,NA,NA,A,NA,NA,NA,NA,20193592005
1239,2019359,2010,2019,359,20,10,19.3375,-99.18296359,A,0.1975,0.1475,0.0536,0,20193592010
1240,2019360,1610,2019,360,16,10,NA,NA,T,NA,NA,NA,NA,20193601610
1241,2019360,1750,2019,360,17,50,19.3375,-99.18296359,T,0.1465,0.10925,0.0126,0,20193601750
1242,2019360,1910,2019,360,19,10,NA,NA,A,NA,NA,NA,NA,20193601910
1243,2019360,1915,2019,360,19,15,19.3375,-99.18296359,A,0.31,0.2315,0.0072,0,20193601915
1244,2019360,2055,2019,360,20,55,NA,NA,A,NA,NA,NA,NA,20193602055
1245,2019361,1655,2019,361,16,55,19.3375,-99.18296359,T,0.27525,0.2055,0.0341,0,20193611655
1246,2019361,1830,2019,361,18,30,NA,NA,T,NA,NA,NA,NA,20193611830
1247,2019361,2000,2019,361,20,0,NA,NA,A,NA,NA,NA,NA,20193612000
1248,2019362,1555,2019,362,15,55,NA,NA,T,NA,NA,NA,NA,20193621555
1249,2019362,1735,2019,362,17,35,NA,NA,T,NA,NA,NA,NA,20193621735
1250,2019362,2035,2019,362,20,35,NA,NA,A,NA,NA,NA,NA,20193622035
1251,2019362,2040,2019,362,20,40,NA,NA,A,NA,NA,NA,NA,20193622040
1252,2019363,1640,2019,363,16,40,NA,NA,T,NA,NA,NA,NA,20193631640
1253,2019363,1815,2019,363,18,15,NA,NA,T,NA,NA,NA,NA,20193631815
1254,2019363,1940,2019,363,19,40,NA,NA,A,NA,NA,NA,NA,20193631940
1255,2019363,1945,2019,363,19,45,NA,NA,A,NA,NA,NA,NA,20193631945
1256,2019364,1725,2019,364,17,25,19.3375,-99.18296359,T,0.0235,0.0175,0.037,0,20193641725
1257,2019364,2025,2019,364,20,25,NA,NA,A,NA,NA,NA,NA,20193642025
1258,2019364,2030,2019,364,20,30,NA,NA,A,NA,NA,NA,NA,20193642030
1259,2019365,1630,2019,365,16,30,NA,NA,T,NA,NA,NA,NA,20193651630
1260,2019365,1805,2019,365,18,5,NA,NA,T,NA,NA,NA,NA,20193651805
1261,2019365,1935,2019,365,19,35,19.3375,-99.18296359,A,0.15925,0.1185,0.0145,0,20193651935
1262,2019365,2110,2019,365,21,10,NA,NA,A,NA,NA,NA,NA,20193652110
1,2020001,1710,2020,1,17,10,19.3375,-99.18296359,T,0.06175,0.046,0.0537,0,20200011710
2,2020001,2015,2020,1,20,15,19.3375,-99.18296359,A,0.052,0.0385,0.0489,0,20200012015
3,2020002,1615,2020,2,16,15,NA,NA,T,NA,NA,NA,NA,20200021615
4,2020002,1755,2020,2,17,55,NA,NA,T,NA,NA,NA,NA,20200021755
5,2020002,1915,2020,2,19,15,NA,NA,A,NA,NA,NA,NA,20200021915
6,2020002,2055,2020,2,20,55,NA,NA,A,NA,NA,NA,NA,20200022055
7,2020002,2100,2020,2,21,0,NA,NA,A,NA,NA,NA,NA,20200022100
8,2020003,1700,2020,3,17,0,NA,NA,T,NA,NA,NA,NA,20200031700
9,2020003,2000,2020,3,20,0,NA,NA,A,NA,NA,NA,NA,20200032000
10,2020003,2005,2020,3,20,5,NA,NA,A,NA,NA,NA,NA,20200032005
11,2020004,1605,2020,4,16,5,NA,NA,T,NA,NA,NA,NA,20200041605
12,2020004,1740,2020,4,17,40,NA,NA,T,NA,NA,NA,NA,20200041740
13,2020004,1910,2020,4,19,10,NA,NA,A,NA,NA,NA,NA,20200041910
14,2020004,2045,2020,4,20,45,NA,NA,A,NA,NA,NA,NA,20200042045
15,2020005,1645,2020,5,16,45,19.3375,-99.18296359,T,0.13725,0.1025,0.0317,0,20200051645
16,2020005,1820,2020,5,18,20,NA,NA,T,NA,NA,NA,NA,20200051820
17,2020005,1950,2020,5,19,50,19.3375,-99.18296359,A,0.1415,0.10575,0.0362,0,20200051950
18,2020006,1730,2020,6,17,30,19.3375,-99.18296359,T,0.1765,0.1315,0.0304,0,20200061730
19,2020006,2030,2020,6,20,30,NA,NA,A,NA,NA,NA,NA,20200062030
20,2020006,2035,2020,6,20,35,19.3375,-99.18296359,A,0.24975,0.18675,0.0269,0,20200062035
21,2020007,1635,2020,7,16,35,19.3375,-99.18296359,T,0.103,0.07675,0.0219,0,20200071635
22,2020007,1810,2020,7,18,10,NA,NA,T,NA,NA,NA,NA,20200071810
23,2020007,1935,2020,7,19,35,NA,NA,A,NA,NA,NA,NA,20200071935
24,2020007,1940,2020,7,19,40,NA,NA,A,NA,NA,NA,NA,20200071940
25,2020008,1715,2020,8,17,15,19.3375,-99.18296359,T,0.22475,0.1675,0.0528,0,20200081715
26,2020008,2020,2020,8,20,20,19.3375,-99.18296359,A,0.26425,0.19725,0.0389,0,20200082020
27,2020009,1620,2020,9,16,20,NA,NA,T,NA,NA,NA,NA,20200091620
28,2020009,1800,2020,9,18,0,19.3375,-99.18296359,T,0.12075,0.09025,0.0077,0,20200091800
29,2020009,1925,2020,9,19,25,19.3375,-99.18296359,A,0.19225,0.1435,0.012,0,20200091925
30,2020009,2105,2020,9,21,5,NA,NA,A,NA,NA,NA,NA,20200092105
31,2020010,1705,2020,10,17,5,19.3375,-99.18296359,T,0.0645,0.04825,0.0537,0,20200101705
32,2020010,2005,2020,10,20,5,NA,NA,A,NA,NA,NA,NA,20200102005
33,2020010,2010,2020,10,20,10,19.3375,-99.18296359,A,0.072,0.054,0.0608,0,20200102010
34,2020011,1610,2020,11,16,10,NA,NA,T,NA,NA,NA,NA,20200111610
35,2020011,1750,2020,11,17,50,19.3375,-99.18296359,T,0.142,0.10625,0.0128,0,20200111750
36,2020011,1910,2020,11,19,10,NA,NA,A,NA,NA,NA,NA,20200111910
37,2020011,1915,2020,11,19,15,19.3375,-99.18296359,A,0.20925,0.156,0.0078,0,20200111915
38,2020011,2055,2020,11,20,55,NA,NA,A,NA,NA,NA,NA,20200112055
39,2020012,1655,2020,12,16,55,NA,NA,T,NA,NA,NA,NA,20200121655
40,2020012,1830,2020,12,18,30,NA,NA,T,NA,NA,NA,NA,20200121830
41,2020012,2000,2020,12,20,0,19.3375,-99.18296359,A,0.22375,0.167,0.0523,0,20200122000
42,2020013,1555,2020,13,15,55,NA,NA,T,NA,NA,NA,NA,20200131555
43,2020013,1735,2020,13,17,35,19.3375,-99.18296359,T,0.23475,0.175,0.0239,0,20200131735
44,2020013,2035,2020,13,20,35,NA,NA,A,NA,NA,NA,NA,20200132035
45,2020013,2040,2020,13,20,40,19.3375,-99.18296359,A,0.42925,0.32075,0.0223,0,20200132040
46,2020014,1640,2020,14,16,40,19.3375,-99.18296359,T,0.179,0.13325,0.0241,0,20200141640
47,2020014,1815,2020,14,18,15,NA,NA,T,NA,NA,NA,NA,20200141815
48,2020014,1940,2020,14,19,40,NA,NA,A,NA,NA,NA,NA,20200141940
49,2020014,1945,2020,14,19,45,19.3375,-99.18296359,A,0.252,0.188,0.032,0,20200141945
50,2020015,1725,2020,15,17,25,19.3375,-99.18296359,T,0.22925,0.171,0.0432,0,20200151725
51,2020015,2025,2020,15,20,25,NA,NA,A,NA,NA,NA,NA,20200152025
52,2020015,2030,2020,15,20,30,19.3375,-99.18296359,A,0.253,0.189,0.0308,0,20200152030
53,2020016,1630,2020,16,16,30,NA,NA,T,NA,NA,NA,NA,20200161630
54,2020016,1805,2020,16,18,5,NA,NA,T,NA,NA,NA,NA,20200161805
55,2020016,1935,2020,16,19,35,NA,NA,A,NA,NA,NA,NA,20200161935
56,2020016,2110,2020,16,21,10,NA,NA,A,NA,NA,NA,NA,20200162110
57,2020017,1710,2020,17,17,10,19.3375,-99.18296359,T,0.1725,0.12875,0.058,0,20200171710
58,2020017,2015,2020,17,20,15,NA,NA,A,NA,NA,NA,NA,20200172015
59,2020018,1615,2020,18,16,15,NA,NA,T,NA,NA,NA,NA,20200181615
60,2020018,1755,2020,18,17,55,19.3375,-99.18296359,T,0.2645,0.19725,0.0103,0,20200181755
61,2020018,2055,2020,18,20,55,NA,NA,A,NA,NA,NA,NA,20200182055
62,2020018,2100,2020,18,21,0,NA,NA,A,NA,NA,NA,NA,20200182100
63,2020019,1700,2020,19,17,0,NA,NA,T,NA,NA,NA,NA,20200191700
64,2020019,2000,2020,19,20,0,NA,NA,A,NA,NA,NA,NA,20200192000
65,2020019,2005,2020,19,20,5,NA,NA,A,NA,NA,NA,NA,20200192005
66,2020020,1605,2020,20,16,5,NA,NA,T,NA,NA,NA,NA,20200201605
67,2020020,1740,2020,20,17,40,NA,NA,T,NA,NA,NA,NA,20200201740
68,2020020,1910,2020,20,19,10,NA,NA,A,NA,NA,NA,NA,20200201910
69,2020020,2045,2020,20,20,45,NA,NA,A,NA,NA,NA,NA,20200202045
70,2020021,1645,2020,21,16,45,NA,NA,T,NA,NA,NA,NA,20200211645
71,2020021,1825,2020,21,18,25,NA,NA,T,NA,NA,NA,NA,20200211825
72,2020021,1950,2020,21,19,50,19.3375,-99.18296359,A,0.31425,0.23475,0.0443,0,20200211950
73,2020022,1730,2020,22,17,30,19.3375,-99.18296359,T,0.17225,0.1285,0.0342,0,20200221730
74,2020022,2030,2020,22,20,30,NA,NA,A,NA,NA,NA,NA,20200222030
75,2020022,2035,2020,22,20,35,19.3375,-99.18296359,A,0.52475,0.392,0.0276,0,20200222035
76,2020023,1635,2020,23,16,35,NA,NA,T,NA,NA,NA,NA,20200231635
77,2020023,1810,2020,23,18,10,NA,NA,T,NA,NA,NA,NA,20200231810
78,2020023,1935,2020,23,19,35,NA,NA,A,NA,NA,NA,NA,20200231935
79,2020023,1940,2020,23,19,40,NA,NA,A,NA,NA,NA,NA,20200231940
80,2020024,1715,2020,24,17,15,NA,NA,T,NA,NA,NA,NA,20200241715
81,2020024,2020,2020,24,20,20,NA,NA,A,NA,NA,NA,NA,20200242020
82,2020025,1620,2020,25,16,20,NA,NA,T,NA,NA,NA,NA,20200251620
83,2020025,1800,2020,25,18,0,NA,NA,T,NA,NA,NA,NA,20200251800
84,2020025,1925,2020,25,19,25,NA,NA,A,NA,NA,NA,NA,20200251925
85,2020025,2105,2020,25,21,5,NA,NA,A,NA,NA,NA,NA,20200252105
86,2020026,1705,2020,26,17,5,NA,NA,T,NA,NA,NA,NA,20200261705
87,2020026,2005,2020,26,20,5,NA,NA,A,NA,NA,NA,NA,20200262005
88,2020026,2010,2020,26,20,10,NA,NA,A,NA,NA,NA,NA,20200262010
89,2020027,1610,2020,27,16,10,NA,NA,T,NA,NA,NA,NA,20200271610
90,2020027,1750,2020,27,17,50,19.3375,-99.18296359,T,0.09975,0.0745,0.0136,0,20200271750
91,2020027,1910,2020,27,19,10,NA,NA,A,NA,NA,NA,NA,20200271910
92,2020027,1915,2020,27,19,15,NA,NA,A,NA,NA,NA,NA,20200271915
93,2020027,2055,2020,27,20,55,NA,NA,A,NA,NA,NA,NA,20200272055
94,2020028,1655,2020,28,16,55,NA,NA,T,NA,NA,NA,NA,20200281655
95,2020028,1830,2020,28,18,30,NA,NA,T,NA,NA,NA,NA,20200281830
96,2020028,2000,2020,28,20,0,NA,NA,A,NA,NA,NA,NA,20200282000
97,2020029,1600,2020,29,16,0,NA,NA,T,NA,NA,NA,NA,20200291600
98,2020029,1735,2020,29,17,35,19.3375,-99.18296359,T,0.09425,0.07025,0.026,0,20200291735
99,2020029,2035,2020,29,20,35,NA,NA,A,NA,NA,NA,NA,20200292035
100,2020029,2040,2020,29,20,40,19.3375,-99.18296359,A,0.03375,0.025,0.0239,0,20200292040
101,2020030,1640,2020,30,16,40,NA,NA,T,NA,NA,NA,NA,20200301640
102,2020030,1815,2020,30,18,15,NA,NA,T,NA,NA,NA,NA,20200301815
103,2020030,1940,2020,30,19,40,NA,NA,A,NA,NA,NA,NA,20200301940
104,2020030,1945,2020,30,19,45,NA,NA,A,NA,NA,NA,NA,20200301945
105,2020031,1725,2020,31,17,25,19.3375,-99.18296359,T,0.0975,0.07275,0.0481,0,20200311725
106,2020031,2025,2020,31,20,25,NA,NA,A,NA,NA,NA,NA,20200312025
107,2020031,2030,2020,31,20,30,NA,NA,A,NA,NA,NA,NA,20200312030
108,2020032,1630,2020,32,16,30,NA,NA,T,NA,NA,NA,NA,20200321630
109,2020032,1805,2020,32,18,5,NA,NA,T,NA,NA,NA,NA,20200321805
110,2020032,1935,2020,32,19,35,NA,NA,A,NA,NA,NA,NA,20200321935
111,2020032,2110,2020,32,21,10,NA,NA,A,NA,NA,NA,NA,20200322110
112,2020033,1710,2020,33,17,10,NA,NA,T,NA,NA,NA,NA,20200331710
113,2020033,2015,2020,33,20,15,NA,NA,A,NA,NA,NA,NA,20200332015
114,2020034,1615,2020,34,16,15,NA,NA,T,NA,NA,NA,NA,20200341615
115,2020034,1755,2020,34,17,55,NA,NA,T,NA,NA,NA,NA,20200341755
116,2020034,2055,2020,34,20,55,NA,NA,A,NA,NA,NA,NA,20200342055
117,2020034,2100,2020,34,21,0,NA,NA,A,NA,NA,NA,NA,20200342100
118,2020035,1700,2020,35,17,0,NA,NA,T,NA,NA,NA,NA,20200351700
119,2020035,2000,2020,35,20,0,NA,NA,A,NA,NA,NA,NA,20200352000
120,2020035,2005,2020,35,20,5,NA,NA,A,NA,NA,NA,NA,20200352005
121,2020036,1605,2020,36,16,5,NA,NA,T,NA,NA,NA,NA,20200361605
122,2020036,1740,2020,36,17,40,NA,NA,T,NA,NA,NA,NA,20200361740
123,2020036,1910,2020,36,19,10,NA,NA,A,NA,NA,NA,NA,20200361910
124,2020036,2045,2020,36,20,45,NA,NA,A,NA,NA,NA,NA,20200362045
125,2020037,1645,2020,37,16,45,19.3375,-99.18296359,T,0.0395,0.0295,0.034,0,20200371645
126,2020037,1825,2020,37,18,25,NA,NA,T,NA,NA,NA,NA,20200371825
127,2020037,1950,2020,37,19,50,NA,NA,A,NA,NA,NA,NA,20200371950
128,2020038,1730,2020,38,17,30,NA,NA,T,NA,NA,NA,NA,20200381730
129,2020038,2030,2020,38,20,30,NA,NA,A,NA,NA,NA,NA,20200382030
130,2020038,2035,2020,38,20,35,NA,NA,A,NA,NA,NA,NA,20200382035
131,2020039,1635,2020,39,16,35,NA,NA,T,NA,NA,NA,NA,20200391635
132,2020039,1810,2020,39,18,10,NA,NA,T,NA,NA,NA,NA,20200391810
133,2020039,1935,2020,39,19,35,NA,NA,A,NA,NA,NA,NA,20200391935
134,2020039,1940,2020,39,19,40,NA,NA,A,NA,NA,NA,NA,20200391940
135,2020040,1720,2020,40,17,20,19.3375,-99.18296359,T,0.03325,0.02425,0.0733,0,20200401720
136,2020040,2020,2020,40,20,20,19.3375,-99.18296359,A,0.13275,0.099,0.054,0,20200402020
137,2020041,1620,2020,41,16,20,NA,NA,T,NA,NA,NA,NA,20200411620
138,2020041,1800,2020,41,18,0,19.3375,-99.18296359,T,0.08725,0.06475,0.0087,0,20200411800
139,2020041,1925,2020,41,19,25,19.3375,-99.18296359,A,0.23625,0.1765,0.0155,0,20200411925
140,2020041,2105,2020,41,21,5,NA,NA,A,NA,NA,NA,NA,20200412105
141,2020042,1705,2020,42,17,5,19.3375,-99.18296359,T,0.08675,0.06475,0.0773,0,20200421705
142,2020042,2005,2020,42,20,5,NA,NA,A,NA,NA,NA,NA,20200422005
143,2020042,2010,2020,42,20,10,19.32916666,-99.18673365,A,0.334,0.25,0.0541,0,20200422010
144,2020043,1610,2020,43,16,10,NA,NA,T,NA,NA,NA,NA,20200431610
145,2020043,1750,2020,43,17,50,19.3375,-99.18296359,T,0.14225,0.10625,0.0149,0,20200431750
146,2020043,1910,2020,43,19,10,NA,NA,A,NA,NA,NA,NA,20200431910
147,2020043,2050,2020,43,20,50,19.3375,-99.18296359,A,0.20025,0.14975,0.0101,0,20200432050
148,2020043,2055,2020,43,20,55,NA,NA,A,NA,NA,NA,NA,20200432055
149,2020044,1655,2020,44,16,55,19.3375,-99.18296359,T,0.18925,0.14075,0.053,0,20200441655
150,2020044,1830,2020,44,18,30,NA,NA,T,NA,NA,NA,NA,20200441830
151,2020044,2000,2020,44,20,0,NA,NA,A,NA,NA,NA,NA,20200442000
152,2020045,1600,2020,45,16,0,NA,NA,T,NA,NA,NA,NA,20200451600
153,2020045,1735,2020,45,17,35,19.3375,-99.18296359,T,0.42425,0.317,0.0274,0,20200451735
154,2020045,1900,2020,45,19,0,NA,NA,A,NA,NA,NA,NA,20200451900
155,2020045,2040,2020,45,20,40,NA,NA,A,NA,NA,NA,NA,20200452040
156,2020046,1640,2020,46,16,40,19.3375,-99.18296359,T,0.4795,0.35825,0.0338,0,20200461640
157,2020046,1815,2020,46,18,15,NA,NA,T,NA,NA,NA,NA,20200461815
158,2020046,1940,2020,46,19,40,NA,NA,A,NA,NA,NA,NA,20200461940
159,2020046,1945,2020,46,19,45,NA,NA,A,NA,NA,NA,NA,20200461945
160,2020047,1725,2020,47,17,25,19.3375,-99.18296359,T,0.082,0.061,0.0556,0,20200471725
161,2020047,2025,2020,47,20,25,NA,NA,A,NA,NA,NA,NA,20200472025
162,2020047,2030,2020,47,20,30,19.3375,-99.18296359,A,0.0825,0.062,0.0437,0,20200472030
163,2020048,1630,2020,48,16,30,NA,NA,T,NA,NA,NA,NA,20200481630
164,2020048,1805,2020,48,18,5,NA,NA,T,NA,NA,NA,NA,20200481805
165,2020048,1935,2020,48,19,35,19.3375,-99.18296359,A,0.14325,0.10675,0.0212,0,20200481935
166,2020048,2110,2020,48,21,10,NA,NA,A,NA,NA,NA,NA,20200482110
167,2020049,1710,2020,49,17,10,19.3375,-99.18296359,T,0.1295,0.09675,0.0779,0,20200491710
168,2020049,2015,2020,49,20,15,19.3375,-99.18296359,A,0.1335,0.0995,0.0737,0,20200492015
169,2020050,1615,2020,50,16,15,NA,NA,T,NA,NA,NA,NA,20200501615
170,2020050,1755,2020,50,17,55,19.3375,-99.18296359,T,0.105,0.0785,0.012,0,20200501755
171,2020050,2055,2020,50,20,55,19.3375,-99.18296359,A,0.31675,0.23675,0.0131,0,20200502055
172,2020050,2100,2020,50,21,0,NA,NA,A,NA,NA,NA,NA,20200502100
173,2020051,1700,2020,51,17,0,19.3375,-99.18296359,T,0.0735,0.055,0.0658,0,20200511700
174,2020051,2000,2020,51,20,0,NA,NA,A,NA,NA,NA,NA,20200512000
175,2020051,2005,2020,51,20,5,19.3375,-99.18296359,A,0.1525,0.11375,0.083,0,20200512005
176,2020052,1605,2020,52,16,5,NA,NA,T,NA,NA,NA,NA,20200521605
177,2020052,1740,2020,52,17,40,NA,NA,T,NA,NA,NA,NA,20200521740
178,2020052,1905,2020,52,19,5,NA,NA,A,NA,NA,NA,NA,20200521905
179,2020052,1910,2020,52,19,10,NA,NA,A,NA,NA,NA,NA,20200521910
180,2020052,2045,2020,52,20,45,NA,NA,A,NA,NA,NA,NA,20200522045
181,2020053,1645,2020,53,16,45,19.3375,-99.18296359,T,0.24975,0.18675,0.043,0,20200531645
182,2020053,1825,2020,53,18,25,NA,NA,T,NA,NA,NA,NA,20200531825
183,2020053,1950,2020,53,19,50,19.3375,-99.18296359,A,0.32425,0.242,0.0596,0,20200531950
184,2020054,1730,2020,54,17,30,19.3375,-99.18296359,T,0.262,0.19575,0.0417,0,20200541730
185,2020054,2030,2020,54,20,30,NA,NA,A,NA,NA,NA,NA,20200542030
186,2020054,2035,2020,54,20,35,NA,NA,A,NA,NA,NA,NA,20200542035
187,2020055,1635,2020,55,16,35,19.3375,-99.18296359,T,0.07075,0.05275,0.0298,0,20200551635
188,2020055,1810,2020,55,18,10,NA,NA,T,NA,NA,NA,NA,20200551810
189,2020055,1935,2020,55,19,35,NA,NA,A,NA,NA,NA,NA,20200551935
190,2020055,1940,2020,55,19,40,19.3375,-99.18296359,A,0.21175,0.158,0.0327,0,20200551940
191,2020056,1720,2020,56,17,20,19.3375,-99.18296359,T,0.041,0.03075,0.0767,0,20200561720
192,2020056,2020,2020,56,20,20,19.3375,-99.18296359,A,0.08025,0.0595,0.0583,0,20200562020
193,2020057,1625,2020,57,16,25,NA,NA,T,NA,NA,NA,NA,20200571625
194,2020057,1800,2020,57,18,0,19.3375,-99.18296359,T,0.3305,0.2465,0.0106,0,20200571800
195,2020057,1925,2020,57,19,25,NA,NA,A,NA,NA,NA,NA,20200571925
196,2020057,2105,2020,57,21,5,NA,NA,A,NA,NA,NA,NA,20200572105
197,2020058,1705,2020,58,17,5,19.3375,-99.18296359,T,0.1845,0.138,0.0845,0,20200581705
198,2020058,2005,2020,58,20,5,NA,NA,A,NA,NA,NA,NA,20200582005
199,2020058,2010,2020,58,20,10,19.3375,-99.18296359,A,0.366,0.273,0.0926,0,20200582010
200,2020059,1610,2020,59,16,10,NA,NA,T,NA,NA,NA,NA,20200591610
201,2020059,1750,2020,59,17,50,19.3375,-99.18296359,T,0.19425,0.145,0.0172,0,20200591750
202,2020059,1910,2020,59,19,10,NA,NA,A,NA,NA,NA,NA,20200591910
203,2020059,2050,2020,59,20,50,19.3375,-99.18296359,A,0.49575,0.37025,0.0117,0,20200592050
204,2020059,2055,2020,59,20,55,NA,NA,A,NA,NA,NA,NA,20200592055
205,2020060,1655,2020,60,16,55,19.3375,-99.18296359,T,0.13775,0.1025,0.0562,0,20200601655
206,2020060,1830,2020,60,18,30,NA,NA,T,NA,NA,NA,NA,20200601830
207,2020060,2000,2020,60,20,0,19.3375,-99.18296359,A,0.134,0.1,0.086,0,20200602000
208,2020061,1600,2020,61,16,0,NA,NA,T,NA,NA,NA,NA,20200611600
209,2020061,1735,2020,61,17,35,19.3375,-99.18296359,T,0.18375,0.1375,0.0322,0,20200611735
210,2020061,1905,2020,61,19,5,NA,NA,A,NA,NA,NA,NA,20200611905
211,2020061,2040,2020,61,20,40,NA,NA,A,NA,NA,NA,NA,20200612040
212,2020062,1640,2020,62,16,40,19.3375,-99.18296359,T,0.53467,0.399,0.0349,0,20200621640
213,2020062,1820,2020,62,18,20,NA,NA,T,NA,NA,NA,NA,20200621820
214,2020062,1940,2020,62,19,40,NA,NA,A,NA,NA,NA,NA,20200621940
215,2020062,1945,2020,62,19,45,NA,NA,A,NA,NA,NA,NA,20200621945
216,2020063,1725,2020,63,17,25,19.3375,-99.18296359,T,0.03425,0.0255,0.0644,0,20200631725
217,2020063,2025,2020,63,20,25,NA,NA,A,NA,NA,NA,NA,20200632025
218,2020063,2030,2020,63,20,30,19.3375,-99.18296359,A,0.06625,0.04975,0.0495,0,20200632030
219,2020064,1630,2020,64,16,30,NA,NA,T,NA,NA,NA,NA,20200641630
220,2020064,1805,2020,64,18,5,NA,NA,T,NA,NA,NA,NA,20200641805
221,2020064,1935,2020,64,19,35,19.3375,-99.18296359,A,0.15325,0.1145,0.0239,0,20200641935
222,2020064,2110,2020,64,21,10,NA,NA,A,NA,NA,NA,NA,20200642110
223,2020065,1710,2020,65,17,10,NA,NA,T,NA,NA,NA,NA,20200651710
224,2020065,2015,2020,65,20,15,NA,NA,A,NA,NA,NA,NA,20200652015
225,2020066,1615,2020,66,16,15,NA,NA,T,NA,NA,NA,NA,20200661615
226,2020066,1755,2020,66,17,55,NA,NA,T,NA,NA,NA,NA,20200661755
227,2020066,2055,2020,66,20,55,NA,NA,A,NA,NA,NA,NA,20200662055
228,2020066,2100,2020,66,21,0,NA,NA,A,NA,NA,NA,NA,20200662100
229,2020067,1700,2020,67,17,0,19.3375,-99.18296359,T,0.56067,0.419,0.0844,0,20200671700
230,2020067,2000,2020,67,20,0,NA,NA,A,NA,NA,NA,NA,20200672000
231,2020067,2005,2020,67,20,5,NA,NA,A,NA,NA,NA,NA,20200672005
232,2020068,1605,2020,68,16,5,NA,NA,T,NA,NA,NA,NA,20200681605
233,2020068,1740,2020,68,17,40,19.3375,-99.18296359,T,0.15275,0.11375,0.0231,0,20200681740
234,2020068,1905,2020,68,19,5,NA,NA,A,NA,NA,NA,NA,20200681905
235,2020068,1910,2020,68,19,10,NA,NA,A,NA,NA,NA,NA,20200681910
236,2020068,2045,2020,68,20,45,NA,NA,A,NA,NA,NA,NA,20200682045
237,2020069,1645,2020,69,16,45,19.3375,-99.18296359,T,0.17575,0.131,0.0418,0,20200691645
238,2020069,1825,2020,69,18,25,NA,NA,T,NA,NA,NA,NA,20200691825
239,2020069,1950,2020,69,19,50,NA,NA,A,NA,NA,NA,NA,20200691950
240,2020070,1730,2020,70,17,30,NA,NA,T,NA,NA,NA,NA,20200701730
241,2020070,2030,2020,70,20,30,NA,NA,A,NA,NA,NA,NA,20200702030
242,2020070,2035,2020,70,20,35,NA,NA,A,NA,NA,NA,NA,20200702035
243,2020071,1635,2020,71,16,35,NA,NA,T,NA,NA,NA,NA,20200711635
244,2020071,1810,2020,71,18,10,NA,NA,T,NA,NA,NA,NA,20200711810
245,2020071,1935,2020,71,19,35,NA,NA,A,NA,NA,NA,NA,20200711935
246,2020071,1940,2020,71,19,40,NA,NA,A,NA,NA,NA,NA,20200711940
247,2020072,1720,2020,72,17,20,19.3375,-99.18296359,T,0.20175,0.1505,0.077,0,20200721720
248,2020072,2020,2020,72,20,20,NA,NA,A,NA,NA,NA,NA,20200722020
249,2020073,1625,2020,73,16,25,NA,NA,T,NA,NA,NA,NA,20200731625
250,2020073,1800,2020,73,18,0,19.3375,-99.18296359,T,0.27025,0.20175,0.0113,0,20200731800
251,2020073,1925,2020,73,19,25,NA,NA,A,NA,NA,NA,NA,20200731925
252,2020073,2105,2020,73,21,5,NA,NA,A,NA,NA,NA,NA,20200732105
253,2020074,1705,2020,74,17,5,19.3375,-99.18296359,T,0.08525,0.06325,0.111,0,20200741705
254,2020074,2005,2020,74,20,5,NA,NA,A,NA,NA,NA,NA,20200742005
255,2020074,2010,2020,74,20,10,NA,NA,A,NA,NA,NA,NA,20200742010
256,2020075,1610,2020,75,16,10,NA,NA,T,NA,NA,NA,NA,20200751610
257,2020075,1750,2020,75,17,50,19.3375,-99.18296359,T,0.11525,0.08575,0.0193,0,20200751750
258,2020075,1910,2020,75,19,10,NA,NA,A,NA,NA,NA,NA,20200751910
259,2020075,2050,2020,75,20,50,19.3375,-99.18296359,A,0.2895,0.216,0.0122,0,20200752050
260,2020075,2055,2020,75,20,55,NA,NA,A,NA,NA,NA,NA,20200752055
261,2020076,1655,2020,76,16,55,19.3375,-99.18296359,T,0.19975,0.149,0.0653,0,20200761655
262,2020076,1830,2020,76,18,30,NA,NA,T,NA,NA,NA,NA,20200761830
263,2020076,2000,2020,76,20,0,NA,NA,A,NA,NA,NA,NA,20200762000
264,2020077,1600,2020,77,16,0,NA,NA,T,NA,NA,NA,NA,20200771600
265,2020077,1735,2020,77,17,35,19.3375,-99.18296359,T,0.22725,0.16925,0.036,0,20200771735
266,2020077,1905,2020,77,19,5,NA,NA,A,NA,NA,NA,NA,20200771905
267,2020077,2040,2020,77,20,40,NA,NA,A,NA,NA,NA,NA,20200772040
268,2020078,1640,2020,78,16,40,19.3375,-99.18296359,T,0.38925,0.2905,0.04,0,20200781640
269,2020078,1815,2020,78,18,15,NA,NA,T,NA,NA,NA,NA,20200781815
270,2020078,1940,2020,78,19,40,NA,NA,A,NA,NA,NA,NA,20200781940
271,2020078,1945,2020,78,19,45,19.3375,-99.18296359,A,0.4955,0.37025,0.0514,0,20200781945
272,2020079,1725,2020,79,17,25,NA,NA,T,NA,NA,NA,NA,20200791725
273,2020079,2025,2020,79,20,25,NA,NA,A,NA,NA,NA,NA,20200792025
274,2020079,2030,2020,79,20,30,NA,NA,A,NA,NA,NA,NA,20200792030
275,2020080,1630,2020,80,16,30,NA,NA,T,NA,NA,NA,NA,20200801630
276,2020080,1805,2020,80,18,5,NA,NA,T,NA,NA,NA,NA,20200801805
277,2020080,1935,2020,80,19,35,NA,NA,A,NA,NA,NA,NA,20200801935
278,2020080,2110,2020,80,21,10,NA,NA,A,NA,NA,NA,NA,20200802110
279,2020081,1710,2020,81,17,10,NA,NA,T,NA,NA,NA,NA,20200811710
280,2020081,2015,2020,81,20,15,NA,NA,A,NA,NA,NA,NA,20200812015
281,2020082,1615,2020,82,16,15,NA,NA,T,NA,NA,NA,NA,20200821615
282,2020082,1755,2020,82,17,55,19.3375,-99.18296359,T,0.13775,0.10275,0.0161,0,20200821755
283,2020082,2055,2020,82,20,55,19.3375,-99.18296359,A,0.40625,0.3035,0.0158,0,20200822055
284,2020082,2100,2020,82,21,0,NA,NA,A,NA,NA,NA,NA,20200822100
285,2020083,1700,2020,83,17,0,19.3375,-99.18296359,T,0.06025,0.045,0.0977,0,20200831700
286,2020083,2000,2020,83,20,0,NA,NA,A,NA,NA,NA,NA,20200832000
287,2020083,2005,2020,83,20,5,19.3375,-99.18296359,A,0.13175,0.0985,0.1307,0,20200832005
288,2020084,1605,2020,84,16,5,NA,NA,T,NA,NA,NA,NA,20200841605
289,2020084,1740,2020,84,17,40,19.3375,-99.18296359,T,0.09625,0.07175,0.0279,0,20200841740
290,2020084,1905,2020,84,19,5,NA,NA,A,NA,NA,NA,NA,20200841905
291,2020084,1910,2020,84,19,10,NA,NA,A,NA,NA,NA,NA,20200841910
292,2020084,2045,2020,84,20,45,NA,NA,A,NA,NA,NA,NA,20200842045
293,2020085,1645,2020,85,16,45,19.3375,-99.18296359,T,0.14925,0.1115,0.0501,0,20200851645
294,2020085,1825,2020,85,18,25,NA,NA,T,NA,NA,NA,NA,20200851825
295,2020085,1950,2020,85,19,50,19.3375,-99.18296359,A,0.24325,0.18175,0.0781,0,20200851950
296,2020086,1730,2020,86,17,30,19.3375,-99.18296359,T,0.11767,0.08767,0.0601,0,20200861730
297,2020086,2030,2020,86,20,30,NA,NA,A,NA,NA,NA,NA,20200862030
298,2020086,2035,2020,86,20,35,19.3375,-99.18296359,A,0.363,0.271,0.0392,0,20200862035
299,2020087,1635,2020,87,16,35,19.3375,-99.18296359,T,0.21275,0.15875,0.029,0,20200871635
300,2020087,1810,2020,87,18,10,NA,NA,T,NA,NA,NA,NA,20200871810
301,2020087,1935,2020,87,19,35,NA,NA,A,NA,NA,NA,NA,20200871935
302,2020087,1940,2020,87,19,40,19.3375,-99.18296359,A,0.35275,0.2635,0.038,0,20200871940
303,2020088,1720,2020,88,17,20,19.3375,-99.18296359,T,0.322,0.24025,0.1198,0,20200881720
304,2020088,2020,2020,88,20,20,19.3375,-99.18296359,A,0.278,0.2075,0.0525,0,20200882020
305,2020089,1625,2020,89,16,25,NA,NA,T,NA,NA,NA,NA,20200891625
306,2020089,1800,2020,89,18,0,19.3375,-99.18296359,T,0.40525,0.30225,0.0131,0,20200891800
307,2020089,1925,2020,89,19,25,19.3375,-99.18296359,A,0.6385,0.47675,0.0199,0,20200891925
308,2020089,2105,2020,89,21,5,NA,NA,A,NA,NA,NA,NA,20200892105
309,2020090,1705,2020,90,17,5,NA,NA,T,NA,NA,NA,NA,20200901705
310,2020090,2005,2020,90,20,5,NA,NA,A,NA,NA,NA,NA,20200902005
311,2020090,2010,2020,90,20,10,19.3375,-99.18296359,A,0.291,0.2175,0.1256,0,20200902010
312,2020091,1610,2020,91,16,10,NA,NA,T,NA,NA,NA,NA,20200911610
313,2020091,1750,2020,91,17,50,19.3375,-99.18296359,T,0.2285,0.17075,0.0256,0,20200911750
314,2020091,1910,2020,91,19,10,NA,NA,A,NA,NA,NA,NA,20200911910
315,2020091,2050,2020,91,20,50,NA,NA,A,NA,NA,NA,NA,20200912050
316,2020091,2055,2020,91,20,55,NA,NA,A,NA,NA,NA,NA,20200912055
317,2020092,1655,2020,92,16,55,19.3375,-99.18296359,T,0.4305,0.32175,0.0548,0,20200921655
318,2020092,1830,2020,92,18,30,NA,NA,T,NA,NA,NA,NA,20200921830
319,2020092,2000,2020,92,20,0,NA,NA,A,NA,NA,NA,NA,20200922000
320,2020093,1600,2020,93,16,0,NA,NA,T,NA,NA,NA,NA,20200931600
321,2020093,1735,2020,93,17,35,19.3375,-99.18296359,T,0.54525,0.40725,0.0505,0,20200931735
322,2020093,1905,2020,93,19,5,NA,NA,A,NA,NA,NA,NA,20200931905
323,2020093,2040,2020,93,20,40,NA,NA,A,NA,NA,NA,NA,20200932040
324,2020094,1640,2020,94,16,40,19.3375,-99.18296359,T,0.55325,0.413,0.0326,0,20200941640
325,2020094,1815,2020,94,18,15,NA,NA,T,NA,NA,NA,NA,20200941815
326,2020094,1940,2020,94,19,40,NA,NA,A,NA,NA,NA,NA,20200941940
327,2020094,1945,2020,94,19,45,NA,NA,A,NA,NA,NA,NA,20200941945
328,2020095,1725,2020,95,17,25,19.3375,-99.18296359,T,0.4555,0.34,0.097,0,20200951725
329,2020095,2025,2020,95,20,25,NA,NA,A,NA,NA,NA,NA,20200952025
330,2020095,2030,2020,95,20,30,NA,NA,A,NA,NA,NA,NA,20200952030
331,2020096,1630,2020,96,16,30,NA,NA,T,NA,NA,NA,NA,20200961630
332,2020096,1805,2020,96,18,5,NA,NA,T,NA,NA,NA,NA,20200961805
333,2020096,1935,2020,96,19,35,NA,NA,A,NA,NA,NA,NA,20200961935
334,2020096,2110,2020,96,21,10,NA,NA,A,NA,NA,NA,NA,20200962110
335,2020097,1710,2020,97,17,10,19.3375,-99.18296359,T,0.3365,0.25125,0.1409,0,20200971710
336,2020097,2015,2020,97,20,15,NA,NA,A,NA,NA,NA,NA,20200972015
337,2020098,1615,2020,98,16,15,NA,NA,T,NA,NA,NA,NA,20200981615
338,2020098,1755,2020,98,17,55,NA,NA,T,NA,NA,NA,NA,20200981755
339,2020098,2055,2020,98,20,55,NA,NA,A,NA,NA,NA,NA,20200982055
340,2020098,2100,2020,98,21,0,NA,NA,A,NA,NA,NA,NA,20200982100
341,2020099,1700,2020,99,17,0,19.3375,-99.18296359,T,0.289,0.21575,0.0884,0,20200991700
342,2020099,2000,2020,99,20,0,NA,NA,A,NA,NA,NA,NA,20200992000
343,2020099,2005,2020,99,20,5,NA,NA,A,NA,NA,NA,NA,20200992005
344,2020100,1605,2020,100,16,5,NA,NA,T,NA,NA,NA,NA,20201001605
345,2020100,1740,2020,100,17,40,19.3375,-99.18296359,T,0.56733,0.42367,0.0356,0,20201001740
346,2020100,1905,2020,100,19,5,NA,NA,A,NA,NA,NA,NA,20201001905
347,2020100,1910,2020,100,19,10,NA,NA,A,NA,NA,NA,NA,20201001910
348,2020100,2045,2020,100,20,45,NA,NA,A,NA,NA,NA,NA,20201002045
349,2020101,1645,2020,101,16,45,19.3375,-99.18296359,T,0.36925,0.27575,0.0473,0,20201011645
350,2020101,1825,2020,101,18,25,NA,NA,T,NA,NA,NA,NA,20201011825
351,2020101,1950,2020,101,19,50,NA,NA,A,NA,NA,NA,NA,20201011950
352,2020102,1730,2020,102,17,30,19.3375,-99.18296359,T,0.4155,0.3105,0.0761,0,20201021730
353,2020102,2030,2020,102,20,30,NA,NA,A,NA,NA,NA,NA,20201022030
354,2020102,2035,2020,102,20,35,NA,NA,A,NA,NA,NA,NA,20201022035
355,2020103,1635,2020,103,16,35,NA,NA,T,NA,NA,NA,NA,20201031635
356,2020103,1810,2020,103,18,10,NA,NA,T,NA,NA,NA,NA,20201031810
357,2020103,1935,2020,103,19,35,NA,NA,A,NA,NA,NA,NA,20201031935
358,2020103,1940,2020,103,19,40,19.3375,-99.18296359,A,0.39475,0.295,0.0449,0,20201031940
359,2020104,1720,2020,104,17,20,19.3375,-99.18296359,T,0.27375,0.2045,0.1391,0,20201041720
360,2020104,2020,2020,104,20,20,19.3375,-99.18296359,A,0.4955,0.37,0.0734,0,20201042020
361,2020105,1620,2020,105,16,20,NA,NA,T,NA,NA,NA,NA,20201051620
362,2020105,1800,2020,105,18,0,19.3375,-99.18296359,T,0.145,0.10825,0.0157,0,20201051800
363,2020105,1925,2020,105,19,25,19.3375,-99.18296359,A,0.4685,0.35,0.0239,0,20201051925
364,2020105,2105,2020,105,21,5,NA,NA,A,NA,NA,NA,NA,20201052105
365,2020106,1705,2020,106,17,5,19.3375,-99.18296359,T,0.4115,0.3075,0.1241,0,20201061705
366,2020106,2005,2020,106,20,5,NA,NA,A,NA,NA,NA,NA,20201062005
367,2020106,2010,2020,106,20,10,NA,NA,A,NA,NA,NA,NA,20201062010
368,2020107,1610,2020,107,16,10,NA,NA,T,NA,NA,NA,NA,20201071610
369,2020107,1750,2020,107,17,50,NA,NA,T,NA,NA,NA,NA,20201071750
370,2020107,1910,2020,107,19,10,NA,NA,A,NA,NA,NA,NA,20201071910
371,2020107,2050,2020,107,20,50,NA,NA,A,NA,NA,NA,NA,20201072050
372,2020107,2055,2020,107,20,55,NA,NA,A,NA,NA,NA,NA,20201072055
373,2020108,1655,2020,108,16,55,NA,NA,T,NA,NA,NA,NA,20201081655
374,2020108,1830,2020,108,18,30,NA,NA,T,NA,NA,NA,NA,20201081830
375,2020108,2000,2020,108,20,0,NA,NA,A,NA,NA,NA,NA,20201082000
376,2020109,1600,2020,109,16,0,NA,NA,T,NA,NA,NA,NA,20201091600
377,2020109,1735,2020,109,17,35,19.3375,-99.18296359,T,0.53475,0.39925,0.0566,0,20201091735
378,2020109,1905,2020,109,19,5,NA,NA,A,NA,NA,NA,NA,20201091905
379,2020109,2040,2020,109,20,40,NA,NA,A,NA,NA,NA,NA,20201092040
380,2020110,1640,2020,110,16,40,19.3375,-99.18296359,T,0.80575,0.60225,0.0354,0,20201101640
381,2020110,1815,2020,110,18,15,NA,NA,T,NA,NA,NA,NA,20201101815
382,2020110,1940,2020,110,19,40,NA,NA,A,NA,NA,NA,NA,20201101940
383,2020110,1945,2020,110,19,45,NA,NA,A,NA,NA,NA,NA,20201101945
384,2020111,1725,2020,111,17,25,19.3375,-99.18296359,T,0.1155,0.086,0.109,0,20201111725
385,2020111,2025,2020,111,20,25,NA,NA,A,NA,NA,NA,NA,20201112025
386,2020111,2030,2020,111,20,30,NA,NA,A,NA,NA,NA,NA,20201112030
387,2020112,1630,2020,112,16,30,NA,NA,T,NA,NA,NA,NA,20201121630
388,2020112,1805,2020,112,18,5,NA,NA,T,NA,NA,NA,NA,20201121805
389,2020112,1935,2020,112,19,35,NA,NA,A,NA,NA,NA,NA,20201121935
390,2020112,2110,2020,112,21,10,NA,NA,A,NA,NA,NA,NA,20201122110
391,2020113,1710,2020,113,17,10,19.3375,-99.18296359,T,0.38225,0.2855,0.1641,0,20201131710
392,2020113,2015,2020,113,20,15,NA,NA,A,NA,NA,NA,NA,20201132015
393,2020114,1615,2020,114,16,15,NA,NA,T,NA,NA,NA,NA,20201141615
394,2020114,1755,2020,114,17,55,19.3375,-99.18296359,T,0.51667,0.386,0.0219,0,20201141755
395,2020114,2055,2020,114,20,55,NA,NA,A,NA,NA,NA,NA,20201142055
396,2020114,2100,2020,114,21,0,NA,NA,A,NA,NA,NA,NA,20201142100
397,2020115,1700,2020,115,17,0,NA,NA,T,NA,NA,NA,NA,20201151700
398,2020115,2000,2020,115,20,0,NA,NA,A,NA,NA,NA,NA,20201152000
399,2020115,2005,2020,115,20,5,NA,NA,A,NA,NA,NA,NA,20201152005
400,2020116,1605,2020,116,16,5,NA,NA,T,NA,NA,NA,NA,20201161605
401,2020116,1740,2020,116,17,40,NA,NA,T,NA,NA,NA,NA,20201161740
402,2020116,1905,2020,116,19,5,NA,NA,A,NA,NA,NA,NA,20201161905
403,2020116,1910,2020,116,19,10,NA,NA,A,NA,NA,NA,NA,20201161910
404,2020116,2045,2020,116,20,45,NA,NA,A,NA,NA,NA,NA,20201162045
405,2020117,1645,2020,117,16,45,NA,NA,T,NA,NA,NA,NA,20201171645
406,2020117,1825,2020,117,18,25,NA,NA,T,NA,NA,NA,NA,20201171825
407,2020117,1950,2020,117,19,50,NA,NA,A,NA,NA,NA,NA,20201171950
408,2020118,1730,2020,118,17,30,19.3375,-99.18296359,T,0.0965,0.072,0.0942,0,20201181730
409,2020118,2030,2020,118,20,30,NA,NA,A,NA,NA,NA,NA,20201182030
410,2020118,2035,2020,118,20,35,19.3375,-99.18296359,A,0.339,0.253,0.0385,0,20201182035
411,2020119,1635,2020,119,16,35,19.3375,-99.18296359,T,0.31075,0.23175,0.0255,0,20201191635
412,2020119,1810,2020,119,18,10,NA,NA,T,NA,NA,NA,NA,20201191810
413,2020119,1935,2020,119,19,35,NA,NA,A,NA,NA,NA,NA,20201191935
414,2020119,1940,2020,119,19,40,NA,NA,A,NA,NA,NA,NA,20201191940
415,2020120,1715,2020,120,17,15,NA,NA,T,NA,NA,NA,NA,20201201715
416,2020120,2020,2020,120,20,20,NA,NA,A,NA,NA,NA,NA,20201202020
417,2020121,1620,2020,121,16,20,NA,NA,T,NA,NA,NA,NA,20201211620
418,2020121,1800,2020,121,18,0,19.3375,-99.18296359,T,0.22825,0.1705,0.0178,0,20201211800
419,2020121,1925,2020,121,19,25,19.3375,-99.18296359,A,0.38825,0.29025,0.0261,0,20201211925
420,2020121,2105,2020,121,21,5,NA,NA,A,NA,NA,NA,NA,20201212105
421,2020122,1705,2020,122,17,5,19.3375,-99.18296359,T,0.1605,0.12,0.1512,0,20201221705
422,2020122,2005,2020,122,20,5,NA,NA,A,NA,NA,NA,NA,20201222005
423,2020122,2010,2020,122,20,10,NA,NA,A,NA,NA,NA,NA,20201222010
424,2020123,1610,2020,123,16,10,NA,NA,T,NA,NA,NA,NA,20201231610
425,2020123,1750,2020,123,17,50,19.3375,-99.18296359,T,0.412,0.30775,0.0308,0,20201231750
426,2020123,1910,2020,123,19,10,NA,NA,A,NA,NA,NA,NA,20201231910
427,2020123,2050,2020,123,20,50,19.3375,-99.17413201,A,0.567,0.424,0.0145,0,20201232050
428,2020123,2055,2020,123,20,55,NA,NA,A,NA,NA,NA,NA,20201232055
429,2020124,1655,2020,124,16,55,19.3375,-99.18296359,T,0.23025,0.172,0.0714,0,20201241655
430,2020124,1830,2020,124,18,30,NA,NA,T,NA,NA,NA,NA,20201241830
431,2020124,2000,2020,124,20,0,19.3375,-99.18296359,A,0.12125,0.09025,0.1498,0,20201242000
432,2020125,1555,2020,125,15,55,NA,NA,T,NA,NA,NA,NA,20201251555
433,2020125,1735,2020,125,17,35,19.3375,-99.18296359,T,0.20125,0.15025,0.0614,0,20201251735
434,2020125,1900,2020,125,19,0,NA,NA,A,NA,NA,NA,NA,20201251900
435,2020125,2040,2020,125,20,40,NA,NA,A,NA,NA,NA,NA,20201252040
436,2020126,1640,2020,126,16,40,19.3375,-99.18296359,T,0.3045,0.22725,0.0356,0,20201261640
437,2020126,1815,2020,126,18,15,NA,NA,T,NA,NA,NA,NA,20201261815
438,2020126,1940,2020,126,19,40,NA,NA,A,NA,NA,NA,NA,20201261940
439,2020126,1945,2020,126,19,45,NA,NA,A,NA,NA,NA,NA,20201261945
440,2020127,1725,2020,127,17,25,19.32916666,-99.18673365,T,0.13,0.097,0.074,0,20201271725
441,2020127,2025,2020,127,20,25,NA,NA,A,NA,NA,NA,NA,20201272025
442,2020127,2030,2020,127,20,30,19.3375,-99.18296359,A,0.841,0.62825,0.06,0,20201272030
443,2020128,1630,2020,128,16,30,NA,NA,T,NA,NA,NA,NA,20201281630
444,2020128,1805,2020,128,18,5,NA,NA,T,NA,NA,NA,NA,20201281805
445,2020128,1935,2020,128,19,35,NA,NA,A,NA,NA,NA,NA,20201281935
446,2020128,2110,2020,128,21,10,NA,NA,A,NA,NA,NA,NA,20201282110
447,2020129,1710,2020,129,17,10,NA,NA,T,NA,NA,NA,NA,20201291710
448,2020129,2015,2020,129,20,15,NA,NA,A,NA,NA,NA,NA,20201292015
449,2020130,1615,2020,130,16,15,NA,NA,T,NA,NA,NA,NA,20201301615
450,2020130,1755,2020,130,17,55,NA,NA,T,NA,NA,NA,NA,20201301755
451,2020130,2055,2020,130,20,55,NA,NA,A,NA,NA,NA,NA,20201302055
452,2020130,2100,2020,130,21,0,NA,NA,A,NA,NA,NA,NA,20201302100
453,2020131,1700,2020,131,17,0,19.3375,-99.18296359,T,0.5505,0.41125,0.1091,0,20201311700
454,2020131,2000,2020,131,20,0,NA,NA,A,NA,NA,NA,NA,20201312000
455,2020131,2005,2020,131,20,5,NA,NA,A,NA,NA,NA,NA,20201312005
456,2020132,1605,2020,132,16,5,NA,NA,T,NA,NA,NA,NA,20201321605
457,2020132,1740,2020,132,17,40,NA,NA,T,NA,NA,NA,NA,20201321740
458,2020132,1905,2020,132,19,5,NA,NA,A,NA,NA,NA,NA,20201321905
459,2020132,1910,2020,132,19,10,NA,NA,A,NA,NA,NA,NA,20201321910
460,2020132,2045,2020,132,20,45,NA,NA,A,NA,NA,NA,NA,20201322045
461,2020133,1645,2020,133,16,45,NA,NA,T,NA,NA,NA,NA,20201331645
462,2020133,1825,2020,133,18,25,NA,NA,T,NA,NA,NA,NA,20201331825
463,2020133,1950,2020,133,19,50,NA,NA,A,NA,NA,NA,NA,20201331950
464,2020134,1730,2020,134,17,30,19.32916666,-99.17790253,T,0.446,0.333,0.0941,0,20201341730
465,2020134,2030,2020,134,20,30,NA,NA,A,NA,NA,NA,NA,20201342030
466,2020134,2035,2020,134,20,35,NA,NA,A,NA,NA,NA,NA,20201342035
467,2020135,1635,2020,135,16,35,19.3375,-99.18296359,T,0.84025,0.6275,0.0267,0,20201351635
468,2020135,1810,2020,135,18,10,NA,NA,T,NA,NA,NA,NA,20201351810
469,2020135,1935,2020,135,19,35,NA,NA,A,NA,NA,NA,NA,20201351935
470,2020135,1940,2020,135,19,40,NA,NA,A,NA,NA,NA,NA,20201351940
471,2020136,1715,2020,136,17,15,NA,NA,T,NA,NA,NA,NA,20201361715
472,2020136,2020,2020,136,20,20,NA,NA,A,NA,NA,NA,NA,20201362020
473,2020137,1620,2020,137,16,20,NA,NA,T,NA,NA,NA,NA,20201371620
474,2020137,1800,2020,137,18,0,19.3375,-99.18296359,T,0.165,0.1235,0.017,0,20201371800
475,2020137,1925,2020,137,19,25,NA,NA,A,NA,NA,NA,NA,20201371925
476,2020137,2105,2020,137,21,5,NA,NA,A,NA,NA,NA,NA,20201372105
477,2020138,1705,2020,138,17,5,NA,NA,T,NA,NA,NA,NA,20201381705
478,2020138,2005,2020,138,20,5,NA,NA,A,NA,NA,NA,NA,20201382005
479,2020138,2010,2020,138,20,10,NA,NA,A,NA,NA,NA,NA,20201382010
480,2020139,1610,2020,139,16,10,NA,NA,T,NA,NA,NA,NA,20201391610
481,2020139,1750,2020,139,17,50,NA,NA,T,NA,NA,NA,NA,20201391750
482,2020139,1910,2020,139,19,10,NA,NA,A,NA,NA,NA,NA,20201391910
483,2020139,2050,2020,139,20,50,NA,NA,A,NA,NA,NA,NA,20201392050
484,2020139,2055,2020,139,20,55,NA,NA,A,NA,NA,NA,NA,20201392055
485,2020140,1655,2020,140,16,55,19.3375,-99.18296359,T,0.344,0.25725,0.0719,0,20201401655
486,2020140,1830,2020,140,18,30,NA,NA,T,NA,NA,NA,NA,20201401830
487,2020140,2000,2020,140,20,0,NA,NA,A,NA,NA,NA,NA,20201402000
488,2020141,1555,2020,141,15,55,NA,NA,T,NA,NA,NA,NA,20201411555
489,2020141,1735,2020,141,17,35,19.3375,-99.18296359,T,0.86225,0.64425,0.0549,0,20201411735
490,2020141,1900,2020,141,19,0,NA,NA,A,NA,NA,NA,NA,20201411900
491,2020141,2040,2020,141,20,40,NA,NA,A,NA,NA,NA,NA,20201412040
492,2020142,1640,2020,142,16,40,19.3375,-99.18296359,T,0.99875,0.74625,0.034,0,20201421640
493,2020142,1815,2020,142,18,15,NA,NA,T,NA,NA,NA,NA,20201421815
494,2020142,1940,2020,142,19,40,NA,NA,A,NA,NA,NA,NA,20201421940
495,2020142,1945,2020,142,19,45,NA,NA,A,NA,NA,NA,NA,20201421945
496,2020143,1725,2020,143,17,25,NA,NA,T,NA,NA,NA,NA,20201431725
497,2020143,2025,2020,143,20,25,NA,NA,A,NA,NA,NA,NA,20201432025
498,2020143,2030,2020,143,20,30,NA,NA,A,NA,NA,NA,NA,20201432030
499,2020144,1630,2020,144,16,30,NA,NA,T,NA,NA,NA,NA,20201441630
500,2020144,1805,2020,144,18,5,NA,NA,T,NA,NA,NA,NA,20201441805
501,2020144,1935,2020,144,19,35,NA,NA,A,NA,NA,NA,NA,20201441935
502,2020144,2110,2020,144,21,10,NA,NA,A,NA,NA,NA,NA,20201442110
503,2020145,1710,2020,145,17,10,19.3375,-99.18296359,T,0.2645,0.1975,0.1751,0,20201451710
504,2020145,2015,2020,145,20,15,NA,NA,A,NA,NA,NA,NA,20201452015
505,2020146,1615,2020,146,16,15,NA,NA,T,NA,NA,NA,NA,20201461615
506,2020146,1755,2020,146,17,55,19.3375,-99.18296359,T,0.2875,0.21425,0.0219,0,20201461755
507,2020146,2055,2020,146,20,55,19.3375,-99.18296359,A,0.4695,0.3505,0.0183,0,20201462055
508,2020146,2100,2020,146,21,0,NA,NA,A,NA,NA,NA,NA,20201462100
509,2020147,1700,2020,147,17,0,19.3375,-99.18296359,T,0.3735,0.27925,0.0998,0,20201471700
510,2020147,2000,2020,147,20,0,NA,NA,A,NA,NA,NA,NA,20201472000
511,2020147,2005,2020,147,20,5,19.3375,-99.18296359,A,0.23733,0.17733,0.2032,0,20201472005
512,2020148,1605,2020,148,16,5,NA,NA,T,NA,NA,NA,NA,20201481605
513,2020148,1740,2020,148,17,40,19.3375,-99.18296359,T,1.102,0.82325,0.0361,0,20201481740
514,2020148,1910,2020,148,19,10,NA,NA,A,NA,NA,NA,NA,20201481910
515,2020148,2045,2020,148,20,45,NA,NA,A,NA,NA,NA,NA,20201482045
516,2020149,1645,2020,149,16,45,19.3375,-99.18296359,T,0.85375,0.638,0.0464,0,20201491645
517,2020149,1825,2020,149,18,25,NA,NA,T,NA,NA,NA,NA,20201491825
518,2020149,1950,2020,149,19,50,NA,NA,A,NA,NA,NA,NA,20201491950
519,2020150,1730,2020,150,17,30,NA,NA,T,NA,NA,NA,NA,20201501730
520,2020150,2030,2020,150,20,30,NA,NA,A,NA,NA,NA,NA,20201502030
521,2020150,2035,2020,150,20,35,NA,NA,A,NA,NA,NA,NA,20201502035
522,2020151,1635,2020,151,16,35,NA,NA,T,NA,NA,NA,NA,20201511635
523,2020151,1810,2020,151,18,10,NA,NA,T,NA,NA,NA,NA,20201511810
524,2020151,1935,2020,151,19,35,NA,NA,A,NA,NA,NA,NA,20201511935
525,2020151,1940,2020,151,19,40,NA,NA,A,NA,NA,NA,NA,20201511940
526,2020152,1715,2020,152,17,15,NA,NA,T,NA,NA,NA,NA,20201521715
527,2020152,2020,2020,152,20,20,NA,NA,A,NA,NA,NA,NA,20201522020
528,2020153,1620,2020,153,16,20,NA,NA,T,NA,NA,NA,NA,20201531620
529,2020153,1800,2020,153,18,0,NA,NA,T,NA,NA,NA,NA,20201531800
530,2020153,1925,2020,153,19,25,NA,NA,A,NA,NA,NA,NA,20201531925
531,2020153,2105,2020,153,21,5,NA,NA,A,NA,NA,NA,NA,20201532105
532,2020154,1705,2020,154,17,5,19.3375,-99.18296359,T,0.23975,0.17925,0.1519,0,20201541705
533,2020154,2005,2020,154,20,5,NA,NA,A,NA,NA,NA,NA,20201542005
534,2020154,2010,2020,154,20,10,NA,NA,A,NA,NA,NA,NA,20201542010
535,2020155,1610,2020,155,16,10,NA,NA,T,NA,NA,NA,NA,20201551610
536,2020155,1750,2020,155,17,50,NA,NA,T,NA,NA,NA,NA,20201551750
537,2020155,1910,2020,155,19,10,NA,NA,A,NA,NA,NA,NA,20201551910
538,2020155,2050,2020,155,20,50,NA,NA,A,NA,NA,NA,NA,20201552050
539,2020155,2055,2020,155,20,55,NA,NA,A,NA,NA,NA,NA,20201552055
540,2020156,1655,2020,156,16,55,NA,NA,T,NA,NA,NA,NA,20201561655
541,2020156,1830,2020,156,18,30,NA,NA,T,NA,NA,NA,NA,20201561830
542,2020156,2000,2020,156,20,0,NA,NA,A,NA,NA,NA,NA,20201562000
543,2020157,1555,2020,157,15,55,NA,NA,T,NA,NA,NA,NA,20201571555
544,2020157,1735,2020,157,17,35,19.32916666,-99.18673365,T,0.174,0.13,0.0469,0,20201571735
545,2020157,1900,2020,157,19,0,NA,NA,A,NA,NA,NA,NA,20201571900
546,2020157,2040,2020,157,20,40,19.3375,-99.18296359,A,0.2625,0.196,0.0266,0,20201572040
547,2020158,1640,2020,158,16,40,NA,NA,T,NA,NA,NA,NA,20201581640
548,2020158,1815,2020,158,18,15,NA,NA,T,NA,NA,NA,NA,20201581815
549,2020158,1940,2020,158,19,40,NA,NA,A,NA,NA,NA,NA,20201581940
550,2020158,1945,2020,158,19,45,NA,NA,A,NA,NA,NA,NA,20201581945
551,2020159,1725,2020,159,17,25,NA,NA,T,NA,NA,NA,NA,20201591725
552,2020159,2025,2020,159,20,25,NA,NA,A,NA,NA,NA,NA,20201592025
553,2020159,2030,2020,159,20,30,NA,NA,A,NA,NA,NA,NA,20201592030
554,2020160,1630,2020,160,16,30,NA,NA,T,NA,NA,NA,NA,20201601630
555,2020160,1805,2020,160,18,5,NA,NA,T,NA,NA,NA,NA,20201601805
556,2020160,1935,2020,160,19,35,NA,NA,A,NA,NA,NA,NA,20201601935
557,2020160,2110,2020,160,21,10,NA,NA,A,NA,NA,NA,NA,20201602110
558,2020161,1710,2020,161,17,10,19.3375,-99.18296359,T,0.127,0.095,0.1706,0,20201611710
559,2020161,2015,2020,161,20,15,NA,NA,A,NA,NA,NA,NA,20201612015
560,2020162,1615,2020,162,16,15,NA,NA,T,NA,NA,NA,NA,20201621615
561,2020162,1755,2020,162,17,55,NA,NA,T,NA,NA,NA,NA,20201621755
562,2020162,2055,2020,162,20,55,NA,NA,A,NA,NA,NA,NA,20201622055
563,2020162,2100,2020,162,21,0,NA,NA,A,NA,NA,NA,NA,20201622100
564,2020163,1700,2020,163,17,0,NA,NA,T,NA,NA,NA,NA,20201631700
565,2020163,2000,2020,163,20,0,NA,NA,A,NA,NA,NA,NA,20201632000
566,2020163,2005,2020,163,20,5,NA,NA,A,NA,NA,NA,NA,20201632005
567,2020164,1605,2020,164,16,5,NA,NA,T,NA,NA,NA,NA,20201641605
568,2020164,1740,2020,164,17,40,NA,NA,T,NA,NA,NA,NA,20201641740
569,2020164,1910,2020,164,19,10,NA,NA,A,NA,NA,NA,NA,20201641910
570,2020164,2045,2020,164,20,45,NA,NA,A,NA,NA,NA,NA,20201642045
571,2020165,1645,2020,165,16,45,19.3375,-99.18296359,T,0.133,0.09925,0.044,0,20201651645
572,2020165,1825,2020,165,18,25,NA,NA,T,NA,NA,NA,NA,20201651825
573,2020165,1950,2020,165,19,50,19.3375,-99.17413201,A,0.205,0.153,0.1005,0,20201651950
574,2020166,1730,2020,166,17,30,19.3375,-99.18296359,T,0.2395,0.17875,0.072,0,20201661730
575,2020166,2030,2020,166,20,30,NA,NA,A,NA,NA,NA,NA,20201662030
576,2020166,2035,2020,166,20,35,19.3375,-99.18296359,A,0.205,0.153,0.0368,0,20201662035
577,2020167,1635,2020,167,16,35,19.3375,-99.18296359,T,0.46325,0.346,0.0248,0,20201671635
578,2020167,1810,2020,167,18,10,NA,NA,T,NA,NA,NA,NA,20201671810
579,2020167,1935,2020,167,19,35,NA,NA,A,NA,NA,NA,NA,20201671935
580,2020167,1940,2020,167,19,40,19.3375,-99.18296359,A,0.26625,0.19875,0.0366,0,20201671940
581,2020168,1715,2020,168,17,15,19.3375,-99.18296359,T,0.3005,0.22425,0.1036,0,20201681715
582,2020168,2020,2020,168,20,20,19.3375,-99.18296359,A,0.196,0.1465,0.0542,0,20201682020
583,2020169,1620,2020,169,16,20,NA,NA,T,NA,NA,NA,NA,20201691620
584,2020169,1800,2020,169,18,0,NA,NA,T,NA,NA,NA,NA,20201691800
585,2020169,1925,2020,169,19,25,NA,NA,A,NA,NA,NA,NA,20201691925
586,2020169,2105,2020,169,21,5,NA,NA,A,NA,NA,NA,NA,20201692105
587,2020170,1705,2020,170,17,5,19.3375,-99.18296359,T,0.14575,0.10875,0.0863,0,20201701705
588,2020170,2005,2020,170,20,5,NA,NA,A,NA,NA,NA,NA,20201702005
589,2020170,2010,2020,170,20,10,NA,NA,A,NA,NA,NA,NA,20201702010
590,2020171,1610,2020,171,16,10,NA,NA,T,NA,NA,NA,NA,20201711610
591,2020171,1750,2020,171,17,50,19.3375,-99.18296359,T,0.26167,0.19533,0.0251,0,20201711750
592,2020171,1910,2020,171,19,10,NA,NA,A,NA,NA,NA,NA,20201711910
593,2020171,2050,2020,171,20,50,NA,NA,A,NA,NA,NA,NA,20201712050
594,2020171,2055,2020,171,20,55,NA,NA,A,NA,NA,NA,NA,20201712055
595,2020172,1655,2020,172,16,55,NA,NA,T,NA,NA,NA,NA,20201721655
596,2020172,1830,2020,172,18,30,NA,NA,T,NA,NA,NA,NA,20201721830
597,2020172,2000,2020,172,20,0,NA,NA,A,NA,NA,NA,NA,20201722000
598,2020173,1555,2020,173,15,55,NA,NA,T,NA,NA,NA,NA,20201731555
599,2020173,1735,2020,173,17,35,NA,NA,T,NA,NA,NA,NA,20201731735
600,2020173,1900,2020,173,19,0,NA,NA,A,NA,NA,NA,NA,20201731900
601,2020173,2040,2020,173,20,40,NA,NA,A,NA,NA,NA,NA,20201732040
602,2020174,1640,2020,174,16,40,NA,NA,T,NA,NA,NA,NA,20201741640
603,2020174,1815,2020,174,18,15,NA,NA,T,NA,NA,NA,NA,20201741815
604,2020174,1940,2020,174,19,40,NA,NA,A,NA,NA,NA,NA,20201741940
605,2020174,1945,2020,174,19,45,NA,NA,A,NA,NA,NA,NA,20201741945
606,2020175,1725,2020,175,17,25,NA,NA,T,NA,NA,NA,NA,20201751725
607,2020175,2025,2020,175,20,25,NA,NA,A,NA,NA,NA,NA,20201752025
608,2020175,2030,2020,175,20,30,NA,NA,A,NA,NA,NA,NA,20201752030
609,2020176,1630,2020,176,16,30,NA,NA,T,NA,NA,NA,NA,20201761630
610,2020176,1805,2020,176,18,5,NA,NA,T,NA,NA,NA,NA,20201761805
611,2020176,1935,2020,176,19,35,NA,NA,A,NA,NA,NA,NA,20201761935
612,2020176,2110,2020,176,21,10,NA,NA,A,NA,NA,NA,NA,20201762110
613,2020177,1710,2020,177,17,10,NA,NA,T,NA,NA,NA,NA,20201771710
614,2020177,2015,2020,177,20,15,NA,NA,A,NA,NA,NA,NA,20201772015
615,2020178,1615,2020,178,16,15,NA,NA,T,NA,NA,NA,NA,20201781615
616,2020178,1755,2020,178,17,55,NA,NA,T,NA,NA,NA,NA,20201781755
617,2020178,2055,2020,178,20,55,NA,NA,A,NA,NA,NA,NA,20201782055
618,2020178,2100,2020,178,21,0,NA,NA,A,NA,NA,NA,NA,20201782100
619,2020179,1700,2020,179,17,0,NA,NA,T,NA,NA,NA,NA,20201791700
620,2020179,2000,2020,179,20,0,NA,NA,A,NA,NA,NA,NA,20201792000
621,2020179,2005,2020,179,20,5,NA,NA,A,NA,NA,NA,NA,20201792005
622,2020180,1605,2020,180,16,5,NA,NA,T,NA,NA,NA,NA,20201801605
623,2020180,1740,2020,180,17,40,19.3375,-99.18296359,T,0.12975,0.097,0.0315,0,20201801740
624,2020180,1910,2020,180,19,10,NA,NA,A,NA,NA,NA,NA,20201801910
625,2020180,2045,2020,180,20,45,NA,NA,A,NA,NA,NA,NA,20201802045
626,2020181,1645,2020,181,16,45,NA,NA,T,NA,NA,NA,NA,20201811645
627,2020181,1825,2020,181,18,25,NA,NA,T,NA,NA,NA,NA,20201811825
628,2020181,1950,2020,181,19,50,NA,NA,A,NA,NA,NA,NA,20201811950
629,2020182,1730,2020,182,17,30,NA,NA,T,NA,NA,NA,NA,20201821730
630,2020182,2030,2020,182,20,30,NA,NA,A,NA,NA,NA,NA,20201822030
631,2020182,2035,2020,182,20,35,NA,NA,A,NA,NA,NA,NA,20201822035
632,2020183,1635,2020,183,16,35,NA,NA,T,NA,NA,NA,NA,20201831635
633,2020183,1810,2020,183,18,10,NA,NA,T,NA,NA,NA,NA,20201831810
634,2020183,1935,2020,183,19,35,NA,NA,A,NA,NA,NA,NA,20201831935
635,2020183,1940,2020,183,19,40,NA,NA,A,NA,NA,NA,NA,20201831940
636,2020184,1715,2020,184,17,15,NA,NA,T,NA,NA,NA,NA,20201841715
637,2020184,2020,2020,184,20,20,NA,NA,A,NA,NA,NA,NA,20201842020
638,2020185,1620,2020,185,16,20,NA,NA,T,NA,NA,NA,NA,20201851620
639,2020185,1800,2020,185,18,0,NA,NA,T,NA,NA,NA,NA,20201851800
640,2020185,1925,2020,185,19,25,NA,NA,A,NA,NA,NA,NA,20201851925
641,2020185,2105,2020,185,21,5,NA,NA,A,NA,NA,NA,NA,20201852105
642,2020186,1705,2020,186,17,5,NA,NA,T,NA,NA,NA,NA,20201861705
643,2020186,2005,2020,186,20,5,NA,NA,A,NA,NA,NA,NA,20201862005
644,2020186,2010,2020,186,20,10,NA,NA,A,NA,NA,NA,NA,20201862010
645,2020187,1610,2020,187,16,10,NA,NA,T,NA,NA,NA,NA,20201871610
646,2020187,1750,2020,187,17,50,NA,NA,T,NA,NA,NA,NA,20201871750
647,2020187,1910,2020,187,19,10,NA,NA,A,NA,NA,NA,NA,20201871910
648,2020187,2050,2020,187,20,50,NA,NA,A,NA,NA,NA,NA,20201872050
649,2020187,2055,2020,187,20,55,NA,NA,A,NA,NA,NA,NA,20201872055
650,2020188,1655,2020,188,16,55,NA,NA,T,NA,NA,NA,NA,20201881655
651,2020188,1830,2020,188,18,30,NA,NA,T,NA,NA,NA,NA,20201881830
652,2020188,2000,2020,188,20,0,NA,NA,A,NA,NA,NA,NA,20201882000
653,2020189,1555,2020,189,15,55,NA,NA,T,NA,NA,NA,NA,20201891555
654,2020189,1735,2020,189,17,35,NA,NA,T,NA,NA,NA,NA,20201891735
655,2020189,1900,2020,189,19,0,NA,NA,A,NA,NA,NA,NA,20201891900
656,2020189,2040,2020,189,20,40,NA,NA,A,NA,NA,NA,NA,20201892040
657,2020190,1640,2020,190,16,40,NA,NA,T,NA,NA,NA,NA,20201901640
658,2020190,1815,2020,190,18,15,NA,NA,T,NA,NA,NA,NA,20201901815
659,2020190,1940,2020,190,19,40,NA,NA,A,NA,NA,NA,NA,20201901940
660,2020190,1945,2020,190,19,45,NA,NA,A,NA,NA,NA,NA,20201901945
661,2020191,1725,2020,191,17,25,NA,NA,T,NA,NA,NA,NA,20201911725
662,2020191,2025,2020,191,20,25,NA,NA,A,NA,NA,NA,NA,20201912025
663,2020191,2030,2020,191,20,30,NA,NA,A,NA,NA,NA,NA,20201912030
664,2020192,1630,2020,192,16,30,NA,NA,T,NA,NA,NA,NA,20201921630
665,2020192,1805,2020,192,18,5,NA,NA,T,NA,NA,NA,NA,20201921805
666,2020192,1935,2020,192,19,35,NA,NA,A,NA,NA,NA,NA,20201921935
667,2020192,2110,2020,192,21,10,NA,NA,A,NA,NA,NA,NA,20201922110
668,2020193,1710,2020,193,17,10,NA,NA,T,NA,NA,NA,NA,20201931710
669,2020193,2015,2020,193,20,15,NA,NA,A,NA,NA,NA,NA,20201932015
670,2020194,1615,2020,194,16,15,NA,NA,T,NA,NA,NA,NA,20201941615
671,2020194,1755,2020,194,17,55,19.3375,-99.18296359,T,0.20725,0.1545,0.0195,0,20201941755
672,2020194,2055,2020,194,20,55,NA,NA,A,NA,NA,NA,NA,20201942055
673,2020194,2100,2020,194,21,0,NA,NA,A,NA,NA,NA,NA,20201942100
674,2020195,1700,2020,195,17,0,19.3375,-99.18296359,T,0.177,0.13225,0.0842,0,20201951700
675,2020195,2000,2020,195,20,0,NA,NA,A,NA,NA,NA,NA,20201952000
676,2020195,2005,2020,195,20,5,NA,NA,A,NA,NA,NA,NA,20201952005
677,2020196,1605,2020,196,16,5,NA,NA,T,NA,NA,NA,NA,20201961605
678,2020196,1740,2020,196,17,40,19.3375,-99.18296359,T,0.3115,0.23275,0.0319,0,20201961740
679,2020196,1910,2020,196,19,10,NA,NA,A,NA,NA,NA,NA,20201961910
680,2020196,2045,2020,196,20,45,NA,NA,A,NA,NA,NA,NA,20201962045
681,2020197,1645,2020,197,16,45,19.32916666,-99.18673365,T,0.3265,0.2445,0.0397,0,20201971645
682,2020197,1825,2020,197,18,25,NA,NA,T,NA,NA,NA,NA,20201971825
683,2020197,1950,2020,197,19,50,NA,NA,A,NA,NA,NA,NA,20201971950
684,2020198,1730,2020,198,17,30,NA,NA,T,NA,NA,NA,NA,20201981730
685,2020198,2030,2020,198,20,30,NA,NA,A,NA,NA,NA,NA,20201982030
686,2020198,2035,2020,198,20,35,NA,NA,A,NA,NA,NA,NA,20201982035
687,2020199,1635,2020,199,16,35,19.3375,-99.18296359,T,0.16225,0.12125,0.0219,0,20201991635
688,2020199,1810,2020,199,18,10,NA,NA,T,NA,NA,NA,NA,20201991810
689,2020199,1935,2020,199,19,35,NA,NA,A,NA,NA,NA,NA,20201991935
690,2020199,1940,2020,199,19,40,NA,NA,A,NA,NA,NA,NA,20201991940
691,2020200,1715,2020,200,17,15,NA,NA,T,NA,NA,NA,NA,20202001715
692,2020200,2020,2020,200,20,20,NA,NA,A,NA,NA,NA,NA,20202002020
693,2020201,1620,2020,201,16,20,NA,NA,T,NA,NA,NA,NA,20202011620
694,2020201,1800,2020,201,18,0,19.3375,-99.18296359,T,0.28275,0.211,0.0165,0,20202011800
695,2020201,1925,2020,201,19,25,NA,NA,A,NA,NA,NA,NA,20202011925
696,2020201,2105,2020,201,21,5,NA,NA,A,NA,NA,NA,NA,20202012105
697,2020202,1705,2020,202,17,5,19.3375,-99.17413201,T,0.205,0.153,0.1955,0,20202021705
698,2020202,2005,2020,202,20,5,NA,NA,A,NA,NA,NA,NA,20202022005
699,2020202,2010,2020,202,20,10,NA,NA,A,NA,NA,NA,NA,20202022010
700,2020203,1610,2020,203,16,10,NA,NA,T,NA,NA,NA,NA,20202031610
701,2020203,1750,2020,203,17,50,19.32916666,-99.18673365,T,0.3985,0.2975,0.0252,0,20202031750
702,2020203,1910,2020,203,19,10,NA,NA,A,NA,NA,NA,NA,20202031910
703,2020203,2050,2020,203,20,50,NA,NA,A,NA,NA,NA,NA,20202032050
704,2020203,2055,2020,203,20,55,NA,NA,A,NA,NA,NA,NA,20202032055
705,2020204,1655,2020,204,16,55,19.3375,-99.18296359,T,0.416,0.31075,0.0656,0,20202041655
706,2020204,1830,2020,204,18,30,NA,NA,T,NA,NA,NA,NA,20202041830
707,2020204,2000,2020,204,20,0,NA,NA,A,NA,NA,NA,NA,20202042000
708,2020205,1555,2020,205,15,55,NA,NA,T,NA,NA,NA,NA,20202051555
709,2020205,1735,2020,205,17,35,NA,NA,T,NA,NA,NA,NA,20202051735
710,2020205,1900,2020,205,19,0,NA,NA,A,NA,NA,NA,NA,20202051900
711,2020205,2040,2020,205,20,40,NA,NA,A,NA,NA,NA,NA,20202052040
712,2020206,1640,2020,206,16,40,19.3375,-99.18296359,T,0.422,0.315,0.0348,0,20202061640
713,2020206,1815,2020,206,18,15,NA,NA,T,NA,NA,NA,NA,20202061815
714,2020206,1940,2020,206,19,40,NA,NA,A,NA,NA,NA,NA,20202061940
715,2020206,1945,2020,206,19,45,NA,NA,A,NA,NA,NA,NA,20202061945
716,2020207,1725,2020,207,17,25,NA,NA,T,NA,NA,NA,NA,20202071725
717,2020207,2025,2020,207,20,25,NA,NA,A,NA,NA,NA,NA,20202072025
718,2020207,2030,2020,207,20,30,NA,NA,A,NA,NA,NA,NA,20202072030
719,2020208,1630,2020,208,16,30,NA,NA,T,NA,NA,NA,NA,20202081630
720,2020208,1805,2020,208,18,5,NA,NA,T,NA,NA,NA,NA,20202081805
721,2020208,1935,2020,208,19,35,NA,NA,A,NA,NA,NA,NA,20202081935
722,2020208,2110,2020,208,21,10,NA,NA,A,NA,NA,NA,NA,20202082110
723,2020209,1710,2020,209,17,10,NA,NA,T,NA,NA,NA,NA,20202091710
724,2020209,2015,2020,209,20,15,NA,NA,A,NA,NA,NA,NA,20202092015
725,2020210,1615,2020,210,16,15,NA,NA,T,NA,NA,NA,NA,20202101615
726,2020210,1755,2020,210,17,55,NA,NA,T,NA,NA,NA,NA,20202101755
727,2020210,2055,2020,210,20,55,NA,NA,A,NA,NA,NA,NA,20202102055
728,2020210,2100,2020,210,21,0,NA,NA,A,NA,NA,NA,NA,20202102100
729,2020211,1700,2020,211,17,0,NA,NA,T,NA,NA,NA,NA,20202111700
730,2020211,2000,2020,211,20,0,NA,NA,A,NA,NA,NA,NA,20202112000
731,2020211,2005,2020,211,20,5,NA,NA,A,NA,NA,NA,NA,20202112005
732,2020212,1605,2020,212,16,5,NA,NA,T,NA,NA,NA,NA,20202121605
733,2020212,1740,2020,212,17,40,NA,NA,T,NA,NA,NA,NA,20202121740
734,2020212,1910,2020,212,19,10,NA,NA,A,NA,NA,NA,NA,20202121910
735,2020212,2045,2020,212,20,45,NA,NA,A,NA,NA,NA,NA,20202122045
736,2020213,1645,2020,213,16,45,NA,NA,T,NA,NA,NA,NA,20202131645
737,2020213,1825,2020,213,18,25,NA,NA,T,NA,NA,NA,NA,20202131825
738,2020213,1950,2020,213,19,50,NA,NA,A,NA,NA,NA,NA,20202131950
739,2020214,1730,2020,214,17,30,NA,NA,T,NA,NA,NA,NA,20202141730
740,2020214,2030,2020,214,20,30,NA,NA,A,NA,NA,NA,NA,20202142030
741,2020214,2035,2020,214,20,35,NA,NA,A,NA,NA,NA,NA,20202142035
742,2020215,1635,2020,215,16,35,NA,NA,T,NA,NA,NA,NA,20202151635
743,2020215,1810,2020,215,18,10,NA,NA,T,NA,NA,NA,NA,20202151810
744,2020215,1935,2020,215,19,35,NA,NA,A,NA,NA,NA,NA,20202151935
745,2020215,1940,2020,215,19,40,NA,NA,A,NA,NA,NA,NA,20202151940
746,2020216,1715,2020,216,17,15,NA,NA,T,NA,NA,NA,NA,20202161715
747,2020216,2020,2020,216,20,20,NA,NA,A,NA,NA,NA,NA,20202162020
748,2020217,1620,2020,217,16,20,NA,NA,T,NA,NA,NA,NA,20202171620
749,2020217,1800,2020,217,18,0,NA,NA,T,NA,NA,NA,NA,20202171800
750,2020217,1925,2020,217,19,25,NA,NA,A,NA,NA,NA,NA,20202171925
751,2020217,2105,2020,217,21,5,NA,NA,A,NA,NA,NA,NA,20202172105
752,2020218,1705,2020,218,17,5,NA,NA,T,NA,NA,NA,NA,20202181705
753,2020218,2005,2020,218,20,5,NA,NA,A,NA,NA,NA,NA,20202182005
754,2020218,2010,2020,218,20,10,NA,NA,A,NA,NA,NA,NA,20202182010
755,2020219,1610,2020,219,16,10,NA,NA,T,NA,NA,NA,NA,20202191610
756,2020219,1750,2020,219,17,50,NA,NA,T,NA,NA,NA,NA,20202191750
757,2020219,1910,2020,219,19,10,NA,NA,A,NA,NA,NA,NA,20202191910
758,2020219,2050,2020,219,20,50,NA,NA,A,NA,NA,NA,NA,20202192050
759,2020219,2055,2020,219,20,55,NA,NA,A,NA,NA,NA,NA,20202192055
760,2020220,1655,2020,220,16,55,NA,NA,T,NA,NA,NA,NA,20202201655
761,2020220,1830,2020,220,18,30,NA,NA,T,NA,NA,NA,NA,20202201830
762,2020220,2000,2020,220,20,0,NA,NA,A,NA,NA,NA,NA,20202202000
763,2020221,1555,2020,221,15,55,NA,NA,T,NA,NA,NA,NA,20202211555
764,2020221,1735,2020,221,17,35,NA,NA,T,NA,NA,NA,NA,20202211735
765,2020221,1900,2020,221,19,0,NA,NA,A,NA,NA,NA,NA,20202211900
766,2020221,2040,2020,221,20,40,NA,NA,A,NA,NA,NA,NA,20202212040
767,2020222,1640,2020,222,16,40,NA,NA,T,NA,NA,NA,NA,20202221640
768,2020222,1815,2020,222,18,15,NA,NA,T,NA,NA,NA,NA,20202221815
769,2020222,1940,2020,222,19,40,NA,NA,A,NA,NA,NA,NA,20202221940
770,2020222,1945,2020,222,19,45,NA,NA,A,NA,NA,NA,NA,20202221945
771,2020223,1725,2020,223,17,25,NA,NA,T,NA,NA,NA,NA,20202231725
772,2020223,2025,2020,223,20,25,NA,NA,A,NA,NA,NA,NA,20202232025
773,2020223,2030,2020,223,20,30,NA,NA,A,NA,NA,NA,NA,20202232030
774,2020224,1630,2020,224,16,30,NA,NA,T,NA,NA,NA,NA,20202241630
775,2020224,1805,2020,224,18,5,NA,NA,T,NA,NA,NA,NA,20202241805
776,2020224,1935,2020,224,19,35,NA,NA,A,NA,NA,NA,NA,20202241935
777,2020224,2110,2020,224,21,10,NA,NA,A,NA,NA,NA,NA,20202242110
778,2020225,1710,2020,225,17,10,NA,NA,T,NA,NA,NA,NA,20202251710
779,2020225,2015,2020,225,20,15,NA,NA,A,NA,NA,NA,NA,20202252015
780,2020226,1615,2020,226,16,15,NA,NA,T,NA,NA,NA,NA,20202261615
781,2020226,1755,2020,226,17,55,NA,NA,T,NA,NA,NA,NA,20202261755
782,2020226,2055,2020,226,20,55,NA,NA,A,NA,NA,NA,NA,20202262055
783,2020226,2100,2020,226,21,0,NA,NA,A,NA,NA,NA,NA,20202262100
784,2020227,1700,2020,227,17,0,NA,NA,T,NA,NA,NA,NA,20202271700
785,2020227,2000,2020,227,20,0,NA,NA,A,NA,NA,NA,NA,20202272000
786,2020227,2005,2020,227,20,5,NA,NA,A,NA,NA,NA,NA,20202272005
787,2020228,1605,2020,228,16,5,NA,NA,T,NA,NA,NA,NA,20202281605
788,2020228,1740,2020,228,17,40,NA,NA,T,NA,NA,NA,NA,20202281740
789,2020228,1905,2020,228,19,5,NA,NA,A,NA,NA,NA,NA,20202281905
790,2020228,1910,2020,228,19,10,NA,NA,A,NA,NA,NA,NA,20202281910
791,2020228,2045,2020,228,20,45,NA,NA,A,NA,NA,NA,NA,20202282045
792,2020229,1645,2020,229,16,45,NA,NA,T,NA,NA,NA,NA,20202291645
793,2020229,1825,2020,229,18,25,NA,NA,T,NA,NA,NA,NA,20202291825
794,2020230,1730,2020,230,17,30,NA,NA,T,NA,NA,NA,NA,20202301730
795,2020231,1635,2020,231,16,35,NA,NA,T,NA,NA,NA,NA,20202311635
796,2020231,1810,2020,231,18,10,NA,NA,T,NA,NA,NA,NA,20202311810
797,2020232,1715,2020,232,17,15,NA,NA,T,NA,NA,NA,NA,20202321715
798,2020233,1620,2020,233,16,20,NA,NA,T,NA,NA,NA,NA,20202331620
799,2020233,1800,2020,233,18,0,NA,NA,T,NA,NA,NA,NA,20202331800
800,2020234,1705,2020,234,17,5,NA,NA,T,NA,NA,NA,NA,20202341705
801,2020235,1610,2020,235,16,10,NA,NA,T,NA,NA,NA,NA,20202351610
802,2020235,1750,2020,235,17,50,19.3375,-99.18296359,T,0.38867,0.29067,0.0247,0,20202351750
803,2020236,1655,2020,236,16,55,NA,NA,T,NA,NA,NA,NA,20202361655
804,2020236,1830,2020,236,18,30,NA,NA,T,NA,NA,NA,NA,20202361830
805,2020237,1555,2020,237,15,55,NA,NA,T,NA,NA,NA,NA,20202371555
806,2020237,1735,2020,237,17,35,NA,NA,T,NA,NA,NA,NA,20202371735
807,2020238,1640,2020,238,16,40,NA,NA,T,NA,NA,NA,NA,20202381640
808,2020238,1815,2020,238,18,15,NA,NA,T,NA,NA,NA,NA,20202381815
809,2020239,1725,2020,239,17,25,NA,NA,T,NA,NA,NA,NA,20202391725
810,2020240,1630,2020,240,16,30,NA,NA,T,NA,NA,NA,NA,20202401630
811,2020240,1805,2020,240,18,5,NA,NA,T,NA,NA,NA,NA,20202401805
812,2020241,1710,2020,241,17,10,NA,NA,T,NA,NA,NA,NA,20202411710
813,2020242,1615,2020,242,16,15,NA,NA,T,NA,NA,NA,NA,20202421615
814,2020242,1755,2020,242,17,55,NA,NA,T,NA,NA,NA,NA,20202421755
815,2020243,1700,2020,243,17,0,NA,NA,T,NA,NA,NA,NA,20202431700
816,2020244,1605,2020,244,16,5,NA,NA,T,NA,NA,NA,NA,20202441605
817,2020244,1740,2020,244,17,40,19.3375,-99.18296359,T,0.21375,0.1595,0.0321,0,20202441740
818,2020245,1645,2020,245,16,45,NA,NA,T,NA,NA,NA,NA,20202451645
819,2020245,1825,2020,245,18,25,NA,NA,T,NA,NA,NA,NA,20202451825
820,2020246,1730,2020,246,17,30,19.3375,-99.18296359,T,0.35675,0.2665,0.0667,0,20202461730
821,2020246,2030,2020,246,20,30,NA,NA,A,NA,NA,NA,NA,20202462030
822,2020246,2035,2020,246,20,35,NA,NA,A,NA,NA,NA,NA,20202462035
823,2020247,1635,2020,247,16,35,19.3375,-99.18296359,T,0.26825,0.2005,0.0269,0,20202471635
824,2020247,1810,2020,247,18,10,NA,NA,T,NA,NA,NA,NA,20202471810
825,2020247,1935,2020,247,19,35,NA,NA,A,NA,NA,NA,NA,20202471935
826,2020247,1940,2020,247,19,40,NA,NA,A,NA,NA,NA,NA,20202471940
827,2020248,1715,2020,248,17,15,NA,NA,T,NA,NA,NA,NA,20202481715
828,2020248,2020,2020,248,20,20,NA,NA,A,NA,NA,NA,NA,20202482020
829,2020249,1620,2020,249,16,20,NA,NA,T,NA,NA,NA,NA,20202491620
830,2020249,1800,2020,249,18,0,NA,NA,T,NA,NA,NA,NA,20202491800
831,2020249,1925,2020,249,19,25,NA,NA,A,NA,NA,NA,NA,20202491925
832,2020249,2105,2020,249,21,5,NA,NA,A,NA,NA,NA,NA,20202492105
833,2020250,1705,2020,250,17,5,NA,NA,T,NA,NA,NA,NA,20202501705
834,2020250,2005,2020,250,20,5,NA,NA,A,NA,NA,NA,NA,20202502005
835,2020250,2010,2020,250,20,10,NA,NA,A,NA,NA,NA,NA,20202502010
836,2020251,1610,2020,251,16,10,NA,NA,T,NA,NA,NA,NA,20202511610
837,2020251,1750,2020,251,17,50,NA,NA,T,NA,NA,NA,NA,20202511750
838,2020251,1910,2020,251,19,10,NA,NA,A,NA,NA,NA,NA,20202511910
839,2020251,2050,2020,251,20,50,NA,NA,A,NA,NA,NA,NA,20202512050
840,2020251,2055,2020,251,20,55,NA,NA,A,NA,NA,NA,NA,20202512055
841,2020252,1655,2020,252,16,55,NA,NA,T,NA,NA,NA,NA,20202521655
842,2020252,1830,2020,252,18,30,NA,NA,T,NA,NA,NA,NA,20202521830
843,2020252,2000,2020,252,20,0,NA,NA,A,NA,NA,NA,NA,20202522000
844,2020253,1555,2020,253,15,55,NA,NA,T,NA,NA,NA,NA,20202531555
845,2020253,1735,2020,253,17,35,NA,NA,T,NA,NA,NA,NA,20202531735
846,2020253,1900,2020,253,19,0,NA,NA,A,NA,NA,NA,NA,20202531900
847,2020253,2040,2020,253,20,40,NA,NA,A,NA,NA,NA,NA,20202532040
848,2020254,1640,2020,254,16,40,NA,NA,T,NA,NA,NA,NA,20202541640
849,2020254,1815,2020,254,18,15,NA,NA,T,NA,NA,NA,NA,20202541815
850,2020254,1940,2020,254,19,40,NA,NA,A,NA,NA,NA,NA,20202541940
851,2020254,1945,2020,254,19,45,NA,NA,A,NA,NA,NA,NA,20202541945
852,2020255,1725,2020,255,17,25,NA,NA,T,NA,NA,NA,NA,20202551725
853,2020255,2025,2020,255,20,25,NA,NA,A,NA,NA,NA,NA,20202552025
854,2020255,2030,2020,255,20,30,NA,NA,A,NA,NA,NA,NA,20202552030
855,2020256,1630,2020,256,16,30,NA,NA,T,NA,NA,NA,NA,20202561630
856,2020256,1805,2020,256,18,5,NA,NA,T,NA,NA,NA,NA,20202561805
857,2020256,1935,2020,256,19,35,NA,NA,A,NA,NA,NA,NA,20202561935
858,2020256,2110,2020,256,21,10,NA,NA,A,NA,NA,NA,NA,20202562110
859,2020257,1710,2020,257,17,10,NA,NA,T,NA,NA,NA,NA,20202571710
860,2020257,2015,2020,257,20,15,NA,NA,A,NA,NA,NA,NA,20202572015
861,2020258,1615,2020,258,16,15,NA,NA,T,NA,NA,NA,NA,20202581615
862,2020258,1755,2020,258,17,55,NA,NA,T,NA,NA,NA,NA,20202581755
863,2020258,2055,2020,258,20,55,NA,NA,A,NA,NA,NA,NA,20202582055
864,2020258,2100,2020,258,21,0,NA,NA,A,NA,NA,NA,NA,20202582100
865,2020259,1700,2020,259,17,0,NA,NA,T,NA,NA,NA,NA,20202591700
866,2020259,2000,2020,259,20,0,NA,NA,A,NA,NA,NA,NA,20202592000
867,2020259,2005,2020,259,20,5,NA,NA,A,NA,NA,NA,NA,20202592005
868,2020260,1605,2020,260,16,5,NA,NA,T,NA,NA,NA,NA,20202601605
869,2020260,1740,2020,260,17,40,NA,NA,T,NA,NA,NA,NA,20202601740
870,2020260,1905,2020,260,19,5,NA,NA,A,NA,NA,NA,NA,20202601905
871,2020260,1910,2020,260,19,10,NA,NA,A,NA,NA,NA,NA,20202601910
872,2020260,2045,2020,260,20,45,NA,NA,A,NA,NA,NA,NA,20202602045
873,2020261,1645,2020,261,16,45,NA,NA,T,NA,NA,NA,NA,20202611645
874,2020261,1825,2020,261,18,25,NA,NA,T,NA,NA,NA,NA,20202611825
875,2020261,1950,2020,261,19,50,NA,NA,A,NA,NA,NA,NA,20202611950
876,2020262,1730,2020,262,17,30,NA,NA,T,NA,NA,NA,NA,20202621730
877,2020262,2030,2020,262,20,30,NA,NA,A,NA,NA,NA,NA,20202622030
878,2020262,2035,2020,262,20,35,NA,NA,A,NA,NA,NA,NA,20202622035
879,2020263,1635,2020,263,16,35,NA,NA,T,NA,NA,NA,NA,20202631635
880,2020263,1810,2020,263,18,10,NA,NA,T,NA,NA,NA,NA,20202631810
881,2020263,1935,2020,263,19,35,NA,NA,A,NA,NA,NA,NA,20202631935
882,2020263,1940,2020,263,19,40,NA,NA,A,NA,NA,NA,NA,20202631940
883,2020264,1715,2020,264,17,15,NA,NA,T,NA,NA,NA,NA,20202641715
884,2020264,2020,2020,264,20,20,NA,NA,A,NA,NA,NA,NA,20202642020
885,2020265,1620,2020,265,16,20,NA,NA,T,NA,NA,NA,NA,20202651620
886,2020265,1800,2020,265,18,0,NA,NA,T,NA,NA,NA,NA,20202651800
887,2020265,1925,2020,265,19,25,NA,NA,A,NA,NA,NA,NA,20202651925
888,2020265,2105,2020,265,21,5,NA,NA,A,NA,NA,NA,NA,20202652105
889,2020266,1705,2020,266,17,5,NA,NA,T,NA,NA,NA,NA,20202661705
890,2020266,2005,2020,266,20,5,NA,NA,A,NA,NA,NA,NA,20202662005
891,2020266,2010,2020,266,20,10,NA,NA,A,NA,NA,NA,NA,20202662010
892,2020267,1610,2020,267,16,10,NA,NA,T,NA,NA,NA,NA,20202671610
893,2020267,1750,2020,267,17,50,19.3375,-99.18296359,T,0.43175,0.3225,0.0225,0,20202671750
894,2020267,1910,2020,267,19,10,NA,NA,A,NA,NA,NA,NA,20202671910
895,2020267,2050,2020,267,20,50,NA,NA,A,NA,NA,NA,NA,20202672050
896,2020267,2055,2020,267,20,55,NA,NA,A,NA,NA,NA,NA,20202672055
897,2020268,1655,2020,268,16,55,NA,NA,T,NA,NA,NA,NA,20202681655
898,2020268,1830,2020,268,18,30,NA,NA,T,NA,NA,NA,NA,20202681830
899,2020268,2000,2020,268,20,0,NA,NA,A,NA,NA,NA,NA,20202682000
900,2020269,1555,2020,269,15,55,NA,NA,T,NA,NA,NA,NA,20202691555
901,2020269,1735,2020,269,17,35,NA,NA,T,NA,NA,NA,NA,20202691735
902,2020269,1900,2020,269,19,0,NA,NA,A,NA,NA,NA,NA,20202691900
903,2020269,2040,2020,269,20,40,NA,NA,A,NA,NA,NA,NA,20202692040
904,2020270,1640,2020,270,16,40,NA,NA,T,NA,NA,NA,NA,20202701640
905,2020270,1815,2020,270,18,15,NA,NA,T,NA,NA,NA,NA,20202701815
906,2020270,1940,2020,270,19,40,NA,NA,A,NA,NA,NA,NA,20202701940
907,2020270,1945,2020,270,19,45,NA,NA,A,NA,NA,NA,NA,20202701945
908,2020271,1725,2020,271,17,25,19.3375,-99.18296359,T,0.477,0.3565,0.0848,0,20202711725
909,2020271,2025,2020,271,20,25,NA,NA,A,NA,NA,NA,NA,20202712025
910,2020271,2030,2020,271,20,30,NA,NA,A,NA,NA,NA,NA,20202712030
911,2020272,1630,2020,272,16,30,NA,NA,T,NA,NA,NA,NA,20202721630
912,2020272,1805,2020,272,18,5,NA,NA,T,NA,NA,NA,NA,20202721805
913,2020272,1935,2020,272,19,35,NA,NA,A,NA,NA,NA,NA,20202721935
914,2020272,2110,2020,272,21,10,NA,NA,A,NA,NA,NA,NA,20202722110
915,2020273,1710,2020,273,17,10,NA,NA,T,NA,NA,NA,NA,20202731710
916,2020273,2015,2020,273,20,15,NA,NA,A,NA,NA,NA,NA,20202732015
917,2020274,1615,2020,274,16,15,NA,NA,T,NA,NA,NA,NA,20202741615
918,2020274,1755,2020,274,17,55,NA,NA,T,NA,NA,NA,NA,20202741755
919,2020274,2055,2020,274,20,55,NA,NA,A,NA,NA,NA,NA,20202742055
920,2020274,2100,2020,274,21,0,NA,NA,A,NA,NA,NA,NA,20202742100
921,2020275,1700,2020,275,17,0,19.3375,-99.18296359,T,0.20475,0.15275,0.0813,0,20202751700
922,2020275,2000,2020,275,20,0,NA,NA,A,NA,NA,NA,NA,20202752000
923,2020275,2005,2020,275,20,5,NA,NA,A,NA,NA,NA,NA,20202752005
924,2020276,1605,2020,276,16,5,NA,NA,T,NA,NA,NA,NA,20202761605
925,2020276,1740,2020,276,17,40,19.3375,-99.18296359,T,0.1745,0.13025,0.0293,0,20202761740
926,2020276,1910,2020,276,19,10,NA,NA,A,NA,NA,NA,NA,20202761910
927,2020276,2045,2020,276,20,45,NA,NA,A,NA,NA,NA,NA,20202762045
928,2020277,1645,2020,277,16,45,NA,NA,T,NA,NA,NA,NA,20202771645
929,2020277,1825,2020,277,18,25,NA,NA,T,NA,NA,NA,NA,20202771825
930,2020277,1950,2020,277,19,50,19.3375,-99.18296359,A,0.473,0.3535,0.0483,0,20202771950
931,2020278,1730,2020,278,17,30,NA,NA,T,NA,NA,NA,NA,20202781730
932,2020278,2030,2020,278,20,30,NA,NA,A,NA,NA,NA,NA,20202782030
933,2020278,2035,2020,278,20,35,19.3375,-99.18296359,A,0.12975,0.097,0.0333,0,20202782035
934,2020279,1635,2020,279,16,35,NA,NA,T,NA,NA,NA,NA,20202791635
935,2020279,1810,2020,279,18,10,NA,NA,T,NA,NA,NA,NA,20202791810
936,2020279,1935,2020,279,19,35,NA,NA,A,NA,NA,NA,NA,20202791935
937,2020279,1940,2020,279,19,40,19.3375,-99.18296359,A,0.35575,0.26575,0.0266,0,20202791940
938,2020280,1715,2020,280,17,15,19.3375,-99.18296359,T,0.11525,0.086,0.0802,0,20202801715
939,2020280,2020,2020,280,20,20,19.3375,-99.18296359,A,0.09775,0.073,0.0487,0,20202802020
940,2020281,1620,2020,281,16,20,NA,NA,T,NA,NA,NA,NA,20202811620
941,2020281,1800,2020,281,18,0,19.3375,-99.18296359,T,0.0705,0.053,0.0124,0,20202811800
942,2020281,1925,2020,281,19,25,19.3375,-99.18296359,A,0.2485,0.1855,0.0148,0,20202811925
943,2020281,2105,2020,281,21,5,NA,NA,A,NA,NA,NA,NA,20202812105
944,2020282,1705,2020,282,17,5,19.3375,-99.18296359,T,0.0835,0.06225,0.0785,0,20202821705
945,2020282,2005,2020,282,20,5,NA,NA,A,NA,NA,NA,NA,20202822005
946,2020282,2010,2020,282,20,10,19.3375,-99.18296359,A,0.14875,0.111,0.0759,0,20202822010
947,2020283,1610,2020,283,16,10,NA,NA,T,NA,NA,NA,NA,20202831610
948,2020283,1750,2020,283,17,50,NA,NA,T,NA,NA,NA,NA,20202831750
949,2020283,1910,2020,283,19,10,NA,NA,A,NA,NA,NA,NA,20202831910
950,2020283,1915,2020,283,19,15,NA,NA,A,NA,NA,NA,NA,20202831915
951,2020283,2055,2020,283,20,55,NA,NA,A,NA,NA,NA,NA,20202832055
952,2020284,1655,2020,284,16,55,19.3375,-99.18296359,T,0.1975,0.1475,0.0478,0,20202841655
953,2020284,1830,2020,284,18,30,NA,NA,T,NA,NA,NA,NA,20202841830
954,2020284,2000,2020,284,20,0,NA,NA,A,NA,NA,NA,NA,20202842000
955,2020285,1555,2020,285,15,55,NA,NA,T,NA,NA,NA,NA,20202851555
956,2020285,1735,2020,285,17,35,NA,NA,T,NA,NA,NA,NA,20202851735
957,2020285,2035,2020,285,20,35,NA,NA,A,NA,NA,NA,NA,20202852035
958,2020285,2040,2020,285,20,40,NA,NA,A,NA,NA,NA,NA,20202852040
959,2020286,1640,2020,286,16,40,NA,NA,T,NA,NA,NA,NA,20202861640
960,2020286,1815,2020,286,18,15,NA,NA,T,NA,NA,NA,NA,20202861815
961,2020286,1940,2020,286,19,40,NA,NA,A,NA,NA,NA,NA,20202861940
962,2020286,1945,2020,286,19,45,NA,NA,A,NA,NA,NA,NA,20202861945
963,2020287,1725,2020,287,17,25,NA,NA,T,NA,NA,NA,NA,20202871725
964,2020287,2025,2020,287,20,25,NA,NA,A,NA,NA,NA,NA,20202872025
965,2020287,2030,2020,287,20,30,NA,NA,A,NA,NA,NA,NA,20202872030
966,2020288,1630,2020,288,16,30,NA,NA,T,NA,NA,NA,NA,20202881630
967,2020288,1805,2020,288,18,5,NA,NA,T,NA,NA,NA,NA,20202881805
968,2020288,1935,2020,288,19,35,NA,NA,A,NA,NA,NA,NA,20202881935
969,2020288,2110,2020,288,21,10,NA,NA,A,NA,NA,NA,NA,20202882110
970,2020289,1710,2020,289,17,10,19.3375,-99.18296359,T,0.06725,0.0505,0.086,0,20202891710
971,2020289,2015,2020,289,20,15,NA,NA,A,NA,NA,NA,NA,20202892015
972,2020290,1615,2020,290,16,15,NA,NA,T,NA,NA,NA,NA,20202901615
973,2020290,1755,2020,290,17,55,NA,NA,T,NA,NA,NA,NA,20202901755
974,2020290,2055,2020,290,20,55,NA,NA,A,NA,NA,NA,NA,20202902055
975,2020290,2100,2020,290,21,0,NA,NA,A,NA,NA,NA,NA,20202902100
976,2020291,1700,2020,291,17,0,NA,NA,T,NA,NA,NA,NA,20202911700
977,2020291,2000,2020,291,20,0,NA,NA,A,NA,NA,NA,NA,20202912000
978,2020291,2005,2020,291,20,5,19.3375,-99.18296359,A,0.31667,0.23667,0.0806,0,20202912005
979,2020292,1605,2020,292,16,5,NA,NA,T,NA,NA,NA,NA,20202921605
980,2020292,1740,2020,292,17,40,19.3375,-99.18296359,T,0.326,0.2435,0.0241,0,20202921740
981,2020292,1910,2020,292,19,10,NA,NA,A,NA,NA,NA,NA,20202921910
982,2020292,2045,2020,292,20,45,NA,NA,A,NA,NA,NA,NA,20202922045
983,2020293,1645,2020,293,16,45,19.3375,-99.18296359,T,0.18225,0.13625,0.0366,0,20202931645
984,2020293,1825,2020,293,18,25,NA,NA,T,NA,NA,NA,NA,20202931825
985,2020293,1950,2020,293,19,50,19.3375,-99.18296359,A,0.3275,0.24475,0.0391,0,20202931950
986,2020294,1730,2020,294,17,30,19.32916666,-99.17790253,T,0.289,0.216,0.039,0,20202941730
987,2020294,2030,2020,294,20,30,NA,NA,A,NA,NA,NA,NA,20202942030
988,2020294,2035,2020,294,20,35,NA,NA,A,NA,NA,NA,NA,20202942035
989,2020295,1635,2020,295,16,35,19.3375,-99.18296359,T,0.22975,0.1715,0.0223,0,20202951635
990,2020295,1810,2020,295,18,10,NA,NA,T,NA,NA,NA,NA,20202951810
991,2020295,1935,2020,295,19,35,NA,NA,A,NA,NA,NA,NA,20202951935
992,2020295,1940,2020,295,19,40,19.3375,-99.18296359,A,0.29975,0.2235,0.0228,0,20202951940
993,2020296,1715,2020,296,17,15,19.3375,-99.18296359,T,0.15275,0.11375,0.0857,0,20202961715
994,2020296,2020,2020,296,20,20,19.3375,-99.18296359,A,0.117,0.0875,0.0489,0,20202962020
995,2020297,1620,2020,297,16,20,NA,NA,T,NA,NA,NA,NA,20202971620
996,2020297,1800,2020,297,18,0,19.3375,-99.18296359,T,0.082,0.061,0.0113,0,20202971800
997,2020297,1925,2020,297,19,25,19.3375,-99.18296359,A,0.131,0.09775,0.013,0,20202971925
998,2020297,2105,2020,297,21,5,NA,NA,A,NA,NA,NA,NA,20202972105
999,2020298,1705,2020,298,17,5,19.3375,-99.18296359,T,0.0935,0.0695,0.0728,0,20202981705
1000,2020298,2005,2020,298,20,5,NA,NA,A,NA,NA,NA,NA,20202982005
1001,2020298,2010,2020,298,20,10,19.3375,-99.18296359,A,0.14325,0.107,0.071,0,20202982010
1002,2020299,1610,2020,299,16,10,NA,NA,T,NA,NA,NA,NA,20202991610
1003,2020299,1750,2020,299,17,50,19.3375,-99.18296359,T,0.08275,0.06175,0.0176,0,20202991750
1004,2020299,1910,2020,299,19,10,NA,NA,A,NA,NA,NA,NA,20202991910
1005,2020299,1915,2020,299,19,15,NA,NA,A,NA,NA,NA,NA,20202991915
1006,2020299,2055,2020,299,20,55,NA,NA,A,NA,NA,NA,NA,20202992055
1007,2020300,1655,2020,300,16,55,19.3375,-99.18296359,T,0.15875,0.11875,0.0397,0,20203001655
1008,2020300,1830,2020,300,18,30,NA,NA,T,NA,NA,NA,NA,20203001830
1009,2020300,2000,2020,300,20,0,19.3375,-99.18296359,A,0.1935,0.1445,0.0559,0,20203002000
1010,2020301,1555,2020,301,15,55,NA,NA,T,NA,NA,NA,NA,20203011555
1011,2020301,1735,2020,301,17,35,19.3375,-99.18296359,T,0.322,0.2405,0.03,0,20203011735
1012,2020301,2035,2020,301,20,35,NA,NA,A,NA,NA,NA,NA,20203012035
1013,2020301,2040,2020,301,20,40,NA,NA,A,NA,NA,NA,NA,20203012040
1014,2020302,1640,2020,302,16,40,19.3375,-99.18296359,T,0.4115,0.3075,0.0243,0,20203021640
1015,2020302,1815,2020,302,18,15,NA,NA,T,NA,NA,NA,NA,20203021815
1016,2020302,1940,2020,302,19,40,NA,NA,A,NA,NA,NA,NA,20203021940
1017,2020302,1945,2020,302,19,45,NA,NA,A,NA,NA,NA,NA,20203021945
1018,2020303,1725,2020,303,17,25,NA,NA,T,NA,NA,NA,NA,20203031725
1019,2020303,2025,2020,303,20,25,NA,NA,A,NA,NA,NA,NA,20203032025
1020,2020303,2030,2020,303,20,30,NA,NA,A,NA,NA,NA,NA,20203032030
1021,2020304,1630,2020,304,16,30,NA,NA,T,NA,NA,NA,NA,20203041630
1022,2020304,1805,2020,304,18,5,NA,NA,T,NA,NA,NA,NA,20203041805
1023,2020304,1935,2020,304,19,35,19.3375,-99.18296359,A,0.374,0.2795,0.0161,0,20203041935
1024,2020304,2110,2020,304,21,10,NA,NA,A,NA,NA,NA,NA,20203042110
1025,2020305,1710,2020,305,17,10,19.3375,-99.18296359,T,0.13225,0.09875,0.0774,0,20203051710
1026,2020305,2015,2020,305,20,15,19.3375,-99.18296359,A,0.429,0.32025,0.0512,0,20203052015
1027,2020306,1615,2020,306,16,15,NA,NA,T,NA,NA,NA,NA,20203061615
1028,2020306,1755,2020,306,17,55,NA,NA,T,NA,NA,NA,NA,20203061755
1029,2020306,2055,2020,306,20,55,NA,NA,A,NA,NA,NA,NA,20203062055
1030,2020306,2100,2020,306,21,0,NA,NA,A,NA,NA,NA,NA,20203062100
1031,2020307,1700,2020,307,17,0,19.3375,-99.18296359,T,0.144,0.10775,0.0571,0,20203071700
1032,2020307,2000,2020,307,20,0,NA,NA,A,NA,NA,NA,NA,20203072000
1033,2020307,2005,2020,307,20,5,19.3375,-99.18296359,A,0.19625,0.1465,0.0702,0,20203072005
1034,2020308,1605,2020,308,16,5,NA,NA,T,NA,NA,NA,NA,20203081605
1035,2020308,1740,2020,308,17,40,19.3375,-99.18296359,T,0.13425,0.1,0.0286,0,20203081740
1036,2020308,1910,2020,308,19,10,NA,NA,A,NA,NA,NA,NA,20203081910
1037,2020308,2045,2020,308,20,45,NA,NA,A,NA,NA,NA,NA,20203082045
1038,2020309,1645,2020,309,16,45,19.3375,-99.18296359,T,0.15625,0.1165,0.0342,0,20203091645
1039,2020309,1825,2020,309,18,25,NA,NA,T,NA,NA,NA,NA,20203091825
1040,2020309,1950,2020,309,19,50,19.3375,-99.18296359,A,0.0475,0.03575,0.0511,0,20203091950
1041,2020310,1730,2020,310,17,30,19.3375,-99.18296359,T,0.19775,0.14775,0.0457,0,20203101730
1042,2020310,2030,2020,310,20,30,NA,NA,A,NA,NA,NA,NA,20203102030
1043,2020310,2035,2020,310,20,35,19.3375,-99.18296359,A,0.20875,0.156,0.0314,0,20203102035
1044,2020311,1635,2020,311,16,35,19.3375,-99.18296359,T,0.6015,0.4495,0.0248,0,20203111635
1045,2020311,1810,2020,311,18,10,NA,NA,T,NA,NA,NA,NA,20203111810
1046,2020311,1935,2020,311,19,35,NA,NA,A,NA,NA,NA,NA,20203111935
1047,2020311,1940,2020,311,19,40,19.3375,-99.18296359,A,0.584,0.43625,0.0228,0,20203111940
1048,2020312,1715,2020,312,17,15,19.3375,-99.18296359,T,0.35,0.2615,0.0788,0,20203121715
1049,2020312,2020,2020,312,20,20,NA,NA,A,NA,NA,NA,NA,20203122020
1050,2020313,1620,2020,313,16,20,NA,NA,T,NA,NA,NA,NA,20203131620
1051,2020313,1800,2020,313,18,0,19.3375,-99.18296359,T,0.21925,0.1635,0.0105,0,20203131800
1052,2020313,1925,2020,313,19,25,19.3375,-99.18296359,A,0.39425,0.2945,0.0121,0,20203131925
1053,2020313,2105,2020,313,21,5,NA,NA,A,NA,NA,NA,NA,20203132105
1054,2020314,1705,2020,314,17,5,NA,NA,T,NA,NA,NA,NA,20203141705
1055,2020314,2005,2020,314,20,5,NA,NA,A,NA,NA,NA,NA,20203142005
1056,2020314,2010,2020,314,20,10,NA,NA,A,NA,NA,NA,NA,20203142010
1057,2020315,1610,2020,315,16,10,NA,NA,T,NA,NA,NA,NA,20203151610
1058,2020315,1750,2020,315,17,50,19.3375,-99.18296359,T,0.09925,0.074,0.0171,0,20203151750
1059,2020315,1910,2020,315,19,10,NA,NA,A,NA,NA,NA,NA,20203151910
1060,2020315,1915,2020,315,19,15,19.3375,-99.18296359,A,0.28575,0.21325,0.0076,0,20203151915
1061,2020315,2055,2020,315,20,55,NA,NA,A,NA,NA,NA,NA,20203152055
1062,2020316,1655,2020,316,16,55,19.3375,-99.18296359,T,0.17925,0.13375,0.0412,0,20203161655
1063,2020316,1830,2020,316,18,30,NA,NA,T,NA,NA,NA,NA,20203161830
1064,2020316,2000,2020,316,20,0,NA,NA,A,NA,NA,NA,NA,20203162000
1065,2020317,1555,2020,317,15,55,NA,NA,T,NA,NA,NA,NA,20203171555
1066,2020317,1735,2020,317,17,35,19.3375,-99.18296359,T,0.118,0.088,0.0315,0,20203171735
1067,2020317,2035,2020,317,20,35,NA,NA,A,NA,NA,NA,NA,20203172035
1068,2020317,2040,2020,317,20,40,19.3375,-99.18296359,A,0.26775,0.2,0.0262,0,20203172040
1069,2020318,1640,2020,318,16,40,19.3375,-99.18296359,T,0.07475,0.0555,0.028,0,20203181640
1070,2020318,1815,2020,318,18,15,NA,NA,T,NA,NA,NA,NA,20203181815
1071,2020318,1940,2020,318,19,40,NA,NA,A,NA,NA,NA,NA,20203181940
1072,2020318,1945,2020,318,19,45,19.3375,-99.18296359,A,0.18225,0.136,0.0296,0,20203181945
1073,2020319,1725,2020,319,17,25,19.3375,-99.18296359,T,0.095,0.07075,0.0553,0,20203191725
1074,2020319,2025,2020,319,20,25,NA,NA,A,NA,NA,NA,NA,20203192025
1075,2020319,2030,2020,319,20,30,19.3375,-99.18296359,A,0.29825,0.22275,0.0359,0,20203192030
1076,2020320,1630,2020,320,16,30,NA,NA,T,NA,NA,NA,NA,20203201630
1077,2020320,1805,2020,320,18,5,NA,NA,T,NA,NA,NA,NA,20203201805
1078,2020320,1935,2020,320,19,35,19.3375,-99.18296359,A,0.17775,0.1325,0.015,0,20203201935
1079,2020320,2110,2020,320,21,10,NA,NA,A,NA,NA,NA,NA,20203202110
1080,2020321,1710,2020,321,17,10,19.3375,-99.18296359,T,0.124,0.09225,0.0735,0,20203211710
1081,2020321,2015,2020,321,20,15,19.3375,-99.18296359,A,0.101,0.0755,0.0561,0,20203212015
1082,2020322,1615,2020,322,16,15,NA,NA,T,NA,NA,NA,NA,20203221615
1083,2020322,1755,2020,322,17,55,NA,NA,T,NA,NA,NA,NA,20203221755
1084,2020322,2055,2020,322,20,55,NA,NA,A,NA,NA,NA,NA,20203222055
1085,2020322,2100,2020,322,21,0,NA,NA,A,NA,NA,NA,NA,20203222100
1086,2020323,1700,2020,323,17,0,NA,NA,T,NA,NA,NA,NA,20203231700
1087,2020323,2000,2020,323,20,0,NA,NA,A,NA,NA,NA,NA,20203232000
1088,2020323,2005,2020,323,20,5,NA,NA,A,NA,NA,NA,NA,20203232005
1089,2020324,1605,2020,324,16,5,NA,NA,T,NA,NA,NA,NA,20203241605
1090,2020324,1740,2020,324,17,40,19.3375,-99.18296359,T,0.02775,0.0205,0.0217,0,20203241740
1091,2020324,1910,2020,324,19,10,NA,NA,A,NA,NA,NA,NA,20203241910
1092,2020324,2045,2020,324,20,45,NA,NA,A,NA,NA,NA,NA,20203242045
1093,2020325,1645,2020,325,16,45,NA,NA,T,NA,NA,NA,NA,20203251645
1094,2020325,1825,2020,325,18,25,NA,NA,T,NA,NA,NA,NA,20203251825
1095,2020325,1950,2020,325,19,50,NA,NA,A,NA,NA,NA,NA,20203251950
1096,2020326,1730,2020,326,17,30,NA,NA,T,NA,NA,NA,NA,20203261730
1097,2020326,2030,2020,326,20,30,NA,NA,A,NA,NA,NA,NA,20203262030
1098,2020326,2035,2020,326,20,35,NA,NA,A,NA,NA,NA,NA,20203262035
1099,2020327,1635,2020,327,16,35,19.3375,-99.18296359,T,0.098,0.07325,0.0203,0,20203271635
1100,2020327,1810,2020,327,18,10,NA,NA,T,NA,NA,NA,NA,20203271810
1101,2020327,1935,2020,327,19,35,NA,NA,A,NA,NA,NA,NA,20203271935
1102,2020327,1940,2020,327,19,40,19.3375,-99.18296359,A,0.1875,0.14,0.0203,0,20203271940
1103,2020328,1715,2020,328,17,15,19.3375,-99.18296359,T,0.0825,0.06175,0.0653,0,20203281715
1104,2020328,2020,2020,328,20,20,19.3375,-99.18296359,A,0.1395,0.10375,0.0359,0,20203282020
1105,2020329,1620,2020,329,16,20,NA,NA,T,NA,NA,NA,NA,20203291620
1106,2020329,1800,2020,329,18,0,19.3375,-99.18296359,T,0.0485,0.036,0.0093,0,20203291800
1107,2020329,1925,2020,329,19,25,19.3375,-99.18296359,A,0.20925,0.156,0.0112,0,20203291925
1108,2020329,2105,2020,329,21,5,NA,NA,A,NA,NA,NA,NA,20203292105
1109,2020330,1705,2020,330,17,5,19.3375,-99.18296359,T,0.10275,0.0765,0.0506,0,20203301705
1110,2020330,2005,2020,330,20,5,NA,NA,A,NA,NA,NA,NA,20203302005
1111,2020330,2010,2020,330,20,10,19.3375,-99.18296359,A,0.3505,0.26175,0.0504,0,20203302010
1112,2020331,1610,2020,331,16,10,NA,NA,T,NA,NA,NA,NA,20203311610
1113,2020331,1750,2020,331,17,50,19.3375,-99.18296359,T,0.1475,0.11025,0.0151,0,20203311750
1114,2020331,1910,2020,331,19,10,NA,NA,A,NA,NA,NA,NA,20203311910
1115,2020331,1915,2020,331,19,15,19.3375,-99.18296359,A,0.203,0.1515,0.007,0,20203311915
1116,2020331,2055,2020,331,20,55,NA,NA,A,NA,NA,NA,NA,20203312055
1117,2020332,1655,2020,332,16,55,19.3375,-99.18296359,T,0.0625,0.0465,0.0316,0,20203321655
1118,2020332,1830,2020,332,18,30,NA,NA,T,NA,NA,NA,NA,20203321830
1119,2020332,2000,2020,332,20,0,19.3375,-99.18296359,A,0.08575,0.064,0.0514,0,20203322000
1120,2020333,1555,2020,333,15,55,NA,NA,T,NA,NA,NA,NA,20203331555
1121,2020333,1735,2020,333,17,35,19.3375,-99.18296359,T,0.098,0.07325,0.0286,0,20203331735
1122,2020333,2035,2020,333,20,35,NA,NA,A,NA,NA,NA,NA,20203332035
1123,2020333,2040,2020,333,20,40,19.3375,-99.18296359,A,0.16975,0.127,0.0198,0,20203332040
1124,2020334,1640,2020,334,16,40,19.3375,-99.18296359,T,0.17475,0.1305,0.0206,0,20203341640
1125,2020334,1815,2020,334,18,15,NA,NA,T,NA,NA,NA,NA,20203341815
1126,2020334,1940,2020,334,19,40,NA,NA,A,NA,NA,NA,NA,20203341940
1127,2020334,1945,2020,334,19,45,19.3375,-99.18296359,A,0.4085,0.305,0.0289,0,20203341945
1128,2020335,1725,2020,335,17,25,NA,NA,T,NA,NA,NA,NA,20203351725
1129,2020335,2025,2020,335,20,25,NA,NA,A,NA,NA,NA,NA,20203352025
1130,2020335,2030,2020,335,20,30,NA,NA,A,NA,NA,NA,NA,20203352030
1131,2020336,1630,2020,336,16,30,NA,NA,T,NA,NA,NA,NA,20203361630
1132,2020336,1805,2020,336,18,5,NA,NA,T,NA,NA,NA,NA,20203361805
1133,2020336,1935,2020,336,19,35,NA,NA,A,NA,NA,NA,NA,20203361935
1134,2020336,2110,2020,336,21,10,NA,NA,A,NA,NA,NA,NA,20203362110
1135,2020337,1710,2020,337,17,10,19.3375,-99.17413201,T,0.28,0.209,0.0655,0,20203371710
1136,2020337,2015,2020,337,20,15,NA,NA,A,NA,NA,NA,NA,20203372015
1137,2020338,1615,2020,338,16,15,NA,NA,T,NA,NA,NA,NA,20203381615
1138,2020338,1755,2020,338,17,55,NA,NA,T,NA,NA,NA,NA,20203381755
1139,2020338,2055,2020,338,20,55,NA,NA,A,NA,NA,NA,NA,20203382055
1140,2020338,2100,2020,338,21,0,NA,NA,A,NA,NA,NA,NA,20203382100
1141,2020339,1700,2020,339,17,0,NA,NA,T,NA,NA,NA,NA,20203391700
1142,2020339,2000,2020,339,20,0,NA,NA,A,NA,NA,NA,NA,20203392000
1143,2020339,2005,2020,339,20,5,NA,NA,A,NA,NA,NA,NA,20203392005
1144,2020340,1605,2020,340,16,5,NA,NA,T,NA,NA,NA,NA,20203401605
1145,2020340,1740,2020,340,17,40,NA,NA,T,NA,NA,NA,NA,20203401740
1146,2020340,1910,2020,340,19,10,NA,NA,A,NA,NA,NA,NA,20203401910
1147,2020340,2045,2020,340,20,45,NA,NA,A,NA,NA,NA,NA,20203402045
1148,2020341,1645,2020,341,16,45,19.3375,-99.18296359,T,0.16525,0.12325,0.0233,0,20203411645
1149,2020341,1820,2020,341,18,20,NA,NA,T,NA,NA,NA,NA,20203411820
1150,2020341,1950,2020,341,19,50,NA,NA,A,NA,NA,NA,NA,20203411950
1151,2020342,1730,2020,342,17,30,NA,NA,T,NA,NA,NA,NA,20203421730
1152,2020342,2030,2020,342,20,30,NA,NA,A,NA,NA,NA,NA,20203422030
1153,2020342,2035,2020,342,20,35,NA,NA,A,NA,NA,NA,NA,20203422035
1154,2020343,1635,2020,343,16,35,19.3375,-99.18296359,T,0.3325,0.2485,0.0177,0,20203431635
1155,2020343,1810,2020,343,18,10,NA,NA,T,NA,NA,NA,NA,20203431810
1156,2020343,1935,2020,343,19,35,NA,NA,A,NA,NA,NA,NA,20203431935
1157,2020343,1940,2020,343,19,40,NA,NA,A,NA,NA,NA,NA,20203431940
1158,2020344,1715,2020,344,17,15,19.3375,-99.18296359,T,0.403,0.30075,0.0605,0,20203441715
1159,2020344,2020,2020,344,20,20,NA,NA,A,NA,NA,NA,NA,20203442020
1160,2020345,1620,2020,345,16,20,NA,NA,T,NA,NA,NA,NA,20203451620
1161,2020345,1800,2020,345,18,0,19.3375,-99.18296359,T,0.4125,0.308,0.01,0,20203451800
1162,2020345,1925,2020,345,19,25,NA,NA,A,NA,NA,NA,NA,20203451925
1163,2020345,2105,2020,345,21,5,NA,NA,A,NA,NA,NA,NA,20203452105
1164,2020346,1705,2020,346,17,5,19.3375,-99.18296359,T,0.2875,0.2145,0.0473,0,20203461705
1165,2020346,2005,2020,346,20,5,NA,NA,A,NA,NA,NA,NA,20203462005
1166,2020346,2010,2020,346,20,10,NA,NA,A,NA,NA,NA,NA,20203462010
1167,2020347,1610,2020,347,16,10,NA,NA,T,NA,NA,NA,NA,20203471610
1168,2020347,1750,2020,347,17,50,19.3375,-99.18296359,T,0.39725,0.29675,0.0147,0,20203471750
1169,2020347,1910,2020,347,19,10,NA,NA,A,NA,NA,NA,NA,20203471910
1170,2020347,1915,2020,347,19,15,NA,NA,A,NA,NA,NA,NA,20203471915
1171,2020347,2055,2020,347,20,55,NA,NA,A,NA,NA,NA,NA,20203472055
1172,2020348,1655,2020,348,16,55,19.3375,-99.18296359,T,0.09325,0.06975,0.0308,0,20203481655
1173,2020348,1830,2020,348,18,30,NA,NA,T,NA,NA,NA,NA,20203481830
1174,2020348,2000,2020,348,20,0,19.3375,-99.18296359,A,0.067,0.05,0.0562,0,20203482000
1175,2020349,1555,2020,349,15,55,NA,NA,T,NA,NA,NA,NA,20203491555
1176,2020349,1735,2020,349,17,35,19.3375,-99.18296359,T,0.32575,0.24325,0.0276,0,20203491735
1177,2020349,2035,2020,349,20,35,NA,NA,A,NA,NA,NA,NA,20203492035
1178,2020349,2040,2020,349,20,40,NA,NA,A,NA,NA,NA,NA,20203492040
1179,2020350,1640,2020,350,16,40,19.3375,-99.18296359,T,0.0845,0.063,0.0217,0,20203501640
1180,2020350,1815,2020,350,18,15,NA,NA,T,NA,NA,NA,NA,20203501815
1181,2020350,1940,2020,350,19,40,NA,NA,A,NA,NA,NA,NA,20203501940
1182,2020350,1945,2020,350,19,45,19.3375,-99.18296359,A,0.14275,0.1065,0.03,0,20203501945
1183,2020351,1725,2020,351,17,25,NA,NA,T,NA,NA,NA,NA,20203511725
1184,2020351,2025,2020,351,20,25,NA,NA,A,NA,NA,NA,NA,20203512025
1185,2020351,2030,2020,351,20,30,NA,NA,A,NA,NA,NA,NA,20203512030
1186,2020352,1630,2020,352,16,30,NA,NA,T,NA,NA,NA,NA,20203521630
1187,2020352,1805,2020,352,18,5,NA,NA,T,NA,NA,NA,NA,20203521805
1188,2020352,1935,2020,352,19,35,NA,NA,A,NA,NA,NA,NA,20203521935
1189,2020352,2110,2020,352,21,10,NA,NA,A,NA,NA,NA,NA,20203522110
1190,2020353,1710,2020,353,17,10,19.3375,-99.18296359,T,0.22575,0.169,0.0607,0,20203531710
1191,2020353,2015,2020,353,20,15,NA,NA,A,NA,NA,NA,NA,20203532015
1192,2020354,1615,2020,354,16,15,NA,NA,T,NA,NA,NA,NA,20203541615
1193,2020354,1755,2020,354,17,55,19.3375,-99.18296359,T,0.395,0.295,0.0102,0,20203541755
1194,2020354,2055,2020,354,20,55,19.3375,-99.18296359,A,0.46525,0.34725,0.0086,0,20203542055
1195,2020354,2100,2020,354,21,0,NA,NA,A,NA,NA,NA,NA,20203542100
1196,2020355,1700,2020,355,17,0,19.3375,-99.18296359,T,0.3045,0.22725,0.0372,0,20203551700
1197,2020355,2000,2020,355,20,0,NA,NA,A,NA,NA,NA,NA,20203552000
1198,2020355,2005,2020,355,20,5,NA,NA,A,NA,NA,NA,NA,20203552005
1199,2020356,1605,2020,356,16,5,NA,NA,T,NA,NA,NA,NA,20203561605
1200,2020356,1740,2020,356,17,40,19.3375,-99.18296359,T,0.56275,0.4205,0.0175,0,20203561740
1201,2020356,1910,2020,356,19,10,NA,NA,A,NA,NA,NA,NA,20203561910
1202,2020356,2045,2020,356,20,45,NA,NA,A,NA,NA,NA,NA,20203562045
1203,2020357,1645,2020,357,16,45,19.3375,-99.18296359,T,0.41675,0.31125,0.025,0,20203571645
1204,2020357,1820,2020,357,18,20,NA,NA,T,NA,NA,NA,NA,20203571820
1205,2020357,1950,2020,357,19,50,NA,NA,A,NA,NA,NA,NA,20203571950
1206,2020358,1730,2020,358,17,30,19.3375,-99.18296359,T,0.39175,0.2925,0.0329,0,20203581730
1207,2020358,2030,2020,358,20,30,NA,NA,A,NA,NA,NA,NA,20203582030
1208,2020358,2035,2020,358,20,35,NA,NA,A,NA,NA,NA,NA,20203582035
1209,2020359,1635,2020,359,16,35,19.3375,-99.18296359,T,0.26,0.19425,0.0192,0,20203591635
1210,2020359,1810,2020,359,18,10,NA,NA,T,NA,NA,NA,NA,20203591810
1211,2020359,1935,2020,359,19,35,NA,NA,A,NA,NA,NA,NA,20203591935
1212,2020359,1940,2020,359,19,40,19.3375,-99.18296359,A,0.5015,0.3745,0.0202,0,20203591940
1213,2020360,1715,2020,360,17,15,19.3375,-99.18296359,T,0.64375,0.48125,0.0555,0,20203601715
1214,2020360,2020,2020,360,20,20,NA,NA,A,NA,NA,NA,NA,20203602020
1215,2020361,1620,2020,361,16,20,NA,NA,T,NA,NA,NA,NA,20203611620
1216,2020361,1800,2020,361,18,0,19.3375,-99.18296359,T,0.24133,0.18,0.0079,0,20203611800
1217,2020361,1925,2020,361,19,25,NA,NA,A,NA,NA,NA,NA,20203611925
1218,2020361,2105,2020,361,21,5,NA,NA,A,NA,NA,NA,NA,20203612105
1219,2020362,1705,2020,362,17,5,19.3375,-99.18296359,T,0.059,0.0435,0.0448,0,20203621705
1220,2020362,2005,2020,362,20,5,NA,NA,A,NA,NA,NA,NA,20203622005
1221,2020362,2010,2020,362,20,10,19.3375,-99.18296359,A,0.093,0.06925,0.0484,0,20203622010
1222,2020363,1610,2020,363,16,10,NA,NA,T,NA,NA,NA,NA,20203631610
1223,2020363,1750,2020,363,17,50,19.3375,-99.18296359,T,0.04225,0.0315,0.0127,0,20203631750
1224,2020363,1910,2020,363,19,10,NA,NA,A,NA,NA,NA,NA,20203631910
1225,2020363,1915,2020,363,19,15,19.3375,-99.18296359,A,0.113,0.08425,0.0073,0,20203631915
1226,2020363,2055,2020,363,20,55,NA,NA,A,NA,NA,NA,NA,20203632055
1227,2020364,1650,2020,364,16,50,19.3375,-99.18296359,T,0.16175,0.1205,0.029,0,20203641650
1228,2020364,1830,2020,364,18,30,NA,NA,T,NA,NA,NA,NA,20203641830
1229,2020364,2000,2020,364,20,0,19.3375,-99.18296359,A,0.12075,0.09,0.0517,0,20203642000
1230,2020365,1555,2020,365,15,55,NA,NA,T,NA,NA,NA,NA,20203651555
1231,2020365,1735,2020,365,17,35,19.3375,-99.18296359,T,0.18275,0.1365,0.0245,0,20203651735
1232,2020365,2035,2020,365,20,35,NA,NA,A,NA,NA,NA,NA,20203652035
1233,2020365,2040,2020,365,20,40,19.3375,-99.18296359,A,0.16475,0.123,0.02,0,20203652040
1234,2020366,1640,2020,366,16,40,NA,NA,T,NA,NA,NA,NA,20203661640
1235,2020366,1815,2020,366,18,15,NA,NA,T,NA,NA,NA,NA,20203661815
1236,2020366,1940,2020,366,19,40,NA,NA,A,NA,NA,NA,NA,20203661940
1237,2020366,1945,2020,366,19,45,NA,NA,A,NA,NA,NA,NA,20203661945
1,2021001,1725,2021,1,17,25,19.3375,-99.18296359,T,0.0365,0.02725,0.0441,0,20210011725
2,2021001,2025,2021,1,20,25,NA,NA,A,NA,NA,NA,NA,20210012025
3,2021001,2030,2021,1,20,30,19.3375,-99.18296359,A,0.03225,0.02425,0.0272,0,20210012030
4,2021002,1630,2021,2,16,30,NA,NA,T,NA,NA,NA,NA,20210021630
5,2021002,1805,2021,2,18,5,NA,NA,T,NA,NA,NA,NA,20210021805
6,2021002,1935,2021,2,19,35,19.3375,-99.18296359,A,0.16875,0.126,0.0153,0,20210021935
7,2021002,2110,2021,2,21,10,NA,NA,A,NA,NA,NA,NA,20210022110
8,2021003,1710,2021,3,17,10,19.3375,-99.18296359,T,0.0365,0.027,0.0574,0,20210031710
9,2021003,2015,2021,3,20,15,19.3375,-99.18296359,A,0.09625,0.0715,0.0428,0,20210032015
10,2021004,1615,2021,4,16,15,NA,NA,T,NA,NA,NA,NA,20210041615
11,2021004,1755,2021,4,17,55,19.3375,-99.18296359,T,0.17825,0.133,0.01,0,20210041755
12,2021004,2055,2021,4,20,55,19.3375,-99.18296359,A,0.32275,0.241,0.0094,0,20210042055
13,2021004,2100,2021,4,21,0,NA,NA,A,NA,NA,NA,NA,20210042100
14,2021005,1700,2021,5,17,0,NA,NA,T,NA,NA,NA,NA,20210051700
15,2021005,2000,2021,5,20,0,NA,NA,A,NA,NA,NA,NA,20210052000
16,2021005,2005,2021,5,20,5,NA,NA,A,NA,NA,NA,NA,20210052005
17,2021006,1605,2021,6,16,5,NA,NA,T,NA,NA,NA,NA,20210061605
18,2021006,1740,2021,6,17,40,NA,NA,T,NA,NA,NA,NA,20210061740
19,2021006,1910,2021,6,19,10,NA,NA,A,NA,NA,NA,NA,20210061910
20,2021006,2045,2021,6,20,45,NA,NA,A,NA,NA,NA,NA,20210062045
21,2021007,1645,2021,7,16,45,NA,NA,T,NA,NA,NA,NA,20210071645
22,2021007,1820,2021,7,18,20,NA,NA,T,NA,NA,NA,NA,20210071820
23,2021007,1950,2021,7,19,50,NA,NA,A,NA,NA,NA,NA,20210071950
24,2021008,1730,2021,8,17,30,19.3375,-99.18296359,T,0.30375,0.22675,0.0332,0,20210081730
25,2021008,2030,2021,8,20,30,NA,NA,A,NA,NA,NA,NA,20210082030
26,2021008,2035,2021,8,20,35,NA,NA,A,NA,NA,NA,NA,20210082035
27,2021009,1635,2021,9,16,35,NA,NA,T,NA,NA,NA,NA,20210091635
28,2021009,1810,2021,9,18,10,NA,NA,T,NA,NA,NA,NA,20210091810
29,2021009,1935,2021,9,19,35,NA,NA,A,NA,NA,NA,NA,20210091935
30,2021009,1940,2021,9,19,40,NA,NA,A,NA,NA,NA,NA,20210091940
31,2021010,1715,2021,10,17,15,NA,NA,T,NA,NA,NA,NA,20210101715
32,2021010,2020,2021,10,20,20,NA,NA,A,NA,NA,NA,NA,20210102020
33,2021011,1620,2021,11,16,20,NA,NA,T,NA,NA,NA,NA,20210111620
34,2021011,1800,2021,11,18,0,NA,NA,T,NA,NA,NA,NA,20210111800
35,2021011,1925,2021,11,19,25,NA,NA,A,NA,NA,NA,NA,20210111925
36,2021011,2105,2021,11,21,5,NA,NA,A,NA,NA,NA,NA,20210112105
37,2021012,1705,2021,12,17,5,NA,NA,T,NA,NA,NA,NA,20210121705
38,2021012,2005,2021,12,20,5,NA,NA,A,NA,NA,NA,NA,20210122005
39,2021012,2010,2021,12,20,10,NA,NA,A,NA,NA,NA,NA,20210122010
40,2021013,1610,2021,13,16,10,NA,NA,T,NA,NA,NA,NA,20210131610
41,2021013,1745,2021,13,17,45,NA,NA,T,NA,NA,NA,NA,20210131745
42,2021013,1910,2021,13,19,10,NA,NA,A,NA,NA,NA,NA,20210131910
43,2021013,1915,2021,13,19,15,NA,NA,A,NA,NA,NA,NA,20210131915
44,2021013,2055,2021,13,20,55,NA,NA,A,NA,NA,NA,NA,20210132055
45,2021014,1650,2021,14,16,50,NA,NA,T,NA,NA,NA,NA,20210141650
46,2021014,1830,2021,14,18,30,NA,NA,T,NA,NA,NA,NA,20210141830
47,2021014,2000,2021,14,20,0,NA,NA,A,NA,NA,NA,NA,20210142000
48,2021015,1555,2021,15,15,55,NA,NA,T,NA,NA,NA,NA,20210151555
49,2021015,1735,2021,15,17,35,NA,NA,T,NA,NA,NA,NA,20210151735
50,2021015,2035,2021,15,20,35,NA,NA,A,NA,NA,NA,NA,20210152035
51,2021015,2040,2021,15,20,40,NA,NA,A,NA,NA,NA,NA,20210152040
52,2021016,1640,2021,16,16,40,NA,NA,T,NA,NA,NA,NA,20210161640
53,2021016,1815,2021,16,18,15,NA,NA,T,NA,NA,NA,NA,20210161815
54,2021016,1940,2021,16,19,40,NA,NA,A,NA,NA,NA,NA,20210161940
55,2021016,1945,2021,16,19,45,NA,NA,A,NA,NA,NA,NA,20210161945
56,2021017,1725,2021,17,17,25,NA,NA,T,NA,NA,NA,NA,20210171725
57,2021017,2025,2021,17,20,25,NA,NA,A,NA,NA,NA,NA,20210172025
58,2021017,2030,2021,17,20,30,NA,NA,A,NA,NA,NA,NA,20210172030
59,2021018,1630,2021,18,16,30,NA,NA,T,NA,NA,NA,NA,20210181630
60,2021018,1805,2021,18,18,5,NA,NA,T,NA,NA,NA,NA,20210181805
61,2021018,1935,2021,18,19,35,19.3375,-99.18296359,A,0.49375,0.3685,0.0171,0,20210181935
62,2021018,2110,2021,18,21,10,NA,NA,A,NA,NA,NA,NA,20210182110
63,2021019,1710,2021,19,17,10,19.3375,-99.18296359,T,0.18775,0.14,0.0509,0,20210191710
64,2021019,2015,2021,19,20,15,NA,NA,A,NA,NA,NA,NA,20210192015
65,2021020,1615,2021,20,16,15,NA,NA,T,NA,NA,NA,NA,20210201615
66,2021020,1755,2021,20,17,55,19.3375,-99.18296359,T,0.239,0.17875,0.0098,0,20210201755
67,2021020,1915,2021,20,19,15,NA,NA,A,NA,NA,NA,NA,20210201915
68,2021020,2055,2021,20,20,55,NA,NA,A,NA,NA,NA,NA,20210202055
69,2021020,2100,2021,20,21,0,NA,NA,A,NA,NA,NA,NA,20210202100
70,2021021,1700,2021,21,17,0,19.3375,-99.18296359,T,0.11975,0.08925,0.0376,0,20210211700
71,2021021,2000,2021,21,20,0,NA,NA,A,NA,NA,NA,NA,20210212000
72,2021021,2005,2021,21,20,5,19.3375,-99.18296359,A,0.102,0.07625,0.0618,0,20210212005
73,2021022,1605,2021,22,16,5,NA,NA,T,NA,NA,NA,NA,20210221605
74,2021022,1740,2021,22,17,40,19.3375,-99.18296359,T,0.1295,0.0965,0.0178,0,20210221740
75,2021022,1910,2021,22,19,10,NA,NA,A,NA,NA,NA,NA,20210221910
76,2021022,2045,2021,22,20,45,NA,NA,A,NA,NA,NA,NA,20210222045
77,2021023,1645,2021,23,16,45,NA,NA,T,NA,NA,NA,NA,20210231645
78,2021023,1820,2021,23,18,20,NA,NA,T,NA,NA,NA,NA,20210231820
79,2021023,1950,2021,23,19,50,NA,NA,A,NA,NA,NA,NA,20210231950
80,2021024,1730,2021,24,17,30,NA,NA,T,NA,NA,NA,NA,20210241730
81,2021024,2030,2021,24,20,30,NA,NA,A,NA,NA,NA,NA,20210242030
82,2021024,2035,2021,24,20,35,NA,NA,A,NA,NA,NA,NA,20210242035
83,2021025,1635,2021,25,16,35,19.3375,-99.18296359,T,0.1075,0.08,0.0207,0,20210251635
84,2021025,1810,2021,25,18,10,NA,NA,T,NA,NA,NA,NA,20210251810
85,2021025,1935,2021,25,19,35,NA,NA,A,NA,NA,NA,NA,20210251935
86,2021025,1940,2021,25,19,40,19.3375,-99.18296359,A,0.17925,0.134,0.0266,0,20210251940
87,2021026,1715,2021,26,17,15,19.3375,-99.18296359,T,0.1125,0.084,0.0597,0,20210261715
88,2021026,2020,2021,26,20,20,NA,NA,A,NA,NA,NA,NA,20210262020
89,2021027,1620,2021,27,16,20,NA,NA,T,NA,NA,NA,NA,20210271620
90,2021027,1800,2021,27,18,0,19.3375,-99.18296359,T,0.192,0.1435,0.0087,0,20210271800
91,2021027,1925,2021,27,19,25,19.3375,-99.18296359,A,0.32775,0.24475,0.0149,0,20210271925
92,2021027,2105,2021,27,21,5,NA,NA,A,NA,NA,NA,NA,20210272105
93,2021028,1705,2021,28,17,5,19.3375,-99.18296359,T,0.198,0.148,0.0532,0,20210281705
94,2021028,2005,2021,28,20,5,NA,NA,A,NA,NA,NA,NA,20210282005
95,2021028,2010,2021,28,20,10,NA,NA,A,NA,NA,NA,NA,20210282010
96,2021029,1610,2021,29,16,10,NA,NA,T,NA,NA,NA,NA,20210291610
97,2021029,1745,2021,29,17,45,19.32916666,-99.18673365,T,0.351,0.262,0.0135,0,20210291745
98,2021029,1910,2021,29,19,10,NA,NA,A,NA,NA,NA,NA,20210291910
99,2021029,1915,2021,29,19,15,NA,NA,A,NA,NA,NA,NA,20210291915
100,2021029,2055,2021,29,20,55,NA,NA,A,NA,NA,NA,NA,20210292055
101,2021030,1650,2021,30,16,50,19.3375,-99.17413201,T,0.4265,0.319,0.0438,0,20210301650
102,2021030,1830,2021,30,18,30,NA,NA,T,NA,NA,NA,NA,20210301830
103,2021030,2000,2021,30,20,0,19.3375,-99.18296359,A,0.29275,0.21825,0.0654,0,20210302000
104,2021031,1555,2021,31,15,55,NA,NA,T,NA,NA,NA,NA,20210311555
105,2021031,1735,2021,31,17,35,19.3375,-99.18296359,T,0.07725,0.05775,0.0278,0,20210311735
106,2021031,2035,2021,31,20,35,NA,NA,A,NA,NA,NA,NA,20210312035
107,2021031,2040,2021,31,20,40,19.3375,-99.18296359,A,0.193,0.144,0.0231,0,20210312040
108,2021032,1640,2021,32,16,40,NA,NA,T,NA,NA,NA,NA,20210321640
109,2021032,1815,2021,32,18,15,NA,NA,T,NA,NA,NA,NA,20210321815
110,2021032,1940,2021,32,19,40,NA,NA,A,NA,NA,NA,NA,20210321940
111,2021032,1945,2021,32,19,45,NA,NA,A,NA,NA,NA,NA,20210321945
112,2021033,1725,2021,33,17,25,19.3375,-99.18296359,T,0.0885,0.066,0.0515,0,20210331725
113,2021033,2025,2021,33,20,25,NA,NA,A,NA,NA,NA,NA,20210332025
114,2021033,2030,2021,33,20,30,19.3375,-99.18296359,A,0.16375,0.12225,0.0351,0,20210332030
115,2021034,1630,2021,34,16,30,NA,NA,T,NA,NA,NA,NA,20210341630
116,2021034,1805,2021,34,18,5,NA,NA,T,NA,NA,NA,NA,20210341805
117,2021034,1935,2021,34,19,35,19.3375,-99.18296359,A,0.097,0.07225,0.0211,0,20210341935
118,2021034,2110,2021,34,21,10,NA,NA,A,NA,NA,NA,NA,20210342110
119,2021035,1710,2021,35,17,10,19.3375,-99.18296359,T,0.1005,0.075,0.0735,0,20210351710
120,2021035,2015,2021,35,20,15,19.3375,-99.18296359,A,0.09175,0.0685,0.0589,0,20210352015
121,2021036,1615,2021,36,16,15,NA,NA,T,NA,NA,NA,NA,20210361615
122,2021036,1755,2021,36,17,55,19.3375,-99.18296359,T,0.17525,0.131,0.0115,0,20210361755
123,2021036,2055,2021,36,20,55,19.3375,-99.18296359,A,0.27375,0.20425,0.0119,0,20210362055
124,2021036,2100,2021,36,21,0,NA,NA,A,NA,NA,NA,NA,20210362100
125,2021037,1700,2021,37,17,0,19.3375,-99.18296359,T,0.153,0.11475,0.0526,0,20210371700
126,2021037,2000,2021,37,20,0,NA,NA,A,NA,NA,NA,NA,20210372000
127,2021037,2005,2021,37,20,5,19.3375,-99.18296359,A,0.12475,0.09325,0.0873,0,20210372005
128,2021038,1605,2021,38,16,5,NA,NA,T,NA,NA,NA,NA,20210381605
129,2021038,1740,2021,38,17,40,19.3375,-99.18296359,T,0.2765,0.2065,0.0206,0,20210381740
130,2021038,1910,2021,38,19,10,NA,NA,A,NA,NA,NA,NA,20210381910
131,2021038,2045,2021,38,20,45,NA,NA,A,NA,NA,NA,NA,20210382045
132,2021039,1645,2021,39,16,45,19.3375,-99.18296359,T,0.16475,0.12325,0.0328,0,20210391645
133,2021039,1820,2021,39,18,20,NA,NA,T,NA,NA,NA,NA,20210391820
134,2021039,1950,2021,39,19,50,19.3375,-99.18296359,A,0.064,0.04775,0.0586,0,20210391950
135,2021040,1730,2021,40,17,30,19.3375,-99.18296359,T,0.18575,0.13875,0.0421,0,20210401730
136,2021040,2030,2021,40,20,30,NA,NA,A,NA,NA,NA,NA,20210402030
137,2021040,2035,2021,40,20,35,NA,NA,A,NA,NA,NA,NA,20210402035
138,2021041,1635,2021,41,16,35,19.3375,-99.18296359,T,0.59525,0.445,0.0236,0,20210411635
139,2021041,1810,2021,41,18,10,NA,NA,T,NA,NA,NA,NA,20210411810
140,2021041,1935,2021,41,19,35,NA,NA,A,NA,NA,NA,NA,20210411935
141,2021041,1940,2021,41,19,40,NA,NA,A,NA,NA,NA,NA,20210411940
142,2021042,1715,2021,42,17,15,NA,NA,T,NA,NA,NA,NA,20210421715
143,2021042,2020,2021,42,20,20,NA,NA,A,NA,NA,NA,NA,20210422020
144,2021043,1620,2021,43,16,20,NA,NA,T,NA,NA,NA,NA,20210431620
145,2021043,1800,2021,43,18,0,19.3375,-99.18296359,T,0.0305,0.0225,0.0093,0,20210431800
146,2021043,1925,2021,43,19,25,NA,NA,A,NA,NA,NA,NA,20210431925
147,2021043,2105,2021,43,21,5,NA,NA,A,NA,NA,NA,NA,20210432105
148,2021044,1705,2021,44,17,5,19.3375,-99.18296359,T,0.065,0.0485,0.0758,0,20210441705
149,2021044,2005,2021,44,20,5,NA,NA,A,NA,NA,NA,NA,20210442005
150,2021044,2010,2021,44,20,10,19.3375,-99.18296359,A,0.0615,0.04575,0.081,0,20210442010
151,2021045,1610,2021,45,16,10,NA,NA,T,NA,NA,NA,NA,20210451610
152,2021045,1745,2021,45,17,45,19.3375,-99.18296359,T,0.023,0.0165,0.0158,0,20210451745
153,2021045,1910,2021,45,19,10,NA,NA,A,NA,NA,NA,NA,20210451910
154,2021045,1915,2021,45,19,15,19.3375,-99.18296359,A,0.141,0.10525,0.0103,0,20210451915
155,2021045,2055,2021,45,20,55,NA,NA,A,NA,NA,NA,NA,20210452055
156,2021046,1650,2021,46,16,50,19.3375,-99.18296359,T,0.488,0.3645,0.0447,0,20210461650
157,2021046,1830,2021,46,18,30,NA,NA,T,NA,NA,NA,NA,20210461830
158,2021046,2000,2021,46,20,0,19.3375,-99.18296359,A,0.2995,0.2235,0.0902,0,20210462000
159,2021047,1555,2021,47,15,55,NA,NA,T,NA,NA,NA,NA,20210471555
160,2021047,1735,2021,47,17,35,19.3375,-99.18296359,T,0.02775,0.0205,0.0333,0,20210471735
161,2021047,2035,2021,47,20,35,NA,NA,A,NA,NA,NA,NA,20210472035
162,2021047,2040,2021,47,20,40,19.3375,-99.18296359,A,0.16125,0.1205,0.0251,0,20210472040
163,2021048,1640,2021,48,16,40,NA,NA,T,NA,NA,NA,NA,20210481640
164,2021048,1815,2021,48,18,15,NA,NA,T,NA,NA,NA,NA,20210481815
165,2021048,1940,2021,48,19,40,NA,NA,A,NA,NA,NA,NA,20210481940
166,2021048,1945,2021,48,19,45,NA,NA,A,NA,NA,NA,NA,20210481945
167,2021049,1725,2021,49,17,25,19.3375,-99.18296359,T,0.03125,0.0235,0.0671,0,20210491725
168,2021049,2025,2021,49,20,25,NA,NA,A,NA,NA,NA,NA,20210492025
169,2021049,2030,2021,49,20,30,19.3375,-99.18296359,A,0.20025,0.1495,0.0392,0,20210492030
170,2021050,1625,2021,50,16,25,NA,NA,T,NA,NA,NA,NA,20210501625
171,2021050,1805,2021,50,18,5,NA,NA,T,NA,NA,NA,NA,20210501805
172,2021050,1935,2021,50,19,35,19.3375,-99.18296359,A,0.57025,0.426,0.0212,0,20210501935
173,2021050,2110,2021,50,21,10,NA,NA,A,NA,NA,NA,NA,20210502110
174,2021051,1710,2021,51,17,10,19.3375,-99.18296359,T,0.296,0.221,0.0934,0,20210511710
175,2021051,2015,2021,51,20,15,19.3375,-99.18296359,A,0.25125,0.18775,0.0765,0,20210512015
176,2021052,1615,2021,52,16,15,NA,NA,T,NA,NA,NA,NA,20210521615
177,2021052,1755,2021,52,17,55,19.3375,-99.18296359,T,0.18425,0.1375,0.0128,0,20210521755
178,2021052,2055,2021,52,20,55,19.3375,-99.18296359,A,0.39975,0.2985,0.0131,0,20210522055
179,2021052,2100,2021,52,21,0,NA,NA,A,NA,NA,NA,NA,20210522100
180,2021053,1700,2021,53,17,0,NA,NA,T,NA,NA,NA,NA,20210531700
181,2021053,2000,2021,53,20,0,NA,NA,A,NA,NA,NA,NA,20210532000
182,2021053,2005,2021,53,20,5,NA,NA,A,NA,NA,NA,NA,20210532005
183,2021054,1605,2021,54,16,5,NA,NA,T,NA,NA,NA,NA,20210541605
184,2021054,1740,2021,54,17,40,19.3375,-99.18296359,T,0.28075,0.20975,0.0218,0,20210541740
185,2021054,1910,2021,54,19,10,NA,NA,A,NA,NA,NA,NA,20210541910
186,2021054,2045,2021,54,20,45,NA,NA,A,NA,NA,NA,NA,20210542045
187,2021055,1645,2021,55,16,45,19.3375,-99.18296359,T,0.26275,0.1965,0.037,0,20210551645
188,2021055,1820,2021,55,18,20,NA,NA,T,NA,NA,NA,NA,20210551820
189,2021055,1950,2021,55,19,50,19.3375,-99.18296359,A,0.294,0.21933,0.0551,0,20210551950
190,2021056,1730,2021,56,17,30,19.3375,-99.18296359,T,0.144,0.1075,0.0403,0,20210561730
191,2021056,2030,2021,56,20,30,NA,NA,A,NA,NA,NA,NA,20210562030
192,2021056,2035,2021,56,20,35,19.3375,-99.18296359,A,0.4185,0.3125,0.0334,0,20210562035
193,2021057,1635,2021,57,16,35,19.3375,-99.18296359,T,0.2965,0.22125,0.0258,0,20210571635
194,2021057,1810,2021,57,18,10,NA,NA,T,NA,NA,NA,NA,20210571810
195,2021057,1935,2021,57,19,35,NA,NA,A,NA,NA,NA,NA,20210571935
196,2021057,1940,2021,57,19,40,19.3375,-99.18296359,A,0.329,0.246,0.0294,0,20210571940
197,2021058,1715,2021,58,17,15,19.3375,-99.18296359,T,0.23625,0.17625,0.0851,0,20210581715
198,2021058,2020,2021,58,20,20,19.3375,-99.18296359,A,0.512,0.38225,0.0553,0,20210582020
199,2021059,1620,2021,59,16,20,NA,NA,T,NA,NA,NA,NA,20210591620
200,2021059,1800,2021,59,18,0,19.3375,-99.18296359,T,0.21125,0.15775,0.0107,0,20210591800
201,2021059,1925,2021,59,19,25,19.3375,-99.18296359,A,0.47475,0.3545,0.0176,0,20210591925
202,2021059,2105,2021,59,21,5,NA,NA,A,NA,NA,NA,NA,20210592105
203,2021060,1705,2021,60,17,5,19.3375,-99.18296359,T,0.227,0.1695,0.078,0,20210601705
204,2021060,2005,2021,60,20,5,NA,NA,A,NA,NA,NA,NA,20210602005
205,2021060,2010,2021,60,20,10,NA,NA,A,NA,NA,NA,NA,20210602010
206,2021061,1610,2021,61,16,10,NA,NA,T,NA,NA,NA,NA,20210611610
207,2021061,1745,2021,61,17,45,19.3375,-99.18296359,T,0.58275,0.43525,0.0174,0,20210611745
208,2021061,1910,2021,61,19,10,NA,NA,A,NA,NA,NA,NA,20210611910
209,2021061,1915,2021,61,19,15,19.3375,-99.18296359,A,0.87375,0.65275,0.0113,0,20210611915
210,2021061,2055,2021,61,20,55,NA,NA,A,NA,NA,NA,NA,20210612055
211,2021062,1650,2021,62,16,50,19.3375,-99.18296359,T,0.42175,0.315,0.051,0,20210621650
212,2021062,1825,2021,62,18,25,NA,NA,T,NA,NA,NA,NA,20210621825
213,2021062,2000,2021,62,20,0,NA,NA,A,NA,NA,NA,NA,20210622000
214,2021063,1555,2021,63,15,55,NA,NA,T,NA,NA,NA,NA,20210631555
215,2021063,1735,2021,63,17,35,19.3375,-99.18296359,T,0.23525,0.1755,0.0311,0,20210631735
216,2021063,2035,2021,63,20,35,NA,NA,A,NA,NA,NA,NA,20210632035
217,2021063,2040,2021,63,20,40,19.3375,-99.18296359,A,0.40225,0.30025,0.0278,0,20210632040
218,2021064,1640,2021,64,16,40,19.3375,-99.18296359,T,0.257,0.192,0.0317,0,20210641640
219,2021064,1815,2021,64,18,15,NA,NA,T,NA,NA,NA,NA,20210641815
220,2021064,1940,2021,64,19,40,NA,NA,A,NA,NA,NA,NA,20210641940
221,2021064,1945,2021,64,19,45,19.3375,-99.18296359,A,0.327,0.24425,0.0415,0,20210641945
222,2021065,1720,2021,65,17,20,NA,NA,T,NA,NA,NA,NA,20210651720
223,2021065,2025,2021,65,20,25,NA,NA,A,NA,NA,NA,NA,20210652025
224,2021065,2030,2021,65,20,30,NA,NA,A,NA,NA,NA,NA,20210652030
225,2021066,1625,2021,66,16,25,NA,NA,T,NA,NA,NA,NA,20210661625
226,2021066,1805,2021,66,18,5,NA,NA,T,NA,NA,NA,NA,20210661805
227,2021066,1935,2021,66,19,35,NA,NA,A,NA,NA,NA,NA,20210661935
228,2021066,2110,2021,66,21,10,NA,NA,A,NA,NA,NA,NA,20210662110
229,2021067,1710,2021,67,17,10,19.3375,-99.18296359,T,0.331,0.24725,0.1076,0,20210671710
230,2021067,2015,2021,67,20,15,NA,NA,A,NA,NA,NA,NA,20210672015
231,2021068,1615,2021,68,16,15,NA,NA,T,NA,NA,NA,NA,20210681615
232,2021068,1755,2021,68,17,55,19.3375,-99.18296359,T,0.1245,0.0925,0.0146,0,20210681755
233,2021068,2055,2021,68,20,55,19.3375,-99.18296359,A,0.201,0.14975,0.0143,0,20210682055
234,2021068,2100,2021,68,21,0,NA,NA,A,NA,NA,NA,NA,20210682100
235,2021069,1700,2021,69,17,0,19.3375,-99.18296359,T,0.15325,0.11475,0.07,0,20210691700
236,2021069,2000,2021,69,20,0,NA,NA,A,NA,NA,NA,NA,20210692000
237,2021069,2005,2021,69,20,5,19.3375,-99.18296359,A,0.11125,0.083,0.1344,0,20210692005
238,2021070,1600,2021,70,16,0,NA,NA,T,NA,NA,NA,NA,20210701600
239,2021070,1740,2021,70,17,40,19.3375,-99.18296359,T,0.35675,0.2665,0.0247,0,20210701740
240,2021070,1910,2021,70,19,10,NA,NA,A,NA,NA,NA,NA,20210701910
241,2021070,2045,2021,70,20,45,NA,NA,A,NA,NA,NA,NA,20210702045
242,2021071,1645,2021,71,16,45,19.3375,-99.18296359,T,0.26475,0.198,0.0409,0,20210711645
243,2021071,1820,2021,71,18,20,NA,NA,T,NA,NA,NA,NA,20210711820
244,2021071,1950,2021,71,19,50,19.3375,-99.18296359,A,0.5,0.3735,0.0617,0,20210711950
245,2021072,1730,2021,72,17,30,19.3375,-99.18296359,T,0.30825,0.23025,0.0475,0,20210721730
246,2021072,2030,2021,72,20,30,NA,NA,A,NA,NA,NA,NA,20210722030
247,2021072,2035,2021,72,20,35,NA,NA,A,NA,NA,NA,NA,20210722035
248,2021073,1635,2021,73,16,35,19.3375,-99.18296359,T,0.3705,0.27675,0.0267,0,20210731635
249,2021073,1810,2021,73,18,10,NA,NA,T,NA,NA,NA,NA,20210731810
250,2021073,1935,2021,73,19,35,NA,NA,A,NA,NA,NA,NA,20210731935
251,2021073,1940,2021,73,19,40,19.3375,-99.18296359,A,0.641,0.47875,0.0325,0,20210731940
252,2021074,1715,2021,74,17,15,19.3375,-99.18296359,T,0.27325,0.204,0.1138,0,20210741715
253,2021074,2020,2021,74,20,20,NA,NA,A,NA,NA,NA,NA,20210742020
254,2021075,1620,2021,75,16,20,NA,NA,T,NA,NA,NA,NA,20210751620
255,2021075,1800,2021,75,18,0,19.3375,-99.18296359,T,0.3695,0.27625,0.012,0,20210751800
256,2021075,1925,2021,75,19,25,19.3375,-99.18296359,A,0.4845,0.362,0.0192,0,20210751925
257,2021075,2105,2021,75,21,5,NA,NA,A,NA,NA,NA,NA,20210752105
258,2021076,1705,2021,76,17,5,19.3375,-99.18296359,T,0.27425,0.2045,0.1055,0,20210761705
259,2021076,2005,2021,76,20,5,NA,NA,A,NA,NA,NA,NA,20210762005
260,2021076,2010,2021,76,20,10,NA,NA,A,NA,NA,NA,NA,20210762010
261,2021077,1610,2021,77,16,10,NA,NA,T,NA,NA,NA,NA,20210771610
262,2021077,1745,2021,77,17,45,19.3375,-99.18296359,T,0.44375,0.3315,0.0201,0,20210771745
263,2021077,1910,2021,77,19,10,NA,NA,A,NA,NA,NA,NA,20210771910
264,2021077,1915,2021,77,19,15,19.3375,-99.18296359,A,0.8355,0.624,0.0124,0,20210771915
265,2021077,2055,2021,77,20,55,NA,NA,A,NA,NA,NA,NA,20210772055
266,2021078,1650,2021,78,16,50,19.3375,-99.18296359,T,0.53875,0.4025,0.0624,0,20210781650
267,2021078,1825,2021,78,18,25,NA,NA,T,NA,NA,NA,NA,20210781825
268,2021078,2000,2021,78,20,0,NA,NA,A,NA,NA,NA,NA,20210782000
269,2021079,1555,2021,79,15,55,NA,NA,T,NA,NA,NA,NA,20210791555
270,2021079,1735,2021,79,17,35,19.3375,-99.18296359,T,0.491,0.36675,0.0364,0,20210791735
271,2021079,2035,2021,79,20,35,NA,NA,A,NA,NA,NA,NA,20210792035
272,2021079,2040,2021,79,20,40,NA,NA,A,NA,NA,NA,NA,20210792040
273,2021080,1640,2021,80,16,40,19.3375,-99.18296359,T,0.50375,0.37625,0.0387,0,20210801640
274,2021080,1815,2021,80,18,15,NA,NA,T,NA,NA,NA,NA,20210801815
275,2021080,1940,2021,80,19,40,NA,NA,A,NA,NA,NA,NA,20210801940
276,2021080,1945,2021,80,19,45,NA,NA,A,NA,NA,NA,NA,20210801945
277,2021081,1720,2021,81,17,20,19.3375,-99.18296359,T,0.18025,0.13425,0.0716,0,20210811720
278,2021081,2025,2021,81,20,25,NA,NA,A,NA,NA,NA,NA,20210812025
279,2021081,2030,2021,81,20,30,NA,NA,A,NA,NA,NA,NA,20210812030
280,2021082,1625,2021,82,16,25,NA,NA,T,NA,NA,NA,NA,20210821625
281,2021082,1805,2021,82,18,5,NA,NA,T,NA,NA,NA,NA,20210821805
282,2021082,1935,2021,82,19,35,19.3375,-99.18296359,A,0.333,0.24875,0.0261,0,20210821935
283,2021082,2110,2021,82,21,10,NA,NA,A,NA,NA,NA,NA,20210822110
284,2021083,1710,2021,83,17,10,19.3375,-99.18296359,T,0.077,0.05725,0.1326,0,20210831710
285,2021083,2015,2021,83,20,15,19.3375,-99.18296359,A,0.21875,0.1635,0.0894,0,20210832015
286,2021084,1615,2021,84,16,15,NA,NA,T,NA,NA,NA,NA,20210841615
287,2021084,1755,2021,84,17,55,19.3375,-99.18296359,T,0.18075,0.1345,0.0172,0,20210841755
288,2021084,2055,2021,84,20,55,19.3375,-99.18296359,A,0.378,0.28225,0.0158,0,20210842055
289,2021084,2100,2021,84,21,0,NA,NA,A,NA,NA,NA,NA,20210842100
290,2021085,1700,2021,85,17,0,19.3375,-99.18296359,T,0.38725,0.2895,0.079,0,20210851700
291,2021085,2000,2021,85,20,0,NA,NA,A,NA,NA,NA,NA,20210852000
292,2021085,2005,2021,85,20,5,NA,NA,A,NA,NA,NA,NA,20210852005
293,2021086,1600,2021,86,16,0,NA,NA,T,NA,NA,NA,NA,20210861600
294,2021086,1740,2021,86,17,40,19.3375,-99.18296359,T,0.35375,0.26425,0.028,0,20210861740
295,2021086,1910,2021,86,19,10,NA,NA,A,NA,NA,NA,NA,20210861910
296,2021086,2045,2021,86,20,45,NA,NA,A,NA,NA,NA,NA,20210862045
297,2021087,1645,2021,87,16,45,19.3375,-99.18296359,T,0.40375,0.3015,0.0473,0,20210871645
298,2021087,1820,2021,87,18,20,NA,NA,T,NA,NA,NA,NA,20210871820
299,2021087,1950,2021,87,19,50,NA,NA,A,NA,NA,NA,NA,20210871950
300,2021088,1730,2021,88,17,30,NA,NA,T,NA,NA,NA,NA,20210881730
301,2021088,2030,2021,88,20,30,NA,NA,A,NA,NA,NA,NA,20210882030
302,2021088,2035,2021,88,20,35,NA,NA,A,NA,NA,NA,NA,20210882035
303,2021089,1635,2021,89,16,35,19.3375,-99.18296359,T,0.46325,0.346,0.0287,0,20210891635
304,2021089,1810,2021,89,18,10,NA,NA,T,NA,NA,NA,NA,20210891810
305,2021089,1935,2021,89,19,35,NA,NA,A,NA,NA,NA,NA,20210891935
306,2021089,1940,2021,89,19,40,19.3375,-99.18296359,A,0.611,0.4565,0.0347,0,20210891940
307,2021090,1715,2021,90,17,15,NA,NA,T,NA,NA,NA,NA,20210901715
308,2021090,2020,2021,90,20,20,NA,NA,A,NA,NA,NA,NA,20210902020
309,2021091,1620,2021,91,16,20,NA,NA,T,NA,NA,NA,NA,20210911620
310,2021091,1800,2021,91,18,0,NA,NA,T,NA,NA,NA,NA,20210911800
311,2021091,1925,2021,91,19,25,NA,NA,A,NA,NA,NA,NA,20210911925
312,2021091,2105,2021,91,21,5,NA,NA,A,NA,NA,NA,NA,20210912105
313,2021092,1705,2021,92,17,5,NA,NA,T,NA,NA,NA,NA,20210921705
314,2021092,2005,2021,92,20,5,NA,NA,A,NA,NA,NA,NA,20210922005
315,2021092,2010,2021,92,20,10,NA,NA,A,NA,NA,NA,NA,20210922010
316,2021093,1610,2021,93,16,10,NA,NA,T,NA,NA,NA,NA,20210931610
317,2021093,1745,2021,93,17,45,19.3375,-99.18296359,T,0.0985,0.0735,0.0226,0,20210931745
318,2021093,1910,2021,93,19,10,NA,NA,A,NA,NA,NA,NA,20210931910
319,2021093,1915,2021,93,19,15,19.3375,-99.18296359,A,0.258,0.19275,0.0132,0,20210931915
320,2021093,2055,2021,93,20,55,NA,NA,A,NA,NA,NA,NA,20210932055
321,2021094,1650,2021,94,16,50,19.3375,-99.18296359,T,0.22775,0.16975,0.0617,0,20210941650
322,2021094,1825,2021,94,18,25,NA,NA,T,NA,NA,NA,NA,20210941825
323,2021094,2000,2021,94,20,0,19.3375,-99.18296359,A,0.15575,0.116,0.1128,0,20210942000
324,2021095,1555,2021,95,15,55,NA,NA,T,NA,NA,NA,NA,20210951555
325,2021095,1735,2021,95,17,35,19.3375,-99.18296359,T,0.303,0.22625,0.043,0,20210951735
326,2021095,2035,2021,95,20,35,NA,NA,A,NA,NA,NA,NA,20210952035
327,2021095,2040,2021,95,20,40,NA,NA,A,NA,NA,NA,NA,20210952040
328,2021096,1640,2021,96,16,40,19.3375,-99.18296359,T,0.3495,0.26125,0.034,0,20210961640
329,2021096,1815,2021,96,18,15,NA,NA,T,NA,NA,NA,NA,20210961815
330,2021096,1940,2021,96,19,40,NA,NA,A,NA,NA,NA,NA,20210961940
331,2021096,1945,2021,96,19,45,NA,NA,A,NA,NA,NA,NA,20210961945
332,2021097,1720,2021,97,17,20,19.3375,-99.18296359,T,0.21375,0.1595,0.085,0,20210971720
333,2021097,2025,2021,97,20,25,NA,NA,A,NA,NA,NA,NA,20210972025
334,2021097,2030,2021,97,20,30,NA,NA,A,NA,NA,NA,NA,20210972030
335,2021098,1625,2021,98,16,25,NA,NA,T,NA,NA,NA,NA,20210981625
336,2021098,1805,2021,98,18,5,NA,NA,T,NA,NA,NA,NA,20210981805
337,2021098,1935,2021,98,19,35,NA,NA,A,NA,NA,NA,NA,20210981935
338,2021098,2110,2021,98,21,10,NA,NA,A,NA,NA,NA,NA,20210982110
339,2021099,1710,2021,99,17,10,19.3375,-99.17413201,T,0.183,0.137,0.2178,0,20210991710
340,2021099,2015,2021,99,20,15,NA,NA,A,NA,NA,NA,NA,20210992015
341,2021100,1615,2021,100,16,15,NA,NA,T,NA,NA,NA,NA,20211001615
342,2021100,1755,2021,100,17,55,19.3375,-99.18296359,T,0.28775,0.215,0.0185,0,20211001755
343,2021100,2055,2021,100,20,55,19.3375,-99.18296359,A,0.74925,0.55975,0.0165,0,20211002055
344,2021100,2100,2021,100,21,0,NA,NA,A,NA,NA,NA,NA,20211002100
345,2021101,1700,2021,101,17,0,19.3375,-99.18296359,T,0.52275,0.39075,0.0971,0,20211011700
346,2021101,2000,2021,101,20,0,NA,NA,A,NA,NA,NA,NA,20211012000
347,2021101,2005,2021,101,20,5,NA,NA,A,NA,NA,NA,NA,20211012005
348,2021102,1600,2021,102,16,0,NA,NA,T,NA,NA,NA,NA,20211021600
349,2021102,1740,2021,102,17,40,NA,NA,T,NA,NA,NA,NA,20211021740
350,2021102,1910,2021,102,19,10,NA,NA,A,NA,NA,NA,NA,20211021910
351,2021102,2045,2021,102,20,45,NA,NA,A,NA,NA,NA,NA,20211022045
352,2021103,1645,2021,103,16,45,19.3375,-99.18296359,T,1.119,0.83575,0.0491,0,20211031645
353,2021103,1820,2021,103,18,20,NA,NA,T,NA,NA,NA,NA,20211031820
354,2021103,1950,2021,103,19,50,NA,NA,A,NA,NA,NA,NA,20211031950
355,2021104,1730,2021,104,17,30,NA,NA,T,NA,NA,NA,NA,20211041730
356,2021104,2030,2021,104,20,30,NA,NA,A,NA,NA,NA,NA,20211042030
357,2021104,2035,2021,104,20,35,NA,NA,A,NA,NA,NA,NA,20211042035
358,2021105,1635,2021,105,16,35,NA,NA,T,NA,NA,NA,NA,20211051635
359,2021105,1810,2021,105,18,10,NA,NA,T,NA,NA,NA,NA,20211051810
360,2021105,1935,2021,105,19,35,NA,NA,A,NA,NA,NA,NA,20211051935
361,2021105,1940,2021,105,19,40,19.3375,-99.18296359,A,0.848,0.63333,0.0391,0,20211051940
362,2021106,1715,2021,106,17,15,NA,NA,T,NA,NA,NA,NA,20211061715
363,2021106,2020,2021,106,20,20,NA,NA,A,NA,NA,NA,NA,20211062020
364,2021107,1620,2021,107,16,20,NA,NA,T,NA,NA,NA,NA,20211071620
365,2021107,1800,2021,107,18,0,NA,NA,T,NA,NA,NA,NA,20211071800
366,2021107,1925,2021,107,19,25,NA,NA,A,NA,NA,NA,NA,20211071925
367,2021107,2105,2021,107,21,5,NA,NA,A,NA,NA,NA,NA,20211072105
368,2021108,1705,2021,108,17,5,19.3375,-99.18296359,T,0.18,0.13425,0.136,0,20211081705
369,2021108,2005,2021,108,20,5,NA,NA,A,NA,NA,NA,NA,20211082005
370,2021108,2010,2021,108,20,10,NA,NA,A,NA,NA,NA,NA,20211082010
371,2021109,1610,2021,109,16,10,NA,NA,T,NA,NA,NA,NA,20211091610
372,2021109,1745,2021,109,17,45,19.3375,-99.18296359,T,0.1715,0.12775,0.0246,0,20211091745
373,2021109,1910,2021,109,19,10,NA,NA,A,NA,NA,NA,NA,20211091910
374,2021109,1915,2021,109,19,15,19.3375,-99.18296359,A,0.533,0.398,0.0138,0,20211091915
375,2021109,2055,2021,109,20,55,NA,NA,A,NA,NA,NA,NA,20211092055
376,2021110,1650,2021,110,16,50,NA,NA,T,NA,NA,NA,NA,20211101650
377,2021110,1825,2021,110,18,25,NA,NA,T,NA,NA,NA,NA,20211101825
378,2021110,2000,2021,110,20,0,19.3375,-99.18296359,A,0.61775,0.4615,0.1237,0,20211102000
379,2021111,1555,2021,111,15,55,NA,NA,T,NA,NA,NA,NA,20211111555
380,2021111,1735,2021,111,17,35,19.3375,-99.18296359,T,1.24625,0.931,0.0486,0,20211111735
381,2021111,2035,2021,111,20,35,NA,NA,A,NA,NA,NA,NA,20211112035
382,2021111,2040,2021,111,20,40,NA,NA,A,NA,NA,NA,NA,20211112040
383,2021112,1640,2021,112,16,40,NA,NA,T,NA,NA,NA,NA,20211121640
384,2021112,1815,2021,112,18,15,NA,NA,T,NA,NA,NA,NA,20211121815
385,2021112,1940,2021,112,19,40,NA,NA,A,NA,NA,NA,NA,20211121940
386,2021112,1945,2021,112,19,45,NA,NA,A,NA,NA,NA,NA,20211121945
387,2021113,1720,2021,113,17,20,NA,NA,T,NA,NA,NA,NA,20211131720
388,2021113,2025,2021,113,20,25,NA,NA,A,NA,NA,NA,NA,20211132025
389,2021113,2030,2021,113,20,30,NA,NA,A,NA,NA,NA,NA,20211132030
390,2021114,1625,2021,114,16,25,NA,NA,T,NA,NA,NA,NA,20211141625
391,2021114,1805,2021,114,18,5,NA,NA,T,NA,NA,NA,NA,20211141805
392,2021114,1935,2021,114,19,35,NA,NA,A,NA,NA,NA,NA,20211141935
393,2021114,2110,2021,114,21,10,NA,NA,A,NA,NA,NA,NA,20211142110
394,2021115,1710,2021,115,17,10,NA,NA,T,NA,NA,NA,NA,20211151710
395,2021115,2015,2021,115,20,15,19.3375,-99.18296359,A,1.064,0.79475,0.0986,0,20211152015
396,2021116,1615,2021,116,16,15,NA,NA,T,NA,NA,NA,NA,20211161615
397,2021116,1750,2021,116,17,50,NA,NA,T,NA,NA,NA,NA,20211161750
398,2021116,2055,2021,116,20,55,NA,NA,A,NA,NA,NA,NA,20211162055
399,2021116,2100,2021,116,21,0,NA,NA,A,NA,NA,NA,NA,20211162100
400,2021117,1655,2021,117,16,55,NA,NA,T,NA,NA,NA,NA,20211171655
401,2021117,2000,2021,117,20,0,NA,NA,A,NA,NA,NA,NA,20211172000
402,2021117,2005,2021,117,20,5,NA,NA,A,NA,NA,NA,NA,20211172005
403,2021118,1600,2021,118,16,0,NA,NA,T,NA,NA,NA,NA,20211181600
404,2021118,1740,2021,118,17,40,19.3375,-99.18296359,T,0.9585,0.716,0.0349,0,20211181740
405,2021118,1910,2021,118,19,10,NA,NA,A,NA,NA,NA,NA,20211181910
406,2021118,2045,2021,118,20,45,NA,NA,A,NA,NA,NA,NA,20211182045
407,2021119,1645,2021,119,16,45,19.3375,-99.18296359,T,0.5975,0.44625,0.044,0,20211191645
408,2021119,1820,2021,119,18,20,NA,NA,T,NA,NA,NA,NA,20211191820
409,2021119,1950,2021,119,19,50,NA,NA,A,NA,NA,NA,NA,20211191950
410,2021120,1730,2021,120,17,30,NA,NA,T,NA,NA,NA,NA,20211201730
411,2021120,2030,2021,120,20,30,NA,NA,A,NA,NA,NA,NA,20211202030
412,2021120,2035,2021,120,20,35,NA,NA,A,NA,NA,NA,NA,20211202035
413,2021121,1635,2021,121,16,35,NA,NA,T,NA,NA,NA,NA,20211211635
414,2021121,1810,2021,121,18,10,NA,NA,T,NA,NA,NA,NA,20211211810
415,2021121,1935,2021,121,19,35,NA,NA,A,NA,NA,NA,NA,20211211935
416,2021121,1940,2021,121,19,40,NA,NA,A,NA,NA,NA,NA,20211211940
417,2021122,1715,2021,122,17,15,NA,NA,T,NA,NA,NA,NA,20211221715
418,2021122,2020,2021,122,20,20,NA,NA,A,NA,NA,NA,NA,20211222020
419,2021123,1620,2021,123,16,20,NA,NA,T,NA,NA,NA,NA,20211231620
420,2021123,1800,2021,123,18,0,19.3375,-99.18296359,T,0.20175,0.1505,0.0175,0,20211231800
421,2021123,1925,2021,123,19,25,19.3375,-99.18296359,A,0.5245,0.39175,0.0254,0,20211231925
422,2021123,2105,2021,123,21,5,NA,NA,A,NA,NA,NA,NA,20211232105
423,2021124,1705,2021,124,17,5,19.3375,-99.18296359,T,0.17,0.127,0.1415,0,20211241705
424,2021124,2005,2021,124,20,5,NA,NA,A,NA,NA,NA,NA,20211242005
425,2021124,2010,2021,124,20,10,NA,NA,A,NA,NA,NA,NA,20211242010
426,2021125,1610,2021,125,16,10,NA,NA,T,NA,NA,NA,NA,20211251610
427,2021125,1745,2021,125,17,45,NA,NA,T,NA,NA,NA,NA,20211251745
428,2021125,1910,2021,125,19,10,NA,NA,A,NA,NA,NA,NA,20211251910
429,2021125,1915,2021,125,19,15,NA,NA,A,NA,NA,NA,NA,20211251915
430,2021125,2055,2021,125,20,55,NA,NA,A,NA,NA,NA,NA,20211252055
431,2021126,1650,2021,126,16,50,NA,NA,T,NA,NA,NA,NA,20211261650
432,2021126,1825,2021,126,18,25,NA,NA,T,NA,NA,NA,NA,20211261825
433,2021126,1955,2021,126,19,55,NA,NA,A,NA,NA,NA,NA,20211261955
434,2021127,1555,2021,127,15,55,NA,NA,T,NA,NA,NA,NA,20211271555
435,2021127,1735,2021,127,17,35,NA,NA,T,NA,NA,NA,NA,20211271735
436,2021127,2035,2021,127,20,35,NA,NA,A,NA,NA,NA,NA,20211272035
437,2021127,2040,2021,127,20,40,NA,NA,A,NA,NA,NA,NA,20211272040
438,2021128,1640,2021,128,16,40,NA,NA,T,NA,NA,NA,NA,20211281640
439,2021128,1815,2021,128,18,15,NA,NA,T,NA,NA,NA,NA,20211281815
440,2021128,1940,2021,128,19,40,NA,NA,A,NA,NA,NA,NA,20211281940
441,2021128,1945,2021,128,19,45,NA,NA,A,NA,NA,NA,NA,20211281945
442,2021129,1720,2021,129,17,20,NA,NA,T,NA,NA,NA,NA,20211291720
443,2021129,2025,2021,129,20,25,NA,NA,A,NA,NA,NA,NA,20211292025
444,2021129,2030,2021,129,20,30,NA,NA,A,NA,NA,NA,NA,20211292030
445,2021130,1625,2021,130,16,25,NA,NA,T,NA,NA,NA,NA,20211301625
446,2021130,1805,2021,130,18,5,NA,NA,T,NA,NA,NA,NA,20211301805
447,2021130,1935,2021,130,19,35,NA,NA,A,NA,NA,NA,NA,20211301935
448,2021130,2110,2021,130,21,10,NA,NA,A,NA,NA,NA,NA,20211302110
449,2021131,1710,2021,131,17,10,NA,NA,T,NA,NA,NA,NA,20211311710
450,2021131,2015,2021,131,20,15,NA,NA,A,NA,NA,NA,NA,20211312015
451,2021132,1615,2021,132,16,15,NA,NA,T,NA,NA,NA,NA,20211321615
452,2021132,1750,2021,132,17,50,NA,NA,T,NA,NA,NA,NA,20211321750
453,2021132,1915,2021,132,19,15,NA,NA,A,NA,NA,NA,NA,20211321915
454,2021132,2055,2021,132,20,55,NA,NA,A,NA,NA,NA,NA,20211322055
455,2021132,2100,2021,132,21,0,NA,NA,A,NA,NA,NA,NA,20211322100
456,2021133,1655,2021,133,16,55,NA,NA,T,NA,NA,NA,NA,20211331655
457,2021133,2000,2021,133,20,0,NA,NA,A,NA,NA,NA,NA,20211332000
458,2021133,2005,2021,133,20,5,NA,NA,A,NA,NA,NA,NA,20211332005
459,2021134,1600,2021,134,16,0,NA,NA,T,NA,NA,NA,NA,20211341600
460,2021134,1740,2021,134,17,40,NA,NA,T,NA,NA,NA,NA,20211341740
461,2021134,1910,2021,134,19,10,NA,NA,A,NA,NA,NA,NA,20211341910
462,2021134,2045,2021,134,20,45,NA,NA,A,NA,NA,NA,NA,20211342045
463,2021135,1645,2021,135,16,45,19.3375,-99.18296359,T,0.53875,0.402,0.0416,0,20211351645
464,2021135,1820,2021,135,18,20,NA,NA,T,NA,NA,NA,NA,20211351820
465,2021135,1950,2021,135,19,50,NA,NA,A,NA,NA,NA,NA,20211351950
466,2021136,1730,2021,136,17,30,NA,NA,T,NA,NA,NA,NA,20211361730
467,2021136,2030,2021,136,20,30,NA,NA,A,NA,NA,NA,NA,20211362030
468,2021136,2035,2021,136,20,35,NA,NA,A,NA,NA,NA,NA,20211362035
469,2021137,1630,2021,137,16,30,NA,NA,T,NA,NA,NA,NA,20211371630
470,2021137,1810,2021,137,18,10,NA,NA,T,NA,NA,NA,NA,20211371810
471,2021137,1935,2021,137,19,35,NA,NA,A,NA,NA,NA,NA,20211371935
472,2021137,1940,2021,137,19,40,NA,NA,A,NA,NA,NA,NA,20211371940
473,2021138,1715,2021,138,17,15,NA,NA,T,NA,NA,NA,NA,20211381715
474,2021138,2020,2021,138,20,20,NA,NA,A,NA,NA,NA,NA,20211382020
475,2021139,1620,2021,139,16,20,NA,NA,T,NA,NA,NA,NA,20211391620
476,2021139,1800,2021,139,18,0,NA,NA,T,NA,NA,NA,NA,20211391800
477,2021139,1925,2021,139,19,25,NA,NA,A,NA,NA,NA,NA,20211391925
478,2021139,2105,2021,139,21,5,NA,NA,A,NA,NA,NA,NA,20211392105
479,2021140,1705,2021,140,17,5,19.3375,-99.18296359,T,0.148,0.11075,0.1418,0,20211401705
480,2021140,2005,2021,140,20,5,NA,NA,A,NA,NA,NA,NA,20211402005
481,2021140,2010,2021,140,20,10,19.3375,-99.17413201,A,0.442,0.33,0.1742,0,20211402010
482,2021141,1610,2021,141,16,10,NA,NA,T,NA,NA,NA,NA,20211411610
483,2021141,1745,2021,141,17,45,NA,NA,T,NA,NA,NA,NA,20211411745
484,2021141,1910,2021,141,19,10,NA,NA,A,NA,NA,NA,NA,20211411910
485,2021141,1915,2021,141,19,15,NA,NA,A,NA,NA,NA,NA,20211411915
486,2021141,2055,2021,141,20,55,NA,NA,A,NA,NA,NA,NA,20211412055
487,2021142,1650,2021,142,16,50,19.3375,-99.18296359,T,0.3095,0.23125,0.0487,0,20211421650
488,2021142,1825,2021,142,18,25,NA,NA,T,NA,NA,NA,NA,20211421825
489,2021142,1955,2021,142,19,55,NA,NA,A,NA,NA,NA,NA,20211421955
490,2021143,1555,2021,143,15,55,NA,NA,T,NA,NA,NA,NA,20211431555
491,2021143,1735,2021,143,17,35,NA,NA,T,NA,NA,NA,NA,20211431735
492,2021143,2035,2021,143,20,35,NA,NA,A,NA,NA,NA,NA,20211432035
493,2021143,2040,2021,143,20,40,NA,NA,A,NA,NA,NA,NA,20211432040
494,2021144,1640,2021,144,16,40,19.3375,-99.18296359,T,0.572,0.42725,0.0234,0,20211441640
495,2021144,1815,2021,144,18,15,NA,NA,T,NA,NA,NA,NA,20211441815
496,2021144,1940,2021,144,19,40,NA,NA,A,NA,NA,NA,NA,20211441940
497,2021144,1945,2021,144,19,45,NA,NA,A,NA,NA,NA,NA,20211441945
498,2021145,1720,2021,145,17,20,NA,NA,T,NA,NA,NA,NA,20211451720
499,2021145,2025,2021,145,20,25,NA,NA,A,NA,NA,NA,NA,20211452025
500,2021145,2030,2021,145,20,30,NA,NA,A,NA,NA,NA,NA,20211452030
501,2021146,1625,2021,146,16,25,NA,NA,T,NA,NA,NA,NA,20211461625
502,2021146,1805,2021,146,18,5,NA,NA,T,NA,NA,NA,NA,20211461805
503,2021146,1935,2021,146,19,35,NA,NA,A,NA,NA,NA,NA,20211461935
504,2021146,2110,2021,146,21,10,NA,NA,A,NA,NA,NA,NA,20211462110
505,2021147,1710,2021,147,17,10,NA,NA,T,NA,NA,NA,NA,20211471710
506,2021147,2015,2021,147,20,15,NA,NA,A,NA,NA,NA,NA,20211472015
507,2021148,1615,2021,148,16,15,NA,NA,T,NA,NA,NA,NA,20211481615
508,2021148,1750,2021,148,17,50,NA,NA,T,NA,NA,NA,NA,20211481750
509,2021148,1915,2021,148,19,15,NA,NA,A,NA,NA,NA,NA,20211481915
510,2021148,2055,2021,148,20,55,NA,NA,A,NA,NA,NA,NA,20211482055
511,2021148,2100,2021,148,21,0,NA,NA,A,NA,NA,NA,NA,20211482100
512,2021149,1655,2021,149,16,55,19.3375,-99.18296359,T,0.65467,0.48933,0.0698,0,20211491655
513,2021149,2000,2021,149,20,0,NA,NA,A,NA,NA,NA,NA,20211492000
514,2021149,2005,2021,149,20,5,NA,NA,A,NA,NA,NA,NA,20211492005
515,2021150,1600,2021,150,16,0,NA,NA,T,NA,NA,NA,NA,20211501600
516,2021150,1740,2021,150,17,40,19.3375,-99.18296359,T,0.3455,0.258,0.0364,0,20211501740
517,2021150,1910,2021,150,19,10,NA,NA,A,NA,NA,NA,NA,20211501910
518,2021150,2045,2021,150,20,45,NA,NA,A,NA,NA,NA,NA,20211502045
519,2021151,1645,2021,151,16,45,19.3375,-99.18296359,T,0.45775,0.342,0.0376,0,20211511645
520,2021151,1820,2021,151,18,20,NA,NA,T,NA,NA,NA,NA,20211511820
521,2021151,1950,2021,151,19,50,NA,NA,A,NA,NA,NA,NA,20211511950
522,2021152,1725,2021,152,17,25,NA,NA,T,NA,NA,NA,NA,20211521725
523,2021152,2030,2021,152,20,30,NA,NA,A,NA,NA,NA,NA,20211522030
524,2021152,2035,2021,152,20,35,NA,NA,A,NA,NA,NA,NA,20211522035
525,2021153,1630,2021,153,16,30,NA,NA,T,NA,NA,NA,NA,20211531630
526,2021153,1810,2021,153,18,10,NA,NA,T,NA,NA,NA,NA,20211531810
527,2021153,1935,2021,153,19,35,NA,NA,A,NA,NA,NA,NA,20211531935
528,2021153,1940,2021,153,19,40,NA,NA,A,NA,NA,NA,NA,20211531940
529,2021154,2020,2021,154,20,20,NA,NA,A,NA,NA,NA,NA,20211542020
530,2021155,1620,2021,155,16,20,NA,NA,T,NA,NA,NA,NA,20211551620
531,2021155,1800,2021,155,18,0,NA,NA,T,NA,NA,NA,NA,20211551800
532,2021155,1925,2021,155,19,25,NA,NA,A,NA,NA,NA,NA,20211551925
533,2021155,2105,2021,155,21,5,NA,NA,A,NA,NA,NA,NA,20211552105
534,2021156,1705,2021,156,17,5,NA,NA,T,NA,NA,NA,NA,20211561705
535,2021156,2005,2021,156,20,5,NA,NA,A,NA,NA,NA,NA,20211562005
536,2021156,2010,2021,156,20,10,NA,NA,A,NA,NA,NA,NA,20211562010
537,2021157,1605,2021,157,16,5,NA,NA,T,NA,NA,NA,NA,20211571605
538,2021157,1745,2021,157,17,45,19.3375,-99.18296359,T,0.3915,0.29225,0.0312,0,20211571745
539,2021157,1910,2021,157,19,10,NA,NA,A,NA,NA,NA,NA,20211571910
540,2021157,1915,2021,157,19,15,NA,NA,A,NA,NA,NA,NA,20211571915
541,2021157,2055,2021,157,20,55,NA,NA,A,NA,NA,NA,NA,20211572055
542,2021158,1650,2021,158,16,50,NA,NA,T,NA,NA,NA,NA,20211581650
543,2021158,1825,2021,158,18,25,NA,NA,T,NA,NA,NA,NA,20211581825
544,2021158,2000,2021,158,20,0,NA,NA,A,NA,NA,NA,NA,20211582000
545,2021159,1555,2021,159,15,55,NA,NA,T,NA,NA,NA,NA,20211591555
546,2021159,1735,2021,159,17,35,19.3375,-99.18296359,T,0.3875,0.289,0.058,0,20211591735
547,2021159,2035,2021,159,20,35,NA,NA,A,NA,NA,NA,NA,20211592035
548,2021159,2040,2021,159,20,40,NA,NA,A,NA,NA,NA,NA,20211592040
549,2021160,1640,2021,160,16,40,NA,NA,T,NA,NA,NA,NA,20211601640
550,2021160,1815,2021,160,18,15,NA,NA,T,NA,NA,NA,NA,20211601815
551,2021160,1940,2021,160,19,40,NA,NA,A,NA,NA,NA,NA,20211601940
552,2021160,1945,2021,160,19,45,NA,NA,A,NA,NA,NA,NA,20211601945
553,2021161,1720,2021,161,17,20,NA,NA,T,NA,NA,NA,NA,20211611720
554,2021161,2025,2021,161,20,25,NA,NA,A,NA,NA,NA,NA,20211612025
555,2021161,2030,2021,161,20,30,NA,NA,A,NA,NA,NA,NA,20211612030
556,2021162,1625,2021,162,16,25,NA,NA,T,NA,NA,NA,NA,20211621625
557,2021162,1805,2021,162,18,5,NA,NA,T,NA,NA,NA,NA,20211621805
558,2021162,1935,2021,162,19,35,NA,NA,A,NA,NA,NA,NA,20211621935
559,2021162,2110,2021,162,21,10,NA,NA,A,NA,NA,NA,NA,20211622110
560,2021163,1710,2021,163,17,10,NA,NA,T,NA,NA,NA,NA,20211631710
561,2021163,2015,2021,163,20,15,NA,NA,A,NA,NA,NA,NA,20211632015
562,2021164,1615,2021,164,16,15,NA,NA,T,NA,NA,NA,NA,20211641615
563,2021164,1750,2021,164,17,50,NA,NA,T,NA,NA,NA,NA,20211641750
564,2021164,1915,2021,164,19,15,NA,NA,A,NA,NA,NA,NA,20211641915
565,2021164,2055,2021,164,20,55,NA,NA,A,NA,NA,NA,NA,20211642055
566,2021164,2100,2021,164,21,0,NA,NA,A,NA,NA,NA,NA,20211642100
567,2021165,1655,2021,165,16,55,NA,NA,T,NA,NA,NA,NA,20211651655
568,2021165,2000,2021,165,20,0,NA,NA,A,NA,NA,NA,NA,20211652000
569,2021165,2005,2021,165,20,5,NA,NA,A,NA,NA,NA,NA,20211652005
570,2021166,1600,2021,166,16,0,NA,NA,T,NA,NA,NA,NA,20211661600
571,2021166,1740,2021,166,17,40,NA,NA,T,NA,NA,NA,NA,20211661740
572,2021166,1910,2021,166,19,10,NA,NA,A,NA,NA,NA,NA,20211661910
573,2021166,2045,2021,166,20,45,NA,NA,A,NA,NA,NA,NA,20211662045
574,2021167,1645,2021,167,16,45,19.3375,-99.18296359,T,0.39367,0.294,0.046,0,20211671645
575,2021167,1820,2021,167,18,20,NA,NA,T,NA,NA,NA,NA,20211671820
576,2021167,1950,2021,167,19,50,NA,NA,A,NA,NA,NA,NA,20211671950
577,2021168,1725,2021,168,17,25,NA,NA,T,NA,NA,NA,NA,20211681725
578,2021168,2030,2021,168,20,30,NA,NA,A,NA,NA,NA,NA,20211682030
579,2021168,2035,2021,168,20,35,NA,NA,A,NA,NA,NA,NA,20211682035
580,2021169,1630,2021,169,16,30,NA,NA,T,NA,NA,NA,NA,20211691630
581,2021169,1810,2021,169,18,10,NA,NA,T,NA,NA,NA,NA,20211691810
582,2021169,1935,2021,169,19,35,NA,NA,A,NA,NA,NA,NA,20211691935
583,2021169,1940,2021,169,19,40,NA,NA,A,NA,NA,NA,NA,20211691940
584,2021170,1715,2021,170,17,15,NA,NA,T,NA,NA,NA,NA,20211701715
585,2021170,2020,2021,170,20,20,NA,NA,A,NA,NA,NA,NA,20211702020
586,2021171,1620,2021,171,16,20,NA,NA,T,NA,NA,NA,NA,20211711620
587,2021171,1800,2021,171,18,0,NA,NA,T,NA,NA,NA,NA,20211711800
588,2021171,1925,2021,171,19,25,NA,NA,A,NA,NA,NA,NA,20211711925
589,2021171,2105,2021,171,21,5,NA,NA,A,NA,NA,NA,NA,20211712105
590,2021172,1705,2021,172,17,5,19.3375,-99.18296359,T,0.3635,0.27125,0.1021,0,20211721705
591,2021172,2005,2021,172,20,5,NA,NA,A,NA,NA,NA,NA,20211722005
592,2021172,2010,2021,172,20,10,NA,NA,A,NA,NA,NA,NA,20211722010
593,2021173,1605,2021,173,16,5,NA,NA,T,NA,NA,NA,NA,20211731605
594,2021173,1745,2021,173,17,45,NA,NA,T,NA,NA,NA,NA,20211731745
595,2021173,1910,2021,173,19,10,NA,NA,A,NA,NA,NA,NA,20211731910
596,2021173,1915,2021,173,19,15,NA,NA,A,NA,NA,NA,NA,20211731915
597,2021173,2055,2021,173,20,55,NA,NA,A,NA,NA,NA,NA,20211732055
598,2021174,1650,2021,174,16,50,NA,NA,T,NA,NA,NA,NA,20211741650
599,2021174,1825,2021,174,18,25,NA,NA,T,NA,NA,NA,NA,20211741825
600,2021174,1955,2021,174,19,55,NA,NA,A,NA,NA,NA,NA,20211741955
601,2021175,1555,2021,175,15,55,NA,NA,T,NA,NA,NA,NA,20211751555
602,2021175,1735,2021,175,17,35,NA,NA,T,NA,NA,NA,NA,20211751735
603,2021175,2035,2021,175,20,35,NA,NA,A,NA,NA,NA,NA,20211752035
604,2021175,2040,2021,175,20,40,NA,NA,A,NA,NA,NA,NA,20211752040
605,2021176,1640,2021,176,16,40,NA,NA,T,NA,NA,NA,NA,20211761640
606,2021176,1815,2021,176,18,15,NA,NA,T,NA,NA,NA,NA,20211761815
607,2021176,1940,2021,176,19,40,NA,NA,A,NA,NA,NA,NA,20211761940
608,2021176,1945,2021,176,19,45,NA,NA,A,NA,NA,NA,NA,20211761945
609,2021177,1720,2021,177,17,20,NA,NA,T,NA,NA,NA,NA,20211771720
610,2021177,2025,2021,177,20,25,NA,NA,A,NA,NA,NA,NA,20211772025
611,2021177,2030,2021,177,20,30,NA,NA,A,NA,NA,NA,NA,20211772030
612,2021178,1625,2021,178,16,25,NA,NA,T,NA,NA,NA,NA,20211781625
613,2021178,1805,2021,178,18,5,NA,NA,T,NA,NA,NA,NA,20211781805
614,2021178,1935,2021,178,19,35,NA,NA,A,NA,NA,NA,NA,20211781935
615,2021178,2110,2021,178,21,10,NA,NA,A,NA,NA,NA,NA,20211782110
616,2021179,1710,2021,179,17,10,NA,NA,T,NA,NA,NA,NA,20211791710
617,2021179,2015,2021,179,20,15,NA,NA,A,NA,NA,NA,NA,20211792015
618,2021180,1615,2021,180,16,15,NA,NA,T,NA,NA,NA,NA,20211801615
619,2021180,1750,2021,180,17,50,NA,NA,T,NA,NA,NA,NA,20211801750
620,2021180,1915,2021,180,19,15,NA,NA,A,NA,NA,NA,NA,20211801915
621,2021180,2055,2021,180,20,55,NA,NA,A,NA,NA,NA,NA,20211802055
622,2021180,2100,2021,180,21,0,NA,NA,A,NA,NA,NA,NA,20211802100
623,2021181,1655,2021,181,16,55,NA,NA,T,NA,NA,NA,NA,20211811655
624,2021181,2000,2021,181,20,0,NA,NA,A,NA,NA,NA,NA,20211812000
625,2021181,2005,2021,181,20,5,NA,NA,A,NA,NA,NA,NA,20211812005
626,2021182,1600,2021,182,16,0,NA,NA,T,NA,NA,NA,NA,20211821600
627,2021182,1740,2021,182,17,40,NA,NA,T,NA,NA,NA,NA,20211821740
628,2021182,1910,2021,182,19,10,NA,NA,A,NA,NA,NA,NA,20211821910
629,2021182,2045,2021,182,20,45,NA,NA,A,NA,NA,NA,NA,20211822045
630,2021183,1645,2021,183,16,45,NA,NA,T,NA,NA,NA,NA,20211831645
631,2021183,1820,2021,183,18,20,NA,NA,T,NA,NA,NA,NA,20211831820
632,2021183,1950,2021,183,19,50,NA,NA,A,NA,NA,NA,NA,20211831950
633,2021184,1725,2021,184,17,25,NA,NA,T,NA,NA,NA,NA,20211841725
634,2021184,2030,2021,184,20,30,NA,NA,A,NA,NA,NA,NA,20211842030
635,2021184,2035,2021,184,20,35,NA,NA,A,NA,NA,NA,NA,20211842035
636,2021185,1630,2021,185,16,30,NA,NA,T,NA,NA,NA,NA,20211851630
637,2021185,1810,2021,185,18,10,NA,NA,T,NA,NA,NA,NA,20211851810
638,2021185,1935,2021,185,19,35,NA,NA,A,NA,NA,NA,NA,20211851935
639,2021185,1940,2021,185,19,40,NA,NA,A,NA,NA,NA,NA,20211851940
640,2021186,1715,2021,186,17,15,NA,NA,T,NA,NA,NA,NA,20211861715
641,2021186,2020,2021,186,20,20,NA,NA,A,NA,NA,NA,NA,20211862020
642,2021187,1620,2021,187,16,20,NA,NA,T,NA,NA,NA,NA,20211871620
643,2021187,1755,2021,187,17,55,NA,NA,T,NA,NA,NA,NA,20211871755
644,2021187,1925,2021,187,19,25,NA,NA,A,NA,NA,NA,NA,20211871925
645,2021187,2105,2021,187,21,5,NA,NA,A,NA,NA,NA,NA,20211872105
646,2021188,1700,2021,188,17,0,NA,NA,T,NA,NA,NA,NA,20211881700
647,2021188,2005,2021,188,20,5,NA,NA,A,NA,NA,NA,NA,20211882005
648,2021188,2010,2021,188,20,10,NA,NA,A,NA,NA,NA,NA,20211882010
649,2021189,1605,2021,189,16,5,NA,NA,T,NA,NA,NA,NA,20211891605
650,2021189,1745,2021,189,17,45,NA,NA,T,NA,NA,NA,NA,20211891745
651,2021189,1910,2021,189,19,10,NA,NA,A,NA,NA,NA,NA,20211891910
652,2021189,1915,2021,189,19,15,NA,NA,A,NA,NA,NA,NA,20211891915
653,2021189,2055,2021,189,20,55,NA,NA,A,NA,NA,NA,NA,20211892055
654,2021190,1650,2021,190,16,50,NA,NA,T,NA,NA,NA,NA,20211901650
655,2021190,1825,2021,190,18,25,NA,NA,T,NA,NA,NA,NA,20211901825
656,2021190,2000,2021,190,20,0,NA,NA,A,NA,NA,NA,NA,20211902000
657,2021191,1555,2021,191,15,55,NA,NA,T,NA,NA,NA,NA,20211911555
658,2021191,1735,2021,191,17,35,NA,NA,T,NA,NA,NA,NA,20211911735
659,2021191,2035,2021,191,20,35,NA,NA,A,NA,NA,NA,NA,20211912035
660,2021191,2040,2021,191,20,40,NA,NA,A,NA,NA,NA,NA,20211912040
661,2021192,1640,2021,192,16,40,NA,NA,T,NA,NA,NA,NA,20211921640
662,2021192,1815,2021,192,18,15,NA,NA,T,NA,NA,NA,NA,20211921815
663,2021192,1940,2021,192,19,40,NA,NA,A,NA,NA,NA,NA,20211921940
664,2021192,1945,2021,192,19,45,NA,NA,A,NA,NA,NA,NA,20211921945
665,2021193,1720,2021,193,17,20,NA,NA,T,NA,NA,NA,NA,20211931720
666,2021193,2025,2021,193,20,25,NA,NA,A,NA,NA,NA,NA,20211932025
667,2021193,2030,2021,193,20,30,NA,NA,A,NA,NA,NA,NA,20211932030
668,2021194,1625,2021,194,16,25,NA,NA,T,NA,NA,NA,NA,20211941625
669,2021194,1805,2021,194,18,5,NA,NA,T,NA,NA,NA,NA,20211941805
670,2021194,1935,2021,194,19,35,NA,NA,A,NA,NA,NA,NA,20211941935
671,2021194,2110,2021,194,21,10,NA,NA,A,NA,NA,NA,NA,20211942110
672,2021195,1710,2021,195,17,10,19.3375,-99.18296359,T,0.2885,0.21575,0.1479,0,20211951710
673,2021195,2015,2021,195,20,15,NA,NA,A,NA,NA,NA,NA,20211952015
674,2021196,1615,2021,196,16,15,NA,NA,T,NA,NA,NA,NA,20211961615
675,2021196,1750,2021,196,17,50,NA,NA,T,NA,NA,NA,NA,20211961750
676,2021196,2055,2021,196,20,55,NA,NA,A,NA,NA,NA,NA,20211962055
677,2021196,2100,2021,196,21,0,NA,NA,A,NA,NA,NA,NA,20211962100
678,2021197,1655,2021,197,16,55,19.3375,-99.18296359,T,0.329,0.2455,0.0823,0,20211971655
679,2021197,2000,2021,197,20,0,NA,NA,A,NA,NA,NA,NA,20211972000
680,2021197,2005,2021,197,20,5,NA,NA,A,NA,NA,NA,NA,20211972005
681,2021198,1600,2021,198,16,0,NA,NA,T,NA,NA,NA,NA,20211981600
682,2021198,1740,2021,198,17,40,NA,NA,T,NA,NA,NA,NA,20211981740
683,2021198,1910,2021,198,19,10,NA,NA,A,NA,NA,NA,NA,20211981910
684,2021198,2045,2021,198,20,45,NA,NA,A,NA,NA,NA,NA,20211982045
685,2021199,1645,2021,199,16,45,19.3375,-99.18296359,T,0.4185,0.31275,0.0446,0,20211991645
686,2021199,1820,2021,199,18,20,NA,NA,T,NA,NA,NA,NA,20211991820
687,2021199,1950,2021,199,19,50,NA,NA,A,NA,NA,NA,NA,20211991950
688,2021200,1725,2021,200,17,25,NA,NA,T,NA,NA,NA,NA,20212001725
689,2021200,2030,2021,200,20,30,NA,NA,A,NA,NA,NA,NA,20212002030
690,2021200,2035,2021,200,20,35,NA,NA,A,NA,NA,NA,NA,20212002035
691,2021201,1630,2021,201,16,30,19.3375,-99.18296359,T,0.44525,0.33275,0.0261,0,20212011630
692,2021201,1810,2021,201,18,10,NA,NA,T,NA,NA,NA,NA,20212011810
693,2021201,1935,2021,201,19,35,NA,NA,A,NA,NA,NA,NA,20212011935
694,2021201,1940,2021,201,19,40,NA,NA,A,NA,NA,NA,NA,20212011940
695,2021202,1715,2021,202,17,15,NA,NA,T,NA,NA,NA,NA,20212021715
696,2021202,2020,2021,202,20,20,NA,NA,A,NA,NA,NA,NA,20212022020
697,2021203,1620,2021,203,16,20,NA,NA,T,NA,NA,NA,NA,20212031620
698,2021203,1755,2021,203,17,55,NA,NA,T,NA,NA,NA,NA,20212031755
699,2021203,1925,2021,203,19,25,NA,NA,A,NA,NA,NA,NA,20212031925
700,2021203,2105,2021,203,21,5,NA,NA,A,NA,NA,NA,NA,20212032105
701,2021204,1700,2021,204,17,0,NA,NA,T,NA,NA,NA,NA,20212041700
702,2021204,2005,2021,204,20,5,NA,NA,A,NA,NA,NA,NA,20212042005
703,2021204,2010,2021,204,20,10,NA,NA,A,NA,NA,NA,NA,20212042010
704,2021205,1605,2021,205,16,5,NA,NA,T,NA,NA,NA,NA,20212051605
705,2021205,1745,2021,205,17,45,19.3375,-99.18296359,T,0.09275,0.06925,0.0297,0,20212051745
706,2021205,1910,2021,205,19,10,NA,NA,A,NA,NA,NA,NA,20212051910
707,2021205,1915,2021,205,19,15,19.3375,-99.18296359,A,0.445,0.3325,0.0166,0,20212051915
708,2021205,2055,2021,205,20,55,NA,NA,A,NA,NA,NA,NA,20212052055
709,2021206,1650,2021,206,16,50,19.3375,-99.18296359,T,0.29225,0.2185,0.0534,0,20212061650
710,2021206,1825,2021,206,18,25,NA,NA,T,NA,NA,NA,NA,20212061825
711,2021206,2000,2021,206,20,0,NA,NA,A,NA,NA,NA,NA,20212062000
712,2021207,1555,2021,207,15,55,NA,NA,T,NA,NA,NA,NA,20212071555
713,2021207,1735,2021,207,17,35,19.3375,-99.18296359,T,0.31725,0.23675,0.0611,0,20212071735
714,2021207,2035,2021,207,20,35,NA,NA,A,NA,NA,NA,NA,20212072035
715,2021207,2040,2021,207,20,40,NA,NA,A,NA,NA,NA,NA,20212072040
716,2021208,1635,2021,208,16,35,19.3375,-99.18296359,T,0.3535,0.264,0.0287,0,20212081635
717,2021208,1815,2021,208,18,15,NA,NA,T,NA,NA,NA,NA,20212081815
718,2021208,1940,2021,208,19,40,NA,NA,A,NA,NA,NA,NA,20212081940
719,2021208,1945,2021,208,19,45,NA,NA,A,NA,NA,NA,NA,20212081945
720,2021209,1720,2021,209,17,20,NA,NA,T,NA,NA,NA,NA,20212091720
721,2021209,2025,2021,209,20,25,NA,NA,A,NA,NA,NA,NA,20212092025
722,2021209,2030,2021,209,20,30,NA,NA,A,NA,NA,NA,NA,20212092030
723,2021210,1625,2021,210,16,25,NA,NA,T,NA,NA,NA,NA,20212101625
724,2021210,1805,2021,210,18,5,NA,NA,T,NA,NA,NA,NA,20212101805
725,2021210,1935,2021,210,19,35,NA,NA,A,NA,NA,NA,NA,20212101935
726,2021210,2110,2021,210,21,10,NA,NA,A,NA,NA,NA,NA,20212102110
727,2021211,1710,2021,211,17,10,NA,NA,T,NA,NA,NA,NA,20212111710
728,2021211,2015,2021,211,20,15,NA,NA,A,NA,NA,NA,NA,20212112015
729,2021212,1615,2021,212,16,15,NA,NA,T,NA,NA,NA,NA,20212121615
730,2021212,1750,2021,212,17,50,19.3375,-99.18296359,T,0.2735,0.20425,0.0216,0,20212121750
731,2021212,2055,2021,212,20,55,19.3375,-99.18296359,A,0.479,0.35775,0.0202,0,20212122055
732,2021212,2100,2021,212,21,0,NA,NA,A,NA,NA,NA,NA,20212122100
733,2021213,1655,2021,213,16,55,19.3375,-99.18296359,T,0.34725,0.2595,0.0803,0,20212131655
734,2021213,2000,2021,213,20,0,NA,NA,A,NA,NA,NA,NA,20212132000
735,2021213,2005,2021,213,20,5,NA,NA,A,NA,NA,NA,NA,20212132005
736,2021214,1600,2021,214,16,0,NA,NA,T,NA,NA,NA,NA,20212141600
737,2021214,1740,2021,214,17,40,NA,NA,T,NA,NA,NA,NA,20212141740
738,2021214,1910,2021,214,19,10,NA,NA,A,NA,NA,NA,NA,20212141910
739,2021214,2045,2021,214,20,45,NA,NA,A,NA,NA,NA,NA,20212142045
740,2021215,1645,2021,215,16,45,NA,NA,T,NA,NA,NA,NA,20212151645
741,2021215,1820,2021,215,18,20,NA,NA,T,NA,NA,NA,NA,20212151820
742,2021215,1950,2021,215,19,50,NA,NA,A,NA,NA,NA,NA,20212151950
743,2021216,1725,2021,216,17,25,NA,NA,T,NA,NA,NA,NA,20212161725
744,2021216,2030,2021,216,20,30,NA,NA,A,NA,NA,NA,NA,20212162030
745,2021216,2035,2021,216,20,35,NA,NA,A,NA,NA,NA,NA,20212162035
746,2021217,1630,2021,217,16,30,NA,NA,T,NA,NA,NA,NA,20212171630
747,2021217,1810,2021,217,18,10,NA,NA,T,NA,NA,NA,NA,20212171810
748,2021217,1935,2021,217,19,35,NA,NA,A,NA,NA,NA,NA,20212171935
749,2021217,1940,2021,217,19,40,NA,NA,A,NA,NA,NA,NA,20212171940
750,2021218,1715,2021,218,17,15,NA,NA,T,NA,NA,NA,NA,20212181715
751,2021218,2020,2021,218,20,20,NA,NA,A,NA,NA,NA,NA,20212182020
752,2021219,1620,2021,219,16,20,NA,NA,T,NA,NA,NA,NA,20212191620
753,2021219,1755,2021,219,17,55,NA,NA,T,NA,NA,NA,NA,20212191755
754,2021219,1925,2021,219,19,25,NA,NA,A,NA,NA,NA,NA,20212191925
755,2021219,2105,2021,219,21,5,NA,NA,A,NA,NA,NA,NA,20212192105
756,2021220,1700,2021,220,17,0,NA,NA,T,NA,NA,NA,NA,20212201700
757,2021220,2005,2021,220,20,5,NA,NA,A,NA,NA,NA,NA,20212202005
758,2021220,2010,2021,220,20,10,NA,NA,A,NA,NA,NA,NA,20212202010
759,2021221,1605,2021,221,16,5,NA,NA,T,NA,NA,NA,NA,20212211605
760,2021221,1745,2021,221,17,45,19.3375,-99.18296359,T,0.297,0.22175,0.0281,0,20212211745
761,2021221,1910,2021,221,19,10,NA,NA,A,NA,NA,NA,NA,20212211910
762,2021221,1915,2021,221,19,15,NA,NA,A,NA,NA,NA,NA,20212211915
763,2021221,2055,2021,221,20,55,NA,NA,A,NA,NA,NA,NA,20212212055
764,2021222,1650,2021,222,16,50,NA,NA,T,NA,NA,NA,NA,20212221650
765,2021222,1825,2021,222,18,25,NA,NA,T,NA,NA,NA,NA,20212221825
766,2021222,2000,2021,222,20,0,NA,NA,A,NA,NA,NA,NA,20212222000
767,2021223,1555,2021,223,15,55,NA,NA,T,NA,NA,NA,NA,20212231555
768,2021223,1730,2021,223,17,30,NA,NA,T,NA,NA,NA,NA,20212231730
769,2021223,2035,2021,223,20,35,NA,NA,A,NA,NA,NA,NA,20212232035
770,2021223,2040,2021,223,20,40,NA,NA,A,NA,NA,NA,NA,20212232040
771,2021224,1635,2021,224,16,35,19.3375,-99.18296359,T,0.4485,0.33475,0.0521,0,20212241635
772,2021224,1815,2021,224,18,15,NA,NA,T,NA,NA,NA,NA,20212241815
773,2021224,1940,2021,224,19,40,NA,NA,A,NA,NA,NA,NA,20212241940
774,2021224,1945,2021,224,19,45,NA,NA,A,NA,NA,NA,NA,20212241945
775,2021225,1720,2021,225,17,20,NA,NA,T,NA,NA,NA,NA,20212251720
776,2021225,2025,2021,225,20,25,NA,NA,A,NA,NA,NA,NA,20212252025
777,2021225,2030,2021,225,20,30,NA,NA,A,NA,NA,NA,NA,20212252030
778,2021226,1625,2021,226,16,25,NA,NA,T,NA,NA,NA,NA,20212261625
779,2021226,1800,2021,226,18,0,NA,NA,T,NA,NA,NA,NA,20212261800
780,2021226,1935,2021,226,19,35,NA,NA,A,NA,NA,NA,NA,20212261935
781,2021226,2110,2021,226,21,10,NA,NA,A,NA,NA,NA,NA,20212262110
782,2021227,1710,2021,227,17,10,NA,NA,T,NA,NA,NA,NA,20212271710
783,2021227,2015,2021,227,20,15,NA,NA,A,NA,NA,NA,NA,20212272015
784,2021228,1610,2021,228,16,10,NA,NA,T,NA,NA,NA,NA,20212281610
785,2021228,1750,2021,228,17,50,NA,NA,T,NA,NA,NA,NA,20212281750
786,2021228,2055,2021,228,20,55,NA,NA,A,NA,NA,NA,NA,20212282055
787,2021228,2100,2021,228,21,0,NA,NA,A,NA,NA,NA,NA,20212282100
788,2021229,1655,2021,229,16,55,19.32916666,-99.18673365,T,0.427,0.319,0.0429,0,20212291655
789,2021229,2000,2021,229,20,0,NA,NA,A,NA,NA,NA,NA,20212292000
790,2021229,2005,2021,229,20,5,NA,NA,A,NA,NA,NA,NA,20212292005
791,2021230,1600,2021,230,16,0,NA,NA,T,NA,NA,NA,NA,20212301600
792,2021230,1740,2021,230,17,40,NA,NA,T,NA,NA,NA,NA,20212301740
793,2021230,1910,2021,230,19,10,NA,NA,A,NA,NA,NA,NA,20212301910
794,2021230,2045,2021,230,20,45,NA,NA,A,NA,NA,NA,NA,20212302045
795,2021231,1645,2021,231,16,45,NA,NA,T,NA,NA,NA,NA,20212311645
796,2021231,1820,2021,231,18,20,NA,NA,T,NA,NA,NA,NA,20212311820
797,2021231,1950,2021,231,19,50,NA,NA,A,NA,NA,NA,NA,20212311950
798,2021232,1725,2021,232,17,25,NA,NA,T,NA,NA,NA,NA,20212321725
799,2021232,2030,2021,232,20,30,NA,NA,A,NA,NA,NA,NA,20212322030
800,2021232,2035,2021,232,20,35,NA,NA,A,NA,NA,NA,NA,20212322035
801,2021233,1630,2021,233,16,30,NA,NA,T,NA,NA,NA,NA,20212331630
802,2021233,1810,2021,233,18,10,NA,NA,T,NA,NA,NA,NA,20212331810
803,2021233,1935,2021,233,19,35,NA,NA,A,NA,NA,NA,NA,20212331935
804,2021233,1940,2021,233,19,40,NA,NA,A,NA,NA,NA,NA,20212331940
805,2021234,1715,2021,234,17,15,NA,NA,T,NA,NA,NA,NA,20212341715
806,2021234,2020,2021,234,20,20,NA,NA,A,NA,NA,NA,NA,20212342020
807,2021235,1620,2021,235,16,20,NA,NA,T,NA,NA,NA,NA,20212351620
808,2021235,1755,2021,235,17,55,NA,NA,T,NA,NA,NA,NA,20212351755
809,2021235,1925,2021,235,19,25,NA,NA,A,NA,NA,NA,NA,20212351925
810,2021235,2105,2021,235,21,5,NA,NA,A,NA,NA,NA,NA,20212352105
811,2021236,1700,2021,236,17,0,NA,NA,T,NA,NA,NA,NA,20212361700
812,2021236,2005,2021,236,20,5,NA,NA,A,NA,NA,NA,NA,20212362005
813,2021236,2010,2021,236,20,10,NA,NA,A,NA,NA,NA,NA,20212362010
814,2021237,1605,2021,237,16,5,NA,NA,T,NA,NA,NA,NA,20212371605
815,2021237,1745,2021,237,17,45,NA,NA,T,NA,NA,NA,NA,20212371745
816,2021237,1910,2021,237,19,10,NA,NA,A,NA,NA,NA,NA,20212371910
817,2021237,1915,2021,237,19,15,NA,NA,A,NA,NA,NA,NA,20212371915
818,2021237,2055,2021,237,20,55,NA,NA,A,NA,NA,NA,NA,20212372055
819,2021238,1650,2021,238,16,50,19.3375,-99.18296359,T,0.0885,0.066,0.0848,0,20212381650
820,2021238,1825,2021,238,18,25,NA,NA,T,NA,NA,NA,NA,20212381825
821,2021238,2000,2021,238,20,0,NA,NA,A,NA,NA,NA,NA,20212382000
822,2021239,1555,2021,239,15,55,NA,NA,T,NA,NA,NA,NA,20212391555
823,2021239,1730,2021,239,17,30,NA,NA,T,NA,NA,NA,NA,20212391730
824,2021239,2035,2021,239,20,35,NA,NA,A,NA,NA,NA,NA,20212392035
825,2021239,2040,2021,239,20,40,NA,NA,A,NA,NA,NA,NA,20212392040
826,2021240,1635,2021,240,16,35,NA,NA,T,NA,NA,NA,NA,20212401635
827,2021240,1815,2021,240,18,15,NA,NA,T,NA,NA,NA,NA,20212401815
828,2021240,1940,2021,240,19,40,NA,NA,A,NA,NA,NA,NA,20212401940
829,2021240,1945,2021,240,19,45,NA,NA,A,NA,NA,NA,NA,20212401945
830,2021241,1720,2021,241,17,20,NA,NA,T,NA,NA,NA,NA,20212411720
831,2021241,2025,2021,241,20,25,NA,NA,A,NA,NA,NA,NA,20212412025
832,2021241,2030,2021,241,20,30,NA,NA,A,NA,NA,NA,NA,20212412030
833,2021242,1625,2021,242,16,25,NA,NA,T,NA,NA,NA,NA,20212421625
834,2021242,1800,2021,242,18,0,NA,NA,T,NA,NA,NA,NA,20212421800
835,2021242,1935,2021,242,19,35,NA,NA,A,NA,NA,NA,NA,20212421935
836,2021242,2110,2021,242,21,10,NA,NA,A,NA,NA,NA,NA,20212422110
837,2021243,1705,2021,243,17,5,NA,NA,T,NA,NA,NA,NA,20212431705
838,2021243,2015,2021,243,20,15,NA,NA,A,NA,NA,NA,NA,20212432015
839,2021244,1610,2021,244,16,10,NA,NA,T,NA,NA,NA,NA,20212441610
840,2021244,1750,2021,244,17,50,NA,NA,T,NA,NA,NA,NA,20212441750
841,2021244,2055,2021,244,20,55,NA,NA,A,NA,NA,NA,NA,20212442055
842,2021244,2100,2021,244,21,0,NA,NA,A,NA,NA,NA,NA,20212442100
843,2021245,1655,2021,245,16,55,NA,NA,T,NA,NA,NA,NA,20212451655
844,2021245,2000,2021,245,20,0,NA,NA,A,NA,NA,NA,NA,20212452000
845,2021245,2005,2021,245,20,5,NA,NA,A,NA,NA,NA,NA,20212452005
846,2021246,1600,2021,246,16,0,NA,NA,T,NA,NA,NA,NA,20212461600
847,2021246,1740,2021,246,17,40,NA,NA,T,NA,NA,NA,NA,20212461740
848,2021246,1910,2021,246,19,10,NA,NA,A,NA,NA,NA,NA,20212461910
849,2021246,2045,2021,246,20,45,NA,NA,A,NA,NA,NA,NA,20212462045
850,2021247,1645,2021,247,16,45,19.3375,-99.18296359,T,0.36325,0.27125,0.0628,0,20212471645
851,2021247,1820,2021,247,18,20,NA,NA,T,NA,NA,NA,NA,20212471820
852,2021247,1950,2021,247,19,50,NA,NA,A,NA,NA,NA,NA,20212471950
853,2021248,1725,2021,248,17,25,NA,NA,T,NA,NA,NA,NA,20212481725
854,2021248,2030,2021,248,20,30,NA,NA,A,NA,NA,NA,NA,20212482030
855,2021248,2035,2021,248,20,35,NA,NA,A,NA,NA,NA,NA,20212482035
856,2021249,1630,2021,249,16,30,NA,NA,T,NA,NA,NA,NA,20212491630
857,2021249,1810,2021,249,18,10,NA,NA,T,NA,NA,NA,NA,20212491810
858,2021249,1935,2021,249,19,35,NA,NA,A,NA,NA,NA,NA,20212491935
859,2021249,1940,2021,249,19,40,NA,NA,A,NA,NA,NA,NA,20212491940
860,2021250,1715,2021,250,17,15,NA,NA,T,NA,NA,NA,NA,20212501715
861,2021250,2020,2021,250,20,20,NA,NA,A,NA,NA,NA,NA,20212502020
862,2021251,1620,2021,251,16,20,NA,NA,T,NA,NA,NA,NA,20212511620
863,2021251,1755,2021,251,17,55,NA,NA,T,NA,NA,NA,NA,20212511755
864,2021251,1925,2021,251,19,25,NA,NA,A,NA,NA,NA,NA,20212511925
865,2021251,2105,2021,251,21,5,NA,NA,A,NA,NA,NA,NA,20212512105
866,2021252,1700,2021,252,17,0,NA,NA,T,NA,NA,NA,NA,20212521700
867,2021252,2005,2021,252,20,5,NA,NA,A,NA,NA,NA,NA,20212522005
868,2021252,2010,2021,252,20,10,NA,NA,A,NA,NA,NA,NA,20212522010
869,2021253,1605,2021,253,16,5,NA,NA,T,NA,NA,NA,NA,20212531605
870,2021253,1745,2021,253,17,45,NA,NA,T,NA,NA,NA,NA,20212531745
871,2021253,1910,2021,253,19,10,NA,NA,A,NA,NA,NA,NA,20212531910
872,2021253,1915,2021,253,19,15,NA,NA,A,NA,NA,NA,NA,20212531915
873,2021253,2055,2021,253,20,55,NA,NA,A,NA,NA,NA,NA,20212532055
874,2021254,1650,2021,254,16,50,NA,NA,T,NA,NA,NA,NA,20212541650
875,2021254,1825,2021,254,18,25,NA,NA,T,NA,NA,NA,NA,20212541825
876,2021254,2000,2021,254,20,0,NA,NA,A,NA,NA,NA,NA,20212542000
877,2021255,1555,2021,255,15,55,NA,NA,T,NA,NA,NA,NA,20212551555
878,2021255,1730,2021,255,17,30,NA,NA,T,NA,NA,NA,NA,20212551730
879,2021255,2035,2021,255,20,35,NA,NA,A,NA,NA,NA,NA,20212552035
880,2021255,2040,2021,255,20,40,NA,NA,A,NA,NA,NA,NA,20212552040
881,2021256,1635,2021,256,16,35,NA,NA,T,NA,NA,NA,NA,20212561635
882,2021256,1815,2021,256,18,15,NA,NA,T,NA,NA,NA,NA,20212561815
883,2021256,1940,2021,256,19,40,NA,NA,A,NA,NA,NA,NA,20212561940
884,2021256,1945,2021,256,19,45,NA,NA,A,NA,NA,NA,NA,20212561945
885,2021257,1720,2021,257,17,20,NA,NA,T,NA,NA,NA,NA,20212571720
886,2021257,2025,2021,257,20,25,NA,NA,A,NA,NA,NA,NA,20212572025
887,2021257,2030,2021,257,20,30,NA,NA,A,NA,NA,NA,NA,20212572030
888,2021258,1625,2021,258,16,25,NA,NA,T,NA,NA,NA,NA,20212581625
889,2021258,1800,2021,258,18,0,NA,NA,T,NA,NA,NA,NA,20212581800
890,2021258,1935,2021,258,19,35,NA,NA,A,NA,NA,NA,NA,20212581935
891,2021258,2110,2021,258,21,10,NA,NA,A,NA,NA,NA,NA,20212582110
892,2021259,1705,2021,259,17,5,NA,NA,T,NA,NA,NA,NA,20212591705
893,2021259,2015,2021,259,20,15,NA,NA,A,NA,NA,NA,NA,20212592015
894,2021260,1610,2021,260,16,10,NA,NA,T,NA,NA,NA,NA,20212601610
895,2021260,1750,2021,260,17,50,NA,NA,T,NA,NA,NA,NA,20212601750
896,2021260,2055,2021,260,20,55,NA,NA,A,NA,NA,NA,NA,20212602055
897,2021260,2100,2021,260,21,0,NA,NA,A,NA,NA,NA,NA,20212602100
898,2021261,1655,2021,261,16,55,NA,NA,T,NA,NA,NA,NA,20212611655
899,2021261,2000,2021,261,20,0,NA,NA,A,NA,NA,NA,NA,20212612000
900,2021261,2005,2021,261,20,5,NA,NA,A,NA,NA,NA,NA,20212612005
901,2021262,1600,2021,262,16,0,NA,NA,T,NA,NA,NA,NA,20212621600
902,2021262,1740,2021,262,17,40,NA,NA,T,NA,NA,NA,NA,20212621740
903,2021262,1910,2021,262,19,10,NA,NA,A,NA,NA,NA,NA,20212621910
904,2021262,2045,2021,262,20,45,NA,NA,A,NA,NA,NA,NA,20212622045
905,2021263,1645,2021,263,16,45,NA,NA,T,NA,NA,NA,NA,20212631645
906,2021263,1820,2021,263,18,20,NA,NA,T,NA,NA,NA,NA,20212631820
907,2021263,1950,2021,263,19,50,NA,NA,A,NA,NA,NA,NA,20212631950
908,2021264,1725,2021,264,17,25,NA,NA,T,NA,NA,NA,NA,20212641725
909,2021264,2030,2021,264,20,30,NA,NA,A,NA,NA,NA,NA,20212642030
910,2021264,2035,2021,264,20,35,NA,NA,A,NA,NA,NA,NA,20212642035
911,2021265,1935,2021,265,19,35,NA,NA,A,NA,NA,NA,NA,20212651935
912,2021265,1940,2021,265,19,40,NA,NA,A,NA,NA,NA,NA,20212651940
913,2021266,1715,2021,266,17,15,NA,NA,T,NA,NA,NA,NA,20212661715
914,2021267,1620,2021,267,16,20,NA,NA,T,NA,NA,NA,NA,20212671620
915,2021267,1755,2021,267,17,55,NA,NA,T,NA,NA,NA,NA,20212671755
916,2021267,1925,2021,267,19,25,NA,NA,A,NA,NA,NA,NA,20212671925
917,2021267,2105,2021,267,21,5,NA,NA,A,NA,NA,NA,NA,20212672105
918,2021268,1700,2021,268,17,0,NA,NA,T,NA,NA,NA,NA,20212681700
919,2021268,2005,2021,268,20,5,NA,NA,A,NA,NA,NA,NA,20212682005
920,2021268,2010,2021,268,20,10,NA,NA,A,NA,NA,NA,NA,20212682010
921,2021269,1605,2021,269,16,5,NA,NA,T,NA,NA,NA,NA,20212691605
922,2021269,1745,2021,269,17,45,NA,NA,T,NA,NA,NA,NA,20212691745
923,2021269,1910,2021,269,19,10,NA,NA,A,NA,NA,NA,NA,20212691910
924,2021269,1915,2021,269,19,15,NA,NA,A,NA,NA,NA,NA,20212691915
925,2021269,2055,2021,269,20,55,NA,NA,A,NA,NA,NA,NA,20212692055
926,2021270,1650,2021,270,16,50,19.3375,-99.18296359,T,0.2275,0.16975,0.0765,0,20212701650
927,2021270,1825,2021,270,18,25,NA,NA,T,NA,NA,NA,NA,20212701825
928,2021270,2000,2021,270,20,0,NA,NA,A,NA,NA,NA,NA,20212702000
929,2021271,1555,2021,271,15,55,NA,NA,T,NA,NA,NA,NA,20212711555
930,2021271,1730,2021,271,17,30,19.3375,-99.18296359,T,0.51433,0.384,0.0511,0,20212711730
931,2021271,2035,2021,271,20,35,NA,NA,A,NA,NA,NA,NA,20212712035
932,2021271,2040,2021,271,20,40,NA,NA,A,NA,NA,NA,NA,20212712040
933,2021272,1635,2021,272,16,35,NA,NA,T,NA,NA,NA,NA,20212721635
934,2021272,1815,2021,272,18,15,NA,NA,T,NA,NA,NA,NA,20212721815
935,2021272,1940,2021,272,19,40,NA,NA,A,NA,NA,NA,NA,20212721940
936,2021272,1945,2021,272,19,45,NA,NA,A,NA,NA,NA,NA,20212721945
937,2021273,1720,2021,273,17,20,NA,NA,T,NA,NA,NA,NA,20212731720
938,2021273,2025,2021,273,20,25,NA,NA,A,NA,NA,NA,NA,20212732025
939,2021273,2030,2021,273,20,30,NA,NA,A,NA,NA,NA,NA,20212732030
940,2021274,1625,2021,274,16,25,NA,NA,T,NA,NA,NA,NA,20212741625
941,2021274,1800,2021,274,18,0,NA,NA,T,NA,NA,NA,NA,20212741800
942,2021274,1935,2021,274,19,35,NA,NA,A,NA,NA,NA,NA,20212741935
943,2021274,2110,2021,274,21,10,NA,NA,A,NA,NA,NA,NA,20212742110
944,2021275,1705,2021,275,17,5,NA,NA,T,NA,NA,NA,NA,20212751705
945,2021275,2015,2021,275,20,15,NA,NA,A,NA,NA,NA,NA,20212752015
946,2021276,1610,2021,276,16,10,NA,NA,T,NA,NA,NA,NA,20212761610
947,2021276,1750,2021,276,17,50,NA,NA,T,NA,NA,NA,NA,20212761750
948,2021276,2055,2021,276,20,55,NA,NA,A,NA,NA,NA,NA,20212762055
949,2021276,2100,2021,276,21,0,NA,NA,A,NA,NA,NA,NA,20212762100
950,2021277,1655,2021,277,16,55,NA,NA,T,NA,NA,NA,NA,20212771655
951,2021277,2000,2021,277,20,0,NA,NA,A,NA,NA,NA,NA,20212772000
952,2021277,2005,2021,277,20,5,NA,NA,A,NA,NA,NA,NA,20212772005
953,2021278,1600,2021,278,16,0,NA,NA,T,NA,NA,NA,NA,20212781600
954,2021278,1735,2021,278,17,35,NA,NA,T,NA,NA,NA,NA,20212781735
955,2021278,1910,2021,278,19,10,NA,NA,A,NA,NA,NA,NA,20212781910
956,2021278,2045,2021,278,20,45,NA,NA,A,NA,NA,NA,NA,20212782045
957,2021279,1640,2021,279,16,40,NA,NA,T,NA,NA,NA,NA,20212791640
958,2021279,1820,2021,279,18,20,NA,NA,T,NA,NA,NA,NA,20212791820
959,2021279,1950,2021,279,19,50,NA,NA,A,NA,NA,NA,NA,20212791950
960,2021280,1725,2021,280,17,25,NA,NA,T,NA,NA,NA,NA,20212801725
961,2021280,2030,2021,280,20,30,NA,NA,A,NA,NA,NA,NA,20212802030
962,2021280,2035,2021,280,20,35,NA,NA,A,NA,NA,NA,NA,20212802035
963,2021281,1630,2021,281,16,30,19.3375,-99.18296359,T,0.16475,0.12275,0.0305,0,20212811630
964,2021281,1805,2021,281,18,5,NA,NA,T,NA,NA,NA,NA,20212811805
965,2021281,1935,2021,281,19,35,NA,NA,A,NA,NA,NA,NA,20212811935
966,2021281,1940,2021,281,19,40,NA,NA,A,NA,NA,NA,NA,20212811940
967,2021282,1715,2021,282,17,15,NA,NA,T,NA,NA,NA,NA,20212821715
968,2021282,2020,2021,282,20,20,NA,NA,A,NA,NA,NA,NA,20212822020
969,2021283,1620,2021,283,16,20,NA,NA,T,NA,NA,NA,NA,20212831620
970,2021283,1755,2021,283,17,55,19.3375,-99.18296359,T,0.084,0.063,0.0129,0,20212831755
971,2021283,1925,2021,283,19,25,NA,NA,A,NA,NA,NA,NA,20212831925
972,2021283,2105,2021,283,21,5,NA,NA,A,NA,NA,NA,NA,20212832105
973,2021284,1700,2021,284,17,0,19.3375,-99.18296359,T,0.118,0.088,0.1535,0,20212841700
974,2021284,2005,2021,284,20,5,NA,NA,A,NA,NA,NA,NA,20212842005
975,2021284,2010,2021,284,20,10,NA,NA,A,NA,NA,NA,NA,20212842010
976,2021285,1605,2021,285,16,5,NA,NA,T,NA,NA,NA,NA,20212851605
977,2021285,1745,2021,285,17,45,19.3375,-99.18296359,T,0.2585,0.19275,0.0213,0,20212851745
978,2021285,1910,2021,285,19,10,NA,NA,A,NA,NA,NA,NA,20212851910
979,2021285,1915,2021,285,19,15,19.3375,-99.18296359,A,0.24325,0.1815,0.0096,0,20212851915
980,2021285,2055,2021,285,20,55,NA,NA,A,NA,NA,NA,NA,20212852055
981,2021286,1650,2021,286,16,50,19.3375,-99.18296359,T,0.14425,0.10775,0.0558,0,20212861650
982,2021286,1825,2021,286,18,25,NA,NA,T,NA,NA,NA,NA,20212861825
983,2021286,2000,2021,286,20,0,NA,NA,A,NA,NA,NA,NA,20212862000
984,2021287,1555,2021,287,15,55,NA,NA,T,NA,NA,NA,NA,20212871555
985,2021287,1730,2021,287,17,30,19.3375,-99.18296359,T,0.3545,0.26475,0.0403,0,20212871730
986,2021287,2035,2021,287,20,35,NA,NA,A,NA,NA,NA,NA,20212872035
987,2021287,2040,2021,287,20,40,19.3375,-99.18296359,A,0.32625,0.24325,0.0296,0,20212872040
988,2021288,1635,2021,288,16,35,19.3375,-99.18296359,T,0.1365,0.10175,0.0313,0,20212881635
989,2021288,1810,2021,288,18,10,NA,NA,T,NA,NA,NA,NA,20212881810
990,2021288,1940,2021,288,19,40,NA,NA,A,NA,NA,NA,NA,20212881940
991,2021288,1945,2021,288,19,45,19.3375,-99.18296359,A,0.21775,0.1625,0.0426,0,20212881945
992,2021289,1720,2021,289,17,20,NA,NA,T,NA,NA,NA,NA,20212891720
993,2021289,2025,2021,289,20,25,NA,NA,A,NA,NA,NA,NA,20212892025
994,2021289,2030,2021,289,20,30,NA,NA,A,NA,NA,NA,NA,20212892030
995,2021290,1625,2021,290,16,25,NA,NA,T,NA,NA,NA,NA,20212901625
996,2021290,1800,2021,290,18,0,NA,NA,T,NA,NA,NA,NA,20212901800
997,2021290,1935,2021,290,19,35,NA,NA,A,NA,NA,NA,NA,20212901935
998,2021290,2110,2021,290,21,10,NA,NA,A,NA,NA,NA,NA,20212902110
999,2021291,1705,2021,291,17,5,19.3375,-99.18296359,T,0.09625,0.07175,0.1028,0,20212911705
1000,2021291,2015,2021,291,20,15,NA,NA,A,NA,NA,NA,NA,20212912015
1001,2021292,1610,2021,292,16,10,NA,NA,T,NA,NA,NA,NA,20212921610
1002,2021292,1750,2021,292,17,50,19.3375,-99.18296359,T,0.16567,0.12367,0.0152,0,20212921750
1003,2021292,2055,2021,292,20,55,NA,NA,A,NA,NA,NA,NA,20212922055
1004,2021292,2100,2021,292,21,0,NA,NA,A,NA,NA,NA,NA,20212922100
1005,2021293,1655,2021,293,16,55,NA,NA,T,NA,NA,NA,NA,20212931655
1006,2021293,2000,2021,293,20,0,NA,NA,A,NA,NA,NA,NA,20212932000
1007,2021293,2005,2021,293,20,5,NA,NA,A,NA,NA,NA,NA,20212932005
1008,2021294,1600,2021,294,16,0,NA,NA,T,NA,NA,NA,NA,20212941600
1009,2021294,1735,2021,294,17,35,NA,NA,T,NA,NA,NA,NA,20212941735
1010,2021294,1910,2021,294,19,10,NA,NA,A,NA,NA,NA,NA,20212941910
1011,2021294,2045,2021,294,20,45,NA,NA,A,NA,NA,NA,NA,20212942045
1012,2021295,1640,2021,295,16,40,NA,NA,T,NA,NA,NA,NA,20212951640
1013,2021295,1820,2021,295,18,20,NA,NA,T,NA,NA,NA,NA,20212951820
1014,2021295,1950,2021,295,19,50,NA,NA,A,NA,NA,NA,NA,20212951950
1015,2021296,1725,2021,296,17,25,19.3375,-99.18296359,T,0.3885,0.29025,0.055,0,20212961725
1016,2021296,2030,2021,296,20,30,NA,NA,A,NA,NA,NA,NA,20212962030
1017,2021296,2035,2021,296,20,35,NA,NA,A,NA,NA,NA,NA,20212962035
1018,2021297,1630,2021,297,16,30,NA,NA,T,NA,NA,NA,NA,20212971630
1019,2021297,1805,2021,297,18,5,NA,NA,T,NA,NA,NA,NA,20212971805
1020,2021297,1935,2021,297,19,35,NA,NA,A,NA,NA,NA,NA,20212971935
1021,2021297,1940,2021,297,19,40,NA,NA,A,NA,NA,NA,NA,20212971940
1022,2021298,1710,2021,298,17,10,NA,NA,T,NA,NA,NA,NA,20212981710
1023,2021298,2020,2021,298,20,20,NA,NA,A,NA,NA,NA,NA,20212982020
1024,2021299,1615,2021,299,16,15,NA,NA,T,NA,NA,NA,NA,20212991615
1025,2021299,1755,2021,299,17,55,19.3375,-99.17413201,T,0.072,0.054,0.011,0,20212991755
1026,2021299,1925,2021,299,19,25,NA,NA,A,NA,NA,NA,NA,20212991925
1027,2021299,2105,2021,299,21,5,NA,NA,A,NA,NA,NA,NA,20212992105
1028,2021300,2005,2021,300,20,5,NA,NA,A,NA,NA,NA,NA,20213002005
1029,2021300,2010,2021,300,20,10,NA,NA,A,NA,NA,NA,NA,20213002010
1030,2021302,1650,2021,302,16,50,NA,NA,T,NA,NA,NA,NA,20213021650
1031,2021302,1825,2021,302,18,25,NA,NA,T,NA,NA,NA,NA,20213021825
1032,2021302,2000,2021,302,20,0,NA,NA,A,NA,NA,NA,NA,20213022000
1033,2021303,1550,2021,303,15,50,NA,NA,T,NA,NA,NA,NA,20213031550
1034,2021303,1730,2021,303,17,30,19.3375,-99.18296359,T,0.22025,0.16475,0.0372,0,20213031730
1035,2021303,1900,2021,303,19,0,NA,NA,A,NA,NA,NA,NA,20213031900
1036,2021303,2040,2021,303,20,40,NA,NA,A,NA,NA,NA,NA,20213032040
1037,2021304,1635,2021,304,16,35,19.3375,-99.18296359,T,0.19525,0.1455,0.0313,0,20213041635
1038,2021304,1810,2021,304,18,10,NA,NA,T,NA,NA,NA,NA,20213041810
1039,2021304,1940,2021,304,19,40,NA,NA,A,NA,NA,NA,NA,20213041940
1040,2021304,1945,2021,304,19,45,19.3375,-99.18296359,A,0.50625,0.378,0.0365,0,20213041945
1041,2021305,1720,2021,305,17,20,19.3375,-99.18296359,T,0.299,0.2235,0.0842,0,20213051720
1042,2021305,2025,2021,305,20,25,NA,NA,A,NA,NA,NA,NA,20213052025
1043,2021305,2030,2021,305,20,30,NA,NA,A,NA,NA,NA,NA,20213052030
1044,2021306,1625,2021,306,16,25,NA,NA,T,NA,NA,NA,NA,20213061625
1045,2021306,1800,2021,306,18,0,NA,NA,T,NA,NA,NA,NA,20213061800
1046,2021306,1935,2021,306,19,35,19.3375,-99.18296359,A,0.20825,0.15575,0.0176,0,20213061935
1047,2021306,2110,2021,306,21,10,NA,NA,A,NA,NA,NA,NA,20213062110
1048,2021307,1705,2021,307,17,5,19.3375,-99.18296359,T,0.08875,0.06625,0.1078,0,20213071705
1049,2021307,2015,2021,307,20,15,19.3375,-99.18296359,A,0.08125,0.0605,0.0752,0,20213072015
1050,2021308,1610,2021,308,16,10,NA,NA,T,NA,NA,NA,NA,20213081610
1051,2021308,1750,2021,308,17,50,NA,NA,T,NA,NA,NA,NA,20213081750
1052,2021308,2055,2021,308,20,55,NA,NA,A,NA,NA,NA,NA,20213082055
1053,2021308,2100,2021,308,21,0,NA,NA,A,NA,NA,NA,NA,20213082100
1054,2021309,1655,2021,309,16,55,NA,NA,T,NA,NA,NA,NA,20213091655
1055,2021309,2000,2021,309,20,0,NA,NA,A,NA,NA,NA,NA,20213092000
1056,2021309,2005,2021,309,20,5,NA,NA,A,NA,NA,NA,NA,20213092005
1057,2021310,1600,2021,310,16,0,NA,NA,T,NA,NA,NA,NA,20213101600
1058,2021310,1735,2021,310,17,35,NA,NA,T,NA,NA,NA,NA,20213101735
1059,2021310,1905,2021,310,19,5,NA,NA,A,NA,NA,NA,NA,20213101905
1060,2021310,1910,2021,310,19,10,NA,NA,A,NA,NA,NA,NA,20213101910
1061,2021310,2045,2021,310,20,45,NA,NA,A,NA,NA,NA,NA,20213102045
1062,2021311,1640,2021,311,16,40,19.3375,-99.18296359,T,0.17,0.127,0.0347,0,20213111640
1063,2021311,1820,2021,311,18,20,NA,NA,T,NA,NA,NA,NA,20213111820
1064,2021311,1950,2021,311,19,50,NA,NA,A,NA,NA,NA,NA,20213111950
1065,2021312,1725,2021,312,17,25,19.3375,-99.18296359,T,0.05525,0.041,0.0585,0,20213121725
1066,2021312,2030,2021,312,20,30,NA,NA,A,NA,NA,NA,NA,20213122030
1067,2021312,2035,2021,312,20,35,NA,NA,A,NA,NA,NA,NA,20213122035
1068,2021313,1630,2021,313,16,30,19.3375,-99.18296359,T,0.2395,0.17875,0.0251,0,20213131630
1069,2021313,1805,2021,313,18,5,NA,NA,T,NA,NA,NA,NA,20213131805
1070,2021313,1935,2021,313,19,35,NA,NA,A,NA,NA,NA,NA,20213131935
1071,2021313,1940,2021,313,19,40,19.3375,-99.18296359,A,0.25925,0.1935,0.0272,0,20213131940
1072,2021314,1710,2021,314,17,10,19.3375,-99.18296359,T,0.1105,0.0825,0.0791,0,20213141710
1073,2021314,2020,2021,314,20,20,19.3375,-99.18296359,A,0.35075,0.26175,0.0459,0,20213142020
1074,2021315,1615,2021,315,16,15,NA,NA,T,NA,NA,NA,NA,20213151615
1075,2021315,1755,2021,315,17,55,19.3375,-99.18296359,T,0.20275,0.1515,0.0112,0,20213151755
1076,2021315,1925,2021,315,19,25,19.3375,-99.18296359,A,0.315,0.23525,0.0131,0,20213151925
1077,2021315,2105,2021,315,21,5,NA,NA,A,NA,NA,NA,NA,20213152105
1078,2021316,1700,2021,316,17,0,19.3375,-99.18296359,T,0.06925,0.05175,0.0662,0,20213161700
1079,2021316,2005,2021,316,20,5,NA,NA,A,NA,NA,NA,NA,20213162005
1080,2021316,2010,2021,316,20,10,19.3375,-99.18296359,A,0.113,0.08425,0.0648,0,20213162010
1081,2021317,1605,2021,317,16,5,NA,NA,T,NA,NA,NA,NA,20213171605
1082,2021317,1745,2021,317,17,45,NA,NA,T,NA,NA,NA,NA,20213171745
1083,2021317,1910,2021,317,19,10,NA,NA,A,NA,NA,NA,NA,20213171910
1084,2021317,2050,2021,317,20,50,19.3375,-99.18296359,A,0.261,0.195,0.0075,0,20213172050
1085,2021317,2055,2021,317,20,55,NA,NA,A,NA,NA,NA,NA,20213172055
1086,2021318,1650,2021,318,16,50,19.3375,-99.18296359,T,0.22675,0.16925,0.0395,0,20213181650
1087,2021318,1825,2021,318,18,25,NA,NA,T,NA,NA,NA,NA,20213181825
1088,2021318,2000,2021,318,20,0,19.3375,-99.18296359,A,0.2445,0.18275,0.0583,0,20213182000
1089,2021319,1550,2021,319,15,50,NA,NA,T,NA,NA,NA,NA,20213191550
1090,2021319,1730,2021,319,17,30,19.3375,-99.18296359,T,0.029,0.0215,0.0358,0,20213191730
1091,2021319,1905,2021,319,19,5,NA,NA,A,NA,NA,NA,NA,20213191905
1092,2021319,2040,2021,319,20,40,19.3375,-99.18296359,A,0.1975,0.14725,0.0254,0,20213192040
1093,2021320,1635,2021,320,16,35,19.3375,-99.18296359,T,0.1555,0.116,0.0267,0,20213201635
1094,2021320,1810,2021,320,18,10,NA,NA,T,NA,NA,NA,NA,20213201810
1095,2021320,1940,2021,320,19,40,NA,NA,A,NA,NA,NA,NA,20213201940
1096,2021320,1945,2021,320,19,45,NA,NA,A,NA,NA,NA,NA,20213201945
1097,2021321,1720,2021,321,17,20,19.3375,-99.18296359,T,0.0325,0.02375,0.0659,0,20213211720
1098,2021321,2025,2021,321,20,25,NA,NA,A,NA,NA,NA,NA,20213212025
1099,2021321,2030,2021,321,20,30,NA,NA,A,NA,NA,NA,NA,20213212030
1100,2021322,1625,2021,322,16,25,NA,NA,T,NA,NA,NA,NA,20213221625
1101,2021322,1800,2021,322,18,0,NA,NA,T,NA,NA,NA,NA,20213221800
1102,2021322,1935,2021,322,19,35,NA,NA,A,NA,NA,NA,NA,20213221935
1103,2021322,2110,2021,322,21,10,NA,NA,A,NA,NA,NA,NA,20213222110
1104,2021323,1705,2021,323,17,5,NA,NA,T,NA,NA,NA,NA,20213231705
1105,2021323,2015,2021,323,20,15,NA,NA,A,NA,NA,NA,NA,20213232015
1106,2021324,1610,2021,324,16,10,NA,NA,T,NA,NA,NA,NA,20213241610
1107,2021324,1750,2021,324,17,50,19.3375,-99.18296359,T,0.28475,0.21275,0.0124,0,20213241750
1108,2021324,2055,2021,324,20,55,19.3375,-99.18296359,A,0.35125,0.26225,0.009,0,20213242055
1109,2021324,2100,2021,324,21,0,NA,NA,A,NA,NA,NA,NA,20213242100
1110,2021325,1655,2021,325,16,55,19.3375,-99.18296359,T,0.26233,0.19567,0.0473,0,20213251655
1111,2021325,2000,2021,325,20,0,NA,NA,A,NA,NA,NA,NA,20213252000
1112,2021325,2005,2021,325,20,5,NA,NA,A,NA,NA,NA,NA,20213252005
1113,2021327,1640,2021,327,16,40,NA,NA,T,NA,NA,NA,NA,20213271640
1114,2021327,1815,2021,327,18,15,NA,NA,T,NA,NA,NA,NA,20213271815
1115,2021327,1950,2021,327,19,50,NA,NA,A,NA,NA,NA,NA,20213271950
1116,2021328,1725,2021,328,17,25,NA,NA,T,NA,NA,NA,NA,20213281725
1117,2021328,2030,2021,328,20,30,NA,NA,A,NA,NA,NA,NA,20213282030
1118,2021328,2035,2021,328,20,35,NA,NA,A,NA,NA,NA,NA,20213282035
1119,2021329,1630,2021,329,16,30,19.3375,-99.18296359,T,0.62375,0.46575,0.0229,0,20213291630
1120,2021329,1805,2021,329,18,5,NA,NA,T,NA,NA,NA,NA,20213291805
1121,2021329,1935,2021,329,19,35,NA,NA,A,NA,NA,NA,NA,20213291935
1122,2021329,1940,2021,329,19,40,NA,NA,A,NA,NA,NA,NA,20213291940
1123,2021330,1710,2021,330,17,10,NA,NA,T,NA,NA,NA,NA,20213301710
1124,2021330,2020,2021,330,20,20,19.32916666,-99.18673365,A,0.457,0.341,0.0262,0,20213302020
1125,2021331,1615,2021,331,16,15,NA,NA,T,NA,NA,NA,NA,20213311615
1126,2021331,1755,2021,331,17,55,19.3375,-99.18296359,T,0.34825,0.26,0.0088,0,20213311755
1127,2021331,1925,2021,331,19,25,19.3375,-99.18296359,A,0.42725,0.319,0.0111,0,20213311925
1128,2021331,2105,2021,331,21,5,NA,NA,A,NA,NA,NA,NA,20213312105
1129,2021332,1700,2021,332,17,0,NA,NA,T,NA,NA,NA,NA,20213321700
1130,2021332,2005,2021,332,20,5,NA,NA,A,NA,NA,NA,NA,20213322005
1131,2021332,2010,2021,332,20,10,NA,NA,A,NA,NA,NA,NA,20213322010
1132,2021333,1605,2021,333,16,5,NA,NA,T,NA,NA,NA,NA,20213331605
1133,2021333,1740,2021,333,17,40,19.3375,-99.18296359,T,0.3315,0.24725,0.015,0,20213331740
1134,2021333,1910,2021,333,19,10,NA,NA,A,NA,NA,NA,NA,20213331910
1135,2021333,2050,2021,333,20,50,19.3375,-99.18296359,A,0.32025,0.239,0.007,0,20213332050
1136,2021333,2055,2021,333,20,55,NA,NA,A,NA,NA,NA,NA,20213332055
1137,2021334,1645,2021,334,16,45,19.3375,-99.18296359,T,0.26625,0.19875,0.035,0,20213341645
1138,2021334,1825,2021,334,18,25,NA,NA,T,NA,NA,NA,NA,20213341825
1139,2021334,2000,2021,334,20,0,19.3375,-99.18296359,A,0.234,0.17475,0.0569,0,20213342000
1140,2021335,1550,2021,335,15,50,NA,NA,T,NA,NA,NA,NA,20213351550
1141,2021335,1730,2021,335,17,30,19.3375,-99.18296359,T,0.10275,0.07675,0.0316,0,20213351730
1142,2021335,1905,2021,335,19,5,NA,NA,A,NA,NA,NA,NA,20213351905
1143,2021335,2040,2021,335,20,40,NA,NA,A,NA,NA,NA,NA,20213352040
1144,2021336,1635,2021,336,16,35,19.3375,-99.18296359,T,0.05625,0.04175,0.0243,0,20213361635
1145,2021336,1810,2021,336,18,10,NA,NA,T,NA,NA,NA,NA,20213361810
1146,2021336,1940,2021,336,19,40,NA,NA,A,NA,NA,NA,NA,20213361940
1147,2021336,1945,2021,336,19,45,19.3375,-99.18296359,A,0.03825,0.0285,0.0325,0,20213361945
1148,2021337,1720,2021,337,17,20,NA,NA,T,NA,NA,NA,NA,20213371720
1149,2021337,2025,2021,337,20,25,NA,NA,A,NA,NA,NA,NA,20213372025
1150,2021337,2030,2021,337,20,30,19.3375,-99.18296359,A,0.07975,0.0595,0.03,0,20213372030
1151,2021338,1625,2021,338,16,25,NA,NA,T,NA,NA,NA,NA,20213381625
1152,2021338,1800,2021,338,18,0,NA,NA,T,NA,NA,NA,NA,20213381800
1153,2021338,1935,2021,338,19,35,19.3375,-99.18296359,A,0.124,0.09275,0.0152,0,20213381935
1154,2021338,2110,2021,338,21,10,NA,NA,A,NA,NA,NA,NA,20213382110
1155,2021339,1705,2021,339,17,5,19.3375,-99.18296359,T,0.194,0.14475,0.0612,0,20213391705
1156,2021339,2015,2021,339,20,15,NA,NA,A,NA,NA,NA,NA,20213392015
1157,2021340,1610,2021,340,16,10,NA,NA,T,NA,NA,NA,NA,20213401610
1158,2021340,1750,2021,340,17,50,19.3375,-99.18296359,T,0.291,0.21725,0.0107,0,20213401750
1159,2021340,2055,2021,340,20,55,19.3375,-99.18296359,A,0.33075,0.24725,0.0085,0,20213402055
1160,2021340,2100,2021,340,21,0,NA,NA,A,NA,NA,NA,NA,20213402100
1161,2021341,1655,2021,341,16,55,19.3375,-99.18296359,T,0.1375,0.10275,0.0453,0,20213411655
1162,2021341,2000,2021,341,20,0,NA,NA,A,NA,NA,NA,NA,20213412000
1163,2021341,2005,2021,341,20,5,19.3375,-99.18296359,A,0.185,0.13825,0.0549,0,20213412005
1164,2021342,1600,2021,342,16,0,NA,NA,T,NA,NA,NA,NA,20213421600
1165,2021342,1735,2021,342,17,35,19.3375,-99.18296359,T,0.15575,0.11625,0.0203,0,20213421735
1166,2021342,1905,2021,342,19,5,NA,NA,A,NA,NA,NA,NA,20213421905
1167,2021342,1910,2021,342,19,10,NA,NA,A,NA,NA,NA,NA,20213421910
1168,2021342,2045,2021,342,20,45,NA,NA,A,NA,NA,NA,NA,20213422045
1169,2021343,1640,2021,343,16,40,19.3375,-99.18296359,T,0.31625,0.236,0.0285,0,20213431640
1170,2021343,1815,2021,343,18,15,NA,NA,T,NA,NA,NA,NA,20213431815
1171,2021343,1950,2021,343,19,50,19.3375,-99.18296359,A,0.4755,0.355,0.0444,0,20213431950
1172,2021344,1725,2021,344,17,25,19.3375,-99.18296359,T,0.227,0.16975,0.0401,0,20213441725
1173,2021344,2030,2021,344,20,30,NA,NA,A,NA,NA,NA,NA,20213442030
1174,2021344,2035,2021,344,20,35,19.3375,-99.18296359,A,0.41025,0.30625,0.0262,0,20213442035
1175,2021345,1630,2021,345,16,30,19.3375,-99.18296359,T,0.19025,0.14175,0.0215,0,20213451630
1176,2021345,1805,2021,345,18,5,NA,NA,T,NA,NA,NA,NA,20213451805
1177,2021345,1935,2021,345,19,35,NA,NA,A,NA,NA,NA,NA,20213451935
1178,2021345,1940,2021,345,19,40,19.3375,-99.18296359,A,0.394,0.29425,0.022,0,20213451940
1179,2021346,1710,2021,346,17,10,19.3375,-99.18296359,T,0.313,0.23375,0.059,0,20213461710
1180,2021346,2025,2021,346,20,25,NA,NA,A,NA,NA,NA,NA,20213462025
1181,2021347,1615,2021,347,16,15,NA,NA,T,NA,NA,NA,NA,20213471615
1182,2021347,1755,2021,347,17,55,19.3375,-99.18296359,T,0.136,0.1015,0.0081,0,20213471755
1183,2021347,1925,2021,347,19,25,19.3375,-99.18296359,A,0.2525,0.1885,0.0111,0,20213471925
1184,2021347,2105,2021,347,21,5,NA,NA,A,NA,NA,NA,NA,20213472105
1185,2021348,1700,2021,348,17,0,19.3375,-99.18296359,T,0.09475,0.07075,0.0548,0,20213481700
1186,2021348,2005,2021,348,20,5,NA,NA,A,NA,NA,NA,NA,20213482005
1187,2021348,2010,2021,348,20,10,19.3375,-99.18296359,A,0.22475,0.16775,0.0569,0,20213482010
1188,2021349,1605,2021,349,16,5,NA,NA,T,NA,NA,NA,NA,20213491605
1189,2021349,1740,2021,349,17,40,19.3375,-99.18296359,T,0.21275,0.159,0.0134,0,20213491740
1190,2021349,1910,2021,349,19,10,NA,NA,A,NA,NA,NA,NA,20213491910
1191,2021349,2050,2021,349,20,50,19.3375,-99.18296359,A,0.3155,0.23575,0.007,0,20213492050
1192,2021349,2055,2021,349,20,55,NA,NA,A,NA,NA,NA,NA,20213492055
1193,2021350,1820,2021,350,18,20,NA,NA,T,NA,NA,NA,NA,20213501820
1194,2021350,2000,2021,350,20,0,19.3375,-99.18296359,A,0.2775,0.20725,0.0527,0,20213502000
1195,2021351,1550,2021,351,15,50,NA,NA,T,NA,NA,NA,NA,20213511550
1196,2021351,1730,2021,351,17,30,19.3375,-99.18296359,T,0.27175,0.203,0.0272,0,20213511730
1197,2021351,1905,2021,351,19,5,NA,NA,A,NA,NA,NA,NA,20213511905
1198,2021351,2040,2021,351,20,40,NA,NA,A,NA,NA,NA,NA,20213512040
1199,2021352,1635,2021,352,16,35,19.3375,-99.18296359,T,0.381,0.28425,0.0238,0,20213521635
1200,2021352,1810,2021,352,18,10,NA,NA,T,NA,NA,NA,NA,20213521810
1201,2021352,1945,2021,352,19,45,NA,NA,A,NA,NA,NA,NA,20213521945
1202,2021353,1715,2021,353,17,15,NA,NA,T,NA,NA,NA,NA,20213531715
1203,2021353,2025,2021,353,20,25,NA,NA,A,NA,NA,NA,NA,20213532025
1204,2021353,2030,2021,353,20,30,NA,NA,A,NA,NA,NA,NA,20213532030
1205,2021354,1620,2021,354,16,20,NA,NA,T,NA,NA,NA,NA,20213541620
1206,2021354,1800,2021,354,18,0,NA,NA,T,NA,NA,NA,NA,20213541800
1207,2021354,1930,2021,354,19,30,NA,NA,A,NA,NA,NA,NA,20213541930
1208,2021354,1935,2021,354,19,35,NA,NA,A,NA,NA,NA,NA,20213541935
1209,2021354,2110,2021,354,21,10,NA,NA,A,NA,NA,NA,NA,20213542110
1210,2021355,1705,2021,355,17,5,NA,NA,T,NA,NA,NA,NA,20213551705
1211,2021355,2015,2021,355,20,15,NA,NA,A,NA,NA,NA,NA,20213552015
1212,2021356,1610,2021,356,16,10,NA,NA,T,NA,NA,NA,NA,20213561610
1213,2021356,1750,2021,356,17,50,19.3375,-99.18296359,T,0.072,0.05375,0.0099,0,20213561750
1214,2021356,2055,2021,356,20,55,19.3375,-99.18296359,A,0.1525,0.11375,0.0088,0,20213562055
1215,2021356,2100,2021,356,21,0,NA,NA,A,NA,NA,NA,NA,20213562100
1216,2021357,1655,2021,357,16,55,19.3375,-99.18296359,T,0.07375,0.055,0.0412,0,20213571655
1217,2021357,2000,2021,357,20,0,NA,NA,A,NA,NA,NA,NA,20213572000
1218,2021357,2005,2021,357,20,5,19.3375,-99.18296359,A,0.08775,0.0655,0.0514,0,20213572005
1219,2021358,1555,2021,358,15,55,NA,NA,T,NA,NA,NA,NA,20213581555
1220,2021358,1735,2021,358,17,35,19.3375,-99.18296359,T,0.0255,0.01875,0.0183,0,20213581735
1221,2021358,1905,2021,358,19,5,NA,NA,A,NA,NA,NA,NA,20213581905
1222,2021358,1910,2021,358,19,10,NA,NA,A,NA,NA,NA,NA,20213581910
1223,2021358,2045,2021,358,20,45,NA,NA,A,NA,NA,NA,NA,20213582045
1224,2021359,1640,2021,359,16,40,19.3375,-99.18296359,T,0.14025,0.1045,0.0282,0,20213591640
1225,2021359,1815,2021,359,18,15,NA,NA,T,NA,NA,NA,NA,20213591815
1226,2021359,1950,2021,359,19,50,19.3375,-99.18296359,A,0.05025,0.03775,0.0442,0,20213591950
1227,2021360,1725,2021,360,17,25,19.3375,-99.18296359,T,0.03025,0.0225,0.037,0,20213601725
1228,2021360,1855,2021,360,18,55,NA,NA,A,NA,NA,NA,NA,20213601855
1229,2021361,1630,2021,361,16,30,19.3375,-99.18296359,T,0.13675,0.10225,0.0222,0,20213611630
1230,2021361,1805,2021,361,18,5,NA,NA,T,NA,NA,NA,NA,20213611805
1231,2021361,1935,2021,361,19,35,NA,NA,A,NA,NA,NA,NA,20213611935
1232,2021361,1940,2021,361,19,40,19.3375,-99.18296359,A,0.33625,0.25125,0.0224,0,20213611940
1233,2021362,1710,2021,362,17,10,19.3375,-99.18296359,T,0.27875,0.20775,0.0532,0,20213621710
1234,2021362,2025,2021,362,20,25,19.3375,-99.18296359,A,0.43125,0.322,0.0379,0,20213622025
1235,2021363,1615,2021,363,16,15,NA,NA,T,NA,NA,NA,NA,20213631615
1236,2021363,1755,2021,363,17,55,19.3375,-99.18296359,T,0.0955,0.07125,0.0076,0,20213631755
1237,2021363,1930,2021,363,19,30,19.3375,-99.18296359,A,0.1175,0.08775,0.0115,0,20213631930
1238,2021363,2105,2021,363,21,5,NA,NA,A,NA,NA,NA,NA,20213632105
1239,2021364,1700,2021,364,17,0,19.3375,-99.18296359,T,0.0905,0.06775,0.0544,0,20213641700
1240,2021364,2005,2021,364,20,5,NA,NA,A,NA,NA,NA,NA,20213642005
1241,2021364,2010,2021,364,20,10,19.3375,-99.18296359,A,0.22925,0.171,0.0587,0,20213642010
1242,2021365,1605,2021,365,16,5,NA,NA,T,NA,NA,NA,NA,20213651605
1243,2021365,1740,2021,365,17,40,19.3375,-99.18296359,T,0.20575,0.1535,0.0125,0,20213651740
1244,2021365,1910,2021,365,19,10,NA,NA,A,NA,NA,NA,NA,20213651910
1245,2021365,2050,2021,365,20,50,19.3375,-99.18296359,A,0.285,0.21275,0.0074,0,20213652050
1246,2021365,2055,2021,365,20,55,NA,NA,A,NA,NA,NA,NA,20213652055
1,2022001,1645,2022,1,16,45,19.3375,-99.18296359,T,0.36025,0.26875,0.0336,0,20220011645
2,2022001,1820,2022,1,18,20,NA,NA,T,NA,NA,NA,NA,20220011820
3,2022001,1955,2022,1,19,55,NA,NA,A,NA,NA,NA,NA,20220011955
4,2022001,2000,2022,1,20,0,19.3375,-99.18296359,A,0.51675,0.38625,0.0556,0,20220012000
5,2022002,1550,2022,2,15,50,NA,NA,T,NA,NA,NA,NA,20220021550
6,2022002,1730,2022,2,17,30,19.3375,-99.18296359,T,0.07725,0.0575,0.0249,0,20220021730
7,2022002,1905,2022,2,19,5,NA,NA,A,NA,NA,NA,NA,20220021905
8,2022002,2040,2022,2,20,40,19.3375,-99.18296359,A,0.155,0.1155,0.0224,0,20220022040
9,2022003,1635,2022,3,16,35,NA,NA,T,NA,NA,NA,NA,20220031635
10,2022003,1810,2022,3,18,10,NA,NA,T,NA,NA,NA,NA,20220031810
11,2022003,1945,2022,3,19,45,19.3375,-99.18296359,A,0.2795,0.20875,0.0332,0,20220031945
12,2022004,1715,2022,4,17,15,19.3375,-99.18296359,T,0.022,0.01675,0.0473,0,20220041715
13,2022004,2025,2022,4,20,25,NA,NA,A,NA,NA,NA,NA,20220042025
14,2022004,2030,2022,4,20,30,19.3375,-99.18296359,A,0.1735,0.12925,0.0301,0,20220042030
15,2022005,1620,2022,5,16,20,NA,NA,T,NA,NA,NA,NA,20220051620
16,2022005,1800,2022,5,18,0,NA,NA,T,NA,NA,NA,NA,20220051800
17,2022005,1930,2022,5,19,30,NA,NA,A,NA,NA,NA,NA,20220051930
18,2022005,1935,2022,5,19,35,19.3375,-99.18296359,A,0.11425,0.08525,0.0168,0,20220051935
19,2022005,2110,2022,5,21,10,NA,NA,A,NA,NA,NA,NA,20220052110
20,2022006,1705,2022,6,17,5,19.3375,-99.18296359,T,0.18375,0.13725,0.0585,0,20220061705
21,2022006,2015,2022,6,20,15,NA,NA,A,NA,NA,NA,NA,20220062015
22,2022007,1610,2022,7,16,10,NA,NA,T,NA,NA,NA,NA,20220071610
23,2022007,1745,2022,7,17,45,NA,NA,T,NA,NA,NA,NA,20220071745
24,2022007,2055,2022,7,20,55,NA,NA,A,NA,NA,NA,NA,20220072055
25,2022007,2100,2022,7,21,0,NA,NA,A,NA,NA,NA,NA,20220072100
26,2022008,1650,2022,8,16,50,19.32916666,-99.18673365,T,0.272,0.203,0.0329,0,20220081650
27,2022008,2000,2022,8,20,0,NA,NA,A,NA,NA,NA,NA,20220082000
28,2022008,2005,2022,8,20,5,19.3375,-99.18296359,A,0.465,0.347,0.0615,0,20220082005
29,2022009,1555,2022,9,15,55,NA,NA,T,NA,NA,NA,NA,20220091555
30,2022009,1735,2022,9,17,35,19.3375,-99.18296359,T,0.228,0.17,0.0176,0,20220091735
31,2022009,1905,2022,9,19,5,NA,NA,A,NA,NA,NA,NA,20220091905
32,2022009,1910,2022,9,19,10,NA,NA,A,NA,NA,NA,NA,20220091910
33,2022009,2045,2022,9,20,45,NA,NA,A,NA,NA,NA,NA,20220092045
34,2022010,1640,2022,10,16,40,NA,NA,T,NA,NA,NA,NA,20220101640
35,2022010,1815,2022,10,18,15,NA,NA,T,NA,NA,NA,NA,20220101815
36,2022010,1950,2022,10,19,50,NA,NA,A,NA,NA,NA,NA,20220101950
37,2022011,1725,2022,11,17,25,NA,NA,T,NA,NA,NA,NA,20220111725
38,2022011,2030,2022,11,20,30,NA,NA,A,NA,NA,NA,NA,20220112030
39,2022011,2035,2022,11,20,35,NA,NA,A,NA,NA,NA,NA,20220112035
40,2022012,1630,2022,12,16,30,19.3375,-99.18296359,T,0.17425,0.12975,0.021,0,20220121630
41,2022012,1805,2022,12,18,5,NA,NA,T,NA,NA,NA,NA,20220121805
42,2022012,1935,2022,12,19,35,NA,NA,A,NA,NA,NA,NA,20220121935
43,2022012,1940,2022,12,19,40,19.3375,-99.18296359,A,0.1895,0.1415,0.0247,0,20220121940
44,2022013,2025,2022,13,20,25,NA,NA,A,NA,NA,NA,NA,20220132025
45,2022014,1615,2022,14,16,15,NA,NA,T,NA,NA,NA,NA,20220141615
46,2022014,1755,2022,14,17,55,19.3375,-99.18296359,T,0.198,0.148,0.0078,0,20220141755
47,2022014,1930,2022,14,19,30,19.3375,-99.18296359,A,0.36075,0.2695,0.014,0,20220141930
48,2022014,2105,2022,14,21,5,NA,NA,A,NA,NA,NA,NA,20220142105
49,2022015,1700,2022,15,17,0,19.3375,-99.18296359,T,0.08,0.05975,0.0526,0,20220151700
50,2022015,2005,2022,15,20,5,NA,NA,A,NA,NA,NA,NA,20220152005
51,2022015,2010,2022,15,20,10,NA,NA,A,NA,NA,NA,NA,20220152010
52,2022016,1605,2022,16,16,5,NA,NA,T,NA,NA,NA,NA,20220161605
53,2022016,1740,2022,16,17,40,NA,NA,T,NA,NA,NA,NA,20220161740
54,2022016,1910,2022,16,19,10,NA,NA,A,NA,NA,NA,NA,20220161910
55,2022016,2050,2022,16,20,50,NA,NA,A,NA,NA,NA,NA,20220162050
56,2022016,2055,2022,16,20,55,NA,NA,A,NA,NA,NA,NA,20220162055
57,2022017,1645,2022,17,16,45,NA,NA,T,NA,NA,NA,NA,20220171645
58,2022017,1820,2022,17,18,20,NA,NA,T,NA,NA,NA,NA,20220171820
59,2022017,1955,2022,17,19,55,NA,NA,A,NA,NA,NA,NA,20220171955
60,2022017,2000,2022,17,20,0,NA,NA,A,NA,NA,NA,NA,20220172000
61,2022018,1550,2022,18,15,50,NA,NA,T,NA,NA,NA,NA,20220181550
62,2022018,1730,2022,18,17,30,19.3375,-99.18296359,T,0.1595,0.119,0.0257,0,20220181730
63,2022018,1905,2022,18,19,5,NA,NA,A,NA,NA,NA,NA,20220181905
64,2022018,2040,2022,18,20,40,NA,NA,A,NA,NA,NA,NA,20220182040
65,2022019,1635,2022,19,16,35,19.3375,-99.18296359,T,0.26225,0.196,0.0216,0,20220191635
66,2022019,1810,2022,19,18,10,NA,NA,T,NA,NA,NA,NA,20220191810
67,2022019,1945,2022,19,19,45,NA,NA,A,NA,NA,NA,NA,20220191945
68,2022020,1715,2022,20,17,15,NA,NA,T,NA,NA,NA,NA,20220201715
69,2022020,2025,2022,20,20,25,NA,NA,A,NA,NA,NA,NA,20220202025
70,2022020,2030,2022,20,20,30,NA,NA,A,NA,NA,NA,NA,20220202030
71,2022021,1620,2022,21,16,20,NA,NA,T,NA,NA,NA,NA,20220211620
72,2022021,1800,2022,21,18,0,NA,NA,T,NA,NA,NA,NA,20220211800
73,2022021,1930,2022,21,19,30,NA,NA,A,NA,NA,NA,NA,20220211930
74,2022021,1935,2022,21,19,35,NA,NA,A,NA,NA,NA,NA,20220211935
75,2022021,2110,2022,21,21,10,NA,NA,A,NA,NA,NA,NA,20220212110
76,2022022,1705,2022,22,17,5,19.3375,-99.18296359,T,0.151,0.113,0.0566,0,20220221705
77,2022022,2015,2022,22,20,15,NA,NA,A,NA,NA,NA,NA,20220222015
78,2022023,1610,2022,23,16,10,NA,NA,T,NA,NA,NA,NA,20220231610
79,2022023,1745,2022,23,17,45,NA,NA,T,NA,NA,NA,NA,20220231745
80,2022023,2055,2022,23,20,55,NA,NA,A,NA,NA,NA,NA,20220232055
81,2022023,2100,2022,23,21,0,NA,NA,A,NA,NA,NA,NA,20220232100
82,2022024,1650,2022,24,16,50,NA,NA,T,NA,NA,NA,NA,20220241650
83,2022024,2000,2022,24,20,0,NA,NA,A,NA,NA,NA,NA,20220242000
84,2022024,2005,2022,24,20,5,NA,NA,A,NA,NA,NA,NA,20220242005
85,2022025,1555,2022,25,15,55,NA,NA,T,NA,NA,NA,NA,20220251555
86,2022025,1735,2022,25,17,35,19.3375,-99.18296359,T,0.05575,0.0415,0.0194,0,20220251735
87,2022025,1905,2022,25,19,5,NA,NA,A,NA,NA,NA,NA,20220251905
88,2022025,1910,2022,25,19,10,NA,NA,A,NA,NA,NA,NA,20220251910
89,2022025,2045,2022,25,20,45,NA,NA,A,NA,NA,NA,NA,20220252045
90,2022026,1640,2022,26,16,40,19.3375,-99.18296359,T,0.13525,0.1005,0.0295,0,20220261640
91,2022026,1815,2022,26,18,15,NA,NA,T,NA,NA,NA,NA,20220261815
92,2022026,1950,2022,26,19,50,19.3375,-99.18296359,A,0.102,0.07625,0.053,0,20220261950
93,2022027,1725,2022,27,17,25,19.3375,-99.18296359,T,0.07975,0.0595,0.038,0,20220271725
94,2022027,2030,2022,27,20,30,NA,NA,A,NA,NA,NA,NA,20220272030
95,2022027,2035,2022,27,20,35,NA,NA,A,NA,NA,NA,NA,20220272035
96,2022028,1625,2022,28,16,25,19.3375,-99.18296359,T,0.27175,0.203,0.0221,0,20220281625
97,2022028,1805,2022,28,18,5,NA,NA,T,NA,NA,NA,NA,20220281805
98,2022028,1935,2022,28,19,35,NA,NA,A,NA,NA,NA,NA,20220281935
99,2022028,1940,2022,28,19,40,NA,NA,A,NA,NA,NA,NA,20220281940
100,2022029,1710,2022,29,17,10,19.3375,-99.18296359,T,0.20775,0.15525,0.0642,0,20220291710
101,2022029,2025,2022,29,20,25,19.3375,-99.18296359,A,0.45225,0.3375,0.0427,0,20220292025
102,2022030,1615,2022,30,16,15,NA,NA,T,NA,NA,NA,NA,20220301615
103,2022030,1755,2022,30,17,55,NA,NA,T,NA,NA,NA,NA,20220301755
104,2022030,1930,2022,30,19,30,NA,NA,A,NA,NA,NA,NA,20220301930
105,2022030,2105,2022,30,21,5,NA,NA,A,NA,NA,NA,NA,20220302105
106,2022031,1700,2022,31,17,0,19.3375,-99.18296359,T,0.09275,0.069,0.056,0,20220311700
107,2022031,2005,2022,31,20,5,NA,NA,A,NA,NA,NA,NA,20220312005
108,2022031,2010,2022,31,20,10,NA,NA,A,NA,NA,NA,NA,20220312010
109,2022032,1605,2022,32,16,5,NA,NA,T,NA,NA,NA,NA,20220321605
110,2022032,1740,2022,32,17,40,19.3375,-99.18296359,T,0.01975,0.01475,0.0134,0,20220321740
111,2022032,1910,2022,32,19,10,NA,NA,A,NA,NA,NA,NA,20220321910
112,2022032,2050,2022,32,20,50,19.3375,-99.18296359,A,0.07375,0.05475,0.0088,0,20220322050
113,2022032,2055,2022,32,20,55,NA,NA,A,NA,NA,NA,NA,20220322055
114,2022033,1645,2022,33,16,45,19.3375,-99.18296359,T,0.0745,0.056,0.0361,0,20220331645
115,2022033,1820,2022,33,18,20,NA,NA,T,NA,NA,NA,NA,20220331820
116,2022033,2000,2022,33,20,0,19.3375,-99.18296359,A,0.0685,0.05075,0.0786,0,20220332000
117,2022034,1550,2022,34,15,50,NA,NA,T,NA,NA,NA,NA,20220341550
118,2022034,1730,2022,34,17,30,19.3375,-99.18296359,T,0.04875,0.03625,0.0287,0,20220341730
119,2022034,1905,2022,34,19,5,NA,NA,A,NA,NA,NA,NA,20220341905
120,2022034,2040,2022,34,20,40,NA,NA,A,NA,NA,NA,NA,20220342040
121,2022035,1635,2022,35,16,35,19.3375,-99.18296359,T,0.0635,0.04725,0.0237,0,20220351635
122,2022035,1810,2022,35,18,10,NA,NA,T,NA,NA,NA,NA,20220351810
123,2022035,1945,2022,35,19,45,NA,NA,A,NA,NA,NA,NA,20220351945
124,2022036,1715,2022,36,17,15,NA,NA,T,NA,NA,NA,NA,20220361715
125,2022036,2025,2022,36,20,25,NA,NA,A,NA,NA,NA,NA,20220362025
126,2022036,2030,2022,36,20,30,NA,NA,A,NA,NA,NA,NA,20220362030
127,2022037,1620,2022,37,16,20,NA,NA,T,NA,NA,NA,NA,20220371620
128,2022037,1800,2022,37,18,0,NA,NA,T,NA,NA,NA,NA,20220371800
129,2022037,1930,2022,37,19,30,NA,NA,A,NA,NA,NA,NA,20220371930
130,2022037,1935,2022,37,19,35,NA,NA,A,NA,NA,NA,NA,20220371935
131,2022037,2110,2022,37,21,10,NA,NA,A,NA,NA,NA,NA,20220372110
132,2022038,1705,2022,38,17,5,19.3375,-99.18296359,T,0.2945,0.21975,0.0747,0,20220381705
133,2022038,2015,2022,38,20,15,NA,NA,A,NA,NA,NA,NA,20220382015
134,2022039,1610,2022,39,16,10,NA,NA,T,NA,NA,NA,NA,20220391610
135,2022039,1745,2022,39,17,45,NA,NA,T,NA,NA,NA,NA,20220391745
136,2022039,2055,2022,39,20,55,NA,NA,A,NA,NA,NA,NA,20220392055
137,2022039,2100,2022,39,21,0,NA,NA,A,NA,NA,NA,NA,20220392100
138,2022040,1650,2022,40,16,50,19.3375,-99.18296359,T,0.09075,0.068,0.0506,0,20220401650
139,2022040,2000,2022,40,20,0,NA,NA,A,NA,NA,NA,NA,20220402000
140,2022040,2005,2022,40,20,5,NA,NA,A,NA,NA,NA,NA,20220402005
141,2022041,1555,2022,41,15,55,NA,NA,T,NA,NA,NA,NA,20220411555
142,2022041,1735,2022,41,17,35,NA,NA,T,NA,NA,NA,NA,20220411735
143,2022041,1905,2022,41,19,5,NA,NA,A,NA,NA,NA,NA,20220411905
144,2022041,1910,2022,41,19,10,NA,NA,A,NA,NA,NA,NA,20220411910
145,2022041,2045,2022,41,20,45,NA,NA,A,NA,NA,NA,NA,20220412045
146,2022042,1640,2022,42,16,40,19.3375,-99.18296359,T,0.053,0.0395,0.0327,0,20220421640
147,2022042,1815,2022,42,18,15,NA,NA,T,NA,NA,NA,NA,20220421815
148,2022042,1950,2022,42,19,50,19.3375,-99.17413201,A,0.173,0.129,0.0735,0,20220421950
149,2022043,1720,2022,43,17,20,NA,NA,T,NA,NA,NA,NA,20220431720
150,2022043,2030,2022,43,20,30,NA,NA,A,NA,NA,NA,NA,20220432030
151,2022043,2035,2022,43,20,35,NA,NA,A,NA,NA,NA,NA,20220432035
152,2022044,1625,2022,44,16,25,NA,NA,T,NA,NA,NA,NA,20220441625
153,2022044,1805,2022,44,18,5,NA,NA,T,NA,NA,NA,NA,20220441805
154,2022044,1935,2022,44,19,35,NA,NA,A,NA,NA,NA,NA,20220441935
155,2022044,1940,2022,44,19,40,NA,NA,A,NA,NA,NA,NA,20220441940
156,2022045,1710,2022,45,17,10,19.3375,-99.18296359,T,0.147,0.10975,0.0812,0,20220451710
157,2022045,2020,2022,45,20,20,NA,NA,A,NA,NA,NA,NA,20220452020
158,2022046,1615,2022,46,16,15,NA,NA,T,NA,NA,NA,NA,20220461615
159,2022046,1755,2022,46,17,55,NA,NA,T,NA,NA,NA,NA,20220461755
160,2022046,1925,2022,46,19,25,NA,NA,A,NA,NA,NA,NA,20220461925
161,2022046,2105,2022,46,21,5,NA,NA,A,NA,NA,NA,NA,20220462105
162,2022047,1655,2022,47,16,55,19.3375,-99.18296359,T,0.10125,0.07575,0.0721,0,20220471655
163,2022047,2005,2022,47,20,5,NA,NA,A,NA,NA,NA,NA,20220472005
164,2022047,2010,2022,47,20,10,NA,NA,A,NA,NA,NA,NA,20220472010
165,2022048,1600,2022,48,16,0,NA,NA,T,NA,NA,NA,NA,20220481600
166,2022048,1740,2022,48,17,40,19.3375,-99.18296359,T,0.1965,0.1465,0.0152,0,20220481740
167,2022048,1910,2022,48,19,10,NA,NA,A,NA,NA,NA,NA,20220481910
168,2022048,2050,2022,48,20,50,19.3375,-99.18296359,A,0.32775,0.24475,0.01,0,20220482050
169,2022048,2055,2022,48,20,55,NA,NA,A,NA,NA,NA,NA,20220482055
170,2022049,1645,2022,49,16,45,19.3375,-99.18296359,T,0.09175,0.068,0.0471,0,20220491645
171,2022049,1820,2022,49,18,20,NA,NA,T,NA,NA,NA,NA,20220491820
172,2022049,2000,2022,49,20,0,NA,NA,A,NA,NA,NA,NA,20220492000
173,2022050,1550,2022,50,15,50,NA,NA,T,NA,NA,NA,NA,20220501550
174,2022050,1730,2022,50,17,30,19.3375,-99.18296359,T,0.261,0.19475,0.0301,0,20220501730
175,2022050,1900,2022,50,19,0,NA,NA,A,NA,NA,NA,NA,20220501900
176,2022050,2040,2022,50,20,40,NA,NA,A,NA,NA,NA,NA,20220502040
177,2022051,1635,2022,51,16,35,19.3375,-99.18296359,T,0.25975,0.19375,0.0309,0,20220511635
178,2022051,1810,2022,51,18,10,NA,NA,T,NA,NA,NA,NA,20220511810
179,2022051,1940,2022,51,19,40,NA,NA,A,NA,NA,NA,NA,20220511940
180,2022051,1945,2022,51,19,45,NA,NA,A,NA,NA,NA,NA,20220511945
181,2022052,1715,2022,52,17,15,19.3375,-99.18296359,T,0.1105,0.0825,0.0674,0,20220521715
182,2022052,2025,2022,52,20,25,NA,NA,A,NA,NA,NA,NA,20220522025
183,2022052,2030,2022,52,20,30,NA,NA,A,NA,NA,NA,NA,20220522030
184,2022053,1620,2022,53,16,20,NA,NA,T,NA,NA,NA,NA,20220531620
185,2022053,1800,2022,53,18,0,NA,NA,T,NA,NA,NA,NA,20220531800
186,2022053,1935,2022,53,19,35,19.3375,-99.18296359,A,0.28775,0.215,0.0235,0,20220531935
187,2022053,2110,2022,53,21,10,NA,NA,A,NA,NA,NA,NA,20220532110
188,2022054,1705,2022,54,17,5,NA,NA,T,NA,NA,NA,NA,20220541705
189,2022054,2015,2022,54,20,15,19.3375,-99.18296359,A,0.12925,0.0965,0.0814,0,20220542015
190,2022055,1610,2022,55,16,10,NA,NA,T,NA,NA,NA,NA,20220551610
191,2022055,1745,2022,55,17,45,19.3375,-99.18296359,T,0.1915,0.143,0.0126,0,20220551745
192,2022055,2055,2022,55,20,55,19.3375,-99.18296359,A,0.27575,0.20575,0.0131,0,20220552055
193,2022055,2100,2022,55,21,0,NA,NA,A,NA,NA,NA,NA,20220552100
194,2022056,1650,2022,56,16,50,19.3375,-99.18296359,T,0.2655,0.19825,0.068,0,20220561650
195,2022056,2000,2022,56,20,0,NA,NA,A,NA,NA,NA,NA,20220562000
196,2022056,2005,2022,56,20,5,19.3375,-99.18296359,A,0.4105,0.3065,0.1124,0,20220562005
197,2022057,1555,2022,57,15,55,NA,NA,T,NA,NA,NA,NA,20220571555
198,2022057,1735,2022,57,17,35,19.3375,-99.18296359,T,0.3045,0.2275,0.0236,0,20220571735
199,2022057,1910,2022,57,19,10,NA,NA,A,NA,NA,NA,NA,20220571910
200,2022057,2045,2022,57,20,45,NA,NA,A,NA,NA,NA,NA,20220572045
201,2022058,1640,2022,58,16,40,19.3375,-99.18296359,T,0.159,0.1185,0.0379,0,20220581640
202,2022058,1815,2022,58,18,15,NA,NA,T,NA,NA,NA,NA,20220581815
203,2022058,1950,2022,58,19,50,19.3375,-99.18296359,A,0.08925,0.0665,0.0716,0,20220581950
204,2022059,1720,2022,59,17,20,19.3375,-99.18296359,T,0.04925,0.0365,0.0516,0,20220591720
205,2022059,2030,2022,59,20,30,NA,NA,A,NA,NA,NA,NA,20220592030
206,2022059,2035,2022,59,20,35,19.3375,-99.18296359,A,0.16075,0.12,0.0339,0,20220592035
207,2022060,1625,2022,60,16,25,19.3375,-99.18296359,T,0.08675,0.0645,0.0238,0,20220601625
208,2022060,1805,2022,60,18,5,NA,NA,T,NA,NA,NA,NA,20220601805
209,2022060,1935,2022,60,19,35,NA,NA,A,NA,NA,NA,NA,20220601935
210,2022060,1940,2022,60,19,40,19.3375,-99.18296359,A,0.19775,0.1475,0.0285,0,20220601940
211,2022061,1710,2022,61,17,10,19.3375,-99.18296359,T,0.027,0.02,0.0827,0,20220611710
212,2022061,2020,2022,61,20,20,19.3375,-99.18296359,A,0.11075,0.0825,0.0499,0,20220612020
213,2022062,1615,2022,62,16,15,NA,NA,T,NA,NA,NA,NA,20220621615
214,2022062,1750,2022,62,17,50,19.3375,-99.18296359,T,0.21625,0.16175,0.0102,0,20220621750
215,2022062,1925,2022,62,19,25,19.3375,-99.18296359,A,0.494,0.36925,0.0169,0,20220621925
216,2022062,2105,2022,62,21,5,NA,NA,A,NA,NA,NA,NA,20220622105
217,2022063,1655,2022,63,16,55,19.3375,-99.18296359,T,0.0515,0.038,0.077,0,20220631655
218,2022063,2005,2022,63,20,5,NA,NA,A,NA,NA,NA,NA,20220632005
219,2022063,2010,2022,63,20,10,19.3375,-99.18296359,A,0.28625,0.21375,0.0922,0,20220632010
220,2022064,1600,2022,64,16,0,NA,NA,T,NA,NA,NA,NA,20220641600
221,2022064,1740,2022,64,17,40,NA,NA,T,NA,NA,NA,NA,20220641740
222,2022064,1910,2022,64,19,10,NA,NA,A,NA,NA,NA,NA,20220641910
223,2022064,1915,2022,64,19,15,NA,NA,A,NA,NA,NA,NA,20220641915
224,2022064,2050,2022,64,20,50,NA,NA,A,NA,NA,NA,NA,20220642050
225,2022065,1645,2022,65,16,45,19.3375,-99.18296359,T,0.26,0.19425,0.0547,0,20220651645
226,2022065,1820,2022,65,18,20,NA,NA,T,NA,NA,NA,NA,20220651820
227,2022065,1955,2022,65,19,55,NA,NA,A,NA,NA,NA,NA,20220651955
228,2022066,1550,2022,66,15,50,NA,NA,T,NA,NA,NA,NA,20220661550
229,2022066,1730,2022,66,17,30,NA,NA,T,NA,NA,NA,NA,20220661730
230,2022066,2035,2022,66,20,35,NA,NA,A,NA,NA,NA,NA,20220662035
231,2022066,2040,2022,66,20,40,NA,NA,A,NA,NA,NA,NA,20220662040
232,2022067,1630,2022,67,16,30,NA,NA,T,NA,NA,NA,NA,20220671630
233,2022067,1810,2022,67,18,10,NA,NA,T,NA,NA,NA,NA,20220671810
234,2022067,1940,2022,67,19,40,NA,NA,A,NA,NA,NA,NA,20220671940
235,2022067,1945,2022,67,19,45,NA,NA,A,NA,NA,NA,NA,20220671945
236,2022068,1715,2022,68,17,15,19.3375,-99.18296359,T,0.064,0.04775,0.0664,0,20220681715
237,2022068,2030,2022,68,20,30,19.3375,-99.17413201,A,0.102,0.076,0.052,0,20220682030
238,2022069,1620,2022,69,16,20,NA,NA,T,NA,NA,NA,NA,20220691620
239,2022069,1800,2022,69,18,0,NA,NA,T,NA,NA,NA,NA,20220691800
240,2022069,1935,2022,69,19,35,19.3375,-99.18296359,A,0.18375,0.137,0.0255,0,20220691935
241,2022069,2110,2022,69,21,10,NA,NA,A,NA,NA,NA,NA,20220692110
242,2022070,1705,2022,70,17,5,19.3375,-99.18296359,T,0.04625,0.0345,0.0958,0,20220701705
243,2022070,2010,2022,70,20,10,NA,NA,A,NA,NA,NA,NA,20220702010
244,2022070,2015,2022,70,20,15,19.3375,-99.18296359,A,0.15025,0.112,0.0847,0,20220702015
245,2022071,1610,2022,71,16,10,NA,NA,T,NA,NA,NA,NA,20220711610
246,2022071,1745,2022,71,17,45,19.3375,-99.18296359,T,0.34825,0.26,0.0146,0,20220711745
247,2022071,1915,2022,71,19,15,NA,NA,A,NA,NA,NA,NA,20220711915
248,2022071,2055,2022,71,20,55,19.3375,-99.18296359,A,0.55825,0.417,0.0138,0,20220712055
249,2022071,2100,2022,71,21,0,NA,NA,A,NA,NA,NA,NA,20220712100
250,2022072,1650,2022,72,16,50,19.3375,-99.18296359,T,0.18975,0.142,0.0693,0,20220721650
251,2022072,2005,2022,72,20,5,NA,NA,A,NA,NA,NA,NA,20220722005
252,2022073,1555,2022,73,15,55,NA,NA,T,NA,NA,NA,NA,20220731555
253,2022073,1735,2022,73,17,35,19.3375,-99.18296359,T,0.3135,0.2345,0.0284,0,20220731735
254,2022073,1910,2022,73,19,10,NA,NA,A,NA,NA,NA,NA,20220731910
255,2022073,2045,2022,73,20,45,NA,NA,A,NA,NA,NA,NA,20220732045
256,2022074,1640,2022,74,16,40,19.3375,-99.18296359,T,0.376,0.28075,0.0402,0,20220741640
257,2022074,1815,2022,74,18,15,NA,NA,T,NA,NA,NA,NA,20220741815
258,2022074,1945,2022,74,19,45,NA,NA,A,NA,NA,NA,NA,20220741945
259,2022074,1950,2022,74,19,50,NA,NA,A,NA,NA,NA,NA,20220741950
260,2022075,1720,2022,75,17,20,19.3375,-99.18296359,T,0.42975,0.321,0.063,0,20220751720
261,2022075,1850,2022,75,18,50,NA,NA,A,NA,NA,NA,NA,20220751850
262,2022075,2030,2022,75,20,30,NA,NA,A,NA,NA,NA,NA,20220752030
263,2022075,2035,2022,75,20,35,NA,NA,A,NA,NA,NA,NA,20220752035
264,2022076,1625,2022,76,16,25,19.3375,-99.18296359,T,0.2255,0.1685,0.0249,0,20220761625
265,2022076,1805,2022,76,18,5,NA,NA,T,NA,NA,NA,NA,20220761805
266,2022076,1940,2022,76,19,40,NA,NA,A,NA,NA,NA,NA,20220761940
267,2022077,1710,2022,77,17,10,19.3375,-99.17413201,T,0.261,0.195,0.1196,0,20220771710
268,2022077,2020,2022,77,20,20,NA,NA,A,NA,NA,NA,NA,20220772020
269,2022078,1615,2022,78,16,15,NA,NA,T,NA,NA,NA,NA,20220781615
270,2022078,1750,2022,78,17,50,NA,NA,T,NA,NA,NA,NA,20220781750
271,2022078,2100,2022,78,21,0,NA,NA,A,NA,NA,NA,NA,20220782100
272,2022078,2105,2022,78,21,5,NA,NA,A,NA,NA,NA,NA,20220782105
273,2022079,1655,2022,79,16,55,19.3375,-99.18296359,T,0.24675,0.18425,0.0904,0,20220791655
274,2022079,2005,2022,79,20,5,NA,NA,A,NA,NA,NA,NA,20220792005
275,2022079,2010,2022,79,20,10,NA,NA,A,NA,NA,NA,NA,20220792010
276,2022080,1600,2022,80,16,0,NA,NA,T,NA,NA,NA,NA,20220801600
277,2022080,1740,2022,80,17,40,NA,NA,T,NA,NA,NA,NA,20220801740
278,2022080,1915,2022,80,19,15,NA,NA,A,NA,NA,NA,NA,20220801915
279,2022080,2050,2022,80,20,50,NA,NA,A,NA,NA,NA,NA,20220802050
280,2022081,1645,2022,81,16,45,NA,NA,T,NA,NA,NA,NA,20220811645
281,2022081,1820,2022,81,18,20,NA,NA,T,NA,NA,NA,NA,20220811820
282,2022081,1955,2022,81,19,55,NA,NA,A,NA,NA,NA,NA,20220811955
283,2022082,1550,2022,82,15,50,NA,NA,T,NA,NA,NA,NA,20220821550
284,2022082,1725,2022,82,17,25,NA,NA,T,NA,NA,NA,NA,20220821725
285,2022083,1630,2022,83,16,30,19.3375,-99.18296359,T,0.19975,0.149,0.0318,0,20220831630
286,2022083,1810,2022,83,18,10,NA,NA,T,NA,NA,NA,NA,20220831810
287,2022083,1940,2022,83,19,40,NA,NA,A,NA,NA,NA,NA,20220831940
288,2022083,1945,2022,83,19,45,19.3375,-99.18296359,A,0.4105,0.30675,0.0565,0,20220831945
289,2022084,1715,2022,84,17,15,19.3375,-99.18296359,T,0.1075,0.08025,0.0986,0,20220841715
290,2022084,2025,2022,84,20,25,19.3375,-99.18296359,A,0.6125,0.4575,0.0543,0,20220842025
291,2022085,1620,2022,85,16,20,NA,NA,T,NA,NA,NA,NA,20220851620
292,2022085,1755,2022,85,17,55,NA,NA,T,NA,NA,NA,NA,20220851755
293,2022085,1930,2022,85,19,30,19.3375,-99.18296359,A,0.48725,0.36375,0.0272,0,20220851930
294,2022085,2110,2022,85,21,10,NA,NA,A,NA,NA,NA,NA,20220852110
295,2022086,1700,2022,86,17,0,19.3375,-99.18296359,T,0.26925,0.20125,0.111,0,20220861700
296,2022086,2010,2022,86,20,10,NA,NA,A,NA,NA,NA,NA,20220862010
297,2022086,2015,2022,86,20,15,NA,NA,A,NA,NA,NA,NA,20220862015
298,2022087,1605,2022,87,16,5,NA,NA,T,NA,NA,NA,NA,20220871605
299,2022087,1745,2022,87,17,45,NA,NA,T,NA,NA,NA,NA,20220871745
300,2022087,1915,2022,87,19,15,NA,NA,A,NA,NA,NA,NA,20220871915
301,2022087,1920,2022,87,19,20,NA,NA,A,NA,NA,NA,NA,20220871920
302,2022087,2055,2022,87,20,55,NA,NA,A,NA,NA,NA,NA,20220872055
303,2022088,1650,2022,88,16,50,19.3375,-99.18296359,T,0.20575,0.1535,0.081,0,20220881650
304,2022088,2000,2022,88,20,0,19.3375,-99.18296359,A,0.522,0.39,0.1238,0,20220882000
305,2022089,1555,2022,89,15,55,NA,NA,T,NA,NA,NA,NA,20220891555
306,2022089,1735,2022,89,17,35,19.3375,-99.18296359,T,0.16775,0.125,0.03,0,20220891735
307,2022089,2040,2022,89,20,40,NA,NA,A,NA,NA,NA,NA,20220892040
308,2022089,2045,2022,89,20,45,19.3375,-99.18296359,A,0.09975,0.074,0.0257,0,20220892045
309,2022090,1640,2022,90,16,40,NA,NA,T,NA,NA,NA,NA,20220901640
310,2022090,1815,2022,90,18,15,NA,NA,T,NA,NA,NA,NA,20220901815
311,2022091,1720,2022,91,17,20,19.3375,-99.18296359,T,0.1915,0.14275,0.0692,0,20220911720
312,2022092,1625,2022,92,16,25,NA,NA,T,NA,NA,NA,NA,20220921625
313,2022092,1800,2022,92,18,0,NA,NA,T,NA,NA,NA,NA,20220921800
314,2022093,1710,2022,93,17,10,19.3375,-99.18296359,T,0.354,0.26425,0.1182,0,20220931710
315,2022094,1615,2022,94,16,15,NA,NA,T,NA,NA,NA,NA,20220941615
316,2022094,1750,2022,94,17,50,19.3375,-99.18296359,T,0.53875,0.40225,0.0138,0,20220941750
317,2022095,1655,2022,95,16,55,19.3375,-99.18296359,T,0.109,0.08125,0.1076,0,20220951655
318,2022096,1600,2022,96,16,0,NA,NA,T,NA,NA,NA,NA,20220961600
319,2022096,1740,2022,96,17,40,19.3375,-99.18296359,T,0.42725,0.319,0.0255,0,20220961740
320,2022097,1645,2022,97,16,45,19.3375,-99.18296359,T,0.657,0.49075,0.063,0,20220971645
321,2022097,1820,2022,97,18,20,NA,NA,T,NA,NA,NA,NA,20220971820
322,2022098,1550,2022,98,15,50,NA,NA,T,NA,NA,NA,NA,20220981550
323,2022098,1725,2022,98,17,25,19.3375,-99.18296359,T,1.25225,0.93575,0.0529,0,20220981725
324,2022099,1630,2022,99,16,30,19.3375,-99.18296359,T,0.636,0.47525,0.0366,0,20220991630
325,2022099,1810,2022,99,18,10,NA,NA,T,NA,NA,NA,NA,20220991810
326,2022100,1715,2022,100,17,15,19.3375,-99.18296359,T,0.347,0.259,0.1077,0,20221001715
327,2022101,1620,2022,101,16,20,NA,NA,T,NA,NA,NA,NA,20221011620
328,2022101,1755,2022,101,17,55,NA,NA,T,NA,NA,NA,NA,20221011755
329,2022102,1700,2022,102,17,0,NA,NA,T,NA,NA,NA,NA,20221021700
330,2022103,1605,2022,103,16,5,NA,NA,T,NA,NA,NA,NA,20221031605
331,2022103,1745,2022,103,17,45,NA,NA,T,NA,NA,NA,NA,20221031745
332,2022104,1650,2022,104,16,50,NA,NA,T,NA,NA,NA,NA,20221041650
333,2022105,1555,2022,105,15,55,NA,NA,T,NA,NA,NA,NA,20221051555
334,2022105,1735,2022,105,17,35,19.3375,-99.18296359,T,0.767,0.573,0.0408,0,20221051735
335,2022106,1640,2022,106,16,40,19.3375,-99.18296359,T,0.46775,0.34925,0.0477,0,20221061640
336,2022106,1815,2022,106,18,15,NA,NA,T,NA,NA,NA,NA,20221061815
337,2022107,1720,2022,107,17,20,19.3375,-99.18296359,T,0.143,0.1065,0.0908,0,20221071720
338,2022107,2030,2022,107,20,30,19.3375,-99.18296359,A,0.311,0.23233,0.0508,0,20221072030
339,2022108,1625,2022,108,16,25,19.3375,-99.18296359,T,0.247,0.1845,0.0267,0,20221081625
340,2022108,1800,2022,108,18,0,NA,NA,T,NA,NA,NA,NA,20221081800
341,2022108,1935,2022,108,19,35,19.3375,-99.18296359,A,0.59675,0.44575,0.0407,0,20221081935
342,2022109,1710,2022,109,17,10,NA,NA,T,NA,NA,NA,NA,20221091710
343,2022109,2015,2022,109,20,15,NA,NA,A,NA,NA,NA,NA,20221092015
344,2022109,2020,2022,109,20,20,NA,NA,A,NA,NA,NA,NA,20221092020
345,2022110,1615,2022,110,16,15,NA,NA,T,NA,NA,NA,NA,20221101615
346,2022110,1750,2022,110,17,50,19.3375,-99.18296359,T,0.2585,0.193,0.0159,0,20221101750
347,2022110,1925,2022,110,19,25,NA,NA,A,NA,NA,NA,NA,20221101925
348,2022110,2100,2022,110,21,0,NA,NA,A,NA,NA,NA,NA,20221102100
349,2022111,1655,2022,111,16,55,19.3375,-99.18296359,T,0.06125,0.04525,0.1333,0,20221111655
350,2022111,2005,2022,111,20,5,NA,NA,A,NA,NA,NA,NA,20221112005
351,2022112,1600,2022,112,16,0,NA,NA,T,NA,NA,NA,NA,20221121600
352,2022112,1740,2022,112,17,40,19.3375,-99.18296359,T,0.285,0.213,0.028,0,20221121740
353,2022112,2045,2022,112,20,45,NA,NA,A,NA,NA,NA,NA,20221122045
354,2022112,2050,2022,112,20,50,NA,NA,A,NA,NA,NA,NA,20221122050
355,2022113,1645,2022,113,16,45,19.3375,-99.18296359,T,0.44775,0.33425,0.07,0,20221131645
356,2022113,1820,2022,113,18,20,NA,NA,T,NA,NA,NA,NA,20221131820
357,2022113,1950,2022,113,19,50,NA,NA,A,NA,NA,NA,NA,20221131950
358,2022113,1955,2022,113,19,55,NA,NA,A,NA,NA,NA,NA,20221131955
359,2022114,1550,2022,114,15,50,NA,NA,T,NA,NA,NA,NA,20221141550
360,2022114,1725,2022,114,17,25,19.3375,-99.18296359,T,0.311,0.23225,0.0612,0,20221141725
361,2022114,1855,2022,114,18,55,NA,NA,A,NA,NA,NA,NA,20221141855
362,2022114,2035,2022,114,20,35,NA,NA,A,NA,NA,NA,NA,20221142035
363,2022115,1630,2022,115,16,30,19.3375,-99.18296359,T,0.31275,0.23325,0.0356,0,20221151630
364,2022115,1810,2022,115,18,10,NA,NA,T,NA,NA,NA,NA,20221151810
365,2022115,1940,2022,115,19,40,NA,NA,A,NA,NA,NA,NA,20221151940
366,2022116,1715,2022,116,17,15,NA,NA,T,NA,NA,NA,NA,20221161715
367,2022116,2020,2022,116,20,20,NA,NA,A,NA,NA,NA,NA,20221162020
368,2022116,2025,2022,116,20,25,NA,NA,A,NA,NA,NA,NA,20221162025
369,2022117,1620,2022,117,16,20,NA,NA,T,NA,NA,NA,NA,20221171620
370,2022117,1755,2022,117,17,55,NA,NA,T,NA,NA,NA,NA,20221171755
371,2022117,1925,2022,117,19,25,NA,NA,A,NA,NA,NA,NA,20221171925
372,2022117,1930,2022,117,19,30,19.32916666,-99.17790253,A,0.352,0.263,0.0241,0,20221171930
373,2022117,2105,2022,117,21,5,NA,NA,A,NA,NA,NA,NA,20221172105
374,2022118,1700,2022,118,17,0,19.3375,-99.18296359,T,0.24325,0.18175,0.1711,0,20221181700
375,2022118,2010,2022,118,20,10,NA,NA,A,NA,NA,NA,NA,20221182010
376,2022119,1605,2022,119,16,5,NA,NA,T,NA,NA,NA,NA,20221191605
377,2022119,1745,2022,119,17,45,NA,NA,T,NA,NA,NA,NA,20221191745
378,2022119,2050,2022,119,20,50,NA,NA,A,NA,NA,NA,NA,20221192050
379,2022119,2055,2022,119,20,55,NA,NA,A,NA,NA,NA,NA,20221192055
380,2022120,1650,2022,120,16,50,19.3375,-99.18296359,T,0.46075,0.34425,0.1032,0,20221201650
381,2022120,1955,2022,120,19,55,NA,NA,A,NA,NA,NA,NA,20221201955
382,2022120,2000,2022,120,20,0,NA,NA,A,NA,NA,NA,NA,20221202000
383,2022121,1555,2022,121,15,55,NA,NA,T,NA,NA,NA,NA,20221211555
384,2022121,1730,2022,121,17,30,NA,NA,T,NA,NA,NA,NA,20221211730
385,2022121,1905,2022,121,19,5,NA,NA,A,NA,NA,NA,NA,20221211905
386,2022121,2040,2022,121,20,40,NA,NA,A,NA,NA,NA,NA,20221212040
387,2022122,1635,2022,122,16,35,19.3375,-99.18296359,T,0.45275,0.338,0.0486,0,20221221635
388,2022122,1815,2022,122,18,15,NA,NA,T,NA,NA,NA,NA,20221221815
389,2022122,1945,2022,122,19,45,19.3375,-99.18296359,A,0.9215,0.6885,0.0739,0,20221221945
390,2022123,1720,2022,123,17,20,NA,NA,T,NA,NA,NA,NA,20221231720
391,2022123,2025,2022,123,20,25,NA,NA,A,NA,NA,NA,NA,20221232025
392,2022123,2030,2022,123,20,30,NA,NA,A,NA,NA,NA,NA,20221232030
393,2022124,1625,2022,124,16,25,19.3375,-99.18296359,T,0.5025,0.3755,0.025,0,20221241625
394,2022124,1800,2022,124,18,0,NA,NA,T,NA,NA,NA,NA,20221241800
395,2022124,1930,2022,124,19,30,NA,NA,A,NA,NA,NA,NA,20221241930
396,2022124,1935,2022,124,19,35,NA,NA,A,NA,NA,NA,NA,20221241935
397,2022124,2110,2022,124,21,10,NA,NA,A,NA,NA,NA,NA,20221242110
398,2022125,1710,2022,125,17,10,19.3375,-99.18296359,T,0.2485,0.18575,0.1604,0,20221251710
399,2022125,2015,2022,125,20,15,19.3375,-99.18296359,A,0.85325,0.6375,0.1181,0,20221252015
400,2022126,1610,2022,126,16,10,NA,NA,T,NA,NA,NA,NA,20221261610
401,2022126,1750,2022,126,17,50,19.3375,-99.18296359,T,0.92175,0.6885,0.0166,0,20221261750
402,2022126,2055,2022,126,20,55,NA,NA,A,NA,NA,NA,NA,20221262055
403,2022126,2100,2022,126,21,0,NA,NA,A,NA,NA,NA,NA,20221262100
404,2022127,1655,2022,127,16,55,19.3375,-99.18296359,T,0.10275,0.07675,0.136,0,20221271655
405,2022127,2000,2022,127,20,0,NA,NA,A,NA,NA,NA,NA,20221272000
406,2022127,2005,2022,127,20,5,NA,NA,A,NA,NA,NA,NA,20221272005
407,2022128,1600,2022,128,16,0,NA,NA,T,NA,NA,NA,NA,20221281600
408,2022128,1740,2022,128,17,40,19.3375,-99.18296359,T,0.60775,0.45425,0.0286,0,20221281740
409,2022128,1905,2022,128,19,5,NA,NA,A,NA,NA,NA,NA,20221281905
410,2022128,1910,2022,128,19,10,NA,NA,A,NA,NA,NA,NA,20221281910
411,2022128,2045,2022,128,20,45,NA,NA,A,NA,NA,NA,NA,20221282045
412,2022129,1645,2022,129,16,45,19.3375,-99.18296359,T,0.293,0.2185,0.0656,0,20221291645
413,2022129,1820,2022,129,18,20,NA,NA,T,NA,NA,NA,NA,20221291820
414,2022129,1950,2022,129,19,50,NA,NA,A,NA,NA,NA,NA,20221291950
415,2022130,1550,2022,130,15,50,NA,NA,T,NA,NA,NA,NA,20221301550
416,2022130,1725,2022,130,17,25,19.3375,-99.18296359,T,0.22725,0.17,0.0604,0,20221301725
417,2022130,2030,2022,130,20,30,NA,NA,A,NA,NA,NA,NA,20221302030
418,2022130,2035,2022,130,20,35,NA,NA,A,NA,NA,NA,NA,20221302035
419,2022131,1630,2022,131,16,30,NA,NA,T,NA,NA,NA,NA,20221311630
420,2022131,1805,2022,131,18,5,NA,NA,T,NA,NA,NA,NA,20221311805
421,2022131,1935,2022,131,19,35,NA,NA,A,NA,NA,NA,NA,20221311935
422,2022131,1940,2022,131,19,40,NA,NA,A,NA,NA,NA,NA,20221311940
423,2022132,1715,2022,132,17,15,19.3375,-99.18296359,T,0.0265,0.0195,0.1239,0,20221321715
424,2022132,2020,2022,132,20,20,19.3375,-99.18296359,A,0.27825,0.208,0.0846,0,20221322020
425,2022133,1620,2022,133,16,20,NA,NA,T,NA,NA,NA,NA,20221331620
426,2022133,1755,2022,133,17,55,NA,NA,T,NA,NA,NA,NA,20221331755
427,2022133,1925,2022,133,19,25,NA,NA,A,NA,NA,NA,NA,20221331925
428,2022133,2105,2022,133,21,5,NA,NA,A,NA,NA,NA,NA,20221332105
429,2022134,1700,2022,134,17,0,19.3375,-99.18296359,T,0.05375,0.04,0.144,0,20221341700
430,2022134,2005,2022,134,20,5,NA,NA,A,NA,NA,NA,NA,20221342005
431,2022134,2010,2022,134,20,10,NA,NA,A,NA,NA,NA,NA,20221342010
432,2022135,1605,2022,135,16,5,NA,NA,T,NA,NA,NA,NA,20221351605
433,2022135,1745,2022,135,17,45,19.3375,-99.18296359,T,0.22375,0.1675,0.0205,0,20221351745
434,2022135,1910,2022,135,19,10,NA,NA,A,NA,NA,NA,NA,20221351910
435,2022135,1915,2022,135,19,15,NA,NA,A,NA,NA,NA,NA,20221351915
436,2022135,2050,2022,135,20,50,NA,NA,A,NA,NA,NA,NA,20221352050
437,2022136,1650,2022,136,16,50,19.3375,-99.18296359,T,0.06225,0.0465,0.0924,0,20221361650
438,2022136,1955,2022,136,19,55,19.3375,-99.18296359,A,0.19025,0.14225,0.1083,0,20221361955
439,2022137,1555,2022,137,15,55,NA,NA,T,NA,NA,NA,NA,20221371555
440,2022137,1730,2022,137,17,30,19.3375,-99.18296359,T,0.426,0.31825,0.0387,0,20221371730
441,2022137,2035,2022,137,20,35,NA,NA,A,NA,NA,NA,NA,20221372035
442,2022137,2040,2022,137,20,40,19.3375,-99.18296359,A,0.50325,0.376,0.0348,0,20221372040
443,2022138,1635,2022,138,16,35,19.3375,-99.18296359,T,0.3275,0.2445,0.0481,0,20221381635
444,2022138,1810,2022,138,18,10,NA,NA,T,NA,NA,NA,NA,20221381810
445,2022138,1940,2022,138,19,40,NA,NA,A,NA,NA,NA,NA,20221381940
446,2022138,1945,2022,138,19,45,19.3375,-99.18296359,A,0.52625,0.39325,0.0555,0,20221381945
447,2022139,1720,2022,139,17,20,19.3375,-99.18296359,T,0.21025,0.157,0.0843,0,20221391720
448,2022139,2025,2022,139,20,25,NA,NA,A,NA,NA,NA,NA,20221392025
449,2022140,1625,2022,140,16,25,19.3375,-99.18296359,T,0.47475,0.35475,0.0258,0,20221401625
450,2022140,1800,2022,140,18,0,NA,NA,T,NA,NA,NA,NA,20221401800
451,2022140,1930,2022,140,19,30,NA,NA,A,NA,NA,NA,NA,20221401930
452,2022140,2110,2022,140,21,10,NA,NA,A,NA,NA,NA,NA,20221402110
453,2022141,1705,2022,141,17,5,19.3375,-99.18296359,T,0.39525,0.295,0.1393,0,20221411705
454,2022141,2010,2022,141,20,10,NA,NA,A,NA,NA,NA,NA,20221412010
455,2022141,2015,2022,141,20,15,19.3375,-99.18296359,A,0.72725,0.5435,0.1289,0,20221412015
456,2022142,1610,2022,142,16,10,NA,NA,T,NA,NA,NA,NA,20221421610
457,2022142,1750,2022,142,17,50,19.3375,-99.18296359,T,1.20425,0.8995,0.0166,0,20221421750
458,2022142,1915,2022,142,19,15,NA,NA,A,NA,NA,NA,NA,20221421915
459,2022142,1920,2022,142,19,20,NA,NA,A,NA,NA,NA,NA,20221421920
460,2022142,2055,2022,142,20,55,NA,NA,A,NA,NA,NA,NA,20221422055
461,2022143,1655,2022,143,16,55,19.3375,-99.18296359,T,0.5555,0.415,0.1279,0,20221431655
462,2022143,2000,2022,143,20,0,NA,NA,A,NA,NA,NA,NA,20221432000
463,2022144,1600,2022,144,16,0,NA,NA,T,NA,NA,NA,NA,20221441600
464,2022144,1740,2022,144,17,40,19.3375,-99.18296359,T,0.685,0.512,0.0274,0,20221441740
465,2022144,2040,2022,144,20,40,NA,NA,A,NA,NA,NA,NA,20221442040
466,2022144,2045,2022,144,20,45,NA,NA,A,NA,NA,NA,NA,20221442045
467,2022145,1640,2022,145,16,40,NA,NA,T,NA,NA,NA,NA,20221451640
468,2022145,1820,2022,145,18,20,NA,NA,T,NA,NA,NA,NA,20221451820
469,2022145,1945,2022,145,19,45,NA,NA,A,NA,NA,NA,NA,20221451945
470,2022145,1950,2022,145,19,50,19.3375,-99.18296359,A,0.61225,0.45725,0.0764,0,20221451950
471,2022146,1545,2022,146,15,45,NA,NA,T,NA,NA,NA,NA,20221461545
472,2022146,1725,2022,146,17,25,19.3375,-99.18296359,T,0.398,0.297,0.0552,0,20221461725
473,2022146,2030,2022,146,20,30,NA,NA,A,NA,NA,NA,NA,20221462030
474,2022147,1630,2022,147,16,30,19.3375,-99.18296359,T,0.31225,0.23325,0.0283,0,20221471630
475,2022147,1805,2022,147,18,5,NA,NA,T,NA,NA,NA,NA,20221471805
476,2022147,1935,2022,147,19,35,19.3375,-99.18296359,A,0.2895,0.216,0.0302,0,20221471935
477,2022148,1715,2022,148,17,15,NA,NA,T,NA,NA,NA,NA,20221481715
478,2022148,2015,2022,148,20,15,NA,NA,A,NA,NA,NA,NA,20221482015
479,2022148,2020,2022,148,20,20,NA,NA,A,NA,NA,NA,NA,20221482020
480,2022149,1620,2022,149,16,20,NA,NA,T,NA,NA,NA,NA,20221491620
481,2022149,1755,2022,149,17,55,NA,NA,T,NA,NA,NA,NA,20221491755
482,2022149,1920,2022,149,19,20,NA,NA,A,NA,NA,NA,NA,20221491920
483,2022149,1925,2022,149,19,25,NA,NA,A,NA,NA,NA,NA,20221491925
484,2022149,2100,2022,149,21,0,NA,NA,A,NA,NA,NA,NA,20221492100
485,2022150,1700,2022,150,17,0,NA,NA,T,NA,NA,NA,NA,20221501700
486,2022150,2005,2022,150,20,5,NA,NA,A,NA,NA,NA,NA,20221502005
487,2022151,1605,2022,151,16,5,NA,NA,T,NA,NA,NA,NA,20221511605
488,2022151,1745,2022,151,17,45,NA,NA,T,NA,NA,NA,NA,20221511745
489,2022151,2045,2022,151,20,45,NA,NA,A,NA,NA,NA,NA,20221512045
490,2022151,2050,2022,151,20,50,NA,NA,A,NA,NA,NA,NA,20221512050
491,2022152,1650,2022,152,16,50,NA,NA,T,NA,NA,NA,NA,20221521650
492,2022152,1950,2022,152,19,50,NA,NA,A,NA,NA,NA,NA,20221521950
493,2022152,1955,2022,152,19,55,NA,NA,A,NA,NA,NA,NA,20221521955
494,2022153,1555,2022,153,15,55,NA,NA,T,NA,NA,NA,NA,20221531555
495,2022153,1730,2022,153,17,30,19.3375,-99.18296359,T,0.283,0.21175,0.0372,0,20221531730
496,2022153,1855,2022,153,18,55,NA,NA,A,NA,NA,NA,NA,20221531855
497,2022153,1900,2022,153,19,0,NA,NA,A,NA,NA,NA,NA,20221531900
498,2022153,2035,2022,153,20,35,NA,NA,A,NA,NA,NA,NA,20221532035
499,2022154,1635,2022,154,16,35,NA,NA,T,NA,NA,NA,NA,20221541635
500,2022154,1810,2022,154,18,10,NA,NA,T,NA,NA,NA,NA,20221541810
501,2022154,1940,2022,154,19,40,19.3375,-99.18296359,A,0.35975,0.2685,0.047,0,20221541940
502,2022155,1720,2022,155,17,20,19.3375,-99.18296359,T,0.28575,0.2135,0.091,0,20221551720
503,2022155,2020,2022,155,20,20,NA,NA,A,NA,NA,NA,NA,20221552020
504,2022155,2025,2022,155,20,25,NA,NA,A,NA,NA,NA,NA,20221552025
505,2022156,1625,2022,156,16,25,19.3375,-99.18296359,T,0.451,0.337,0.0191,0,20221561625
506,2022156,1800,2022,156,18,0,NA,NA,T,NA,NA,NA,NA,20221561800
507,2022156,1925,2022,156,19,25,NA,NA,A,NA,NA,NA,NA,20221561925
508,2022156,1930,2022,156,19,30,NA,NA,A,NA,NA,NA,NA,20221561930
509,2022156,2105,2022,156,21,5,NA,NA,A,NA,NA,NA,NA,20221562105
510,2022157,1705,2022,157,17,5,NA,NA,T,NA,NA,NA,NA,20221571705
511,2022157,2010,2022,157,20,10,NA,NA,A,NA,NA,NA,NA,20221572010
512,2022158,1610,2022,158,16,10,NA,NA,T,NA,NA,NA,NA,20221581610
513,2022158,1750,2022,158,17,50,19.3375,-99.18296359,T,0.2,0.149,0.0163,0,20221581750
514,2022158,2050,2022,158,20,50,NA,NA,A,NA,NA,NA,NA,20221582050
515,2022158,2055,2022,158,20,55,NA,NA,A,NA,NA,NA,NA,20221582055
516,2022159,1655,2022,159,16,55,NA,NA,T,NA,NA,NA,NA,20221591655
517,2022159,1955,2022,159,19,55,NA,NA,A,NA,NA,NA,NA,20221591955
518,2022159,2000,2022,159,20,0,NA,NA,A,NA,NA,NA,NA,20221592000
519,2022160,1600,2022,160,16,0,NA,NA,T,NA,NA,NA,NA,20221601600
520,2022160,1735,2022,160,17,35,NA,NA,T,NA,NA,NA,NA,20221601735
521,2022160,1905,2022,160,19,5,NA,NA,A,NA,NA,NA,NA,20221601905
522,2022160,2040,2022,160,20,40,NA,NA,A,NA,NA,NA,NA,20221602040
523,2022161,1640,2022,161,16,40,NA,NA,T,NA,NA,NA,NA,20221611640
524,2022161,1815,2022,161,18,15,NA,NA,T,NA,NA,NA,NA,20221611815
525,2022161,1945,2022,161,19,45,NA,NA,A,NA,NA,NA,NA,20221611945
526,2022162,1545,2022,162,15,45,NA,NA,T,NA,NA,NA,NA,20221621545
527,2022162,1725,2022,162,17,25,19.3375,-99.18296359,T,0.356,0.266,0.0561,0,20221621725
528,2022162,2025,2022,162,20,25,NA,NA,A,NA,NA,NA,NA,20221622025
529,2022162,2030,2022,162,20,30,NA,NA,A,NA,NA,NA,NA,20221622030
530,2022163,1630,2022,163,16,30,NA,NA,T,NA,NA,NA,NA,20221631630
531,2022163,1805,2022,163,18,5,NA,NA,T,NA,NA,NA,NA,20221631805
532,2022163,1930,2022,163,19,30,NA,NA,A,NA,NA,NA,NA,20221631930
533,2022163,1935,2022,163,19,35,NA,NA,A,NA,NA,NA,NA,20221631935
534,2022163,2110,2022,163,21,10,NA,NA,A,NA,NA,NA,NA,20221632110
535,2022164,1710,2022,164,17,10,NA,NA,T,NA,NA,NA,NA,20221641710
536,2022164,2015,2022,164,20,15,NA,NA,A,NA,NA,NA,NA,20221642015
537,2022165,1615,2022,165,16,15,NA,NA,T,NA,NA,NA,NA,20221651615
538,2022165,1755,2022,165,17,55,NA,NA,T,NA,NA,NA,NA,20221651755
539,2022165,2055,2022,165,20,55,NA,NA,A,NA,NA,NA,NA,20221652055
540,2022165,2100,2022,165,21,0,NA,NA,A,NA,NA,NA,NA,20221652100
541,2022166,1700,2022,166,17,0,NA,NA,T,NA,NA,NA,NA,20221661700
542,2022166,2000,2022,166,20,0,NA,NA,A,NA,NA,NA,NA,20221662000
543,2022166,2005,2022,166,20,5,NA,NA,A,NA,NA,NA,NA,20221662005
544,2022167,1605,2022,167,16,5,NA,NA,T,NA,NA,NA,NA,20221671605
545,2022167,1745,2022,167,17,45,NA,NA,T,NA,NA,NA,NA,20221671745
546,2022167,1910,2022,167,19,10,NA,NA,A,NA,NA,NA,NA,20221671910
547,2022167,2045,2022,167,20,45,NA,NA,A,NA,NA,NA,NA,20221672045
548,2022168,1650,2022,168,16,50,NA,NA,T,NA,NA,NA,NA,20221681650
549,2022168,1950,2022,168,19,50,NA,NA,A,NA,NA,NA,NA,20221681950
550,2022169,1550,2022,169,15,50,NA,NA,T,NA,NA,NA,NA,20221691550
551,2022169,1730,2022,169,17,30,NA,NA,T,NA,NA,NA,NA,20221691730
552,2022169,2030,2022,169,20,30,NA,NA,A,NA,NA,NA,NA,20221692030
553,2022169,2035,2022,169,20,35,NA,NA,A,NA,NA,NA,NA,20221692035
554,2022170,1635,2022,170,16,35,NA,NA,T,NA,NA,NA,NA,20221701635
555,2022170,1810,2022,170,18,10,NA,NA,T,NA,NA,NA,NA,20221701810
556,2022170,1935,2022,170,19,35,NA,NA,A,NA,NA,NA,NA,20221701935
557,2022170,1940,2022,170,19,40,NA,NA,A,NA,NA,NA,NA,20221701940
558,2022171,1720,2022,171,17,20,NA,NA,T,NA,NA,NA,NA,20221711720
559,2022171,2020,2022,171,20,20,NA,NA,A,NA,NA,NA,NA,20221712020
560,2022172,1625,2022,172,16,25,NA,NA,T,NA,NA,NA,NA,20221721625
561,2022172,1800,2022,172,18,0,NA,NA,T,NA,NA,NA,NA,20221721800
562,2022172,2100,2022,172,21,0,NA,NA,A,NA,NA,NA,NA,20221722100
563,2022172,2105,2022,172,21,5,NA,NA,A,NA,NA,NA,NA,20221722105
564,2022173,1705,2022,173,17,5,NA,NA,T,NA,NA,NA,NA,20221731705
565,2022173,2005,2022,173,20,5,NA,NA,A,NA,NA,NA,NA,20221732005
566,2022173,2010,2022,173,20,10,NA,NA,A,NA,NA,NA,NA,20221732010
567,2022174,1610,2022,174,16,10,NA,NA,T,NA,NA,NA,NA,20221741610
568,2022174,1750,2022,174,17,50,NA,NA,T,NA,NA,NA,NA,20221741750
569,2022174,1915,2022,174,19,15,NA,NA,A,NA,NA,NA,NA,20221741915
570,2022174,2050,2022,174,20,50,NA,NA,A,NA,NA,NA,NA,20221742050
571,2022175,1655,2022,175,16,55,NA,NA,T,NA,NA,NA,NA,20221751655
572,2022175,1955,2022,175,19,55,NA,NA,A,NA,NA,NA,NA,20221751955
573,2022176,1600,2022,176,16,0,NA,NA,T,NA,NA,NA,NA,20221761600
574,2022176,1735,2022,176,17,35,NA,NA,T,NA,NA,NA,NA,20221761735
575,2022176,2035,2022,176,20,35,NA,NA,A,NA,NA,NA,NA,20221762035
576,2022176,2040,2022,176,20,40,NA,NA,A,NA,NA,NA,NA,20221762040
577,2022177,1640,2022,177,16,40,NA,NA,T,NA,NA,NA,NA,20221771640
578,2022177,1815,2022,177,18,15,NA,NA,T,NA,NA,NA,NA,20221771815
579,2022177,1940,2022,177,19,40,NA,NA,A,NA,NA,NA,NA,20221771940
580,2022177,1945,2022,177,19,45,NA,NA,A,NA,NA,NA,NA,20221771945
581,2022178,1545,2022,178,15,45,NA,NA,T,NA,NA,NA,NA,20221781545
582,2022178,1725,2022,178,17,25,NA,NA,T,NA,NA,NA,NA,20221781725
583,2022178,2025,2022,178,20,25,NA,NA,A,NA,NA,NA,NA,20221782025
584,2022179,1630,2022,179,16,30,NA,NA,T,NA,NA,NA,NA,20221791630
585,2022179,1805,2022,179,18,5,NA,NA,T,NA,NA,NA,NA,20221791805
586,2022179,1930,2022,179,19,30,NA,NA,A,NA,NA,NA,NA,20221791930
587,2022179,2110,2022,179,21,10,NA,NA,A,NA,NA,NA,NA,20221792110
588,2022180,1710,2022,180,17,10,NA,NA,T,NA,NA,NA,NA,20221801710
589,2022180,2010,2022,180,20,10,NA,NA,A,NA,NA,NA,NA,20221802010
590,2022180,2015,2022,180,20,15,NA,NA,A,NA,NA,NA,NA,20221802015
591,2022181,1615,2022,181,16,15,NA,NA,T,NA,NA,NA,NA,20221811615
592,2022181,1755,2022,181,17,55,NA,NA,T,NA,NA,NA,NA,20221811755
593,2022181,1920,2022,181,19,20,19.3375,-99.18296359,A,0.6645,0.496,0.015,0,20221811920
594,2022181,2055,2022,181,20,55,NA,NA,A,NA,NA,NA,NA,20221812055
595,2022182,1700,2022,182,17,0,NA,NA,T,NA,NA,NA,NA,20221821700
596,2022182,2000,2022,182,20,0,NA,NA,A,NA,NA,NA,NA,20221822000
597,2022183,1605,2022,183,16,5,NA,NA,T,NA,NA,NA,NA,20221831605
598,2022183,1740,2022,183,17,40,NA,NA,T,NA,NA,NA,NA,20221831740
599,2022183,1900,2022,183,19,0,NA,NA,A,NA,NA,NA,NA,20221831900
600,2022183,2040,2022,183,20,40,NA,NA,A,NA,NA,NA,NA,20221832040
601,2022183,2045,2022,183,20,45,NA,NA,A,NA,NA,NA,NA,20221832045
602,2022184,1645,2022,184,16,45,NA,NA,T,NA,NA,NA,NA,20221841645
603,2022184,1950,2022,184,19,50,19.3375,-99.18296359,A,0.582,0.4345,0.0643,0,20221841950
604,2022185,1550,2022,185,15,50,NA,NA,T,NA,NA,NA,NA,20221851550
605,2022185,1730,2022,185,17,30,NA,NA,T,NA,NA,NA,NA,20221851730
606,2022185,2030,2022,185,20,30,NA,NA,A,NA,NA,NA,NA,20221852030
607,2022186,1635,2022,186,16,35,NA,NA,T,NA,NA,NA,NA,20221861635
608,2022186,1810,2022,186,18,10,NA,NA,T,NA,NA,NA,NA,20221861810
609,2022186,1930,2022,186,19,30,NA,NA,A,NA,NA,NA,NA,20221861930
610,2022186,1935,2022,186,19,35,NA,NA,A,NA,NA,NA,NA,20221861935
611,2022186,2115,2022,186,21,15,NA,NA,A,NA,NA,NA,NA,20221862115
612,2022187,1720,2022,187,17,20,NA,NA,T,NA,NA,NA,NA,20221871720
613,2022187,2015,2022,187,20,15,NA,NA,A,NA,NA,NA,NA,20221872015
614,2022187,2020,2022,187,20,20,NA,NA,A,NA,NA,NA,NA,20221872020
615,2022188,1620,2022,188,16,20,NA,NA,T,NA,NA,NA,NA,20221881620
616,2022188,1800,2022,188,18,0,NA,NA,T,NA,NA,NA,NA,20221881800
617,2022188,1925,2022,188,19,25,NA,NA,A,NA,NA,NA,NA,20221881925
618,2022188,2100,2022,188,21,0,NA,NA,A,NA,NA,NA,NA,20221882100
619,2022189,1705,2022,189,17,5,NA,NA,T,NA,NA,NA,NA,20221891705
620,2022189,2000,2022,189,20,0,NA,NA,A,NA,NA,NA,NA,20221892000
621,2022189,2005,2022,189,20,5,NA,NA,A,NA,NA,NA,NA,20221892005
622,2022190,1610,2022,190,16,10,NA,NA,T,NA,NA,NA,NA,20221901610
623,2022190,1750,2022,190,17,50,NA,NA,T,NA,NA,NA,NA,20221901750
624,2022190,1905,2022,190,19,5,NA,NA,A,NA,NA,NA,NA,20221901905
625,2022190,2045,2022,190,20,45,NA,NA,A,NA,NA,NA,NA,20221902045
626,2022190,2050,2022,190,20,50,NA,NA,A,NA,NA,NA,NA,20221902050
627,2022191,1655,2022,191,16,55,NA,NA,T,NA,NA,NA,NA,20221911655
628,2022191,1955,2022,191,19,55,NA,NA,A,NA,NA,NA,NA,20221911955
629,2022192,1600,2022,192,16,0,NA,NA,T,NA,NA,NA,NA,20221921600
630,2022192,1735,2022,192,17,35,NA,NA,T,NA,NA,NA,NA,20221921735
631,2022192,2030,2022,192,20,30,NA,NA,A,NA,NA,NA,NA,20221922030
632,2022192,2035,2022,192,20,35,NA,NA,A,NA,NA,NA,NA,20221922035
633,2022193,1640,2022,193,16,40,NA,NA,T,NA,NA,NA,NA,20221931640
634,2022193,1815,2022,193,18,15,NA,NA,T,NA,NA,NA,NA,20221931815
635,2022193,1935,2022,193,19,35,NA,NA,A,NA,NA,NA,NA,20221931935
636,2022193,1940,2022,193,19,40,NA,NA,A,NA,NA,NA,NA,20221931940
637,2022194,1545,2022,194,15,45,NA,NA,T,NA,NA,NA,NA,20221941545
638,2022194,1725,2022,194,17,25,NA,NA,T,NA,NA,NA,NA,20221941725
639,2022194,2025,2022,194,20,25,NA,NA,A,NA,NA,NA,NA,20221942025
640,2022195,1630,2022,195,16,30,NA,NA,T,NA,NA,NA,NA,20221951630
641,2022195,1805,2022,195,18,5,NA,NA,T,NA,NA,NA,NA,20221951805
642,2022195,1930,2022,195,19,30,NA,NA,A,NA,NA,NA,NA,20221951930
643,2022195,2105,2022,195,21,5,NA,NA,A,NA,NA,NA,NA,20221952105
644,2022196,1710,2022,196,17,10,NA,NA,T,NA,NA,NA,NA,20221961710
645,2022196,2005,2022,196,20,5,NA,NA,A,NA,NA,NA,NA,20221962005
646,2022196,2010,2022,196,20,10,NA,NA,A,NA,NA,NA,NA,20221962010
647,2022197,1615,2022,197,16,15,NA,NA,T,NA,NA,NA,NA,20221971615
648,2022197,1755,2022,197,17,55,NA,NA,T,NA,NA,NA,NA,20221971755
649,2022197,1910,2022,197,19,10,NA,NA,A,NA,NA,NA,NA,20221971910
650,2022197,2050,2022,197,20,50,NA,NA,A,NA,NA,NA,NA,20221972050
651,2022197,2055,2022,197,20,55,NA,NA,A,NA,NA,NA,NA,20221972055
652,2022198,1700,2022,198,17,0,19.3375,-99.18296359,T,0.33325,0.249,0.1865,0,20221981700
653,2022198,2000,2022,198,20,0,NA,NA,A,NA,NA,NA,NA,20221982000
654,2022199,1605,2022,199,16,5,NA,NA,T,NA,NA,NA,NA,20221991605
655,2022199,1740,2022,199,17,40,NA,NA,T,NA,NA,NA,NA,20221991740
656,2022199,2035,2022,199,20,35,NA,NA,A,NA,NA,NA,NA,20221992035
657,2022199,2040,2022,199,20,40,NA,NA,A,NA,NA,NA,NA,20221992040
658,2022200,1645,2022,200,16,45,19.3375,-99.18296359,T,0.321,0.23975,0.1124,0,20222001645
659,2022200,1940,2022,200,19,40,NA,NA,A,NA,NA,NA,NA,20222001940
660,2022200,1945,2022,200,19,45,19.3375,-99.18296359,A,0.464,0.34675,0.0523,0,20222001945
661,2022201,1550,2022,201,15,50,NA,NA,T,NA,NA,NA,NA,20222011550
662,2022201,1730,2022,201,17,30,19.3375,-99.18296359,T,0.21275,0.159,0.0311,0,20222011730
663,2022201,2025,2022,201,20,25,NA,NA,A,NA,NA,NA,NA,20222012025
664,2022202,1635,2022,202,16,35,NA,NA,T,NA,NA,NA,NA,20222021635
665,2022202,1810,2022,202,18,10,NA,NA,T,NA,NA,NA,NA,20222021810
666,2022202,1930,2022,202,19,30,19.32916666,-99.18673365,A,0.542,0.405,0.0271,0,20222021930
667,2022202,2110,2022,202,21,10,NA,NA,A,NA,NA,NA,NA,20222022110
668,2022203,1715,2022,203,17,15,NA,NA,T,NA,NA,NA,NA,20222031715
669,2022203,2010,2022,203,20,10,NA,NA,A,NA,NA,NA,NA,20222032010
670,2022203,2015,2022,203,20,15,NA,NA,A,NA,NA,NA,NA,20222032015
671,2022204,1620,2022,204,16,20,19.3375,-99.18296359,T,0.62733,0.46867,0.0281,0,20222041620
672,2022204,1800,2022,204,18,0,NA,NA,T,NA,NA,NA,NA,20222041800
673,2022204,1915,2022,204,19,15,NA,NA,A,NA,NA,NA,NA,20222041915
674,2022204,1920,2022,204,19,20,NA,NA,A,NA,NA,NA,NA,20222041920
675,2022204,2055,2022,204,20,55,NA,NA,A,NA,NA,NA,NA,20222042055
676,2022205,1705,2022,205,17,5,NA,NA,T,NA,NA,NA,NA,20222051705
677,2022205,2000,2022,205,20,0,NA,NA,A,NA,NA,NA,NA,20222052000
678,2022206,1610,2022,206,16,10,NA,NA,T,NA,NA,NA,NA,20222061610
679,2022206,1745,2022,206,17,45,NA,NA,T,NA,NA,NA,NA,20222061745
680,2022206,2040,2022,206,20,40,NA,NA,A,NA,NA,NA,NA,20222062040
681,2022206,2045,2022,206,20,45,NA,NA,A,NA,NA,NA,NA,20222062045
682,2022207,1650,2022,207,16,50,19.3375,-99.17413201,T,0.249,0.186,0.1086,0,20222071650
683,2022207,1945,2022,207,19,45,NA,NA,A,NA,NA,NA,NA,20222071945
684,2022207,1950,2022,207,19,50,NA,NA,A,NA,NA,NA,NA,20222071950
685,2022208,1555,2022,208,15,55,NA,NA,T,NA,NA,NA,NA,20222081555
686,2022208,1735,2022,208,17,35,NA,NA,T,NA,NA,NA,NA,20222081735
687,2022208,2030,2022,208,20,30,NA,NA,A,NA,NA,NA,NA,20222082030
688,2022209,1935,2022,209,19,35,NA,NA,A,NA,NA,NA,NA,20222091935
689,2022209,2115,2022,209,21,15,NA,NA,A,NA,NA,NA,NA,20222092115
690,2022210,1545,2022,210,15,45,NA,NA,T,NA,NA,NA,NA,20222101545
691,2022210,1725,2022,210,17,25,NA,NA,T,NA,NA,NA,NA,20222101725
692,2022210,2015,2022,210,20,15,NA,NA,A,NA,NA,NA,NA,20222102015
693,2022210,2020,2022,210,20,20,NA,NA,A,NA,NA,NA,NA,20222102020
694,2022211,1630,2022,211,16,30,19.3375,-99.18296359,T,0.585,0.437,0.0369,0,20222111630
695,2022211,1805,2022,211,18,5,NA,NA,T,NA,NA,NA,NA,20222111805
696,2022211,1920,2022,211,19,20,NA,NA,A,NA,NA,NA,NA,20222111920
697,2022211,1925,2022,211,19,25,NA,NA,A,NA,NA,NA,NA,20222111925
698,2022211,2100,2022,211,21,0,NA,NA,A,NA,NA,NA,NA,20222112100
699,2022212,1710,2022,212,17,10,NA,NA,T,NA,NA,NA,NA,20222121710
700,2022212,2005,2022,212,20,5,NA,NA,A,NA,NA,NA,NA,20222122005
701,2022213,1615,2022,213,16,15,NA,NA,T,NA,NA,NA,NA,20222131615
702,2022213,1755,2022,213,17,55,NA,NA,T,NA,NA,NA,NA,20222131755
703,2022213,2045,2022,213,20,45,NA,NA,A,NA,NA,NA,NA,20222132045
704,2022213,2050,2022,213,20,50,NA,NA,A,NA,NA,NA,NA,20222132050
705,2022214,1700,2022,214,17,0,NA,NA,T,NA,NA,NA,NA,20222141700
706,2022214,1950,2022,214,19,50,NA,NA,A,NA,NA,NA,NA,20222141950
707,2022214,1955,2022,214,19,55,NA,NA,A,NA,NA,NA,NA,20222141955
708,2022215,1605,2022,215,16,5,NA,NA,T,NA,NA,NA,NA,20222151605
709,2022215,1740,2022,215,17,40,19.3375,-99.18296359,T,0.165,0.123,0.0207,0,20222151740
710,2022215,1855,2022,215,18,55,NA,NA,A,NA,NA,NA,NA,20222151855
711,2022215,2035,2022,215,20,35,NA,NA,A,NA,NA,NA,NA,20222152035
712,2022216,1645,2022,216,16,45,NA,NA,T,NA,NA,NA,NA,20222161645
713,2022216,1940,2022,216,19,40,NA,NA,A,NA,NA,NA,NA,20222161940
714,2022217,1550,2022,217,15,50,NA,NA,T,NA,NA,NA,NA,20222171550
715,2022217,1730,2022,217,17,30,19.3375,-99.18296359,T,0.23275,0.17375,0.0414,0,20222171730
716,2022217,2020,2022,217,20,20,NA,NA,A,NA,NA,NA,NA,20222172020
717,2022217,2025,2022,217,20,25,NA,NA,A,NA,NA,NA,NA,20222172025
718,2022218,1635,2022,218,16,35,19.3375,-99.18296359,T,0.3635,0.2715,0.0411,0,20222181635
719,2022218,1810,2022,218,18,10,NA,NA,T,NA,NA,NA,NA,20222181810
720,2022218,1930,2022,218,19,30,NA,NA,A,NA,NA,NA,NA,20222181930
721,2022218,2105,2022,218,21,5,NA,NA,A,NA,NA,NA,NA,20222182105
722,2022219,1715,2022,219,17,15,NA,NA,T,NA,NA,NA,NA,20222191715
723,2022219,2010,2022,219,20,10,NA,NA,A,NA,NA,NA,NA,20222192010
724,2022220,1620,2022,220,16,20,NA,NA,T,NA,NA,NA,NA,20222201620
725,2022220,1800,2022,220,18,0,NA,NA,T,NA,NA,NA,NA,20222201800
726,2022220,2050,2022,220,20,50,NA,NA,A,NA,NA,NA,NA,20222202050
727,2022220,2055,2022,220,20,55,NA,NA,A,NA,NA,NA,NA,20222202055
728,2022221,1705,2022,221,17,5,NA,NA,T,NA,NA,NA,NA,20222211705
729,2022221,1955,2022,221,19,55,NA,NA,A,NA,NA,NA,NA,20222211955
730,2022221,2000,2022,221,20,0,NA,NA,A,NA,NA,NA,NA,20222212000
731,2022222,1610,2022,222,16,10,NA,NA,T,NA,NA,NA,NA,20222221610
732,2022222,1745,2022,222,17,45,NA,NA,T,NA,NA,NA,NA,20222221745
733,2022222,1905,2022,222,19,5,NA,NA,A,NA,NA,NA,NA,20222221905
734,2022222,2040,2022,222,20,40,NA,NA,A,NA,NA,NA,NA,20222222040
735,2022223,1650,2022,223,16,50,NA,NA,T,NA,NA,NA,NA,20222231650
736,2022223,1945,2022,223,19,45,NA,NA,A,NA,NA,NA,NA,20222231945
737,2022224,1555,2022,224,15,55,NA,NA,T,NA,NA,NA,NA,20222241555
738,2022224,1735,2022,224,17,35,NA,NA,T,NA,NA,NA,NA,20222241735
739,2022224,2025,2022,224,20,25,NA,NA,A,NA,NA,NA,NA,20222242025
740,2022224,2030,2022,224,20,30,NA,NA,A,NA,NA,NA,NA,20222242030
741,2022225,1640,2022,225,16,40,NA,NA,T,NA,NA,NA,NA,20222251640
742,2022225,1815,2022,225,18,15,NA,NA,T,NA,NA,NA,NA,20222251815
743,2022225,1935,2022,225,19,35,NA,NA,A,NA,NA,NA,NA,20222251935
744,2022225,2110,2022,225,21,10,NA,NA,A,NA,NA,NA,NA,20222252110
745,2022226,1545,2022,226,15,45,NA,NA,T,NA,NA,NA,NA,20222261545
746,2022226,1720,2022,226,17,20,NA,NA,T,NA,NA,NA,NA,20222261720
747,2022226,2010,2022,226,20,10,NA,NA,A,NA,NA,NA,NA,20222262010
748,2022226,2015,2022,226,20,15,NA,NA,A,NA,NA,NA,NA,20222262015
749,2022227,1625,2022,227,16,25,NA,NA,T,NA,NA,NA,NA,20222271625
750,2022227,1805,2022,227,18,5,NA,NA,T,NA,NA,NA,NA,20222271805
751,2022227,1915,2022,227,19,15,NA,NA,A,NA,NA,NA,NA,20222271915
752,2022227,2055,2022,227,20,55,NA,NA,A,NA,NA,NA,NA,20222272055
753,2022227,2100,2022,227,21,0,NA,NA,A,NA,NA,NA,NA,20222272100
754,2022228,1710,2022,228,17,10,NA,NA,T,NA,NA,NA,NA,20222281710
755,2022228,2005,2022,228,20,5,NA,NA,A,NA,NA,NA,NA,20222282005
756,2022229,1615,2022,229,16,15,NA,NA,T,NA,NA,NA,NA,20222291615
757,2022229,1755,2022,229,17,55,NA,NA,T,NA,NA,NA,NA,20222291755
758,2022229,1905,2022,229,19,5,NA,NA,A,NA,NA,NA,NA,20222291905
759,2022229,2045,2022,229,20,45,NA,NA,A,NA,NA,NA,NA,20222292045
760,2022230,1700,2022,230,17,0,NA,NA,T,NA,NA,NA,NA,20222301700
761,2022230,1945,2022,230,19,45,NA,NA,A,NA,NA,NA,NA,20222301945
762,2022230,1950,2022,230,19,50,NA,NA,A,NA,NA,NA,NA,20222301950
763,2022231,1605,2022,231,16,5,NA,NA,T,NA,NA,NA,NA,20222311605
764,2022231,1740,2022,231,17,40,NA,NA,T,NA,NA,NA,NA,20222311740
765,2022231,2035,2022,231,20,35,NA,NA,A,NA,NA,NA,NA,20222312035
766,2022232,1645,2022,232,16,45,NA,NA,T,NA,NA,NA,NA,20222321645
767,2022232,1940,2022,232,19,40,NA,NA,A,NA,NA,NA,NA,20222321940
768,2022232,2115,2022,232,21,15,NA,NA,A,NA,NA,NA,NA,20222322115
769,2022233,1550,2022,233,15,50,NA,NA,T,NA,NA,NA,NA,20222331550
770,2022233,1730,2022,233,17,30,NA,NA,T,NA,NA,NA,NA,20222331730
771,2022233,2015,2022,233,20,15,NA,NA,A,NA,NA,NA,NA,20222332015
772,2022233,2020,2022,233,20,20,NA,NA,A,NA,NA,NA,NA,20222332020
773,2022234,1635,2022,234,16,35,NA,NA,T,NA,NA,NA,NA,20222341635
774,2022234,1810,2022,234,18,10,NA,NA,T,NA,NA,NA,NA,20222341810
775,2022234,1920,2022,234,19,20,NA,NA,A,NA,NA,NA,NA,20222341920
776,2022234,2100,2022,234,21,0,NA,NA,A,NA,NA,NA,NA,20222342100
777,2022234,2105,2022,234,21,5,NA,NA,A,NA,NA,NA,NA,20222342105
778,2022235,1715,2022,235,17,15,NA,NA,T,NA,NA,NA,NA,20222351715
779,2022235,2005,2022,235,20,5,NA,NA,A,NA,NA,NA,NA,20222352005
780,2022236,1620,2022,236,16,20,NA,NA,T,NA,NA,NA,NA,20222361620
781,2022236,1800,2022,236,18,0,NA,NA,T,NA,NA,NA,NA,20222361800
782,2022236,2045,2022,236,20,45,NA,NA,A,NA,NA,NA,NA,20222362045
783,2022236,2050,2022,236,20,50,NA,NA,A,NA,NA,NA,NA,20222362050
784,2022237,1705,2022,237,17,5,NA,NA,T,NA,NA,NA,NA,20222371705
785,2022237,1950,2022,237,19,50,NA,NA,A,NA,NA,NA,NA,20222371950
786,2022237,1955,2022,237,19,55,NA,NA,A,NA,NA,NA,NA,20222371955
787,2022238,1610,2022,238,16,10,NA,NA,T,NA,NA,NA,NA,20222381610
788,2022238,1745,2022,238,17,45,NA,NA,T,NA,NA,NA,NA,20222381745
789,2022238,1855,2022,238,18,55,NA,NA,A,NA,NA,NA,NA,20222381855
790,2022238,1900,2022,238,19,0,NA,NA,A,NA,NA,NA,NA,20222381900
791,2022238,2035,2022,238,20,35,NA,NA,A,NA,NA,NA,NA,20222382035
792,2022239,1650,2022,239,16,50,NA,NA,T,NA,NA,NA,NA,20222391650
793,2022239,1940,2022,239,19,40,NA,NA,A,NA,NA,NA,NA,20222391940
794,2022240,1555,2022,240,15,55,NA,NA,T,NA,NA,NA,NA,20222401555
795,2022240,1735,2022,240,17,35,NA,NA,T,NA,NA,NA,NA,20222401735
796,2022240,2020,2022,240,20,20,NA,NA,A,NA,NA,NA,NA,20222402020
797,2022240,2025,2022,240,20,25,NA,NA,A,NA,NA,NA,NA,20222402025
798,2022241,1640,2022,241,16,40,NA,NA,T,NA,NA,NA,NA,20222411640
799,2022241,1815,2022,241,18,15,NA,NA,T,NA,NA,NA,NA,20222411815
800,2022241,1925,2022,241,19,25,NA,NA,A,NA,NA,NA,NA,20222411925
801,2022241,1930,2022,241,19,30,NA,NA,A,NA,NA,NA,NA,20222411930
802,2022241,2105,2022,241,21,5,NA,NA,A,NA,NA,NA,NA,20222412105
803,2022242,1545,2022,242,15,45,NA,NA,T,NA,NA,NA,NA,20222421545
804,2022242,1720,2022,242,17,20,NA,NA,T,NA,NA,NA,NA,20222421720
805,2022242,2010,2022,242,20,10,NA,NA,A,NA,NA,NA,NA,20222422010
806,2022243,1625,2022,243,16,25,NA,NA,T,NA,NA,NA,NA,20222431625
807,2022243,1805,2022,243,18,5,NA,NA,T,NA,NA,NA,NA,20222431805
808,2022243,2050,2022,243,20,50,NA,NA,A,NA,NA,NA,NA,20222432050
809,2022243,2055,2022,243,20,55,NA,NA,A,NA,NA,NA,NA,20222432055
810,2022244,1710,2022,244,17,10,NA,NA,T,NA,NA,NA,NA,20222441710
811,2022244,1955,2022,244,19,55,NA,NA,A,NA,NA,NA,NA,20222441955
812,2022244,2000,2022,244,20,0,NA,NA,A,NA,NA,NA,NA,20222442000
813,2022245,1615,2022,245,16,15,NA,NA,T,NA,NA,NA,NA,20222451615
814,2022245,1750,2022,245,17,50,NA,NA,T,NA,NA,NA,NA,20222451750
815,2022245,1905,2022,245,19,5,NA,NA,A,NA,NA,NA,NA,20222451905
816,2022245,2040,2022,245,20,40,NA,NA,A,NA,NA,NA,NA,20222452040
817,2022246,1655,2022,246,16,55,NA,NA,T,NA,NA,NA,NA,20222461655
818,2022246,1945,2022,246,19,45,NA,NA,A,NA,NA,NA,NA,20222461945
819,2022247,1600,2022,247,16,0,NA,NA,T,NA,NA,NA,NA,20222471600
820,2022247,1740,2022,247,17,40,NA,NA,T,NA,NA,NA,NA,20222471740
821,2022247,2025,2022,247,20,25,NA,NA,A,NA,NA,NA,NA,20222472025
822,2022247,2030,2022,247,20,30,NA,NA,A,NA,NA,NA,NA,20222472030
823,2022248,1645,2022,248,16,45,NA,NA,T,NA,NA,NA,NA,20222481645
824,2022248,1935,2022,248,19,35,NA,NA,A,NA,NA,NA,NA,20222481935
825,2022248,2110,2022,248,21,10,NA,NA,A,NA,NA,NA,NA,20222482110
826,2022249,1550,2022,249,15,50,NA,NA,T,NA,NA,NA,NA,20222491550
827,2022249,1730,2022,249,17,30,NA,NA,T,NA,NA,NA,NA,20222491730
828,2022249,2015,2022,249,20,15,NA,NA,A,NA,NA,NA,NA,20222492015
829,2022250,1635,2022,250,16,35,NA,NA,T,NA,NA,NA,NA,20222501635
830,2022250,1810,2022,250,18,10,NA,NA,T,NA,NA,NA,NA,20222501810
831,2022250,2055,2022,250,20,55,NA,NA,A,NA,NA,NA,NA,20222502055
832,2022250,2100,2022,250,21,0,NA,NA,A,NA,NA,NA,NA,20222502100
833,2022251,1715,2022,251,17,15,NA,NA,T,NA,NA,NA,NA,20222511715
834,2022251,2000,2022,251,20,0,NA,NA,A,NA,NA,NA,NA,20222512000
835,2022251,2005,2022,251,20,5,NA,NA,A,NA,NA,NA,NA,20222512005
836,2022252,1620,2022,252,16,20,NA,NA,T,NA,NA,NA,NA,20222521620
837,2022252,1755,2022,252,17,55,NA,NA,T,NA,NA,NA,NA,20222521755
838,2022252,1910,2022,252,19,10,NA,NA,A,NA,NA,NA,NA,20222521910
839,2022252,2045,2022,252,20,45,NA,NA,A,NA,NA,NA,NA,20222522045
840,2022253,1705,2022,253,17,5,19.3375,-99.18296359,T,0.11825,0.088,0.1364,0,20222531705
841,2022253,1945,2022,253,19,45,NA,NA,A,NA,NA,NA,NA,20222531945
842,2022253,1950,2022,253,19,50,NA,NA,A,NA,NA,NA,NA,20222531950
843,2022254,1610,2022,254,16,10,NA,NA,T,NA,NA,NA,NA,20222541610
844,2022254,1745,2022,254,17,45,NA,NA,T,NA,NA,NA,NA,20222541745
845,2022254,2030,2022,254,20,30,NA,NA,A,NA,NA,NA,NA,20222542030
846,2022254,2035,2022,254,20,35,NA,NA,A,NA,NA,NA,NA,20222542035
847,2022255,1650,2022,255,16,50,NA,NA,T,NA,NA,NA,NA,20222551650
848,2022255,1940,2022,255,19,40,NA,NA,A,NA,NA,NA,NA,20222551940
849,2022255,2115,2022,255,21,15,NA,NA,A,NA,NA,NA,NA,20222552115
850,2022256,1555,2022,256,15,55,NA,NA,T,NA,NA,NA,NA,20222561555
851,2022256,1735,2022,256,17,35,NA,NA,T,NA,NA,NA,NA,20222561735
852,2022256,2015,2022,256,20,15,NA,NA,A,NA,NA,NA,NA,20222562015
853,2022256,2020,2022,256,20,20,NA,NA,A,NA,NA,NA,NA,20222562020
854,2022257,1640,2022,257,16,40,NA,NA,T,NA,NA,NA,NA,20222571640
855,2022257,1815,2022,257,18,15,NA,NA,T,NA,NA,NA,NA,20222571815
856,2022257,1920,2022,257,19,20,NA,NA,A,NA,NA,NA,NA,20222571920
857,2022257,2100,2022,257,21,0,NA,NA,A,NA,NA,NA,NA,20222572100
858,2022257,2105,2022,257,21,5,NA,NA,A,NA,NA,NA,NA,20222572105
859,2022258,1545,2022,258,15,45,NA,NA,T,NA,NA,NA,NA,20222581545
860,2022258,1720,2022,258,17,20,NA,NA,T,NA,NA,NA,NA,20222581720
861,2022258,2010,2022,258,20,10,NA,NA,A,NA,NA,NA,NA,20222582010
862,2022259,1625,2022,259,16,25,NA,NA,T,NA,NA,NA,NA,20222591625
863,2022259,1805,2022,259,18,5,NA,NA,T,NA,NA,NA,NA,20222591805
864,2022259,2045,2022,259,20,45,NA,NA,A,NA,NA,NA,NA,20222592045
865,2022259,2050,2022,259,20,50,NA,NA,A,NA,NA,NA,NA,20222592050
866,2022260,1710,2022,260,17,10,NA,NA,T,NA,NA,NA,NA,20222601710
867,2022260,1950,2022,260,19,50,NA,NA,A,NA,NA,NA,NA,20222601950
868,2022260,1955,2022,260,19,55,NA,NA,A,NA,NA,NA,NA,20222601955
869,2022261,1615,2022,261,16,15,NA,NA,T,NA,NA,NA,NA,20222611615
870,2022261,1750,2022,261,17,50,NA,NA,T,NA,NA,NA,NA,20222611750
871,2022261,1855,2022,261,18,55,NA,NA,A,NA,NA,NA,NA,20222611855
872,2022261,1900,2022,261,19,0,NA,NA,A,NA,NA,NA,NA,20222611900
873,2022261,2035,2022,261,20,35,NA,NA,A,NA,NA,NA,NA,20222612035
874,2022262,1655,2022,262,16,55,NA,NA,T,NA,NA,NA,NA,20222621655
875,2022262,1940,2022,262,19,40,NA,NA,A,NA,NA,NA,NA,20222621940
876,2022263,1600,2022,263,16,0,NA,NA,T,NA,NA,NA,NA,20222631600
877,2022263,1740,2022,263,17,40,NA,NA,T,NA,NA,NA,NA,20222631740
878,2022263,2020,2022,263,20,20,NA,NA,A,NA,NA,NA,NA,20222632020
879,2022263,2025,2022,263,20,25,NA,NA,A,NA,NA,NA,NA,20222632025
880,2022264,1645,2022,264,16,45,NA,NA,T,NA,NA,NA,NA,20222641645
881,2022264,1925,2022,264,19,25,NA,NA,A,NA,NA,NA,NA,20222641925
882,2022264,1930,2022,264,19,30,NA,NA,A,NA,NA,NA,NA,20222641930
883,2022264,2105,2022,264,21,5,NA,NA,A,NA,NA,NA,NA,20222642105
884,2022265,1550,2022,265,15,50,NA,NA,T,NA,NA,NA,NA,20222651550
885,2022265,1725,2022,265,17,25,NA,NA,T,NA,NA,NA,NA,20222651725
886,2022265,2010,2022,265,20,10,NA,NA,A,NA,NA,NA,NA,20222652010
887,2022266,1630,2022,266,16,30,NA,NA,T,NA,NA,NA,NA,20222661630
888,2022266,1810,2022,266,18,10,NA,NA,T,NA,NA,NA,NA,20222661810
889,2022266,2050,2022,266,20,50,NA,NA,A,NA,NA,NA,NA,20222662050
890,2022266,2055,2022,266,20,55,NA,NA,A,NA,NA,NA,NA,20222662055
891,2022267,1715,2022,267,17,15,NA,NA,T,NA,NA,NA,NA,20222671715
892,2022267,1955,2022,267,19,55,NA,NA,A,NA,NA,NA,NA,20222671955
893,2022267,2000,2022,267,20,0,NA,NA,A,NA,NA,NA,NA,20222672000
894,2022268,1620,2022,268,16,20,NA,NA,T,NA,NA,NA,NA,20222681620
895,2022268,1755,2022,268,17,55,NA,NA,T,NA,NA,NA,NA,20222681755
896,2022268,1905,2022,268,19,5,NA,NA,A,NA,NA,NA,NA,20222681905
897,2022268,2040,2022,268,20,40,NA,NA,A,NA,NA,NA,NA,20222682040
898,2022269,1705,2022,269,17,5,NA,NA,T,NA,NA,NA,NA,20222691705
899,2022269,1945,2022,269,19,45,NA,NA,A,NA,NA,NA,NA,20222691945
900,2022270,1605,2022,270,16,5,NA,NA,T,NA,NA,NA,NA,20222701605
901,2022270,1745,2022,270,17,45,NA,NA,T,NA,NA,NA,NA,20222701745
902,2022270,2025,2022,270,20,25,NA,NA,A,NA,NA,NA,NA,20222702025
903,2022270,2030,2022,270,20,30,NA,NA,A,NA,NA,NA,NA,20222702030
904,2022271,1650,2022,271,16,50,NA,NA,T,NA,NA,NA,NA,20222711650
905,2022271,1935,2022,271,19,35,NA,NA,A,NA,NA,NA,NA,20222711935
906,2022271,2110,2022,271,21,10,NA,NA,A,NA,NA,NA,NA,20222712110
907,2022272,1555,2022,272,15,55,NA,NA,T,NA,NA,NA,NA,20222721555
908,2022272,1735,2022,272,17,35,NA,NA,T,NA,NA,NA,NA,20222721735
909,2022272,2015,2022,272,20,15,NA,NA,A,NA,NA,NA,NA,20222722015
910,2022273,1640,2022,273,16,40,19.3375,-99.18296359,T,0.45025,0.336,0.0488,0,20222731640
911,2022273,1815,2022,273,18,15,NA,NA,T,NA,NA,NA,NA,20222731815
912,2022273,1915,2022,273,19,15,NA,NA,A,NA,NA,NA,NA,20222731915
913,2022273,2055,2022,273,20,55,19.3375,-99.18296359,A,0.50025,0.37375,0.0108,0,20222732055
914,2022273,2100,2022,273,21,0,NA,NA,A,NA,NA,NA,NA,20222732100
915,2022274,1540,2022,274,15,40,NA,NA,T,NA,NA,NA,NA,20222741540
916,2022274,1720,2022,274,17,20,19.3375,-99.18296359,T,0.2165,0.1615,0.0604,0,20222741720
917,2022274,2005,2022,274,20,5,19.3375,-99.18296359,A,0.4475,0.33375,0.0773,0,20222742005
918,2022275,1625,2022,275,16,25,19.3375,-99.18296359,T,0.396,0.29575,0.0193,0,20222751625
919,2022275,1800,2022,275,18,0,NA,NA,T,NA,NA,NA,NA,20222751800
920,2022275,1910,2022,275,19,10,NA,NA,A,NA,NA,NA,NA,20222751910
921,2022275,2045,2022,275,20,45,NA,NA,A,NA,NA,NA,NA,20222752045
922,2022276,1710,2022,276,17,10,19.3375,-99.18296359,T,0.29,0.2165,0.085,0,20222761710
923,2022276,1945,2022,276,19,45,NA,NA,A,NA,NA,NA,NA,20222761945
924,2022276,1950,2022,276,19,50,19.3375,-99.18296359,A,0.627,0.4685,0.0485,0,20222761950
925,2022277,1615,2022,277,16,15,NA,NA,T,NA,NA,NA,NA,20222771615
926,2022277,1750,2022,277,17,50,NA,NA,T,NA,NA,NA,NA,20222771750
927,2022277,2035,2022,277,20,35,NA,NA,A,NA,NA,NA,NA,20222772035
928,2022278,1655,2022,278,16,55,NA,NA,T,NA,NA,NA,NA,20222781655
929,2022278,1940,2022,278,19,40,NA,NA,A,NA,NA,NA,NA,20222781940
930,2022278,2115,2022,278,21,15,NA,NA,A,NA,NA,NA,NA,20222782115
931,2022279,1600,2022,279,16,0,NA,NA,T,NA,NA,NA,NA,20222791600
932,2022279,1740,2022,279,17,40,NA,NA,T,NA,NA,NA,NA,20222791740
933,2022279,2015,2022,279,20,15,NA,NA,A,NA,NA,NA,NA,20222792015
934,2022279,2020,2022,279,20,20,NA,NA,A,NA,NA,NA,NA,20222792020
935,2022280,1645,2022,280,16,45,NA,NA,T,NA,NA,NA,NA,20222801645
936,2022280,1920,2022,280,19,20,NA,NA,A,NA,NA,NA,NA,20222801920
937,2022280,1925,2022,280,19,25,NA,NA,A,NA,NA,NA,NA,20222801925
938,2022280,2105,2022,280,21,5,NA,NA,A,NA,NA,NA,NA,20222802105
939,2022281,1550,2022,281,15,50,NA,NA,T,NA,NA,NA,NA,20222811550
940,2022281,1725,2022,281,17,25,NA,NA,T,NA,NA,NA,NA,20222811725
941,2022281,2005,2022,281,20,5,NA,NA,A,NA,NA,NA,NA,20222812005
942,2022282,1630,2022,282,16,30,NA,NA,T,NA,NA,NA,NA,20222821630
943,2022282,1805,2022,282,18,5,NA,NA,T,NA,NA,NA,NA,20222821805
944,2022282,2045,2022,282,20,45,NA,NA,A,NA,NA,NA,NA,20222822045
945,2022282,2050,2022,282,20,50,NA,NA,A,NA,NA,NA,NA,20222822050
946,2022283,1950,2022,283,19,50,NA,NA,A,NA,NA,NA,NA,20222831950
947,2022283,1955,2022,283,19,55,NA,NA,A,NA,NA,NA,NA,20222831955
948,2022284,1855,2022,284,18,55,NA,NA,A,NA,NA,NA,NA,20222841855
949,2022284,2035,2022,284,20,35,NA,NA,A,NA,NA,NA,NA,20222842035
950,2022285,1940,2022,285,19,40,NA,NA,A,NA,NA,NA,NA,20222851940
951,2022285,1940,2022,285,19,40,NA,NA,A,NA,NA,NA,NA,20222851940
952,2022286,2020,2022,286,20,20,NA,NA,A,NA,NA,NA,NA,20222862020
953,2022286,2025,2022,286,20,25,19.3375,-99.18296359,A,0.442,0.33,0.0487,0,20222862025
954,2022287,1925,2022,287,19,25,NA,NA,A,NA,NA,NA,NA,20222871925
955,2022287,1930,2022,287,19,30,NA,NA,A,NA,NA,NA,NA,20222871930
956,2022287,2105,2022,287,21,5,NA,NA,A,NA,NA,NA,NA,20222872105
957,2022288,2010,2022,288,20,10,19.3375,-99.18296359,A,0.495,0.36975,0.0728,0,20222882010
958,2022289,2050,2022,289,20,50,NA,NA,A,NA,NA,NA,NA,20222892050
959,2022289,2055,2022,289,20,55,NA,NA,A,NA,NA,NA,NA,20222892055
960,2022290,2000,2022,290,20,0,NA,NA,A,NA,NA,NA,NA,20222902000
961,2022291,1900,2022,291,19,0,NA,NA,A,NA,NA,NA,NA,20222911900
962,2022291,2040,2022,291,20,40,NA,NA,A,NA,NA,NA,NA,20222912040
963,2022292,1940,2022,292,19,40,NA,NA,A,NA,NA,NA,NA,20222921940
964,2022292,1945,2022,292,19,45,NA,NA,A,NA,NA,NA,NA,20222921945
965,2022293,2030,2022,293,20,30,NA,NA,A,NA,NA,NA,NA,20222932030
966,2022294,1930,2022,294,19,30,NA,NA,A,NA,NA,NA,NA,20222941930
967,2022294,2110,2022,294,21,10,NA,NA,A,NA,NA,NA,NA,20222942110
968,2022295,2010,2022,295,20,10,NA,NA,A,NA,NA,NA,NA,20222952010
969,2022295,2015,2022,295,20,15,NA,NA,A,NA,NA,NA,NA,20222952015
970,2022296,1915,2022,296,19,15,NA,NA,A,NA,NA,NA,NA,20222961915
971,2022296,1920,2022,296,19,20,19.3375,-99.18296359,A,0.61475,0.45925,0.0093,0,20222961920
972,2022296,2100,2022,296,21,0,NA,NA,A,NA,NA,NA,NA,20222962100
973,2022297,1710,2022,297,17,10,19.32916666,-99.18673365,T,0.314,0.2345,0.0362,0,20222971710
974,2022297,2000,2022,297,20,0,NA,NA,A,NA,NA,NA,NA,20222972000
975,2022298,1615,2022,298,16,15,NA,NA,T,NA,NA,NA,NA,20222981615
976,2022298,1750,2022,298,17,50,NA,NA,T,NA,NA,NA,NA,20222981750
977,2022298,2040,2022,298,20,40,NA,NA,A,NA,NA,NA,NA,20222982040
978,2022298,2045,2022,298,20,45,NA,NA,A,NA,NA,NA,NA,20222982045
979,2022299,1655,2022,299,16,55,NA,NA,T,NA,NA,NA,NA,20222991655
980,2022299,1945,2022,299,19,45,NA,NA,A,NA,NA,NA,NA,20222991945
981,2022299,1950,2022,299,19,50,NA,NA,A,NA,NA,NA,NA,20222991950
982,2022300,1600,2022,300,16,0,NA,NA,T,NA,NA,NA,NA,20223001600
983,2022300,1735,2022,300,17,35,NA,NA,T,NA,NA,NA,NA,20223001735
984,2022300,2030,2022,300,20,30,NA,NA,A,NA,NA,NA,NA,20223002030
985,2022301,1640,2022,301,16,40,19.3375,-99.18296359,T,0.57575,0.43,0.0439,0,20223011640
986,2022301,1935,2022,301,19,35,NA,NA,A,NA,NA,NA,NA,20223011935
987,2022301,2115,2022,301,21,15,NA,NA,A,NA,NA,NA,NA,20223012115
988,2022302,1545,2022,302,15,45,NA,NA,T,NA,NA,NA,NA,20223021545
989,2022302,1720,2022,302,17,20,NA,NA,T,NA,NA,NA,NA,20223021720
990,2022302,2015,2022,302,20,15,NA,NA,A,NA,NA,NA,NA,20223022015
991,2022302,2020,2022,302,20,20,NA,NA,A,NA,NA,NA,NA,20223022020
992,2022303,1625,2022,303,16,25,NA,NA,T,NA,NA,NA,NA,20223031625
993,2022303,1800,2022,303,18,0,NA,NA,T,NA,NA,NA,NA,20223031800
994,2022303,1925,2022,303,19,25,NA,NA,A,NA,NA,NA,NA,20223031925
995,2022303,2100,2022,303,21,0,NA,NA,A,NA,NA,NA,NA,20223032100
996,2022304,1705,2022,304,17,5,NA,NA,T,NA,NA,NA,NA,20223041705
997,2022304,2005,2022,304,20,5,NA,NA,A,NA,NA,NA,NA,20223042005
998,2022307,1555,2022,307,15,55,NA,NA,T,NA,NA,NA,NA,20223071555
999,2022307,1730,2022,307,17,30,NA,NA,T,NA,NA,NA,NA,20223071730
1000,2022307,2030,2022,307,20,30,NA,NA,A,NA,NA,NA,NA,20223072030
1001,2022307,2035,2022,307,20,35,NA,NA,A,NA,NA,NA,NA,20223072035
1002,2022308,1635,2022,308,16,35,19.3375,-99.18296359,T,0.3835,0.28675,0.0306,0,20223081635
1003,2022308,1810,2022,308,18,10,NA,NA,T,NA,NA,NA,NA,20223081810
1004,2022308,1935,2022,308,19,35,NA,NA,A,NA,NA,NA,NA,20223081935
1005,2022308,1940,2022,308,19,40,NA,NA,A,NA,NA,NA,NA,20223081940
1006,2022309,1715,2022,309,17,15,19.3375,-99.18296359,T,0.267,0.199,0.0364,0,20223091715
1007,2022309,2020,2022,309,20,20,NA,NA,A,NA,NA,NA,NA,20223092020
1008,2022310,1620,2022,310,16,20,19.3375,-99.18296359,T,0.41975,0.3135,0.0202,0,20223101620
1009,2022310,1755,2022,310,17,55,NA,NA,T,NA,NA,NA,NA,20223101755
1010,2022310,2100,2022,310,21,0,NA,NA,A,NA,NA,NA,NA,20223102100
1011,2022310,2105,2022,310,21,5,NA,NA,A,NA,NA,NA,NA,20223102105
1012,2022311,1700,2022,311,17,0,19.3375,-99.18296359,T,0.05525,0.04075,0.0586,0,20223111700
1013,2022311,2005,2022,311,20,5,NA,NA,A,NA,NA,NA,NA,20223112005
1014,2022311,2010,2022,311,20,10,19.3375,-99.18296359,A,0.2175,0.1625,0.0493,0,20223112010
1015,2022312,1600,2022,312,16,0,NA,NA,T,NA,NA,NA,NA,20223121600
1016,2022312,1740,2022,312,17,40,19.3375,-99.18296359,T,0.0705,0.0525,0.0108,0,20223121740
1017,2022312,1910,2022,312,19,10,NA,NA,A,NA,NA,NA,NA,20223121910
1018,2022312,1915,2022,312,19,15,NA,NA,A,NA,NA,NA,NA,20223121915
1019,2022312,2050,2022,312,20,50,NA,NA,A,NA,NA,NA,NA,20223122050
1020,2022313,1645,2022,313,16,45,19.3375,-99.18296359,T,0.128,0.0955,0.0423,0,20223131645
1021,2022313,1955,2022,313,19,55,19.3375,-99.18296359,A,0.1005,0.075,0.0369,0,20223131955
1022,2022314,1545,2022,314,15,45,NA,NA,T,NA,NA,NA,NA,20223141545
1023,2022314,1725,2022,314,17,25,19.3375,-99.18296359,T,0.09,0.06725,0.021,0,20223141725
1024,2022314,2035,2022,314,20,35,NA,NA,A,NA,NA,NA,NA,20223142035
1025,2022314,2040,2022,314,20,40,19.3375,-99.18296359,A,0.23175,0.17275,0.0236,0,20223142040
1026,2022315,1630,2022,315,16,30,19.3375,-99.18296359,T,0.16325,0.122,0.0232,0,20223151630
1027,2022315,1805,2022,315,18,5,NA,NA,T,NA,NA,NA,NA,20223151805
1028,2022315,1945,2022,315,19,45,19.3375,-99.18296359,A,0.33375,0.24925,0.0183,0,20223151945
1029,2022316,1710,2022,316,17,10,NA,NA,T,NA,NA,NA,NA,20223161710
1030,2022316,2025,2022,316,20,25,NA,NA,A,NA,NA,NA,NA,20223162025
1031,2022317,1610,2022,317,16,10,NA,NA,T,NA,NA,NA,NA,20223171610
1032,2022317,1750,2022,317,17,50,NA,NA,T,NA,NA,NA,NA,20223171750
1033,2022317,1925,2022,317,19,25,NA,NA,A,NA,NA,NA,NA,20223171925
1034,2022317,2105,2022,317,21,5,19.3375,-99.18296359,A,0.5035,0.37625,0.01,0,20223172105
1035,2022317,2110,2022,317,21,10,NA,NA,A,NA,NA,NA,NA,20223172110
1036,2022318,1655,2022,318,16,55,19.3375,-99.18296359,T,0.32475,0.24275,0.0551,0,20223181655
1037,2022318,2015,2022,318,20,15,NA,NA,A,NA,NA,NA,NA,20223182015
1038,2022319,1555,2022,319,15,55,NA,NA,T,NA,NA,NA,NA,20223191555
1039,2022319,1735,2022,319,17,35,19.3375,-99.18296359,T,0.40275,0.301,0.0126,0,20223191735
1040,2022319,1915,2022,319,19,15,NA,NA,A,NA,NA,NA,NA,20223191915
1041,2022319,2055,2022,319,20,55,NA,NA,A,NA,NA,NA,NA,20223192055
1042,2022320,1635,2022,320,16,35,19.3375,-99.18296359,T,0.317,0.237,0.0323,0,20223201635
1043,2022320,1815,2022,320,18,15,NA,NA,T,NA,NA,NA,NA,20223201815
1044,2022320,1955,2022,320,19,55,NA,NA,A,NA,NA,NA,NA,20223201955
1045,2022320,2000,2022,320,20,0,19.3375,-99.18296359,A,0.31575,0.23575,0.0441,0,20223202000
1046,2022321,1540,2022,321,15,40,NA,NA,T,NA,NA,NA,NA,20223211540
1047,2022321,1720,2022,321,17,20,19.3375,-99.18296359,T,0.517,0.38625,0.0289,0,20223211720
1048,2022321,1900,2022,321,19,0,NA,NA,A,NA,NA,NA,NA,20223211900
1049,2022321,1905,2022,321,19,5,NA,NA,A,NA,NA,NA,NA,20223211905
1050,2022321,2045,2022,321,20,45,NA,NA,A,NA,NA,NA,NA,20223212045
1051,2022322,1620,2022,322,16,20,19.3375,-99.18296359,T,0.72,0.538,0.0191,0,20223221620
1052,2022322,1800,2022,322,18,0,NA,NA,T,NA,NA,NA,NA,20223221800
1053,2022322,1945,2022,322,19,45,NA,NA,A,NA,NA,NA,NA,20223221945
1054,2022323,1705,2022,323,17,5,NA,NA,T,NA,NA,NA,NA,20223231705
1055,2022323,2025,2022,323,20,25,NA,NA,A,NA,NA,NA,NA,20223232025
1056,2022323,2030,2022,323,20,30,NA,NA,A,NA,NA,NA,NA,20223232030
1057,2022324,1605,2022,324,16,5,NA,NA,T,NA,NA,NA,NA,20223241605
1058,2022324,1745,2022,324,17,45,NA,NA,T,NA,NA,NA,NA,20223241745
1059,2022324,1930,2022,324,19,30,NA,NA,A,NA,NA,NA,NA,20223241930
1060,2022324,1935,2022,324,19,35,NA,NA,A,NA,NA,NA,NA,20223241935
1061,2022324,2110,2022,324,21,10,NA,NA,A,NA,NA,NA,NA,20223242110
1062,2022325,1645,2022,325,16,45,19.3375,-99.18296359,T,0.40025,0.299,0.0456,0,20223251645
1063,2022325,2015,2022,325,20,15,NA,NA,A,NA,NA,NA,NA,20223252015
1064,2022326,1550,2022,326,15,50,NA,NA,T,NA,NA,NA,NA,20223261550
1065,2022326,1730,2022,326,17,30,19.3375,-99.17413201,T,0.364,0.272,0.0201,0,20223261730
1066,2022326,2055,2022,326,20,55,NA,NA,A,NA,NA,NA,NA,20223262055
1067,2022326,2100,2022,326,21,0,NA,NA,A,NA,NA,NA,NA,20223262100
1068,2022327,1630,2022,327,16,30,19.3375,-99.18296359,T,0.52375,0.3915,0.024,0,20223271630
1069,2022327,1805,2022,327,18,5,NA,NA,T,NA,NA,NA,NA,20223271805
1070,2022327,2000,2022,327,20,0,NA,NA,A,NA,NA,NA,NA,20223272000
1071,2022327,2005,2022,327,20,5,NA,NA,A,NA,NA,NA,NA,20223272005
1072,2022328,1710,2022,328,17,10,19.3375,-99.17413201,T,0.6125,0.4575,0.0543,0,20223281710
1073,2022328,1910,2022,328,19,10,NA,NA,A,NA,NA,NA,NA,20223281910
1074,2022328,2045,2022,328,20,45,NA,NA,A,NA,NA,NA,NA,20223282045
1075,2022329,1615,2022,329,16,15,NA,NA,T,NA,NA,NA,NA,20223291615
1076,2022329,1750,2022,329,17,50,NA,NA,T,NA,NA,NA,NA,20223291750
1077,2022329,1945,2022,329,19,45,NA,NA,A,NA,NA,NA,NA,20223291945
1078,2022329,1950,2022,329,19,50,NA,NA,A,NA,NA,NA,NA,20223291950
1079,2022330,1655,2022,330,16,55,NA,NA,T,NA,NA,NA,NA,20223301655
1080,2022330,2030,2022,330,20,30,NA,NA,A,NA,NA,NA,NA,20223302030
1081,2022330,2035,2022,330,20,35,NA,NA,A,NA,NA,NA,NA,20223302035
1082,2022331,1600,2022,331,16,0,NA,NA,T,NA,NA,NA,NA,20223311600
1083,2022331,1735,2022,331,17,35,19.3375,-99.18296359,T,0.4965,0.371,0.0099,0,20223311735
1084,2022331,1940,2022,331,19,40,NA,NA,A,NA,NA,NA,NA,20223311940
1085,2022331,2115,2022,331,21,15,NA,NA,A,NA,NA,NA,NA,20223312115
1086,2022332,1640,2022,332,16,40,19.3375,-99.18296359,T,0.3925,0.2935,0.0355,0,20223321640
1087,2022332,2015,2022,332,20,15,NA,NA,A,NA,NA,NA,NA,20223322015
1088,2022332,2020,2022,332,20,20,NA,NA,A,NA,NA,NA,NA,20223322020
1089,2022333,1545,2022,333,15,45,NA,NA,T,NA,NA,NA,NA,20223331545
1090,2022333,1720,2022,333,17,20,NA,NA,T,NA,NA,NA,NA,20223331720
1091,2022333,1920,2022,333,19,20,NA,NA,A,NA,NA,NA,NA,20223331920
1092,2022333,1925,2022,333,19,25,NA,NA,A,NA,NA,NA,NA,20223331925
1093,2022333,2105,2022,333,21,5,NA,NA,A,NA,NA,NA,NA,20223332105
1094,2022334,1625,2022,334,16,25,19.3375,-99.18296359,T,0.146,0.10875,0.0203,0,20223341625
1095,2022334,1800,2022,334,18,0,NA,NA,T,NA,NA,NA,NA,20223341800
1096,2022334,2005,2022,334,20,5,NA,NA,A,NA,NA,NA,NA,20223342005
1097,2022335,1705,2022,335,17,5,19.3375,-99.17413201,T,0.022,0.016,0.0783,0,20223351705
1098,2022335,2045,2022,335,20,45,NA,NA,A,NA,NA,NA,NA,20223352045
1099,2022335,2050,2022,335,20,50,19.3375,-99.18296359,A,0.35975,0.2685,0.0212,0,20223352050
1100,2022336,1610,2022,336,16,10,NA,NA,T,NA,NA,NA,NA,20223361610
1101,2022336,1745,2022,336,17,45,NA,NA,T,NA,NA,NA,NA,20223361745
1102,2022336,1950,2022,336,19,50,NA,NA,A,NA,NA,NA,NA,20223361950
1103,2022336,1955,2022,336,19,55,19.3375,-99.18296359,A,0.27825,0.20775,0.0294,0,20223361955
1104,2022337,1650,2022,337,16,50,19.3375,-99.18296359,T,0.06575,0.049,0.0554,0,20223371650
1105,2022337,2035,2022,337,20,35,NA,NA,A,NA,NA,NA,NA,20223372035
1106,2022338,1555,2022,338,15,55,NA,NA,T,NA,NA,NA,NA,20223381555
1107,2022338,1730,2022,338,17,30,19.3375,-99.18296359,T,0.04675,0.03475,0.0122,0,20223381730
1108,2022338,1940,2022,338,19,40,19.3375,-99.18296359,A,0.10275,0.07675,0.0137,0,20223381940
1109,2022339,1635,2022,339,16,35,19.3375,-99.18296359,T,0.13,0.097,0.0252,0,20223391635
1110,2022339,1810,2022,339,18,10,NA,NA,T,NA,NA,NA,NA,20223391810
1111,2022339,2020,2022,339,20,20,NA,NA,A,NA,NA,NA,NA,20223392020
1112,2022339,2025,2022,339,20,25,19.3375,-99.18296359,A,0.33025,0.2465,0.034,0,20223392025
1113,2022340,1715,2022,340,17,15,19.3375,-99.18296359,T,0.07975,0.05925,0.0238,0,20223401715
1114,2022340,1930,2022,340,19,30,19.3375,-99.18296359,A,0.3005,0.2245,0.0078,0,20223401930
1115,2022340,2105,2022,340,21,5,NA,NA,A,NA,NA,NA,NA,20223402105
1116,2022341,1620,2022,341,16,20,19.3375,-99.18296359,T,0.1355,0.10125,0.0233,0,20223411620
1117,2022341,1755,2022,341,17,55,NA,NA,T,NA,NA,NA,NA,20223411755
1118,2022341,2010,2022,341,20,10,19.3375,-99.18296359,A,0.23725,0.17725,0.0445,0,20223412010
1119,2022342,1700,2022,342,17,0,19.3375,-99.18296359,T,0.10075,0.07525,0.047,0,20223421700
1120,2022342,1910,2022,342,19,10,NA,NA,A,NA,NA,NA,NA,20223421910
1121,2022342,2050,2022,342,20,50,NA,NA,A,NA,NA,NA,NA,20223422050
1122,2022342,2055,2022,342,20,55,NA,NA,A,NA,NA,NA,NA,20223422055
1123,2022343,1605,2022,343,16,5,NA,NA,T,NA,NA,NA,NA,20223431605
1124,2022343,1740,2022,343,17,40,19.3375,-99.18296359,T,0.4755,0.355,0.0078,0,20223431740
1125,2022343,2000,2022,343,20,0,19.3375,-99.18296359,A,0.30975,0.2315,0.0326,0,20223432000
1126,2022344,1645,2022,344,16,45,19.3375,-99.18296359,T,0.20525,0.15325,0.0394,0,20223441645
1127,2022344,2035,2022,344,20,35,NA,NA,A,NA,NA,NA,NA,20223442035
1128,2022344,2040,2022,344,20,40,NA,NA,A,NA,NA,NA,NA,20223442040
1129,2022345,1545,2022,345,15,45,NA,NA,T,NA,NA,NA,NA,20223451545
1130,2022345,1725,2022,345,17,25,19.3375,-99.18296359,T,0.08375,0.0625,0.0153,0,20223451725
1131,2022345,1940,2022,345,19,40,NA,NA,A,NA,NA,NA,NA,20223451940
1132,2022345,1945,2022,345,19,45,19.3375,-99.18296359,A,0.2265,0.16925,0.0165,0,20223451945
1133,2022346,1630,2022,346,16,30,19.3375,-99.18296359,T,0.2105,0.15725,0.0239,0,20223461630
1134,2022346,1805,2022,346,18,5,NA,NA,T,NA,NA,NA,NA,20223461805
1135,2022346,2025,2022,346,20,25,19.3375,-99.18296359,A,0.4265,0.31875,0.0351,0,20223462025
1136,2022347,1710,2022,347,17,10,19.3375,-99.18296359,T,0.22075,0.165,0.0347,0,20223471710
1137,2022347,1930,2022,347,19,30,19.3375,-99.18296359,A,0.4625,0.3455,0.0093,0,20223471930
1138,2022347,2110,2022,347,21,10,NA,NA,A,NA,NA,NA,NA,20223472110
1139,2022348,1610,2022,348,16,10,NA,NA,T,NA,NA,NA,NA,20223481610
1140,2022348,1750,2022,348,17,50,NA,NA,T,NA,NA,NA,NA,20223481750
1141,2022348,2010,2022,348,20,10,NA,NA,A,NA,NA,NA,NA,20223482010
1142,2022348,2015,2022,348,20,15,19.3375,-99.18296359,A,0.0735,0.055,0.0499,0,20223482015
1143,2022349,1655,2022,349,16,55,19.3375,-99.18296359,T,0.16675,0.124,0.0479,0,20223491655
1144,2022349,1920,2022,349,19,20,NA,NA,A,NA,NA,NA,NA,20223491920
1145,2022349,2055,2022,349,20,55,NA,NA,A,NA,NA,NA,NA,20223492055
1146,2022350,1555,2022,350,15,55,NA,NA,T,NA,NA,NA,NA,20223501555
1147,2022350,1735,2022,350,17,35,19.3375,-99.18296359,T,0.1655,0.1235,0.0099,0,20223501735
1148,2022350,2000,2022,350,20,0,19.3375,-99.18296359,A,0.202,0.15075,0.0379,0,20223502000
1149,2022351,1635,2022,351,16,35,19.3375,-99.18296359,T,0.23175,0.173,0.0334,0,20223511635
1150,2022351,1900,2022,351,19,0,NA,NA,A,NA,NA,NA,NA,20223511900
1151,2022351,2040,2022,351,20,40,NA,NA,A,NA,NA,NA,NA,20223512040
1152,2022351,2045,2022,351,20,45,NA,NA,A,NA,NA,NA,NA,20223512045
1153,2022352,1540,2022,352,15,40,NA,NA,T,NA,NA,NA,NA,20223521540
1154,2022352,1720,2022,352,17,20,NA,NA,T,NA,NA,NA,NA,20223521720
1155,2022352,1950,2022,352,19,50,NA,NA,A,NA,NA,NA,NA,20223521950
1156,2022353,1620,2022,353,16,20,19.3375,-99.18296359,T,0.19025,0.142,0.0216,0,20223531620
1157,2022353,1800,2022,353,18,0,NA,NA,T,NA,NA,NA,NA,20223531800
1158,2022353,2025,2022,353,20,25,NA,NA,A,NA,NA,NA,NA,20223532025
1159,2022353,2030,2022,353,20,30,19.3375,-99.18296359,A,0.3445,0.257,0.0321,0,20223532030
1160,2022354,1705,2022,354,17,5,19.3375,-99.18296359,T,0.21225,0.1585,0.0419,0,20223541705
1161,2022354,1930,2022,354,19,30,NA,NA,A,NA,NA,NA,NA,20223541930
1162,2022354,2110,2022,354,21,10,19.3375,-99.18296359,A,0.478,0.357,0.0107,0,20223542110
1163,2022354,2115,2022,354,21,15,NA,NA,A,NA,NA,NA,NA,20223542115
1164,2022355,1605,2022,355,16,5,NA,NA,T,NA,NA,NA,NA,20223551605
1165,2022355,1745,2022,355,17,45,19.3375,-99.17413201,T,0.363,0.271,0.007,0,20223551745
1166,2022355,2015,2022,355,20,15,NA,NA,A,NA,NA,NA,NA,20223552015
1167,2022356,1645,2022,356,16,45,19.3375,-99.18296359,T,0.1925,0.1435,0.0466,0,20223561645
1168,2022356,2055,2022,356,20,55,19.3375,-99.18296359,A,0.356,0.26575,0.0065,0,20223562055
1169,2022356,2100,2022,356,21,0,NA,NA,A,NA,NA,NA,NA,20223562100
1170,2022357,1550,2022,357,15,50,NA,NA,T,NA,NA,NA,NA,20223571550
1171,2022357,1730,2022,357,17,30,19.3375,-99.18296359,T,0.478,0.357,0.0124,0,20223571730
1172,2022357,2000,2022,357,20,0,NA,NA,A,NA,NA,NA,NA,20223572000
1173,2022357,2005,2022,357,20,5,NA,NA,A,NA,NA,NA,NA,20223572005
1174,2022358,1630,2022,358,16,30,NA,NA,T,NA,NA,NA,NA,20223581630
1175,2022358,1805,2022,358,18,5,NA,NA,T,NA,NA,NA,NA,20223581805
1176,2022358,1905,2022,358,19,5,NA,NA,A,NA,NA,NA,NA,20223581905
1177,2022358,1910,2022,358,19,10,NA,NA,A,NA,NA,NA,NA,20223581910
1178,2022358,2045,2022,358,20,45,NA,NA,A,NA,NA,NA,NA,20223582045
1179,2022359,1710,2022,359,17,10,NA,NA,T,NA,NA,NA,NA,20223591710
1180,2022359,1950,2022,359,19,50,NA,NA,A,NA,NA,NA,NA,20223591950
1181,2022360,1615,2022,360,16,15,NA,NA,T,NA,NA,NA,NA,20223601615
1182,2022360,1750,2022,360,17,50,NA,NA,T,NA,NA,NA,NA,20223601750
1183,2022360,2030,2022,360,20,30,NA,NA,A,NA,NA,NA,NA,20223602030
1184,2022360,2035,2022,360,20,35,NA,NA,A,NA,NA,NA,NA,20223602035
1185,2022361,1655,2022,361,16,55,19.3375,-99.18296359,T,0.34,0.254,0.0436,0,20223611655
1186,2022361,1940,2022,361,19,40,19.3375,-99.18296359,A,0.50725,0.379,0.0125,0,20223611940
1187,2022361,2115,2022,361,21,15,NA,NA,A,NA,NA,NA,NA,20223612115
1188,2022362,1600,2022,362,16,0,NA,NA,T,NA,NA,NA,NA,20223621600
1189,2022362,1735,2022,362,17,35,19.3375,-99.18296359,T,0.1515,0.113,0.0082,0,20223621735
1190,2022362,2015,2022,362,20,15,NA,NA,A,NA,NA,NA,NA,20223622015
1191,2022362,2020,2022,362,20,20,NA,NA,A,NA,NA,NA,NA,20223622020
1192,2022363,1640,2022,363,16,40,NA,NA,T,NA,NA,NA,NA,20223631640
1193,2022363,1920,2022,363,19,20,NA,NA,A,NA,NA,NA,NA,20223631920
1194,2022363,2100,2022,363,21,0,NA,NA,A,NA,NA,NA,NA,20223632100
1195,2022363,2105,2022,363,21,5,NA,NA,A,NA,NA,NA,NA,20223632105
1196,2022364,1545,2022,364,15,45,NA,NA,T,NA,NA,NA,NA,20223641545
1197,2022364,1720,2022,364,17,20,NA,NA,T,NA,NA,NA,NA,20223641720
1198,2022364,2010,2022,364,20,10,NA,NA,A,NA,NA,NA,NA,20223642010
1199,2022365,1625,2022,365,16,25,NA,NA,T,NA,NA,NA,NA,20223651625
1200,2022365,1800,2022,365,18,0,NA,NA,T,NA,NA,NA,NA,20223651800
1201,2022365,2045,2022,365,20,45,NA,NA,A,NA,NA,NA,NA,20223652045
1202,2022365,2050,2022,365,20,50,NA,NA,A,NA,NA,NA,NA,20223652050
