,date,hora,Year,DOY,Hour,Minute,Lat,Lon,AOD_Type,AOD_047,AOD_055,AOD_Uncertainty,QA_AOD,timestamp
1,2015001,1240,2015,1,12,40,NA,NA,T,NA,NA,NA,NA,20150011240
2,2015001,1415,2015,1,14,15,NA,NA,T,NA,NA,NA,NA,20150011415
3,2015001,1700,2015,1,17,0,NA,NA,A,NA,NA,NA,NA,20150011700
4,2015002,1320,2015,2,13,20,NA,NA,T,NA,NA,NA,NA,20150021320
5,2015002,1605,2015,2,16,5,NA,NA,A,NA,NA,NA,NA,20150021605
6,2015002,1745,2015,2,17,45,NA,NA,A,NA,NA,NA,NA,20150021745
7,2015003,1225,2015,3,12,25,NA,NA,T,NA,NA,NA,NA,20150031225
8,2015003,1405,2015,3,14,5,NA,NA,T,NA,NA,NA,NA,20150031405
9,2015003,1650,2015,3,16,50,NA,NA,A,NA,NA,NA,NA,20150031650
10,2015003,1825,2015,3,18,25,NA,NA,A,NA,NA,NA,NA,20150031825
11,2015004,1310,2015,4,13,10,NA,NA,T,NA,NA,NA,NA,20150041310
12,2015004,1450,2015,4,14,50,NA,NA,T,NA,NA,NA,NA,20150041450
13,2015004,1550,2015,4,15,50,NA,NA,A,NA,NA,NA,NA,20150041550
14,2015004,1730,2015,4,17,30,NA,NA,A,NA,NA,NA,NA,20150041730
15,2015005,1350,2015,5,13,50,-23.55416666,-46.73100119,T,0.28967,0.20067,0.0209,0,20150051350
16,2015005,1635,2015,5,16,35,NA,NA,A,NA,NA,NA,NA,20150051635
17,2015005,1810,2015,5,18,10,NA,NA,A,NA,NA,NA,NA,20150051810
18,2015006,1255,2015,6,12,55,-23.55416666,-46.74009194,T,0.13425,0.09225,0.033,0,20150061255
19,2015006,1435,2015,6,14,35,NA,NA,T,NA,NA,NA,NA,20150061435
20,2015006,1720,2015,6,17,20,NA,NA,A,NA,NA,NA,NA,20150061720
21,2015007,1340,2015,7,13,40,-23.55416666,-46.74009194,T,0.051,0.035,0.036,0,20150071340
22,2015007,1625,2015,7,16,25,NA,NA,A,NA,NA,NA,NA,20150071625
23,2015007,1800,2015,7,18,0,NA,NA,A,NA,NA,NA,NA,20150071800
24,2015008,1245,2015,8,12,45,-23.55416666,-46.74009194,T,0.05575,0.03825,0.022,0,20150081245
25,2015008,1425,2015,8,14,25,NA,NA,T,NA,NA,NA,NA,20150081425
26,2015008,1705,2015,8,17,5,NA,NA,A,NA,NA,NA,NA,20150081705
27,2015009,1330,2015,9,13,30,-23.55416666,-46.74009194,T,0.05775,0.0395,0.0538,0,20150091330
28,2015009,1610,2015,9,16,10,NA,NA,A,NA,NA,NA,NA,20150091610
29,2015009,1750,2015,9,17,50,NA,NA,A,NA,NA,NA,NA,20150091750
30,2015010,1235,2015,10,12,35,NA,NA,T,NA,NA,NA,NA,20150101235
31,2015010,1410,2015,10,14,10,NA,NA,T,NA,NA,NA,NA,20150101410
32,2015010,1655,2015,10,16,55,NA,NA,A,NA,NA,NA,NA,20150101655
33,2015010,1830,2015,10,18,30,NA,NA,A,NA,NA,NA,NA,20150101830
34,2015011,1315,2015,11,13,15,NA,NA,T,NA,NA,NA,NA,20150111315
35,2015011,1600,2015,11,16,0,NA,NA,A,NA,NA,NA,NA,20150111600
36,2015011,1735,2015,11,17,35,NA,NA,A,NA,NA,NA,NA,20150111735
37,2015012,1400,2015,12,14,0,NA,NA,T,NA,NA,NA,NA,20150121400
38,2015012,1640,2015,12,16,40,NA,NA,A,NA,NA,NA,NA,20150121640
39,2015012,1820,2015,12,18,20,NA,NA,A,NA,NA,NA,NA,20150121820
40,2015013,1305,2015,13,13,5,-23.55416666,-46.74009194,T,0.09075,0.062,0.045,0,20150131305
41,2015013,1440,2015,13,14,40,NA,NA,T,NA,NA,NA,NA,20150131440
42,2015013,1725,2015,13,17,25,NA,NA,A,NA,NA,NA,NA,20150131725
43,2015014,1345,2015,14,13,45,NA,NA,T,NA,NA,NA,NA,20150141345
44,2015014,1630,2015,14,16,30,-23.55416666,-46.74009194,A,0.21975,0.15225,0.0234,0,20150141630
45,2015014,1805,2015,14,18,5,NA,NA,A,NA,NA,NA,NA,20150141805
46,2015015,1250,2015,15,12,50,NA,NA,T,NA,NA,NA,NA,20150151250
47,2015015,1430,2015,15,14,30,NA,NA,T,NA,NA,NA,NA,20150151430
48,2015015,1710,2015,15,17,10,NA,NA,A,NA,NA,NA,NA,20150151710
49,2015016,1335,2015,16,13,35,NA,NA,T,NA,NA,NA,NA,20150161335
50,2015016,1615,2015,16,16,15,NA,NA,A,NA,NA,NA,NA,20150161615
51,2015016,1755,2015,16,17,55,NA,NA,A,NA,NA,NA,NA,20150161755
52,2015017,1240,2015,17,12,40,-23.55416666,-46.74009194,T,0.1355,0.09325,0.0118,0,20150171240
53,2015017,1415,2015,17,14,15,NA,NA,T,NA,NA,NA,NA,20150171415
54,2015017,1700,2015,17,17,0,NA,NA,A,NA,NA,NA,NA,20150171700
55,2015018,1320,2015,18,13,20,NA,NA,T,NA,NA,NA,NA,20150181320
56,2015018,1605,2015,18,16,5,NA,NA,A,NA,NA,NA,NA,20150181605
57,2015018,1745,2015,18,17,45,NA,NA,A,NA,NA,NA,NA,20150181745
58,2015019,1225,2015,19,12,25,NA,NA,T,NA,NA,NA,NA,20150191225
59,2015019,1405,2015,19,14,5,-23.55416666,-46.74009194,T,0.1495,0.103,0.0119,0,20150191405
60,2015019,1650,2015,19,16,50,NA,NA,A,NA,NA,NA,NA,20150191650
61,2015019,1825,2015,19,18,25,NA,NA,A,NA,NA,NA,NA,20150191825
62,2015020,1310,2015,20,13,10,NA,NA,T,NA,NA,NA,NA,20150201310
63,2015020,1450,2015,20,14,50,NA,NA,T,NA,NA,NA,NA,20150201450
64,2015020,1555,2015,20,15,55,NA,NA,A,NA,NA,NA,NA,20150201555
65,2015020,1730,2015,20,17,30,NA,NA,A,NA,NA,NA,NA,20150201730
66,2015021,1355,2015,21,13,55,NA,NA,T,NA,NA,NA,NA,20150211355
67,2015021,1635,2015,21,16,35,NA,NA,A,NA,NA,NA,NA,20150211635
68,2015021,1815,2015,21,18,15,NA,NA,A,NA,NA,NA,NA,20150211815
69,2015022,1300,2015,22,13,0,NA,NA,T,NA,NA,NA,NA,20150221300
70,2015022,1435,2015,22,14,35,NA,NA,T,NA,NA,NA,NA,20150221435
71,2015022,1720,2015,22,17,20,NA,NA,A,NA,NA,NA,NA,20150221720
72,2015023,1340,2015,23,13,40,NA,NA,T,NA,NA,NA,NA,20150231340
73,2015023,1625,2015,23,16,25,NA,NA,A,NA,NA,NA,NA,20150231625
74,2015023,1800,2015,23,18,0,NA,NA,A,NA,NA,NA,NA,20150231800
75,2015024,1245,2015,24,12,45,-23.55416666,-46.74009194,T,0.20075,0.1385,0.0213,0,20150241245
76,2015024,1425,2015,24,14,25,NA,NA,T,NA,NA,NA,NA,20150241425
77,2015024,1705,2015,24,17,5,NA,NA,A,NA,NA,NA,NA,20150241705
78,2015025,1330,2015,25,13,30,-23.55416666,-46.74009194,T,0.11925,0.08175,0.0493,0,20150251330
79,2015025,1610,2015,25,16,10,NA,NA,A,NA,NA,NA,NA,20150251610
80,2015025,1750,2015,25,17,50,NA,NA,A,NA,NA,NA,NA,20150251750
81,2015026,1235,2015,26,12,35,NA,NA,T,NA,NA,NA,NA,20150261235
82,2015026,1410,2015,26,14,10,NA,NA,T,NA,NA,NA,NA,20150261410
83,2015026,1655,2015,26,16,55,NA,NA,A,NA,NA,NA,NA,20150261655
84,2015026,1830,2015,26,18,30,NA,NA,A,NA,NA,NA,NA,20150261830
85,2015027,1315,2015,27,13,15,NA,NA,T,NA,NA,NA,NA,20150271315
86,2015027,1600,2015,27,16,0,NA,NA,A,NA,NA,NA,NA,20150271600
87,2015027,1735,2015,27,17,35,NA,NA,A,NA,NA,NA,NA,20150271735
88,2015028,1400,2015,28,14,0,NA,NA,T,NA,NA,NA,NA,20150281400
89,2015028,1640,2015,28,16,40,NA,NA,A,NA,NA,NA,NA,20150281640
90,2015028,1820,2015,28,18,20,NA,NA,A,NA,NA,NA,NA,20150281820
91,2015029,1305,2015,29,13,5,NA,NA,T,NA,NA,NA,NA,20150291305
92,2015029,1440,2015,29,14,40,NA,NA,T,NA,NA,NA,NA,20150291440
93,2015029,1725,2015,29,17,25,NA,NA,A,NA,NA,NA,NA,20150291725
94,2015030,1345,2015,30,13,45,NA,NA,T,NA,NA,NA,NA,20150301345
95,2015030,1630,2015,30,16,30,NA,NA,A,NA,NA,NA,NA,20150301630
96,2015030,1805,2015,30,18,5,NA,NA,A,NA,NA,NA,NA,20150301805
97,2015031,1250,2015,31,12,50,NA,NA,T,NA,NA,NA,NA,20150311250
98,2015031,1430,2015,31,14,30,NA,NA,T,NA,NA,NA,NA,20150311430
99,2015031,1715,2015,31,17,15,NA,NA,A,NA,NA,NA,NA,20150311715
100,2015032,1335,2015,32,13,35,NA,NA,T,NA,NA,NA,NA,20150321335
101,2015032,1615,2015,32,16,15,NA,NA,A,NA,NA,NA,NA,20150321615
102,2015032,1755,2015,32,17,55,NA,NA,A,NA,NA,NA,NA,20150321755
103,2015033,1240,2015,33,12,40,NA,NA,T,NA,NA,NA,NA,20150331240
104,2015033,1415,2015,33,14,15,NA,NA,T,NA,NA,NA,NA,20150331415
105,2015033,1700,2015,33,17,0,NA,NA,A,NA,NA,NA,NA,20150331700
106,2015034,1320,2015,34,13,20,-23.55416666,-46.74009194,T,0.108,0.07425,0.0584,0,20150341320
107,2015034,1605,2015,34,16,5,NA,NA,A,NA,NA,NA,NA,20150341605
108,2015034,1745,2015,34,17,45,NA,NA,A,NA,NA,NA,NA,20150341745
109,2015035,1225,2015,35,12,25,NA,NA,T,NA,NA,NA,NA,20150351225
110,2015035,1405,2015,35,14,5,NA,NA,T,NA,NA,NA,NA,20150351405
111,2015035,1650,2015,35,16,50,NA,NA,A,NA,NA,NA,NA,20150351650
112,2015035,1825,2015,35,18,25,NA,NA,A,NA,NA,NA,NA,20150351825
113,2015036,1310,2015,36,13,10,NA,NA,T,NA,NA,NA,NA,20150361310
114,2015036,1450,2015,36,14,50,NA,NA,T,NA,NA,NA,NA,20150361450
115,2015036,1555,2015,36,15,55,NA,NA,A,NA,NA,NA,NA,20150361555
116,2015036,1730,2015,36,17,30,NA,NA,A,NA,NA,NA,NA,20150361730
117,2015037,1350,2015,37,13,50,NA,NA,T,NA,NA,NA,NA,20150371350
118,2015037,1635,2015,37,16,35,NA,NA,A,NA,NA,NA,NA,20150371635
119,2015037,1815,2015,37,18,15,NA,NA,A,NA,NA,NA,NA,20150371815
120,2015038,1255,2015,38,12,55,NA,NA,T,NA,NA,NA,NA,20150381255
121,2015038,1435,2015,38,14,35,NA,NA,T,NA,NA,NA,NA,20150381435
122,2015038,1720,2015,38,17,20,NA,NA,A,NA,NA,NA,NA,20150381720
123,2015039,1340,2015,39,13,40,NA,NA,T,NA,NA,NA,NA,20150391340
124,2015039,1625,2015,39,16,25,NA,NA,A,NA,NA,NA,NA,20150391625
125,2015039,1800,2015,39,18,0,NA,NA,A,NA,NA,NA,NA,20150391800
126,2015040,1245,2015,40,12,45,NA,NA,T,NA,NA,NA,NA,20150401245
127,2015040,1425,2015,40,14,25,NA,NA,T,NA,NA,NA,NA,20150401425
128,2015040,1705,2015,40,17,5,NA,NA,A,NA,NA,NA,NA,20150401705
129,2015041,1330,2015,41,13,30,NA,NA,T,NA,NA,NA,NA,20150411330
130,2015041,1610,2015,41,16,10,NA,NA,A,NA,NA,NA,NA,20150411610
131,2015041,1750,2015,41,17,50,NA,NA,A,NA,NA,NA,NA,20150411750
132,2015042,1235,2015,42,12,35,NA,NA,T,NA,NA,NA,NA,20150421235
133,2015042,1410,2015,42,14,10,NA,NA,T,NA,NA,NA,NA,20150421410
134,2015042,1655,2015,42,16,55,NA,NA,A,NA,NA,NA,NA,20150421655
135,2015042,1830,2015,42,18,30,NA,NA,A,NA,NA,NA,NA,20150421830
136,2015043,1315,2015,43,13,15,NA,NA,T,NA,NA,NA,NA,20150431315
137,2015043,1600,2015,43,16,0,NA,NA,A,NA,NA,NA,NA,20150431600
138,2015043,1735,2015,43,17,35,NA,NA,A,NA,NA,NA,NA,20150431735
139,2015044,1400,2015,44,14,0,NA,NA,T,NA,NA,NA,NA,20150441400
140,2015044,1640,2015,44,16,40,NA,NA,A,NA,NA,NA,NA,20150441640
141,2015044,1820,2015,44,18,20,NA,NA,A,NA,NA,NA,NA,20150441820
142,2015045,1305,2015,45,13,5,NA,NA,T,NA,NA,NA,NA,20150451305
143,2015045,1440,2015,45,14,40,NA,NA,T,NA,NA,NA,NA,20150451440
144,2015045,1725,2015,45,17,25,NA,NA,A,NA,NA,NA,NA,20150451725
145,2015046,1345,2015,46,13,45,NA,NA,T,NA,NA,NA,NA,20150461345
146,2015046,1630,2015,46,16,30,NA,NA,A,NA,NA,NA,NA,20150461630
147,2015046,1805,2015,46,18,5,NA,NA,A,NA,NA,NA,NA,20150461805
148,2015047,1250,2015,47,12,50,NA,NA,T,NA,NA,NA,NA,20150471250
149,2015047,1430,2015,47,14,30,NA,NA,T,NA,NA,NA,NA,20150471430
150,2015047,1715,2015,47,17,15,NA,NA,A,NA,NA,NA,NA,20150471715
151,2015048,1335,2015,48,13,35,NA,NA,T,NA,NA,NA,NA,20150481335
152,2015048,1615,2015,48,16,15,NA,NA,A,NA,NA,NA,NA,20150481615
153,2015048,1755,2015,48,17,55,NA,NA,A,NA,NA,NA,NA,20150481755
154,2015049,1240,2015,49,12,40,NA,NA,T,NA,NA,NA,NA,20150491240
155,2015049,1415,2015,49,14,15,NA,NA,T,NA,NA,NA,NA,20150491415
156,2015049,1700,2015,49,17,0,NA,NA,A,NA,NA,NA,NA,20150491700
157,2015050,1320,2015,50,13,20,NA,NA,T,NA,NA,NA,NA,20150501320
158,2015050,1605,2015,50,16,5,NA,NA,A,NA,NA,NA,NA,20150501605
159,2015050,1745,2015,50,17,45,NA,NA,A,NA,NA,NA,NA,20150501745
160,2015051,1225,2015,51,12,25,NA,NA,T,NA,NA,NA,NA,20150511225
161,2015051,1405,2015,51,14,5,NA,NA,T,NA,NA,NA,NA,20150511405
162,2015051,1650,2015,51,16,50,NA,NA,A,NA,NA,NA,NA,20150511650
163,2015051,1825,2015,51,18,25,NA,NA,A,NA,NA,NA,NA,20150511825
164,2015052,1310,2015,52,13,10,NA,NA,T,NA,NA,NA,NA,20150521310
165,2015052,1450,2015,52,14,50,NA,NA,T,NA,NA,NA,NA,20150521450
166,2015052,1555,2015,52,15,55,NA,NA,A,NA,NA,NA,NA,20150521555
167,2015052,1730,2015,52,17,30,NA,NA,A,NA,NA,NA,NA,20150521730
168,2015053,1350,2015,53,13,50,-23.55416666,-46.74009194,T,0.12125,0.0835,0.0152,0,20150531350
169,2015053,1635,2015,53,16,35,NA,NA,A,NA,NA,NA,NA,20150531635
170,2015053,1815,2015,53,18,15,NA,NA,A,NA,NA,NA,NA,20150531815
171,2015054,1255,2015,54,12,55,-23.55416666,-46.74009194,T,0.136,0.09325,0.0308,0,20150541255
172,2015054,1435,2015,54,14,35,NA,NA,T,NA,NA,NA,NA,20150541435
173,2015054,1720,2015,54,17,20,NA,NA,A,NA,NA,NA,NA,20150541720
174,2015055,1340,2015,55,13,40,NA,NA,T,NA,NA,NA,NA,20150551340
175,2015055,1625,2015,55,16,25,NA,NA,A,NA,NA,NA,NA,20150551625
176,2015055,1800,2015,55,18,0,NA,NA,A,NA,NA,NA,NA,20150551800
177,2015056,1245,2015,56,12,45,NA,NA,T,NA,NA,NA,NA,20150561245
178,2015056,1705,2015,56,17,5,NA,NA,A,NA,NA,NA,NA,20150561705
179,2015057,1330,2015,57,13,30,NA,NA,T,NA,NA,NA,NA,20150571330
180,2015057,1610,2015,57,16,10,NA,NA,A,NA,NA,NA,NA,20150571610
181,2015057,1750,2015,57,17,50,NA,NA,A,NA,NA,NA,NA,20150571750
182,2015058,1235,2015,58,12,35,NA,NA,T,NA,NA,NA,NA,20150581235
183,2015058,1410,2015,58,14,10,NA,NA,T,NA,NA,NA,NA,20150581410
184,2015058,1655,2015,58,16,55,NA,NA,A,NA,NA,NA,NA,20150581655
185,2015058,1830,2015,58,18,30,NA,NA,A,NA,NA,NA,NA,20150581830
186,2015059,1315,2015,59,13,15,NA,NA,T,NA,NA,NA,NA,20150591315
187,2015059,1600,2015,59,16,0,NA,NA,A,NA,NA,NA,NA,20150591600
188,2015059,1735,2015,59,17,35,NA,NA,A,NA,NA,NA,NA,20150591735
189,2015060,1400,2015,60,14,0,NA,NA,T,NA,NA,NA,NA,20150601400
190,2015060,1640,2015,60,16,40,NA,NA,A,NA,NA,NA,NA,20150601640
191,2015060,1820,2015,60,18,20,NA,NA,A,NA,NA,NA,NA,20150601820
192,2015061,1305,2015,61,13,5,-23.55416666,-46.74009194,T,0.15425,0.106,0.0622,0,20150611305
193,2015061,1440,2015,61,14,40,NA,NA,T,NA,NA,NA,NA,20150611440
194,2015061,1725,2015,61,17,25,NA,NA,A,NA,NA,NA,NA,20150611725
195,2015062,1345,2015,62,13,45,NA,NA,T,NA,NA,NA,NA,20150621345
196,2015062,1630,2015,62,16,30,NA,NA,A,NA,NA,NA,NA,20150621630
197,2015062,1805,2015,62,18,5,NA,NA,A,NA,NA,NA,NA,20150621805
198,2015063,1250,2015,63,12,50,-23.55416666,-46.74009194,T,0.15175,0.10425,0.0471,0,20150631250
199,2015063,1715,2015,63,17,15,NA,NA,A,NA,NA,NA,NA,20150631715
200,2015064,1335,2015,64,13,35,NA,NA,T,NA,NA,NA,NA,20150641335
201,2015064,1615,2015,64,16,15,NA,NA,A,NA,NA,NA,NA,20150641615
202,2015064,1755,2015,64,17,55,NA,NA,A,NA,NA,NA,NA,20150641755
203,2015065,1240,2015,65,12,40,NA,NA,T,NA,NA,NA,NA,20150651240
204,2015065,1415,2015,65,14,15,NA,NA,T,NA,NA,NA,NA,20150651415
205,2015065,1700,2015,65,17,0,NA,NA,A,NA,NA,NA,NA,20150651700
206,2015066,1320,2015,66,13,20,NA,NA,T,NA,NA,NA,NA,20150661320
207,2015066,1605,2015,66,16,5,NA,NA,A,NA,NA,NA,NA,20150661605
208,2015066,1745,2015,66,17,45,NA,NA,A,NA,NA,NA,NA,20150661745
209,2015067,1225,2015,67,12,25,NA,NA,T,NA,NA,NA,NA,20150671225
210,2015067,1405,2015,67,14,5,NA,NA,T,NA,NA,NA,NA,20150671405
211,2015067,1650,2015,67,16,50,NA,NA,A,NA,NA,NA,NA,20150671650
212,2015067,1825,2015,67,18,25,NA,NA,A,NA,NA,NA,NA,20150671825
213,2015068,1310,2015,68,13,10,NA,NA,T,NA,NA,NA,NA,20150681310
214,2015068,1450,2015,68,14,50,NA,NA,T,NA,NA,NA,NA,20150681450
215,2015068,1555,2015,68,15,55,NA,NA,A,NA,NA,NA,NA,20150681555
216,2015068,1730,2015,68,17,30,NA,NA,A,NA,NA,NA,NA,20150681730
217,2015069,1350,2015,69,13,50,NA,NA,T,NA,NA,NA,NA,20150691350
218,2015069,1635,2015,69,16,35,NA,NA,A,NA,NA,NA,NA,20150691635
219,2015069,1815,2015,69,18,15,NA,NA,A,NA,NA,NA,NA,20150691815
220,2015070,1255,2015,70,12,55,NA,NA,T,NA,NA,NA,NA,20150701255
221,2015070,1435,2015,70,14,35,NA,NA,T,NA,NA,NA,NA,20150701435
222,2015070,1720,2015,70,17,20,NA,NA,A,NA,NA,NA,NA,20150701720
223,2015071,1340,2015,71,13,40,NA,NA,T,NA,NA,NA,NA,20150711340
224,2015071,1625,2015,71,16,25,NA,NA,A,NA,NA,NA,NA,20150711625
225,2015071,1800,2015,71,18,0,NA,NA,A,NA,NA,NA,NA,20150711800
226,2015072,1245,2015,72,12,45,NA,NA,T,NA,NA,NA,NA,20150721245
227,2015072,1425,2015,72,14,25,NA,NA,T,NA,NA,NA,NA,20150721425
228,2015072,1705,2015,72,17,5,NA,NA,A,NA,NA,NA,NA,20150721705
229,2015073,1330,2015,73,13,30,NA,NA,T,NA,NA,NA,NA,20150731330
230,2015073,1610,2015,73,16,10,NA,NA,A,NA,NA,NA,NA,20150731610
231,2015073,1750,2015,73,17,50,NA,NA,A,NA,NA,NA,NA,20150731750
232,2015074,1235,2015,74,12,35,NA,NA,T,NA,NA,NA,NA,20150741235
233,2015074,1410,2015,74,14,10,NA,NA,T,NA,NA,NA,NA,20150741410
234,2015074,1655,2015,74,16,55,NA,NA,A,NA,NA,NA,NA,20150741655
235,2015074,1830,2015,74,18,30,NA,NA,A,NA,NA,NA,NA,20150741830
236,2015075,1315,2015,75,13,15,NA,NA,T,NA,NA,NA,NA,20150751315
237,2015075,1600,2015,75,16,0,NA,NA,A,NA,NA,NA,NA,20150751600
238,2015075,1735,2015,75,17,35,NA,NA,A,NA,NA,NA,NA,20150751735
239,2015076,1400,2015,76,14,0,NA,NA,T,NA,NA,NA,NA,20150761400
240,2015076,1640,2015,76,16,40,NA,NA,A,NA,NA,NA,NA,20150761640
241,2015076,1820,2015,76,18,20,NA,NA,A,NA,NA,NA,NA,20150761820
242,2015077,1305,2015,77,13,5,NA,NA,T,NA,NA,NA,NA,20150771305
243,2015077,1440,2015,77,14,40,NA,NA,T,NA,NA,NA,NA,20150771440
244,2015078,1345,2015,78,13,45,NA,NA,T,NA,NA,NA,NA,20150781345
245,2015078,1630,2015,78,16,30,NA,NA,A,NA,NA,NA,NA,20150781630
246,2015078,1805,2015,78,18,5,NA,NA,A,NA,NA,NA,NA,20150781805
247,2015079,1250,2015,79,12,50,NA,NA,T,NA,NA,NA,NA,20150791250
248,2015079,1430,2015,79,14,30,NA,NA,T,NA,NA,NA,NA,20150791430
249,2015079,1715,2015,79,17,15,NA,NA,A,NA,NA,NA,NA,20150791715
250,2015080,1335,2015,80,13,35,NA,NA,T,NA,NA,NA,NA,20150801335
251,2015080,1615,2015,80,16,15,NA,NA,A,NA,NA,NA,NA,20150801615
252,2015080,1755,2015,80,17,55,NA,NA,A,NA,NA,NA,NA,20150801755
253,2015081,1240,2015,81,12,40,NA,NA,T,NA,NA,NA,NA,20150811240
254,2015081,1415,2015,81,14,15,NA,NA,T,NA,NA,NA,NA,20150811415
255,2015081,1700,2015,81,17,0,NA,NA,A,NA,NA,NA,NA,20150811700
256,2015082,1320,2015,82,13,20,NA,NA,T,NA,NA,NA,NA,20150821320
257,2015082,1605,2015,82,16,5,NA,NA,A,NA,NA,NA,NA,20150821605
258,2015082,1745,2015,82,17,45,NA,NA,A,NA,NA,NA,NA,20150821745
259,2015083,1225,2015,83,12,25,NA,NA,T,NA,NA,NA,NA,20150831225
260,2015083,1405,2015,83,14,5,NA,NA,T,NA,NA,NA,NA,20150831405
261,2015083,1650,2015,83,16,50,NA,NA,A,NA,NA,NA,NA,20150831650
262,2015083,1825,2015,83,18,25,NA,NA,A,NA,NA,NA,NA,20150831825
263,2015084,1310,2015,84,13,10,NA,NA,T,NA,NA,NA,NA,20150841310
264,2015084,1450,2015,84,14,50,NA,NA,T,NA,NA,NA,NA,20150841450
265,2015084,1555,2015,84,15,55,NA,NA,A,NA,NA,NA,NA,20150841555
266,2015084,1730,2015,84,17,30,NA,NA,A,NA,NA,NA,NA,20150841730
267,2015085,1355,2015,85,13,55,NA,NA,T,NA,NA,NA,NA,20150851355
268,2015085,1635,2015,85,16,35,NA,NA,A,NA,NA,NA,NA,20150851635
269,2015085,1815,2015,85,18,15,NA,NA,A,NA,NA,NA,NA,20150851815
270,2015086,1300,2015,86,13,0,NA,NA,T,NA,NA,NA,NA,20150861300
271,2015086,1435,2015,86,14,35,NA,NA,T,NA,NA,NA,NA,20150861435
272,2015086,1720,2015,86,17,20,NA,NA,A,NA,NA,NA,NA,20150861720
273,2015087,1340,2015,87,13,40,-23.55416666,-46.74009194,T,0.23,0.15925,0.02,0,20150871340
274,2015087,1625,2015,87,16,25,NA,NA,A,NA,NA,NA,NA,20150871625
275,2015087,1800,2015,87,18,0,NA,NA,A,NA,NA,NA,NA,20150871800
276,2015088,1245,2015,88,12,45,NA,NA,T,NA,NA,NA,NA,20150881245
277,2015088,1425,2015,88,14,25,NA,NA,T,NA,NA,NA,NA,20150881425
278,2015088,1705,2015,88,17,5,NA,NA,A,NA,NA,NA,NA,20150881705
279,2015089,1330,2015,89,13,30,NA,NA,T,NA,NA,NA,NA,20150891330
280,2015089,1610,2015,89,16,10,NA,NA,A,NA,NA,NA,NA,20150891610
281,2015089,1750,2015,89,17,50,NA,NA,A,NA,NA,NA,NA,20150891750
282,2015090,1235,2015,90,12,35,NA,NA,T,NA,NA,NA,NA,20150901235
283,2015090,1410,2015,90,14,10,NA,NA,T,NA,NA,NA,NA,20150901410
284,2015090,1655,2015,90,16,55,NA,NA,A,NA,NA,NA,NA,20150901655
285,2015090,1830,2015,90,18,30,NA,NA,A,NA,NA,NA,NA,20150901830
286,2015091,1315,2015,91,13,15,NA,NA,T,NA,NA,NA,NA,20150911315
287,2015091,1735,2015,91,17,35,NA,NA,A,NA,NA,NA,NA,20150911735
288,2015092,1400,2015,92,14,0,NA,NA,T,NA,NA,NA,NA,20150921400
289,2015092,1640,2015,92,16,40,NA,NA,A,NA,NA,NA,NA,20150921640
290,2015092,1820,2015,92,18,20,NA,NA,A,NA,NA,NA,NA,20150921820
291,2015093,1305,2015,93,13,5,NA,NA,T,NA,NA,NA,NA,20150931305
292,2015093,1440,2015,93,14,40,NA,NA,T,NA,NA,NA,NA,20150931440
293,2015093,1725,2015,93,17,25,NA,NA,A,NA,NA,NA,NA,20150931725
294,2015094,1345,2015,94,13,45,NA,NA,T,NA,NA,NA,NA,20150941345
295,2015094,1630,2015,94,16,30,NA,NA,A,NA,NA,NA,NA,20150941630
296,2015094,1805,2015,94,18,5,NA,NA,A,NA,NA,NA,NA,20150941805
297,2015095,1250,2015,95,12,50,NA,NA,T,NA,NA,NA,NA,20150951250
298,2015095,1430,2015,95,14,30,NA,NA,T,NA,NA,NA,NA,20150951430
299,2015095,1715,2015,95,17,15,NA,NA,A,NA,NA,NA,NA,20150951715
300,2015096,1335,2015,96,13,35,NA,NA,T,NA,NA,NA,NA,20150961335
301,2015096,1615,2015,96,16,15,NA,NA,A,NA,NA,NA,NA,20150961615
302,2015096,1755,2015,96,17,55,NA,NA,A,NA,NA,NA,NA,20150961755
303,2015097,1240,2015,97,12,40,NA,NA,T,NA,NA,NA,NA,20150971240
304,2015097,1415,2015,97,14,15,NA,NA,T,NA,NA,NA,NA,20150971415
305,2015097,1700,2015,97,17,0,NA,NA,A,NA,NA,NA,NA,20150971700
306,2015098,1320,2015,98,13,20,NA,NA,T,NA,NA,NA,NA,20150981320
307,2015098,1605,2015,98,16,5,NA,NA,A,NA,NA,NA,NA,20150981605
308,2015098,1745,2015,98,17,45,NA,NA,A,NA,NA,NA,NA,20150981745
309,2015099,1225,2015,99,12,25,NA,NA,T,NA,NA,NA,NA,20150991225
310,2015099,1405,2015,99,14,5,NA,NA,T,NA,NA,NA,NA,20150991405
311,2015099,1650,2015,99,16,50,NA,NA,A,NA,NA,NA,NA,20150991650
312,2015099,1825,2015,99,18,25,NA,NA,A,NA,NA,NA,NA,20150991825
313,2015100,1310,2015,100,13,10,NA,NA,T,NA,NA,NA,NA,20151001310
314,2015100,1450,2015,100,14,50,NA,NA,T,NA,NA,NA,NA,20151001450
315,2015100,1555,2015,100,15,55,NA,NA,A,NA,NA,NA,NA,20151001555
316,2015100,1730,2015,100,17,30,NA,NA,A,NA,NA,NA,NA,20151001730
317,2015101,1355,2015,101,13,55,NA,NA,T,NA,NA,NA,NA,20151011355
318,2015101,1635,2015,101,16,35,NA,NA,A,NA,NA,NA,NA,20151011635
319,2015101,1815,2015,101,18,15,NA,NA,A,NA,NA,NA,NA,20151011815
320,2015102,1300,2015,102,13,0,NA,NA,T,NA,NA,NA,NA,20151021300
321,2015102,1435,2015,102,14,35,NA,NA,T,NA,NA,NA,NA,20151021435
322,2015102,1720,2015,102,17,20,NA,NA,A,NA,NA,NA,NA,20151021720
323,2015103,1340,2015,103,13,40,NA,NA,T,NA,NA,NA,NA,20151031340
324,2015103,1625,2015,103,16,25,NA,NA,A,NA,NA,NA,NA,20151031625
325,2015103,1800,2015,103,18,0,NA,NA,A,NA,NA,NA,NA,20151031800
326,2015104,1245,2015,104,12,45,NA,NA,T,NA,NA,NA,NA,20151041245
327,2015104,1425,2015,104,14,25,NA,NA,T,NA,NA,NA,NA,20151041425
328,2015104,1705,2015,104,17,5,NA,NA,A,NA,NA,NA,NA,20151041705
329,2015105,1330,2015,105,13,30,NA,NA,T,NA,NA,NA,NA,20151051330
330,2015105,1750,2015,105,17,50,NA,NA,A,NA,NA,NA,NA,20151051750
331,2015106,1235,2015,106,12,35,NA,NA,T,NA,NA,NA,NA,20151061235
332,2015106,1410,2015,106,14,10,NA,NA,T,NA,NA,NA,NA,20151061410
333,2015106,1655,2015,106,16,55,NA,NA,A,NA,NA,NA,NA,20151061655
334,2015106,1830,2015,106,18,30,NA,NA,A,NA,NA,NA,NA,20151061830
335,2015107,1315,2015,107,13,15,NA,NA,T,NA,NA,NA,NA,20151071315
336,2015107,1600,2015,107,16,0,NA,NA,A,NA,NA,NA,NA,20151071600
337,2015107,1735,2015,107,17,35,NA,NA,A,NA,NA,NA,NA,20151071735
338,2015108,1400,2015,108,14,0,-23.55416666,-46.74009194,T,0.22875,0.15825,0.01,0,20151081400
339,2015108,1640,2015,108,16,40,NA,NA,A,NA,NA,NA,NA,20151081640
340,2015108,1820,2015,108,18,20,NA,NA,A,NA,NA,NA,NA,20151081820
341,2015109,1305,2015,109,13,5,NA,NA,T,NA,NA,NA,NA,20151091305
342,2015109,1440,2015,109,14,40,NA,NA,T,NA,NA,NA,NA,20151091440
343,2015109,1725,2015,109,17,25,NA,NA,A,NA,NA,NA,NA,20151091725
344,2015110,1345,2015,110,13,45,-23.55416666,-46.74009194,T,0.08775,0.06,0.0182,0,20151101345
345,2015110,1630,2015,110,16,30,NA,NA,A,NA,NA,NA,NA,20151101630
346,2015110,1810,2015,110,18,10,NA,NA,A,NA,NA,NA,NA,20151101810
347,2015111,1250,2015,111,12,50,NA,NA,T,NA,NA,NA,NA,20151111250
348,2015111,1430,2015,111,14,30,NA,NA,T,NA,NA,NA,NA,20151111430
349,2015111,1715,2015,111,17,15,NA,NA,A,NA,NA,NA,NA,20151111715
350,2015112,1620,2015,112,16,20,NA,NA,A,NA,NA,NA,NA,20151121620
351,2015112,1755,2015,112,17,55,NA,NA,A,NA,NA,NA,NA,20151121755
352,2015113,1240,2015,113,12,40,NA,NA,T,NA,NA,NA,NA,20151131240
353,2015113,1415,2015,113,14,15,NA,NA,T,NA,NA,NA,NA,20151131415
354,2015113,1700,2015,113,17,0,NA,NA,A,NA,NA,NA,NA,20151131700
355,2015114,1605,2015,114,16,5,NA,NA,A,NA,NA,NA,NA,20151141605
356,2015114,1745,2015,114,17,45,-23.55416666,-46.73100119,A,0.398,0.278,0.0075,0,20151141745
357,2015115,1225,2015,115,12,25,NA,NA,T,NA,NA,NA,NA,20151151225
358,2015115,1405,2015,115,14,5,NA,NA,T,NA,NA,NA,NA,20151151405
359,2015115,1650,2015,115,16,50,NA,NA,A,NA,NA,NA,NA,20151151650
360,2015115,1825,2015,115,18,25,NA,NA,A,NA,NA,NA,NA,20151151825
361,2015116,1310,2015,116,13,10,NA,NA,T,NA,NA,NA,NA,20151161310
362,2015116,1450,2015,116,14,50,NA,NA,T,NA,NA,NA,NA,20151161450
363,2015116,1555,2015,116,15,55,NA,NA,A,NA,NA,NA,NA,20151161555
364,2015116,1730,2015,116,17,30,NA,NA,A,NA,NA,NA,NA,20151161730
365,2015117,1350,2015,117,13,50,-23.55416666,-46.74009194,T,0.0875,0.06,0.0128,0,20151171350
366,2015117,1635,2015,117,16,35,NA,NA,A,NA,NA,NA,NA,20151171635
367,2015117,1815,2015,117,18,15,NA,NA,A,NA,NA,NA,NA,20151171815
368,2015118,1300,2015,118,13,0,NA,NA,T,NA,NA,NA,NA,20151181300
369,2015118,1435,2015,118,14,35,NA,NA,T,NA,NA,NA,NA,20151181435
370,2015118,1720,2015,118,17,20,NA,NA,A,NA,NA,NA,NA,20151181720
1,2015119,1340,2015,119,13,40,NA,NA,T,NA,NA,NA,NA,20151191340
2,2015119,1625,2015,119,16,25,NA,NA,A,NA,NA,NA,NA,20151191625
3,2015119,1800,2015,119,18,0,NA,NA,A,NA,NA,NA,NA,20151191800
371,2015120,1245,2015,120,12,45,NA,NA,T,NA,NA,NA,NA,20151201245
372,2015120,1425,2015,120,14,25,NA,NA,T,NA,NA,NA,NA,20151201425
373,2015120,1705,2015,120,17,5,NA,NA,A,NA,NA,NA,NA,20151201705
374,2015121,1330,2015,121,13,30,NA,NA,T,NA,NA,NA,NA,20151211330
375,2015121,1610,2015,121,16,10,NA,NA,A,NA,NA,NA,NA,20151211610
376,2015121,1750,2015,121,17,50,NA,NA,A,NA,NA,NA,NA,20151211750
377,2015122,1235,2015,122,12,35,NA,NA,T,NA,NA,NA,NA,20151221235
378,2015122,1410,2015,122,14,10,NA,NA,T,NA,NA,NA,NA,20151221410
379,2015122,1655,2015,122,16,55,NA,NA,A,NA,NA,NA,NA,20151221655
380,2015122,1830,2015,122,18,30,NA,NA,A,NA,NA,NA,NA,20151221830
381,2015123,1315,2015,123,13,15,NA,NA,T,NA,NA,NA,NA,20151231315
382,2015123,1600,2015,123,16,0,NA,NA,A,NA,NA,NA,NA,20151231600
383,2015123,1735,2015,123,17,35,NA,NA,A,NA,NA,NA,NA,20151231735
384,2015124,1400,2015,124,14,0,NA,NA,T,NA,NA,NA,NA,20151241400
385,2015124,1640,2015,124,16,40,NA,NA,A,NA,NA,NA,NA,20151241640
386,2015124,1820,2015,124,18,20,NA,NA,A,NA,NA,NA,NA,20151241820
387,2015125,1305,2015,125,13,5,NA,NA,T,NA,NA,NA,NA,20151251305
388,2015125,1440,2015,125,14,40,NA,NA,T,NA,NA,NA,NA,20151251440
389,2015125,1725,2015,125,17,25,NA,NA,A,NA,NA,NA,NA,20151251725
390,2015126,1345,2015,126,13,45,NA,NA,T,NA,NA,NA,NA,20151261345
391,2015126,1630,2015,126,16,30,NA,NA,A,NA,NA,NA,NA,20151261630
392,2015126,1810,2015,126,18,10,NA,NA,A,NA,NA,NA,NA,20151261810
393,2015127,1250,2015,127,12,50,NA,NA,T,NA,NA,NA,NA,20151271250
394,2015127,1430,2015,127,14,30,NA,NA,T,NA,NA,NA,NA,20151271430
395,2015127,1715,2015,127,17,15,NA,NA,A,NA,NA,NA,NA,20151271715
396,2015128,1335,2015,128,13,35,NA,NA,T,NA,NA,NA,NA,20151281335
397,2015128,1620,2015,128,16,20,NA,NA,A,NA,NA,NA,NA,20151281620
398,2015128,1755,2015,128,17,55,NA,NA,A,NA,NA,NA,NA,20151281755
399,2015129,1240,2015,129,12,40,-23.55416666,-46.74009194,T,0.093,0.0635,0.0134,0,20151291240
400,2015129,1415,2015,129,14,15,NA,NA,T,NA,NA,NA,NA,20151291415
401,2015129,1700,2015,129,17,0,-23.55416666,-46.74009194,A,0.08925,0.06125,0.0331,0,20151291700
402,2015130,1320,2015,130,13,20,NA,NA,T,NA,NA,NA,NA,20151301320
403,2015130,1605,2015,130,16,5,NA,NA,A,NA,NA,NA,NA,20151301605
404,2015130,1745,2015,130,17,45,NA,NA,A,NA,NA,NA,NA,20151301745
405,2015131,1225,2015,131,12,25,NA,NA,T,NA,NA,NA,NA,20151311225
406,2015131,1405,2015,131,14,5,NA,NA,T,NA,NA,NA,NA,20151311405
407,2015131,1650,2015,131,16,50,NA,NA,A,NA,NA,NA,NA,20151311650
408,2015131,1825,2015,131,18,25,NA,NA,A,NA,NA,NA,NA,20151311825
409,2015132,1310,2015,132,13,10,NA,NA,T,NA,NA,NA,NA,20151321310
410,2015132,1450,2015,132,14,50,NA,NA,T,NA,NA,NA,NA,20151321450
411,2015132,1555,2015,132,15,55,NA,NA,A,NA,NA,NA,NA,20151321555
412,2015132,1730,2015,132,17,30,NA,NA,A,NA,NA,NA,NA,20151321730
413,2015133,1355,2015,133,13,55,NA,NA,T,NA,NA,NA,NA,20151331355
414,2015133,1635,2015,133,16,35,NA,NA,A,NA,NA,NA,NA,20151331635
415,2015133,1815,2015,133,18,15,NA,NA,A,NA,NA,NA,NA,20151331815
416,2015134,1300,2015,134,13,0,NA,NA,T,NA,NA,NA,NA,20151341300
417,2015134,1435,2015,134,14,35,NA,NA,T,NA,NA,NA,NA,20151341435
418,2015134,1720,2015,134,17,20,NA,NA,A,NA,NA,NA,NA,20151341720
419,2015135,1340,2015,135,13,40,NA,NA,T,NA,NA,NA,NA,20151351340
420,2015135,1625,2015,135,16,25,NA,NA,A,NA,NA,NA,NA,20151351625
421,2015135,1800,2015,135,18,0,NA,NA,A,NA,NA,NA,NA,20151351800
422,2015136,1245,2015,136,12,45,-23.55416666,-46.74009194,T,0.146,0.10025,0.015,0,20151361245
423,2015136,1425,2015,136,14,25,NA,NA,T,NA,NA,NA,NA,20151361425
424,2015136,1705,2015,136,17,5,-23.55416666,-46.74009194,A,0.06225,0.04275,0.03,0,20151361705
425,2015137,1330,2015,137,13,30,-23.55416666,-46.74009194,T,0.156,0.10725,0.0331,0,20151371330
426,2015137,1610,2015,137,16,10,NA,NA,A,NA,NA,NA,NA,20151371610
427,2015137,1750,2015,137,17,50,NA,NA,A,NA,NA,NA,NA,20151371750
428,2015138,1235,2015,138,12,35,NA,NA,T,NA,NA,NA,NA,20151381235
429,2015138,1410,2015,138,14,10,NA,NA,T,NA,NA,NA,NA,20151381410
430,2015138,1655,2015,138,16,55,NA,NA,A,NA,NA,NA,NA,20151381655
431,2015138,1830,2015,138,18,30,NA,NA,A,NA,NA,NA,NA,20151381830
8,2015139,1315,2015,139,13,15,NA,NA,T,NA,NA,NA,NA,20151391315
9,2015139,1600,2015,139,16,0,NA,NA,A,NA,NA,NA,NA,20151391600
10,2015139,1735,2015,139,17,35,NA,NA,A,NA,NA,NA,NA,20151391735
11,2015140,1400,2015,140,14,0,NA,NA,T,NA,NA,NA,NA,20151401400
12,2015140,1640,2015,140,16,40,-23.55416666,-46.74009194,A,0.189,0.13,0.0227,0,20151401640
13,2015140,1820,2015,140,18,20,NA,NA,A,NA,NA,NA,NA,20151401820
14,2015141,1305,2015,141,13,5,-23.55416666,-46.74009194,T,0.10425,0.07175,0.031,0,20151411305
15,2015141,1440,2015,141,14,40,NA,NA,T,NA,NA,NA,NA,20151411440
16,2015141,1725,2015,141,17,25,NA,NA,A,NA,NA,NA,NA,20151411725
17,2015142,1345,2015,142,13,45,-23.55416666,-46.74009194,T,0.05475,0.0375,0.0136,0,20151421345
18,2015142,1630,2015,142,16,30,NA,NA,A,NA,NA,NA,NA,20151421630
19,2015142,1805,2015,142,18,5,NA,NA,A,NA,NA,NA,NA,20151421805
20,2015143,1250,2015,143,12,50,NA,NA,T,NA,NA,NA,NA,20151431250
21,2015143,1430,2015,143,14,30,NA,NA,T,NA,NA,NA,NA,20151431430
22,2015143,1715,2015,143,17,15,NA,NA,A,NA,NA,NA,NA,20151431715
23,2015144,1335,2015,144,13,35,NA,NA,T,NA,NA,NA,NA,20151441335
24,2015144,1615,2015,144,16,15,NA,NA,A,NA,NA,NA,NA,20151441615
25,2015144,1755,2015,144,17,55,NA,NA,A,NA,NA,NA,NA,20151441755
26,2015145,1240,2015,145,12,40,NA,NA,T,NA,NA,NA,NA,20151451240
27,2015145,1415,2015,145,14,15,NA,NA,T,NA,NA,NA,NA,20151451415
28,2015145,1700,2015,145,17,0,NA,NA,A,NA,NA,NA,NA,20151451700
29,2015146,1320,2015,146,13,20,NA,NA,T,NA,NA,NA,NA,20151461320
30,2015146,1605,2015,146,16,5,NA,NA,A,NA,NA,NA,NA,20151461605
31,2015146,1745,2015,146,17,45,NA,NA,A,NA,NA,NA,NA,20151461745
32,2015147,1225,2015,147,12,25,NA,NA,T,NA,NA,NA,NA,20151471225
33,2015147,1405,2015,147,14,5,NA,NA,T,NA,NA,NA,NA,20151471405
34,2015147,1650,2015,147,16,50,NA,NA,A,NA,NA,NA,NA,20151471650
35,2015147,1825,2015,147,18,25,NA,NA,A,NA,NA,NA,NA,20151471825
36,2015148,1310,2015,148,13,10,NA,NA,T,NA,NA,NA,NA,20151481310
37,2015148,1450,2015,148,14,50,NA,NA,T,NA,NA,NA,NA,20151481450
38,2015148,1555,2015,148,15,55,NA,NA,A,NA,NA,NA,NA,20151481555
39,2015148,1730,2015,148,17,30,NA,NA,A,NA,NA,NA,NA,20151481730
40,2015149,1355,2015,149,13,55,NA,NA,T,NA,NA,NA,NA,20151491355
41,2015149,1635,2015,149,16,35,NA,NA,A,NA,NA,NA,NA,20151491635
42,2015149,1815,2015,149,18,15,NA,NA,A,NA,NA,NA,NA,20151491815
43,2015150,1300,2015,150,13,0,NA,NA,T,NA,NA,NA,NA,20151501300
44,2015150,1435,2015,150,14,35,NA,NA,T,NA,NA,NA,NA,20151501435
45,2015150,1720,2015,150,17,20,NA,NA,A,NA,NA,NA,NA,20151501720
46,2015151,1340,2015,151,13,40,NA,NA,T,NA,NA,NA,NA,20151511340
47,2015151,1625,2015,151,16,25,NA,NA,A,NA,NA,NA,NA,20151511625
48,2015151,1800,2015,151,18,0,NA,NA,A,NA,NA,NA,NA,20151511800
49,2015152,1245,2015,152,12,45,NA,NA,T,NA,NA,NA,NA,20151521245
50,2015152,1425,2015,152,14,25,NA,NA,T,NA,NA,NA,NA,20151521425
51,2015152,1705,2015,152,17,5,NA,NA,A,NA,NA,NA,NA,20151521705
52,2015153,1330,2015,153,13,30,NA,NA,T,NA,NA,NA,NA,20151531330
53,2015153,1610,2015,153,16,10,NA,NA,A,NA,NA,NA,NA,20151531610
54,2015153,1750,2015,153,17,50,NA,NA,A,NA,NA,NA,NA,20151531750
55,2015154,1235,2015,154,12,35,NA,NA,T,NA,NA,NA,NA,20151541235
56,2015154,1410,2015,154,14,10,NA,NA,T,NA,NA,NA,NA,20151541410
57,2015154,1655,2015,154,16,55,NA,NA,A,NA,NA,NA,NA,20151541655
58,2015154,1830,2015,154,18,30,NA,NA,A,NA,NA,NA,NA,20151541830
59,2015155,1315,2015,155,13,15,-23.55416666,-46.74009194,T,0.20775,0.14425,0.0307,0,20151551315
60,2015155,1600,2015,155,16,0,NA,NA,A,NA,NA,NA,NA,20151551600
61,2015155,1735,2015,155,17,35,-23.55416666,-46.74009194,A,0.148,0.10167,0.0112,0,20151551735
62,2015156,1400,2015,156,14,0,-23.55416666,-46.74009194,T,0.04825,0.03275,0.0074,0,20151561400
63,2015156,1640,2015,156,16,40,-23.55416666,-46.74009194,A,0.04025,0.0275,0.0156,0,20151561640
64,2015156,1820,2015,156,18,20,NA,NA,A,NA,NA,NA,NA,20151561820
65,2015157,1305,2015,157,13,5,-23.55416666,-46.74009194,T,0.0775,0.053,0.0212,0,20151571305
66,2015157,1440,2015,157,14,40,NA,NA,T,NA,NA,NA,NA,20151571440
67,2015157,1725,2015,157,17,25,NA,NA,A,NA,NA,NA,NA,20151571725
68,2015158,1345,2015,158,13,45,NA,NA,T,NA,NA,NA,NA,20151581345
69,2015158,1630,2015,158,16,30,NA,NA,A,NA,NA,NA,NA,20151581630
70,2015158,1805,2015,158,18,5,NA,NA,A,NA,NA,NA,NA,20151581805
71,2015159,1250,2015,159,12,50,-23.55416666,-46.74009194,T,0.07775,0.053,0.0141,0,20151591250
72,2015159,1430,2015,159,14,30,NA,NA,T,NA,NA,NA,NA,20151591430
73,2015159,1715,2015,159,17,15,NA,NA,A,NA,NA,NA,NA,20151591715
74,2015160,1335,2015,160,13,35,-23.55416666,-46.74009194,T,0.096,0.066,0.0199,0,20151601335
75,2015160,1615,2015,160,16,15,NA,NA,A,NA,NA,NA,NA,20151601615
76,2015160,1755,2015,160,17,55,NA,NA,A,NA,NA,NA,NA,20151601755
77,2015161,1240,2015,161,12,40,NA,NA,T,NA,NA,NA,NA,20151611240
78,2015161,1420,2015,161,14,20,NA,NA,T,NA,NA,NA,NA,20151611420
79,2015161,1700,2015,161,17,0,-23.55416666,-46.74009194,A,0.06175,0.04225,0.0253,0,20151611700
80,2015162,1325,2015,162,13,25,-23.55416666,-46.74009194,T,0.031,0.0215,0.0285,0,20151621325
81,2015162,1605,2015,162,16,5,NA,NA,A,NA,NA,NA,NA,20151621605
82,2015162,1745,2015,162,17,45,-23.55416666,-46.74009194,A,0.03,0.02033,0.0082,0,20151621745
83,2015163,1225,2015,163,12,25,NA,NA,T,NA,NA,NA,NA,20151631225
84,2015163,1405,2015,163,14,5,NA,NA,T,NA,NA,NA,NA,20151631405
85,2015163,1650,2015,163,16,50,NA,NA,A,NA,NA,NA,NA,20151631650
86,2015163,1825,2015,163,18,25,NA,NA,A,NA,NA,NA,NA,20151631825
87,2015164,1310,2015,164,13,10,-23.55416666,-46.74009194,T,0.064,0.044,0.0265,0,20151641310
88,2015164,1450,2015,164,14,50,NA,NA,T,NA,NA,NA,NA,20151641450
89,2015164,1555,2015,164,15,55,NA,NA,A,NA,NA,NA,NA,20151641555
90,2015164,1730,2015,164,17,30,NA,NA,A,NA,NA,NA,NA,20151641730
91,2015165,1355,2015,165,13,55,-23.55416666,-46.74009194,T,0.0305,0.021,0.0086,0,20151651355
92,2015165,1635,2015,165,16,35,-23.5625,-46.74305615,A,0.14,0.0965,0.0135,0,20151651635
93,2015165,1815,2015,165,18,15,NA,NA,A,NA,NA,NA,NA,20151651815
94,2015166,1300,2015,166,13,0,NA,NA,T,NA,NA,NA,NA,20151661300
95,2015166,1435,2015,166,14,35,NA,NA,T,NA,NA,NA,NA,20151661435
96,2015166,1720,2015,166,17,20,NA,NA,A,NA,NA,NA,NA,20151661720
97,2015167,1340,2015,167,13,40,NA,NA,T,NA,NA,NA,NA,20151671340
98,2015167,1625,2015,167,16,25,NA,NA,A,NA,NA,NA,NA,20151671625
99,2015167,1800,2015,167,18,0,NA,NA,A,NA,NA,NA,NA,20151671800
100,2015168,1245,2015,168,12,45,NA,NA,T,NA,NA,NA,NA,20151681245
101,2015168,1425,2015,168,14,25,NA,NA,T,NA,NA,NA,NA,20151681425
102,2015168,1705,2015,168,17,5,NA,NA,A,NA,NA,NA,NA,20151681705
103,2015169,1330,2015,169,13,30,-23.55416666,-46.74009194,T,0.06425,0.044,0.0246,0,20151691330
104,2015169,1610,2015,169,16,10,NA,NA,A,NA,NA,NA,NA,20151691610
105,2015169,1750,2015,169,17,50,NA,NA,A,NA,NA,NA,NA,20151691750
106,2015170,1235,2015,170,12,35,NA,NA,T,NA,NA,NA,NA,20151701235
107,2015170,1410,2015,170,14,10,NA,NA,T,NA,NA,NA,NA,20151701410
108,2015170,1655,2015,170,16,55,NA,NA,A,NA,NA,NA,NA,20151701655
109,2015170,1830,2015,170,18,30,NA,NA,A,NA,NA,NA,NA,20151701830
110,2015171,1315,2015,171,13,15,NA,NA,T,NA,NA,NA,NA,20151711315
111,2015171,1600,2015,171,16,0,NA,NA,A,NA,NA,NA,NA,20151711600
112,2015171,1735,2015,171,17,35,-23.55416666,-46.74009194,A,0.097,0.06675,0.0114,0,20151711735
113,2015172,1400,2015,172,14,0,-23.55416666,-46.74009194,T,0.05075,0.03475,0.0067,0,20151721400
114,2015172,1640,2015,172,16,40,-23.55416666,-46.74009194,A,0.0575,0.039,0.0169,0,20151721640
115,2015172,1820,2015,172,18,20,NA,NA,A,NA,NA,NA,NA,20151721820
116,2015173,1305,2015,173,13,5,-23.55416666,-46.74009194,T,0.07525,0.0515,0.0227,0,20151731305
117,2015173,1440,2015,173,14,40,NA,NA,T,NA,NA,NA,NA,20151731440
118,2015173,1725,2015,173,17,25,-23.55416666,-46.74009194,A,0.054,0.03725,0.0163,0,20151731725
119,2015174,1345,2015,174,13,45,-23.55416666,-46.74009194,T,0.03675,0.025,0.012,0,20151741345
120,2015174,1630,2015,174,16,30,NA,NA,A,NA,NA,NA,NA,20151741630
121,2015174,1805,2015,174,18,5,NA,NA,A,NA,NA,NA,NA,20151741805
122,2015175,1250,2015,175,12,50,NA,NA,T,NA,NA,NA,NA,20151751250
123,2015175,1430,2015,175,14,30,NA,NA,T,NA,NA,NA,NA,20151751430
124,2015175,1715,2015,175,17,15,NA,NA,A,NA,NA,NA,NA,20151751715
125,2015176,1335,2015,176,13,35,NA,NA,T,NA,NA,NA,NA,20151761335
126,2015176,1615,2015,176,16,15,NA,NA,A,NA,NA,NA,NA,20151761615
127,2015176,1755,2015,176,17,55,NA,NA,A,NA,NA,NA,NA,20151761755
128,2015177,1240,2015,177,12,40,NA,NA,T,NA,NA,NA,NA,20151771240
129,2015177,1420,2015,177,14,20,NA,NA,T,NA,NA,NA,NA,20151771420
130,2015177,1700,2015,177,17,0,NA,NA,A,NA,NA,NA,NA,20151771700
131,2015178,1325,2015,178,13,25,-23.55416666,-46.74009194,T,0.066,0.04525,0.0269,0,20151781325
132,2015178,1605,2015,178,16,5,NA,NA,A,NA,NA,NA,NA,20151781605
133,2015178,1745,2015,178,17,45,-23.55416666,-46.74009194,A,0.034,0.02325,0.0091,0,20151781745
134,2015179,1225,2015,179,12,25,NA,NA,T,NA,NA,NA,NA,20151791225
135,2015179,1405,2015,179,14,5,-23.55416666,-46.74009194,T,0.0245,0.01625,0.0057,0,20151791405
136,2015179,1650,2015,179,16,50,-23.55416666,-46.74009194,A,0.04225,0.029,0.023,0,20151791650
137,2015179,1825,2015,179,18,25,NA,NA,A,NA,NA,NA,NA,20151791825
138,2015180,1310,2015,180,13,10,NA,NA,T,NA,NA,NA,NA,20151801310
139,2015180,1450,2015,180,14,50,NA,NA,T,NA,NA,NA,NA,20151801450
140,2015180,1550,2015,180,15,50,NA,NA,A,NA,NA,NA,NA,20151801550
141,2015180,1730,2015,180,17,30,NA,NA,A,NA,NA,NA,NA,20151801730
142,2015181,1355,2015,181,13,55,-23.55416666,-46.74009194,T,0.0455,0.03125,0.0092,0,20151811355
143,2015181,1635,2015,181,16,35,NA,NA,A,NA,NA,NA,NA,20151811635
144,2015181,1815,2015,181,18,15,NA,NA,A,NA,NA,NA,NA,20151811815
145,2015182,1300,2015,182,13,0,NA,NA,T,NA,NA,NA,NA,20151821300
146,2015182,1435,2015,182,14,35,NA,NA,T,NA,NA,NA,NA,20151821435
147,2015182,1720,2015,182,17,20,NA,NA,A,NA,NA,NA,NA,20151821720
148,2015183,1340,2015,183,13,40,NA,NA,T,NA,NA,NA,NA,20151831340
149,2015183,1625,2015,183,16,25,NA,NA,A,NA,NA,NA,NA,20151831625
150,2015183,1800,2015,183,18,0,NA,NA,A,NA,NA,NA,NA,20151831800
151,2015184,1245,2015,184,12,45,NA,NA,T,NA,NA,NA,NA,20151841245
152,2015184,1425,2015,184,14,25,NA,NA,T,NA,NA,NA,NA,20151841425
153,2015184,1705,2015,184,17,5,NA,NA,A,NA,NA,NA,NA,20151841705
154,2015185,1330,2015,185,13,30,NA,NA,T,NA,NA,NA,NA,20151851330
155,2015185,1610,2015,185,16,10,NA,NA,A,NA,NA,NA,NA,20151851610
156,2015185,1750,2015,185,17,50,NA,NA,A,NA,NA,NA,NA,20151851750
157,2015186,1235,2015,186,12,35,NA,NA,T,NA,NA,NA,NA,20151861235
158,2015186,1410,2015,186,14,10,NA,NA,T,NA,NA,NA,NA,20151861410
159,2015186,1655,2015,186,16,55,NA,NA,A,NA,NA,NA,NA,20151861655
160,2015186,1830,2015,186,18,30,NA,NA,A,NA,NA,NA,NA,20151861830
161,2015187,1315,2015,187,13,15,NA,NA,T,NA,NA,NA,NA,20151871315
162,2015187,1600,2015,187,16,0,NA,NA,A,NA,NA,NA,NA,20151871600
163,2015187,1735,2015,187,17,35,NA,NA,A,NA,NA,NA,NA,20151871735
164,2015188,1400,2015,188,14,0,NA,NA,T,NA,NA,NA,NA,20151881400
165,2015188,1640,2015,188,16,40,NA,NA,A,NA,NA,NA,NA,20151881640
166,2015188,1820,2015,188,18,20,NA,NA,A,NA,NA,NA,NA,20151881820
167,2015189,1305,2015,189,13,5,NA,NA,T,NA,NA,NA,NA,20151891305
168,2015189,1440,2015,189,14,40,NA,NA,T,NA,NA,NA,NA,20151891440
169,2015189,1725,2015,189,17,25,NA,NA,A,NA,NA,NA,NA,20151891725
170,2015190,1345,2015,190,13,45,NA,NA,T,NA,NA,NA,NA,20151901345
171,2015190,1630,2015,190,16,30,NA,NA,A,NA,NA,NA,NA,20151901630
172,2015190,1805,2015,190,18,5,NA,NA,A,NA,NA,NA,NA,20151901805
173,2015191,1250,2015,191,12,50,-23.55416666,-46.74009194,T,0.10525,0.07225,0.0179,0,20151911250
174,2015191,1430,2015,191,14,30,NA,NA,T,NA,NA,NA,NA,20151911430
175,2015191,1710,2015,191,17,10,NA,NA,A,NA,NA,NA,NA,20151911710
176,2015192,1335,2015,192,13,35,NA,NA,T,NA,NA,NA,NA,20151921335
177,2015192,1615,2015,192,16,15,NA,NA,A,NA,NA,NA,NA,20151921615
178,2015192,1755,2015,192,17,55,NA,NA,A,NA,NA,NA,NA,20151921755
179,2015193,1240,2015,193,12,40,NA,NA,T,NA,NA,NA,NA,20151931240
180,2015193,1420,2015,193,14,20,NA,NA,T,NA,NA,NA,NA,20151931420
181,2015193,1700,2015,193,17,0,NA,NA,A,NA,NA,NA,NA,20151931700
182,2015194,1325,2015,194,13,25,NA,NA,T,NA,NA,NA,NA,20151941325
183,2015194,1605,2015,194,16,5,NA,NA,A,NA,NA,NA,NA,20151941605
184,2015194,1745,2015,194,17,45,NA,NA,A,NA,NA,NA,NA,20151941745
185,2015195,1230,2015,195,12,30,NA,NA,T,NA,NA,NA,NA,20151951230
186,2015195,1405,2015,195,14,5,NA,NA,T,NA,NA,NA,NA,20151951405
187,2015195,1650,2015,195,16,50,NA,NA,A,NA,NA,NA,NA,20151951650
188,2015195,1825,2015,195,18,25,NA,NA,A,NA,NA,NA,NA,20151951825
189,2015196,1310,2015,196,13,10,NA,NA,T,NA,NA,NA,NA,20151961310
190,2015196,1450,2015,196,14,50,NA,NA,T,NA,NA,NA,NA,20151961450
191,2015196,1550,2015,196,15,50,NA,NA,A,NA,NA,NA,NA,20151961550
192,2015196,1730,2015,196,17,30,NA,NA,A,NA,NA,NA,NA,20151961730
193,2015197,1355,2015,197,13,55,NA,NA,T,NA,NA,NA,NA,20151971355
194,2015197,1635,2015,197,16,35,NA,NA,A,NA,NA,NA,NA,20151971635
195,2015197,1815,2015,197,18,15,NA,NA,A,NA,NA,NA,NA,20151971815
196,2015198,1300,2015,198,13,0,NA,NA,T,NA,NA,NA,NA,20151981300
197,2015198,1435,2015,198,14,35,NA,NA,T,NA,NA,NA,NA,20151981435
198,2015198,1720,2015,198,17,20,NA,NA,A,NA,NA,NA,NA,20151981720
199,2015199,1340,2015,199,13,40,NA,NA,T,NA,NA,NA,NA,20151991340
200,2015199,1625,2015,199,16,25,NA,NA,A,NA,NA,NA,NA,20151991625
201,2015199,1800,2015,199,18,0,NA,NA,A,NA,NA,NA,NA,20151991800
1,2015200,1245,2015,200,12,45,-23.55416666,-46.74009194,T,0.0715,0.049,0.015,0,20152001245
2,2015200,1425,2015,200,14,25,NA,NA,T,NA,NA,NA,NA,20152001425
3,2015200,1705,2015,200,17,5,NA,NA,A,NA,NA,NA,NA,20152001705
4,2015201,1330,2015,201,13,30,NA,NA,T,NA,NA,NA,NA,20152011330
5,2015201,1610,2015,201,16,10,NA,NA,A,NA,NA,NA,NA,20152011610
6,2015201,1750,2015,201,17,50,NA,NA,A,NA,NA,NA,NA,20152011750
7,2015202,1235,2015,202,12,35,NA,NA,T,NA,NA,NA,NA,20152021235
8,2015202,1410,2015,202,14,10,NA,NA,T,NA,NA,NA,NA,20152021410
9,2015202,1655,2015,202,16,55,NA,NA,A,NA,NA,NA,NA,20152021655
10,2015202,1830,2015,202,18,30,NA,NA,A,NA,NA,NA,NA,20152021830
11,2015203,1315,2015,203,13,15,NA,NA,T,NA,NA,NA,NA,20152031315
12,2015203,1600,2015,203,16,0,NA,NA,A,NA,NA,NA,NA,20152031600
13,2015203,1735,2015,203,17,35,NA,NA,A,NA,NA,NA,NA,20152031735
14,2015204,1400,2015,204,14,0,NA,NA,T,NA,NA,NA,NA,20152041400
15,2015204,1640,2015,204,16,40,NA,NA,A,NA,NA,NA,NA,20152041640
16,2015204,1820,2015,204,18,20,NA,NA,A,NA,NA,NA,NA,20152041820
17,2015205,1305,2015,205,13,5,-23.55416666,-46.74009194,T,0.10425,0.0715,0.0236,0,20152051305
18,2015205,1445,2015,205,14,45,NA,NA,T,NA,NA,NA,NA,20152051445
19,2015205,1725,2015,205,17,25,NA,NA,A,NA,NA,NA,NA,20152051725
20,2015206,1345,2015,206,13,45,NA,NA,T,NA,NA,NA,NA,20152061345
21,2015206,1630,2015,206,16,30,NA,NA,A,NA,NA,NA,NA,20152061630
22,2015206,1805,2015,206,18,5,NA,NA,A,NA,NA,NA,NA,20152061805
23,2015207,1250,2015,207,12,50,-23.55416666,-46.74009194,T,0.21375,0.148,0.0159,0,20152071250
24,2015207,1430,2015,207,14,30,NA,NA,T,NA,NA,NA,NA,20152071430
25,2015207,1710,2015,207,17,10,NA,NA,A,NA,NA,NA,NA,20152071710
26,2015208,1335,2015,208,13,35,-23.55416666,-46.74009194,T,0.0555,0.038,0.0253,0,20152081335
27,2015208,1615,2015,208,16,15,-23.55416666,-46.74009194,A,0.05675,0.039,0.008,0,20152081615
28,2015208,1755,2015,208,17,55,NA,NA,A,NA,NA,NA,NA,20152081755
29,2015209,1240,2015,209,12,40,-23.55416666,-46.74009194,T,0.37875,0.26475,0.0128,0,20152091240
30,2015209,1420,2015,209,14,20,NA,NA,T,NA,NA,NA,NA,20152091420
31,2015209,1700,2015,209,17,0,-23.55416666,-46.74009194,A,0.03425,0.02375,0.035,0,20152091700
32,2015210,1325,2015,210,13,25,-23.55416666,-46.74009194,T,0.13,0.089,0.0316,0,20152101325
33,2015210,1605,2015,210,16,5,NA,NA,A,NA,NA,NA,NA,20152101605
34,2015210,1745,2015,210,17,45,-23.5625,-46.74305615,A,0.1275,0.0875,0.0104,0,20152101745
35,2015211,1230,2015,211,12,30,NA,NA,T,NA,NA,NA,NA,20152111230
36,2015211,1405,2015,211,14,5,-23.55416666,-46.74009194,T,0.0885,0.0605,0.0064,0,20152111405
37,2015211,1650,2015,211,16,50,-23.55416666,-46.74009194,A,0.03,0.02075,0.0275,0,20152111650
38,2015211,1825,2015,211,18,25,NA,NA,A,NA,NA,NA,NA,20152111825
39,2015212,1310,2015,212,13,10,-23.55416666,-46.74009194,T,0.10775,0.074,0.0305,0,20152121310
40,2015212,1450,2015,212,14,50,NA,NA,T,NA,NA,NA,NA,20152121450
41,2015212,1550,2015,212,15,50,NA,NA,A,NA,NA,NA,NA,20152121550
42,2015212,1730,2015,212,17,30,-23.55416666,-46.74009194,A,0.115,0.07925,0.0155,0,20152121730
43,2015213,1355,2015,213,13,55,-23.55416666,-46.74009194,T,0.12775,0.08775,0.0119,0,20152131355
44,2015213,1635,2015,213,16,35,-23.55416666,-46.74009194,A,0.171,0.1175,0.0195,0,20152131635
45,2015213,1810,2015,213,18,10,NA,NA,A,NA,NA,NA,NA,20152131810
46,2015214,1300,2015,214,13,0,-23.55416666,-46.74009194,T,0.0505,0.0345,0.0216,0,20152141300
47,2015214,1435,2015,214,14,35,NA,NA,T,NA,NA,NA,NA,20152141435
48,2015214,1720,2015,214,17,20,-23.55416666,-46.74009194,A,0.0535,0.03625,0.0213,0,20152141720
49,2015215,1340,2015,215,13,40,-23.55416666,-46.74009194,T,0.051,0.03475,0.0191,0,20152151340
50,2015215,1625,2015,215,16,25,-23.55416666,-46.74009194,A,0.05725,0.039,0.0103,0,20152151625
51,2015215,1800,2015,215,18,0,NA,NA,A,NA,NA,NA,NA,20152151800
52,2015216,1245,2015,216,12,45,-23.55416666,-46.74009194,T,0.0615,0.042,0.0135,0,20152161245
53,2015216,1425,2015,216,14,25,NA,NA,T,NA,NA,NA,NA,20152161425
54,2015216,1705,2015,216,17,5,-23.55416666,-46.74009194,A,0.112,0.077,0.036,0,20152161705
55,2015217,1330,2015,217,13,30,-23.55416666,-46.74009194,T,0.114,0.07825,0.0316,0,20152171330
56,2015217,1610,2015,217,16,10,NA,NA,A,NA,NA,NA,NA,20152171610
57,2015217,1750,2015,217,17,50,NA,NA,A,NA,NA,NA,NA,20152171750
58,2015218,1235,2015,218,12,35,NA,NA,T,NA,NA,NA,NA,20152181235
59,2015218,1410,2015,218,14,10,NA,NA,T,NA,NA,NA,NA,20152181410
60,2015218,1655,2015,218,16,55,NA,NA,A,NA,NA,NA,NA,20152181655
61,2015218,1830,2015,218,18,30,NA,NA,A,NA,NA,NA,NA,20152181830
62,2015219,1315,2015,219,13,15,-23.55416666,-46.74009194,T,0.08625,0.059,0.0382,0,20152191315
63,2015219,1600,2015,219,16,0,NA,NA,A,NA,NA,NA,NA,20152191600
64,2015219,1735,2015,219,17,35,-23.55416666,-46.74009194,A,0.0965,0.066,0.0144,0,20152191735
65,2015220,1400,2015,220,14,0,-23.55416666,-46.74009194,T,0.114,0.07825,0.0086,0,20152201400
66,2015220,1640,2015,220,16,40,NA,NA,A,NA,NA,NA,NA,20152201640
67,2015220,1820,2015,220,18,20,NA,NA,A,NA,NA,NA,NA,20152201820
68,2015221,1305,2015,221,13,5,-23.55416666,-46.74009194,T,0.18275,0.126,0.0241,0,20152211305
69,2015221,1440,2015,221,14,40,NA,NA,T,NA,NA,NA,NA,20152211440
70,2015221,1725,2015,221,17,25,NA,NA,A,NA,NA,NA,NA,20152211725
71,2015222,1345,2015,222,13,45,-23.55416666,-46.74009194,T,0.06725,0.04575,0.0138,0,20152221345
72,2015222,1630,2015,222,16,30,-23.55416666,-46.74009194,A,0.06925,0.04725,0.0131,0,20152221630
73,2015222,1805,2015,222,18,5,NA,NA,A,NA,NA,NA,NA,20152221805
74,2015223,1250,2015,223,12,50,-23.55416666,-46.74009194,T,0.04525,0.03075,0.0165,0,20152231250
75,2015223,1430,2015,223,14,30,NA,NA,T,NA,NA,NA,NA,20152231430
76,2015223,1710,2015,223,17,10,-23.55416666,-46.74009194,A,0.039,0.02675,0.0277,0,20152231710
77,2015224,1335,2015,224,13,35,-23.55416666,-46.74009194,T,0.0705,0.04825,0.027,0,20152241335
78,2015224,1615,2015,224,16,15,-23.55416666,-46.74009194,A,0.126,0.0865,0.0083,0,20152241615
79,2015224,1755,2015,224,17,55,NA,NA,A,NA,NA,NA,NA,20152241755
80,2015225,1240,2015,225,12,40,-23.55416666,-46.74009194,T,0.0905,0.062,0.0153,0,20152251240
81,2015225,1420,2015,225,14,20,NA,NA,T,NA,NA,NA,NA,20152251420
82,2015225,1700,2015,225,17,0,-23.55416666,-46.74009194,A,0.06025,0.04125,0.0433,0,20152251700
83,2015226,1325,2015,226,13,25,-23.55416666,-46.74009194,T,0.08525,0.0585,0.0428,0,20152261325
84,2015226,1605,2015,226,16,5,NA,NA,A,NA,NA,NA,NA,20152261605
85,2015226,1745,2015,226,17,45,-23.55416666,-46.74009194,A,0.06125,0.04175,0.0139,0,20152261745
86,2015227,1225,2015,227,12,25,NA,NA,T,NA,NA,NA,NA,20152271225
87,2015227,1405,2015,227,14,5,-23.55416666,-46.74009194,T,0.05275,0.036,0.0074,0,20152271405
88,2015227,1650,2015,227,16,50,NA,NA,A,NA,NA,NA,NA,20152271650
89,2015227,1825,2015,227,18,25,NA,NA,A,NA,NA,NA,NA,20152271825
90,2015228,1310,2015,228,13,10,-23.55416666,-46.74009194,T,0.091,0.0625,0.0399,0,20152281310
91,2015228,1450,2015,228,14,50,NA,NA,T,NA,NA,NA,NA,20152281450
92,2015228,1550,2015,228,15,50,NA,NA,A,NA,NA,NA,NA,20152281550
93,2015228,1730,2015,228,17,30,NA,NA,A,NA,NA,NA,NA,20152281730
94,2015229,1355,2015,229,13,55,-23.55416666,-46.74009194,T,0.0965,0.06625,0.0125,0,20152291355
95,2015229,1635,2015,229,16,35,NA,NA,A,NA,NA,NA,NA,20152291635
96,2015229,1810,2015,229,18,10,NA,NA,A,NA,NA,NA,NA,20152291810
97,2015230,1300,2015,230,13,0,NA,NA,T,NA,NA,NA,NA,20152301300
98,2015230,1435,2015,230,14,35,NA,NA,T,NA,NA,NA,NA,20152301435
99,2015230,1720,2015,230,17,20,NA,NA,A,NA,NA,NA,NA,20152301720
100,2015231,1340,2015,231,13,40,-23.55416666,-46.74009194,T,0.128,0.08775,0.0241,0,20152311340
101,2015231,1625,2015,231,16,25,-23.55416666,-46.74009194,A,0.20275,0.14025,0.0119,0,20152311625
102,2015231,1800,2015,231,18,0,NA,NA,A,NA,NA,NA,NA,20152311800
103,2015232,1245,2015,232,12,45,NA,NA,T,NA,NA,NA,NA,20152321245
104,2015232,1425,2015,232,14,25,NA,NA,T,NA,NA,NA,NA,20152321425
105,2015232,1705,2015,232,17,5,NA,NA,A,NA,NA,NA,NA,20152321705
106,2015233,1330,2015,233,13,30,NA,NA,T,NA,NA,NA,NA,20152331330
107,2015233,1610,2015,233,16,10,NA,NA,A,NA,NA,NA,NA,20152331610
108,2015233,1750,2015,233,17,50,NA,NA,A,NA,NA,NA,NA,20152331750
109,2015234,1235,2015,234,12,35,NA,NA,T,NA,NA,NA,NA,20152341235
110,2015234,1410,2015,234,14,10,NA,NA,T,NA,NA,NA,NA,20152341410
111,2015234,1655,2015,234,16,55,-23.55416666,-46.74009194,A,0.14525,0.1,0.0476,0,20152341655
112,2015234,1830,2015,234,18,30,NA,NA,A,NA,NA,NA,NA,20152341830
113,2015235,1315,2015,235,13,15,NA,NA,T,NA,NA,NA,NA,20152351315
114,2015235,1600,2015,235,16,0,NA,NA,A,NA,NA,NA,NA,20152351600
115,2015235,1735,2015,235,17,35,NA,NA,A,NA,NA,NA,NA,20152351735
116,2015236,1400,2015,236,14,0,NA,NA,T,NA,NA,NA,NA,20152361400
117,2015236,1640,2015,236,16,40,NA,NA,A,NA,NA,NA,NA,20152361640
118,2015236,1820,2015,236,18,20,NA,NA,A,NA,NA,NA,NA,20152361820
119,2015237,1305,2015,237,13,5,NA,NA,T,NA,NA,NA,NA,20152371305
120,2015237,1440,2015,237,14,40,NA,NA,T,NA,NA,NA,NA,20152371440
121,2015238,1345,2015,238,13,45,NA,NA,T,NA,NA,NA,NA,20152381345
122,2015238,1630,2015,238,16,30,-23.55416666,-46.74009194,A,0.35825,0.2505,0.017,0,20152381630
123,2015238,1805,2015,238,18,5,NA,NA,A,NA,NA,NA,NA,20152381805
124,2015239,1250,2015,239,12,50,NA,NA,T,NA,NA,NA,NA,20152391250
125,2015239,1430,2015,239,14,30,NA,NA,T,NA,NA,NA,NA,20152391430
126,2015239,1710,2015,239,17,10,NA,NA,A,NA,NA,NA,NA,20152391710
127,2015240,1335,2015,240,13,35,NA,NA,T,NA,NA,NA,NA,20152401335
128,2015240,1615,2015,240,16,15,NA,NA,A,NA,NA,NA,NA,20152401615
129,2015240,1755,2015,240,17,55,NA,NA,A,NA,NA,NA,NA,20152401755
130,2015241,1240,2015,241,12,40,-23.55416666,-46.74009194,T,0.17825,0.12225,0.0139,0,20152411240
131,2015241,1420,2015,241,14,20,NA,NA,T,NA,NA,NA,NA,20152411420
132,2015241,1700,2015,241,17,0,-23.55416666,-46.74009194,A,0.07075,0.04825,0.0474,0,20152411700
133,2015242,1325,2015,242,13,25,-23.55416666,-46.74009194,T,0.051,0.03475,0.0487,0,20152421325
134,2015242,1605,2015,242,16,5,NA,NA,A,NA,NA,NA,NA,20152421605
135,2015242,1740,2015,242,17,40,-23.55416666,-46.74009194,A,0.024,0.0165,0.0124,0,20152421740
136,2015243,1225,2015,243,12,25,NA,NA,T,NA,NA,NA,NA,20152431225
137,2015243,1405,2015,243,14,5,-23.55416666,-46.74009194,T,0.048,0.033,0.0085,0,20152431405
138,2015243,1645,2015,243,16,45,-23.55416666,-46.74009194,A,0.04525,0.031,0.0311,0,20152431645
139,2015243,1825,2015,243,18,25,NA,NA,A,NA,NA,NA,NA,20152431825
140,2015244,1310,2015,244,13,10,-23.55416666,-46.74009194,T,0.04275,0.02925,0.0421,0,20152441310
141,2015244,1450,2015,244,14,50,NA,NA,T,NA,NA,NA,NA,20152441450
142,2015244,1550,2015,244,15,50,NA,NA,A,NA,NA,NA,NA,20152441550
143,2015244,1730,2015,244,17,30,-23.55416666,-46.74009194,A,0.317,0.221,0.0204,0,20152441730
144,2015245,1355,2015,245,13,55,NA,NA,T,NA,NA,NA,NA,20152451355
145,2015245,1635,2015,245,16,35,NA,NA,A,NA,NA,NA,NA,20152451635
146,2015245,1810,2015,245,18,10,NA,NA,A,NA,NA,NA,NA,20152451810
147,2015246,1300,2015,246,13,0,NA,NA,T,NA,NA,NA,NA,20152461300
148,2015246,1435,2015,246,14,35,NA,NA,T,NA,NA,NA,NA,20152461435
149,2015246,1720,2015,246,17,20,NA,NA,A,NA,NA,NA,NA,20152461720
150,2015247,1340,2015,247,13,40,NA,NA,T,NA,NA,NA,NA,20152471340
151,2015247,1625,2015,247,16,25,NA,NA,A,NA,NA,NA,NA,20152471625
152,2015247,1800,2015,247,18,0,NA,NA,A,NA,NA,NA,NA,20152471800
153,2015248,1245,2015,248,12,45,NA,NA,T,NA,NA,NA,NA,20152481245
154,2015248,1425,2015,248,14,25,NA,NA,T,NA,NA,NA,NA,20152481425
155,2015248,1705,2015,248,17,5,NA,NA,A,NA,NA,NA,NA,20152481705
156,2015249,1330,2015,249,13,30,NA,NA,T,NA,NA,NA,NA,20152491330
157,2015249,1610,2015,249,16,10,NA,NA,A,NA,NA,NA,NA,20152491610
158,2015249,1750,2015,249,17,50,NA,NA,A,NA,NA,NA,NA,20152491750
159,2015250,1235,2015,250,12,35,NA,NA,T,NA,NA,NA,NA,20152501235
160,2015250,1410,2015,250,14,10,NA,NA,T,NA,NA,NA,NA,20152501410
161,2015250,1655,2015,250,16,55,NA,NA,A,NA,NA,NA,NA,20152501655
162,2015250,1830,2015,250,18,30,NA,NA,A,NA,NA,NA,NA,20152501830
163,2015251,1315,2015,251,13,15,NA,NA,T,NA,NA,NA,NA,20152511315
164,2015251,1600,2015,251,16,0,NA,NA,A,NA,NA,NA,NA,20152511600
165,2015251,1735,2015,251,17,35,NA,NA,A,NA,NA,NA,NA,20152511735
166,2015252,1400,2015,252,14,0,NA,NA,T,NA,NA,NA,NA,20152521400
167,2015252,1640,2015,252,16,40,NA,NA,A,NA,NA,NA,NA,20152521640
168,2015252,1820,2015,252,18,20,NA,NA,A,NA,NA,NA,NA,20152521820
169,2015253,1305,2015,253,13,5,NA,NA,T,NA,NA,NA,NA,20152531305
170,2015253,1440,2015,253,14,40,NA,NA,T,NA,NA,NA,NA,20152531440
171,2015253,1725,2015,253,17,25,NA,NA,A,NA,NA,NA,NA,20152531725
172,2015254,1345,2015,254,13,45,NA,NA,T,NA,NA,NA,NA,20152541345
173,2015254,1630,2015,254,16,30,NA,NA,A,NA,NA,NA,NA,20152541630
174,2015254,1805,2015,254,18,5,NA,NA,A,NA,NA,NA,NA,20152541805
175,2015255,1250,2015,255,12,50,NA,NA,T,NA,NA,NA,NA,20152551250
176,2015255,1430,2015,255,14,30,NA,NA,T,NA,NA,NA,NA,20152551430
177,2015255,1710,2015,255,17,10,NA,NA,A,NA,NA,NA,NA,20152551710
178,2015256,1335,2015,256,13,35,NA,NA,T,NA,NA,NA,NA,20152561335
179,2015256,1615,2015,256,16,15,NA,NA,A,NA,NA,NA,NA,20152561615
180,2015257,1240,2015,257,12,40,NA,NA,T,NA,NA,NA,NA,20152571240
181,2015257,1415,2015,257,14,15,NA,NA,T,NA,NA,NA,NA,20152571415
182,2015257,1700,2015,257,17,0,NA,NA,A,NA,NA,NA,NA,20152571700
183,2015258,1320,2015,258,13,20,-23.55416666,-46.74009194,T,0.38525,0.27,0.0541,0,20152581320
184,2015258,1605,2015,258,16,5,NA,NA,A,NA,NA,NA,NA,20152581605
185,2015258,1740,2015,258,17,40,NA,NA,A,NA,NA,NA,NA,20152581740
186,2015259,1225,2015,259,12,25,NA,NA,T,NA,NA,NA,NA,20152591225
187,2015259,1405,2015,259,14,5,-23.55416666,-46.74009194,T,0.19825,0.137,0.0102,0,20152591405
188,2015259,1645,2015,259,16,45,NA,NA,A,NA,NA,NA,NA,20152591645
189,2015259,1825,2015,259,18,25,NA,NA,A,NA,NA,NA,NA,20152591825
190,2015260,1310,2015,260,13,10,NA,NA,T,NA,NA,NA,NA,20152601310
191,2015260,1450,2015,260,14,50,NA,NA,T,NA,NA,NA,NA,20152601450
192,2015260,1550,2015,260,15,50,NA,NA,A,NA,NA,NA,NA,20152601550
193,2015260,1730,2015,260,17,30,-23.55416666,-46.74009194,A,0.084,0.0575,0.0234,0,20152601730
194,2015261,1355,2015,261,13,55,-23.55416666,-46.74009194,T,0.1745,0.11975,0.0182,0,20152611355
195,2015261,1635,2015,261,16,35,NA,NA,A,NA,NA,NA,NA,20152611635
196,2015261,1810,2015,261,18,10,NA,NA,A,NA,NA,NA,NA,20152611810
197,2015262,1300,2015,262,13,0,-23.55416666,-46.74009194,T,0.0715,0.049,0.0364,0,20152621300
198,2015262,1435,2015,262,14,35,NA,NA,T,NA,NA,NA,NA,20152621435
199,2015262,1720,2015,262,17,20,-23.55416666,-46.74009194,A,0.045,0.03075,0.0376,0,20152621720
200,2015263,1340,2015,263,13,40,-23.55416666,-46.74009194,T,0.1365,0.0935,0.0277,0,20152631340
201,2015263,1625,2015,263,16,25,NA,NA,A,NA,NA,NA,NA,20152631625
202,2015263,1800,2015,263,18,0,NA,NA,A,NA,NA,NA,NA,20152631800
203,2015264,1245,2015,264,12,45,-23.55416666,-46.74009194,T,0.12125,0.083,0.019,0,20152641245
204,2015264,1425,2015,264,14,25,NA,NA,T,NA,NA,NA,NA,20152641425
205,2015264,1705,2015,264,17,5,-23.55416666,-46.74009194,A,0.13575,0.093,0.0448,0,20152641705
206,2015265,1330,2015,265,13,30,-23.55416666,-46.74009194,T,0.07575,0.052,0.047,0,20152651330
207,2015265,1610,2015,265,16,10,-23.55416666,-46.74009194,A,0.32125,0.2245,0.0081,0,20152651610
208,2015265,1750,2015,265,17,50,NA,NA,A,NA,NA,NA,NA,20152651750
209,2015266,1235,2015,266,12,35,NA,NA,T,NA,NA,NA,NA,20152661235
210,2015266,1410,2015,266,14,10,NA,NA,T,NA,NA,NA,NA,20152661410
211,2015266,1655,2015,266,16,55,-23.55416666,-46.74009194,A,0.0995,0.068,0.0546,0,20152661655
212,2015266,1830,2015,266,18,30,NA,NA,A,NA,NA,NA,NA,20152661830
213,2015267,1315,2015,267,13,15,-23.55416666,-46.74009194,T,0.09575,0.06575,0.0667,0,20152671315
214,2015267,1600,2015,267,16,0,NA,NA,A,NA,NA,NA,NA,20152671600
215,2015267,1735,2015,267,17,35,-23.55416666,-46.74009194,A,0.2425,0.168,0.0203,0,20152671735
216,2015268,1400,2015,268,14,0,NA,NA,T,NA,NA,NA,NA,20152681400
217,2015268,1640,2015,268,16,40,NA,NA,A,NA,NA,NA,NA,20152681640
218,2015268,1820,2015,268,18,20,NA,NA,A,NA,NA,NA,NA,20152681820
219,2015269,1305,2015,269,13,5,NA,NA,T,NA,NA,NA,NA,20152691305
220,2015269,1440,2015,269,14,40,NA,NA,T,NA,NA,NA,NA,20152691440
221,2015269,1725,2015,269,17,25,NA,NA,A,NA,NA,NA,NA,20152691725
222,2015270,1345,2015,270,13,45,NA,NA,T,NA,NA,NA,NA,20152701345
223,2015270,1630,2015,270,16,30,NA,NA,A,NA,NA,NA,NA,20152701630
224,2015270,1805,2015,270,18,5,NA,NA,A,NA,NA,NA,NA,20152701805
225,2015271,1250,2015,271,12,50,NA,NA,T,NA,NA,NA,NA,20152711250
226,2015271,1430,2015,271,14,30,NA,NA,T,NA,NA,NA,NA,20152711430
227,2015271,1710,2015,271,17,10,NA,NA,A,NA,NA,NA,NA,20152711710
228,2015272,1335,2015,272,13,35,NA,NA,T,NA,NA,NA,NA,20152721335
229,2015272,1615,2015,272,16,15,NA,NA,A,NA,NA,NA,NA,20152721615
230,2015272,1755,2015,272,17,55,NA,NA,A,NA,NA,NA,NA,20152721755
231,2015273,1240,2015,273,12,40,NA,NA,T,NA,NA,NA,NA,20152731240
232,2015273,1415,2015,273,14,15,NA,NA,T,NA,NA,NA,NA,20152731415
233,2015273,1700,2015,273,17,0,NA,NA,A,NA,NA,NA,NA,20152731700
234,2015274,1320,2015,274,13,20,NA,NA,T,NA,NA,NA,NA,20152741320
235,2015274,1605,2015,274,16,5,NA,NA,A,NA,NA,NA,NA,20152741605
236,2015274,1740,2015,274,17,40,NA,NA,A,NA,NA,NA,NA,20152741740
237,2015275,1225,2015,275,12,25,NA,NA,T,NA,NA,NA,NA,20152751225
238,2015275,1405,2015,275,14,5,-23.55416666,-46.74009194,T,0.24575,0.17025,0.0114,0,20152751405
239,2015275,1645,2015,275,16,45,NA,NA,A,NA,NA,NA,NA,20152751645
240,2015275,1825,2015,275,18,25,NA,NA,A,NA,NA,NA,NA,20152751825
241,2015276,1310,2015,276,13,10,NA,NA,T,NA,NA,NA,NA,20152761310
242,2015276,1450,2015,276,14,50,NA,NA,T,NA,NA,NA,NA,20152761450
243,2015276,1550,2015,276,15,50,NA,NA,A,NA,NA,NA,NA,20152761550
244,2015276,1730,2015,276,17,30,NA,NA,A,NA,NA,NA,NA,20152761730
245,2015277,1350,2015,277,13,50,NA,NA,T,NA,NA,NA,NA,20152771350
246,2015277,1635,2015,277,16,35,NA,NA,A,NA,NA,NA,NA,20152771635
247,2015277,1810,2015,277,18,10,NA,NA,A,NA,NA,NA,NA,20152771810
248,2015278,1255,2015,278,12,55,NA,NA,T,NA,NA,NA,NA,20152781255
249,2015278,1435,2015,278,14,35,NA,NA,T,NA,NA,NA,NA,20152781435
250,2015278,1720,2015,278,17,20,NA,NA,A,NA,NA,NA,NA,20152781720
251,2015279,1340,2015,279,13,40,NA,NA,T,NA,NA,NA,NA,20152791340
252,2015279,1625,2015,279,16,25,-23.55416666,-46.73100119,A,0.3245,0.227,0.014,0,20152791625
253,2015279,1800,2015,279,18,0,NA,NA,A,NA,NA,NA,NA,20152791800
254,2015280,1245,2015,280,12,45,-23.55416666,-46.74009194,T,0.11575,0.07975,0.0231,0,20152801245
255,2015280,1425,2015,280,14,25,NA,NA,T,NA,NA,NA,NA,20152801425
256,2015280,1705,2015,280,17,5,-23.55416666,-46.74009194,A,0.09175,0.063,0.0301,0,20152801705
257,2015281,1330,2015,281,13,30,-23.55416666,-46.74009194,T,0.0655,0.0445,0.0587,0,20152811330
258,2015281,1610,2015,281,16,10,NA,NA,A,NA,NA,NA,NA,20152811610
259,2015281,1750,2015,281,17,50,NA,NA,A,NA,NA,NA,NA,20152811750
260,2015282,1235,2015,282,12,35,NA,NA,T,NA,NA,NA,NA,20152821235
261,2015282,1410,2015,282,14,10,NA,NA,T,NA,NA,NA,NA,20152821410
262,2015282,1655,2015,282,16,55,NA,NA,A,NA,NA,NA,NA,20152821655
263,2015282,1830,2015,282,18,30,NA,NA,A,NA,NA,NA,NA,20152821830
264,2015283,1315,2015,283,13,15,NA,NA,T,NA,NA,NA,NA,20152831315
265,2015283,1600,2015,283,16,0,NA,NA,A,NA,NA,NA,NA,20152831600
266,2015283,1735,2015,283,17,35,NA,NA,A,NA,NA,NA,NA,20152831735
267,2015284,1400,2015,284,14,0,NA,NA,T,NA,NA,NA,NA,20152841400
268,2015284,1640,2015,284,16,40,NA,NA,A,NA,NA,NA,NA,20152841640
269,2015284,1820,2015,284,18,20,NA,NA,A,NA,NA,NA,NA,20152841820
270,2015285,1305,2015,285,13,5,NA,NA,T,NA,NA,NA,NA,20152851305
271,2015285,1440,2015,285,14,40,NA,NA,T,NA,NA,NA,NA,20152851440
272,2015285,1725,2015,285,17,25,NA,NA,A,NA,NA,NA,NA,20152851725
273,2015286,1345,2015,286,13,45,NA,NA,T,NA,NA,NA,NA,20152861345
274,2015286,1630,2015,286,16,30,NA,NA,A,NA,NA,NA,NA,20152861630
275,2015286,1805,2015,286,18,5,NA,NA,A,NA,NA,NA,NA,20152861805
276,2015287,1250,2015,287,12,50,NA,NA,T,NA,NA,NA,NA,20152871250
277,2015287,1430,2015,287,14,30,NA,NA,T,NA,NA,NA,NA,20152871430
278,2015287,1710,2015,287,17,10,NA,NA,A,NA,NA,NA,NA,20152871710
279,2015288,1335,2015,288,13,35,-23.55416666,-46.74009194,T,0.146,0.10025,0.0634,0,20152881335
280,2015288,1615,2015,288,16,15,-23.55416666,-46.74009194,A,0.24375,0.169,0.0105,0,20152881615
281,2015288,1755,2015,288,17,55,NA,NA,A,NA,NA,NA,NA,20152881755
282,2015289,1240,2015,289,12,40,NA,NA,T,NA,NA,NA,NA,20152891240
283,2015289,1415,2015,289,14,15,NA,NA,T,NA,NA,NA,NA,20152891415
284,2015289,1700,2015,289,17,0,NA,NA,A,NA,NA,NA,NA,20152891700
285,2015290,1320,2015,290,13,20,NA,NA,T,NA,NA,NA,NA,20152901320
286,2015290,1605,2015,290,16,5,NA,NA,A,NA,NA,NA,NA,20152901605
287,2015290,1740,2015,290,17,40,NA,NA,A,NA,NA,NA,NA,20152901740
288,2015291,1225,2015,291,12,25,NA,NA,T,NA,NA,NA,NA,20152911225
289,2015291,1405,2015,291,14,5,NA,NA,T,NA,NA,NA,NA,20152911405
290,2015291,1645,2015,291,16,45,NA,NA,A,NA,NA,NA,NA,20152911645
291,2015291,1825,2015,291,18,25,NA,NA,A,NA,NA,NA,NA,20152911825
292,2015292,1310,2015,292,13,10,NA,NA,T,NA,NA,NA,NA,20152921310
293,2015292,1450,2015,292,14,50,NA,NA,T,NA,NA,NA,NA,20152921450
294,2015292,1550,2015,292,15,50,NA,NA,A,NA,NA,NA,NA,20152921550
295,2015292,1730,2015,292,17,30,-23.55416666,-46.74009194,A,0.4485,0.316,0.0228,0,20152921730
296,2015293,1355,2015,293,13,55,-23.55416666,-46.74009194,T,0.4545,0.3205,0.024,0,20152931355
297,2015293,1635,2015,293,16,35,NA,NA,A,NA,NA,NA,NA,20152931635
298,2015293,1810,2015,293,18,10,NA,NA,A,NA,NA,NA,NA,20152931810
299,2015294,1300,2015,294,13,0,NA,NA,T,NA,NA,NA,NA,20152941300
300,2015294,1435,2015,294,14,35,NA,NA,T,NA,NA,NA,NA,20152941435
301,2015294,1720,2015,294,17,20,NA,NA,A,NA,NA,NA,NA,20152941720
302,2015295,1340,2015,295,13,40,NA,NA,T,NA,NA,NA,NA,20152951340
303,2015295,1625,2015,295,16,25,NA,NA,A,NA,NA,NA,NA,20152951625
304,2015295,1800,2015,295,18,0,NA,NA,A,NA,NA,NA,NA,20152951800
305,2015296,1245,2015,296,12,45,NA,NA,T,NA,NA,NA,NA,20152961245
306,2015296,1425,2015,296,14,25,NA,NA,T,NA,NA,NA,NA,20152961425
307,2015296,1705,2015,296,17,5,NA,NA,A,NA,NA,NA,NA,20152961705
308,2015297,1330,2015,297,13,30,NA,NA,T,NA,NA,NA,NA,20152971330
309,2015297,1610,2015,297,16,10,NA,NA,A,NA,NA,NA,NA,20152971610
310,2015297,1750,2015,297,17,50,NA,NA,A,NA,NA,NA,NA,20152971750
311,2015298,1235,2015,298,12,35,NA,NA,T,NA,NA,NA,NA,20152981235
312,2015298,1410,2015,298,14,10,NA,NA,T,NA,NA,NA,NA,20152981410
313,2015298,1655,2015,298,16,55,NA,NA,A,NA,NA,NA,NA,20152981655
314,2015298,1830,2015,298,18,30,NA,NA,A,NA,NA,NA,NA,20152981830
315,2015299,1315,2015,299,13,15,NA,NA,T,NA,NA,NA,NA,20152991315
316,2015299,1600,2015,299,16,0,NA,NA,A,NA,NA,NA,NA,20152991600
317,2015299,1735,2015,299,17,35,NA,NA,A,NA,NA,NA,NA,20152991735
318,2015300,1400,2015,300,14,0,NA,NA,T,NA,NA,NA,NA,20153001400
319,2015300,1640,2015,300,16,40,NA,NA,A,NA,NA,NA,NA,20153001640
320,2015300,1820,2015,300,18,20,NA,NA,A,NA,NA,NA,NA,20153001820
321,2015301,1305,2015,301,13,5,NA,NA,T,NA,NA,NA,NA,20153011305
322,2015301,1725,2015,301,17,25,NA,NA,A,NA,NA,NA,NA,20153011725
323,2015302,1345,2015,302,13,45,NA,NA,T,NA,NA,NA,NA,20153021345
324,2015302,1630,2015,302,16,30,NA,NA,A,NA,NA,NA,NA,20153021630
325,2015302,1805,2015,302,18,5,NA,NA,A,NA,NA,NA,NA,20153021805
326,2015303,1250,2015,303,12,50,-23.55416666,-46.74009194,T,0.06625,0.0455,0.0306,0,20153031250
327,2015303,1430,2015,303,14,30,NA,NA,T,NA,NA,NA,NA,20153031430
328,2015303,1710,2015,303,17,10,NA,NA,A,NA,NA,NA,NA,20153031710
329,2015304,1335,2015,304,13,35,NA,NA,T,NA,NA,NA,NA,20153041335
330,2015304,1615,2015,304,16,15,NA,NA,A,NA,NA,NA,NA,20153041615
331,2015304,1755,2015,304,17,55,NA,NA,A,NA,NA,NA,NA,20153041755
332,2015305,1240,2015,305,12,40,NA,NA,T,NA,NA,NA,NA,20153051240
333,2015305,1415,2015,305,14,15,NA,NA,T,NA,NA,NA,NA,20153051415
334,2015305,1700,2015,305,17,0,NA,NA,A,NA,NA,NA,NA,20153051700
335,2015306,1320,2015,306,13,20,NA,NA,T,NA,NA,NA,NA,20153061320
336,2015306,1605,2015,306,16,5,NA,NA,A,NA,NA,NA,NA,20153061605
337,2015306,1740,2015,306,17,40,NA,NA,A,NA,NA,NA,NA,20153061740
338,2015307,1225,2015,307,12,25,NA,NA,T,NA,NA,NA,NA,20153071225
339,2015307,1405,2015,307,14,5,NA,NA,T,NA,NA,NA,NA,20153071405
340,2015307,1645,2015,307,16,45,NA,NA,A,NA,NA,NA,NA,20153071645
341,2015307,1825,2015,307,18,25,NA,NA,A,NA,NA,NA,NA,20153071825
342,2015308,1310,2015,308,13,10,NA,NA,T,NA,NA,NA,NA,20153081310
343,2015308,1450,2015,308,14,50,NA,NA,T,NA,NA,NA,NA,20153081450
344,2015308,1550,2015,308,15,50,NA,NA,A,NA,NA,NA,NA,20153081550
345,2015308,1730,2015,308,17,30,NA,NA,A,NA,NA,NA,NA,20153081730
346,2015309,1355,2015,309,13,55,NA,NA,T,NA,NA,NA,NA,20153091355
347,2015309,1635,2015,309,16,35,NA,NA,A,NA,NA,NA,NA,20153091635
348,2015309,1810,2015,309,18,10,NA,NA,A,NA,NA,NA,NA,20153091810
349,2015310,1300,2015,310,13,0,NA,NA,T,NA,NA,NA,NA,20153101300
350,2015310,1435,2015,310,14,35,NA,NA,T,NA,NA,NA,NA,20153101435
351,2015310,1720,2015,310,17,20,NA,NA,A,NA,NA,NA,NA,20153101720
352,2015311,1340,2015,311,13,40,NA,NA,T,NA,NA,NA,NA,20153111340
353,2015311,1625,2015,311,16,25,NA,NA,A,NA,NA,NA,NA,20153111625
354,2015311,1800,2015,311,18,0,NA,NA,A,NA,NA,NA,NA,20153111800
355,2015312,1245,2015,312,12,45,NA,NA,T,NA,NA,NA,NA,20153121245
356,2015312,1425,2015,312,14,25,NA,NA,T,NA,NA,NA,NA,20153121425
357,2015312,1705,2015,312,17,5,NA,NA,A,NA,NA,NA,NA,20153121705
358,2015313,1330,2015,313,13,30,NA,NA,T,NA,NA,NA,NA,20153131330
359,2015313,1610,2015,313,16,10,NA,NA,A,NA,NA,NA,NA,20153131610
360,2015313,1750,2015,313,17,50,NA,NA,A,NA,NA,NA,NA,20153131750
4,2015314,1235,2015,314,12,35,NA,NA,T,NA,NA,NA,NA,20153141235
5,2015314,1410,2015,314,14,10,NA,NA,T,NA,NA,NA,NA,20153141410
6,2015314,1655,2015,314,16,55,NA,NA,A,NA,NA,NA,NA,20153141655
7,2015314,1830,2015,314,18,30,NA,NA,A,NA,NA,NA,NA,20153141830
361,2015315,1315,2015,315,13,15,NA,NA,T,NA,NA,NA,NA,20153151315
362,2015315,1600,2015,315,16,0,NA,NA,A,NA,NA,NA,NA,20153151600
363,2015315,1735,2015,315,17,35,NA,NA,A,NA,NA,NA,NA,20153151735
364,2015316,1400,2015,316,14,0,NA,NA,T,NA,NA,NA,NA,20153161400
365,2015316,1640,2015,316,16,40,NA,NA,A,NA,NA,NA,NA,20153161640
366,2015316,1820,2015,316,18,20,NA,NA,A,NA,NA,NA,NA,20153161820
367,2015317,1305,2015,317,13,5,NA,NA,T,NA,NA,NA,NA,20153171305
368,2015317,1440,2015,317,14,40,NA,NA,T,NA,NA,NA,NA,20153171440
369,2015317,1725,2015,317,17,25,NA,NA,A,NA,NA,NA,NA,20153171725
370,2015318,1345,2015,318,13,45,NA,NA,T,NA,NA,NA,NA,20153181345
371,2015318,1630,2015,318,16,30,NA,NA,A,NA,NA,NA,NA,20153181630
372,2015318,1805,2015,318,18,5,NA,NA,A,NA,NA,NA,NA,20153181805
373,2015319,1250,2015,319,12,50,NA,NA,T,NA,NA,NA,NA,20153191250
374,2015319,1430,2015,319,14,30,NA,NA,T,NA,NA,NA,NA,20153191430
375,2015319,1710,2015,319,17,10,NA,NA,A,NA,NA,NA,NA,20153191710
376,2015320,1335,2015,320,13,35,NA,NA,T,NA,NA,NA,NA,20153201335
377,2015320,1615,2015,320,16,15,NA,NA,A,NA,NA,NA,NA,20153201615
378,2015320,1755,2015,320,17,55,NA,NA,A,NA,NA,NA,NA,20153201755
379,2015321,1240,2015,321,12,40,NA,NA,T,NA,NA,NA,NA,20153211240
380,2015321,1415,2015,321,14,15,NA,NA,T,NA,NA,NA,NA,20153211415
381,2015321,1700,2015,321,17,0,NA,NA,A,NA,NA,NA,NA,20153211700
382,2015322,1320,2015,322,13,20,NA,NA,T,NA,NA,NA,NA,20153221320
383,2015322,1605,2015,322,16,5,NA,NA,A,NA,NA,NA,NA,20153221605
384,2015322,1740,2015,322,17,40,NA,NA,A,NA,NA,NA,NA,20153221740
385,2015323,1225,2015,323,12,25,NA,NA,T,NA,NA,NA,NA,20153231225
386,2015323,1405,2015,323,14,5,NA,NA,T,NA,NA,NA,NA,20153231405
387,2015323,1645,2015,323,16,45,NA,NA,A,NA,NA,NA,NA,20153231645
388,2015323,1825,2015,323,18,25,NA,NA,A,NA,NA,NA,NA,20153231825
389,2015324,1310,2015,324,13,10,NA,NA,T,NA,NA,NA,NA,20153241310
390,2015324,1450,2015,324,14,50,NA,NA,T,NA,NA,NA,NA,20153241450
391,2015324,1550,2015,324,15,50,NA,NA,A,NA,NA,NA,NA,20153241550
392,2015324,1730,2015,324,17,30,NA,NA,A,NA,NA,NA,NA,20153241730
393,2015325,1355,2015,325,13,55,NA,NA,T,NA,NA,NA,NA,20153251355
394,2015325,1635,2015,325,16,35,NA,NA,A,NA,NA,NA,NA,20153251635
395,2015325,1810,2015,325,18,10,NA,NA,A,NA,NA,NA,NA,20153251810
396,2015326,1300,2015,326,13,0,NA,NA,T,NA,NA,NA,NA,20153261300
397,2015326,1435,2015,326,14,35,NA,NA,T,NA,NA,NA,NA,20153261435
398,2015326,1720,2015,326,17,20,NA,NA,A,NA,NA,NA,NA,20153261720
399,2015327,1340,2015,327,13,40,NA,NA,T,NA,NA,NA,NA,20153271340
400,2015327,1625,2015,327,16,25,NA,NA,A,NA,NA,NA,NA,20153271625
401,2015327,1800,2015,327,18,0,NA,NA,A,NA,NA,NA,NA,20153271800
402,2015328,1245,2015,328,12,45,NA,NA,T,NA,NA,NA,NA,20153281245
403,2015328,1425,2015,328,14,25,NA,NA,T,NA,NA,NA,NA,20153281425
404,2015328,1705,2015,328,17,5,NA,NA,A,NA,NA,NA,NA,20153281705
405,2015329,1330,2015,329,13,30,NA,NA,T,NA,NA,NA,NA,20153291330
406,2015329,1610,2015,329,16,10,NA,NA,A,NA,NA,NA,NA,20153291610
407,2015329,1750,2015,329,17,50,NA,NA,A,NA,NA,NA,NA,20153291750
408,2015330,1235,2015,330,12,35,NA,NA,T,NA,NA,NA,NA,20153301235
409,2015330,1410,2015,330,14,10,NA,NA,T,NA,NA,NA,NA,20153301410
410,2015330,1655,2015,330,16,55,NA,NA,A,NA,NA,NA,NA,20153301655
411,2015330,1830,2015,330,18,30,NA,NA,A,NA,NA,NA,NA,20153301830
412,2015331,1315,2015,331,13,15,-23.55416666,-46.74009194,T,0.1135,0.07775,0.0684,0,20153311315
413,2015331,1600,2015,331,16,0,NA,NA,A,NA,NA,NA,NA,20153311600
414,2015331,1735,2015,331,17,35,NA,NA,A,NA,NA,NA,NA,20153311735
415,2015332,1400,2015,332,14,0,NA,NA,T,NA,NA,NA,NA,20153321400
416,2015332,1640,2015,332,16,40,NA,NA,A,NA,NA,NA,NA,20153321640
417,2015332,1820,2015,332,18,20,NA,NA,A,NA,NA,NA,NA,20153321820
418,2015333,1305,2015,333,13,5,NA,NA,T,NA,NA,NA,NA,20153331305
419,2015333,1440,2015,333,14,40,NA,NA,T,NA,NA,NA,NA,20153331440
420,2015333,1725,2015,333,17,25,NA,NA,A,NA,NA,NA,NA,20153331725
421,2015334,1345,2015,334,13,45,NA,NA,T,NA,NA,NA,NA,20153341345
422,2015334,1630,2015,334,16,30,NA,NA,A,NA,NA,NA,NA,20153341630
423,2015334,1805,2015,334,18,5,NA,NA,A,NA,NA,NA,NA,20153341805
424,2015335,1250,2015,335,12,50,NA,NA,T,NA,NA,NA,NA,20153351250
425,2015335,1430,2015,335,14,30,NA,NA,T,NA,NA,NA,NA,20153351430
426,2015335,1710,2015,335,17,10,NA,NA,A,NA,NA,NA,NA,20153351710
427,2015336,1335,2015,336,13,35,NA,NA,T,NA,NA,NA,NA,20153361335
428,2015336,1615,2015,336,16,15,NA,NA,A,NA,NA,NA,NA,20153361615
429,2015336,1755,2015,336,17,55,NA,NA,A,NA,NA,NA,NA,20153361755
430,2015337,1240,2015,337,12,40,NA,NA,T,NA,NA,NA,NA,20153371240
431,2015337,1415,2015,337,14,15,NA,NA,T,NA,NA,NA,NA,20153371415
432,2015337,1700,2015,337,17,0,NA,NA,A,NA,NA,NA,NA,20153371700
433,2015338,1320,2015,338,13,20,NA,NA,T,NA,NA,NA,NA,20153381320
434,2015338,1605,2015,338,16,5,NA,NA,A,NA,NA,NA,NA,20153381605
435,2015338,1740,2015,338,17,40,NA,NA,A,NA,NA,NA,NA,20153381740
436,2015339,1225,2015,339,12,25,NA,NA,T,NA,NA,NA,NA,20153391225
437,2015339,1405,2015,339,14,5,NA,NA,T,NA,NA,NA,NA,20153391405
438,2015339,1645,2015,339,16,45,NA,NA,A,NA,NA,NA,NA,20153391645
439,2015339,1825,2015,339,18,25,NA,NA,A,NA,NA,NA,NA,20153391825
440,2015340,1310,2015,340,13,10,NA,NA,T,NA,NA,NA,NA,20153401310
441,2015340,1450,2015,340,14,50,NA,NA,T,NA,NA,NA,NA,20153401450
442,2015340,1550,2015,340,15,50,NA,NA,A,NA,NA,NA,NA,20153401550
443,2015340,1730,2015,340,17,30,NA,NA,A,NA,NA,NA,NA,20153401730
444,2015341,1355,2015,341,13,55,NA,NA,T,NA,NA,NA,NA,20153411355
445,2015341,1635,2015,341,16,35,NA,NA,A,NA,NA,NA,NA,20153411635
446,2015341,1810,2015,341,18,10,NA,NA,A,NA,NA,NA,NA,20153411810
447,2015342,1300,2015,342,13,0,NA,NA,T,NA,NA,NA,NA,20153421300
448,2015342,1435,2015,342,14,35,NA,NA,T,NA,NA,NA,NA,20153421435
449,2015342,1720,2015,342,17,20,NA,NA,A,NA,NA,NA,NA,20153421720
450,2015343,1340,2015,343,13,40,NA,NA,T,NA,NA,NA,NA,20153431340
451,2015343,1625,2015,343,16,25,NA,NA,A,NA,NA,NA,NA,20153431625
452,2015343,1800,2015,343,18,0,NA,NA,A,NA,NA,NA,NA,20153431800
453,2015344,1245,2015,344,12,45,NA,NA,T,NA,NA,NA,NA,20153441245
454,2015344,1425,2015,344,14,25,NA,NA,T,NA,NA,NA,NA,20153441425
455,2015344,1705,2015,344,17,5,NA,NA,A,NA,NA,NA,NA,20153441705
456,2015345,1330,2015,345,13,30,NA,NA,T,NA,NA,NA,NA,20153451330
457,2015345,1610,2015,345,16,10,NA,NA,A,NA,NA,NA,NA,20153451610
458,2015345,1750,2015,345,17,50,NA,NA,A,NA,NA,NA,NA,20153451750
459,2015346,1235,2015,346,12,35,NA,NA,T,NA,NA,NA,NA,20153461235
460,2015346,1410,2015,346,14,10,NA,NA,T,NA,NA,NA,NA,20153461410
461,2015346,1655,2015,346,16,55,NA,NA,A,NA,NA,NA,NA,20153461655
462,2015346,1830,2015,346,18,30,NA,NA,A,NA,NA,NA,NA,20153461830
463,2015347,1315,2015,347,13,15,NA,NA,T,NA,NA,NA,NA,20153471315
464,2015347,1600,2015,347,16,0,NA,NA,A,NA,NA,NA,NA,20153471600
465,2015347,1735,2015,347,17,35,NA,NA,A,NA,NA,NA,NA,20153471735
466,2015348,1400,2015,348,14,0,NA,NA,T,NA,NA,NA,NA,20153481400
467,2015348,1640,2015,348,16,40,NA,NA,A,NA,NA,NA,NA,20153481640
468,2015348,1820,2015,348,18,20,NA,NA,A,NA,NA,NA,NA,20153481820
469,2015349,1305,2015,349,13,5,NA,NA,T,NA,NA,NA,NA,20153491305
470,2015349,1440,2015,349,14,40,NA,NA,T,NA,NA,NA,NA,20153491440
471,2015349,1725,2015,349,17,25,NA,NA,A,NA,NA,NA,NA,20153491725
472,2015350,1345,2015,350,13,45,NA,NA,T,NA,NA,NA,NA,20153501345
473,2015350,1630,2015,350,16,30,NA,NA,A,NA,NA,NA,NA,20153501630
474,2015350,1805,2015,350,18,5,NA,NA,A,NA,NA,NA,NA,20153501805
475,2015351,1250,2015,351,12,50,-23.55416666,-46.74009194,T,0.40433,0.284,0.0291,0,20153511250
476,2015351,1430,2015,351,14,30,NA,NA,T,NA,NA,NA,NA,20153511430
477,2015351,1710,2015,351,17,10,NA,NA,A,NA,NA,NA,NA,20153511710
478,2015352,1335,2015,352,13,35,NA,NA,T,NA,NA,NA,NA,20153521335
479,2015352,1615,2015,352,16,15,NA,NA,A,NA,NA,NA,NA,20153521615
480,2015352,1755,2015,352,17,55,NA,NA,A,NA,NA,NA,NA,20153521755
481,2015353,1240,2015,353,12,40,-23.55416666,-46.74009194,T,0.13025,0.0895,0.0173,0,20153531240
482,2015353,1415,2015,353,14,15,NA,NA,T,NA,NA,NA,NA,20153531415
483,2015353,1700,2015,353,17,0,NA,NA,A,NA,NA,NA,NA,20153531700
484,2015354,1320,2015,354,13,20,NA,NA,T,NA,NA,NA,NA,20153541320
485,2015354,1605,2015,354,16,5,NA,NA,A,NA,NA,NA,NA,20153541605
486,2015354,1740,2015,354,17,40,NA,NA,A,NA,NA,NA,NA,20153541740
487,2015355,1225,2015,355,12,25,NA,NA,T,NA,NA,NA,NA,20153551225
488,2015355,1405,2015,355,14,5,NA,NA,T,NA,NA,NA,NA,20153551405
489,2015355,1645,2015,355,16,45,NA,NA,A,NA,NA,NA,NA,20153551645
490,2015355,1825,2015,355,18,25,NA,NA,A,NA,NA,NA,NA,20153551825
491,2015356,1310,2015,356,13,10,NA,NA,T,NA,NA,NA,NA,20153561310
492,2015356,1450,2015,356,14,50,NA,NA,T,NA,NA,NA,NA,20153561450
493,2015356,1550,2015,356,15,50,NA,NA,A,NA,NA,NA,NA,20153561550
494,2015356,1730,2015,356,17,30,NA,NA,A,NA,NA,NA,NA,20153561730
495,2015357,1355,2015,357,13,55,NA,NA,T,NA,NA,NA,NA,20153571355
496,2015357,1635,2015,357,16,35,NA,NA,A,NA,NA,NA,NA,20153571635
497,2015357,1810,2015,357,18,10,NA,NA,A,NA,NA,NA,NA,20153571810
498,2015358,1300,2015,358,13,0,NA,NA,T,NA,NA,NA,NA,20153581300
499,2015358,1435,2015,358,14,35,NA,NA,T,NA,NA,NA,NA,20153581435
500,2015358,1720,2015,358,17,20,NA,NA,A,NA,NA,NA,NA,20153581720
501,2015359,1340,2015,359,13,40,NA,NA,T,NA,NA,NA,NA,20153591340
502,2015359,1625,2015,359,16,25,NA,NA,A,NA,NA,NA,NA,20153591625
503,2015359,1800,2015,359,18,0,NA,NA,A,NA,NA,NA,NA,20153591800
504,2015360,1245,2015,360,12,45,NA,NA,T,NA,NA,NA,NA,20153601245
505,2015360,1425,2015,360,14,25,NA,NA,T,NA,NA,NA,NA,20153601425
506,2015360,1705,2015,360,17,5,NA,NA,A,NA,NA,NA,NA,20153601705
507,2015361,1330,2015,361,13,30,NA,NA,T,NA,NA,NA,NA,20153611330
508,2015361,1610,2015,361,16,10,NA,NA,A,NA,NA,NA,NA,20153611610
509,2015361,1750,2015,361,17,50,NA,NA,A,NA,NA,NA,NA,20153611750
510,2015362,1235,2015,362,12,35,NA,NA,T,NA,NA,NA,NA,20153621235
511,2015362,1410,2015,362,14,10,NA,NA,T,NA,NA,NA,NA,20153621410
512,2015362,1655,2015,362,16,55,NA,NA,A,NA,NA,NA,NA,20153621655
513,2015362,1830,2015,362,18,30,NA,NA,A,NA,NA,NA,NA,20153621830
514,2015363,1315,2015,363,13,15,NA,NA,T,NA,NA,NA,NA,20153631315
515,2015363,1600,2015,363,16,0,NA,NA,A,NA,NA,NA,NA,20153631600
516,2015363,1735,2015,363,17,35,NA,NA,A,NA,NA,NA,NA,20153631735
517,2015364,1400,2015,364,14,0,NA,NA,T,NA,NA,NA,NA,20153641400
518,2015364,1640,2015,364,16,40,NA,NA,A,NA,NA,NA,NA,20153641640
519,2015364,1820,2015,364,18,20,NA,NA,A,NA,NA,NA,NA,20153641820
520,2015365,1305,2015,365,13,5,NA,NA,T,NA,NA,NA,NA,20153651305
521,2015365,1440,2015,365,14,40,NA,NA,T,NA,NA,NA,NA,20153651440
522,2015365,1725,2015,365,17,25,NA,NA,A,NA,NA,NA,NA,20153651725
208,2016001,1345,2016,1,13,45,NA,NA,T,NA,NA,NA,NA,20160011345
209,2016001,1630,2016,1,16,30,NA,NA,A,NA,NA,NA,NA,20160011630
210,2016001,1805,2016,1,18,5,NA,NA,A,NA,NA,NA,NA,20160011805
211,2016002,1250,2016,2,12,50,NA,NA,T,NA,NA,NA,NA,20160021250
212,2016002,1430,2016,2,14,30,NA,NA,T,NA,NA,NA,NA,20160021430
213,2016002,1710,2016,2,17,10,NA,NA,A,NA,NA,NA,NA,20160021710
214,2016003,1335,2016,3,13,35,NA,NA,T,NA,NA,NA,NA,20160031335
215,2016003,1615,2016,3,16,15,NA,NA,A,NA,NA,NA,NA,20160031615
216,2016003,1755,2016,3,17,55,NA,NA,A,NA,NA,NA,NA,20160031755
217,2016004,1240,2016,4,12,40,NA,NA,T,NA,NA,NA,NA,20160041240
218,2016004,1415,2016,4,14,15,NA,NA,T,NA,NA,NA,NA,20160041415
219,2016004,1700,2016,4,17,0,NA,NA,A,NA,NA,NA,NA,20160041700
220,2016005,1320,2016,5,13,20,NA,NA,T,NA,NA,NA,NA,20160051320
221,2016005,1605,2016,5,16,5,NA,NA,A,NA,NA,NA,NA,20160051605
222,2016005,1740,2016,5,17,40,NA,NA,A,NA,NA,NA,NA,20160051740
223,2016006,1225,2016,6,12,25,NA,NA,T,NA,NA,NA,NA,20160061225
224,2016006,1405,2016,6,14,5,NA,NA,T,NA,NA,NA,NA,20160061405
225,2016006,1645,2016,6,16,45,NA,NA,A,NA,NA,NA,NA,20160061645
226,2016006,1825,2016,6,18,25,NA,NA,A,NA,NA,NA,NA,20160061825
227,2016007,1310,2016,7,13,10,-23.55416666,-46.74009194,T,0.0675,0.046,0.0653,0,20160071310
228,2016007,1450,2016,7,14,50,NA,NA,T,NA,NA,NA,NA,20160071450
229,2016007,1550,2016,7,15,50,NA,NA,A,NA,NA,NA,NA,20160071550
230,2016007,1730,2016,7,17,30,NA,NA,A,NA,NA,NA,NA,20160071730
231,2016008,1355,2016,8,13,55,NA,NA,T,NA,NA,NA,NA,20160081355
232,2016008,1635,2016,8,16,35,NA,NA,A,NA,NA,NA,NA,20160081635
233,2016008,1810,2016,8,18,10,NA,NA,A,NA,NA,NA,NA,20160081810
234,2016009,1300,2016,9,13,0,NA,NA,T,NA,NA,NA,NA,20160091300
235,2016009,1435,2016,9,14,35,NA,NA,T,NA,NA,NA,NA,20160091435
236,2016009,1720,2016,9,17,20,NA,NA,A,NA,NA,NA,NA,20160091720
237,2016010,1340,2016,10,13,40,NA,NA,T,NA,NA,NA,NA,20160101340
238,2016010,1625,2016,10,16,25,NA,NA,A,NA,NA,NA,NA,20160101625
239,2016010,1800,2016,10,18,0,NA,NA,A,NA,NA,NA,NA,20160101800
240,2016011,1245,2016,11,12,45,NA,NA,T,NA,NA,NA,NA,20160111245
241,2016011,1425,2016,11,14,25,NA,NA,T,NA,NA,NA,NA,20160111425
242,2016011,1705,2016,11,17,5,NA,NA,A,NA,NA,NA,NA,20160111705
243,2016012,1330,2016,12,13,30,NA,NA,T,NA,NA,NA,NA,20160121330
244,2016012,1610,2016,12,16,10,NA,NA,A,NA,NA,NA,NA,20160121610
245,2016012,1750,2016,12,17,50,NA,NA,A,NA,NA,NA,NA,20160121750
246,2016013,1235,2016,13,12,35,NA,NA,T,NA,NA,NA,NA,20160131235
247,2016013,1410,2016,13,14,10,NA,NA,T,NA,NA,NA,NA,20160131410
248,2016013,1655,2016,13,16,55,NA,NA,A,NA,NA,NA,NA,20160131655
249,2016013,1830,2016,13,18,30,NA,NA,A,NA,NA,NA,NA,20160131830
250,2016014,1315,2016,14,13,15,NA,NA,T,NA,NA,NA,NA,20160141315
251,2016014,1600,2016,14,16,0,NA,NA,A,NA,NA,NA,NA,20160141600
252,2016014,1735,2016,14,17,35,NA,NA,A,NA,NA,NA,NA,20160141735
253,2016015,1400,2016,15,14,0,NA,NA,T,NA,NA,NA,NA,20160151400
254,2016015,1640,2016,15,16,40,NA,NA,A,NA,NA,NA,NA,20160151640
255,2016015,1820,2016,15,18,20,NA,NA,A,NA,NA,NA,NA,20160151820
256,2016016,1305,2016,16,13,5,NA,NA,T,NA,NA,NA,NA,20160161305
257,2016016,1440,2016,16,14,40,NA,NA,T,NA,NA,NA,NA,20160161440
258,2016016,1725,2016,16,17,25,NA,NA,A,NA,NA,NA,NA,20160161725
259,2016017,1345,2016,17,13,45,-23.55416666,-46.74009194,T,0.0905,0.06175,0.0239,0,20160171345
260,2016017,1630,2016,17,16,30,-23.5625,-46.74305615,A,0.1645,0.113,0.0242,0,20160171630
261,2016017,1805,2016,17,18,5,NA,NA,A,NA,NA,NA,NA,20160171805
262,2016018,1250,2016,18,12,50,NA,NA,T,NA,NA,NA,NA,20160181250
263,2016018,1430,2016,18,14,30,NA,NA,T,NA,NA,NA,NA,20160181430
264,2016018,1710,2016,18,17,10,NA,NA,A,NA,NA,NA,NA,20160181710
265,2016019,1335,2016,19,13,35,NA,NA,T,NA,NA,NA,NA,20160191335
266,2016019,1615,2016,19,16,15,NA,NA,A,NA,NA,NA,NA,20160191615
267,2016019,1755,2016,19,17,55,NA,NA,A,NA,NA,NA,NA,20160191755
268,2016020,1240,2016,20,12,40,NA,NA,T,NA,NA,NA,NA,20160201240
269,2016020,1415,2016,20,14,15,NA,NA,T,NA,NA,NA,NA,20160201415
270,2016020,1700,2016,20,17,0,NA,NA,A,NA,NA,NA,NA,20160201700
271,2016021,1320,2016,21,13,20,NA,NA,T,NA,NA,NA,NA,20160211320
272,2016021,1605,2016,21,16,5,NA,NA,A,NA,NA,NA,NA,20160211605
273,2016021,1740,2016,21,17,40,NA,NA,A,NA,NA,NA,NA,20160211740
274,2016022,1225,2016,22,12,25,NA,NA,T,NA,NA,NA,NA,20160221225
275,2016022,1405,2016,22,14,5,NA,NA,T,NA,NA,NA,NA,20160221405
276,2016022,1645,2016,22,16,45,NA,NA,A,NA,NA,NA,NA,20160221645
277,2016022,1825,2016,22,18,25,NA,NA,A,NA,NA,NA,NA,20160221825
278,2016023,1310,2016,23,13,10,NA,NA,T,NA,NA,NA,NA,20160231310
279,2016023,1450,2016,23,14,50,NA,NA,T,NA,NA,NA,NA,20160231450
280,2016023,1550,2016,23,15,50,NA,NA,A,NA,NA,NA,NA,20160231550
281,2016023,1730,2016,23,17,30,NA,NA,A,NA,NA,NA,NA,20160231730
282,2016024,1355,2016,24,13,55,-23.5625,-46.74305615,T,0.374,0.262,0.0181,0,20160241355
283,2016024,1635,2016,24,16,35,NA,NA,A,NA,NA,NA,NA,20160241635
284,2016024,1810,2016,24,18,10,NA,NA,A,NA,NA,NA,NA,20160241810
285,2016025,1300,2016,25,13,0,NA,NA,T,NA,NA,NA,NA,20160251300
286,2016025,1435,2016,25,14,35,NA,NA,T,NA,NA,NA,NA,20160251435
287,2016025,1720,2016,25,17,20,NA,NA,A,NA,NA,NA,NA,20160251720
288,2016026,1340,2016,26,13,40,-23.55416666,-46.74009194,T,0.06,0.04075,0.0317,0,20160261340
289,2016026,1625,2016,26,16,25,NA,NA,A,NA,NA,NA,NA,20160261625
290,2016026,1800,2016,26,18,0,NA,NA,A,NA,NA,NA,NA,20160261800
291,2016027,1245,2016,27,12,45,NA,NA,T,NA,NA,NA,NA,20160271245
292,2016027,1425,2016,27,14,25,NA,NA,T,NA,NA,NA,NA,20160271425
293,2016027,1705,2016,27,17,5,NA,NA,A,NA,NA,NA,NA,20160271705
294,2016028,1330,2016,28,13,30,NA,NA,T,NA,NA,NA,NA,20160281330
295,2016028,1610,2016,28,16,10,NA,NA,A,NA,NA,NA,NA,20160281610
296,2016028,1750,2016,28,17,50,NA,NA,A,NA,NA,NA,NA,20160281750
297,2016029,1235,2016,29,12,35,NA,NA,T,NA,NA,NA,NA,20160291235
298,2016029,1410,2016,29,14,10,NA,NA,T,NA,NA,NA,NA,20160291410
299,2016029,1655,2016,29,16,55,NA,NA,A,NA,NA,NA,NA,20160291655
300,2016029,1830,2016,29,18,30,NA,NA,A,NA,NA,NA,NA,20160291830
301,2016030,1315,2016,30,13,15,NA,NA,T,NA,NA,NA,NA,20160301315
302,2016030,1600,2016,30,16,0,NA,NA,A,NA,NA,NA,NA,20160301600
303,2016030,1735,2016,30,17,35,NA,NA,A,NA,NA,NA,NA,20160301735
304,2016031,1400,2016,31,14,0,NA,NA,T,NA,NA,NA,NA,20160311400
305,2016031,1640,2016,31,16,40,NA,NA,A,NA,NA,NA,NA,20160311640
306,2016031,1820,2016,31,18,20,NA,NA,A,NA,NA,NA,NA,20160311820
307,2016032,1305,2016,32,13,5,NA,NA,T,NA,NA,NA,NA,20160321305
308,2016032,1440,2016,32,14,40,NA,NA,T,NA,NA,NA,NA,20160321440
309,2016032,1725,2016,32,17,25,NA,NA,A,NA,NA,NA,NA,20160321725
310,2016033,1345,2016,33,13,45,-23.55416666,-46.74009194,T,0.23625,0.164,0.0256,0,20160331345
311,2016033,1630,2016,33,16,30,NA,NA,A,NA,NA,NA,NA,20160331630
312,2016033,1805,2016,33,18,5,NA,NA,A,NA,NA,NA,NA,20160331805
313,2016034,1250,2016,34,12,50,NA,NA,T,NA,NA,NA,NA,20160341250
314,2016034,1430,2016,34,14,30,NA,NA,T,NA,NA,NA,NA,20160341430
315,2016034,1710,2016,34,17,10,NA,NA,A,NA,NA,NA,NA,20160341710
316,2016035,1335,2016,35,13,35,NA,NA,T,NA,NA,NA,NA,20160351335
317,2016035,1615,2016,35,16,15,NA,NA,A,NA,NA,NA,NA,20160351615
318,2016035,1755,2016,35,17,55,NA,NA,A,NA,NA,NA,NA,20160351755
319,2016036,1240,2016,36,12,40,NA,NA,T,NA,NA,NA,NA,20160361240
320,2016036,1415,2016,36,14,15,NA,NA,T,NA,NA,NA,NA,20160361415
321,2016036,1700,2016,36,17,0,NA,NA,A,NA,NA,NA,NA,20160361700
322,2016037,1320,2016,37,13,20,NA,NA,T,NA,NA,NA,NA,20160371320
323,2016037,1605,2016,37,16,5,NA,NA,A,NA,NA,NA,NA,20160371605
324,2016037,1740,2016,37,17,40,NA,NA,A,NA,NA,NA,NA,20160371740
325,2016038,1225,2016,38,12,25,NA,NA,T,NA,NA,NA,NA,20160381225
326,2016038,1405,2016,38,14,5,NA,NA,T,NA,NA,NA,NA,20160381405
327,2016038,1645,2016,38,16,45,NA,NA,A,NA,NA,NA,NA,20160381645
328,2016038,1825,2016,38,18,25,NA,NA,A,NA,NA,NA,NA,20160381825
329,2016039,1310,2016,39,13,10,-23.55416666,-46.74009194,T,0.10625,0.07275,0.0551,0,20160391310
330,2016039,1450,2016,39,14,50,NA,NA,T,NA,NA,NA,NA,20160391450
331,2016039,1550,2016,39,15,50,NA,NA,A,NA,NA,NA,NA,20160391550
332,2016039,1730,2016,39,17,30,NA,NA,A,NA,NA,NA,NA,20160391730
333,2016040,1355,2016,40,13,55,NA,NA,T,NA,NA,NA,NA,20160401355
334,2016040,1635,2016,40,16,35,NA,NA,A,NA,NA,NA,NA,20160401635
335,2016040,1810,2016,40,18,10,NA,NA,A,NA,NA,NA,NA,20160401810
336,2016041,1300,2016,41,13,0,NA,NA,T,NA,NA,NA,NA,20160411300
337,2016041,1435,2016,41,14,35,NA,NA,T,NA,NA,NA,NA,20160411435
338,2016041,1720,2016,41,17,20,NA,NA,A,NA,NA,NA,NA,20160411720
339,2016042,1340,2016,42,13,40,NA,NA,T,NA,NA,NA,NA,20160421340
340,2016042,1625,2016,42,16,25,NA,NA,A,NA,NA,NA,NA,20160421625
341,2016042,1800,2016,42,18,0,NA,NA,A,NA,NA,NA,NA,20160421800
342,2016043,1245,2016,43,12,45,-23.55416666,-46.74009194,T,0.13325,0.09125,0.0185,0,20160431245
343,2016043,1425,2016,43,14,25,NA,NA,T,NA,NA,NA,NA,20160431425
344,2016043,1705,2016,43,17,5,NA,NA,A,NA,NA,NA,NA,20160431705
345,2016044,1330,2016,44,13,30,NA,NA,T,NA,NA,NA,NA,20160441330
346,2016044,1610,2016,44,16,10,NA,NA,A,NA,NA,NA,NA,20160441610
347,2016044,1750,2016,44,17,50,NA,NA,A,NA,NA,NA,NA,20160441750
348,2016045,1235,2016,45,12,35,NA,NA,T,NA,NA,NA,NA,20160451235
349,2016045,1410,2016,45,14,10,NA,NA,T,NA,NA,NA,NA,20160451410
350,2016045,1655,2016,45,16,55,NA,NA,A,NA,NA,NA,NA,20160451655
351,2016045,1830,2016,45,18,30,NA,NA,A,NA,NA,NA,NA,20160451830
352,2016046,1315,2016,46,13,15,NA,NA,T,NA,NA,NA,NA,20160461315
353,2016046,1600,2016,46,16,0,NA,NA,A,NA,NA,NA,NA,20160461600
354,2016046,1735,2016,46,17,35,NA,NA,A,NA,NA,NA,NA,20160461735
355,2016047,1400,2016,47,14,0,NA,NA,T,NA,NA,NA,NA,20160471400
356,2016047,1640,2016,47,16,40,NA,NA,A,NA,NA,NA,NA,20160471640
357,2016047,1820,2016,47,18,20,NA,NA,A,NA,NA,NA,NA,20160471820
358,2016048,1305,2016,48,13,5,NA,NA,T,NA,NA,NA,NA,20160481305
359,2016048,1440,2016,48,14,40,NA,NA,T,NA,NA,NA,NA,20160481440
360,2016048,1725,2016,48,17,25,NA,NA,A,NA,NA,NA,NA,20160481725
361,2016049,1345,2016,49,13,45,NA,NA,T,NA,NA,NA,NA,20160491345
362,2016049,1630,2016,49,16,30,NA,NA,A,NA,NA,NA,NA,20160491630
363,2016049,1805,2016,49,18,5,NA,NA,A,NA,NA,NA,NA,20160491805
364,2016050,1710,2016,50,17,10,NA,NA,A,NA,NA,NA,NA,20160501710
365,2016051,1615,2016,51,16,15,NA,NA,A,NA,NA,NA,NA,20160511615
366,2016051,1755,2016,51,17,55,NA,NA,A,NA,NA,NA,NA,20160511755
367,2016052,1700,2016,52,17,0,NA,NA,A,NA,NA,NA,NA,20160521700
368,2016053,1605,2016,53,16,5,NA,NA,A,NA,NA,NA,NA,20160531605
369,2016053,1745,2016,53,17,45,NA,NA,A,NA,NA,NA,NA,20160531745
370,2016054,1650,2016,54,16,50,NA,NA,A,NA,NA,NA,NA,20160541650
371,2016054,1825,2016,54,18,25,NA,NA,A,NA,NA,NA,NA,20160541825
372,2016055,1550,2016,55,15,50,NA,NA,A,NA,NA,NA,NA,20160551550
373,2016055,1730,2016,55,17,30,NA,NA,A,NA,NA,NA,NA,20160551730
374,2016056,1635,2016,56,16,35,NA,NA,A,NA,NA,NA,NA,20160561635
375,2016056,1810,2016,56,18,10,NA,NA,A,NA,NA,NA,NA,20160561810
376,2016057,1720,2016,57,17,20,NA,NA,A,NA,NA,NA,NA,20160571720
377,2016058,1625,2016,58,16,25,NA,NA,A,NA,NA,NA,NA,20160581625
378,2016058,1800,2016,58,18,0,NA,NA,A,NA,NA,NA,NA,20160581800
379,2016059,1245,2016,59,12,45,NA,NA,T,NA,NA,NA,NA,20160591245
380,2016059,1425,2016,59,14,25,NA,NA,T,NA,NA,NA,NA,20160591425
381,2016059,1705,2016,59,17,5,NA,NA,A,NA,NA,NA,NA,20160591705
382,2016060,1330,2016,60,13,30,NA,NA,T,NA,NA,NA,NA,20160601330
383,2016060,1610,2016,60,16,10,NA,NA,A,NA,NA,NA,NA,20160601610
384,2016060,1750,2016,60,17,50,NA,NA,A,NA,NA,NA,NA,20160601750
385,2016061,1235,2016,61,12,35,NA,NA,T,NA,NA,NA,NA,20160611235
386,2016061,1410,2016,61,14,10,NA,NA,T,NA,NA,NA,NA,20160611410
387,2016061,1655,2016,61,16,55,NA,NA,A,NA,NA,NA,NA,20160611655
388,2016061,1830,2016,61,18,30,NA,NA,A,NA,NA,NA,NA,20160611830
389,2016062,1315,2016,62,13,15,NA,NA,T,NA,NA,NA,NA,20160621315
390,2016062,1600,2016,62,16,0,NA,NA,A,NA,NA,NA,NA,20160621600
391,2016062,1735,2016,62,17,35,NA,NA,A,NA,NA,NA,NA,20160621735
392,2016063,1640,2016,63,16,40,NA,NA,A,NA,NA,NA,NA,20160631640
393,2016063,1820,2016,63,18,20,NA,NA,A,NA,NA,NA,NA,20160631820
394,2016064,1305,2016,64,13,5,NA,NA,T,NA,NA,NA,NA,20160641305
395,2016064,1440,2016,64,14,40,NA,NA,T,NA,NA,NA,NA,20160641440
396,2016064,1725,2016,64,17,25,NA,NA,A,NA,NA,NA,NA,20160641725
397,2016065,1345,2016,65,13,45,NA,NA,T,NA,NA,NA,NA,20160651345
398,2016065,1630,2016,65,16,30,NA,NA,A,NA,NA,NA,NA,20160651630
399,2016065,1805,2016,65,18,5,NA,NA,A,NA,NA,NA,NA,20160651805
400,2016066,1250,2016,66,12,50,NA,NA,T,NA,NA,NA,NA,20160661250
401,2016066,1430,2016,66,14,30,NA,NA,T,NA,NA,NA,NA,20160661430
402,2016066,1710,2016,66,17,10,NA,NA,A,NA,NA,NA,NA,20160661710
403,2016067,1335,2016,67,13,35,-23.55416666,-46.74009194,T,0.11575,0.07975,0.0389,0,20160671335
404,2016067,1615,2016,67,16,15,NA,NA,A,NA,NA,NA,NA,20160671615
405,2016067,1755,2016,67,17,55,NA,NA,A,NA,NA,NA,NA,20160671755
406,2016068,1240,2016,68,12,40,-23.55416666,-46.74009194,T,0.285,0.19825,0.0131,0,20160681240
407,2016068,1415,2016,68,14,15,NA,NA,T,NA,NA,NA,NA,20160681415
408,2016068,1700,2016,68,17,0,NA,NA,A,NA,NA,NA,NA,20160681700
409,2016069,1320,2016,69,13,20,NA,NA,T,NA,NA,NA,NA,20160691320
410,2016069,1605,2016,69,16,5,NA,NA,A,NA,NA,NA,NA,20160691605
411,2016069,1745,2016,69,17,45,NA,NA,A,NA,NA,NA,NA,20160691745
412,2016070,1225,2016,70,12,25,NA,NA,T,NA,NA,NA,NA,20160701225
413,2016070,1405,2016,70,14,5,NA,NA,T,NA,NA,NA,NA,20160701405
414,2016070,1650,2016,70,16,50,NA,NA,A,NA,NA,NA,NA,20160701650
415,2016070,1825,2016,70,18,25,NA,NA,A,NA,NA,NA,NA,20160701825
416,2016071,1310,2016,71,13,10,NA,NA,T,NA,NA,NA,NA,20160711310
417,2016071,1550,2016,71,15,50,NA,NA,A,NA,NA,NA,NA,20160711550
418,2016071,1730,2016,71,17,30,NA,NA,A,NA,NA,NA,NA,20160711730
419,2016072,1350,2016,72,13,50,NA,NA,T,NA,NA,NA,NA,20160721350
420,2016072,1635,2016,72,16,35,NA,NA,A,NA,NA,NA,NA,20160721635
421,2016072,1815,2016,72,18,15,NA,NA,A,NA,NA,NA,NA,20160721815
422,2016073,1255,2016,73,12,55,NA,NA,T,NA,NA,NA,NA,20160731255
423,2016073,1435,2016,73,14,35,NA,NA,T,NA,NA,NA,NA,20160731435
424,2016073,1720,2016,73,17,20,NA,NA,A,NA,NA,NA,NA,20160731720
425,2016074,1340,2016,74,13,40,-23.55416666,-46.74009194,T,0.164,0.11275,0.0289,0,20160741340
426,2016074,1625,2016,74,16,25,NA,NA,A,NA,NA,NA,NA,20160741625
427,2016074,1800,2016,74,18,0,NA,NA,A,NA,NA,NA,NA,20160741800
428,2016075,1245,2016,75,12,45,NA,NA,T,NA,NA,NA,NA,20160751245
429,2016075,1425,2016,75,14,25,NA,NA,T,NA,NA,NA,NA,20160751425
430,2016075,1705,2016,75,17,5,NA,NA,A,NA,NA,NA,NA,20160751705
431,2016076,1330,2016,76,13,30,NA,NA,T,NA,NA,NA,NA,20160761330
432,2016076,1750,2016,76,17,50,NA,NA,A,NA,NA,NA,NA,20160761750
433,2016077,1230,2016,77,12,30,NA,NA,T,NA,NA,NA,NA,20160771230
434,2016077,1410,2016,77,14,10,NA,NA,T,NA,NA,NA,NA,20160771410
435,2016077,1655,2016,77,16,55,NA,NA,A,NA,NA,NA,NA,20160771655
436,2016077,1830,2016,77,18,30,NA,NA,A,NA,NA,NA,NA,20160771830
437,2016078,1315,2016,78,13,15,-23.55416666,-46.74009194,T,0.05775,0.0395,0.0486,0,20160781315
438,2016078,1600,2016,78,16,0,NA,NA,A,NA,NA,NA,NA,20160781600
439,2016078,1735,2016,78,17,35,NA,NA,A,NA,NA,NA,NA,20160781735
440,2016079,1400,2016,79,14,0,-23.55416666,-46.74009194,T,0.04125,0.028,0.0112,0,20160791400
441,2016079,1640,2016,79,16,40,-23.55416666,-46.74009194,A,0.2035,0.14075,0.0267,0,20160791640
442,2016079,1820,2016,79,18,20,NA,NA,A,NA,NA,NA,NA,20160791820
443,2016080,1305,2016,80,13,5,NA,NA,T,NA,NA,NA,NA,20160801305
444,2016080,1440,2016,80,14,40,NA,NA,T,NA,NA,NA,NA,20160801440
445,2016080,1725,2016,80,17,25,NA,NA,A,NA,NA,NA,NA,20160801725
446,2016081,1345,2016,81,13,45,NA,NA,T,NA,NA,NA,NA,20160811345
447,2016081,1630,2016,81,16,30,NA,NA,A,NA,NA,NA,NA,20160811630
448,2016081,1805,2016,81,18,5,NA,NA,A,NA,NA,NA,NA,20160811805
449,2016082,1250,2016,82,12,50,NA,NA,T,NA,NA,NA,NA,20160821250
450,2016082,1430,2016,82,14,30,NA,NA,T,NA,NA,NA,NA,20160821430
451,2016082,1710,2016,82,17,10,NA,NA,A,NA,NA,NA,NA,20160821710
452,2016083,1335,2016,83,13,35,-23.55416666,-46.73100119,T,0.3065,0.2145,0.0281,0,20160831335
453,2016083,1615,2016,83,16,15,NA,NA,A,NA,NA,NA,NA,20160831615
454,2016083,1755,2016,83,17,55,NA,NA,A,NA,NA,NA,NA,20160831755
455,2016084,1240,2016,84,12,40,NA,NA,T,NA,NA,NA,NA,20160841240
456,2016084,1415,2016,84,14,15,NA,NA,T,NA,NA,NA,NA,20160841415
457,2016084,1700,2016,84,17,0,NA,NA,A,NA,NA,NA,NA,20160841700
458,2016085,1320,2016,85,13,20,NA,NA,T,NA,NA,NA,NA,20160851320
459,2016085,1605,2016,85,16,5,NA,NA,A,NA,NA,NA,NA,20160851605
460,2016085,1745,2016,85,17,45,NA,NA,A,NA,NA,NA,NA,20160851745
461,2016086,1225,2016,86,12,25,NA,NA,T,NA,NA,NA,NA,20160861225
462,2016086,1405,2016,86,14,5,NA,NA,T,NA,NA,NA,NA,20160861405
463,2016086,1650,2016,86,16,50,NA,NA,A,NA,NA,NA,NA,20160861650
464,2016086,1825,2016,86,18,25,NA,NA,A,NA,NA,NA,NA,20160861825
465,2016087,1310,2016,87,13,10,NA,NA,T,NA,NA,NA,NA,20160871310
466,2016087,1445,2016,87,14,45,NA,NA,T,NA,NA,NA,NA,20160871445
467,2016087,1555,2016,87,15,55,NA,NA,A,NA,NA,NA,NA,20160871555
468,2016087,1730,2016,87,17,30,NA,NA,A,NA,NA,NA,NA,20160871730
469,2016088,1350,2016,88,13,50,NA,NA,T,NA,NA,NA,NA,20160881350
470,2016088,1635,2016,88,16,35,NA,NA,A,NA,NA,NA,NA,20160881635
471,2016088,1815,2016,88,18,15,NA,NA,A,NA,NA,NA,NA,20160881815
472,2016089,1255,2016,89,12,55,NA,NA,T,NA,NA,NA,NA,20160891255
473,2016089,1435,2016,89,14,35,NA,NA,T,NA,NA,NA,NA,20160891435
474,2016089,1720,2016,89,17,20,NA,NA,A,NA,NA,NA,NA,20160891720
475,2016090,1340,2016,90,13,40,NA,NA,T,NA,NA,NA,NA,20160901340
476,2016090,1625,2016,90,16,25,NA,NA,A,NA,NA,NA,NA,20160901625
477,2016090,1800,2016,90,18,0,NA,NA,A,NA,NA,NA,NA,20160901800
478,2016091,1245,2016,91,12,45,NA,NA,T,NA,NA,NA,NA,20160911245
479,2016091,1425,2016,91,14,25,NA,NA,T,NA,NA,NA,NA,20160911425
480,2016091,1705,2016,91,17,5,NA,NA,A,NA,NA,NA,NA,20160911705
481,2016092,1330,2016,92,13,30,NA,NA,T,NA,NA,NA,NA,20160921330
482,2016092,1610,2016,92,16,10,NA,NA,A,NA,NA,NA,NA,20160921610
483,2016092,1750,2016,92,17,50,NA,NA,A,NA,NA,NA,NA,20160921750
484,2016093,1235,2016,93,12,35,NA,NA,T,NA,NA,NA,NA,20160931235
485,2016093,1410,2016,93,14,10,NA,NA,T,NA,NA,NA,NA,20160931410
486,2016093,1655,2016,93,16,55,-23.55416666,-46.74009194,A,0.1045,0.07175,0.0594,0,20160931655
487,2016093,1830,2016,93,18,30,NA,NA,A,NA,NA,NA,NA,20160931830
488,2016094,1315,2016,94,13,15,-23.55416666,-46.74009194,T,0.10325,0.0705,0.0573,0,20160941315
489,2016094,1600,2016,94,16,0,NA,NA,A,NA,NA,NA,NA,20160941600
490,2016094,1735,2016,94,17,35,NA,NA,A,NA,NA,NA,NA,20160941735
491,2016095,1400,2016,95,14,0,NA,NA,T,NA,NA,NA,NA,20160951400
492,2016095,1640,2016,95,16,40,NA,NA,A,NA,NA,NA,NA,20160951640
493,2016095,1820,2016,95,18,20,NA,NA,A,NA,NA,NA,NA,20160951820
494,2016096,1305,2016,96,13,5,-23.55416666,-46.74009194,T,0.0585,0.03975,0.0277,0,20160961305
495,2016096,1440,2016,96,14,40,NA,NA,T,NA,NA,NA,NA,20160961440
496,2016096,1725,2016,96,17,25,NA,NA,A,NA,NA,NA,NA,20160961725
497,2016097,1345,2016,97,13,45,-23.55416666,-46.74009194,T,0.1935,0.1335,0.0164,0,20160971345
498,2016097,1630,2016,97,16,30,NA,NA,A,NA,NA,NA,NA,20160971630
499,2016097,1805,2016,97,18,5,NA,NA,A,NA,NA,NA,NA,20160971805
500,2016098,1250,2016,98,12,50,-23.55416666,-46.74009194,T,0.06275,0.0425,0.0149,0,20160981250
501,2016098,1430,2016,98,14,30,NA,NA,T,NA,NA,NA,NA,20160981430
502,2016098,1715,2016,98,17,15,-23.55416666,-46.74009194,A,0.10475,0.072,0.0309,0,20160981715
503,2016099,1335,2016,99,13,35,-23.55416666,-46.74009194,T,0.26325,0.18225,0.0352,0,20160991335
504,2016099,1615,2016,99,16,15,NA,NA,A,NA,NA,NA,NA,20160991615
505,2016099,1755,2016,99,17,55,NA,NA,A,NA,NA,NA,NA,20160991755
506,2016100,1240,2016,100,12,40,-23.55416666,-46.74009194,T,0.127,0.08725,0.0139,0,20161001240
507,2016100,1415,2016,100,14,15,NA,NA,T,NA,NA,NA,NA,20161001415
508,2016100,1700,2016,100,17,0,NA,NA,A,NA,NA,NA,NA,20161001700
509,2016101,1320,2016,101,13,20,-23.55416666,-46.74009194,T,0.1955,0.135,0.048,0,20161011320
510,2016101,1605,2016,101,16,5,NA,NA,A,NA,NA,NA,NA,20161011605
511,2016101,1745,2016,101,17,45,NA,NA,A,NA,NA,NA,NA,20161011745
512,2016102,1225,2016,102,12,25,NA,NA,T,NA,NA,NA,NA,20161021225
513,2016102,1405,2016,102,14,5,NA,NA,T,NA,NA,NA,NA,20161021405
514,2016102,1650,2016,102,16,50,NA,NA,A,NA,NA,NA,NA,20161021650
515,2016102,1825,2016,102,18,25,NA,NA,A,NA,NA,NA,NA,20161021825
516,2016103,1310,2016,103,13,10,-23.55416666,-46.74009194,T,0.09225,0.06325,0.0449,0,20161031310
517,2016103,1445,2016,103,14,45,NA,NA,T,NA,NA,NA,NA,20161031445
518,2016103,1555,2016,103,15,55,NA,NA,A,NA,NA,NA,NA,20161031555
519,2016103,1730,2016,103,17,30,NA,NA,A,NA,NA,NA,NA,20161031730
520,2016104,1350,2016,104,13,50,-23.55416666,-46.74009194,T,0.151,0.10375,0.0175,0,20161041350
521,2016104,1635,2016,104,16,35,NA,NA,A,NA,NA,NA,NA,20161041635
522,2016104,1815,2016,104,18,15,NA,NA,A,NA,NA,NA,NA,20161041815
523,2016105,1255,2016,105,12,55,-23.55416666,-46.74009194,T,0.054,0.037,0.025,0,20161051255
524,2016105,1720,2016,105,17,20,NA,NA,A,NA,NA,NA,NA,20161051720
525,2016106,1340,2016,106,13,40,-23.55416666,-46.74009194,T,0.1155,0.0795,0.033,0,20161061340
526,2016106,1625,2016,106,16,25,NA,NA,A,NA,NA,NA,NA,20161061625
527,2016106,1800,2016,106,18,0,NA,NA,A,NA,NA,NA,NA,20161061800
528,2016107,1245,2016,107,12,45,-23.55416666,-46.74009194,T,0.16425,0.11325,0.013,0,20161071245
529,2016107,1425,2016,107,14,25,NA,NA,T,NA,NA,NA,NA,20161071425
530,2016107,1705,2016,107,17,5,NA,NA,A,NA,NA,NA,NA,20161071705
531,2016108,1330,2016,108,13,30,-23.55416666,-46.74009194,T,0.09675,0.06625,0.0355,0,20161081330
532,2016108,1610,2016,108,16,10,-23.55416666,-46.74009194,A,0.13125,0.09025,0.0091,0,20161081610
533,2016108,1750,2016,108,17,50,NA,NA,A,NA,NA,NA,NA,20161081750
534,2016109,1235,2016,109,12,35,NA,NA,T,NA,NA,NA,NA,20161091235
535,2016109,1410,2016,109,14,10,NA,NA,T,NA,NA,NA,NA,20161091410
536,2016109,1655,2016,109,16,55,NA,NA,A,NA,NA,NA,NA,20161091655
537,2016109,1830,2016,109,18,30,NA,NA,A,NA,NA,NA,NA,20161091830
538,2016110,1315,2016,110,13,15,-23.55416666,-46.74009194,T,0.0415,0.0285,0.0459,0,20161101315
539,2016110,1600,2016,110,16,0,NA,NA,A,NA,NA,NA,NA,20161101600
540,2016110,1735,2016,110,17,35,NA,NA,A,NA,NA,NA,NA,20161101735
541,2016111,1400,2016,111,14,0,-23.55416666,-46.74009194,T,0.075,0.0515,0.0106,0,20161111400
542,2016111,1640,2016,111,16,40,NA,NA,A,NA,NA,NA,NA,20161111640
543,2016111,1820,2016,111,18,20,NA,NA,A,NA,NA,NA,NA,20161111820
544,2016112,1305,2016,112,13,5,-23.55416666,-46.74009194,T,0.0395,0.027,0.0245,0,20161121305
545,2016112,1440,2016,112,14,40,NA,NA,T,NA,NA,NA,NA,20161121440
546,2016112,1725,2016,112,17,25,NA,NA,A,NA,NA,NA,NA,20161121725
547,2016113,1345,2016,113,13,45,-23.55416666,-46.74009194,T,0.06875,0.047,0.0216,0,20161131345
548,2016113,1630,2016,113,16,30,NA,NA,A,NA,NA,NA,NA,20161131630
549,2016113,1805,2016,113,18,5,NA,NA,A,NA,NA,NA,NA,20161131805
550,2016114,1250,2016,114,12,50,-23.55416666,-46.74009194,T,0.07725,0.0525,0.0184,0,20161141250
551,2016114,1430,2016,114,14,30,NA,NA,T,NA,NA,NA,NA,20161141430
552,2016114,1715,2016,114,17,15,NA,NA,A,NA,NA,NA,NA,20161141715
553,2016115,1335,2016,115,13,35,-23.55416666,-46.74009194,T,0.10525,0.07225,0.0386,0,20161151335
554,2016115,1615,2016,115,16,15,NA,NA,A,NA,NA,NA,NA,20161151615
555,2016115,1755,2016,115,17,55,NA,NA,A,NA,NA,NA,NA,20161151755
1,2016116,1240,2016,116,12,40,NA,NA,T,NA,NA,NA,NA,20161161240
2,2016116,1415,2016,116,14,15,NA,NA,T,NA,NA,NA,NA,20161161415
3,2016116,1700,2016,116,17,0,NA,NA,A,NA,NA,NA,NA,20161161700
4,2016117,1320,2016,117,13,20,NA,NA,T,NA,NA,NA,NA,20161171320
5,2016117,1605,2016,117,16,5,NA,NA,A,NA,NA,NA,NA,20161171605
6,2016117,1745,2016,117,17,45,NA,NA,A,NA,NA,NA,NA,20161171745
7,2016118,1225,2016,118,12,25,NA,NA,T,NA,NA,NA,NA,20161181225
8,2016118,1405,2016,118,14,5,NA,NA,T,NA,NA,NA,NA,20161181405
9,2016118,1650,2016,118,16,50,NA,NA,A,NA,NA,NA,NA,20161181650
10,2016118,1825,2016,118,18,25,NA,NA,A,NA,NA,NA,NA,20161181825
11,2016119,1310,2016,119,13,10,NA,NA,T,NA,NA,NA,NA,20161191310
12,2016119,1450,2016,119,14,50,NA,NA,T,NA,NA,NA,NA,20161191450
13,2016119,1555,2016,119,15,55,NA,NA,A,NA,NA,NA,NA,20161191555
14,2016119,1730,2016,119,17,30,NA,NA,A,NA,NA,NA,NA,20161191730
15,2016120,1355,2016,120,13,55,NA,NA,T,NA,NA,NA,NA,20161201355
16,2016120,1635,2016,120,16,35,NA,NA,A,NA,NA,NA,NA,20161201635
17,2016120,1815,2016,120,18,15,NA,NA,A,NA,NA,NA,NA,20161201815
18,2016121,1300,2016,121,13,0,-23.55416666,-46.74009194,T,0.13675,0.094,0.0214,0,20161211300
19,2016121,1435,2016,121,14,35,NA,NA,T,NA,NA,NA,NA,20161211435
20,2016121,1720,2016,121,17,20,NA,NA,A,NA,NA,NA,NA,20161211720
21,2016122,1340,2016,122,13,40,-23.55416666,-46.74009194,T,0.0735,0.05025,0.0191,0,20161221340
22,2016122,1625,2016,122,16,25,-23.55416666,-46.74009194,A,0.04725,0.03225,0.0096,0,20161221625
23,2016122,1800,2016,122,18,0,NA,NA,A,NA,NA,NA,NA,20161221800
24,2016123,1245,2016,123,12,45,-23.55416666,-46.74009194,T,0.05125,0.035,0.0118,0,20161231245
25,2016123,1425,2016,123,14,25,NA,NA,T,NA,NA,NA,NA,20161231425
26,2016123,1705,2016,123,17,5,-23.55416666,-46.74009194,A,0.03,0.02025,0.0321,0,20161231705
27,2016124,1330,2016,124,13,30,-23.55416666,-46.74009194,T,0.05575,0.038,0.0356,0,20161241330
28,2016124,1610,2016,124,16,10,-23.55416666,-46.74009194,A,0.14,0.096,0.0064,0,20161241610
29,2016124,1750,2016,124,17,50,NA,NA,A,NA,NA,NA,NA,20161241750
30,2016125,1235,2016,125,12,35,NA,NA,T,NA,NA,NA,NA,20161251235
31,2016125,1410,2016,125,14,10,NA,NA,T,NA,NA,NA,NA,20161251410
32,2016125,1655,2016,125,16,55,-23.55416666,-46.74009194,A,0.22275,0.1545,0.034,0,20161251655
33,2016125,1830,2016,125,18,30,NA,NA,A,NA,NA,NA,NA,20161251830
34,2016126,1315,2016,126,13,15,NA,NA,T,NA,NA,NA,NA,20161261315
35,2016126,1600,2016,126,16,0,NA,NA,A,NA,NA,NA,NA,20161261600
36,2016126,1735,2016,126,17,35,NA,NA,A,NA,NA,NA,NA,20161261735
37,2016127,1400,2016,127,14,0,NA,NA,T,NA,NA,NA,NA,20161271400
38,2016127,1640,2016,127,16,40,NA,NA,A,NA,NA,NA,NA,20161271640
39,2016127,1820,2016,127,18,20,NA,NA,A,NA,NA,NA,NA,20161271820
40,2016128,1305,2016,128,13,5,NA,NA,T,NA,NA,NA,NA,20161281305
41,2016128,1440,2016,128,14,40,NA,NA,T,NA,NA,NA,NA,20161281440
42,2016128,1725,2016,128,17,25,NA,NA,A,NA,NA,NA,NA,20161281725
43,2016129,1345,2016,129,13,45,NA,NA,T,NA,NA,NA,NA,20161291345
44,2016129,1630,2016,129,16,30,NA,NA,A,NA,NA,NA,NA,20161291630
45,2016129,1805,2016,129,18,5,NA,NA,A,NA,NA,NA,NA,20161291805
46,2016130,1250,2016,130,12,50,NA,NA,T,NA,NA,NA,NA,20161301250
47,2016130,1430,2016,130,14,30,NA,NA,T,NA,NA,NA,NA,20161301430
48,2016130,1710,2016,130,17,10,NA,NA,A,NA,NA,NA,NA,20161301710
49,2016131,1335,2016,131,13,35,NA,NA,T,NA,NA,NA,NA,20161311335
50,2016131,1615,2016,131,16,15,NA,NA,A,NA,NA,NA,NA,20161311615
51,2016131,1755,2016,131,17,55,NA,NA,A,NA,NA,NA,NA,20161311755
52,2016132,1240,2016,132,12,40,NA,NA,T,NA,NA,NA,NA,20161321240
53,2016132,1415,2016,132,14,15,NA,NA,T,NA,NA,NA,NA,20161321415
54,2016132,1700,2016,132,17,0,NA,NA,A,NA,NA,NA,NA,20161321700
55,2016133,1320,2016,133,13,20,NA,NA,T,NA,NA,NA,NA,20161331320
56,2016133,1605,2016,133,16,5,NA,NA,A,NA,NA,NA,NA,20161331605
57,2016133,1745,2016,133,17,45,NA,NA,A,NA,NA,NA,NA,20161331745
58,2016134,1225,2016,134,12,25,NA,NA,T,NA,NA,NA,NA,20161341225
59,2016134,1405,2016,134,14,5,NA,NA,T,NA,NA,NA,NA,20161341405
60,2016134,1650,2016,134,16,50,NA,NA,A,NA,NA,NA,NA,20161341650
61,2016134,1825,2016,134,18,25,NA,NA,A,NA,NA,NA,NA,20161341825
62,2016135,1310,2016,135,13,10,NA,NA,T,NA,NA,NA,NA,20161351310
63,2016135,1450,2016,135,14,50,NA,NA,T,NA,NA,NA,NA,20161351450
64,2016135,1550,2016,135,15,50,NA,NA,A,NA,NA,NA,NA,20161351550
65,2016135,1730,2016,135,17,30,NA,NA,A,NA,NA,NA,NA,20161351730
66,2016136,1355,2016,136,13,55,-23.55416666,-46.74009194,T,0.054,0.03675,0.0128,0,20161361355
67,2016136,1635,2016,136,16,35,NA,NA,A,NA,NA,NA,NA,20161361635
68,2016136,1815,2016,136,18,15,NA,NA,A,NA,NA,NA,NA,20161361815
69,2016137,1300,2016,137,13,0,NA,NA,T,NA,NA,NA,NA,20161371300
70,2016137,1435,2016,137,14,35,NA,NA,T,NA,NA,NA,NA,20161371435
71,2016137,1720,2016,137,17,20,NA,NA,A,NA,NA,NA,NA,20161371720
72,2016138,1340,2016,138,13,40,NA,NA,T,NA,NA,NA,NA,20161381340
73,2016138,1625,2016,138,16,25,NA,NA,A,NA,NA,NA,NA,20161381625
74,2016138,1800,2016,138,18,0,NA,NA,A,NA,NA,NA,NA,20161381800
75,2016139,1245,2016,139,12,45,NA,NA,T,NA,NA,NA,NA,20161391245
76,2016139,1425,2016,139,14,25,NA,NA,T,NA,NA,NA,NA,20161391425
77,2016139,1705,2016,139,17,5,NA,NA,A,NA,NA,NA,NA,20161391705
78,2016140,1330,2016,140,13,30,NA,NA,T,NA,NA,NA,NA,20161401330
79,2016140,1610,2016,140,16,10,NA,NA,A,NA,NA,NA,NA,20161401610
80,2016140,1750,2016,140,17,50,NA,NA,A,NA,NA,NA,NA,20161401750
81,2016141,1235,2016,141,12,35,NA,NA,T,NA,NA,NA,NA,20161411235
82,2016141,1410,2016,141,14,10,NA,NA,T,NA,NA,NA,NA,20161411410
83,2016141,1655,2016,141,16,55,NA,NA,A,NA,NA,NA,NA,20161411655
84,2016141,1830,2016,141,18,30,NA,NA,A,NA,NA,NA,NA,20161411830
85,2016142,1315,2016,142,13,15,NA,NA,T,NA,NA,NA,NA,20161421315
86,2016142,1600,2016,142,16,0,NA,NA,A,NA,NA,NA,NA,20161421600
87,2016142,1735,2016,142,17,35,NA,NA,A,NA,NA,NA,NA,20161421735
88,2016143,1400,2016,143,14,0,NA,NA,T,NA,NA,NA,NA,20161431400
89,2016143,1640,2016,143,16,40,NA,NA,A,NA,NA,NA,NA,20161431640
90,2016143,1820,2016,143,18,20,NA,NA,A,NA,NA,NA,NA,20161431820
91,2016144,1305,2016,144,13,5,NA,NA,T,NA,NA,NA,NA,20161441305
92,2016144,1440,2016,144,14,40,NA,NA,T,NA,NA,NA,NA,20161441440
93,2016144,1725,2016,144,17,25,NA,NA,A,NA,NA,NA,NA,20161441725
94,2016145,1345,2016,145,13,45,NA,NA,T,NA,NA,NA,NA,20161451345
95,2016145,1630,2016,145,16,30,NA,NA,A,NA,NA,NA,NA,20161451630
96,2016145,1805,2016,145,18,5,NA,NA,A,NA,NA,NA,NA,20161451805
97,2016146,1250,2016,146,12,50,NA,NA,T,NA,NA,NA,NA,20161461250
98,2016146,1430,2016,146,14,30,NA,NA,T,NA,NA,NA,NA,20161461430
99,2016146,1710,2016,146,17,10,-23.55416666,-46.74009194,A,0.12575,0.0865,0.0284,0,20161461710
100,2016147,1335,2016,147,13,35,-23.55416666,-46.74009194,T,0.276,0.19125,0.0244,0,20161471335
101,2016147,1615,2016,147,16,15,NA,NA,A,NA,NA,NA,NA,20161471615
102,2016147,1755,2016,147,17,55,NA,NA,A,NA,NA,NA,NA,20161471755
103,2016148,1240,2016,148,12,40,NA,NA,T,NA,NA,NA,NA,20161481240
104,2016148,1415,2016,148,14,15,NA,NA,T,NA,NA,NA,NA,20161481415
105,2016148,1700,2016,148,17,0,NA,NA,A,NA,NA,NA,NA,20161481700
106,2016149,1325,2016,149,13,25,NA,NA,T,NA,NA,NA,NA,20161491325
107,2016149,1605,2016,149,16,5,NA,NA,A,NA,NA,NA,NA,20161491605
108,2016149,1745,2016,149,17,45,NA,NA,A,NA,NA,NA,NA,20161491745
109,2016150,1225,2016,150,12,25,NA,NA,T,NA,NA,NA,NA,20161501225
110,2016150,1405,2016,150,14,5,NA,NA,T,NA,NA,NA,NA,20161501405
111,2016150,1645,2016,150,16,45,NA,NA,A,NA,NA,NA,NA,20161501645
112,2016150,1825,2016,150,18,25,NA,NA,A,NA,NA,NA,NA,20161501825
113,2016151,1310,2016,151,13,10,NA,NA,T,NA,NA,NA,NA,20161511310
114,2016151,1450,2016,151,14,50,NA,NA,T,NA,NA,NA,NA,20161511450
115,2016151,1550,2016,151,15,50,NA,NA,A,NA,NA,NA,NA,20161511550
116,2016151,1730,2016,151,17,30,NA,NA,A,NA,NA,NA,NA,20161511730
117,2016152,1355,2016,152,13,55,NA,NA,T,NA,NA,NA,NA,20161521355
118,2016152,1635,2016,152,16,35,NA,NA,A,NA,NA,NA,NA,20161521635
119,2016152,1810,2016,152,18,10,NA,NA,A,NA,NA,NA,NA,20161521810
120,2016153,1300,2016,153,13,0,NA,NA,T,NA,NA,NA,NA,20161531300
121,2016153,1435,2016,153,14,35,NA,NA,T,NA,NA,NA,NA,20161531435
122,2016153,1720,2016,153,17,20,NA,NA,A,NA,NA,NA,NA,20161531720
123,2016154,1340,2016,154,13,40,NA,NA,T,NA,NA,NA,NA,20161541340
124,2016154,1625,2016,154,16,25,NA,NA,A,NA,NA,NA,NA,20161541625
125,2016154,1800,2016,154,18,0,NA,NA,A,NA,NA,NA,NA,20161541800
126,2016155,1245,2016,155,12,45,NA,NA,T,NA,NA,NA,NA,20161551245
127,2016155,1425,2016,155,14,25,NA,NA,T,NA,NA,NA,NA,20161551425
128,2016155,1705,2016,155,17,5,NA,NA,A,NA,NA,NA,NA,20161551705
129,2016156,1330,2016,156,13,30,NA,NA,T,NA,NA,NA,NA,20161561330
130,2016156,1610,2016,156,16,10,NA,NA,A,NA,NA,NA,NA,20161561610
131,2016156,1750,2016,156,17,50,NA,NA,A,NA,NA,NA,NA,20161561750
132,2016157,1235,2016,157,12,35,NA,NA,T,NA,NA,NA,NA,20161571235
133,2016157,1410,2016,157,14,10,NA,NA,T,NA,NA,NA,NA,20161571410
134,2016157,1655,2016,157,16,55,NA,NA,A,NA,NA,NA,NA,20161571655
135,2016157,1830,2016,157,18,30,NA,NA,A,NA,NA,NA,NA,20161571830
136,2016158,1315,2016,158,13,15,NA,NA,T,NA,NA,NA,NA,20161581315
137,2016158,1600,2016,158,16,0,NA,NA,A,NA,NA,NA,NA,20161581600
138,2016158,1735,2016,158,17,35,NA,NA,A,NA,NA,NA,NA,20161581735
139,2016159,1400,2016,159,14,0,NA,NA,T,NA,NA,NA,NA,20161591400
140,2016159,1640,2016,159,16,40,NA,NA,A,NA,NA,NA,NA,20161591640
141,2016159,1820,2016,159,18,20,NA,NA,A,NA,NA,NA,NA,20161591820
142,2016160,1305,2016,160,13,5,-23.55416666,-46.74009194,T,0.15175,0.10425,0.0278,0,20161601305
143,2016160,1440,2016,160,14,40,NA,NA,T,NA,NA,NA,NA,20161601440
144,2016160,1725,2016,160,17,25,NA,NA,A,NA,NA,NA,NA,20161601725
145,2016161,1345,2016,161,13,45,NA,NA,T,NA,NA,NA,NA,20161611345
146,2016161,1630,2016,161,16,30,NA,NA,A,NA,NA,NA,NA,20161611630
147,2016161,1805,2016,161,18,5,NA,NA,A,NA,NA,NA,NA,20161611805
148,2016162,1250,2016,162,12,50,NA,NA,T,NA,NA,NA,NA,20161621250
149,2016162,1430,2016,162,14,30,NA,NA,T,NA,NA,NA,NA,20161621430
150,2016162,1710,2016,162,17,10,NA,NA,A,NA,NA,NA,NA,20161621710
151,2016163,1335,2016,163,13,35,NA,NA,T,NA,NA,NA,NA,20161631335
152,2016163,1615,2016,163,16,15,NA,NA,A,NA,NA,NA,NA,20161631615
153,2016163,1755,2016,163,17,55,NA,NA,A,NA,NA,NA,NA,20161631755
154,2016164,1240,2016,164,12,40,NA,NA,T,NA,NA,NA,NA,20161641240
155,2016164,1420,2016,164,14,20,NA,NA,T,NA,NA,NA,NA,20161641420
156,2016164,1700,2016,164,17,0,-23.55416666,-46.74009194,A,0.1215,0.08375,0.0322,0,20161641700
157,2016165,1325,2016,165,13,25,-23.55416666,-46.74009194,T,0.04725,0.03225,0.0324,0,20161651325
158,2016165,1605,2016,165,16,5,NA,NA,A,NA,NA,NA,NA,20161651605
159,2016165,1740,2016,165,17,40,-23.55416666,-46.74009194,A,0.0345,0.02325,0.0099,0,20161651740
160,2016166,1225,2016,166,12,25,NA,NA,T,NA,NA,NA,NA,20161661225
161,2016166,1405,2016,166,14,5,NA,NA,T,NA,NA,NA,NA,20161661405
162,2016166,1645,2016,166,16,45,-23.55416666,-46.74009194,A,0.0925,0.06325,0.0183,0,20161661645
163,2016166,1825,2016,166,18,25,NA,NA,A,NA,NA,NA,NA,20161661825
164,2016167,1310,2016,167,13,10,-23.55416666,-46.74009194,T,0.1555,0.107,0.0197,0,20161671310
165,2016167,1450,2016,167,14,50,NA,NA,T,NA,NA,NA,NA,20161671450
166,2016167,1550,2016,167,15,50,NA,NA,A,NA,NA,NA,NA,20161671550
167,2016167,1730,2016,167,17,30,-23.55416666,-46.74009194,A,0.11125,0.07625,0.0131,0,20161671730
168,2016168,1355,2016,168,13,55,-23.55416666,-46.74009194,T,0.09975,0.0685,0.0088,0,20161681355
169,2016168,1635,2016,168,16,35,-23.55416666,-46.74009194,A,0.1215,0.08325,0.0143,0,20161681635
170,2016168,1810,2016,168,18,10,NA,NA,A,NA,NA,NA,NA,20161681810
171,2016169,1300,2016,169,13,0,-23.55416666,-46.74009194,T,0.1555,0.107,0.0133,0,20161691300
172,2016169,1435,2016,169,14,35,NA,NA,T,NA,NA,NA,NA,20161691435
173,2016169,1720,2016,169,17,20,-23.55416666,-46.74009194,A,0.11975,0.08225,0.0145,0,20161691720
174,2016170,1340,2016,170,13,40,NA,NA,T,NA,NA,NA,NA,20161701340
175,2016170,1625,2016,170,16,25,-23.55416666,-46.74009194,A,0.32075,0.22425,0.0078,0,20161701625
176,2016170,1800,2016,170,18,0,NA,NA,A,NA,NA,NA,NA,20161701800
177,2016171,1245,2016,171,12,45,NA,NA,T,NA,NA,NA,NA,20161711245
178,2016171,1425,2016,171,14,25,NA,NA,T,NA,NA,NA,NA,20161711425
179,2016171,1705,2016,171,17,5,-23.55416666,-46.74009194,A,0.155,0.1065,0.0252,0,20161711705
180,2016172,1330,2016,172,13,30,NA,NA,T,NA,NA,NA,NA,20161721330
181,2016172,1610,2016,172,16,10,NA,NA,A,NA,NA,NA,NA,20161721610
182,2016172,1750,2016,172,17,50,NA,NA,A,NA,NA,NA,NA,20161721750
183,2016173,1235,2016,173,12,35,NA,NA,T,NA,NA,NA,NA,20161731235
184,2016173,1410,2016,173,14,10,NA,NA,T,NA,NA,NA,NA,20161731410
185,2016173,1655,2016,173,16,55,NA,NA,A,NA,NA,NA,NA,20161731655
186,2016173,1830,2016,173,18,30,NA,NA,A,NA,NA,NA,NA,20161731830
187,2016174,1315,2016,174,13,15,NA,NA,T,NA,NA,NA,NA,20161741315
188,2016174,1600,2016,174,16,0,NA,NA,A,NA,NA,NA,NA,20161741600
189,2016174,1735,2016,174,17,35,NA,NA,A,NA,NA,NA,NA,20161741735
190,2016175,1400,2016,175,14,0,-23.55416666,-46.74009194,T,0.15233,0.10433,0.0092,0,20161751400
191,2016175,1640,2016,175,16,40,NA,NA,A,NA,NA,NA,NA,20161751640
192,2016175,1820,2016,175,18,20,NA,NA,A,NA,NA,NA,NA,20161751820
193,2016176,1305,2016,176,13,5,-23.55416666,-46.74009194,T,0.21425,0.1485,0.0221,0,20161761305
194,2016176,1440,2016,176,14,40,NA,NA,T,NA,NA,NA,NA,20161761440
195,2016176,1725,2016,176,17,25,-23.55416666,-46.74009194,A,0.19275,0.1325,0.0159,0,20161761725
196,2016177,1345,2016,177,13,45,NA,NA,T,NA,NA,NA,NA,20161771345
197,2016177,1630,2016,177,16,30,NA,NA,A,NA,NA,NA,NA,20161771630
198,2016177,1805,2016,177,18,5,NA,NA,A,NA,NA,NA,NA,20161771805
199,2016178,1250,2016,178,12,50,NA,NA,T,NA,NA,NA,NA,20161781250
200,2016178,1430,2016,178,14,30,NA,NA,T,NA,NA,NA,NA,20161781430
201,2016178,1710,2016,178,17,10,-23.5625,-46.74305615,A,0.168,0.116,0.0217,0,20161781710
202,2016179,1335,2016,179,13,35,-23.55416666,-46.74009194,T,0.09775,0.067,0.0243,0,20161791335
203,2016179,1615,2016,179,16,15,-23.55416666,-46.74009194,A,0.14775,0.1015,0.0074,0,20161791615
204,2016179,1755,2016,179,17,55,NA,NA,A,NA,NA,NA,NA,20161791755
205,2016180,1240,2016,180,12,40,-23.55416666,-46.74009194,T,0.1635,0.1125,0.0115,0,20161801240
206,2016180,1420,2016,180,14,20,NA,NA,T,NA,NA,NA,NA,20161801420
207,2016180,1700,2016,180,17,0,NA,NA,A,NA,NA,NA,NA,20161801700
208,2016181,1325,2016,181,13,25,NA,NA,T,NA,NA,NA,NA,20161811325
209,2016181,1605,2016,181,16,5,NA,NA,A,NA,NA,NA,NA,20161811605
210,2016181,1740,2016,181,17,40,NA,NA,A,NA,NA,NA,NA,20161811740
211,2016182,1225,2016,182,12,25,NA,NA,T,NA,NA,NA,NA,20161821225
212,2016182,1405,2016,182,14,5,NA,NA,T,NA,NA,NA,NA,20161821405
213,2016182,1645,2016,182,16,45,NA,NA,A,NA,NA,NA,NA,20161821645
214,2016182,1825,2016,182,18,25,NA,NA,A,NA,NA,NA,NA,20161821825
215,2016183,1310,2016,183,13,10,-23.55416666,-46.74009194,T,0.174,0.11975,0.0276,0,20161831310
216,2016183,1450,2016,183,14,50,NA,NA,T,NA,NA,NA,NA,20161831450
217,2016183,1550,2016,183,15,50,NA,NA,A,NA,NA,NA,NA,20161831550
218,2016183,1730,2016,183,17,30,NA,NA,A,NA,NA,NA,NA,20161831730
219,2016184,1355,2016,184,13,55,-23.55416666,-46.74009194,T,0.08825,0.0605,0.0111,0,20161841355
220,2016184,1635,2016,184,16,35,NA,NA,A,NA,NA,NA,NA,20161841635
221,2016184,1810,2016,184,18,10,NA,NA,A,NA,NA,NA,NA,20161841810
222,2016185,1300,2016,185,13,0,-23.55416666,-46.74009194,T,0.123,0.08475,0.0183,0,20161851300
223,2016185,1435,2016,185,14,35,NA,NA,T,NA,NA,NA,NA,20161851435
224,2016185,1720,2016,185,17,20,NA,NA,A,NA,NA,NA,NA,20161851720
225,2016186,1340,2016,186,13,40,-23.55416666,-46.74009194,T,0.0605,0.04125,0.0204,0,20161861340
226,2016186,1620,2016,186,16,20,-23.55416666,-46.74009194,A,0.0725,0.0495,0.01,0,20161861620
227,2016186,1800,2016,186,18,0,NA,NA,A,NA,NA,NA,NA,20161861800
228,2016187,1245,2016,187,12,45,-23.55416666,-46.74009194,T,0.102,0.07,0.0108,0,20161871245
229,2016187,1425,2016,187,14,25,NA,NA,T,NA,NA,NA,NA,20161871425
230,2016187,1705,2016,187,17,5,NA,NA,A,NA,NA,NA,NA,20161871705
231,2016188,1330,2016,188,13,30,-23.55416666,-46.74009194,T,0.04625,0.03175,0.0272,0,20161881330
232,2016188,1610,2016,188,16,10,NA,NA,A,NA,NA,NA,NA,20161881610
233,2016188,1750,2016,188,17,50,NA,NA,A,NA,NA,NA,NA,20161881750
234,2016189,1235,2016,189,12,35,NA,NA,T,NA,NA,NA,NA,20161891235
235,2016189,1410,2016,189,14,10,NA,NA,T,NA,NA,NA,NA,20161891410
236,2016189,1655,2016,189,16,55,-23.55416666,-46.74009194,A,0.033,0.02225,0.0338,0,20161891655
237,2016189,1830,2016,189,18,30,NA,NA,A,NA,NA,NA,NA,20161891830
238,2016190,1315,2016,190,13,15,-23.55416666,-46.74009194,T,0.08375,0.057,0.0318,0,20161901315
239,2016190,1600,2016,190,16,0,NA,NA,A,NA,NA,NA,NA,20161901600
240,2016190,1735,2016,190,17,35,NA,NA,A,NA,NA,NA,NA,20161901735
241,2016191,1400,2016,191,14,0,-23.55416666,-46.74009194,T,0.068,0.0465,0.0079,0,20161911400
242,2016191,1640,2016,191,16,40,-23.55416666,-46.74009194,A,0.112,0.077,0.0211,0,20161911640
243,2016191,1815,2016,191,18,15,NA,NA,A,NA,NA,NA,NA,20161911815
244,2016192,1305,2016,192,13,5,-23.55416666,-46.74009194,T,0.091,0.062,0.021,0,20161921305
245,2016192,1440,2016,192,14,40,NA,NA,T,NA,NA,NA,NA,20161921440
246,2016192,1725,2016,192,17,25,-23.55416666,-46.74009194,A,0.06967,0.048,0.0158,0,20161921725
247,2016193,1345,2016,193,13,45,-23.55416666,-46.74009194,T,0.06375,0.0435,0.011,0,20161931345
248,2016193,1630,2016,193,16,30,-23.55416666,-46.74009194,A,0.08025,0.0545,0.0104,0,20161931630
249,2016193,1805,2016,193,18,5,NA,NA,A,NA,NA,NA,NA,20161931805
250,2016194,1250,2016,194,12,50,-23.55416666,-46.74009194,T,0.06975,0.048,0.0107,0,20161941250
251,2016194,1430,2016,194,14,30,NA,NA,T,NA,NA,NA,NA,20161941430
252,2016194,1710,2016,194,17,10,-23.55416666,-46.74009194,A,0.05725,0.03925,0.0172,0,20161941710
253,2016195,1335,2016,195,13,35,NA,NA,T,NA,NA,NA,NA,20161951335
254,2016195,1615,2016,195,16,15,NA,NA,A,NA,NA,NA,NA,20161951615
255,2016195,1755,2016,195,17,55,NA,NA,A,NA,NA,NA,NA,20161951755
256,2016196,1240,2016,196,12,40,-23.55416666,-46.74009194,T,0.13775,0.0945,0.0127,0,20161961240
257,2016196,1420,2016,196,14,20,NA,NA,T,NA,NA,NA,NA,20161961420
258,2016196,1700,2016,196,17,0,NA,NA,A,NA,NA,NA,NA,20161961700
259,2016197,1325,2016,197,13,25,-23.55416666,-46.74009194,T,0.06075,0.0415,0.0234,0,20161971325
260,2016197,1605,2016,197,16,5,NA,NA,A,NA,NA,NA,NA,20161971605
261,2016197,1740,2016,197,17,40,-23.55416666,-46.74009194,A,0.11325,0.078,0.0115,0,20161971740
262,2016198,1225,2016,198,12,25,NA,NA,T,NA,NA,NA,NA,20161981225
263,2016198,1405,2016,198,14,5,NA,NA,T,NA,NA,NA,NA,20161981405
264,2016198,1645,2016,198,16,45,NA,NA,A,NA,NA,NA,NA,20161981645
265,2016198,1825,2016,198,18,25,NA,NA,A,NA,NA,NA,NA,20161981825
266,2016199,1310,2016,199,13,10,-23.55416666,-46.74009194,T,0.0515,0.03525,0.0265,0,20161991310
267,2016199,1450,2016,199,14,50,NA,NA,T,NA,NA,NA,NA,20161991450
268,2016199,1550,2016,199,15,50,NA,NA,A,NA,NA,NA,NA,20161991550
269,2016199,1730,2016,199,17,30,-23.55416666,-46.74009194,A,0.023,0.01575,0.015,0,20161991730
270,2016200,1355,2016,200,13,55,-23.55416666,-46.74009194,T,0.1535,0.1055,0.0109,0,20162001355
271,2016200,1635,2016,200,16,35,-23.55416666,-46.74009194,A,0.148,0.1015,0.0189,0,20162001635
272,2016200,1810,2016,200,18,10,NA,NA,A,NA,NA,NA,NA,20162001810
273,2016201,1300,2016,201,13,0,NA,NA,T,NA,NA,NA,NA,20162011300
274,2016201,1435,2016,201,14,35,NA,NA,T,NA,NA,NA,NA,20162011435
275,2016201,1720,2016,201,17,20,NA,NA,A,NA,NA,NA,NA,20162011720
276,2016202,1340,2016,202,13,40,NA,NA,T,NA,NA,NA,NA,20162021340
277,2016202,1620,2016,202,16,20,NA,NA,A,NA,NA,NA,NA,20162021620
278,2016202,1800,2016,202,18,0,NA,NA,A,NA,NA,NA,NA,20162021800
279,2016203,1245,2016,203,12,45,NA,NA,T,NA,NA,NA,NA,20162031245
280,2016203,1425,2016,203,14,25,NA,NA,T,NA,NA,NA,NA,20162031425
281,2016203,1705,2016,203,17,5,NA,NA,A,NA,NA,NA,NA,20162031705
282,2016204,1330,2016,204,13,30,NA,NA,T,NA,NA,NA,NA,20162041330
283,2016204,1610,2016,204,16,10,NA,NA,A,NA,NA,NA,NA,20162041610
284,2016204,1750,2016,204,17,50,NA,NA,A,NA,NA,NA,NA,20162041750
285,2016205,1235,2016,205,12,35,NA,NA,T,NA,NA,NA,NA,20162051235
286,2016205,1410,2016,205,14,10,NA,NA,T,NA,NA,NA,NA,20162051410
287,2016205,1655,2016,205,16,55,-23.55416666,-46.74009194,A,0.11825,0.08175,0.0358,0,20162051655
288,2016205,1830,2016,205,18,30,NA,NA,A,NA,NA,NA,NA,20162051830
289,2016206,1315,2016,206,13,15,-23.55416666,-46.74009194,T,0.1805,0.124,0.0353,0,20162061315
290,2016206,1600,2016,206,16,0,NA,NA,A,NA,NA,NA,NA,20162061600
291,2016206,1735,2016,206,17,35,-23.55416666,-46.74009194,A,0.11875,0.0815,0.0132,0,20162061735
292,2016207,1400,2016,207,14,0,-23.55416666,-46.74009194,T,0.2135,0.148,0.0099,0,20162071400
293,2016207,1640,2016,207,16,40,NA,NA,A,NA,NA,NA,NA,20162071640
294,2016207,1815,2016,207,18,15,NA,NA,A,NA,NA,NA,NA,20162071815
295,2016208,1305,2016,208,13,5,-23.55416666,-46.74009194,T,0.0805,0.05525,0.0219,0,20162081305
296,2016208,1440,2016,208,14,40,NA,NA,T,NA,NA,NA,NA,20162081440
297,2016208,1725,2016,208,17,25,NA,NA,A,NA,NA,NA,NA,20162081725
298,2016209,1345,2016,209,13,45,-23.55416666,-46.74009194,T,0.071,0.04825,0.0151,0,20162091345
299,2016209,1630,2016,209,16,30,NA,NA,A,NA,NA,NA,NA,20162091630
300,2016209,1805,2016,209,18,5,NA,NA,A,NA,NA,NA,NA,20162091805
301,2016210,1250,2016,210,12,50,-23.55416666,-46.74009194,T,0.2235,0.155,0.0151,0,20162101250
302,2016210,1430,2016,210,14,30,NA,NA,T,NA,NA,NA,NA,20162101430
303,2016210,1710,2016,210,17,10,-23.55416666,-46.74009194,A,0.30425,0.21225,0.0255,0,20162101710
304,2016211,1335,2016,211,13,35,NA,NA,T,NA,NA,NA,NA,20162111335
305,2016211,1615,2016,211,16,15,NA,NA,A,NA,NA,NA,NA,20162111615
306,2016211,1755,2016,211,17,55,NA,NA,A,NA,NA,NA,NA,20162111755
307,2016212,1240,2016,212,12,40,NA,NA,T,NA,NA,NA,NA,20162121240
308,2016212,1420,2016,212,14,20,NA,NA,T,NA,NA,NA,NA,20162121420
309,2016212,1700,2016,212,17,0,-23.55416666,-46.74009194,A,0.265,0.18375,0.0358,0,20162121700
310,2016213,1325,2016,213,13,25,-23.5625,-46.74305615,T,0.425,0.2995,0.0338,0,20162131325
311,2016213,1605,2016,213,16,5,NA,NA,A,NA,NA,NA,NA,20162131605
312,2016213,1740,2016,213,17,40,NA,NA,A,NA,NA,NA,NA,20162131740
313,2016214,1225,2016,214,12,25,NA,NA,T,NA,NA,NA,NA,20162141225
314,2016214,1405,2016,214,14,5,-23.55416666,-46.74009194,T,0.11875,0.08175,0.008,0,20162141405
315,2016214,1645,2016,214,16,45,NA,NA,A,NA,NA,NA,NA,20162141645
316,2016214,1825,2016,214,18,25,NA,NA,A,NA,NA,NA,NA,20162141825
317,2016215,1310,2016,215,13,10,NA,NA,T,NA,NA,NA,NA,20162151310
318,2016215,1450,2016,215,14,50,NA,NA,T,NA,NA,NA,NA,20162151450
319,2016215,1550,2016,215,15,50,NA,NA,A,NA,NA,NA,NA,20162151550
320,2016215,1730,2016,215,17,30,NA,NA,A,NA,NA,NA,NA,20162151730
321,2016216,1355,2016,216,13,55,NA,NA,T,NA,NA,NA,NA,20162161355
322,2016216,1635,2016,216,16,35,NA,NA,A,NA,NA,NA,NA,20162161635
323,2016216,1810,2016,216,18,10,NA,NA,A,NA,NA,NA,NA,20162161810
324,2016217,1300,2016,217,13,0,-23.55416666,-46.74009194,T,0.3155,0.22025,0.0223,0,20162171300
325,2016217,1435,2016,217,14,35,NA,NA,T,NA,NA,NA,NA,20162171435
326,2016217,1720,2016,217,17,20,-23.55416666,-46.74009194,A,0.215,0.149,0.0251,0,20162171720
327,2016218,1340,2016,218,13,40,-23.55416666,-46.74009194,T,0.18975,0.13075,0.0234,0,20162181340
328,2016218,1620,2016,218,16,20,NA,NA,A,NA,NA,NA,NA,20162181620
329,2016218,1800,2016,218,18,0,NA,NA,A,NA,NA,NA,NA,20162181800
330,2016219,1245,2016,219,12,45,-23.55416666,-46.74009194,T,0.0975,0.067,0.0169,0,20162191245
331,2016219,1425,2016,219,14,25,NA,NA,T,NA,NA,NA,NA,20162191425
332,2016219,1705,2016,219,17,5,-23.55416666,-46.74009194,A,0.109,0.07475,0.0387,0,20162191705
333,2016220,1330,2016,220,13,30,NA,NA,T,NA,NA,NA,NA,20162201330
334,2016220,1610,2016,220,16,10,NA,NA,A,NA,NA,NA,NA,20162201610
335,2016220,1750,2016,220,17,50,NA,NA,A,NA,NA,NA,NA,20162201750
336,2016221,1235,2016,221,12,35,NA,NA,T,NA,NA,NA,NA,20162211235
337,2016221,1410,2016,221,14,10,NA,NA,T,NA,NA,NA,NA,20162211410
338,2016221,1655,2016,221,16,55,NA,NA,A,NA,NA,NA,NA,20162211655
339,2016221,1830,2016,221,18,30,NA,NA,A,NA,NA,NA,NA,20162211830
340,2016222,1315,2016,222,13,15,NA,NA,T,NA,NA,NA,NA,20162221315
341,2016222,1600,2016,222,16,0,NA,NA,A,NA,NA,NA,NA,20162221600
342,2016222,1735,2016,222,17,35,NA,NA,A,NA,NA,NA,NA,20162221735
343,2016223,1400,2016,223,14,0,NA,NA,T,NA,NA,NA,NA,20162231400
344,2016223,1640,2016,223,16,40,NA,NA,A,NA,NA,NA,NA,20162231640
345,2016223,1815,2016,223,18,15,NA,NA,A,NA,NA,NA,NA,20162231815
346,2016224,1305,2016,224,13,5,NA,NA,T,NA,NA,NA,NA,20162241305
347,2016224,1440,2016,224,14,40,NA,NA,T,NA,NA,NA,NA,20162241440
348,2016224,1725,2016,224,17,25,NA,NA,A,NA,NA,NA,NA,20162241725
349,2016225,1345,2016,225,13,45,NA,NA,T,NA,NA,NA,NA,20162251345
350,2016225,1630,2016,225,16,30,-23.55416666,-46.74009194,A,0.1975,0.13625,0.0175,0,20162251630
351,2016225,1805,2016,225,18,5,NA,NA,A,NA,NA,NA,NA,20162251805
352,2016226,1250,2016,226,12,50,-23.55416666,-46.74009194,T,0.0695,0.0475,0.0215,0,20162261250
353,2016226,1430,2016,226,14,30,NA,NA,T,NA,NA,NA,NA,20162261430
354,2016226,1710,2016,226,17,10,-23.55416666,-46.74009194,A,0.0305,0.0205,0.0377,0,20162261710
355,2016227,1335,2016,227,13,35,-23.55416666,-46.74009194,T,0.10925,0.07525,0.037,0,20162271335
356,2016227,1615,2016,227,16,15,-23.55416666,-46.74009194,A,0.1575,0.10825,0.0089,0,20162271615
357,2016227,1755,2016,227,17,55,NA,NA,A,NA,NA,NA,NA,20162271755
358,2016228,1240,2016,228,12,40,NA,NA,T,NA,NA,NA,NA,20162281240
359,2016228,1415,2016,228,14,15,NA,NA,T,NA,NA,NA,NA,20162281415
360,2016228,1700,2016,228,17,0,NA,NA,A,NA,NA,NA,NA,20162281700
361,2016229,1320,2016,229,13,20,NA,NA,T,NA,NA,NA,NA,20162291320
362,2016229,1605,2016,229,16,5,NA,NA,A,NA,NA,NA,NA,20162291605
363,2016229,1740,2016,229,17,40,NA,NA,A,NA,NA,NA,NA,20162291740
364,2016230,1225,2016,230,12,25,NA,NA,T,NA,NA,NA,NA,20162301225
365,2016230,1405,2016,230,14,5,-23.55416666,-46.74009194,T,0.0845,0.05775,0.0079,0,20162301405
366,2016230,1645,2016,230,16,45,-23.55416666,-46.74009194,A,0.107,0.07325,0.0502,0,20162301645
367,2016230,1825,2016,230,18,25,NA,NA,A,NA,NA,NA,NA,20162301825
368,2016231,1310,2016,231,13,10,NA,NA,T,NA,NA,NA,NA,20162311310
369,2016231,1450,2016,231,14,50,NA,NA,T,NA,NA,NA,NA,20162311450
370,2016231,1550,2016,231,15,50,NA,NA,A,NA,NA,NA,NA,20162311550
371,2016231,1730,2016,231,17,30,NA,NA,A,NA,NA,NA,NA,20162311730
372,2016232,1355,2016,232,13,55,NA,NA,T,NA,NA,NA,NA,20162321355
373,2016232,1635,2016,232,16,35,-23.55416666,-46.74009194,A,0.386,0.27,0.0229,0,20162321635
374,2016232,1810,2016,232,18,10,NA,NA,A,NA,NA,NA,NA,20162321810
375,2016233,1300,2016,233,13,0,NA,NA,T,NA,NA,NA,NA,20162331300
376,2016233,1435,2016,233,14,35,NA,NA,T,NA,NA,NA,NA,20162331435
377,2016233,1720,2016,233,17,20,NA,NA,A,NA,NA,NA,NA,20162331720
378,2016234,1340,2016,234,13,40,NA,NA,T,NA,NA,NA,NA,20162341340
379,2016234,1620,2016,234,16,20,NA,NA,A,NA,NA,NA,NA,20162341620
380,2016234,1800,2016,234,18,0,NA,NA,A,NA,NA,NA,NA,20162341800
381,2016235,1245,2016,235,12,45,NA,NA,T,NA,NA,NA,NA,20162351245
382,2016235,1425,2016,235,14,25,NA,NA,T,NA,NA,NA,NA,20162351425
383,2016235,1705,2016,235,17,5,NA,NA,A,NA,NA,NA,NA,20162351705
384,2016236,1330,2016,236,13,30,NA,NA,T,NA,NA,NA,NA,20162361330
385,2016236,1610,2016,236,16,10,-23.55416666,-46.74009194,A,0.14275,0.098,0.0074,0,20162361610
386,2016236,1750,2016,236,17,50,NA,NA,A,NA,NA,NA,NA,20162361750
387,2016237,1235,2016,237,12,35,NA,NA,T,NA,NA,NA,NA,20162371235
388,2016237,1410,2016,237,14,10,NA,NA,T,NA,NA,NA,NA,20162371410
389,2016237,1655,2016,237,16,55,-23.55416666,-46.74009194,A,0.073,0.05025,0.0505,0,20162371655
390,2016237,1830,2016,237,18,30,NA,NA,A,NA,NA,NA,NA,20162371830
391,2016238,1315,2016,238,13,15,-23.55416666,-46.74009194,T,0.0915,0.0625,0.0496,0,20162381315
392,2016238,1600,2016,238,16,0,NA,NA,A,NA,NA,NA,NA,20162381600
393,2016238,1735,2016,238,17,35,-23.55416666,-46.73100119,A,0.2035,0.1415,0.0121,0,20162381735
394,2016239,1400,2016,239,14,0,-23.55416666,-46.74009194,T,0.05275,0.03625,0.0098,0,20162391400
395,2016239,1640,2016,239,16,40,-23.55416666,-46.74009194,A,0.07175,0.04925,0.0229,0,20162391640
396,2016239,1815,2016,239,18,15,NA,NA,A,NA,NA,NA,NA,20162391815
397,2016240,1305,2016,240,13,5,-23.55416666,-46.74009194,T,0.07775,0.05325,0.0306,0,20162401305
398,2016240,1440,2016,240,14,40,NA,NA,T,NA,NA,NA,NA,20162401440
399,2016240,1725,2016,240,17,25,-23.55416666,-46.74009194,A,0.07425,0.05075,0.022,0,20162401725
400,2016241,1345,2016,241,13,45,-23.55416666,-46.74009194,T,0.06225,0.0425,0.0193,0,20162411345
401,2016241,1630,2016,241,16,30,-23.55416666,-46.74009194,A,0.11675,0.08,0.0164,0,20162411630
402,2016241,1805,2016,241,18,5,NA,NA,A,NA,NA,NA,NA,20162411805
403,2016242,1250,2016,242,12,50,-23.55416666,-46.74009194,T,0.1005,0.069,0.0218,0,20162421250
404,2016242,1430,2016,242,14,30,NA,NA,T,NA,NA,NA,NA,20162421430
405,2016242,1710,2016,242,17,10,NA,NA,A,NA,NA,NA,NA,20162421710
406,2016243,1335,2016,243,13,35,NA,NA,T,NA,NA,NA,NA,20162431335
407,2016243,1615,2016,243,16,15,NA,NA,A,NA,NA,NA,NA,20162431615
408,2016243,1755,2016,243,17,55,NA,NA,A,NA,NA,NA,NA,20162431755
409,2016244,1240,2016,244,12,40,NA,NA,T,NA,NA,NA,NA,20162441240
410,2016244,1415,2016,244,14,15,NA,NA,T,NA,NA,NA,NA,20162441415
411,2016244,1700,2016,244,17,0,NA,NA,A,NA,NA,NA,NA,20162441700
412,2016245,1320,2016,245,13,20,NA,NA,T,NA,NA,NA,NA,20162451320
413,2016245,1605,2016,245,16,5,NA,NA,A,NA,NA,NA,NA,20162451605
414,2016245,1740,2016,245,17,40,-23.55416666,-46.74009194,A,0.15125,0.104,0.015,0,20162451740
415,2016246,1225,2016,246,12,25,NA,NA,T,NA,NA,NA,NA,20162461225
416,2016246,1405,2016,246,14,5,NA,NA,T,NA,NA,NA,NA,20162461405
417,2016246,1645,2016,246,16,45,NA,NA,A,NA,NA,NA,NA,20162461645
418,2016246,1825,2016,246,18,25,NA,NA,A,NA,NA,NA,NA,20162461825
419,2016247,1310,2016,247,13,10,NA,NA,T,NA,NA,NA,NA,20162471310
420,2016247,1450,2016,247,14,50,NA,NA,T,NA,NA,NA,NA,20162471450
421,2016247,1550,2016,247,15,50,NA,NA,A,NA,NA,NA,NA,20162471550
422,2016247,1730,2016,247,17,30,NA,NA,A,NA,NA,NA,NA,20162471730
423,2016248,1355,2016,248,13,55,NA,NA,T,NA,NA,NA,NA,20162481355
424,2016248,1635,2016,248,16,35,NA,NA,A,NA,NA,NA,NA,20162481635
425,2016248,1810,2016,248,18,10,NA,NA,A,NA,NA,NA,NA,20162481810
426,2016249,1300,2016,249,13,0,NA,NA,T,NA,NA,NA,NA,20162491300
427,2016249,1435,2016,249,14,35,NA,NA,T,NA,NA,NA,NA,20162491435
428,2016249,1720,2016,249,17,20,NA,NA,A,NA,NA,NA,NA,20162491720
429,2016250,1340,2016,250,13,40,NA,NA,T,NA,NA,NA,NA,20162501340
430,2016250,1620,2016,250,16,20,NA,NA,A,NA,NA,NA,NA,20162501620
431,2016250,1800,2016,250,18,0,NA,NA,A,NA,NA,NA,NA,20162501800
432,2016251,1245,2016,251,12,45,NA,NA,T,NA,NA,NA,NA,20162511245
433,2016251,1425,2016,251,14,25,NA,NA,T,NA,NA,NA,NA,20162511425
434,2016251,1705,2016,251,17,5,NA,NA,A,NA,NA,NA,NA,20162511705
435,2016252,1330,2016,252,13,30,-23.55416666,-46.74009194,T,0.06075,0.0415,0.048,0,20162521330
436,2016252,1610,2016,252,16,10,-23.55416666,-46.74009194,A,0.19075,0.13125,0.0085,0,20162521610
437,2016252,1750,2016,252,17,50,NA,NA,A,NA,NA,NA,NA,20162521750
438,2016253,1235,2016,253,12,35,NA,NA,T,NA,NA,NA,NA,20162531235
439,2016253,1410,2016,253,14,10,NA,NA,T,NA,NA,NA,NA,20162531410
440,2016253,1655,2016,253,16,55,NA,NA,A,NA,NA,NA,NA,20162531655
441,2016253,1830,2016,253,18,30,NA,NA,A,NA,NA,NA,NA,20162531830
442,2016254,1315,2016,254,13,15,NA,NA,T,NA,NA,NA,NA,20162541315
443,2016254,1600,2016,254,16,0,NA,NA,A,NA,NA,NA,NA,20162541600
444,2016254,1735,2016,254,17,35,NA,NA,A,NA,NA,NA,NA,20162541735
445,2016255,1400,2016,255,14,0,-23.55416666,-46.74009194,T,0.1945,0.134,0.0128,0,20162551400
446,2016255,1640,2016,255,16,40,NA,NA,A,NA,NA,NA,NA,20162551640
447,2016255,1815,2016,255,18,15,NA,NA,A,NA,NA,NA,NA,20162551815
448,2016256,1305,2016,256,13,5,-23.55416666,-46.74009194,T,0.102,0.07,0.0383,0,20162561305
449,2016256,1440,2016,256,14,40,NA,NA,T,NA,NA,NA,NA,20162561440
450,2016256,1725,2016,256,17,25,NA,NA,A,NA,NA,NA,NA,20162561725
451,2016257,1345,2016,257,13,45,-23.55416666,-46.74009194,T,0.23925,0.166,0.0209,0,20162571345
452,2016257,1630,2016,257,16,30,NA,NA,A,NA,NA,NA,NA,20162571630
453,2016257,1805,2016,257,18,5,NA,NA,A,NA,NA,NA,NA,20162571805
454,2016258,1250,2016,258,12,50,NA,NA,T,NA,NA,NA,NA,20162581250
455,2016258,1430,2016,258,14,30,NA,NA,T,NA,NA,NA,NA,20162581430
456,2016258,1710,2016,258,17,10,NA,NA,A,NA,NA,NA,NA,20162581710
457,2016259,1335,2016,259,13,35,-23.55416666,-46.74009194,T,0.208,0.1435,0.0372,0,20162591335
458,2016259,1615,2016,259,16,15,-23.55416666,-46.74009194,A,0.3095,0.21575,0.0102,0,20162591615
459,2016259,1755,2016,259,17,55,NA,NA,A,NA,NA,NA,NA,20162591755
460,2016260,1240,2016,260,12,40,NA,NA,T,NA,NA,NA,NA,20162601240
461,2016260,1415,2016,260,14,15,NA,NA,T,NA,NA,NA,NA,20162601415
462,2016260,1700,2016,260,17,0,NA,NA,A,NA,NA,NA,NA,20162601700
463,2016261,1320,2016,261,13,20,-23.55416666,-46.74009194,T,0.6305,0.45,0.0632,0,20162611320
464,2016261,1605,2016,261,16,5,NA,NA,A,NA,NA,NA,NA,20162611605
465,2016261,1740,2016,261,17,40,-23.55416666,-46.73100119,A,0.7185,0.513,0.0079,0,20162611740
466,2016262,1225,2016,262,12,25,NA,NA,T,NA,NA,NA,NA,20162621225
467,2016262,1405,2016,262,14,5,-23.55416666,-46.74009194,T,0.51075,0.36,0.0108,0,20162621405
468,2016262,1645,2016,262,16,45,NA,NA,A,NA,NA,NA,NA,20162621645
469,2016262,1825,2016,262,18,25,NA,NA,A,NA,NA,NA,NA,20162621825
470,2016263,1310,2016,263,13,10,-23.55416666,-46.74009194,T,0.3235,0.22575,0.0356,0,20162631310
471,2016263,1450,2016,263,14,50,NA,NA,T,NA,NA,NA,NA,20162631450
472,2016263,1550,2016,263,15,50,NA,NA,A,NA,NA,NA,NA,20162631550
473,2016263,1730,2016,263,17,30,NA,NA,A,NA,NA,NA,NA,20162631730
474,2016264,1350,2016,264,13,50,NA,NA,T,NA,NA,NA,NA,20162641350
475,2016264,1635,2016,264,16,35,NA,NA,A,NA,NA,NA,NA,20162641635
476,2016264,1810,2016,264,18,10,NA,NA,A,NA,NA,NA,NA,20162641810
477,2016265,1255,2016,265,12,55,NA,NA,T,NA,NA,NA,NA,20162651255
478,2016265,1435,2016,265,14,35,NA,NA,T,NA,NA,NA,NA,20162651435
479,2016265,1715,2016,265,17,15,NA,NA,A,NA,NA,NA,NA,20162651715
480,2016266,1340,2016,266,13,40,NA,NA,T,NA,NA,NA,NA,20162661340
481,2016266,1620,2016,266,16,20,-23.55416666,-46.74009194,A,0.14075,0.09675,0.0119,0,20162661620
482,2016266,1800,2016,266,18,0,NA,NA,A,NA,NA,NA,NA,20162661800
483,2016267,1245,2016,267,12,45,-23.55416666,-46.74009194,T,0.10975,0.0755,0.0178,0,20162671245
484,2016267,1425,2016,267,14,25,NA,NA,T,NA,NA,NA,NA,20162671425
485,2016267,1705,2016,267,17,5,-23.55416666,-46.74009194,A,0.1365,0.094,0.0362,0,20162671705
486,2016268,1330,2016,268,13,30,NA,NA,T,NA,NA,NA,NA,20162681330
487,2016268,1610,2016,268,16,10,NA,NA,A,NA,NA,NA,NA,20162681610
488,2016268,1750,2016,268,17,50,NA,NA,A,NA,NA,NA,NA,20162681750
489,2016269,1235,2016,269,12,35,NA,NA,T,NA,NA,NA,NA,20162691235
490,2016269,1410,2016,269,14,10,NA,NA,T,NA,NA,NA,NA,20162691410
491,2016269,1655,2016,269,16,55,NA,NA,A,NA,NA,NA,NA,20162691655
492,2016269,1830,2016,269,18,30,NA,NA,A,NA,NA,NA,NA,20162691830
493,2016270,1315,2016,270,13,15,NA,NA,T,NA,NA,NA,NA,20162701315
494,2016270,1555,2016,270,15,55,NA,NA,A,NA,NA,NA,NA,20162701555
495,2016270,1735,2016,270,17,35,NA,NA,A,NA,NA,NA,NA,20162701735
496,2016271,1400,2016,271,14,0,-23.55416666,-46.74009194,T,0.07725,0.053,0.0136,0,20162711400
497,2016271,1640,2016,271,16,40,NA,NA,A,NA,NA,NA,NA,20162711640
498,2016271,1815,2016,271,18,15,NA,NA,A,NA,NA,NA,NA,20162711815
499,2016272,1305,2016,272,13,5,-23.55416666,-46.74009194,T,0.09775,0.06675,0.0417,0,20162721305
500,2016272,1440,2016,272,14,40,NA,NA,T,NA,NA,NA,NA,20162721440
501,2016272,1725,2016,272,17,25,NA,NA,A,NA,NA,NA,NA,20162721725
502,2016273,1345,2016,273,13,45,-23.55416666,-46.74009194,T,0.10075,0.06875,0.0215,0,20162731345
503,2016273,1630,2016,273,16,30,-23.55416666,-46.74009194,A,0.2355,0.163,0.0173,0,20162731630
504,2016273,1805,2016,273,18,5,NA,NA,A,NA,NA,NA,NA,20162731805
505,2016274,1250,2016,274,12,50,NA,NA,T,NA,NA,NA,NA,20162741250
506,2016274,1430,2016,274,14,30,NA,NA,T,NA,NA,NA,NA,20162741430
507,2016274,1710,2016,274,17,10,NA,NA,A,NA,NA,NA,NA,20162741710
508,2016275,1335,2016,275,13,35,NA,NA,T,NA,NA,NA,NA,20162751335
509,2016275,1615,2016,275,16,15,NA,NA,A,NA,NA,NA,NA,20162751615
510,2016275,1755,2016,275,17,55,NA,NA,A,NA,NA,NA,NA,20162751755
511,2016276,1240,2016,276,12,40,NA,NA,T,NA,NA,NA,NA,20162761240
512,2016276,1415,2016,276,14,15,NA,NA,T,NA,NA,NA,NA,20162761415
513,2016276,1700,2016,276,17,0,NA,NA,A,NA,NA,NA,NA,20162761700
514,2016277,1320,2016,277,13,20,NA,NA,T,NA,NA,NA,NA,20162771320
515,2016277,1605,2016,277,16,5,NA,NA,A,NA,NA,NA,NA,20162771605
516,2016277,1740,2016,277,17,40,NA,NA,A,NA,NA,NA,NA,20162771740
517,2016278,1225,2016,278,12,25,NA,NA,T,NA,NA,NA,NA,20162781225
518,2016278,1405,2016,278,14,5,NA,NA,T,NA,NA,NA,NA,20162781405
519,2016278,1645,2016,278,16,45,NA,NA,A,NA,NA,NA,NA,20162781645
520,2016278,1825,2016,278,18,25,NA,NA,A,NA,NA,NA,NA,20162781825
521,2016279,1310,2016,279,13,10,NA,NA,T,NA,NA,NA,NA,20162791310
522,2016279,1450,2016,279,14,50,NA,NA,T,NA,NA,NA,NA,20162791450
523,2016279,1550,2016,279,15,50,NA,NA,A,NA,NA,NA,NA,20162791550
524,2016279,1730,2016,279,17,30,NA,NA,A,NA,NA,NA,NA,20162791730
525,2016280,1350,2016,280,13,50,NA,NA,T,NA,NA,NA,NA,20162801350
526,2016280,1635,2016,280,16,35,NA,NA,A,NA,NA,NA,NA,20162801635
527,2016280,1810,2016,280,18,10,NA,NA,A,NA,NA,NA,NA,20162801810
528,2016281,1255,2016,281,12,55,NA,NA,T,NA,NA,NA,NA,20162811255
529,2016281,1435,2016,281,14,35,NA,NA,T,NA,NA,NA,NA,20162811435
530,2016281,1720,2016,281,17,20,NA,NA,A,NA,NA,NA,NA,20162811720
531,2016282,1340,2016,282,13,40,-23.55416666,-46.74009194,T,0.026,0.018,0.0394,0,20162821340
532,2016282,1620,2016,282,16,20,NA,NA,A,NA,NA,NA,NA,20162821620
533,2016282,1800,2016,282,18,0,NA,NA,A,NA,NA,NA,NA,20162821800
534,2016283,1245,2016,283,12,45,NA,NA,T,NA,NA,NA,NA,20162831245
535,2016283,1425,2016,283,14,25,NA,NA,T,NA,NA,NA,NA,20162831425
536,2016283,1705,2016,283,17,5,NA,NA,A,NA,NA,NA,NA,20162831705
537,2016284,1330,2016,284,13,30,NA,NA,T,NA,NA,NA,NA,20162841330
538,2016284,1610,2016,284,16,10,NA,NA,A,NA,NA,NA,NA,20162841610
539,2016284,1750,2016,284,17,50,NA,NA,A,NA,NA,NA,NA,20162841750
540,2016285,1235,2016,285,12,35,NA,NA,T,NA,NA,NA,NA,20162851235
541,2016285,1410,2016,285,14,10,NA,NA,T,NA,NA,NA,NA,20162851410
542,2016285,1655,2016,285,16,55,NA,NA,A,NA,NA,NA,NA,20162851655
543,2016285,1830,2016,285,18,30,NA,NA,A,NA,NA,NA,NA,20162851830
544,2016286,1315,2016,286,13,15,NA,NA,T,NA,NA,NA,NA,20162861315
545,2016286,1600,2016,286,16,0,NA,NA,A,NA,NA,NA,NA,20162861600
546,2016286,1735,2016,286,17,35,NA,NA,A,NA,NA,NA,NA,20162861735
547,2016287,1400,2016,287,14,0,NA,NA,T,NA,NA,NA,NA,20162871400
548,2016287,1640,2016,287,16,40,NA,NA,A,NA,NA,NA,NA,20162871640
549,2016287,1815,2016,287,18,15,NA,NA,A,NA,NA,NA,NA,20162871815
550,2016288,1305,2016,288,13,5,-23.55416666,-46.74009194,T,0.24725,0.1715,0.0559,0,20162881305
551,2016288,1440,2016,288,14,40,NA,NA,T,NA,NA,NA,NA,20162881440
552,2016288,1725,2016,288,17,25,NA,NA,A,NA,NA,NA,NA,20162881725
553,2016289,1345,2016,289,13,45,NA,NA,T,NA,NA,NA,NA,20162891345
554,2016289,1630,2016,289,16,30,NA,NA,A,NA,NA,NA,NA,20162891630
555,2016289,1805,2016,289,18,5,NA,NA,A,NA,NA,NA,NA,20162891805
556,2016290,1250,2016,290,12,50,NA,NA,T,NA,NA,NA,NA,20162901250
557,2016290,1430,2016,290,14,30,NA,NA,T,NA,NA,NA,NA,20162901430
558,2016290,1710,2016,290,17,10,NA,NA,A,NA,NA,NA,NA,20162901710
559,2016291,1335,2016,291,13,35,-23.5625,-46.74305615,T,0.272,0.188,0.0511,0,20162911335
560,2016291,1615,2016,291,16,15,NA,NA,A,NA,NA,NA,NA,20162911615
561,2016291,1755,2016,291,17,55,NA,NA,A,NA,NA,NA,NA,20162911755
562,2016292,1240,2016,292,12,40,NA,NA,T,NA,NA,NA,NA,20162921240
563,2016292,1415,2016,292,14,15,NA,NA,T,NA,NA,NA,NA,20162921415
564,2016292,1700,2016,292,17,0,NA,NA,A,NA,NA,NA,NA,20162921700
565,2016293,1320,2016,293,13,20,-23.55416666,-46.74009194,T,0.0825,0.0565,0.1078,0,20162931320
566,2016293,1605,2016,293,16,5,NA,NA,A,NA,NA,NA,NA,20162931605
567,2016293,1740,2016,293,17,40,NA,NA,A,NA,NA,NA,NA,20162931740
568,2016294,1225,2016,294,12,25,NA,NA,T,NA,NA,NA,NA,20162941225
569,2016294,1645,2016,294,16,45,NA,NA,A,NA,NA,NA,NA,20162941645
570,2016294,1825,2016,294,18,25,NA,NA,A,NA,NA,NA,NA,20162941825
571,2016295,1310,2016,295,13,10,NA,NA,T,NA,NA,NA,NA,20162951310
572,2016295,1450,2016,295,14,50,NA,NA,T,NA,NA,NA,NA,20162951450
573,2016295,1550,2016,295,15,50,NA,NA,A,NA,NA,NA,NA,20162951550
574,2016295,1730,2016,295,17,30,NA,NA,A,NA,NA,NA,NA,20162951730
575,2016296,1350,2016,296,13,50,NA,NA,T,NA,NA,NA,NA,20162961350
576,2016296,1635,2016,296,16,35,NA,NA,A,NA,NA,NA,NA,20162961635
577,2016296,1810,2016,296,18,10,NA,NA,A,NA,NA,NA,NA,20162961810
578,2016297,1255,2016,297,12,55,-23.55416666,-46.74009194,T,0.35725,0.24975,0.0412,0,20162971255
579,2016297,1435,2016,297,14,35,NA,NA,T,NA,NA,NA,NA,20162971435
580,2016297,1720,2016,297,17,20,NA,NA,A,NA,NA,NA,NA,20162971720
581,2016298,1340,2016,298,13,40,NA,NA,T,NA,NA,NA,NA,20162981340
582,2016298,1620,2016,298,16,20,NA,NA,A,NA,NA,NA,NA,20162981620
583,2016298,1800,2016,298,18,0,NA,NA,A,NA,NA,NA,NA,20162981800
584,2016299,1245,2016,299,12,45,NA,NA,T,NA,NA,NA,NA,20162991245
585,2016299,1425,2016,299,14,25,NA,NA,T,NA,NA,NA,NA,20162991425
586,2016299,1705,2016,299,17,5,NA,NA,A,NA,NA,NA,NA,20162991705
587,2016300,1330,2016,300,13,30,NA,NA,T,NA,NA,NA,NA,20163001330
588,2016300,1610,2016,300,16,10,NA,NA,A,NA,NA,NA,NA,20163001610
589,2016300,1750,2016,300,17,50,NA,NA,A,NA,NA,NA,NA,20163001750
590,2016301,1235,2016,301,12,35,NA,NA,T,NA,NA,NA,NA,20163011235
591,2016301,1410,2016,301,14,10,NA,NA,T,NA,NA,NA,NA,20163011410
592,2016301,1655,2016,301,16,55,NA,NA,A,NA,NA,NA,NA,20163011655
593,2016301,1830,2016,301,18,30,NA,NA,A,NA,NA,NA,NA,20163011830
594,2016302,1315,2016,302,13,15,NA,NA,T,NA,NA,NA,NA,20163021315
595,2016302,1600,2016,302,16,0,NA,NA,A,NA,NA,NA,NA,20163021600
596,2016302,1735,2016,302,17,35,NA,NA,A,NA,NA,NA,NA,20163021735
597,2016303,1400,2016,303,14,0,NA,NA,T,NA,NA,NA,NA,20163031400
598,2016303,1640,2016,303,16,40,NA,NA,A,NA,NA,NA,NA,20163031640
599,2016303,1815,2016,303,18,15,NA,NA,A,NA,NA,NA,NA,20163031815
600,2016304,1305,2016,304,13,5,NA,NA,T,NA,NA,NA,NA,20163041305
601,2016304,1440,2016,304,14,40,NA,NA,T,NA,NA,NA,NA,20163041440
602,2016304,1725,2016,304,17,25,NA,NA,A,NA,NA,NA,NA,20163041725
603,2016305,1345,2016,305,13,45,-23.55416666,-46.74009194,T,0.13425,0.09225,0.0312,0,20163051345
604,2016305,1630,2016,305,16,30,NA,NA,A,NA,NA,NA,NA,20163051630
605,2016305,1805,2016,305,18,5,NA,NA,A,NA,NA,NA,NA,20163051805
606,2016306,1250,2016,306,12,50,NA,NA,T,NA,NA,NA,NA,20163061250
607,2016306,1430,2016,306,14,30,NA,NA,T,NA,NA,NA,NA,20163061430
608,2016306,1710,2016,306,17,10,NA,NA,A,NA,NA,NA,NA,20163061710
609,2016307,1335,2016,307,13,35,NA,NA,T,NA,NA,NA,NA,20163071335
610,2016307,1615,2016,307,16,15,NA,NA,A,NA,NA,NA,NA,20163071615
611,2016307,1755,2016,307,17,55,NA,NA,A,NA,NA,NA,NA,20163071755
612,2016308,1240,2016,308,12,40,NA,NA,T,NA,NA,NA,NA,20163081240
613,2016308,1415,2016,308,14,15,NA,NA,T,NA,NA,NA,NA,20163081415
614,2016308,1700,2016,308,17,0,NA,NA,A,NA,NA,NA,NA,20163081700
615,2016309,1320,2016,309,13,20,NA,NA,T,NA,NA,NA,NA,20163091320
616,2016309,1605,2016,309,16,5,NA,NA,A,NA,NA,NA,NA,20163091605
617,2016309,1740,2016,309,17,40,NA,NA,A,NA,NA,NA,NA,20163091740
618,2016310,1225,2016,310,12,25,NA,NA,T,NA,NA,NA,NA,20163101225
619,2016310,1405,2016,310,14,5,NA,NA,T,NA,NA,NA,NA,20163101405
620,2016310,1645,2016,310,16,45,NA,NA,A,NA,NA,NA,NA,20163101645
621,2016310,1825,2016,310,18,25,NA,NA,A,NA,NA,NA,NA,20163101825
622,2016311,1310,2016,311,13,10,NA,NA,T,NA,NA,NA,NA,20163111310
623,2016311,1450,2016,311,14,50,NA,NA,T,NA,NA,NA,NA,20163111450
624,2016311,1550,2016,311,15,50,NA,NA,A,NA,NA,NA,NA,20163111550
625,2016311,1730,2016,311,17,30,NA,NA,A,NA,NA,NA,NA,20163111730
1,2016312,1350,2016,312,13,50,NA,NA,T,NA,NA,NA,NA,20163121350
2,2016312,1635,2016,312,16,35,NA,NA,A,NA,NA,NA,NA,20163121635
3,2016312,1810,2016,312,18,10,NA,NA,A,NA,NA,NA,NA,20163121810
4,2016313,1255,2016,313,12,55,-23.55416666,-46.74009194,T,0.07875,0.05375,0.0327,0,20163131255
5,2016313,1435,2016,313,14,35,NA,NA,T,NA,NA,NA,NA,20163131435
6,2016313,1720,2016,313,17,20,NA,NA,A,NA,NA,NA,NA,20163131720
7,2016314,1340,2016,314,13,40,NA,NA,T,NA,NA,NA,NA,20163141340
8,2016314,1620,2016,314,16,20,NA,NA,A,NA,NA,NA,NA,20163141620
9,2016314,1800,2016,314,18,0,NA,NA,A,NA,NA,NA,NA,20163141800
10,2016315,1245,2016,315,12,45,NA,NA,T,NA,NA,NA,NA,20163151245
11,2016315,1425,2016,315,14,25,NA,NA,T,NA,NA,NA,NA,20163151425
12,2016315,1705,2016,315,17,5,NA,NA,A,NA,NA,NA,NA,20163151705
13,2016316,1330,2016,316,13,30,NA,NA,T,NA,NA,NA,NA,20163161330
14,2016316,1610,2016,316,16,10,NA,NA,A,NA,NA,NA,NA,20163161610
15,2016316,1750,2016,316,17,50,NA,NA,A,NA,NA,NA,NA,20163161750
16,2016317,1235,2016,317,12,35,NA,NA,T,NA,NA,NA,NA,20163171235
17,2016317,1410,2016,317,14,10,NA,NA,T,NA,NA,NA,NA,20163171410
18,2016317,1655,2016,317,16,55,NA,NA,A,NA,NA,NA,NA,20163171655
19,2016317,1830,2016,317,18,30,NA,NA,A,NA,NA,NA,NA,20163171830
20,2016318,1315,2016,318,13,15,NA,NA,T,NA,NA,NA,NA,20163181315
21,2016318,1600,2016,318,16,0,NA,NA,A,NA,NA,NA,NA,20163181600
22,2016318,1735,2016,318,17,35,NA,NA,A,NA,NA,NA,NA,20163181735
23,2016319,1400,2016,319,14,0,NA,NA,T,NA,NA,NA,NA,20163191400
24,2016319,1640,2016,319,16,40,NA,NA,A,NA,NA,NA,NA,20163191640
25,2016319,1815,2016,319,18,15,NA,NA,A,NA,NA,NA,NA,20163191815
26,2016320,1305,2016,320,13,5,NA,NA,T,NA,NA,NA,NA,20163201305
27,2016320,1440,2016,320,14,40,NA,NA,T,NA,NA,NA,NA,20163201440
28,2016320,1725,2016,320,17,25,NA,NA,A,NA,NA,NA,NA,20163201725
29,2016321,1345,2016,321,13,45,NA,NA,T,NA,NA,NA,NA,20163211345
30,2016321,1630,2016,321,16,30,NA,NA,A,NA,NA,NA,NA,20163211630
31,2016321,1805,2016,321,18,5,NA,NA,A,NA,NA,NA,NA,20163211805
32,2016322,1250,2016,322,12,50,-23.55416666,-46.74009194,T,0.41567,0.29233,0.0268,0,20163221250
33,2016322,1430,2016,322,14,30,NA,NA,T,NA,NA,NA,NA,20163221430
34,2016322,1710,2016,322,17,10,NA,NA,A,NA,NA,NA,NA,20163221710
35,2016323,1335,2016,323,13,35,NA,NA,T,NA,NA,NA,NA,20163231335
36,2016323,1615,2016,323,16,15,NA,NA,A,NA,NA,NA,NA,20163231615
37,2016323,1755,2016,323,17,55,NA,NA,A,NA,NA,NA,NA,20163231755
38,2016324,1240,2016,324,12,40,NA,NA,T,NA,NA,NA,NA,20163241240
39,2016324,1415,2016,324,14,15,NA,NA,T,NA,NA,NA,NA,20163241415
40,2016324,1700,2016,324,17,0,NA,NA,A,NA,NA,NA,NA,20163241700
41,2016325,1320,2016,325,13,20,-23.55416666,-46.74009194,T,0.14775,0.10175,0.0578,0,20163251320
42,2016325,1605,2016,325,16,5,NA,NA,A,NA,NA,NA,NA,20163251605
43,2016325,1740,2016,325,17,40,-23.55416666,-46.74009194,A,0.16625,0.11425,0.0142,0,20163251740
44,2016326,1225,2016,326,12,25,NA,NA,T,NA,NA,NA,NA,20163261225
45,2016326,1405,2016,326,14,5,-23.55416666,-46.74009194,T,0.05625,0.03825,0.0131,0,20163261405
46,2016326,1645,2016,326,16,45,NA,NA,A,NA,NA,NA,NA,20163261645
47,2016326,1825,2016,326,18,25,NA,NA,A,NA,NA,NA,NA,20163261825
48,2016327,1310,2016,327,13,10,NA,NA,T,NA,NA,NA,NA,20163271310
49,2016327,1450,2016,327,14,50,NA,NA,T,NA,NA,NA,NA,20163271450
50,2016327,1550,2016,327,15,50,NA,NA,A,NA,NA,NA,NA,20163271550
51,2016327,1730,2016,327,17,30,NA,NA,A,NA,NA,NA,NA,20163271730
52,2016328,1350,2016,328,13,50,NA,NA,T,NA,NA,NA,NA,20163281350
53,2016328,1635,2016,328,16,35,NA,NA,A,NA,NA,NA,NA,20163281635
54,2016328,1810,2016,328,18,10,NA,NA,A,NA,NA,NA,NA,20163281810
55,2016329,1255,2016,329,12,55,NA,NA,T,NA,NA,NA,NA,20163291255
56,2016329,1435,2016,329,14,35,NA,NA,T,NA,NA,NA,NA,20163291435
57,2016329,1720,2016,329,17,20,NA,NA,A,NA,NA,NA,NA,20163291720
58,2016330,1340,2016,330,13,40,NA,NA,T,NA,NA,NA,NA,20163301340
59,2016330,1620,2016,330,16,20,NA,NA,A,NA,NA,NA,NA,20163301620
60,2016330,1800,2016,330,18,0,NA,NA,A,NA,NA,NA,NA,20163301800
61,2016331,1245,2016,331,12,45,NA,NA,T,NA,NA,NA,NA,20163311245
62,2016331,1425,2016,331,14,25,NA,NA,T,NA,NA,NA,NA,20163311425
63,2016331,1705,2016,331,17,5,NA,NA,A,NA,NA,NA,NA,20163311705
64,2016332,1330,2016,332,13,30,NA,NA,T,NA,NA,NA,NA,20163321330
65,2016332,1610,2016,332,16,10,NA,NA,A,NA,NA,NA,NA,20163321610
66,2016332,1750,2016,332,17,50,NA,NA,A,NA,NA,NA,NA,20163321750
67,2016333,1235,2016,333,12,35,NA,NA,T,NA,NA,NA,NA,20163331235
68,2016333,1410,2016,333,14,10,NA,NA,T,NA,NA,NA,NA,20163331410
69,2016333,1655,2016,333,16,55,NA,NA,A,NA,NA,NA,NA,20163331655
70,2016333,1830,2016,333,18,30,NA,NA,A,NA,NA,NA,NA,20163331830
71,2016334,1315,2016,334,13,15,NA,NA,T,NA,NA,NA,NA,20163341315
72,2016334,1600,2016,334,16,0,NA,NA,A,NA,NA,NA,NA,20163341600
73,2016334,1735,2016,334,17,35,NA,NA,A,NA,NA,NA,NA,20163341735
74,2016335,1400,2016,335,14,0,NA,NA,T,NA,NA,NA,NA,20163351400
75,2016335,1640,2016,335,16,40,NA,NA,A,NA,NA,NA,NA,20163351640
76,2016335,1815,2016,335,18,15,NA,NA,A,NA,NA,NA,NA,20163351815
77,2016336,1305,2016,336,13,5,NA,NA,T,NA,NA,NA,NA,20163361305
78,2016336,1440,2016,336,14,40,NA,NA,T,NA,NA,NA,NA,20163361440
79,2016336,1725,2016,336,17,25,NA,NA,A,NA,NA,NA,NA,20163361725
80,2016337,1345,2016,337,13,45,-23.55416666,-46.74009194,T,0.277,0.192,0.0236,0,20163371345
81,2016337,1630,2016,337,16,30,NA,NA,A,NA,NA,NA,NA,20163371630
82,2016337,1805,2016,337,18,5,NA,NA,A,NA,NA,NA,NA,20163371805
83,2016338,1250,2016,338,12,50,NA,NA,T,NA,NA,NA,NA,20163381250
84,2016338,1430,2016,338,14,30,NA,NA,T,NA,NA,NA,NA,20163381430
85,2016338,1710,2016,338,17,10,NA,NA,A,NA,NA,NA,NA,20163381710
86,2016339,1335,2016,339,13,35,NA,NA,T,NA,NA,NA,NA,20163391335
87,2016339,1615,2016,339,16,15,NA,NA,A,NA,NA,NA,NA,20163391615
88,2016339,1755,2016,339,17,55,NA,NA,A,NA,NA,NA,NA,20163391755
89,2016340,1240,2016,340,12,40,NA,NA,T,NA,NA,NA,NA,20163401240
90,2016340,1415,2016,340,14,15,NA,NA,T,NA,NA,NA,NA,20163401415
91,2016340,1700,2016,340,17,0,NA,NA,A,NA,NA,NA,NA,20163401700
92,2016341,1320,2016,341,13,20,-23.55416666,-46.74009194,T,0.079,0.05375,0.0626,0,20163411320
93,2016341,1605,2016,341,16,5,NA,NA,A,NA,NA,NA,NA,20163411605
94,2016341,1740,2016,341,17,40,NA,NA,A,NA,NA,NA,NA,20163411740
95,2016342,1225,2016,342,12,25,NA,NA,T,NA,NA,NA,NA,20163421225
96,2016342,1405,2016,342,14,5,NA,NA,T,NA,NA,NA,NA,20163421405
97,2016342,1645,2016,342,16,45,NA,NA,A,NA,NA,NA,NA,20163421645
98,2016342,1825,2016,342,18,25,NA,NA,A,NA,NA,NA,NA,20163421825
99,2016343,1310,2016,343,13,10,NA,NA,T,NA,NA,NA,NA,20163431310
100,2016343,1450,2016,343,14,50,NA,NA,T,NA,NA,NA,NA,20163431450
101,2016343,1550,2016,343,15,50,NA,NA,A,NA,NA,NA,NA,20163431550
102,2016343,1730,2016,343,17,30,NA,NA,A,NA,NA,NA,NA,20163431730
103,2016344,1350,2016,344,13,50,NA,NA,T,NA,NA,NA,NA,20163441350
104,2016344,1635,2016,344,16,35,NA,NA,A,NA,NA,NA,NA,20163441635
105,2016344,1810,2016,344,18,10,NA,NA,A,NA,NA,NA,NA,20163441810
106,2016345,1255,2016,345,12,55,NA,NA,T,NA,NA,NA,NA,20163451255
107,2016345,1435,2016,345,14,35,NA,NA,T,NA,NA,NA,NA,20163451435
108,2016345,1720,2016,345,17,20,NA,NA,A,NA,NA,NA,NA,20163451720
109,2016346,1340,2016,346,13,40,NA,NA,T,NA,NA,NA,NA,20163461340
110,2016346,1620,2016,346,16,20,NA,NA,A,NA,NA,NA,NA,20163461620
111,2016346,1800,2016,346,18,0,NA,NA,A,NA,NA,NA,NA,20163461800
112,2016347,1245,2016,347,12,45,NA,NA,T,NA,NA,NA,NA,20163471245
113,2016347,1425,2016,347,14,25,NA,NA,T,NA,NA,NA,NA,20163471425
114,2016347,1705,2016,347,17,5,NA,NA,A,NA,NA,NA,NA,20163471705
115,2016348,1330,2016,348,13,30,NA,NA,T,NA,NA,NA,NA,20163481330
116,2016348,1610,2016,348,16,10,NA,NA,A,NA,NA,NA,NA,20163481610
117,2016348,1750,2016,348,17,50,NA,NA,A,NA,NA,NA,NA,20163481750
118,2016349,1235,2016,349,12,35,NA,NA,T,NA,NA,NA,NA,20163491235
119,2016349,1410,2016,349,14,10,NA,NA,T,NA,NA,NA,NA,20163491410
120,2016349,1655,2016,349,16,55,NA,NA,A,NA,NA,NA,NA,20163491655
121,2016349,1830,2016,349,18,30,NA,NA,A,NA,NA,NA,NA,20163491830
122,2016350,1315,2016,350,13,15,NA,NA,T,NA,NA,NA,NA,20163501315
123,2016350,1600,2016,350,16,0,NA,NA,A,NA,NA,NA,NA,20163501600
124,2016350,1735,2016,350,17,35,NA,NA,A,NA,NA,NA,NA,20163501735
125,2016351,1400,2016,351,14,0,NA,NA,T,NA,NA,NA,NA,20163511400
126,2016351,1640,2016,351,16,40,NA,NA,A,NA,NA,NA,NA,20163511640
127,2016351,1815,2016,351,18,15,NA,NA,A,NA,NA,NA,NA,20163511815
128,2016352,1305,2016,352,13,5,-23.55416666,-46.74009194,T,0.09975,0.0685,0.0593,0,20163521305
129,2016352,1440,2016,352,14,40,NA,NA,T,NA,NA,NA,NA,20163521440
130,2016352,1725,2016,352,17,25,NA,NA,A,NA,NA,NA,NA,20163521725
131,2016353,1345,2016,353,13,45,NA,NA,T,NA,NA,NA,NA,20163531345
132,2016353,1630,2016,353,16,30,NA,NA,A,NA,NA,NA,NA,20163531630
133,2016353,1805,2016,353,18,5,NA,NA,A,NA,NA,NA,NA,20163531805
134,2016354,1250,2016,354,12,50,NA,NA,T,NA,NA,NA,NA,20163541250
135,2016354,1430,2016,354,14,30,NA,NA,T,NA,NA,NA,NA,20163541430
136,2016354,1710,2016,354,17,10,NA,NA,A,NA,NA,NA,NA,20163541710
137,2016355,1335,2016,355,13,35,NA,NA,T,NA,NA,NA,NA,20163551335
138,2016355,1615,2016,355,16,15,NA,NA,A,NA,NA,NA,NA,20163551615
139,2016355,1755,2016,355,17,55,NA,NA,A,NA,NA,NA,NA,20163551755
140,2016356,1240,2016,356,12,40,NA,NA,T,NA,NA,NA,NA,20163561240
141,2016356,1415,2016,356,14,15,NA,NA,T,NA,NA,NA,NA,20163561415
142,2016356,1700,2016,356,17,0,NA,NA,A,NA,NA,NA,NA,20163561700
143,2016357,1320,2016,357,13,20,NA,NA,T,NA,NA,NA,NA,20163571320
144,2016357,1605,2016,357,16,5,NA,NA,A,NA,NA,NA,NA,20163571605
145,2016357,1740,2016,357,17,40,NA,NA,A,NA,NA,NA,NA,20163571740
146,2016358,1225,2016,358,12,25,NA,NA,T,NA,NA,NA,NA,20163581225
147,2016358,1405,2016,358,14,5,NA,NA,T,NA,NA,NA,NA,20163581405
148,2016358,1645,2016,358,16,45,NA,NA,A,NA,NA,NA,NA,20163581645
149,2016358,1825,2016,358,18,25,NA,NA,A,NA,NA,NA,NA,20163581825
150,2016359,1310,2016,359,13,10,NA,NA,T,NA,NA,NA,NA,20163591310
151,2016359,1450,2016,359,14,50,NA,NA,T,NA,NA,NA,NA,20163591450
152,2016359,1550,2016,359,15,50,NA,NA,A,NA,NA,NA,NA,20163591550
153,2016359,1730,2016,359,17,30,NA,NA,A,NA,NA,NA,NA,20163591730
154,2016360,1350,2016,360,13,50,-23.55416666,-46.74009194,T,0.1965,0.136,0.0202,0,20163601350
155,2016360,1635,2016,360,16,35,NA,NA,A,NA,NA,NA,NA,20163601635
156,2016360,1810,2016,360,18,10,NA,NA,A,NA,NA,NA,NA,20163601810
157,2016361,1255,2016,361,12,55,-23.55416666,-46.74009194,T,0.026,0.0175,0.0453,0,20163611255
158,2016361,1435,2016,361,14,35,NA,NA,T,NA,NA,NA,NA,20163611435
159,2016361,1720,2016,361,17,20,NA,NA,A,NA,NA,NA,NA,20163611720
160,2016362,1340,2016,362,13,40,NA,NA,T,NA,NA,NA,NA,20163621340
161,2016362,1620,2016,362,16,20,NA,NA,A,NA,NA,NA,NA,20163621620
162,2016362,1800,2016,362,18,0,NA,NA,A,NA,NA,NA,NA,20163621800
163,2016363,1245,2016,363,12,45,-23.55416666,-46.74009194,T,0.1325,0.091,0.0267,0,20163631245
164,2016363,1425,2016,363,14,25,NA,NA,T,NA,NA,NA,NA,20163631425
165,2016363,1705,2016,363,17,5,NA,NA,A,NA,NA,NA,NA,20163631705
166,2016364,1330,2016,364,13,30,-23.55416666,-46.74009194,T,0.06475,0.04425,0.0606,0,20163641330
167,2016364,1610,2016,364,16,10,NA,NA,A,NA,NA,NA,NA,20163641610
168,2016364,1750,2016,364,17,50,NA,NA,A,NA,NA,NA,NA,20163641750
169,2016365,1235,2016,365,12,35,NA,NA,T,NA,NA,NA,NA,20163651235
170,2016365,1410,2016,365,14,10,NA,NA,T,NA,NA,NA,NA,20163651410
171,2016365,1655,2016,365,16,55,NA,NA,A,NA,NA,NA,NA,20163651655
172,2016365,1830,2016,365,18,30,NA,NA,A,NA,NA,NA,NA,20163651830
173,2016366,1315,2016,366,13,15,NA,NA,T,NA,NA,NA,NA,20163661315
174,2016366,1600,2016,366,16,0,NA,NA,A,NA,NA,NA,NA,20163661600
175,2016366,1735,2016,366,17,35,NA,NA,A,NA,NA,NA,NA,20163661735
1,2017001,1400,2017,1,14,0,NA,NA,T,NA,NA,NA,NA,20170011400
2,2017001,1640,2017,1,16,40,NA,NA,A,NA,NA,NA,NA,20170011640
3,2017001,1815,2017,1,18,15,NA,NA,A,NA,NA,NA,NA,20170011815
4,2017002,1305,2017,2,13,5,NA,NA,T,NA,NA,NA,NA,20170021305
5,2017002,1440,2017,2,14,40,NA,NA,T,NA,NA,NA,NA,20170021440
6,2017002,1725,2017,2,17,25,NA,NA,A,NA,NA,NA,NA,20170021725
8,2017003,1345,2017,3,13,45,NA,NA,T,NA,NA,NA,NA,20170031345
9,2017003,1630,2017,3,16,30,NA,NA,A,NA,NA,NA,NA,20170031630
10,2017003,1805,2017,3,18,5,NA,NA,A,NA,NA,NA,NA,20170031805
7,2017004,1250,2017,4,12,50,NA,NA,T,NA,NA,NA,NA,20170041250
8,2017004,1430,2017,4,14,30,NA,NA,T,NA,NA,NA,NA,20170041430
9,2017004,1710,2017,4,17,10,NA,NA,A,NA,NA,NA,NA,20170041710
10,2017005,1335,2017,5,13,35,NA,NA,T,NA,NA,NA,NA,20170051335
11,2017005,1615,2017,5,16,15,NA,NA,A,NA,NA,NA,NA,20170051615
12,2017005,1755,2017,5,17,55,NA,NA,A,NA,NA,NA,NA,20170051755
13,2017006,1240,2017,6,12,40,NA,NA,T,NA,NA,NA,NA,20170061240
14,2017006,1415,2017,6,14,15,NA,NA,T,NA,NA,NA,NA,20170061415
15,2017006,1700,2017,6,17,0,NA,NA,A,NA,NA,NA,NA,20170061700
16,2017007,1320,2017,7,13,20,NA,NA,T,NA,NA,NA,NA,20170071320
17,2017007,1605,2017,7,16,5,NA,NA,A,NA,NA,NA,NA,20170071605
18,2017007,1740,2017,7,17,40,NA,NA,A,NA,NA,NA,NA,20170071740
11,2017008,1225,2017,8,12,25,NA,NA,T,NA,NA,NA,NA,20170081225
12,2017008,1405,2017,8,14,5,NA,NA,T,NA,NA,NA,NA,20170081405
13,2017008,1645,2017,8,16,45,NA,NA,A,NA,NA,NA,NA,20170081645
14,2017008,1825,2017,8,18,25,NA,NA,A,NA,NA,NA,NA,20170081825
19,2017009,1310,2017,9,13,10,NA,NA,T,NA,NA,NA,NA,20170091310
20,2017009,1445,2017,9,14,45,NA,NA,T,NA,NA,NA,NA,20170091445
21,2017009,1550,2017,9,15,50,NA,NA,A,NA,NA,NA,NA,20170091550
22,2017009,1730,2017,9,17,30,NA,NA,A,NA,NA,NA,NA,20170091730
23,2017010,1350,2017,10,13,50,NA,NA,T,NA,NA,NA,NA,20170101350
24,2017010,1635,2017,10,16,35,NA,NA,A,NA,NA,NA,NA,20170101635
25,2017010,1810,2017,10,18,10,NA,NA,A,NA,NA,NA,NA,20170101810
26,2017011,1255,2017,11,12,55,NA,NA,T,NA,NA,NA,NA,20170111255
27,2017011,1435,2017,11,14,35,NA,NA,T,NA,NA,NA,NA,20170111435
28,2017011,1720,2017,11,17,20,NA,NA,A,NA,NA,NA,NA,20170111720
29,2017012,1340,2017,12,13,40,NA,NA,T,NA,NA,NA,NA,20170121340
30,2017012,1620,2017,12,16,20,NA,NA,A,NA,NA,NA,NA,20170121620
31,2017012,1800,2017,12,18,0,NA,NA,A,NA,NA,NA,NA,20170121800
32,2017013,1245,2017,13,12,45,NA,NA,T,NA,NA,NA,NA,20170131245
33,2017013,1425,2017,13,14,25,NA,NA,T,NA,NA,NA,NA,20170131425
34,2017013,1705,2017,13,17,5,NA,NA,A,NA,NA,NA,NA,20170131705
35,2017014,1330,2017,14,13,30,NA,NA,T,NA,NA,NA,NA,20170141330
36,2017014,1610,2017,14,16,10,NA,NA,A,NA,NA,NA,NA,20170141610
37,2017014,1750,2017,14,17,50,NA,NA,A,NA,NA,NA,NA,20170141750
38,2017015,1230,2017,15,12,30,NA,NA,T,NA,NA,NA,NA,20170151230
39,2017015,1410,2017,15,14,10,NA,NA,T,NA,NA,NA,NA,20170151410
40,2017015,1655,2017,15,16,55,NA,NA,A,NA,NA,NA,NA,20170151655
41,2017015,1830,2017,15,18,30,NA,NA,A,NA,NA,NA,NA,20170151830
42,2017016,1315,2017,16,13,15,NA,NA,T,NA,NA,NA,NA,20170161315
43,2017016,1600,2017,16,16,0,NA,NA,A,NA,NA,NA,NA,20170161600
44,2017016,1735,2017,16,17,35,NA,NA,A,NA,NA,NA,NA,20170161735
45,2017017,1400,2017,17,14,0,NA,NA,T,NA,NA,NA,NA,20170171400
46,2017017,1640,2017,17,16,40,NA,NA,A,NA,NA,NA,NA,20170171640
47,2017017,1815,2017,17,18,15,NA,NA,A,NA,NA,NA,NA,20170171815
48,2017018,1305,2017,18,13,5,NA,NA,T,NA,NA,NA,NA,20170181305
49,2017018,1440,2017,18,14,40,NA,NA,T,NA,NA,NA,NA,20170181440
50,2017018,1725,2017,18,17,25,NA,NA,A,NA,NA,NA,NA,20170181725
51,2017019,1345,2017,19,13,45,NA,NA,T,NA,NA,NA,NA,20170191345
52,2017019,1630,2017,19,16,30,NA,NA,A,NA,NA,NA,NA,20170191630
53,2017019,1805,2017,19,18,5,NA,NA,A,NA,NA,NA,NA,20170191805
54,2017020,1250,2017,20,12,50,NA,NA,T,NA,NA,NA,NA,20170201250
55,2017020,1430,2017,20,14,30,NA,NA,T,NA,NA,NA,NA,20170201430
56,2017020,1710,2017,20,17,10,NA,NA,A,NA,NA,NA,NA,20170201710
57,2017021,1335,2017,21,13,35,NA,NA,T,NA,NA,NA,NA,20170211335
58,2017021,1615,2017,21,16,15,NA,NA,A,NA,NA,NA,NA,20170211615
59,2017021,1755,2017,21,17,55,NA,NA,A,NA,NA,NA,NA,20170211755
60,2017022,1240,2017,22,12,40,NA,NA,T,NA,NA,NA,NA,20170221240
61,2017022,1415,2017,22,14,15,NA,NA,T,NA,NA,NA,NA,20170221415
62,2017022,1700,2017,22,17,0,NA,NA,A,NA,NA,NA,NA,20170221700
63,2017023,1320,2017,23,13,20,NA,NA,T,NA,NA,NA,NA,20170231320
64,2017023,1605,2017,23,16,5,NA,NA,A,NA,NA,NA,NA,20170231605
65,2017023,1740,2017,23,17,40,NA,NA,A,NA,NA,NA,NA,20170231740
66,2017024,1225,2017,24,12,25,NA,NA,T,NA,NA,NA,NA,20170241225
67,2017024,1405,2017,24,14,5,NA,NA,T,NA,NA,NA,NA,20170241405
68,2017024,1645,2017,24,16,45,NA,NA,A,NA,NA,NA,NA,20170241645
69,2017024,1825,2017,24,18,25,NA,NA,A,NA,NA,NA,NA,20170241825
70,2017025,1310,2017,25,13,10,NA,NA,T,NA,NA,NA,NA,20170251310
71,2017025,1445,2017,25,14,45,NA,NA,T,NA,NA,NA,NA,20170251445
72,2017025,1550,2017,25,15,50,NA,NA,A,NA,NA,NA,NA,20170251550
73,2017025,1730,2017,25,17,30,NA,NA,A,NA,NA,NA,NA,20170251730
74,2017026,1350,2017,26,13,50,NA,NA,T,NA,NA,NA,NA,20170261350
75,2017026,1635,2017,26,16,35,NA,NA,A,NA,NA,NA,NA,20170261635
76,2017026,1810,2017,26,18,10,NA,NA,A,NA,NA,NA,NA,20170261810
77,2017027,1255,2017,27,12,55,NA,NA,T,NA,NA,NA,NA,20170271255
78,2017027,1435,2017,27,14,35,NA,NA,T,NA,NA,NA,NA,20170271435
79,2017027,1720,2017,27,17,20,NA,NA,A,NA,NA,NA,NA,20170271720
80,2017028,1340,2017,28,13,40,NA,NA,T,NA,NA,NA,NA,20170281340
81,2017028,1625,2017,28,16,25,NA,NA,A,NA,NA,NA,NA,20170281625
82,2017028,1800,2017,28,18,0,NA,NA,A,NA,NA,NA,NA,20170281800
83,2017029,1245,2017,29,12,45,NA,NA,T,NA,NA,NA,NA,20170291245
84,2017029,1425,2017,29,14,25,NA,NA,T,NA,NA,NA,NA,20170291425
85,2017029,1705,2017,29,17,5,NA,NA,A,NA,NA,NA,NA,20170291705
86,2017030,1330,2017,30,13,30,NA,NA,T,NA,NA,NA,NA,20170301330
87,2017030,1610,2017,30,16,10,NA,NA,A,NA,NA,NA,NA,20170301610
88,2017030,1750,2017,30,17,50,NA,NA,A,NA,NA,NA,NA,20170301750
15,2017031,1230,2017,31,12,30,NA,NA,T,NA,NA,NA,NA,20170311230
16,2017031,1410,2017,31,14,10,NA,NA,T,NA,NA,NA,NA,20170311410
17,2017031,1655,2017,31,16,55,NA,NA,A,NA,NA,NA,NA,20170311655
18,2017031,1830,2017,31,18,30,NA,NA,A,NA,NA,NA,NA,20170311830
89,2017032,1315,2017,32,13,15,NA,NA,T,NA,NA,NA,NA,20170321315
90,2017032,1600,2017,32,16,0,NA,NA,A,NA,NA,NA,NA,20170321600
91,2017032,1735,2017,32,17,35,NA,NA,A,NA,NA,NA,NA,20170321735
92,2017033,1400,2017,33,14,0,NA,NA,T,NA,NA,NA,NA,20170331400
93,2017033,1640,2017,33,16,40,NA,NA,A,NA,NA,NA,NA,20170331640
94,2017033,1820,2017,33,18,20,NA,NA,A,NA,NA,NA,NA,20170331820
95,2017034,1305,2017,34,13,5,NA,NA,T,NA,NA,NA,NA,20170341305
96,2017034,1440,2017,34,14,40,NA,NA,T,NA,NA,NA,NA,20170341440
97,2017034,1725,2017,34,17,25,NA,NA,A,NA,NA,NA,NA,20170341725
98,2017035,1345,2017,35,13,45,NA,NA,T,NA,NA,NA,NA,20170351345
99,2017035,1630,2017,35,16,30,NA,NA,A,NA,NA,NA,NA,20170351630
100,2017035,1805,2017,35,18,5,NA,NA,A,NA,NA,NA,NA,20170351805
101,2017036,1250,2017,36,12,50,NA,NA,T,NA,NA,NA,NA,20170361250
102,2017036,1430,2017,36,14,30,NA,NA,T,NA,NA,NA,NA,20170361430
103,2017036,1710,2017,36,17,10,NA,NA,A,NA,NA,NA,NA,20170361710
104,2017037,1335,2017,37,13,35,-23.55416666,-46.74009194,T,0.196,0.13525,0.0426,0,20170371335
105,2017037,1615,2017,37,16,15,NA,NA,A,NA,NA,NA,NA,20170371615
106,2017037,1755,2017,37,17,55,NA,NA,A,NA,NA,NA,NA,20170371755
107,2017038,1240,2017,38,12,40,NA,NA,T,NA,NA,NA,NA,20170381240
108,2017038,1415,2017,38,14,15,NA,NA,T,NA,NA,NA,NA,20170381415
109,2017038,1700,2017,38,17,0,NA,NA,A,NA,NA,NA,NA,20170381700
110,2017039,1320,2017,39,13,20,NA,NA,T,NA,NA,NA,NA,20170391320
111,2017039,1605,2017,39,16,5,NA,NA,A,NA,NA,NA,NA,20170391605
112,2017039,1740,2017,39,17,40,NA,NA,A,NA,NA,NA,NA,20170391740
113,2017040,1225,2017,40,12,25,NA,NA,T,NA,NA,NA,NA,20170401225
114,2017040,1405,2017,40,14,5,NA,NA,T,NA,NA,NA,NA,20170401405
115,2017040,1645,2017,40,16,45,NA,NA,A,NA,NA,NA,NA,20170401645
116,2017040,1825,2017,40,18,25,NA,NA,A,NA,NA,NA,NA,20170401825
117,2017041,1310,2017,41,13,10,NA,NA,T,NA,NA,NA,NA,20170411310
118,2017041,1445,2017,41,14,45,NA,NA,T,NA,NA,NA,NA,20170411445
119,2017041,1550,2017,41,15,50,NA,NA,A,NA,NA,NA,NA,20170411550
120,2017041,1730,2017,41,17,30,NA,NA,A,NA,NA,NA,NA,20170411730
121,2017042,1350,2017,42,13,50,NA,NA,T,NA,NA,NA,NA,20170421350
122,2017042,1635,2017,42,16,35,NA,NA,A,NA,NA,NA,NA,20170421635
123,2017042,1810,2017,42,18,10,NA,NA,A,NA,NA,NA,NA,20170421810
124,2017043,1255,2017,43,12,55,-23.55416666,-46.74009194,T,0.04275,0.029,0.0379,0,20170431255
125,2017043,1435,2017,43,14,35,NA,NA,T,NA,NA,NA,NA,20170431435
126,2017043,1720,2017,43,17,20,NA,NA,A,NA,NA,NA,NA,20170431720
127,2017044,1340,2017,44,13,40,-23.55416666,-46.74009194,T,0.09375,0.064,0.0408,0,20170441340
128,2017044,1625,2017,44,16,25,NA,NA,A,NA,NA,NA,NA,20170441625
129,2017044,1800,2017,44,18,0,NA,NA,A,NA,NA,NA,NA,20170441800
130,2017045,1245,2017,45,12,45,NA,NA,T,NA,NA,NA,NA,20170451245
131,2017045,1425,2017,45,14,25,NA,NA,T,NA,NA,NA,NA,20170451425
132,2017045,1705,2017,45,17,5,NA,NA,A,NA,NA,NA,NA,20170451705
133,2017046,1330,2017,46,13,30,-23.55416666,-46.74009194,T,0.07525,0.0515,0.0637,0,20170461330
134,2017046,1610,2017,46,16,10,NA,NA,A,NA,NA,NA,NA,20170461610
135,2017046,1750,2017,46,17,50,NA,NA,A,NA,NA,NA,NA,20170461750
136,2017047,1230,2017,47,12,30,NA,NA,T,NA,NA,NA,NA,20170471230
137,2017047,1410,2017,47,14,10,NA,NA,T,NA,NA,NA,NA,20170471410
138,2017047,1655,2017,47,16,55,NA,NA,A,NA,NA,NA,NA,20170471655
139,2017047,1830,2017,47,18,30,NA,NA,A,NA,NA,NA,NA,20170471830
140,2017048,1315,2017,48,13,15,-23.55416666,-46.74009194,T,0.155,0.107,0.0747,0,20170481315
141,2017048,1600,2017,48,16,0,NA,NA,A,NA,NA,NA,NA,20170481600
142,2017048,1735,2017,48,17,35,NA,NA,A,NA,NA,NA,NA,20170481735
143,2017049,1400,2017,49,14,0,-23.55416666,-46.74009194,T,0.028,0.01925,0.0137,0,20170491400
144,2017049,1640,2017,49,16,40,NA,NA,A,NA,NA,NA,NA,20170491640
145,2017049,1820,2017,49,18,20,NA,NA,A,NA,NA,NA,NA,20170491820
146,2017050,1305,2017,50,13,5,-23.55416666,-46.74009194,T,0.1315,0.0905,0.0525,0,20170501305
147,2017050,1440,2017,50,14,40,NA,NA,T,NA,NA,NA,NA,20170501440
148,2017050,1725,2017,50,17,25,NA,NA,A,NA,NA,NA,NA,20170501725
149,2017051,1345,2017,51,13,45,NA,NA,T,NA,NA,NA,NA,20170511345
150,2017051,1630,2017,51,16,30,NA,NA,A,NA,NA,NA,NA,20170511630
151,2017051,1805,2017,51,18,5,NA,NA,A,NA,NA,NA,NA,20170511805
152,2017052,1250,2017,52,12,50,-23.55416666,-46.74009194,T,0.16667,0.11467,0.0219,0,20170521250
153,2017052,1430,2017,52,14,30,NA,NA,T,NA,NA,NA,NA,20170521430
154,2017052,1710,2017,52,17,10,NA,NA,A,NA,NA,NA,NA,20170521710
155,2017053,1335,2017,53,13,35,NA,NA,T,NA,NA,NA,NA,20170531335
156,2017053,1615,2017,53,16,15,NA,NA,A,NA,NA,NA,NA,20170531615
157,2017053,1755,2017,53,17,55,NA,NA,A,NA,NA,NA,NA,20170531755
158,2017054,1240,2017,54,12,40,-23.55416666,-46.74009194,T,0.05525,0.03775,0.0155,0,20170541240
159,2017054,1415,2017,54,14,15,NA,NA,T,NA,NA,NA,NA,20170541415
160,2017054,1700,2017,54,17,0,NA,NA,A,NA,NA,NA,NA,20170541700
161,2017055,1320,2017,55,13,20,NA,NA,T,NA,NA,NA,NA,20170551320
162,2017055,1605,2017,55,16,5,NA,NA,A,NA,NA,NA,NA,20170551605
163,2017055,1745,2017,55,17,45,NA,NA,A,NA,NA,NA,NA,20170551745
164,2017056,1225,2017,56,12,25,NA,NA,T,NA,NA,NA,NA,20170561225
165,2017056,1405,2017,56,14,5,NA,NA,T,NA,NA,NA,NA,20170561405
166,2017056,1645,2017,56,16,45,NA,NA,A,NA,NA,NA,NA,20170561645
167,2017056,1825,2017,56,18,25,NA,NA,A,NA,NA,NA,NA,20170561825
168,2017057,1310,2017,57,13,10,NA,NA,T,NA,NA,NA,NA,20170571310
169,2017057,1445,2017,57,14,45,NA,NA,T,NA,NA,NA,NA,20170571445
170,2017057,1550,2017,57,15,50,NA,NA,A,NA,NA,NA,NA,20170571550
171,2017057,1730,2017,57,17,30,NA,NA,A,NA,NA,NA,NA,20170571730
172,2017058,1350,2017,58,13,50,NA,NA,T,NA,NA,NA,NA,20170581350
173,2017058,1635,2017,58,16,35,NA,NA,A,NA,NA,NA,NA,20170581635
174,2017058,1810,2017,58,18,10,NA,NA,A,NA,NA,NA,NA,20170581810
175,2017059,1255,2017,59,12,55,NA,NA,T,NA,NA,NA,NA,20170591255
176,2017059,1435,2017,59,14,35,NA,NA,T,NA,NA,NA,NA,20170591435
177,2017059,1720,2017,59,17,20,NA,NA,A,NA,NA,NA,NA,20170591720
178,2017060,1340,2017,60,13,40,NA,NA,T,NA,NA,NA,NA,20170601340
179,2017060,1625,2017,60,16,25,NA,NA,A,NA,NA,NA,NA,20170601625
180,2017060,1800,2017,60,18,0,NA,NA,A,NA,NA,NA,NA,20170601800
181,2017061,1245,2017,61,12,45,NA,NA,T,NA,NA,NA,NA,20170611245
182,2017061,1425,2017,61,14,25,NA,NA,T,NA,NA,NA,NA,20170611425
183,2017061,1705,2017,61,17,5,NA,NA,A,NA,NA,NA,NA,20170611705
184,2017062,1330,2017,62,13,30,NA,NA,T,NA,NA,NA,NA,20170621330
185,2017062,1610,2017,62,16,10,NA,NA,A,NA,NA,NA,NA,20170621610
186,2017062,1750,2017,62,17,50,NA,NA,A,NA,NA,NA,NA,20170621750
187,2017063,1230,2017,63,12,30,NA,NA,T,NA,NA,NA,NA,20170631230
188,2017063,1410,2017,63,14,10,NA,NA,T,NA,NA,NA,NA,20170631410
189,2017063,1655,2017,63,16,55,NA,NA,A,NA,NA,NA,NA,20170631655
190,2017063,1830,2017,63,18,30,NA,NA,A,NA,NA,NA,NA,20170631830
191,2017064,1315,2017,64,13,15,NA,NA,T,NA,NA,NA,NA,20170641315
192,2017064,1600,2017,64,16,0,NA,NA,A,NA,NA,NA,NA,20170641600
193,2017064,1735,2017,64,17,35,NA,NA,A,NA,NA,NA,NA,20170641735
194,2017065,1400,2017,65,14,0,NA,NA,T,NA,NA,NA,NA,20170651400
195,2017065,1640,2017,65,16,40,NA,NA,A,NA,NA,NA,NA,20170651640
196,2017065,1820,2017,65,18,20,NA,NA,A,NA,NA,NA,NA,20170651820
197,2017066,1305,2017,66,13,5,-23.55416666,-46.74009194,T,0.1835,0.126,0.0407,0,20170661305
198,2017066,1440,2017,66,14,40,NA,NA,T,NA,NA,NA,NA,20170661440
199,2017066,1725,2017,66,17,25,NA,NA,A,NA,NA,NA,NA,20170661725
200,2017067,1345,2017,67,13,45,-23.55416666,-46.74009194,T,0.3775,0.264,0.0222,0,20170671345
201,2017067,1630,2017,67,16,30,NA,NA,A,NA,NA,NA,NA,20170671630
202,2017067,1805,2017,67,18,5,NA,NA,A,NA,NA,NA,NA,20170671805
203,2017068,1250,2017,68,12,50,-23.55416666,-46.74009194,T,0.23925,0.16575,0.0275,0,20170681250
204,2017068,1430,2017,68,14,30,NA,NA,T,NA,NA,NA,NA,20170681430
205,2017068,1710,2017,68,17,10,NA,NA,A,NA,NA,NA,NA,20170681710
206,2017069,1335,2017,69,13,35,NA,NA,T,NA,NA,NA,NA,20170691335
207,2017069,1615,2017,69,16,15,NA,NA,A,NA,NA,NA,NA,20170691615
208,2017069,1755,2017,69,17,55,NA,NA,A,NA,NA,NA,NA,20170691755
209,2017070,1240,2017,70,12,40,NA,NA,T,NA,NA,NA,NA,20170701240
210,2017070,1415,2017,70,14,15,NA,NA,T,NA,NA,NA,NA,20170701415
211,2017070,1700,2017,70,17,0,NA,NA,A,NA,NA,NA,NA,20170701700
212,2017071,1320,2017,71,13,20,NA,NA,T,NA,NA,NA,NA,20170711320
213,2017071,1605,2017,71,16,5,NA,NA,A,NA,NA,NA,NA,20170711605
214,2017071,1745,2017,71,17,45,NA,NA,A,NA,NA,NA,NA,20170711745
215,2017072,1225,2017,72,12,25,NA,NA,T,NA,NA,NA,NA,20170721225
216,2017072,1405,2017,72,14,5,NA,NA,T,NA,NA,NA,NA,20170721405
217,2017072,1650,2017,72,16,50,NA,NA,A,NA,NA,NA,NA,20170721650
218,2017072,1825,2017,72,18,25,NA,NA,A,NA,NA,NA,NA,20170721825
219,2017073,1310,2017,73,13,10,NA,NA,T,NA,NA,NA,NA,20170731310
220,2017073,1445,2017,73,14,45,NA,NA,T,NA,NA,NA,NA,20170731445
221,2017073,1550,2017,73,15,50,NA,NA,A,NA,NA,NA,NA,20170731550
222,2017073,1730,2017,73,17,30,NA,NA,A,NA,NA,NA,NA,20170731730
223,2017074,1350,2017,74,13,50,-23.55416666,-46.74009194,T,0.0785,0.05375,0.0165,0,20170741350
224,2017074,1635,2017,74,16,35,NA,NA,A,NA,NA,NA,NA,20170741635
225,2017074,1810,2017,74,18,10,NA,NA,A,NA,NA,NA,NA,20170741810
226,2017075,1255,2017,75,12,55,-23.55416666,-46.74009194,T,0.06825,0.0465,0.032,0,20170751255
227,2017075,1435,2017,75,14,35,NA,NA,T,NA,NA,NA,NA,20170751435
228,2017075,1720,2017,75,17,20,NA,NA,A,NA,NA,NA,NA,20170751720
229,2017076,1340,2017,76,13,40,NA,NA,T,NA,NA,NA,NA,20170761340
230,2017076,1625,2017,76,16,25,NA,NA,A,NA,NA,NA,NA,20170761625
231,2017076,1800,2017,76,18,0,NA,NA,A,NA,NA,NA,NA,20170761800
232,2017077,1245,2017,77,12,45,NA,NA,T,NA,NA,NA,NA,20170771245
233,2017077,1425,2017,77,14,25,NA,NA,T,NA,NA,NA,NA,20170771425
234,2017077,1705,2017,77,17,5,NA,NA,A,NA,NA,NA,NA,20170771705
235,2017078,1330,2017,78,13,30,NA,NA,T,NA,NA,NA,NA,20170781330
236,2017078,1610,2017,78,16,10,NA,NA,A,NA,NA,NA,NA,20170781610
237,2017078,1750,2017,78,17,50,NA,NA,A,NA,NA,NA,NA,20170781750
238,2017079,1235,2017,79,12,35,NA,NA,T,NA,NA,NA,NA,20170791235
239,2017079,1410,2017,79,14,10,NA,NA,T,NA,NA,NA,NA,20170791410
240,2017079,1655,2017,79,16,55,NA,NA,A,NA,NA,NA,NA,20170791655
241,2017079,1830,2017,79,18,30,NA,NA,A,NA,NA,NA,NA,20170791830
242,2017080,1315,2017,80,13,15,NA,NA,T,NA,NA,NA,NA,20170801315
243,2017080,1600,2017,80,16,0,NA,NA,A,NA,NA,NA,NA,20170801600
244,2017080,1735,2017,80,17,35,NA,NA,A,NA,NA,NA,NA,20170801735
245,2017081,1400,2017,81,14,0,-23.55416666,-46.74009194,T,0.02575,0.01775,0.0127,0,20170811400
246,2017081,1640,2017,81,16,40,NA,NA,A,NA,NA,NA,NA,20170811640
247,2017081,1820,2017,81,18,20,NA,NA,A,NA,NA,NA,NA,20170811820
248,2017082,1305,2017,82,13,5,-23.55416666,-46.74009194,T,0.0835,0.05725,0.0372,0,20170821305
249,2017082,1440,2017,82,14,40,NA,NA,T,NA,NA,NA,NA,20170821440
250,2017082,1725,2017,82,17,25,NA,NA,A,NA,NA,NA,NA,20170821725
251,2017083,1345,2017,83,13,45,-23.55416666,-46.74009194,T,0.1345,0.09225,0.0174,0,20170831345
252,2017083,1630,2017,83,16,30,NA,NA,A,NA,NA,NA,NA,20170831630
253,2017083,1805,2017,83,18,5,NA,NA,A,NA,NA,NA,NA,20170831805
254,2017084,1250,2017,84,12,50,-23.55416666,-46.74009194,T,0.13,0.0895,0.017,0,20170841250
255,2017084,1430,2017,84,14,30,NA,NA,T,NA,NA,NA,NA,20170841430
256,2017084,1710,2017,84,17,10,NA,NA,A,NA,NA,NA,NA,20170841710
257,2017085,1335,2017,85,13,35,NA,NA,T,NA,NA,NA,NA,20170851335
258,2017085,1615,2017,85,16,15,NA,NA,A,NA,NA,NA,NA,20170851615
259,2017085,1755,2017,85,17,55,NA,NA,A,NA,NA,NA,NA,20170851755
260,2017086,1240,2017,86,12,40,NA,NA,T,NA,NA,NA,NA,20170861240
261,2017086,1415,2017,86,14,15,NA,NA,T,NA,NA,NA,NA,20170861415
262,2017086,1700,2017,86,17,0,NA,NA,A,NA,NA,NA,NA,20170861700
263,2017087,1320,2017,87,13,20,NA,NA,T,NA,NA,NA,NA,20170871320
264,2017087,1605,2017,87,16,5,NA,NA,A,NA,NA,NA,NA,20170871605
265,2017087,1745,2017,87,17,45,NA,NA,A,NA,NA,NA,NA,20170871745
266,2017088,1225,2017,88,12,25,NA,NA,T,NA,NA,NA,NA,20170881225
267,2017088,1405,2017,88,14,5,NA,NA,T,NA,NA,NA,NA,20170881405
268,2017088,1825,2017,88,18,25,NA,NA,A,NA,NA,NA,NA,20170881825
269,2017089,1310,2017,89,13,10,NA,NA,T,NA,NA,NA,NA,20170891310
270,2017089,1445,2017,89,14,45,NA,NA,T,NA,NA,NA,NA,20170891445
271,2017089,1550,2017,89,15,50,NA,NA,A,NA,NA,NA,NA,20170891550
272,2017089,1730,2017,89,17,30,NA,NA,A,NA,NA,NA,NA,20170891730
273,2017090,1350,2017,90,13,50,NA,NA,T,NA,NA,NA,NA,20170901350
274,2017090,1635,2017,90,16,35,NA,NA,A,NA,NA,NA,NA,20170901635
275,2017090,1815,2017,90,18,15,NA,NA,A,NA,NA,NA,NA,20170901815
276,2017091,1255,2017,91,12,55,NA,NA,T,NA,NA,NA,NA,20170911255
277,2017091,1435,2017,91,14,35,NA,NA,T,NA,NA,NA,NA,20170911435
278,2017091,1720,2017,91,17,20,NA,NA,A,NA,NA,NA,NA,20170911720
279,2017092,1340,2017,92,13,40,NA,NA,T,NA,NA,NA,NA,20170921340
280,2017092,1625,2017,92,16,25,NA,NA,A,NA,NA,NA,NA,20170921625
281,2017092,1800,2017,92,18,0,NA,NA,A,NA,NA,NA,NA,20170921800
282,2017093,1245,2017,93,12,45,-23.55416666,-46.74009194,T,0.09775,0.067,0.0128,0,20170931245
283,2017093,1425,2017,93,14,25,NA,NA,T,NA,NA,NA,NA,20170931425
284,2017093,1705,2017,93,17,5,NA,NA,A,NA,NA,NA,NA,20170931705
285,2017094,1330,2017,94,13,30,-23.55416666,-46.74009194,T,0.07475,0.051,0.0351,0,20170941330
286,2017094,1610,2017,94,16,10,NA,NA,A,NA,NA,NA,NA,20170941610
287,2017094,1750,2017,94,17,50,NA,NA,A,NA,NA,NA,NA,20170941750
288,2017095,1230,2017,95,12,30,NA,NA,T,NA,NA,NA,NA,20170951230
289,2017095,1410,2017,95,14,10,NA,NA,T,NA,NA,NA,NA,20170951410
290,2017095,1655,2017,95,16,55,NA,NA,A,NA,NA,NA,NA,20170951655
291,2017095,1830,2017,95,18,30,NA,NA,A,NA,NA,NA,NA,20170951830
292,2017096,1315,2017,96,13,15,NA,NA,T,NA,NA,NA,NA,20170961315
293,2017096,1600,2017,96,16,0,NA,NA,A,NA,NA,NA,NA,20170961600
294,2017096,1735,2017,96,17,35,NA,NA,A,NA,NA,NA,NA,20170961735
295,2017097,1400,2017,97,14,0,NA,NA,T,NA,NA,NA,NA,20170971400
296,2017097,1640,2017,97,16,40,NA,NA,A,NA,NA,NA,NA,20170971640
297,2017097,1820,2017,97,18,20,NA,NA,A,NA,NA,NA,NA,20170971820
298,2017098,1305,2017,98,13,5,NA,NA,T,NA,NA,NA,NA,20170981305
299,2017098,1440,2017,98,14,40,NA,NA,T,NA,NA,NA,NA,20170981440
300,2017098,1725,2017,98,17,25,NA,NA,A,NA,NA,NA,NA,20170981725
301,2017099,1345,2017,99,13,45,NA,NA,T,NA,NA,NA,NA,20170991345
302,2017099,1630,2017,99,16,30,NA,NA,A,NA,NA,NA,NA,20170991630
303,2017099,1805,2017,99,18,5,NA,NA,A,NA,NA,NA,NA,20170991805
304,2017100,1250,2017,100,12,50,-23.55416666,-46.74009194,T,0.141,0.097,0.0184,0,20171001250
305,2017100,1430,2017,100,14,30,NA,NA,T,NA,NA,NA,NA,20171001430
306,2017100,1710,2017,100,17,10,NA,NA,A,NA,NA,NA,NA,20171001710
307,2017101,1335,2017,101,13,35,NA,NA,T,NA,NA,NA,NA,20171011335
308,2017101,1615,2017,101,16,15,NA,NA,A,NA,NA,NA,NA,20171011615
309,2017101,1755,2017,101,17,55,NA,NA,A,NA,NA,NA,NA,20171011755
310,2017102,1240,2017,102,12,40,NA,NA,T,NA,NA,NA,NA,20171021240
311,2017102,1700,2017,102,17,0,NA,NA,A,NA,NA,NA,NA,20171021700
312,2017103,1320,2017,103,13,20,NA,NA,T,NA,NA,NA,NA,20171031320
313,2017103,1605,2017,103,16,5,NA,NA,A,NA,NA,NA,NA,20171031605
314,2017103,1745,2017,103,17,45,NA,NA,A,NA,NA,NA,NA,20171031745
315,2017104,1225,2017,104,12,25,NA,NA,T,NA,NA,NA,NA,20171041225
316,2017104,1405,2017,104,14,5,NA,NA,T,NA,NA,NA,NA,20171041405
317,2017104,1650,2017,104,16,50,NA,NA,A,NA,NA,NA,NA,20171041650
318,2017104,1825,2017,104,18,25,NA,NA,A,NA,NA,NA,NA,20171041825
319,2017105,1310,2017,105,13,10,NA,NA,T,NA,NA,NA,NA,20171051310
320,2017105,1445,2017,105,14,45,NA,NA,T,NA,NA,NA,NA,20171051445
321,2017105,1550,2017,105,15,50,NA,NA,A,NA,NA,NA,NA,20171051550
322,2017105,1730,2017,105,17,30,-23.55416666,-46.74009194,A,0.12975,0.0895,0.0194,0,20171051730
323,2017106,1350,2017,106,13,50,NA,NA,T,NA,NA,NA,NA,20171061350
324,2017106,1635,2017,106,16,35,-23.55416666,-46.74009194,A,0.1605,0.11025,0.019,0,20171061635
325,2017106,1810,2017,106,18,10,NA,NA,A,NA,NA,NA,NA,20171061810
326,2017107,1255,2017,107,12,55,NA,NA,T,NA,NA,NA,NA,20171071255
327,2017107,1435,2017,107,14,35,NA,NA,T,NA,NA,NA,NA,20171071435
328,2017107,1720,2017,107,17,20,NA,NA,A,NA,NA,NA,NA,20171071720
329,2017108,1340,2017,108,13,40,NA,NA,T,NA,NA,NA,NA,20171081340
330,2017108,1625,2017,108,16,25,NA,NA,A,NA,NA,NA,NA,20171081625
331,2017108,1800,2017,108,18,0,NA,NA,A,NA,NA,NA,NA,20171081800
332,2017109,1245,2017,109,12,45,NA,NA,T,NA,NA,NA,NA,20171091245
333,2017109,1425,2017,109,14,25,NA,NA,T,NA,NA,NA,NA,20171091425
334,2017109,1705,2017,109,17,5,NA,NA,A,NA,NA,NA,NA,20171091705
335,2017110,1330,2017,110,13,30,NA,NA,T,NA,NA,NA,NA,20171101330
336,2017110,1610,2017,110,16,10,NA,NA,A,NA,NA,NA,NA,20171101610
337,2017110,1750,2017,110,17,50,NA,NA,A,NA,NA,NA,NA,20171101750
338,2017111,1235,2017,111,12,35,NA,NA,T,NA,NA,NA,NA,20171111235
339,2017111,1410,2017,111,14,10,NA,NA,T,NA,NA,NA,NA,20171111410
340,2017111,1655,2017,111,16,55,NA,NA,A,NA,NA,NA,NA,20171111655
341,2017111,1830,2017,111,18,30,NA,NA,A,NA,NA,NA,NA,20171111830
342,2017112,1315,2017,112,13,15,NA,NA,T,NA,NA,NA,NA,20171121315
343,2017112,1600,2017,112,16,0,NA,NA,A,NA,NA,NA,NA,20171121600
344,2017112,1735,2017,112,17,35,NA,NA,A,NA,NA,NA,NA,20171121735
345,2017113,1400,2017,113,14,0,NA,NA,T,NA,NA,NA,NA,20171131400
346,2017113,1640,2017,113,16,40,NA,NA,A,NA,NA,NA,NA,20171131640
347,2017113,1820,2017,113,18,20,NA,NA,A,NA,NA,NA,NA,20171131820
348,2017114,1725,2017,114,17,25,NA,NA,A,NA,NA,NA,NA,20171141725
349,2017115,1345,2017,115,13,45,NA,NA,T,NA,NA,NA,NA,20171151345
350,2017115,1630,2017,115,16,30,NA,NA,A,NA,NA,NA,NA,20171151630
351,2017115,1805,2017,115,18,5,NA,NA,A,NA,NA,NA,NA,20171151805
352,2017116,1250,2017,116,12,50,NA,NA,T,NA,NA,NA,NA,20171161250
353,2017116,1430,2017,116,14,30,NA,NA,T,NA,NA,NA,NA,20171161430
354,2017116,1710,2017,116,17,10,NA,NA,A,NA,NA,NA,NA,20171161710
355,2017117,1335,2017,117,13,35,NA,NA,T,NA,NA,NA,NA,20171171335
356,2017117,1615,2017,117,16,15,NA,NA,A,NA,NA,NA,NA,20171171615
357,2017117,1755,2017,117,17,55,NA,NA,A,NA,NA,NA,NA,20171171755
358,2017118,1240,2017,118,12,40,NA,NA,T,NA,NA,NA,NA,20171181240
359,2017118,1415,2017,118,14,15,NA,NA,T,NA,NA,NA,NA,20171181415
360,2017118,1700,2017,118,17,0,NA,NA,A,NA,NA,NA,NA,20171181700
361,2017119,1320,2017,119,13,20,NA,NA,T,NA,NA,NA,NA,20171191320
362,2017119,1605,2017,119,16,5,NA,NA,A,NA,NA,NA,NA,20171191605
363,2017119,1745,2017,119,17,45,NA,NA,A,NA,NA,NA,NA,20171191745
364,2017120,1225,2017,120,12,25,NA,NA,T,NA,NA,NA,NA,20171201225
365,2017120,1405,2017,120,14,5,NA,NA,T,NA,NA,NA,NA,20171201405
366,2017120,1645,2017,120,16,45,NA,NA,A,NA,NA,NA,NA,20171201645
367,2017120,1825,2017,120,18,25,NA,NA,A,NA,NA,NA,NA,20171201825
368,2017121,1310,2017,121,13,10,-23.55416666,-46.74009194,T,0.09525,0.06525,0.0302,0,20171211310
369,2017121,1450,2017,121,14,50,NA,NA,T,NA,NA,NA,NA,20171211450
370,2017121,1550,2017,121,15,50,NA,NA,A,NA,NA,NA,NA,20171211550
371,2017121,1730,2017,121,17,30,NA,NA,A,NA,NA,NA,NA,20171211730
372,2017122,1350,2017,122,13,50,NA,NA,T,NA,NA,NA,NA,20171221350
373,2017122,1635,2017,122,16,35,NA,NA,A,NA,NA,NA,NA,20171221635
374,2017122,1810,2017,122,18,10,NA,NA,A,NA,NA,NA,NA,20171221810
375,2017123,1255,2017,123,12,55,-23.55416666,-46.74009194,T,0.20625,0.143,0.0244,0,20171231255
376,2017123,1435,2017,123,14,35,NA,NA,T,NA,NA,NA,NA,20171231435
377,2017123,1720,2017,123,17,20,-23.55416666,-46.74009194,A,0.24325,0.16875,0.0258,0,20171231720
378,2017124,1340,2017,124,13,40,NA,NA,T,NA,NA,NA,NA,20171241340
379,2017124,1625,2017,124,16,25,NA,NA,A,NA,NA,NA,NA,20171241625
380,2017124,1800,2017,124,18,0,NA,NA,A,NA,NA,NA,NA,20171241800
381,2017125,1245,2017,125,12,45,NA,NA,T,NA,NA,NA,NA,20171251245
382,2017125,1425,2017,125,14,25,NA,NA,T,NA,NA,NA,NA,20171251425
383,2017125,1705,2017,125,17,5,NA,NA,A,NA,NA,NA,NA,20171251705
384,2017126,1330,2017,126,13,30,NA,NA,T,NA,NA,NA,NA,20171261330
385,2017126,1610,2017,126,16,10,NA,NA,A,NA,NA,NA,NA,20171261610
386,2017126,1750,2017,126,17,50,NA,NA,A,NA,NA,NA,NA,20171261750
387,2017127,1235,2017,127,12,35,NA,NA,T,NA,NA,NA,NA,20171271235
388,2017127,1410,2017,127,14,10,NA,NA,T,NA,NA,NA,NA,20171271410
389,2017127,1655,2017,127,16,55,NA,NA,A,NA,NA,NA,NA,20171271655
390,2017127,1830,2017,127,18,30,NA,NA,A,NA,NA,NA,NA,20171271830
391,2017128,1315,2017,128,13,15,-23.55416666,-46.74009194,T,0.14125,0.09725,0.0369,0,20171281315
392,2017128,1600,2017,128,16,0,NA,NA,A,NA,NA,NA,NA,20171281600
393,2017128,1735,2017,128,17,35,NA,NA,A,NA,NA,NA,NA,20171281735
394,2017129,1400,2017,129,14,0,-23.55416666,-46.74009194,T,0.03125,0.0215,0.01,0,20171291400
395,2017129,1640,2017,129,16,40,-23.55416666,-46.74009194,A,0.13825,0.095,0.0193,0,20171291640
396,2017129,1820,2017,129,18,20,NA,NA,A,NA,NA,NA,NA,20171291820
397,2017130,1305,2017,130,13,5,NA,NA,T,NA,NA,NA,NA,20171301305
398,2017130,1440,2017,130,14,40,NA,NA,T,NA,NA,NA,NA,20171301440
399,2017130,1725,2017,130,17,25,NA,NA,A,NA,NA,NA,NA,20171301725
400,2017131,1345,2017,131,13,45,NA,NA,T,NA,NA,NA,NA,20171311345
401,2017131,1630,2017,131,16,30,NA,NA,A,NA,NA,NA,NA,20171311630
402,2017131,1805,2017,131,18,5,NA,NA,A,NA,NA,NA,NA,20171311805
403,2017132,1250,2017,132,12,50,NA,NA,T,NA,NA,NA,NA,20171321250
404,2017132,1430,2017,132,14,30,NA,NA,T,NA,NA,NA,NA,20171321430
405,2017132,1710,2017,132,17,10,-23.55416666,-46.74009194,A,0.1085,0.0745,0.0308,0,20171321710
406,2017133,1335,2017,133,13,35,-23.55416666,-46.74009194,T,0.1195,0.082,0.0278,0,20171331335
407,2017133,1615,2017,133,16,15,NA,NA,A,NA,NA,NA,NA,20171331615
408,2017133,1755,2017,133,17,55,NA,NA,A,NA,NA,NA,NA,20171331755
409,2017134,1240,2017,134,12,40,NA,NA,T,NA,NA,NA,NA,20171341240
410,2017134,1415,2017,134,14,15,NA,NA,T,NA,NA,NA,NA,20171341415
411,2017134,1700,2017,134,17,0,NA,NA,A,NA,NA,NA,NA,20171341700
412,2017135,1320,2017,135,13,20,NA,NA,T,NA,NA,NA,NA,20171351320
413,2017135,1605,2017,135,16,5,NA,NA,A,NA,NA,NA,NA,20171351605
414,2017135,1740,2017,135,17,40,NA,NA,A,NA,NA,NA,NA,20171351740
415,2017136,1225,2017,136,12,25,NA,NA,T,NA,NA,NA,NA,20171361225
416,2017136,1405,2017,136,14,5,NA,NA,T,NA,NA,NA,NA,20171361405
417,2017136,1645,2017,136,16,45,NA,NA,A,NA,NA,NA,NA,20171361645
418,2017136,1825,2017,136,18,25,NA,NA,A,NA,NA,NA,NA,20171361825
419,2017137,1310,2017,137,13,10,NA,NA,T,NA,NA,NA,NA,20171371310
420,2017137,1450,2017,137,14,50,NA,NA,T,NA,NA,NA,NA,20171371450
421,2017137,1550,2017,137,15,50,NA,NA,A,NA,NA,NA,NA,20171371550
422,2017137,1730,2017,137,17,30,NA,NA,A,NA,NA,NA,NA,20171371730
423,2017138,1350,2017,138,13,50,NA,NA,T,NA,NA,NA,NA,20171381350
424,2017138,1635,2017,138,16,35,NA,NA,A,NA,NA,NA,NA,20171381635
425,2017138,1810,2017,138,18,10,NA,NA,A,NA,NA,NA,NA,20171381810
426,2017139,1255,2017,139,12,55,NA,NA,T,NA,NA,NA,NA,20171391255
427,2017139,1435,2017,139,14,35,NA,NA,T,NA,NA,NA,NA,20171391435
428,2017139,1720,2017,139,17,20,NA,NA,A,NA,NA,NA,NA,20171391720
429,2017140,1340,2017,140,13,40,NA,NA,T,NA,NA,NA,NA,20171401340
430,2017140,1625,2017,140,16,25,NA,NA,A,NA,NA,NA,NA,20171401625
431,2017140,1800,2017,140,18,0,NA,NA,A,NA,NA,NA,NA,20171401800
432,2017141,1245,2017,141,12,45,NA,NA,T,NA,NA,NA,NA,20171411245
433,2017141,1425,2017,141,14,25,NA,NA,T,NA,NA,NA,NA,20171411425
434,2017141,1705,2017,141,17,5,NA,NA,A,NA,NA,NA,NA,20171411705
435,2017142,1330,2017,142,13,30,NA,NA,T,NA,NA,NA,NA,20171421330
436,2017142,1610,2017,142,16,10,NA,NA,A,NA,NA,NA,NA,20171421610
437,2017142,1750,2017,142,17,50,NA,NA,A,NA,NA,NA,NA,20171421750
438,2017143,1235,2017,143,12,35,NA,NA,T,NA,NA,NA,NA,20171431235
439,2017143,1410,2017,143,14,10,NA,NA,T,NA,NA,NA,NA,20171431410
440,2017143,1655,2017,143,16,55,-23.55416666,-46.74009194,A,0.2185,0.1515,0.035,0,20171431655
441,2017143,1830,2017,143,18,30,NA,NA,A,NA,NA,NA,NA,20171431830
442,2017144,1315,2017,144,13,15,NA,NA,T,NA,NA,NA,NA,20171441315
443,2017144,1600,2017,144,16,0,NA,NA,A,NA,NA,NA,NA,20171441600
444,2017144,1735,2017,144,17,35,NA,NA,A,NA,NA,NA,NA,20171441735
445,2017145,1400,2017,145,14,0,-23.55416666,-46.74009194,T,0.11075,0.076,0.0079,0,20171451400
446,2017145,1640,2017,145,16,40,-23.55416666,-46.74009194,A,0.16775,0.11575,0.0161,0,20171451640
447,2017145,1820,2017,145,18,20,NA,NA,A,NA,NA,NA,NA,20171451820
448,2017146,1305,2017,146,13,5,-23.55416666,-46.74009194,T,0.1365,0.094,0.0241,0,20171461305
449,2017146,1440,2017,146,14,40,NA,NA,T,NA,NA,NA,NA,20171461440
450,2017146,1725,2017,146,17,25,-23.55416666,-46.74009194,A,0.0735,0.05,0.0188,0,20171461725
451,2017147,1345,2017,147,13,45,NA,NA,T,NA,NA,NA,NA,20171471345
452,2017147,1630,2017,147,16,30,NA,NA,A,NA,NA,NA,NA,20171471630
453,2017147,1805,2017,147,18,5,NA,NA,A,NA,NA,NA,NA,20171471805
454,2017148,1250,2017,148,12,50,NA,NA,T,NA,NA,NA,NA,20171481250
455,2017148,1430,2017,148,14,30,NA,NA,T,NA,NA,NA,NA,20171481430
456,2017148,1710,2017,148,17,10,NA,NA,A,NA,NA,NA,NA,20171481710
457,2017149,1335,2017,149,13,35,NA,NA,T,NA,NA,NA,NA,20171491335
458,2017149,1615,2017,149,16,15,NA,NA,A,NA,NA,NA,NA,20171491615
459,2017149,1755,2017,149,17,55,NA,NA,A,NA,NA,NA,NA,20171491755
460,2017150,1240,2017,150,12,40,NA,NA,T,NA,NA,NA,NA,20171501240
461,2017150,1415,2017,150,14,15,NA,NA,T,NA,NA,NA,NA,20171501415
462,2017150,1700,2017,150,17,0,NA,NA,A,NA,NA,NA,NA,20171501700
463,2017151,1320,2017,151,13,20,-23.55416666,-46.74009194,T,0.16375,0.11275,0.0312,0,20171511320
464,2017151,1605,2017,151,16,5,NA,NA,A,NA,NA,NA,NA,20171511605
465,2017151,1740,2017,151,17,40,NA,NA,A,NA,NA,NA,NA,20171511740
466,2017152,1225,2017,152,12,25,NA,NA,T,NA,NA,NA,NA,20171521225
467,2017152,1405,2017,152,14,5,NA,NA,T,NA,NA,NA,NA,20171521405
468,2017152,1645,2017,152,16,45,NA,NA,A,NA,NA,NA,NA,20171521645
469,2017152,1825,2017,152,18,25,NA,NA,A,NA,NA,NA,NA,20171521825
470,2017153,1310,2017,153,13,10,-23.55416666,-46.74009194,T,0.028,0.019,0.0289,0,20171531310
471,2017153,1450,2017,153,14,50,NA,NA,T,NA,NA,NA,NA,20171531450
472,2017153,1550,2017,153,15,50,NA,NA,A,NA,NA,NA,NA,20171531550
473,2017153,1730,2017,153,17,30,-23.55416666,-46.74009194,A,0.093,0.06375,0.015,0,20171531730
474,2017154,1350,2017,154,13,50,-23.55416666,-46.74009194,T,0.04375,0.02975,0.0102,0,20171541350
475,2017154,1635,2017,154,16,35,-23.55416666,-46.74009194,A,0.1245,0.0855,0.0162,0,20171541635
476,2017154,1810,2017,154,18,10,NA,NA,A,NA,NA,NA,NA,20171541810
477,2017155,1255,2017,155,12,55,-23.55416666,-46.74009194,T,0.11975,0.082,0.0206,0,20171551255
478,2017155,1435,2017,155,14,35,NA,NA,T,NA,NA,NA,NA,20171551435
479,2017155,1720,2017,155,17,20,-23.55416666,-46.74009194,A,0.06325,0.04325,0.0225,0,20171551720
480,2017156,1340,2017,156,13,40,NA,NA,T,NA,NA,NA,NA,20171561340
481,2017156,1625,2017,156,16,25,NA,NA,A,NA,NA,NA,NA,20171561625
482,2017156,1800,2017,156,18,0,NA,NA,A,NA,NA,NA,NA,20171561800
483,2017157,1245,2017,157,12,45,NA,NA,T,NA,NA,NA,NA,20171571245
484,2017157,1425,2017,157,14,25,NA,NA,T,NA,NA,NA,NA,20171571425
485,2017157,1705,2017,157,17,5,NA,NA,A,NA,NA,NA,NA,20171571705
486,2017158,1330,2017,158,13,30,NA,NA,T,NA,NA,NA,NA,20171581330
487,2017158,1610,2017,158,16,10,-23.5625,-46.74305615,A,0.1255,0.0865,0.0074,0,20171581610
488,2017158,1750,2017,158,17,50,NA,NA,A,NA,NA,NA,NA,20171581750
489,2017159,1235,2017,159,12,35,NA,NA,T,NA,NA,NA,NA,20171591235
490,2017159,1410,2017,159,14,10,NA,NA,T,NA,NA,NA,NA,20171591410
491,2017159,1655,2017,159,16,55,NA,NA,A,NA,NA,NA,NA,20171591655
492,2017159,1830,2017,159,18,30,NA,NA,A,NA,NA,NA,NA,20171591830
493,2017160,1315,2017,160,13,15,NA,NA,T,NA,NA,NA,NA,20171601315
494,2017160,1600,2017,160,16,0,NA,NA,A,NA,NA,NA,NA,20171601600
495,2017160,1735,2017,160,17,35,NA,NA,A,NA,NA,NA,NA,20171601735
496,2017161,1400,2017,161,14,0,-23.55416666,-46.74009194,T,0.03975,0.027,0.0091,0,20171611400
497,2017161,1640,2017,161,16,40,-23.55416666,-46.74009194,A,0.06025,0.0415,0.0185,0,20171611640
498,2017161,1820,2017,161,18,20,NA,NA,A,NA,NA,NA,NA,20171611820
499,2017162,1305,2017,162,13,5,-23.55416666,-46.74009194,T,0.06225,0.0425,0.0199,0,20171621305
500,2017162,1440,2017,162,14,40,NA,NA,T,NA,NA,NA,NA,20171621440
501,2017162,1725,2017,162,17,25,-23.55416666,-46.74009194,A,0.06175,0.04225,0.0147,0,20171621725
502,2017163,1345,2017,163,13,45,NA,NA,T,NA,NA,NA,NA,20171631345
503,2017163,1630,2017,163,16,30,NA,NA,A,NA,NA,NA,NA,20171631630
504,2017163,1805,2017,163,18,5,NA,NA,A,NA,NA,NA,NA,20171631805
505,2017164,1250,2017,164,12,50,NA,NA,T,NA,NA,NA,NA,20171641250
506,2017164,1430,2017,164,14,30,NA,NA,T,NA,NA,NA,NA,20171641430
507,2017164,1710,2017,164,17,10,NA,NA,A,NA,NA,NA,NA,20171641710
508,2017165,1335,2017,165,13,35,NA,NA,T,NA,NA,NA,NA,20171651335
509,2017165,1615,2017,165,16,15,NA,NA,A,NA,NA,NA,NA,20171651615
510,2017165,1755,2017,165,17,55,NA,NA,A,NA,NA,NA,NA,20171651755
511,2017166,1240,2017,166,12,40,NA,NA,T,NA,NA,NA,NA,20171661240
512,2017166,1415,2017,166,14,15,NA,NA,T,NA,NA,NA,NA,20171661415
513,2017166,1700,2017,166,17,0,NA,NA,A,NA,NA,NA,NA,20171661700
514,2017167,1320,2017,167,13,20,NA,NA,T,NA,NA,NA,NA,20171671320
515,2017167,1605,2017,167,16,5,NA,NA,A,NA,NA,NA,NA,20171671605
516,2017167,1740,2017,167,17,40,NA,NA,A,NA,NA,NA,NA,20171671740
517,2017168,1225,2017,168,12,25,NA,NA,T,NA,NA,NA,NA,20171681225
518,2017168,1405,2017,168,14,5,-23.55416666,-46.74009194,T,0.0795,0.0545,0.006,0,20171681405
519,2017168,1645,2017,168,16,45,-23.55416666,-46.74009194,A,0.13075,0.08975,0.026,0,20171681645
520,2017168,1825,2017,168,18,25,NA,NA,A,NA,NA,NA,NA,20171681825
521,2017169,1310,2017,169,13,10,NA,NA,T,NA,NA,NA,NA,20171691310
522,2017169,1450,2017,169,14,50,NA,NA,T,NA,NA,NA,NA,20171691450
523,2017169,1550,2017,169,15,50,NA,NA,A,NA,NA,NA,NA,20171691550
524,2017169,1730,2017,169,17,30,NA,NA,A,NA,NA,NA,NA,20171691730
525,2017170,1350,2017,170,13,50,-23.55416666,-46.74009194,T,0.0575,0.03925,0.011,0,20171701350
526,2017170,1635,2017,170,16,35,NA,NA,A,NA,NA,NA,NA,20171701635
527,2017170,1810,2017,170,18,10,NA,NA,A,NA,NA,NA,NA,20171701810
528,2017171,1255,2017,171,12,55,NA,NA,T,NA,NA,NA,NA,20171711255
529,2017171,1435,2017,171,14,35,NA,NA,T,NA,NA,NA,NA,20171711435
530,2017171,1720,2017,171,17,20,NA,NA,A,NA,NA,NA,NA,20171711720
531,2017172,1340,2017,172,13,40,NA,NA,T,NA,NA,NA,NA,20171721340
532,2017172,1625,2017,172,16,25,NA,NA,A,NA,NA,NA,NA,20171721625
533,2017172,1800,2017,172,18,0,NA,NA,A,NA,NA,NA,NA,20171721800
534,2017173,1245,2017,173,12,45,NA,NA,T,NA,NA,NA,NA,20171731245
535,2017173,1425,2017,173,14,25,NA,NA,T,NA,NA,NA,NA,20171731425
536,2017173,1705,2017,173,17,5,NA,NA,A,NA,NA,NA,NA,20171731705
537,2017174,1330,2017,174,13,30,NA,NA,T,NA,NA,NA,NA,20171741330
538,2017174,1610,2017,174,16,10,-23.55416666,-46.74009194,A,0.08225,0.056,0.0055,0,20171741610
539,2017174,1750,2017,174,17,50,NA,NA,A,NA,NA,NA,NA,20171741750
540,2017175,1235,2017,175,12,35,NA,NA,T,NA,NA,NA,NA,20171751235
541,2017175,1410,2017,175,14,10,NA,NA,T,NA,NA,NA,NA,20171751410
542,2017175,1655,2017,175,16,55,-23.55416666,-46.74009194,A,0.1,0.0685,0.0316,0,20171751655
543,2017175,1830,2017,175,18,30,NA,NA,A,NA,NA,NA,NA,20171751830
544,2017176,1315,2017,176,13,15,NA,NA,T,NA,NA,NA,NA,20171761315
545,2017176,1600,2017,176,16,0,NA,NA,A,NA,NA,NA,NA,20171761600
546,2017176,1735,2017,176,17,35,-23.55416666,-46.74009194,A,0.048,0.03275,0.0102,0,20171761735
547,2017177,1400,2017,177,14,0,-23.55416666,-46.74009194,T,0.04275,0.029,0.0075,0,20171771400
548,2017177,1640,2017,177,16,40,-23.55416666,-46.74009194,A,0.0975,0.0665,0.0216,0,20171771640
549,2017177,1815,2017,177,18,15,NA,NA,A,NA,NA,NA,NA,20171771815
550,2017178,1305,2017,178,13,5,NA,NA,T,NA,NA,NA,NA,20171781305
551,2017178,1440,2017,178,14,40,NA,NA,T,NA,NA,NA,NA,20171781440
552,2017178,1725,2017,178,17,25,-23.55416666,-46.74009194,A,0.04075,0.02775,0.013,0,20171781725
553,2017179,1345,2017,179,13,45,-23.55416666,-46.74009194,T,0.0815,0.05575,0.0112,0,20171791345
554,2017179,1630,2017,179,16,30,NA,NA,A,NA,NA,NA,NA,20171791630
555,2017179,1805,2017,179,18,5,NA,NA,A,NA,NA,NA,NA,20171791805
556,2017180,1250,2017,180,12,50,-23.55416666,-46.74009194,T,0.108,0.07375,0.0148,0,20171801250
557,2017180,1710,2017,180,17,10,NA,NA,A,NA,NA,NA,NA,20171801710
19,2017181,1335,2017,181,13,35,-23.55416666,-46.74009194,T,0.15167,0.10433,0.0247,0,20171811335
20,2017181,1615,2017,181,16,15,-23.55416666,-46.74009194,A,0.11775,0.081,0.0066,0,20171811615
21,2017181,1755,2017,181,17,55,NA,NA,A,NA,NA,NA,NA,20171811755
558,2017182,1240,2017,182,12,40,NA,NA,T,NA,NA,NA,NA,20171821240
559,2017182,1415,2017,182,14,15,NA,NA,T,NA,NA,NA,NA,20171821415
560,2017182,1700,2017,182,17,0,NA,NA,A,NA,NA,NA,NA,20171821700
561,2017183,1320,2017,183,13,20,NA,NA,T,NA,NA,NA,NA,20171831320
562,2017183,1605,2017,183,16,5,NA,NA,A,NA,NA,NA,NA,20171831605
563,2017183,1740,2017,183,17,40,NA,NA,A,NA,NA,NA,NA,20171831740
564,2017184,1225,2017,184,12,25,NA,NA,T,NA,NA,NA,NA,20171841225
565,2017184,1405,2017,184,14,5,NA,NA,T,NA,NA,NA,NA,20171841405
566,2017184,1645,2017,184,16,45,NA,NA,A,NA,NA,NA,NA,20171841645
567,2017184,1825,2017,184,18,25,NA,NA,A,NA,NA,NA,NA,20171841825
568,2017185,1310,2017,185,13,10,-23.55416666,-46.74009194,T,0.0765,0.0525,0.0276,0,20171851310
569,2017185,1450,2017,185,14,50,NA,NA,T,NA,NA,NA,NA,20171851450
570,2017185,1550,2017,185,15,50,NA,NA,A,NA,NA,NA,NA,20171851550
571,2017185,1730,2017,185,17,30,NA,NA,A,NA,NA,NA,NA,20171851730
572,2017186,1350,2017,186,13,50,NA,NA,T,NA,NA,NA,NA,20171861350
573,2017186,1635,2017,186,16,35,-23.55416666,-46.74009194,A,0.06525,0.0445,0.0185,0,20171861635
574,2017186,1810,2017,186,18,10,NA,NA,A,NA,NA,NA,NA,20171861810
575,2017187,1255,2017,187,12,55,-23.55416666,-46.74009194,T,0.10775,0.074,0.0211,0,20171871255
576,2017187,1435,2017,187,14,35,NA,NA,T,NA,NA,NA,NA,20171871435
577,2017187,1720,2017,187,17,20,NA,NA,A,NA,NA,NA,NA,20171871720
578,2017188,1340,2017,188,13,40,NA,NA,T,NA,NA,NA,NA,20171881340
579,2017188,1620,2017,188,16,20,NA,NA,A,NA,NA,NA,NA,20171881620
580,2017188,1800,2017,188,18,0,NA,NA,A,NA,NA,NA,NA,20171881800
581,2017189,1245,2017,189,12,45,-23.55416666,-46.74009194,T,0.1715,0.11825,0.0154,0,20171891245
582,2017189,1425,2017,189,14,25,NA,NA,T,NA,NA,NA,NA,20171891425
583,2017189,1705,2017,189,17,5,NA,NA,A,NA,NA,NA,NA,20171891705
584,2017190,1330,2017,190,13,30,-23.55416666,-46.73100119,T,0.078,0.0535,0.023,0,20171901330
585,2017190,1610,2017,190,16,10,NA,NA,A,NA,NA,NA,NA,20171901610
586,2017190,1750,2017,190,17,50,NA,NA,A,NA,NA,NA,NA,20171901750
587,2017191,1235,2017,191,12,35,NA,NA,T,NA,NA,NA,NA,20171911235
588,2017191,1410,2017,191,14,10,NA,NA,T,NA,NA,NA,NA,20171911410
589,2017191,1655,2017,191,16,55,NA,NA,A,NA,NA,NA,NA,20171911655
590,2017191,1830,2017,191,18,30,NA,NA,A,NA,NA,NA,NA,20171911830
591,2017192,1315,2017,192,13,15,-23.55416666,-46.74009194,T,0.0585,0.03975,0.0344,0,20171921315
592,2017192,1600,2017,192,16,0,NA,NA,A,NA,NA,NA,NA,20171921600
593,2017192,1735,2017,192,17,35,-23.55416666,-46.74009194,A,0.078,0.0535,0.0119,0,20171921735
594,2017193,1400,2017,193,14,0,-23.55416666,-46.74009194,T,0.06025,0.04125,0.0081,0,20171931400
595,2017193,1640,2017,193,16,40,-23.55416666,-46.74009194,A,0.179,0.12325,0.0241,0,20171931640
596,2017193,1815,2017,193,18,15,NA,NA,A,NA,NA,NA,NA,20171931815
597,2017194,1305,2017,194,13,5,-23.55416666,-46.74009194,T,0.24275,0.1685,0.0243,0,20171941305
598,2017194,1440,2017,194,14,40,NA,NA,T,NA,NA,NA,NA,20171941440
599,2017194,1725,2017,194,17,25,-23.55416666,-46.74009194,A,0.11625,0.07975,0.0188,0,20171941725
600,2017195,1345,2017,195,13,45,-23.55416666,-46.74009194,T,0.0465,0.0315,0.0159,0,20171951345
601,2017195,1630,2017,195,16,30,-23.55416666,-46.74009194,A,0.077,0.0525,0.0144,0,20171951630
602,2017195,1805,2017,195,18,5,NA,NA,A,NA,NA,NA,NA,20171951805
603,2017196,1250,2017,196,12,50,NA,NA,T,NA,NA,NA,NA,20171961250
604,2017196,1430,2017,196,14,30,NA,NA,T,NA,NA,NA,NA,20171961430
605,2017196,1710,2017,196,17,10,-23.55416666,-46.74009194,A,0.034,0.02325,0.0286,0,20171961710
606,2017197,1335,2017,197,13,35,NA,NA,T,NA,NA,NA,NA,20171971335
607,2017197,1615,2017,197,16,15,-23.55416666,-46.74009194,A,0.069,0.04725,0.0084,0,20171971615
608,2017197,1755,2017,197,17,55,NA,NA,A,NA,NA,NA,NA,20171971755
609,2017198,1240,2017,198,12,40,-23.55416666,-46.74009194,T,0.054,0.03675,0.0106,0,20171981240
610,2017198,1415,2017,198,14,15,NA,NA,T,NA,NA,NA,NA,20171981415
611,2017198,1700,2017,198,17,0,-23.55416666,-46.74009194,A,0.0965,0.066,0.0312,0,20171981700
612,2017199,1320,2017,199,13,20,NA,NA,T,NA,NA,NA,NA,20171991320
613,2017199,1605,2017,199,16,5,NA,NA,A,NA,NA,NA,NA,20171991605
614,2017199,1740,2017,199,17,40,NA,NA,A,NA,NA,NA,NA,20171991740
615,2017200,1225,2017,200,12,25,NA,NA,T,NA,NA,NA,NA,20172001225
616,2017200,1405,2017,200,14,5,NA,NA,T,NA,NA,NA,NA,20172001405
617,2017200,1645,2017,200,16,45,NA,NA,A,NA,NA,NA,NA,20172001645
618,2017200,1825,2017,200,18,25,NA,NA,A,NA,NA,NA,NA,20172001825
619,2017201,1310,2017,201,13,10,-23.55416666,-46.74009194,T,0.12325,0.0845,0.03,0,20172011310
620,2017201,1450,2017,201,14,50,NA,NA,T,NA,NA,NA,NA,20172011450
621,2017201,1550,2017,201,15,50,NA,NA,A,NA,NA,NA,NA,20172011550
622,2017201,1730,2017,201,17,30,NA,NA,A,NA,NA,NA,NA,20172011730
623,2017202,1350,2017,202,13,50,-23.55416666,-46.74009194,T,0.07025,0.048,0.0105,0,20172021350
624,2017202,1635,2017,202,16,35,NA,NA,A,NA,NA,NA,NA,20172021635
625,2017202,1810,2017,202,18,10,NA,NA,A,NA,NA,NA,NA,20172021810
626,2017203,1255,2017,203,12,55,-23.55416666,-46.74009194,T,0.188,0.1295,0.0178,0,20172031255
627,2017203,1435,2017,203,14,35,NA,NA,T,NA,NA,NA,NA,20172031435
628,2017203,1720,2017,203,17,20,-23.55416666,-46.74009194,A,0.23725,0.1645,0.0232,0,20172031720
629,2017204,1340,2017,204,13,40,-23.55416666,-46.74009194,T,0.054,0.03675,0.0227,0,20172041340
630,2017204,1620,2017,204,16,20,-23.55416666,-46.74009194,A,0.126,0.08675,0.0113,0,20172041620
631,2017204,1800,2017,204,18,0,NA,NA,A,NA,NA,NA,NA,20172041800
632,2017205,1245,2017,205,12,45,-23.55416666,-46.74009194,T,0.05975,0.041,0.0127,0,20172051245
633,2017205,1425,2017,205,14,25,NA,NA,T,NA,NA,NA,NA,20172051425
634,2017205,1705,2017,205,17,5,-23.55416666,-46.74009194,A,0.0535,0.03625,0.0327,0,20172051705
635,2017206,1330,2017,206,13,30,-23.55416666,-46.74009194,T,0.02275,0.0155,0.0366,0,20172061330
636,2017206,1610,2017,206,16,10,-23.55416666,-46.74009194,A,0.104,0.07125,0.0068,0,20172061610
637,2017206,1750,2017,206,17,50,NA,NA,A,NA,NA,NA,NA,20172061750
638,2017207,1235,2017,207,12,35,NA,NA,T,NA,NA,NA,NA,20172071235
639,2017207,1410,2017,207,14,10,NA,NA,T,NA,NA,NA,NA,20172071410
640,2017207,1655,2017,207,16,55,-23.55416666,-46.74009194,A,0.13775,0.09475,0.0401,0,20172071655
641,2017207,1830,2017,207,18,30,NA,NA,A,NA,NA,NA,NA,20172071830
642,2017208,1315,2017,208,13,15,-23.55416666,-46.74009194,T,0.07175,0.04925,0.0302,0,20172081315
643,2017208,1600,2017,208,16,0,NA,NA,A,NA,NA,NA,NA,20172081600
644,2017208,1735,2017,208,17,35,-23.55416666,-46.74009194,A,0.1295,0.08925,0.0108,0,20172081735
645,2017209,1400,2017,209,14,0,-23.55416666,-46.74009194,T,0.0905,0.062,0.009,0,20172091400
646,2017209,1640,2017,209,16,40,-23.55416666,-46.74009194,A,0.1145,0.07875,0.0238,0,20172091640
647,2017209,1815,2017,209,18,15,NA,NA,A,NA,NA,NA,NA,20172091815
648,2017210,1305,2017,210,13,5,-23.55416666,-46.74009194,T,0.06225,0.04275,0.025,0,20172101305
649,2017210,1440,2017,210,14,40,NA,NA,T,NA,NA,NA,NA,20172101440
650,2017210,1725,2017,210,17,25,-23.55416666,-46.74009194,A,0.075,0.05125,0.0199,0,20172101725
651,2017211,1345,2017,211,13,45,-23.55416666,-46.74009194,T,0.03575,0.0245,0.0156,0,20172111345
652,2017211,1630,2017,211,16,30,NA,NA,A,NA,NA,NA,NA,20172111630
653,2017211,1805,2017,211,18,5,NA,NA,A,NA,NA,NA,NA,20172111805
654,2017212,1250,2017,212,12,50,-23.55416666,-46.74009194,T,0.07275,0.05,0.0193,0,20172121250
655,2017212,1430,2017,212,14,30,NA,NA,T,NA,NA,NA,NA,20172121430
656,2017212,1710,2017,212,17,10,NA,NA,A,NA,NA,NA,NA,20172121710
22,2017213,1335,2017,213,13,35,NA,NA,T,NA,NA,NA,NA,20172131335
23,2017213,1615,2017,213,16,15,NA,NA,A,NA,NA,NA,NA,20172131615
24,2017213,1755,2017,213,17,55,NA,NA,A,NA,NA,NA,NA,20172131755
657,2017214,1240,2017,214,12,40,NA,NA,T,NA,NA,NA,NA,20172141240
658,2017214,1415,2017,214,14,15,NA,NA,T,NA,NA,NA,NA,20172141415
659,2017214,1700,2017,214,17,0,NA,NA,A,NA,NA,NA,NA,20172141700
660,2017215,1320,2017,215,13,20,NA,NA,T,NA,NA,NA,NA,20172151320
661,2017215,1605,2017,215,16,5,NA,NA,A,NA,NA,NA,NA,20172151605
662,2017215,1740,2017,215,17,40,NA,NA,A,NA,NA,NA,NA,20172151740
663,2017216,1225,2017,216,12,25,NA,NA,T,NA,NA,NA,NA,20172161225
664,2017216,1405,2017,216,14,5,NA,NA,T,NA,NA,NA,NA,20172161405
665,2017216,1645,2017,216,16,45,NA,NA,A,NA,NA,NA,NA,20172161645
666,2017216,1825,2017,216,18,25,NA,NA,A,NA,NA,NA,NA,20172161825
667,2017217,1310,2017,217,13,10,NA,NA,T,NA,NA,NA,NA,20172171310
668,2017217,1450,2017,217,14,50,NA,NA,T,NA,NA,NA,NA,20172171450
669,2017217,1550,2017,217,15,50,NA,NA,A,NA,NA,NA,NA,20172171550
670,2017217,1730,2017,217,17,30,NA,NA,A,NA,NA,NA,NA,20172171730
671,2017218,1355,2017,218,13,55,NA,NA,T,NA,NA,NA,NA,20172181355
672,2017218,1635,2017,218,16,35,NA,NA,A,NA,NA,NA,NA,20172181635
673,2017218,1810,2017,218,18,10,NA,NA,A,NA,NA,NA,NA,20172181810
674,2017219,1300,2017,219,13,0,-23.55416666,-46.74009194,T,0.0995,0.068,0.0243,0,20172191300
675,2017219,1435,2017,219,14,35,NA,NA,T,NA,NA,NA,NA,20172191435
676,2017219,1720,2017,219,17,20,-23.55416666,-46.74009194,A,0.11175,0.07675,0.0267,0,20172191720
677,2017220,1340,2017,220,13,40,NA,NA,T,NA,NA,NA,NA,20172201340
678,2017220,1620,2017,220,16,20,NA,NA,A,NA,NA,NA,NA,20172201620
679,2017220,1800,2017,220,18,0,NA,NA,A,NA,NA,NA,NA,20172201800
680,2017221,1245,2017,221,12,45,-23.55416666,-46.74009194,T,0.11275,0.0775,0.0176,0,20172211245
681,2017221,1425,2017,221,14,25,NA,NA,T,NA,NA,NA,NA,20172211425
682,2017221,1705,2017,221,17,5,-23.55416666,-46.74009194,A,0.1545,0.10625,0.0334,0,20172211705
683,2017222,1330,2017,222,13,30,NA,NA,T,NA,NA,NA,NA,20172221330
684,2017222,1610,2017,222,16,10,NA,NA,A,NA,NA,NA,NA,20172221610
685,2017222,1750,2017,222,17,50,NA,NA,A,NA,NA,NA,NA,20172221750
686,2017223,1235,2017,223,12,35,NA,NA,T,NA,NA,NA,NA,20172231235
687,2017223,1410,2017,223,14,10,NA,NA,T,NA,NA,NA,NA,20172231410
688,2017223,1655,2017,223,16,55,-23.55416666,-46.74009194,A,0.17175,0.11825,0.0362,0,20172231655
689,2017223,1830,2017,223,18,30,NA,NA,A,NA,NA,NA,NA,20172231830
690,2017224,1315,2017,224,13,15,NA,NA,T,NA,NA,NA,NA,20172241315
691,2017224,1600,2017,224,16,0,NA,NA,A,NA,NA,NA,NA,20172241600
692,2017224,1735,2017,224,17,35,NA,NA,A,NA,NA,NA,NA,20172241735
693,2017225,1400,2017,225,14,0,NA,NA,T,NA,NA,NA,NA,20172251400
694,2017225,1640,2017,225,16,40,-23.55416666,-46.74009194,A,0.2175,0.15075,0.0251,0,20172251640
695,2017225,1815,2017,225,18,15,NA,NA,A,NA,NA,NA,NA,20172251815
696,2017226,1305,2017,226,13,5,NA,NA,T,NA,NA,NA,NA,20172261305
697,2017226,1440,2017,226,14,40,NA,NA,T,NA,NA,NA,NA,20172261440
698,2017226,1725,2017,226,17,25,NA,NA,A,NA,NA,NA,NA,20172261725
699,2017227,1345,2017,227,13,45,NA,NA,T,NA,NA,NA,NA,20172271345
700,2017227,1630,2017,227,16,30,NA,NA,A,NA,NA,NA,NA,20172271630
701,2017227,1805,2017,227,18,5,NA,NA,A,NA,NA,NA,NA,20172271805
702,2017228,1250,2017,228,12,50,NA,NA,T,NA,NA,NA,NA,20172281250
703,2017228,1430,2017,228,14,30,NA,NA,T,NA,NA,NA,NA,20172281430
704,2017228,1710,2017,228,17,10,NA,NA,A,NA,NA,NA,NA,20172281710
705,2017229,1335,2017,229,13,35,NA,NA,T,NA,NA,NA,NA,20172291335
706,2017229,1615,2017,229,16,15,NA,NA,A,NA,NA,NA,NA,20172291615
707,2017229,1755,2017,229,17,55,NA,NA,A,NA,NA,NA,NA,20172291755
708,2017230,1240,2017,230,12,40,NA,NA,T,NA,NA,NA,NA,20172301240
709,2017230,1415,2017,230,14,15,NA,NA,T,NA,NA,NA,NA,20172301415
710,2017230,1700,2017,230,17,0,NA,NA,A,NA,NA,NA,NA,20172301700
711,2017231,1320,2017,231,13,20,NA,NA,T,NA,NA,NA,NA,20172311320
712,2017231,1605,2017,231,16,5,NA,NA,A,NA,NA,NA,NA,20172311605
713,2017231,1740,2017,231,17,40,NA,NA,A,NA,NA,NA,NA,20172311740
714,2017232,1225,2017,232,12,25,NA,NA,T,NA,NA,NA,NA,20172321225
715,2017232,1405,2017,232,14,5,NA,NA,T,NA,NA,NA,NA,20172321405
716,2017232,1645,2017,232,16,45,NA,NA,A,NA,NA,NA,NA,20172321645
717,2017232,1825,2017,232,18,25,NA,NA,A,NA,NA,NA,NA,20172321825
718,2017233,1310,2017,233,13,10,NA,NA,T,NA,NA,NA,NA,20172331310
719,2017233,1450,2017,233,14,50,NA,NA,T,NA,NA,NA,NA,20172331450
720,2017233,1550,2017,233,15,50,NA,NA,A,NA,NA,NA,NA,20172331550
721,2017233,1730,2017,233,17,30,NA,NA,A,NA,NA,NA,NA,20172331730
722,2017234,1355,2017,234,13,55,NA,NA,T,NA,NA,NA,NA,20172341355
723,2017234,1635,2017,234,16,35,NA,NA,A,NA,NA,NA,NA,20172341635
724,2017234,1810,2017,234,18,10,NA,NA,A,NA,NA,NA,NA,20172341810
725,2017235,1300,2017,235,13,0,NA,NA,T,NA,NA,NA,NA,20172351300
726,2017235,1435,2017,235,14,35,NA,NA,T,NA,NA,NA,NA,20172351435
727,2017235,1720,2017,235,17,20,-23.55416666,-46.74009194,A,0.15325,0.1055,0.0255,0,20172351720
25,2017236,1340,2017,236,13,40,-23.55416666,-46.74009194,T,0.101,0.06975,0.0237,0,20172361340
26,2017236,1620,2017,236,16,20,-23.55416666,-46.74009194,A,0.08075,0.05525,0.0115,0,20172361620
27,2017236,1800,2017,236,18,0,NA,NA,A,NA,NA,NA,NA,20172361800
728,2017237,1245,2017,237,12,45,-23.55416666,-46.74009194,T,0.174,0.1195,0.0202,0,20172371245
729,2017237,1425,2017,237,14,25,NA,NA,T,NA,NA,NA,NA,20172371425
730,2017237,1705,2017,237,17,5,-23.55416666,-46.74009194,A,0.049,0.03325,0.0562,0,20172371705
731,2017238,1330,2017,238,13,30,-23.55416666,-46.74009194,T,0.04125,0.02825,0.0425,0,20172381330
732,2017238,1610,2017,238,16,10,-23.55416666,-46.74009194,A,0.1355,0.093,0.0073,0,20172381610
733,2017238,1750,2017,238,17,50,NA,NA,A,NA,NA,NA,NA,20172381750
734,2017239,1235,2017,239,12,35,NA,NA,T,NA,NA,NA,NA,20172391235
735,2017239,1410,2017,239,14,10,NA,NA,T,NA,NA,NA,NA,20172391410
736,2017239,1655,2017,239,16,55,-23.55416666,-46.74009194,A,0.082,0.05625,0.0464,0,20172391655
737,2017239,1830,2017,239,18,30,NA,NA,A,NA,NA,NA,NA,20172391830
738,2017240,1315,2017,240,13,15,-23.55416666,-46.74009194,T,0.09025,0.06175,0.0464,0,20172401315
739,2017240,1600,2017,240,16,0,NA,NA,A,NA,NA,NA,NA,20172401600
740,2017240,1735,2017,240,17,35,-23.55416666,-46.74009194,A,0.05175,0.03525,0.0171,0,20172401735
741,2017241,1400,2017,241,14,0,-23.55416666,-46.74009194,T,0.1155,0.0795,0.0127,0,20172411400
742,2017241,1640,2017,241,16,40,-23.55416666,-46.74009194,A,0.1545,0.10625,0.0329,0,20172411640
743,2017241,1815,2017,241,18,15,NA,NA,A,NA,NA,NA,NA,20172411815
744,2017242,1305,2017,242,13,5,-23.55416666,-46.74009194,T,0.07925,0.05425,0.0307,0,20172421305
745,2017242,1440,2017,242,14,40,NA,NA,T,NA,NA,NA,NA,20172421440
746,2017242,1725,2017,242,17,25,NA,NA,A,NA,NA,NA,NA,20172421725
747,2017243,1345,2017,243,13,45,NA,NA,T,NA,NA,NA,NA,20172431345
748,2017243,1630,2017,243,16,30,NA,NA,A,NA,NA,NA,NA,20172431630
749,2017243,1805,2017,243,18,5,NA,NA,A,NA,NA,NA,NA,20172431805
750,2017244,1250,2017,244,12,50,NA,NA,T,NA,NA,NA,NA,20172441250
751,2017244,1430,2017,244,14,30,NA,NA,T,NA,NA,NA,NA,20172441430
752,2017244,1710,2017,244,17,10,NA,NA,A,NA,NA,NA,NA,20172441710
753,2017245,1335,2017,245,13,35,-23.55416666,-46.74009194,T,0.1165,0.08025,0.0331,0,20172451335
754,2017245,1615,2017,245,16,15,-23.55416666,-46.74009194,A,0.15825,0.109,0.0093,0,20172451615
755,2017245,1755,2017,245,17,55,NA,NA,A,NA,NA,NA,NA,20172451755
756,2017246,1240,2017,246,12,40,-23.55416666,-46.74009194,T,0.0695,0.0475,0.0128,0,20172461240
757,2017246,1415,2017,246,14,15,NA,NA,T,NA,NA,NA,NA,20172461415
758,2017246,1700,2017,246,17,0,-23.55416666,-46.74009194,A,0.08325,0.057,0.0516,0,20172461700
759,2017247,1320,2017,247,13,20,-23.55416666,-46.74009194,T,0.04175,0.0285,0.0553,0,20172471320
760,2017247,1605,2017,247,16,5,NA,NA,A,NA,NA,NA,NA,20172471605
761,2017247,1740,2017,247,17,40,-23.55416666,-46.74009194,A,0.03325,0.0225,0.0175,0,20172471740
762,2017248,1225,2017,248,12,25,NA,NA,T,NA,NA,NA,NA,20172481225
763,2017248,1405,2017,248,14,5,-23.55416666,-46.74009194,T,0.04325,0.0295,0.0103,0,20172481405
764,2017248,1645,2017,248,16,45,-23.55416666,-46.74009194,A,0.126,0.08625,0.0462,0,20172481645
765,2017248,1825,2017,248,18,25,NA,NA,A,NA,NA,NA,NA,20172481825
766,2017249,1310,2017,249,13,10,-23.55416666,-46.74009194,T,0.122,0.08375,0.0547,0,20172491310
767,2017249,1450,2017,249,14,50,NA,NA,T,NA,NA,NA,NA,20172491450
768,2017249,1550,2017,249,15,50,NA,NA,A,NA,NA,NA,NA,20172491550
769,2017249,1730,2017,249,17,30,-23.55416666,-46.74009194,A,0.30275,0.211,0.0236,0,20172491730
770,2017250,1355,2017,250,13,55,-23.55416666,-46.74009194,T,0.10475,0.07175,0.0149,0,20172501355
771,2017250,1635,2017,250,16,35,-23.55416666,-46.74009194,A,0.1545,0.106,0.0226,0,20172501635
772,2017250,1810,2017,250,18,10,NA,NA,A,NA,NA,NA,NA,20172501810
773,2017251,1300,2017,251,13,0,-23.55416666,-46.74009194,T,0.18925,0.13,0.0336,0,20172511300
774,2017251,1435,2017,251,14,35,NA,NA,T,NA,NA,NA,NA,20172511435
775,2017251,1720,2017,251,17,20,-23.55416666,-46.74009194,A,0.25375,0.176,0.0373,0,20172511720
776,2017252,1340,2017,252,13,40,NA,NA,T,NA,NA,NA,NA,20172521340
777,2017252,1620,2017,252,16,20,-23.55416666,-46.74009194,A,0.2925,0.203,0.0144,0,20172521620
778,2017252,1800,2017,252,18,0,NA,NA,A,NA,NA,NA,NA,20172521800
779,2017253,1245,2017,253,12,45,-23.55416666,-46.74009194,T,0.10375,0.07125,0.0228,0,20172531245
780,2017253,1425,2017,253,14,25,NA,NA,T,NA,NA,NA,NA,20172531425
781,2017253,1705,2017,253,17,5,-23.55416666,-46.74009194,A,0.076,0.05225,0.0585,0,20172531705
782,2017254,1330,2017,254,13,30,-23.55416666,-46.74009194,T,0.04275,0.0295,0.056,0,20172541330
783,2017254,1610,2017,254,16,10,-23.5625,-46.74305615,A,0.256,0.1775,0.0078,0,20172541610
784,2017254,1750,2017,254,17,50,NA,NA,A,NA,NA,NA,NA,20172541750
785,2017255,1235,2017,255,12,35,NA,NA,T,NA,NA,NA,NA,20172551235
786,2017255,1410,2017,255,14,10,NA,NA,T,NA,NA,NA,NA,20172551410
787,2017255,1655,2017,255,16,55,-23.55416666,-46.74009194,A,0.18075,0.1245,0.0543,0,20172551655
788,2017255,1830,2017,255,18,30,NA,NA,A,NA,NA,NA,NA,20172551830
789,2017256,1315,2017,256,13,15,-23.55416666,-46.74009194,T,0.12075,0.083,0.0546,0,20172561315
790,2017256,1600,2017,256,16,0,NA,NA,A,NA,NA,NA,NA,20172561600
791,2017256,1735,2017,256,17,35,-23.55416666,-46.74009194,A,0.1365,0.09375,0.0214,0,20172561735
792,2017257,1400,2017,257,14,0,-23.55416666,-46.74009194,T,0.043,0.02925,0.0149,0,20172571400
793,2017257,1640,2017,257,16,40,-23.55416666,-46.74009194,A,0.189,0.13025,0.0359,0,20172571640
794,2017257,1815,2017,257,18,15,NA,NA,A,NA,NA,NA,NA,20172571815
795,2017258,1305,2017,258,13,5,-23.55416666,-46.74009194,T,0.095,0.065,0.045,0,20172581305
796,2017258,1440,2017,258,14,40,NA,NA,T,NA,NA,NA,NA,20172581440
797,2017258,1725,2017,258,17,25,-23.55416666,-46.74009194,A,0.177,0.1215,0.0307,0,20172581725
798,2017259,1345,2017,259,13,45,-23.55416666,-46.74009194,T,0.21275,0.14725,0.0263,0,20172591345
799,2017259,1630,2017,259,16,30,-23.55416666,-46.74009194,A,0.2565,0.178,0.0204,0,20172591630
800,2017259,1805,2017,259,18,5,NA,NA,A,NA,NA,NA,NA,20172591805
801,2017260,1250,2017,260,12,50,-23.55416666,-46.74009194,T,0.31925,0.22325,0.0291,0,20172601250
802,2017260,1430,2017,260,14,30,NA,NA,T,NA,NA,NA,NA,20172601430
803,2017260,1710,2017,260,17,10,NA,NA,A,NA,NA,NA,NA,20172601710
804,2017261,1335,2017,261,13,35,NA,NA,T,NA,NA,NA,NA,20172611335
805,2017261,1615,2017,261,16,15,NA,NA,A,NA,NA,NA,NA,20172611615
806,2017261,1755,2017,261,17,55,NA,NA,A,NA,NA,NA,NA,20172611755
807,2017262,1240,2017,262,12,40,NA,NA,T,NA,NA,NA,NA,20172621240
808,2017262,1415,2017,262,14,15,NA,NA,T,NA,NA,NA,NA,20172621415
809,2017262,1700,2017,262,17,0,-23.55416666,-46.74009194,A,0.41875,0.29475,0.0533,0,20172621700
810,2017263,1320,2017,263,13,20,-23.55416666,-46.74009194,T,0.3655,0.2555,0.0605,0,20172631320
811,2017263,1605,2017,263,16,5,NA,NA,A,NA,NA,NA,NA,20172631605
812,2017263,1740,2017,263,17,40,-23.55416666,-46.74009194,A,0.17625,0.12125,0.0198,0,20172631740
813,2017264,1225,2017,264,12,25,NA,NA,T,NA,NA,NA,NA,20172641225
814,2017264,1405,2017,264,14,5,-23.55416666,-46.74009194,T,0.208,0.14425,0.0125,0,20172641405
815,2017264,1645,2017,264,16,45,NA,NA,A,NA,NA,NA,NA,20172641645
816,2017264,1825,2017,264,18,25,NA,NA,A,NA,NA,NA,NA,20172641825
817,2017265,1310,2017,265,13,10,-23.55416666,-46.74009194,T,0.09375,0.0645,0.0581,0,20172651310
818,2017265,1450,2017,265,14,50,NA,NA,T,NA,NA,NA,NA,20172651450
819,2017265,1550,2017,265,15,50,NA,NA,A,NA,NA,NA,NA,20172651550
820,2017265,1730,2017,265,17,30,NA,NA,A,NA,NA,NA,NA,20172651730
821,2017266,1355,2017,266,13,55,-23.55416666,-46.74009194,T,0.1755,0.1205,0.0214,0,20172661355
822,2017266,1635,2017,266,16,35,NA,NA,A,NA,NA,NA,NA,20172661635
823,2017266,1810,2017,266,18,10,NA,NA,A,NA,NA,NA,NA,20172661810
824,2017267,1300,2017,267,13,0,NA,NA,T,NA,NA,NA,NA,20172671300
825,2017267,1435,2017,267,14,35,NA,NA,T,NA,NA,NA,NA,20172671435
826,2017267,1720,2017,267,17,20,NA,NA,A,NA,NA,NA,NA,20172671720
827,2017268,1340,2017,268,13,40,NA,NA,T,NA,NA,NA,NA,20172681340
828,2017268,1620,2017,268,16,20,NA,NA,A,NA,NA,NA,NA,20172681620
829,2017268,1800,2017,268,18,0,NA,NA,A,NA,NA,NA,NA,20172681800
830,2017269,1245,2017,269,12,45,-23.55416666,-46.74009194,T,0.277,0.19225,0.0259,0,20172691245
831,2017269,1425,2017,269,14,25,NA,NA,T,NA,NA,NA,NA,20172691425
832,2017269,1705,2017,269,17,5,NA,NA,A,NA,NA,NA,NA,20172691705
833,2017270,1330,2017,270,13,30,-23.55416666,-46.74009194,T,0.261,0.181,0.0637,0,20172701330
834,2017270,1610,2017,270,16,10,-23.55416666,-46.74009194,A,0.5315,0.37475,0.0085,0,20172701610
835,2017270,1750,2017,270,17,50,NA,NA,A,NA,NA,NA,NA,20172701750
836,2017271,1235,2017,271,12,35,NA,NA,T,NA,NA,NA,NA,20172711235
837,2017271,1410,2017,271,14,10,NA,NA,T,NA,NA,NA,NA,20172711410
838,2017271,1655,2017,271,16,55,NA,NA,A,NA,NA,NA,NA,20172711655
839,2017271,1830,2017,271,18,30,NA,NA,A,NA,NA,NA,NA,20172711830
840,2017272,1315,2017,272,13,15,NA,NA,T,NA,NA,NA,NA,20172721315
841,2017272,1600,2017,272,16,0,NA,NA,A,NA,NA,NA,NA,20172721600
842,2017272,1735,2017,272,17,35,NA,NA,A,NA,NA,NA,NA,20172721735
843,2017273,1400,2017,273,14,0,NA,NA,T,NA,NA,NA,NA,20172731400
844,2017273,1640,2017,273,16,40,NA,NA,A,NA,NA,NA,NA,20172731640
845,2017273,1820,2017,273,18,20,NA,NA,A,NA,NA,NA,NA,20172731820
846,2017274,1305,2017,274,13,5,NA,NA,T,NA,NA,NA,NA,20172741305
847,2017274,1440,2017,274,14,40,NA,NA,T,NA,NA,NA,NA,20172741440
848,2017274,1725,2017,274,17,25,NA,NA,A,NA,NA,NA,NA,20172741725
849,2017275,1345,2017,275,13,45,NA,NA,T,NA,NA,NA,NA,20172751345
850,2017275,1630,2017,275,16,30,NA,NA,A,NA,NA,NA,NA,20172751630
851,2017275,1805,2017,275,18,5,NA,NA,A,NA,NA,NA,NA,20172751805
852,2017276,1250,2017,276,12,50,NA,NA,T,NA,NA,NA,NA,20172761250
853,2017276,1430,2017,276,14,30,NA,NA,T,NA,NA,NA,NA,20172761430
854,2017276,1710,2017,276,17,10,NA,NA,A,NA,NA,NA,NA,20172761710
855,2017277,1335,2017,277,13,35,NA,NA,T,NA,NA,NA,NA,20172771335
856,2017277,1615,2017,277,16,15,NA,NA,A,NA,NA,NA,NA,20172771615
857,2017277,1755,2017,277,17,55,NA,NA,A,NA,NA,NA,NA,20172771755
858,2017278,1240,2017,278,12,40,-23.55416666,-46.74009194,T,0.07875,0.054,0.0166,0,20172781240
859,2017278,1415,2017,278,14,15,NA,NA,T,NA,NA,NA,NA,20172781415
860,2017278,1700,2017,278,17,0,-23.55416666,-46.74009194,A,0.12225,0.084,0.0448,0,20172781700
861,2017279,1320,2017,279,13,20,-23.55416666,-46.74009194,T,0.1205,0.08275,0.0529,0,20172791320
862,2017279,1605,2017,279,16,5,NA,NA,A,NA,NA,NA,NA,20172791605
863,2017279,1740,2017,279,17,40,NA,NA,A,NA,NA,NA,NA,20172791740
864,2017280,1225,2017,280,12,25,NA,NA,T,NA,NA,NA,NA,20172801225
865,2017280,1405,2017,280,14,5,NA,NA,T,NA,NA,NA,NA,20172801405
866,2017280,1645,2017,280,16,45,NA,NA,A,NA,NA,NA,NA,20172801645
867,2017280,1825,2017,280,18,25,NA,NA,A,NA,NA,NA,NA,20172801825
868,2017281,1310,2017,281,13,10,NA,NA,T,NA,NA,NA,NA,20172811310
869,2017281,1450,2017,281,14,50,NA,NA,T,NA,NA,NA,NA,20172811450
870,2017281,1550,2017,281,15,50,NA,NA,A,NA,NA,NA,NA,20172811550
871,2017281,1730,2017,281,17,30,NA,NA,A,NA,NA,NA,NA,20172811730
872,2017282,1355,2017,282,13,55,NA,NA,T,NA,NA,NA,NA,20172821355
873,2017282,1635,2017,282,16,35,NA,NA,A,NA,NA,NA,NA,20172821635
874,2017282,1810,2017,282,18,10,NA,NA,A,NA,NA,NA,NA,20172821810
875,2017283,1300,2017,283,13,0,-23.55416666,-46.74009194,T,0.113,0.07725,0.0326,0,20172831300
876,2017283,1435,2017,283,14,35,NA,NA,T,NA,NA,NA,NA,20172831435
877,2017283,1720,2017,283,17,20,NA,NA,A,NA,NA,NA,NA,20172831720
878,2017284,1340,2017,284,13,40,-23.55416666,-46.74009194,T,0.14375,0.0985,0.0315,0,20172841340
879,2017284,1625,2017,284,16,25,NA,NA,A,NA,NA,NA,NA,20172841625
880,2017284,1800,2017,284,18,0,NA,NA,A,NA,NA,NA,NA,20172841800
881,2017285,1245,2017,285,12,45,-23.55416666,-46.74009194,T,0.1765,0.1215,0.0221,0,20172851245
882,2017285,1425,2017,285,14,25,NA,NA,T,NA,NA,NA,NA,20172851425
883,2017285,1705,2017,285,17,5,NA,NA,A,NA,NA,NA,NA,20172851705
884,2017286,1330,2017,286,13,30,-23.55416666,-46.74009194,T,0.13025,0.0895,0.0696,0,20172861330
885,2017286,1610,2017,286,16,10,NA,NA,A,NA,NA,NA,NA,20172861610
886,2017286,1750,2017,286,17,50,NA,NA,A,NA,NA,NA,NA,20172861750
887,2017287,1235,2017,287,12,35,NA,NA,T,NA,NA,NA,NA,20172871235
888,2017287,1410,2017,287,14,10,NA,NA,T,NA,NA,NA,NA,20172871410
889,2017287,1655,2017,287,16,55,NA,NA,A,NA,NA,NA,NA,20172871655
890,2017287,1830,2017,287,18,30,NA,NA,A,NA,NA,NA,NA,20172871830
891,2017288,1315,2017,288,13,15,NA,NA,T,NA,NA,NA,NA,20172881315
892,2017288,1600,2017,288,16,0,NA,NA,A,NA,NA,NA,NA,20172881600
893,2017288,1735,2017,288,17,35,NA,NA,A,NA,NA,NA,NA,20172881735
894,2017289,1400,2017,289,14,0,NA,NA,T,NA,NA,NA,NA,20172891400
895,2017289,1640,2017,289,16,40,NA,NA,A,NA,NA,NA,NA,20172891640
896,2017289,1820,2017,289,18,20,NA,NA,A,NA,NA,NA,NA,20172891820
897,2017290,1305,2017,290,13,5,NA,NA,T,NA,NA,NA,NA,20172901305
898,2017290,1440,2017,290,14,40,NA,NA,T,NA,NA,NA,NA,20172901440
899,2017290,1725,2017,290,17,25,NA,NA,A,NA,NA,NA,NA,20172901725
900,2017291,1345,2017,291,13,45,-23.55416666,-46.74009194,T,0.12275,0.0845,0.0337,0,20172911345
901,2017291,1630,2017,291,16,30,NA,NA,A,NA,NA,NA,NA,20172911630
902,2017291,1805,2017,291,18,5,NA,NA,A,NA,NA,NA,NA,20172911805
903,2017292,1250,2017,292,12,50,-23.55416666,-46.74009194,T,0.13675,0.094,0.0323,0,20172921250
904,2017292,1430,2017,292,14,30,NA,NA,T,NA,NA,NA,NA,20172921430
905,2017292,1710,2017,292,17,10,-23.55416666,-46.74009194,A,0.14375,0.09875,0.0565,0,20172921710
906,2017293,1335,2017,293,13,35,NA,NA,T,NA,NA,NA,NA,20172931335
907,2017293,1615,2017,293,16,15,NA,NA,A,NA,NA,NA,NA,20172931615
908,2017293,1755,2017,293,17,55,NA,NA,A,NA,NA,NA,NA,20172931755
909,2017294,1240,2017,294,12,40,NA,NA,T,NA,NA,NA,NA,20172941240
910,2017294,1415,2017,294,14,15,NA,NA,T,NA,NA,NA,NA,20172941415
911,2017294,1700,2017,294,17,0,NA,NA,A,NA,NA,NA,NA,20172941700
912,2017295,1320,2017,295,13,20,NA,NA,T,NA,NA,NA,NA,20172951320
913,2017295,1605,2017,295,16,5,NA,NA,A,NA,NA,NA,NA,20172951605
914,2017295,1740,2017,295,17,40,NA,NA,A,NA,NA,NA,NA,20172951740
915,2017296,1225,2017,296,12,25,NA,NA,T,NA,NA,NA,NA,20172961225
916,2017296,1405,2017,296,14,5,NA,NA,T,NA,NA,NA,NA,20172961405
917,2017296,1645,2017,296,16,45,NA,NA,A,NA,NA,NA,NA,20172961645
918,2017296,1825,2017,296,18,25,NA,NA,A,NA,NA,NA,NA,20172961825
919,2017297,1310,2017,297,13,10,NA,NA,T,NA,NA,NA,NA,20172971310
920,2017297,1450,2017,297,14,50,NA,NA,T,NA,NA,NA,NA,20172971450
921,2017297,1550,2017,297,15,50,NA,NA,A,NA,NA,NA,NA,20172971550
922,2017297,1730,2017,297,17,30,NA,NA,A,NA,NA,NA,NA,20172971730
923,2017298,1350,2017,298,13,50,-23.55416666,-46.73100119,T,0.2465,0.171,0.0227,0,20172981350
924,2017298,1635,2017,298,16,35,NA,NA,A,NA,NA,NA,NA,20172981635
925,2017298,1810,2017,298,18,10,NA,NA,A,NA,NA,NA,NA,20172981810
926,2017299,1255,2017,299,12,55,NA,NA,T,NA,NA,NA,NA,20172991255
927,2017299,1435,2017,299,14,35,NA,NA,T,NA,NA,NA,NA,20172991435
928,2017299,1720,2017,299,17,20,NA,NA,A,NA,NA,NA,NA,20172991720
929,2017300,1340,2017,300,13,40,NA,NA,T,NA,NA,NA,NA,20173001340
930,2017300,1625,2017,300,16,25,NA,NA,A,NA,NA,NA,NA,20173001625
931,2017300,1800,2017,300,18,0,NA,NA,A,NA,NA,NA,NA,20173001800
932,2017301,1245,2017,301,12,45,NA,NA,T,NA,NA,NA,NA,20173011245
933,2017301,1425,2017,301,14,25,NA,NA,T,NA,NA,NA,NA,20173011425
934,2017301,1705,2017,301,17,5,NA,NA,A,NA,NA,NA,NA,20173011705
935,2017302,1330,2017,302,13,30,NA,NA,T,NA,NA,NA,NA,20173021330
936,2017302,1610,2017,302,16,10,NA,NA,A,NA,NA,NA,NA,20173021610
937,2017302,1750,2017,302,17,50,NA,NA,A,NA,NA,NA,NA,20173021750
938,2017303,1235,2017,303,12,35,NA,NA,T,NA,NA,NA,NA,20173031235
939,2017303,1410,2017,303,14,10,NA,NA,T,NA,NA,NA,NA,20173031410
940,2017303,1655,2017,303,16,55,NA,NA,A,NA,NA,NA,NA,20173031655
941,2017303,1830,2017,303,18,30,NA,NA,A,NA,NA,NA,NA,20173031830
942,2017304,1315,2017,304,13,15,NA,NA,T,NA,NA,NA,NA,20173041315
943,2017304,1600,2017,304,16,0,NA,NA,A,NA,NA,NA,NA,20173041600
944,2017304,1735,2017,304,17,35,NA,NA,A,NA,NA,NA,NA,20173041735
945,2017305,1400,2017,305,14,0,NA,NA,T,NA,NA,NA,NA,20173051400
946,2017305,1640,2017,305,16,40,NA,NA,A,NA,NA,NA,NA,20173051640
947,2017305,1820,2017,305,18,20,NA,NA,A,NA,NA,NA,NA,20173051820
948,2017306,1305,2017,306,13,5,-23.55416666,-46.74009194,T,0.07475,0.05125,0.047,0,20173061305
949,2017306,1440,2017,306,14,40,NA,NA,T,NA,NA,NA,NA,20173061440
950,2017306,1725,2017,306,17,25,NA,NA,A,NA,NA,NA,NA,20173061725
951,2017307,1345,2017,307,13,45,-23.55416666,-46.74009194,T,0.04625,0.0315,0.0308,0,20173071345
952,2017307,1630,2017,307,16,30,NA,NA,A,NA,NA,NA,NA,20173071630
953,2017307,1805,2017,307,18,5,NA,NA,A,NA,NA,NA,NA,20173071805
28,2017308,1250,2017,308,12,50,NA,NA,T,NA,NA,NA,NA,20173081250
29,2017308,1430,2017,308,14,30,NA,NA,T,NA,NA,NA,NA,20173081430
30,2017308,1710,2017,308,17,10,NA,NA,A,NA,NA,NA,NA,20173081710
954,2017309,1335,2017,309,13,35,NA,NA,T,NA,NA,NA,NA,20173091335
955,2017309,1615,2017,309,16,15,NA,NA,A,NA,NA,NA,NA,20173091615
956,2017309,1755,2017,309,17,55,NA,NA,A,NA,NA,NA,NA,20173091755
957,2017310,1240,2017,310,12,40,NA,NA,T,NA,NA,NA,NA,20173101240
958,2017310,1415,2017,310,14,15,NA,NA,T,NA,NA,NA,NA,20173101415
959,2017310,1700,2017,310,17,0,NA,NA,A,NA,NA,NA,NA,20173101700
960,2017311,1320,2017,311,13,20,NA,NA,T,NA,NA,NA,NA,20173111320
961,2017311,1605,2017,311,16,5,NA,NA,A,NA,NA,NA,NA,20173111605
962,2017311,1740,2017,311,17,40,NA,NA,A,NA,NA,NA,NA,20173111740
1,2017312,1225,2017,312,12,25,NA,NA,T,NA,NA,NA,NA,20173121225
2,2017312,1405,2017,312,14,5,NA,NA,T,NA,NA,NA,NA,20173121405
3,2017312,1645,2017,312,16,45,NA,NA,A,NA,NA,NA,NA,20173121645
4,2017312,1825,2017,312,18,25,NA,NA,A,NA,NA,NA,NA,20173121825
5,2017313,1310,2017,313,13,10,NA,NA,T,NA,NA,NA,NA,20173131310
6,2017313,1450,2017,313,14,50,NA,NA,T,NA,NA,NA,NA,20173131450
7,2017313,1550,2017,313,15,50,NA,NA,A,NA,NA,NA,NA,20173131550
8,2017313,1730,2017,313,17,30,NA,NA,A,NA,NA,NA,NA,20173131730
9,2017314,1350,2017,314,13,50,NA,NA,T,NA,NA,NA,NA,20173141350
10,2017314,1635,2017,314,16,35,NA,NA,A,NA,NA,NA,NA,20173141635
11,2017314,1810,2017,314,18,10,NA,NA,A,NA,NA,NA,NA,20173141810
12,2017315,1255,2017,315,12,55,NA,NA,T,NA,NA,NA,NA,20173151255
13,2017315,1435,2017,315,14,35,NA,NA,T,NA,NA,NA,NA,20173151435
14,2017315,1720,2017,315,17,20,NA,NA,A,NA,NA,NA,NA,20173151720
15,2017316,1340,2017,316,13,40,-23.55416666,-46.74009194,T,0.0255,0.0175,0.0426,0,20173161340
16,2017316,1625,2017,316,16,25,-23.55416666,-46.74009194,A,0.087,0.0595,0.0137,0,20173161625
17,2017316,1800,2017,316,18,0,NA,NA,A,NA,NA,NA,NA,20173161800
18,2017317,1245,2017,317,12,45,-23.55416666,-46.74009194,T,0.08475,0.05825,0.0221,0,20173171245
19,2017317,1425,2017,317,14,25,NA,NA,T,NA,NA,NA,NA,20173171425
20,2017317,1705,2017,317,17,5,-23.5625,-46.74305615,A,0.14,0.0965,0.058,0,20173171705
21,2017318,1330,2017,318,13,30,NA,NA,T,NA,NA,NA,NA,20173181330
22,2017318,1610,2017,318,16,10,-23.55416666,-46.74009194,A,0.069,0.04725,0.0091,0,20173181610
23,2017318,1750,2017,318,17,50,NA,NA,A,NA,NA,NA,NA,20173181750
24,2017319,1235,2017,319,12,35,NA,NA,T,NA,NA,NA,NA,20173191235
25,2017319,1410,2017,319,14,10,NA,NA,T,NA,NA,NA,NA,20173191410
26,2017319,1655,2017,319,16,55,NA,NA,A,NA,NA,NA,NA,20173191655
27,2017319,1830,2017,319,18,30,NA,NA,A,NA,NA,NA,NA,20173191830
28,2017320,1315,2017,320,13,15,NA,NA,T,NA,NA,NA,NA,20173201315
29,2017320,1600,2017,320,16,0,NA,NA,A,NA,NA,NA,NA,20173201600
30,2017320,1735,2017,320,17,35,NA,NA,A,NA,NA,NA,NA,20173201735
31,2017321,1400,2017,321,14,0,NA,NA,T,NA,NA,NA,NA,20173211400
32,2017321,1640,2017,321,16,40,NA,NA,A,NA,NA,NA,NA,20173211640
33,2017321,1820,2017,321,18,20,NA,NA,A,NA,NA,NA,NA,20173211820
34,2017322,1305,2017,322,13,5,NA,NA,T,NA,NA,NA,NA,20173221305
35,2017322,1440,2017,322,14,40,NA,NA,T,NA,NA,NA,NA,20173221440
36,2017322,1725,2017,322,17,25,NA,NA,A,NA,NA,NA,NA,20173221725
37,2017323,1345,2017,323,13,45,NA,NA,T,NA,NA,NA,NA,20173231345
38,2017323,1630,2017,323,16,30,NA,NA,A,NA,NA,NA,NA,20173231630
39,2017323,1805,2017,323,18,5,NA,NA,A,NA,NA,NA,NA,20173231805
40,2017324,1250,2017,324,12,50,NA,NA,T,NA,NA,NA,NA,20173241250
41,2017324,1430,2017,324,14,30,NA,NA,T,NA,NA,NA,NA,20173241430
42,2017324,1710,2017,324,17,10,NA,NA,A,NA,NA,NA,NA,20173241710
43,2017325,1335,2017,325,13,35,NA,NA,T,NA,NA,NA,NA,20173251335
44,2017325,1615,2017,325,16,15,NA,NA,A,NA,NA,NA,NA,20173251615
45,2017325,1755,2017,325,17,55,NA,NA,A,NA,NA,NA,NA,20173251755
46,2017326,1240,2017,326,12,40,NA,NA,T,NA,NA,NA,NA,20173261240
47,2017326,1415,2017,326,14,15,NA,NA,T,NA,NA,NA,NA,20173261415
48,2017326,1700,2017,326,17,0,NA,NA,A,NA,NA,NA,NA,20173261700
49,2017327,1320,2017,327,13,20,NA,NA,T,NA,NA,NA,NA,20173271320
50,2017327,1605,2017,327,16,5,NA,NA,A,NA,NA,NA,NA,20173271605
51,2017327,1740,2017,327,17,40,NA,NA,A,NA,NA,NA,NA,20173271740
52,2017328,1225,2017,328,12,25,NA,NA,T,NA,NA,NA,NA,20173281225
53,2017328,1405,2017,328,14,5,-23.55416666,-46.74009194,T,0.1705,0.11725,0.0136,0,20173281405
54,2017328,1645,2017,328,16,45,NA,NA,A,NA,NA,NA,NA,20173281645
55,2017328,1825,2017,328,18,25,NA,NA,A,NA,NA,NA,NA,20173281825
56,2017329,1310,2017,329,13,10,-23.55416666,-46.74009194,T,0.07975,0.05475,0.076,0,20173291310
57,2017329,1450,2017,329,14,50,NA,NA,T,NA,NA,NA,NA,20173291450
58,2017329,1550,2017,329,15,50,NA,NA,A,NA,NA,NA,NA,20173291550
59,2017329,1730,2017,329,17,30,NA,NA,A,NA,NA,NA,NA,20173291730
60,2017330,1350,2017,330,13,50,NA,NA,T,NA,NA,NA,NA,20173301350
61,2017330,1635,2017,330,16,35,NA,NA,A,NA,NA,NA,NA,20173301635
62,2017330,1810,2017,330,18,10,NA,NA,A,NA,NA,NA,NA,20173301810
63,2017331,1255,2017,331,12,55,NA,NA,T,NA,NA,NA,NA,20173311255
64,2017331,1435,2017,331,14,35,NA,NA,T,NA,NA,NA,NA,20173311435
65,2017331,1720,2017,331,17,20,NA,NA,A,NA,NA,NA,NA,20173311720
66,2017332,1340,2017,332,13,40,NA,NA,T,NA,NA,NA,NA,20173321340
67,2017332,1625,2017,332,16,25,NA,NA,A,NA,NA,NA,NA,20173321625
68,2017332,1800,2017,332,18,0,NA,NA,A,NA,NA,NA,NA,20173321800
69,2017333,1245,2017,333,12,45,-23.5625,-46.74305615,T,0.287,0.199,0.0245,0,20173331245
70,2017333,1425,2017,333,14,25,NA,NA,T,NA,NA,NA,NA,20173331425
71,2017333,1705,2017,333,17,5,-23.55416666,-46.74009194,A,0.12025,0.08275,0.0498,0,20173331705
72,2017334,1330,2017,334,13,30,NA,NA,T,NA,NA,NA,NA,20173341330
73,2017334,1610,2017,334,16,10,NA,NA,A,NA,NA,NA,NA,20173341610
74,2017334,1750,2017,334,17,50,NA,NA,A,NA,NA,NA,NA,20173341750
75,2017335,1235,2017,335,12,35,NA,NA,T,NA,NA,NA,NA,20173351235
76,2017335,1410,2017,335,14,10,NA,NA,T,NA,NA,NA,NA,20173351410
77,2017335,1655,2017,335,16,55,NA,NA,A,NA,NA,NA,NA,20173351655
78,2017335,1830,2017,335,18,30,NA,NA,A,NA,NA,NA,NA,20173351830
79,2017336,1315,2017,336,13,15,NA,NA,T,NA,NA,NA,NA,20173361315
80,2017336,1600,2017,336,16,0,NA,NA,A,NA,NA,NA,NA,20173361600
81,2017336,1735,2017,336,17,35,NA,NA,A,NA,NA,NA,NA,20173361735
82,2017337,1400,2017,337,14,0,NA,NA,T,NA,NA,NA,NA,20173371400
83,2017337,1640,2017,337,16,40,NA,NA,A,NA,NA,NA,NA,20173371640
84,2017337,1820,2017,337,18,20,NA,NA,A,NA,NA,NA,NA,20173371820
85,2017338,1305,2017,338,13,5,-23.55416666,-46.74009194,T,0.09825,0.0675,0.0423,0,20173381305
86,2017338,1440,2017,338,14,40,NA,NA,T,NA,NA,NA,NA,20173381440
87,2017338,1725,2017,338,17,25,-23.55416666,-46.73100119,A,0.397,0.27933,0.0416,0,20173381725
88,2017339,1345,2017,339,13,45,NA,NA,T,NA,NA,NA,NA,20173391345
89,2017339,1630,2017,339,16,30,NA,NA,A,NA,NA,NA,NA,20173391630
90,2017339,1805,2017,339,18,5,NA,NA,A,NA,NA,NA,NA,20173391805
91,2017340,1250,2017,340,12,50,NA,NA,T,NA,NA,NA,NA,20173401250
92,2017340,1430,2017,340,14,30,NA,NA,T,NA,NA,NA,NA,20173401430
93,2017340,1710,2017,340,17,10,NA,NA,A,NA,NA,NA,NA,20173401710
94,2017341,1335,2017,341,13,35,NA,NA,T,NA,NA,NA,NA,20173411335
95,2017341,1615,2017,341,16,15,NA,NA,A,NA,NA,NA,NA,20173411615
96,2017341,1755,2017,341,17,55,NA,NA,A,NA,NA,NA,NA,20173411755
97,2017342,1240,2017,342,12,40,NA,NA,T,NA,NA,NA,NA,20173421240
98,2017342,1415,2017,342,14,15,NA,NA,T,NA,NA,NA,NA,20173421415
99,2017342,1700,2017,342,17,0,NA,NA,A,NA,NA,NA,NA,20173421700
100,2017343,1320,2017,343,13,20,NA,NA,T,NA,NA,NA,NA,20173431320
101,2017343,1605,2017,343,16,5,NA,NA,A,NA,NA,NA,NA,20173431605
102,2017343,1740,2017,343,17,40,NA,NA,A,NA,NA,NA,NA,20173431740
103,2017344,1225,2017,344,12,25,NA,NA,T,NA,NA,NA,NA,20173441225
104,2017344,1405,2017,344,14,5,NA,NA,T,NA,NA,NA,NA,20173441405
105,2017344,1645,2017,344,16,45,NA,NA,A,NA,NA,NA,NA,20173441645
106,2017344,1825,2017,344,18,25,NA,NA,A,NA,NA,NA,NA,20173441825
107,2017345,1310,2017,345,13,10,-23.55416666,-46.74009194,T,0.049,0.0335,0.0633,0,20173451310
108,2017345,1450,2017,345,14,50,NA,NA,T,NA,NA,NA,NA,20173451450
109,2017345,1550,2017,345,15,50,NA,NA,A,NA,NA,NA,NA,20173451550
110,2017345,1730,2017,345,17,30,NA,NA,A,NA,NA,NA,NA,20173451730
111,2017346,1350,2017,346,13,50,NA,NA,T,NA,NA,NA,NA,20173461350
112,2017346,1635,2017,346,16,35,NA,NA,A,NA,NA,NA,NA,20173461635
113,2017346,1810,2017,346,18,10,NA,NA,A,NA,NA,NA,NA,20173461810
114,2017347,1255,2017,347,12,55,NA,NA,T,NA,NA,NA,NA,20173471255
115,2017347,1435,2017,347,14,35,NA,NA,T,NA,NA,NA,NA,20173471435
116,2017347,1720,2017,347,17,20,NA,NA,A,NA,NA,NA,NA,20173471720
117,2017348,1340,2017,348,13,40,NA,NA,T,NA,NA,NA,NA,20173481340
118,2017348,1625,2017,348,16,25,NA,NA,A,NA,NA,NA,NA,20173481625
119,2017348,1800,2017,348,18,0,NA,NA,A,NA,NA,NA,NA,20173481800
120,2017349,1245,2017,349,12,45,NA,NA,T,NA,NA,NA,NA,20173491245
121,2017349,1425,2017,349,14,25,NA,NA,T,NA,NA,NA,NA,20173491425
122,2017349,1705,2017,349,17,5,NA,NA,A,NA,NA,NA,NA,20173491705
123,2017350,1330,2017,350,13,30,NA,NA,T,NA,NA,NA,NA,20173501330
124,2017350,1610,2017,350,16,10,NA,NA,A,NA,NA,NA,NA,20173501610
125,2017350,1750,2017,350,17,50,NA,NA,A,NA,NA,NA,NA,20173501750
126,2017351,1235,2017,351,12,35,NA,NA,T,NA,NA,NA,NA,20173511235
127,2017351,1410,2017,351,14,10,NA,NA,T,NA,NA,NA,NA,20173511410
128,2017351,1655,2017,351,16,55,NA,NA,A,NA,NA,NA,NA,20173511655
129,2017351,1830,2017,351,18,30,NA,NA,A,NA,NA,NA,NA,20173511830
130,2017352,1315,2017,352,13,15,NA,NA,T,NA,NA,NA,NA,20173521315
131,2017352,1600,2017,352,16,0,NA,NA,A,NA,NA,NA,NA,20173521600
132,2017352,1735,2017,352,17,35,NA,NA,A,NA,NA,NA,NA,20173521735
133,2017353,1400,2017,353,14,0,NA,NA,T,NA,NA,NA,NA,20173531400
134,2017353,1640,2017,353,16,40,NA,NA,A,NA,NA,NA,NA,20173531640
135,2017353,1820,2017,353,18,20,NA,NA,A,NA,NA,NA,NA,20173531820
136,2017354,1305,2017,354,13,5,NA,NA,T,NA,NA,NA,NA,20173541305
137,2017354,1440,2017,354,14,40,NA,NA,T,NA,NA,NA,NA,20173541440
138,2017354,1725,2017,354,17,25,NA,NA,A,NA,NA,NA,NA,20173541725
139,2017355,1345,2017,355,13,45,NA,NA,T,NA,NA,NA,NA,20173551345
140,2017355,1630,2017,355,16,30,NA,NA,A,NA,NA,NA,NA,20173551630
141,2017355,1805,2017,355,18,5,NA,NA,A,NA,NA,NA,NA,20173551805
142,2017356,1250,2017,356,12,50,NA,NA,T,NA,NA,NA,NA,20173561250
143,2017356,1430,2017,356,14,30,NA,NA,T,NA,NA,NA,NA,20173561430
144,2017356,1710,2017,356,17,10,NA,NA,A,NA,NA,NA,NA,20173561710
145,2017357,1335,2017,357,13,35,NA,NA,T,NA,NA,NA,NA,20173571335
146,2017357,1615,2017,357,16,15,NA,NA,A,NA,NA,NA,NA,20173571615
147,2017357,1755,2017,357,17,55,NA,NA,A,NA,NA,NA,NA,20173571755
148,2017358,1240,2017,358,12,40,NA,NA,T,NA,NA,NA,NA,20173581240
149,2017358,1415,2017,358,14,15,NA,NA,T,NA,NA,NA,NA,20173581415
150,2017358,1700,2017,358,17,0,NA,NA,A,NA,NA,NA,NA,20173581700
151,2017359,1320,2017,359,13,20,NA,NA,T,NA,NA,NA,NA,20173591320
152,2017359,1605,2017,359,16,5,NA,NA,A,NA,NA,NA,NA,20173591605
153,2017359,1740,2017,359,17,40,NA,NA,A,NA,NA,NA,NA,20173591740
154,2017360,1225,2017,360,12,25,NA,NA,T,NA,NA,NA,NA,20173601225
155,2017360,1405,2017,360,14,5,NA,NA,T,NA,NA,NA,NA,20173601405
156,2017360,1645,2017,360,16,45,NA,NA,A,NA,NA,NA,NA,20173601645
157,2017360,1825,2017,360,18,25,NA,NA,A,NA,NA,NA,NA,20173601825
158,2017361,1310,2017,361,13,10,NA,NA,T,NA,NA,NA,NA,20173611310
159,2017361,1450,2017,361,14,50,NA,NA,T,NA,NA,NA,NA,20173611450
160,2017361,1550,2017,361,15,50,NA,NA,A,NA,NA,NA,NA,20173611550
161,2017361,1730,2017,361,17,30,NA,NA,A,NA,NA,NA,NA,20173611730
162,2017362,1350,2017,362,13,50,NA,NA,T,NA,NA,NA,NA,20173621350
163,2017362,1635,2017,362,16,35,NA,NA,A,NA,NA,NA,NA,20173621635
164,2017362,1810,2017,362,18,10,NA,NA,A,NA,NA,NA,NA,20173621810
165,2017363,1255,2017,363,12,55,NA,NA,T,NA,NA,NA,NA,20173631255
166,2017363,1435,2017,363,14,35,NA,NA,T,NA,NA,NA,NA,20173631435
167,2017363,1720,2017,363,17,20,NA,NA,A,NA,NA,NA,NA,20173631720
168,2017364,1340,2017,364,13,40,NA,NA,T,NA,NA,NA,NA,20173641340
169,2017364,1625,2017,364,16,25,NA,NA,A,NA,NA,NA,NA,20173641625
170,2017364,1800,2017,364,18,0,NA,NA,A,NA,NA,NA,NA,20173641800
171,2017365,1245,2017,365,12,45,NA,NA,T,NA,NA,NA,NA,20173651245
172,2017365,1425,2017,365,14,25,NA,NA,T,NA,NA,NA,NA,20173651425
173,2017365,1705,2017,365,17,5,NA,NA,A,NA,NA,NA,NA,20173651705
1,2018001,1330,2018,1,13,30,NA,NA,T,NA,NA,NA,NA,20180011330
2,2018001,1610,2018,1,16,10,NA,NA,A,NA,NA,NA,NA,20180011610
3,2018001,1750,2018,1,17,50,NA,NA,A,NA,NA,NA,NA,20180011750
4,2018002,1235,2018,2,12,35,NA,NA,T,NA,NA,NA,NA,20180021235
5,2018002,1410,2018,2,14,10,NA,NA,T,NA,NA,NA,NA,20180021410
6,2018002,1655,2018,2,16,55,NA,NA,A,NA,NA,NA,NA,20180021655
7,2018002,1830,2018,2,18,30,NA,NA,A,NA,NA,NA,NA,20180021830
8,2018003,1315,2018,3,13,15,NA,NA,T,NA,NA,NA,NA,20180031315
9,2018003,1600,2018,3,16,0,NA,NA,A,NA,NA,NA,NA,20180031600
10,2018003,1735,2018,3,17,35,NA,NA,A,NA,NA,NA,NA,20180031735
11,2018004,1400,2018,4,14,0,-23.55416666,-46.74009194,T,0.0515,0.0355,0.0138,0,20180041400
12,2018004,1640,2018,4,16,40,NA,NA,A,NA,NA,NA,NA,20180041640
13,2018004,1820,2018,4,18,20,NA,NA,A,NA,NA,NA,NA,20180041820
14,2018005,1305,2018,5,13,5,NA,NA,T,NA,NA,NA,NA,20180051305
15,2018005,1440,2018,5,14,40,NA,NA,T,NA,NA,NA,NA,20180051440
16,2018005,1725,2018,5,17,25,NA,NA,A,NA,NA,NA,NA,20180051725
17,2018006,1345,2018,6,13,45,NA,NA,T,NA,NA,NA,NA,20180061345
18,2018006,1630,2018,6,16,30,NA,NA,A,NA,NA,NA,NA,20180061630
19,2018006,1805,2018,6,18,5,NA,NA,A,NA,NA,NA,NA,20180061805
20,2018007,1250,2018,7,12,50,NA,NA,T,NA,NA,NA,NA,20180071250
21,2018007,1430,2018,7,14,30,NA,NA,T,NA,NA,NA,NA,20180071430
22,2018007,1710,2018,7,17,10,NA,NA,A,NA,NA,NA,NA,20180071710
23,2018008,1335,2018,8,13,35,NA,NA,T,NA,NA,NA,NA,20180081335
24,2018008,1615,2018,8,16,15,NA,NA,A,NA,NA,NA,NA,20180081615
25,2018008,1755,2018,8,17,55,NA,NA,A,NA,NA,NA,NA,20180081755
26,2018009,1240,2018,9,12,40,NA,NA,T,NA,NA,NA,NA,20180091240
27,2018009,1415,2018,9,14,15,NA,NA,T,NA,NA,NA,NA,20180091415
28,2018009,1700,2018,9,17,0,NA,NA,A,NA,NA,NA,NA,20180091700
29,2018010,1320,2018,10,13,20,NA,NA,T,NA,NA,NA,NA,20180101320
30,2018010,1605,2018,10,16,5,NA,NA,A,NA,NA,NA,NA,20180101605
31,2018010,1745,2018,10,17,45,NA,NA,A,NA,NA,NA,NA,20180101745
32,2018011,1225,2018,11,12,25,NA,NA,T,NA,NA,NA,NA,20180111225
33,2018011,1405,2018,11,14,5,NA,NA,T,NA,NA,NA,NA,20180111405
34,2018011,1645,2018,11,16,45,NA,NA,A,NA,NA,NA,NA,20180111645
35,2018011,1825,2018,11,18,25,NA,NA,A,NA,NA,NA,NA,20180111825
36,2018012,1310,2018,12,13,10,NA,NA,T,NA,NA,NA,NA,20180121310
37,2018012,1450,2018,12,14,50,NA,NA,T,NA,NA,NA,NA,20180121450
38,2018012,1550,2018,12,15,50,NA,NA,A,NA,NA,NA,NA,20180121550
39,2018012,1730,2018,12,17,30,NA,NA,A,NA,NA,NA,NA,20180121730
40,2018013,1350,2018,13,13,50,NA,NA,T,NA,NA,NA,NA,20180131350
41,2018013,1635,2018,13,16,35,NA,NA,A,NA,NA,NA,NA,20180131635
42,2018013,1810,2018,13,18,10,NA,NA,A,NA,NA,NA,NA,20180131810
43,2018014,1255,2018,14,12,55,NA,NA,T,NA,NA,NA,NA,20180141255
44,2018014,1435,2018,14,14,35,NA,NA,T,NA,NA,NA,NA,20180141435
45,2018014,1720,2018,14,17,20,NA,NA,A,NA,NA,NA,NA,20180141720
46,2018015,1340,2018,15,13,40,NA,NA,T,NA,NA,NA,NA,20180151340
47,2018015,1625,2018,15,16,25,NA,NA,A,NA,NA,NA,NA,20180151625
48,2018015,1800,2018,15,18,0,NA,NA,A,NA,NA,NA,NA,20180151800
49,2018016,1245,2018,16,12,45,NA,NA,T,NA,NA,NA,NA,20180161245
50,2018016,1425,2018,16,14,25,NA,NA,T,NA,NA,NA,NA,20180161425
51,2018016,1705,2018,16,17,5,NA,NA,A,NA,NA,NA,NA,20180161705
52,2018017,1330,2018,17,13,30,NA,NA,T,NA,NA,NA,NA,20180171330
53,2018017,1610,2018,17,16,10,NA,NA,A,NA,NA,NA,NA,20180171610
54,2018017,1750,2018,17,17,50,NA,NA,A,NA,NA,NA,NA,20180171750
55,2018018,1235,2018,18,12,35,NA,NA,T,NA,NA,NA,NA,20180181235
56,2018018,1410,2018,18,14,10,NA,NA,T,NA,NA,NA,NA,20180181410
57,2018018,1655,2018,18,16,55,NA,NA,A,NA,NA,NA,NA,20180181655
58,2018018,1830,2018,18,18,30,NA,NA,A,NA,NA,NA,NA,20180181830
59,2018019,1315,2018,19,13,15,NA,NA,T,NA,NA,NA,NA,20180191315
60,2018019,1600,2018,19,16,0,NA,NA,A,NA,NA,NA,NA,20180191600
61,2018019,1735,2018,19,17,35,NA,NA,A,NA,NA,NA,NA,20180191735
62,2018020,1400,2018,20,14,0,NA,NA,T,NA,NA,NA,NA,20180201400
63,2018020,1640,2018,20,16,40,NA,NA,A,NA,NA,NA,NA,20180201640
64,2018020,1820,2018,20,18,20,NA,NA,A,NA,NA,NA,NA,20180201820
65,2018021,1305,2018,21,13,5,NA,NA,T,NA,NA,NA,NA,20180211305
66,2018021,1440,2018,21,14,40,NA,NA,T,NA,NA,NA,NA,20180211440
67,2018021,1725,2018,21,17,25,NA,NA,A,NA,NA,NA,NA,20180211725
68,2018022,1345,2018,22,13,45,-23.55416666,-46.74009194,T,0.16675,0.11425,0.0221,0,20180221345
69,2018022,1630,2018,22,16,30,NA,NA,A,NA,NA,NA,NA,20180221630
70,2018022,1805,2018,22,18,5,NA,NA,A,NA,NA,NA,NA,20180221805
71,2018023,1250,2018,23,12,50,-23.55416666,-46.74009194,T,0.102,0.06975,0.0261,0,20180231250
72,2018023,1430,2018,23,14,30,NA,NA,T,NA,NA,NA,NA,20180231430
73,2018023,1710,2018,23,17,10,NA,NA,A,NA,NA,NA,NA,20180231710
74,2018024,1335,2018,24,13,35,NA,NA,T,NA,NA,NA,NA,20180241335
75,2018024,1615,2018,24,16,15,NA,NA,A,NA,NA,NA,NA,20180241615
76,2018024,1755,2018,24,17,55,NA,NA,A,NA,NA,NA,NA,20180241755
77,2018025,1240,2018,25,12,40,NA,NA,T,NA,NA,NA,NA,20180251240
78,2018025,1415,2018,25,14,15,NA,NA,T,NA,NA,NA,NA,20180251415
79,2018025,1700,2018,25,17,0,NA,NA,A,NA,NA,NA,NA,20180251700
80,2018026,1320,2018,26,13,20,NA,NA,T,NA,NA,NA,NA,20180261320
81,2018026,1605,2018,26,16,5,NA,NA,A,NA,NA,NA,NA,20180261605
82,2018026,1745,2018,26,17,45,NA,NA,A,NA,NA,NA,NA,20180261745
83,2018027,1225,2018,27,12,25,NA,NA,T,NA,NA,NA,NA,20180271225
84,2018027,1405,2018,27,14,5,NA,NA,T,NA,NA,NA,NA,20180271405
85,2018027,1650,2018,27,16,50,NA,NA,A,NA,NA,NA,NA,20180271650
86,2018027,1825,2018,27,18,25,NA,NA,A,NA,NA,NA,NA,20180271825
87,2018028,1310,2018,28,13,10,-23.55416666,-46.74009194,T,0.09875,0.06775,0.0554,0,20180281310
88,2018028,1450,2018,28,14,50,NA,NA,T,NA,NA,NA,NA,20180281450
89,2018028,1550,2018,28,15,50,NA,NA,A,NA,NA,NA,NA,20180281550
90,2018028,1730,2018,28,17,30,NA,NA,A,NA,NA,NA,NA,20180281730
91,2018029,1350,2018,29,13,50,NA,NA,T,NA,NA,NA,NA,20180291350
92,2018029,1635,2018,29,16,35,NA,NA,A,NA,NA,NA,NA,20180291635
93,2018029,1810,2018,29,18,10,NA,NA,A,NA,NA,NA,NA,20180291810
94,2018030,1255,2018,30,12,55,NA,NA,T,NA,NA,NA,NA,20180301255
95,2018030,1435,2018,30,14,35,NA,NA,T,NA,NA,NA,NA,20180301435
96,2018030,1720,2018,30,17,20,NA,NA,A,NA,NA,NA,NA,20180301720
97,2018031,1340,2018,31,13,40,NA,NA,T,NA,NA,NA,NA,20180311340
98,2018031,1625,2018,31,16,25,NA,NA,A,NA,NA,NA,NA,20180311625
99,2018031,1800,2018,31,18,0,NA,NA,A,NA,NA,NA,NA,20180311800
100,2018032,1245,2018,32,12,45,NA,NA,T,NA,NA,NA,NA,20180321245
101,2018032,1425,2018,32,14,25,NA,NA,T,NA,NA,NA,NA,20180321425
102,2018032,1705,2018,32,17,5,NA,NA,A,NA,NA,NA,NA,20180321705
103,2018033,1330,2018,33,13,30,NA,NA,T,NA,NA,NA,NA,20180331330
104,2018033,1610,2018,33,16,10,NA,NA,A,NA,NA,NA,NA,20180331610
105,2018033,1750,2018,33,17,50,NA,NA,A,NA,NA,NA,NA,20180331750
106,2018034,1235,2018,34,12,35,NA,NA,T,NA,NA,NA,NA,20180341235
107,2018034,1410,2018,34,14,10,NA,NA,T,NA,NA,NA,NA,20180341410
108,2018034,1655,2018,34,16,55,NA,NA,A,NA,NA,NA,NA,20180341655
109,2018034,1830,2018,34,18,30,NA,NA,A,NA,NA,NA,NA,20180341830
110,2018035,1315,2018,35,13,15,NA,NA,T,NA,NA,NA,NA,20180351315
111,2018035,1600,2018,35,16,0,NA,NA,A,NA,NA,NA,NA,20180351600
112,2018035,1735,2018,35,17,35,NA,NA,A,NA,NA,NA,NA,20180351735
113,2018036,1400,2018,36,14,0,NA,NA,T,NA,NA,NA,NA,20180361400
114,2018036,1640,2018,36,16,40,NA,NA,A,NA,NA,NA,NA,20180361640
115,2018036,1820,2018,36,18,20,NA,NA,A,NA,NA,NA,NA,20180361820
116,2018037,1305,2018,37,13,5,NA,NA,T,NA,NA,NA,NA,20180371305
117,2018037,1440,2018,37,14,40,NA,NA,T,NA,NA,NA,NA,20180371440
118,2018037,1725,2018,37,17,25,NA,NA,A,NA,NA,NA,NA,20180371725
119,2018038,1345,2018,38,13,45,NA,NA,T,NA,NA,NA,NA,20180381345
120,2018038,1630,2018,38,16,30,NA,NA,A,NA,NA,NA,NA,20180381630
121,2018038,1805,2018,38,18,5,NA,NA,A,NA,NA,NA,NA,20180381805
122,2018039,1250,2018,39,12,50,-23.55416666,-46.74009194,T,0.06275,0.04275,0.025,0,20180391250
123,2018039,1430,2018,39,14,30,NA,NA,T,NA,NA,NA,NA,20180391430
124,2018039,1710,2018,39,17,10,NA,NA,A,NA,NA,NA,NA,20180391710
125,2018040,1335,2018,40,13,35,-23.55416666,-46.74009194,T,0.086,0.05875,0.057,0,20180401335
126,2018040,1615,2018,40,16,15,NA,NA,A,NA,NA,NA,NA,20180401615
127,2018040,1755,2018,40,17,55,NA,NA,A,NA,NA,NA,NA,20180401755
128,2018041,1240,2018,41,12,40,NA,NA,T,NA,NA,NA,NA,20180411240
129,2018041,1415,2018,41,14,15,NA,NA,T,NA,NA,NA,NA,20180411415
130,2018041,1700,2018,41,17,0,NA,NA,A,NA,NA,NA,NA,20180411700
131,2018042,1320,2018,42,13,20,NA,NA,T,NA,NA,NA,NA,20180421320
132,2018042,1605,2018,42,16,5,NA,NA,A,NA,NA,NA,NA,20180421605
133,2018042,1745,2018,42,17,45,NA,NA,A,NA,NA,NA,NA,20180421745
134,2018043,1225,2018,43,12,25,NA,NA,T,NA,NA,NA,NA,20180431225
135,2018043,1405,2018,43,14,5,NA,NA,T,NA,NA,NA,NA,20180431405
136,2018043,1650,2018,43,16,50,NA,NA,A,NA,NA,NA,NA,20180431650
137,2018043,1825,2018,43,18,25,NA,NA,A,NA,NA,NA,NA,20180431825
138,2018044,1310,2018,44,13,10,NA,NA,T,NA,NA,NA,NA,20180441310
139,2018044,1450,2018,44,14,50,NA,NA,T,NA,NA,NA,NA,20180441450
140,2018044,1550,2018,44,15,50,NA,NA,A,NA,NA,NA,NA,20180441550
141,2018044,1730,2018,44,17,30,NA,NA,A,NA,NA,NA,NA,20180441730
142,2018045,1350,2018,45,13,50,NA,NA,T,NA,NA,NA,NA,20180451350
143,2018045,1635,2018,45,16,35,NA,NA,A,NA,NA,NA,NA,20180451635
144,2018045,1815,2018,45,18,15,NA,NA,A,NA,NA,NA,NA,20180451815
145,2018046,1255,2018,46,12,55,NA,NA,T,NA,NA,NA,NA,20180461255
146,2018046,1435,2018,46,14,35,NA,NA,T,NA,NA,NA,NA,20180461435
147,2018046,1720,2018,46,17,20,NA,NA,A,NA,NA,NA,NA,20180461720
148,2018047,1340,2018,47,13,40,NA,NA,T,NA,NA,NA,NA,20180471340
149,2018047,1625,2018,47,16,25,NA,NA,A,NA,NA,NA,NA,20180471625
150,2018047,1800,2018,47,18,0,NA,NA,A,NA,NA,NA,NA,20180471800
151,2018048,1245,2018,48,12,45,NA,NA,T,NA,NA,NA,NA,20180481245
152,2018048,1425,2018,48,14,25,NA,NA,T,NA,NA,NA,NA,20180481425
153,2018048,1705,2018,48,17,5,NA,NA,A,NA,NA,NA,NA,20180481705
154,2018049,1330,2018,49,13,30,NA,NA,T,NA,NA,NA,NA,20180491330
155,2018049,1610,2018,49,16,10,NA,NA,A,NA,NA,NA,NA,20180491610
156,2018049,1750,2018,49,17,50,NA,NA,A,NA,NA,NA,NA,20180491750
157,2018050,1235,2018,50,12,35,NA,NA,T,NA,NA,NA,NA,20180501235
158,2018050,1410,2018,50,14,10,NA,NA,T,NA,NA,NA,NA,20180501410
159,2018050,1655,2018,50,16,55,NA,NA,A,NA,NA,NA,NA,20180501655
160,2018050,1830,2018,50,18,30,NA,NA,A,NA,NA,NA,NA,20180501830
161,2018051,1315,2018,51,13,15,NA,NA,T,NA,NA,NA,NA,20180511315
162,2018051,1600,2018,51,16,0,NA,NA,A,NA,NA,NA,NA,20180511600
163,2018051,1735,2018,51,17,35,NA,NA,A,NA,NA,NA,NA,20180511735
164,2018052,1400,2018,52,14,0,NA,NA,T,NA,NA,NA,NA,20180521400
165,2018052,1640,2018,52,16,40,NA,NA,A,NA,NA,NA,NA,20180521640
166,2018052,1820,2018,52,18,20,NA,NA,A,NA,NA,NA,NA,20180521820
167,2018053,1305,2018,53,13,5,NA,NA,T,NA,NA,NA,NA,20180531305
168,2018053,1440,2018,53,14,40,NA,NA,T,NA,NA,NA,NA,20180531440
169,2018053,1725,2018,53,17,25,NA,NA,A,NA,NA,NA,NA,20180531725
170,2018054,1345,2018,54,13,45,NA,NA,T,NA,NA,NA,NA,20180541345
171,2018054,1630,2018,54,16,30,NA,NA,A,NA,NA,NA,NA,20180541630
172,2018054,1805,2018,54,18,5,NA,NA,A,NA,NA,NA,NA,20180541805
173,2018055,1250,2018,55,12,50,-23.55416666,-46.74009194,T,0.275,0.191,0.0235,0,20180551250
174,2018055,1430,2018,55,14,30,NA,NA,T,NA,NA,NA,NA,20180551430
175,2018055,1710,2018,55,17,10,NA,NA,A,NA,NA,NA,NA,20180551710
176,2018056,1335,2018,56,13,35,NA,NA,T,NA,NA,NA,NA,20180561335
177,2018056,1615,2018,56,16,15,NA,NA,A,NA,NA,NA,NA,20180561615
178,2018056,1755,2018,56,17,55,NA,NA,A,NA,NA,NA,NA,20180561755
179,2018057,1240,2018,57,12,40,NA,NA,T,NA,NA,NA,NA,20180571240
180,2018057,1415,2018,57,14,15,NA,NA,T,NA,NA,NA,NA,20180571415
181,2018057,1700,2018,57,17,0,NA,NA,A,NA,NA,NA,NA,20180571700
182,2018058,1320,2018,58,13,20,NA,NA,T,NA,NA,NA,NA,20180581320
183,2018058,1605,2018,58,16,5,NA,NA,A,NA,NA,NA,NA,20180581605
184,2018058,1745,2018,58,17,45,NA,NA,A,NA,NA,NA,NA,20180581745
185,2018059,1225,2018,59,12,25,NA,NA,T,NA,NA,NA,NA,20180591225
186,2018059,1405,2018,59,14,5,-23.55416666,-46.74009194,T,0.0545,0.03725,0.0098,0,20180591405
187,2018059,1650,2018,59,16,50,NA,NA,A,NA,NA,NA,NA,20180591650
188,2018059,1825,2018,59,18,25,NA,NA,A,NA,NA,NA,NA,20180591825
189,2018060,1310,2018,60,13,10,NA,NA,T,NA,NA,NA,NA,20180601310
190,2018060,1450,2018,60,14,50,NA,NA,T,NA,NA,NA,NA,20180601450
191,2018060,1550,2018,60,15,50,NA,NA,A,NA,NA,NA,NA,20180601550
192,2018060,1730,2018,60,17,30,NA,NA,A,NA,NA,NA,NA,20180601730
193,2018061,1350,2018,61,13,50,NA,NA,T,NA,NA,NA,NA,20180611350
194,2018061,1635,2018,61,16,35,NA,NA,A,NA,NA,NA,NA,20180611635
195,2018061,1815,2018,61,18,15,NA,NA,A,NA,NA,NA,NA,20180611815
196,2018062,1255,2018,62,12,55,NA,NA,T,NA,NA,NA,NA,20180621255
197,2018062,1435,2018,62,14,35,NA,NA,T,NA,NA,NA,NA,20180621435
198,2018062,1720,2018,62,17,20,NA,NA,A,NA,NA,NA,NA,20180621720
199,2018063,1340,2018,63,13,40,NA,NA,T,NA,NA,NA,NA,20180631340
200,2018063,1625,2018,63,16,25,NA,NA,A,NA,NA,NA,NA,20180631625
201,2018063,1800,2018,63,18,0,NA,NA,A,NA,NA,NA,NA,20180631800
202,2018064,1245,2018,64,12,45,-23.55416666,-46.74009194,T,0.283,0.19675,0.0189,0,20180641245
203,2018064,1425,2018,64,14,25,NA,NA,T,NA,NA,NA,NA,20180641425
204,2018064,1705,2018,64,17,5,NA,NA,A,NA,NA,NA,NA,20180641705
205,2018065,1330,2018,65,13,30,NA,NA,T,NA,NA,NA,NA,20180651330
206,2018065,1610,2018,65,16,10,NA,NA,A,NA,NA,NA,NA,20180651610
207,2018065,1750,2018,65,17,50,NA,NA,A,NA,NA,NA,NA,20180651750
208,2018066,1235,2018,66,12,35,NA,NA,T,NA,NA,NA,NA,20180661235
209,2018066,1410,2018,66,14,10,NA,NA,T,NA,NA,NA,NA,20180661410
210,2018066,1655,2018,66,16,55,NA,NA,A,NA,NA,NA,NA,20180661655
211,2018066,1830,2018,66,18,30,NA,NA,A,NA,NA,NA,NA,20180661830
212,2018067,1315,2018,67,13,15,NA,NA,T,NA,NA,NA,NA,20180671315
213,2018067,1600,2018,67,16,0,NA,NA,A,NA,NA,NA,NA,20180671600
214,2018067,1735,2018,67,17,35,NA,NA,A,NA,NA,NA,NA,20180671735
215,2018068,1400,2018,68,14,0,NA,NA,T,NA,NA,NA,NA,20180681400
216,2018068,1640,2018,68,16,40,NA,NA,A,NA,NA,NA,NA,20180681640
217,2018068,1820,2018,68,18,20,NA,NA,A,NA,NA,NA,NA,20180681820
218,2018069,1305,2018,69,13,5,NA,NA,T,NA,NA,NA,NA,20180691305
219,2018069,1440,2018,69,14,40,NA,NA,T,NA,NA,NA,NA,20180691440
220,2018069,1725,2018,69,17,25,NA,NA,A,NA,NA,NA,NA,20180691725
221,2018070,1345,2018,70,13,45,-23.55416666,-46.74009194,T,0.1205,0.083,0.0196,0,20180701345
222,2018070,1630,2018,70,16,30,NA,NA,A,NA,NA,NA,NA,20180701630
223,2018070,1805,2018,70,18,5,NA,NA,A,NA,NA,NA,NA,20180701805
224,2018071,1250,2018,71,12,50,-23.55416666,-46.74009194,T,0.083,0.05675,0.0195,0,20180711250
225,2018071,1430,2018,71,14,30,NA,NA,T,NA,NA,NA,NA,20180711430
226,2018071,1715,2018,71,17,15,NA,NA,A,NA,NA,NA,NA,20180711715
227,2018072,1335,2018,72,13,35,NA,NA,T,NA,NA,NA,NA,20180721335
228,2018072,1615,2018,72,16,15,NA,NA,A,NA,NA,NA,NA,20180721615
229,2018072,1755,2018,72,17,55,NA,NA,A,NA,NA,NA,NA,20180721755
230,2018073,1240,2018,73,12,40,NA,NA,T,NA,NA,NA,NA,20180731240
231,2018073,1415,2018,73,14,15,NA,NA,T,NA,NA,NA,NA,20180731415
232,2018073,1700,2018,73,17,0,NA,NA,A,NA,NA,NA,NA,20180731700
233,2018074,1320,2018,74,13,20,NA,NA,T,NA,NA,NA,NA,20180741320
234,2018074,1605,2018,74,16,5,NA,NA,A,NA,NA,NA,NA,20180741605
235,2018074,1745,2018,74,17,45,NA,NA,A,NA,NA,NA,NA,20180741745
236,2018075,1225,2018,75,12,25,NA,NA,T,NA,NA,NA,NA,20180751225
237,2018075,1405,2018,75,14,5,NA,NA,T,NA,NA,NA,NA,20180751405
238,2018075,1650,2018,75,16,50,NA,NA,A,NA,NA,NA,NA,20180751650
239,2018075,1825,2018,75,18,25,NA,NA,A,NA,NA,NA,NA,20180751825
240,2018076,1310,2018,76,13,10,NA,NA,T,NA,NA,NA,NA,20180761310
241,2018076,1450,2018,76,14,50,NA,NA,T,NA,NA,NA,NA,20180761450
242,2018076,1555,2018,76,15,55,NA,NA,A,NA,NA,NA,NA,20180761555
243,2018076,1730,2018,76,17,30,NA,NA,A,NA,NA,NA,NA,20180761730
244,2018077,1350,2018,77,13,50,NA,NA,T,NA,NA,NA,NA,20180771350
245,2018077,1635,2018,77,16,35,NA,NA,A,NA,NA,NA,NA,20180771635
246,2018077,1815,2018,77,18,15,NA,NA,A,NA,NA,NA,NA,20180771815
247,2018078,1255,2018,78,12,55,NA,NA,T,NA,NA,NA,NA,20180781255
248,2018078,1435,2018,78,14,35,NA,NA,T,NA,NA,NA,NA,20180781435
249,2018078,1720,2018,78,17,20,NA,NA,A,NA,NA,NA,NA,20180781720
250,2018079,1340,2018,79,13,40,NA,NA,T,NA,NA,NA,NA,20180791340
251,2018079,1625,2018,79,16,25,NA,NA,A,NA,NA,NA,NA,20180791625
252,2018079,1800,2018,79,18,0,NA,NA,A,NA,NA,NA,NA,20180791800
253,2018080,1245,2018,80,12,45,NA,NA,T,NA,NA,NA,NA,20180801245
254,2018080,1425,2018,80,14,25,NA,NA,T,NA,NA,NA,NA,20180801425
255,2018080,1705,2018,80,17,5,NA,NA,A,NA,NA,NA,NA,20180801705
256,2018081,1330,2018,81,13,30,NA,NA,T,NA,NA,NA,NA,20180811330
257,2018081,1610,2018,81,16,10,NA,NA,A,NA,NA,NA,NA,20180811610
258,2018081,1750,2018,81,17,50,NA,NA,A,NA,NA,NA,NA,20180811750
259,2018082,1235,2018,82,12,35,NA,NA,T,NA,NA,NA,NA,20180821235
260,2018082,1410,2018,82,14,10,NA,NA,T,NA,NA,NA,NA,20180821410
261,2018082,1655,2018,82,16,55,NA,NA,A,NA,NA,NA,NA,20180821655
262,2018082,1830,2018,82,18,30,NA,NA,A,NA,NA,NA,NA,20180821830
263,2018083,1315,2018,83,13,15,NA,NA,T,NA,NA,NA,NA,20180831315
264,2018083,1600,2018,83,16,0,NA,NA,A,NA,NA,NA,NA,20180831600
265,2018083,1735,2018,83,17,35,NA,NA,A,NA,NA,NA,NA,20180831735
266,2018084,1400,2018,84,14,0,-23.55416666,-46.74009194,T,0.02275,0.0155,0.0108,0,20180841400
267,2018084,1640,2018,84,16,40,NA,NA,A,NA,NA,NA,NA,20180841640
268,2018084,1820,2018,84,18,20,NA,NA,A,NA,NA,NA,NA,20180841820
269,2018085,1305,2018,85,13,5,NA,NA,T,NA,NA,NA,NA,20180851305
270,2018085,1440,2018,85,14,40,NA,NA,T,NA,NA,NA,NA,20180851440
271,2018085,1725,2018,85,17,25,NA,NA,A,NA,NA,NA,NA,20180851725
272,2018086,1345,2018,86,13,45,NA,NA,T,NA,NA,NA,NA,20180861345
273,2018086,1630,2018,86,16,30,NA,NA,A,NA,NA,NA,NA,20180861630
274,2018086,1805,2018,86,18,5,NA,NA,A,NA,NA,NA,NA,20180861805
275,2018087,1250,2018,87,12,50,NA,NA,T,NA,NA,NA,NA,20180871250
276,2018087,1430,2018,87,14,30,NA,NA,T,NA,NA,NA,NA,20180871430
277,2018087,1715,2018,87,17,15,NA,NA,A,NA,NA,NA,NA,20180871715
278,2018088,1335,2018,88,13,35,NA,NA,T,NA,NA,NA,NA,20180881335
279,2018088,1615,2018,88,16,15,NA,NA,A,NA,NA,NA,NA,20180881615
280,2018088,1755,2018,88,17,55,NA,NA,A,NA,NA,NA,NA,20180881755
281,2018089,1240,2018,89,12,40,-23.55416666,-46.74009194,T,0.14725,0.10125,0.0098,0,20180891240
282,2018089,1415,2018,89,14,15,NA,NA,T,NA,NA,NA,NA,20180891415
283,2018089,1700,2018,89,17,0,NA,NA,A,NA,NA,NA,NA,20180891700
284,2018090,1320,2018,90,13,20,NA,NA,T,NA,NA,NA,NA,20180901320
285,2018090,1605,2018,90,16,5,NA,NA,A,NA,NA,NA,NA,20180901605
286,2018090,1745,2018,90,17,45,NA,NA,A,NA,NA,NA,NA,20180901745
287,2018091,1225,2018,91,12,25,NA,NA,T,NA,NA,NA,NA,20180911225
288,2018091,1405,2018,91,14,5,NA,NA,T,NA,NA,NA,NA,20180911405
289,2018091,1650,2018,91,16,50,NA,NA,A,NA,NA,NA,NA,20180911650
290,2018091,1825,2018,91,18,25,NA,NA,A,NA,NA,NA,NA,20180911825
291,2018092,1310,2018,92,13,10,NA,NA,T,NA,NA,NA,NA,20180921310
292,2018092,1450,2018,92,14,50,NA,NA,T,NA,NA,NA,NA,20180921450
293,2018092,1555,2018,92,15,55,NA,NA,A,NA,NA,NA,NA,20180921555
294,2018092,1730,2018,92,17,30,NA,NA,A,NA,NA,NA,NA,20180921730
295,2018093,1355,2018,93,13,55,NA,NA,T,NA,NA,NA,NA,20180931355
296,2018093,1635,2018,93,16,35,NA,NA,A,NA,NA,NA,NA,20180931635
297,2018093,1815,2018,93,18,15,NA,NA,A,NA,NA,NA,NA,20180931815
298,2018094,1300,2018,94,13,0,NA,NA,T,NA,NA,NA,NA,20180941300
299,2018094,1435,2018,94,14,35,NA,NA,T,NA,NA,NA,NA,20180941435
300,2018094,1720,2018,94,17,20,NA,NA,A,NA,NA,NA,NA,20180941720
301,2018095,1340,2018,95,13,40,NA,NA,T,NA,NA,NA,NA,20180951340
302,2018095,1625,2018,95,16,25,NA,NA,A,NA,NA,NA,NA,20180951625
303,2018095,1800,2018,95,18,0,NA,NA,A,NA,NA,NA,NA,20180951800
304,2018096,1245,2018,96,12,45,NA,NA,T,NA,NA,NA,NA,20180961245
305,2018096,1425,2018,96,14,25,NA,NA,T,NA,NA,NA,NA,20180961425
306,2018096,1705,2018,96,17,5,NA,NA,A,NA,NA,NA,NA,20180961705
307,2018097,1330,2018,97,13,30,-23.55416666,-46.74009194,T,0.2,0.138,0.0399,0,20180971330
308,2018097,1610,2018,97,16,10,NA,NA,A,NA,NA,NA,NA,20180971610
309,2018097,1750,2018,97,17,50,NA,NA,A,NA,NA,NA,NA,20180971750
310,2018098,1235,2018,98,12,35,NA,NA,T,NA,NA,NA,NA,20180981235
311,2018098,1410,2018,98,14,10,NA,NA,T,NA,NA,NA,NA,20180981410
312,2018098,1655,2018,98,16,55,NA,NA,A,NA,NA,NA,NA,20180981655
313,2018098,1830,2018,98,18,30,NA,NA,A,NA,NA,NA,NA,20180981830
314,2018099,1315,2018,99,13,15,NA,NA,T,NA,NA,NA,NA,20180991315
315,2018099,1600,2018,99,16,0,NA,NA,A,NA,NA,NA,NA,20180991600
316,2018099,1735,2018,99,17,35,NA,NA,A,NA,NA,NA,NA,20180991735
317,2018100,1400,2018,100,14,0,-23.55416666,-46.74009194,T,0.09175,0.06275,0.0099,0,20181001400
318,2018100,1640,2018,100,16,40,NA,NA,A,NA,NA,NA,NA,20181001640
319,2018100,1820,2018,100,18,20,NA,NA,A,NA,NA,NA,NA,20181001820
320,2018101,1305,2018,101,13,5,-23.55416666,-46.74009194,T,0.1855,0.128,0.0356,0,20181011305
321,2018101,1440,2018,101,14,40,NA,NA,T,NA,NA,NA,NA,20181011440
322,2018101,1725,2018,101,17,25,-23.55416666,-46.74009194,A,0.19625,0.13525,0.0236,0,20181011725
323,2018102,1345,2018,102,13,45,-23.55416666,-46.74009194,T,0.0635,0.04325,0.0164,0,20181021345
324,2018102,1630,2018,102,16,30,NA,NA,A,NA,NA,NA,NA,20181021630
325,2018102,1805,2018,102,18,5,NA,NA,A,NA,NA,NA,NA,20181021805
326,2018103,1250,2018,103,12,50,-23.55416666,-46.74009194,T,0.032,0.022,0.0203,0,20181031250
327,2018103,1430,2018,103,14,30,NA,NA,T,NA,NA,NA,NA,20181031430
328,2018103,1715,2018,103,17,15,NA,NA,A,NA,NA,NA,NA,20181031715
329,2018104,1335,2018,104,13,35,NA,NA,T,NA,NA,NA,NA,20181041335
330,2018104,1615,2018,104,16,15,NA,NA,A,NA,NA,NA,NA,20181041615
331,2018104,1755,2018,104,17,55,NA,NA,A,NA,NA,NA,NA,20181041755
332,2018105,1240,2018,105,12,40,NA,NA,T,NA,NA,NA,NA,20181051240
333,2018105,1420,2018,105,14,20,NA,NA,T,NA,NA,NA,NA,20181051420
334,2018105,1700,2018,105,17,0,NA,NA,A,NA,NA,NA,NA,20181051700
335,2018106,1325,2018,106,13,25,NA,NA,T,NA,NA,NA,NA,20181061325
336,2018106,1605,2018,106,16,5,NA,NA,A,NA,NA,NA,NA,20181061605
337,2018106,1745,2018,106,17,45,NA,NA,A,NA,NA,NA,NA,20181061745
338,2018107,1225,2018,107,12,25,NA,NA,T,NA,NA,NA,NA,20181071225
339,2018107,1405,2018,107,14,5,NA,NA,T,NA,NA,NA,NA,20181071405
340,2018107,1650,2018,107,16,50,NA,NA,A,NA,NA,NA,NA,20181071650
341,2018107,1825,2018,107,18,25,NA,NA,A,NA,NA,NA,NA,20181071825
342,2018108,1310,2018,108,13,10,-23.55416666,-46.74009194,T,0.05925,0.04075,0.0349,0,20181081310
343,2018108,1450,2018,108,14,50,NA,NA,T,NA,NA,NA,NA,20181081450
344,2018108,1555,2018,108,15,55,NA,NA,A,NA,NA,NA,NA,20181081555
345,2018108,1730,2018,108,17,30,-23.55416666,-46.74009194,A,0.11425,0.07825,0.0148,0,20181081730
346,2018109,1355,2018,109,13,55,-23.55416666,-46.74009194,T,0.079,0.054,0.0117,0,20181091355
347,2018109,1635,2018,109,16,35,-23.5625,-46.74305615,A,0.1945,0.1345,0.0157,0,20181091635
348,2018109,1815,2018,109,18,15,NA,NA,A,NA,NA,NA,NA,20181091815
349,2018110,1300,2018,110,13,0,-23.55416666,-46.74009194,T,0.097,0.0665,0.0244,0,20181101300
350,2018110,1435,2018,110,14,35,NA,NA,T,NA,NA,NA,NA,20181101435
351,2018110,1720,2018,110,17,20,NA,NA,A,NA,NA,NA,NA,20181101720
352,2018111,1340,2018,111,13,40,-23.55416666,-46.74009194,T,0.13275,0.09125,0.0212,0,20181111340
353,2018111,1625,2018,111,16,25,NA,NA,A,NA,NA,NA,NA,20181111625
354,2018111,1800,2018,111,18,0,NA,NA,A,NA,NA,NA,NA,20181111800
355,2018112,1245,2018,112,12,45,NA,NA,T,NA,NA,NA,NA,20181121245
356,2018112,1425,2018,112,14,25,NA,NA,T,NA,NA,NA,NA,20181121425
357,2018112,1705,2018,112,17,5,NA,NA,A,NA,NA,NA,NA,20181121705
358,2018113,1330,2018,113,13,30,-23.55416666,-46.74009194,T,0.26175,0.1815,0.0326,0,20181131330
359,2018113,1610,2018,113,16,10,NA,NA,A,NA,NA,NA,NA,20181131610
360,2018113,1750,2018,113,17,50,NA,NA,A,NA,NA,NA,NA,20181131750
361,2018114,1235,2018,114,12,35,NA,NA,T,NA,NA,NA,NA,20181141235
362,2018114,1410,2018,114,14,10,NA,NA,T,NA,NA,NA,NA,20181141410
363,2018114,1655,2018,114,16,55,NA,NA,A,NA,NA,NA,NA,20181141655
364,2018114,1830,2018,114,18,30,NA,NA,A,NA,NA,NA,NA,20181141830
365,2018115,1315,2018,115,13,15,-23.55416666,-46.74009194,T,0.203,0.14025,0.0391,0,20181151315
366,2018115,1600,2018,115,16,0,NA,NA,A,NA,NA,NA,NA,20181151600
367,2018115,1735,2018,115,17,35,NA,NA,A,NA,NA,NA,NA,20181151735
368,2018116,1400,2018,116,14,0,-23.55416666,-46.74009194,T,0.18875,0.12975,0.0143,0,20181161400
369,2018116,1640,2018,116,16,40,NA,NA,A,NA,NA,NA,NA,20181161640
370,2018116,1820,2018,116,18,20,NA,NA,A,NA,NA,NA,NA,20181161820
371,2018117,1305,2018,117,13,5,-23.55416666,-46.74009194,T,0.16525,0.1135,0.0348,0,20181171305
372,2018117,1440,2018,117,14,40,NA,NA,T,NA,NA,NA,NA,20181171440
373,2018117,1725,2018,117,17,25,NA,NA,A,NA,NA,NA,NA,20181171725
374,2018118,1345,2018,118,13,45,-23.55416666,-46.74009194,T,0.184,0.1265,0.0141,0,20181181345
375,2018118,1630,2018,118,16,30,NA,NA,A,NA,NA,NA,NA,20181181630
376,2018118,1805,2018,118,18,5,NA,NA,A,NA,NA,NA,NA,20181181805
377,2018119,1250,2018,119,12,50,NA,NA,T,NA,NA,NA,NA,20181191250
378,2018119,1430,2018,119,14,30,NA,NA,T,NA,NA,NA,NA,20181191430
379,2018119,1715,2018,119,17,15,NA,NA,A,NA,NA,NA,NA,20181191715
380,2018120,1335,2018,120,13,35,-23.55416666,-46.74009194,T,0.1155,0.07925,0.025,0,20181201335
381,2018120,1615,2018,120,16,15,NA,NA,A,NA,NA,NA,NA,20181201615
382,2018120,1755,2018,120,17,55,NA,NA,A,NA,NA,NA,NA,20181201755
383,2018121,1240,2018,121,12,40,NA,NA,T,NA,NA,NA,NA,20181211240
384,2018121,1420,2018,121,14,20,NA,NA,T,NA,NA,NA,NA,20181211420
385,2018121,1700,2018,121,17,0,NA,NA,A,NA,NA,NA,NA,20181211700
386,2018122,1325,2018,122,13,25,-23.55416666,-46.74009194,T,0.218,0.15075,0.0372,0,20181221325
387,2018122,1605,2018,122,16,5,NA,NA,A,NA,NA,NA,NA,20181221605
388,2018122,1745,2018,122,17,45,NA,NA,A,NA,NA,NA,NA,20181221745
389,2018123,1225,2018,123,12,25,NA,NA,T,NA,NA,NA,NA,20181231225
390,2018123,1405,2018,123,14,5,NA,NA,T,NA,NA,NA,NA,20181231405
391,2018123,1650,2018,123,16,50,NA,NA,A,NA,NA,NA,NA,20181231650
392,2018123,1825,2018,123,18,25,NA,NA,A,NA,NA,NA,NA,20181231825
393,2018124,1310,2018,124,13,10,-23.55416666,-46.74009194,T,0.09325,0.06375,0.0357,0,20181241310
394,2018124,1450,2018,124,14,50,NA,NA,T,NA,NA,NA,NA,20181241450
395,2018124,1550,2018,124,15,50,NA,NA,A,NA,NA,NA,NA,20181241550
396,2018124,1730,2018,124,17,30,-23.55416666,-46.74009194,A,0.14375,0.09875,0.017,0,20181241730
397,2018125,1355,2018,125,13,55,-23.55416666,-46.74009194,T,0.14225,0.098,0.0113,0,20181251355
398,2018125,1635,2018,125,16,35,NA,NA,A,NA,NA,NA,NA,20181251635
399,2018125,1815,2018,125,18,15,NA,NA,A,NA,NA,NA,NA,20181251815
400,2018126,1300,2018,126,13,0,NA,NA,T,NA,NA,NA,NA,20181261300
401,2018126,1435,2018,126,14,35,NA,NA,T,NA,NA,NA,NA,20181261435
402,2018126,1720,2018,126,17,20,NA,NA,A,NA,NA,NA,NA,20181261720
403,2018127,1340,2018,127,13,40,NA,NA,T,NA,NA,NA,NA,20181271340
404,2018127,1625,2018,127,16,25,NA,NA,A,NA,NA,NA,NA,20181271625
405,2018127,1800,2018,127,18,0,NA,NA,A,NA,NA,NA,NA,20181271800
406,2018128,1245,2018,128,12,45,NA,NA,T,NA,NA,NA,NA,20181281245
407,2018128,1425,2018,128,14,25,NA,NA,T,NA,NA,NA,NA,20181281425
408,2018128,1705,2018,128,17,5,NA,NA,A,NA,NA,NA,NA,20181281705
409,2018129,1330,2018,129,13,30,NA,NA,T,NA,NA,NA,NA,20181291330
410,2018129,1610,2018,129,16,10,NA,NA,A,NA,NA,NA,NA,20181291610
411,2018129,1750,2018,129,17,50,NA,NA,A,NA,NA,NA,NA,20181291750
412,2018130,1235,2018,130,12,35,NA,NA,T,NA,NA,NA,NA,20181301235
413,2018130,1410,2018,130,14,10,NA,NA,T,NA,NA,NA,NA,20181301410
414,2018130,1655,2018,130,16,55,NA,NA,A,NA,NA,NA,NA,20181301655
415,2018130,1830,2018,130,18,30,NA,NA,A,NA,NA,NA,NA,20181301830
416,2018131,1315,2018,131,13,15,-23.55416666,-46.74009194,T,0.13925,0.09575,0.0327,0,20181311315
417,2018131,1600,2018,131,16,0,NA,NA,A,NA,NA,NA,NA,20181311600
418,2018131,1735,2018,131,17,35,-23.55416666,-46.73100119,A,0.122,0.0835,0.0117,0,20181311735
419,2018132,1400,2018,132,14,0,NA,NA,T,NA,NA,NA,NA,20181321400
420,2018132,1640,2018,132,16,40,NA,NA,A,NA,NA,NA,NA,20181321640
421,2018132,1820,2018,132,18,20,NA,NA,A,NA,NA,NA,NA,20181321820
422,2018133,1305,2018,133,13,5,NA,NA,T,NA,NA,NA,NA,20181331305
423,2018133,1445,2018,133,14,45,NA,NA,T,NA,NA,NA,NA,20181331445
424,2018133,1725,2018,133,17,25,NA,NA,A,NA,NA,NA,NA,20181331725
425,2018134,1345,2018,134,13,45,-23.55416666,-46.74009194,T,0.15125,0.104,0.0149,0,20181341345
426,2018134,1630,2018,134,16,30,NA,NA,A,NA,NA,NA,NA,20181341630
427,2018134,1805,2018,134,18,5,NA,NA,A,NA,NA,NA,NA,20181341805
428,2018135,1250,2018,135,12,50,NA,NA,T,NA,NA,NA,NA,20181351250
429,2018135,1430,2018,135,14,30,NA,NA,T,NA,NA,NA,NA,20181351430
430,2018135,1710,2018,135,17,10,NA,NA,A,NA,NA,NA,NA,20181351710
431,2018136,1335,2018,136,13,35,NA,NA,T,NA,NA,NA,NA,20181361335
432,2018136,1615,2018,136,16,15,NA,NA,A,NA,NA,NA,NA,20181361615
433,2018136,1755,2018,136,17,55,NA,NA,A,NA,NA,NA,NA,20181361755
434,2018137,1240,2018,137,12,40,-23.55416666,-46.74009194,T,0.15025,0.1035,0.0126,0,20181371240
435,2018137,1420,2018,137,14,20,NA,NA,T,NA,NA,NA,NA,20181371420
436,2018137,1700,2018,137,17,0,NA,NA,A,NA,NA,NA,NA,20181371700
437,2018138,1325,2018,138,13,25,NA,NA,T,NA,NA,NA,NA,20181381325
438,2018138,1605,2018,138,16,5,NA,NA,A,NA,NA,NA,NA,20181381605
439,2018138,1745,2018,138,17,45,NA,NA,A,NA,NA,NA,NA,20181381745
440,2018139,1230,2018,139,12,30,NA,NA,T,NA,NA,NA,NA,20181391230
441,2018139,1405,2018,139,14,5,NA,NA,T,NA,NA,NA,NA,20181391405
442,2018139,1650,2018,139,16,50,NA,NA,A,NA,NA,NA,NA,20181391650
443,2018139,1825,2018,139,18,25,NA,NA,A,NA,NA,NA,NA,20181391825
444,2018140,1310,2018,140,13,10,NA,NA,T,NA,NA,NA,NA,20181401310
445,2018140,1450,2018,140,14,50,NA,NA,T,NA,NA,NA,NA,20181401450
446,2018140,1550,2018,140,15,50,NA,NA,A,NA,NA,NA,NA,20181401550
447,2018140,1730,2018,140,17,30,-23.55416666,-46.74009194,A,0.03425,0.0235,0.0162,0,20181401730
448,2018141,1355,2018,141,13,55,-23.55416666,-46.74009194,T,0.056,0.03825,0.0109,0,20181411355
449,2018141,1635,2018,141,16,35,-23.55416666,-46.74009194,A,0.0755,0.0515,0.0144,0,20181411635
450,2018141,1815,2018,141,18,15,NA,NA,A,NA,NA,NA,NA,20181411815
451,2018142,1300,2018,142,13,0,-23.55416666,-46.74009194,T,0.08475,0.058,0.021,0,20181421300
452,2018142,1435,2018,142,14,35,NA,NA,T,NA,NA,NA,NA,20181421435
453,2018142,1720,2018,142,17,20,-23.55416666,-46.74009194,A,0.06925,0.04725,0.0216,0,20181421720
454,2018143,1340,2018,143,13,40,NA,NA,T,NA,NA,NA,NA,20181431340
455,2018143,1625,2018,143,16,25,NA,NA,A,NA,NA,NA,NA,20181431625
456,2018143,1800,2018,143,18,0,NA,NA,A,NA,NA,NA,NA,20181431800
457,2018144,1245,2018,144,12,45,NA,NA,T,NA,NA,NA,NA,20181441245
458,2018144,1425,2018,144,14,25,NA,NA,T,NA,NA,NA,NA,20181441425
459,2018144,1705,2018,144,17,5,NA,NA,A,NA,NA,NA,NA,20181441705
460,2018145,1330,2018,145,13,30,NA,NA,T,NA,NA,NA,NA,20181451330
461,2018145,1610,2018,145,16,10,NA,NA,A,NA,NA,NA,NA,20181451610
462,2018145,1750,2018,145,17,50,NA,NA,A,NA,NA,NA,NA,20181451750
463,2018146,1235,2018,146,12,35,NA,NA,T,NA,NA,NA,NA,20181461235
464,2018146,1410,2018,146,14,10,NA,NA,T,NA,NA,NA,NA,20181461410
465,2018146,1655,2018,146,16,55,NA,NA,A,NA,NA,NA,NA,20181461655
466,2018146,1830,2018,146,18,30,NA,NA,A,NA,NA,NA,NA,20181461830
467,2018147,1315,2018,147,13,15,-23.55416666,-46.74009194,T,0.22275,0.154,0.0276,0,20181471315
468,2018147,1600,2018,147,16,0,NA,NA,A,NA,NA,NA,NA,20181471600
469,2018147,1735,2018,147,17,35,-23.55416666,-46.74009194,A,0.1925,0.132,0.0138,0,20181471735
470,2018148,1400,2018,148,14,0,-23.55416666,-46.74009194,T,0.09025,0.0615,0.008,0,20181481400
471,2018148,1640,2018,148,16,40,-23.55416666,-46.74009194,A,0.1305,0.08975,0.0179,0,20181481640
472,2018148,1820,2018,148,18,20,NA,NA,A,NA,NA,NA,NA,20181481820
473,2018149,1305,2018,149,13,5,-23.55416666,-46.74009194,T,0.104,0.071,0.0231,0,20181491305
474,2018149,1445,2018,149,14,45,NA,NA,T,NA,NA,NA,NA,20181491445
475,2018149,1725,2018,149,17,25,NA,NA,A,NA,NA,NA,NA,20181491725
476,2018150,1345,2018,150,13,45,-23.55416666,-46.74009194,T,0.0635,0.0435,0.0128,0,20181501345
477,2018150,1630,2018,150,16,30,-23.55416666,-46.74009194,A,0.0885,0.06075,0.0108,0,20181501630
478,2018150,1805,2018,150,18,5,NA,NA,A,NA,NA,NA,NA,20181501805
479,2018151,1250,2018,151,12,50,NA,NA,T,NA,NA,NA,NA,20181511250
480,2018151,1430,2018,151,14,30,NA,NA,T,NA,NA,NA,NA,20181511430
481,2018151,1710,2018,151,17,10,-23.55416666,-46.74009194,A,0.127,0.0875,0.0238,0,20181511710
482,2018152,1335,2018,152,13,35,-23.55416666,-46.74009194,T,0.08475,0.05825,0.025,0,20181521335
483,2018152,1615,2018,152,16,15,-23.55416666,-46.74009194,A,0.13975,0.096,0.0065,0,20181521615
484,2018152,1755,2018,152,17,55,NA,NA,A,NA,NA,NA,NA,20181521755
485,2018153,1240,2018,153,12,40,NA,NA,T,NA,NA,NA,NA,20181531240
486,2018153,1420,2018,153,14,20,NA,NA,T,NA,NA,NA,NA,20181531420
487,2018153,1700,2018,153,17,0,NA,NA,A,NA,NA,NA,NA,20181531700
488,2018154,1325,2018,154,13,25,NA,NA,T,NA,NA,NA,NA,20181541325
489,2018154,1605,2018,154,16,5,NA,NA,A,NA,NA,NA,NA,20181541605
490,2018154,1745,2018,154,17,45,NA,NA,A,NA,NA,NA,NA,20181541745
491,2018155,1230,2018,155,12,30,NA,NA,T,NA,NA,NA,NA,20181551230
492,2018155,1405,2018,155,14,5,NA,NA,T,NA,NA,NA,NA,20181551405
493,2018155,1650,2018,155,16,50,NA,NA,A,NA,NA,NA,NA,20181551650
494,2018155,1825,2018,155,18,25,NA,NA,A,NA,NA,NA,NA,20181551825
495,2018156,1310,2018,156,13,10,NA,NA,T,NA,NA,NA,NA,20181561310
496,2018156,1450,2018,156,14,50,NA,NA,T,NA,NA,NA,NA,20181561450
497,2018156,1550,2018,156,15,50,NA,NA,A,NA,NA,NA,NA,20181561550
498,2018156,1730,2018,156,17,30,NA,NA,A,NA,NA,NA,NA,20181561730
499,2018157,1355,2018,157,13,55,NA,NA,T,NA,NA,NA,NA,20181571355
500,2018157,1635,2018,157,16,35,NA,NA,A,NA,NA,NA,NA,20181571635
501,2018157,1815,2018,157,18,15,NA,NA,A,NA,NA,NA,NA,20181571815
502,2018158,1300,2018,158,13,0,NA,NA,T,NA,NA,NA,NA,20181581300
503,2018158,1435,2018,158,14,35,NA,NA,T,NA,NA,NA,NA,20181581435
504,2018158,1720,2018,158,17,20,NA,NA,A,NA,NA,NA,NA,20181581720
505,2018159,1340,2018,159,13,40,NA,NA,T,NA,NA,NA,NA,20181591340
506,2018159,1625,2018,159,16,25,NA,NA,A,NA,NA,NA,NA,20181591625
507,2018159,1800,2018,159,18,0,NA,NA,A,NA,NA,NA,NA,20181591800
508,2018160,1245,2018,160,12,45,NA,NA,T,NA,NA,NA,NA,20181601245
509,2018160,1425,2018,160,14,25,NA,NA,T,NA,NA,NA,NA,20181601425
510,2018160,1705,2018,160,17,5,NA,NA,A,NA,NA,NA,NA,20181601705
511,2018161,1330,2018,161,13,30,NA,NA,T,NA,NA,NA,NA,20181611330
512,2018161,1610,2018,161,16,10,NA,NA,A,NA,NA,NA,NA,20181611610
513,2018161,1750,2018,161,17,50,NA,NA,A,NA,NA,NA,NA,20181611750
514,2018162,1235,2018,162,12,35,NA,NA,T,NA,NA,NA,NA,20181621235
515,2018162,1410,2018,162,14,10,NA,NA,T,NA,NA,NA,NA,20181621410
516,2018162,1655,2018,162,16,55,NA,NA,A,NA,NA,NA,NA,20181621655
517,2018162,1830,2018,162,18,30,NA,NA,A,NA,NA,NA,NA,20181621830
518,2018163,1315,2018,163,13,15,-23.55416666,-46.74009194,T,0.1055,0.07275,0.0319,0,20181631315
519,2018163,1600,2018,163,16,0,NA,NA,A,NA,NA,NA,NA,20181631600
520,2018163,1735,2018,163,17,35,NA,NA,A,NA,NA,NA,NA,20181631735
521,2018164,1400,2018,164,14,0,NA,NA,T,NA,NA,NA,NA,20181641400
522,2018164,1640,2018,164,16,40,NA,NA,A,NA,NA,NA,NA,20181641640
523,2018164,1820,2018,164,18,20,NA,NA,A,NA,NA,NA,NA,20181641820
524,2018165,1305,2018,165,13,5,NA,NA,T,NA,NA,NA,NA,20181651305
525,2018165,1445,2018,165,14,45,NA,NA,T,NA,NA,NA,NA,20181651445
526,2018165,1725,2018,165,17,25,NA,NA,A,NA,NA,NA,NA,20181651725
527,2018166,1350,2018,166,13,50,NA,NA,T,NA,NA,NA,NA,20181661350
528,2018166,1630,2018,166,16,30,NA,NA,A,NA,NA,NA,NA,20181661630
529,2018166,1805,2018,166,18,5,NA,NA,A,NA,NA,NA,NA,20181661805
530,2018167,1250,2018,167,12,50,NA,NA,T,NA,NA,NA,NA,20181671250
531,2018167,1430,2018,167,14,30,NA,NA,T,NA,NA,NA,NA,20181671430
532,2018167,1710,2018,167,17,10,NA,NA,A,NA,NA,NA,NA,20181671710
533,2018168,1335,2018,168,13,35,NA,NA,T,NA,NA,NA,NA,20181681335
534,2018168,1615,2018,168,16,15,NA,NA,A,NA,NA,NA,NA,20181681615
535,2018168,1755,2018,168,17,55,NA,NA,A,NA,NA,NA,NA,20181681755
536,2018169,1240,2018,169,12,40,NA,NA,T,NA,NA,NA,NA,20181691240
537,2018169,1420,2018,169,14,20,NA,NA,T,NA,NA,NA,NA,20181691420
538,2018169,1700,2018,169,17,0,NA,NA,A,NA,NA,NA,NA,20181691700
539,2018170,1325,2018,170,13,25,NA,NA,T,NA,NA,NA,NA,20181701325
540,2018170,1605,2018,170,16,5,NA,NA,A,NA,NA,NA,NA,20181701605
541,2018170,1745,2018,170,17,45,-23.55416666,-46.74009194,A,0.18125,0.125,0.009,0,20181701745
542,2018171,1230,2018,171,12,30,NA,NA,T,NA,NA,NA,NA,20181711230
543,2018171,1405,2018,171,14,5,-23.55416666,-46.74009194,T,0.06825,0.04675,0.0056,0,20181711405
544,2018171,1650,2018,171,16,50,NA,NA,A,NA,NA,NA,NA,20181711650
545,2018171,1825,2018,171,18,25,NA,NA,A,NA,NA,NA,NA,20181711825
546,2018172,1310,2018,172,13,10,-23.55416666,-46.74009194,T,0.1005,0.06925,0.0242,0,20181721310
547,2018172,1450,2018,172,14,50,NA,NA,T,NA,NA,NA,NA,20181721450
548,2018172,1550,2018,172,15,50,NA,NA,A,NA,NA,NA,NA,20181721550
549,2018172,1730,2018,172,17,30,NA,NA,A,NA,NA,NA,NA,20181721730
550,2018173,1355,2018,173,13,55,NA,NA,T,NA,NA,NA,NA,20181731355
551,2018173,1635,2018,173,16,35,NA,NA,A,NA,NA,NA,NA,20181731635
552,2018173,1810,2018,173,18,10,NA,NA,A,NA,NA,NA,NA,20181731810
553,2018174,1300,2018,174,13,0,-23.55416666,-46.74009194,T,0.15975,0.10975,0.0184,0,20181741300
554,2018174,1435,2018,174,14,35,NA,NA,T,NA,NA,NA,NA,20181741435
555,2018174,1720,2018,174,17,20,-23.55416666,-46.74009194,A,0.11275,0.07775,0.0206,0,20181741720
556,2018175,1340,2018,175,13,40,-23.55416666,-46.74009194,T,0.14025,0.09625,0.0194,0,20181751340
557,2018175,1625,2018,175,16,25,NA,NA,A,NA,NA,NA,NA,20181751625
558,2018175,1800,2018,175,18,0,NA,NA,A,NA,NA,NA,NA,20181751800
559,2018176,1245,2018,176,12,45,-23.55416666,-46.74009194,T,0.097,0.06625,0.0131,0,20181761245
560,2018176,1425,2018,176,14,25,NA,NA,T,NA,NA,NA,NA,20181761425
561,2018176,1705,2018,176,17,5,-23.55416666,-46.73100119,A,0.101,0.069,0.0181,0,20181761705
562,2018177,1330,2018,177,13,30,NA,NA,T,NA,NA,NA,NA,20181771330
563,2018177,1610,2018,177,16,10,NA,NA,A,NA,NA,NA,NA,20181771610
564,2018177,1750,2018,177,17,50,NA,NA,A,NA,NA,NA,NA,20181771750
565,2018178,1235,2018,178,12,35,NA,NA,T,NA,NA,NA,NA,20181781235
566,2018178,1410,2018,178,14,10,NA,NA,T,NA,NA,NA,NA,20181781410
567,2018178,1655,2018,178,16,55,NA,NA,A,NA,NA,NA,NA,20181781655
568,2018178,1830,2018,178,18,30,NA,NA,A,NA,NA,NA,NA,20181781830
569,2018179,1315,2018,179,13,15,NA,NA,T,NA,NA,NA,NA,20181791315
570,2018179,1600,2018,179,16,0,NA,NA,A,NA,NA,NA,NA,20181791600
571,2018179,1735,2018,179,17,35,NA,NA,A,NA,NA,NA,NA,20181791735
572,2018180,1400,2018,180,14,0,-23.55416666,-46.74009194,T,0.06225,0.04275,0.0074,0,20181801400
573,2018180,1640,2018,180,16,40,-23.55416666,-46.74009194,A,0.10025,0.06875,0.0206,0,20181801640
574,2018180,1820,2018,180,18,20,NA,NA,A,NA,NA,NA,NA,20181801820
575,2018181,1305,2018,181,13,5,NA,NA,T,NA,NA,NA,NA,20181811305
576,2018181,1445,2018,181,14,45,NA,NA,T,NA,NA,NA,NA,20181811445
577,2018181,1725,2018,181,17,25,NA,NA,A,NA,NA,NA,NA,20181811725
578,2018182,1350,2018,182,13,50,-23.55416666,-46.74009194,T,0.244,0.1695,0.0116,0,20181821350
579,2018182,1630,2018,182,16,30,NA,NA,A,NA,NA,NA,NA,20181821630
580,2018182,1805,2018,182,18,5,NA,NA,A,NA,NA,NA,NA,20181821805
581,2018183,1255,2018,183,12,55,NA,NA,T,NA,NA,NA,NA,20181831255
582,2018183,1430,2018,183,14,30,NA,NA,T,NA,NA,NA,NA,20181831430
583,2018183,1710,2018,183,17,10,NA,NA,A,NA,NA,NA,NA,20181831710
584,2018184,1335,2018,184,13,35,-23.55416666,-46.74009194,T,0.0985,0.06725,0.0252,0,20181841335
585,2018184,1615,2018,184,16,15,NA,NA,A,NA,NA,NA,NA,20181841615
586,2018184,1755,2018,184,17,55,NA,NA,A,NA,NA,NA,NA,20181841755
587,2018185,1240,2018,185,12,40,NA,NA,T,NA,NA,NA,NA,20181851240
588,2018185,1420,2018,185,14,20,NA,NA,T,NA,NA,NA,NA,20181851420
589,2018185,1700,2018,185,17,0,NA,NA,A,NA,NA,NA,NA,20181851700
590,2018186,1325,2018,186,13,25,NA,NA,T,NA,NA,NA,NA,20181861325
591,2018186,1605,2018,186,16,5,NA,NA,A,NA,NA,NA,NA,20181861605
592,2018186,1745,2018,186,17,45,NA,NA,A,NA,NA,NA,NA,20181861745
593,2018187,1230,2018,187,12,30,NA,NA,T,NA,NA,NA,NA,20181871230
594,2018187,1405,2018,187,14,5,NA,NA,T,NA,NA,NA,NA,20181871405
595,2018187,1650,2018,187,16,50,NA,NA,A,NA,NA,NA,NA,20181871650
596,2018187,1825,2018,187,18,25,NA,NA,A,NA,NA,NA,NA,20181871825
597,2018188,1310,2018,188,13,10,NA,NA,T,NA,NA,NA,NA,20181881310
598,2018188,1450,2018,188,14,50,NA,NA,T,NA,NA,NA,NA,20181881450
599,2018188,1550,2018,188,15,50,NA,NA,A,NA,NA,NA,NA,20181881550
600,2018188,1730,2018,188,17,30,NA,NA,A,NA,NA,NA,NA,20181881730
601,2018189,1355,2018,189,13,55,-23.55416666,-46.74009194,T,0.101,0.06925,0.0098,0,20181891355
602,2018189,1635,2018,189,16,35,-23.55416666,-46.74009194,A,0.113,0.0775,0.0164,0,20181891635
603,2018189,1810,2018,189,18,10,NA,NA,A,NA,NA,NA,NA,20181891810
604,2018190,1300,2018,190,13,0,NA,NA,T,NA,NA,NA,NA,20181901300
605,2018190,1435,2018,190,14,35,NA,NA,T,NA,NA,NA,NA,20181901435
606,2018190,1720,2018,190,17,20,NA,NA,A,NA,NA,NA,NA,20181901720
607,2018191,1340,2018,191,13,40,NA,NA,T,NA,NA,NA,NA,20181911340
608,2018191,1625,2018,191,16,25,NA,NA,A,NA,NA,NA,NA,20181911625
609,2018191,1800,2018,191,18,0,NA,NA,A,NA,NA,NA,NA,20181911800
610,2018192,1245,2018,192,12,45,NA,NA,T,NA,NA,NA,NA,20181921245
611,2018192,1425,2018,192,14,25,NA,NA,T,NA,NA,NA,NA,20181921425
612,2018192,1705,2018,192,17,5,NA,NA,A,NA,NA,NA,NA,20181921705
613,2018193,1330,2018,193,13,30,NA,NA,T,NA,NA,NA,NA,20181931330
614,2018193,1610,2018,193,16,10,-23.55416666,-46.74009194,A,0.10275,0.0705,0.0068,0,20181931610
615,2018193,1750,2018,193,17,50,NA,NA,A,NA,NA,NA,NA,20181931750
616,2018194,1235,2018,194,12,35,NA,NA,T,NA,NA,NA,NA,20181941235
617,2018194,1410,2018,194,14,10,NA,NA,T,NA,NA,NA,NA,20181941410
618,2018194,1655,2018,194,16,55,-23.55416666,-46.74009194,A,0.04425,0.03,0.0328,0,20181941655
619,2018194,1830,2018,194,18,30,NA,NA,A,NA,NA,NA,NA,20181941830
620,2018195,1315,2018,195,13,15,-23.55416666,-46.74009194,T,0.1,0.06825,0.0309,0,20181951315
621,2018195,1600,2018,195,16,0,NA,NA,A,NA,NA,NA,NA,20181951600
622,2018195,1735,2018,195,17,35,-23.55416666,-46.74009194,A,0.12825,0.08825,0.0098,0,20181951735
623,2018196,1400,2018,196,14,0,-23.55416666,-46.74009194,T,0.055,0.0375,0.0082,0,20181961400
624,2018196,1640,2018,196,16,40,-23.55416666,-46.74009194,A,0.07325,0.05,0.0239,0,20181961640
625,2018196,1820,2018,196,18,20,NA,NA,A,NA,NA,NA,NA,20181961820
626,2018197,1305,2018,197,13,5,-23.55416666,-46.74009194,T,0.07975,0.0545,0.0246,0,20181971305
627,2018197,1445,2018,197,14,45,NA,NA,T,NA,NA,NA,NA,20181971445
628,2018197,1725,2018,197,17,25,-23.55416666,-46.74009194,A,0.0955,0.0655,0.0189,0,20181971725
629,2018198,1350,2018,198,13,50,-23.55416666,-46.74009194,T,0.0685,0.047,0.0152,0,20181981350
630,2018198,1630,2018,198,16,30,-23.55416666,-46.74009194,A,0.09375,0.06425,0.0147,0,20181981630
631,2018198,1805,2018,198,18,5,NA,NA,A,NA,NA,NA,NA,20181981805
632,2018199,1255,2018,199,12,55,-23.55416666,-46.74009194,T,0.0845,0.05775,0.0154,0,20181991255
633,2018199,1430,2018,199,14,30,NA,NA,T,NA,NA,NA,NA,20181991430
634,2018199,1710,2018,199,17,10,-23.55416666,-46.74009194,A,0.08825,0.06025,0.0237,0,20181991710
635,2018200,1335,2018,200,13,35,-23.55416666,-46.74009194,T,0.02975,0.0205,0.0254,0,20182001335
636,2018200,1615,2018,200,16,15,-23.55416666,-46.74009194,A,0.12,0.0825,0.0072,0,20182001615
637,2018200,1755,2018,200,17,55,NA,NA,A,NA,NA,NA,NA,20182001755
638,2018201,1240,2018,201,12,40,-23.55416666,-46.74009194,T,0.03675,0.02475,0.0107,0,20182011240
639,2018201,1420,2018,201,14,20,NA,NA,T,NA,NA,NA,NA,20182011420
640,2018201,1700,2018,201,17,0,-23.55416666,-46.74009194,A,0.065,0.04475,0.0417,0,20182011700
641,2018202,1325,2018,202,13,25,NA,NA,T,NA,NA,NA,NA,20182021325
642,2018202,1605,2018,202,16,5,NA,NA,A,NA,NA,NA,NA,20182021605
643,2018202,1745,2018,202,17,45,NA,NA,A,NA,NA,NA,NA,20182021745
644,2018203,1230,2018,203,12,30,NA,NA,T,NA,NA,NA,NA,20182031230
645,2018203,1405,2018,203,14,5,NA,NA,T,NA,NA,NA,NA,20182031405
646,2018203,1650,2018,203,16,50,NA,NA,A,NA,NA,NA,NA,20182031650
647,2018203,1825,2018,203,18,25,NA,NA,A,NA,NA,NA,NA,20182031825
648,2018204,1310,2018,204,13,10,NA,NA,T,NA,NA,NA,NA,20182041310
649,2018204,1450,2018,204,14,50,NA,NA,T,NA,NA,NA,NA,20182041450
650,2018204,1550,2018,204,15,50,NA,NA,A,NA,NA,NA,NA,20182041550
651,2018204,1730,2018,204,17,30,NA,NA,A,NA,NA,NA,NA,20182041730
652,2018205,1355,2018,205,13,55,NA,NA,T,NA,NA,NA,NA,20182051355
653,2018205,1635,2018,205,16,35,NA,NA,A,NA,NA,NA,NA,20182051635
654,2018205,1815,2018,205,18,15,NA,NA,A,NA,NA,NA,NA,20182051815
655,2018206,1300,2018,206,13,0,NA,NA,T,NA,NA,NA,NA,20182061300
656,2018206,1435,2018,206,14,35,NA,NA,T,NA,NA,NA,NA,20182061435
657,2018206,1720,2018,206,17,20,NA,NA,A,NA,NA,NA,NA,20182061720
658,2018207,1340,2018,207,13,40,-23.55416666,-46.74009194,T,0.1735,0.11925,0.0189,0,20182071340
659,2018207,1625,2018,207,16,25,-23.55416666,-46.74009194,A,0.234,0.16225,0.0104,0,20182071625
660,2018207,1800,2018,207,18,0,NA,NA,A,NA,NA,NA,NA,20182071800
661,2018208,1245,2018,208,12,45,-23.55416666,-46.74009194,T,0.1205,0.08275,0.0129,0,20182081245
662,2018208,1425,2018,208,14,25,NA,NA,T,NA,NA,NA,NA,20182081425
663,2018208,1705,2018,208,17,5,NA,NA,A,NA,NA,NA,NA,20182081705
31,2018209,1330,2018,209,13,30,NA,NA,T,NA,NA,NA,NA,20182091330
32,2018209,1610,2018,209,16,10,-23.55416666,-46.74009194,A,0.162,0.11175,0.0069,0,20182091610
33,2018209,1750,2018,209,17,50,NA,NA,A,NA,NA,NA,NA,20182091750
664,2018210,1235,2018,210,12,35,NA,NA,T,NA,NA,NA,NA,20182101235
665,2018210,1410,2018,210,14,10,NA,NA,T,NA,NA,NA,NA,20182101410
666,2018210,1655,2018,210,16,55,-23.55416666,-46.73100119,A,0.059,0.04,0.0342,0,20182101655
667,2018210,1830,2018,210,18,30,NA,NA,A,NA,NA,NA,NA,20182101830
668,2018211,1315,2018,211,13,15,NA,NA,T,NA,NA,NA,NA,20182111315
669,2018211,1600,2018,211,16,0,NA,NA,A,NA,NA,NA,NA,20182111600
670,2018211,1735,2018,211,17,35,NA,NA,A,NA,NA,NA,NA,20182111735
671,2018212,1400,2018,212,14,0,NA,NA,T,NA,NA,NA,NA,20182121400
672,2018212,1640,2018,212,16,40,NA,NA,A,NA,NA,NA,NA,20182121640
673,2018212,1820,2018,212,18,20,NA,NA,A,NA,NA,NA,NA,20182121820
674,2018213,1305,2018,213,13,5,NA,NA,T,NA,NA,NA,NA,20182131305
675,2018213,1445,2018,213,14,45,NA,NA,T,NA,NA,NA,NA,20182131445
676,2018213,1725,2018,213,17,25,NA,NA,A,NA,NA,NA,NA,20182131725
677,2018214,1350,2018,214,13,50,NA,NA,T,NA,NA,NA,NA,20182141350
678,2018214,1625,2018,214,16,25,NA,NA,A,NA,NA,NA,NA,20182141625
679,2018214,1805,2018,214,18,5,NA,NA,A,NA,NA,NA,NA,20182141805
680,2018215,1250,2018,215,12,50,NA,NA,T,NA,NA,NA,NA,20182151250
681,2018215,1430,2018,215,14,30,NA,NA,T,NA,NA,NA,NA,20182151430
682,2018215,1715,2018,215,17,15,NA,NA,A,NA,NA,NA,NA,20182151715
683,2018216,1335,2018,216,13,35,NA,NA,T,NA,NA,NA,NA,20182161335
684,2018216,1620,2018,216,16,20,NA,NA,A,NA,NA,NA,NA,20182161620
685,2018216,1755,2018,216,17,55,NA,NA,A,NA,NA,NA,NA,20182161755
686,2018217,1240,2018,217,12,40,NA,NA,T,NA,NA,NA,NA,20182171240
687,2018217,1420,2018,217,14,20,NA,NA,T,NA,NA,NA,NA,20182171420
688,2018217,1700,2018,217,17,0,NA,NA,A,NA,NA,NA,NA,20182171700
689,2018218,1325,2018,218,13,25,NA,NA,T,NA,NA,NA,NA,20182181325
690,2018218,1605,2018,218,16,5,NA,NA,A,NA,NA,NA,NA,20182181605
691,2018218,1745,2018,218,17,45,NA,NA,A,NA,NA,NA,NA,20182181745
692,2018219,1230,2018,219,12,30,NA,NA,T,NA,NA,NA,NA,20182191230
693,2018219,1405,2018,219,14,5,NA,NA,T,NA,NA,NA,NA,20182191405
694,2018219,1650,2018,219,16,50,NA,NA,A,NA,NA,NA,NA,20182191650
695,2018219,1825,2018,219,18,25,NA,NA,A,NA,NA,NA,NA,20182191825
696,2018220,1310,2018,220,13,10,-23.55416666,-46.74009194,T,0.18775,0.129,0.0283,0,20182201310
697,2018220,1450,2018,220,14,50,NA,NA,T,NA,NA,NA,NA,20182201450
698,2018220,1555,2018,220,15,55,NA,NA,A,NA,NA,NA,NA,20182201555
699,2018220,1730,2018,220,17,30,-23.55416666,-46.74009194,A,0.1105,0.07575,0.0137,0,20182201730
700,2018221,1355,2018,221,13,55,NA,NA,T,NA,NA,NA,NA,20182211355
701,2018221,1635,2018,221,16,35,NA,NA,A,NA,NA,NA,NA,20182211635
702,2018221,1815,2018,221,18,15,NA,NA,A,NA,NA,NA,NA,20182211815
703,2018222,1300,2018,222,13,0,-23.55416666,-46.74009194,T,0.02225,0.015,0.0193,0,20182221300
704,2018222,1435,2018,222,14,35,NA,NA,T,NA,NA,NA,NA,20182221435
705,2018222,1720,2018,222,17,20,-23.55416666,-46.74009194,A,0.02075,0.01425,0.019,0,20182221720
706,2018223,1340,2018,223,13,40,-23.55416666,-46.74009194,T,0.022,0.015,0.019,0,20182231340
707,2018223,1625,2018,223,16,25,-23.55416666,-46.74009194,A,0.03425,0.0235,0.0125,0,20182231625
708,2018223,1800,2018,223,18,0,NA,NA,A,NA,NA,NA,NA,20182231800
709,2018224,1245,2018,224,12,45,NA,NA,T,NA,NA,NA,NA,20182241245
710,2018224,1425,2018,224,14,25,NA,NA,T,NA,NA,NA,NA,20182241425
711,2018224,1705,2018,224,17,5,NA,NA,A,NA,NA,NA,NA,20182241705
712,2018225,1330,2018,225,13,30,NA,NA,T,NA,NA,NA,NA,20182251330
713,2018225,1610,2018,225,16,10,-23.55416666,-46.74009194,A,0.10925,0.075,0.0085,0,20182251610
714,2018225,1750,2018,225,17,50,NA,NA,A,NA,NA,NA,NA,20182251750
715,2018226,1235,2018,226,12,35,NA,NA,T,NA,NA,NA,NA,20182261235
716,2018226,1410,2018,226,14,10,NA,NA,T,NA,NA,NA,NA,20182261410
717,2018226,1655,2018,226,16,55,-23.55416666,-46.74009194,A,0.03075,0.021,0.0462,0,20182261655
718,2018226,1830,2018,226,18,30,NA,NA,A,NA,NA,NA,NA,20182261830
719,2018227,1315,2018,227,13,15,NA,NA,T,NA,NA,NA,NA,20182271315
720,2018227,1600,2018,227,16,0,NA,NA,A,NA,NA,NA,NA,20182271600
721,2018227,1735,2018,227,17,35,NA,NA,A,NA,NA,NA,NA,20182271735
722,2018228,1400,2018,228,14,0,NA,NA,T,NA,NA,NA,NA,20182281400
723,2018228,1640,2018,228,16,40,NA,NA,A,NA,NA,NA,NA,20182281640
724,2018228,1820,2018,228,18,20,NA,NA,A,NA,NA,NA,NA,20182281820
725,2018229,1305,2018,229,13,5,NA,NA,T,NA,NA,NA,NA,20182291305
726,2018229,1445,2018,229,14,45,NA,NA,T,NA,NA,NA,NA,20182291445
727,2018229,1725,2018,229,17,25,NA,NA,A,NA,NA,NA,NA,20182291725
728,2018230,1350,2018,230,13,50,NA,NA,T,NA,NA,NA,NA,20182301350
729,2018230,1630,2018,230,16,30,NA,NA,A,NA,NA,NA,NA,20182301630
730,2018230,1805,2018,230,18,5,NA,NA,A,NA,NA,NA,NA,20182301805
731,2018231,1250,2018,231,12,50,-23.55416666,-46.74009194,T,0.1475,0.1015,0.0215,0,20182311250
732,2018231,1430,2018,231,14,30,NA,NA,T,NA,NA,NA,NA,20182311430
733,2018231,1715,2018,231,17,15,NA,NA,A,NA,NA,NA,NA,20182311715
734,2018232,1335,2018,232,13,35,-23.55416666,-46.74009194,T,0.14625,0.1005,0.0344,0,20182321335
735,2018232,1615,2018,232,16,15,NA,NA,A,NA,NA,NA,NA,20182321615
736,2018232,1755,2018,232,17,55,NA,NA,A,NA,NA,NA,NA,20182321755
737,2018233,1240,2018,233,12,40,-23.55416666,-46.74009194,T,0.11975,0.08225,0.0135,0,20182331240
738,2018233,1420,2018,233,14,20,NA,NA,T,NA,NA,NA,NA,20182331420
739,2018233,1700,2018,233,17,0,-23.55416666,-46.74009194,A,0.22225,0.154,0.0507,0,20182331700
740,2018234,1325,2018,234,13,25,NA,NA,T,NA,NA,NA,NA,20182341325
741,2018234,1605,2018,234,16,5,NA,NA,A,NA,NA,NA,NA,20182341605
742,2018234,1745,2018,234,17,45,NA,NA,A,NA,NA,NA,NA,20182341745
743,2018235,1230,2018,235,12,30,NA,NA,T,NA,NA,NA,NA,20182351230
744,2018235,1405,2018,235,14,5,NA,NA,T,NA,NA,NA,NA,20182351405
745,2018235,1650,2018,235,16,50,NA,NA,A,NA,NA,NA,NA,20182351650
746,2018235,1825,2018,235,18,25,NA,NA,A,NA,NA,NA,NA,20182351825
747,2018236,1310,2018,236,13,10,NA,NA,T,NA,NA,NA,NA,20182361310
748,2018236,1450,2018,236,14,50,NA,NA,T,NA,NA,NA,NA,20182361450
749,2018236,1555,2018,236,15,55,NA,NA,A,NA,NA,NA,NA,20182361555
750,2018236,1730,2018,236,17,30,NA,NA,A,NA,NA,NA,NA,20182361730
751,2018237,1355,2018,237,13,55,NA,NA,T,NA,NA,NA,NA,20182371355
752,2018237,1635,2018,237,16,35,NA,NA,A,NA,NA,NA,NA,20182371635
753,2018237,1815,2018,237,18,15,NA,NA,A,NA,NA,NA,NA,20182371815
754,2018238,1300,2018,238,13,0,NA,NA,T,NA,NA,NA,NA,20182381300
755,2018238,1435,2018,238,14,35,NA,NA,T,NA,NA,NA,NA,20182381435
756,2018238,1720,2018,238,17,20,NA,NA,A,NA,NA,NA,NA,20182381720
757,2018239,1340,2018,239,13,40,NA,NA,T,NA,NA,NA,NA,20182391340
758,2018239,1625,2018,239,16,25,NA,NA,A,NA,NA,NA,NA,20182391625
759,2018239,1800,2018,239,18,0,NA,NA,A,NA,NA,NA,NA,20182391800
760,2018240,1245,2018,240,12,45,NA,NA,T,NA,NA,NA,NA,20182401245
761,2018240,1425,2018,240,14,25,NA,NA,T,NA,NA,NA,NA,20182401425
762,2018240,1705,2018,240,17,5,-23.55416666,-46.74009194,A,0.13825,0.095,0.0441,0,20182401705
763,2018241,1330,2018,241,13,30,-23.55416666,-46.74009194,T,0.07875,0.05375,0.0455,0,20182411330
764,2018241,1610,2018,241,16,10,-23.55416666,-46.74009194,A,0.11775,0.08075,0.0078,0,20182411610
765,2018241,1750,2018,241,17,50,NA,NA,A,NA,NA,NA,NA,20182411750
766,2018242,1235,2018,242,12,35,NA,NA,T,NA,NA,NA,NA,20182421235
767,2018242,1410,2018,242,14,10,NA,NA,T,NA,NA,NA,NA,20182421410
768,2018242,1655,2018,242,16,55,-23.55416666,-46.74009194,A,0.092,0.063,0.0542,0,20182421655
769,2018242,1830,2018,242,18,30,NA,NA,A,NA,NA,NA,NA,20182421830
770,2018243,1315,2018,243,13,15,-23.55416666,-46.74009194,T,0.047,0.032,0.0652,0,20182431315
771,2018243,1600,2018,243,16,0,NA,NA,A,NA,NA,NA,NA,20182431600
772,2018243,1735,2018,243,17,35,-23.55416666,-46.74009194,A,0.0565,0.03875,0.0176,0,20182431735
773,2018244,1400,2018,244,14,0,-23.55416666,-46.74009194,T,0.15225,0.1045,0.0118,0,20182441400
774,2018244,1640,2018,244,16,40,-23.55416666,-46.73100119,A,0.311,0.2165,0.0263,0,20182441640
775,2018244,1820,2018,244,18,20,NA,NA,A,NA,NA,NA,NA,20182441820
776,2018245,1305,2018,245,13,5,-23.55416666,-46.74009194,T,0.217,0.1505,0.0299,0,20182451305
777,2018245,1445,2018,245,14,45,NA,NA,T,NA,NA,NA,NA,20182451445
778,2018245,1725,2018,245,17,25,NA,NA,A,NA,NA,NA,NA,20182451725
779,2018246,1345,2018,246,13,45,NA,NA,T,NA,NA,NA,NA,20182461345
780,2018246,1630,2018,246,16,30,NA,NA,A,NA,NA,NA,NA,20182461630
781,2018246,1805,2018,246,18,5,NA,NA,A,NA,NA,NA,NA,20182461805
782,2018247,1250,2018,247,12,50,NA,NA,T,NA,NA,NA,NA,20182471250
783,2018247,1430,2018,247,14,30,NA,NA,T,NA,NA,NA,NA,20182471430
784,2018247,1710,2018,247,17,10,NA,NA,A,NA,NA,NA,NA,20182471710
785,2018248,1335,2018,248,13,35,NA,NA,T,NA,NA,NA,NA,20182481335
786,2018248,1615,2018,248,16,15,NA,NA,A,NA,NA,NA,NA,20182481615
787,2018248,1755,2018,248,17,55,NA,NA,A,NA,NA,NA,NA,20182481755
788,2018249,1240,2018,249,12,40,NA,NA,T,NA,NA,NA,NA,20182491240
789,2018249,1420,2018,249,14,20,NA,NA,T,NA,NA,NA,NA,20182491420
790,2018249,1700,2018,249,17,0,-23.55416666,-46.74009194,A,0.09675,0.066,0.0479,0,20182491700
791,2018250,1325,2018,250,13,25,-23.55416666,-46.74009194,T,0.051,0.03475,0.0463,0,20182501325
792,2018250,1605,2018,250,16,5,NA,NA,A,NA,NA,NA,NA,20182501605
793,2018250,1745,2018,250,17,45,-23.55416666,-46.74009194,A,0.03675,0.02525,0.0082,0,20182501745
794,2018251,1230,2018,251,12,30,NA,NA,T,NA,NA,NA,NA,20182511230
795,2018251,1405,2018,251,14,5,-23.55416666,-46.74009194,T,0.099,0.06775,0.0135,0,20182511405
796,2018251,1650,2018,251,16,50,-23.55416666,-46.74009194,A,0.124,0.08525,0.0436,0,20182511650
797,2018251,1825,2018,251,18,25,NA,NA,A,NA,NA,NA,NA,20182511825
798,2018252,1310,2018,252,13,10,NA,NA,T,NA,NA,NA,NA,20182521310
799,2018252,1450,2018,252,14,50,NA,NA,T,NA,NA,NA,NA,20182521450
800,2018252,1550,2018,252,15,50,NA,NA,A,NA,NA,NA,NA,20182521550
801,2018252,1730,2018,252,17,30,-23.55416666,-46.74009194,A,0.2545,0.1765,0.0232,0,20182521730
802,2018253,1355,2018,253,13,55,-23.55416666,-46.74009194,T,0.16925,0.1165,0.0188,0,20182531355
803,2018253,1635,2018,253,16,35,-23.55416666,-46.74009194,A,0.23625,0.16375,0.0265,0,20182531635
804,2018253,1810,2018,253,18,10,NA,NA,A,NA,NA,NA,NA,20182531810
805,2018254,1300,2018,254,13,0,NA,NA,T,NA,NA,NA,NA,20182541300
806,2018254,1435,2018,254,14,35,NA,NA,T,NA,NA,NA,NA,20182541435
807,2018254,1720,2018,254,17,20,-23.55416666,-46.74009194,A,0.3415,0.239,0.0327,0,20182541720
808,2018255,1340,2018,255,13,40,NA,NA,T,NA,NA,NA,NA,20182551340
809,2018255,1625,2018,255,16,25,NA,NA,A,NA,NA,NA,NA,20182551625
810,2018255,1800,2018,255,18,0,NA,NA,A,NA,NA,NA,NA,20182551800
811,2018256,1245,2018,256,12,45,NA,NA,T,NA,NA,NA,NA,20182561245
812,2018256,1425,2018,256,14,25,NA,NA,T,NA,NA,NA,NA,20182561425
813,2018256,1705,2018,256,17,5,-23.55416666,-46.74009194,A,0.3755,0.2625,0.0487,0,20182561705
814,2018257,1330,2018,257,13,30,NA,NA,T,NA,NA,NA,NA,20182571330
815,2018257,1610,2018,257,16,10,NA,NA,A,NA,NA,NA,NA,20182571610
816,2018257,1750,2018,257,17,50,NA,NA,A,NA,NA,NA,NA,20182571750
817,2018258,1235,2018,258,12,35,NA,NA,T,NA,NA,NA,NA,20182581235
818,2018258,1410,2018,258,14,10,NA,NA,T,NA,NA,NA,NA,20182581410
819,2018258,1655,2018,258,16,55,NA,NA,A,NA,NA,NA,NA,20182581655
820,2018258,1830,2018,258,18,30,NA,NA,A,NA,NA,NA,NA,20182581830
821,2018259,1315,2018,259,13,15,NA,NA,T,NA,NA,NA,NA,20182591315
822,2018259,1600,2018,259,16,0,NA,NA,A,NA,NA,NA,NA,20182591600
823,2018259,1735,2018,259,17,35,NA,NA,A,NA,NA,NA,NA,20182591735
824,2018260,1400,2018,260,14,0,NA,NA,T,NA,NA,NA,NA,20182601400
825,2018260,1640,2018,260,16,40,NA,NA,A,NA,NA,NA,NA,20182601640
826,2018260,1820,2018,260,18,20,NA,NA,A,NA,NA,NA,NA,20182601820
827,2018261,1305,2018,261,13,5,NA,NA,T,NA,NA,NA,NA,20182611305
828,2018261,1445,2018,261,14,45,NA,NA,T,NA,NA,NA,NA,20182611445
829,2018261,1725,2018,261,17,25,NA,NA,A,NA,NA,NA,NA,20182611725
830,2018262,1345,2018,262,13,45,NA,NA,T,NA,NA,NA,NA,20182621345
831,2018262,1630,2018,262,16,30,NA,NA,A,NA,NA,NA,NA,20182621630
832,2018262,1805,2018,262,18,5,NA,NA,A,NA,NA,NA,NA,20182621805
833,2018263,1250,2018,263,12,50,NA,NA,T,NA,NA,NA,NA,20182631250
834,2018263,1430,2018,263,14,30,NA,NA,T,NA,NA,NA,NA,20182631430
835,2018263,1710,2018,263,17,10,NA,NA,A,NA,NA,NA,NA,20182631710
836,2018264,1335,2018,264,13,35,NA,NA,T,NA,NA,NA,NA,20182641335
837,2018264,1615,2018,264,16,15,NA,NA,A,NA,NA,NA,NA,20182641615
838,2018264,1755,2018,264,17,55,NA,NA,A,NA,NA,NA,NA,20182641755
839,2018265,1240,2018,265,12,40,-23.55416666,-46.74009194,T,0.06275,0.0425,0.019,0,20182651240
840,2018265,1420,2018,265,14,20,NA,NA,T,NA,NA,NA,NA,20182651420
841,2018265,1700,2018,265,17,0,NA,NA,A,NA,NA,NA,NA,20182651700
842,2018266,1325,2018,266,13,25,-23.55416666,-46.74009194,T,0.0615,0.042,0.057,0,20182661325
843,2018266,1605,2018,266,16,5,NA,NA,A,NA,NA,NA,NA,20182661605
844,2018266,1745,2018,266,17,45,-23.55416666,-46.74009194,A,0.0355,0.024,0.0159,0,20182661745
845,2018267,1225,2018,267,12,25,NA,NA,T,NA,NA,NA,NA,20182671225
846,2018267,1405,2018,267,14,5,-23.55416666,-46.74009194,T,0.0205,0.01375,0.0102,0,20182671405
847,2018267,1645,2018,267,16,45,-23.55416666,-46.74009194,A,0.152,0.10475,0.0379,0,20182671645
848,2018267,1825,2018,267,18,25,NA,NA,A,NA,NA,NA,NA,20182671825
849,2018268,1310,2018,268,13,10,-23.55416666,-46.74009194,T,0.41,0.289,0.0545,0,20182681310
850,2018268,1450,2018,268,14,50,NA,NA,T,NA,NA,NA,NA,20182681450
851,2018268,1550,2018,268,15,50,NA,NA,A,NA,NA,NA,NA,20182681550
852,2018268,1730,2018,268,17,30,NA,NA,A,NA,NA,NA,NA,20182681730
853,2018269,1355,2018,269,13,55,NA,NA,T,NA,NA,NA,NA,20182691355
854,2018269,1635,2018,269,16,35,NA,NA,A,NA,NA,NA,NA,20182691635
855,2018269,1810,2018,269,18,10,NA,NA,A,NA,NA,NA,NA,20182691810
856,2018270,1300,2018,270,13,0,NA,NA,T,NA,NA,NA,NA,20182701300
857,2018270,1435,2018,270,14,35,NA,NA,T,NA,NA,NA,NA,20182701435
858,2018270,1720,2018,270,17,20,NA,NA,A,NA,NA,NA,NA,20182701720
859,2018271,1340,2018,271,13,40,NA,NA,T,NA,NA,NA,NA,20182711340
860,2018271,1625,2018,271,16,25,NA,NA,A,NA,NA,NA,NA,20182711625
861,2018271,1800,2018,271,18,0,NA,NA,A,NA,NA,NA,NA,20182711800
862,2018272,1245,2018,272,12,45,NA,NA,T,NA,NA,NA,NA,20182721245
863,2018272,1425,2018,272,14,25,NA,NA,T,NA,NA,NA,NA,20182721425
864,2018272,1705,2018,272,17,5,NA,NA,A,NA,NA,NA,NA,20182721705
865,2018273,1330,2018,273,13,30,NA,NA,T,NA,NA,NA,NA,20182731330
866,2018273,1610,2018,273,16,10,NA,NA,A,NA,NA,NA,NA,20182731610
867,2018273,1750,2018,273,17,50,NA,NA,A,NA,NA,NA,NA,20182731750
868,2018274,1235,2018,274,12,35,NA,NA,T,NA,NA,NA,NA,20182741235
869,2018274,1410,2018,274,14,10,NA,NA,T,NA,NA,NA,NA,20182741410
870,2018274,1655,2018,274,16,55,NA,NA,A,NA,NA,NA,NA,20182741655
871,2018274,1830,2018,274,18,30,NA,NA,A,NA,NA,NA,NA,20182741830
872,2018275,1315,2018,275,13,15,-23.55416666,-46.74009194,T,0.17225,0.11825,0.0702,0,20182751315
873,2018275,1600,2018,275,16,0,NA,NA,A,NA,NA,NA,NA,20182751600
874,2018275,1735,2018,275,17,35,NA,NA,A,NA,NA,NA,NA,20182751735
875,2018276,1400,2018,276,14,0,-23.55416666,-46.74009194,T,0.13625,0.0935,0.0149,0,20182761400
876,2018276,1640,2018,276,16,40,NA,NA,A,NA,NA,NA,NA,20182761640
877,2018276,1820,2018,276,18,20,NA,NA,A,NA,NA,NA,NA,20182761820
878,2018277,1305,2018,277,13,5,NA,NA,T,NA,NA,NA,NA,20182771305
879,2018277,1440,2018,277,14,40,NA,NA,T,NA,NA,NA,NA,20182771440
880,2018277,1725,2018,277,17,25,NA,NA,A,NA,NA,NA,NA,20182771725
881,2018278,1345,2018,278,13,45,NA,NA,T,NA,NA,NA,NA,20182781345
882,2018278,1630,2018,278,16,30,NA,NA,A,NA,NA,NA,NA,20182781630
883,2018278,1805,2018,278,18,5,NA,NA,A,NA,NA,NA,NA,20182781805
884,2018279,1250,2018,279,12,50,NA,NA,T,NA,NA,NA,NA,20182791250
885,2018279,1430,2018,279,14,30,NA,NA,T,NA,NA,NA,NA,20182791430
886,2018279,1710,2018,279,17,10,NA,NA,A,NA,NA,NA,NA,20182791710
887,2018280,1335,2018,280,13,35,NA,NA,T,NA,NA,NA,NA,20182801335
888,2018280,1615,2018,280,16,15,NA,NA,A,NA,NA,NA,NA,20182801615
889,2018280,1755,2018,280,17,55,NA,NA,A,NA,NA,NA,NA,20182801755
890,2018281,1700,2018,281,17,0,NA,NA,A,NA,NA,NA,NA,20182811700
891,2018282,1325,2018,282,13,25,NA,NA,T,NA,NA,NA,NA,20182821325
892,2018282,1605,2018,282,16,5,NA,NA,A,NA,NA,NA,NA,20182821605
893,2018282,1745,2018,282,17,45,NA,NA,A,NA,NA,NA,NA,20182821745
894,2018283,1225,2018,283,12,25,NA,NA,T,NA,NA,NA,NA,20182831225
895,2018283,1405,2018,283,14,5,NA,NA,T,NA,NA,NA,NA,20182831405
896,2018283,1645,2018,283,16,45,NA,NA,A,NA,NA,NA,NA,20182831645
897,2018283,1825,2018,283,18,25,NA,NA,A,NA,NA,NA,NA,20182831825
898,2018284,1310,2018,284,13,10,NA,NA,T,NA,NA,NA,NA,20182841310
899,2018284,1450,2018,284,14,50,NA,NA,T,NA,NA,NA,NA,20182841450
900,2018284,1550,2018,284,15,50,NA,NA,A,NA,NA,NA,NA,20182841550
901,2018284,1730,2018,284,17,30,NA,NA,A,NA,NA,NA,NA,20182841730
902,2018285,1355,2018,285,13,55,NA,NA,T,NA,NA,NA,NA,20182851355
903,2018285,1635,2018,285,16,35,NA,NA,A,NA,NA,NA,NA,20182851635
904,2018285,1810,2018,285,18,10,NA,NA,A,NA,NA,NA,NA,20182851810
905,2018286,1300,2018,286,13,0,NA,NA,T,NA,NA,NA,NA,20182861300
906,2018286,1435,2018,286,14,35,NA,NA,T,NA,NA,NA,NA,20182861435
907,2018286,1720,2018,286,17,20,NA,NA,A,NA,NA,NA,NA,20182861720
908,2018287,1340,2018,287,13,40,NA,NA,T,NA,NA,NA,NA,20182871340
909,2018287,1625,2018,287,16,25,NA,NA,A,NA,NA,NA,NA,20182871625
910,2018287,1800,2018,287,18,0,NA,NA,A,NA,NA,NA,NA,20182871800
911,2018288,1245,2018,288,12,45,NA,NA,T,NA,NA,NA,NA,20182881245
912,2018288,1425,2018,288,14,25,NA,NA,T,NA,NA,NA,NA,20182881425
913,2018288,1705,2018,288,17,5,NA,NA,A,NA,NA,NA,NA,20182881705
914,2018289,1330,2018,289,13,30,NA,NA,T,NA,NA,NA,NA,20182891330
915,2018289,1610,2018,289,16,10,NA,NA,A,NA,NA,NA,NA,20182891610
916,2018289,1750,2018,289,17,50,NA,NA,A,NA,NA,NA,NA,20182891750
917,2018290,1235,2018,290,12,35,NA,NA,T,NA,NA,NA,NA,20182901235
918,2018290,1410,2018,290,14,10,NA,NA,T,NA,NA,NA,NA,20182901410
919,2018290,1655,2018,290,16,55,NA,NA,A,NA,NA,NA,NA,20182901655
920,2018290,1830,2018,290,18,30,NA,NA,A,NA,NA,NA,NA,20182901830
921,2018291,1315,2018,291,13,15,NA,NA,T,NA,NA,NA,NA,20182911315
922,2018291,1600,2018,291,16,0,NA,NA,A,NA,NA,NA,NA,20182911600
923,2018291,1735,2018,291,17,35,NA,NA,A,NA,NA,NA,NA,20182911735
924,2018292,1400,2018,292,14,0,NA,NA,T,NA,NA,NA,NA,20182921400
925,2018292,1640,2018,292,16,40,NA,NA,A,NA,NA,NA,NA,20182921640
926,2018292,1820,2018,292,18,20,NA,NA,A,NA,NA,NA,NA,20182921820
927,2018293,1305,2018,293,13,5,NA,NA,T,NA,NA,NA,NA,20182931305
928,2018293,1440,2018,293,14,40,NA,NA,T,NA,NA,NA,NA,20182931440
929,2018293,1725,2018,293,17,25,NA,NA,A,NA,NA,NA,NA,20182931725
930,2018294,1345,2018,294,13,45,NA,NA,T,NA,NA,NA,NA,20182941345
931,2018294,1630,2018,294,16,30,NA,NA,A,NA,NA,NA,NA,20182941630
932,2018294,1805,2018,294,18,5,NA,NA,A,NA,NA,NA,NA,20182941805
933,2018295,1250,2018,295,12,50,-23.55416666,-46.74009194,T,0.14475,0.0995,0.0287,0,20182951250
934,2018295,1430,2018,295,14,30,NA,NA,T,NA,NA,NA,NA,20182951430
935,2018295,1710,2018,295,17,10,NA,NA,A,NA,NA,NA,NA,20182951710
936,2018296,1335,2018,296,13,35,NA,NA,T,NA,NA,NA,NA,20182961335
937,2018296,1615,2018,296,16,15,NA,NA,A,NA,NA,NA,NA,20182961615
938,2018296,1755,2018,296,17,55,NA,NA,A,NA,NA,NA,NA,20182961755
939,2018297,1240,2018,297,12,40,NA,NA,T,NA,NA,NA,NA,20182971240
940,2018297,1420,2018,297,14,20,NA,NA,T,NA,NA,NA,NA,20182971420
941,2018297,1700,2018,297,17,0,NA,NA,A,NA,NA,NA,NA,20182971700
942,2018298,1325,2018,298,13,25,NA,NA,T,NA,NA,NA,NA,20182981325
943,2018298,1605,2018,298,16,5,NA,NA,A,NA,NA,NA,NA,20182981605
944,2018298,1740,2018,298,17,40,NA,NA,A,NA,NA,NA,NA,20182981740
945,2018299,1225,2018,299,12,25,NA,NA,T,NA,NA,NA,NA,20182991225
946,2018299,1405,2018,299,14,5,NA,NA,T,NA,NA,NA,NA,20182991405
947,2018299,1645,2018,299,16,45,NA,NA,A,NA,NA,NA,NA,20182991645
948,2018299,1825,2018,299,18,25,NA,NA,A,NA,NA,NA,NA,20182991825
949,2018300,1310,2018,300,13,10,NA,NA,T,NA,NA,NA,NA,20183001310
950,2018300,1450,2018,300,14,50,NA,NA,T,NA,NA,NA,NA,20183001450
951,2018300,1550,2018,300,15,50,NA,NA,A,NA,NA,NA,NA,20183001550
952,2018300,1730,2018,300,17,30,NA,NA,A,NA,NA,NA,NA,20183001730
953,2018301,1355,2018,301,13,55,NA,NA,T,NA,NA,NA,NA,20183011355
954,2018301,1635,2018,301,16,35,NA,NA,A,NA,NA,NA,NA,20183011635
955,2018301,1810,2018,301,18,10,NA,NA,A,NA,NA,NA,NA,20183011810
956,2018302,1300,2018,302,13,0,NA,NA,T,NA,NA,NA,NA,20183021300
957,2018302,1435,2018,302,14,35,NA,NA,T,NA,NA,NA,NA,20183021435
958,2018302,1720,2018,302,17,20,NA,NA,A,NA,NA,NA,NA,20183021720
959,2018303,1340,2018,303,13,40,NA,NA,T,NA,NA,NA,NA,20183031340
960,2018303,1625,2018,303,16,25,-23.55416666,-46.74009194,A,0.3145,0.21975,0.0133,0,20183031625
961,2018303,1800,2018,303,18,0,NA,NA,A,NA,NA,NA,NA,20183031800
962,2018304,1245,2018,304,12,45,NA,NA,T,NA,NA,NA,NA,20183041245
963,2018304,1425,2018,304,14,25,NA,NA,T,NA,NA,NA,NA,20183041425
964,2018304,1705,2018,304,17,5,NA,NA,A,NA,NA,NA,NA,20183041705
965,2018305,1330,2018,305,13,30,NA,NA,T,NA,NA,NA,NA,20183051330
966,2018305,1610,2018,305,16,10,NA,NA,A,NA,NA,NA,NA,20183051610
967,2018305,1750,2018,305,17,50,NA,NA,A,NA,NA,NA,NA,20183051750
968,2018306,1235,2018,306,12,35,NA,NA,T,NA,NA,NA,NA,20183061235
969,2018306,1410,2018,306,14,10,NA,NA,T,NA,NA,NA,NA,20183061410
970,2018306,1655,2018,306,16,55,NA,NA,A,NA,NA,NA,NA,20183061655
971,2018306,1830,2018,306,18,30,NA,NA,A,NA,NA,NA,NA,20183061830
972,2018307,1315,2018,307,13,15,NA,NA,T,NA,NA,NA,NA,20183071315
973,2018307,1600,2018,307,16,0,NA,NA,A,NA,NA,NA,NA,20183071600
974,2018307,1735,2018,307,17,35,NA,NA,A,NA,NA,NA,NA,20183071735
975,2018308,1400,2018,308,14,0,NA,NA,T,NA,NA,NA,NA,20183081400
976,2018308,1640,2018,308,16,40,NA,NA,A,NA,NA,NA,NA,20183081640
977,2018308,1820,2018,308,18,20,NA,NA,A,NA,NA,NA,NA,20183081820
978,2018309,1305,2018,309,13,5,NA,NA,T,NA,NA,NA,NA,20183091305
979,2018309,1440,2018,309,14,40,NA,NA,T,NA,NA,NA,NA,20183091440
980,2018309,1725,2018,309,17,25,NA,NA,A,NA,NA,NA,NA,20183091725
981,2018310,1345,2018,310,13,45,NA,NA,T,NA,NA,NA,NA,20183101345
982,2018310,1630,2018,310,16,30,NA,NA,A,NA,NA,NA,NA,20183101630
983,2018310,1805,2018,310,18,5,NA,NA,A,NA,NA,NA,NA,20183101805
984,2018311,1250,2018,311,12,50,NA,NA,T,NA,NA,NA,NA,20183111250
985,2018311,1430,2018,311,14,30,NA,NA,T,NA,NA,NA,NA,20183111430
986,2018311,1710,2018,311,17,10,NA,NA,A,NA,NA,NA,NA,20183111710
1,2018312,1335,2018,312,13,35,NA,NA,T,NA,NA,NA,NA,20183121335
2,2018312,1615,2018,312,16,15,NA,NA,A,NA,NA,NA,NA,20183121615
3,2018312,1755,2018,312,17,55,NA,NA,A,NA,NA,NA,NA,20183121755
4,2018313,1240,2018,313,12,40,NA,NA,T,NA,NA,NA,NA,20183131240
5,2018313,1415,2018,313,14,15,NA,NA,T,NA,NA,NA,NA,20183131415
6,2018313,1700,2018,313,17,0,NA,NA,A,NA,NA,NA,NA,20183131700
7,2018314,1320,2018,314,13,20,NA,NA,T,NA,NA,NA,NA,20183141320
8,2018314,1605,2018,314,16,5,NA,NA,A,NA,NA,NA,NA,20183141605
9,2018314,1740,2018,314,17,40,NA,NA,A,NA,NA,NA,NA,20183141740
10,2018315,1225,2018,315,12,25,NA,NA,T,NA,NA,NA,NA,20183151225
11,2018315,1405,2018,315,14,5,NA,NA,T,NA,NA,NA,NA,20183151405
12,2018315,1645,2018,315,16,45,NA,NA,A,NA,NA,NA,NA,20183151645
13,2018315,1825,2018,315,18,25,NA,NA,A,NA,NA,NA,NA,20183151825
14,2018316,1310,2018,316,13,10,NA,NA,T,NA,NA,NA,NA,20183161310
15,2018316,1450,2018,316,14,50,NA,NA,T,NA,NA,NA,NA,20183161450
16,2018316,1550,2018,316,15,50,NA,NA,A,NA,NA,NA,NA,20183161550
17,2018316,1730,2018,316,17,30,NA,NA,A,NA,NA,NA,NA,20183161730
18,2018317,1355,2018,317,13,55,NA,NA,T,NA,NA,NA,NA,20183171355
19,2018317,1635,2018,317,16,35,NA,NA,A,NA,NA,NA,NA,20183171635
20,2018317,1810,2018,317,18,10,NA,NA,A,NA,NA,NA,NA,20183171810
21,2018318,1300,2018,318,13,0,NA,NA,T,NA,NA,NA,NA,20183181300
22,2018318,1435,2018,318,14,35,NA,NA,T,NA,NA,NA,NA,20183181435
23,2018318,1720,2018,318,17,20,NA,NA,A,NA,NA,NA,NA,20183181720
24,2018319,1340,2018,319,13,40,NA,NA,T,NA,NA,NA,NA,20183191340
25,2018319,1625,2018,319,16,25,NA,NA,A,NA,NA,NA,NA,20183191625
26,2018319,1800,2018,319,18,0,NA,NA,A,NA,NA,NA,NA,20183191800
27,2018320,1245,2018,320,12,45,NA,NA,T,NA,NA,NA,NA,20183201245
28,2018320,1425,2018,320,14,25,NA,NA,T,NA,NA,NA,NA,20183201425
29,2018320,1705,2018,320,17,5,NA,NA,A,NA,NA,NA,NA,20183201705
30,2018321,1330,2018,321,13,30,NA,NA,T,NA,NA,NA,NA,20183211330
31,2018321,1610,2018,321,16,10,NA,NA,A,NA,NA,NA,NA,20183211610
32,2018321,1750,2018,321,17,50,NA,NA,A,NA,NA,NA,NA,20183211750
33,2018322,1235,2018,322,12,35,NA,NA,T,NA,NA,NA,NA,20183221235
34,2018322,1410,2018,322,14,10,NA,NA,T,NA,NA,NA,NA,20183221410
35,2018322,1655,2018,322,16,55,NA,NA,A,NA,NA,NA,NA,20183221655
36,2018322,1830,2018,322,18,30,NA,NA,A,NA,NA,NA,NA,20183221830
37,2018323,1315,2018,323,13,15,NA,NA,T,NA,NA,NA,NA,20183231315
38,2018323,1600,2018,323,16,0,NA,NA,A,NA,NA,NA,NA,20183231600
39,2018323,1735,2018,323,17,35,NA,NA,A,NA,NA,NA,NA,20183231735
40,2018324,1400,2018,324,14,0,NA,NA,T,NA,NA,NA,NA,20183241400
41,2018324,1640,2018,324,16,40,NA,NA,A,NA,NA,NA,NA,20183241640
42,2018324,1820,2018,324,18,20,NA,NA,A,NA,NA,NA,NA,20183241820
43,2018325,1305,2018,325,13,5,NA,NA,T,NA,NA,NA,NA,20183251305
44,2018325,1440,2018,325,14,40,NA,NA,T,NA,NA,NA,NA,20183251440
45,2018325,1725,2018,325,17,25,NA,NA,A,NA,NA,NA,NA,20183251725
46,2018326,1345,2018,326,13,45,NA,NA,T,NA,NA,NA,NA,20183261345
47,2018326,1630,2018,326,16,30,NA,NA,A,NA,NA,NA,NA,20183261630
48,2018326,1805,2018,326,18,5,NA,NA,A,NA,NA,NA,NA,20183261805
49,2018327,1250,2018,327,12,50,NA,NA,T,NA,NA,NA,NA,20183271250
50,2018327,1430,2018,327,14,30,NA,NA,T,NA,NA,NA,NA,20183271430
51,2018327,1710,2018,327,17,10,NA,NA,A,NA,NA,NA,NA,20183271710
52,2018328,1335,2018,328,13,35,NA,NA,T,NA,NA,NA,NA,20183281335
53,2018328,1615,2018,328,16,15,NA,NA,A,NA,NA,NA,NA,20183281615
54,2018328,1755,2018,328,17,55,NA,NA,A,NA,NA,NA,NA,20183281755
55,2018329,1240,2018,329,12,40,NA,NA,T,NA,NA,NA,NA,20183291240
56,2018329,1415,2018,329,14,15,NA,NA,T,NA,NA,NA,NA,20183291415
57,2018329,1700,2018,329,17,0,NA,NA,A,NA,NA,NA,NA,20183291700
58,2018330,1320,2018,330,13,20,NA,NA,T,NA,NA,NA,NA,20183301320
59,2018330,1605,2018,330,16,5,NA,NA,A,NA,NA,NA,NA,20183301605
60,2018330,1740,2018,330,17,40,NA,NA,A,NA,NA,NA,NA,20183301740
61,2018331,1225,2018,331,12,25,NA,NA,T,NA,NA,NA,NA,20183311225
62,2018331,1405,2018,331,14,5,NA,NA,T,NA,NA,NA,NA,20183311405
63,2018331,1645,2018,331,16,45,NA,NA,A,NA,NA,NA,NA,20183311645
64,2018331,1825,2018,331,18,25,NA,NA,A,NA,NA,NA,NA,20183311825
65,2018332,1310,2018,332,13,10,-23.55416666,-46.74009194,T,0.11125,0.0765,0.0655,0,20183321310
66,2018332,1450,2018,332,14,50,NA,NA,T,NA,NA,NA,NA,20183321450
67,2018332,1550,2018,332,15,50,NA,NA,A,NA,NA,NA,NA,20183321550
68,2018332,1730,2018,332,17,30,NA,NA,A,NA,NA,NA,NA,20183321730
69,2018333,1350,2018,333,13,50,NA,NA,T,NA,NA,NA,NA,20183331350
70,2018333,1635,2018,333,16,35,NA,NA,A,NA,NA,NA,NA,20183331635
71,2018333,1810,2018,333,18,10,NA,NA,A,NA,NA,NA,NA,20183331810
72,2018334,1255,2018,334,12,55,-23.55416666,-46.74009194,T,0.1355,0.093,0.0311,0,20183341255
73,2018334,1435,2018,334,14,35,NA,NA,T,NA,NA,NA,NA,20183341435
74,2018334,1720,2018,334,17,20,NA,NA,A,NA,NA,NA,NA,20183341720
75,2018335,1340,2018,335,13,40,NA,NA,T,NA,NA,NA,NA,20183351340
76,2018335,1625,2018,335,16,25,NA,NA,A,NA,NA,NA,NA,20183351625
77,2018335,1800,2018,335,18,0,NA,NA,A,NA,NA,NA,NA,20183351800
78,2018336,1245,2018,336,12,45,NA,NA,T,NA,NA,NA,NA,20183361245
79,2018336,1425,2018,336,14,25,NA,NA,T,NA,NA,NA,NA,20183361425
80,2018336,1705,2018,336,17,5,NA,NA,A,NA,NA,NA,NA,20183361705
81,2018337,1330,2018,337,13,30,NA,NA,T,NA,NA,NA,NA,20183371330
82,2018337,1610,2018,337,16,10,NA,NA,A,NA,NA,NA,NA,20183371610
83,2018337,1750,2018,337,17,50,NA,NA,A,NA,NA,NA,NA,20183371750
84,2018338,1235,2018,338,12,35,NA,NA,T,NA,NA,NA,NA,20183381235
85,2018338,1410,2018,338,14,10,NA,NA,T,NA,NA,NA,NA,20183381410
86,2018338,1655,2018,338,16,55,NA,NA,A,NA,NA,NA,NA,20183381655
87,2018338,1830,2018,338,18,30,NA,NA,A,NA,NA,NA,NA,20183381830
88,2018339,1315,2018,339,13,15,NA,NA,T,NA,NA,NA,NA,20183391315
89,2018339,1600,2018,339,16,0,NA,NA,A,NA,NA,NA,NA,20183391600
90,2018339,1735,2018,339,17,35,NA,NA,A,NA,NA,NA,NA,20183391735
91,2018340,1400,2018,340,14,0,-23.55416666,-46.74009194,T,0.1305,0.08975,0.0151,0,20183401400
92,2018340,1640,2018,340,16,40,NA,NA,A,NA,NA,NA,NA,20183401640
93,2018340,1820,2018,340,18,20,NA,NA,A,NA,NA,NA,NA,20183401820
94,2018341,1305,2018,341,13,5,NA,NA,T,NA,NA,NA,NA,20183411305
95,2018341,1440,2018,341,14,40,NA,NA,T,NA,NA,NA,NA,20183411440
96,2018341,1725,2018,341,17,25,NA,NA,A,NA,NA,NA,NA,20183411725
97,2018342,1345,2018,342,13,45,NA,NA,T,NA,NA,NA,NA,20183421345
98,2018342,1630,2018,342,16,30,NA,NA,A,NA,NA,NA,NA,20183421630
99,2018342,1805,2018,342,18,5,NA,NA,A,NA,NA,NA,NA,20183421805
100,2018343,1250,2018,343,12,50,-23.55416666,-46.74009194,T,0.049,0.0335,0.0255,0,20183431250
101,2018343,1430,2018,343,14,30,NA,NA,T,NA,NA,NA,NA,20183431430
102,2018343,1710,2018,343,17,10,NA,NA,A,NA,NA,NA,NA,20183431710
103,2018344,1335,2018,344,13,35,NA,NA,T,NA,NA,NA,NA,20183441335
104,2018344,1615,2018,344,16,15,NA,NA,A,NA,NA,NA,NA,20183441615
105,2018344,1755,2018,344,17,55,NA,NA,A,NA,NA,NA,NA,20183441755
106,2018345,1240,2018,345,12,40,NA,NA,T,NA,NA,NA,NA,20183451240
107,2018345,1415,2018,345,14,15,NA,NA,T,NA,NA,NA,NA,20183451415
108,2018345,1700,2018,345,17,0,NA,NA,A,NA,NA,NA,NA,20183451700
109,2018346,1320,2018,346,13,20,-23.55416666,-46.74009194,T,0.086,0.059,0.092,0,20183461320
110,2018346,1605,2018,346,16,5,NA,NA,A,NA,NA,NA,NA,20183461605
111,2018346,1740,2018,346,17,40,NA,NA,A,NA,NA,NA,NA,20183461740
112,2018347,1225,2018,347,12,25,NA,NA,T,NA,NA,NA,NA,20183471225
113,2018347,1405,2018,347,14,5,-23.55416666,-46.74009194,T,0.215,0.149,0.0126,0,20183471405
114,2018347,1645,2018,347,16,45,NA,NA,A,NA,NA,NA,NA,20183471645
115,2018347,1825,2018,347,18,25,NA,NA,A,NA,NA,NA,NA,20183471825
116,2018348,1310,2018,348,13,10,-23.55416666,-46.74009194,T,0.06625,0.0455,0.083,0,20183481310
117,2018348,1450,2018,348,14,50,NA,NA,T,NA,NA,NA,NA,20183481450
118,2018348,1550,2018,348,15,50,NA,NA,A,NA,NA,NA,NA,20183481550
119,2018348,1730,2018,348,17,30,NA,NA,A,NA,NA,NA,NA,20183481730
120,2018349,1350,2018,349,13,50,NA,NA,T,NA,NA,NA,NA,20183491350
121,2018349,1635,2018,349,16,35,NA,NA,A,NA,NA,NA,NA,20183491635
122,2018349,1810,2018,349,18,10,NA,NA,A,NA,NA,NA,NA,20183491810
123,2018350,1255,2018,350,12,55,NA,NA,T,NA,NA,NA,NA,20183501255
124,2018350,1435,2018,350,14,35,NA,NA,T,NA,NA,NA,NA,20183501435
125,2018350,1720,2018,350,17,20,NA,NA,A,NA,NA,NA,NA,20183501720
126,2018351,1340,2018,351,13,40,-23.55416666,-46.74009194,T,0.10275,0.0705,0.0426,0,20183511340
127,2018351,1625,2018,351,16,25,NA,NA,A,NA,NA,NA,NA,20183511625
128,2018351,1800,2018,351,18,0,NA,NA,A,NA,NA,NA,NA,20183511800
129,2018352,1245,2018,352,12,45,NA,NA,T,NA,NA,NA,NA,20183521245
130,2018352,1425,2018,352,14,25,NA,NA,T,NA,NA,NA,NA,20183521425
131,2018352,1705,2018,352,17,5,NA,NA,A,NA,NA,NA,NA,20183521705
132,2018353,1330,2018,353,13,30,NA,NA,T,NA,NA,NA,NA,20183531330
133,2018353,1610,2018,353,16,10,NA,NA,A,NA,NA,NA,NA,20183531610
134,2018353,1750,2018,353,17,50,NA,NA,A,NA,NA,NA,NA,20183531750
135,2018354,1235,2018,354,12,35,NA,NA,T,NA,NA,NA,NA,20183541235
136,2018354,1410,2018,354,14,10,NA,NA,T,NA,NA,NA,NA,20183541410
137,2018354,1655,2018,354,16,55,NA,NA,A,NA,NA,NA,NA,20183541655
138,2018354,1830,2018,354,18,30,NA,NA,A,NA,NA,NA,NA,20183541830
139,2018355,1315,2018,355,13,15,NA,NA,T,NA,NA,NA,NA,20183551315
140,2018355,1600,2018,355,16,0,NA,NA,A,NA,NA,NA,NA,20183551600
141,2018355,1735,2018,355,17,35,NA,NA,A,NA,NA,NA,NA,20183551735
142,2018356,1400,2018,356,14,0,NA,NA,T,NA,NA,NA,NA,20183561400
143,2018356,1640,2018,356,16,40,NA,NA,A,NA,NA,NA,NA,20183561640
144,2018356,1820,2018,356,18,20,NA,NA,A,NA,NA,NA,NA,20183561820
145,2018357,1305,2018,357,13,5,NA,NA,T,NA,NA,NA,NA,20183571305
146,2018357,1440,2018,357,14,40,NA,NA,T,NA,NA,NA,NA,20183571440
147,2018357,1725,2018,357,17,25,NA,NA,A,NA,NA,NA,NA,20183571725
148,2018358,1345,2018,358,13,45,NA,NA,T,NA,NA,NA,NA,20183581345
149,2018358,1630,2018,358,16,30,NA,NA,A,NA,NA,NA,NA,20183581630
150,2018358,1805,2018,358,18,5,NA,NA,A,NA,NA,NA,NA,20183581805
151,2018359,1250,2018,359,12,50,NA,NA,T,NA,NA,NA,NA,20183591250
152,2018359,1430,2018,359,14,30,NA,NA,T,NA,NA,NA,NA,20183591430
153,2018359,1710,2018,359,17,10,NA,NA,A,NA,NA,NA,NA,20183591710
154,2018360,1335,2018,360,13,35,NA,NA,T,NA,NA,NA,NA,20183601335
155,2018360,1615,2018,360,16,15,NA,NA,A,NA,NA,NA,NA,20183601615
156,2018360,1755,2018,360,17,55,NA,NA,A,NA,NA,NA,NA,20183601755
157,2018361,1240,2018,361,12,40,NA,NA,T,NA,NA,NA,NA,20183611240
158,2018361,1415,2018,361,14,15,NA,NA,T,NA,NA,NA,NA,20183611415
159,2018361,1700,2018,361,17,0,NA,NA,A,NA,NA,NA,NA,20183611700
160,2018362,1320,2018,362,13,20,NA,NA,T,NA,NA,NA,NA,20183621320
161,2018362,1605,2018,362,16,5,NA,NA,A,NA,NA,NA,NA,20183621605
162,2018362,1740,2018,362,17,40,NA,NA,A,NA,NA,NA,NA,20183621740
163,2018363,1225,2018,363,12,25,NA,NA,T,NA,NA,NA,NA,20183631225
164,2018363,1405,2018,363,14,5,NA,NA,T,NA,NA,NA,NA,20183631405
165,2018363,1645,2018,363,16,45,NA,NA,A,NA,NA,NA,NA,20183631645
166,2018363,1825,2018,363,18,25,NA,NA,A,NA,NA,NA,NA,20183631825
167,2018364,1310,2018,364,13,10,NA,NA,T,NA,NA,NA,NA,20183641310
168,2018364,1450,2018,364,14,50,NA,NA,T,NA,NA,NA,NA,20183641450
169,2018364,1550,2018,364,15,50,NA,NA,A,NA,NA,NA,NA,20183641550
170,2018364,1730,2018,364,17,30,NA,NA,A,NA,NA,NA,NA,20183641730
171,2018365,1350,2018,365,13,50,-23.55416666,-46.74009194,T,0.1555,0.10725,0.0218,0,20183651350
172,2018365,1635,2018,365,16,35,NA,NA,A,NA,NA,NA,NA,20183651635
173,2018365,1810,2018,365,18,10,NA,NA,A,NA,NA,NA,NA,20183651810
1,2019001,1255,2019,1,12,55,NA,NA,T,NA,NA,NA,NA,20190011255
2,2019001,1435,2019,1,14,35,NA,NA,T,NA,NA,NA,NA,20190011435
3,2019001,1720,2019,1,17,20,NA,NA,A,NA,NA,NA,NA,20190011720
4,2019002,1340,2019,2,13,40,NA,NA,T,NA,NA,NA,NA,20190021340
5,2019002,1625,2019,2,16,25,NA,NA,A,NA,NA,NA,NA,20190021625
6,2019002,1800,2019,2,18,0,NA,NA,A,NA,NA,NA,NA,20190021800
7,2019003,1245,2019,3,12,45,NA,NA,T,NA,NA,NA,NA,20190031245
8,2019003,1425,2019,3,14,25,NA,NA,T,NA,NA,NA,NA,20190031425
9,2019003,1705,2019,3,17,5,NA,NA,A,NA,NA,NA,NA,20190031705
10,2019004,1330,2019,4,13,30,NA,NA,T,NA,NA,NA,NA,20190041330
11,2019004,1610,2019,4,16,10,NA,NA,A,NA,NA,NA,NA,20190041610
12,2019004,1750,2019,4,17,50,NA,NA,A,NA,NA,NA,NA,20190041750
13,2019005,1235,2019,5,12,35,NA,NA,T,NA,NA,NA,NA,20190051235
14,2019005,1410,2019,5,14,10,NA,NA,T,NA,NA,NA,NA,20190051410
15,2019005,1655,2019,5,16,55,NA,NA,A,NA,NA,NA,NA,20190051655
16,2019005,1830,2019,5,18,30,NA,NA,A,NA,NA,NA,NA,20190051830
17,2019006,1315,2019,6,13,15,NA,NA,T,NA,NA,NA,NA,20190061315
18,2019006,1600,2019,6,16,0,NA,NA,A,NA,NA,NA,NA,20190061600
19,2019006,1735,2019,6,17,35,NA,NA,A,NA,NA,NA,NA,20190061735
20,2019007,1400,2019,7,14,0,NA,NA,T,NA,NA,NA,NA,20190071400
21,2019007,1640,2019,7,16,40,NA,NA,A,NA,NA,NA,NA,20190071640
22,2019007,1820,2019,7,18,20,NA,NA,A,NA,NA,NA,NA,20190071820
23,2019008,1305,2019,8,13,5,NA,NA,T,NA,NA,NA,NA,20190081305
24,2019008,1440,2019,8,14,40,NA,NA,T,NA,NA,NA,NA,20190081440
25,2019008,1725,2019,8,17,25,NA,NA,A,NA,NA,NA,NA,20190081725
26,2019009,1345,2019,9,13,45,-23.55416666,-46.74009194,T,0.06475,0.04425,0.0248,0,20190091345
27,2019009,1630,2019,9,16,30,-23.55416666,-46.74009194,A,0.2715,0.1885,0.0225,0,20190091630
28,2019009,1805,2019,9,18,5,NA,NA,A,NA,NA,NA,NA,20190091805
29,2019010,1250,2019,10,12,50,-23.55416666,-46.74009194,T,0.09425,0.06475,0.027,0,20190101250
30,2019010,1430,2019,10,14,30,NA,NA,T,NA,NA,NA,NA,20190101430
31,2019010,1710,2019,10,17,10,NA,NA,A,NA,NA,NA,NA,20190101710
32,2019011,1335,2019,11,13,35,NA,NA,T,NA,NA,NA,NA,20190111335
33,2019011,1615,2019,11,16,15,NA,NA,A,NA,NA,NA,NA,20190111615
34,2019011,1755,2019,11,17,55,NA,NA,A,NA,NA,NA,NA,20190111755
35,2019012,1240,2019,12,12,40,NA,NA,T,NA,NA,NA,NA,20190121240
36,2019012,1415,2019,12,14,15,NA,NA,T,NA,NA,NA,NA,20190121415
37,2019012,1700,2019,12,17,0,NA,NA,A,NA,NA,NA,NA,20190121700
38,2019013,1320,2019,13,13,20,NA,NA,T,NA,NA,NA,NA,20190131320
39,2019013,1605,2019,13,16,5,NA,NA,A,NA,NA,NA,NA,20190131605
40,2019013,1740,2019,13,17,40,NA,NA,A,NA,NA,NA,NA,20190131740
41,2019014,1225,2019,14,12,25,NA,NA,T,NA,NA,NA,NA,20190141225
42,2019014,1405,2019,14,14,5,NA,NA,T,NA,NA,NA,NA,20190141405
43,2019014,1645,2019,14,16,45,NA,NA,A,NA,NA,NA,NA,20190141645
44,2019014,1825,2019,14,18,25,NA,NA,A,NA,NA,NA,NA,20190141825
45,2019015,1310,2019,15,13,10,NA,NA,T,NA,NA,NA,NA,20190151310
46,2019015,1450,2019,15,14,50,NA,NA,T,NA,NA,NA,NA,20190151450
47,2019015,1550,2019,15,15,50,NA,NA,A,NA,NA,NA,NA,20190151550
48,2019015,1730,2019,15,17,30,NA,NA,A,NA,NA,NA,NA,20190151730
49,2019016,1350,2019,16,13,50,NA,NA,T,NA,NA,NA,NA,20190161350
50,2019016,1635,2019,16,16,35,NA,NA,A,NA,NA,NA,NA,20190161635
51,2019016,1810,2019,16,18,10,NA,NA,A,NA,NA,NA,NA,20190161810
52,2019017,1255,2019,17,12,55,NA,NA,T,NA,NA,NA,NA,20190171255
53,2019017,1435,2019,17,14,35,NA,NA,T,NA,NA,NA,NA,20190171435
54,2019017,1720,2019,17,17,20,NA,NA,A,NA,NA,NA,NA,20190171720
55,2019018,1340,2019,18,13,40,-23.55416666,-46.74009194,T,0.106,0.07275,0.0318,0,20190181340
56,2019018,1625,2019,18,16,25,NA,NA,A,NA,NA,NA,NA,20190181625
57,2019018,1800,2019,18,18,0,NA,NA,A,NA,NA,NA,NA,20190181800
58,2019019,1245,2019,19,12,45,-23.55416666,-46.74009194,T,0.07475,0.0515,0.0204,0,20190191245
59,2019019,1425,2019,19,14,25,NA,NA,T,NA,NA,NA,NA,20190191425
60,2019019,1705,2019,19,17,5,NA,NA,A,NA,NA,NA,NA,20190191705
61,2019020,1330,2019,20,13,30,NA,NA,T,NA,NA,NA,NA,20190201330
62,2019020,1610,2019,20,16,10,NA,NA,A,NA,NA,NA,NA,20190201610
63,2019020,1750,2019,20,17,50,NA,NA,A,NA,NA,NA,NA,20190201750
64,2019021,1235,2019,21,12,35,NA,NA,T,NA,NA,NA,NA,20190211235
65,2019021,1410,2019,21,14,10,NA,NA,T,NA,NA,NA,NA,20190211410
66,2019021,1655,2019,21,16,55,NA,NA,A,NA,NA,NA,NA,20190211655
67,2019021,1830,2019,21,18,30,NA,NA,A,NA,NA,NA,NA,20190211830
68,2019022,1315,2019,22,13,15,NA,NA,T,NA,NA,NA,NA,20190221315
69,2019022,1600,2019,22,16,0,NA,NA,A,NA,NA,NA,NA,20190221600
70,2019022,1735,2019,22,17,35,NA,NA,A,NA,NA,NA,NA,20190221735
71,2019023,1400,2019,23,14,0,NA,NA,T,NA,NA,NA,NA,20190231400
72,2019023,1640,2019,23,16,40,NA,NA,A,NA,NA,NA,NA,20190231640
73,2019023,1820,2019,23,18,20,NA,NA,A,NA,NA,NA,NA,20190231820
74,2019024,1305,2019,24,13,5,NA,NA,T,NA,NA,NA,NA,20190241305
75,2019024,1440,2019,24,14,40,NA,NA,T,NA,NA,NA,NA,20190241440
76,2019024,1725,2019,24,17,25,NA,NA,A,NA,NA,NA,NA,20190241725
77,2019025,1345,2019,25,13,45,NA,NA,T,NA,NA,NA,NA,20190251345
78,2019025,1630,2019,25,16,30,NA,NA,A,NA,NA,NA,NA,20190251630
79,2019025,1805,2019,25,18,5,NA,NA,A,NA,NA,NA,NA,20190251805
80,2019026,1250,2019,26,12,50,-23.55416666,-46.74009194,T,0.082,0.056,0.0287,0,20190261250
81,2019026,1430,2019,26,14,30,NA,NA,T,NA,NA,NA,NA,20190261430
82,2019026,1710,2019,26,17,10,NA,NA,A,NA,NA,NA,NA,20190261710
83,2019027,1335,2019,27,13,35,NA,NA,T,NA,NA,NA,NA,20190271335
84,2019027,1615,2019,27,16,15,NA,NA,A,NA,NA,NA,NA,20190271615
85,2019027,1755,2019,27,17,55,NA,NA,A,NA,NA,NA,NA,20190271755
86,2019028,1240,2019,28,12,40,NA,NA,T,NA,NA,NA,NA,20190281240
87,2019028,1415,2019,28,14,15,NA,NA,T,NA,NA,NA,NA,20190281415
88,2019028,1700,2019,28,17,0,NA,NA,A,NA,NA,NA,NA,20190281700
89,2019029,1320,2019,29,13,20,-23.55416666,-46.74009194,T,0.177,0.12175,0.0789,0,20190291320
90,2019029,1605,2019,29,16,5,NA,NA,A,NA,NA,NA,NA,20190291605
91,2019029,1745,2019,29,17,45,NA,NA,A,NA,NA,NA,NA,20190291745
92,2019030,1225,2019,30,12,25,NA,NA,T,NA,NA,NA,NA,20190301225
93,2019030,1405,2019,30,14,5,-23.55416666,-46.74009194,T,0.05075,0.0345,0.0106,0,20190301405
94,2019030,1645,2019,30,16,45,NA,NA,A,NA,NA,NA,NA,20190301645
95,2019030,1825,2019,30,18,25,NA,NA,A,NA,NA,NA,NA,20190301825
96,2019031,1310,2019,31,13,10,-23.55416666,-46.74009194,T,0.067,0.046,0.048,0,20190311310
97,2019031,1445,2019,31,14,45,NA,NA,T,NA,NA,NA,NA,20190311445
98,2019031,1550,2019,31,15,50,NA,NA,A,NA,NA,NA,NA,20190311550
99,2019031,1730,2019,31,17,30,NA,NA,A,NA,NA,NA,NA,20190311730
100,2019032,1350,2019,32,13,50,NA,NA,T,NA,NA,NA,NA,20190321350
101,2019032,1635,2019,32,16,35,-23.55416666,-46.74009194,A,0.15675,0.1075,0.0332,0,20190321635
102,2019032,1810,2019,32,18,10,NA,NA,A,NA,NA,NA,NA,20190321810
103,2019033,1255,2019,33,12,55,-23.55416666,-46.74009194,T,0.10375,0.07125,0.0311,0,20190331255
104,2019033,1435,2019,33,14,35,NA,NA,T,NA,NA,NA,NA,20190331435
105,2019033,1720,2019,33,17,20,-23.55416666,-46.74009194,A,0.16025,0.1105,0.0374,0,20190331720
106,2019034,1340,2019,34,13,40,NA,NA,T,NA,NA,NA,NA,20190341340
107,2019034,1625,2019,34,16,25,NA,NA,A,NA,NA,NA,NA,20190341625
108,2019034,1800,2019,34,18,0,NA,NA,A,NA,NA,NA,NA,20190341800
109,2019035,1245,2019,35,12,45,NA,NA,T,NA,NA,NA,NA,20190351245
110,2019035,1425,2019,35,14,25,NA,NA,T,NA,NA,NA,NA,20190351425
111,2019035,1705,2019,35,17,5,NA,NA,A,NA,NA,NA,NA,20190351705
112,2019036,1330,2019,36,13,30,NA,NA,T,NA,NA,NA,NA,20190361330
113,2019036,1610,2019,36,16,10,NA,NA,A,NA,NA,NA,NA,20190361610
114,2019036,1750,2019,36,17,50,NA,NA,A,NA,NA,NA,NA,20190361750
115,2019037,1235,2019,37,12,35,NA,NA,T,NA,NA,NA,NA,20190371235
116,2019037,1410,2019,37,14,10,NA,NA,T,NA,NA,NA,NA,20190371410
117,2019037,1655,2019,37,16,55,NA,NA,A,NA,NA,NA,NA,20190371655
118,2019037,1830,2019,37,18,30,NA,NA,A,NA,NA,NA,NA,20190371830
119,2019038,1315,2019,38,13,15,NA,NA,T,NA,NA,NA,NA,20190381315
120,2019038,1600,2019,38,16,0,NA,NA,A,NA,NA,NA,NA,20190381600
121,2019038,1735,2019,38,17,35,NA,NA,A,NA,NA,NA,NA,20190381735
122,2019039,1400,2019,39,14,0,NA,NA,T,NA,NA,NA,NA,20190391400
123,2019039,1640,2019,39,16,40,NA,NA,A,NA,NA,NA,NA,20190391640
124,2019039,1820,2019,39,18,20,NA,NA,A,NA,NA,NA,NA,20190391820
125,2019040,1305,2019,40,13,5,-23.55416666,-46.74009194,T,0.10925,0.075,0.0437,0,20190401305
126,2019040,1440,2019,40,14,40,NA,NA,T,NA,NA,NA,NA,20190401440
127,2019040,1725,2019,40,17,25,NA,NA,A,NA,NA,NA,NA,20190401725
128,2019041,1345,2019,41,13,45,NA,NA,T,NA,NA,NA,NA,20190411345
129,2019041,1630,2019,41,16,30,-23.55416666,-46.74009194,A,0.2565,0.17775,0.0205,0,20190411630
130,2019041,1805,2019,41,18,5,NA,NA,A,NA,NA,NA,NA,20190411805
131,2019042,1250,2019,42,12,50,NA,NA,T,NA,NA,NA,NA,20190421250
132,2019042,1430,2019,42,14,30,NA,NA,T,NA,NA,NA,NA,20190421430
133,2019042,1710,2019,42,17,10,NA,NA,A,NA,NA,NA,NA,20190421710
134,2019043,1335,2019,43,13,35,NA,NA,T,NA,NA,NA,NA,20190431335
135,2019043,1615,2019,43,16,15,NA,NA,A,NA,NA,NA,NA,20190431615
136,2019043,1755,2019,43,17,55,NA,NA,A,NA,NA,NA,NA,20190431755
137,2019044,1240,2019,44,12,40,NA,NA,T,NA,NA,NA,NA,20190441240
138,2019044,1415,2019,44,14,15,NA,NA,T,NA,NA,NA,NA,20190441415
139,2019044,1700,2019,44,17,0,NA,NA,A,NA,NA,NA,NA,20190441700
140,2019045,1320,2019,45,13,20,NA,NA,T,NA,NA,NA,NA,20190451320
141,2019045,1605,2019,45,16,5,NA,NA,A,NA,NA,NA,NA,20190451605
142,2019045,1745,2019,45,17,45,NA,NA,A,NA,NA,NA,NA,20190451745
143,2019046,1225,2019,46,12,25,NA,NA,T,NA,NA,NA,NA,20190461225
144,2019046,1405,2019,46,14,5,NA,NA,T,NA,NA,NA,NA,20190461405
145,2019046,1645,2019,46,16,45,NA,NA,A,NA,NA,NA,NA,20190461645
146,2019046,1825,2019,46,18,25,NA,NA,A,NA,NA,NA,NA,20190461825
147,2019047,1310,2019,47,13,10,NA,NA,T,NA,NA,NA,NA,20190471310
148,2019047,1450,2019,47,14,50,NA,NA,T,NA,NA,NA,NA,20190471450
149,2019047,1550,2019,47,15,50,NA,NA,A,NA,NA,NA,NA,20190471550
150,2019047,1730,2019,47,17,30,NA,NA,A,NA,NA,NA,NA,20190471730
151,2019048,1350,2019,48,13,50,NA,NA,T,NA,NA,NA,NA,20190481350
152,2019048,1635,2019,48,16,35,NA,NA,A,NA,NA,NA,NA,20190481635
153,2019048,1810,2019,48,18,10,NA,NA,A,NA,NA,NA,NA,20190481810
154,2019049,1255,2019,49,12,55,NA,NA,T,NA,NA,NA,NA,20190491255
155,2019049,1435,2019,49,14,35,NA,NA,T,NA,NA,NA,NA,20190491435
156,2019049,1720,2019,49,17,20,NA,NA,A,NA,NA,NA,NA,20190491720
157,2019050,1340,2019,50,13,40,NA,NA,T,NA,NA,NA,NA,20190501340
158,2019050,1625,2019,50,16,25,NA,NA,A,NA,NA,NA,NA,20190501625
159,2019050,1800,2019,50,18,0,NA,NA,A,NA,NA,NA,NA,20190501800
160,2019051,1245,2019,51,12,45,NA,NA,T,NA,NA,NA,NA,20190511245
161,2019051,1425,2019,51,14,25,NA,NA,T,NA,NA,NA,NA,20190511425
162,2019051,1705,2019,51,17,5,NA,NA,A,NA,NA,NA,NA,20190511705
163,2019052,1330,2019,52,13,30,NA,NA,T,NA,NA,NA,NA,20190521330
164,2019052,1610,2019,52,16,10,NA,NA,A,NA,NA,NA,NA,20190521610
165,2019052,1750,2019,52,17,50,NA,NA,A,NA,NA,NA,NA,20190521750
166,2019053,1235,2019,53,12,35,NA,NA,T,NA,NA,NA,NA,20190531235
167,2019053,1410,2019,53,14,10,NA,NA,T,NA,NA,NA,NA,20190531410
168,2019053,1655,2019,53,16,55,NA,NA,A,NA,NA,NA,NA,20190531655
169,2019053,1830,2019,53,18,30,NA,NA,A,NA,NA,NA,NA,20190531830
170,2019054,1315,2019,54,13,15,-23.55416666,-46.74009194,T,0.203,0.1405,0.0457,0,20190541315
171,2019054,1600,2019,54,16,0,NA,NA,A,NA,NA,NA,NA,20190541600
172,2019054,1735,2019,54,17,35,NA,NA,A,NA,NA,NA,NA,20190541735
173,2019055,1400,2019,55,14,0,-23.55416666,-46.74009194,T,0.035,0.024,0.0123,0,20190551400
174,2019055,1640,2019,55,16,40,NA,NA,A,NA,NA,NA,NA,20190551640
175,2019055,1820,2019,55,18,20,NA,NA,A,NA,NA,NA,NA,20190551820
176,2019056,1305,2019,56,13,5,NA,NA,T,NA,NA,NA,NA,20190561305
177,2019056,1440,2019,56,14,40,NA,NA,T,NA,NA,NA,NA,20190561440
178,2019056,1725,2019,56,17,25,-23.55416666,-46.74009194,A,0.1115,0.0765,0.025,0,20190561725
179,2019057,1345,2019,57,13,45,NA,NA,T,NA,NA,NA,NA,20190571345
180,2019057,1630,2019,57,16,30,NA,NA,A,NA,NA,NA,NA,20190571630
181,2019057,1805,2019,57,18,5,NA,NA,A,NA,NA,NA,NA,20190571805
182,2019058,1250,2019,58,12,50,NA,NA,T,NA,NA,NA,NA,20190581250
183,2019058,1430,2019,58,14,30,NA,NA,T,NA,NA,NA,NA,20190581430
184,2019058,1710,2019,58,17,10,NA,NA,A,NA,NA,NA,NA,20190581710
185,2019059,1335,2019,59,13,35,NA,NA,T,NA,NA,NA,NA,20190591335
186,2019059,1615,2019,59,16,15,NA,NA,A,NA,NA,NA,NA,20190591615
187,2019059,1755,2019,59,17,55,NA,NA,A,NA,NA,NA,NA,20190591755
188,2019060,1240,2019,60,12,40,NA,NA,T,NA,NA,NA,NA,20190601240
189,2019060,1415,2019,60,14,15,NA,NA,T,NA,NA,NA,NA,20190601415
190,2019060,1700,2019,60,17,0,NA,NA,A,NA,NA,NA,NA,20190601700
191,2019061,1320,2019,61,13,20,NA,NA,T,NA,NA,NA,NA,20190611320
192,2019061,1605,2019,61,16,5,NA,NA,A,NA,NA,NA,NA,20190611605
193,2019061,1745,2019,61,17,45,NA,NA,A,NA,NA,NA,NA,20190611745
194,2019062,1225,2019,62,12,25,NA,NA,T,NA,NA,NA,NA,20190621225
195,2019062,1405,2019,62,14,5,NA,NA,T,NA,NA,NA,NA,20190621405
196,2019062,1650,2019,62,16,50,NA,NA,A,NA,NA,NA,NA,20190621650
197,2019062,1825,2019,62,18,25,NA,NA,A,NA,NA,NA,NA,20190621825
198,2019063,1310,2019,63,13,10,NA,NA,T,NA,NA,NA,NA,20190631310
199,2019063,1450,2019,63,14,50,NA,NA,T,NA,NA,NA,NA,20190631450
200,2019063,1550,2019,63,15,50,NA,NA,A,NA,NA,NA,NA,20190631550
201,2019063,1730,2019,63,17,30,NA,NA,A,NA,NA,NA,NA,20190631730
202,2019064,1350,2019,64,13,50,NA,NA,T,NA,NA,NA,NA,20190641350
203,2019064,1635,2019,64,16,35,NA,NA,A,NA,NA,NA,NA,20190641635
204,2019064,1810,2019,64,18,10,NA,NA,A,NA,NA,NA,NA,20190641810
205,2019065,1255,2019,65,12,55,-23.55416666,-46.74009194,T,0.068,0.046,0.0264,0,20190651255
206,2019065,1435,2019,65,14,35,NA,NA,T,NA,NA,NA,NA,20190651435
207,2019065,1720,2019,65,17,20,NA,NA,A,NA,NA,NA,NA,20190651720
208,2019066,1340,2019,66,13,40,NA,NA,T,NA,NA,NA,NA,20190661340
209,2019066,1800,2019,66,18,0,NA,NA,A,NA,NA,NA,NA,20190661800
210,2019067,1245,2019,67,12,45,NA,NA,T,NA,NA,NA,NA,20190671245
211,2019067,1425,2019,67,14,25,NA,NA,T,NA,NA,NA,NA,20190671425
212,2019067,1705,2019,67,17,5,NA,NA,A,NA,NA,NA,NA,20190671705
213,2019068,1330,2019,68,13,30,-23.55416666,-46.74009194,T,0.06025,0.04125,0.0444,0,20190681330
214,2019068,1610,2019,68,16,10,NA,NA,A,NA,NA,NA,NA,20190681610
215,2019068,1750,2019,68,17,50,NA,NA,A,NA,NA,NA,NA,20190681750
216,2019069,1235,2019,69,12,35,NA,NA,T,NA,NA,NA,NA,20190691235
217,2019069,1410,2019,69,14,10,NA,NA,T,NA,NA,NA,NA,20190691410
218,2019069,1655,2019,69,16,55,NA,NA,A,NA,NA,NA,NA,20190691655
219,2019069,1830,2019,69,18,30,NA,NA,A,NA,NA,NA,NA,20190691830
220,2019070,1315,2019,70,13,15,NA,NA,T,NA,NA,NA,NA,20190701315
221,2019070,1600,2019,70,16,0,NA,NA,A,NA,NA,NA,NA,20190701600
222,2019070,1735,2019,70,17,35,NA,NA,A,NA,NA,NA,NA,20190701735
223,2019071,1400,2019,71,14,0,-23.55416666,-46.74009194,T,0.1115,0.0765,0.0118,0,20190711400
224,2019071,1640,2019,71,16,40,NA,NA,A,NA,NA,NA,NA,20190711640
225,2019071,1820,2019,71,18,20,NA,NA,A,NA,NA,NA,NA,20190711820
226,2019072,1305,2019,72,13,5,NA,NA,T,NA,NA,NA,NA,20190721305
227,2019072,1440,2019,72,14,40,NA,NA,T,NA,NA,NA,NA,20190721440
228,2019072,1725,2019,72,17,25,NA,NA,A,NA,NA,NA,NA,20190721725
229,2019073,1345,2019,73,13,45,NA,NA,T,NA,NA,NA,NA,20190731345
230,2019073,1630,2019,73,16,30,NA,NA,A,NA,NA,NA,NA,20190731630
231,2019073,1805,2019,73,18,5,NA,NA,A,NA,NA,NA,NA,20190731805
232,2019074,1250,2019,74,12,50,NA,NA,T,NA,NA,NA,NA,20190741250
233,2019074,1430,2019,74,14,30,NA,NA,T,NA,NA,NA,NA,20190741430
234,2019074,1710,2019,74,17,10,NA,NA,A,NA,NA,NA,NA,20190741710
235,2019075,1335,2019,75,13,35,NA,NA,T,NA,NA,NA,NA,20190751335
236,2019075,1615,2019,75,16,15,NA,NA,A,NA,NA,NA,NA,20190751615
237,2019075,1755,2019,75,17,55,NA,NA,A,NA,NA,NA,NA,20190751755
238,2019076,1240,2019,76,12,40,NA,NA,T,NA,NA,NA,NA,20190761240
239,2019076,1415,2019,76,14,15,NA,NA,T,NA,NA,NA,NA,20190761415
240,2019076,1700,2019,76,17,0,NA,NA,A,NA,NA,NA,NA,20190761700
241,2019077,1320,2019,77,13,20,NA,NA,T,NA,NA,NA,NA,20190771320
242,2019077,1605,2019,77,16,5,NA,NA,A,NA,NA,NA,NA,20190771605
243,2019077,1745,2019,77,17,45,NA,NA,A,NA,NA,NA,NA,20190771745
244,2019078,1225,2019,78,12,25,NA,NA,T,NA,NA,NA,NA,20190781225
245,2019078,1405,2019,78,14,5,NA,NA,T,NA,NA,NA,NA,20190781405
246,2019078,1650,2019,78,16,50,NA,NA,A,NA,NA,NA,NA,20190781650
247,2019078,1825,2019,78,18,25,NA,NA,A,NA,NA,NA,NA,20190781825
248,2019079,1310,2019,79,13,10,NA,NA,T,NA,NA,NA,NA,20190791310
249,2019079,1450,2019,79,14,50,NA,NA,T,NA,NA,NA,NA,20190791450
250,2019079,1550,2019,79,15,50,NA,NA,A,NA,NA,NA,NA,20190791550
251,2019079,1730,2019,79,17,30,NA,NA,A,NA,NA,NA,NA,20190791730
252,2019080,1350,2019,80,13,50,NA,NA,T,NA,NA,NA,NA,20190801350
253,2019080,1635,2019,80,16,35,NA,NA,A,NA,NA,NA,NA,20190801635
254,2019080,1815,2019,80,18,15,NA,NA,A,NA,NA,NA,NA,20190801815
255,2019081,1255,2019,81,12,55,NA,NA,T,NA,NA,NA,NA,20190811255
256,2019081,1435,2019,81,14,35,NA,NA,T,NA,NA,NA,NA,20190811435
257,2019081,1720,2019,81,17,20,NA,NA,A,NA,NA,NA,NA,20190811720
258,2019082,1340,2019,82,13,40,-23.55416666,-46.73100119,T,0.03,0.021,0.022,0,20190821340
259,2019082,1625,2019,82,16,25,NA,NA,A,NA,NA,NA,NA,20190821625
260,2019082,1800,2019,82,18,0,NA,NA,A,NA,NA,NA,NA,20190821800
261,2019083,1245,2019,83,12,45,-23.55416666,-46.74009194,T,0.19225,0.13275,0.018,0,20190831245
262,2019083,1425,2019,83,14,25,NA,NA,T,NA,NA,NA,NA,20190831425
263,2019083,1705,2019,83,17,5,NA,NA,A,NA,NA,NA,NA,20190831705
264,2019084,1330,2019,84,13,30,-23.55416666,-46.74009194,T,0.09425,0.06475,0.0408,0,20190841330
265,2019084,1610,2019,84,16,10,NA,NA,A,NA,NA,NA,NA,20190841610
266,2019084,1750,2019,84,17,50,NA,NA,A,NA,NA,NA,NA,20190841750
267,2019085,1235,2019,85,12,35,NA,NA,T,NA,NA,NA,NA,20190851235
268,2019085,1410,2019,85,14,10,NA,NA,T,NA,NA,NA,NA,20190851410
269,2019085,1655,2019,85,16,55,NA,NA,A,NA,NA,NA,NA,20190851655
270,2019085,1830,2019,85,18,30,NA,NA,A,NA,NA,NA,NA,20190851830
271,2019086,1315,2019,86,13,15,-23.55416666,-46.74009194,T,0.35075,0.245,0.046,0,20190861315
272,2019086,1600,2019,86,16,0,NA,NA,A,NA,NA,NA,NA,20190861600
273,2019086,1735,2019,86,17,35,NA,NA,A,NA,NA,NA,NA,20190861735
274,2019087,1400,2019,87,14,0,NA,NA,T,NA,NA,NA,NA,20190871400
275,2019087,1640,2019,87,16,40,NA,NA,A,NA,NA,NA,NA,20190871640
276,2019087,1820,2019,87,18,20,NA,NA,A,NA,NA,NA,NA,20190871820
277,2019088,1305,2019,88,13,5,NA,NA,T,NA,NA,NA,NA,20190881305
278,2019088,1440,2019,88,14,40,NA,NA,T,NA,NA,NA,NA,20190881440
279,2019088,1725,2019,88,17,25,NA,NA,A,NA,NA,NA,NA,20190881725
280,2019089,1345,2019,89,13,45,NA,NA,T,NA,NA,NA,NA,20190891345
281,2019089,1630,2019,89,16,30,NA,NA,A,NA,NA,NA,NA,20190891630
282,2019089,1805,2019,89,18,5,NA,NA,A,NA,NA,NA,NA,20190891805
283,2019090,1250,2019,90,12,50,-23.55416666,-46.74009194,T,0.142,0.0975,0.021,0,20190901250
284,2019090,1430,2019,90,14,30,NA,NA,T,NA,NA,NA,NA,20190901430
285,2019090,1710,2019,90,17,10,NA,NA,A,NA,NA,NA,NA,20190901710
286,2019091,1335,2019,91,13,35,NA,NA,T,NA,NA,NA,NA,20190911335
287,2019091,1615,2019,91,16,15,NA,NA,A,NA,NA,NA,NA,20190911615
288,2019091,1755,2019,91,17,55,NA,NA,A,NA,NA,NA,NA,20190911755
289,2019092,1240,2019,92,12,40,-23.55416666,-46.74009194,T,0.214,0.14825,0.0158,0,20190921240
290,2019092,1415,2019,92,14,15,NA,NA,T,NA,NA,NA,NA,20190921415
291,2019092,1700,2019,92,17,0,NA,NA,A,NA,NA,NA,NA,20190921700
292,2019093,1320,2019,93,13,20,NA,NA,T,NA,NA,NA,NA,20190931320
293,2019093,1605,2019,93,16,5,NA,NA,A,NA,NA,NA,NA,20190931605
294,2019093,1745,2019,93,17,45,-23.55416666,-46.74009194,A,0.13125,0.09025,0.0144,0,20190931745
295,2019094,1225,2019,94,12,25,NA,NA,T,NA,NA,NA,NA,20190941225
296,2019094,1405,2019,94,14,5,-23.55416666,-46.74009194,T,0.07275,0.04975,0.0088,0,20190941405
297,2019094,1825,2019,94,18,25,NA,NA,A,NA,NA,NA,NA,20190941825
298,2019095,1310,2019,95,13,10,NA,NA,T,NA,NA,NA,NA,20190951310
299,2019095,1450,2019,95,14,50,NA,NA,T,NA,NA,NA,NA,20190951450
300,2019095,1550,2019,95,15,50,NA,NA,A,NA,NA,NA,NA,20190951550
301,2019095,1730,2019,95,17,30,NA,NA,A,NA,NA,NA,NA,20190951730
302,2019096,1350,2019,96,13,50,NA,NA,T,NA,NA,NA,NA,20190961350
303,2019096,1635,2019,96,16,35,NA,NA,A,NA,NA,NA,NA,20190961635
304,2019096,1815,2019,96,18,15,NA,NA,A,NA,NA,NA,NA,20190961815
305,2019097,1255,2019,97,12,55,NA,NA,T,NA,NA,NA,NA,20190971255
306,2019097,1435,2019,97,14,35,NA,NA,T,NA,NA,NA,NA,20190971435
307,2019097,1720,2019,97,17,20,NA,NA,A,NA,NA,NA,NA,20190971720
308,2019098,1340,2019,98,13,40,NA,NA,T,NA,NA,NA,NA,20190981340
309,2019098,1625,2019,98,16,25,NA,NA,A,NA,NA,NA,NA,20190981625
310,2019098,1800,2019,98,18,0,NA,NA,A,NA,NA,NA,NA,20190981800
311,2019099,1245,2019,99,12,45,NA,NA,T,NA,NA,NA,NA,20190991245
312,2019099,1425,2019,99,14,25,NA,NA,T,NA,NA,NA,NA,20190991425
313,2019099,1705,2019,99,17,5,NA,NA,A,NA,NA,NA,NA,20190991705
314,2019100,1330,2019,100,13,30,NA,NA,T,NA,NA,NA,NA,20191001330
315,2019100,1610,2019,100,16,10,NA,NA,A,NA,NA,NA,NA,20191001610
316,2019100,1750,2019,100,17,50,NA,NA,A,NA,NA,NA,NA,20191001750
317,2019101,1235,2019,101,12,35,NA,NA,T,NA,NA,NA,NA,20191011235
318,2019101,1410,2019,101,14,10,NA,NA,T,NA,NA,NA,NA,20191011410
319,2019101,1655,2019,101,16,55,NA,NA,A,NA,NA,NA,NA,20191011655
320,2019101,1830,2019,101,18,30,NA,NA,A,NA,NA,NA,NA,20191011830
321,2019102,1315,2019,102,13,15,NA,NA,T,NA,NA,NA,NA,20191021315
322,2019102,1600,2019,102,16,0,NA,NA,A,NA,NA,NA,NA,20191021600
323,2019102,1735,2019,102,17,35,NA,NA,A,NA,NA,NA,NA,20191021735
324,2019103,1400,2019,103,14,0,NA,NA,T,NA,NA,NA,NA,20191031400
325,2019103,1640,2019,103,16,40,NA,NA,A,NA,NA,NA,NA,20191031640
326,2019103,1820,2019,103,18,20,NA,NA,A,NA,NA,NA,NA,20191031820
327,2019104,1305,2019,104,13,5,NA,NA,T,NA,NA,NA,NA,20191041305
328,2019104,1440,2019,104,14,40,NA,NA,T,NA,NA,NA,NA,20191041440
329,2019104,1725,2019,104,17,25,NA,NA,A,NA,NA,NA,NA,20191041725
330,2019105,1345,2019,105,13,45,-23.55416666,-46.74009194,T,0.182,0.125,0.0173,0,20191051345
331,2019105,1630,2019,105,16,30,NA,NA,A,NA,NA,NA,NA,20191051630
332,2019105,1805,2019,105,18,5,NA,NA,A,NA,NA,NA,NA,20191051805
333,2019106,1250,2019,106,12,50,-23.55416666,-46.74009194,T,0.221,0.1535,0.0177,0,20191061250
334,2019106,1430,2019,106,14,30,NA,NA,T,NA,NA,NA,NA,20191061430
335,2019106,1710,2019,106,17,10,NA,NA,A,NA,NA,NA,NA,20191061710
336,2019107,1335,2019,107,13,35,NA,NA,T,NA,NA,NA,NA,20191071335
337,2019107,1615,2019,107,16,15,NA,NA,A,NA,NA,NA,NA,20191071615
338,2019107,1755,2019,107,17,55,NA,NA,A,NA,NA,NA,NA,20191071755
339,2019108,1240,2019,108,12,40,-23.55416666,-46.74009194,T,0.06275,0.04275,0.0142,0,20191081240
340,2019108,1415,2019,108,14,15,NA,NA,T,NA,NA,NA,NA,20191081415
341,2019108,1700,2019,108,17,0,NA,NA,A,NA,NA,NA,NA,20191081700
342,2019109,1320,2019,109,13,20,NA,NA,T,NA,NA,NA,NA,20191091320
343,2019109,1605,2019,109,16,5,NA,NA,A,NA,NA,NA,NA,20191091605
344,2019109,1745,2019,109,17,45,-23.55416666,-46.74009194,A,0.02375,0.01625,0.0123,0,20191091745
345,2019110,1225,2019,110,12,25,NA,NA,T,NA,NA,NA,NA,20191101225
346,2019110,1405,2019,110,14,5,-23.55416666,-46.74009194,T,0.03,0.0205,0.0086,0,20191101405
347,2019110,1650,2019,110,16,50,NA,NA,A,NA,NA,NA,NA,20191101650
348,2019110,1825,2019,110,18,25,NA,NA,A,NA,NA,NA,NA,20191101825
349,2019111,1310,2019,111,13,10,NA,NA,T,NA,NA,NA,NA,20191111310
350,2019111,1450,2019,111,14,50,NA,NA,T,NA,NA,NA,NA,20191111450
351,2019111,1550,2019,111,15,50,NA,NA,A,NA,NA,NA,NA,20191111550
352,2019111,1730,2019,111,17,30,NA,NA,A,NA,NA,NA,NA,20191111730
353,2019112,1355,2019,112,13,55,-23.55416666,-46.74009194,T,0.303,0.21075,0.0127,0,20191121355
354,2019112,1635,2019,112,16,35,NA,NA,A,NA,NA,NA,NA,20191121635
355,2019112,1810,2019,112,18,10,NA,NA,A,NA,NA,NA,NA,20191121810
356,2019113,1255,2019,113,12,55,NA,NA,T,NA,NA,NA,NA,20191131255
357,2019113,1435,2019,113,14,35,NA,NA,T,NA,NA,NA,NA,20191131435
358,2019113,1720,2019,113,17,20,NA,NA,A,NA,NA,NA,NA,20191131720
359,2019114,1340,2019,114,13,40,NA,NA,T,NA,NA,NA,NA,20191141340
360,2019114,1625,2019,114,16,25,NA,NA,A,NA,NA,NA,NA,20191141625
361,2019114,1800,2019,114,18,0,NA,NA,A,NA,NA,NA,NA,20191141800
362,2019115,1245,2019,115,12,45,-23.55416666,-46.74009194,T,0.34675,0.24225,0.016,0,20191151245
363,2019115,1425,2019,115,14,25,NA,NA,T,NA,NA,NA,NA,20191151425
364,2019115,1705,2019,115,17,5,NA,NA,A,NA,NA,NA,NA,20191151705
365,2019116,1330,2019,116,13,30,NA,NA,T,NA,NA,NA,NA,20191161330
366,2019116,1610,2019,116,16,10,NA,NA,A,NA,NA,NA,NA,20191161610
367,2019116,1750,2019,116,17,50,NA,NA,A,NA,NA,NA,NA,20191161750
368,2019117,1235,2019,117,12,35,NA,NA,T,NA,NA,NA,NA,20191171235
369,2019117,1410,2019,117,14,10,NA,NA,T,NA,NA,NA,NA,20191171410
370,2019117,1655,2019,117,16,55,NA,NA,A,NA,NA,NA,NA,20191171655
371,2019117,1830,2019,117,18,30,NA,NA,A,NA,NA,NA,NA,20191171830
372,2019118,1315,2019,118,13,15,-23.55416666,-46.74009194,T,0.10867,0.07467,0.0492,0,20191181315
373,2019118,1600,2019,118,16,0,NA,NA,A,NA,NA,NA,NA,20191181600
374,2019118,1735,2019,118,17,35,NA,NA,A,NA,NA,NA,NA,20191181735
375,2019119,1400,2019,119,14,0,NA,NA,T,NA,NA,NA,NA,20191191400
376,2019119,1640,2019,119,16,40,NA,NA,A,NA,NA,NA,NA,20191191640
377,2019119,1820,2019,119,18,20,NA,NA,A,NA,NA,NA,NA,20191191820
378,2019120,1305,2019,120,13,5,NA,NA,T,NA,NA,NA,NA,20191201305
379,2019120,1440,2019,120,14,40,NA,NA,T,NA,NA,NA,NA,20191201440
380,2019120,1725,2019,120,17,25,NA,NA,A,NA,NA,NA,NA,20191201725
381,2019121,1345,2019,121,13,45,NA,NA,T,NA,NA,NA,NA,20191211345
382,2019121,1630,2019,121,16,30,NA,NA,A,NA,NA,NA,NA,20191211630
383,2019121,1805,2019,121,18,5,NA,NA,A,NA,NA,NA,NA,20191211805
384,2019122,1250,2019,122,12,50,NA,NA,T,NA,NA,NA,NA,20191221250
385,2019122,1430,2019,122,14,30,NA,NA,T,NA,NA,NA,NA,20191221430
386,2019122,1710,2019,122,17,10,NA,NA,A,NA,NA,NA,NA,20191221710
387,2019123,1335,2019,123,13,35,NA,NA,T,NA,NA,NA,NA,20191231335
388,2019123,1615,2019,123,16,15,NA,NA,A,NA,NA,NA,NA,20191231615
389,2019123,1755,2019,123,17,55,NA,NA,A,NA,NA,NA,NA,20191231755
390,2019124,1240,2019,124,12,40,NA,NA,T,NA,NA,NA,NA,20191241240
391,2019124,1415,2019,124,14,15,NA,NA,T,NA,NA,NA,NA,20191241415
392,2019124,1700,2019,124,17,0,NA,NA,A,NA,NA,NA,NA,20191241700
393,2019125,1320,2019,125,13,20,NA,NA,T,NA,NA,NA,NA,20191251320
394,2019125,1605,2019,125,16,5,NA,NA,A,NA,NA,NA,NA,20191251605
395,2019125,1745,2019,125,17,45,NA,NA,A,NA,NA,NA,NA,20191251745
396,2019126,1225,2019,126,12,25,NA,NA,T,NA,NA,NA,NA,20191261225
397,2019126,1405,2019,126,14,5,NA,NA,T,NA,NA,NA,NA,20191261405
398,2019126,1650,2019,126,16,50,NA,NA,A,NA,NA,NA,NA,20191261650
399,2019126,1825,2019,126,18,25,NA,NA,A,NA,NA,NA,NA,20191261825
400,2019127,1310,2019,127,13,10,NA,NA,T,NA,NA,NA,NA,20191271310
401,2019127,1450,2019,127,14,50,NA,NA,T,NA,NA,NA,NA,20191271450
402,2019127,1550,2019,127,15,50,NA,NA,A,NA,NA,NA,NA,20191271550
403,2019127,1730,2019,127,17,30,NA,NA,A,NA,NA,NA,NA,20191271730
404,2019128,1355,2019,128,13,55,NA,NA,T,NA,NA,NA,NA,20191281355
405,2019128,1635,2019,128,16,35,NA,NA,A,NA,NA,NA,NA,20191281635
406,2019128,1810,2019,128,18,10,NA,NA,A,NA,NA,NA,NA,20191281810
407,2019129,1255,2019,129,12,55,NA,NA,T,NA,NA,NA,NA,20191291255
408,2019129,1435,2019,129,14,35,NA,NA,T,NA,NA,NA,NA,20191291435
409,2019129,1720,2019,129,17,20,NA,NA,A,NA,NA,NA,NA,20191291720
410,2019130,1340,2019,130,13,40,NA,NA,T,NA,NA,NA,NA,20191301340
411,2019130,1625,2019,130,16,25,NA,NA,A,NA,NA,NA,NA,20191301625
412,2019130,1800,2019,130,18,0,NA,NA,A,NA,NA,NA,NA,20191301800
413,2019131,1245,2019,131,12,45,NA,NA,T,NA,NA,NA,NA,20191311245
414,2019131,1425,2019,131,14,25,NA,NA,T,NA,NA,NA,NA,20191311425
415,2019131,1705,2019,131,17,5,NA,NA,A,NA,NA,NA,NA,20191311705
416,2019132,1330,2019,132,13,30,NA,NA,T,NA,NA,NA,NA,20191321330
417,2019132,1610,2019,132,16,10,NA,NA,A,NA,NA,NA,NA,20191321610
418,2019132,1750,2019,132,17,50,NA,NA,A,NA,NA,NA,NA,20191321750
419,2019133,1235,2019,133,12,35,NA,NA,T,NA,NA,NA,NA,20191331235
420,2019133,1410,2019,133,14,10,NA,NA,T,NA,NA,NA,NA,20191331410
421,2019133,1655,2019,133,16,55,NA,NA,A,NA,NA,NA,NA,20191331655
422,2019133,1830,2019,133,18,30,NA,NA,A,NA,NA,NA,NA,20191331830
423,2019134,1315,2019,134,13,15,NA,NA,T,NA,NA,NA,NA,20191341315
424,2019134,1600,2019,134,16,0,NA,NA,A,NA,NA,NA,NA,20191341600
425,2019134,1735,2019,134,17,35,NA,NA,A,NA,NA,NA,NA,20191341735
426,2019135,1400,2019,135,14,0,NA,NA,T,NA,NA,NA,NA,20191351400
427,2019135,1640,2019,135,16,40,NA,NA,A,NA,NA,NA,NA,20191351640
428,2019135,1820,2019,135,18,20,NA,NA,A,NA,NA,NA,NA,20191351820
429,2019136,1305,2019,136,13,5,NA,NA,T,NA,NA,NA,NA,20191361305
430,2019136,1440,2019,136,14,40,NA,NA,T,NA,NA,NA,NA,20191361440
431,2019136,1725,2019,136,17,25,NA,NA,A,NA,NA,NA,NA,20191361725
432,2019137,1345,2019,137,13,45,NA,NA,T,NA,NA,NA,NA,20191371345
433,2019137,1630,2019,137,16,30,NA,NA,A,NA,NA,NA,NA,20191371630
434,2019137,1805,2019,137,18,5,NA,NA,A,NA,NA,NA,NA,20191371805
435,2019138,1250,2019,138,12,50,NA,NA,T,NA,NA,NA,NA,20191381250
436,2019138,1430,2019,138,14,30,NA,NA,T,NA,NA,NA,NA,20191381430
437,2019138,1710,2019,138,17,10,NA,NA,A,NA,NA,NA,NA,20191381710
438,2019139,1335,2019,139,13,35,NA,NA,T,NA,NA,NA,NA,20191391335
439,2019139,1615,2019,139,16,15,NA,NA,A,NA,NA,NA,NA,20191391615
440,2019139,1755,2019,139,17,55,NA,NA,A,NA,NA,NA,NA,20191391755
441,2019140,1240,2019,140,12,40,NA,NA,T,NA,NA,NA,NA,20191401240
442,2019140,1415,2019,140,14,15,NA,NA,T,NA,NA,NA,NA,20191401415
443,2019140,1700,2019,140,17,0,NA,NA,A,NA,NA,NA,NA,20191401700
444,2019141,1320,2019,141,13,20,NA,NA,T,NA,NA,NA,NA,20191411320
445,2019141,1605,2019,141,16,5,NA,NA,A,NA,NA,NA,NA,20191411605
446,2019141,1745,2019,141,17,45,-23.55416666,-46.74009194,A,0.065,0.044,0.0068,0,20191411745
447,2019142,1225,2019,142,12,25,NA,NA,T,NA,NA,NA,NA,20191421225
448,2019142,1405,2019,142,14,5,-23.55416666,-46.74009194,T,0.04725,0.03225,0.0068,0,20191421405
449,2019142,1645,2019,142,16,45,NA,NA,A,NA,NA,NA,NA,20191421645
450,2019142,1825,2019,142,18,25,NA,NA,A,NA,NA,NA,NA,20191421825
451,2019143,1310,2019,143,13,10,NA,NA,T,NA,NA,NA,NA,20191431310
452,2019143,1450,2019,143,14,50,NA,NA,T,NA,NA,NA,NA,20191431450
453,2019143,1550,2019,143,15,50,NA,NA,A,NA,NA,NA,NA,20191431550
454,2019143,1730,2019,143,17,30,NA,NA,A,NA,NA,NA,NA,20191431730
455,2019144,1350,2019,144,13,50,NA,NA,T,NA,NA,NA,NA,20191441350
456,2019144,1635,2019,144,16,35,NA,NA,A,NA,NA,NA,NA,20191441635
457,2019144,1810,2019,144,18,10,NA,NA,A,NA,NA,NA,NA,20191441810
458,2019146,1340,2019,146,13,40,-23.55416666,-46.74009194,T,0.1725,0.1185,0.015,0,20191461340
459,2019146,1625,2019,146,16,25,-23.55416666,-46.74009194,A,0.10325,0.071,0.0082,0,20191461625
460,2019146,1800,2019,146,18,0,NA,NA,A,NA,NA,NA,NA,20191461800
34,2019145,1255,2019,145,12,55,NA,NA,T,NA,NA,NA,NA,20191451255
35,2019145,1435,2019,145,14,35,NA,NA,T,NA,NA,NA,NA,20191451435
36,2019145,1720,2019,145,17,20,NA,NA,A,NA,NA,NA,NA,20191451720
461,2019147,1245,2019,147,12,45,-23.55416666,-46.74009194,T,0.04825,0.03275,0.0108,0,20191471245
462,2019147,1425,2019,147,14,25,NA,NA,T,NA,NA,NA,NA,20191471425
463,2019147,1705,2019,147,17,5,NA,NA,A,NA,NA,NA,NA,20191471705
464,2019148,1330,2019,148,13,30,-23.55416666,-46.74009194,T,0.1235,0.085,0.0303,0,20191481330
465,2019148,1610,2019,148,16,10,-23.55416666,-46.74009194,A,0.1105,0.076,0.0055,0,20191481610
466,2019148,1750,2019,148,17,50,NA,NA,A,NA,NA,NA,NA,20191481750
467,2019149,1235,2019,149,12,35,NA,NA,T,NA,NA,NA,NA,20191491235
468,2019149,1410,2019,149,14,10,NA,NA,T,NA,NA,NA,NA,20191491410
469,2019149,1655,2019,149,16,55,NA,NA,A,NA,NA,NA,NA,20191491655
470,2019149,1830,2019,149,18,30,NA,NA,A,NA,NA,NA,NA,20191491830
471,2019150,1315,2019,150,13,15,NA,NA,T,NA,NA,NA,NA,20191501315
472,2019150,1600,2019,150,16,0,NA,NA,A,NA,NA,NA,NA,20191501600
473,2019150,1735,2019,150,17,35,NA,NA,A,NA,NA,NA,NA,20191501735
474,2019151,1400,2019,151,14,0,NA,NA,T,NA,NA,NA,NA,20191511400
475,2019151,1640,2019,151,16,40,NA,NA,A,NA,NA,NA,NA,20191511640
476,2019151,1820,2019,151,18,20,NA,NA,A,NA,NA,NA,NA,20191511820
477,2019152,1305,2019,152,13,5,NA,NA,T,NA,NA,NA,NA,20191521305
478,2019152,1440,2019,152,14,40,NA,NA,T,NA,NA,NA,NA,20191521440
479,2019152,1725,2019,152,17,25,NA,NA,A,NA,NA,NA,NA,20191521725
480,2019153,1345,2019,153,13,45,NA,NA,T,NA,NA,NA,NA,20191531345
481,2019153,1630,2019,153,16,30,NA,NA,A,NA,NA,NA,NA,20191531630
482,2019153,1805,2019,153,18,5,NA,NA,A,NA,NA,NA,NA,20191531805
483,2019154,1250,2019,154,12,50,NA,NA,T,NA,NA,NA,NA,20191541250
484,2019154,1430,2019,154,14,30,NA,NA,T,NA,NA,NA,NA,20191541430
485,2019154,1710,2019,154,17,10,NA,NA,A,NA,NA,NA,NA,20191541710
486,2019155,1335,2019,155,13,35,NA,NA,T,NA,NA,NA,NA,20191551335
487,2019155,1615,2019,155,16,15,NA,NA,A,NA,NA,NA,NA,20191551615
488,2019155,1755,2019,155,17,55,NA,NA,A,NA,NA,NA,NA,20191551755
489,2019156,1240,2019,156,12,40,NA,NA,T,NA,NA,NA,NA,20191561240
490,2019156,1415,2019,156,14,15,NA,NA,T,NA,NA,NA,NA,20191561415
491,2019156,1700,2019,156,17,0,NA,NA,A,NA,NA,NA,NA,20191561700
492,2019157,1320,2019,157,13,20,NA,NA,T,NA,NA,NA,NA,20191571320
493,2019157,1605,2019,157,16,5,NA,NA,A,NA,NA,NA,NA,20191571605
494,2019157,1745,2019,157,17,45,NA,NA,A,NA,NA,NA,NA,20191571745
495,2019158,1225,2019,158,12,25,NA,NA,T,NA,NA,NA,NA,20191581225
496,2019158,1405,2019,158,14,5,-23.55416666,-46.74009194,T,0.02275,0.01575,0.0067,0,20191581405
497,2019158,1645,2019,158,16,45,-23.55416666,-46.74009194,A,0.08225,0.0565,0.0241,0,20191581645
498,2019158,1825,2019,158,18,25,NA,NA,A,NA,NA,NA,NA,20191581825
499,2019159,1310,2019,159,13,10,NA,NA,T,NA,NA,NA,NA,20191591310
500,2019159,1450,2019,159,14,50,NA,NA,T,NA,NA,NA,NA,20191591450
501,2019159,1550,2019,159,15,50,NA,NA,A,NA,NA,NA,NA,20191591550
502,2019159,1730,2019,159,17,30,NA,NA,A,NA,NA,NA,NA,20191591730
503,2019160,1350,2019,160,13,50,-23.55416666,-46.74009194,T,0.05625,0.0385,0.0097,0,20191601350
504,2019160,1635,2019,160,16,35,-23.55416666,-46.74009194,A,0.0925,0.0635,0.0146,0,20191601635
505,2019160,1810,2019,160,18,10,NA,NA,A,NA,NA,NA,NA,20191601810
506,2019161,1255,2019,161,12,55,-23.55416666,-46.74009194,T,0.095,0.065,0.0161,0,20191611255
507,2019161,1435,2019,161,14,35,NA,NA,T,NA,NA,NA,NA,20191611435
508,2019161,1720,2019,161,17,20,-23.55416666,-46.74009194,A,0.08975,0.06175,0.0176,0,20191611720
509,2019162,1340,2019,162,13,40,-23.55416666,-46.74009194,T,0.1265,0.087,0.0142,0,20191621340
510,2019162,1625,2019,162,16,25,-23.55416666,-46.74009194,A,0.1235,0.0845,0.0079,0,20191621625
511,2019162,1800,2019,162,18,0,NA,NA,A,NA,NA,NA,NA,20191621800
512,2019163,1245,2019,163,12,45,NA,NA,T,NA,NA,NA,NA,20191631245
513,2019163,1425,2019,163,14,25,NA,NA,T,NA,NA,NA,NA,20191631425
514,2019163,1705,2019,163,17,5,NA,NA,A,NA,NA,NA,NA,20191631705
515,2019164,1330,2019,164,13,30,-23.55416666,-46.74009194,T,0.11475,0.07875,0.0226,0,20191641330
516,2019164,1610,2019,164,16,10,NA,NA,A,NA,NA,NA,NA,20191641610
517,2019164,1750,2019,164,17,50,NA,NA,A,NA,NA,NA,NA,20191641750
518,2019165,1235,2019,165,12,35,NA,NA,T,NA,NA,NA,NA,20191651235
519,2019165,1410,2019,165,14,10,NA,NA,T,NA,NA,NA,NA,20191651410
520,2019165,1655,2019,165,16,55,NA,NA,A,NA,NA,NA,NA,20191651655
521,2019165,1830,2019,165,18,30,NA,NA,A,NA,NA,NA,NA,20191651830
522,2019166,1315,2019,166,13,15,-23.55416666,-46.74009194,T,0.07575,0.05175,0.0262,0,20191661315
523,2019166,1600,2019,166,16,0,NA,NA,A,NA,NA,NA,NA,20191661600
524,2019166,1735,2019,166,17,35,NA,NA,A,NA,NA,NA,NA,20191661735
525,2019167,1400,2019,167,14,0,NA,NA,T,NA,NA,NA,NA,20191671400
526,2019167,1640,2019,167,16,40,NA,NA,A,NA,NA,NA,NA,20191671640
527,2019167,1820,2019,167,18,20,NA,NA,A,NA,NA,NA,NA,20191671820
528,2019168,1305,2019,168,13,5,-23.55416666,-46.74009194,T,0.25725,0.17825,0.0231,0,20191681305
529,2019168,1440,2019,168,14,40,NA,NA,T,NA,NA,NA,NA,20191681440
530,2019168,1725,2019,168,17,25,NA,NA,A,NA,NA,NA,NA,20191681725
531,2019169,1345,2019,169,13,45,NA,NA,T,NA,NA,NA,NA,20191691345
532,2019169,1630,2019,169,16,30,NA,NA,A,NA,NA,NA,NA,20191691630
533,2019169,1805,2019,169,18,5,NA,NA,A,NA,NA,NA,NA,20191691805
534,2019170,1250,2019,170,12,50,NA,NA,T,NA,NA,NA,NA,20191701250
535,2019170,1430,2019,170,14,30,NA,NA,T,NA,NA,NA,NA,20191701430
536,2019170,1710,2019,170,17,10,NA,NA,A,NA,NA,NA,NA,20191701710
537,2019171,1335,2019,171,13,35,-23.55416666,-46.74009194,T,0.2235,0.155,0.0195,0,20191711335
538,2019171,1615,2019,171,16,15,NA,NA,A,NA,NA,NA,NA,20191711615
539,2019171,1755,2019,171,17,55,NA,NA,A,NA,NA,NA,NA,20191711755
540,2019172,1240,2019,172,12,40,NA,NA,T,NA,NA,NA,NA,20191721240
541,2019172,1415,2019,172,14,15,NA,NA,T,NA,NA,NA,NA,20191721415
542,2019172,1700,2019,172,17,0,NA,NA,A,NA,NA,NA,NA,20191721700
543,2019173,1320,2019,173,13,20,NA,NA,T,NA,NA,NA,NA,20191731320
544,2019173,1605,2019,173,16,5,NA,NA,A,NA,NA,NA,NA,20191731605
545,2019173,1740,2019,173,17,40,NA,NA,A,NA,NA,NA,NA,20191731740
546,2019174,1225,2019,174,12,25,NA,NA,T,NA,NA,NA,NA,20191741225
547,2019174,1405,2019,174,14,5,-23.55416666,-46.74009194,T,0.0705,0.048,0.006,0,20191741405
548,2019174,1645,2019,174,16,45,-23.55416666,-46.74009194,A,0.08775,0.06025,0.0185,0,20191741645
549,2019174,1825,2019,174,18,25,NA,NA,A,NA,NA,NA,NA,20191741825
550,2019175,1310,2019,175,13,10,-23.55416666,-46.74009194,T,0.03875,0.02625,0.0227,0,20191751310
551,2019175,1450,2019,175,14,50,NA,NA,T,NA,NA,NA,NA,20191751450
552,2019175,1550,2019,175,15,50,NA,NA,A,NA,NA,NA,NA,20191751550
553,2019175,1730,2019,175,17,30,-23.55416666,-46.74009194,A,0.06325,0.043,0.016,0,20191751730
554,2019176,1350,2019,176,13,50,-23.55416666,-46.74009194,T,0.02725,0.0185,0.0088,0,20191761350
555,2019176,1635,2019,176,16,35,-23.55416666,-46.74009194,A,0.07675,0.05225,0.0122,0,20191761635
556,2019176,1810,2019,176,18,10,NA,NA,A,NA,NA,NA,NA,20191761810
557,2019177,1255,2019,177,12,55,-23.55416666,-46.74009194,T,0.03425,0.0235,0.0174,0,20191771255
558,2019177,1435,2019,177,14,35,NA,NA,T,NA,NA,NA,NA,20191771435
559,2019177,1720,2019,177,17,20,NA,NA,A,NA,NA,NA,NA,20191771720
560,2019178,1340,2019,178,13,40,NA,NA,T,NA,NA,NA,NA,20191781340
561,2019178,1625,2019,178,16,25,-23.55416666,-46.74009194,A,0.16925,0.1165,0.0096,0,20191781625
562,2019178,1800,2019,178,18,0,NA,NA,A,NA,NA,NA,NA,20191781800
563,2019179,1245,2019,179,12,45,-23.55416666,-46.74009194,T,0.19025,0.13075,0.0119,0,20191791245
564,2019179,1425,2019,179,14,25,NA,NA,T,NA,NA,NA,NA,20191791425
565,2019179,1705,2019,179,17,5,NA,NA,A,NA,NA,NA,NA,20191791705
566,2019180,1330,2019,180,13,30,-23.55416666,-46.74009194,T,0.0295,0.02025,0.0303,0,20191801330
567,2019180,1610,2019,180,16,10,-23.55416666,-46.74009194,A,0.06475,0.04425,0.0055,0,20191801610
568,2019180,1750,2019,180,17,50,NA,NA,A,NA,NA,NA,NA,20191801750
569,2019181,1230,2019,181,12,30,NA,NA,T,NA,NA,NA,NA,20191811230
570,2019181,1410,2019,181,14,10,NA,NA,T,NA,NA,NA,NA,20191811410
571,2019181,1655,2019,181,16,55,-23.55416666,-46.74009194,A,0.06475,0.0445,0.0286,0,20191811655
572,2019181,1830,2019,181,18,30,NA,NA,A,NA,NA,NA,NA,20191811830
573,2019182,1315,2019,182,13,15,NA,NA,T,NA,NA,NA,NA,20191821315
574,2019182,1600,2019,182,16,0,NA,NA,A,NA,NA,NA,NA,20191821600
575,2019182,1735,2019,182,17,35,-23.55416666,-46.74009194,A,0.043,0.0295,0.0101,0,20191821735
576,2019183,1400,2019,183,14,0,NA,NA,T,NA,NA,NA,NA,20191831400
577,2019183,1640,2019,183,16,40,NA,NA,A,NA,NA,NA,NA,20191831640
578,2019183,1820,2019,183,18,20,NA,NA,A,NA,NA,NA,NA,20191831820
579,2019184,1305,2019,184,13,5,NA,NA,T,NA,NA,NA,NA,20191841305
580,2019184,1440,2019,184,14,40,NA,NA,T,NA,NA,NA,NA,20191841440
581,2019184,1725,2019,184,17,25,NA,NA,A,NA,NA,NA,NA,20191841725
582,2019185,1345,2019,185,13,45,NA,NA,T,NA,NA,NA,NA,20191851345
583,2019185,1630,2019,185,16,30,NA,NA,A,NA,NA,NA,NA,20191851630
584,2019185,1805,2019,185,18,5,NA,NA,A,NA,NA,NA,NA,20191851805
585,2019186,1250,2019,186,12,50,NA,NA,T,NA,NA,NA,NA,20191861250
586,2019186,1430,2019,186,14,30,NA,NA,T,NA,NA,NA,NA,20191861430
587,2019186,1710,2019,186,17,10,NA,NA,A,NA,NA,NA,NA,20191861710
588,2019187,1335,2019,187,13,35,-23.55416666,-46.74009194,T,0.09175,0.063,0.0233,0,20191871335
589,2019187,1615,2019,187,16,15,NA,NA,A,NA,NA,NA,NA,20191871615
590,2019187,1755,2019,187,17,55,NA,NA,A,NA,NA,NA,NA,20191871755
591,2019188,1240,2019,188,12,40,NA,NA,T,NA,NA,NA,NA,20191881240
592,2019188,1415,2019,188,14,15,NA,NA,T,NA,NA,NA,NA,20191881415
593,2019188,1700,2019,188,17,0,NA,NA,A,NA,NA,NA,NA,20191881700
594,2019189,1320,2019,189,13,20,-23.55416666,-46.74009194,T,0.04325,0.02925,0.0308,0,20191891320
595,2019189,1605,2019,189,16,5,NA,NA,A,NA,NA,NA,NA,20191891605
596,2019189,1740,2019,189,17,40,-23.55416666,-46.74009194,A,0.02675,0.01825,0.0092,0,20191891740
597,2019190,1225,2019,190,12,25,NA,NA,T,NA,NA,NA,NA,20191901225
598,2019190,1405,2019,190,14,5,-23.55416666,-46.74009194,T,0.03075,0.021,0.0066,0,20191901405
599,2019190,1645,2019,190,16,45,-23.55416666,-46.74009194,A,0.0555,0.03775,0.0281,0,20191901645
600,2019190,1825,2019,190,18,25,NA,NA,A,NA,NA,NA,NA,20191901825
601,2019191,1310,2019,191,13,10,-23.55416666,-46.74009194,T,0.13725,0.0945,0.0259,0,20191911310
602,2019191,1445,2019,191,14,45,NA,NA,T,NA,NA,NA,NA,20191911445
603,2019191,1550,2019,191,15,50,NA,NA,A,NA,NA,NA,NA,20191911550
604,2019191,1730,2019,191,17,30,-23.55416666,-46.74009194,A,0.06325,0.04325,0.0129,0,20191911730
605,2019192,1350,2019,192,13,50,-23.55416666,-46.74009194,T,0.074,0.0505,0.011,0,20191921350
606,2019192,1635,2019,192,16,35,NA,NA,A,NA,NA,NA,NA,20191921635
607,2019192,1810,2019,192,18,10,NA,NA,A,NA,NA,NA,NA,20191921810
608,2019193,1255,2019,193,12,55,-23.55416666,-46.74009194,T,0.08,0.0545,0.0172,0,20191931255
609,2019193,1435,2019,193,14,35,NA,NA,T,NA,NA,NA,NA,20191931435
610,2019193,1720,2019,193,17,20,-23.55416666,-46.74009194,A,0.068,0.04675,0.0198,0,20191931720
611,2019194,1340,2019,194,13,40,-23.55416666,-46.74009194,T,0.0785,0.05375,0.0185,0,20191941340
612,2019194,1625,2019,194,16,25,NA,NA,A,NA,NA,NA,NA,20191941625
613,2019194,1800,2019,194,18,0,NA,NA,A,NA,NA,NA,NA,20191941800
614,2019195,1245,2019,195,12,45,-23.55416666,-46.74009194,T,0.13275,0.09125,0.0123,0,20191951245
615,2019195,1425,2019,195,14,25,NA,NA,T,NA,NA,NA,NA,20191951425
616,2019195,1705,2019,195,17,5,-23.55416666,-46.74009194,A,0.14575,0.10025,0.0292,0,20191951705
617,2019196,1330,2019,196,13,30,-23.55416666,-46.74009194,T,0.258,0.17875,0.03,0,20191961330
618,2019196,1610,2019,196,16,10,NA,NA,A,NA,NA,NA,NA,20191961610
619,2019196,1750,2019,196,17,50,NA,NA,A,NA,NA,NA,NA,20191961750
620,2019197,1230,2019,197,12,30,NA,NA,T,NA,NA,NA,NA,20191971230
621,2019197,1410,2019,197,14,10,NA,NA,T,NA,NA,NA,NA,20191971410
622,2019197,1655,2019,197,16,55,NA,NA,A,NA,NA,NA,NA,20191971655
623,2019197,1830,2019,197,18,30,NA,NA,A,NA,NA,NA,NA,20191971830
40,2019199,1400,2019,199,14,0,-23.55416666,-46.74009194,T,0.05325,0.03625,0.0085,0,20191991400
41,2019199,1640,2019,199,16,40,-23.55416666,-46.74009194,A,0.15225,0.10475,0.0225,0,20191991640
42,2019199,1820,2019,199,18,20,NA,NA,A,NA,NA,NA,NA,20191991820
43,2019200,1305,2019,200,13,5,NA,NA,T,NA,NA,NA,NA,20192001305
44,2019200,1440,2019,200,14,40,NA,NA,T,NA,NA,NA,NA,20192001440
45,2019200,1725,2019,200,17,25,NA,NA,A,NA,NA,NA,NA,20192001725
46,2019201,1345,2019,201,13,45,NA,NA,T,NA,NA,NA,NA,20192011345
47,2019201,1630,2019,201,16,30,-23.55416666,-46.74009194,A,0.154,0.10575,0.0135,0,20192011630
48,2019201,1805,2019,201,18,5,NA,NA,A,NA,NA,NA,NA,20192011805
49,2019202,1250,2019,202,12,50,NA,NA,T,NA,NA,NA,NA,20192021250
50,2019202,1430,2019,202,14,30,NA,NA,T,NA,NA,NA,NA,20192021430
51,2019202,1710,2019,202,17,10,NA,NA,A,NA,NA,NA,NA,20192021710
52,2019203,1335,2019,203,13,35,-23.55416666,-46.74009194,T,0.0475,0.0325,0.0263,0,20192031335
53,2019203,1615,2019,203,16,15,NA,NA,A,NA,NA,NA,NA,20192031615
54,2019203,1755,2019,203,17,55,NA,NA,A,NA,NA,NA,NA,20192031755
55,2019204,1240,2019,204,12,40,NA,NA,T,NA,NA,NA,NA,20192041240
56,2019204,1415,2019,204,14,15,NA,NA,T,NA,NA,NA,NA,20192041415
57,2019204,1700,2019,204,17,0,-23.55416666,-46.74009194,A,0.081,0.0555,0.0299,0,20192041700
58,2019205,1320,2019,205,13,20,-23.55416666,-46.74009194,T,0.055,0.0375,0.0359,0,20192051320
59,2019205,1605,2019,205,16,5,NA,NA,A,NA,NA,NA,NA,20192051605
60,2019205,1740,2019,205,17,40,-23.55416666,-46.74009194,A,0.1205,0.083,0.0099,0,20192051740
61,2019206,1225,2019,206,12,25,NA,NA,T,NA,NA,NA,NA,20192061225
62,2019206,1405,2019,206,14,5,NA,NA,T,NA,NA,NA,NA,20192061405
63,2019206,1645,2019,206,16,45,NA,NA,A,NA,NA,NA,NA,20192061645
64,2019206,1825,2019,206,18,25,NA,NA,A,NA,NA,NA,NA,20192061825
65,2019207,1310,2019,207,13,10,-23.55416666,-46.74009194,T,0.141,0.097,0.0294,0,20192071310
66,2019207,1445,2019,207,14,45,NA,NA,T,NA,NA,NA,NA,20192071445
67,2019207,1550,2019,207,15,50,NA,NA,A,NA,NA,NA,NA,20192071550
68,2019207,1730,2019,207,17,30,NA,NA,A,NA,NA,NA,NA,20192071730
69,2019208,1350,2019,208,13,50,-23.55416666,-46.74009194,T,0.12,0.0825,0.0149,0,20192081350
70,2019208,1635,2019,208,16,35,NA,NA,A,NA,NA,NA,NA,20192081635
71,2019208,1810,2019,208,18,10,NA,NA,A,NA,NA,NA,NA,20192081810
72,2019209,1255,2019,209,12,55,NA,NA,T,NA,NA,NA,NA,20192091255
73,2019209,1435,2019,209,14,35,NA,NA,T,NA,NA,NA,NA,20192091435
74,2019209,1720,2019,209,17,20,NA,NA,A,NA,NA,NA,NA,20192091720
1,2019210,1340,2019,210,13,40,-23.55416666,-46.74009194,T,0.162,0.11125,0.0225,0,20192101340
2,2019210,1625,2019,210,16,25,-23.55416666,-46.74009194,A,0.168,0.1155,0.012,0,20192101625
3,2019210,1800,2019,210,18,0,NA,NA,A,NA,NA,NA,NA,20192101800
4,2019211,1245,2019,211,12,45,NA,NA,T,NA,NA,NA,NA,20192111245
5,2019211,1425,2019,211,14,25,NA,NA,T,NA,NA,NA,NA,20192111425
6,2019211,1705,2019,211,17,5,NA,NA,A,NA,NA,NA,NA,20192111705
7,2019212,1330,2019,212,13,30,-23.55416666,-46.74009194,T,0.032,0.02175,0.0351,0,20192121330
8,2019212,1610,2019,212,16,10,-23.55416666,-46.74009194,A,0.0795,0.0545,0.007,0,20192121610
9,2019212,1750,2019,212,17,50,NA,NA,A,NA,NA,NA,NA,20192121750
10,2019213,1230,2019,213,12,30,NA,NA,T,NA,NA,NA,NA,20192131230
11,2019213,1410,2019,213,14,10,NA,NA,T,NA,NA,NA,NA,20192131410
12,2019213,1655,2019,213,16,55,-23.55416666,-46.74009194,A,0.06025,0.04125,0.0371,0,20192131655
13,2019213,1830,2019,213,18,30,NA,NA,A,NA,NA,NA,NA,20192131830
14,2019214,1315,2019,214,13,15,-23.55416666,-46.74009194,T,0.0965,0.066,0.0354,0,20192141315
15,2019214,1600,2019,214,16,0,NA,NA,A,NA,NA,NA,NA,20192141600
16,2019214,1735,2019,214,17,35,NA,NA,A,NA,NA,NA,NA,20192141735
17,2019215,1400,2019,215,14,0,NA,NA,T,NA,NA,NA,NA,20192151400
18,2019215,1640,2019,215,16,40,NA,NA,A,NA,NA,NA,NA,20192151640
19,2019215,1820,2019,215,18,20,NA,NA,A,NA,NA,NA,NA,20192151820
20,2019216,1305,2019,216,13,5,NA,NA,T,NA,NA,NA,NA,20192161305
21,2019216,1440,2019,216,14,40,NA,NA,T,NA,NA,NA,NA,20192161440
22,2019216,1725,2019,216,17,25,NA,NA,A,NA,NA,NA,NA,20192161725
23,2019217,1345,2019,217,13,45,NA,NA,T,NA,NA,NA,NA,20192171345
24,2019217,1630,2019,217,16,30,NA,NA,A,NA,NA,NA,NA,20192171630
25,2019217,1805,2019,217,18,5,NA,NA,A,NA,NA,NA,NA,20192171805
26,2019218,1250,2019,218,12,50,-23.55416666,-46.74009194,T,0.10625,0.073,0.0157,0,20192181250
27,2019218,1430,2019,218,14,30,NA,NA,T,NA,NA,NA,NA,20192181430
28,2019218,1710,2019,218,17,10,-23.55416666,-46.74009194,A,0.04625,0.0315,0.0262,0,20192181710
29,2019219,1335,2019,219,13,35,-23.55416666,-46.74009194,T,0.043,0.02925,0.0258,0,20192191335
30,2019219,1615,2019,219,16,15,NA,NA,A,NA,NA,NA,NA,20192191615
31,2019219,1755,2019,219,17,55,NA,NA,A,NA,NA,NA,NA,20192191755
32,2019220,1240,2019,220,12,40,-23.55416666,-46.74009194,T,0.03575,0.02425,0.0108,0,20192201240
33,2019220,1415,2019,220,14,15,NA,NA,T,NA,NA,NA,NA,20192201415
34,2019220,1700,2019,220,17,0,NA,NA,A,NA,NA,NA,NA,20192201700
35,2019221,1320,2019,221,13,20,-23.55416666,-46.74009194,T,0.073,0.05,0.035,0,20192211320
36,2019221,1605,2019,221,16,5,NA,NA,A,NA,NA,NA,NA,20192211605
37,2019221,1740,2019,221,17,40,NA,NA,A,NA,NA,NA,NA,20192211740
38,2019222,1225,2019,222,12,25,NA,NA,T,NA,NA,NA,NA,20192221225
39,2019222,1405,2019,222,14,5,-23.55416666,-46.74009194,T,0.04775,0.0325,0.008,0,20192221405
40,2019222,1645,2019,222,16,45,-23.55416666,-46.74009194,A,0.10025,0.0685,0.0347,0,20192221645
41,2019222,1825,2019,222,18,25,NA,NA,A,NA,NA,NA,NA,20192221825
42,2019223,1310,2019,223,13,10,NA,NA,T,NA,NA,NA,NA,20192231310
43,2019223,1445,2019,223,14,45,NA,NA,T,NA,NA,NA,NA,20192231445
44,2019223,1550,2019,223,15,50,NA,NA,A,NA,NA,NA,NA,20192231550
45,2019223,1730,2019,223,17,30,-23.55416666,-46.74009194,A,0.24675,0.17125,0.0174,0,20192231730
46,2019224,1350,2019,224,13,50,-23.55416666,-46.74009194,T,0.09575,0.06575,0.0142,0,20192241350
47,2019224,1635,2019,224,16,35,NA,NA,A,NA,NA,NA,NA,20192241635
48,2019224,1810,2019,224,18,10,NA,NA,A,NA,NA,NA,NA,20192241810
49,2019225,1255,2019,225,12,55,NA,NA,T,NA,NA,NA,NA,20192251255
50,2019225,1435,2019,225,14,35,NA,NA,T,NA,NA,NA,NA,20192251435
51,2019225,1720,2019,225,17,20,NA,NA,A,NA,NA,NA,NA,20192251720
52,2019226,1340,2019,226,13,40,NA,NA,T,NA,NA,NA,NA,20192261340
53,2019226,1625,2019,226,16,25,NA,NA,A,NA,NA,NA,NA,20192261625
54,2019226,1800,2019,226,18,0,NA,NA,A,NA,NA,NA,NA,20192261800
55,2019227,1245,2019,227,12,45,-23.55416666,-46.74009194,T,0.07425,0.05075,0.0164,0,20192271245
56,2019227,1425,2019,227,14,25,NA,NA,T,NA,NA,NA,NA,20192271425
57,2019227,1705,2019,227,17,5,NA,NA,A,NA,NA,NA,NA,20192271705
58,2019228,1330,2019,228,13,30,-23.55416666,-46.74009194,T,0.0575,0.039,0.0405,0,20192281330
59,2019228,1610,2019,228,16,10,-23.55416666,-46.74009194,A,0.1075,0.074,0.0082,0,20192281610
60,2019228,1750,2019,228,17,50,NA,NA,A,NA,NA,NA,NA,20192281750
61,2019229,1230,2019,229,12,30,NA,NA,T,NA,NA,NA,NA,20192291230
62,2019229,1410,2019,229,14,10,NA,NA,T,NA,NA,NA,NA,20192291410
63,2019229,1655,2019,229,16,55,-23.55416666,-46.74009194,A,0.07,0.048,0.0456,0,20192291655
64,2019229,1830,2019,229,18,30,NA,NA,A,NA,NA,NA,NA,20192291830
65,2019230,1315,2019,230,13,15,NA,NA,T,NA,NA,NA,NA,20192301315
66,2019230,1600,2019,230,16,0,NA,NA,A,NA,NA,NA,NA,20192301600
67,2019230,1735,2019,230,17,35,NA,NA,A,NA,NA,NA,NA,20192301735
68,2019231,1400,2019,231,14,0,NA,NA,T,NA,NA,NA,NA,20192311400
69,2019231,1640,2019,231,16,40,NA,NA,A,NA,NA,NA,NA,20192311640
70,2019231,1820,2019,231,18,20,NA,NA,A,NA,NA,NA,NA,20192311820
71,2019232,1305,2019,232,13,5,NA,NA,T,NA,NA,NA,NA,20192321305
72,2019232,1440,2019,232,14,40,NA,NA,T,NA,NA,NA,NA,20192321440
73,2019232,1725,2019,232,17,25,NA,NA,A,NA,NA,NA,NA,20192321725
74,2019233,1345,2019,233,13,45,NA,NA,T,NA,NA,NA,NA,20192331345
75,2019233,1630,2019,233,16,30,NA,NA,A,NA,NA,NA,NA,20192331630
76,2019233,1805,2019,233,18,5,NA,NA,A,NA,NA,NA,NA,20192331805
77,2019234,1250,2019,234,12,50,NA,NA,T,NA,NA,NA,NA,20192341250
78,2019234,1430,2019,234,14,30,NA,NA,T,NA,NA,NA,NA,20192341430
79,2019234,1710,2019,234,17,10,NA,NA,A,NA,NA,NA,NA,20192341710
80,2019235,1335,2019,235,13,35,NA,NA,T,NA,NA,NA,NA,20192351335
81,2019235,1615,2019,235,16,15,NA,NA,A,NA,NA,NA,NA,20192351615
82,2019235,1755,2019,235,17,55,NA,NA,A,NA,NA,NA,NA,20192351755
83,2019236,1240,2019,236,12,40,NA,NA,T,NA,NA,NA,NA,20192361240
84,2019236,1415,2019,236,14,15,NA,NA,T,NA,NA,NA,NA,20192361415
85,2019236,1700,2019,236,17,0,NA,NA,A,NA,NA,NA,NA,20192361700
86,2019237,1320,2019,237,13,20,NA,NA,T,NA,NA,NA,NA,20192371320
87,2019237,1605,2019,237,16,5,NA,NA,A,NA,NA,NA,NA,20192371605
88,2019237,1740,2019,237,17,40,NA,NA,A,NA,NA,NA,NA,20192371740
89,2019238,1225,2019,238,12,25,NA,NA,T,NA,NA,NA,NA,20192381225
90,2019238,1405,2019,238,14,5,-23.5625,-46.74305615,T,0.162,0.1115,0.0084,0,20192381405
91,2019238,1645,2019,238,16,45,NA,NA,A,NA,NA,NA,NA,20192381645
92,2019238,1825,2019,238,18,25,NA,NA,A,NA,NA,NA,NA,20192381825
93,2019239,1310,2019,239,13,10,-23.55416666,-46.74009194,T,0.40525,0.285,0.0348,0,20192391310
94,2019239,1445,2019,239,14,45,NA,NA,T,NA,NA,NA,NA,20192391445
95,2019239,1550,2019,239,15,50,NA,NA,A,NA,NA,NA,NA,20192391550
96,2019239,1730,2019,239,17,30,NA,NA,A,NA,NA,NA,NA,20192391730
97,2019240,1350,2019,240,13,50,NA,NA,T,NA,NA,NA,NA,20192401350
98,2019240,1635,2019,240,16,35,NA,NA,A,NA,NA,NA,NA,20192401635
99,2019240,1810,2019,240,18,10,NA,NA,A,NA,NA,NA,NA,20192401810
100,2019241,1255,2019,241,12,55,-23.55416666,-46.73100119,T,0.071,0.049,0.027,0,20192411255
101,2019241,1435,2019,241,14,35,NA,NA,T,NA,NA,NA,NA,20192411435
102,2019241,1720,2019,241,17,20,NA,NA,A,NA,NA,NA,NA,20192411720
103,2019242,1340,2019,242,13,40,NA,NA,T,NA,NA,NA,NA,20192421340
104,2019242,1625,2019,242,16,25,-23.55416666,-46.73100119,A,0.194,0.133,0.0108,0,20192421625
105,2019242,1800,2019,242,18,0,NA,NA,A,NA,NA,NA,NA,20192421800
75,2019243,1245,2019,243,12,45,-23.55416666,-46.74009194,T,0.092,0.06325,0.0151,0,20192431245
76,2019243,1425,2019,243,14,25,NA,NA,T,NA,NA,NA,NA,20192431425
77,2019243,1705,2019,243,17,5,NA,NA,A,NA,NA,NA,NA,20192431705
106,2019244,1330,2019,244,13,30,NA,NA,T,NA,NA,NA,NA,20192441330
107,2019244,1610,2019,244,16,10,NA,NA,A,NA,NA,NA,NA,20192441610
108,2019244,1750,2019,244,17,50,NA,NA,A,NA,NA,NA,NA,20192441750
109,2019245,1230,2019,245,12,30,NA,NA,T,NA,NA,NA,NA,20192451230
110,2019245,1410,2019,245,14,10,NA,NA,T,NA,NA,NA,NA,20192451410
111,2019245,1655,2019,245,16,55,NA,NA,A,NA,NA,NA,NA,20192451655
112,2019245,1830,2019,245,18,30,NA,NA,A,NA,NA,NA,NA,20192451830
113,2019246,1315,2019,246,13,15,NA,NA,T,NA,NA,NA,NA,20192461315
114,2019246,1600,2019,246,16,0,NA,NA,A,NA,NA,NA,NA,20192461600
115,2019246,1735,2019,246,17,35,NA,NA,A,NA,NA,NA,NA,20192461735
116,2019247,1400,2019,247,14,0,NA,NA,T,NA,NA,NA,NA,20192471400
117,2019247,1640,2019,247,16,40,NA,NA,A,NA,NA,NA,NA,20192471640
118,2019247,1820,2019,247,18,20,NA,NA,A,NA,NA,NA,NA,20192471820
119,2019248,1305,2019,248,13,5,NA,NA,T,NA,NA,NA,NA,20192481305
120,2019248,1440,2019,248,14,40,NA,NA,T,NA,NA,NA,NA,20192481440
121,2019248,1725,2019,248,17,25,NA,NA,A,NA,NA,NA,NA,20192481725
122,2019249,1345,2019,249,13,45,NA,NA,T,NA,NA,NA,NA,20192491345
123,2019249,1630,2019,249,16,30,NA,NA,A,NA,NA,NA,NA,20192491630
124,2019249,1805,2019,249,18,5,NA,NA,A,NA,NA,NA,NA,20192491805
125,2019250,1250,2019,250,12,50,NA,NA,T,NA,NA,NA,NA,20192501250
126,2019250,1430,2019,250,14,30,NA,NA,T,NA,NA,NA,NA,20192501430
127,2019250,1710,2019,250,17,10,NA,NA,A,NA,NA,NA,NA,20192501710
128,2019251,1335,2019,251,13,35,NA,NA,T,NA,NA,NA,NA,20192511335
129,2019251,1615,2019,251,16,15,NA,NA,A,NA,NA,NA,NA,20192511615
130,2019251,1755,2019,251,17,55,NA,NA,A,NA,NA,NA,NA,20192511755
131,2019252,1240,2019,252,12,40,-23.55416666,-46.74009194,T,0.0755,0.05175,0.0186,0,20192521240
132,2019252,1415,2019,252,14,15,NA,NA,T,NA,NA,NA,NA,20192521415
133,2019252,1700,2019,252,17,0,-23.55416666,-46.74009194,A,0.181,0.12425,0.0617,0,20192521700
134,2019253,1320,2019,253,13,20,-23.55416666,-46.74009194,T,0.1475,0.10125,0.0612,0,20192531320
135,2019253,1605,2019,253,16,5,NA,NA,A,NA,NA,NA,NA,20192531605
136,2019253,1740,2019,253,17,40,NA,NA,A,NA,NA,NA,NA,20192531740
137,2019254,1225,2019,254,12,25,NA,NA,T,NA,NA,NA,NA,20192541225
138,2019254,1405,2019,254,14,5,NA,NA,T,NA,NA,NA,NA,20192541405
139,2019254,1645,2019,254,16,45,-23.55416666,-46.74009194,A,0.3015,0.21,0.0431,0,20192541645
140,2019254,1825,2019,254,18,25,NA,NA,A,NA,NA,NA,NA,20192541825
141,2019255,1310,2019,255,13,10,NA,NA,T,NA,NA,NA,NA,20192551310
142,2019255,1445,2019,255,14,45,NA,NA,T,NA,NA,NA,NA,20192551445
143,2019255,1550,2019,255,15,50,NA,NA,A,NA,NA,NA,NA,20192551550
144,2019255,1730,2019,255,17,30,NA,NA,A,NA,NA,NA,NA,20192551730
145,2019256,1350,2019,256,13,50,NA,NA,T,NA,NA,NA,NA,20192561350
146,2019256,1635,2019,256,16,35,NA,NA,A,NA,NA,NA,NA,20192561635
147,2019256,1810,2019,256,18,10,NA,NA,A,NA,NA,NA,NA,20192561810
148,2019257,1255,2019,257,12,55,NA,NA,T,NA,NA,NA,NA,20192571255
149,2019257,1435,2019,257,14,35,NA,NA,T,NA,NA,NA,NA,20192571435
150,2019257,1720,2019,257,17,20,-23.55416666,-46.74009194,A,0.44925,0.3165,0.0344,0,20192571720
151,2019258,1340,2019,258,13,40,-23.55416666,-46.74009194,T,0.339,0.237,0.0279,0,20192581340
152,2019258,1625,2019,258,16,25,-23.55416666,-46.74009194,A,0.413,0.29075,0.0119,0,20192581625
153,2019258,1800,2019,258,18,0,NA,NA,A,NA,NA,NA,NA,20192581800
154,2019259,1245,2019,259,12,45,-23.55416666,-46.74009194,T,0.20675,0.14275,0.0206,0,20192591245
155,2019259,1425,2019,259,14,25,NA,NA,T,NA,NA,NA,NA,20192591425
156,2019259,1705,2019,259,17,5,NA,NA,A,NA,NA,NA,NA,20192591705
157,2019260,1330,2019,260,13,30,-23.55416666,-46.74009194,T,0.26975,0.18725,0.0631,0,20192601330
158,2019260,1610,2019,260,16,10,-23.55416666,-46.74009194,A,0.46775,0.3295,0.0083,0,20192601610
159,2019260,1750,2019,260,17,50,NA,NA,A,NA,NA,NA,NA,20192601750
160,2019261,1230,2019,261,12,30,NA,NA,T,NA,NA,NA,NA,20192611230
161,2019261,1410,2019,261,14,10,NA,NA,T,NA,NA,NA,NA,20192611410
162,2019261,1655,2019,261,16,55,NA,NA,A,NA,NA,NA,NA,20192611655
163,2019261,1830,2019,261,18,30,NA,NA,A,NA,NA,NA,NA,20192611830
164,2019262,1315,2019,262,13,15,-23.55416666,-46.74009194,T,0.8255,0.59925,0.054,0,20192621315
165,2019262,1600,2019,262,16,0,NA,NA,A,NA,NA,NA,NA,20192621600
166,2019262,1735,2019,262,17,35,NA,NA,A,NA,NA,NA,NA,20192621735
167,2019263,1400,2019,263,14,0,NA,NA,T,NA,NA,NA,NA,20192631400
168,2019263,1640,2019,263,16,40,NA,NA,A,NA,NA,NA,NA,20192631640
169,2019263,1820,2019,263,18,20,NA,NA,A,NA,NA,NA,NA,20192631820
170,2019264,1305,2019,264,13,5,NA,NA,T,NA,NA,NA,NA,20192641305
171,2019264,1440,2019,264,14,40,NA,NA,T,NA,NA,NA,NA,20192641440
172,2019264,1725,2019,264,17,25,NA,NA,A,NA,NA,NA,NA,20192641725
173,2019265,1345,2019,265,13,45,NA,NA,T,NA,NA,NA,NA,20192651345
174,2019265,1630,2019,265,16,30,NA,NA,A,NA,NA,NA,NA,20192651630
175,2019265,1805,2019,265,18,5,NA,NA,A,NA,NA,NA,NA,20192651805
176,2019266,1250,2019,266,12,50,NA,NA,T,NA,NA,NA,NA,20192661250
177,2019266,1430,2019,266,14,30,NA,NA,T,NA,NA,NA,NA,20192661430
178,2019266,1710,2019,266,17,10,NA,NA,A,NA,NA,NA,NA,20192661710
179,2019267,1335,2019,267,13,35,NA,NA,T,NA,NA,NA,NA,20192671335
180,2019267,1615,2019,267,16,15,NA,NA,A,NA,NA,NA,NA,20192671615
181,2019267,1755,2019,267,17,55,NA,NA,A,NA,NA,NA,NA,20192671755
182,2019268,1240,2019,268,12,40,NA,NA,T,NA,NA,NA,NA,20192681240
183,2019268,1415,2019,268,14,15,NA,NA,T,NA,NA,NA,NA,20192681415
184,2019268,1700,2019,268,17,0,NA,NA,A,NA,NA,NA,NA,20192681700
185,2019269,1320,2019,269,13,20,NA,NA,T,NA,NA,NA,NA,20192691320
186,2019269,1605,2019,269,16,5,NA,NA,A,NA,NA,NA,NA,20192691605
187,2019269,1740,2019,269,17,40,NA,NA,A,NA,NA,NA,NA,20192691740
188,2019270,1225,2019,270,12,25,NA,NA,T,NA,NA,NA,NA,20192701225
189,2019270,1405,2019,270,14,5,NA,NA,T,NA,NA,NA,NA,20192701405
190,2019270,1645,2019,270,16,45,NA,NA,A,NA,NA,NA,NA,20192701645
191,2019270,1825,2019,270,18,25,NA,NA,A,NA,NA,NA,NA,20192701825
192,2019271,1310,2019,271,13,10,NA,NA,T,NA,NA,NA,NA,20192711310
193,2019271,1445,2019,271,14,45,NA,NA,T,NA,NA,NA,NA,20192711445
194,2019271,1550,2019,271,15,50,NA,NA,A,NA,NA,NA,NA,20192711550
195,2019271,1730,2019,271,17,30,NA,NA,A,NA,NA,NA,NA,20192711730
196,2019272,1350,2019,272,13,50,-23.55416666,-46.74009194,T,0.094,0.06425,0.0197,0,20192721350
197,2019272,1635,2019,272,16,35,-23.55416666,-46.74009194,A,0.192,0.13225,0.0265,0,20192721635
198,2019272,1810,2019,272,18,10,NA,NA,A,NA,NA,NA,NA,20192721810
199,2019273,1255,2019,273,12,55,-23.55416666,-46.74009194,T,0.03025,0.0205,0.0308,0,20192731255
200,2019273,1435,2019,273,14,35,NA,NA,T,NA,NA,NA,NA,20192731435
201,2019273,1720,2019,273,17,20,-23.55416666,-46.74009194,A,0.07425,0.05075,0.0304,0,20192731720
202,2019274,1340,2019,274,13,40,-23.55416666,-46.74009194,T,0.074,0.0505,0.0318,0,20192741340
203,2019274,1625,2019,274,16,25,-23.55416666,-46.74009194,A,0.22425,0.1555,0.0135,0,20192741625
204,2019274,1800,2019,274,18,0,NA,NA,A,NA,NA,NA,NA,20192741800
205,2019275,1245,2019,275,12,45,NA,NA,T,NA,NA,NA,NA,20192751245
206,2019275,1425,2019,275,14,25,NA,NA,T,NA,NA,NA,NA,20192751425
207,2019276,1330,2019,276,13,30,NA,NA,T,NA,NA,NA,NA,20192761330
208,2019276,1610,2019,276,16,10,-23.55416666,-46.74009194,A,0.12625,0.08675,0.009,0,20192761610
209,2019276,1750,2019,276,17,50,NA,NA,A,NA,NA,NA,NA,20192761750
210,2019277,1230,2019,277,12,30,NA,NA,T,NA,NA,NA,NA,20192771230
211,2019277,1410,2019,277,14,10,NA,NA,T,NA,NA,NA,NA,20192771410
212,2019277,1655,2019,277,16,55,-23.55416666,-46.74009194,A,0.05275,0.03625,0.0537,0,20192771655
213,2019277,1830,2019,277,18,30,NA,NA,A,NA,NA,NA,NA,20192771830
214,2019278,1315,2019,278,13,15,-23.55416666,-46.74009194,T,0.0425,0.02925,0.0648,0,20192781315
215,2019278,1600,2019,278,16,0,NA,NA,A,NA,NA,NA,NA,20192781600
216,2019278,1735,2019,278,17,35,-23.55416666,-46.74009194,A,0.11475,0.07875,0.0194,0,20192781735
217,2019279,1400,2019,279,14,0,NA,NA,T,NA,NA,NA,NA,20192791400
218,2019279,1640,2019,279,16,40,NA,NA,A,NA,NA,NA,NA,20192791640
219,2019279,1820,2019,279,18,20,NA,NA,A,NA,NA,NA,NA,20192791820
220,2019280,1305,2019,280,13,5,NA,NA,T,NA,NA,NA,NA,20192801305
221,2019280,1440,2019,280,14,40,NA,NA,T,NA,NA,NA,NA,20192801440
222,2019280,1725,2019,280,17,25,NA,NA,A,NA,NA,NA,NA,20192801725
223,2019281,1345,2019,281,13,45,NA,NA,T,NA,NA,NA,NA,20192811345
224,2019281,1630,2019,281,16,30,NA,NA,A,NA,NA,NA,NA,20192811630
225,2019281,1805,2019,281,18,5,NA,NA,A,NA,NA,NA,NA,20192811805
226,2019282,1250,2019,282,12,50,NA,NA,T,NA,NA,NA,NA,20192821250
227,2019282,1430,2019,282,14,30,NA,NA,T,NA,NA,NA,NA,20192821430
228,2019282,1710,2019,282,17,10,NA,NA,A,NA,NA,NA,NA,20192821710
229,2019283,1335,2019,283,13,35,NA,NA,T,NA,NA,NA,NA,20192831335
230,2019283,1615,2019,283,16,15,NA,NA,A,NA,NA,NA,NA,20192831615
231,2019283,1755,2019,283,17,55,NA,NA,A,NA,NA,NA,NA,20192831755
232,2019284,1240,2019,284,12,40,-23.55416666,-46.74009194,T,0.06625,0.0455,0.0205,0,20192841240
233,2019284,1415,2019,284,14,15,NA,NA,T,NA,NA,NA,NA,20192841415
234,2019284,1700,2019,284,17,0,NA,NA,A,NA,NA,NA,NA,20192841700
235,2019285,1320,2019,285,13,20,-23.5625,-46.74305615,T,0.0335,0.0225,0.0617,0,20192851320
236,2019285,1605,2019,285,16,5,NA,NA,A,NA,NA,NA,NA,20192851605
237,2019285,1740,2019,285,17,40,NA,NA,A,NA,NA,NA,NA,20192851740
238,2019286,1225,2019,286,12,25,NA,NA,T,NA,NA,NA,NA,20192861225
239,2019286,1405,2019,286,14,5,-23.55416666,-46.74009194,T,0.095,0.065,0.0117,0,20192861405
240,2019286,1645,2019,286,16,45,NA,NA,A,NA,NA,NA,NA,20192861645
241,2019286,1825,2019,286,18,25,NA,NA,A,NA,NA,NA,NA,20192861825
242,2019287,1310,2019,287,13,10,-23.55416666,-46.74009194,T,0.029,0.01975,0.0503,0,20192871310
243,2019287,1445,2019,287,14,45,NA,NA,T,NA,NA,NA,NA,20192871445
244,2019287,1550,2019,287,15,50,NA,NA,A,NA,NA,NA,NA,20192871550
245,2019287,1730,2019,287,17,30,-23.55416666,-46.74009194,A,0.1605,0.11025,0.0279,0,20192871730
246,2019288,1350,2019,288,13,50,NA,NA,T,NA,NA,NA,NA,20192881350
247,2019288,1635,2019,288,16,35,NA,NA,A,NA,NA,NA,NA,20192881635
248,2019288,1810,2019,288,18,10,NA,NA,A,NA,NA,NA,NA,20192881810
249,2019289,1255,2019,289,12,55,NA,NA,T,NA,NA,NA,NA,20192891255
250,2019289,1435,2019,289,14,35,NA,NA,T,NA,NA,NA,NA,20192891435
251,2019289,1720,2019,289,17,20,NA,NA,A,NA,NA,NA,NA,20192891720
252,2019290,1340,2019,290,13,40,NA,NA,T,NA,NA,NA,NA,20192901340
253,2019290,1625,2019,290,16,25,NA,NA,A,NA,NA,NA,NA,20192901625
254,2019290,1800,2019,290,18,0,NA,NA,A,NA,NA,NA,NA,20192901800
255,2019291,1245,2019,291,12,45,NA,NA,T,NA,NA,NA,NA,20192911245
256,2019291,1425,2019,291,14,25,NA,NA,T,NA,NA,NA,NA,20192911425
257,2019291,1705,2019,291,17,5,NA,NA,A,NA,NA,NA,NA,20192911705
258,2019292,1325,2019,292,13,25,NA,NA,T,NA,NA,NA,NA,20192921325
259,2019292,1610,2019,292,16,10,NA,NA,A,NA,NA,NA,NA,20192921610
260,2019292,1750,2019,292,17,50,NA,NA,A,NA,NA,NA,NA,20192921750
261,2019293,1230,2019,293,12,30,NA,NA,T,NA,NA,NA,NA,20192931230
262,2019293,1410,2019,293,14,10,NA,NA,T,NA,NA,NA,NA,20192931410
263,2019293,1655,2019,293,16,55,NA,NA,A,NA,NA,NA,NA,20192931655
264,2019293,1830,2019,293,18,30,NA,NA,A,NA,NA,NA,NA,20192931830
265,2019294,1315,2019,294,13,15,NA,NA,T,NA,NA,NA,NA,20192941315
266,2019294,1600,2019,294,16,0,NA,NA,A,NA,NA,NA,NA,20192941600
267,2019294,1735,2019,294,17,35,NA,NA,A,NA,NA,NA,NA,20192941735
268,2019295,1400,2019,295,14,0,NA,NA,T,NA,NA,NA,NA,20192951400
269,2019295,1640,2019,295,16,40,NA,NA,A,NA,NA,NA,NA,20192951640
270,2019295,1820,2019,295,18,20,NA,NA,A,NA,NA,NA,NA,20192951820
271,2019296,1305,2019,296,13,5,NA,NA,T,NA,NA,NA,NA,20192961305
272,2019296,1440,2019,296,14,40,NA,NA,T,NA,NA,NA,NA,20192961440
273,2019296,1725,2019,296,17,25,NA,NA,A,NA,NA,NA,NA,20192961725
274,2019297,1345,2019,297,13,45,NA,NA,T,NA,NA,NA,NA,20192971345
275,2019297,1630,2019,297,16,30,NA,NA,A,NA,NA,NA,NA,20192971630
276,2019297,1805,2019,297,18,5,NA,NA,A,NA,NA,NA,NA,20192971805
277,2019298,1250,2019,298,12,50,-23.55416666,-46.74009194,T,0.24375,0.169,0.0379,0,20192981250
278,2019298,1430,2019,298,14,30,NA,NA,T,NA,NA,NA,NA,20192981430
279,2019298,1710,2019,298,17,10,NA,NA,A,NA,NA,NA,NA,20192981710
280,2019299,1335,2019,299,13,35,NA,NA,T,NA,NA,NA,NA,20192991335
281,2019299,1615,2019,299,16,15,-23.5625,-46.74305615,A,0.452,0.3185,0.0106,0,20192991615
282,2019299,1755,2019,299,17,55,NA,NA,A,NA,NA,NA,NA,20192991755
283,2019300,1240,2019,300,12,40,-23.55416666,-46.74009194,T,0.085,0.058,0.0202,0,20193001240
284,2019300,1415,2019,300,14,15,NA,NA,T,NA,NA,NA,NA,20193001415
285,2019300,1700,2019,300,17,0,NA,NA,A,NA,NA,NA,NA,20193001700
286,2019301,1320,2019,301,13,20,NA,NA,T,NA,NA,NA,NA,20193011320
287,2019301,1605,2019,301,16,5,NA,NA,A,NA,NA,NA,NA,20193011605
288,2019301,1740,2019,301,17,40,-23.55416666,-46.74009194,A,0.13875,0.0955,0.0185,0,20193011740
289,2019302,1225,2019,302,12,25,NA,NA,T,NA,NA,NA,NA,20193021225
290,2019302,1405,2019,302,14,5,NA,NA,T,NA,NA,NA,NA,20193021405
291,2019302,1645,2019,302,16,45,NA,NA,A,NA,NA,NA,NA,20193021645
292,2019302,1825,2019,302,18,25,NA,NA,A,NA,NA,NA,NA,20193021825
293,2019303,1310,2019,303,13,10,-23.55416666,-46.74009194,T,0.0355,0.02425,0.0708,0,20193031310
294,2019303,1445,2019,303,14,45,NA,NA,T,NA,NA,NA,NA,20193031445
295,2019303,1550,2019,303,15,50,NA,NA,A,NA,NA,NA,NA,20193031550
296,2019303,1730,2019,303,17,30,NA,NA,A,NA,NA,NA,NA,20193031730
297,2019304,1350,2019,304,13,50,NA,NA,T,NA,NA,NA,NA,20193041350
298,2019304,1635,2019,304,16,35,NA,NA,A,NA,NA,NA,NA,20193041635
299,2019304,1810,2019,304,18,10,NA,NA,A,NA,NA,NA,NA,20193041810
300,2019305,1255,2019,305,12,55,NA,NA,T,NA,NA,NA,NA,20193051255
301,2019305,1435,2019,305,14,35,NA,NA,T,NA,NA,NA,NA,20193051435
302,2019305,1720,2019,305,17,20,NA,NA,A,NA,NA,NA,NA,20193051720
303,2019306,1340,2019,306,13,40,NA,NA,T,NA,NA,NA,NA,20193061340
304,2019306,1625,2019,306,16,25,-23.55416666,-46.74009194,A,0.1745,0.12,0.0135,0,20193061625
305,2019306,1800,2019,306,18,0,NA,NA,A,NA,NA,NA,NA,20193061800
306,2019307,1245,2019,307,12,45,-23.55416666,-46.74009194,T,0.0535,0.03675,0.024,0,20193071245
307,2019307,1425,2019,307,14,25,NA,NA,T,NA,NA,NA,NA,20193071425
308,2019307,1705,2019,307,17,5,NA,NA,A,NA,NA,NA,NA,20193071705
309,2019308,1330,2019,308,13,30,NA,NA,T,NA,NA,NA,NA,20193081330
310,2019308,1610,2019,308,16,10,NA,NA,A,NA,NA,NA,NA,20193081610
311,2019308,1750,2019,308,17,50,NA,NA,A,NA,NA,NA,NA,20193081750
312,2019309,1230,2019,309,12,30,NA,NA,T,NA,NA,NA,NA,20193091230
313,2019309,1410,2019,309,14,10,NA,NA,T,NA,NA,NA,NA,20193091410
314,2019309,1655,2019,309,16,55,NA,NA,A,NA,NA,NA,NA,20193091655
315,2019309,1830,2019,309,18,30,NA,NA,A,NA,NA,NA,NA,20193091830
316,2019310,1315,2019,310,13,15,NA,NA,T,NA,NA,NA,NA,20193101315
317,2019310,1600,2019,310,16,0,NA,NA,A,NA,NA,NA,NA,20193101600
318,2019310,1735,2019,310,17,35,NA,NA,A,NA,NA,NA,NA,20193101735
319,2019311,1400,2019,311,14,0,NA,NA,T,NA,NA,NA,NA,20193111400
320,2019311,1640,2019,311,16,40,NA,NA,A,NA,NA,NA,NA,20193111640
321,2019311,1820,2019,311,18,20,NA,NA,A,NA,NA,NA,NA,20193111820
322,2019312,1305,2019,312,13,5,NA,NA,T,NA,NA,NA,NA,20193121305
323,2019312,1440,2019,312,14,40,NA,NA,T,NA,NA,NA,NA,20193121440
324,2019312,1725,2019,312,17,25,NA,NA,A,NA,NA,NA,NA,20193121725
1,2019313,1345,2019,313,13,45,NA,NA,T,NA,NA,NA,NA,20193131345
2,2019313,1630,2019,313,16,30,NA,NA,A,NA,NA,NA,NA,20193131630
3,2019313,1805,2019,313,18,5,NA,NA,A,NA,NA,NA,NA,20193131805
4,2019314,1250,2019,314,12,50,NA,NA,T,NA,NA,NA,NA,20193141250
5,2019314,1430,2019,314,14,30,NA,NA,T,NA,NA,NA,NA,20193141430
6,2019314,1710,2019,314,17,10,NA,NA,A,NA,NA,NA,NA,20193141710
7,2019315,1335,2019,315,13,35,NA,NA,T,NA,NA,NA,NA,20193151335
8,2019315,1615,2019,315,16,15,NA,NA,A,NA,NA,NA,NA,20193151615
9,2019315,1755,2019,315,17,55,NA,NA,A,NA,NA,NA,NA,20193151755
10,2019316,1240,2019,316,12,40,NA,NA,T,NA,NA,NA,NA,20193161240
11,2019316,1415,2019,316,14,15,NA,NA,T,NA,NA,NA,NA,20193161415
12,2019316,1700,2019,316,17,0,NA,NA,A,NA,NA,NA,NA,20193161700
13,2019317,1320,2019,317,13,20,-23.55416666,-46.74009194,T,0.089,0.061,0.0743,0,20193171320
14,2019317,1605,2019,317,16,5,NA,NA,A,NA,NA,NA,NA,20193171605
15,2019317,1740,2019,317,17,40,NA,NA,A,NA,NA,NA,NA,20193171740
16,2019318,1225,2019,318,12,25,NA,NA,T,NA,NA,NA,NA,20193181225
17,2019318,1405,2019,318,14,5,NA,NA,T,NA,NA,NA,NA,20193181405
18,2019318,1645,2019,318,16,45,NA,NA,A,NA,NA,NA,NA,20193181645
19,2019318,1825,2019,318,18,25,NA,NA,A,NA,NA,NA,NA,20193181825
20,2019319,1310,2019,319,13,10,NA,NA,T,NA,NA,NA,NA,20193191310
21,2019319,1445,2019,319,14,45,NA,NA,T,NA,NA,NA,NA,20193191445
22,2019319,1550,2019,319,15,50,NA,NA,A,NA,NA,NA,NA,20193191550
23,2019319,1730,2019,319,17,30,NA,NA,A,NA,NA,NA,NA,20193191730
24,2019320,1350,2019,320,13,50,NA,NA,T,NA,NA,NA,NA,20193201350
25,2019320,1635,2019,320,16,35,NA,NA,A,NA,NA,NA,NA,20193201635
26,2019320,1810,2019,320,18,10,NA,NA,A,NA,NA,NA,NA,20193201810
27,2019321,1255,2019,321,12,55,-23.55416666,-46.74009194,T,0.13925,0.0955,0.0433,0,20193211255
28,2019321,1435,2019,321,14,35,NA,NA,T,NA,NA,NA,NA,20193211435
29,2019321,1720,2019,321,17,20,NA,NA,A,NA,NA,NA,NA,20193211720
30,2019322,1340,2019,322,13,40,NA,NA,T,NA,NA,NA,NA,20193221340
31,2019322,1625,2019,322,16,25,NA,NA,A,NA,NA,NA,NA,20193221625
32,2019322,1800,2019,322,18,0,NA,NA,A,NA,NA,NA,NA,20193221800
33,2019323,1245,2019,323,12,45,NA,NA,T,NA,NA,NA,NA,20193231245
34,2019323,1425,2019,323,14,25,NA,NA,T,NA,NA,NA,NA,20193231425
35,2019323,1705,2019,323,17,5,NA,NA,A,NA,NA,NA,NA,20193231705
36,2019324,1325,2019,324,13,25,NA,NA,T,NA,NA,NA,NA,20193241325
37,2019324,1610,2019,324,16,10,NA,NA,A,NA,NA,NA,NA,20193241610
38,2019324,1750,2019,324,17,50,NA,NA,A,NA,NA,NA,NA,20193241750
39,2019325,1230,2019,325,12,30,NA,NA,T,NA,NA,NA,NA,20193251230
40,2019325,1410,2019,325,14,10,NA,NA,T,NA,NA,NA,NA,20193251410
41,2019325,1655,2019,325,16,55,NA,NA,A,NA,NA,NA,NA,20193251655
42,2019325,1830,2019,325,18,30,NA,NA,A,NA,NA,NA,NA,20193251830
43,2019326,1315,2019,326,13,15,-23.55416666,-46.74009194,T,0.07875,0.05375,0.0759,0,20193261315
44,2019326,1600,2019,326,16,0,NA,NA,A,NA,NA,NA,NA,20193261600
45,2019326,1735,2019,326,17,35,NA,NA,A,NA,NA,NA,NA,20193261735
46,2019327,1400,2019,327,14,0,NA,NA,T,NA,NA,NA,NA,20193271400
47,2019327,1640,2019,327,16,40,NA,NA,A,NA,NA,NA,NA,20193271640
48,2019327,1820,2019,327,18,20,NA,NA,A,NA,NA,NA,NA,20193271820
49,2019328,1305,2019,328,13,5,NA,NA,T,NA,NA,NA,NA,20193281305
50,2019328,1440,2019,328,14,40,NA,NA,T,NA,NA,NA,NA,20193281440
51,2019328,1725,2019,328,17,25,NA,NA,A,NA,NA,NA,NA,20193281725
52,2019329,1345,2019,329,13,45,NA,NA,T,NA,NA,NA,NA,20193291345
53,2019329,1630,2019,329,16,30,NA,NA,A,NA,NA,NA,NA,20193291630
54,2019329,1805,2019,329,18,5,NA,NA,A,NA,NA,NA,NA,20193291805
55,2019330,1250,2019,330,12,50,-23.55416666,-46.74009194,T,0.19075,0.1315,0.0353,0,20193301250
56,2019330,1430,2019,330,14,30,NA,NA,T,NA,NA,NA,NA,20193301430
57,2019330,1710,2019,330,17,10,NA,NA,A,NA,NA,NA,NA,20193301710
58,2019331,1335,2019,331,13,35,NA,NA,T,NA,NA,NA,NA,20193311335
59,2019331,1615,2019,331,16,15,NA,NA,A,NA,NA,NA,NA,20193311615
60,2019331,1755,2019,331,17,55,NA,NA,A,NA,NA,NA,NA,20193311755
61,2019332,1240,2019,332,12,40,NA,NA,T,NA,NA,NA,NA,20193321240
62,2019332,1415,2019,332,14,15,NA,NA,T,NA,NA,NA,NA,20193321415
63,2019332,1700,2019,332,17,0,NA,NA,A,NA,NA,NA,NA,20193321700
64,2019333,1320,2019,333,13,20,NA,NA,T,NA,NA,NA,NA,20193331320
65,2019333,1605,2019,333,16,5,NA,NA,A,NA,NA,NA,NA,20193331605
66,2019333,1740,2019,333,17,40,-23.55416666,-46.74009194,A,0.52525,0.3705,0.0165,0,20193331740
67,2019334,1225,2019,334,12,25,NA,NA,T,NA,NA,NA,NA,20193341225
68,2019334,1405,2019,334,14,5,NA,NA,T,NA,NA,NA,NA,20193341405
69,2019334,1645,2019,334,16,45,NA,NA,A,NA,NA,NA,NA,20193341645
70,2019334,1825,2019,334,18,25,NA,NA,A,NA,NA,NA,NA,20193341825
71,2019335,1310,2019,335,13,10,NA,NA,T,NA,NA,NA,NA,20193351310
72,2019335,1445,2019,335,14,45,NA,NA,T,NA,NA,NA,NA,20193351445
73,2019335,1550,2019,335,15,50,NA,NA,A,NA,NA,NA,NA,20193351550
74,2019335,1730,2019,335,17,30,NA,NA,A,NA,NA,NA,NA,20193351730
75,2019336,1350,2019,336,13,50,NA,NA,T,NA,NA,NA,NA,20193361350
76,2019336,1635,2019,336,16,35,NA,NA,A,NA,NA,NA,NA,20193361635
77,2019336,1810,2019,336,18,10,NA,NA,A,NA,NA,NA,NA,20193361810
78,2019337,1255,2019,337,12,55,NA,NA,T,NA,NA,NA,NA,20193371255
79,2019337,1435,2019,337,14,35,NA,NA,T,NA,NA,NA,NA,20193371435
80,2019337,1720,2019,337,17,20,NA,NA,A,NA,NA,NA,NA,20193371720
81,2019338,1340,2019,338,13,40,NA,NA,T,NA,NA,NA,NA,20193381340
82,2019338,1620,2019,338,16,20,NA,NA,A,NA,NA,NA,NA,20193381620
83,2019338,1800,2019,338,18,0,NA,NA,A,NA,NA,NA,NA,20193381800
84,2019339,1245,2019,339,12,45,NA,NA,T,NA,NA,NA,NA,20193391245
85,2019339,1425,2019,339,14,25,NA,NA,T,NA,NA,NA,NA,20193391425
86,2019339,1705,2019,339,17,5,NA,NA,A,NA,NA,NA,NA,20193391705
87,2019340,1325,2019,340,13,25,NA,NA,T,NA,NA,NA,NA,20193401325
88,2019340,1610,2019,340,16,10,NA,NA,A,NA,NA,NA,NA,20193401610
89,2019340,1750,2019,340,17,50,NA,NA,A,NA,NA,NA,NA,20193401750
90,2019341,1230,2019,341,12,30,NA,NA,T,NA,NA,NA,NA,20193411230
91,2019341,1410,2019,341,14,10,NA,NA,T,NA,NA,NA,NA,20193411410
92,2019341,1655,2019,341,16,55,NA,NA,A,NA,NA,NA,NA,20193411655
93,2019341,1830,2019,341,18,30,NA,NA,A,NA,NA,NA,NA,20193411830
94,2019342,1315,2019,342,13,15,NA,NA,T,NA,NA,NA,NA,20193421315
95,2019342,1600,2019,342,16,0,NA,NA,A,NA,NA,NA,NA,20193421600
96,2019342,1735,2019,342,17,35,-23.55416666,-46.74009194,A,0.13,0.08925,0.0235,0,20193421735
97,2019343,1400,2019,343,14,0,NA,NA,T,NA,NA,NA,NA,20193431400
98,2019343,1640,2019,343,16,40,NA,NA,A,NA,NA,NA,NA,20193431640
99,2019343,1820,2019,343,18,20,NA,NA,A,NA,NA,NA,NA,20193431820
100,2019344,1305,2019,344,13,5,NA,NA,T,NA,NA,NA,NA,20193441305
101,2019344,1440,2019,344,14,40,NA,NA,T,NA,NA,NA,NA,20193441440
102,2019344,1725,2019,344,17,25,NA,NA,A,NA,NA,NA,NA,20193441725
103,2019345,1345,2019,345,13,45,NA,NA,T,NA,NA,NA,NA,20193451345
104,2019345,1630,2019,345,16,30,NA,NA,A,NA,NA,NA,NA,20193451630
105,2019345,1805,2019,345,18,5,NA,NA,A,NA,NA,NA,NA,20193451805
106,2019346,1250,2019,346,12,50,NA,NA,T,NA,NA,NA,NA,20193461250
107,2019346,1430,2019,346,14,30,NA,NA,T,NA,NA,NA,NA,20193461430
108,2019346,1710,2019,346,17,10,NA,NA,A,NA,NA,NA,NA,20193461710
109,2019347,1335,2019,347,13,35,NA,NA,T,NA,NA,NA,NA,20193471335
110,2019347,1615,2019,347,16,15,NA,NA,A,NA,NA,NA,NA,20193471615
111,2019347,1755,2019,347,17,55,NA,NA,A,NA,NA,NA,NA,20193471755
112,2019348,1240,2019,348,12,40,NA,NA,T,NA,NA,NA,NA,20193481240
113,2019348,1415,2019,348,14,15,NA,NA,T,NA,NA,NA,NA,20193481415
114,2019348,1700,2019,348,17,0,NA,NA,A,NA,NA,NA,NA,20193481700
115,2019349,1320,2019,349,13,20,NA,NA,T,NA,NA,NA,NA,20193491320
116,2019349,1605,2019,349,16,5,NA,NA,A,NA,NA,NA,NA,20193491605
117,2019349,1740,2019,349,17,40,NA,NA,A,NA,NA,NA,NA,20193491740
118,2019350,1225,2019,350,12,25,NA,NA,T,NA,NA,NA,NA,20193501225
119,2019350,1405,2019,350,14,5,NA,NA,T,NA,NA,NA,NA,20193501405
120,2019350,1645,2019,350,16,45,NA,NA,A,NA,NA,NA,NA,20193501645
121,2019350,1825,2019,350,18,25,NA,NA,A,NA,NA,NA,NA,20193501825
122,2019351,1310,2019,351,13,10,NA,NA,T,NA,NA,NA,NA,20193511310
123,2019351,1445,2019,351,14,45,NA,NA,T,NA,NA,NA,NA,20193511445
124,2019351,1550,2019,351,15,50,NA,NA,A,NA,NA,NA,NA,20193511550
125,2019351,1730,2019,351,17,30,NA,NA,A,NA,NA,NA,NA,20193511730
126,2019352,1350,2019,352,13,50,NA,NA,T,NA,NA,NA,NA,20193521350
127,2019352,1635,2019,352,16,35,NA,NA,A,NA,NA,NA,NA,20193521635
128,2019352,1810,2019,352,18,10,NA,NA,A,NA,NA,NA,NA,20193521810
129,2019353,1255,2019,353,12,55,NA,NA,T,NA,NA,NA,NA,20193531255
130,2019353,1435,2019,353,14,35,NA,NA,T,NA,NA,NA,NA,20193531435
131,2019353,1720,2019,353,17,20,NA,NA,A,NA,NA,NA,NA,20193531720
132,2019354,1340,2019,354,13,40,NA,NA,T,NA,NA,NA,NA,20193541340
133,2019354,1625,2019,354,16,25,NA,NA,A,NA,NA,NA,NA,20193541625
134,2019354,1800,2019,354,18,0,NA,NA,A,NA,NA,NA,NA,20193541800
135,2019355,1245,2019,355,12,45,NA,NA,T,NA,NA,NA,NA,20193551245
136,2019355,1420,2019,355,14,20,NA,NA,T,NA,NA,NA,NA,20193551420
137,2019355,1705,2019,355,17,5,NA,NA,A,NA,NA,NA,NA,20193551705
138,2019356,1325,2019,356,13,25,NA,NA,T,NA,NA,NA,NA,20193561325
139,2019356,1610,2019,356,16,10,NA,NA,A,NA,NA,NA,NA,20193561610
140,2019356,1750,2019,356,17,50,NA,NA,A,NA,NA,NA,NA,20193561750
141,2019357,1230,2019,357,12,30,NA,NA,T,NA,NA,NA,NA,20193571230
142,2019357,1410,2019,357,14,10,NA,NA,T,NA,NA,NA,NA,20193571410
143,2019357,1655,2019,357,16,55,NA,NA,A,NA,NA,NA,NA,20193571655
144,2019357,1830,2019,357,18,30,NA,NA,A,NA,NA,NA,NA,20193571830
145,2019358,1315,2019,358,13,15,NA,NA,T,NA,NA,NA,NA,20193581315
146,2019358,1600,2019,358,16,0,NA,NA,A,NA,NA,NA,NA,20193581600
147,2019358,1735,2019,358,17,35,NA,NA,A,NA,NA,NA,NA,20193581735
148,2019359,1400,2019,359,14,0,NA,NA,T,NA,NA,NA,NA,20193591400
149,2019359,1640,2019,359,16,40,NA,NA,A,NA,NA,NA,NA,20193591640
150,2019359,1820,2019,359,18,20,NA,NA,A,NA,NA,NA,NA,20193591820
151,2019360,1305,2019,360,13,5,NA,NA,T,NA,NA,NA,NA,20193601305
152,2019360,1440,2019,360,14,40,NA,NA,T,NA,NA,NA,NA,20193601440
153,2019360,1725,2019,360,17,25,NA,NA,A,NA,NA,NA,NA,20193601725
154,2019361,1345,2019,361,13,45,NA,NA,T,NA,NA,NA,NA,20193611345
155,2019361,1630,2019,361,16,30,NA,NA,A,NA,NA,NA,NA,20193611630
156,2019361,1805,2019,361,18,5,NA,NA,A,NA,NA,NA,NA,20193611805
157,2019362,1250,2019,362,12,50,NA,NA,T,NA,NA,NA,NA,20193621250
158,2019362,1430,2019,362,14,30,NA,NA,T,NA,NA,NA,NA,20193621430
159,2019362,1710,2019,362,17,10,NA,NA,A,NA,NA,NA,NA,20193621710
160,2019363,1335,2019,363,13,35,NA,NA,T,NA,NA,NA,NA,20193631335
161,2019363,1615,2019,363,16,15,NA,NA,A,NA,NA,NA,NA,20193631615
162,2019363,1755,2019,363,17,55,NA,NA,A,NA,NA,NA,NA,20193631755
163,2019364,1240,2019,364,12,40,-23.55416666,-46.74009194,T,0.2735,0.18925,0.0202,0,20193641240
164,2019364,1415,2019,364,14,15,NA,NA,T,NA,NA,NA,NA,20193641415
165,2019364,1700,2019,364,17,0,NA,NA,A,NA,NA,NA,NA,20193641700
166,2019365,1320,2019,365,13,20,-23.55416666,-46.74009194,T,0.1465,0.101,0.0805,0,20193651320
167,2019365,1605,2019,365,16,5,NA,NA,A,NA,NA,NA,NA,20193651605
168,2019365,1740,2019,365,17,40,NA,NA,A,NA,NA,NA,NA,20193651740
1,2020001,1225,2020,1,12,25,NA,NA,T,NA,NA,NA,NA,20200011225
2,2020001,1405,2020,1,14,5,NA,NA,T,NA,NA,NA,NA,20200011405
3,2020001,1645,2020,1,16,45,NA,NA,A,NA,NA,NA,NA,20200011645
4,2020001,1825,2020,1,18,25,NA,NA,A,NA,NA,NA,NA,20200011825
5,2020002,1310,2020,2,13,10,NA,NA,T,NA,NA,NA,NA,20200021310
6,2020002,1445,2020,2,14,45,NA,NA,T,NA,NA,NA,NA,20200021445
7,2020002,1550,2020,2,15,50,NA,NA,A,NA,NA,NA,NA,20200021550
8,2020002,1730,2020,2,17,30,NA,NA,A,NA,NA,NA,NA,20200021730
9,2020003,1350,2020,3,13,50,NA,NA,T,NA,NA,NA,NA,20200031350
10,2020003,1635,2020,3,16,35,NA,NA,A,NA,NA,NA,NA,20200031635
11,2020003,1810,2020,3,18,10,NA,NA,A,NA,NA,NA,NA,20200031810
12,2020004,1255,2020,4,12,55,NA,NA,T,NA,NA,NA,NA,20200041255
13,2020004,1435,2020,4,14,35,NA,NA,T,NA,NA,NA,NA,20200041435
14,2020004,1720,2020,4,17,20,NA,NA,A,NA,NA,NA,NA,20200041720
15,2020005,1340,2020,5,13,40,NA,NA,T,NA,NA,NA,NA,20200051340
16,2020005,1625,2020,5,16,25,NA,NA,A,NA,NA,NA,NA,20200051625
17,2020005,1800,2020,5,18,0,NA,NA,A,NA,NA,NA,NA,20200051800
18,2020006,1245,2020,6,12,45,NA,NA,T,NA,NA,NA,NA,20200061245
19,2020006,1420,2020,6,14,20,NA,NA,T,NA,NA,NA,NA,20200061420
20,2020006,1705,2020,6,17,5,NA,NA,A,NA,NA,NA,NA,20200061705
21,2020007,1325,2020,7,13,25,NA,NA,T,NA,NA,NA,NA,20200071325
22,2020007,1610,2020,7,16,10,NA,NA,A,NA,NA,NA,NA,20200071610
23,2020007,1750,2020,7,17,50,NA,NA,A,NA,NA,NA,NA,20200071750
24,2020008,1230,2020,8,12,30,NA,NA,T,NA,NA,NA,NA,20200081230
25,2020008,1410,2020,8,14,10,NA,NA,T,NA,NA,NA,NA,20200081410
26,2020008,1655,2020,8,16,55,NA,NA,A,NA,NA,NA,NA,20200081655
27,2020008,1830,2020,8,18,30,NA,NA,A,NA,NA,NA,NA,20200081830
28,2020009,1315,2020,9,13,15,NA,NA,T,NA,NA,NA,NA,20200091315
29,2020009,1600,2020,9,16,0,NA,NA,A,NA,NA,NA,NA,20200091600
30,2020009,1735,2020,9,17,35,NA,NA,A,NA,NA,NA,NA,20200091735
31,2020010,1400,2020,10,14,0,NA,NA,T,NA,NA,NA,NA,20200101400
32,2020010,1640,2020,10,16,40,NA,NA,A,NA,NA,NA,NA,20200101640
33,2020010,1820,2020,10,18,20,NA,NA,A,NA,NA,NA,NA,20200101820
34,2020011,1305,2020,11,13,5,NA,NA,T,NA,NA,NA,NA,20200111305
35,2020011,1440,2020,11,14,40,NA,NA,T,NA,NA,NA,NA,20200111440
36,2020011,1725,2020,11,17,25,NA,NA,A,NA,NA,NA,NA,20200111725
37,2020012,1345,2020,12,13,45,NA,NA,T,NA,NA,NA,NA,20200121345
38,2020012,1630,2020,12,16,30,NA,NA,A,NA,NA,NA,NA,20200121630
39,2020012,1805,2020,12,18,5,NA,NA,A,NA,NA,NA,NA,20200121805
40,2020013,1250,2020,13,12,50,NA,NA,T,NA,NA,NA,NA,20200131250
41,2020013,1430,2020,13,14,30,NA,NA,T,NA,NA,NA,NA,20200131430
42,2020013,1710,2020,13,17,10,NA,NA,A,NA,NA,NA,NA,20200131710
43,2020014,1335,2020,14,13,35,NA,NA,T,NA,NA,NA,NA,20200141335
44,2020014,1615,2020,14,16,15,NA,NA,A,NA,NA,NA,NA,20200141615
45,2020014,1755,2020,14,17,55,NA,NA,A,NA,NA,NA,NA,20200141755
46,2020015,1240,2020,15,12,40,NA,NA,T,NA,NA,NA,NA,20200151240
47,2020015,1415,2020,15,14,15,NA,NA,T,NA,NA,NA,NA,20200151415
48,2020015,1700,2020,15,17,0,NA,NA,A,NA,NA,NA,NA,20200151700
49,2020016,1320,2020,16,13,20,NA,NA,T,NA,NA,NA,NA,20200161320
50,2020016,1605,2020,16,16,5,NA,NA,A,NA,NA,NA,NA,20200161605
51,2020016,1740,2020,16,17,40,NA,NA,A,NA,NA,NA,NA,20200161740
52,2020017,1225,2020,17,12,25,NA,NA,T,NA,NA,NA,NA,20200171225
53,2020017,1405,2020,17,14,5,NA,NA,T,NA,NA,NA,NA,20200171405
54,2020017,1645,2020,17,16,45,NA,NA,A,NA,NA,NA,NA,20200171645
55,2020017,1825,2020,17,18,25,NA,NA,A,NA,NA,NA,NA,20200171825
56,2020018,1310,2020,18,13,10,NA,NA,T,NA,NA,NA,NA,20200181310
57,2020018,1445,2020,18,14,45,NA,NA,T,NA,NA,NA,NA,20200181445
58,2020018,1550,2020,18,15,50,NA,NA,A,NA,NA,NA,NA,20200181550
59,2020018,1730,2020,18,17,30,NA,NA,A,NA,NA,NA,NA,20200181730
60,2020019,1350,2020,19,13,50,NA,NA,T,NA,NA,NA,NA,20200191350
61,2020019,1635,2020,19,16,35,NA,NA,A,NA,NA,NA,NA,20200191635
62,2020019,1810,2020,19,18,10,NA,NA,A,NA,NA,NA,NA,20200191810
63,2020020,1255,2020,20,12,55,NA,NA,T,NA,NA,NA,NA,20200201255
64,2020020,1435,2020,20,14,35,NA,NA,T,NA,NA,NA,NA,20200201435
65,2020020,1720,2020,20,17,20,NA,NA,A,NA,NA,NA,NA,20200201720
66,2020021,1340,2020,21,13,40,-23.55416666,-46.74009194,T,0.159,0.109,0.0308,0,20200211340
67,2020021,1625,2020,21,16,25,NA,NA,A,NA,NA,NA,NA,20200211625
68,2020021,1800,2020,21,18,0,NA,NA,A,NA,NA,NA,NA,20200211800
69,2020022,1245,2020,22,12,45,NA,NA,T,NA,NA,NA,NA,20200221245
70,2020022,1425,2020,22,14,25,NA,NA,T,NA,NA,NA,NA,20200221425
71,2020022,1705,2020,22,17,5,NA,NA,A,NA,NA,NA,NA,20200221705
72,2020023,1330,2020,23,13,30,NA,NA,T,NA,NA,NA,NA,20200231330
73,2020023,1610,2020,23,16,10,NA,NA,A,NA,NA,NA,NA,20200231610
74,2020023,1750,2020,23,17,50,NA,NA,A,NA,NA,NA,NA,20200231750
75,2020024,1230,2020,24,12,30,NA,NA,T,NA,NA,NA,NA,20200241230
76,2020024,1410,2020,24,14,10,NA,NA,T,NA,NA,NA,NA,20200241410
77,2020024,1655,2020,24,16,55,NA,NA,A,NA,NA,NA,NA,20200241655
78,2020024,1830,2020,24,18,30,NA,NA,A,NA,NA,NA,NA,20200241830
79,2020025,1315,2020,25,13,15,NA,NA,T,NA,NA,NA,NA,20200251315
80,2020025,1600,2020,25,16,0,NA,NA,A,NA,NA,NA,NA,20200251600
81,2020025,1735,2020,25,17,35,NA,NA,A,NA,NA,NA,NA,20200251735
82,2020026,1400,2020,26,14,0,-23.55416666,-46.74009194,T,0.03225,0.02175,0.0128,0,20200261400
83,2020026,1640,2020,26,16,40,NA,NA,A,NA,NA,NA,NA,20200261640
84,2020026,1820,2020,26,18,20,NA,NA,A,NA,NA,NA,NA,20200261820
85,2020027,1305,2020,27,13,5,-23.55416666,-46.74009194,T,0.08725,0.0595,0.0442,0,20200271305
86,2020027,1440,2020,27,14,40,NA,NA,T,NA,NA,NA,NA,20200271440
87,2020027,1725,2020,27,17,25,NA,NA,A,NA,NA,NA,NA,20200271725
88,2020028,1345,2020,28,13,45,NA,NA,T,NA,NA,NA,NA,20200281345
89,2020028,1630,2020,28,16,30,NA,NA,A,NA,NA,NA,NA,20200281630
90,2020028,1805,2020,28,18,5,NA,NA,A,NA,NA,NA,NA,20200281805
91,2020029,1250,2020,29,12,50,-23.55416666,-46.73100119,T,0.2815,0.195,0.0197,0,20200291250
92,2020029,1430,2020,29,14,30,NA,NA,T,NA,NA,NA,NA,20200291430
93,2020029,1710,2020,29,17,10,NA,NA,A,NA,NA,NA,NA,20200291710
94,2020030,1335,2020,30,13,35,NA,NA,T,NA,NA,NA,NA,20200301335
95,2020030,1615,2020,30,16,15,-23.5625,-46.73396482,A,0.337,0.236,0.0131,0,20200301615
96,2020030,1755,2020,30,17,55,NA,NA,A,NA,NA,NA,NA,20200301755
97,2020031,1240,2020,31,12,40,NA,NA,T,NA,NA,NA,NA,20200311240
98,2020031,1415,2020,31,14,15,NA,NA,T,NA,NA,NA,NA,20200311415
99,2020031,1700,2020,31,17,0,NA,NA,A,NA,NA,NA,NA,20200311700
78,2020032,1320,2020,32,13,20,NA,NA,T,NA,NA,NA,NA,20200321320
79,2020032,1605,2020,32,16,5,NA,NA,A,NA,NA,NA,NA,20200321605
80,2020032,1740,2020,32,17,40,NA,NA,A,NA,NA,NA,NA,20200321740
100,2020033,1225,2020,33,12,25,NA,NA,T,NA,NA,NA,NA,20200331225
101,2020033,1405,2020,33,14,5,NA,NA,T,NA,NA,NA,NA,20200331405
102,2020033,1645,2020,33,16,45,NA,NA,A,NA,NA,NA,NA,20200331645
103,2020033,1825,2020,33,18,25,NA,NA,A,NA,NA,NA,NA,20200331825
104,2020034,1310,2020,34,13,10,NA,NA,T,NA,NA,NA,NA,20200341310
105,2020034,1450,2020,34,14,50,NA,NA,T,NA,NA,NA,NA,20200341450
106,2020034,1550,2020,34,15,50,NA,NA,A,NA,NA,NA,NA,20200341550
107,2020034,1730,2020,34,17,30,NA,NA,A,NA,NA,NA,NA,20200341730
108,2020035,1350,2020,35,13,50,NA,NA,T,NA,NA,NA,NA,20200351350
109,2020035,1635,2020,35,16,35,NA,NA,A,NA,NA,NA,NA,20200351635
110,2020035,1810,2020,35,18,10,NA,NA,A,NA,NA,NA,NA,20200351810
111,2020036,1255,2020,36,12,55,NA,NA,T,NA,NA,NA,NA,20200361255
112,2020036,1435,2020,36,14,35,NA,NA,T,NA,NA,NA,NA,20200361435
113,2020036,1720,2020,36,17,20,NA,NA,A,NA,NA,NA,NA,20200361720
114,2020037,1340,2020,37,13,40,NA,NA,T,NA,NA,NA,NA,20200371340
115,2020037,1625,2020,37,16,25,NA,NA,A,NA,NA,NA,NA,20200371625
116,2020037,1800,2020,37,18,0,NA,NA,A,NA,NA,NA,NA,20200371800
117,2020038,1245,2020,38,12,45,NA,NA,T,NA,NA,NA,NA,20200381245
118,2020038,1425,2020,38,14,25,NA,NA,T,NA,NA,NA,NA,20200381425
119,2020038,1705,2020,38,17,5,NA,NA,A,NA,NA,NA,NA,20200381705
120,2020039,1330,2020,39,13,30,-23.55416666,-46.74009194,T,0.1225,0.08425,0.0649,0,20200391330
121,2020039,1610,2020,39,16,10,NA,NA,A,NA,NA,NA,NA,20200391610
122,2020039,1750,2020,39,17,50,NA,NA,A,NA,NA,NA,NA,20200391750
123,2020040,1235,2020,40,12,35,NA,NA,T,NA,NA,NA,NA,20200401235
124,2020040,1410,2020,40,14,10,NA,NA,T,NA,NA,NA,NA,20200401410
125,2020040,1655,2020,40,16,55,NA,NA,A,NA,NA,NA,NA,20200401655
126,2020040,1830,2020,40,18,30,NA,NA,A,NA,NA,NA,NA,20200401830
127,2020041,1315,2020,41,13,15,NA,NA,T,NA,NA,NA,NA,20200411315
128,2020041,1600,2020,41,16,0,NA,NA,A,NA,NA,NA,NA,20200411600
129,2020041,1735,2020,41,17,35,NA,NA,A,NA,NA,NA,NA,20200411735
130,2020042,1400,2020,42,14,0,NA,NA,T,NA,NA,NA,NA,20200421400
131,2020042,1640,2020,42,16,40,NA,NA,A,NA,NA,NA,NA,20200421640
132,2020042,1820,2020,42,18,20,NA,NA,A,NA,NA,NA,NA,20200421820
133,2020043,1305,2020,43,13,5,NA,NA,T,NA,NA,NA,NA,20200431305
134,2020043,1440,2020,43,14,40,NA,NA,T,NA,NA,NA,NA,20200431440
135,2020043,1725,2020,43,17,25,NA,NA,A,NA,NA,NA,NA,20200431725
136,2020044,1345,2020,44,13,45,NA,NA,T,NA,NA,NA,NA,20200441345
137,2020044,1630,2020,44,16,30,NA,NA,A,NA,NA,NA,NA,20200441630
138,2020044,1805,2020,44,18,5,NA,NA,A,NA,NA,NA,NA,20200441805
139,2020045,1250,2020,45,12,50,-23.55416666,-46.74009194,T,0.14525,0.10025,0.0254,0,20200451250
140,2020045,1430,2020,45,14,30,NA,NA,T,NA,NA,NA,NA,20200451430
141,2020045,1710,2020,45,17,10,NA,NA,A,NA,NA,NA,NA,20200451710
142,2020046,1335,2020,46,13,35,NA,NA,T,NA,NA,NA,NA,20200461335
143,2020046,1615,2020,46,16,15,NA,NA,A,NA,NA,NA,NA,20200461615
144,2020046,1755,2020,46,17,55,NA,NA,A,NA,NA,NA,NA,20200461755
145,2020047,1240,2020,47,12,40,-23.55416666,-46.74009194,T,0.16325,0.112,0.0129,0,20200471240
146,2020047,1415,2020,47,14,15,NA,NA,T,NA,NA,NA,NA,20200471415
147,2020047,1700,2020,47,17,0,NA,NA,A,NA,NA,NA,NA,20200471700
148,2020048,1320,2020,48,13,20,-23.55416666,-46.74009194,T,0.175,0.12025,0.0603,0,20200481320
149,2020048,1605,2020,48,16,5,NA,NA,A,NA,NA,NA,NA,20200481605
150,2020048,1745,2020,48,17,45,NA,NA,A,NA,NA,NA,NA,20200481745
151,2020049,1225,2020,49,12,25,NA,NA,T,NA,NA,NA,NA,20200491225
152,2020049,1405,2020,49,14,5,NA,NA,T,NA,NA,NA,NA,20200491405
153,2020049,1645,2020,49,16,45,NA,NA,A,NA,NA,NA,NA,20200491645
154,2020049,1825,2020,49,18,25,NA,NA,A,NA,NA,NA,NA,20200491825
155,2020050,1310,2020,50,13,10,NA,NA,T,NA,NA,NA,NA,20200501310
156,2020050,1450,2020,50,14,50,NA,NA,T,NA,NA,NA,NA,20200501450
157,2020050,1550,2020,50,15,50,NA,NA,A,NA,NA,NA,NA,20200501550
158,2020050,1730,2020,50,17,30,NA,NA,A,NA,NA,NA,NA,20200501730
159,2020051,1355,2020,51,13,55,NA,NA,T,NA,NA,NA,NA,20200511355
160,2020051,1635,2020,51,16,35,NA,NA,A,NA,NA,NA,NA,20200511635
161,2020051,1810,2020,51,18,10,NA,NA,A,NA,NA,NA,NA,20200511810
162,2020052,1300,2020,52,13,0,NA,NA,T,NA,NA,NA,NA,20200521300
163,2020052,1435,2020,52,14,35,NA,NA,T,NA,NA,NA,NA,20200521435
164,2020052,1720,2020,52,17,20,NA,NA,A,NA,NA,NA,NA,20200521720
165,2020053,1340,2020,53,13,40,NA,NA,T,NA,NA,NA,NA,20200531340
166,2020053,1625,2020,53,16,25,NA,NA,A,NA,NA,NA,NA,20200531625
167,2020053,1800,2020,53,18,0,NA,NA,A,NA,NA,NA,NA,20200531800
168,2020054,1245,2020,54,12,45,NA,NA,T,NA,NA,NA,NA,20200541245
169,2020054,1425,2020,54,14,25,NA,NA,T,NA,NA,NA,NA,20200541425
170,2020054,1705,2020,54,17,5,NA,NA,A,NA,NA,NA,NA,20200541705
171,2020055,1330,2020,55,13,30,NA,NA,T,NA,NA,NA,NA,20200551330
172,2020055,1610,2020,55,16,10,NA,NA,A,NA,NA,NA,NA,20200551610
173,2020055,1750,2020,55,17,50,NA,NA,A,NA,NA,NA,NA,20200551750
174,2020056,1235,2020,56,12,35,NA,NA,T,NA,NA,NA,NA,20200561235
175,2020056,1410,2020,56,14,10,NA,NA,T,NA,NA,NA,NA,20200561410
176,2020056,1655,2020,56,16,55,NA,NA,A,NA,NA,NA,NA,20200561655
177,2020056,1830,2020,56,18,30,NA,NA,A,NA,NA,NA,NA,20200561830
178,2020057,1315,2020,57,13,15,NA,NA,T,NA,NA,NA,NA,20200571315
179,2020057,1600,2020,57,16,0,NA,NA,A,NA,NA,NA,NA,20200571600
180,2020057,1735,2020,57,17,35,NA,NA,A,NA,NA,NA,NA,20200571735
181,2020058,1400,2020,58,14,0,NA,NA,T,NA,NA,NA,NA,20200581400
182,2020058,1640,2020,58,16,40,NA,NA,A,NA,NA,NA,NA,20200581640
183,2020058,1820,2020,58,18,20,NA,NA,A,NA,NA,NA,NA,20200581820
184,2020059,1305,2020,59,13,5,NA,NA,T,NA,NA,NA,NA,20200591305
185,2020059,1440,2020,59,14,40,NA,NA,T,NA,NA,NA,NA,20200591440
186,2020059,1725,2020,59,17,25,NA,NA,A,NA,NA,NA,NA,20200591725
187,2020060,1345,2020,60,13,45,NA,NA,T,NA,NA,NA,NA,20200601345
188,2020060,1630,2020,60,16,30,NA,NA,A,NA,NA,NA,NA,20200601630
189,2020060,1805,2020,60,18,5,NA,NA,A,NA,NA,NA,NA,20200601805
190,2020061,1250,2020,61,12,50,NA,NA,T,NA,NA,NA,NA,20200611250
191,2020061,1430,2020,61,14,30,NA,NA,T,NA,NA,NA,NA,20200611430
192,2020061,1710,2020,61,17,10,NA,NA,A,NA,NA,NA,NA,20200611710
193,2020062,1335,2020,62,13,35,NA,NA,T,NA,NA,NA,NA,20200621335
194,2020062,1615,2020,62,16,15,NA,NA,A,NA,NA,NA,NA,20200621615
195,2020062,1755,2020,62,17,55,NA,NA,A,NA,NA,NA,NA,20200621755
196,2020063,1240,2020,63,12,40,NA,NA,T,NA,NA,NA,NA,20200631240
197,2020063,1415,2020,63,14,15,NA,NA,T,NA,NA,NA,NA,20200631415
198,2020063,1700,2020,63,17,0,NA,NA,A,NA,NA,NA,NA,20200631700
199,2020064,1320,2020,64,13,20,NA,NA,T,NA,NA,NA,NA,20200641320
200,2020064,1605,2020,64,16,5,NA,NA,A,NA,NA,NA,NA,20200641605
201,2020064,1745,2020,64,17,45,NA,NA,A,NA,NA,NA,NA,20200641745
202,2020065,1225,2020,65,12,25,NA,NA,T,NA,NA,NA,NA,20200651225
203,2020065,1405,2020,65,14,5,NA,NA,T,NA,NA,NA,NA,20200651405
204,2020065,1650,2020,65,16,50,NA,NA,A,NA,NA,NA,NA,20200651650
205,2020065,1825,2020,65,18,25,NA,NA,A,NA,NA,NA,NA,20200651825
206,2020066,1310,2020,66,13,10,NA,NA,T,NA,NA,NA,NA,20200661310
207,2020066,1450,2020,66,14,50,NA,NA,T,NA,NA,NA,NA,20200661450
208,2020066,1550,2020,66,15,50,NA,NA,A,NA,NA,NA,NA,20200661550
209,2020066,1730,2020,66,17,30,NA,NA,A,NA,NA,NA,NA,20200661730
210,2020067,1355,2020,67,13,55,NA,NA,T,NA,NA,NA,NA,20200671355
211,2020067,1635,2020,67,16,35,NA,NA,A,NA,NA,NA,NA,20200671635
212,2020067,1810,2020,67,18,10,NA,NA,A,NA,NA,NA,NA,20200671810
213,2020068,1300,2020,68,13,0,NA,NA,T,NA,NA,NA,NA,20200681300
214,2020068,1435,2020,68,14,35,NA,NA,T,NA,NA,NA,NA,20200681435
215,2020068,1720,2020,68,17,20,NA,NA,A,NA,NA,NA,NA,20200681720
216,2020069,1340,2020,69,13,40,-23.55416666,-46.74009194,T,0.1435,0.09875,0.0334,0,20200691340
217,2020069,1625,2020,69,16,25,NA,NA,A,NA,NA,NA,NA,20200691625
218,2020069,1800,2020,69,18,0,NA,NA,A,NA,NA,NA,NA,20200691800
219,2020070,1245,2020,70,12,45,-23.55416666,-46.74009194,T,0.093,0.06375,0.0124,0,20200701245
220,2020070,1425,2020,70,14,25,NA,NA,T,NA,NA,NA,NA,20200701425
221,2020070,1705,2020,70,17,5,NA,NA,A,NA,NA,NA,NA,20200701705
222,2020071,1330,2020,71,13,30,-23.55416666,-46.74009194,T,0.13725,0.0945,0.0529,0,20200711330
223,2020071,1610,2020,71,16,10,NA,NA,A,NA,NA,NA,NA,20200711610
224,2020071,1750,2020,71,17,50,NA,NA,A,NA,NA,NA,NA,20200711750
225,2020072,1235,2020,72,12,35,NA,NA,T,NA,NA,NA,NA,20200721235
226,2020072,1410,2020,72,14,10,NA,NA,T,NA,NA,NA,NA,20200721410
227,2020072,1655,2020,72,16,55,NA,NA,A,NA,NA,NA,NA,20200721655
228,2020072,1830,2020,72,18,30,NA,NA,A,NA,NA,NA,NA,20200721830
229,2020073,1315,2020,73,13,15,-23.55416666,-46.74009194,T,0.265,0.1835,0.0481,0,20200731315
230,2020073,1600,2020,73,16,0,NA,NA,A,NA,NA,NA,NA,20200731600
231,2020073,1735,2020,73,17,35,NA,NA,A,NA,NA,NA,NA,20200731735
232,2020074,1400,2020,74,14,0,-23.55416666,-46.74009194,T,0.13625,0.09375,0.0122,0,20200741400
233,2020074,1640,2020,74,16,40,NA,NA,A,NA,NA,NA,NA,20200741640
234,2020074,1820,2020,74,18,20,NA,NA,A,NA,NA,NA,NA,20200741820
235,2020075,1305,2020,75,13,5,-23.55416666,-46.74009194,T,0.07275,0.05,0.0351,0,20200751305
236,2020075,1440,2020,75,14,40,NA,NA,T,NA,NA,NA,NA,20200751440
237,2020075,1725,2020,75,17,25,NA,NA,A,NA,NA,NA,NA,20200751725
238,2020076,1345,2020,76,13,45,-23.55416666,-46.74009194,T,0.1595,0.10975,0.0221,0,20200761345
239,2020076,1630,2020,76,16,30,NA,NA,A,NA,NA,NA,NA,20200761630
240,2020076,1805,2020,76,18,5,NA,NA,A,NA,NA,NA,NA,20200761805
241,2020077,1250,2020,77,12,50,-23.55416666,-46.74009194,T,0.06175,0.0425,0.0211,0,20200771250
242,2020077,1430,2020,77,14,30,NA,NA,T,NA,NA,NA,NA,20200771430
243,2020077,1710,2020,77,17,10,NA,NA,A,NA,NA,NA,NA,20200771710
244,2020078,1335,2020,78,13,35,-23.55416666,-46.74009194,T,0.1775,0.1225,0.0381,0,20200781335
245,2020078,1615,2020,78,16,15,NA,NA,A,NA,NA,NA,NA,20200781615
246,2020078,1755,2020,78,17,55,NA,NA,A,NA,NA,NA,NA,20200781755
247,2020079,1240,2020,79,12,40,NA,NA,T,NA,NA,NA,NA,20200791240
248,2020079,1415,2020,79,14,15,NA,NA,T,NA,NA,NA,NA,20200791415
249,2020079,1700,2020,79,17,0,NA,NA,A,NA,NA,NA,NA,20200791700
250,2020080,1320,2020,80,13,20,NA,NA,T,NA,NA,NA,NA,20200801320
251,2020080,1605,2020,80,16,5,NA,NA,A,NA,NA,NA,NA,20200801605
252,2020080,1745,2020,80,17,45,NA,NA,A,NA,NA,NA,NA,20200801745
253,2020081,1225,2020,81,12,25,NA,NA,T,NA,NA,NA,NA,20200811225
254,2020081,1405,2020,81,14,5,NA,NA,T,NA,NA,NA,NA,20200811405
255,2020081,1650,2020,81,16,50,NA,NA,A,NA,NA,NA,NA,20200811650
256,2020081,1825,2020,81,18,25,NA,NA,A,NA,NA,NA,NA,20200811825
257,2020082,1310,2020,82,13,10,NA,NA,T,NA,NA,NA,NA,20200821310
258,2020082,1450,2020,82,14,50,NA,NA,T,NA,NA,NA,NA,20200821450
259,2020082,1550,2020,82,15,50,NA,NA,A,NA,NA,NA,NA,20200821550
260,2020082,1730,2020,82,17,30,NA,NA,A,NA,NA,NA,NA,20200821730
261,2020083,1355,2020,83,13,55,-23.55416666,-46.74009194,T,0.019,0.013,0.0151,0,20200831355
262,2020083,1635,2020,83,16,35,NA,NA,A,NA,NA,NA,NA,20200831635
263,2020083,1810,2020,83,18,10,NA,NA,A,NA,NA,NA,NA,20200831810
264,2020084,1300,2020,84,13,0,NA,NA,T,NA,NA,NA,NA,20200841300
265,2020084,1435,2020,84,14,35,NA,NA,T,NA,NA,NA,NA,20200841435
266,2020084,1720,2020,84,17,20,NA,NA,A,NA,NA,NA,NA,20200841720
267,2020085,1340,2020,85,13,40,-23.55416666,-46.74009194,T,0.0825,0.0565,0.0274,0,20200851340
268,2020085,1625,2020,85,16,25,NA,NA,A,NA,NA,NA,NA,20200851625
269,2020085,1800,2020,85,18,0,NA,NA,A,NA,NA,NA,NA,20200851800
270,2020086,1245,2020,86,12,45,-23.55416666,-46.74009194,T,0.0585,0.04,0.0239,0,20200861245
271,2020086,1425,2020,86,14,25,NA,NA,T,NA,NA,NA,NA,20200861425
272,2020086,1705,2020,86,17,5,NA,NA,A,NA,NA,NA,NA,20200861705
273,2020087,1330,2020,87,13,30,-23.55416666,-46.74009194,T,0.08,0.0545,0.0432,0,20200871330
274,2020087,1610,2020,87,16,10,NA,NA,A,NA,NA,NA,NA,20200871610
275,2020087,1750,2020,87,17,50,NA,NA,A,NA,NA,NA,NA,20200871750
276,2020088,1235,2020,88,12,35,NA,NA,T,NA,NA,NA,NA,20200881235
277,2020088,1410,2020,88,14,10,NA,NA,T,NA,NA,NA,NA,20200881410
278,2020088,1655,2020,88,16,55,NA,NA,A,NA,NA,NA,NA,20200881655
279,2020088,1830,2020,88,18,30,NA,NA,A,NA,NA,NA,NA,20200881830
280,2020089,1315,2020,89,13,15,NA,NA,T,NA,NA,NA,NA,20200891315
281,2020089,1600,2020,89,16,0,NA,NA,A,NA,NA,NA,NA,20200891600
282,2020089,1735,2020,89,17,35,NA,NA,A,NA,NA,NA,NA,20200891735
283,2020090,1400,2020,90,14,0,NA,NA,T,NA,NA,NA,NA,20200901400
284,2020090,1640,2020,90,16,40,NA,NA,A,NA,NA,NA,NA,20200901640
285,2020090,1820,2020,90,18,20,NA,NA,A,NA,NA,NA,NA,20200901820
286,2020091,1305,2020,91,13,5,-23.55416666,-46.74009194,T,0.256,0.1775,0.0363,0,20200911305
287,2020091,1440,2020,91,14,40,NA,NA,T,NA,NA,NA,NA,20200911440
288,2020091,1725,2020,91,17,25,NA,NA,A,NA,NA,NA,NA,20200911725
289,2020092,1345,2020,92,13,45,NA,NA,T,NA,NA,NA,NA,20200921345
290,2020092,1630,2020,92,16,30,-23.55416666,-46.74009194,A,0.19575,0.13475,0.0156,0,20200921630
291,2020092,1805,2020,92,18,5,NA,NA,A,NA,NA,NA,NA,20200921805
292,2020093,1250,2020,93,12,50,NA,NA,T,NA,NA,NA,NA,20200931250
293,2020093,1430,2020,93,14,30,NA,NA,T,NA,NA,NA,NA,20200931430
294,2020093,1710,2020,93,17,10,NA,NA,A,NA,NA,NA,NA,20200931710
295,2020094,1335,2020,94,13,35,NA,NA,T,NA,NA,NA,NA,20200941335
296,2020094,1615,2020,94,16,15,NA,NA,A,NA,NA,NA,NA,20200941615
297,2020094,1755,2020,94,17,55,NA,NA,A,NA,NA,NA,NA,20200941755
298,2020095,1240,2020,95,12,40,-23.55416666,-46.74009194,T,0.14,0.096,0.014,0,20200951240
299,2020095,1415,2020,95,14,15,NA,NA,T,NA,NA,NA,NA,20200951415
300,2020095,1700,2020,95,17,0,NA,NA,A,NA,NA,NA,NA,20200951700
301,2020096,1320,2020,96,13,20,-23.55416666,-46.74009194,T,0.0885,0.0605,0.0366,0,20200961320
302,2020096,1605,2020,96,16,5,NA,NA,A,NA,NA,NA,NA,20200961605
303,2020096,1745,2020,96,17,45,-23.55416666,-46.74009194,A,0.0775,0.05325,0.0147,0,20200961745
304,2020097,1225,2020,97,12,25,NA,NA,T,NA,NA,NA,NA,20200971225
305,2020097,1405,2020,97,14,5,NA,NA,T,NA,NA,NA,NA,20200971405
306,2020097,1650,2020,97,16,50,-23.55416666,-46.74009194,A,0.072,0.04925,0.039,0,20200971650
307,2020097,1825,2020,97,18,25,NA,NA,A,NA,NA,NA,NA,20200971825
308,2020098,1310,2020,98,13,10,NA,NA,T,NA,NA,NA,NA,20200981310
309,2020098,1450,2020,98,14,50,NA,NA,T,NA,NA,NA,NA,20200981450
310,2020098,1550,2020,98,15,50,NA,NA,A,NA,NA,NA,NA,20200981550
311,2020098,1730,2020,98,17,30,NA,NA,A,NA,NA,NA,NA,20200981730
312,2020099,1350,2020,99,13,50,NA,NA,T,NA,NA,NA,NA,20200991350
313,2020099,1635,2020,99,16,35,NA,NA,A,NA,NA,NA,NA,20200991635
314,2020099,1810,2020,99,18,10,NA,NA,A,NA,NA,NA,NA,20200991810
315,2020100,1255,2020,100,12,55,NA,NA,T,NA,NA,NA,NA,20201001255
316,2020100,1435,2020,100,14,35,NA,NA,T,NA,NA,NA,NA,20201001435
317,2020100,1720,2020,100,17,20,-23.55416666,-46.74009194,A,0.086,0.0585,0.0317,0,20201001720
318,2020101,1340,2020,101,13,40,-23.55416666,-46.74009194,T,0.04675,0.032,0.0227,0,20201011340
319,2020101,1625,2020,101,16,25,-23.55416666,-46.74009194,A,0.16425,0.11275,0.0111,0,20201011625
320,2020101,1800,2020,101,18,0,NA,NA,A,NA,NA,NA,NA,20201011800
321,2020102,1245,2020,102,12,45,NA,NA,T,NA,NA,NA,NA,20201021245
322,2020102,1425,2020,102,14,25,NA,NA,T,NA,NA,NA,NA,20201021425
323,2020102,1705,2020,102,17,5,NA,NA,A,NA,NA,NA,NA,20201021705
81,2020103,1330,2020,103,13,30,NA,NA,T,NA,NA,NA,NA,20201031330
82,2020103,1610,2020,103,16,10,NA,NA,A,NA,NA,NA,NA,20201031610
83,2020103,1750,2020,103,17,50,NA,NA,A,NA,NA,NA,NA,20201031750
324,2020104,1235,2020,104,12,35,NA,NA,T,NA,NA,NA,NA,20201041235
325,2020104,1410,2020,104,14,10,NA,NA,T,NA,NA,NA,NA,20201041410
326,2020104,1655,2020,104,16,55,-23.55416666,-46.74009194,A,0.15325,0.1055,0.0447,0,20201041655
327,2020104,1830,2020,104,18,30,NA,NA,A,NA,NA,NA,NA,20201041830
9,2020105,1600,2020,105,16,0,NA,NA,A,NA,NA,NA,NA,20201051600
10,2020105,1735,2020,105,17,35,NA,NA,A,NA,NA,NA,NA,20201051735
11,2020106,1400,2020,106,14,0,NA,NA,T,NA,NA,NA,NA,20201061400
12,2020106,1640,2020,106,16,40,NA,NA,A,NA,NA,NA,NA,20201061640
13,2020106,1820,2020,106,18,20,NA,NA,A,NA,NA,NA,NA,20201061820
14,2020107,1305,2020,107,13,5,NA,NA,T,NA,NA,NA,NA,20201071305
15,2020107,1440,2020,107,14,40,NA,NA,T,NA,NA,NA,NA,20201071440
16,2020107,1725,2020,107,17,25,NA,NA,A,NA,NA,NA,NA,20201071725
17,2020108,1345,2020,108,13,45,NA,NA,T,NA,NA,NA,NA,20201081345
18,2020108,1630,2020,108,16,30,NA,NA,A,NA,NA,NA,NA,20201081630
19,2020108,1805,2020,108,18,5,NA,NA,A,NA,NA,NA,NA,20201081805
20,2020109,1250,2020,109,12,50,NA,NA,T,NA,NA,NA,NA,20201091250
21,2020109,1430,2020,109,14,30,NA,NA,T,NA,NA,NA,NA,20201091430
22,2020109,1710,2020,109,17,10,NA,NA,A,NA,NA,NA,NA,20201091710
23,2020110,1335,2020,110,13,35,NA,NA,T,NA,NA,NA,NA,20201101335
24,2020110,1615,2020,110,16,15,NA,NA,A,NA,NA,NA,NA,20201101615
25,2020110,1755,2020,110,17,55,NA,NA,A,NA,NA,NA,NA,20201101755
26,2020111,1240,2020,111,12,40,NA,NA,T,NA,NA,NA,NA,20201111240
27,2020111,1415,2020,111,14,15,NA,NA,T,NA,NA,NA,NA,20201111415
28,2020111,1700,2020,111,17,0,NA,NA,A,NA,NA,NA,NA,20201111700
84,2020112,1320,2020,112,13,20,-23.55416666,-46.74009194,T,0.11875,0.0815,0.0472,0,20201121320
85,2020112,1605,2020,112,16,5,NA,NA,A,NA,NA,NA,NA,20201121605
86,2020112,1745,2020,112,17,45,NA,NA,A,NA,NA,NA,NA,20201121745
87,2020113,1225,2020,113,12,25,NA,NA,T,NA,NA,NA,NA,20201131225
88,2020113,1405,2020,113,14,5,NA,NA,T,NA,NA,NA,NA,20201131405
89,2020113,1650,2020,113,16,50,NA,NA,A,NA,NA,NA,NA,20201131650
90,2020113,1825,2020,113,18,25,NA,NA,A,NA,NA,NA,NA,20201131825
29,2020114,1310,2020,114,13,10,-23.55416666,-46.74009194,T,0.17525,0.1205,0.0365,0,20201141310
30,2020114,1450,2020,114,14,50,NA,NA,T,NA,NA,NA,NA,20201141450
31,2020114,1550,2020,114,15,50,NA,NA,A,NA,NA,NA,NA,20201141550
32,2020114,1730,2020,114,17,30,NA,NA,A,NA,NA,NA,NA,20201141730
33,2020115,1350,2020,115,13,50,-23.55416666,-46.74009194,T,0.17725,0.12175,0.0143,0,20201151350
34,2020115,1635,2020,115,16,35,-23.55416666,-46.74009194,A,0.318,0.22225,0.0185,0,20201151635
35,2020115,1810,2020,115,18,10,NA,NA,A,NA,NA,NA,NA,20201151810
36,2020116,1255,2020,116,12,55,-23.55416666,-46.74009194,T,0.14625,0.1005,0.0273,0,20201161255
37,2020116,1435,2020,116,14,35,NA,NA,T,NA,NA,NA,NA,20201161435
38,2020116,1720,2020,116,17,20,NA,NA,A,NA,NA,NA,NA,20201161720
39,2020117,1340,2020,117,13,40,-23.55416666,-46.74009194,T,0.1165,0.08,0.0216,0,20201171340
40,2020117,1625,2020,117,16,25,-23.55416666,-46.74009194,A,0.23675,0.16425,0.0124,0,20201171625
41,2020117,1800,2020,117,18,0,NA,NA,A,NA,NA,NA,NA,20201171800
42,2020118,1245,2020,118,12,45,NA,NA,T,NA,NA,NA,NA,20201181245
43,2020118,1425,2020,118,14,25,NA,NA,T,NA,NA,NA,NA,20201181425
44,2020118,1705,2020,118,17,5,NA,NA,A,NA,NA,NA,NA,20201181705
45,2020119,1330,2020,119,13,30,-23.55416666,-46.74009194,T,0.0915,0.0625,0.035,0,20201191330
46,2020119,1610,2020,119,16,10,NA,NA,A,NA,NA,NA,NA,20201191610
47,2020119,1750,2020,119,17,50,NA,NA,A,NA,NA,NA,NA,20201191750
48,2020120,1230,2020,120,12,30,NA,NA,T,NA,NA,NA,NA,20201201230
49,2020120,1410,2020,120,14,10,NA,NA,T,NA,NA,NA,NA,20201201410
50,2020120,1655,2020,120,16,55,-23.55416666,-46.74009194,A,0.0565,0.0385,0.0387,0,20201201655
51,2020120,1830,2020,120,18,30,NA,NA,A,NA,NA,NA,NA,20201201830
52,2020121,1315,2020,121,13,15,NA,NA,T,NA,NA,NA,NA,20201211315
53,2020121,1600,2020,121,16,0,NA,NA,A,NA,NA,NA,NA,20201211600
54,2020121,1735,2020,121,17,35,NA,NA,A,NA,NA,NA,NA,20201211735
55,2020122,1400,2020,122,14,0,-23.55416666,-46.74009194,T,0.2645,0.1835,0.0111,0,20201221400
56,2020122,1640,2020,122,16,40,-23.55416666,-46.74009194,A,0.31475,0.21975,0.0267,0,20201221640
57,2020122,1820,2020,122,18,20,NA,NA,A,NA,NA,NA,NA,20201221820
58,2020123,1305,2020,123,13,5,-23.55416666,-46.74009194,T,0.24525,0.17025,0.0305,0,20201231305
59,2020123,1440,2020,123,14,40,NA,NA,T,NA,NA,NA,NA,20201231440
60,2020123,1725,2020,123,17,25,NA,NA,A,NA,NA,NA,NA,20201231725
61,2020124,1345,2020,124,13,45,NA,NA,T,NA,NA,NA,NA,20201241345
62,2020124,1630,2020,124,16,30,NA,NA,A,NA,NA,NA,NA,20201241630
63,2020124,1805,2020,124,18,5,NA,NA,A,NA,NA,NA,NA,20201241805
64,2020125,1250,2020,125,12,50,NA,NA,T,NA,NA,NA,NA,20201251250
65,2020125,1430,2020,125,14,30,NA,NA,T,NA,NA,NA,NA,20201251430
66,2020125,1710,2020,125,17,10,NA,NA,A,NA,NA,NA,NA,20201251710
67,2020126,1335,2020,126,13,35,-23.55416666,-46.74009194,T,0.10025,0.06875,0.0323,0,20201261335
68,2020126,1615,2020,126,16,15,NA,NA,A,NA,NA,NA,NA,20201261615
69,2020126,1755,2020,126,17,55,NA,NA,A,NA,NA,NA,NA,20201261755
70,2020127,1240,2020,127,12,40,NA,NA,T,NA,NA,NA,NA,20201271240
71,2020127,1415,2020,127,14,15,NA,NA,T,NA,NA,NA,NA,20201271415
72,2020127,1700,2020,127,17,0,NA,NA,A,NA,NA,NA,NA,20201271700
73,2020128,1320,2020,128,13,20,NA,NA,T,NA,NA,NA,NA,20201281320
74,2020128,1605,2020,128,16,5,NA,NA,A,NA,NA,NA,NA,20201281605
75,2020128,1745,2020,128,17,45,NA,NA,A,NA,NA,NA,NA,20201281745
76,2020129,1225,2020,129,12,25,NA,NA,T,NA,NA,NA,NA,20201291225
77,2020129,1405,2020,129,14,5,NA,NA,T,NA,NA,NA,NA,20201291405
78,2020129,1650,2020,129,16,50,NA,NA,A,NA,NA,NA,NA,20201291650
79,2020129,1825,2020,129,18,25,NA,NA,A,NA,NA,NA,NA,20201291825
80,2020130,1310,2020,130,13,10,-23.55416666,-46.74009194,T,0.046,0.03125,0.0348,0,20201301310
81,2020130,1445,2020,130,14,45,NA,NA,T,NA,NA,NA,NA,20201301445
82,2020130,1550,2020,130,15,50,NA,NA,A,NA,NA,NA,NA,20201301550
83,2020130,1730,2020,130,17,30,-23.55416666,-46.74009194,A,0.056,0.03825,0.0139,0,20201301730
84,2020131,1350,2020,131,13,50,-23.55416666,-46.74009194,T,0.0395,0.027,0.0109,0,20201311350
85,2020131,1635,2020,131,16,35,-23.55416666,-46.74009194,A,0.10175,0.06975,0.016,0,20201311635
86,2020131,1810,2020,131,18,10,NA,NA,A,NA,NA,NA,NA,20201311810
87,2020132,1255,2020,132,12,55,-23.55416666,-46.74009194,T,0.03875,0.0265,0.0186,0,20201321255
88,2020132,1435,2020,132,14,35,NA,NA,T,NA,NA,NA,NA,20201321435
89,2020132,1720,2020,132,17,20,-23.55416666,-46.74009194,A,0.05825,0.03975,0.0197,0,20201321720
90,2020133,1340,2020,133,13,40,NA,NA,T,NA,NA,NA,NA,20201331340
91,2020133,1625,2020,133,16,25,NA,NA,A,NA,NA,NA,NA,20201331625
92,2020133,1800,2020,133,18,0,NA,NA,A,NA,NA,NA,NA,20201331800
93,2020134,1245,2020,134,12,45,NA,NA,T,NA,NA,NA,NA,20201341245
94,2020134,1425,2020,134,14,25,NA,NA,T,NA,NA,NA,NA,20201341425
95,2020134,1705,2020,134,17,5,NA,NA,A,NA,NA,NA,NA,20201341705
96,2020135,1330,2020,135,13,30,NA,NA,T,NA,NA,NA,NA,20201351330
97,2020135,1610,2020,135,16,10,NA,NA,A,NA,NA,NA,NA,20201351610
98,2020135,1750,2020,135,17,50,NA,NA,A,NA,NA,NA,NA,20201351750
99,2020136,1230,2020,136,12,30,NA,NA,T,NA,NA,NA,NA,20201361230
100,2020136,1410,2020,136,14,10,NA,NA,T,NA,NA,NA,NA,20201361410
101,2020136,1655,2020,136,16,55,NA,NA,A,NA,NA,NA,NA,20201361655
102,2020136,1830,2020,136,18,30,NA,NA,A,NA,NA,NA,NA,20201361830
103,2020137,1315,2020,137,13,15,-23.55416666,-46.74009194,T,0.13475,0.09275,0.0363,0,20201371315
104,2020137,1600,2020,137,16,0,NA,NA,A,NA,NA,NA,NA,20201371600
105,2020137,1735,2020,137,17,35,NA,NA,A,NA,NA,NA,NA,20201371735
106,2020138,1400,2020,138,14,0,-23.55416666,-46.74009194,T,0.0365,0.02475,0.0104,0,20201381400
107,2020138,1640,2020,138,16,40,-23.55416666,-46.74009194,A,0.0765,0.0525,0.0219,0,20201381640
108,2020138,1820,2020,138,18,20,NA,NA,A,NA,NA,NA,NA,20201381820
109,2020139,1305,2020,139,13,5,NA,NA,T,NA,NA,NA,NA,20201391305
110,2020139,1440,2020,139,14,40,NA,NA,T,NA,NA,NA,NA,20201391440
111,2020139,1725,2020,139,17,25,-23.55416666,-46.74009194,A,0.06625,0.0455,0.0185,0,20201391725
112,2020140,1345,2020,140,13,45,-23.55416666,-46.74009194,T,0.11125,0.0765,0.0145,0,20201401345
113,2020140,1630,2020,140,16,30,-23.55416666,-46.74009194,A,0.132,0.09075,0.013,0,20201401630
114,2020140,1805,2020,140,18,5,NA,NA,A,NA,NA,NA,NA,20201401805
115,2020141,1250,2020,141,12,50,-23.55416666,-46.74009194,T,0.1205,0.083,0.0187,0,20201411250
116,2020141,1430,2020,141,14,30,NA,NA,T,NA,NA,NA,NA,20201411430
117,2020141,1710,2020,141,17,10,NA,NA,A,NA,NA,NA,NA,20201411710
118,2020142,1335,2020,142,13,35,-23.55416666,-46.74009194,T,0.096,0.06575,0.0249,0,20201421335
119,2020142,1615,2020,142,16,15,NA,NA,A,NA,NA,NA,NA,20201421615
120,2020142,1755,2020,142,17,55,NA,NA,A,NA,NA,NA,NA,20201421755
121,2020143,1240,2020,143,12,40,NA,NA,T,NA,NA,NA,NA,20201431240
122,2020143,1415,2020,143,14,15,NA,NA,T,NA,NA,NA,NA,20201431415
123,2020143,1700,2020,143,17,0,NA,NA,A,NA,NA,NA,NA,20201431700
124,2020144,1320,2020,144,13,20,NA,NA,T,NA,NA,NA,NA,20201441320
125,2020144,1605,2020,144,16,5,NA,NA,A,NA,NA,NA,NA,20201441605
126,2020144,1745,2020,144,17,45,NA,NA,A,NA,NA,NA,NA,20201441745
1,2020145,1225,2020,145,12,25,NA,NA,T,NA,NA,NA,NA,20201451225
2,2020145,1405,2020,145,14,5,NA,NA,T,NA,NA,NA,NA,20201451405
3,2020145,1645,2020,145,16,45,NA,NA,A,NA,NA,NA,NA,20201451645
4,2020145,1825,2020,145,18,25,NA,NA,A,NA,NA,NA,NA,20201451825
5,2020146,1310,2020,146,13,10,-23.55416666,-46.74009194,T,0.05725,0.039,0.0277,0,20201461310
6,2020146,1445,2020,146,14,45,NA,NA,T,NA,NA,NA,NA,20201461445
7,2020146,1550,2020,146,15,50,NA,NA,A,NA,NA,NA,NA,20201461550
8,2020146,1730,2020,146,17,30,-23.55416666,-46.74009194,A,0.024,0.01625,0.0162,0,20201461730
9,2020147,1350,2020,147,13,50,-23.55416666,-46.74009194,T,0.0425,0.029,0.0139,0,20201471350
10,2020147,1635,2020,147,16,35,-23.55416666,-46.74009194,A,0.065,0.04475,0.0166,0,20201471635
11,2020147,1810,2020,147,18,10,NA,NA,A,NA,NA,NA,NA,20201471810
12,2020148,1255,2020,148,12,55,-23.55416666,-46.74009194,T,0.04175,0.0285,0.0186,0,20201481255
13,2020148,1435,2020,148,14,35,NA,NA,T,NA,NA,NA,NA,20201481435
14,2020148,1720,2020,148,17,20,-23.55416666,-46.74009194,A,0.0355,0.02425,0.0199,0,20201481720
15,2020149,1340,2020,149,13,40,-23.55416666,-46.74009194,T,0.09225,0.063,0.0184,0,20201491340
16,2020149,1625,2020,149,16,25,-23.55416666,-46.74009194,A,0.0765,0.0525,0.0106,0,20201491625
17,2020149,1800,2020,149,18,0,NA,NA,A,NA,NA,NA,NA,20201491800
18,2020150,1245,2020,150,12,45,-23.55416666,-46.74009194,T,0.13125,0.09025,0.0113,0,20201501245
19,2020150,1425,2020,150,14,25,NA,NA,T,NA,NA,NA,NA,20201501425
20,2020150,1705,2020,150,17,5,-23.55416666,-46.74009194,A,0.058,0.03975,0.0255,0,20201501705
21,2020151,1330,2020,151,13,30,NA,NA,T,NA,NA,NA,NA,20201511330
22,2020151,1610,2020,151,16,10,-23.55416666,-46.74009194,A,0.106,0.073,0.0059,0,20201511610
23,2020151,1750,2020,151,17,50,NA,NA,A,NA,NA,NA,NA,20201511750
24,2020152,1230,2020,152,12,30,NA,NA,T,NA,NA,NA,NA,20201521230
25,2020152,1410,2020,152,14,10,NA,NA,T,NA,NA,NA,NA,20201521410
26,2020152,1655,2020,152,16,55,-23.55416666,-46.74009194,A,0.0795,0.0545,0.0274,0,20201521655
27,2020152,1830,2020,152,18,30,NA,NA,A,NA,NA,NA,NA,20201521830
28,2020153,1315,2020,153,13,15,-23.55416666,-46.74009194,T,0.095,0.06525,0.0289,0,20201531315
29,2020153,1600,2020,153,16,0,NA,NA,A,NA,NA,NA,NA,20201531600
30,2020153,1735,2020,153,17,35,-23.55416666,-46.74009194,A,0.0795,0.0545,0.0107,0,20201531735
31,2020154,1400,2020,154,14,0,NA,NA,T,NA,NA,NA,NA,20201541400
32,2020154,1640,2020,154,16,40,NA,NA,A,NA,NA,NA,NA,20201541640
33,2020154,1820,2020,154,18,20,NA,NA,A,NA,NA,NA,NA,20201541820
34,2020155,1305,2020,155,13,5,NA,NA,T,NA,NA,NA,NA,20201551305
35,2020155,1440,2020,155,14,40,NA,NA,T,NA,NA,NA,NA,20201551440
36,2020155,1725,2020,155,17,25,NA,NA,A,NA,NA,NA,NA,20201551725
37,2020156,1345,2020,156,13,45,NA,NA,T,NA,NA,NA,NA,20201561345
38,2020156,1630,2020,156,16,30,NA,NA,A,NA,NA,NA,NA,20201561630
39,2020156,1805,2020,156,18,5,NA,NA,A,NA,NA,NA,NA,20201561805
40,2020157,1250,2020,157,12,50,NA,NA,T,NA,NA,NA,NA,20201571250
41,2020157,1430,2020,157,14,30,NA,NA,T,NA,NA,NA,NA,20201571430
42,2020157,1710,2020,157,17,10,NA,NA,A,NA,NA,NA,NA,20201571710
43,2020158,1335,2020,158,13,35,NA,NA,T,NA,NA,NA,NA,20201581335
44,2020158,1615,2020,158,16,15,NA,NA,A,NA,NA,NA,NA,20201581615
45,2020158,1755,2020,158,17,55,NA,NA,A,NA,NA,NA,NA,20201581755
46,2020159,1240,2020,159,12,40,-23.55416666,-46.74009194,T,0.2145,0.14875,0.01,0,20201591240
47,2020159,1415,2020,159,14,15,NA,NA,T,NA,NA,NA,NA,20201591415
48,2020159,1700,2020,159,17,0,-23.55416666,-46.74009194,A,0.08675,0.0595,0.0331,0,20201591700
49,2020160,1320,2020,160,13,20,-23.55416666,-46.74009194,T,0.0505,0.0345,0.0349,0,20201601320
50,2020160,1605,2020,160,16,5,NA,NA,A,NA,NA,NA,NA,20201601605
51,2020160,1745,2020,160,17,45,NA,NA,A,NA,NA,NA,NA,20201601745
52,2020161,1225,2020,161,12,25,NA,NA,T,NA,NA,NA,NA,20201611225
53,2020161,1405,2020,161,14,5,NA,NA,T,NA,NA,NA,NA,20201611405
54,2020161,1645,2020,161,16,45,NA,NA,A,NA,NA,NA,NA,20201611645
55,2020161,1825,2020,161,18,25,NA,NA,A,NA,NA,NA,NA,20201611825
56,2020162,1310,2020,162,13,10,NA,NA,T,NA,NA,NA,NA,20201621310
57,2020162,1445,2020,162,14,45,NA,NA,T,NA,NA,NA,NA,20201621445
58,2020162,1550,2020,162,15,50,NA,NA,A,NA,NA,NA,NA,20201621550
59,2020162,1730,2020,162,17,30,NA,NA,A,NA,NA,NA,NA,20201621730
60,2020163,1350,2020,163,13,50,NA,NA,T,NA,NA,NA,NA,20201631350
61,2020163,1635,2020,163,16,35,NA,NA,A,NA,NA,NA,NA,20201631635
62,2020163,1810,2020,163,18,10,NA,NA,A,NA,NA,NA,NA,20201631810
63,2020164,1255,2020,164,12,55,NA,NA,T,NA,NA,NA,NA,20201641255
64,2020164,1435,2020,164,14,35,NA,NA,T,NA,NA,NA,NA,20201641435
65,2020164,1720,2020,164,17,20,NA,NA,A,NA,NA,NA,NA,20201641720
66,2020165,1340,2020,165,13,40,-23.55416666,-46.74009194,T,0.097,0.06675,0.0175,0,20201651340
67,2020165,1625,2020,165,16,25,NA,NA,A,NA,NA,NA,NA,20201651625
68,2020165,1800,2020,165,18,0,NA,NA,A,NA,NA,NA,NA,20201651800
69,2020166,1245,2020,166,12,45,NA,NA,T,NA,NA,NA,NA,20201661245
70,2020166,1425,2020,166,14,25,NA,NA,T,NA,NA,NA,NA,20201661425
71,2020166,1705,2020,166,17,5,NA,NA,A,NA,NA,NA,NA,20201661705
72,2020167,1330,2020,167,13,30,NA,NA,T,NA,NA,NA,NA,20201671330
73,2020167,1610,2020,167,16,10,NA,NA,A,NA,NA,NA,NA,20201671610
74,2020167,1750,2020,167,17,50,NA,NA,A,NA,NA,NA,NA,20201671750
75,2020168,1230,2020,168,12,30,NA,NA,T,NA,NA,NA,NA,20201681230
76,2020168,1410,2020,168,14,10,NA,NA,T,NA,NA,NA,NA,20201681410
77,2020168,1655,2020,168,16,55,-23.55416666,-46.74009194,A,0.14675,0.10075,0.03,0,20201681655
78,2020168,1830,2020,168,18,30,NA,NA,A,NA,NA,NA,NA,20201681830
79,2020169,1315,2020,169,13,15,-23.55416666,-46.74009194,T,0.0865,0.05925,0.0289,0,20201691315
80,2020169,1600,2020,169,16,0,NA,NA,A,NA,NA,NA,NA,20201691600
81,2020169,1735,2020,169,17,35,-23.55416666,-46.74009194,A,0.0975,0.06725,0.0107,0,20201691735
82,2020170,1400,2020,170,14,0,-23.55416666,-46.74009194,T,0.02625,0.01775,0.0085,0,20201701400
83,2020170,1640,2020,170,16,40,-23.55416666,-46.73100119,A,0.1,0.068,0.0164,0,20201701640
84,2020170,1820,2020,170,18,20,NA,NA,A,NA,NA,NA,NA,20201701820
85,2020171,1305,2020,171,13,5,-23.55416666,-46.74009194,T,0.048,0.03275,0.0205,0,20201711305
86,2020171,1440,2020,171,14,40,NA,NA,T,NA,NA,NA,NA,20201711440
87,2020171,1725,2020,171,17,25,-23.55416666,-46.74009194,A,0.05125,0.035,0.0152,0,20201711725
88,2020172,1345,2020,172,13,45,-23.55416666,-46.74009194,T,0.05625,0.0385,0.0141,0,20201721345
89,2020172,1630,2020,172,16,30,-23.55416666,-46.74009194,A,0.06225,0.04275,0.012,0,20201721630
90,2020172,1805,2020,172,18,5,NA,NA,A,NA,NA,NA,NA,20201721805
91,2020173,1250,2020,173,12,50,NA,NA,T,NA,NA,NA,NA,20201731250
92,2020173,1430,2020,173,14,30,NA,NA,T,NA,NA,NA,NA,20201731430
93,2020173,1710,2020,173,17,10,NA,NA,A,NA,NA,NA,NA,20201731710
94,2020174,1335,2020,174,13,35,-23.55416666,-46.74009194,T,0.0805,0.055,0.023,0,20201741335
95,2020174,1615,2020,174,16,15,-23.55416666,-46.74009194,A,0.16675,0.11475,0.0075,0,20201741615
96,2020174,1755,2020,174,17,55,NA,NA,A,NA,NA,NA,NA,20201741755
97,2020175,1240,2020,175,12,40,NA,NA,T,NA,NA,NA,NA,20201751240
98,2020175,1415,2020,175,14,15,NA,NA,T,NA,NA,NA,NA,20201751415
99,2020175,1700,2020,175,17,0,NA,NA,A,NA,NA,NA,NA,20201751700
100,2020176,1320,2020,176,13,20,-23.55416666,-46.74009194,T,0.0265,0.018,0.0288,0,20201761320
101,2020176,1605,2020,176,16,5,NA,NA,A,NA,NA,NA,NA,20201761605
102,2020176,1745,2020,176,17,45,NA,NA,A,NA,NA,NA,NA,20201761745
103,2020177,1225,2020,177,12,25,NA,NA,T,NA,NA,NA,NA,20201771225
104,2020177,1405,2020,177,14,5,NA,NA,T,NA,NA,NA,NA,20201771405
105,2020177,1645,2020,177,16,45,NA,NA,A,NA,NA,NA,NA,20201771645
106,2020177,1825,2020,177,18,25,NA,NA,A,NA,NA,NA,NA,20201771825
107,2020178,1310,2020,178,13,10,NA,NA,T,NA,NA,NA,NA,20201781310
108,2020178,1445,2020,178,14,45,NA,NA,T,NA,NA,NA,NA,20201781445
109,2020178,1550,2020,178,15,50,NA,NA,A,NA,NA,NA,NA,20201781550
110,2020178,1730,2020,178,17,30,NA,NA,A,NA,NA,NA,NA,20201781730
111,2020179,1350,2020,179,13,50,NA,NA,T,NA,NA,NA,NA,20201791350
112,2020179,1635,2020,179,16,35,NA,NA,A,NA,NA,NA,NA,20201791635
113,2020179,1810,2020,179,18,10,NA,NA,A,NA,NA,NA,NA,20201791810
114,2020180,1255,2020,180,12,55,NA,NA,T,NA,NA,NA,NA,20201801255
115,2020180,1435,2020,180,14,35,NA,NA,T,NA,NA,NA,NA,20201801435
116,2020180,1720,2020,180,17,20,NA,NA,A,NA,NA,NA,NA,20201801720
117,2020181,1340,2020,181,13,40,NA,NA,T,NA,NA,NA,NA,20201811340
118,2020181,1625,2020,181,16,25,NA,NA,A,NA,NA,NA,NA,20201811625
119,2020181,1800,2020,181,18,0,NA,NA,A,NA,NA,NA,NA,20201811800
120,2020182,1245,2020,182,12,45,NA,NA,T,NA,NA,NA,NA,20201821245
121,2020182,1425,2020,182,14,25,NA,NA,T,NA,NA,NA,NA,20201821425
122,2020182,1705,2020,182,17,5,NA,NA,A,NA,NA,NA,NA,20201821705
1,2020183,1330,2020,183,13,30,NA,NA,T,NA,NA,NA,NA,20201831330
2,2020183,1610,2020,183,16,10,NA,NA,A,NA,NA,NA,NA,20201831610
3,2020183,1750,2020,183,17,50,NA,NA,A,NA,NA,NA,NA,20201831750
4,2020183,1330,2020,183,13,30,NA,NA,T,NA,NA,NA,NA,20201831330
5,2020183,1610,2020,183,16,10,NA,NA,A,NA,NA,NA,NA,20201831610
6,2020183,1750,2020,183,17,50,NA,NA,A,NA,NA,NA,NA,20201831750
7,2020184,1230,2020,184,12,30,NA,NA,T,NA,NA,NA,NA,20201841230
8,2020184,1410,2020,184,14,10,NA,NA,T,NA,NA,NA,NA,20201841410
9,2020184,1655,2020,184,16,55,-23.55416666,-46.74009194,A,0.031,0.02125,0.0306,0,20201841655
10,2020184,1830,2020,184,18,30,NA,NA,A,NA,NA,NA,NA,20201841830
11,2020184,1230,2020,184,12,30,NA,NA,T,NA,NA,NA,NA,20201841230
12,2020184,1410,2020,184,14,10,NA,NA,T,NA,NA,NA,NA,20201841410
13,2020184,1655,2020,184,16,55,-23.55416666,-46.74009194,A,0.031,0.02125,0.0306,0,20201841655
14,2020184,1830,2020,184,18,30,NA,NA,A,NA,NA,NA,NA,20201841830
15,2020185,1315,2020,185,13,15,NA,NA,T,NA,NA,NA,NA,20201851315
16,2020185,1600,2020,185,16,0,NA,NA,A,NA,NA,NA,NA,20201851600
17,2020185,1735,2020,185,17,35,NA,NA,A,NA,NA,NA,NA,20201851735
18,2020185,1315,2020,185,13,15,NA,NA,T,NA,NA,NA,NA,20201851315
19,2020185,1600,2020,185,16,0,NA,NA,A,NA,NA,NA,NA,20201851600
20,2020185,1735,2020,185,17,35,NA,NA,A,NA,NA,NA,NA,20201851735
21,2020186,1400,2020,186,14,0,-23.55416666,-46.74009194,T,0.0485,0.0335,0.009,0,20201861400
22,2020186,1640,2020,186,16,40,-23.55416666,-46.74009194,A,0.0465,0.03175,0.0215,0,20201861640
23,2020186,1820,2020,186,18,20,NA,NA,A,NA,NA,NA,NA,20201861820
24,2020186,1400,2020,186,14,0,-23.55416666,-46.74009194,T,0.0485,0.0335,0.009,0,20201861400
25,2020186,1640,2020,186,16,40,-23.55416666,-46.74009194,A,0.0465,0.03175,0.0215,0,20201861640
26,2020186,1820,2020,186,18,20,NA,NA,A,NA,NA,NA,NA,20201861820
27,2020187,1305,2020,187,13,5,NA,NA,T,NA,NA,NA,NA,20201871305
28,2020187,1440,2020,187,14,40,NA,NA,T,NA,NA,NA,NA,20201871440
29,2020187,1725,2020,187,17,25,-23.55416666,-46.74009194,A,0.10925,0.075,0.0165,0,20201871725
30,2020187,1305,2020,187,13,5,NA,NA,T,NA,NA,NA,NA,20201871305
31,2020187,1440,2020,187,14,40,NA,NA,T,NA,NA,NA,NA,20201871440
32,2020187,1725,2020,187,17,25,-23.55416666,-46.74009194,A,0.10925,0.075,0.0165,0,20201871725
33,2020188,1345,2020,188,13,45,NA,NA,T,NA,NA,NA,NA,20201881345
34,2020188,1630,2020,188,16,30,-23.55416666,-46.74009194,A,0.24625,0.17075,0.0135,0,20201881630
35,2020188,1805,2020,188,18,5,NA,NA,A,NA,NA,NA,NA,20201881805
36,2020188,1345,2020,188,13,45,NA,NA,T,NA,NA,NA,NA,20201881345
37,2020188,1630,2020,188,16,30,-23.55416666,-46.74009194,A,0.24625,0.17075,0.0135,0,20201881630
38,2020188,1805,2020,188,18,5,NA,NA,A,NA,NA,NA,NA,20201881805
39,2020189,1250,2020,189,12,50,-23.55416666,-46.74009194,T,0.13,0.0895,0.0133,0,20201891250
40,2020189,1430,2020,189,14,30,NA,NA,T,NA,NA,NA,NA,20201891430
41,2020189,1710,2020,189,17,10,-23.55416666,-46.74009194,A,0.10975,0.07525,0.0207,0,20201891710
42,2020189,1250,2020,189,12,50,-23.55416666,-46.74009194,T,0.13,0.0895,0.0133,0,20201891250
43,2020189,1430,2020,189,14,30,NA,NA,T,NA,NA,NA,NA,20201891430
44,2020189,1710,2020,189,17,10,-23.55416666,-46.74009194,A,0.10975,0.07525,0.0207,0,20201891710
45,2020190,1335,2020,190,13,35,NA,NA,T,NA,NA,NA,NA,20201901335
46,2020190,1615,2020,190,16,15,NA,NA,A,NA,NA,NA,NA,20201901615
47,2020190,1755,2020,190,17,55,NA,NA,A,NA,NA,NA,NA,20201901755
48,2020190,1335,2020,190,13,35,NA,NA,T,NA,NA,NA,NA,20201901335
49,2020190,1615,2020,190,16,15,NA,NA,A,NA,NA,NA,NA,20201901615
50,2020190,1755,2020,190,17,55,NA,NA,A,NA,NA,NA,NA,20201901755
51,2020191,1240,2020,191,12,40,NA,NA,T,NA,NA,NA,NA,20201911240
52,2020191,1415,2020,191,14,15,NA,NA,T,NA,NA,NA,NA,20201911415
53,2020191,1700,2020,191,17,0,NA,NA,A,NA,NA,NA,NA,20201911700
54,2020192,1320,2020,192,13,20,-23.55416666,-46.74009194,T,0.08975,0.061,0.0302,0,20201921320
55,2020192,1605,2020,192,16,5,NA,NA,A,NA,NA,NA,NA,20201921605
56,2020192,1740,2020,192,17,40,-23.55416666,-46.74009194,A,0.107,0.0735,0.0111,0,20201921740
57,2020193,1225,2020,193,12,25,NA,NA,T,NA,NA,NA,NA,20201931225
58,2020193,1405,2020,193,14,5,-23.55416666,-46.74009194,T,0.0945,0.06475,0.0075,0,20201931405
59,2020193,1645,2020,193,16,45,NA,NA,A,NA,NA,NA,NA,20201931645
60,2020193,1825,2020,193,18,25,NA,NA,A,NA,NA,NA,NA,20201931825
61,2020194,1310,2020,194,13,10,-23.55416666,-46.74009194,T,0.06775,0.04625,0.0268,0,20201941310
62,2020194,1445,2020,194,14,45,NA,NA,T,NA,NA,NA,NA,20201941445
63,2020194,1550,2020,194,15,50,NA,NA,A,NA,NA,NA,NA,20201941550
64,2020194,1730,2020,194,17,30,-23.55416666,-46.74009194,A,0.084,0.0575,0.0149,0,20201941730
65,2020195,1350,2020,195,13,50,-23.55416666,-46.74009194,T,0.093,0.0635,0.0117,0,20201951350
66,2020195,1635,2020,195,16,35,NA,NA,A,NA,NA,NA,NA,20201951635
67,2020195,1810,2020,195,18,10,NA,NA,A,NA,NA,NA,NA,20201951810
68,2020196,1255,2020,196,12,55,NA,NA,T,NA,NA,NA,NA,20201961255
69,2020196,1435,2020,196,14,35,NA,NA,T,NA,NA,NA,NA,20201961435
70,2020196,1720,2020,196,17,20,NA,NA,A,NA,NA,NA,NA,20201961720
71,2020197,1340,2020,197,13,40,NA,NA,T,NA,NA,NA,NA,20201971340
72,2020197,1625,2020,197,16,25,NA,NA,A,NA,NA,NA,NA,20201971625
73,2020197,1800,2020,197,18,0,NA,NA,A,NA,NA,NA,NA,20201971800
74,2020198,1245,2020,198,12,45,NA,NA,T,NA,NA,NA,NA,20201981245
75,2020198,1425,2020,198,14,25,NA,NA,T,NA,NA,NA,NA,20201981425
76,2020198,1705,2020,198,17,5,NA,NA,A,NA,NA,NA,NA,20201981705
77,2020199,1330,2020,199,13,30,NA,NA,T,NA,NA,NA,NA,20201991330
78,2020199,1610,2020,199,16,10,-23.5625,-46.74305615,A,0.2805,0.195,0.006,0,20201991610
79,2020199,1750,2020,199,17,50,NA,NA,A,NA,NA,NA,NA,20201991750
80,2020200,1230,2020,200,12,30,NA,NA,T,NA,NA,NA,NA,20202001230
81,2020200,1410,2020,200,14,10,NA,NA,T,NA,NA,NA,NA,20202001410
82,2020200,1655,2020,200,16,55,-23.55416666,-46.74009194,A,0.11475,0.07875,0.0341,0,20202001655
83,2020200,1830,2020,200,18,30,NA,NA,A,NA,NA,NA,NA,20202001830
84,2020201,1315,2020,201,13,15,-23.55416666,-46.74009194,T,0.1045,0.0715,0.0325,0,20202011315
85,2020201,1600,2020,201,16,0,NA,NA,A,NA,NA,NA,NA,20202011600
86,2020201,1735,2020,201,17,35,NA,NA,A,NA,NA,NA,NA,20202011735
87,2020202,1400,2020,202,14,0,-23.55416666,-46.74009194,T,0.022,0.01475,0.0093,0,20202021400
88,2020202,1640,2020,202,16,40,-23.55416666,-46.74009194,A,0.0535,0.0365,0.0238,0,20202021640
89,2020202,1820,2020,202,18,20,NA,NA,A,NA,NA,NA,NA,20202021820
90,2020203,1305,2020,203,13,5,-23.55416666,-46.74009194,T,0.03225,0.022,0.0205,0,20202031305
91,2020203,1440,2020,203,14,40,NA,NA,T,NA,NA,NA,NA,20202031440
92,2020203,1725,2020,203,17,25,-23.55416666,-46.74009194,A,0.0835,0.05725,0.0164,0,20202031725
93,2020204,1345,2020,204,13,45,-23.55416666,-46.74009194,T,0.0785,0.0535,0.0132,0,20202041345
94,2020204,1630,2020,204,16,30,-23.55416666,-46.74009194,A,0.14725,0.10125,0.0122,0,20202041630
95,2020204,1805,2020,204,18,5,NA,NA,A,NA,NA,NA,NA,20202041805
96,2020205,1250,2020,205,12,50,-23.55416666,-46.74009194,T,0.079,0.054,0.0149,0,20202051250
97,2020205,1430,2020,205,14,30,NA,NA,T,NA,NA,NA,NA,20202051430
98,2020205,1710,2020,205,17,10,-23.55416666,-46.74009194,A,0.13725,0.094,0.0238,0,20202051710
91,2020206,1335,2020,206,13,35,-23.55416666,-46.74009194,T,0.0745,0.051,0.0203,0,20202061335
92,2020206,1615,2020,206,16,15,-23.55416666,-46.74009194,A,0.09125,0.06225,0.0098,0,20202061615
93,2020206,1755,2020,206,17,55,NA,NA,A,NA,NA,NA,NA,20202061755
99,2020207,1240,2020,207,12,40,-23.55416666,-46.74009194,T,0.0445,0.03025,0.0142,0,20202071240
100,2020207,1415,2020,207,14,15,NA,NA,T,NA,NA,NA,NA,20202071415
101,2020207,1700,2020,207,17,0,-23.55416666,-46.74009194,A,0.066,0.045,0.0352,0,20202071700
102,2020208,1320,2020,208,13,20,NA,NA,T,NA,NA,NA,NA,20202081320
103,2020208,1605,2020,208,16,5,NA,NA,A,NA,NA,NA,NA,20202081605
104,2020208,1745,2020,208,17,45,NA,NA,A,NA,NA,NA,NA,20202081745
105,2020209,1225,2020,209,12,25,NA,NA,T,NA,NA,NA,NA,20202091225
106,2020209,1405,2020,209,14,5,-23.55416666,-46.74009194,T,0.03925,0.02675,0.0069,0,20202091405
107,2020209,1645,2020,209,16,45,-23.55416666,-46.74009194,A,0.0535,0.0365,0.0312,0,20202091645
108,2020209,1825,2020,209,18,25,NA,NA,A,NA,NA,NA,NA,20202091825
109,2020210,1310,2020,210,13,10,-23.55416666,-46.74009194,T,0.03825,0.026,0.032,0,20202101310
110,2020210,1445,2020,210,14,45,NA,NA,T,NA,NA,NA,NA,20202101445
111,2020210,1550,2020,210,15,50,NA,NA,A,NA,NA,NA,NA,20202101550
112,2020210,1730,2020,210,17,30,NA,NA,A,NA,NA,NA,NA,20202101730
113,2020211,1350,2020,211,13,50,NA,NA,T,NA,NA,NA,NA,20202111350
114,2020211,1635,2020,211,16,35,NA,NA,A,NA,NA,NA,NA,20202111635
115,2020211,1810,2020,211,18,10,NA,NA,A,NA,NA,NA,NA,20202111810
116,2020212,1255,2020,212,12,55,NA,NA,T,NA,NA,NA,NA,20202121255
117,2020212,1435,2020,212,14,35,NA,NA,T,NA,NA,NA,NA,20202121435
118,2020212,1720,2020,212,17,20,NA,NA,A,NA,NA,NA,NA,20202121720
119,2020213,1340,2020,213,13,40,NA,NA,T,NA,NA,NA,NA,20202131340
120,2020213,1625,2020,213,16,25,-23.55416666,-46.74009194,A,0.1995,0.1375,0.01,0,20202131625
121,2020213,1800,2020,213,18,0,NA,NA,A,NA,NA,NA,NA,20202131800
122,2020214,1245,2020,214,12,45,NA,NA,T,NA,NA,NA,NA,20202141245
123,2020214,1425,2020,214,14,25,NA,NA,T,NA,NA,NA,NA,20202141425
124,2020214,1705,2020,214,17,5,NA,NA,A,NA,NA,NA,NA,20202141705
125,2020215,1330,2020,215,13,30,NA,NA,T,NA,NA,NA,NA,20202151330
126,2020215,1610,2020,215,16,10,-23.55416666,-46.74009194,A,0.14875,0.10275,0.0065,0,20202151610
127,2020215,1750,2020,215,17,50,NA,NA,A,NA,NA,NA,NA,20202151750
128,2020216,1230,2020,216,12,30,NA,NA,T,NA,NA,NA,NA,20202161230
129,2020216,1410,2020,216,14,10,NA,NA,T,NA,NA,NA,NA,20202161410
130,2020216,1655,2020,216,16,55,NA,NA,A,NA,NA,NA,NA,20202161655
131,2020216,1830,2020,216,18,30,NA,NA,A,NA,NA,NA,NA,20202161830
132,2020217,1315,2020,217,13,15,-23.55416666,-46.74009194,T,0.09875,0.06725,0.0419,0,20202171315
133,2020217,1600,2020,217,16,0,NA,NA,A,NA,NA,NA,NA,20202171600
134,2020217,1735,2020,217,17,35,-23.55416666,-46.74009194,A,0.0775,0.053,0.0138,0,20202171735
135,2020218,1400,2020,218,14,0,-23.55416666,-46.74009194,T,0.08075,0.0555,0.0086,0,20202181400
136,2020218,1640,2020,218,16,40,-23.55416666,-46.74009194,A,0.10375,0.071,0.0282,0,20202181640
137,2020218,1820,2020,218,18,20,NA,NA,A,NA,NA,NA,NA,20202181820
138,2020219,1305,2020,219,13,5,-23.55416666,-46.74009194,T,0.10675,0.07325,0.0295,0,20202191305
139,2020219,1440,2020,219,14,40,NA,NA,T,NA,NA,NA,NA,20202191440
140,2020219,1725,2020,219,17,25,-23.55416666,-46.74009194,A,0.15125,0.104,0.0223,0,20202191725
141,2020220,1345,2020,220,13,45,-23.55416666,-46.74009194,T,0.03925,0.02675,0.018,0,20202201345
142,2020220,1630,2020,220,16,30,-23.55416666,-46.74009194,A,0.06875,0.04725,0.0158,0,20202201630
143,2020220,1805,2020,220,18,5,NA,NA,A,NA,NA,NA,NA,20202201805
144,2020221,1250,2020,221,12,50,-23.55416666,-46.74009194,T,0.12025,0.08275,0.0168,0,20202211250
145,2020221,1430,2020,221,14,30,NA,NA,T,NA,NA,NA,NA,20202211430
146,2020221,1710,2020,221,17,10,NA,NA,A,NA,NA,NA,NA,20202211710
147,2020222,1335,2020,222,13,35,-23.55416666,-46.74009194,T,0.208,0.14425,0.0332,0,20202221335
148,2020222,1615,2020,222,16,15,-23.55416666,-46.74009194,A,0.25725,0.17825,0.0098,0,20202221615
149,2020222,1755,2020,222,17,55,NA,NA,A,NA,NA,NA,NA,20202221755
150,2020223,1240,2020,223,12,40,-23.55416666,-46.74009194,T,0.0985,0.06775,0.012,0,20202231240
151,2020223,1415,2020,223,14,15,NA,NA,T,NA,NA,NA,NA,20202231415
152,2020223,1700,2020,223,17,0,NA,NA,A,NA,NA,NA,NA,20202231700
153,2020224,1320,2020,224,13,20,NA,NA,T,NA,NA,NA,NA,20202241320
154,2020224,1605,2020,224,16,5,NA,NA,A,NA,NA,NA,NA,20202241605
155,2020224,1745,2020,224,17,45,NA,NA,A,NA,NA,NA,NA,20202241745
156,2020225,1225,2020,225,12,25,NA,NA,T,NA,NA,NA,NA,20202251225
157,2020225,1405,2020,225,14,5,-23.55416666,-46.74009194,T,0.1045,0.07175,0.0075,0,20202251405
158,2020225,1645,2020,225,16,45,-23.55416666,-46.74009194,A,0.1715,0.118,0.0304,0,20202251645
159,2020225,1825,2020,225,18,25,NA,NA,A,NA,NA,NA,NA,20202251825
160,2020226,1310,2020,226,13,10,NA,NA,T,NA,NA,NA,NA,20202261310
161,2020226,1445,2020,226,14,45,NA,NA,T,NA,NA,NA,NA,20202261445
162,2020226,1550,2020,226,15,50,NA,NA,A,NA,NA,NA,NA,20202261550
163,2020226,1730,2020,226,17,30,NA,NA,A,NA,NA,NA,NA,20202261730
164,2020227,1350,2020,227,13,50,NA,NA,T,NA,NA,NA,NA,20202271350
165,2020227,1635,2020,227,16,35,NA,NA,A,NA,NA,NA,NA,20202271635
166,2020227,1810,2020,227,18,10,NA,NA,A,NA,NA,NA,NA,20202271810
167,2020228,1255,2020,228,12,55,NA,NA,T,NA,NA,NA,NA,20202281255
168,2020228,1435,2020,228,14,35,NA,NA,T,NA,NA,NA,NA,20202281435
169,2020228,1720,2020,228,17,20,NA,NA,A,NA,NA,NA,NA,20202281720
170,2020229,1340,2020,229,13,40,NA,NA,T,NA,NA,NA,NA,20202291340
171,2020230,1245,2020,230,12,45,NA,NA,T,NA,NA,NA,NA,20202301245
172,2020230,1425,2020,230,14,25,NA,NA,T,NA,NA,NA,NA,20202301425
173,2020231,1330,2020,231,13,30,NA,NA,T,NA,NA,NA,NA,20202311330
174,2020232,1230,2020,232,12,30,NA,NA,T,NA,NA,NA,NA,20202321230
175,2020232,1410,2020,232,14,10,NA,NA,T,NA,NA,NA,NA,20202321410
176,2020233,1315,2020,233,13,15,NA,NA,T,NA,NA,NA,NA,20202331315
177,2020234,1400,2020,234,14,0,NA,NA,T,NA,NA,NA,NA,20202341400
178,2020235,1305,2020,235,13,5,NA,NA,T,NA,NA,NA,NA,20202351305
179,2020235,1440,2020,235,14,40,NA,NA,T,NA,NA,NA,NA,20202351440
180,2020236,1345,2020,236,13,45,NA,NA,T,NA,NA,NA,NA,20202361345
181,2020237,1250,2020,237,12,50,-23.55416666,-46.74009194,T,0.071,0.04825,0.019,0,20202371250
182,2020237,1430,2020,237,14,30,NA,NA,T,NA,NA,NA,NA,20202371430
183,2020238,1335,2020,238,13,35,NA,NA,T,NA,NA,NA,NA,20202381335
184,2020239,1240,2020,239,12,40,-23.55416666,-46.74009194,T,0.05525,0.03775,0.0142,0,20202391240
185,2020239,1415,2020,239,14,15,NA,NA,T,NA,NA,NA,NA,20202391415
186,2020240,1320,2020,240,13,20,-23.55416666,-46.74009194,T,0.0395,0.027,0.0387,0,20202401320
187,2020241,1225,2020,241,12,25,NA,NA,T,NA,NA,NA,NA,20202411225
188,2020241,1405,2020,241,14,5,-23.55416666,-46.74009194,T,0.02925,0.02,0.0084,0,20202411405
189,2020242,1310,2020,242,13,10,-23.55416666,-46.74009194,T,0.0405,0.0275,0.0353,0,20202421310
190,2020242,1445,2020,242,14,45,NA,NA,T,NA,NA,NA,NA,20202421445
191,2020243,1350,2020,243,13,50,-23.55416666,-46.74009194,T,0.04775,0.03225,0.0135,0,20202431350
192,2020244,1255,2020,244,12,55,NA,NA,T,NA,NA,NA,NA,20202441255
193,2020244,1435,2020,244,14,35,NA,NA,T,NA,NA,NA,NA,20202441435
1,2020245,1340,2020,245,13,40,NA,NA,T,NA,NA,NA,NA,20202451340
2,2020246,1245,2020,246,12,45,NA,NA,T,NA,NA,NA,NA,20202461245
3,2020246,1425,2020,246,14,25,NA,NA,T,NA,NA,NA,NA,20202461425
4,2020247,1330,2020,247,13,30,-23.55416666,-46.74009194,T,0.037,0.02525,0.0395,0,20202471330
5,2020247,1610,2020,247,16,10,-23.55416666,-46.74009194,A,0.133,0.0915,0.0077,0,20202471610
6,2020247,1750,2020,247,17,50,NA,NA,A,NA,NA,NA,NA,20202471750
7,2020248,1230,2020,248,12,30,NA,NA,T,NA,NA,NA,NA,20202481230
8,2020248,1410,2020,248,14,10,NA,NA,T,NA,NA,NA,NA,20202481410
9,2020248,1655,2020,248,16,55,-23.55416666,-46.74009194,A,0.21275,0.14675,0.0426,0,20202481655
10,2020248,1830,2020,248,18,30,NA,NA,A,NA,NA,NA,NA,20202481830
11,2020249,1315,2020,249,13,15,-23.55416666,-46.74009194,T,0.15375,0.10575,0.0475,0,20202491315
12,2020249,1600,2020,249,16,0,NA,NA,A,NA,NA,NA,NA,20202491600
13,2020249,1735,2020,249,17,35,NA,NA,A,NA,NA,NA,NA,20202491735
14,2020250,1400,2020,250,14,0,-23.55416666,-46.74009194,T,0.1405,0.0965,0.0125,0,20202501400
15,2020250,1640,2020,250,16,40,-23.55416666,-46.74009194,A,0.2375,0.1645,0.0298,0,20202501640
16,2020250,1820,2020,250,18,20,NA,NA,A,NA,NA,NA,NA,20202501820
17,2020251,1305,2020,251,13,5,NA,NA,T,NA,NA,NA,NA,20202511305
18,2020251,1440,2020,251,14,40,NA,NA,T,NA,NA,NA,NA,20202511440
19,2020251,1725,2020,251,17,25,-23.55416666,-46.74009194,A,0.448,0.31575,0.0241,0,20202511725
20,2020252,1345,2020,252,13,45,NA,NA,T,NA,NA,NA,NA,20202521345
21,2020252,1630,2020,252,16,30,-23.55416666,-46.74009194,A,0.64775,0.4625,0.0171,0,20202521630
22,2020252,1805,2020,252,18,5,NA,NA,A,NA,NA,NA,NA,20202521805
23,2020253,1250,2020,253,12,50,NA,NA,T,NA,NA,NA,NA,20202531250
24,2020253,1430,2020,253,14,30,NA,NA,T,NA,NA,NA,NA,20202531430
25,2020253,1710,2020,253,17,10,NA,NA,A,NA,NA,NA,NA,20202531710
26,2020254,1335,2020,254,13,35,-23.55416666,-46.74009194,T,0.32225,0.22525,0.0379,0,20202541335
27,2020254,1615,2020,254,16,15,-23.55416666,-46.74009194,A,0.39375,0.2765,0.0096,0,20202541615
28,2020254,1755,2020,254,17,55,NA,NA,A,NA,NA,NA,NA,20202541755
29,2020255,1240,2020,255,12,40,NA,NA,T,NA,NA,NA,NA,20202551240
30,2020255,1415,2020,255,14,15,NA,NA,T,NA,NA,NA,NA,20202551415
31,2020255,1700,2020,255,17,0,-23.55416666,-46.74009194,A,0.35575,0.24875,0.0496,0,20202551700
32,2020256,1320,2020,256,13,20,NA,NA,T,NA,NA,NA,NA,20202561320
33,2020256,1605,2020,256,16,5,NA,NA,A,NA,NA,NA,NA,20202561605
34,2020256,1745,2020,256,17,45,-23.55416666,-46.74009194,A,0.30825,0.215,0.016,0,20202561745
35,2020257,1225,2020,257,12,25,NA,NA,T,NA,NA,NA,NA,20202571225
36,2020257,1405,2020,257,14,5,-23.55416666,-46.74009194,T,0.348,0.24325,0.0106,0,20202571405
37,2020257,1645,2020,257,16,45,-23.55416666,-46.74009194,A,0.40825,0.28675,0.039,0,20202571645
38,2020257,1825,2020,257,18,25,NA,NA,A,NA,NA,NA,NA,20202571825
39,2020258,1310,2020,258,13,10,-23.55416666,-46.74009194,T,0.3005,0.2095,0.048,0,20202581310
40,2020258,1445,2020,258,14,45,NA,NA,T,NA,NA,NA,NA,20202581445
41,2020258,1550,2020,258,15,50,NA,NA,A,NA,NA,NA,NA,20202581550
42,2020258,1730,2020,258,17,30,-23.55416666,-46.74009194,A,0.48175,0.3395,0.0227,0,20202581730
43,2020259,1350,2020,259,13,50,NA,NA,T,NA,NA,NA,NA,20202591350
44,2020259,1635,2020,259,16,35,NA,NA,A,NA,NA,NA,NA,20202591635
45,2020259,1810,2020,259,18,10,NA,NA,A,NA,NA,NA,NA,20202591810
46,2020260,1255,2020,260,12,55,-23.55416666,-46.74009194,T,0.43575,0.307,0.033,0,20202601255
47,2020260,1435,2020,260,14,35,NA,NA,T,NA,NA,NA,NA,20202601435
48,2020260,1720,2020,260,17,20,NA,NA,A,NA,NA,NA,NA,20202601720
49,2020261,1340,2020,261,13,40,-23.55416666,-46.74009194,T,0.405,0.2845,0.031,0,20202611340
50,2020261,1625,2020,261,16,25,NA,NA,A,NA,NA,NA,NA,20202611625
51,2020261,1800,2020,261,18,0,NA,NA,A,NA,NA,NA,NA,20202611800
52,2020262,1245,2020,262,12,45,NA,NA,T,NA,NA,NA,NA,20202621245
53,2020262,1425,2020,262,14,25,NA,NA,T,NA,NA,NA,NA,20202621425
54,2020262,1705,2020,262,17,5,NA,NA,A,NA,NA,NA,NA,20202621705
55,2020263,1330,2020,263,13,30,-23.55416666,-46.74009194,T,1.64275,1.25625,0.051,0,20202631330
56,2020263,1610,2020,263,16,10,NA,NA,A,NA,NA,NA,NA,20202631610
57,2020263,1750,2020,263,17,50,NA,NA,A,NA,NA,NA,NA,20202631750
94,2020264,1230,2020,264,12,30,NA,NA,T,NA,NA,NA,NA,20202641230
95,2020264,1410,2020,264,14,10,NA,NA,T,NA,NA,NA,NA,20202641410
96,2020264,1655,2020,264,16,55,NA,NA,A,NA,NA,NA,NA,20202641655
97,2020264,1830,2020,264,18,30,NA,NA,A,NA,NA,NA,NA,20202641830
58,2020265,1315,2020,265,13,15,NA,NA,T,NA,NA,NA,NA,20202651315
59,2020265,1600,2020,265,16,0,NA,NA,A,NA,NA,NA,NA,20202651600
60,2020265,1735,2020,265,17,35,NA,NA,A,NA,NA,NA,NA,20202651735
61,2020266,1400,2020,266,14,0,NA,NA,T,NA,NA,NA,NA,20202661400
62,2020266,1640,2020,266,16,40,NA,NA,A,NA,NA,NA,NA,20202661640
63,2020266,1820,2020,266,18,20,NA,NA,A,NA,NA,NA,NA,20202661820
64,2020267,1305,2020,267,13,5,NA,NA,T,NA,NA,NA,NA,20202671305
65,2020267,1440,2020,267,14,40,NA,NA,T,NA,NA,NA,NA,20202671440
66,2020267,1725,2020,267,17,25,NA,NA,A,NA,NA,NA,NA,20202671725
67,2020268,1345,2020,268,13,45,-23.55416666,-46.74009194,T,0.11375,0.078,0.0251,0,20202681345
68,2020268,1630,2020,268,16,30,NA,NA,A,NA,NA,NA,NA,20202681630
69,2020268,1805,2020,268,18,5,NA,NA,A,NA,NA,NA,NA,20202681805
70,2020269,1250,2020,269,12,50,-23.55416666,-46.74009194,T,0.1695,0.1165,0.0242,0,20202691250
71,2020269,1430,2020,269,14,30,NA,NA,T,NA,NA,NA,NA,20202691430
72,2020269,1710,2020,269,17,10,NA,NA,A,NA,NA,NA,NA,20202691710
73,2020270,1335,2020,270,13,35,-23.55416666,-46.74009194,T,0.109,0.075,0.0387,0,20202701335
74,2020270,1615,2020,270,16,15,NA,NA,A,NA,NA,NA,NA,20202701615
75,2020270,1755,2020,270,17,55,NA,NA,A,NA,NA,NA,NA,20202701755
76,2020271,1240,2020,271,12,40,-23.55416666,-46.74009194,T,0.125,0.086,0.0173,0,20202711240
77,2020271,1415,2020,271,14,15,NA,NA,T,NA,NA,NA,NA,20202711415
78,2020271,1700,2020,271,17,0,-23.55416666,-46.74009194,A,0.25825,0.179,0.041,0,20202711700
79,2020272,1320,2020,272,13,20,NA,NA,T,NA,NA,NA,NA,20202721320
80,2020272,1605,2020,272,16,5,NA,NA,A,NA,NA,NA,NA,20202721605
81,2020272,1745,2020,272,17,45,NA,NA,A,NA,NA,NA,NA,20202721745
82,2020273,1225,2020,273,12,25,NA,NA,T,NA,NA,NA,NA,20202731225
83,2020273,1405,2020,273,14,5,NA,NA,T,NA,NA,NA,NA,20202731405
84,2020273,1645,2020,273,16,45,NA,NA,A,NA,NA,NA,NA,20202731645
85,2020273,1825,2020,273,18,25,NA,NA,A,NA,NA,NA,NA,20202731825
86,2020274,1310,2020,274,13,10,-23.55416666,-46.74009194,T,0.119,0.08175,0.0547,0,20202741310
87,2020274,1445,2020,274,14,45,NA,NA,T,NA,NA,NA,NA,20202741445
88,2020274,1550,2020,274,15,50,NA,NA,A,NA,NA,NA,NA,20202741550
89,2020274,1730,2020,274,17,30,NA,NA,A,NA,NA,NA,NA,20202741730
90,2020275,1350,2020,275,13,50,-23.55416666,-46.74009194,T,0.393,0.27475,0.0235,0,20202751350
91,2020275,1635,2020,275,16,35,-23.55416666,-46.74009194,A,0.55575,0.39425,0.0223,0,20202751635
92,2020275,1810,2020,275,18,10,NA,NA,A,NA,NA,NA,NA,20202751810
93,2020276,1255,2020,276,12,55,-23.55416666,-46.74009194,T,0.43825,0.3085,0.0301,0,20202761255
94,2020276,1435,2020,276,14,35,NA,NA,T,NA,NA,NA,NA,20202761435
95,2020276,1720,2020,276,17,20,-23.55416666,-46.74009194,A,0.36625,0.256,0.0464,0,20202761720
96,2020277,1340,2020,277,13,40,NA,NA,T,NA,NA,NA,NA,20202771340
97,2020277,1625,2020,277,16,25,NA,NA,A,NA,NA,NA,NA,20202771625
98,2020277,1800,2020,277,18,0,NA,NA,A,NA,NA,NA,NA,20202771800
99,2020278,1245,2020,278,12,45,NA,NA,T,NA,NA,NA,NA,20202781245
100,2020278,1425,2020,278,14,25,NA,NA,T,NA,NA,NA,NA,20202781425
101,2020278,1705,2020,278,17,5,NA,NA,A,NA,NA,NA,NA,20202781705
102,2020279,1330,2020,279,13,30,-23.55416666,-46.74009194,T,0.22975,0.15925,0.058,0,20202791330
103,2020279,1610,2020,279,16,10,NA,NA,A,NA,NA,NA,NA,20202791610
104,2020279,1750,2020,279,17,50,NA,NA,A,NA,NA,NA,NA,20202791750
105,2020280,1230,2020,280,12,30,NA,NA,T,NA,NA,NA,NA,20202801230
106,2020280,1410,2020,280,14,10,NA,NA,T,NA,NA,NA,NA,20202801410
107,2020280,1655,2020,280,16,55,NA,NA,A,NA,NA,NA,NA,20202801655
108,2020280,1830,2020,280,18,30,NA,NA,A,NA,NA,NA,NA,20202801830
109,2020281,1315,2020,281,13,15,NA,NA,T,NA,NA,NA,NA,20202811315
110,2020281,1600,2020,281,16,0,NA,NA,A,NA,NA,NA,NA,20202811600
111,2020281,1735,2020,281,17,35,NA,NA,A,NA,NA,NA,NA,20202811735
112,2020282,1400,2020,282,14,0,NA,NA,T,NA,NA,NA,NA,20202821400
113,2020282,1640,2020,282,16,40,NA,NA,A,NA,NA,NA,NA,20202821640
114,2020282,1820,2020,282,18,20,NA,NA,A,NA,NA,NA,NA,20202821820
115,2020283,1305,2020,283,13,5,NA,NA,T,NA,NA,NA,NA,20202831305
116,2020283,1440,2020,283,14,40,NA,NA,T,NA,NA,NA,NA,20202831440
117,2020283,1725,2020,283,17,25,NA,NA,A,NA,NA,NA,NA,20202831725
118,2020284,1345,2020,284,13,45,NA,NA,T,NA,NA,NA,NA,20202841345
119,2020284,1630,2020,284,16,30,-23.55416666,-46.74009194,A,0.23425,0.1625,0.0192,0,20202841630
120,2020284,1805,2020,284,18,5,NA,NA,A,NA,NA,NA,NA,20202841805
121,2020285,1250,2020,285,12,50,-23.55416666,-46.74009194,T,0.09925,0.06825,0.0283,0,20202851250
122,2020285,1430,2020,285,14,30,NA,NA,T,NA,NA,NA,NA,20202851430
123,2020285,1710,2020,285,17,10,-23.55416666,-46.74009194,A,0.10275,0.07075,0.0548,0,20202851710
124,2020286,1335,2020,286,13,35,-23.55416666,-46.74009194,T,0.239,0.166,0.0566,0,20202861335
125,2020286,1615,2020,286,16,15,-23.55416666,-46.74009194,A,0.33425,0.23375,0.0101,0,20202861615
126,2020286,1755,2020,286,17,55,NA,NA,A,NA,NA,NA,NA,20202861755
127,2020287,1240,2020,287,12,40,-23.55416666,-46.74009194,T,0.15675,0.10775,0.0162,0,20202871240
128,2020287,1415,2020,287,14,15,NA,NA,T,NA,NA,NA,NA,20202871415
129,2020287,1700,2020,287,17,0,NA,NA,A,NA,NA,NA,NA,20202871700
130,2020288,1320,2020,288,13,20,NA,NA,T,NA,NA,NA,NA,20202881320
131,2020288,1605,2020,288,16,5,NA,NA,A,NA,NA,NA,NA,20202881605
132,2020288,1740,2020,288,17,40,NA,NA,A,NA,NA,NA,NA,20202881740
133,2020289,1225,2020,289,12,25,NA,NA,T,NA,NA,NA,NA,20202891225
134,2020289,1405,2020,289,14,5,NA,NA,T,NA,NA,NA,NA,20202891405
135,2020289,1645,2020,289,16,45,NA,NA,A,NA,NA,NA,NA,20202891645
136,2020289,1825,2020,289,18,25,NA,NA,A,NA,NA,NA,NA,20202891825
137,2020290,1310,2020,290,13,10,NA,NA,T,NA,NA,NA,NA,20202901310
138,2020290,1445,2020,290,14,45,NA,NA,T,NA,NA,NA,NA,20202901445
139,2020290,1550,2020,290,15,50,NA,NA,A,NA,NA,NA,NA,20202901550
140,2020290,1730,2020,290,17,30,NA,NA,A,NA,NA,NA,NA,20202901730
141,2020291,1350,2020,291,13,50,NA,NA,T,NA,NA,NA,NA,20202911350
142,2020291,1635,2020,291,16,35,NA,NA,A,NA,NA,NA,NA,20202911635
143,2020291,1810,2020,291,18,10,NA,NA,A,NA,NA,NA,NA,20202911810
144,2020292,1255,2020,292,12,55,NA,NA,T,NA,NA,NA,NA,20202921255
145,2020292,1435,2020,292,14,35,NA,NA,T,NA,NA,NA,NA,20202921435
146,2020292,1720,2020,292,17,20,NA,NA,A,NA,NA,NA,NA,20202921720
147,2020293,1340,2020,293,13,40,NA,NA,T,NA,NA,NA,NA,20202931340
148,2020293,1625,2020,293,16,25,NA,NA,A,NA,NA,NA,NA,20202931625
149,2020293,1800,2020,293,18,0,NA,NA,A,NA,NA,NA,NA,20202931800
150,2020294,1245,2020,294,12,45,NA,NA,T,NA,NA,NA,NA,20202941245
151,2020294,1425,2020,294,14,25,NA,NA,T,NA,NA,NA,NA,20202941425
152,2020294,1705,2020,294,17,5,NA,NA,A,NA,NA,NA,NA,20202941705
153,2020295,1330,2020,295,13,30,NA,NA,T,NA,NA,NA,NA,20202951330
154,2020295,1610,2020,295,16,10,NA,NA,A,NA,NA,NA,NA,20202951610
155,2020295,1750,2020,295,17,50,NA,NA,A,NA,NA,NA,NA,20202951750
156,2020296,1230,2020,296,12,30,NA,NA,T,NA,NA,NA,NA,20202961230
157,2020296,1410,2020,296,14,10,NA,NA,T,NA,NA,NA,NA,20202961410
158,2020296,1655,2020,296,16,55,NA,NA,A,NA,NA,NA,NA,20202961655
159,2020296,1830,2020,296,18,30,NA,NA,A,NA,NA,NA,NA,20202961830
160,2020297,1315,2020,297,13,15,-23.55416666,-46.74009194,T,0.0495,0.034,0.0855,0,20202971315
161,2020297,1600,2020,297,16,0,NA,NA,A,NA,NA,NA,NA,20202971600
162,2020297,1735,2020,297,17,35,-23.55416666,-46.74009194,A,0.2755,0.19125,0.0273,0,20202971735
163,2020298,1400,2020,298,14,0,NA,NA,T,NA,NA,NA,NA,20202981400
164,2020298,1640,2020,298,16,40,NA,NA,A,NA,NA,NA,NA,20202981640
165,2020298,1820,2020,298,18,20,NA,NA,A,NA,NA,NA,NA,20202981820
166,2020299,1305,2020,299,13,5,NA,NA,T,NA,NA,NA,NA,20202991305
167,2020299,1440,2020,299,14,40,NA,NA,T,NA,NA,NA,NA,20202991440
168,2020299,1725,2020,299,17,25,NA,NA,A,NA,NA,NA,NA,20202991725
169,2020300,1345,2020,300,13,45,NA,NA,T,NA,NA,NA,NA,20203001345
170,2020300,1630,2020,300,16,30,NA,NA,A,NA,NA,NA,NA,20203001630
171,2020300,1805,2020,300,18,5,NA,NA,A,NA,NA,NA,NA,20203001805
172,2020301,1250,2020,301,12,50,-23.5625,-46.74305615,T,0.0755,0.052,0.0312,0,20203011250
173,2020301,1430,2020,301,14,30,NA,NA,T,NA,NA,NA,NA,20203011430
174,2020301,1710,2020,301,17,10,NA,NA,A,NA,NA,NA,NA,20203011710
175,2020302,1335,2020,302,13,35,-23.55416666,-46.74009194,T,0.0195,0.01325,0.0555,0,20203021335
176,2020302,1615,2020,302,16,15,-23.55416666,-46.74009194,A,0.087,0.05975,0.0107,0,20203021615
177,2020302,1755,2020,302,17,55,NA,NA,A,NA,NA,NA,NA,20203021755
178,2020303,1240,2020,303,12,40,NA,NA,T,NA,NA,NA,NA,20203031240
179,2020303,1415,2020,303,14,15,NA,NA,T,NA,NA,NA,NA,20203031415
180,2020303,1700,2020,303,17,0,NA,NA,A,NA,NA,NA,NA,20203031700
181,2020304,1320,2020,304,13,20,NA,NA,T,NA,NA,NA,NA,20203041320
182,2020304,1605,2020,304,16,5,NA,NA,A,NA,NA,NA,NA,20203041605
183,2020304,1740,2020,304,17,40,NA,NA,A,NA,NA,NA,NA,20203041740
184,2020305,1225,2020,305,12,25,NA,NA,T,NA,NA,NA,NA,20203051225
185,2020305,1405,2020,305,14,5,NA,NA,T,NA,NA,NA,NA,20203051405
186,2020305,1645,2020,305,16,45,NA,NA,A,NA,NA,NA,NA,20203051645
187,2020305,1825,2020,305,18,25,NA,NA,A,NA,NA,NA,NA,20203051825
1,2020306,1310,2020,306,13,10,NA,NA,T,NA,NA,NA,NA,20203061310
2,2020306,1445,2020,306,14,45,NA,NA,T,NA,NA,NA,NA,20203061445
3,2020306,1550,2020,306,15,50,NA,NA,A,NA,NA,NA,NA,20203061550
4,2020306,1730,2020,306,17,30,NA,NA,A,NA,NA,NA,NA,20203061730
5,2020307,1350,2020,307,13,50,NA,NA,T,NA,NA,NA,NA,20203071350
6,2020307,1635,2020,307,16,35,NA,NA,A,NA,NA,NA,NA,20203071635
7,2020307,1810,2020,307,18,10,NA,NA,A,NA,NA,NA,NA,20203071810
8,2020308,1255,2020,308,12,55,NA,NA,T,NA,NA,NA,NA,20203081255
9,2020308,1435,2020,308,14,35,NA,NA,T,NA,NA,NA,NA,20203081435
10,2020308,1720,2020,308,17,20,NA,NA,A,NA,NA,NA,NA,20203081720
11,2020309,1340,2020,309,13,40,NA,NA,T,NA,NA,NA,NA,20203091340
12,2020309,1625,2020,309,16,25,NA,NA,A,NA,NA,NA,NA,20203091625
13,2020309,1800,2020,309,18,0,NA,NA,A,NA,NA,NA,NA,20203091800
14,2020310,1245,2020,310,12,45,NA,NA,T,NA,NA,NA,NA,20203101245
15,2020310,1425,2020,310,14,25,NA,NA,T,NA,NA,NA,NA,20203101425
16,2020310,1705,2020,310,17,5,NA,NA,A,NA,NA,NA,NA,20203101705
17,2020311,1330,2020,311,13,30,NA,NA,T,NA,NA,NA,NA,20203111330
18,2020311,1610,2020,311,16,10,-23.55416666,-46.74009194,A,0.252,0.17467,0.0089,0,20203111610
19,2020311,1750,2020,311,17,50,NA,NA,A,NA,NA,NA,NA,20203111750
20,2020312,1230,2020,312,12,30,NA,NA,T,NA,NA,NA,NA,20203121230
21,2020312,1410,2020,312,14,10,NA,NA,T,NA,NA,NA,NA,20203121410
22,2020312,1655,2020,312,16,55,-23.55416666,-46.74009194,A,0.12225,0.08425,0.0651,0,20203121655
23,2020312,1830,2020,312,18,30,NA,NA,A,NA,NA,NA,NA,20203121830
24,2020313,1315,2020,313,13,15,-23.55416666,-46.74009194,T,0.16025,0.11,0.0665,0,20203131315
25,2020313,1600,2020,313,16,0,NA,NA,A,NA,NA,NA,NA,20203131600
26,2020313,1735,2020,313,17,35,-23.55416666,-46.74009194,A,0.23475,0.16275,0.0158,0,20203131735
27,2020314,1400,2020,314,14,0,-23.55416666,-46.74009194,T,0.6155,0.43925,0.0167,0,20203141400
28,2020314,1640,2020,314,16,40,-23.55416666,-46.74009194,A,0.75625,0.545,0.0368,0,20203141640
29,2020314,1820,2020,314,18,20,NA,NA,A,NA,NA,NA,NA,20203141820
30,2020315,1305,2020,315,13,5,NA,NA,T,NA,NA,NA,NA,20203151305
31,2020315,1440,2020,315,14,40,NA,NA,T,NA,NA,NA,NA,20203151440
32,2020315,1725,2020,315,17,25,NA,NA,A,NA,NA,NA,NA,20203151725
33,2020316,1345,2020,316,13,45,NA,NA,T,NA,NA,NA,NA,20203161345
34,2020316,1630,2020,316,16,30,NA,NA,A,NA,NA,NA,NA,20203161630
35,2020316,1805,2020,316,18,5,NA,NA,A,NA,NA,NA,NA,20203161805
36,2020317,1250,2020,317,12,50,NA,NA,T,NA,NA,NA,NA,20203171250
37,2020317,1430,2020,317,14,30,NA,NA,T,NA,NA,NA,NA,20203171430
38,2020317,1710,2020,317,17,10,NA,NA,A,NA,NA,NA,NA,20203171710
39,2020318,1335,2020,318,13,35,NA,NA,T,NA,NA,NA,NA,20203181335
40,2020318,1615,2020,318,16,15,NA,NA,A,NA,NA,NA,NA,20203181615
41,2020318,1755,2020,318,17,55,NA,NA,A,NA,NA,NA,NA,20203181755
42,2020319,1240,2020,319,12,40,NA,NA,T,NA,NA,NA,NA,20203191240
43,2020319,1415,2020,319,14,15,NA,NA,T,NA,NA,NA,NA,20203191415
44,2020319,1700,2020,319,17,0,NA,NA,A,NA,NA,NA,NA,20203191700
45,2020320,1320,2020,320,13,20,NA,NA,T,NA,NA,NA,NA,20203201320
46,2020320,1605,2020,320,16,5,NA,NA,A,NA,NA,NA,NA,20203201605
47,2020320,1740,2020,320,17,40,NA,NA,A,NA,NA,NA,NA,20203201740
48,2020321,1225,2020,321,12,25,NA,NA,T,NA,NA,NA,NA,20203211225
49,2020321,1405,2020,321,14,5,NA,NA,T,NA,NA,NA,NA,20203211405
50,2020321,1645,2020,321,16,45,NA,NA,A,NA,NA,NA,NA,20203211645
51,2020321,1825,2020,321,18,25,NA,NA,A,NA,NA,NA,NA,20203211825
52,2020322,1310,2020,322,13,10,NA,NA,T,NA,NA,NA,NA,20203221310
53,2020322,1445,2020,322,14,45,NA,NA,T,NA,NA,NA,NA,20203221445
54,2020322,1550,2020,322,15,50,NA,NA,A,NA,NA,NA,NA,20203221550
55,2020322,1730,2020,322,17,30,NA,NA,A,NA,NA,NA,NA,20203221730
56,2020323,1350,2020,323,13,50,NA,NA,T,NA,NA,NA,NA,20203231350
57,2020323,1635,2020,323,16,35,NA,NA,A,NA,NA,NA,NA,20203231635
58,2020323,1810,2020,323,18,10,NA,NA,A,NA,NA,NA,NA,20203231810
59,2020324,1255,2020,324,12,55,NA,NA,T,NA,NA,NA,NA,20203241255
60,2020324,1435,2020,324,14,35,NA,NA,T,NA,NA,NA,NA,20203241435
61,2020324,1720,2020,324,17,20,NA,NA,A,NA,NA,NA,NA,20203241720
62,2020325,1340,2020,325,13,40,NA,NA,T,NA,NA,NA,NA,20203251340
63,2020325,1625,2020,325,16,25,NA,NA,A,NA,NA,NA,NA,20203251625
64,2020325,1800,2020,325,18,0,NA,NA,A,NA,NA,NA,NA,20203251800
65,2020326,1245,2020,326,12,45,-23.55416666,-46.74009194,T,0.09375,0.06425,0.0227,0,20203261245
66,2020326,1425,2020,326,14,25,NA,NA,T,NA,NA,NA,NA,20203261425
67,2020326,1705,2020,326,17,5,NA,NA,A,NA,NA,NA,NA,20203261705
68,2020327,1330,2020,327,13,30,NA,NA,T,NA,NA,NA,NA,20203271330
69,2020327,1610,2020,327,16,10,NA,NA,A,NA,NA,NA,NA,20203271610
70,2020327,1750,2020,327,17,50,NA,NA,A,NA,NA,NA,NA,20203271750
71,2020328,1230,2020,328,12,30,NA,NA,T,NA,NA,NA,NA,20203281230
72,2020328,1410,2020,328,14,10,NA,NA,T,NA,NA,NA,NA,20203281410
73,2020328,1655,2020,328,16,55,NA,NA,A,NA,NA,NA,NA,20203281655
74,2020328,1830,2020,328,18,30,NA,NA,A,NA,NA,NA,NA,20203281830
75,2020329,1315,2020,329,13,15,NA,NA,T,NA,NA,NA,NA,20203291315
76,2020329,1600,2020,329,16,0,NA,NA,A,NA,NA,NA,NA,20203291600
77,2020329,1735,2020,329,17,35,NA,NA,A,NA,NA,NA,NA,20203291735
78,2020330,1400,2020,330,14,0,-23.55416666,-46.74009194,T,0.038,0.02575,0.0157,0,20203301400
79,2020330,1640,2020,330,16,40,NA,NA,A,NA,NA,NA,NA,20203301640
80,2020330,1820,2020,330,18,20,NA,NA,A,NA,NA,NA,NA,20203301820
81,2020331,1305,2020,331,13,5,-23.55416666,-46.74009194,T,0.03775,0.02575,0.0485,0,20203311305
82,2020331,1440,2020,331,14,40,NA,NA,T,NA,NA,NA,NA,20203311440
83,2020331,1725,2020,331,17,25,NA,NA,A,NA,NA,NA,NA,20203311725
84,2020332,1345,2020,332,13,45,-23.55416666,-46.74009194,T,0.32825,0.229,0.0278,0,20203321345
85,2020332,1630,2020,332,16,30,NA,NA,A,NA,NA,NA,NA,20203321630
86,2020332,1805,2020,332,18,5,NA,NA,A,NA,NA,NA,NA,20203321805
87,2020333,1250,2020,333,12,50,-23.55416666,-46.74009194,T,0.0695,0.04725,0.0321,0,20203331250
88,2020333,1430,2020,333,14,30,NA,NA,T,NA,NA,NA,NA,20203331430
89,2020333,1710,2020,333,17,10,NA,NA,A,NA,NA,NA,NA,20203331710
90,2020334,1335,2020,334,13,35,NA,NA,T,NA,NA,NA,NA,20203341335
91,2020334,1615,2020,334,16,15,NA,NA,A,NA,NA,NA,NA,20203341615
92,2020334,1755,2020,334,17,55,NA,NA,A,NA,NA,NA,NA,20203341755
93,2020335,1240,2020,335,12,40,NA,NA,T,NA,NA,NA,NA,20203351240
94,2020335,1415,2020,335,14,15,NA,NA,T,NA,NA,NA,NA,20203351415
95,2020335,1700,2020,335,17,0,NA,NA,A,NA,NA,NA,NA,20203351700
96,2020336,1320,2020,336,13,20,NA,NA,T,NA,NA,NA,NA,20203361320
97,2020336,1605,2020,336,16,5,NA,NA,A,NA,NA,NA,NA,20203361605
98,2020336,1740,2020,336,17,40,NA,NA,A,NA,NA,NA,NA,20203361740
99,2020337,1225,2020,337,12,25,NA,NA,T,NA,NA,NA,NA,20203371225
100,2020337,1405,2020,337,14,5,NA,NA,T,NA,NA,NA,NA,20203371405
101,2020337,1645,2020,337,16,45,NA,NA,A,NA,NA,NA,NA,20203371645
102,2020337,1825,2020,337,18,25,NA,NA,A,NA,NA,NA,NA,20203371825
103,2020338,1310,2020,338,13,10,NA,NA,T,NA,NA,NA,NA,20203381310
104,2020338,1445,2020,338,14,45,NA,NA,T,NA,NA,NA,NA,20203381445
105,2020338,1550,2020,338,15,50,NA,NA,A,NA,NA,NA,NA,20203381550
106,2020338,1730,2020,338,17,30,NA,NA,A,NA,NA,NA,NA,20203381730
107,2020339,1350,2020,339,13,50,-23.55416666,-46.74009194,T,0.116,0.08,0.0218,0,20203391350
108,2020339,1635,2020,339,16,35,NA,NA,A,NA,NA,NA,NA,20203391635
109,2020339,1810,2020,339,18,10,NA,NA,A,NA,NA,NA,NA,20203391810
110,2020340,1255,2020,340,12,55,NA,NA,T,NA,NA,NA,NA,20203401255
111,2020340,1435,2020,340,14,35,NA,NA,T,NA,NA,NA,NA,20203401435
112,2020340,1720,2020,340,17,20,NA,NA,A,NA,NA,NA,NA,20203401720
113,2020341,1340,2020,341,13,40,NA,NA,T,NA,NA,NA,NA,20203411340
114,2020341,1625,2020,341,16,25,NA,NA,A,NA,NA,NA,NA,20203411625
115,2020341,1800,2020,341,18,0,NA,NA,A,NA,NA,NA,NA,20203411800
116,2020342,1245,2020,342,12,45,NA,NA,T,NA,NA,NA,NA,20203421245
117,2020342,1425,2020,342,14,25,NA,NA,T,NA,NA,NA,NA,20203421425
118,2020342,1705,2020,342,17,5,NA,NA,A,NA,NA,NA,NA,20203421705
119,2020343,1325,2020,343,13,25,NA,NA,T,NA,NA,NA,NA,20203431325
120,2020343,1610,2020,343,16,10,NA,NA,A,NA,NA,NA,NA,20203431610
121,2020343,1750,2020,343,17,50,NA,NA,A,NA,NA,NA,NA,20203431750
122,2020344,1230,2020,344,12,30,NA,NA,T,NA,NA,NA,NA,20203441230
123,2020344,1410,2020,344,14,10,NA,NA,T,NA,NA,NA,NA,20203441410
124,2020344,1655,2020,344,16,55,NA,NA,A,NA,NA,NA,NA,20203441655
125,2020344,1830,2020,344,18,30,NA,NA,A,NA,NA,NA,NA,20203441830
126,2020345,1315,2020,345,13,15,NA,NA,T,NA,NA,NA,NA,20203451315
127,2020345,1600,2020,345,16,0,NA,NA,A,NA,NA,NA,NA,20203451600
128,2020345,1735,2020,345,17,35,NA,NA,A,NA,NA,NA,NA,20203451735
129,2020346,1400,2020,346,14,0,NA,NA,T,NA,NA,NA,NA,20203461400
130,2020346,1640,2020,346,16,40,NA,NA,A,NA,NA,NA,NA,20203461640
131,2020346,1820,2020,346,18,20,NA,NA,A,NA,NA,NA,NA,20203461820
132,2020347,1305,2020,347,13,5,NA,NA,T,NA,NA,NA,NA,20203471305
133,2020347,1440,2020,347,14,40,NA,NA,T,NA,NA,NA,NA,20203471440
134,2020347,1725,2020,347,17,25,NA,NA,A,NA,NA,NA,NA,20203471725
135,2020348,1345,2020,348,13,45,NA,NA,T,NA,NA,NA,NA,20203481345
136,2020348,1630,2020,348,16,30,NA,NA,A,NA,NA,NA,NA,20203481630
137,2020348,1805,2020,348,18,5,NA,NA,A,NA,NA,NA,NA,20203481805
138,2020349,1250,2020,349,12,50,NA,NA,T,NA,NA,NA,NA,20203491250
139,2020349,1430,2020,349,14,30,NA,NA,T,NA,NA,NA,NA,20203491430
140,2020349,1710,2020,349,17,10,NA,NA,A,NA,NA,NA,NA,20203491710
141,2020350,1335,2020,350,13,35,NA,NA,T,NA,NA,NA,NA,20203501335
142,2020350,1615,2020,350,16,15,NA,NA,A,NA,NA,NA,NA,20203501615
143,2020350,1755,2020,350,17,55,NA,NA,A,NA,NA,NA,NA,20203501755
144,2020351,1240,2020,351,12,40,-23.55416666,-46.74009194,T,0.12075,0.083,0.02,0,20203511240
145,2020351,1700,2020,351,17,0,NA,NA,A,NA,NA,NA,NA,20203511700
146,2020352,1320,2020,352,13,20,NA,NA,T,NA,NA,NA,NA,20203521320
147,2020352,1605,2020,352,16,5,NA,NA,A,NA,NA,NA,NA,20203521605
148,2020352,1740,2020,352,17,40,NA,NA,A,NA,NA,NA,NA,20203521740
149,2020353,1225,2020,353,12,25,NA,NA,T,NA,NA,NA,NA,20203531225
150,2020353,1405,2020,353,14,5,NA,NA,T,NA,NA,NA,NA,20203531405
151,2020353,1645,2020,353,16,45,NA,NA,A,NA,NA,NA,NA,20203531645
152,2020353,1825,2020,353,18,25,NA,NA,A,NA,NA,NA,NA,20203531825
153,2020354,1310,2020,354,13,10,-23.55416666,-46.74009194,T,0.042,0.02825,0.0651,0,20203541310
154,2020354,1445,2020,354,14,45,NA,NA,T,NA,NA,NA,NA,20203541445
155,2020354,1550,2020,354,15,50,NA,NA,A,NA,NA,NA,NA,20203541550
156,2020354,1730,2020,354,17,30,NA,NA,A,NA,NA,NA,NA,20203541730
157,2020355,1350,2020,355,13,50,NA,NA,T,NA,NA,NA,NA,20203551350
158,2020355,1635,2020,355,16,35,NA,NA,A,NA,NA,NA,NA,20203551635
159,2020355,1810,2020,355,18,10,NA,NA,A,NA,NA,NA,NA,20203551810
160,2020356,1255,2020,356,12,55,NA,NA,T,NA,NA,NA,NA,20203561255
161,2020356,1435,2020,356,14,35,NA,NA,T,NA,NA,NA,NA,20203561435
162,2020356,1720,2020,356,17,20,NA,NA,A,NA,NA,NA,NA,20203561720
163,2020357,1340,2020,357,13,40,NA,NA,T,NA,NA,NA,NA,20203571340
164,2020357,1625,2020,357,16,25,NA,NA,A,NA,NA,NA,NA,20203571625
165,2020357,1800,2020,357,18,0,NA,NA,A,NA,NA,NA,NA,20203571800
166,2020358,1245,2020,358,12,45,NA,NA,T,NA,NA,NA,NA,20203581245
167,2020358,1420,2020,358,14,20,NA,NA,T,NA,NA,NA,NA,20203581420
168,2020358,1705,2020,358,17,5,NA,NA,A,NA,NA,NA,NA,20203581705
169,2020359,1325,2020,359,13,25,NA,NA,T,NA,NA,NA,NA,20203591325
170,2020359,1610,2020,359,16,10,NA,NA,A,NA,NA,NA,NA,20203591610
171,2020359,1750,2020,359,17,50,NA,NA,A,NA,NA,NA,NA,20203591750
172,2020360,1230,2020,360,12,30,NA,NA,T,NA,NA,NA,NA,20203601230
173,2020360,1410,2020,360,14,10,NA,NA,T,NA,NA,NA,NA,20203601410
174,2020360,1655,2020,360,16,55,NA,NA,A,NA,NA,NA,NA,20203601655
175,2020360,1830,2020,360,18,30,NA,NA,A,NA,NA,NA,NA,20203601830
176,2020361,1315,2020,361,13,15,NA,NA,T,NA,NA,NA,NA,20203611315
177,2020361,1600,2020,361,16,0,NA,NA,A,NA,NA,NA,NA,20203611600
178,2020361,1735,2020,361,17,35,NA,NA,A,NA,NA,NA,NA,20203611735
179,2020362,1400,2020,362,14,0,NA,NA,T,NA,NA,NA,NA,20203621400
180,2020362,1640,2020,362,16,40,NA,NA,A,NA,NA,NA,NA,20203621640
181,2020362,1820,2020,362,18,20,NA,NA,A,NA,NA,NA,NA,20203621820
182,2020363,1305,2020,363,13,5,NA,NA,T,NA,NA,NA,NA,20203631305
183,2020363,1440,2020,363,14,40,NA,NA,T,NA,NA,NA,NA,20203631440
184,2020363,1725,2020,363,17,25,NA,NA,A,NA,NA,NA,NA,20203631725
185,2020364,1345,2020,364,13,45,NA,NA,T,NA,NA,NA,NA,20203641345
186,2020364,1630,2020,364,16,30,NA,NA,A,NA,NA,NA,NA,20203641630
187,2020364,1805,2020,364,18,5,NA,NA,A,NA,NA,NA,NA,20203641805
188,2020365,1250,2020,365,12,50,NA,NA,T,NA,NA,NA,NA,20203651250
189,2020365,1430,2020,365,14,30,NA,NA,T,NA,NA,NA,NA,20203651430
190,2020365,1710,2020,365,17,10,NA,NA,A,NA,NA,NA,NA,20203651710
191,2020366,1335,2020,366,13,35,NA,NA,T,NA,NA,NA,NA,20203661335
192,2020366,1615,2020,366,16,15,NA,NA,A,NA,NA,NA,NA,20203661615
193,2020366,1755,2020,366,17,55,NA,NA,A,NA,NA,NA,NA,20203661755
1,2021001,1240,2021,1,12,40,NA,NA,T,NA,NA,NA,NA,20210011240
2,2021001,1415,2021,1,14,15,NA,NA,T,NA,NA,NA,NA,20210011415
3,2021001,1700,2021,1,17,0,NA,NA,A,NA,NA,NA,NA,20210011700
4,2021002,1320,2021,2,13,20,NA,NA,T,NA,NA,NA,NA,20210021320
5,2021002,1605,2021,2,16,5,NA,NA,A,NA,NA,NA,NA,20210021605
6,2021002,1740,2021,2,17,40,NA,NA,A,NA,NA,NA,NA,20210021740
7,2021003,1225,2021,3,12,25,NA,NA,T,NA,NA,NA,NA,20210031225
8,2021003,1405,2021,3,14,5,NA,NA,T,NA,NA,NA,NA,20210031405
9,2021003,1645,2021,3,16,45,NA,NA,A,NA,NA,NA,NA,20210031645
10,2021003,1825,2021,3,18,25,NA,NA,A,NA,NA,NA,NA,20210031825
11,2021004,1310,2021,4,13,10,NA,NA,T,NA,NA,NA,NA,20210041310
12,2021004,1445,2021,4,14,45,NA,NA,T,NA,NA,NA,NA,20210041445
13,2021004,1550,2021,4,15,50,NA,NA,A,NA,NA,NA,NA,20210041550
14,2021004,1730,2021,4,17,30,NA,NA,A,NA,NA,NA,NA,20210041730
15,2021005,1350,2021,5,13,50,NA,NA,T,NA,NA,NA,NA,20210051350
16,2021005,1635,2021,5,16,35,NA,NA,A,NA,NA,NA,NA,20210051635
17,2021005,1810,2021,5,18,10,NA,NA,A,NA,NA,NA,NA,20210051810
18,2021006,1255,2021,6,12,55,NA,NA,T,NA,NA,NA,NA,20210061255
19,2021006,1435,2021,6,14,35,NA,NA,T,NA,NA,NA,NA,20210061435
20,2021006,1720,2021,6,17,20,NA,NA,A,NA,NA,NA,NA,20210061720
21,2021007,1340,2021,7,13,40,NA,NA,T,NA,NA,NA,NA,20210071340
22,2021007,1625,2021,7,16,25,NA,NA,A,NA,NA,NA,NA,20210071625
23,2021007,1800,2021,7,18,0,NA,NA,A,NA,NA,NA,NA,20210071800
24,2021008,1245,2021,8,12,45,NA,NA,T,NA,NA,NA,NA,20210081245
25,2021008,1420,2021,8,14,20,NA,NA,T,NA,NA,NA,NA,20210081420
26,2021008,1705,2021,8,17,5,NA,NA,A,NA,NA,NA,NA,20210081705
27,2021009,1325,2021,9,13,25,NA,NA,T,NA,NA,NA,NA,20210091325
28,2021009,1610,2021,9,16,10,NA,NA,A,NA,NA,NA,NA,20210091610
29,2021009,1750,2021,9,17,50,NA,NA,A,NA,NA,NA,NA,20210091750
30,2021010,1230,2021,10,12,30,NA,NA,T,NA,NA,NA,NA,20210101230
31,2021010,1410,2021,10,14,10,NA,NA,T,NA,NA,NA,NA,20210101410
32,2021010,1655,2021,10,16,55,NA,NA,A,NA,NA,NA,NA,20210101655
33,2021010,1830,2021,10,18,30,NA,NA,A,NA,NA,NA,NA,20210101830
34,2021011,1315,2021,11,13,15,NA,NA,T,NA,NA,NA,NA,20210111315
35,2021011,1600,2021,11,16,0,NA,NA,A,NA,NA,NA,NA,20210111600
36,2021011,1735,2021,11,17,35,NA,NA,A,NA,NA,NA,NA,20210111735
37,2021012,1400,2021,12,14,0,NA,NA,T,NA,NA,NA,NA,20210121400
38,2021012,1640,2021,12,16,40,NA,NA,A,NA,NA,NA,NA,20210121640
39,2021012,1820,2021,12,18,20,NA,NA,A,NA,NA,NA,NA,20210121820
40,2021013,1305,2021,13,13,5,NA,NA,T,NA,NA,NA,NA,20210131305
41,2021013,1440,2021,13,14,40,NA,NA,T,NA,NA,NA,NA,20210131440
42,2021013,1725,2021,13,17,25,NA,NA,A,NA,NA,NA,NA,20210131725
43,2021014,1345,2021,14,13,45,NA,NA,T,NA,NA,NA,NA,20210141345
44,2021014,1630,2021,14,16,30,NA,NA,A,NA,NA,NA,NA,20210141630
45,2021014,1805,2021,14,18,5,NA,NA,A,NA,NA,NA,NA,20210141805
46,2021015,1250,2021,15,12,50,NA,NA,T,NA,NA,NA,NA,20210151250
47,2021015,1430,2021,15,14,30,NA,NA,T,NA,NA,NA,NA,20210151430
48,2021015,1710,2021,15,17,10,NA,NA,A,NA,NA,NA,NA,20210151710
49,2021016,1335,2021,16,13,35,NA,NA,T,NA,NA,NA,NA,20210161335
50,2021016,1615,2021,16,16,15,NA,NA,A,NA,NA,NA,NA,20210161615
51,2021016,1755,2021,16,17,55,NA,NA,A,NA,NA,NA,NA,20210161755
52,2021017,1240,2021,17,12,40,NA,NA,T,NA,NA,NA,NA,20210171240
53,2021017,1415,2021,17,14,15,NA,NA,T,NA,NA,NA,NA,20210171415
54,2021017,1700,2021,17,17,0,NA,NA,A,NA,NA,NA,NA,20210171700
55,2021018,1320,2021,18,13,20,NA,NA,T,NA,NA,NA,NA,20210181320
56,2021018,1605,2021,18,16,5,NA,NA,A,NA,NA,NA,NA,20210181605
57,2021018,1740,2021,18,17,40,NA,NA,A,NA,NA,NA,NA,20210181740
58,2021019,1225,2021,19,12,25,NA,NA,T,NA,NA,NA,NA,20210191225
59,2021019,1405,2021,19,14,5,NA,NA,T,NA,NA,NA,NA,20210191405
60,2021019,1645,2021,19,16,45,NA,NA,A,NA,NA,NA,NA,20210191645
61,2021019,1825,2021,19,18,25,NA,NA,A,NA,NA,NA,NA,20210191825
62,2021020,1310,2021,20,13,10,NA,NA,T,NA,NA,NA,NA,20210201310
63,2021020,1445,2021,20,14,45,NA,NA,T,NA,NA,NA,NA,20210201445
64,2021020,1550,2021,20,15,50,NA,NA,A,NA,NA,NA,NA,20210201550
65,2021020,1730,2021,20,17,30,NA,NA,A,NA,NA,NA,NA,20210201730
66,2021021,1350,2021,21,13,50,NA,NA,T,NA,NA,NA,NA,20210211350
67,2021021,1635,2021,21,16,35,NA,NA,A,NA,NA,NA,NA,20210211635
68,2021021,1810,2021,21,18,10,NA,NA,A,NA,NA,NA,NA,20210211810
69,2021022,1255,2021,22,12,55,NA,NA,T,NA,NA,NA,NA,20210221255
70,2021022,1435,2021,22,14,35,NA,NA,T,NA,NA,NA,NA,20210221435
71,2021022,1720,2021,22,17,20,NA,NA,A,NA,NA,NA,NA,20210221720
72,2021023,1340,2021,23,13,40,NA,NA,T,NA,NA,NA,NA,20210231340
73,2021023,1625,2021,23,16,25,NA,NA,A,NA,NA,NA,NA,20210231625
74,2021023,1800,2021,23,18,0,NA,NA,A,NA,NA,NA,NA,20210231800
75,2021024,1245,2021,24,12,45,NA,NA,T,NA,NA,NA,NA,20210241245
76,2021024,1420,2021,24,14,20,NA,NA,T,NA,NA,NA,NA,20210241420
77,2021024,1705,2021,24,17,5,NA,NA,A,NA,NA,NA,NA,20210241705
78,2021025,1325,2021,25,13,25,NA,NA,T,NA,NA,NA,NA,20210251325
79,2021025,1610,2021,25,16,10,NA,NA,A,NA,NA,NA,NA,20210251610
80,2021025,1750,2021,25,17,50,NA,NA,A,NA,NA,NA,NA,20210251750
81,2021026,1230,2021,26,12,30,NA,NA,T,NA,NA,NA,NA,20210261230
82,2021026,1410,2021,26,14,10,NA,NA,T,NA,NA,NA,NA,20210261410
83,2021026,1655,2021,26,16,55,NA,NA,A,NA,NA,NA,NA,20210261655
84,2021026,1830,2021,26,18,30,NA,NA,A,NA,NA,NA,NA,20210261830
85,2021027,1315,2021,27,13,15,NA,NA,T,NA,NA,NA,NA,20210271315
86,2021027,1600,2021,27,16,0,NA,NA,A,NA,NA,NA,NA,20210271600
87,2021027,1735,2021,27,17,35,NA,NA,A,NA,NA,NA,NA,20210271735
88,2021028,1400,2021,28,14,0,NA,NA,T,NA,NA,NA,NA,20210281400
89,2021028,1640,2021,28,16,40,NA,NA,A,NA,NA,NA,NA,20210281640
90,2021028,1820,2021,28,18,20,NA,NA,A,NA,NA,NA,NA,20210281820
91,2021029,1305,2021,29,13,5,NA,NA,T,NA,NA,NA,NA,20210291305
92,2021029,1440,2021,29,14,40,NA,NA,T,NA,NA,NA,NA,20210291440
93,2021029,1725,2021,29,17,25,NA,NA,A,NA,NA,NA,NA,20210291725
94,2021030,1345,2021,30,13,45,-23.55416666,-46.74009194,T,0.15,0.10325,0.0202,0,20210301345
95,2021030,1630,2021,30,16,30,NA,NA,A,NA,NA,NA,NA,20210301630
96,2021030,1805,2021,30,18,5,NA,NA,A,NA,NA,NA,NA,20210301805
97,2021031,1250,2021,31,12,50,-23.5625,-46.74305615,T,0.184,0.126,0.0282,0,20210311250
98,2021031,1430,2021,31,14,30,NA,NA,T,NA,NA,NA,NA,20210311430
99,2021031,1710,2021,31,17,10,NA,NA,A,NA,NA,NA,NA,20210311710
100,2021032,1335,2021,32,13,35,NA,NA,T,NA,NA,NA,NA,20210321335
101,2021032,1615,2021,32,16,15,NA,NA,A,NA,NA,NA,NA,20210321615
102,2021032,1755,2021,32,17,55,NA,NA,A,NA,NA,NA,NA,20210321755
1,2021033,1240,2021,33,12,40,-23.55416666,-46.74009194,T,0.0455,0.03125,0.0164,0,20210331240
2,2021033,1415,2021,33,14,15,NA,NA,T,NA,NA,NA,NA,20210331415
3,2021033,1700,2021,33,17,0,NA,NA,A,NA,NA,NA,NA,20210331700
4,2021034,1320,2021,34,13,20,-23.55416666,-46.74009194,T,0.10475,0.07175,0.0631,0,20210341320
5,2021034,1605,2021,34,16,5,NA,NA,A,NA,NA,NA,NA,20210341605
6,2021034,1740,2021,34,17,40,NA,NA,A,NA,NA,NA,NA,20210341740
7,2021035,1225,2021,35,12,25,NA,NA,T,NA,NA,NA,NA,20210351225
8,2021035,1405,2021,35,14,5,NA,NA,T,NA,NA,NA,NA,20210351405
9,2021035,1645,2021,35,16,45,NA,NA,A,NA,NA,NA,NA,20210351645
10,2021035,1825,2021,35,18,25,NA,NA,A,NA,NA,NA,NA,20210351825
11,2021036,1310,2021,36,13,10,NA,NA,T,NA,NA,NA,NA,20210361310
12,2021036,1445,2021,36,14,45,NA,NA,T,NA,NA,NA,NA,20210361445
13,2021036,1550,2021,36,15,50,NA,NA,A,NA,NA,NA,NA,20210361550
14,2021036,1730,2021,36,17,30,NA,NA,A,NA,NA,NA,NA,20210361730
15,2021037,1350,2021,37,13,50,NA,NA,T,NA,NA,NA,NA,20210371350
16,2021037,1635,2021,37,16,35,NA,NA,A,NA,NA,NA,NA,20210371635
17,2021037,1810,2021,37,18,10,NA,NA,A,NA,NA,NA,NA,20210371810
18,2021038,1255,2021,38,12,55,NA,NA,T,NA,NA,NA,NA,20210381255
19,2021038,1435,2021,38,14,35,NA,NA,T,NA,NA,NA,NA,20210381435
20,2021038,1720,2021,38,17,20,NA,NA,A,NA,NA,NA,NA,20210381720
21,2021039,1340,2021,39,13,40,NA,NA,T,NA,NA,NA,NA,20210391340
22,2021039,1625,2021,39,16,25,NA,NA,A,NA,NA,NA,NA,20210391625
23,2021039,1800,2021,39,18,0,NA,NA,A,NA,NA,NA,NA,20210391800
24,2021040,1245,2021,40,12,45,NA,NA,T,NA,NA,NA,NA,20210401245
25,2021040,1420,2021,40,14,20,NA,NA,T,NA,NA,NA,NA,20210401420
26,2021040,1705,2021,40,17,5,NA,NA,A,NA,NA,NA,NA,20210401705
27,2021041,1325,2021,41,13,25,NA,NA,T,NA,NA,NA,NA,20210411325
28,2021041,1610,2021,41,16,10,NA,NA,A,NA,NA,NA,NA,20210411610
29,2021041,1750,2021,41,17,50,NA,NA,A,NA,NA,NA,NA,20210411750
30,2021042,1230,2021,42,12,30,NA,NA,T,NA,NA,NA,NA,20210421230
31,2021042,1410,2021,42,14,10,NA,NA,T,NA,NA,NA,NA,20210421410
32,2021042,1655,2021,42,16,55,NA,NA,A,NA,NA,NA,NA,20210421655
33,2021042,1830,2021,42,18,30,NA,NA,A,NA,NA,NA,NA,20210421830
34,2021043,1315,2021,43,13,15,NA,NA,T,NA,NA,NA,NA,20210431315
35,2021043,1600,2021,43,16,0,NA,NA,A,NA,NA,NA,NA,20210431600
36,2021043,1735,2021,43,17,35,NA,NA,A,NA,NA,NA,NA,20210431735
37,2021044,1355,2021,44,13,55,NA,NA,T,NA,NA,NA,NA,20210441355
38,2021044,1640,2021,44,16,40,NA,NA,A,NA,NA,NA,NA,20210441640
39,2021044,1820,2021,44,18,20,NA,NA,A,NA,NA,NA,NA,20210441820
40,2021045,1300,2021,45,13,0,NA,NA,T,NA,NA,NA,NA,20210451300
41,2021045,1440,2021,45,14,40,NA,NA,T,NA,NA,NA,NA,20210451440
42,2021045,1725,2021,45,17,25,NA,NA,A,NA,NA,NA,NA,20210451725
43,2021046,1345,2021,46,13,45,NA,NA,T,NA,NA,NA,NA,20210461345
44,2021046,1630,2021,46,16,30,NA,NA,A,NA,NA,NA,NA,20210461630
45,2021046,1805,2021,46,18,5,NA,NA,A,NA,NA,NA,NA,20210461805
46,2021047,1250,2021,47,12,50,NA,NA,T,NA,NA,NA,NA,20210471250
47,2021047,1430,2021,47,14,30,NA,NA,T,NA,NA,NA,NA,20210471430
48,2021047,1710,2021,47,17,10,NA,NA,A,NA,NA,NA,NA,20210471710
49,2021048,1335,2021,48,13,35,NA,NA,T,NA,NA,NA,NA,20210481335
50,2021048,1615,2021,48,16,15,NA,NA,A,NA,NA,NA,NA,20210481615
51,2021048,1755,2021,48,17,55,NA,NA,A,NA,NA,NA,NA,20210481755
52,2021049,1240,2021,49,12,40,-23.55416666,-46.74009194,T,0.07325,0.05,0.0208,0,20210491240
53,2021049,1415,2021,49,14,15,NA,NA,T,NA,NA,NA,NA,20210491415
54,2021049,1700,2021,49,17,0,NA,NA,A,NA,NA,NA,NA,20210491700
55,2021050,1320,2021,50,13,20,-23.55416666,-46.74009194,T,0.20475,0.1415,0.0563,0,20210501320
56,2021050,1605,2021,50,16,5,NA,NA,A,NA,NA,NA,NA,20210501605
57,2021050,1740,2021,50,17,40,NA,NA,A,NA,NA,NA,NA,20210501740
58,2021051,1225,2021,51,12,25,NA,NA,T,NA,NA,NA,NA,20210511225
59,2021051,1405,2021,51,14,5,NA,NA,T,NA,NA,NA,NA,20210511405
60,2021051,1645,2021,51,16,45,NA,NA,A,NA,NA,NA,NA,20210511645
61,2021051,1825,2021,51,18,25,NA,NA,A,NA,NA,NA,NA,20210511825
62,2021052,1310,2021,52,13,10,NA,NA,T,NA,NA,NA,NA,20210521310
63,2021052,1445,2021,52,14,45,NA,NA,T,NA,NA,NA,NA,20210521445
64,2021052,1550,2021,52,15,50,NA,NA,A,NA,NA,NA,NA,20210521550
65,2021052,1730,2021,52,17,30,NA,NA,A,NA,NA,NA,NA,20210521730
66,2021053,1350,2021,53,13,50,NA,NA,T,NA,NA,NA,NA,20210531350
67,2021053,1635,2021,53,16,35,NA,NA,A,NA,NA,NA,NA,20210531635
68,2021053,1810,2021,53,18,10,NA,NA,A,NA,NA,NA,NA,20210531810
69,2021054,1255,2021,54,12,55,-23.55416666,-46.74009194,T,0.0515,0.03525,0.0363,0,20210541255
70,2021054,1435,2021,54,14,35,NA,NA,T,NA,NA,NA,NA,20210541435
71,2021054,1720,2021,54,17,20,NA,NA,A,NA,NA,NA,NA,20210541720
72,2021055,1340,2021,55,13,40,-23.55416666,-46.73100119,T,0.351,0.2455,0.0234,0,20210551340
73,2021055,1625,2021,55,16,25,NA,NA,A,NA,NA,NA,NA,20210551625
74,2021055,1800,2021,55,18,0,NA,NA,A,NA,NA,NA,NA,20210551800
75,2021056,1245,2021,56,12,45,NA,NA,T,NA,NA,NA,NA,20210561245
76,2021056,1420,2021,56,14,20,NA,NA,T,NA,NA,NA,NA,20210561420
77,2021056,1705,2021,56,17,5,NA,NA,A,NA,NA,NA,NA,20210561705
78,2021057,1325,2021,57,13,25,NA,NA,T,NA,NA,NA,NA,20210571325
79,2021057,1610,2021,57,16,10,NA,NA,A,NA,NA,NA,NA,20210571610
80,2021057,1750,2021,57,17,50,NA,NA,A,NA,NA,NA,NA,20210571750
81,2021058,1230,2021,58,12,30,NA,NA,T,NA,NA,NA,NA,20210581230
82,2021058,1410,2021,58,14,10,NA,NA,T,NA,NA,NA,NA,20210581410
83,2021058,1655,2021,58,16,55,NA,NA,A,NA,NA,NA,NA,20210581655
84,2021058,1830,2021,58,18,30,NA,NA,A,NA,NA,NA,NA,20210581830
85,2021059,1315,2021,59,13,15,NA,NA,T,NA,NA,NA,NA,20210591315
86,2021059,1600,2021,59,16,0,NA,NA,A,NA,NA,NA,NA,20210591600
87,2021059,1735,2021,59,17,35,NA,NA,A,NA,NA,NA,NA,20210591735
88,2021060,1355,2021,60,13,55,NA,NA,T,NA,NA,NA,NA,20210601355
89,2021060,1640,2021,60,16,40,NA,NA,A,NA,NA,NA,NA,20210601640
90,2021060,1820,2021,60,18,20,NA,NA,A,NA,NA,NA,NA,20210601820
91,2021061,1300,2021,61,13,0,-23.55416666,-46.74009194,T,0.10625,0.07275,0.0395,0,20210611300
92,2021061,1440,2021,61,14,40,NA,NA,T,NA,NA,NA,NA,20210611440
93,2021061,1725,2021,61,17,25,NA,NA,A,NA,NA,NA,NA,20210611725
94,2021062,1345,2021,62,13,45,-23.55416666,-46.74009194,T,0.05025,0.03425,0.023,0,20210621345
95,2021062,1630,2021,62,16,30,NA,NA,A,NA,NA,NA,NA,20210621630
96,2021062,1805,2021,62,18,5,NA,NA,A,NA,NA,NA,NA,20210621805
97,2021063,1250,2021,63,12,50,-23.55416666,-46.74009194,T,0.06375,0.04375,0.0248,0,20210631250
98,2021063,1430,2021,63,14,30,NA,NA,T,NA,NA,NA,NA,20210631430
99,2021063,1710,2021,63,17,10,NA,NA,A,NA,NA,NA,NA,20210631710
100,2021064,1335,2021,64,13,35,NA,NA,T,NA,NA,NA,NA,20210641335
101,2021064,1615,2021,64,16,15,NA,NA,A,NA,NA,NA,NA,20210641615
102,2021064,1755,2021,64,17,55,NA,NA,A,NA,NA,NA,NA,20210641755
103,2021065,1240,2021,65,12,40,NA,NA,T,NA,NA,NA,NA,20210651240
104,2021065,1415,2021,65,14,15,NA,NA,T,NA,NA,NA,NA,20210651415
105,2021065,1700,2021,65,17,0,NA,NA,A,NA,NA,NA,NA,20210651700
106,2021066,1320,2021,66,13,20,NA,NA,T,NA,NA,NA,NA,20210661320
107,2021066,1605,2021,66,16,5,NA,NA,A,NA,NA,NA,NA,20210661605
108,2021066,1740,2021,66,17,40,NA,NA,A,NA,NA,NA,NA,20210661740
109,2021067,1225,2021,67,12,25,NA,NA,T,NA,NA,NA,NA,20210671225
110,2021067,1405,2021,67,14,5,NA,NA,T,NA,NA,NA,NA,20210671405
111,2021067,1645,2021,67,16,45,NA,NA,A,NA,NA,NA,NA,20210671645
112,2021067,1825,2021,67,18,25,NA,NA,A,NA,NA,NA,NA,20210671825
113,2021068,1310,2021,68,13,10,-23.55416666,-46.74009194,T,0.085,0.05825,0.0341,0,20210681310
114,2021068,1445,2021,68,14,45,NA,NA,T,NA,NA,NA,NA,20210681445
115,2021068,1550,2021,68,15,50,NA,NA,A,NA,NA,NA,NA,20210681550
116,2021068,1730,2021,68,17,30,NA,NA,A,NA,NA,NA,NA,20210681730
117,2021069,1350,2021,69,13,50,-23.55416666,-46.74009194,T,0.04925,0.03375,0.0146,0,20210691350
118,2021069,1635,2021,69,16,35,NA,NA,A,NA,NA,NA,NA,20210691635
119,2021069,1810,2021,69,18,10,NA,NA,A,NA,NA,NA,NA,20210691810
120,2021070,1255,2021,70,12,55,NA,NA,T,NA,NA,NA,NA,20210701255
121,2021070,1435,2021,70,14,35,NA,NA,T,NA,NA,NA,NA,20210701435
122,2021070,1720,2021,70,17,20,NA,NA,A,NA,NA,NA,NA,20210701720
123,2021071,1340,2021,71,13,40,-23.55416666,-46.74009194,T,0.2195,0.152,0.0229,0,20210711340
124,2021071,1625,2021,71,16,25,NA,NA,A,NA,NA,NA,NA,20210711625
125,2021071,1800,2021,71,18,0,NA,NA,A,NA,NA,NA,NA,20210711800
126,2021072,1245,2021,72,12,45,-23.55416666,-46.74009194,T,0.26375,0.183,0.0185,0,20210721245
127,2021072,1420,2021,72,14,20,NA,NA,T,NA,NA,NA,NA,20210721420
128,2021072,1705,2021,72,17,5,NA,NA,A,NA,NA,NA,NA,20210721705
129,2021073,1325,2021,73,13,25,-23.55416666,-46.74009194,T,0.051,0.03475,0.0395,0,20210731325
130,2021073,1610,2021,73,16,10,NA,NA,A,NA,NA,NA,NA,20210731610
131,2021073,1750,2021,73,17,50,NA,NA,A,NA,NA,NA,NA,20210731750
132,2021074,1230,2021,74,12,30,NA,NA,T,NA,NA,NA,NA,20210741230
133,2021074,1410,2021,74,14,10,NA,NA,T,NA,NA,NA,NA,20210741410
134,2021074,1655,2021,74,16,55,NA,NA,A,NA,NA,NA,NA,20210741655
135,2021074,1830,2021,74,18,30,NA,NA,A,NA,NA,NA,NA,20210741830
136,2021075,1315,2021,75,13,15,-23.55416666,-46.74009194,T,0.09125,0.063,0.0631,0,20210751315
137,2021075,1600,2021,75,16,0,NA,NA,A,NA,NA,NA,NA,20210751600
138,2021075,1735,2021,75,17,35,NA,NA,A,NA,NA,NA,NA,20210751735
139,2021076,1355,2021,76,13,55,NA,NA,T,NA,NA,NA,NA,20210761355
140,2021076,1640,2021,76,16,40,NA,NA,A,NA,NA,NA,NA,20210761640
141,2021076,1820,2021,76,18,20,NA,NA,A,NA,NA,NA,NA,20210761820
142,2021077,1300,2021,77,13,0,NA,NA,T,NA,NA,NA,NA,20210771300
143,2021077,1440,2021,77,14,40,NA,NA,T,NA,NA,NA,NA,20210771440
144,2021077,1725,2021,77,17,25,NA,NA,A,NA,NA,NA,NA,20210771725
145,2021078,1345,2021,78,13,45,NA,NA,T,NA,NA,NA,NA,20210781345
146,2021078,1630,2021,78,16,30,NA,NA,A,NA,NA,NA,NA,20210781630
147,2021078,1805,2021,78,18,5,NA,NA,A,NA,NA,NA,NA,20210781805
148,2021079,1250,2021,79,12,50,NA,NA,T,NA,NA,NA,NA,20210791250
149,2021079,1430,2021,79,14,30,NA,NA,T,NA,NA,NA,NA,20210791430
150,2021079,1710,2021,79,17,10,NA,NA,A,NA,NA,NA,NA,20210791710
151,2021080,1335,2021,80,13,35,-23.55416666,-46.74009194,T,0.139,0.0955,0.0287,0,20210801335
152,2021080,1615,2021,80,16,15,NA,NA,A,NA,NA,NA,NA,20210801615
153,2021080,1755,2021,80,17,55,NA,NA,A,NA,NA,NA,NA,20210801755
154,2021081,1235,2021,81,12,35,-23.55416666,-46.74009194,T,0.07525,0.0515,0.0157,0,20210811235
155,2021081,1415,2021,81,14,15,NA,NA,T,NA,NA,NA,NA,20210811415
156,2021081,1700,2021,81,17,0,NA,NA,A,NA,NA,NA,NA,20210811700
157,2021082,1320,2021,82,13,20,-23.55416666,-46.74009194,T,0.12525,0.08625,0.0437,0,20210821320
158,2021082,1605,2021,82,16,5,NA,NA,A,NA,NA,NA,NA,20210821605
159,2021082,1740,2021,82,17,40,NA,NA,A,NA,NA,NA,NA,20210821740
160,2021083,1225,2021,83,12,25,NA,NA,T,NA,NA,NA,NA,20210831225
161,2021083,1405,2021,83,14,5,-23.55416666,-46.74009194,T,0.1555,0.107,0.01,0,20210831405
162,2021083,1645,2021,83,16,45,NA,NA,A,NA,NA,NA,NA,20210831645
163,2021083,1825,2021,83,18,25,NA,NA,A,NA,NA,NA,NA,20210831825
164,2021084,1310,2021,84,13,10,NA,NA,T,NA,NA,NA,NA,20210841310
165,2021084,1445,2021,84,14,45,NA,NA,T,NA,NA,NA,NA,20210841445
166,2021084,1550,2021,84,15,50,NA,NA,A,NA,NA,NA,NA,20210841550
167,2021084,1730,2021,84,17,30,NA,NA,A,NA,NA,NA,NA,20210841730
168,2021085,1350,2021,85,13,50,-23.55416666,-46.74009194,T,0.0705,0.048,0.0136,0,20210851350
169,2021085,1635,2021,85,16,35,NA,NA,A,NA,NA,NA,NA,20210851635
170,2021085,1810,2021,85,18,10,NA,NA,A,NA,NA,NA,NA,20210851810
171,2021086,1255,2021,86,12,55,-23.55416666,-46.74009194,T,0.06,0.041,0.0231,0,20210861255
172,2021086,1435,2021,86,14,35,NA,NA,T,NA,NA,NA,NA,20210861435
173,2021086,1720,2021,86,17,20,NA,NA,A,NA,NA,NA,NA,20210861720
174,2021087,1340,2021,87,13,40,NA,NA,T,NA,NA,NA,NA,20210871340
175,2021087,1625,2021,87,16,25,-23.55416666,-46.74009194,A,0.258,0.179,0.0129,0,20210871625
176,2021087,1800,2021,87,18,0,NA,NA,A,NA,NA,NA,NA,20210871800
177,2021088,1245,2021,88,12,45,NA,NA,T,NA,NA,NA,NA,20210881245
178,2021088,1420,2021,88,14,20,NA,NA,T,NA,NA,NA,NA,20210881420
179,2021088,1705,2021,88,17,5,NA,NA,A,NA,NA,NA,NA,20210881705
180,2021089,1325,2021,89,13,25,-23.55416666,-46.74009194,T,0.1245,0.0855,0.0333,0,20210891325
181,2021089,1610,2021,89,16,10,NA,NA,A,NA,NA,NA,NA,20210891610
182,2021089,1750,2021,89,17,50,NA,NA,A,NA,NA,NA,NA,20210891750
183,2021090,1230,2021,90,12,30,NA,NA,T,NA,NA,NA,NA,20210901230
184,2021090,1410,2021,90,14,10,NA,NA,T,NA,NA,NA,NA,20210901410
185,2021090,1655,2021,90,16,55,NA,NA,A,NA,NA,NA,NA,20210901655
186,2021090,1830,2021,90,18,30,NA,NA,A,NA,NA,NA,NA,20210901830
187,2021091,1315,2021,91,13,15,NA,NA,T,NA,NA,NA,NA,20210911315
188,2021091,1600,2021,91,16,0,NA,NA,A,NA,NA,NA,NA,20210911600
189,2021091,1735,2021,91,17,35,NA,NA,A,NA,NA,NA,NA,20210911735
190,2021092,1355,2021,92,13,55,NA,NA,T,NA,NA,NA,NA,20210921355
191,2021092,1640,2021,92,16,40,NA,NA,A,NA,NA,NA,NA,20210921640
192,2021092,1820,2021,92,18,20,NA,NA,A,NA,NA,NA,NA,20210921820
193,2021093,1300,2021,93,13,0,NA,NA,T,NA,NA,NA,NA,20210931300
194,2021093,1440,2021,93,14,40,NA,NA,T,NA,NA,NA,NA,20210931440
195,2021093,1725,2021,93,17,25,NA,NA,A,NA,NA,NA,NA,20210931725
196,2021094,1345,2021,94,13,45,NA,NA,T,NA,NA,NA,NA,20210941345
197,2021094,1630,2021,94,16,30,NA,NA,A,NA,NA,NA,NA,20210941630
198,2021094,1805,2021,94,18,5,NA,NA,A,NA,NA,NA,NA,20210941805
199,2021095,1250,2021,95,12,50,NA,NA,T,NA,NA,NA,NA,20210951250
200,2021095,1430,2021,95,14,30,NA,NA,T,NA,NA,NA,NA,20210951430
201,2021095,1710,2021,95,17,10,NA,NA,A,NA,NA,NA,NA,20210951710
202,2021096,1330,2021,96,13,30,NA,NA,T,NA,NA,NA,NA,20210961330
203,2021096,1615,2021,96,16,15,NA,NA,A,NA,NA,NA,NA,20210961615
204,2021096,1755,2021,96,17,55,NA,NA,A,NA,NA,NA,NA,20210961755
205,2021097,1235,2021,97,12,35,NA,NA,T,NA,NA,NA,NA,20210971235
206,2021097,1415,2021,97,14,15,NA,NA,T,NA,NA,NA,NA,20210971415
207,2021097,1700,2021,97,17,0,NA,NA,A,NA,NA,NA,NA,20210971700
208,2021098,1320,2021,98,13,20,-23.55416666,-46.74009194,T,0.0715,0.049,0.0399,0,20210981320
209,2021098,1605,2021,98,16,5,NA,NA,A,NA,NA,NA,NA,20210981605
210,2021098,1740,2021,98,17,40,-23.55416666,-46.74009194,A,0.02925,0.01975,0.0158,0,20210981740
211,2021099,1225,2021,99,12,25,NA,NA,T,NA,NA,NA,NA,20210991225
212,2021099,1405,2021,99,14,5,-23.55416666,-46.74009194,T,0.03125,0.02125,0.0085,0,20210991405
213,2021099,1645,2021,99,16,45,NA,NA,A,NA,NA,NA,NA,20210991645
214,2021099,1825,2021,99,18,25,NA,NA,A,NA,NA,NA,NA,20210991825
215,2021100,1310,2021,100,13,10,-23.55416666,-46.74009194,T,0.0205,0.014,0.0408,0,20211001310
216,2021100,1445,2021,100,14,45,NA,NA,T,NA,NA,NA,NA,20211001445
217,2021100,1550,2021,100,15,50,NA,NA,A,NA,NA,NA,NA,20211001550
218,2021100,1730,2021,100,17,30,-23.55416666,-46.74009194,A,0.08075,0.05525,0.0182,0,20211001730
219,2021101,1350,2021,101,13,50,-23.55416666,-46.74009194,T,0.0665,0.0455,0.0133,0,20211011350
220,2021101,1635,2021,101,16,35,-23.55416666,-46.74009194,A,0.13475,0.09275,0.0204,0,20211011635
221,2021101,1810,2021,101,18,10,NA,NA,A,NA,NA,NA,NA,20211011810
222,2021102,1255,2021,102,12,55,-23.55416666,-46.74009194,T,0.0835,0.05725,0.0202,0,20211021255
223,2021102,1435,2021,102,14,35,NA,NA,T,NA,NA,NA,NA,20211021435
224,2021102,1720,2021,102,17,20,NA,NA,A,NA,NA,NA,NA,20211021720
225,2021103,1340,2021,103,13,40,NA,NA,T,NA,NA,NA,NA,20211031340
226,2021103,1625,2021,103,16,25,NA,NA,A,NA,NA,NA,NA,20211031625
227,2021103,1800,2021,103,18,0,NA,NA,A,NA,NA,NA,NA,20211031800
228,2021104,1245,2021,104,12,45,NA,NA,T,NA,NA,NA,NA,20211041245
229,2021104,1420,2021,104,14,20,NA,NA,T,NA,NA,NA,NA,20211041420
230,2021104,1705,2021,104,17,5,NA,NA,A,NA,NA,NA,NA,20211041705
231,2021105,1325,2021,105,13,25,NA,NA,T,NA,NA,NA,NA,20211051325
232,2021105,1610,2021,105,16,10,NA,NA,A,NA,NA,NA,NA,20211051610
233,2021105,1750,2021,105,17,50,NA,NA,A,NA,NA,NA,NA,20211051750
234,2021106,1230,2021,106,12,30,NA,NA,T,NA,NA,NA,NA,20211061230
235,2021106,1410,2021,106,14,10,NA,NA,T,NA,NA,NA,NA,20211061410
236,2021106,1655,2021,106,16,55,NA,NA,A,NA,NA,NA,NA,20211061655
237,2021106,1830,2021,106,18,30,NA,NA,A,NA,NA,NA,NA,20211061830
238,2021107,1315,2021,107,13,15,NA,NA,T,NA,NA,NA,NA,20211071315
239,2021107,1600,2021,107,16,0,NA,NA,A,NA,NA,NA,NA,20211071600
240,2021107,1735,2021,107,17,35,NA,NA,A,NA,NA,NA,NA,20211071735
241,2021108,1355,2021,108,13,55,NA,NA,T,NA,NA,NA,NA,20211081355
242,2021108,1640,2021,108,16,40,NA,NA,A,NA,NA,NA,NA,20211081640
243,2021108,1820,2021,108,18,20,NA,NA,A,NA,NA,NA,NA,20211081820
244,2021109,1300,2021,109,13,0,NA,NA,T,NA,NA,NA,NA,20211091300
245,2021109,1440,2021,109,14,40,NA,NA,T,NA,NA,NA,NA,20211091440
246,2021109,1725,2021,109,17,25,NA,NA,A,NA,NA,NA,NA,20211091725
247,2021110,1345,2021,110,13,45,NA,NA,T,NA,NA,NA,NA,20211101345
248,2021110,1630,2021,110,16,30,NA,NA,A,NA,NA,NA,NA,20211101630
249,2021110,1805,2021,110,18,5,NA,NA,A,NA,NA,NA,NA,20211101805
250,2021111,1250,2021,111,12,50,NA,NA,T,NA,NA,NA,NA,20211111250
251,2021111,1425,2021,111,14,25,NA,NA,T,NA,NA,NA,NA,20211111425
252,2021111,1710,2021,111,17,10,NA,NA,A,NA,NA,NA,NA,20211111710
253,2021112,1330,2021,112,13,30,NA,NA,T,NA,NA,NA,NA,20211121330
254,2021112,1615,2021,112,16,15,NA,NA,A,NA,NA,NA,NA,20211121615
255,2021112,1755,2021,112,17,55,NA,NA,A,NA,NA,NA,NA,20211121755
256,2021113,1235,2021,113,12,35,NA,NA,T,NA,NA,NA,NA,20211131235
257,2021113,1415,2021,113,14,15,NA,NA,T,NA,NA,NA,NA,20211131415
258,2021113,1700,2021,113,17,0,NA,NA,A,NA,NA,NA,NA,20211131700
259,2021114,1320,2021,114,13,20,NA,NA,T,NA,NA,NA,NA,20211141320
260,2021114,1605,2021,114,16,5,NA,NA,A,NA,NA,NA,NA,20211141605
261,2021114,1740,2021,114,17,40,-23.55416666,-46.74009194,A,0.14125,0.097,0.0096,0,20211141740
262,2021115,1225,2021,115,12,25,NA,NA,T,NA,NA,NA,NA,20211151225
263,2021115,1405,2021,115,14,5,-23.55416666,-46.74009194,T,0.09225,0.063,0.0076,0,20211151405
264,2021115,1645,2021,115,16,45,NA,NA,A,NA,NA,NA,NA,20211151645
265,2021115,1825,2021,115,18,25,NA,NA,A,NA,NA,NA,NA,20211151825
266,2021116,1310,2021,116,13,10,NA,NA,T,NA,NA,NA,NA,20211161310
267,2021116,1445,2021,116,14,45,NA,NA,T,NA,NA,NA,NA,20211161445
268,2021116,1550,2021,116,15,50,NA,NA,A,NA,NA,NA,NA,20211161550
269,2021116,1730,2021,116,17,30,NA,NA,A,NA,NA,NA,NA,20211161730
270,2021117,1350,2021,117,13,50,NA,NA,T,NA,NA,NA,NA,20211171350
271,2021117,1635,2021,117,16,35,NA,NA,A,NA,NA,NA,NA,20211171635
272,2021117,1810,2021,117,18,10,NA,NA,A,NA,NA,NA,NA,20211171810
273,2021118,1255,2021,118,12,55,-23.55416666,-46.74009194,T,0.187,0.129,0.0181,0,20211181255
274,2021118,1435,2021,118,14,35,NA,NA,T,NA,NA,NA,NA,20211181435
275,2021118,1720,2021,118,17,20,NA,NA,A,NA,NA,NA,NA,20211181720
276,2021119,1340,2021,119,13,40,NA,NA,T,NA,NA,NA,NA,20211191340
277,2021119,1625,2021,119,16,25,NA,NA,A,NA,NA,NA,NA,20211191625
278,2021119,1800,2021,119,18,0,NA,NA,A,NA,NA,NA,NA,20211191800
279,2021120,1245,2021,120,12,45,NA,NA,T,NA,NA,NA,NA,20211201245
280,2021120,1420,2021,120,14,20,NA,NA,T,NA,NA,NA,NA,20211201420
281,2021120,1705,2021,120,17,5,NA,NA,A,NA,NA,NA,NA,20211201705
282,2021121,1325,2021,121,13,25,-23.55416666,-46.74009194,T,0.1985,0.137,0.0262,0,20211211325
283,2021121,1610,2021,121,16,10,NA,NA,A,NA,NA,NA,NA,20211211610
284,2021121,1750,2021,121,17,50,NA,NA,A,NA,NA,NA,NA,20211211750
285,2021122,1230,2021,122,12,30,NA,NA,T,NA,NA,NA,NA,20211221230
286,2021122,1410,2021,122,14,10,NA,NA,T,NA,NA,NA,NA,20211221410
287,2021122,1655,2021,122,16,55,NA,NA,A,NA,NA,NA,NA,20211221655
288,2021122,1830,2021,122,18,30,NA,NA,A,NA,NA,NA,NA,20211221830
289,2021123,1315,2021,123,13,15,-23.55416666,-46.74009194,T,0.1215,0.0835,0.0397,0,20211231315
290,2021123,1600,2021,123,16,0,NA,NA,A,NA,NA,NA,NA,20211231600
291,2021123,1735,2021,123,17,35,-23.55416666,-46.74009194,A,0.16275,0.11225,0.0157,0,20211231735
292,2021124,1355,2021,124,13,55,-23.55416666,-46.74009194,T,0.063,0.043,0.0097,0,20211241355
293,2021124,1640,2021,124,16,40,-23.55416666,-46.74009194,A,0.166,0.11433,0.0232,0,20211241640
294,2021124,1820,2021,124,18,20,NA,NA,A,NA,NA,NA,NA,20211241820
295,2021125,1300,2021,125,13,0,-23.55416666,-46.74009194,T,0.10525,0.072,0.03,0,20211251300
296,2021125,1440,2021,125,14,40,NA,NA,T,NA,NA,NA,NA,20211251440
297,2021125,1725,2021,125,17,25,NA,NA,A,NA,NA,NA,NA,20211251725
298,2021126,1345,2021,126,13,45,-23.55416666,-46.74009194,T,0.1375,0.09475,0.0134,0,20211261345
299,2021126,1630,2021,126,16,30,-23.55416666,-46.73100119,A,0.217,0.1505,0.011,0,20211261630
300,2021126,1805,2021,126,18,5,NA,NA,A,NA,NA,NA,NA,20211261805
301,2021127,1250,2021,127,12,50,NA,NA,T,NA,NA,NA,NA,20211271250
302,2021127,1425,2021,127,14,25,NA,NA,T,NA,NA,NA,NA,20211271425
303,2021127,1710,2021,127,17,10,NA,NA,A,NA,NA,NA,NA,20211271710
304,2021128,1330,2021,128,13,30,NA,NA,T,NA,NA,NA,NA,20211281330
305,2021128,1615,2021,128,16,15,NA,NA,A,NA,NA,NA,NA,20211281615
306,2021128,1755,2021,128,17,55,NA,NA,A,NA,NA,NA,NA,20211281755
307,2021129,1235,2021,129,12,35,NA,NA,T,NA,NA,NA,NA,20211291235
308,2021129,1415,2021,129,14,15,NA,NA,T,NA,NA,NA,NA,20211291415
309,2021129,1700,2021,129,17,0,NA,NA,A,NA,NA,NA,NA,20211291700
310,2021130,1320,2021,130,13,20,NA,NA,T,NA,NA,NA,NA,20211301320
311,2021130,1605,2021,130,16,5,NA,NA,A,NA,NA,NA,NA,20211301605
312,2021130,1740,2021,130,17,40,NA,NA,A,NA,NA,NA,NA,20211301740
313,2021131,1225,2021,131,12,25,NA,NA,T,NA,NA,NA,NA,20211311225
314,2021131,1405,2021,131,14,5,NA,NA,T,NA,NA,NA,NA,20211311405
315,2021131,1645,2021,131,16,45,-23.55416666,-46.74009194,A,0.22325,0.15475,0.0225,0,20211311645
316,2021131,1825,2021,131,18,25,NA,NA,A,NA,NA,NA,NA,20211311825
317,2021132,1310,2021,132,13,10,NA,NA,T,NA,NA,NA,NA,20211321310
318,2021132,1445,2021,132,14,45,NA,NA,T,NA,NA,NA,NA,20211321445
319,2021132,1550,2021,132,15,50,NA,NA,A,NA,NA,NA,NA,20211321550
320,2021132,1730,2021,132,17,30,NA,NA,A,NA,NA,NA,NA,20211321730
321,2021133,1350,2021,133,13,50,NA,NA,T,NA,NA,NA,NA,20211331350
322,2021133,1635,2021,133,16,35,NA,NA,A,NA,NA,NA,NA,20211331635
323,2021133,1810,2021,133,18,10,NA,NA,A,NA,NA,NA,NA,20211331810
324,2021134,1255,2021,134,12,55,NA,NA,T,NA,NA,NA,NA,20211341255
325,2021134,1435,2021,134,14,35,NA,NA,T,NA,NA,NA,NA,20211341435
326,2021134,1720,2021,134,17,20,NA,NA,A,NA,NA,NA,NA,20211341720
327,2021135,1340,2021,135,13,40,NA,NA,T,NA,NA,NA,NA,20211351340
328,2021135,1625,2021,135,16,25,NA,NA,A,NA,NA,NA,NA,20211351625
329,2021135,1800,2021,135,18,0,NA,NA,A,NA,NA,NA,NA,20211351800
330,2021136,1245,2021,136,12,45,NA,NA,T,NA,NA,NA,NA,20211361245
331,2021136,1420,2021,136,14,20,NA,NA,T,NA,NA,NA,NA,20211361420
332,2021136,1705,2021,136,17,5,NA,NA,A,NA,NA,NA,NA,20211361705
333,2021137,1325,2021,137,13,25,-23.55416666,-46.74009194,T,0.15825,0.10875,0.0251,0,20211371325
334,2021137,1610,2021,137,16,10,NA,NA,A,NA,NA,NA,NA,20211371610
335,2021137,1750,2021,137,17,50,NA,NA,A,NA,NA,NA,NA,20211371750
336,2021138,1230,2021,138,12,30,NA,NA,T,NA,NA,NA,NA,20211381230
337,2021138,1410,2021,138,14,10,NA,NA,T,NA,NA,NA,NA,20211381410
338,2021138,1655,2021,138,16,55,NA,NA,A,NA,NA,NA,NA,20211381655
339,2021138,1830,2021,138,18,30,NA,NA,A,NA,NA,NA,NA,20211381830
340,2021139,1315,2021,139,13,15,-23.55416666,-46.74009194,T,0.0785,0.05375,0.0312,0,20211391315
341,2021139,1600,2021,139,16,0,NA,NA,A,NA,NA,NA,NA,20211391600
342,2021139,1735,2021,139,17,35,-23.55416666,-46.74009194,A,0.04875,0.033,0.011,0,20211391735
343,2021140,1355,2021,140,13,55,-23.55416666,-46.74009194,T,0.0855,0.0585,0.0081,0,20211401355
344,2021140,1640,2021,140,16,40,-23.55416666,-46.74009194,A,0.19775,0.1365,0.019,0,20211401640
345,2021140,1820,2021,140,18,20,NA,NA,A,NA,NA,NA,NA,20211401820
346,2021141,1300,2021,141,13,0,-23.55416666,-46.74009194,T,0.14725,0.1015,0.0251,0,20211411300
347,2021141,1440,2021,141,14,40,NA,NA,T,NA,NA,NA,NA,20211411440
348,2021141,1725,2021,141,17,25,-23.55416666,-46.74009194,A,0.1065,0.073,0.0196,0,20211411725
349,2021142,1345,2021,142,13,45,NA,NA,T,NA,NA,NA,NA,20211421345
350,2021142,1630,2021,142,16,30,NA,NA,A,NA,NA,NA,NA,20211421630
351,2021142,1805,2021,142,18,5,NA,NA,A,NA,NA,NA,NA,20211421805
352,2021143,1250,2021,143,12,50,NA,NA,T,NA,NA,NA,NA,20211431250
353,2021143,1425,2021,143,14,25,NA,NA,T,NA,NA,NA,NA,20211431425
354,2021143,1710,2021,143,17,10,NA,NA,A,NA,NA,NA,NA,20211431710
355,2021144,1330,2021,144,13,30,NA,NA,T,NA,NA,NA,NA,20211441330
356,2021144,1615,2021,144,16,15,NA,NA,A,NA,NA,NA,NA,20211441615
357,2021144,1755,2021,144,17,55,NA,NA,A,NA,NA,NA,NA,20211441755
358,2021145,1235,2021,145,12,35,-23.55416666,-46.74009194,T,0.08575,0.0585,0.0139,0,20211451235
359,2021145,1415,2021,145,14,15,NA,NA,T,NA,NA,NA,NA,20211451415
360,2021145,1700,2021,145,17,0,-23.55416666,-46.74009194,A,0.11425,0.0785,0.0324,0,20211451700
361,2021146,1320,2021,146,13,20,-23.55416666,-46.74009194,T,0.1165,0.07975,0.0335,0,20211461320
362,2021146,1600,2021,146,16,0,NA,NA,A,NA,NA,NA,NA,20211461600
363,2021146,1740,2021,146,17,40,-23.55416666,-46.74009194,A,0.06725,0.04575,0.0125,0,20211461740
364,2021147,1225,2021,147,12,25,NA,NA,T,NA,NA,NA,NA,20211471225
365,2021147,1400,2021,147,14,0,NA,NA,T,NA,NA,NA,NA,20211471400
366,2021147,1645,2021,147,16,45,NA,NA,A,NA,NA,NA,NA,20211471645
367,2021147,1825,2021,147,18,25,NA,NA,A,NA,NA,NA,NA,20211471825
368,2021148,1305,2021,148,13,5,NA,NA,T,NA,NA,NA,NA,20211481305
369,2021148,1445,2021,148,14,45,NA,NA,T,NA,NA,NA,NA,20211481445
370,2021148,1550,2021,148,15,50,NA,NA,A,NA,NA,NA,NA,20211481550
371,2021148,1730,2021,148,17,30,-23.55416666,-46.74009194,A,0.11775,0.08075,0.0154,0,20211481730
372,2021149,1350,2021,149,13,50,NA,NA,T,NA,NA,NA,NA,20211491350
373,2021149,1635,2021,149,16,35,NA,NA,A,NA,NA,NA,NA,20211491635
374,2021149,1810,2021,149,18,10,NA,NA,A,NA,NA,NA,NA,20211491810
375,2021150,1255,2021,150,12,55,NA,NA,T,NA,NA,NA,NA,20211501255
376,2021150,1435,2021,150,14,35,NA,NA,T,NA,NA,NA,NA,20211501435
377,2021150,1720,2021,150,17,20,NA,NA,A,NA,NA,NA,NA,20211501720
378,2021151,1340,2021,151,13,40,NA,NA,T,NA,NA,NA,NA,20211511340
379,2021151,1625,2021,151,16,25,NA,NA,A,NA,NA,NA,NA,20211511625
380,2021151,1800,2021,151,18,0,NA,NA,A,NA,NA,NA,NA,20211511800
381,2021152,1240,2021,152,12,40,NA,NA,T,NA,NA,NA,NA,20211521240
382,2021152,1420,2021,152,14,20,NA,NA,T,NA,NA,NA,NA,20211521420
383,2021152,1705,2021,152,17,5,NA,NA,A,NA,NA,NA,NA,20211521705
384,2021153,1325,2021,153,13,25,-23.55416666,-46.74009194,T,0.0315,0.02125,0.0303,0,20211531325
385,2021153,1610,2021,153,16,10,-23.55416666,-46.74009194,A,0.0675,0.04625,0.0053,0,20211531610
386,2021153,1750,2021,153,17,50,NA,NA,A,NA,NA,NA,NA,20211531750
387,2021154,1230,2021,154,12,30,NA,NA,T,NA,NA,NA,NA,20211541230
388,2021154,1410,2021,154,14,10,NA,NA,T,NA,NA,NA,NA,20211541410
389,2021154,1655,2021,154,16,55,NA,NA,A,NA,NA,NA,NA,20211541655
390,2021154,1830,2021,154,18,30,NA,NA,A,NA,NA,NA,NA,20211541830
391,2021155,1315,2021,155,13,15,-23.55416666,-46.74009194,T,0.1355,0.09325,0.0358,0,20211551315
392,2021155,1600,2021,155,16,0,NA,NA,A,NA,NA,NA,NA,20211551600
393,2021155,1735,2021,155,17,35,-23.5625,-46.74305615,A,0.189,0.13,0.0083,0,20211551735
394,2021156,1355,2021,156,13,55,-23.55416666,-46.74009194,T,0.0745,0.051,0.0077,0,20211561355
395,2021156,1640,2021,156,16,40,-23.55416666,-46.74009194,A,0.07825,0.0535,0.0185,0,20211561640
396,2021156,1820,2021,156,18,20,NA,NA,A,NA,NA,NA,NA,20211561820
397,2021157,1300,2021,157,13,0,NA,NA,T,NA,NA,NA,NA,20211571300
398,2021157,1440,2021,157,14,40,NA,NA,T,NA,NA,NA,NA,20211571440
399,2021157,1725,2021,157,17,25,-23.55416666,-46.74009194,A,0.2045,0.1415,0.0141,0,20211571725
400,2021158,1345,2021,158,13,45,NA,NA,T,NA,NA,NA,NA,20211581345
401,2021158,1630,2021,158,16,30,NA,NA,A,NA,NA,NA,NA,20211581630
402,2021158,1805,2021,158,18,5,NA,NA,A,NA,NA,NA,NA,20211581805
403,2021159,1250,2021,159,12,50,NA,NA,T,NA,NA,NA,NA,20211591250
404,2021159,1425,2021,159,14,25,NA,NA,T,NA,NA,NA,NA,20211591425
405,2021159,1710,2021,159,17,10,NA,NA,A,NA,NA,NA,NA,20211591710
406,2021160,1330,2021,160,13,30,NA,NA,T,NA,NA,NA,NA,20211601330
407,2021160,1615,2021,160,16,15,NA,NA,A,NA,NA,NA,NA,20211601615
408,2021160,1755,2021,160,17,55,NA,NA,A,NA,NA,NA,NA,20211601755
409,2021161,1235,2021,161,12,35,NA,NA,T,NA,NA,NA,NA,20211611235
410,2021161,1415,2021,161,14,15,NA,NA,T,NA,NA,NA,NA,20211611415
411,2021161,1700,2021,161,17,0,NA,NA,A,NA,NA,NA,NA,20211611700
412,2021162,1320,2021,162,13,20,NA,NA,T,NA,NA,NA,NA,20211621320
413,2021162,1605,2021,162,16,5,NA,NA,A,NA,NA,NA,NA,20211621605
414,2021162,1740,2021,162,17,40,NA,NA,A,NA,NA,NA,NA,20211621740
415,2021163,1225,2021,163,12,25,NA,NA,T,NA,NA,NA,NA,20211631225
416,2021163,1400,2021,163,14,0,NA,NA,T,NA,NA,NA,NA,20211631400
417,2021163,1645,2021,163,16,45,NA,NA,A,NA,NA,NA,NA,20211631645
418,2021163,1825,2021,163,18,25,NA,NA,A,NA,NA,NA,NA,20211631825
419,2021164,1305,2021,164,13,5,NA,NA,T,NA,NA,NA,NA,20211641305
420,2021164,1445,2021,164,14,45,NA,NA,T,NA,NA,NA,NA,20211641445
421,2021164,1550,2021,164,15,50,NA,NA,A,NA,NA,NA,NA,20211641550
422,2021164,1730,2021,164,17,30,NA,NA,A,NA,NA,NA,NA,20211641730
423,2021165,1350,2021,165,13,50,-23.55416666,-46.74009194,T,0.12525,0.08625,0.0096,0,20211651350
424,2021165,1635,2021,165,16,35,-23.55416666,-46.74009194,A,0.118,0.08125,0.0137,0,20211651635
425,2021165,1810,2021,165,18,10,NA,NA,A,NA,NA,NA,NA,20211651810
426,2021166,1255,2021,166,12,55,-23.55416666,-46.74009194,T,0.273,0.189,0.0186,0,20211661255
427,2021166,1435,2021,166,14,35,NA,NA,T,NA,NA,NA,NA,20211661435
428,2021166,1720,2021,166,17,20,NA,NA,A,NA,NA,NA,NA,20211661720
429,2021167,1335,2021,167,13,35,NA,NA,T,NA,NA,NA,NA,20211671335
430,2021167,1625,2021,167,16,25,NA,NA,A,NA,NA,NA,NA,20211671625
431,2021167,1800,2021,167,18,0,NA,NA,A,NA,NA,NA,NA,20211671800
432,2021168,1240,2021,168,12,40,NA,NA,T,NA,NA,NA,NA,20211681240
433,2021168,1420,2021,168,14,20,NA,NA,T,NA,NA,NA,NA,20211681420
434,2021168,1705,2021,168,17,5,NA,NA,A,NA,NA,NA,NA,20211681705
435,2021169,1325,2021,169,13,25,NA,NA,T,NA,NA,NA,NA,20211691325
436,2021169,1610,2021,169,16,10,-23.55416666,-46.74009194,A,0.21675,0.1505,0.0054,0,20211691610
437,2021169,1750,2021,169,17,50,NA,NA,A,NA,NA,NA,NA,20211691750
438,2021170,1230,2021,170,12,30,NA,NA,T,NA,NA,NA,NA,20211701230
439,2021170,1410,2021,170,14,10,NA,NA,T,NA,NA,NA,NA,20211701410
440,2021170,1655,2021,170,16,55,NA,NA,A,NA,NA,NA,NA,20211701655
441,2021170,1830,2021,170,18,30,NA,NA,A,NA,NA,NA,NA,20211701830
442,2021171,1315,2021,171,13,15,NA,NA,T,NA,NA,NA,NA,20211711315
443,2021171,1600,2021,171,16,0,NA,NA,A,NA,NA,NA,NA,20211711600
444,2021171,1735,2021,171,17,35,NA,NA,A,NA,NA,NA,NA,20211711735
445,2021172,1355,2021,172,13,55,NA,NA,T,NA,NA,NA,NA,20211721355
446,2021172,1640,2021,172,16,40,NA,NA,A,NA,NA,NA,NA,20211721640
447,2021172,1820,2021,172,18,20,NA,NA,A,NA,NA,NA,NA,20211721820
448,2021173,1300,2021,173,13,0,NA,NA,T,NA,NA,NA,NA,20211731300
449,2021173,1440,2021,173,14,40,NA,NA,T,NA,NA,NA,NA,20211731440
450,2021173,1725,2021,173,17,25,NA,NA,A,NA,NA,NA,NA,20211731725
451,2021174,1345,2021,174,13,45,NA,NA,T,NA,NA,NA,NA,20211741345
452,2021174,1630,2021,174,16,30,NA,NA,A,NA,NA,NA,NA,20211741630
453,2021174,1805,2021,174,18,5,NA,NA,A,NA,NA,NA,NA,20211741805
454,2021175,1250,2021,175,12,50,NA,NA,T,NA,NA,NA,NA,20211751250
455,2021175,1425,2021,175,14,25,NA,NA,T,NA,NA,NA,NA,20211751425
456,2021175,1710,2021,175,17,10,NA,NA,A,NA,NA,NA,NA,20211751710
457,2021176,1330,2021,176,13,30,NA,NA,T,NA,NA,NA,NA,20211761330
458,2021176,1615,2021,176,16,15,NA,NA,A,NA,NA,NA,NA,20211761615
459,2021176,1755,2021,176,17,55,NA,NA,A,NA,NA,NA,NA,20211761755
460,2021177,1235,2021,177,12,35,-23.55416666,-46.74009194,T,0.20575,0.1425,0.0101,0,20211771235
461,2021177,1415,2021,177,14,15,NA,NA,T,NA,NA,NA,NA,20211771415
462,2021177,1700,2021,177,17,0,NA,NA,A,NA,NA,NA,NA,20211771700
463,2021178,1320,2021,178,13,20,-23.55416666,-46.74009194,T,0.09775,0.067,0.0299,0,20211781320
464,2021178,1605,2021,178,16,5,NA,NA,A,NA,NA,NA,NA,20211781605
465,2021178,1740,2021,178,17,40,-23.55416666,-46.74009194,A,0.06925,0.04725,0.0112,0,20211781740
466,2021179,1225,2021,179,12,25,NA,NA,T,NA,NA,NA,NA,20211791225
467,2021179,1400,2021,179,14,0,NA,NA,T,NA,NA,NA,NA,20211791400
468,2021179,1645,2021,179,16,45,NA,NA,A,NA,NA,NA,NA,20211791645
469,2021179,1825,2021,179,18,25,NA,NA,A,NA,NA,NA,NA,20211791825
470,2021180,1305,2021,180,13,5,NA,NA,T,NA,NA,NA,NA,20211801305
471,2021180,1445,2021,180,14,45,NA,NA,T,NA,NA,NA,NA,20211801445
472,2021180,1550,2021,180,15,50,NA,NA,A,NA,NA,NA,NA,20211801550
473,2021180,1730,2021,180,17,30,NA,NA,A,NA,NA,NA,NA,20211801730
474,2021181,1350,2021,181,13,50,NA,NA,T,NA,NA,NA,NA,20211811350
475,2021181,1635,2021,181,16,35,-23.55416666,-46.74009194,A,0.07875,0.05375,0.014,0,20211811635
476,2021181,1810,2021,181,18,10,NA,NA,A,NA,NA,NA,NA,20211811810
477,2021182,1255,2021,182,12,55,NA,NA,T,NA,NA,NA,NA,20211821255
478,2021182,1430,2021,182,14,30,NA,NA,T,NA,NA,NA,NA,20211821430
479,2021182,1720,2021,182,17,20,NA,NA,A,NA,NA,NA,NA,20211821720
480,2021183,1335,2021,183,13,35,-23.55416666,-46.74009194,T,0.0785,0.05375,0.0161,0,20211831335
481,2021183,1620,2021,183,16,20,-23.55416666,-46.74009194,A,0.074,0.05025,0.0084,0,20211831620
482,2021183,1800,2021,183,18,0,NA,NA,A,NA,NA,NA,NA,20211831800
483,2021184,1240,2021,184,12,40,NA,NA,T,NA,NA,NA,NA,20211841240
484,2021184,1705,2021,184,17,5,NA,NA,A,NA,NA,NA,NA,20211841705
485,2021185,1325,2021,185,13,25,NA,NA,T,NA,NA,NA,NA,20211851325
486,2021185,1610,2021,185,16,10,NA,NA,A,NA,NA,NA,NA,20211851610
487,2021185,1750,2021,185,17,50,NA,NA,A,NA,NA,NA,NA,20211851750
488,2021186,1230,2021,186,12,30,NA,NA,T,NA,NA,NA,NA,20211861230
489,2021186,1410,2021,186,14,10,NA,NA,T,NA,NA,NA,NA,20211861410
490,2021186,1655,2021,186,16,55,NA,NA,A,NA,NA,NA,NA,20211861655
491,2021186,1830,2021,186,18,30,NA,NA,A,NA,NA,NA,NA,20211861830
492,2021187,1315,2021,187,13,15,NA,NA,T,NA,NA,NA,NA,20211871315
493,2021187,1600,2021,187,16,0,NA,NA,A,NA,NA,NA,NA,20211871600
494,2021187,1735,2021,187,17,35,NA,NA,A,NA,NA,NA,NA,20211871735
495,2021188,1355,2021,188,13,55,-23.55416666,-46.74009194,T,0.0985,0.06775,0.0078,0,20211881355
496,2021188,1640,2021,188,16,40,NA,NA,A,NA,NA,NA,NA,20211881640
497,2021188,1820,2021,188,18,20,NA,NA,A,NA,NA,NA,NA,20211881820
498,2021189,1300,2021,189,13,0,-23.55416666,-46.74009194,T,0.1225,0.08425,0.0207,0,20211891300
499,2021189,1440,2021,189,14,40,NA,NA,T,NA,NA,NA,NA,20211891440
500,2021189,1725,2021,189,17,25,NA,NA,A,NA,NA,NA,NA,20211891725
501,2021190,1345,2021,190,13,45,-23.55416666,-46.74009194,T,0.25675,0.17825,0.0111,0,20211901345
502,2021190,1630,2021,190,16,30,-23.55416666,-46.74009194,A,0.155,0.1065,0.0103,0,20211901630
503,2021190,1805,2021,190,18,5,NA,NA,A,NA,NA,NA,NA,20211901805
504,2021191,1250,2021,191,12,50,-23.55416666,-46.74009194,T,0.1475,0.1015,0.016,0,20211911250
505,2021191,1425,2021,191,14,25,NA,NA,T,NA,NA,NA,NA,20211911425
506,2021191,1710,2021,191,17,10,-23.55416666,-46.74009194,A,0.092,0.06275,0.0236,0,20211911710
507,2021192,1330,2021,192,13,30,-23.55416666,-46.74009194,T,0.1575,0.1085,0.026,0,20211921330
508,2021192,1615,2021,192,16,15,-23.55416666,-46.74009194,A,0.21725,0.1505,0.0069,0,20211921615
509,2021192,1755,2021,192,17,55,NA,NA,A,NA,NA,NA,NA,20211921755
510,2021193,1235,2021,193,12,35,-23.55416666,-46.74009194,T,0.12,0.0825,0.013,0,20211931235
511,2021193,1415,2021,193,14,15,NA,NA,T,NA,NA,NA,NA,20211931415
512,2021193,1700,2021,193,17,0,-23.55416666,-46.74009194,A,0.138,0.09475,0.0368,0,20211931700
513,2021194,1320,2021,194,13,20,-23.55416666,-46.74009194,T,0.04325,0.02925,0.0351,0,20211941320
514,2021194,1605,2021,194,16,5,NA,NA,A,NA,NA,NA,NA,20211941605
515,2021194,1740,2021,194,17,40,-23.55416666,-46.74009194,A,0.05275,0.03625,0.0121,0,20211941740
516,2021195,1225,2021,195,12,25,NA,NA,T,NA,NA,NA,NA,20211951225
517,2021195,1400,2021,195,14,0,NA,NA,T,NA,NA,NA,NA,20211951400
518,2021195,1645,2021,195,16,45,-23.55416666,-46.74009194,A,0.188,0.12975,0.0312,0,20211951645
519,2021195,1825,2021,195,18,25,NA,NA,A,NA,NA,NA,NA,20211951825
520,2021196,1305,2021,196,13,5,NA,NA,T,NA,NA,NA,NA,20211961305
521,2021196,1445,2021,196,14,45,NA,NA,T,NA,NA,NA,NA,20211961445
522,2021196,1550,2021,196,15,50,NA,NA,A,NA,NA,NA,NA,20211961550
523,2021196,1730,2021,196,17,30,NA,NA,A,NA,NA,NA,NA,20211961730
524,2021197,1350,2021,197,13,50,NA,NA,T,NA,NA,NA,NA,20211971350
525,2021197,1635,2021,197,16,35,NA,NA,A,NA,NA,NA,NA,20211971635
526,2021197,1810,2021,197,18,10,NA,NA,A,NA,NA,NA,NA,20211971810
527,2021198,1255,2021,198,12,55,NA,NA,T,NA,NA,NA,NA,20211981255
528,2021198,1430,2021,198,14,30,NA,NA,T,NA,NA,NA,NA,20211981430
529,2021198,1720,2021,198,17,20,-23.55416666,-46.73100119,A,0.2715,0.1885,0.0153,0,20211981720
530,2021199,1335,2021,199,13,35,-23.55416666,-46.74009194,T,0.075,0.051,0.0196,0,20211991335
531,2021199,1625,2021,199,16,25,-23.55416666,-46.74009194,A,0.067,0.0455,0.011,0,20211991625
532,2021199,1800,2021,199,18,0,NA,NA,A,NA,NA,NA,NA,20211991800
533,2021200,1240,2021,200,12,40,-23.55416666,-46.74009194,T,0.02425,0.01675,0.0128,0,20212001240
534,2021200,1420,2021,200,14,20,NA,NA,T,NA,NA,NA,NA,20212001420
535,2021200,1705,2021,200,17,5,-23.55416666,-46.74009194,A,0.0285,0.0195,0.0308,0,20212001705
536,2021201,1325,2021,201,13,25,-23.55416666,-46.74009194,T,0.04475,0.03075,0.0295,0,20212011325
537,2021201,1610,2021,201,16,10,NA,NA,A,NA,NA,NA,NA,20212011610
538,2021201,1750,2021,201,17,50,NA,NA,A,NA,NA,NA,NA,20212011750
539,2021202,1230,2021,202,12,30,NA,NA,T,NA,NA,NA,NA,20212021230
540,2021202,1405,2021,202,14,5,NA,NA,T,NA,NA,NA,NA,20212021405
541,2021202,1655,2021,202,16,55,NA,NA,A,NA,NA,NA,NA,20212021655
542,2021202,1830,2021,202,18,30,NA,NA,A,NA,NA,NA,NA,20212021830
543,2021203,1310,2021,203,13,10,-23.55416666,-46.74009194,T,0.11675,0.08025,0.0304,0,20212031310
544,2021203,1600,2021,203,16,0,NA,NA,A,NA,NA,NA,NA,20212031600
545,2021203,1735,2021,203,17,35,-23.55416666,-46.74009194,A,0.0615,0.04175,0.0107,0,20212031735
546,2021204,1355,2021,204,13,55,-23.55416666,-46.74009194,T,0.08,0.05475,0.0089,0,20212041355
547,2021204,1640,2021,204,16,40,-23.55416666,-46.74009194,A,0.08575,0.05875,0.0255,0,20212041640
548,2021204,1820,2021,204,18,20,NA,NA,A,NA,NA,NA,NA,20212041820
549,2021205,1300,2021,205,13,0,-23.55416666,-46.74009194,T,0.09,0.06175,0.0207,0,20212051300
550,2021205,1440,2021,205,14,40,NA,NA,T,NA,NA,NA,NA,20212051440
551,2021205,1725,2021,205,17,25,-23.55416666,-46.74009194,A,0.102,0.07,0.0159,0,20212051725
552,2021206,1345,2021,206,13,45,-23.55416666,-46.74009194,T,0.04775,0.033,0.0157,0,20212061345
553,2021206,1630,2021,206,16,30,-23.55416666,-46.74009194,A,0.12075,0.083,0.0154,0,20212061630
554,2021206,1805,2021,206,18,5,NA,NA,A,NA,NA,NA,NA,20212061805
555,2021207,1250,2021,207,12,50,-23.55416666,-46.74009194,T,0.0595,0.04075,0.0154,0,20212071250
556,2021207,1425,2021,207,14,25,NA,NA,T,NA,NA,NA,NA,20212071425
557,2021207,1710,2021,207,17,10,-23.55416666,-46.74009194,A,0.12425,0.085,0.0269,0,20212071710
558,2021208,1330,2021,208,13,30,-23.55416666,-46.73100119,T,0.126,0.087,0.0229,0,20212081330
559,2021208,1615,2021,208,16,15,NA,NA,A,NA,NA,NA,NA,20212081615
560,2021208,1755,2021,208,17,55,NA,NA,A,NA,NA,NA,NA,20212081755
561,2021209,1235,2021,209,12,35,NA,NA,T,NA,NA,NA,NA,20212091235
562,2021209,1415,2021,209,14,15,NA,NA,T,NA,NA,NA,NA,20212091415
563,2021209,1700,2021,209,17,0,NA,NA,A,NA,NA,NA,NA,20212091700
564,2021210,1320,2021,210,13,20,NA,NA,T,NA,NA,NA,NA,20212101320
565,2021210,1605,2021,210,16,5,NA,NA,A,NA,NA,NA,NA,20212101605
566,2021210,1740,2021,210,17,40,-23.55416666,-46.74009194,A,0.07775,0.053,0.0089,0,20212101740
567,2021211,1225,2021,211,12,25,NA,NA,T,NA,NA,NA,NA,20212111225
568,2021211,1400,2021,211,14,0,NA,NA,T,NA,NA,NA,NA,20212111400
569,2021211,1645,2021,211,16,45,NA,NA,A,NA,NA,NA,NA,20212111645
570,2021211,1825,2021,211,18,25,NA,NA,A,NA,NA,NA,NA,20212111825
571,2021212,1305,2021,212,13,5,NA,NA,T,NA,NA,NA,NA,20212121305
572,2021212,1445,2021,212,14,45,NA,NA,T,NA,NA,NA,NA,20212121445
573,2021212,1550,2021,212,15,50,NA,NA,A,NA,NA,NA,NA,20212121550
574,2021212,1730,2021,212,17,30,NA,NA,A,NA,NA,NA,NA,20212121730
575,2021213,1350,2021,213,13,50,NA,NA,T,NA,NA,NA,NA,20212131350
576,2021213,1635,2021,213,16,35,NA,NA,A,NA,NA,NA,NA,20212131635
577,2021213,1810,2021,213,18,10,NA,NA,A,NA,NA,NA,NA,20212131810
578,2021214,1255,2021,214,12,55,NA,NA,T,NA,NA,NA,NA,20212141255
579,2021214,1430,2021,214,14,30,NA,NA,T,NA,NA,NA,NA,20212141430
580,2021214,1720,2021,214,17,20,-23.55416666,-46.74009194,A,0.24825,0.17175,0.0181,0,20212141720
581,2021215,1335,2021,215,13,35,NA,NA,T,NA,NA,NA,NA,20212151335
582,2021215,1625,2021,215,16,25,NA,NA,A,NA,NA,NA,NA,20212151625
583,2021215,1800,2021,215,18,0,NA,NA,A,NA,NA,NA,NA,20212151800
584,2021216,1240,2021,216,12,40,NA,NA,T,NA,NA,NA,NA,20212161240
585,2021216,1420,2021,216,14,20,NA,NA,T,NA,NA,NA,NA,20212161420
586,2021216,1705,2021,216,17,5,NA,NA,A,NA,NA,NA,NA,20212161705
587,2021217,1325,2021,217,13,25,NA,NA,T,NA,NA,NA,NA,20212171325
588,2021217,1610,2021,217,16,10,NA,NA,A,NA,NA,NA,NA,20212171610
589,2021217,1750,2021,217,17,50,NA,NA,A,NA,NA,NA,NA,20212171750
590,2021218,1230,2021,218,12,30,NA,NA,T,NA,NA,NA,NA,20212181230
591,2021218,1405,2021,218,14,5,NA,NA,T,NA,NA,NA,NA,20212181405
592,2021218,1655,2021,218,16,55,-23.55416666,-46.73100119,A,0.109,0.075,0.0344,0,20212181655
593,2021218,1830,2021,218,18,30,NA,NA,A,NA,NA,NA,NA,20212181830
594,2021219,1310,2021,219,13,10,NA,NA,T,NA,NA,NA,NA,20212191310
595,2021219,1600,2021,219,16,0,NA,NA,A,NA,NA,NA,NA,20212191600
596,2021219,1735,2021,219,17,35,NA,NA,A,NA,NA,NA,NA,20212191735
597,2021220,1355,2021,220,13,55,-23.55416666,-46.74009194,T,0.12875,0.0885,0.0086,0,20212201355
598,2021220,1640,2021,220,16,40,NA,NA,A,NA,NA,NA,NA,20212201640
599,2021220,1820,2021,220,18,20,NA,NA,A,NA,NA,NA,NA,20212201820
600,2021221,1300,2021,221,13,0,-23.55416666,-46.74009194,T,0.082,0.05625,0.0225,0,20212211300
601,2021221,1440,2021,221,14,40,NA,NA,T,NA,NA,NA,NA,20212211440
602,2021221,1725,2021,221,17,25,NA,NA,A,NA,NA,NA,NA,20212211725
603,2021222,1345,2021,222,13,45,-23.55416666,-46.74009194,T,0.086,0.059,0.0137,0,20212221345
604,2021222,1630,2021,222,16,30,-23.55416666,-46.74009194,A,0.12125,0.0835,0.013,0,20212221630
605,2021222,1805,2021,222,18,5,NA,NA,A,NA,NA,NA,NA,20212221805
606,2021223,1250,2021,223,12,50,NA,NA,T,NA,NA,NA,NA,20212231250
607,2021223,1425,2021,223,14,25,NA,NA,T,NA,NA,NA,NA,20212231425
608,2021223,1710,2021,223,17,10,NA,NA,A,NA,NA,NA,NA,20212231710
609,2021224,1330,2021,224,13,30,NA,NA,T,NA,NA,NA,NA,20212241330
610,2021224,1615,2021,224,16,15,NA,NA,A,NA,NA,NA,NA,20212241615
611,2021224,1755,2021,224,17,55,NA,NA,A,NA,NA,NA,NA,20212241755
612,2021225,1235,2021,225,12,35,NA,NA,T,NA,NA,NA,NA,20212251235
613,2021225,1415,2021,225,14,15,NA,NA,T,NA,NA,NA,NA,20212251415
614,2021225,1700,2021,225,17,0,NA,NA,A,NA,NA,NA,NA,20212251700
615,2021226,1320,2021,226,13,20,NA,NA,T,NA,NA,NA,NA,20212261320
616,2021226,1605,2021,226,16,5,NA,NA,A,NA,NA,NA,NA,20212261605
617,2021226,1740,2021,226,17,40,NA,NA,A,NA,NA,NA,NA,20212261740
618,2021227,1225,2021,227,12,25,NA,NA,T,NA,NA,NA,NA,20212271225
619,2021227,1400,2021,227,14,0,NA,NA,T,NA,NA,NA,NA,20212271400
620,2021227,1645,2021,227,16,45,-23.55416666,-46.74009194,A,0.197,0.13575,0.0286,0,20212271645
621,2021227,1825,2021,227,18,25,NA,NA,A,NA,NA,NA,NA,20212271825
622,2021228,1305,2021,228,13,5,NA,NA,T,NA,NA,NA,NA,20212281305
623,2021228,1445,2021,228,14,45,NA,NA,T,NA,NA,NA,NA,20212281445
624,2021228,1550,2021,228,15,50,NA,NA,A,NA,NA,NA,NA,20212281550
625,2021228,1730,2021,228,17,30,NA,NA,A,NA,NA,NA,NA,20212281730
626,2021229,1350,2021,229,13,50,-23.55416666,-46.74009194,T,0.15725,0.10825,0.0149,0,20212291350
627,2021229,1635,2021,229,16,35,-23.55416666,-46.74009194,A,0.189,0.13025,0.0233,0,20212291635
628,2021229,1810,2021,229,18,10,NA,NA,A,NA,NA,NA,NA,20212291810
629,2021230,1255,2021,230,12,55,-23.55416666,-46.74009194,T,0.1385,0.09525,0.0231,0,20212301255
630,2021230,1430,2021,230,14,30,NA,NA,T,NA,NA,NA,NA,20212301430
631,2021230,1720,2021,230,17,20,-23.55416666,-46.74009194,A,0.20275,0.14025,0.0267,0,20212301720
632,2021231,1335,2021,231,13,35,-23.55416666,-46.74009194,T,0.06825,0.0465,0.0272,0,20212311335
633,2021231,1625,2021,231,16,25,-23.55416666,-46.74009194,A,0.10675,0.07325,0.0128,0,20212311625
634,2021231,1800,2021,231,18,0,NA,NA,A,NA,NA,NA,NA,20212311800
635,2021232,1240,2021,232,12,40,-23.55416666,-46.74009194,T,0.10775,0.074,0.0162,0,20212321240
636,2021232,1420,2021,232,14,20,NA,NA,T,NA,NA,NA,NA,20212321420
637,2021232,1705,2021,232,17,5,-23.55416666,-46.74009194,A,0.1715,0.11775,0.0394,0,20212321705
638,2021233,1325,2021,233,13,25,-23.55416666,-46.74009194,T,0.27625,0.1915,0.0432,0,20212331325
639,2021233,1610,2021,233,16,10,-23.55416666,-46.74009194,A,0.40175,0.28175,0.0085,0,20212331610
640,2021233,1750,2021,233,17,50,NA,NA,A,NA,NA,NA,NA,20212331750
641,2021234,1230,2021,234,12,30,NA,NA,T,NA,NA,NA,NA,20212341230
642,2021234,1405,2021,234,14,5,NA,NA,T,NA,NA,NA,NA,20212341405
643,2021234,1655,2021,234,16,55,-23.55416666,-46.74009194,A,0.08275,0.05675,0.0466,0,20212341655
644,2021234,1830,2021,234,18,30,NA,NA,A,NA,NA,NA,NA,20212341830
645,2021235,1310,2021,235,13,10,-23.55416666,-46.74009194,T,0.29175,0.20275,0.0451,0,20212351310
646,2021235,1600,2021,235,16,0,NA,NA,A,NA,NA,NA,NA,20212351600
647,2021235,1735,2021,235,17,35,NA,NA,A,NA,NA,NA,NA,20212351735
648,2021236,1355,2021,236,13,55,-23.55416666,-46.74009194,T,0.45275,0.319,0.0119,0,20212361355
649,2021236,1640,2021,236,16,40,-23.55416666,-46.74009194,A,0.76725,0.5525,0.0311,0,20212361640
650,2021236,1820,2021,236,18,20,NA,NA,A,NA,NA,NA,NA,20212361820
651,2021237,1300,2021,237,13,0,-23.55416666,-46.74009194,T,0.53375,0.37875,0.0286,0,20212371300
652,2021237,1440,2021,237,14,40,NA,NA,T,NA,NA,NA,NA,20212371440
653,2021237,1725,2021,237,17,25,-23.55416666,-46.74009194,A,0.49225,0.34825,0.0212,0,20212371725
654,2021238,1340,2021,238,13,40,-23.55416666,-46.74009194,T,0.26025,0.1805,0.0209,0,20212381340
655,2021238,1630,2021,238,16,30,NA,NA,A,NA,NA,NA,NA,20212381630
656,2021238,1805,2021,238,18,5,NA,NA,A,NA,NA,NA,NA,20212381805
657,2021239,1245,2021,239,12,45,NA,NA,T,NA,NA,NA,NA,20212391245
658,2021239,1425,2021,239,14,25,NA,NA,T,NA,NA,NA,NA,20212391425
659,2021239,1710,2021,239,17,10,NA,NA,A,NA,NA,NA,NA,20212391710
660,2021240,1330,2021,240,13,30,NA,NA,T,NA,NA,NA,NA,20212401330
661,2021240,1615,2021,240,16,15,NA,NA,A,NA,NA,NA,NA,20212401615
662,2021240,1755,2021,240,17,55,NA,NA,A,NA,NA,NA,NA,20212401755
663,2021241,1235,2021,241,12,35,NA,NA,T,NA,NA,NA,NA,20212411235
664,2021241,1415,2021,241,14,15,NA,NA,T,NA,NA,NA,NA,20212411415
665,2021241,1700,2021,241,17,0,NA,NA,A,NA,NA,NA,NA,20212411700
666,2021242,1320,2021,242,13,20,NA,NA,T,NA,NA,NA,NA,20212421320
667,2021242,1605,2021,242,16,5,NA,NA,A,NA,NA,NA,NA,20212421605
668,2021242,1740,2021,242,17,40,NA,NA,A,NA,NA,NA,NA,20212421740
669,2021243,1220,2021,243,12,20,NA,NA,T,NA,NA,NA,NA,20212431220
670,2021243,1400,2021,243,14,0,NA,NA,T,NA,NA,NA,NA,20212431400
671,2021243,1645,2021,243,16,45,NA,NA,A,NA,NA,NA,NA,20212431645
672,2021243,1825,2021,243,18,25,NA,NA,A,NA,NA,NA,NA,20212431825
673,2021244,1305,2021,244,13,5,NA,NA,T,NA,NA,NA,NA,20212441305
674,2021244,1445,2021,244,14,45,NA,NA,T,NA,NA,NA,NA,20212441445
675,2021244,1550,2021,244,15,50,NA,NA,A,NA,NA,NA,NA,20212441550
676,2021244,1730,2021,244,17,30,-23.55416666,-46.74009194,A,0.05525,0.03775,0.0159,0,20212441730
677,2021245,1350,2021,245,13,50,NA,NA,T,NA,NA,NA,NA,20212451350
678,2021245,1635,2021,245,16,35,NA,NA,A,NA,NA,NA,NA,20212451635
679,2021245,1810,2021,245,18,10,NA,NA,A,NA,NA,NA,NA,20212451810
680,2021246,1255,2021,246,12,55,-23.55416666,-46.74009194,T,0.08075,0.0555,0.0234,0,20212461255
681,2021246,1430,2021,246,14,30,NA,NA,T,NA,NA,NA,NA,20212461430
682,2021246,1720,2021,246,17,20,NA,NA,A,NA,NA,NA,NA,20212461720
683,2021247,1335,2021,247,13,35,-23.55416666,-46.74009194,T,0.29225,0.20325,0.0262,0,20212471335
684,2021247,1625,2021,247,16,25,-23.55416666,-46.74009194,A,0.32775,0.2285,0.0159,0,20212471625
685,2021247,1800,2021,247,18,0,NA,NA,A,NA,NA,NA,NA,20212471800
686,2021248,1240,2021,248,12,40,NA,NA,T,NA,NA,NA,NA,20212481240
687,2021248,1420,2021,248,14,20,NA,NA,T,NA,NA,NA,NA,20212481420
688,2021248,1705,2021,248,17,5,-23.55416666,-46.74009194,A,0.16575,0.11375,0.0388,0,20212481705
689,2021249,1325,2021,249,13,25,NA,NA,T,NA,NA,NA,NA,20212491325
690,2021249,1610,2021,249,16,10,-23.55416666,-46.74009194,A,0.3335,0.233,0.0091,0,20212491610
691,2021249,1750,2021,249,17,50,NA,NA,A,NA,NA,NA,NA,20212491750
692,2021250,1230,2021,250,12,30,NA,NA,T,NA,NA,NA,NA,20212501230
693,2021250,1405,2021,250,14,5,NA,NA,T,NA,NA,NA,NA,20212501405
694,2021250,1655,2021,250,16,55,NA,NA,A,NA,NA,NA,NA,20212501655
695,2021250,1830,2021,250,18,30,NA,NA,A,NA,NA,NA,NA,20212501830
696,2021251,1310,2021,251,13,10,NA,NA,T,NA,NA,NA,NA,20212511310
697,2021251,1600,2021,251,16,0,NA,NA,A,NA,NA,NA,NA,20212511600
698,2021251,1735,2021,251,17,35,NA,NA,A,NA,NA,NA,NA,20212511735
699,2021252,1355,2021,252,13,55,NA,NA,T,NA,NA,NA,NA,20212521355
700,2021252,1640,2021,252,16,40,NA,NA,A,NA,NA,NA,NA,20212521640
701,2021252,1820,2021,252,18,20,NA,NA,A,NA,NA,NA,NA,20212521820
702,2021253,1300,2021,253,13,0,NA,NA,T,NA,NA,NA,NA,20212531300
703,2021253,1435,2021,253,14,35,NA,NA,T,NA,NA,NA,NA,20212531435
704,2021253,1725,2021,253,17,25,NA,NA,A,NA,NA,NA,NA,20212531725
705,2021254,1340,2021,254,13,40,-23.55416666,-46.74009194,T,0.58,0.412,0.024,0,20212541340
706,2021254,1630,2021,254,16,30,NA,NA,A,NA,NA,NA,NA,20212541630
707,2021254,1805,2021,254,18,5,NA,NA,A,NA,NA,NA,NA,20212541805
708,2021255,1245,2021,255,12,45,-23.55416666,-46.74009194,T,0.24475,0.16975,0.0222,0,20212551245
709,2021255,1425,2021,255,14,25,NA,NA,T,NA,NA,NA,NA,20212551425
710,2021255,1710,2021,255,17,10,-23.55416666,-46.74009194,A,0.3135,0.21875,0.0368,0,20212551710
711,2021256,1330,2021,256,13,30,NA,NA,T,NA,NA,NA,NA,20212561330
712,2021256,1615,2021,256,16,15,NA,NA,A,NA,NA,NA,NA,20212561615
713,2021256,1755,2021,256,17,55,NA,NA,A,NA,NA,NA,NA,20212561755
714,2021257,1235,2021,257,12,35,NA,NA,T,NA,NA,NA,NA,20212571235
715,2021257,1415,2021,257,14,15,NA,NA,T,NA,NA,NA,NA,20212571415
716,2021257,1700,2021,257,17,0,NA,NA,A,NA,NA,NA,NA,20212571700
717,2021258,1320,2021,258,13,20,NA,NA,T,NA,NA,NA,NA,20212581320
718,2021258,1605,2021,258,16,5,NA,NA,A,NA,NA,NA,NA,20212581605
719,2021258,1740,2021,258,17,40,NA,NA,A,NA,NA,NA,NA,20212581740
720,2021259,1220,2021,259,12,20,NA,NA,T,NA,NA,NA,NA,20212591220
721,2021259,1400,2021,259,14,0,NA,NA,T,NA,NA,NA,NA,20212591400
722,2021259,1645,2021,259,16,45,NA,NA,A,NA,NA,NA,NA,20212591645
723,2021259,1825,2021,259,18,25,NA,NA,A,NA,NA,NA,NA,20212591825
724,2021260,1305,2021,260,13,5,NA,NA,T,NA,NA,NA,NA,20212601305
725,2021260,1445,2021,260,14,45,NA,NA,T,NA,NA,NA,NA,20212601445
726,2021260,1550,2021,260,15,50,NA,NA,A,NA,NA,NA,NA,20212601550
727,2021260,1730,2021,260,17,30,NA,NA,A,NA,NA,NA,NA,20212601730
728,2021261,1350,2021,261,13,50,NA,NA,T,NA,NA,NA,NA,20212611350
729,2021261,1635,2021,261,16,35,-23.55416666,-46.74009194,A,0.5725,0.4075,0.0267,0,20212611635
730,2021261,1810,2021,261,18,10,NA,NA,A,NA,NA,NA,NA,20212611810
731,2021262,1255,2021,262,12,55,NA,NA,T,NA,NA,NA,NA,20212621255
732,2021262,1430,2021,262,14,30,NA,NA,T,NA,NA,NA,NA,20212621430
733,2021262,1720,2021,262,17,20,NA,NA,A,NA,NA,NA,NA,20212621720
734,2021263,1335,2021,263,13,35,-23.55416666,-46.74009194,T,0.2285,0.1585,0.029,0,20212631335
735,2021263,1625,2021,263,16,25,-23.55416666,-46.74009194,A,0.4145,0.29225,0.012,0,20212631625
736,2021263,1800,2021,263,18,0,NA,NA,A,NA,NA,NA,NA,20212631800
737,2021264,1240,2021,264,12,40,NA,NA,T,NA,NA,NA,NA,20212641240
738,2021264,1420,2021,264,14,20,NA,NA,T,NA,NA,NA,NA,20212641420
739,2021264,1705,2021,264,17,5,NA,NA,A,NA,NA,NA,NA,20212641705
740,2021265,1610,2021,265,16,10,NA,NA,A,NA,NA,NA,NA,20212651610
741,2021265,1750,2021,265,17,50,NA,NA,A,NA,NA,NA,NA,20212651750
742,2021266,1230,2021,266,12,30,NA,NA,T,NA,NA,NA,NA,20212661230
743,2021266,1405,2021,266,14,5,NA,NA,T,NA,NA,NA,NA,20212661405
744,2021267,1310,2021,267,13,10,-23.55416666,-46.74009194,T,0.139,0.0955,0.0688,0,20212671310
745,2021268,1355,2021,268,13,55,NA,NA,T,NA,NA,NA,NA,20212681355
746,2021268,1640,2021,268,16,40,NA,NA,A,NA,NA,NA,NA,20212681640
747,2021268,1820,2021,268,18,20,NA,NA,A,NA,NA,NA,NA,20212681820
748,2021269,1300,2021,269,13,0,-23.55416666,-46.74009194,T,0.23325,0.16175,0.0387,0,20212691300
749,2021269,1435,2021,269,14,35,NA,NA,T,NA,NA,NA,NA,20212691435
750,2021269,1725,2021,269,17,25,NA,NA,A,NA,NA,NA,NA,20212691725
751,2021270,1340,2021,270,13,40,-23.55416666,-46.74009194,T,0.303,0.211,0.0205,0,20212701340
752,2021270,1630,2021,270,16,30,NA,NA,A,NA,NA,NA,NA,20212701630
753,2021270,1805,2021,270,18,5,NA,NA,A,NA,NA,NA,NA,20212701805
754,2021271,1245,2021,271,12,45,-23.55416666,-46.74009194,T,0.1675,0.11525,0.024,0,20212711245
755,2021271,1425,2021,271,14,25,NA,NA,T,NA,NA,NA,NA,20212711425
756,2021271,1710,2021,271,17,10,NA,NA,A,NA,NA,NA,NA,20212711710
757,2021272,1330,2021,272,13,30,NA,NA,T,NA,NA,NA,NA,20212721330
758,2021272,1615,2021,272,16,15,NA,NA,A,NA,NA,NA,NA,20212721615
759,2021272,1755,2021,272,17,55,NA,NA,A,NA,NA,NA,NA,20212721755
760,2021273,1235,2021,273,12,35,NA,NA,T,NA,NA,NA,NA,20212731235
761,2021273,1410,2021,273,14,10,NA,NA,T,NA,NA,NA,NA,20212731410
762,2021273,1700,2021,273,17,0,-23.55416666,-46.74009194,A,0.284,0.198,0.0561,0,20212731700
763,2021274,1315,2021,274,13,15,NA,NA,T,NA,NA,NA,NA,20212741315
764,2021274,1605,2021,274,16,5,NA,NA,A,NA,NA,NA,NA,20212741605
765,2021274,1740,2021,274,17,40,NA,NA,A,NA,NA,NA,NA,20212741740
766,2021275,1220,2021,275,12,20,NA,NA,T,NA,NA,NA,NA,20212751220
767,2021275,1400,2021,275,14,0,NA,NA,T,NA,NA,NA,NA,20212751400
768,2021275,1645,2021,275,16,45,NA,NA,A,NA,NA,NA,NA,20212751645
769,2021275,1825,2021,275,18,25,NA,NA,A,NA,NA,NA,NA,20212751825
770,2021276,1305,2021,276,13,5,NA,NA,T,NA,NA,NA,NA,20212761305
771,2021276,1445,2021,276,14,45,NA,NA,T,NA,NA,NA,NA,20212761445
772,2021276,1550,2021,276,15,50,NA,NA,A,NA,NA,NA,NA,20212761550
773,2021276,1730,2021,276,17,30,NA,NA,A,NA,NA,NA,NA,20212761730
774,2021277,1350,2021,277,13,50,NA,NA,T,NA,NA,NA,NA,20212771350
775,2021277,1635,2021,277,16,35,NA,NA,A,NA,NA,NA,NA,20212771635
776,2021277,1810,2021,277,18,10,NA,NA,A,NA,NA,NA,NA,20212771810
777,2021278,1255,2021,278,12,55,NA,NA,T,NA,NA,NA,NA,20212781255
778,2021278,1430,2021,278,14,30,NA,NA,T,NA,NA,NA,NA,20212781430
779,2021278,1720,2021,278,17,20,NA,NA,A,NA,NA,NA,NA,20212781720
780,2021279,1335,2021,279,13,35,-23.55416666,-46.74009194,T,0.18575,0.128,0.0389,0,20212791335
781,2021279,1625,2021,279,16,25,-23.55416666,-46.74009194,A,0.3615,0.2525,0.0127,0,20212791625
782,2021279,1800,2021,279,18,0,NA,NA,A,NA,NA,NA,NA,20212791800
783,2021280,1240,2021,280,12,40,NA,NA,T,NA,NA,NA,NA,20212801240
784,2021280,1420,2021,280,14,20,NA,NA,T,NA,NA,NA,NA,20212801420
785,2021280,1705,2021,280,17,5,NA,NA,A,NA,NA,NA,NA,20212801705
786,2021281,1325,2021,281,13,25,NA,NA,T,NA,NA,NA,NA,20212811325
787,2021281,1610,2021,281,16,10,NA,NA,A,NA,NA,NA,NA,20212811610
788,2021281,1750,2021,281,17,50,NA,NA,A,NA,NA,NA,NA,20212811750
789,2021282,1230,2021,282,12,30,NA,NA,T,NA,NA,NA,NA,20212821230
790,2021282,1405,2021,282,14,5,NA,NA,T,NA,NA,NA,NA,20212821405
791,2021282,1655,2021,282,16,55,NA,NA,A,NA,NA,NA,NA,20212821655
792,2021282,1830,2021,282,18,30,NA,NA,A,NA,NA,NA,NA,20212821830
793,2021283,1310,2021,283,13,10,NA,NA,T,NA,NA,NA,NA,20212831310
794,2021283,1600,2021,283,16,0,NA,NA,A,NA,NA,NA,NA,20212831600
795,2021283,1735,2021,283,17,35,NA,NA,A,NA,NA,NA,NA,20212831735
796,2021284,1355,2021,284,13,55,NA,NA,T,NA,NA,NA,NA,20212841355
797,2021284,1640,2021,284,16,40,NA,NA,A,NA,NA,NA,NA,20212841640
798,2021284,1820,2021,284,18,20,NA,NA,A,NA,NA,NA,NA,20212841820
799,2021285,1300,2021,285,13,0,NA,NA,T,NA,NA,NA,NA,20212851300
800,2021285,1435,2021,285,14,35,NA,NA,T,NA,NA,NA,NA,20212851435
801,2021285,1725,2021,285,17,25,NA,NA,A,NA,NA,NA,NA,20212851725
802,2021286,1340,2021,286,13,40,NA,NA,T,NA,NA,NA,NA,20212861340
803,2021286,1630,2021,286,16,30,NA,NA,A,NA,NA,NA,NA,20212861630
804,2021286,1805,2021,286,18,5,NA,NA,A,NA,NA,NA,NA,20212861805
805,2021287,1245,2021,287,12,45,NA,NA,T,NA,NA,NA,NA,20212871245
806,2021287,1425,2021,287,14,25,NA,NA,T,NA,NA,NA,NA,20212871425
807,2021287,1710,2021,287,17,10,NA,NA,A,NA,NA,NA,NA,20212871710
808,2021288,1330,2021,288,13,30,NA,NA,T,NA,NA,NA,NA,20212881330
809,2021288,1615,2021,288,16,15,NA,NA,A,NA,NA,NA,NA,20212881615
810,2021288,1755,2021,288,17,55,NA,NA,A,NA,NA,NA,NA,20212881755
811,2021289,1235,2021,289,12,35,NA,NA,T,NA,NA,NA,NA,20212891235
812,2021289,1410,2021,289,14,10,NA,NA,T,NA,NA,NA,NA,20212891410
813,2021289,1700,2021,289,17,0,NA,NA,A,NA,NA,NA,NA,20212891700
814,2021290,1315,2021,290,13,15,NA,NA,T,NA,NA,NA,NA,20212901315
815,2021290,1605,2021,290,16,5,NA,NA,A,NA,NA,NA,NA,20212901605
816,2021290,1740,2021,290,17,40,NA,NA,A,NA,NA,NA,NA,20212901740
817,2021291,1220,2021,291,12,20,NA,NA,T,NA,NA,NA,NA,20212911220
818,2021291,1400,2021,291,14,0,NA,NA,T,NA,NA,NA,NA,20212911400
819,2021291,1645,2021,291,16,45,NA,NA,A,NA,NA,NA,NA,20212911645
820,2021291,1825,2021,291,18,25,NA,NA,A,NA,NA,NA,NA,20212911825
821,2021292,1305,2021,292,13,5,NA,NA,T,NA,NA,NA,NA,20212921305
822,2021292,1445,2021,292,14,45,NA,NA,T,NA,NA,NA,NA,20212921445
823,2021292,1550,2021,292,15,50,NA,NA,A,NA,NA,NA,NA,20212921550
824,2021292,1730,2021,292,17,30,NA,NA,A,NA,NA,NA,NA,20212921730
825,2021293,1345,2021,293,13,45,NA,NA,T,NA,NA,NA,NA,20212931345
826,2021293,1635,2021,293,16,35,NA,NA,A,NA,NA,NA,NA,20212931635
827,2021293,1810,2021,293,18,10,NA,NA,A,NA,NA,NA,NA,20212931810
828,2021294,1250,2021,294,12,50,NA,NA,T,NA,NA,NA,NA,20212941250
829,2021294,1430,2021,294,14,30,NA,NA,T,NA,NA,NA,NA,20212941430
830,2021294,1720,2021,294,17,20,NA,NA,A,NA,NA,NA,NA,20212941720
831,2021295,1335,2021,295,13,35,-23.55416666,-46.74009194,T,0.04675,0.032,0.0368,0,20212951335
832,2021295,1625,2021,295,16,25,-23.55416666,-46.74009194,A,0.241,0.167,0.0134,0,20212951625
833,2021295,1800,2021,295,18,0,NA,NA,A,NA,NA,NA,NA,20212951800
834,2021296,1240,2021,296,12,40,-23.55416666,-46.74009194,T,0.0705,0.0485,0.0199,0,20212961240
835,2021296,1420,2021,296,14,20,NA,NA,T,NA,NA,NA,NA,20212961420
836,2021296,1705,2021,296,17,5,NA,NA,A,NA,NA,NA,NA,20212961705
837,2021297,1325,2021,297,13,25,NA,NA,T,NA,NA,NA,NA,20212971325
838,2021297,1610,2021,297,16,10,NA,NA,A,NA,NA,NA,NA,20212971610
839,2021297,1750,2021,297,17,50,NA,NA,A,NA,NA,NA,NA,20212971750
840,2021298,1230,2021,298,12,30,NA,NA,T,NA,NA,NA,NA,20212981230
841,2021298,1405,2021,298,14,5,NA,NA,T,NA,NA,NA,NA,20212981405
842,2021298,1655,2021,298,16,55,NA,NA,A,NA,NA,NA,NA,20212981655
843,2021298,1830,2021,298,18,30,NA,NA,A,NA,NA,NA,NA,20212981830
844,2021299,1310,2021,299,13,10,-23.55416666,-46.74009194,T,0.16675,0.1145,0.0601,0,20212991310
845,2021299,1600,2021,299,16,0,NA,NA,A,NA,NA,NA,NA,20212991600
846,2021299,1735,2021,299,17,35,NA,NA,A,NA,NA,NA,NA,20212991735
847,2021300,1355,2021,300,13,55,NA,NA,T,NA,NA,NA,NA,20213001355
848,2021300,1640,2021,300,16,40,NA,NA,A,NA,NA,NA,NA,20213001640
849,2021300,1820,2021,300,18,20,NA,NA,A,NA,NA,NA,NA,20213001820
850,2021301,1300,2021,301,13,0,NA,NA,T,NA,NA,NA,NA,20213011300
851,2021301,1435,2021,301,14,35,NA,NA,T,NA,NA,NA,NA,20213011435
852,2021301,1725,2021,301,17,25,NA,NA,A,NA,NA,NA,NA,20213011725
853,2021302,1340,2021,302,13,40,NA,NA,T,NA,NA,NA,NA,20213021340
854,2021302,1630,2021,302,16,30,NA,NA,A,NA,NA,NA,NA,20213021630
855,2021302,1805,2021,302,18,5,NA,NA,A,NA,NA,NA,NA,20213021805
856,2021303,1245,2021,303,12,45,NA,NA,T,NA,NA,NA,NA,20213031245
857,2021303,1425,2021,303,14,25,NA,NA,T,NA,NA,NA,NA,20213031425
858,2021303,1710,2021,303,17,10,NA,NA,A,NA,NA,NA,NA,20213031710
859,2021304,1330,2021,304,13,30,NA,NA,T,NA,NA,NA,NA,20213041330
860,2021304,1615,2021,304,16,15,NA,NA,A,NA,NA,NA,NA,20213041615
861,2021304,1755,2021,304,17,55,NA,NA,A,NA,NA,NA,NA,20213041755
862,2021305,1235,2021,305,12,35,NA,NA,T,NA,NA,NA,NA,20213051235
863,2021305,1410,2021,305,14,10,NA,NA,T,NA,NA,NA,NA,20213051410
864,2021305,1700,2021,305,17,0,NA,NA,A,NA,NA,NA,NA,20213051700
865,2021306,1315,2021,306,13,15,NA,NA,T,NA,NA,NA,NA,20213061315
866,2021306,1605,2021,306,16,5,NA,NA,A,NA,NA,NA,NA,20213061605
867,2021306,1745,2021,306,17,45,NA,NA,A,NA,NA,NA,NA,20213061745
868,2021307,1220,2021,307,12,20,NA,NA,T,NA,NA,NA,NA,20213071220
869,2021307,1400,2021,307,14,0,NA,NA,T,NA,NA,NA,NA,20213071400
870,2021307,1650,2021,307,16,50,NA,NA,A,NA,NA,NA,NA,20213071650
871,2021307,1825,2021,307,18,25,NA,NA,A,NA,NA,NA,NA,20213071825
872,2021308,1305,2021,308,13,5,-23.55416666,-46.74009194,T,0.02,0.0135,0.0586,0,20213081305
873,2021308,1440,2021,308,14,40,NA,NA,T,NA,NA,NA,NA,20213081440
874,2021308,1550,2021,308,15,50,NA,NA,A,NA,NA,NA,NA,20213081550
875,2021308,1730,2021,308,17,30,NA,NA,A,NA,NA,NA,NA,20213081730
876,2021309,1345,2021,309,13,45,-23.55416666,-46.74009194,T,0.03075,0.021,0.0236,0,20213091345
877,2021309,1635,2021,309,16,35,-23.55416666,-46.74009194,A,0.0845,0.05775,0.0304,0,20213091635
878,2021309,1810,2021,309,18,10,NA,NA,A,NA,NA,NA,NA,20213091810
879,2021310,1250,2021,310,12,50,NA,NA,T,NA,NA,NA,NA,20213101250
880,2021310,1430,2021,310,14,30,NA,NA,T,NA,NA,NA,NA,20213101430
881,2021310,1720,2021,310,17,20,-23.55416666,-46.74009194,A,0.083,0.057,0.0415,0,20213101720
882,2021311,1335,2021,311,13,35,-23.55416666,-46.74009194,T,0.0625,0.04275,0.0443,0,20213111335
883,2021311,1625,2021,311,16,25,-23.55416666,-46.74009194,A,0.25925,0.17975,0.0133,0,20213111625
884,2021311,1800,2021,311,18,0,NA,NA,A,NA,NA,NA,NA,20213111800
885,2021312,1240,2021,312,12,40,NA,NA,T,NA,NA,NA,NA,20213121240
886,2021312,1420,2021,312,14,20,NA,NA,T,NA,NA,NA,NA,20213121420
887,2021312,1705,2021,312,17,5,NA,NA,A,NA,NA,NA,NA,20213121705
888,2021313,1325,2021,313,13,25,NA,NA,T,NA,NA,NA,NA,20213131325
889,2021313,1610,2021,313,16,10,NA,NA,A,NA,NA,NA,NA,20213131610
890,2021313,1750,2021,313,17,50,NA,NA,A,NA,NA,NA,NA,20213131750
891,2021314,1225,2021,314,12,25,NA,NA,T,NA,NA,NA,NA,20213141225
892,2021314,1405,2021,314,14,5,NA,NA,T,NA,NA,NA,NA,20213141405
893,2021314,1655,2021,314,16,55,NA,NA,A,NA,NA,NA,NA,20213141655
894,2021314,1830,2021,314,18,30,NA,NA,A,NA,NA,NA,NA,20213141830
895,2021315,1310,2021,315,13,10,NA,NA,T,NA,NA,NA,NA,20213151310
896,2021315,1600,2021,315,16,0,NA,NA,A,NA,NA,NA,NA,20213151600
897,2021315,1735,2021,315,17,35,NA,NA,A,NA,NA,NA,NA,20213151735
898,2021316,1355,2021,316,13,55,NA,NA,T,NA,NA,NA,NA,20213161355
899,2021316,1640,2021,316,16,40,NA,NA,A,NA,NA,NA,NA,20213161640
900,2021316,1820,2021,316,18,20,NA,NA,A,NA,NA,NA,NA,20213161820
901,2021317,1300,2021,317,13,0,NA,NA,T,NA,NA,NA,NA,20213171300
902,2021317,1435,2021,317,14,35,NA,NA,T,NA,NA,NA,NA,20213171435
903,2021317,1725,2021,317,17,25,NA,NA,A,NA,NA,NA,NA,20213171725
904,2021318,1340,2021,318,13,40,-23.55416666,-46.74009194,T,0.025,0.017,0.0257,0,20213181340
905,2021318,1630,2021,318,16,30,NA,NA,A,NA,NA,NA,NA,20213181630
906,2021318,1805,2021,318,18,5,NA,NA,A,NA,NA,NA,NA,20213181805
907,2021319,1245,2021,319,12,45,NA,NA,T,NA,NA,NA,NA,20213191245
908,2021319,1425,2021,319,14,25,NA,NA,T,NA,NA,NA,NA,20213191425
909,2021319,1710,2021,319,17,10,NA,NA,A,NA,NA,NA,NA,20213191710
910,2021320,1330,2021,320,13,30,-23.55416666,-46.74009194,T,0.0205,0.014,0.0501,0,20213201330
911,2021320,1615,2021,320,16,15,NA,NA,A,NA,NA,NA,NA,20213201615
912,2021320,1755,2021,320,17,55,NA,NA,A,NA,NA,NA,NA,20213201755
913,2021321,1235,2021,321,12,35,-23.55416666,-46.74009194,T,0.09275,0.0635,0.0159,0,20213211235
914,2021321,1410,2021,321,14,10,NA,NA,T,NA,NA,NA,NA,20213211410
915,2021321,1700,2021,321,17,0,NA,NA,A,NA,NA,NA,NA,20213211700
916,2021322,1315,2021,322,13,15,NA,NA,T,NA,NA,NA,NA,20213221315
917,2021322,1605,2021,322,16,5,NA,NA,A,NA,NA,NA,NA,20213221605
918,2021322,1745,2021,322,17,45,NA,NA,A,NA,NA,NA,NA,20213221745
919,2021323,1220,2021,323,12,20,NA,NA,T,NA,NA,NA,NA,20213231220
920,2021323,1400,2021,323,14,0,NA,NA,T,NA,NA,NA,NA,20213231400
921,2021323,1650,2021,323,16,50,NA,NA,A,NA,NA,NA,NA,20213231650
922,2021323,1825,2021,323,18,25,NA,NA,A,NA,NA,NA,NA,20213231825
923,2021324,1305,2021,324,13,5,NA,NA,T,NA,NA,NA,NA,20213241305
924,2021324,1440,2021,324,14,40,NA,NA,T,NA,NA,NA,NA,20213241440
925,2021324,1550,2021,324,15,50,NA,NA,A,NA,NA,NA,NA,20213241550
926,2021324,1730,2021,324,17,30,NA,NA,A,NA,NA,NA,NA,20213241730
927,2021325,1345,2021,325,13,45,NA,NA,T,NA,NA,NA,NA,20213251345
928,2021325,1635,2021,325,16,35,NA,NA,A,NA,NA,NA,NA,20213251635
929,2021325,1810,2021,325,18,10,NA,NA,A,NA,NA,NA,NA,20213251810
930,2021326,1250,2021,326,12,50,-23.55416666,-46.74009194,T,0.1505,0.1035,0.0333,0,20213261250
931,2021326,1430,2021,326,14,30,NA,NA,T,NA,NA,NA,NA,20213261430
932,2021326,1720,2021,326,17,20,-23.55416666,-46.74009194,A,0.10675,0.07325,0.0408,0,20213261720
933,2021327,1335,2021,327,13,35,NA,NA,T,NA,NA,NA,NA,20213271335
934,2021327,1625,2021,327,16,25,NA,NA,A,NA,NA,NA,NA,20213271625
935,2021327,1800,2021,327,18,0,NA,NA,A,NA,NA,NA,NA,20213271800
936,2021328,1240,2021,328,12,40,NA,NA,T,NA,NA,NA,NA,20213281240
937,2021328,1415,2021,328,14,15,NA,NA,T,NA,NA,NA,NA,20213281415
938,2021328,1705,2021,328,17,5,NA,NA,A,NA,NA,NA,NA,20213281705
939,2021329,1320,2021,329,13,20,-23.55416666,-46.74009194,T,0.04525,0.031,0.0546,0,20213291320
940,2021329,1610,2021,329,16,10,NA,NA,A,NA,NA,NA,NA,20213291610
941,2021329,1750,2021,329,17,50,NA,NA,A,NA,NA,NA,NA,20213291750
942,2021330,1225,2021,330,12,25,NA,NA,T,NA,NA,NA,NA,20213301225
943,2021330,1405,2021,330,14,5,NA,NA,T,NA,NA,NA,NA,20213301405
944,2021330,1655,2021,330,16,55,NA,NA,A,NA,NA,NA,NA,20213301655
945,2021330,1830,2021,330,18,30,NA,NA,A,NA,NA,NA,NA,20213301830
946,2021331,1310,2021,331,13,10,NA,NA,T,NA,NA,NA,NA,20213311310
947,2021331,1600,2021,331,16,0,NA,NA,A,NA,NA,NA,NA,20213311600
948,2021331,1735,2021,331,17,35,NA,NA,A,NA,NA,NA,NA,20213311735
949,2021332,1355,2021,332,13,55,NA,NA,T,NA,NA,NA,NA,20213321355
950,2021332,1640,2021,332,16,40,NA,NA,A,NA,NA,NA,NA,20213321640
951,2021332,1820,2021,332,18,20,NA,NA,A,NA,NA,NA,NA,20213321820
952,2021333,1300,2021,333,13,0,NA,NA,T,NA,NA,NA,NA,20213331300
953,2021333,1435,2021,333,14,35,NA,NA,T,NA,NA,NA,NA,20213331435
954,2021333,1725,2021,333,17,25,NA,NA,A,NA,NA,NA,NA,20213331725
955,2021334,1340,2021,334,13,40,NA,NA,T,NA,NA,NA,NA,20213341340
956,2021334,1630,2021,334,16,30,NA,NA,A,NA,NA,NA,NA,20213341630
957,2021334,1805,2021,334,18,5,NA,NA,A,NA,NA,NA,NA,20213341805
958,2021335,1245,2021,335,12,45,NA,NA,T,NA,NA,NA,NA,20213351245
959,2021335,1425,2021,335,14,25,NA,NA,T,NA,NA,NA,NA,20213351425
960,2021335,1710,2021,335,17,10,NA,NA,A,NA,NA,NA,NA,20213351710
961,2021336,1330,2021,336,13,30,NA,NA,T,NA,NA,NA,NA,20213361330
962,2021336,1615,2021,336,16,15,NA,NA,A,NA,NA,NA,NA,20213361615
963,2021336,1755,2021,336,17,55,NA,NA,A,NA,NA,NA,NA,20213361755
964,2021337,1235,2021,337,12,35,NA,NA,T,NA,NA,NA,NA,20213371235
965,2021337,1410,2021,337,14,10,NA,NA,T,NA,NA,NA,NA,20213371410
966,2021337,1700,2021,337,17,0,NA,NA,A,NA,NA,NA,NA,20213371700
967,2021338,1315,2021,338,13,15,NA,NA,T,NA,NA,NA,NA,20213381315
968,2021338,1605,2021,338,16,5,NA,NA,A,NA,NA,NA,NA,20213381605
969,2021338,1745,2021,338,17,45,NA,NA,A,NA,NA,NA,NA,20213381745
970,2021339,1220,2021,339,12,20,NA,NA,T,NA,NA,NA,NA,20213391220
971,2021339,1400,2021,339,14,0,-23.55416666,-46.74009194,T,0.338,0.2365,0.0116,0,20213391400
972,2021339,1650,2021,339,16,50,NA,NA,A,NA,NA,NA,NA,20213391650
973,2021339,1825,2021,339,18,25,NA,NA,A,NA,NA,NA,NA,20213391825
974,2021340,1305,2021,340,13,5,NA,NA,T,NA,NA,NA,NA,20213401305
975,2021340,1440,2021,340,14,40,NA,NA,T,NA,NA,NA,NA,20213401440
976,2021340,1550,2021,340,15,50,NA,NA,A,NA,NA,NA,NA,20213401550
977,2021340,1730,2021,340,17,30,NA,NA,A,NA,NA,NA,NA,20213401730
978,2021341,1345,2021,341,13,45,NA,NA,T,NA,NA,NA,NA,20213411345
979,2021341,1635,2021,341,16,35,NA,NA,A,NA,NA,NA,NA,20213411635
980,2021341,1810,2021,341,18,10,NA,NA,A,NA,NA,NA,NA,20213411810
981,2021342,1250,2021,342,12,50,NA,NA,T,NA,NA,NA,NA,20213421250
982,2021342,1430,2021,342,14,30,NA,NA,T,NA,NA,NA,NA,20213421430
983,2021342,1720,2021,342,17,20,NA,NA,A,NA,NA,NA,NA,20213421720
984,2021343,1335,2021,343,13,35,NA,NA,T,NA,NA,NA,NA,20213431335
985,2021343,1625,2021,343,16,25,NA,NA,A,NA,NA,NA,NA,20213431625
986,2021343,1800,2021,343,18,0,NA,NA,A,NA,NA,NA,NA,20213431800
987,2021344,1240,2021,344,12,40,-23.55416666,-46.74009194,T,0.1715,0.11775,0.0268,0,20213441240
988,2021344,1415,2021,344,14,15,NA,NA,T,NA,NA,NA,NA,20213441415
989,2021344,1705,2021,344,17,5,NA,NA,A,NA,NA,NA,NA,20213441705
990,2021345,1320,2021,345,13,20,-23.55416666,-46.74009194,T,0.0225,0.0155,0.0768,0,20213451320
991,2021345,1610,2021,345,16,10,-23.55416666,-46.74009194,A,0.16725,0.115,0.0093,0,20213451610
992,2021345,1750,2021,345,17,50,NA,NA,A,NA,NA,NA,NA,20213451750
993,2021346,1225,2021,346,12,25,NA,NA,T,NA,NA,NA,NA,20213461225
994,2021346,1405,2021,346,14,5,NA,NA,T,NA,NA,NA,NA,20213461405
995,2021346,1655,2021,346,16,55,NA,NA,A,NA,NA,NA,NA,20213461655
996,2021346,1830,2021,346,18,30,NA,NA,A,NA,NA,NA,NA,20213461830
997,2021347,1310,2021,347,13,10,NA,NA,T,NA,NA,NA,NA,20213471310
998,2021347,1600,2021,347,16,0,NA,NA,A,NA,NA,NA,NA,20213471600
999,2021347,1735,2021,347,17,35,NA,NA,A,NA,NA,NA,NA,20213471735
1000,2021348,1350,2021,348,13,50,NA,NA,T,NA,NA,NA,NA,20213481350
1001,2021348,1640,2021,348,16,40,NA,NA,A,NA,NA,NA,NA,20213481640
1002,2021348,1820,2021,348,18,20,NA,NA,A,NA,NA,NA,NA,20213481820
1003,2021349,1255,2021,349,12,55,NA,NA,T,NA,NA,NA,NA,20213491255
1004,2021349,1435,2021,349,14,35,NA,NA,T,NA,NA,NA,NA,20213491435
1005,2021349,1725,2021,349,17,25,NA,NA,A,NA,NA,NA,NA,20213491725
1006,2021350,1340,2021,350,13,40,NA,NA,T,NA,NA,NA,NA,20213501340
1007,2021350,1630,2021,350,16,30,NA,NA,A,NA,NA,NA,NA,20213501630
1008,2021350,1805,2021,350,18,5,NA,NA,A,NA,NA,NA,NA,20213501805
1009,2021351,1245,2021,351,12,45,NA,NA,T,NA,NA,NA,NA,20213511245
1010,2021351,1425,2021,351,14,25,NA,NA,T,NA,NA,NA,NA,20213511425
1011,2021351,1710,2021,351,17,10,NA,NA,A,NA,NA,NA,NA,20213511710
1012,2021352,1330,2021,352,13,30,NA,NA,T,NA,NA,NA,NA,20213521330
1013,2021352,1615,2021,352,16,15,NA,NA,A,NA,NA,NA,NA,20213521615
1014,2021352,1755,2021,352,17,55,NA,NA,A,NA,NA,NA,NA,20213521755
1015,2021353,1230,2021,353,12,30,NA,NA,T,NA,NA,NA,NA,20213531230
1016,2021353,1410,2021,353,14,10,NA,NA,T,NA,NA,NA,NA,20213531410
1017,2021353,1700,2021,353,17,0,NA,NA,A,NA,NA,NA,NA,20213531700
1018,2021354,1315,2021,354,13,15,NA,NA,T,NA,NA,NA,NA,20213541315
1019,2021354,1605,2021,354,16,5,NA,NA,A,NA,NA,NA,NA,20213541605
1020,2021354,1745,2021,354,17,45,NA,NA,A,NA,NA,NA,NA,20213541745
1021,2021355,1220,2021,355,12,20,NA,NA,T,NA,NA,NA,NA,20213551220
1022,2021355,1400,2021,355,14,0,NA,NA,T,NA,NA,NA,NA,20213551400
1023,2021355,1650,2021,355,16,50,NA,NA,A,NA,NA,NA,NA,20213551650
1024,2021355,1825,2021,355,18,25,NA,NA,A,NA,NA,NA,NA,20213551825
1025,2021356,1305,2021,356,13,5,NA,NA,T,NA,NA,NA,NA,20213561305
1026,2021356,1440,2021,356,14,40,NA,NA,T,NA,NA,NA,NA,20213561440
1027,2021356,1550,2021,356,15,50,NA,NA,A,NA,NA,NA,NA,20213561550
1028,2021356,1730,2021,356,17,30,NA,NA,A,NA,NA,NA,NA,20213561730
1029,2021357,1345,2021,357,13,45,NA,NA,T,NA,NA,NA,NA,20213571345
1030,2021357,1635,2021,357,16,35,NA,NA,A,NA,NA,NA,NA,20213571635
1031,2021357,1815,2021,357,18,15,NA,NA,A,NA,NA,NA,NA,20213571815
1032,2021358,1250,2021,358,12,50,NA,NA,T,NA,NA,NA,NA,20213581250
1033,2021358,1430,2021,358,14,30,NA,NA,T,NA,NA,NA,NA,20213581430
1034,2021358,1720,2021,358,17,20,NA,NA,A,NA,NA,NA,NA,20213581720
1035,2021359,1335,2021,359,13,35,-23.55416666,-46.74009194,T,0.176,0.121,0.0484,0,20213591335
1036,2021359,1625,2021,359,16,25,NA,NA,A,NA,NA,NA,NA,20213591625
1037,2021359,1800,2021,359,18,0,NA,NA,A,NA,NA,NA,NA,20213591800
1038,2021360,1240,2021,360,12,40,-23.55416666,-46.74009194,T,0.0635,0.0435,0.0276,0,20213601240
1039,2021360,1415,2021,360,14,15,NA,NA,T,NA,NA,NA,NA,20213601415
1040,2021360,1705,2021,360,17,5,NA,NA,A,NA,NA,NA,NA,20213601705
1041,2021361,1320,2021,361,13,20,NA,NA,T,NA,NA,NA,NA,20213611320
1042,2021361,1610,2021,361,16,10,-23.55416666,-46.74009194,A,0.3235,0.226,0.0106,0,20213611610
1043,2021361,1750,2021,361,17,50,NA,NA,A,NA,NA,NA,NA,20213611750
1044,2021362,1225,2021,362,12,25,NA,NA,T,NA,NA,NA,NA,20213621225
1045,2021362,1405,2021,362,14,5,NA,NA,T,NA,NA,NA,NA,20213621405
1046,2021362,1655,2021,362,16,55,NA,NA,A,NA,NA,NA,NA,20213621655
1047,2021362,1830,2021,362,18,30,NA,NA,A,NA,NA,NA,NA,20213621830
1048,2021363,1310,2021,363,13,10,NA,NA,T,NA,NA,NA,NA,20213631310
1049,2021363,1600,2021,363,16,0,NA,NA,A,NA,NA,NA,NA,20213631600
1050,2021363,1735,2021,363,17,35,NA,NA,A,NA,NA,NA,NA,20213631735
1051,2021364,1350,2021,364,13,50,NA,NA,T,NA,NA,NA,NA,20213641350
1052,2021364,1640,2021,364,16,40,NA,NA,A,NA,NA,NA,NA,20213641640
1053,2021364,1820,2021,364,18,20,NA,NA,A,NA,NA,NA,NA,20213641820
1054,2021365,1255,2021,365,12,55,NA,NA,T,NA,NA,NA,NA,20213651255
1055,2021365,1435,2021,365,14,35,NA,NA,T,NA,NA,NA,NA,20213651435
1056,2021365,1725,2021,365,17,25,NA,NA,A,NA,NA,NA,NA,20213651725
1,2022001,1340,2022,1,13,40,NA,NA,T,NA,NA,NA,NA,20220011340
2,2022001,1630,2022,1,16,30,NA,NA,A,NA,NA,NA,NA,20220011630
3,2022001,1805,2022,1,18,5,NA,NA,A,NA,NA,NA,NA,20220011805
4,2022002,1245,2022,2,12,45,NA,NA,T,NA,NA,NA,NA,20220021245
5,2022002,1420,2022,2,14,20,NA,NA,T,NA,NA,NA,NA,20220021420
6,2022002,1715,2022,2,17,15,NA,NA,A,NA,NA,NA,NA,20220021715
7,2022003,1325,2022,3,13,25,NA,NA,T,NA,NA,NA,NA,20220031325
8,2022003,1615,2022,3,16,15,NA,NA,A,NA,NA,NA,NA,20220031615
9,2022003,1755,2022,3,17,55,NA,NA,A,NA,NA,NA,NA,20220031755
10,2022004,1230,2022,4,12,30,NA,NA,T,NA,NA,NA,NA,20220041230
11,2022004,1410,2022,4,14,10,NA,NA,T,NA,NA,NA,NA,20220041410
12,2022004,1700,2022,4,17,0,NA,NA,A,NA,NA,NA,NA,20220041700
13,2022005,1315,2022,5,13,15,NA,NA,T,NA,NA,NA,NA,20220051315
14,2022005,1605,2022,5,16,5,NA,NA,A,NA,NA,NA,NA,20220051605
15,2022005,1745,2022,5,17,45,NA,NA,A,NA,NA,NA,NA,20220051745
16,2022006,1220,2022,6,12,20,NA,NA,T,NA,NA,NA,NA,20220061220
17,2022006,1400,2022,6,14,0,NA,NA,T,NA,NA,NA,NA,20220061400
18,2022006,1650,2022,6,16,50,NA,NA,A,NA,NA,NA,NA,20220061650
19,2022006,1825,2022,6,18,25,NA,NA,A,NA,NA,NA,NA,20220061825
20,2022007,1305,2022,7,13,5,NA,NA,T,NA,NA,NA,NA,20220071305
21,2022007,1440,2022,7,14,40,NA,NA,T,NA,NA,NA,NA,20220071440
22,2022007,1555,2022,7,15,55,NA,NA,A,NA,NA,NA,NA,20220071555
23,2022007,1730,2022,7,17,30,NA,NA,A,NA,NA,NA,NA,20220071730
24,2022008,1345,2022,8,13,45,NA,NA,T,NA,NA,NA,NA,20220081345
25,2022008,1635,2022,8,16,35,NA,NA,A,NA,NA,NA,NA,20220081635
26,2022008,1815,2022,8,18,15,NA,NA,A,NA,NA,NA,NA,20220081815
27,2022009,1250,2022,9,12,50,NA,NA,T,NA,NA,NA,NA,20220091250
28,2022009,1430,2022,9,14,30,NA,NA,T,NA,NA,NA,NA,20220091430
29,2022009,1720,2022,9,17,20,NA,NA,A,NA,NA,NA,NA,20220091720
30,2022010,1335,2022,10,13,35,NA,NA,T,NA,NA,NA,NA,20220101335
31,2022010,1625,2022,10,16,25,NA,NA,A,NA,NA,NA,NA,20220101625
32,2022010,1800,2022,10,18,0,NA,NA,A,NA,NA,NA,NA,20220101800
33,2022011,1240,2022,11,12,40,NA,NA,T,NA,NA,NA,NA,20220111240
34,2022011,1415,2022,11,14,15,NA,NA,T,NA,NA,NA,NA,20220111415
35,2022011,1705,2022,11,17,5,NA,NA,A,NA,NA,NA,NA,20220111705
36,2022012,1320,2022,12,13,20,NA,NA,T,NA,NA,NA,NA,20220121320
37,2022012,1610,2022,12,16,10,NA,NA,A,NA,NA,NA,NA,20220121610
38,2022012,1750,2022,12,17,50,NA,NA,A,NA,NA,NA,NA,20220121750
39,2022013,1225,2022,13,12,25,NA,NA,T,NA,NA,NA,NA,20220131225
40,2022013,1405,2022,13,14,5,NA,NA,T,NA,NA,NA,NA,20220131405
41,2022013,1655,2022,13,16,55,NA,NA,A,NA,NA,NA,NA,20220131655
42,2022013,1830,2022,13,18,30,NA,NA,A,NA,NA,NA,NA,20220131830
43,2022014,1310,2022,14,13,10,NA,NA,T,NA,NA,NA,NA,20220141310
44,2022014,1600,2022,14,16,0,NA,NA,A,NA,NA,NA,NA,20220141600
45,2022014,1735,2022,14,17,35,NA,NA,A,NA,NA,NA,NA,20220141735
46,2022015,1350,2022,15,13,50,NA,NA,T,NA,NA,NA,NA,20220151350
47,2022015,1640,2022,15,16,40,NA,NA,A,NA,NA,NA,NA,20220151640
48,2022015,1820,2022,15,18,20,NA,NA,A,NA,NA,NA,NA,20220151820
49,2022016,1255,2022,16,12,55,NA,NA,T,NA,NA,NA,NA,20220161255
50,2022016,1435,2022,16,14,35,NA,NA,T,NA,NA,NA,NA,20220161435
51,2022016,1725,2022,16,17,25,NA,NA,A,NA,NA,NA,NA,20220161725
52,2022017,1340,2022,17,13,40,NA,NA,T,NA,NA,NA,NA,20220171340
53,2022017,1630,2022,17,16,30,NA,NA,A,NA,NA,NA,NA,20220171630
54,2022017,1805,2022,17,18,5,NA,NA,A,NA,NA,NA,NA,20220171805
55,2022018,1245,2022,18,12,45,-23.5625,-46.74305615,T,0.099,0.0675,0.0318,0,20220181245
56,2022018,1420,2022,18,14,20,NA,NA,T,NA,NA,NA,NA,20220181420
57,2022018,1715,2022,18,17,15,NA,NA,A,NA,NA,NA,NA,20220181715
58,2022019,1325,2022,19,13,25,NA,NA,T,NA,NA,NA,NA,20220191325
59,2022019,1615,2022,19,16,15,NA,NA,A,NA,NA,NA,NA,20220191615
60,2022019,1755,2022,19,17,55,NA,NA,A,NA,NA,NA,NA,20220191755
61,2022020,1230,2022,20,12,30,-23.55416666,-46.74009194,T,0.05175,0.03525,0.015,0,20220201230
62,2022020,1410,2022,20,14,10,NA,NA,T,NA,NA,NA,NA,20220201410
63,2022020,1700,2022,20,17,0,NA,NA,A,NA,NA,NA,NA,20220201700
64,2022021,1315,2022,21,13,15,NA,NA,T,NA,NA,NA,NA,20220211315
65,2022021,1605,2022,21,16,5,NA,NA,A,NA,NA,NA,NA,20220211605
66,2022021,1745,2022,21,17,45,NA,NA,A,NA,NA,NA,NA,20220211745
67,2022022,1220,2022,22,12,20,NA,NA,T,NA,NA,NA,NA,20220221220
68,2022022,1355,2022,22,13,55,-23.55416666,-46.74009194,T,0.18225,0.12525,0.01,0,20220221355
69,2022022,1650,2022,22,16,50,NA,NA,A,NA,NA,NA,NA,20220221650
70,2022022,1825,2022,22,18,25,NA,NA,A,NA,NA,NA,NA,20220221825
71,2022023,1300,2022,23,13,0,NA,NA,T,NA,NA,NA,NA,20220231300
72,2022023,1440,2022,23,14,40,NA,NA,T,NA,NA,NA,NA,20220231440
73,2022023,1555,2022,23,15,55,NA,NA,A,NA,NA,NA,NA,20220231555
74,2022023,1730,2022,23,17,30,NA,NA,A,NA,NA,NA,NA,20220231730
75,2022024,1345,2022,24,13,45,NA,NA,T,NA,NA,NA,NA,20220241345
76,2022024,1635,2022,24,16,35,NA,NA,A,NA,NA,NA,NA,20220241635
77,2022024,1815,2022,24,18,15,NA,NA,A,NA,NA,NA,NA,20220241815
78,2022025,1250,2022,25,12,50,NA,NA,T,NA,NA,NA,NA,20220251250
79,2022025,1430,2022,25,14,30,NA,NA,T,NA,NA,NA,NA,20220251430
80,2022025,1720,2022,25,17,20,NA,NA,A,NA,NA,NA,NA,20220251720
81,2022026,1335,2022,26,13,35,-23.55416666,-46.74009194,T,0.4295,0.30275,0.0286,0,20220261335
82,2022026,1625,2022,26,16,25,NA,NA,A,NA,NA,NA,NA,20220261625
83,2022026,1800,2022,26,18,0,NA,NA,A,NA,NA,NA,NA,20220261800
84,2022027,1240,2022,27,12,40,NA,NA,T,NA,NA,NA,NA,20220271240
85,2022027,1415,2022,27,14,15,NA,NA,T,NA,NA,NA,NA,20220271415
86,2022027,1705,2022,27,17,5,NA,NA,A,NA,NA,NA,NA,20220271705
87,2022028,1320,2022,28,13,20,NA,NA,T,NA,NA,NA,NA,20220281320
88,2022028,1610,2022,28,16,10,NA,NA,A,NA,NA,NA,NA,20220281610
89,2022028,1750,2022,28,17,50,NA,NA,A,NA,NA,NA,NA,20220281750
90,2022029,1225,2022,29,12,25,NA,NA,T,NA,NA,NA,NA,20220291225
91,2022029,1405,2022,29,14,5,NA,NA,T,NA,NA,NA,NA,20220291405
92,2022029,1655,2022,29,16,55,NA,NA,A,NA,NA,NA,NA,20220291655
93,2022029,1830,2022,29,18,30,NA,NA,A,NA,NA,NA,NA,20220291830
94,2022030,1310,2022,30,13,10,NA,NA,T,NA,NA,NA,NA,20220301310
95,2022030,1600,2022,30,16,0,NA,NA,A,NA,NA,NA,NA,20220301600
96,2022030,1735,2022,30,17,35,NA,NA,A,NA,NA,NA,NA,20220301735
97,2022031,1350,2022,31,13,50,NA,NA,T,NA,NA,NA,NA,20220311350
98,2022031,1640,2022,31,16,40,NA,NA,A,NA,NA,NA,NA,20220311640
99,2022031,1820,2022,31,18,20,NA,NA,A,NA,NA,NA,NA,20220311820
100,2022032,1255,2022,32,12,55,NA,NA,T,NA,NA,NA,NA,20220321255
101,2022032,1435,2022,32,14,35,NA,NA,T,NA,NA,NA,NA,20220321435
102,2022032,1725,2022,32,17,25,NA,NA,A,NA,NA,NA,NA,20220321725
103,2022033,1340,2022,33,13,40,NA,NA,T,NA,NA,NA,NA,20220331340
104,2022033,1630,2022,33,16,30,NA,NA,A,NA,NA,NA,NA,20220331630
105,2022033,1805,2022,33,18,5,NA,NA,A,NA,NA,NA,NA,20220331805
106,2022034,1245,2022,34,12,45,NA,NA,T,NA,NA,NA,NA,20220341245
107,2022034,1420,2022,34,14,20,NA,NA,T,NA,NA,NA,NA,20220341420
108,2022034,1710,2022,34,17,10,NA,NA,A,NA,NA,NA,NA,20220341710
109,2022035,1325,2022,35,13,25,NA,NA,T,NA,NA,NA,NA,20220351325
110,2022035,1615,2022,35,16,15,NA,NA,A,NA,NA,NA,NA,20220351615
111,2022035,1755,2022,35,17,55,NA,NA,A,NA,NA,NA,NA,20220351755
112,2022036,1230,2022,36,12,30,NA,NA,T,NA,NA,NA,NA,20220361230
113,2022036,1410,2022,36,14,10,NA,NA,T,NA,NA,NA,NA,20220361410
114,2022036,1700,2022,36,17,0,NA,NA,A,NA,NA,NA,NA,20220361700
115,2022037,1315,2022,37,13,15,NA,NA,T,NA,NA,NA,NA,20220371315
116,2022037,1605,2022,37,16,5,NA,NA,A,NA,NA,NA,NA,20220371605
117,2022037,1745,2022,37,17,45,NA,NA,A,NA,NA,NA,NA,20220371745
118,2022038,1220,2022,38,12,20,NA,NA,T,NA,NA,NA,NA,20220381220
119,2022038,1355,2022,38,13,55,NA,NA,T,NA,NA,NA,NA,20220381355
120,2022038,1650,2022,38,16,50,NA,NA,A,NA,NA,NA,NA,20220381650
121,2022038,1825,2022,38,18,25,NA,NA,A,NA,NA,NA,NA,20220381825
122,2022039,1300,2022,39,13,0,NA,NA,T,NA,NA,NA,NA,20220391300
123,2022039,1440,2022,39,14,40,NA,NA,T,NA,NA,NA,NA,20220391440
124,2022039,1550,2022,39,15,50,NA,NA,A,NA,NA,NA,NA,20220391550
125,2022039,1730,2022,39,17,30,NA,NA,A,NA,NA,NA,NA,20220391730
126,2022040,1345,2022,40,13,45,NA,NA,T,NA,NA,NA,NA,20220401345
127,2022040,1815,2022,40,18,15,NA,NA,A,NA,NA,NA,NA,20220401815
128,2022041,1250,2022,41,12,50,-23.5625,-46.74305615,T,0.1315,0.0905,0.0329,0,20220411250
129,2022041,1430,2022,41,14,30,NA,NA,T,NA,NA,NA,NA,20220411430
130,2022041,1720,2022,41,17,20,NA,NA,A,NA,NA,NA,NA,20220411720
131,2022042,1330,2022,42,13,30,NA,NA,T,NA,NA,NA,NA,20220421330
132,2022042,1625,2022,42,16,25,NA,NA,A,NA,NA,NA,NA,20220421625
133,2022042,1800,2022,42,18,0,NA,NA,A,NA,NA,NA,NA,20220421800
134,2022043,1235,2022,43,12,35,NA,NA,T,NA,NA,NA,NA,20220431235
135,2022043,1415,2022,43,14,15,NA,NA,T,NA,NA,NA,NA,20220431415
136,2022043,1705,2022,43,17,5,NA,NA,A,NA,NA,NA,NA,20220431705
137,2022044,1320,2022,44,13,20,NA,NA,T,NA,NA,NA,NA,20220441320
138,2022044,1610,2022,44,16,10,NA,NA,A,NA,NA,NA,NA,20220441610
139,2022044,1750,2022,44,17,50,NA,NA,A,NA,NA,NA,NA,20220441750
140,2022045,1225,2022,45,12,25,NA,NA,T,NA,NA,NA,NA,20220451225
141,2022045,1405,2022,45,14,5,NA,NA,T,NA,NA,NA,NA,20220451405
142,2022045,1655,2022,45,16,55,NA,NA,A,NA,NA,NA,NA,20220451655
143,2022045,1830,2022,45,18,30,NA,NA,A,NA,NA,NA,NA,20220451830
144,2022046,1310,2022,46,13,10,NA,NA,T,NA,NA,NA,NA,20220461310
145,2022046,1600,2022,46,16,0,NA,NA,A,NA,NA,NA,NA,20220461600
146,2022046,1735,2022,46,17,35,NA,NA,A,NA,NA,NA,NA,20220461735
147,2022047,1350,2022,47,13,50,NA,NA,T,NA,NA,NA,NA,20220471350
148,2022047,1640,2022,47,16,40,NA,NA,A,NA,NA,NA,NA,20220471640
149,2022047,1820,2022,47,18,20,NA,NA,A,NA,NA,NA,NA,20220471820
150,2022048,1255,2022,48,12,55,NA,NA,T,NA,NA,NA,NA,20220481255
151,2022048,1435,2022,48,14,35,NA,NA,T,NA,NA,NA,NA,20220481435
152,2022048,1725,2022,48,17,25,NA,NA,A,NA,NA,NA,NA,20220481725
153,2022049,1340,2022,49,13,40,NA,NA,T,NA,NA,NA,NA,20220491340
154,2022049,1630,2022,49,16,30,NA,NA,A,NA,NA,NA,NA,20220491630
155,2022049,1805,2022,49,18,5,NA,NA,A,NA,NA,NA,NA,20220491805
156,2022050,1245,2022,50,12,45,NA,NA,T,NA,NA,NA,NA,20220501245
157,2022050,1420,2022,50,14,20,NA,NA,T,NA,NA,NA,NA,20220501420
158,2022050,1710,2022,50,17,10,NA,NA,A,NA,NA,NA,NA,20220501710
159,2022051,1325,2022,51,13,25,NA,NA,T,NA,NA,NA,NA,20220511325
160,2022051,1615,2022,51,16,15,NA,NA,A,NA,NA,NA,NA,20220511615
161,2022051,1755,2022,51,17,55,NA,NA,A,NA,NA,NA,NA,20220511755
162,2022052,1230,2022,52,12,30,-23.55416666,-46.74009194,T,0.05825,0.03975,0.018,0,20220521230
163,2022052,1410,2022,52,14,10,NA,NA,T,NA,NA,NA,NA,20220521410
164,2022052,1700,2022,52,17,0,NA,NA,A,NA,NA,NA,NA,20220521700
165,2022053,1315,2022,53,13,15,-23.55416666,-46.74009194,T,0.108,0.07425,0.0566,0,20220531315
166,2022053,1605,2022,53,16,5,NA,NA,A,NA,NA,NA,NA,20220531605
167,2022053,1745,2022,53,17,45,NA,NA,A,NA,NA,NA,NA,20220531745
168,2022054,1220,2022,54,12,20,NA,NA,T,NA,NA,NA,NA,20220541220
169,2022054,1355,2022,54,13,55,NA,NA,T,NA,NA,NA,NA,20220541355
170,2022054,1645,2022,54,16,45,NA,NA,A,NA,NA,NA,NA,20220541645
171,2022054,1825,2022,54,18,25,NA,NA,A,NA,NA,NA,NA,20220541825
172,2022055,1300,2022,55,13,0,-23.55416666,-46.74009194,T,0.29625,0.20625,0.0505,0,20220551300
173,2022055,1440,2022,55,14,40,NA,NA,T,NA,NA,NA,NA,20220551440
174,2022055,1550,2022,55,15,50,NA,NA,A,NA,NA,NA,NA,20220551550
175,2022055,1730,2022,55,17,30,NA,NA,A,NA,NA,NA,NA,20220551730
176,2022056,1345,2022,56,13,45,-23.55416666,-46.74009194,T,0.2255,0.1565,0.0144,0,20220561345
177,2022056,1635,2022,56,16,35,NA,NA,A,NA,NA,NA,NA,20220561635
178,2022056,1810,2022,56,18,10,NA,NA,A,NA,NA,NA,NA,20220561810
179,2022057,1250,2022,57,12,50,-23.55416666,-46.74009194,T,0.1755,0.12075,0.0299,0,20220571250
180,2022057,1425,2022,57,14,25,NA,NA,T,NA,NA,NA,NA,20220571425
181,2022057,1720,2022,57,17,20,-23.55416666,-46.74009194,A,0.226,0.15625,0.0436,0,20220571720
182,2022058,1330,2022,58,13,30,-23.55416666,-46.74009194,T,0.409,0.287,0.0277,0,20220581330
183,2022058,1625,2022,58,16,25,NA,NA,A,NA,NA,NA,NA,20220581625
184,2022058,1800,2022,58,18,0,NA,NA,A,NA,NA,NA,NA,20220581800
185,2022059,1235,2022,59,12,35,-23.55416666,-46.74009194,T,0.19325,0.133,0.0201,0,20220591235
186,2022059,1415,2022,59,14,15,NA,NA,T,NA,NA,NA,NA,20220591415
187,2022059,1705,2022,59,17,5,NA,NA,A,NA,NA,NA,NA,20220591705
188,2022060,1320,2022,60,13,20,NA,NA,T,NA,NA,NA,NA,20220601320
189,2022060,1610,2022,60,16,10,NA,NA,A,NA,NA,NA,NA,20220601610
190,2022060,1750,2022,60,17,50,NA,NA,A,NA,NA,NA,NA,20220601750
191,2022061,1225,2022,61,12,25,NA,NA,T,NA,NA,NA,NA,20220611225
192,2022061,1400,2022,61,14,0,NA,NA,T,NA,NA,NA,NA,20220611400
193,2022061,1655,2022,61,16,55,NA,NA,A,NA,NA,NA,NA,20220611655
194,2022061,1830,2022,61,18,30,NA,NA,A,NA,NA,NA,NA,20220611830
195,2022062,1310,2022,62,13,10,-23.55416666,-46.74009194,T,0.06175,0.04225,0.0665,0,20220621310
196,2022062,1600,2022,62,16,0,NA,NA,A,NA,NA,NA,NA,20220621600
197,2022062,1735,2022,62,17,35,NA,NA,A,NA,NA,NA,NA,20220621735
198,2022063,1350,2022,63,13,50,NA,NA,T,NA,NA,NA,NA,20220631350
199,2022063,1640,2022,63,16,40,NA,NA,A,NA,NA,NA,NA,20220631640
200,2022063,1820,2022,63,18,20,NA,NA,A,NA,NA,NA,NA,20220631820
201,2022064,1255,2022,64,12,55,-23.55416666,-46.74009194,T,0.03775,0.0255,0.049,0,20220641255
202,2022064,1435,2022,64,14,35,NA,NA,T,NA,NA,NA,NA,20220641435
203,2022064,1725,2022,64,17,25,NA,NA,A,NA,NA,NA,NA,20220641725
204,2022065,1340,2022,65,13,40,-23.55416666,-46.74009194,T,0.12925,0.089,0.0215,0,20220651340
205,2022065,1630,2022,65,16,30,NA,NA,A,NA,NA,NA,NA,20220651630
206,2022065,1805,2022,65,18,5,NA,NA,A,NA,NA,NA,NA,20220651805
207,2022066,1245,2022,66,12,45,-23.55416666,-46.74009194,T,0.088,0.06,0.0252,0,20220661245
208,2022066,1420,2022,66,14,20,NA,NA,T,NA,NA,NA,NA,20220661420
209,2022066,1710,2022,66,17,10,NA,NA,A,NA,NA,NA,NA,20220661710
210,2022067,1325,2022,67,13,25,NA,NA,T,NA,NA,NA,NA,20220671325
211,2022067,1615,2022,67,16,15,NA,NA,A,NA,NA,NA,NA,20220671615
212,2022067,1755,2022,67,17,55,NA,NA,A,NA,NA,NA,NA,20220671755
213,2022068,1230,2022,68,12,30,NA,NA,T,NA,NA,NA,NA,20220681230
214,2022068,1410,2022,68,14,10,NA,NA,T,NA,NA,NA,NA,20220681410
215,2022068,1700,2022,68,17,0,NA,NA,A,NA,NA,NA,NA,20220681700
216,2022068,1835,2022,68,18,35,NA,NA,A,NA,NA,NA,NA,20220681835
217,2022069,1315,2022,69,13,15,NA,NA,T,NA,NA,NA,NA,20220691315
218,2022069,1605,2022,69,16,5,NA,NA,A,NA,NA,NA,NA,20220691605
219,2022069,1740,2022,69,17,40,NA,NA,A,NA,NA,NA,NA,20220691740
220,2022070,1220,2022,70,12,20,NA,NA,T,NA,NA,NA,NA,20220701220
221,2022070,1355,2022,70,13,55,NA,NA,T,NA,NA,NA,NA,20220701355
222,2022070,1645,2022,70,16,45,NA,NA,A,NA,NA,NA,NA,20220701645
223,2022070,1825,2022,70,18,25,NA,NA,A,NA,NA,NA,NA,20220701825
224,2022071,1300,2022,71,13,0,NA,NA,T,NA,NA,NA,NA,20220711300
225,2022071,1440,2022,71,14,40,NA,NA,T,NA,NA,NA,NA,20220711440
226,2022071,1730,2022,71,17,30,NA,NA,A,NA,NA,NA,NA,20220711730
227,2022072,1345,2022,72,13,45,NA,NA,T,NA,NA,NA,NA,20220721345
228,2022072,1635,2022,72,16,35,NA,NA,A,NA,NA,NA,NA,20220721635
229,2022072,1810,2022,72,18,10,NA,NA,A,NA,NA,NA,NA,20220721810
230,2022073,1250,2022,73,12,50,NA,NA,T,NA,NA,NA,NA,20220731250
231,2022073,1425,2022,73,14,25,NA,NA,T,NA,NA,NA,NA,20220731425
232,2022073,1715,2022,73,17,15,NA,NA,A,NA,NA,NA,NA,20220731715
233,2022074,1330,2022,74,13,30,NA,NA,T,NA,NA,NA,NA,20220741330
234,2022074,1620,2022,74,16,20,NA,NA,A,NA,NA,NA,NA,20220741620
235,2022074,1800,2022,74,18,0,NA,NA,A,NA,NA,NA,NA,20220741800
236,2022075,1235,2022,75,12,35,NA,NA,T,NA,NA,NA,NA,20220751235
237,2022075,1415,2022,75,14,15,NA,NA,T,NA,NA,NA,NA,20220751415
238,2022075,1705,2022,75,17,5,NA,NA,A,NA,NA,NA,NA,20220751705
239,2022076,1320,2022,76,13,20,NA,NA,T,NA,NA,NA,NA,20220761320
240,2022076,1610,2022,76,16,10,NA,NA,A,NA,NA,NA,NA,20220761610
241,2022076,1750,2022,76,17,50,NA,NA,A,NA,NA,NA,NA,20220761750
242,2022077,1225,2022,77,12,25,NA,NA,T,NA,NA,NA,NA,20220771225
243,2022077,1400,2022,77,14,0,NA,NA,T,NA,NA,NA,NA,20220771400
244,2022077,1650,2022,77,16,50,NA,NA,A,NA,NA,NA,NA,20220771650
245,2022077,1830,2022,77,18,30,NA,NA,A,NA,NA,NA,NA,20220771830
246,2022078,1305,2022,78,13,5,NA,NA,T,NA,NA,NA,NA,20220781305
247,2022078,1555,2022,78,15,55,NA,NA,A,NA,NA,NA,NA,20220781555
248,2022078,1735,2022,78,17,35,NA,NA,A,NA,NA,NA,NA,20220781735
249,2022079,1350,2022,79,13,50,NA,NA,T,NA,NA,NA,NA,20220791350
250,2022079,1640,2022,79,16,40,NA,NA,A,NA,NA,NA,NA,20220791640
251,2022079,1815,2022,79,18,15,NA,NA,A,NA,NA,NA,NA,20220791815
252,2022080,1255,2022,80,12,55,NA,NA,T,NA,NA,NA,NA,20220801255
253,2022080,1435,2022,80,14,35,NA,NA,T,NA,NA,NA,NA,20220801435
254,2022080,1725,2022,80,17,25,NA,NA,A,NA,NA,NA,NA,20220801725
255,2022081,1335,2022,81,13,35,-23.55416666,-46.74009194,T,0.1135,0.078,0.0166,0,20220811335
256,2022081,1630,2022,81,16,30,-23.55416666,-46.74009194,A,0.1635,0.1125,0.0144,0,20220811630
257,2022081,1805,2022,81,18,5,NA,NA,A,NA,NA,NA,NA,20220811805
258,2022082,1240,2022,82,12,40,-23.55416666,-46.74009194,T,0.0685,0.0465,0.0181,0,20220821240
259,2022082,1420,2022,82,14,20,NA,NA,T,NA,NA,NA,NA,20220821420
260,2022083,1325,2022,83,13,25,-23.55416666,-46.74009194,T,0.128,0.088,0.0282,0,20220831325
261,2022083,1615,2022,83,16,15,NA,NA,A,NA,NA,NA,NA,20220831615
262,2022083,1755,2022,83,17,55,NA,NA,A,NA,NA,NA,NA,20220831755
263,2022084,1230,2022,84,12,30,NA,NA,T,NA,NA,NA,NA,20220841230
264,2022084,1410,2022,84,14,10,NA,NA,T,NA,NA,NA,NA,20220841410
265,2022084,1700,2022,84,17,0,NA,NA,A,NA,NA,NA,NA,20220841700
266,2022084,1835,2022,84,18,35,NA,NA,A,NA,NA,NA,NA,20220841835
267,2022085,1315,2022,85,13,15,NA,NA,T,NA,NA,NA,NA,20220851315
268,2022085,1605,2022,85,16,5,NA,NA,A,NA,NA,NA,NA,20220851605
269,2022085,1740,2022,85,17,40,NA,NA,A,NA,NA,NA,NA,20220851740
270,2022086,1215,2022,86,12,15,NA,NA,T,NA,NA,NA,NA,20220861215
271,2022086,1355,2022,86,13,55,NA,NA,T,NA,NA,NA,NA,20220861355
272,2022086,1645,2022,86,16,45,NA,NA,A,NA,NA,NA,NA,20220861645
273,2022086,1820,2022,86,18,20,NA,NA,A,NA,NA,NA,NA,20220861820
274,2022087,1300,2022,87,13,0,NA,NA,T,NA,NA,NA,NA,20220871300
275,2022087,1440,2022,87,14,40,NA,NA,T,NA,NA,NA,NA,20220871440
276,2022087,1730,2022,87,17,30,NA,NA,A,NA,NA,NA,NA,20220871730
277,2022088,1345,2022,88,13,45,NA,NA,T,NA,NA,NA,NA,20220881345
278,2022088,1635,2022,88,16,35,NA,NA,A,NA,NA,NA,NA,20220881635
279,2022088,1810,2022,88,18,10,NA,NA,A,NA,NA,NA,NA,20220881810
280,2022089,1250,2022,89,12,50,-23.55416666,-46.74009194,T,0.0395,0.02725,0.0266,0,20220891250
281,2022089,1425,2022,89,14,25,NA,NA,T,NA,NA,NA,NA,20220891425
282,2022089,1715,2022,89,17,15,NA,NA,A,NA,NA,NA,NA,20220891715
283,2022090,1330,2022,90,13,30,NA,NA,T,NA,NA,NA,NA,20220901330
284,2022091,1235,2022,91,12,35,NA,NA,T,NA,NA,NA,NA,20220911235
285,2022091,1415,2022,91,14,15,NA,NA,T,NA,NA,NA,NA,20220911415
286,2022092,1320,2022,92,13,20,NA,NA,T,NA,NA,NA,NA,20220921320
287,2022093,1225,2022,93,12,25,NA,NA,T,NA,NA,NA,NA,20220931225
288,2022093,1400,2022,93,14,0,NA,NA,T,NA,NA,NA,NA,20220931400
289,2022094,1305,2022,94,13,5,-23.55416666,-46.74009194,T,0.027,0.0185,0.044,0,20220941305
290,2022095,1350,2022,95,13,50,NA,NA,T,NA,NA,NA,NA,20220951350
291,2022096,1255,2022,96,12,55,NA,NA,T,NA,NA,NA,NA,20220961255
292,2022096,1430,2022,96,14,30,NA,NA,T,NA,NA,NA,NA,20220961430
293,2022097,1335,2022,97,13,35,NA,NA,T,NA,NA,NA,NA,20220971335
294,2022098,1240,2022,98,12,40,NA,NA,T,NA,NA,NA,NA,20220981240
295,2022098,1420,2022,98,14,20,NA,NA,T,NA,NA,NA,NA,20220981420
296,2022099,1325,2022,99,13,25,-23.55416666,-46.74009194,T,0.202,0.13975,0.0269,0,20220991325
297,2022100,1230,2022,100,12,30,NA,NA,T,NA,NA,NA,NA,20221001230
298,2022100,1410,2022,100,14,10,NA,NA,T,NA,NA,NA,NA,20221001410
299,2022101,1315,2022,101,13,15,NA,NA,T,NA,NA,NA,NA,20221011315
300,2022102,1215,2022,102,12,15,NA,NA,T,NA,NA,NA,NA,20221021215
301,2022102,1355,2022,102,13,55,NA,NA,T,NA,NA,NA,NA,20221021355
302,2022103,1300,2022,103,13,0,NA,NA,T,NA,NA,NA,NA,20221031300
303,2022103,1440,2022,103,14,40,NA,NA,T,NA,NA,NA,NA,20221031440
304,2022104,1345,2022,104,13,45,NA,NA,T,NA,NA,NA,NA,20221041345
305,2022105,1250,2022,105,12,50,NA,NA,T,NA,NA,NA,NA,20221051250
306,2022105,1425,2022,105,14,25,NA,NA,T,NA,NA,NA,NA,20221051425
307,2022106,1330,2022,106,13,30,NA,NA,T,NA,NA,NA,NA,20221061330
308,2022107,1235,2022,107,12,35,NA,NA,T,NA,NA,NA,NA,20221071235
309,2022107,1415,2022,107,14,15,NA,NA,T,NA,NA,NA,NA,20221071415
310,2022107,1700,2022,107,17,0,NA,NA,A,NA,NA,NA,NA,20221071700
311,2022108,1320,2022,108,13,20,NA,NA,T,NA,NA,NA,NA,20221081320
312,2022108,1605,2022,108,16,5,NA,NA,A,NA,NA,NA,NA,20221081605
313,2022108,1745,2022,108,17,45,NA,NA,A,NA,NA,NA,NA,20221081745
314,2022109,1225,2022,109,12,25,NA,NA,T,NA,NA,NA,NA,20221091225
315,2022109,1400,2022,109,14,0,NA,NA,T,NA,NA,NA,NA,20221091400
316,2022109,1650,2022,109,16,50,NA,NA,A,NA,NA,NA,NA,20221091650
317,2022109,1825,2022,109,18,25,NA,NA,A,NA,NA,NA,NA,20221091825
318,2022110,1305,2022,110,13,5,NA,NA,T,NA,NA,NA,NA,20221101305
319,2022110,1555,2022,110,15,55,NA,NA,A,NA,NA,NA,NA,20221101555
320,2022110,1735,2022,110,17,35,NA,NA,A,NA,NA,NA,NA,20221101735
321,2022111,1350,2022,111,13,50,-23.55416666,-46.74009194,T,0.24475,0.1695,0.0087,0,20221111350
322,2022111,1635,2022,111,16,35,NA,NA,A,NA,NA,NA,NA,20221111635
323,2022111,1815,2022,111,18,15,NA,NA,A,NA,NA,NA,NA,20221111815
324,2022112,1255,2022,112,12,55,NA,NA,T,NA,NA,NA,NA,20221121255
325,2022112,1430,2022,112,14,30,NA,NA,T,NA,NA,NA,NA,20221121430
326,2022112,1720,2022,112,17,20,NA,NA,A,NA,NA,NA,NA,20221121720
327,2022113,1335,2022,113,13,35,NA,NA,T,NA,NA,NA,NA,20221131335
328,2022113,1625,2022,113,16,25,-23.55416666,-46.74009194,A,0.1155,0.0795,0.0097,0,20221131625
329,2022113,1805,2022,113,18,5,NA,NA,A,NA,NA,NA,NA,20221131805
330,2022114,1240,2022,114,12,40,NA,NA,T,NA,NA,NA,NA,20221141240
331,2022114,1420,2022,114,14,20,NA,NA,T,NA,NA,NA,NA,20221141420
332,2022114,1710,2022,114,17,10,NA,NA,A,NA,NA,NA,NA,20221141710
333,2022115,1325,2022,115,13,25,-23.55416666,-46.74009194,T,0.1825,0.12575,0.0305,0,20221151325
334,2022115,1610,2022,115,16,10,NA,NA,A,NA,NA,NA,NA,20221151610
335,2022115,1750,2022,115,17,50,NA,NA,A,NA,NA,NA,NA,20221151750
336,2022116,1230,2022,116,12,30,-23.55416666,-46.74009194,T,0.1475,0.10175,0.0125,0,20221161230
337,2022116,1405,2022,116,14,5,NA,NA,T,NA,NA,NA,NA,20221161405
338,2022116,1655,2022,116,16,55,NA,NA,A,NA,NA,NA,NA,20221161655
339,2022116,1830,2022,116,18,30,NA,NA,A,NA,NA,NA,NA,20221161830
340,2022117,1310,2022,117,13,10,-23.55416666,-46.74009194,T,0.0835,0.05675,0.0442,0,20221171310
341,2022117,1600,2022,117,16,0,NA,NA,A,NA,NA,NA,NA,20221171600
342,2022117,1740,2022,117,17,40,-23.55416666,-46.74009194,A,0.09275,0.06325,0.0145,0,20221171740
343,2022118,1215,2022,118,12,15,NA,NA,T,NA,NA,NA,NA,20221181215
344,2022118,1355,2022,118,13,55,-23.55416666,-46.74009194,T,0.0985,0.06725,0.007,0,20221181355
345,2022118,1645,2022,118,16,45,-23.55416666,-46.74009194,A,0.1555,0.1075,0.0198,0,20221181645
346,2022118,1820,2022,118,18,20,NA,NA,A,NA,NA,NA,NA,20221181820
347,2022119,1300,2022,119,13,0,NA,NA,T,NA,NA,NA,NA,20221191300
348,2022119,1440,2022,119,14,40,NA,NA,T,NA,NA,NA,NA,20221191440
349,2022119,1725,2022,119,17,25,NA,NA,A,NA,NA,NA,NA,20221191725
350,2022120,1345,2022,120,13,45,NA,NA,T,NA,NA,NA,NA,20221201345
351,2022120,1630,2022,120,16,30,NA,NA,A,NA,NA,NA,NA,20221201630
352,2022120,1810,2022,120,18,10,NA,NA,A,NA,NA,NA,NA,20221201810
353,2022121,1250,2022,121,12,50,-23.55416666,-46.74009194,T,0.07175,0.049,0.0188,0,20221211250
354,2022121,1425,2022,121,14,25,NA,NA,T,NA,NA,NA,NA,20221211425
355,2022122,1330,2022,122,13,30,-23.55416666,-46.74009194,T,0.1685,0.116,0.0177,0,20221221330
356,2022122,1620,2022,122,16,20,NA,NA,A,NA,NA,NA,NA,20221221620
357,2022122,1755,2022,122,17,55,NA,NA,A,NA,NA,NA,NA,20221221755
358,2022123,1235,2022,123,12,35,-23.55416666,-46.74009194,T,0.1135,0.07775,0.013,0,20221231235
359,2022123,1415,2022,123,14,15,NA,NA,T,NA,NA,NA,NA,20221231415
360,2022123,1700,2022,123,17,0,NA,NA,A,NA,NA,NA,NA,20221231700
361,2022124,1320,2022,124,13,20,NA,NA,T,NA,NA,NA,NA,20221241320
362,2022124,1605,2022,124,16,5,NA,NA,A,NA,NA,NA,NA,20221241605
363,2022124,1745,2022,124,17,45,NA,NA,A,NA,NA,NA,NA,20221241745
364,2022125,1225,2022,125,12,25,NA,NA,T,NA,NA,NA,NA,20221251225
365,2022125,1400,2022,125,14,0,NA,NA,T,NA,NA,NA,NA,20221251400
366,2022125,1650,2022,125,16,50,NA,NA,A,NA,NA,NA,NA,20221251650
367,2022126,1305,2022,126,13,5,NA,NA,T,NA,NA,NA,NA,20221261305
368,2022126,1730,2022,126,17,30,NA,NA,A,NA,NA,NA,NA,20221261730
369,2022127,1350,2022,127,13,50,NA,NA,T,NA,NA,NA,NA,20221271350
370,2022127,1635,2022,127,16,35,NA,NA,A,NA,NA,NA,NA,20221271635
371,2022127,1815,2022,127,18,15,NA,NA,A,NA,NA,NA,NA,20221271815
372,2022128,1255,2022,128,12,55,NA,NA,T,NA,NA,NA,NA,20221281255
373,2022128,1430,2022,128,14,30,NA,NA,T,NA,NA,NA,NA,20221281430
374,2022128,1720,2022,128,17,20,NA,NA,A,NA,NA,NA,NA,20221281720
375,2022129,1335,2022,129,13,35,NA,NA,T,NA,NA,NA,NA,20221291335
376,2022129,1625,2022,129,16,25,NA,NA,A,NA,NA,NA,NA,20221291625
377,2022129,1800,2022,129,18,0,NA,NA,A,NA,NA,NA,NA,20221291800
378,2022130,1240,2022,130,12,40,NA,NA,T,NA,NA,NA,NA,20221301240
379,2022130,1420,2022,130,14,20,NA,NA,T,NA,NA,NA,NA,20221301420
380,2022130,1705,2022,130,17,5,NA,NA,A,NA,NA,NA,NA,20221301705
381,2022131,1325,2022,131,13,25,NA,NA,T,NA,NA,NA,NA,20221311325
382,2022131,1610,2022,131,16,10,NA,NA,A,NA,NA,NA,NA,20221311610
383,2022131,1750,2022,131,17,50,NA,NA,A,NA,NA,NA,NA,20221311750
384,2022132,1230,2022,132,12,30,NA,NA,T,NA,NA,NA,NA,20221321230
385,2022132,1405,2022,132,14,5,NA,NA,T,NA,NA,NA,NA,20221321405
386,2022132,1655,2022,132,16,55,NA,NA,A,NA,NA,NA,NA,20221321655
387,2022132,1830,2022,132,18,30,NA,NA,A,NA,NA,NA,NA,20221321830
388,2022133,1310,2022,133,13,10,NA,NA,T,NA,NA,NA,NA,20221331310
389,2022133,1600,2022,133,16,0,NA,NA,A,NA,NA,NA,NA,20221331600
390,2022133,1735,2022,133,17,35,NA,NA,A,NA,NA,NA,NA,20221331735
391,2022134,1215,2022,134,12,15,NA,NA,T,NA,NA,NA,NA,20221341215
392,2022134,1355,2022,134,13,55,NA,NA,T,NA,NA,NA,NA,20221341355
393,2022134,1640,2022,134,16,40,NA,NA,A,NA,NA,NA,NA,20221341640
394,2022134,1815,2022,134,18,15,NA,NA,A,NA,NA,NA,NA,20221341815
395,2022135,1300,2022,135,13,0,NA,NA,T,NA,NA,NA,NA,20221351300
396,2022135,1435,2022,135,14,35,NA,NA,T,NA,NA,NA,NA,20221351435
397,2022135,1725,2022,135,17,25,NA,NA,A,NA,NA,NA,NA,20221351725
398,2022136,1340,2022,136,13,40,NA,NA,T,NA,NA,NA,NA,20221361340
399,2022136,1630,2022,136,16,30,NA,NA,A,NA,NA,NA,NA,20221361630
400,2022137,1245,2022,137,12,45,NA,NA,T,NA,NA,NA,NA,20221371245
401,2022137,1425,2022,137,14,25,NA,NA,T,NA,NA,NA,NA,20221371425
402,2022137,1710,2022,137,17,10,-23.55416666,-46.74009194,A,0.0665,0.0455,0.0287,0,20221371710
403,2022138,1330,2022,138,13,30,NA,NA,T,NA,NA,NA,NA,20221381330
404,2022138,1615,2022,138,16,15,NA,NA,A,NA,NA,NA,NA,20221381615
405,2022138,1755,2022,138,17,55,NA,NA,A,NA,NA,NA,NA,20221381755
406,2022139,1235,2022,139,12,35,NA,NA,T,NA,NA,NA,NA,20221391235
407,2022139,1415,2022,139,14,15,NA,NA,T,NA,NA,NA,NA,20221391415
408,2022139,1700,2022,139,17,0,NA,NA,A,NA,NA,NA,NA,20221391700
409,2022139,1835,2022,139,18,35,NA,NA,A,NA,NA,NA,NA,20221391835
410,2022140,1320,2022,140,13,20,-23.55416666,-46.74009194,T,0.1555,0.107,0.032,0,20221401320
411,2022140,1605,2022,140,16,5,NA,NA,A,NA,NA,NA,NA,20221401605
412,2022140,1740,2022,140,17,40,NA,NA,A,NA,NA,NA,NA,20221401740
413,2022141,1220,2022,141,12,20,NA,NA,T,NA,NA,NA,NA,20221411220
414,2022141,1400,2022,141,14,0,NA,NA,T,NA,NA,NA,NA,20221411400
415,2022141,1645,2022,141,16,45,NA,NA,A,NA,NA,NA,NA,20221411645
416,2022141,1820,2022,141,18,20,NA,NA,A,NA,NA,NA,NA,20221411820
417,2022142,1305,2022,142,13,5,-23.55416666,-46.74009194,T,0.086,0.059,0.0322,0,20221421305
418,2022142,1730,2022,142,17,30,-23.55416666,-46.74009194,A,0.17775,0.122,0.0151,0,20221421730
419,2022143,1350,2022,143,13,50,NA,NA,T,NA,NA,NA,NA,20221431350
420,2022143,1635,2022,143,16,35,NA,NA,A,NA,NA,NA,NA,20221431635
421,2022143,1810,2022,143,18,10,NA,NA,A,NA,NA,NA,NA,20221431810
422,2022144,1255,2022,144,12,55,-23.55416666,-46.74009194,T,0.0875,0.05975,0.0229,0,20221441255
423,2022144,1430,2022,144,14,30,NA,NA,T,NA,NA,NA,NA,20221441430
424,2022144,1715,2022,144,17,15,-23.55416666,-46.74009194,A,0.19,0.1305,0.0235,0,20221441715
425,2022145,1335,2022,145,13,35,-23.55416666,-46.74009194,T,0.13625,0.0935,0.0144,0,20221451335
426,2022145,1620,2022,145,16,20,-23.55416666,-46.74009194,A,0.1165,0.08,0.0073,0,20221451620
427,2022145,1800,2022,145,18,0,NA,NA,A,NA,NA,NA,NA,20221451800
428,2022146,1240,2022,146,12,40,-23.55416666,-46.74009194,T,0.05925,0.0405,0.0136,0,20221461240
429,2022146,1420,2022,146,14,20,NA,NA,T,NA,NA,NA,NA,20221461420
430,2022146,1705,2022,146,17,5,NA,NA,A,NA,NA,NA,NA,20221461705
431,2022147,1325,2022,147,13,25,-23.55416666,-46.74009194,T,0.124,0.0855,0.0195,0,20221471325
432,2022147,1610,2022,147,16,10,NA,NA,A,NA,NA,NA,NA,20221471610
433,2022147,1745,2022,147,17,45,NA,NA,A,NA,NA,NA,NA,20221471745
434,2022148,1230,2022,148,12,30,NA,NA,T,NA,NA,NA,NA,20221481230
435,2022148,1405,2022,148,14,5,NA,NA,T,NA,NA,NA,NA,20221481405
436,2022148,1650,2022,148,16,50,-23.55416666,-46.74009194,A,0.09625,0.066,0.0226,0,20221481650
437,2022148,1825,2022,148,18,25,NA,NA,A,NA,NA,NA,NA,20221481825
438,2022149,1310,2022,149,13,10,-23.55416666,-46.74009194,T,0.03575,0.02475,0.026,0,20221491310
439,2022149,1555,2022,149,15,55,NA,NA,A,NA,NA,NA,NA,20221491555
440,2022149,1735,2022,149,17,35,-23.55416666,-46.74009194,A,0.10175,0.06975,0.0096,0,20221491735
441,2022150,1215,2022,150,12,15,NA,NA,T,NA,NA,NA,NA,20221501215
442,2022150,1355,2022,150,13,55,NA,NA,T,NA,NA,NA,NA,20221501355
443,2022150,1640,2022,150,16,40,NA,NA,A,NA,NA,NA,NA,20221501640
444,2022150,1815,2022,150,18,15,NA,NA,A,NA,NA,NA,NA,20221501815
445,2022151,1300,2022,151,13,0,NA,NA,T,NA,NA,NA,NA,20221511300
446,2022151,1435,2022,151,14,35,NA,NA,T,NA,NA,NA,NA,20221511435
447,2022151,1720,2022,151,17,20,NA,NA,A,NA,NA,NA,NA,20221511720
448,2022152,1340,2022,152,13,40,NA,NA,T,NA,NA,NA,NA,20221521340
449,2022152,1625,2022,152,16,25,NA,NA,A,NA,NA,NA,NA,20221521625
450,2022152,1805,2022,152,18,5,NA,NA,A,NA,NA,NA,NA,20221521805
451,2022153,1245,2022,153,12,45,NA,NA,T,NA,NA,NA,NA,20221531245
452,2022153,1425,2022,153,14,25,NA,NA,T,NA,NA,NA,NA,20221531425
453,2022153,1710,2022,153,17,10,NA,NA,A,NA,NA,NA,NA,20221531710
454,2022154,1330,2022,154,13,30,NA,NA,T,NA,NA,NA,NA,20221541330
455,2022154,1615,2022,154,16,15,NA,NA,A,NA,NA,NA,NA,20221541615
456,2022154,1750,2022,154,17,50,NA,NA,A,NA,NA,NA,NA,20221541750
457,2022155,1235,2022,155,12,35,NA,NA,T,NA,NA,NA,NA,20221551235
458,2022155,1410,2022,155,14,10,NA,NA,T,NA,NA,NA,NA,20221551410
459,2022155,1655,2022,155,16,55,NA,NA,A,NA,NA,NA,NA,20221551655
460,2022155,1830,2022,155,18,30,NA,NA,A,NA,NA,NA,NA,20221551830
461,2022156,1315,2022,156,13,15,-23.55416666,-46.74009194,T,0.02425,0.0165,0.0301,0,20221561315
462,2022156,1600,2022,156,16,0,NA,NA,A,NA,NA,NA,NA,20221561600
463,2022156,1740,2022,156,17,40,-23.55416666,-46.74009194,A,0.1665,0.11425,0.0095,0,20221561740
464,2022157,1220,2022,157,12,20,NA,NA,T,NA,NA,NA,NA,20221571220
465,2022157,1400,2022,157,14,0,NA,NA,T,NA,NA,NA,NA,20221571400
466,2022157,1645,2022,157,16,45,NA,NA,A,NA,NA,NA,NA,20221571645
467,2022157,1820,2022,157,18,20,NA,NA,A,NA,NA,NA,NA,20221571820
468,2022158,1305,2022,158,13,5,NA,NA,T,NA,NA,NA,NA,20221581305
469,2022158,1725,2022,158,17,25,NA,NA,A,NA,NA,NA,NA,20221581725
470,2022159,1345,2022,159,13,45,NA,NA,T,NA,NA,NA,NA,20221591345
471,2022159,1630,2022,159,16,30,NA,NA,A,NA,NA,NA,NA,20221591630
472,2022159,1810,2022,159,18,10,NA,NA,A,NA,NA,NA,NA,20221591810
473,2022160,1250,2022,160,12,50,NA,NA,T,NA,NA,NA,NA,20221601250
474,2022160,1430,2022,160,14,30,NA,NA,T,NA,NA,NA,NA,20221601430
475,2022160,1715,2022,160,17,15,NA,NA,A,NA,NA,NA,NA,20221601715
476,2022161,1335,2022,161,13,35,NA,NA,T,NA,NA,NA,NA,20221611335
477,2022161,1620,2022,161,16,20,NA,NA,A,NA,NA,NA,NA,20221611620
478,2022161,1755,2022,161,17,55,NA,NA,A,NA,NA,NA,NA,20221611755
479,2022162,1240,2022,162,12,40,NA,NA,T,NA,NA,NA,NA,20221621240
480,2022162,1420,2022,162,14,20,NA,NA,T,NA,NA,NA,NA,20221621420
481,2022162,1700,2022,162,17,0,NA,NA,A,NA,NA,NA,NA,20221621700
482,2022162,1835,2022,162,18,35,NA,NA,A,NA,NA,NA,NA,20221621835
483,2022163,1325,2022,163,13,25,NA,NA,T,NA,NA,NA,NA,20221631325
484,2022163,1605,2022,163,16,5,NA,NA,A,NA,NA,NA,NA,20221631605
485,2022163,1745,2022,163,17,45,NA,NA,A,NA,NA,NA,NA,20221631745
486,2022164,1225,2022,164,12,25,NA,NA,T,NA,NA,NA,NA,20221641225
487,2022164,1405,2022,164,14,5,NA,NA,T,NA,NA,NA,NA,20221641405
488,2022164,1650,2022,164,16,50,-23.55416666,-46.74009194,A,0.037,0.02525,0.0225,0,20221641650
489,2022164,1825,2022,164,18,25,NA,NA,A,NA,NA,NA,NA,20221641825
490,2022165,1310,2022,165,13,10,NA,NA,T,NA,NA,NA,NA,20221651310
491,2022165,1730,2022,165,17,30,NA,NA,A,NA,NA,NA,NA,20221651730
492,2022166,1215,2022,166,12,15,NA,NA,T,NA,NA,NA,NA,20221661215
493,2022166,1355,2022,166,13,55,NA,NA,T,NA,NA,NA,NA,20221661355
494,2022166,1635,2022,166,16,35,NA,NA,A,NA,NA,NA,NA,20221661635
495,2022166,1815,2022,166,18,15,NA,NA,A,NA,NA,NA,NA,20221661815
496,2022167,1300,2022,167,13,0,-23.55416666,-46.74009194,T,0.035,0.02375,0.0237,0,20221671300
497,2022167,1435,2022,167,14,35,NA,NA,T,NA,NA,NA,NA,20221671435
498,2022167,1720,2022,167,17,20,-23.55416666,-46.74009194,A,0.06575,0.045,0.0195,0,20221671720
499,2022168,1340,2022,168,13,40,-23.55416666,-46.74009194,T,0.05375,0.0365,0.009,0,20221681340
500,2022168,1625,2022,168,16,25,-23.55416666,-46.74009194,A,0.0555,0.038,0.0069,0,20221681625
501,2022168,1800,2022,168,18,0,NA,NA,A,NA,NA,NA,NA,20221681800
502,2022169,1245,2022,169,12,45,NA,NA,T,NA,NA,NA,NA,20221691245
503,2022169,1425,2022,169,14,25,NA,NA,T,NA,NA,NA,NA,20221691425
504,2022169,1705,2022,169,17,5,NA,NA,A,NA,NA,NA,NA,20221691705
505,2022170,1330,2022,170,13,30,NA,NA,T,NA,NA,NA,NA,20221701330
506,2022170,1610,2022,170,16,10,NA,NA,A,NA,NA,NA,NA,20221701610
507,2022170,1750,2022,170,17,50,NA,NA,A,NA,NA,NA,NA,20221701750
508,2022171,1235,2022,171,12,35,NA,NA,T,NA,NA,NA,NA,20221711235
509,2022171,1410,2022,171,14,10,NA,NA,T,NA,NA,NA,NA,20221711410
510,2022171,1655,2022,171,16,55,NA,NA,A,NA,NA,NA,NA,20221711655
511,2022171,1830,2022,171,18,30,NA,NA,A,NA,NA,NA,NA,20221711830
512,2022172,1315,2022,172,13,15,-23.55416666,-46.74009194,T,0.053,0.0365,0.0274,0,20221721315
513,2022172,1555,2022,172,15,55,NA,NA,A,NA,NA,NA,NA,20221721555
514,2022172,1735,2022,172,17,35,NA,NA,A,NA,NA,NA,NA,20221721735
515,2022173,1220,2022,173,12,20,NA,NA,T,NA,NA,NA,NA,20221731220
516,2022173,1400,2022,173,14,0,NA,NA,T,NA,NA,NA,NA,20221731400
517,2022173,1640,2022,173,16,40,-23.55416666,-46.73100119,A,0.0825,0.0565,0.015,0,20221731640
518,2022173,1815,2022,173,18,15,NA,NA,A,NA,NA,NA,NA,20221731815
519,2022174,1305,2022,174,13,5,-23.55416666,-46.74009194,T,0.0235,0.01625,0.0284,0,20221741305
520,2022174,1725,2022,174,17,25,-23.55416666,-46.74009194,A,0.0545,0.03725,0.0174,0,20221741725
521,2022175,1345,2022,175,13,45,NA,NA,T,NA,NA,NA,NA,20221751345
522,2022175,1625,2022,175,16,25,NA,NA,A,NA,NA,NA,NA,20221751625
523,2022175,1805,2022,175,18,5,NA,NA,A,NA,NA,NA,NA,20221751805
524,2022176,1250,2022,176,12,50,NA,NA,T,NA,NA,NA,NA,20221761250
525,2022176,1430,2022,176,14,30,NA,NA,T,NA,NA,NA,NA,20221761430
526,2022176,1710,2022,176,17,10,NA,NA,A,NA,NA,NA,NA,20221761710
527,2022177,1335,2022,177,13,35,NA,NA,T,NA,NA,NA,NA,20221771335
528,2022177,1615,2022,177,16,15,NA,NA,A,NA,NA,NA,NA,20221771615
529,2022177,1755,2022,177,17,55,NA,NA,A,NA,NA,NA,NA,20221771755
530,2022178,1240,2022,178,12,40,NA,NA,T,NA,NA,NA,NA,20221781240
531,2022178,1415,2022,178,14,15,NA,NA,T,NA,NA,NA,NA,20221781415
532,2022178,1655,2022,178,16,55,NA,NA,A,NA,NA,NA,NA,20221781655
533,2022178,1835,2022,178,18,35,NA,NA,A,NA,NA,NA,NA,20221781835
534,2022179,1320,2022,179,13,20,-23.55416666,-46.74009194,T,0.16525,0.1135,0.0189,0,20221791320
535,2022179,1600,2022,179,16,0,NA,NA,A,NA,NA,NA,NA,20221791600
536,2022179,1740,2022,179,17,40,-23.55416666,-46.74009194,A,0.16225,0.11175,0.0118,0,20221791740
537,2022180,1225,2022,180,12,25,-23.55416666,-46.74009194,T,0.0935,0.06375,0.0117,0,20221801225
538,2022180,1405,2022,180,14,5,NA,NA,T,NA,NA,NA,NA,20221801405
539,2022180,1645,2022,180,16,45,NA,NA,A,NA,NA,NA,NA,20221801645
540,2022180,1820,2022,180,18,20,NA,NA,A,NA,NA,NA,NA,20221801820
541,2022181,1310,2022,181,13,10,-23.55416666,-46.74009194,T,0.029,0.01975,0.0311,0,20221811310
542,2022181,1730,2022,181,17,30,-23.55416666,-46.74009194,A,0.1155,0.07925,0.018,0,20221811730
543,2022182,1215,2022,182,12,15,NA,NA,T,NA,NA,NA,NA,20221821215
544,2022182,1355,2022,182,13,55,-23.55416666,-46.74009194,T,0.21875,0.1515,0.0055,0,20221821355
545,2022182,1630,2022,182,16,30,-23.55416666,-46.74009194,A,0.21,0.1455,0.0123,0,20221821630
546,2022182,1810,2022,182,18,10,NA,NA,A,NA,NA,NA,NA,20221821810
547,2022183,1300,2022,183,13,0,-23.55416666,-46.74009194,T,0.037,0.02525,0.0278,0,20221831300
548,2022183,1435,2022,183,14,35,NA,NA,T,NA,NA,NA,NA,20221831435
549,2022183,1715,2022,183,17,15,-23.55416666,-46.74009194,A,0.09225,0.06325,0.0208,0,20221831715
550,2022184,1340,2022,184,13,40,-23.55416666,-46.74009194,T,0.10325,0.071,0.0089,0,20221841340
551,2022184,1620,2022,184,16,20,-23.55416666,-46.74009194,A,0.12425,0.08525,0.0068,0,20221841620
552,2022184,1755,2022,184,17,55,NA,NA,A,NA,NA,NA,NA,20221841755
553,2022185,1245,2022,185,12,45,-23.55416666,-46.74009194,T,0.06875,0.047,0.0152,0,20221851245
554,2022185,1425,2022,185,14,25,NA,NA,T,NA,NA,NA,NA,20221851425
555,2022185,1700,2022,185,17,0,-23.55416666,-46.74009194,A,0.088,0.06025,0.029,0,20221851700
556,2022186,1330,2022,186,13,30,-23.55416666,-46.74009194,T,0.05425,0.03725,0.0174,0,20221861330
557,2022186,1605,2022,186,16,5,NA,NA,A,NA,NA,NA,NA,20221861605
558,2022186,1745,2022,186,17,45,-23.55416666,-46.74009194,A,0.02975,0.02025,0.0077,0,20221861745
559,2022187,1235,2022,187,12,35,NA,NA,T,NA,NA,NA,NA,20221871235
560,2022187,1410,2022,187,14,10,NA,NA,T,NA,NA,NA,NA,20221871410
561,2022187,1650,2022,187,16,50,NA,NA,A,NA,NA,NA,NA,20221871650
562,2022187,1825,2022,187,18,25,NA,NA,A,NA,NA,NA,NA,20221871825
563,2022188,1315,2022,188,13,15,NA,NA,T,NA,NA,NA,NA,20221881315
564,2022188,1555,2022,188,15,55,NA,NA,A,NA,NA,NA,NA,20221881555
565,2022188,1730,2022,188,17,30,-23.55416666,-46.74009194,A,0.071,0.04875,0.0145,0,20221881730
566,2022189,1220,2022,189,12,20,NA,NA,T,NA,NA,NA,NA,20221891220
567,2022189,1400,2022,189,14,0,NA,NA,T,NA,NA,NA,NA,20221891400
568,2022189,1635,2022,189,16,35,NA,NA,A,NA,NA,NA,NA,20221891635
569,2022189,1815,2022,189,18,15,NA,NA,A,NA,NA,NA,NA,20221891815
570,2022190,1305,2022,190,13,5,-23.55416666,-46.74009194,T,0.065,0.0445,0.0276,0,20221901305
571,2022190,1720,2022,190,17,20,-23.55416666,-46.74009194,A,0.11725,0.08025,0.0224,0,20221901720
572,2022191,1345,2022,191,13,45,NA,NA,T,NA,NA,NA,NA,20221911345
573,2022191,1625,2022,191,16,25,NA,NA,A,NA,NA,NA,NA,20221911625
574,2022191,1800,2022,191,18,0,NA,NA,A,NA,NA,NA,NA,20221911800
575,2022192,1250,2022,192,12,50,-23.55416666,-46.74009194,T,0.024,0.0165,0.023,0,20221921250
576,2022192,1430,2022,192,14,30,NA,NA,T,NA,NA,NA,NA,20221921430
577,2022192,1705,2022,192,17,5,NA,NA,A,NA,NA,NA,NA,20221921705
578,2022193,1335,2022,193,13,35,NA,NA,T,NA,NA,NA,NA,20221931335
579,2022193,1610,2022,193,16,10,NA,NA,A,NA,NA,NA,NA,20221931610
580,2022193,1750,2022,193,17,50,NA,NA,A,NA,NA,NA,NA,20221931750
581,2022194,1240,2022,194,12,40,NA,NA,T,NA,NA,NA,NA,20221941240
582,2022194,1415,2022,194,14,15,NA,NA,T,NA,NA,NA,NA,20221941415
583,2022194,1655,2022,194,16,55,NA,NA,A,NA,NA,NA,NA,20221941655
584,2022194,1830,2022,194,18,30,NA,NA,A,NA,NA,NA,NA,20221941830
585,2022195,1320,2022,195,13,20,-23.55416666,-46.74009194,T,0.1125,0.0775,0.0218,0,20221951320
586,2022195,1600,2022,195,16,0,NA,NA,A,NA,NA,NA,NA,20221951600
587,2022195,1735,2022,195,17,35,NA,NA,A,NA,NA,NA,NA,20221951735
588,2022196,1225,2022,196,12,25,NA,NA,T,NA,NA,NA,NA,20221961225
589,2022196,1405,2022,196,14,5,NA,NA,T,NA,NA,NA,NA,20221961405
590,2022196,1640,2022,196,16,40,-23.55416666,-46.74009194,A,0.08,0.05475,0.0187,0,20221961640
591,2022196,1820,2022,196,18,20,NA,NA,A,NA,NA,NA,NA,20221961820
592,2022197,1310,2022,197,13,10,NA,NA,T,NA,NA,NA,NA,20221971310
593,2022197,1725,2022,197,17,25,NA,NA,A,NA,NA,NA,NA,20221971725
594,2022198,1215,2022,198,12,15,NA,NA,T,NA,NA,NA,NA,20221981215
595,2022198,1350,2022,198,13,50,NA,NA,T,NA,NA,NA,NA,20221981350
596,2022198,1630,2022,198,16,30,NA,NA,A,NA,NA,NA,NA,20221981630
597,2022198,1805,2022,198,18,5,NA,NA,A,NA,NA,NA,NA,20221981805
598,2022199,1255,2022,199,12,55,NA,NA,T,NA,NA,NA,NA,20221991255
599,2022199,1435,2022,199,14,35,NA,NA,T,NA,NA,NA,NA,20221991435
600,2022199,1710,2022,199,17,10,NA,NA,A,NA,NA,NA,NA,20221991710
601,2022200,1340,2022,200,13,40,NA,NA,T,NA,NA,NA,NA,20222001340
602,2022200,1615,2022,200,16,15,NA,NA,A,NA,NA,NA,NA,20222001615
603,2022200,1755,2022,200,17,55,NA,NA,A,NA,NA,NA,NA,20222001755
604,2022201,1245,2022,201,12,45,NA,NA,T,NA,NA,NA,NA,20222011245
605,2022201,1425,2022,201,14,25,NA,NA,T,NA,NA,NA,NA,20222011425
606,2022201,1700,2022,201,17,0,NA,NA,A,NA,NA,NA,NA,20222011700
607,2022201,1835,2022,201,18,35,NA,NA,A,NA,NA,NA,NA,20222011835
608,2022202,1325,2022,202,13,25,-23.55416666,-46.74009194,T,0.079,0.05375,0.0219,0,20222021325
609,2022202,1605,2022,202,16,5,NA,NA,A,NA,NA,NA,NA,20222021605
610,2022202,1740,2022,202,17,40,-23.55416666,-46.74009194,A,0.087,0.05925,0.0129,0,20222021740
611,2022203,1230,2022,203,12,30,-23.55416666,-46.74009194,T,0.08525,0.05825,0.0136,0,20222031230
612,2022203,1410,2022,203,14,10,NA,NA,T,NA,NA,NA,NA,20222031410
613,2022203,1645,2022,203,16,45,-23.55416666,-46.74009194,A,0.0515,0.035,0.0218,0,20222031645
614,2022203,1825,2022,203,18,25,NA,NA,A,NA,NA,NA,NA,20222031825
615,2022204,1315,2022,204,13,15,-23.55416666,-46.74009194,T,0.055,0.03775,0.0276,0,20222041315
616,2022204,1730,2022,204,17,30,-23.55416666,-46.74009194,A,0.05575,0.038,0.0141,0,20222041730
617,2022205,1220,2022,205,12,20,NA,NA,T,NA,NA,NA,NA,20222051220
618,2022205,1400,2022,205,14,0,NA,NA,T,NA,NA,NA,NA,20222051400
619,2022205,1635,2022,205,16,35,NA,NA,A,NA,NA,NA,NA,20222051635
620,2022205,1810,2022,205,18,10,NA,NA,A,NA,NA,NA,NA,20222051810
621,2022206,1305,2022,206,13,5,-23.55416666,-46.74009194,T,0.047,0.032,0.028,0,20222061305
622,2022206,1715,2022,206,17,15,NA,NA,A,NA,NA,NA,NA,20222061715
623,2022207,1345,2022,207,13,45,-23.55416666,-46.74009194,T,0.23425,0.16225,0.0107,0,20222071345
624,2022207,1620,2022,207,16,20,-23.55416666,-46.74009194,A,0.34775,0.243,0.01,0,20222071620
625,2022207,1800,2022,207,18,0,NA,NA,A,NA,NA,NA,NA,20222071800
626,2022208,1250,2022,208,12,50,-23.55416666,-46.74009194,T,0.23325,0.16175,0.0227,0,20222081250
627,2022208,1430,2022,208,14,30,NA,NA,T,NA,NA,NA,NA,20222081430
628,2022208,1705,2022,208,17,5,NA,NA,A,NA,NA,NA,NA,20222081705
629,2022209,1335,2022,209,13,35,NA,NA,T,NA,NA,NA,NA,20222091335
630,2022209,1610,2022,209,16,10,NA,NA,A,NA,NA,NA,NA,20222091610
631,2022209,1745,2022,209,17,45,-23.55416666,-46.74009194,A,0.12075,0.083,0.0116,0,20222091745
632,2022210,1240,2022,210,12,40,NA,NA,T,NA,NA,NA,NA,20222101240
633,2022210,1415,2022,210,14,15,NA,NA,T,NA,NA,NA,NA,20222101415
634,2022210,1650,2022,210,16,50,NA,NA,A,NA,NA,NA,NA,20222101650
635,2022210,1825,2022,210,18,25,NA,NA,A,NA,NA,NA,NA,20222101825
636,2022211,1320,2022,211,13,20,NA,NA,T,NA,NA,NA,NA,20222111320
637,2022211,1555,2022,211,15,55,NA,NA,A,NA,NA,NA,NA,20222111555
638,2022211,1735,2022,211,17,35,-23.55416666,-46.74009194,A,0.055,0.03775,0.0165,0,20222111735
639,2022212,1225,2022,212,12,25,-23.55416666,-46.74009194,T,0.1995,0.13775,0.0128,0,20222121225
640,2022212,1405,2022,212,14,5,NA,NA,T,NA,NA,NA,NA,20222121405
641,2022212,1640,2022,212,16,40,-23.55416666,-46.74009194,A,0.07625,0.052,0.0182,0,20222121640
642,2022212,1815,2022,212,18,15,NA,NA,A,NA,NA,NA,NA,20222121815
643,2022213,1310,2022,213,13,10,-23.55416666,-46.74009194,T,0.0385,0.02625,0.0335,0,20222131310
644,2022213,1720,2022,213,17,20,NA,NA,A,NA,NA,NA,NA,20222131720
645,2022214,1215,2022,214,12,15,NA,NA,T,NA,NA,NA,NA,20222141215
646,2022214,1350,2022,214,13,50,-23.55416666,-46.74009194,T,0.14425,0.099,0.0076,0,20222141350
647,2022214,1625,2022,214,16,25,-23.55416666,-46.74009194,A,0.202,0.13925,0.0112,0,20222141625
648,2022214,1805,2022,214,18,5,NA,NA,A,NA,NA,NA,NA,20222141805
649,2022215,1255,2022,215,12,55,-23.55416666,-46.74009194,T,0.066,0.045,0.03,0,20222151255
650,2022215,1435,2022,215,14,35,NA,NA,T,NA,NA,NA,NA,20222151435
651,2022215,1710,2022,215,17,10,-23.55416666,-46.74009194,A,0.1395,0.096,0.0362,0,20222151710
652,2022216,1340,2022,216,13,40,NA,NA,T,NA,NA,NA,NA,20222161340
653,2022216,1610,2022,216,16,10,NA,NA,A,NA,NA,NA,NA,20222161610
654,2022216,1750,2022,216,17,50,NA,NA,A,NA,NA,NA,NA,20222161750
655,2022217,1245,2022,217,12,45,NA,NA,T,NA,NA,NA,NA,20222171245
656,2022217,1420,2022,217,14,20,NA,NA,T,NA,NA,NA,NA,20222171420
657,2022217,1655,2022,217,16,55,NA,NA,A,NA,NA,NA,NA,20222171655
658,2022217,1830,2022,217,18,30,NA,NA,A,NA,NA,NA,NA,20222171830
659,2022218,1325,2022,218,13,25,NA,NA,T,NA,NA,NA,NA,20222181325
660,2022218,1600,2022,218,16,0,NA,NA,A,NA,NA,NA,NA,20222181600
661,2022218,1740,2022,218,17,40,NA,NA,A,NA,NA,NA,NA,20222181740
662,2022219,1230,2022,219,12,30,NA,NA,T,NA,NA,NA,NA,20222191230
663,2022219,1410,2022,219,14,10,NA,NA,T,NA,NA,NA,NA,20222191410
664,2022219,1645,2022,219,16,45,NA,NA,A,NA,NA,NA,NA,20222191645
665,2022219,1820,2022,219,18,20,NA,NA,A,NA,NA,NA,NA,20222191820
666,2022220,1315,2022,220,13,15,NA,NA,T,NA,NA,NA,NA,20222201315
667,2022220,1725,2022,220,17,25,NA,NA,A,NA,NA,NA,NA,20222201725
668,2022221,1220,2022,221,12,20,NA,NA,T,NA,NA,NA,NA,20222211220
669,2022221,1355,2022,221,13,55,NA,NA,T,NA,NA,NA,NA,20222211355
670,2022221,1810,2022,221,18,10,NA,NA,A,NA,NA,NA,NA,20222211810
671,2022222,1300,2022,222,13,0,NA,NA,T,NA,NA,NA,NA,20222221300
672,2022222,1710,2022,222,17,10,NA,NA,A,NA,NA,NA,NA,20222221710
673,2022223,1345,2022,223,13,45,NA,NA,T,NA,NA,NA,NA,20222231345
674,2022223,1615,2022,223,16,15,NA,NA,A,NA,NA,NA,NA,20222231615
675,2022223,1755,2022,223,17,55,NA,NA,A,NA,NA,NA,NA,20222231755
676,2022224,1250,2022,224,12,50,NA,NA,T,NA,NA,NA,NA,20222241250
677,2022224,1430,2022,224,14,30,NA,NA,T,NA,NA,NA,NA,20222241430
678,2022224,1700,2022,224,17,0,NA,NA,A,NA,NA,NA,NA,20222241700
679,2022224,1835,2022,224,18,35,NA,NA,A,NA,NA,NA,NA,20222241835
680,2022225,1335,2022,225,13,35,-23.55416666,-46.74009194,T,0.039,0.0265,0.0174,0,20222251335
681,2022225,1605,2022,225,16,5,NA,NA,A,NA,NA,NA,NA,20222251605
682,2022225,1740,2022,225,17,40,-23.55416666,-46.74009194,A,0.039,0.02675,0.0169,0,20222251740
683,2022226,1240,2022,226,12,40,-23.55416666,-46.74009194,T,0.06525,0.0445,0.0209,0,20222261240
684,2022226,1415,2022,226,14,15,NA,NA,T,NA,NA,NA,NA,20222261415
685,2022226,1645,2022,226,16,45,-23.55416666,-46.74009194,A,0.044,0.03,0.033,0,20222261645
686,2022226,1825,2022,226,18,25,NA,NA,A,NA,NA,NA,NA,20222261825
687,2022227,1320,2022,227,13,20,-23.55416666,-46.74009194,T,0.02375,0.016,0.0329,0,20222271320
688,2022227,1730,2022,227,17,30,-23.55416666,-46.74009194,A,0.056,0.03825,0.023,0,20222271730
689,2022228,1225,2022,228,12,25,NA,NA,T,NA,NA,NA,NA,20222281225
690,2022228,1405,2022,228,14,5,NA,NA,T,NA,NA,NA,NA,20222281405
691,2022228,1635,2022,228,16,35,NA,NA,A,NA,NA,NA,NA,20222281635
692,2022228,1810,2022,228,18,10,NA,NA,A,NA,NA,NA,NA,20222281810
693,2022229,1310,2022,229,13,10,NA,NA,T,NA,NA,NA,NA,20222291310
694,2022229,1715,2022,229,17,15,NA,NA,A,NA,NA,NA,NA,20222291715
695,2022230,1215,2022,230,12,15,NA,NA,T,NA,NA,NA,NA,20222301215
696,2022230,1350,2022,230,13,50,NA,NA,T,NA,NA,NA,NA,20222301350
697,2022230,1620,2022,230,16,20,NA,NA,A,NA,NA,NA,NA,20222301620
698,2022230,1800,2022,230,18,0,NA,NA,A,NA,NA,NA,NA,20222301800
699,2022231,1255,2022,231,12,55,NA,NA,T,NA,NA,NA,NA,20222311255
700,2022231,1435,2022,231,14,35,NA,NA,T,NA,NA,NA,NA,20222311435
701,2022231,1705,2022,231,17,5,NA,NA,A,NA,NA,NA,NA,20222311705
702,2022232,1340,2022,232,13,40,NA,NA,T,NA,NA,NA,NA,20222321340
703,2022232,1610,2022,232,16,10,NA,NA,A,NA,NA,NA,NA,20222321610
704,2022232,1745,2022,232,17,45,NA,NA,A,NA,NA,NA,NA,20222321745
705,2022233,1245,2022,233,12,45,NA,NA,T,NA,NA,NA,NA,20222331245
706,2022233,1420,2022,233,14,20,NA,NA,T,NA,NA,NA,NA,20222331420
707,2022233,1650,2022,233,16,50,NA,NA,A,NA,NA,NA,NA,20222331650
708,2022233,1830,2022,233,18,30,NA,NA,A,NA,NA,NA,NA,20222331830
709,2022234,1325,2022,234,13,25,NA,NA,T,NA,NA,NA,NA,20222341325
710,2022234,1555,2022,234,15,55,NA,NA,A,NA,NA,NA,NA,20222341555
711,2022234,1735,2022,234,17,35,-23.55416666,-46.74009194,A,0.16625,0.114,0.0208,0,20222341735
712,2022235,1230,2022,235,12,30,NA,NA,T,NA,NA,NA,NA,20222351230
713,2022235,1410,2022,235,14,10,NA,NA,T,NA,NA,NA,NA,20222351410
714,2022235,1640,2022,235,16,40,NA,NA,A,NA,NA,NA,NA,20222351640
715,2022235,1815,2022,235,18,15,NA,NA,A,NA,NA,NA,NA,20222351815
716,2022236,1315,2022,236,13,15,-23.55416666,-46.74009194,T,0.1945,0.1335,0.0465,0,20222361315
717,2022236,1720,2022,236,17,20,NA,NA,A,NA,NA,NA,NA,20222361720
718,2022237,1220,2022,237,12,20,NA,NA,T,NA,NA,NA,NA,20222371220
719,2022237,1355,2022,237,13,55,NA,NA,T,NA,NA,NA,NA,20222371355
720,2022237,1625,2022,237,16,25,NA,NA,A,NA,NA,NA,NA,20222371625
721,2022237,1805,2022,237,18,5,NA,NA,A,NA,NA,NA,NA,20222371805
722,2022238,1300,2022,238,13,0,NA,NA,T,NA,NA,NA,NA,20222381300
723,2022238,1710,2022,238,17,10,NA,NA,A,NA,NA,NA,NA,20222381710
724,2022239,1345,2022,239,13,45,-23.55416666,-46.74009194,T,0.10375,0.07125,0.0104,0,20222391345
725,2022239,1615,2022,239,16,15,NA,NA,A,NA,NA,NA,NA,20222391615
726,2022239,1750,2022,239,17,50,NA,NA,A,NA,NA,NA,NA,20222391750
727,2022240,1250,2022,240,12,50,-23.55416666,-46.74009194,T,0.036,0.0245,0.0369,0,20222401250
728,2022240,1430,2022,240,14,30,NA,NA,T,NA,NA,NA,NA,20222401430
729,2022240,1655,2022,240,16,55,NA,NA,A,NA,NA,NA,NA,20222401655
730,2022240,1830,2022,240,18,30,NA,NA,A,NA,NA,NA,NA,20222401830
731,2022241,1330,2022,241,13,30,NA,NA,T,NA,NA,NA,NA,20222411330
732,2022241,1600,2022,241,16,0,NA,NA,A,NA,NA,NA,NA,20222411600
733,2022241,1740,2022,241,17,40,NA,NA,A,NA,NA,NA,NA,20222411740
734,2022242,1235,2022,242,12,35,NA,NA,T,NA,NA,NA,NA,20222421235
735,2022242,1415,2022,242,14,15,NA,NA,T,NA,NA,NA,NA,20222421415
736,2022242,1645,2022,242,16,45,NA,NA,A,NA,NA,NA,NA,20222421645
737,2022242,1820,2022,242,18,20,NA,NA,A,NA,NA,NA,NA,20222421820
738,2022243,1320,2022,243,13,20,-23.55416666,-46.74009194,T,0.02,0.0135,0.035,0,20222431320
739,2022243,1725,2022,243,17,25,-23.55416666,-46.74009194,A,0.044,0.03,0.0236,0,20222431725
740,2022244,1225,2022,244,12,25,-23.55416666,-46.74009194,T,0.07375,0.05025,0.0133,0,20222441225
741,2022244,1405,2022,244,14,5,NA,NA,T,NA,NA,NA,NA,20222441405
742,2022244,1630,2022,244,16,30,-23.55416666,-46.74009194,A,0.116,0.07975,0.0145,0,20222441630
743,2022244,1810,2022,244,18,10,NA,NA,A,NA,NA,NA,NA,20222441810
744,2022245,1310,2022,245,13,10,-23.55416666,-46.74009194,T,0.0255,0.0175,0.0527,0,20222451310
745,2022245,1715,2022,245,17,15,-23.55416666,-46.74009194,A,0.20425,0.141,0.0397,0,20222451715
746,2022246,1210,2022,246,12,10,NA,NA,T,NA,NA,NA,NA,20222461210
747,2022246,1350,2022,246,13,50,NA,NA,T,NA,NA,NA,NA,20222461350
748,2022246,1615,2022,246,16,15,NA,NA,A,NA,NA,NA,NA,20222461615
749,2022246,1755,2022,246,17,55,NA,NA,A,NA,NA,NA,NA,20222461755
750,2022247,1255,2022,247,12,55,NA,NA,T,NA,NA,NA,NA,20222471255
751,2022247,1435,2022,247,14,35,NA,NA,T,NA,NA,NA,NA,20222471435
752,2022247,1700,2022,247,17,0,NA,NA,A,NA,NA,NA,NA,20222471700
753,2022247,1835,2022,247,18,35,NA,NA,A,NA,NA,NA,NA,20222471835
754,2022248,1340,2022,248,13,40,NA,NA,T,NA,NA,NA,NA,20222481340
755,2022248,1605,2022,248,16,5,NA,NA,A,NA,NA,NA,NA,20222481605
756,2022248,1745,2022,248,17,45,NA,NA,A,NA,NA,NA,NA,20222481745
757,2022249,1245,2022,249,12,45,NA,NA,T,NA,NA,NA,NA,20222491245
758,2022249,1420,2022,249,14,20,NA,NA,T,NA,NA,NA,NA,20222491420
759,2022249,1650,2022,249,16,50,NA,NA,A,NA,NA,NA,NA,20222491650
760,2022249,1825,2022,249,18,25,NA,NA,A,NA,NA,NA,NA,20222491825
761,2022250,1325,2022,250,13,25,NA,NA,T,NA,NA,NA,NA,20222501325
762,2022250,1730,2022,250,17,30,NA,NA,A,NA,NA,NA,NA,20222501730
763,2022251,1230,2022,251,12,30,NA,NA,T,NA,NA,NA,NA,20222511230
764,2022251,1410,2022,251,14,10,NA,NA,T,NA,NA,NA,NA,20222511410
765,2022251,1635,2022,251,16,35,-23.55416666,-46.74009194,A,0.436,0.30725,0.017,0,20222511635
766,2022251,1810,2022,251,18,10,NA,NA,A,NA,NA,NA,NA,20222511810
767,2022252,1315,2022,252,13,15,-23.55416666,-46.74009194,T,0.218,0.15125,0.0491,0,20222521315
768,2022252,1715,2022,252,17,15,-23.55416666,-46.74009194,A,0.286,0.19875,0.0364,0,20222521715
769,2022253,1220,2022,253,12,20,NA,NA,T,NA,NA,NA,NA,20222531220
770,2022253,1355,2022,253,13,55,NA,NA,T,NA,NA,NA,NA,20222531355
771,2022253,1620,2022,253,16,20,-23.55416666,-46.74009194,A,0.548,0.38875,0.0091,0,20222531620
772,2022253,1800,2022,253,18,0,NA,NA,A,NA,NA,NA,NA,20222531800
773,2022254,1300,2022,254,13,0,NA,NA,T,NA,NA,NA,NA,20222541300
774,2022254,1705,2022,254,17,5,NA,NA,A,NA,NA,NA,NA,20222541705
775,2022255,1345,2022,255,13,45,NA,NA,T,NA,NA,NA,NA,20222551345
776,2022255,1610,2022,255,16,10,NA,NA,A,NA,NA,NA,NA,20222551610
777,2022255,1745,2022,255,17,45,NA,NA,A,NA,NA,NA,NA,20222551745
778,2022256,1250,2022,256,12,50,NA,NA,T,NA,NA,NA,NA,20222561250
779,2022256,1425,2022,256,14,25,NA,NA,T,NA,NA,NA,NA,20222561425
780,2022256,1650,2022,256,16,50,NA,NA,A,NA,NA,NA,NA,20222561650
781,2022256,1830,2022,256,18,30,NA,NA,A,NA,NA,NA,NA,20222561830
782,2022257,1330,2022,257,13,30,NA,NA,T,NA,NA,NA,NA,20222571330
783,2022257,1555,2022,257,15,55,NA,NA,A,NA,NA,NA,NA,20222571555
784,2022257,1735,2022,257,17,35,NA,NA,A,NA,NA,NA,NA,20222571735
785,2022258,1235,2022,258,12,35,NA,NA,T,NA,NA,NA,NA,20222581235
786,2022258,1415,2022,258,14,15,NA,NA,T,NA,NA,NA,NA,20222581415
787,2022258,1640,2022,258,16,40,NA,NA,A,NA,NA,NA,NA,20222581640
788,2022258,1815,2022,258,18,15,NA,NA,A,NA,NA,NA,NA,20222581815
789,2022259,1320,2022,259,13,20,NA,NA,T,NA,NA,NA,NA,20222591320
790,2022259,1720,2022,259,17,20,NA,NA,A,NA,NA,NA,NA,20222591720
791,2022260,1225,2022,260,12,25,NA,NA,T,NA,NA,NA,NA,20222601225
792,2022260,1400,2022,260,14,0,NA,NA,T,NA,NA,NA,NA,20222601400
793,2022260,1625,2022,260,16,25,NA,NA,A,NA,NA,NA,NA,20222601625
794,2022260,1805,2022,260,18,5,NA,NA,A,NA,NA,NA,NA,20222601805
795,2022261,1305,2022,261,13,5,-23.55416666,-46.74009194,T,0.01975,0.0135,0.0655,0,20222611305
796,2022261,1710,2022,261,17,10,-23.55416666,-46.74009194,A,0.11875,0.08175,0.0532,0,20222611710
797,2022262,1210,2022,262,12,10,NA,NA,T,NA,NA,NA,NA,20222621210
798,2022262,1350,2022,262,13,50,NA,NA,T,NA,NA,NA,NA,20222621350
799,2022262,1615,2022,262,16,15,NA,NA,A,NA,NA,NA,NA,20222621615
800,2022262,1750,2022,262,17,50,NA,NA,A,NA,NA,NA,NA,20222621750
801,2022263,1255,2022,263,12,55,NA,NA,T,NA,NA,NA,NA,20222631255
802,2022263,1435,2022,263,14,35,NA,NA,T,NA,NA,NA,NA,20222631435
803,2022263,1655,2022,263,16,55,NA,NA,A,NA,NA,NA,NA,20222631655
804,2022263,1830,2022,263,18,30,NA,NA,A,NA,NA,NA,NA,20222631830
805,2022264,1340,2022,264,13,40,NA,NA,T,NA,NA,NA,NA,20222641340
806,2022264,1600,2022,264,16,0,NA,NA,A,NA,NA,NA,NA,20222641600
807,2022264,1740,2022,264,17,40,NA,NA,A,NA,NA,NA,NA,20222641740
808,2022265,1245,2022,265,12,45,NA,NA,T,NA,NA,NA,NA,20222651245
809,2022265,1420,2022,265,14,20,NA,NA,T,NA,NA,NA,NA,20222651420
810,2022265,1645,2022,265,16,45,NA,NA,A,NA,NA,NA,NA,20222651645
811,2022265,1820,2022,265,18,20,NA,NA,A,NA,NA,NA,NA,20222651820
812,2022266,1325,2022,266,13,25,-23.55416666,-46.74009194,T,0.05225,0.03575,0.0348,0,20222661325
813,2022266,1725,2022,266,17,25,-23.55416666,-46.74009194,A,0.04275,0.029,0.0306,0,20222661725
814,2022267,1230,2022,267,12,30,-23.55416666,-46.74009194,T,0.1655,0.11375,0.017,0,20222671230
815,2022267,1410,2022,267,14,10,NA,NA,T,NA,NA,NA,NA,20222671410
816,2022267,1630,2022,267,16,30,-23.55416666,-46.74009194,A,0.169,0.1165,0.0159,0,20222671630
817,2022267,1810,2022,267,18,10,NA,NA,A,NA,NA,NA,NA,20222671810
818,2022268,1315,2022,268,13,15,NA,NA,T,NA,NA,NA,NA,20222681315
819,2022268,1715,2022,268,17,15,NA,NA,A,NA,NA,NA,NA,20222681715
820,2022269,1220,2022,269,12,20,NA,NA,T,NA,NA,NA,NA,20222691220
821,2022269,1355,2022,269,13,55,NA,NA,T,NA,NA,NA,NA,20222691355
822,2022269,1615,2022,269,16,15,NA,NA,A,NA,NA,NA,NA,20222691615
823,2022269,1755,2022,269,17,55,NA,NA,A,NA,NA,NA,NA,20222691755
824,2022270,1300,2022,270,13,0,NA,NA,T,NA,NA,NA,NA,20222701300
825,2022270,1700,2022,270,17,0,NA,NA,A,NA,NA,NA,NA,20222701700
826,2022270,1835,2022,270,18,35,NA,NA,A,NA,NA,NA,NA,20222701835
827,2022271,1345,2022,271,13,45,NA,NA,T,NA,NA,NA,NA,20222711345
828,2022271,1605,2022,271,16,5,NA,NA,A,NA,NA,NA,NA,20222711605
829,2022271,1745,2022,271,17,45,NA,NA,A,NA,NA,NA,NA,20222711745
830,2022272,1250,2022,272,12,50,NA,NA,T,NA,NA,NA,NA,20222721250
831,2022272,1425,2022,272,14,25,NA,NA,T,NA,NA,NA,NA,20222721425
832,2022272,1645,2022,272,16,45,NA,NA,A,NA,NA,NA,NA,20222721645
833,2022272,1825,2022,272,18,25,NA,NA,A,NA,NA,NA,NA,20222721825
834,2022273,1330,2022,273,13,30,NA,NA,T,NA,NA,NA,NA,20222731330
835,2022273,1730,2022,273,17,30,NA,NA,A,NA,NA,NA,NA,20222731730
836,2022274,1235,2022,274,12,35,NA,NA,T,NA,NA,NA,NA,20222741235
837,2022274,1415,2022,274,14,15,NA,NA,T,NA,NA,NA,NA,20222741415
838,2022274,1635,2022,274,16,35,NA,NA,A,NA,NA,NA,NA,20222741635
839,2022274,1810,2022,274,18,10,NA,NA,A,NA,NA,NA,NA,20222741810
840,2022275,1320,2022,275,13,20,NA,NA,T,NA,NA,NA,NA,20222751320
841,2022275,1715,2022,275,17,15,NA,NA,A,NA,NA,NA,NA,20222751715
842,2022276,1225,2022,276,12,25,NA,NA,T,NA,NA,NA,NA,20222761225
843,2022276,1400,2022,276,14,0,NA,NA,T,NA,NA,NA,NA,20222761400
844,2022276,1620,2022,276,16,20,NA,NA,A,NA,NA,NA,NA,20222761620
845,2022276,1800,2022,276,18,0,NA,NA,A,NA,NA,NA,NA,20222761800
846,2022277,1305,2022,277,13,5,NA,NA,T,NA,NA,NA,NA,20222771305
847,2022277,1705,2022,277,17,5,NA,NA,A,NA,NA,NA,NA,20222771705
848,2022278,1210,2022,278,12,10,NA,NA,T,NA,NA,NA,NA,20222781210
849,2022278,1350,2022,278,13,50,-23.55416666,-46.74009194,T,0.2025,0.14025,0.0106,0,20222781350
850,2022278,1610,2022,278,16,10,NA,NA,A,NA,NA,NA,NA,20222781610
851,2022278,1745,2022,278,17,45,-23.55416666,-46.74009194,A,0.3205,0.224,0.0154,0,20222781745
852,2022279,1255,2022,279,12,55,NA,NA,T,NA,NA,NA,NA,20222791255
853,2022279,1430,2022,279,14,30,NA,NA,T,NA,NA,NA,NA,20222791430
854,2022279,1650,2022,279,16,50,NA,NA,A,NA,NA,NA,NA,20222791650
855,2022279,1830,2022,279,18,30,NA,NA,A,NA,NA,NA,NA,20222791830
856,2022280,1335,2022,280,13,35,NA,NA,T,NA,NA,NA,NA,20222801335
857,2022280,1735,2022,280,17,35,NA,NA,A,NA,NA,NA,NA,20222801735
858,2022281,1240,2022,281,12,40,NA,NA,T,NA,NA,NA,NA,20222811240
859,2022281,1420,2022,281,14,20,NA,NA,T,NA,NA,NA,NA,20222811420
860,2022281,1640,2022,281,16,40,NA,NA,A,NA,NA,NA,NA,20222811640
861,2022281,1815,2022,281,18,15,NA,NA,A,NA,NA,NA,NA,20222811815
862,2022282,1325,2022,282,13,25,NA,NA,T,NA,NA,NA,NA,20222821325
863,2022282,1720,2022,282,17,20,NA,NA,A,NA,NA,NA,NA,20222821720
864,2022283,1625,2022,283,16,25,NA,NA,A,NA,NA,NA,NA,20222831625
865,2022283,1805,2022,283,18,5,NA,NA,A,NA,NA,NA,NA,20222831805
866,2022284,1710,2022,284,17,10,NA,NA,A,NA,NA,NA,NA,20222841710
867,2022285,1615,2022,285,16,15,NA,NA,A,NA,NA,NA,NA,20222851615
868,2022285,1750,2022,285,17,50,NA,NA,A,NA,NA,NA,NA,20222851750
869,2022286,1655,2022,286,16,55,NA,NA,A,NA,NA,NA,NA,20222861655
870,2022286,1830,2022,286,18,30,NA,NA,A,NA,NA,NA,NA,20222861830
871,2022287,1600,2022,287,16,0,NA,NA,A,NA,NA,NA,NA,20222871600
872,2022287,1740,2022,287,17,40,NA,NA,A,NA,NA,NA,NA,20222871740
873,2022288,1645,2022,288,16,45,NA,NA,A,NA,NA,NA,NA,20222881645
874,2022288,1820,2022,288,18,20,NA,NA,A,NA,NA,NA,NA,20222881820
875,2022289,1725,2022,289,17,25,NA,NA,A,NA,NA,NA,NA,20222891725
876,2022290,1630,2022,290,16,30,NA,NA,A,NA,NA,NA,NA,20222901630
877,2022290,1810,2022,290,18,10,NA,NA,A,NA,NA,NA,NA,20222901810
878,2022291,1710,2022,291,17,10,NA,NA,A,NA,NA,NA,NA,20222911710
879,2022292,1615,2022,292,16,15,NA,NA,A,NA,NA,NA,NA,20222921615
880,2022292,1755,2022,292,17,55,NA,NA,A,NA,NA,NA,NA,20222921755
881,2022293,1700,2022,293,17,0,NA,NA,A,NA,NA,NA,NA,20222931700
882,2022293,1835,2022,293,18,35,NA,NA,A,NA,NA,NA,NA,20222931835
883,2022294,1605,2022,294,16,5,NA,NA,A,NA,NA,NA,NA,20222941605
884,2022294,1740,2022,294,17,40,NA,NA,A,NA,NA,NA,NA,20222941740
885,2022295,1645,2022,295,16,45,NA,NA,A,NA,NA,NA,NA,20222951645
886,2022295,1825,2022,295,18,25,NA,NA,A,NA,NA,NA,NA,20222951825
887,2022296,1730,2022,296,17,30,NA,NA,A,NA,NA,NA,NA,20222961730
888,2022297,1225,2022,297,12,25,NA,NA,T,NA,NA,NA,NA,20222971225
889,2022297,1405,2022,297,14,5,NA,NA,T,NA,NA,NA,NA,20222971405
890,2022297,1635,2022,297,16,35,NA,NA,A,NA,NA,NA,NA,20222971635
891,2022297,1810,2022,297,18,10,NA,NA,A,NA,NA,NA,NA,20222971810
892,2022298,1310,2022,298,13,10,NA,NA,T,NA,NA,NA,NA,20222981310
893,2022298,1715,2022,298,17,15,NA,NA,A,NA,NA,NA,NA,20222981715
894,2022299,1210,2022,299,12,10,NA,NA,T,NA,NA,NA,NA,20222991210
895,2022299,1350,2022,299,13,50,-23.55416666,-46.74009194,T,0.054,0.03675,0.0108,0,20222991350
896,2022299,1620,2022,299,16,20,NA,NA,A,NA,NA,NA,NA,20222991620
897,2022299,1800,2022,299,18,0,NA,NA,A,NA,NA,NA,NA,20222991800
898,2022300,1250,2022,300,12,50,-23.55416666,-46.74009194,T,0.05775,0.0395,0.0516,0,20223001250
899,2022300,1430,2022,300,14,30,NA,NA,T,NA,NA,NA,NA,20223001430
900,2022300,1705,2022,300,17,5,NA,NA,A,NA,NA,NA,NA,20223001705
901,2022300,1840,2022,300,18,40,NA,NA,A,NA,NA,NA,NA,20223001840
902,2022301,1335,2022,301,13,35,NA,NA,T,NA,NA,NA,NA,20223011335
903,2022301,1605,2022,301,16,5,NA,NA,A,NA,NA,NA,NA,20223011605
904,2022301,1745,2022,301,17,45,NA,NA,A,NA,NA,NA,NA,20223011745
905,2022302,1235,2022,302,12,35,-23.55416666,-46.74009194,T,0.07225,0.04975,0.0333,0,20223021235
906,2022302,1415,2022,302,14,15,NA,NA,T,NA,NA,NA,NA,20223021415
907,2022302,1650,2022,302,16,50,NA,NA,A,NA,NA,NA,NA,20223021650
908,2022302,1825,2022,302,18,25,NA,NA,A,NA,NA,NA,NA,20223021825
909,2022303,1320,2022,303,13,20,-23.55416666,-46.74009194,T,0.022,0.015,0.0434,0,20223031320
910,2022303,1735,2022,303,17,35,NA,NA,A,NA,NA,NA,NA,20223031735
911,2022304,1220,2022,304,12,20,NA,NA,T,NA,NA,NA,NA,20223041220
912,2022304,1400,2022,304,14,0,NA,NA,T,NA,NA,NA,NA,20223041400
913,2022304,1635,2022,304,16,35,NA,NA,A,NA,NA,NA,NA,20223041635
914,2022304,1815,2022,304,18,15,NA,NA,A,NA,NA,NA,NA,20223041815
98,2022305,1300,2022,305,13,0,NA,NA,T,NA,NA,NA,NA,20223051300
99,2022305,1720,2022,305,17,20,NA,NA,A,NA,NA,NA,NA,20223051720
100,2022306,1345,2022,306,13,45,NA,NA,T,NA,NA,NA,NA,20223061345
101,2022306,1625,2022,306,16,25,NA,NA,A,NA,NA,NA,NA,20223061625
102,2022306,1800,2022,306,18,0,NA,NA,A,NA,NA,NA,NA,20223061800
915,2022307,1245,2022,307,12,45,NA,NA,T,NA,NA,NA,NA,20223071245
916,2022307,1425,2022,307,14,25,NA,NA,T,NA,NA,NA,NA,20223071425
917,2022307,1705,2022,307,17,5,NA,NA,A,NA,NA,NA,NA,20223071705
918,2022308,1325,2022,308,13,25,NA,NA,T,NA,NA,NA,NA,20223081325
919,2022308,1610,2022,308,16,10,NA,NA,A,NA,NA,NA,NA,20223081610
920,2022308,1750,2022,308,17,50,NA,NA,A,NA,NA,NA,NA,20223081750
921,2022309,1230,2022,309,12,30,NA,NA,T,NA,NA,NA,NA,20223091230
922,2022309,1410,2022,309,14,10,NA,NA,T,NA,NA,NA,NA,20223091410
923,2022309,1655,2022,309,16,55,NA,NA,A,NA,NA,NA,NA,20223091655
924,2022309,1830,2022,309,18,30,NA,NA,A,NA,NA,NA,NA,20223091830
925,2022310,1310,2022,310,13,10,NA,NA,T,NA,NA,NA,NA,20223101310
926,2022310,1600,2022,310,16,0,NA,NA,A,NA,NA,NA,NA,20223101600
927,2022310,1735,2022,310,17,35,NA,NA,A,NA,NA,NA,NA,20223101735
928,2022311,1215,2022,311,12,15,NA,NA,T,NA,NA,NA,NA,20223111215
929,2022311,1355,2022,311,13,55,NA,NA,T,NA,NA,NA,NA,20223111355
930,2022311,1640,2022,311,16,40,NA,NA,A,NA,NA,NA,NA,20223111640
931,2022311,1820,2022,311,18,20,NA,NA,A,NA,NA,NA,NA,20223111820
932,2022312,1255,2022,312,12,55,-23.55416666,-46.74009194,T,0.035,0.024,0.0694,0,20223121255
933,2022312,1725,2022,312,17,25,NA,NA,A,NA,NA,NA,NA,20223121725
934,2022313,1335,2022,313,13,35,NA,NA,T,NA,NA,NA,NA,20223131335
935,2022313,1630,2022,313,16,30,NA,NA,A,NA,NA,NA,NA,20223131630
936,2022313,1805,2022,313,18,5,NA,NA,A,NA,NA,NA,NA,20223131805
937,2022314,1240,2022,314,12,40,NA,NA,T,NA,NA,NA,NA,20223141240
938,2022314,1420,2022,314,14,20,NA,NA,T,NA,NA,NA,NA,20223141420
939,2022314,1710,2022,314,17,10,NA,NA,A,NA,NA,NA,NA,20223141710
940,2022315,1320,2022,315,13,20,NA,NA,T,NA,NA,NA,NA,20223151320
941,2022315,1615,2022,315,16,15,NA,NA,A,NA,NA,NA,NA,20223151615
942,2022315,1755,2022,315,17,55,NA,NA,A,NA,NA,NA,NA,20223151755
943,2022316,1225,2022,316,12,25,NA,NA,T,NA,NA,NA,NA,20223161225
944,2022316,1400,2022,316,14,0,NA,NA,T,NA,NA,NA,NA,20223161400
945,2022316,1655,2022,316,16,55,NA,NA,A,NA,NA,NA,NA,20223161655
946,2022316,1835,2022,316,18,35,NA,NA,A,NA,NA,NA,NA,20223161835
947,2022317,1305,2022,317,13,5,-23.55416666,-46.74009194,T,0.15125,0.104,0.0658,0,20223171305
948,2022317,1600,2022,317,16,0,NA,NA,A,NA,NA,NA,NA,20223171600
949,2022317,1740,2022,317,17,40,NA,NA,A,NA,NA,NA,NA,20223171740
950,2022318,1210,2022,318,12,10,NA,NA,T,NA,NA,NA,NA,20223181210
951,2022318,1345,2022,318,13,45,NA,NA,T,NA,NA,NA,NA,20223181345
952,2022318,1645,2022,318,16,45,NA,NA,A,NA,NA,NA,NA,20223181645
953,2022318,1820,2022,318,18,20,NA,NA,A,NA,NA,NA,NA,20223181820
954,2022319,1250,2022,319,12,50,NA,NA,T,NA,NA,NA,NA,20223191250
955,2022319,1430,2022,319,14,30,NA,NA,T,NA,NA,NA,NA,20223191430
956,2022319,1725,2022,319,17,25,NA,NA,A,NA,NA,NA,NA,20223191725
957,2022320,1330,2022,320,13,30,-23.55416666,-46.74009194,T,0.1455,0.1,0.0276,0,20223201330
958,2022320,1630,2022,320,16,30,NA,NA,A,NA,NA,NA,NA,20223201630
959,2022320,1810,2022,320,18,10,NA,NA,A,NA,NA,NA,NA,20223201810
960,2022321,1235,2022,321,12,35,-23.55416666,-46.74009194,T,0.0465,0.03175,0.0327,0,20223211235
961,2022321,1410,2022,321,14,10,NA,NA,T,NA,NA,NA,NA,20223211410
962,2022321,1715,2022,321,17,15,NA,NA,A,NA,NA,NA,NA,20223211715
963,2022322,1315,2022,322,13,15,NA,NA,T,NA,NA,NA,NA,20223221315
964,2022322,1620,2022,322,16,20,-23.55416666,-46.74009194,A,0.15775,0.10825,0.0091,0,20223221620
965,2022322,1755,2022,322,17,55,NA,NA,A,NA,NA,NA,NA,20223221755
966,2022323,1220,2022,323,12,20,NA,NA,T,NA,NA,NA,NA,20223231220
967,2022323,1355,2022,323,13,55,NA,NA,T,NA,NA,NA,NA,20223231355
968,2022323,1700,2022,323,17,0,NA,NA,A,NA,NA,NA,NA,20223231700
969,2022323,1835,2022,323,18,35,NA,NA,A,NA,NA,NA,NA,20223231835
970,2022324,1300,2022,324,13,0,-23.55416666,-46.74009194,T,0.14175,0.0975,0.0522,0,20223241300
971,2022324,1605,2022,324,16,5,NA,NA,A,NA,NA,NA,NA,20223241605
972,2022324,1745,2022,324,17,45,NA,NA,A,NA,NA,NA,NA,20223241745
973,2022325,1340,2022,325,13,40,NA,NA,T,NA,NA,NA,NA,20223251340
974,2022325,1650,2022,325,16,50,NA,NA,A,NA,NA,NA,NA,20223251650
975,2022325,1825,2022,325,18,25,NA,NA,A,NA,NA,NA,NA,20223251825
976,2022326,1245,2022,326,12,45,NA,NA,T,NA,NA,NA,NA,20223261245
977,2022326,1420,2022,326,14,20,NA,NA,T,NA,NA,NA,NA,20223261420
978,2022326,1730,2022,326,17,30,NA,NA,A,NA,NA,NA,NA,20223261730
979,2022327,1325,2022,327,13,25,NA,NA,T,NA,NA,NA,NA,20223271325
980,2022327,1635,2022,327,16,35,NA,NA,A,NA,NA,NA,NA,20223271635
981,2022327,1815,2022,327,18,15,NA,NA,A,NA,NA,NA,NA,20223271815
982,2022328,1230,2022,328,12,30,NA,NA,T,NA,NA,NA,NA,20223281230
983,2022328,1405,2022,328,14,5,NA,NA,T,NA,NA,NA,NA,20223281405
984,2022328,1720,2022,328,17,20,NA,NA,A,NA,NA,NA,NA,20223281720
985,2022329,1310,2022,329,13,10,NA,NA,T,NA,NA,NA,NA,20223291310
986,2022329,1620,2022,329,16,20,NA,NA,A,NA,NA,NA,NA,20223291620
987,2022329,1800,2022,329,18,0,NA,NA,A,NA,NA,NA,NA,20223291800
988,2022330,1210,2022,330,12,10,NA,NA,T,NA,NA,NA,NA,20223301210
989,2022330,1350,2022,330,13,50,NA,NA,T,NA,NA,NA,NA,20223301350
990,2022330,1705,2022,330,17,5,NA,NA,A,NA,NA,NA,NA,20223301705
991,2022330,1840,2022,330,18,40,NA,NA,A,NA,NA,NA,NA,20223301840
992,2022331,1255,2022,331,12,55,-23.55416666,-46.74009194,T,0.03575,0.024,0.0505,0,20223311255
993,2022331,1430,2022,331,14,30,NA,NA,T,NA,NA,NA,NA,20223311430
994,2022331,1610,2022,331,16,10,NA,NA,A,NA,NA,NA,NA,20223311610
995,2022331,1745,2022,331,17,45,NA,NA,A,NA,NA,NA,NA,20223311745
996,2022332,1335,2022,332,13,35,NA,NA,T,NA,NA,NA,NA,20223321335
997,2022332,1650,2022,332,16,50,NA,NA,A,NA,NA,NA,NA,20223321650
998,2022332,1830,2022,332,18,30,NA,NA,A,NA,NA,NA,NA,20223321830
999,2022333,1235,2022,333,12,35,NA,NA,T,NA,NA,NA,NA,20223331235
1000,2022333,1415,2022,333,14,15,NA,NA,T,NA,NA,NA,NA,20223331415
1001,2022333,1735,2022,333,17,35,NA,NA,A,NA,NA,NA,NA,20223331735
1002,2022334,1320,2022,334,13,20,NA,NA,T,NA,NA,NA,NA,20223341320
1003,2022334,1640,2022,334,16,40,NA,NA,A,NA,NA,NA,NA,20223341640
1004,2022334,1815,2022,334,18,15,NA,NA,A,NA,NA,NA,NA,20223341815
1005,2022335,1220,2022,335,12,20,NA,NA,T,NA,NA,NA,NA,20223351220
1006,2022335,1400,2022,335,14,0,NA,NA,T,NA,NA,NA,NA,20223351400
1007,2022335,1720,2022,335,17,20,NA,NA,A,NA,NA,NA,NA,20223351720
1008,2022336,1305,2022,336,13,5,NA,NA,T,NA,NA,NA,NA,20223361305
1009,2022336,1625,2022,336,16,25,NA,NA,A,NA,NA,NA,NA,20223361625
1010,2022336,1805,2022,336,18,5,NA,NA,A,NA,NA,NA,NA,20223361805
1011,2022337,1345,2022,337,13,45,NA,NA,T,NA,NA,NA,NA,20223371345
1012,2022337,1710,2022,337,17,10,NA,NA,A,NA,NA,NA,NA,20223371710
1013,2022338,1245,2022,338,12,45,NA,NA,T,NA,NA,NA,NA,20223381245
1014,2022338,1425,2022,338,14,25,NA,NA,T,NA,NA,NA,NA,20223381425
1015,2022338,1610,2022,338,16,10,NA,NA,A,NA,NA,NA,NA,20223381610
1016,2022338,1750,2022,338,17,50,NA,NA,A,NA,NA,NA,NA,20223381750
1017,2022339,1330,2022,339,13,30,NA,NA,T,NA,NA,NA,NA,20223391330
1018,2022339,1655,2022,339,16,55,NA,NA,A,NA,NA,NA,NA,20223391655
1019,2022339,1830,2022,339,18,30,NA,NA,A,NA,NA,NA,NA,20223391830
1020,2022340,1230,2022,340,12,30,NA,NA,T,NA,NA,NA,NA,20223401230
1021,2022340,1410,2022,340,14,10,NA,NA,T,NA,NA,NA,NA,20223401410
1022,2022340,1600,2022,340,16,0,NA,NA,A,NA,NA,NA,NA,20223401600
1023,2022340,1740,2022,340,17,40,NA,NA,A,NA,NA,NA,NA,20223401740
1024,2022341,1310,2022,341,13,10,NA,NA,T,NA,NA,NA,NA,20223411310
1025,2022341,1640,2022,341,16,40,NA,NA,A,NA,NA,NA,NA,20223411640
1026,2022341,1820,2022,341,18,20,NA,NA,A,NA,NA,NA,NA,20223411820
1027,2022342,1215,2022,342,12,15,NA,NA,T,NA,NA,NA,NA,20223421215
1028,2022342,1355,2022,342,13,55,NA,NA,T,NA,NA,NA,NA,20223421355
1029,2022342,1725,2022,342,17,25,-23.55416666,-46.74009194,A,0.13625,0.0935,0.0326,0,20223421725
1030,2022343,1255,2022,343,12,55,-23.55416666,-46.74009194,T,0.053,0.03625,0.048,0,20223431255
1031,2022343,1630,2022,343,16,30,NA,NA,A,NA,NA,NA,NA,20223431630
1032,2022343,1805,2022,343,18,5,NA,NA,A,NA,NA,NA,NA,20223431805
1033,2022344,1335,2022,344,13,35,-23.55416666,-46.74009194,T,0.121,0.083,0.016,0,20223441335
1034,2022344,1710,2022,344,17,10,NA,NA,A,NA,NA,NA,NA,20223441710
1035,2022345,1240,2022,345,12,40,-23.5625,-46.74305615,T,0.362,0.253,0.0319,0,20223451240
1036,2022345,1420,2022,345,14,20,NA,NA,T,NA,NA,NA,NA,20223451420
1037,2022345,1615,2022,345,16,15,NA,NA,A,NA,NA,NA,NA,20223451615
1038,2022345,1755,2022,345,17,55,NA,NA,A,NA,NA,NA,NA,20223451755
1039,2022346,1320,2022,346,13,20,NA,NA,T,NA,NA,NA,NA,20223461320
1040,2022346,1700,2022,346,17,0,NA,NA,A,NA,NA,NA,NA,20223461700
1041,2022346,1835,2022,346,18,35,NA,NA,A,NA,NA,NA,NA,20223461835
1042,2022347,1225,2022,347,12,25,NA,NA,T,NA,NA,NA,NA,20223471225
1043,2022347,1400,2022,347,14,0,NA,NA,T,NA,NA,NA,NA,20223471400
1044,2022347,1605,2022,347,16,5,NA,NA,A,NA,NA,NA,NA,20223471605
1045,2022347,1740,2022,347,17,40,NA,NA,A,NA,NA,NA,NA,20223471740
1046,2022348,1305,2022,348,13,5,NA,NA,T,NA,NA,NA,NA,20223481305
1047,2022348,1645,2022,348,16,45,NA,NA,A,NA,NA,NA,NA,20223481645
1048,2022348,1820,2022,348,18,20,NA,NA,A,NA,NA,NA,NA,20223481820
1049,2022349,1210,2022,349,12,10,NA,NA,T,NA,NA,NA,NA,20223491210
1050,2022349,1345,2022,349,13,45,NA,NA,T,NA,NA,NA,NA,20223491345
1051,2022349,1730,2022,349,17,30,NA,NA,A,NA,NA,NA,NA,20223491730
1052,2022350,1250,2022,350,12,50,NA,NA,T,NA,NA,NA,NA,20223501250
1053,2022350,1430,2022,350,14,30,NA,NA,T,NA,NA,NA,NA,20223501430
1054,2022350,1630,2022,350,16,30,NA,NA,A,NA,NA,NA,NA,20223501630
1055,2022350,1810,2022,350,18,10,NA,NA,A,NA,NA,NA,NA,20223501810
1056,2022351,1330,2022,351,13,30,NA,NA,T,NA,NA,NA,NA,20223511330
1057,2022351,1715,2022,351,17,15,NA,NA,A,NA,NA,NA,NA,20223511715
1058,2022352,1235,2022,352,12,35,NA,NA,T,NA,NA,NA,NA,20223521235
1059,2022352,1410,2022,352,14,10,NA,NA,T,NA,NA,NA,NA,20223521410
1060,2022352,1620,2022,352,16,20,NA,NA,A,NA,NA,NA,NA,20223521620
1061,2022352,1755,2022,352,17,55,NA,NA,A,NA,NA,NA,NA,20223521755
1062,2022353,1315,2022,353,13,15,NA,NA,T,NA,NA,NA,NA,20223531315
1063,2022353,1700,2022,353,17,0,NA,NA,A,NA,NA,NA,NA,20223531700
1064,2022353,1835,2022,353,18,35,NA,NA,A,NA,NA,NA,NA,20223531835
1065,2022354,1220,2022,354,12,20,NA,NA,T,NA,NA,NA,NA,20223541220
1066,2022354,1355,2022,354,13,55,NA,NA,T,NA,NA,NA,NA,20223541355
1067,2022354,1605,2022,354,16,5,NA,NA,A,NA,NA,NA,NA,20223541605
1068,2022354,1745,2022,354,17,45,NA,NA,A,NA,NA,NA,NA,20223541745
1069,2022355,1300,2022,355,13,0,NA,NA,T,NA,NA,NA,NA,20223551300
1070,2022355,1650,2022,355,16,50,NA,NA,A,NA,NA,NA,NA,20223551650
1071,2022355,1825,2022,355,18,25,NA,NA,A,NA,NA,NA,NA,20223551825
1072,2022356,1340,2022,356,13,40,NA,NA,T,NA,NA,NA,NA,20223561340
1073,2022356,1730,2022,356,17,30,NA,NA,A,NA,NA,NA,NA,20223561730
1074,2022357,1245,2022,357,12,45,-23.55416666,-46.74009194,T,0.131,0.09,0.0487,0,20223571245
1075,2022357,1420,2022,357,14,20,NA,NA,T,NA,NA,NA,NA,20223571420
1076,2022357,1635,2022,357,16,35,NA,NA,A,NA,NA,NA,NA,20223571635
1077,2022357,1815,2022,357,18,15,NA,NA,A,NA,NA,NA,NA,20223571815
1078,2022358,1325,2022,358,13,25,-23.55416666,-46.74009194,T,0.1035,0.071,0.0316,0,20223581325
1079,2022358,1720,2022,358,17,20,NA,NA,A,NA,NA,NA,NA,20223581720
1080,2022359,1225,2022,359,12,25,NA,NA,T,NA,NA,NA,NA,20223591225
1081,2022359,1405,2022,359,14,5,NA,NA,T,NA,NA,NA,NA,20223591405
1082,2022359,1625,2022,359,16,25,NA,NA,A,NA,NA,NA,NA,20223591625
1083,2022359,1800,2022,359,18,0,NA,NA,A,NA,NA,NA,NA,20223591800
1084,2022360,1310,2022,360,13,10,NA,NA,T,NA,NA,NA,NA,20223601310
1085,2022360,1705,2022,360,17,5,NA,NA,A,NA,NA,NA,NA,20223601705
1086,2022360,1840,2022,360,18,40,NA,NA,A,NA,NA,NA,NA,20223601840
1087,2022361,1210,2022,361,12,10,NA,NA,T,NA,NA,NA,NA,20223611210
1088,2022361,1350,2022,361,13,50,NA,NA,T,NA,NA,NA,NA,20223611350
1089,2022361,1610,2022,361,16,10,NA,NA,A,NA,NA,NA,NA,20223611610
1090,2022361,1750,2022,361,17,50,NA,NA,A,NA,NA,NA,NA,20223611750
1091,2022362,1255,2022,362,12,55,NA,NA,T,NA,NA,NA,NA,20223621255
1092,2022362,1650,2022,362,16,50,NA,NA,A,NA,NA,NA,NA,20223621650
1093,2022362,1830,2022,362,18,30,NA,NA,A,NA,NA,NA,NA,20223621830
1094,2022363,1335,2022,363,13,35,NA,NA,T,NA,NA,NA,NA,20223631335
1095,2022363,1735,2022,363,17,35,NA,NA,A,NA,NA,NA,NA,20223631735
1096,2022364,1235,2022,364,12,35,NA,NA,T,NA,NA,NA,NA,20223641235
1097,2022364,1415,2022,364,14,15,NA,NA,T,NA,NA,NA,NA,20223641415
1098,2022364,1640,2022,364,16,40,NA,NA,A,NA,NA,NA,NA,20223641640
1099,2022364,1815,2022,364,18,15,NA,NA,A,NA,NA,NA,NA,20223641815
1100,2022365,1320,2022,365,13,20,NA,NA,T,NA,NA,NA,NA,20223651320
1101,2022365,1720,2022,365,17,20,NA,NA,A,NA,NA,NA,NA,20223651720
